timestamp,market_slug,event_type,trade_side,trade_mode,size_requested,size_filled,price,cost,pos_up_size,pos_up_avg_price,pos_down_size,pos_down_avg_price,pos_hedged_pairs,pos_pair_cost,pos_locked_profit,pos_imbalance,pnl_min,pnl_max,pnl_realized,balance_after,status
2025-12-19T15:07:17.828870+00:00,btc-updown-15m-1766156400,TRADE,UP,ASYMMETRIC,10,10,0.5100,5.1001,10,0.5100,0,0.0000,0,0.0000,0.0000,1.00,-5.1001,4.8999,0.0000,94.90,SUCCESS
2025-12-19T15:15:07.150365+00:00,btc-updown-15m-1766157300,TRADE,DOWN,VOLATILITY,10,10,0.5201,5.2014,0,0.0000,10,0.5201,0,0.0000,0.0000,1.00,-5.2014,4.7986,0.0000,94.80,SUCCESS
2025-12-19T16:54:12.757012+00:00,btc-updown-15m-1766162700,TRADE,UP,ACCUM,2,2,0.0300,0.0600,2,0.0300,0,0.0000,0,0.0000,0.0000,1.00,-0.0600,1.9400,0.0000,99.94,SUCCESS
2025-12-19T16:54:13.188015+00:00,btc-updown-15m-1766162700,TRADE,UP,ACCUM,2,2,0.0300,0.0600,4,0.0300,0,0.0000,0,0.0000,0.0000,1.00,-0.1200,3.8800,0.0000,99.88,SUCCESS
2025-12-19T16:54:13.188429+00:00,btc-updown-15m-1766162700,TRADE,DOWN,ACCUM,2,2,0.9802,1.9603,4,0.0300,2,0.9802,2,1.0102,-0.0203,0.50,-0.0803,1.9197,0.0000,97.92,SUCCESS
2025-12-19T17:00:00.073852+00:00,btc-updown-15m-1766162700,RESOLUTION,DOWN,MARKET_END,6,6,1.0000,2.0803,4,0.0300,2,0.9802,2,1.0102,-0.0203,0.50,0.0000,0.0000,-0.1403,99.92,RESOLVED
2025-12-19T17:00:02.541199+00:00,btc-updown-15m-1766163600,TRADE,UP,ACCUM,2,2,0.5401,1.0803,2,0.5401,0,0.0000,0,0.0000,0.0000,1.00,-1.0803,0.9197,0.0000,98.84,SUCCESS
2025-12-19T17:00:02.541443+00:00,btc-updown-15m-1766163600,TRADE,DOWN,ACCUM,2,2,0.4702,0.9405,2,0.5401,2,0.4702,2,1.0104,-0.0207,0.00,-0.0207,-0.0207,0.0000,97.90,SUCCESS
2025-12-19T17:00:05.771497+00:00,btc-updown-15m-1766163600,TRADE,DOWN,ACCUM,2,2,0.4300,0.8600,2,0.5401,4,0.4501,2,0.9903,0.0195,0.50,-0.8807,1.1193,0.0000,97.04,SUCCESS
2025-12-19T17:00:06.177660+00:00,btc-updown-15m-1766163600,TRADE,DOWN,ACCUM,2,2,0.4502,0.9003,2,0.5401,6,0.4501,2,0.9903,0.0195,0.67,-1.7811,2.2189,0.0000,96.14,SUCCESS
2025-12-19T17:00:06.668825+00:00,btc-updown-15m-1766163600,TRADE,DOWN,ACCUM,2,2,0.4501,0.9002,2,0.5401,8,0.4501,2,0.9903,0.0195,0.75,-2.6813,3.3187,0.0000,95.24,SUCCESS
2025-12-19T17:00:07.159653+00:00,btc-updown-15m-1766163600,TRADE,DOWN,ACCUM,2,2,0.4602,0.9204,2,0.5401,10,0.4521,2,0.9923,0.0154,0.80,-3.6017,4.3983,0.0000,94.32,SUCCESS
2025-12-19T17:00:07.619331+00:00,btc-updown-15m-1766163600,TRADE,DOWN,ACCUM,2,2,0.4602,0.9204,2,0.5401,12,0.4535,2,0.9936,0.0128,0.83,-4.5221,5.4779,0.0000,93.40,SUCCESS
2025-12-19T17:00:08.389268+00:00,btc-updown-15m-1766163600,TRADE,DOWN,ACCUM,2,2,0.4402,0.8804,2,0.5401,14,0.4516,2,0.9917,0.0166,0.86,-5.4024,6.5976,0.0000,92.52,SUCCESS
2025-12-19T17:00:09.625220+00:00,btc-updown-15m-1766163600,TRADE,UP,ACCUM,2,2,0.5302,1.0605,4,0.5352,14,0.4516,4,0.9868,0.0529,0.71,-4.4629,5.5371,0.0000,91.46,SUCCESS
2025-12-19T17:00:09.625334+00:00,btc-updown-15m-1766163600,TRADE,DOWN,ACCUM,2,2,0.4701,0.9402,4,0.5352,16,0.4539,4,0.9891,0.0437,0.75,-5.4031,6.5969,0.0000,90.52,SUCCESS
2025-12-19T17:00:10.148538+00:00,btc-updown-15m-1766163600,TRADE,UP,ACCUM,2,2,0.5400,1.0801,6,0.5368,16,0.4539,6,0.9907,0.0558,0.62,-4.4832,5.5168,0.0000,89.44,SUCCESS
2025-12-19T17:00:10.148765+00:00,btc-updown-15m-1766163600,TRADE,DOWN,ACCUM,2,1,0.4901,0.4901,6,0.5368,17,0.4560,6,0.9928,0.0430,0.65,-4.9733,6.0267,0.0000,88.95,SUCCESS
2025-12-19T17:00:10.558403+00:00,btc-updown-15m-1766163600,TRADE,UP,ACCUM,2,2,0.5201,1.0402,8,0.5326,17,0.4560,8,0.9887,0.0907,0.53,-4.0136,4.9864,0.0000,87.91,SUCCESS
2025-12-19T17:00:11.067844+00:00,btc-updown-15m-1766163600,TRADE,UP,ACCUM,2,1,0.5202,0.5202,9,0.5312,17,0.4560,9,0.9873,0.1145,0.47,-3.5337,4.4663,0.0000,87.39,SUCCESS
2025-12-19T17:00:11.068033+00:00,btc-updown-15m-1766163600,TRADE,DOWN,ACCUM,2,2,0.4900,0.9800,9,0.5312,19,0.4596,9,0.9909,0.0823,0.53,-4.5138,5.4862,0.0000,86.41,SUCCESS
2025-12-19T17:00:11.808127+00:00,btc-updown-15m-1766163600,TRADE,UP,ACCUM,2,2,0.5202,1.0405,11,0.5292,19,0.4596,11,0.9889,0.1226,0.42,-3.5542,4.4458,0.0000,85.37,SUCCESS
2025-12-19T17:00:11.808364+00:00,btc-updown-15m-1766163600,TRADE,DOWN,ACCUM,2,2,0.4802,0.9604,11,0.5292,21,0.4616,11,0.9908,0.1010,0.48,-4.5146,5.4854,0.0000,84.41,SUCCESS
2025-12-19T17:00:12.293935+00:00,btc-updown-15m-1766163600,TRADE,DOWN,ACCUM,2,2,0.4701,0.9403,11,0.5292,23,0.4623,11,0.9916,0.0928,0.52,-5.4549,6.5451,0.0000,83.46,SUCCESS
2025-12-19T17:00:12.815582+00:00,btc-updown-15m-1766163600,TRADE,UP,ACCUM,2,1,0.5401,0.5401,12,0.5302,23,0.4623,12,0.9925,0.0904,0.48,-4.9950,6.0050,0.0000,82.92,SUCCESS
2025-12-19T17:00:12.815782+00:00,btc-updown-15m-1766163600,TRADE,DOWN,ACCUM,2,2,0.4801,0.9602,12,0.5302,25,0.4637,12,0.9939,0.0733,0.52,-5.9553,7.0447,0.0000,81.96,SUCCESS
2025-12-19T17:00:13.848243+00:00,btc-updown-15m-1766163600,TRADE,UP,ACCUM,2,1,0.5302,0.5302,13,0.5302,25,0.4637,13,0.9939,0.0794,0.48,-5.4855,6.5145,0.0000,81.43,SUCCESS
2025-12-19T17:00:14.927632+00:00,btc-updown-15m-1766163600,TRADE,UP,ACCUM,2,2,0.5301,1.0601,15,0.5301,25,0.4637,15,0.9939,0.0918,0.40,-4.5456,5.4544,0.0000,80.37,SUCCESS
2025-12-19T17:00:15.352227+00:00,btc-updown-15m-1766163600,TRADE,UP,ACCUM,2,2,0.5300,1.0601,17,0.5301,25,0.4637,17,0.9939,0.1042,0.32,-3.6057,4.3943,0.0000,79.31,SUCCESS
2025-12-19T17:00:15.838411+00:00,btc-updown-15m-1766163600,TRADE,UP,ACCUM,2,2,0.5302,1.0604,19,0.5301,25,0.4637,19,0.9939,0.1163,0.24,-2.6661,3.3339,0.0000,78.25,SUCCESS
2025-12-19T17:00:17.921569+00:00,btc-updown-15m-1766163600,TRADE,UP,ACCUM,2,2,0.5101,1.0202,21,0.5282,25,0.4637,21,0.9920,0.1687,0.16,-1.6863,2.3137,0.0000,77.23,SUCCESS
2025-12-19T17:00:18.376725+00:00,btc-updown-15m-1766163600,TRADE,UP,ACCUM,2,2,0.5101,1.0202,23,0.5267,25,0.4637,23,0.9904,0.2210,0.08,-0.7065,1.2935,0.0000,76.21,SUCCESS
2025-12-19T17:00:18.377037+00:00,btc-updown-15m-1766163600,TRADE,DOWN,ACCUM,2,2,0.5002,1.0004,23,0.5267,27,0.4664,23,0.9931,0.1589,0.15,-1.7068,2.2932,0.0000,75.21,SUCCESS
2025-12-19T17:00:18.791273+00:00,btc-updown-15m-1766163600,TRADE,DOWN,ACCUM,2,2,0.4902,0.9804,23,0.5267,29,0.4681,23,0.9947,0.1212,0.21,-2.6873,3.3127,0.0000,74.23,SUCCESS
2025-12-19T17:00:19.271377+00:00,btc-updown-15m-1766163600,TRADE,UP,ACCUM,2,2,0.5202,1.0405,25,0.5261,29,0.4681,25,0.9942,0.1446,0.14,-1.7277,2.2723,0.0000,73.19,SUCCESS
2025-12-19T17:00:20.157618+00:00,btc-updown-15m-1766163600,TRADE,UP,ACCUM,2,2,0.5001,1.0001,27,0.5242,29,0.4681,27,0.9923,0.2083,0.07,-0.7278,1.2722,0.0000,72.19,SUCCESS
2025-12-19T17:00:20.599334+00:00,btc-updown-15m-1766163600,TRADE,UP,ACCUM,2,2,0.4902,0.9804,29,0.5219,29,0.4681,29,0.9899,0.2918,0.00,0.2918,0.2918,0.0000,71.21,SUCCESS
2025-12-19T17:00:21.028005+00:00,btc-updown-15m-1766163600,TRADE,UP,ACCUM,2,2,0.5000,1.0001,31,0.5205,29,0.4681,29,0.9885,0.3326,0.06,-0.7083,1.2917,0.0000,70.21,SUCCESS
2025-12-19T17:00:21.028185+00:00,btc-updown-15m-1766163600,TRADE,DOWN,ACCUM,2,2,0.5101,1.0201,31,0.5205,31,0.4708,31,0.9912,0.2716,0.00,0.2716,0.2716,0.0000,69.19,SUCCESS
2025-12-19T17:00:21.447949+00:00,btc-updown-15m-1766163600,TRADE,UP,ACCUM,2,2,0.5000,1.0001,33,0.5192,31,0.4708,31,0.9900,0.3100,0.06,-0.7284,1.2716,0.0000,68.19,SUCCESS
2025-12-19T17:00:21.448105+00:00,btc-updown-15m-1766163600,TRADE,DOWN,ACCUM,2,2,0.5100,1.0201,33,0.5192,33,0.4732,33,0.9924,0.2515,0.00,0.2515,0.2515,0.0000,67.17,SUCCESS
2025-12-19T17:00:21.847829+00:00,btc-updown-15m-1766163600,TRADE,UP,ACCUM,2,2,0.4900,0.9800,35,0.5175,33,0.4732,33,0.9907,0.3065,0.06,-0.7286,1.2714,0.0000,66.19,SUCCESS
2025-12-19T17:00:22.255261+00:00,btc-updown-15m-1766163600,TRADE,UP,ACCUM,2,2,0.4900,0.9800,37,0.5161,33,0.4732,33,0.9892,0.3556,0.11,-1.7086,2.2914,0.0000,65.21,SUCCESS
2025-12-19T17:00:22.255408+00:00,btc-updown-15m-1766163600,TRADE,DOWN,ACCUM,2,2,0.5202,1.0404,37,0.5161,35,0.4759,35,0.9919,0.2831,0.05,-0.7490,1.2510,0.0000,64.17,SUCCESS
2025-12-19T17:00:22.678088+00:00,btc-updown-15m-1766163600,TRADE,UP,ACCUM,2,2,0.5000,1.0001,39,0.5152,35,0.4759,35,0.9911,0.3119,0.10,-1.7490,2.2510,0.0000,63.17,SUCCESS
2025-12-19T17:00:22.678296+00:00,btc-updown-15m-1766163600,TRADE,DOWN,ACCUM,2,2,0.5100,1.0201,39,0.5152,37,0.4777,37,0.9929,0.2613,0.05,-0.7691,1.2309,0.0000,62.15,SUCCESS
2025-12-19T17:00:23.108358+00:00,btc-updown-15m-1766163600,TRADE,UP,ACCUM,2,2,0.5002,1.0004,41,0.5145,37,0.4777,37,0.9922,0.2885,0.10,-1.7695,2.2305,0.0000,61.15,SUCCESS
2025-12-19T17:00:23.108796+00:00,btc-updown-15m-1766163600,TRADE,DOWN,ACCUM,2,2,0.5101,1.0203,41,0.5145,39,0.4794,39,0.9939,0.2392,0.05,-0.7898,1.2102,0.0000,60.13,SUCCESS
2025-12-19T17:00:23.529742+00:00,btc-updown-15m-1766163600,TRADE,UP,ACCUM,2,2,0.5001,1.0001,43,0.5138,39,0.4794,39,0.9932,0.2654,0.09,-1.7899,2.2101,0.0000,59.13,SUCCESS
2025-12-19T17:00:23.938480+00:00,btc-updown-15m-1766163600,TRADE,UP,ACCUM,2,2,0.5098,1.0195,45,0.5137,39,0.4794,39,0.9930,0.2725,0.13,-2.8094,3.1906,0.0000,58.11,SUCCESS
2025-12-19T17:00:23.938688+00:00,btc-updown-15m-1766163600,TRADE,DOWN,ACCUM,2,1,0.5001,0.5001,45,0.5137,40,0.4799,40,0.9935,0.2587,0.11,-2.3096,2.6904,0.0000,57.61,SUCCESS
2025-12-19T17:00:24.548399+00:00,btc-updown-15m-1766163600,TRADE,UP,ACCUM,2,2,0.5201,1.0402,47,0.5139,40,0.4799,40,0.9938,0.2477,0.15,-3.3498,3.6502,0.0000,56.57,SUCCESS
2025-12-19T17:00:24.549057+00:00,btc-updown-15m-1766163600,TRADE,DOWN,ACCUM,2,2,0.5000,1.0000,47,0.5139,42,0.4808,42,0.9948,0.2198,0.11,-2.3498,2.6502,0.0000,55.57,SUCCESS
2025-12-19T17:00:26.228166+00:00,btc-updown-15m-1766163600,TRADE,DOWN,ACCUM,2,2,0.4699,0.9398,47,0.5139,44,0.4803,44,0.9943,0.2521,0.06,-1.2897,1.7103,0.0000,54.63,SUCCESS
2025-12-19T17:00:26.660604+00:00,btc-updown-15m-1766163600,TRADE,DOWN,ACCUM,2,2,0.4800,0.9600,47,0.5139,46,0.4803,46,0.9943,0.2643,0.02,-0.2497,0.7503,0.0000,53.67,SUCCESS
2025-12-19T17:00:27.108783+00:00,btc-updown-15m-1766163600,TRADE,UP,ACCUM,2,2,0.5300,1.0601,49,0.5146,46,0.4803,46,0.9949,0.2340,0.06,-1.3097,1.6903,0.0000,52.61,SUCCESS
2025-12-19T17:00:28.073838+00:00,btc-updown-15m-1766163600,TRADE,DOWN,ACCUM,2,2,0.4800,0.9601,49,0.5146,48,0.4803,48,0.9949,0.2448,0.02,-0.2698,0.7302,0.0000,51.65,SUCCESS
2025-12-19T17:00:30.061225+00:00,btc-updown-15m-1766163600,TRADE,DOWN,ACCUM,2,2,0.4602,0.9204,49,0.5146,50,0.4795,49,0.9941,0.2893,0.02,-0.1903,0.8097,0.0000,50.73,SUCCESS
2025-12-19T17:00:31.551068+00:00,btc-updown-15m-1766163600,TRADE,UP,ACCUM,2,2,0.5301,1.0601,51,0.5152,50,0.4795,50,0.9947,0.2648,0.02,-0.2504,0.7496,0.0000,49.67,SUCCESS
2025-12-19T17:09:23.540201+00:00,btc-updown-15m-1766163600,TRADE,UP,ACCUM,2,2,0.9501,1.9002,2,0.9501,0,0.0000,0,0.0000,0.0000,1.00,-1.9002,0.0998,0.0000,398.10,SUCCESS
2025-12-19T17:09:23.552856+00:00,btc-updown-15m-1766163600,TRADE,DOWN,ACCUM,2,2,0.0700,0.1400,2,0.9501,2,0.0700,2,1.0201,-0.0402,0.00,-0.0402,-0.0402,0.0000,397.96,SUCCESS
2025-12-19T17:09:38.376196+00:00,btc-updown-15m-1766163600,TRADE,UP,ACCUM,2,2,0.9203,1.8406,4,0.9352,2,0.0700,2,1.0052,-0.0104,0.50,-1.8808,0.1192,0.0000,396.12,SUCCESS
2025-12-19T17:09:38.816390+00:00,btc-updown-15m-1766163600,TRADE,UP,ACCUM,2,2,0.9101,1.8203,6,0.9268,2,0.0700,2,0.9968,0.0063,0.67,-3.7011,0.2989,0.0000,394.30,SUCCESS
2025-12-19T17:09:39.256426+00:00,btc-updown-15m-1766163600,TRADE,UP,ACCUM,2,2,0.9101,1.8202,8,0.9227,2,0.0700,2,0.9927,0.0147,0.75,-5.5213,0.4787,0.0000,392.48,SUCCESS
2025-12-19T17:09:39.685104+00:00,btc-updown-15m-1766163600,TRADE,DOWN,ACCUM,2,2,0.1000,0.2001,8,0.9227,4,0.0850,4,1.0077,-0.0307,0.50,-3.7213,0.2787,0.0000,392.28,SUCCESS
2025-12-19T17:09:40.116772+00:00,btc-updown-15m-1766163600,TRADE,UP,ACCUM,2,2,0.9101,1.8202,10,0.9201,4,0.0850,4,1.0052,-0.0206,0.60,-5.5415,0.4585,0.0000,390.46,SUCCESS
2025-12-19T17:09:40.546679+00:00,btc-updown-15m-1766163600,TRADE,UP,ACCUM,2,2,0.9102,1.8204,12,0.9185,4,0.0850,4,1.0035,-0.0140,0.67,-7.3619,0.6381,0.0000,388.64,SUCCESS
2025-12-19T17:09:41.136296+00:00,btc-updown-15m-1766163600,TRADE,UP,ACCUM,2,2,0.9096,1.8191,14,0.9172,4,0.0850,4,1.0022,-0.0089,0.71,-9.1810,0.8190,0.0000,386.82,SUCCESS
2025-12-19T17:09:41.136708+00:00,btc-updown-15m-1766163600,TRADE,DOWN,ACCUM,2,2,0.1000,0.2001,14,0.9172,6,0.0900,6,1.0072,-0.0434,0.57,-7.3811,0.6189,0.0000,386.62,SUCCESS
2025-12-19T17:09:41.984455+00:00,btc-updown-15m-1766163600,TRADE,UP,ACCUM,2,2,0.9101,1.8202,16,0.9163,6,0.0900,6,1.0063,-0.0380,0.62,-9.2013,0.7987,0.0000,384.80,SUCCESS
2025-12-19T17:09:41.984814+00:00,btc-updown-15m-1766163600,TRADE,DOWN,ACCUM,2,2,0.1000,0.2001,16,0.9163,8,0.0925,8,1.0088,-0.0707,0.50,-7.4013,0.5987,0.0000,384.60,SUCCESS
2025-12-19T17:09:42.426980+00:00,btc-updown-15m-1766163600,TRADE,UP,ACCUM,2,2,0.9101,1.8202,18,0.9156,8,0.0925,8,1.0082,-0.0652,0.56,-9.2216,0.7784,0.0000,382.78,SUCCESS
2025-12-19T17:09:42.838416+00:00,btc-updown-15m-1766163600,TRADE,UP,ACCUM,2,2,0.9000,1.8000,20,0.9141,8,0.0925,8,1.0066,-0.0527,0.60,-11.0216,0.9784,0.0000,380.98,SUCCESS
2025-12-19T17:09:43.255792+00:00,btc-updown-15m-1766163600,TRADE,DOWN,ACCUM,4,4,0.1100,0.4401,20,0.9141,12,0.0984,12,1.0124,-0.1491,0.40,-7.4617,0.5383,0.0000,380.54,SUCCESS
2025-12-19T17:09:48.579045+00:00,btc-updown-15m-1766163600,TRADE,DOWN,ACCUM,2,2,0.0800,0.1600,20,0.9141,14,0.0957,14,1.0098,-0.1373,0.30,-5.6217,0.3783,0.0000,380.38,SUCCESS
2025-12-19T17:09:48.996743+00:00,btc-updown-15m-1766163600,TRADE,DOWN,ACCUM,2,2,0.0800,0.1600,20,0.9141,16,0.0938,16,1.0078,-0.1254,0.20,-3.7817,0.2183,0.0000,380.22,SUCCESS
2025-12-19T17:09:49.595787+00:00,btc-updown-15m-1766163600,TRADE,UP,ACCUM,2,2,0.9304,1.8608,22,0.9156,16,0.0938,16,1.0093,-0.1492,0.27,-5.6425,0.3575,0.0000,378.36,SUCCESS
2025-12-19T17:09:49.596116+00:00,btc-updown-15m-1766163600,TRADE,DOWN,ACCUM,2,2,0.0800,0.1600,22,0.9156,18,0.0922,18,1.0078,-0.1403,0.18,-3.8025,0.1975,0.0000,378.20,SUCCESS
2025-12-19T17:09:50.157568+00:00,btc-updown-15m-1766163600,TRADE,UP,ACCUM,2,2,0.9300,1.8601,24,0.9168,18,0.0922,18,1.0090,-0.1620,0.25,-5.6626,0.3374,0.0000,376.34,SUCCESS
2025-12-19T17:09:50.158534+00:00,btc-updown-15m-1766163600,TRADE,DOWN,ACCUM,2,2,0.0800,0.1600,24,0.9168,20,0.0910,20,1.0078,-0.1556,0.17,-3.8226,0.1774,0.0000,376.18,SUCCESS
2025-12-19T17:09:50.714449+00:00,btc-updown-15m-1766163600,TRADE,DOWN,ACCUM,2,2,0.0800,0.1600,24,0.9168,22,0.0900,22,1.0068,-0.1492,0.08,-1.9827,0.0173,0.0000,376.02,SUCCESS
2025-12-19T17:09:51.266559+00:00,btc-updown-15m-1766163600,TRADE,UP,ACCUM,2,2,0.9402,1.8804,26,0.9186,22,0.0900,22,1.0086,-0.1888,0.15,-3.8630,0.1370,0.0000,374.14,SUCCESS
2025-12-19T17:09:51.266822+00:00,btc-updown-15m-1766163600,TRADE,DOWN,ACCUM,2,1,0.0800,0.0800,26,0.9186,23,0.0896,23,1.0081,-0.1874,0.12,-2.9431,0.0569,0.0000,374.06,SUCCESS
2025-12-19T17:09:51.695666+00:00,btc-updown-15m-1766163600,TRADE,UP,ACCUM,2,2,0.9401,1.8802,28,0.9201,23,0.0896,23,1.0097,-0.2228,0.18,-4.8233,0.1767,0.0000,372.18,SUCCESS
2025-12-19T17:09:51.695974+00:00,btc-updown-15m-1766163600,TRADE,DOWN,ACCUM,2,2,0.0800,0.1600,28,0.9201,25,0.0888,25,1.0089,-0.2230,0.11,-2.9833,0.0167,0.0000,372.02,SUCCESS
2025-12-19T17:09:52.145787+00:00,btc-updown-15m-1766163600,TRADE,UP,ACCUM,2,2,0.9301,1.8602,30,0.9208,25,0.0888,25,1.0096,-0.2396,0.17,-4.8435,0.1565,0.0000,370.16,SUCCESS
2025-12-19T17:09:52.146073+00:00,btc-updown-15m-1766163600,TRADE,DOWN,ACCUM,2,2,0.0800,0.1601,30,0.9208,27,0.0882,27,1.0089,-0.2412,0.10,-3.0035,-0.0035,0.0000,370.00,SUCCESS
2025-12-19T17:09:52.616880+00:00,btc-updown-15m-1766163600,TRADE,UP,ACCUM,2,2,0.9301,1.8602,32,0.9214,27,0.0882,27,1.0095,-0.2570,0.16,-4.8638,0.1362,0.0000,368.14,SUCCESS
2025-12-19T17:09:52.618065+00:00,btc-updown-15m-1766163600,TRADE,DOWN,ACCUM,2,2,0.0800,0.1601,32,0.9214,29,0.0876,29,1.0090,-0.2598,0.09,-3.0238,-0.0238,0.0000,367.98,SUCCESS
2025-12-19T17:09:53.025905+00:00,btc-updown-15m-1766163600,TRADE,UP,ACCUM,2,2,0.9301,1.8602,34,0.9219,29,0.0876,29,1.0095,-0.2747,0.15,-4.8840,0.1160,0.0000,366.12,SUCCESS
2025-12-19T17:09:53.026248+00:00,btc-updown-15m-1766163600,TRADE,DOWN,ACCUM,2,2,0.0800,0.1601,34,0.9219,31,0.0871,31,1.0090,-0.2785,0.09,-3.0441,-0.0441,0.0000,365.96,SUCCESS
2025-12-19T17:09:53.495939+00:00,btc-updown-15m-1766163600,TRADE,UP,ACCUM,2,2,0.9303,1.8605,36,0.9223,31,0.0871,31,1.0094,-0.2929,0.14,-4.9046,0.0954,0.0000,364.10,SUCCESS
2025-12-19T17:09:53.496277+00:00,btc-updown-15m-1766163600,TRADE,DOWN,ACCUM,2,2,0.0800,0.1600,36,0.9223,33,0.0867,33,1.0090,-0.2976,0.08,-3.0646,-0.0646,0.0000,363.94,SUCCESS
2025-12-19T17:09:54.104982+00:00,btc-updown-15m-1766163600,TRADE,UP,ACCUM,2,2,0.9301,1.8603,38,0.9227,33,0.0867,33,1.0094,-0.3112,0.13,-4.9249,0.0751,0.0000,362.08,SUCCESS
2025-12-19T17:09:54.105514+00:00,btc-updown-15m-1766163600,TRADE,DOWN,ACCUM,2,1,0.0800,0.0800,38,0.9227,34,0.0865,34,1.0092,-0.3139,0.11,-4.0049,-0.0049,0.0000,362.00,SUCCESS
2025-12-19T17:09:54.546684+00:00,btc-updown-15m-1766163600,TRADE,UP,ACCUM,2,2,0.9301,1.8602,40,0.9231,34,0.0865,34,1.0096,-0.3265,0.15,-5.8652,0.1348,0.0000,360.13,SUCCESS
2025-12-19T17:09:54.547002+00:00,btc-updown-15m-1766163600,TRADE,DOWN,ACCUM,2,2,0.0800,0.1600,40,0.9231,36,0.0861,36,1.0092,-0.3327,0.10,-4.0252,-0.0252,0.0000,359.97,SUCCESS
2025-12-19T17:09:55.066750+00:00,btc-updown-15m-1766163600,TRADE,DOWN,ACCUM,2,2,0.0800,0.1600,40,0.9231,38,0.0858,38,1.0089,-0.3390,0.05,-2.1852,-0.1852,0.0000,359.81,SUCCESS
2025-12-19T17:09:55.488336+00:00,btc-updown-15m-1766163600,TRADE,UP,ACCUM,2,2,0.9301,1.8601,42,0.9234,38,0.0858,38,1.0093,-0.3516,0.10,-4.0453,-0.0453,0.0000,357.95,SUCCESS
2025-12-19T17:09:55.488704+00:00,btc-updown-15m-1766163600,TRADE,DOWN,ACCUM,2,2,0.0800,0.1600,42,0.9234,40,0.0855,40,1.0090,-0.3585,0.05,-2.2053,-0.2053,0.0000,357.79,SUCCESS
2025-12-19T17:09:56.079714+00:00,btc-updown-15m-1766163600,TRADE,UP,ACCUM,2,2,0.9403,1.8806,44,0.9242,40,0.0855,40,1.0097,-0.3891,0.09,-4.0859,-0.0859,0.0000,355.91,SUCCESS
2025-12-19T17:09:56.080522+00:00,btc-updown-15m-1766163600,TRADE,DOWN,ACCUM,2,2,0.0700,0.1400,44,0.9242,42,0.0848,42,1.0090,-0.3775,0.05,-2.2259,-0.2259,0.0000,355.77,SUCCESS
2025-12-19T17:09:56.530202+00:00,btc-updown-15m-1766163600,TRADE,DOWN,ACCUM,2,2,0.0700,0.1400,44,0.9242,44,0.0841,44,1.0083,-0.3660,0.00,-0.3660,-0.3660,0.0000,355.63,SUCCESS
2025-12-19T17:09:57.056652+00:00,btc-updown-15m-1766163600,TRADE,UP,ACCUM,2,2,0.9398,1.8797,46,0.9249,44,0.0841,44,1.0090,-0.3959,0.04,-2.2456,-0.2456,0.0000,353.75,SUCCESS
2025-12-19T17:09:57.056975+00:00,btc-updown-15m-1766163600,TRADE,DOWN,ACCUM,2,2,0.0700,0.1401,46,0.9249,46,0.0835,46,1.0084,-0.3857,0.00,-0.3857,-0.3857,0.0000,353.61,SUCCESS
2025-12-19T17:09:57.498950+00:00,btc-updown-15m-1766163600,TRADE,UP,ACCUM,2,2,0.9402,1.8803,48,0.9255,46,0.0835,46,1.0090,-0.4150,0.04,-2.2660,-0.2660,0.0000,351.73,SUCCESS
2025-12-19T17:09:57.499470+00:00,btc-updown-15m-1766163600,TRADE,DOWN,ACCUM,2,2,0.0700,0.1400,48,0.9255,48,0.0829,48,1.0085,-0.4060,0.00,-0.4060,-0.4060,0.0000,351.59,SUCCESS
2025-12-19T17:09:57.938799+00:00,btc-updown-15m-1766163600,TRADE,UP,ACCUM,2,2,0.9501,1.9003,50,0.9265,48,0.0829,48,1.0094,-0.4533,0.04,-2.3063,-0.3063,0.0000,349.69,SUCCESS
2025-12-19T17:09:57.939413+00:00,btc-updown-15m-1766163600,TRADE,DOWN,ACCUM,2,2,0.0700,0.1400,50,0.9265,50,0.0824,50,1.0089,-0.4463,0.00,-0.4463,-0.4463,0.0000,349.55,SUCCESS
2025-12-19T17:15:00.005434+00:00,btc-updown-15m-1766163600,RESOLUTION,DOWN,MARKET_END,100,100,1.0000,50.4463,50,0.9265,50,0.0824,50,1.0089,-0.4463,0.00,0.0000,0.0000,-0.4463,399.55,RESOLVED
2025-12-19T17:15:02.543065+00:00,btc-updown-15m-1766164500,TRADE,UP,ACCUM,2,2,0.5102,1.0204,2,0.5102,0,0.0000,0,0.0000,0.0000,1.00,-1.0204,0.9796,0.0000,398.53,SUCCESS
2025-12-19T17:15:03.064541+00:00,btc-updown-15m-1766164500,TRADE,UP,ACCUM,2,2,0.5102,1.0204,4,0.5102,0,0.0000,0,0.0000,0.0000,1.00,-2.0409,1.9591,0.0000,397.51,SUCCESS
2025-12-19T17:15:03.064895+00:00,btc-updown-15m-1766164500,TRADE,DOWN,ACCUM,2,2,0.4802,0.9604,4,0.5102,2,0.4802,2,0.9904,0.0192,0.50,-1.0013,0.9987,0.0000,396.55,SUCCESS
2025-12-19T17:15:03.494182+00:00,btc-updown-15m-1766164500,TRADE,UP,ACCUM,2,2,0.5301,1.0601,6,0.5168,2,0.4802,2,0.9970,0.0059,0.67,-2.0614,1.9386,0.0000,395.49,SUCCESS
2025-12-19T17:15:03.494541+00:00,btc-updown-15m-1766164500,TRADE,DOWN,ACCUM,2,2,0.4802,0.9604,6,0.5168,4,0.4802,4,0.9970,0.0118,0.33,-1.0218,0.9782,0.0000,394.53,SUCCESS
2025-12-19T17:15:04.245116+00:00,btc-updown-15m-1766164500,TRADE,UP,ACCUM,2,2,0.5302,1.0605,8,0.5202,4,0.4802,4,1.0004,-0.0016,0.50,-2.0823,1.9177,0.0000,393.47,SUCCESS
2025-12-19T17:15:04.245253+00:00,btc-updown-15m-1766164500,TRADE,DOWN,ACCUM,2,1,0.4901,0.4901,8,0.5202,5,0.4822,5,1.0024,-0.0119,0.38,-1.5724,1.4276,0.0000,392.98,SUCCESS
2025-12-19T17:15:04.673669+00:00,btc-updown-15m-1766164500,TRADE,UP,ACCUM,2,1,0.5200,0.5200,9,0.5202,5,0.4822,5,1.0024,-0.0118,0.44,-2.0925,1.9075,0.0000,392.46,SUCCESS
2025-12-19T17:15:05.125910+00:00,btc-updown-15m-1766164500,TRADE,UP,ACCUM,2,2,0.5002,1.0004,11,0.5165,5,0.4822,5,0.9987,0.0064,0.55,-3.0929,2.9071,0.0000,391.46,SUCCESS
2025-12-19T17:15:05.616317+00:00,btc-updown-15m-1766164500,TRADE,UP,ACCUM,2,2,0.5002,1.0004,13,0.5140,5,0.4822,5,0.9962,0.0189,0.62,-4.0932,3.9068,0.0000,390.46,SUCCESS
2025-12-19T17:15:05.616897+00:00,btc-updown-15m-1766164500,TRADE,DOWN,ACCUM,2,2,0.5202,1.0405,13,0.5140,7,0.4931,7,1.0071,-0.0496,0.46,-3.1337,2.8663,0.0000,389.42,SUCCESS
2025-12-19T17:15:06.064225+00:00,btc-updown-15m-1766164500,TRADE,UP,ACCUM,2,2,0.4902,0.9804,15,0.5108,7,0.4931,7,1.0039,-0.0273,0.53,-4.1141,3.8859,0.0000,388.44,SUCCESS
2025-12-19T17:15:06.685729+00:00,btc-updown-15m-1766164500,TRADE,UP,ACCUM,2,2,0.4902,0.9804,17,0.5084,7,0.4931,7,1.0015,-0.0103,0.59,-5.0945,4.9055,0.0000,387.46,SUCCESS
2025-12-19T17:15:07.229890+00:00,btc-updown-15m-1766164500,TRADE,UP,ACCUM,2,2,0.5201,1.0402,19,0.5096,7,0.4931,7,1.0027,-0.0189,0.63,-6.1346,5.8654,0.0000,386.42,SUCCESS
2025-12-19T17:15:07.230921+00:00,btc-updown-15m-1766164500,TRADE,DOWN,ACCUM,2,2,0.4901,0.9803,19,0.5096,9,0.4924,9,1.0021,-0.0185,0.53,-5.1149,4.8851,0.0000,385.44,SUCCESS
2025-12-19T17:15:07.734102+00:00,btc-updown-15m-1766164500,TRADE,UP,ACCUM,2,2,0.5201,1.0402,21,0.5106,9,0.4924,9,1.0031,-0.0275,0.57,-6.1551,5.8449,0.0000,384.40,SUCCESS
2025-12-19T17:15:07.734606+00:00,btc-updown-15m-1766164500,TRADE,DOWN,ACCUM,2,2,0.5098,1.0195,21,0.5106,11,0.4956,11,1.0062,-0.0683,0.48,-5.1747,4.8253,0.0000,383.38,SUCCESS
2025-12-19T17:15:08.365937+00:00,btc-updown-15m-1766164500,TRADE,UP,ACCUM,2,2,0.5001,1.0002,23,0.5097,11,0.4956,11,1.0053,-0.0582,0.52,-6.1748,5.8252,0.0000,382.38,SUCCESS
2025-12-19T17:15:08.366369+00:00,btc-updown-15m-1766164500,TRADE,DOWN,ACCUM,2,2,0.5101,1.0202,23,0.5097,13,0.4978,13,1.0075,-0.0979,0.43,-5.1951,4.8049,0.0000,381.36,SUCCESS
2025-12-19T17:15:08.813090+00:00,btc-updown-15m-1766164500,TRADE,UP,ACCUM,2,2,0.5000,1.0000,25,0.5089,13,0.4978,13,1.0068,-0.0878,0.48,-6.1951,5.8049,0.0000,380.36,SUCCESS
2025-12-19T17:15:08.813499+00:00,btc-updown-15m-1766164500,TRADE,DOWN,ACCUM,2,2,0.5101,1.0203,25,0.5089,15,0.4994,15,1.0084,-0.1259,0.40,-5.2154,4.7846,0.0000,379.34,SUCCESS
2025-12-19T17:15:09.343638+00:00,btc-updown-15m-1766164500,TRADE,UP,ACCUM,2,2,0.5103,1.0205,27,0.5090,15,0.4994,15,1.0085,-0.1274,0.44,-6.2359,5.7641,0.0000,378.32,SUCCESS
2025-12-19T17:15:09.343988+00:00,btc-updown-15m-1766164500,TRADE,DOWN,ACCUM,2,2,0.5001,1.0003,27,0.5090,17,0.4995,17,1.0086,-0.1457,0.37,-5.2362,4.7638,0.0000,377.32,SUCCESS
2025-12-19T17:15:09.785087+00:00,btc-updown-15m-1766164500,TRADE,UP,ACCUM,2,2,0.5102,1.0204,29,0.5091,17,0.4995,17,1.0087,-0.1471,0.41,-6.2566,5.7434,0.0000,376.30,SUCCESS
2025-12-19T17:15:09.785361+00:00,btc-updown-15m-1766164500,TRADE,DOWN,ACCUM,2,2,0.5002,1.0004,29,0.5091,19,0.4996,19,1.0087,-0.1658,0.34,-5.2570,4.7430,0.0000,375.30,SUCCESS
2025-12-19T17:15:10.201245+00:00,btc-updown-15m-1766164500,TRADE,UP,ACCUM,2,2,0.5200,1.0400,31,0.5098,19,0.4996,19,1.0094,-0.1791,0.39,-6.2970,5.7030,0.0000,374.26,SUCCESS
2025-12-19T17:15:10.764415+00:00,btc-updown-15m-1766164500,TRADE,DOWN,ACCUM,4,4,0.4902,1.9609,31,0.5098,23,0.4980,23,1.0078,-0.1793,0.26,-4.2580,3.7420,0.0000,372.30,SUCCESS
2025-12-19T17:15:11.304287+00:00,btc-updown-15m-1766164500,TRADE,UP,ACCUM,2,2,0.5100,1.0201,33,0.5098,23,0.4980,23,1.0078,-0.1796,0.30,-5.2781,4.7219,0.0000,371.28,SUCCESS
2025-12-19T17:15:11.304781+00:00,btc-updown-15m-1766164500,TRADE,DOWN,ACCUM,2,2,0.5102,1.0203,33,0.5098,25,0.4989,25,1.0088,-0.2196,0.24,-4.2984,3.7016,0.0000,370.26,SUCCESS
2025-12-19T17:15:11.772422+00:00,btc-updown-15m-1766164500,TRADE,UP,ACCUM,2,2,0.5002,1.0005,35,0.5093,25,0.4989,25,1.0082,-0.2059,0.29,-5.2988,4.7012,0.0000,369.25,SUCCESS
2025-12-19T17:15:11.773209+00:00,btc-updown-15m-1766164500,TRADE,DOWN,ACCUM,2,2,0.5102,1.0204,35,0.5093,27,0.4998,27,1.0091,-0.2449,0.23,-4.3192,3.6808,0.0000,368.23,SUCCESS
2025-12-19T17:15:12.355802+00:00,btc-updown-15m-1766164500,TRADE,UP,ACCUM,2,2,0.5002,1.0004,37,0.5088,27,0.4998,27,1.0086,-0.2316,0.27,-5.3196,4.6804,0.0000,367.23,SUCCESS
2025-12-19T17:15:12.356480+00:00,btc-updown-15m-1766164500,TRADE,DOWN,ACCUM,2,2,0.5102,1.0204,37,0.5088,29,0.5005,29,1.0093,-0.2697,0.22,-4.3401,3.6599,0.0000,366.21,SUCCESS
2025-12-19T17:15:12.820373+00:00,btc-updown-15m-1766164500,TRADE,UP,ACCUM,2,2,0.5001,1.0002,39,0.5084,29,0.5005,29,1.0089,-0.2567,0.26,-5.3403,4.6597,0.0000,365.21,SUCCESS
2025-12-19T17:15:12.820698+00:00,btc-updown-15m-1766164500,TRADE,DOWN,ACCUM,2,2,0.5101,1.0202,39,0.5084,31,0.5011,31,1.0095,-0.2936,0.21,-4.3605,3.6395,0.0000,364.19,SUCCESS
2025-12-19T17:15:13.330689+00:00,btc-updown-15m-1766164500,TRADE,UP,ACCUM,2,2,0.5001,1.0001,41,0.5079,31,0.5011,31,1.0091,-0.2811,0.24,-5.3606,4.6394,0.0000,363.19,SUCCESS
2025-12-19T17:15:13.774104+00:00,btc-updown-15m-1766164500,TRADE,UP,ACCUM,2,2,0.5000,1.0000,43,0.5076,31,0.5011,31,1.0087,-0.2697,0.28,-6.3607,5.6393,0.0000,362.19,SUCCESS
2025-12-19T17:15:13.774645+00:00,btc-updown-15m-1766164500,TRADE,DOWN,ACCUM,2,2,0.5102,1.0203,43,0.5076,33,0.5017,33,1.0092,-0.3052,0.23,-5.3810,4.6190,0.0000,361.17,SUCCESS
2025-12-19T17:15:14.367749+00:00,btc-updown-15m-1766164500,TRADE,UP,ACCUM,2,2,0.5001,1.0002,45,0.5072,33,0.5017,33,1.0089,-0.2942,0.27,-6.3812,5.6188,0.0000,360.17,SUCCESS
2025-12-19T17:15:15.243229+00:00,btc-updown-15m-1766164500,TRADE,DOWN,ACCUM,4,1,0.5201,0.5201,45,0.5072,34,0.5022,34,1.0095,-0.3216,0.24,-5.9014,5.0986,0.0000,359.65,SUCCESS
2025-12-19T17:15:15.935702+00:00,btc-updown-15m-1766164500,TRADE,DOWN,ACCUM,4,4,0.5201,2.0803,45,0.5072,38,0.5041,38,1.0113,-0.4309,0.16,-3.9817,3.0183,0.0000,357.57,SUCCESS
2025-12-19T17:15:25.420333+00:00,btc-updown-15m-1766164500,TRADE,DOWN,ACCUM,2,2,0.4600,0.9200,45,0.5072,40,0.5019,40,1.0091,-0.3654,0.11,-2.9017,2.0983,0.0000,356.65,SUCCESS
2025-12-19T17:15:25.884463+00:00,btc-updown-15m-1766164500,TRADE,DOWN,ACCUM,2,2,0.4601,0.9203,45,0.5072,42,0.4999,42,1.0071,-0.3002,0.07,-1.8219,1.1781,0.0000,355.73,SUCCESS
2025-12-19T17:15:26.304253+00:00,btc-updown-15m-1766164500,TRADE,DOWN,ACCUM,2,2,0.4600,0.9201,45,0.5072,44,0.4981,44,1.0053,-0.2348,0.02,-0.7420,0.2580,0.0000,354.81,SUCCESS
2025-12-19T17:15:26.712732+00:00,btc-updown-15m-1766164500,TRADE,UP,ACCUM,2,2,0.5502,1.1003,47,0.5091,44,0.4981,44,1.0072,-0.3151,0.06,-1.8423,1.1577,0.0000,353.71,SUCCESS
2025-12-19T17:15:27.144342+00:00,btc-updown-15m-1766164500,TRADE,DOWN,ACCUM,2,2,0.4602,0.9204,47,0.5091,46,0.4964,46,1.0055,-0.2537,0.02,-0.7628,0.2372,0.0000,352.79,SUCCESS
2025-12-19T17:15:27.605049+00:00,btc-updown-15m-1766164500,TRADE,UP,ACCUM,2,2,0.5503,1.1005,49,0.5108,46,0.4964,46,1.0072,-0.3310,0.06,-1.8633,1.1367,0.0000,351.69,SUCCESS
2025-12-19T17:15:27.605593+00:00,btc-updown-15m-1766164500,TRADE,DOWN,ACCUM,2,2,0.4601,0.9202,49,0.5108,48,0.4949,48,1.0057,-0.2727,0.02,-0.7835,0.2165,0.0000,350.77,SUCCESS
2025-12-19T17:15:28.073225+00:00,btc-updown-15m-1766164500,TRADE,UP,ACCUM,2,2,0.5500,1.1000,51,0.5123,48,0.4949,48,1.0072,-0.3466,0.06,-1.8835,1.1165,0.0000,349.67,SUCCESS
2025-12-19T17:15:28.073533+00:00,btc-updown-15m-1766164500,TRADE,DOWN,ACCUM,2,2,0.4601,0.9203,51,0.5123,50,0.4935,50,1.0058,-0.2915,0.02,-0.8037,0.1963,0.0000,348.75,SUCCESS
2025-12-19T17:30:00.015558+00:00,btc-updown-15m-1766164500,RESOLUTION,DOWN,MARKET_END,101,101,1.0000,50.8037,51,0.5123,50,0.4935,50,1.0058,-0.2915,0.02,0.0000,0.0000,-1.3160,398.75,RESOLVED
2025-12-19T17:30:03.611627+00:00,btc-updown-15m-1766165400,TRADE,UP,ACCUM,2,2,0.6001,1.2001,2,0.6001,0,0.0000,0,0.0000,0.0000,1.00,-1.2001,0.7999,0.0000,397.55,SUCCESS
2025-12-19T17:30:03.612707+00:00,btc-updown-15m-1766165400,TRADE,DOWN,ACCUM,2,2,0.3901,0.7802,2,0.6001,2,0.3901,2,0.9902,0.0196,0.00,0.0196,0.0196,0.0000,396.77,SUCCESS
2025-12-19T17:30:04.061392+00:00,btc-updown-15m-1766165400,TRADE,UP,ACCUM,2,2,0.6202,1.2404,4,0.6101,2,0.3901,2,1.0003,-0.0005,0.50,-1.2208,0.7792,0.0000,395.53,SUCCESS
2025-12-19T17:30:04.062329+00:00,btc-updown-15m-1766165400,TRADE,DOWN,ACCUM,2,2,0.3901,0.7803,4,0.6101,4,0.3901,4,1.0003,-0.0011,0.00,-0.0011,-0.0011,0.0000,394.75,SUCCESS
2025-12-19T17:30:04.512998+00:00,btc-updown-15m-1766165400,TRADE,UP,ACCUM,2,2,0.6203,1.2406,6,0.6135,4,0.3901,4,1.0037,-0.0146,0.33,-1.2417,0.7583,0.0000,393.51,SUCCESS
2025-12-19T17:30:04.514400+00:00,btc-updown-15m-1766165400,TRADE,DOWN,ACCUM,2,2,0.4002,0.8003,6,0.6135,6,0.3935,6,1.0070,-0.0420,0.00,-0.0420,-0.0420,0.0000,392.71,SUCCESS
2025-12-19T17:30:05.080891+00:00,btc-updown-15m-1766165400,TRADE,DOWN,ACCUM,2,2,0.4002,0.8003,6,0.6135,8,0.3951,6,1.0087,-0.0520,0.25,-0.8423,1.1577,0.0000,391.91,SUCCESS
2025-12-19T17:30:05.540812+00:00,btc-updown-15m-1766165400,TRADE,UP,ACCUM,2,2,0.6102,1.2205,8,0.6127,8,0.3951,8,1.0078,-0.0628,0.00,-0.0628,-0.0628,0.0000,390.69,SUCCESS
2025-12-19T17:30:05.541722+00:00,btc-updown-15m-1766165400,TRADE,DOWN,ACCUM,2,2,0.4001,0.8003,8,0.6127,10,0.3961,8,1.0088,-0.0708,0.20,-0.8630,1.1370,0.0000,389.89,SUCCESS
2025-12-19T17:30:06.016619+00:00,btc-updown-15m-1766165400,TRADE,UP,ACCUM,2,2,0.6102,1.2204,10,0.6122,10,0.3961,10,1.0083,-0.0835,0.00,-0.0835,-0.0835,0.0000,388.67,SUCCESS
2025-12-19T17:30:06.471549+00:00,btc-updown-15m-1766165400,TRADE,UP,ACCUM,2,2,0.6100,1.2200,12,0.6118,10,0.3961,10,1.0080,-0.0798,0.17,-1.3035,0.6965,0.0000,387.45,SUCCESS
2025-12-19T17:30:06.991650+00:00,btc-updown-15m-1766165400,TRADE,DOWN,ACCUM,2,2,0.4002,0.8004,12,0.6118,12,0.3968,12,1.0087,-0.1039,0.00,-0.1039,-0.1039,0.0000,386.65,SUCCESS
2025-12-19T17:30:07.398217+00:00,btc-updown-15m-1766165400,TRADE,UP,ACCUM,2,2,0.6101,1.2202,14,0.6116,12,0.3968,12,1.0084,-0.1009,0.14,-1.3241,0.6759,0.0000,385.43,SUCCESS
2025-12-19T17:30:07.398779+00:00,btc-updown-15m-1766165400,TRADE,DOWN,ACCUM,2,2,0.4000,0.8001,14,0.6116,14,0.3973,14,1.0089,-0.1241,0.00,-0.1241,-0.1241,0.0000,384.63,SUCCESS
2025-12-19T17:30:07.820127+00:00,btc-updown-15m-1766165400,TRADE,UP,ACCUM,2,2,0.6100,1.2200,16,0.6114,14,0.3973,14,1.0087,-0.1214,0.12,-1.3441,0.6559,0.0000,383.41,SUCCESS
2025-12-19T17:30:07.820288+00:00,btc-updown-15m-1766165400,TRADE,DOWN,ACCUM,2,2,0.3902,0.7803,16,0.6114,16,0.3964,16,1.0078,-0.1245,0.00,-0.1245,-0.1245,0.0000,382.63,SUCCESS
2025-12-19T17:30:08.249511+00:00,btc-updown-15m-1766165400,TRADE,UP,ACCUM,2,2,0.6303,1.2606,18,0.6135,16,0.3964,16,1.0099,-0.1581,0.11,-1.3851,0.6149,0.0000,381.36,SUCCESS
2025-12-19T17:30:08.250908+00:00,btc-updown-15m-1766165400,TRADE,DOWN,ACCUM,2,2,0.3799,0.7598,18,0.6135,18,0.3946,18,1.0081,-0.1449,0.00,-0.1449,-0.1449,0.0000,380.60,SUCCESS
2025-12-19T17:30:08.697762+00:00,btc-updown-15m-1766165400,TRADE,DOWN,ACCUM,2,2,0.3801,0.7603,18,0.6135,20,0.3931,18,1.0066,-0.1189,0.10,-0.9052,1.0948,0.0000,379.84,SUCCESS
2025-12-19T17:30:09.162118+00:00,btc-updown-15m-1766165400,TRADE,UP,ACCUM,2,2,0.6302,1.2603,20,0.6152,20,0.3931,20,1.0083,-0.1655,0.00,-0.1655,-0.1655,0.0000,378.58,SUCCESS
2025-12-19T17:30:09.162854+00:00,btc-updown-15m-1766165400,TRADE,DOWN,ACCUM,2,2,0.3800,0.7600,20,0.6152,22,0.3919,20,1.0071,-0.1417,0.09,-0.9255,1.0745,0.0000,377.82,SUCCESS
2025-12-19T17:30:09.751142+00:00,btc-updown-15m-1766165400,TRADE,UP,ACCUM,2,2,0.6203,1.2406,22,0.6156,22,0.3919,22,1.0076,-0.1661,0.00,-0.1661,-0.1661,0.0000,376.58,SUCCESS
2025-12-19T17:30:10.777422+00:00,btc-updown-15m-1766165400,TRADE,UP,ACCUM,2,2,0.6401,1.2801,24,0.6177,22,0.3919,22,1.0096,-0.2109,0.08,-1.4462,0.5538,0.0000,375.30,SUCCESS
2025-12-19T17:30:10.777779+00:00,btc-updown-15m-1766165400,TRADE,DOWN,ACCUM,2,2,0.3800,0.7601,24,0.6177,24,0.3909,24,1.0086,-0.2063,0.00,-0.2063,-0.2063,0.0000,374.54,SUCCESS
2025-12-19T17:30:11.348920+00:00,btc-updown-15m-1766165400,TRADE,UP,ACCUM,2,1,0.6200,0.6200,25,0.6178,24,0.3909,24,1.0087,-0.2086,0.04,-0.8263,0.1737,0.0000,373.92,SUCCESS
2025-12-19T17:30:11.828613+00:00,btc-updown-15m-1766165400,TRADE,UP,ACCUM,2,1,0.5900,0.5900,26,0.6167,24,0.3909,24,1.0076,-0.1830,0.08,-1.4164,0.5836,0.0000,373.33,SUCCESS
2025-12-19T17:30:12.243031+00:00,btc-updown-15m-1766165400,TRADE,UP,ACCUM,2,2,0.5902,1.1804,28,0.6148,24,0.3909,24,1.0057,-0.1375,0.14,-2.5967,1.4033,0.0000,372.15,SUCCESS
2025-12-19T17:30:12.246122+00:00,btc-updown-15m-1766165400,TRADE,DOWN,ACCUM,2,2,0.4200,0.8401,28,0.6148,26,0.3932,26,1.0080,-0.2072,0.07,-1.4368,0.5632,0.0000,371.31,SUCCESS
2025-12-19T17:30:12.676744+00:00,btc-updown-15m-1766165400,TRADE,UP,ACCUM,2,2,0.6001,1.2001,30,0.6138,26,0.3932,26,1.0070,-0.1816,0.13,-2.6369,1.3631,0.0000,370.11,SUCCESS
2025-12-19T17:30:12.677031+00:00,btc-updown-15m-1766165400,TRADE,DOWN,ACCUM,2,2,0.4000,0.8000,30,0.6138,28,0.3937,28,1.0075,-0.2093,0.07,-1.4369,0.5631,0.0000,369.31,SUCCESS
2025-12-19T17:30:13.279994+00:00,btc-updown-15m-1766165400,TRADE,UP,ACCUM,2,2,0.6101,1.2202,32,0.6136,28,0.3937,28,1.0072,-0.2028,0.12,-2.6571,1.3429,0.0000,368.09,SUCCESS
2025-12-19T17:30:13.280450+00:00,btc-updown-15m-1766165400,TRADE,DOWN,ACCUM,2,2,0.4000,0.8000,32,0.6136,30,0.3941,30,1.0077,-0.2299,0.06,-1.4571,0.5429,0.0000,367.29,SUCCESS
2025-12-19T17:30:13.786521+00:00,btc-updown-15m-1766165400,TRADE,UP,ACCUM,2,2,0.6001,1.2003,34,0.6128,30,0.3941,30,1.0069,-0.2062,0.12,-2.6574,1.3426,0.0000,366.09,SUCCESS
2025-12-19T17:30:14.285827+00:00,btc-updown-15m-1766165400,TRADE,UP,ACCUM,2,2,0.6101,1.2202,36,0.6126,30,0.3941,30,1.0067,-0.2017,0.17,-3.8776,2.1224,0.0000,364.87,SUCCESS
2025-12-19T17:30:14.285976+00:00,btc-updown-15m-1766165400,TRADE,DOWN,ACCUM,2,2,0.4101,0.8201,36,0.6126,32,0.3951,32,1.0077,-0.2471,0.11,-2.6977,1.3023,0.0000,364.05,SUCCESS
2025-12-19T17:30:15.009758+00:00,btc-updown-15m-1766165400,TRADE,UP,ACCUM,2,2,0.6003,1.2006,38,0.6120,32,0.3951,32,1.0071,-0.2263,0.16,-3.8983,2.1017,0.0000,362.85,SUCCESS
2025-12-19T17:30:15.010218+00:00,btc-updown-15m-1766165400,TRADE,DOWN,ACCUM,2,2,0.4202,0.8404,38,0.6120,34,0.3966,34,1.0086,-0.2907,0.11,-2.7387,1.2613,0.0000,362.01,SUCCESS
2025-12-19T17:30:15.530423+00:00,btc-updown-15m-1766165400,TRADE,UP,ACCUM,2,2,0.5797,1.1594,40,0.6104,34,0.3966,34,1.0069,-0.2358,0.15,-3.8981,2.1019,0.0000,360.85,SUCCESS
2025-12-19T17:30:15.530846+00:00,btc-updown-15m-1766165400,TRADE,DOWN,ACCUM,2,2,0.4102,0.8204,40,0.6104,36,0.3973,36,1.0077,-0.2770,0.10,-2.7185,1.2815,0.0000,360.03,SUCCESS
2025-12-19T17:30:16.217327+00:00,btc-updown-15m-1766165400,TRADE,DOWN,ACCUM,2,2,0.3902,0.7804,40,0.6104,38,0.3969,38,1.0073,-0.2781,0.05,-1.4988,0.5012,0.0000,359.25,SUCCESS
2025-12-19T17:30:16.639288+00:00,btc-updown-15m-1766165400,TRADE,UP,ACCUM,2,2,0.6202,1.2404,42,0.6108,38,0.3969,38,1.0078,-0.2958,0.10,-2.7392,1.2608,0.0000,358.01,SUCCESS
2025-12-19T17:30:16.639643+00:00,btc-updown-15m-1766165400,TRADE,DOWN,ACCUM,2,2,0.4002,0.8003,42,0.6108,40,0.3971,40,1.0079,-0.3178,0.05,-1.5395,0.4605,0.0000,357.21,SUCCESS
2025-12-19T17:30:17.211399+00:00,btc-updown-15m-1766165400,TRADE,UP,ACCUM,2,2,0.6101,1.2203,44,0.6108,40,0.3971,40,1.0079,-0.3165,0.09,-2.7598,1.2402,0.0000,355.99,SUCCESS
2025-12-19T17:30:17.211785+00:00,btc-updown-15m-1766165400,TRADE,DOWN,ACCUM,2,2,0.4002,0.8003,44,0.6108,42,0.3972,42,1.0081,-0.3385,0.05,-1.5601,0.4399,0.0000,355.19,SUCCESS
2025-12-19T17:30:17.686481+00:00,btc-updown-15m-1766165400,TRADE,UP,ACCUM,2,2,0.6001,1.2002,46,0.6103,42,0.3972,42,1.0076,-0.3189,0.09,-2.7603,1.2397,0.0000,353.99,SUCCESS
2025-12-19T17:30:17.687425+00:00,btc-updown-15m-1766165400,TRADE,DOWN,ACCUM,2,2,0.4100,0.8200,46,0.6103,44,0.3978,44,1.0082,-0.3597,0.04,-1.5804,0.4196,0.0000,353.17,SUCCESS
2025-12-19T17:30:18.166449+00:00,btc-updown-15m-1766165400,TRADE,UP,ACCUM,2,2,0.6303,1.2606,48,0.6112,44,0.3978,44,1.0090,-0.3962,0.08,-2.8409,1.1591,0.0000,351.91,SUCCESS
2025-12-19T17:30:18.695797+00:00,btc-updown-15m-1766165400,TRADE,UP,ACCUM,2,2,0.6297,1.2595,50,0.6119,44,0.3978,44,1.0097,-0.4289,0.12,-4.1004,1.8996,0.0000,350.65,SUCCESS
2025-12-19T17:30:19.129789+00:00,btc-updown-15m-1766165400,TRADE,DOWN,ACCUM,2,2,0.3901,0.7801,50,0.6119,46,0.3975,46,1.0094,-0.4329,0.08,-2.8806,1.1194,0.0000,349.87,SUCCESS
2025-12-19T17:30:19.557958+00:00,btc-updown-15m-1766165400,TRADE,DOWN,ACCUM,2,2,0.4001,0.8002,50,0.6119,48,0.3976,48,1.0095,-0.4569,0.04,-1.6808,0.3192,0.0000,349.07,SUCCESS
2025-12-19T17:45:00.337760+00:00,btc-updown-15m-1766165400,RESOLUTION,UP,MARKET_END,98,98,1.0000,49.6808,50,0.6119,48,0.3976,48,1.0095,-0.4569,0.04,0.0000,0.0000,-0.9046,399.07,RESOLVED
2025-12-19T17:45:02.879336+00:00,btc-updown-15m-1766166300,TRADE,UP,ACCUM,2,2,0.5301,1.0602,2,0.5301,0,0.0000,0,0.0000,0.0000,1.00,-1.0602,0.9398,0.0000,398.01,SUCCESS
2025-12-19T17:45:02.879732+00:00,btc-updown-15m-1766166300,TRADE,DOWN,ACCUM,2,1,0.4800,0.4800,2,0.5301,1,0.4800,1,1.0101,-0.0101,0.50,-0.5403,0.4597,0.0000,397.53,SUCCESS
2025-12-19T17:45:04.443466+00:00,btc-updown-15m-1766166300,TRADE,UP,ACCUM,2,1,0.5102,0.5102,3,0.5235,1,0.4800,1,1.0035,-0.0035,0.67,-1.0504,0.9496,0.0000,397.02,SUCCESS
2025-12-19T17:45:04.884570+00:00,btc-updown-15m-1766166300,TRADE,UP,ACCUM,2,2,0.5002,1.0003,5,0.5141,1,0.4800,1,0.9942,0.0058,0.80,-2.0508,1.9492,0.0000,396.02,SUCCESS
2025-12-19T17:45:05.883906+00:00,btc-updown-15m-1766166300,TRADE,UP,ACCUM,2,2,0.4902,0.9805,7,0.5073,1,0.4800,1,0.9873,0.0127,0.86,-3.0312,2.9688,0.0000,395.04,SUCCESS
2025-12-19T17:45:06.451514+00:00,btc-updown-15m-1766166300,TRADE,UP,ACCUM,2,2,0.4902,0.9804,9,0.5035,1,0.4800,1,0.9835,0.0165,0.89,-4.0116,3.9884,0.0000,394.06,SUCCESS
2025-12-19T17:45:07.116425+00:00,btc-updown-15m-1766166300,TRADE,UP,ACCUM,2,2,0.4902,0.9804,11,0.5011,1,0.4800,1,0.9811,0.0189,0.91,-4.9921,5.0079,0.0000,393.08,SUCCESS
2025-12-19T17:45:07.741132+00:00,btc-updown-15m-1766166300,TRADE,UP,ACCUM,2,2,0.4800,0.9600,13,0.4979,1,0.4800,1,0.9779,0.0221,0.92,-5.9521,6.0479,0.0000,392.12,SUCCESS
2025-12-19T17:45:08.233900+00:00,btc-updown-15m-1766166300,TRADE,DOWN,ACCUM,4,4,0.5202,2.0808,13,0.4979,5,0.5122,5,1.0100,-0.0501,0.62,-4.0329,3.9671,0.0000,390.04,SUCCESS
2025-12-19T17:45:09.199593+00:00,btc-updown-15m-1766166300,TRADE,DOWN,ACCUM,2,2,0.5100,1.0199,13,0.4979,7,0.5115,7,1.0094,-0.0657,0.46,-3.0528,2.9472,0.0000,389.02,SUCCESS
2025-12-19T17:45:09.831770+00:00,btc-updown-15m-1766166300,TRADE,UP,ACCUM,2,2,0.5002,1.0004,15,0.4982,7,0.5115,7,1.0097,-0.0679,0.53,-4.0533,3.9467,0.0000,388.02,SUCCESS
2025-12-19T17:45:09.832052+00:00,btc-updown-15m-1766166300,TRADE,DOWN,ACCUM,2,2,0.5102,1.0204,15,0.4982,9,0.5112,9,1.0094,-0.0846,0.40,-3.0736,2.9264,0.0000,387.00,SUCCESS
2025-12-19T17:45:10.297998+00:00,btc-updown-15m-1766166300,TRADE,DOWN,ACCUM,2,2,0.5000,1.0000,15,0.4982,11,0.5092,11,1.0074,-0.0810,0.27,-2.0736,1.9264,0.0000,386.00,SUCCESS
2025-12-19T17:45:10.809041+00:00,btc-updown-15m-1766166300,TRADE,UP,ACCUM,2,2,0.5101,1.0201,17,0.4996,11,0.5092,11,1.0088,-0.0964,0.35,-3.0938,2.9062,0.0000,384.98,SUCCESS
2025-12-19T17:45:11.247340+00:00,btc-updown-15m-1766166300,TRADE,UP,ACCUM,2,2,0.5001,1.0002,19,0.4996,11,0.5092,11,1.0088,-0.0970,0.42,-4.0940,3.9060,0.0000,383.98,SUCCESS
2025-12-19T17:45:11.247777+00:00,btc-updown-15m-1766166300,TRADE,DOWN,ACCUM,2,2,0.5102,1.0204,19,0.4996,13,0.5093,13,1.0090,-0.1166,0.32,-3.1143,2.8857,0.0000,382.95,SUCCESS
2025-12-19T17:45:11.728548+00:00,btc-updown-15m-1766166300,TRADE,UP,ACCUM,2,2,0.5002,1.0003,21,0.4997,13,0.5093,13,1.0090,-0.1173,0.38,-4.1147,3.8853,0.0000,381.95,SUCCESS
2025-12-19T17:45:11.729048+00:00,btc-updown-15m-1766166300,TRADE,DOWN,ACCUM,2,2,0.5100,1.0200,21,0.4997,15,0.5094,15,1.0091,-0.1366,0.29,-3.1347,2.8653,0.0000,380.93,SUCCESS
2025-12-19T17:45:12.124728+00:00,btc-updown-15m-1766166300,TRADE,UP,ACCUM,2,2,0.4802,0.9605,23,0.4980,15,0.5094,15,1.0074,-0.1113,0.35,-4.0952,3.9048,0.0000,379.97,SUCCESS
2025-12-19T17:45:12.735590+00:00,btc-updown-15m-1766166300,TRADE,UP,ACCUM,2,2,0.4801,0.9603,25,0.4966,15,0.5094,15,1.0060,-0.0899,0.40,-5.0554,4.9446,0.0000,379.01,SUCCESS
2025-12-19T17:45:13.204975+00:00,btc-updown-15m-1766166300,TRADE,UP,ACCUM,2,2,0.5001,1.0002,27,0.4968,15,0.5094,15,1.0063,-0.0938,0.44,-6.0556,5.9444,0.0000,378.01,SUCCESS
2025-12-19T17:45:13.205474+00:00,btc-updown-15m-1766166300,TRADE,DOWN,ACCUM,2,1,0.5101,0.5101,27,0.4968,16,0.5095,16,1.0063,-0.1007,0.41,-5.5657,5.4343,0.0000,377.50,SUCCESS
2025-12-19T17:45:14.935047+00:00,btc-updown-15m-1766166300,TRADE,DOWN,ACCUM,4,2,0.5002,1.0005,27,0.4968,18,0.5084,18,1.0053,-0.0948,0.33,-4.5661,4.4339,0.0000,376.50,SUCCESS
2025-12-19T17:45:15.633293+00:00,btc-updown-15m-1766166300,TRADE,UP,ACCUM,2,2,0.5101,1.0202,29,0.4977,18,0.5084,18,1.0062,-0.1113,0.38,-5.5864,5.4136,0.0000,375.48,SUCCESS
2025-12-19T17:45:15.633792+00:00,btc-updown-15m-1766166300,TRADE,DOWN,ACCUM,2,2,0.5102,1.0204,29,0.4977,20,0.5086,20,1.0064,-0.1271,0.31,-4.6067,4.3933,0.0000,374.46,SUCCESS
2025-12-19T17:45:16.272797+00:00,btc-updown-15m-1766166300,TRADE,UP,ACCUM,2,2,0.5002,1.0005,31,0.4979,20,0.5086,20,1.0065,-0.1303,0.35,-5.6072,5.3928,0.0000,373.46,SUCCESS
2025-12-19T17:45:16.273108+00:00,btc-updown-15m-1766166300,TRADE,DOWN,ACCUM,2,2,0.5200,1.0400,31,0.4979,22,0.5097,22,1.0076,-0.1662,0.29,-4.6473,4.3527,0.0000,372.42,SUCCESS
2025-12-19T17:45:16.736620+00:00,btc-updown-15m-1766166300,TRADE,DOWN,ACCUM,2,2,0.5201,1.0403,31,0.4979,24,0.5105,24,1.0084,-0.2022,0.23,-3.6875,3.3125,0.0000,371.38,SUCCESS
2025-12-19T17:45:17.181742+00:00,btc-updown-15m-1766166300,TRADE,UP,ACCUM,2,2,0.4901,0.9801,33,0.4974,24,0.5105,24,1.0080,-0.1908,0.27,-4.6676,4.3324,0.0000,370.40,SUCCESS
2025-12-19T17:45:17.653135+00:00,btc-updown-15m-1766166300,TRADE,UP,ACCUM,2,2,0.4901,0.9802,35,0.4970,24,0.5105,24,1.0075,-0.1807,0.31,-5.6478,5.3522,0.0000,369.42,SUCCESS
2025-12-19T17:45:17.653518+00:00,btc-updown-15m-1766166300,TRADE,DOWN,ACCUM,2,2,0.5201,1.0401,35,0.4970,26,0.5113,26,1.0083,-0.2149,0.26,-4.6879,4.3121,0.0000,368.38,SUCCESS
2025-12-19T17:45:18.199137+00:00,btc-updown-15m-1766166300,TRADE,DOWN,ACCUM,2,2,0.5201,1.0402,35,0.4970,28,0.5119,28,1.0089,-0.2490,0.20,-3.7280,3.2720,0.0000,367.34,SUCCESS
2025-12-19T17:45:18.622482+00:00,btc-updown-15m-1766166300,TRADE,UP,ACCUM,2,2,0.4901,0.9802,37,0.4966,28,0.5119,28,1.0085,-0.2386,0.24,-4.7082,4.2918,0.0000,366.36,SUCCESS
2025-12-19T17:45:19.062399+00:00,btc-updown-15m-1766166300,TRADE,UP,ACCUM,2,2,0.4801,0.9601,39,0.4958,28,0.5119,28,1.0077,-0.2148,0.28,-5.6684,5.3316,0.0000,365.40,SUCCESS
2025-12-19T17:45:19.939727+00:00,btc-updown-15m-1766166300,TRADE,DOWN,ACCUM,4,4,0.5400,2.1602,39,0.4958,32,0.5154,32,1.0112,-0.3581,0.18,-3.8285,3.1715,0.0000,363.24,SUCCESS
2025-12-19T17:45:20.490269+00:00,btc-updown-15m-1766166300,TRADE,UP,ACCUM,2,2,0.4702,0.9404,41,0.4945,32,0.5154,32,1.0099,-0.3182,0.22,-4.7690,4.2310,0.0000,362.30,SUCCESS
2025-12-19T17:45:20.936233+00:00,btc-updown-15m-1766166300,TRADE,UP,ACCUM,2,2,0.4601,0.9201,43,0.4929,32,0.5154,32,1.0083,-0.2668,0.26,-5.6891,5.3109,0.0000,361.38,SUCCESS
2025-12-19T17:45:21.371678+00:00,btc-updown-15m-1766166300,TRADE,DOWN,ACCUM,4,4,0.5602,2.2409,43,0.4929,36,0.5204,36,1.0133,-0.4795,0.16,-3.9300,3.0700,0.0000,359.14,SUCCESS
2025-12-19T17:45:23.848734+00:00,btc-updown-15m-1766166300,TRADE,UP,ACCUM,2,2,0.4101,0.8203,45,0.4893,36,0.5204,36,1.0096,-0.3470,0.20,-4.7503,4.2497,0.0000,358.32,SUCCESS
2025-12-19T17:45:24.868745+00:00,btc-updown-15m-1766166300,TRADE,UP,ACCUM,2,2,0.4102,0.8204,47,0.4859,36,0.5204,36,1.0063,-0.2259,0.23,-5.5706,5.4294,0.0000,357.50,SUCCESS
2025-12-19T17:45:25.518783+00:00,btc-updown-15m-1766166300,TRADE,DOWN,ACCUM,4,4,0.5800,2.3200,47,0.4859,40,0.5264,40,1.0122,-0.4895,0.15,-3.8907,3.1093,0.0000,355.18,SUCCESS
2025-12-19T17:45:25.958076+00:00,btc-updown-15m-1766166300,TRADE,UP,ACCUM,2,2,0.4302,0.8604,49,0.4836,40,0.5264,40,1.0100,-0.3986,0.18,-4.7511,4.2489,0.0000,354.32,SUCCESS
2025-12-19T17:45:26.418523+00:00,btc-updown-15m-1766166300,TRADE,UP,ACCUM,2,2,0.4302,0.8603,51,0.4815,40,0.5264,40,1.0079,-0.3147,0.22,-5.6114,5.3886,0.0000,353.46,SUCCESS
2025-12-19T17:45:26.878107+00:00,btc-updown-15m-1766166300,TRADE,DOWN,ACCUM,4,4,0.5800,2.3201,51,0.4815,44,0.5312,44,1.0127,-0.5609,0.14,-3.9315,3.0685,0.0000,351.14,SUCCESS
2025-12-19T17:47:59.030890+00:00,btc-updown-15m-1766166300,TRADE,DOWN,ACCUM,2,2,0.4602,0.9204,51,0.4815,46,0.5281,46,1.0097,-0.4443,0.10,-2.8519,2.1481,0.0000,350.22,SUCCESS
2025-12-19T17:47:59.461563+00:00,btc-updown-15m-1766166300,TRADE,DOWN,ACCUM,2,2,0.4702,0.9405,51,0.4815,48,0.5257,48,1.0072,-0.3478,0.06,-1.7923,1.2077,0.0000,349.28,SUCCESS
2025-12-19T17:47:59.881742+00:00,btc-updown-15m-1766166300,TRADE,DOWN,ACCUM,2,2,0.4801,0.9601,51,0.4815,50,0.5239,50,1.0054,-0.2710,0.02,-0.7525,0.2475,0.0000,348.32,SUCCESS
2025-12-19T19:46:22.553353+00:00,btc-updown-15m-1766173500,TRADE,UP,ACCUM,2,2,0.4700,0.9400,2,0.4700,0,0.0000,0,0.0000,0.0000,1.00,-0.9400,1.0600,0.0000,99.06,SUCCESS
2025-12-19T19:46:22.555251+00:00,btc-updown-15m-1766173500,TRADE,DOWN,ACCUM,2,2,0.5402,1.0804,2,0.4700,2,0.5402,2,1.0102,-0.0204,0.00,-0.0204,-0.0204,0.0000,97.98,SUCCESS
2025-12-19T19:46:52.214344+00:00,btc-updown-15m-1766173500,TRADE,UP,ACCUM,2,2,0.4300,0.8601,4,0.4500,2,0.5402,2,0.9902,0.0195,0.50,-0.8805,1.1195,0.0000,97.12,SUCCESS
2025-12-19T19:46:52.609260+00:00,btc-updown-15m-1766173500,TRADE,UP,ACCUM,2,2,0.4300,0.8601,6,0.4434,2,0.5402,2,0.9836,0.0329,0.67,-1.7406,2.2594,0.0000,96.26,SUCCESS
2025-12-19T19:46:53.013256+00:00,btc-updown-15m-1766173500,TRADE,UP,ACCUM,2,2,0.4301,0.8602,8,0.4400,2,0.5402,2,0.9803,0.0395,0.75,-2.6008,3.3992,0.0000,95.40,SUCCESS
2025-12-19T19:46:53.452843+00:00,btc-updown-15m-1766173500,TRADE,UP,ACCUM,2,2,0.4401,0.8801,10,0.4401,2,0.5402,2,0.9803,0.0395,0.80,-3.4809,4.5191,0.0000,94.52,SUCCESS
2025-12-19T19:46:54.238530+00:00,btc-updown-15m-1766173500,TRADE,UP,ACCUM,2,2,0.4402,0.8803,12,0.4401,2,0.5402,2,0.9803,0.0395,0.83,-4.3612,5.6388,0.0000,93.64,SUCCESS
2025-12-19T19:46:54.627152+00:00,btc-updown-15m-1766173500,TRADE,UP,ACCUM,2,2,0.4301,0.8601,14,0.4386,2,0.5402,2,0.9788,0.0423,0.86,-5.2213,6.7787,0.0000,92.78,SUCCESS
2025-12-19T19:46:55.248034+00:00,btc-updown-15m-1766173500,TRADE,UP,ACCUM,2,2,0.4301,0.8603,16,0.4376,2,0.5402,2,0.9778,0.0444,0.88,-6.0816,7.9184,0.0000,91.92,SUCCESS
2025-12-19T19:46:56.151121+00:00,btc-updown-15m-1766173500,TRADE,UP,ACCUM,2,2,0.4300,0.8601,18,0.4367,2,0.5402,2,0.9769,0.0461,0.89,-6.9417,9.0583,0.0000,91.06,SUCCESS
2025-12-19T19:46:56.557315+00:00,btc-updown-15m-1766173500,TRADE,UP,ACCUM,2,2,0.4400,0.8800,20,0.4371,2,0.5402,2,0.9773,0.0455,0.90,-7.8217,10.1783,0.0000,90.18,SUCCESS
2025-12-19T19:46:57.054558+00:00,btc-updown-15m-1766173500,TRADE,UP,ACCUM,2,2,0.4400,0.8801,22,0.4373,2,0.5402,2,0.9775,0.0449,0.91,-8.7017,11.2983,0.0000,89.30,SUCCESS
2025-12-19T19:46:57.894033+00:00,btc-updown-15m-1766173500,TRADE,UP,ACCUM,2,2,0.4402,0.8804,24,0.4376,2,0.5402,2,0.9778,0.0444,0.92,-9.5822,12.4178,0.0000,88.42,SUCCESS
2025-12-19T19:46:58.527568+00:00,btc-updown-15m-1766173500,TRADE,DOWN,ACCUM,4,4,0.5803,2.3212,24,0.4376,6,0.5669,6,1.0045,-0.0270,0.75,-7.9033,10.0967,0.0000,86.10,SUCCESS
2025-12-19T19:47:27.188655+00:00,btc-updown-15m-1766173500,TRADE,DOWN,ACCUM,2,2,0.5201,1.0401,24,0.4376,8,0.5552,8,0.9928,0.0577,0.67,-6.9434,9.0566,0.0000,85.06,SUCCESS
2025-12-19T19:47:28.146790+00:00,btc-updown-15m-1766173500,TRADE,DOWN,ACCUM,2,2,0.5201,1.0401,24,0.4376,10,0.5482,10,0.9858,0.1425,0.58,-5.9836,8.0164,0.0000,84.02,SUCCESS
2025-12-19T19:47:28.679910+00:00,btc-updown-15m-1766173500,TRADE,UP,ACCUM,2,2,0.4902,0.9804,26,0.4416,10,0.5482,10,0.9898,0.1020,0.62,-6.9639,9.0361,0.0000,83.04,SUCCESS
2025-12-19T19:47:28.680373+00:00,btc-updown-15m-1766173500,TRADE,DOWN,ACCUM,2,2,0.5201,1.0401,26,0.4416,12,0.5435,12,0.9851,0.1786,0.54,-6.0041,7.9959,0.0000,82.00,SUCCESS
2025-12-19T19:47:29.100789+00:00,btc-updown-15m-1766173500,TRADE,UP,ACCUM,2,2,0.4899,0.9798,28,0.4451,12,0.5435,12,0.9886,0.1373,0.57,-6.9839,9.0161,0.0000,81.02,SUCCESS
2025-12-19T19:47:29.101255+00:00,btc-updown-15m-1766173500,TRADE,DOWN,ACCUM,2,2,0.5201,1.0403,28,0.4451,14,0.5402,14,0.9852,0.2069,0.50,-6.0241,7.9759,0.0000,79.98,SUCCESS
2025-12-19T19:47:29.490229+00:00,btc-updown-15m-1766173500,TRADE,UP,ACCUM,2,2,0.4902,0.9805,30,0.4481,14,0.5402,14,0.9882,0.1647,0.53,-7.0046,8.9954,0.0000,79.00,SUCCESS
2025-12-19T19:47:29.490446+00:00,btc-updown-15m-1766173500,TRADE,DOWN,ACCUM,2,2,0.5202,1.0405,30,0.4481,16,0.5377,16,0.9857,0.2280,0.47,-6.0451,7.9549,0.0000,77.95,SUCCESS
2025-12-19T19:47:29.900946+00:00,btc-updown-15m-1766173500,TRADE,DOWN,ACCUM,2,2,0.5402,1.0804,30,0.4481,18,0.5379,18,0.9860,0.2515,0.40,-5.1255,6.8745,0.0000,76.87,SUCCESS
2025-12-19T19:47:30.360187+00:00,btc-updown-15m-1766173500,TRADE,UP,ACCUM,2,2,0.4701,0.9402,32,0.4495,18,0.5379,18,0.9874,0.2267,0.44,-6.0657,7.9343,0.0000,75.93,SUCCESS
2025-12-19T19:47:30.360464+00:00,btc-updown-15m-1766173500,TRADE,DOWN,ACCUM,2,2,0.5402,1.0804,32,0.4495,20,0.5382,20,0.9876,0.2474,0.38,-5.1461,6.8539,0.0000,74.85,SUCCESS
2025-12-19T19:47:30.878875+00:00,btc-updown-15m-1766173500,TRADE,UP,ACCUM,2,2,0.4702,0.9404,34,0.4507,20,0.5382,20,0.9889,0.2230,0.41,-6.0865,7.9135,0.0000,73.91,SUCCESS
2025-12-19T19:47:30.878991+00:00,btc-updown-15m-1766173500,TRADE,DOWN,ACCUM,2,2,0.5502,1.1004,34,0.4507,22,0.5393,22,0.9899,0.2212,0.35,-5.1869,6.8131,0.0000,72.81,SUCCESS
2025-12-19T19:47:31.289728+00:00,btc-updown-15m-1766173500,TRADE,UP,ACCUM,2,2,0.4602,0.9203,36,0.4512,22,0.5393,22,0.9905,0.2096,0.39,-6.1072,7.8928,0.0000,71.89,SUCCESS
2025-12-19T19:47:31.289922+00:00,btc-updown-15m-1766173500,TRADE,DOWN,ACCUM,2,2,0.5700,1.1401,36,0.4512,24,0.5418,24,0.9930,0.1671,0.33,-5.2473,6.7527,0.0000,70.75,SUCCESS
2025-12-19T19:47:31.702703+00:00,btc-updown-15m-1766173500,TRADE,UP,ACCUM,2,2,0.4400,0.8800,38,0.4506,24,0.5418,24,0.9924,0.1813,0.37,-6.1273,7.8727,0.0000,69.87,SUCCESS
2025-12-19T19:47:32.131957+00:00,btc-updown-15m-1766173500,TRADE,UP,ACCUM,2,2,0.4500,0.9000,40,0.4506,24,0.5418,24,0.9924,0.1820,0.40,-7.0273,8.9727,0.0000,68.97,SUCCESS
2025-12-19T19:47:32.132420+00:00,btc-updown-15m-1766173500,TRADE,DOWN,ACCUM,2,2,0.5701,1.1403,40,0.4506,26,0.5440,26,0.9946,0.1406,0.35,-6.1676,7.8324,0.0000,67.83,SUCCESS
2025-12-19T19:47:32.556616+00:00,btc-updown-15m-1766173500,TRADE,UP,ACCUM,2,2,0.4502,0.9004,42,0.4506,26,0.5440,26,0.9946,0.1411,0.38,-7.0680,8.9320,0.0000,66.93,SUCCESS
2025-12-19T19:47:33.070089+00:00,btc-updown-15m-1766173500,TRADE,UP,ACCUM,2,2,0.4502,0.9004,44,0.4505,26,0.5440,26,0.9946,0.1415,0.41,-7.9683,10.0317,0.0000,66.03,SUCCESS
2025-12-19T19:47:33.698857+00:00,btc-updown-15m-1766173500,TRADE,UP,ACCUM,2,2,0.4600,0.9201,46,0.4510,26,0.5440,26,0.9950,0.1308,0.43,-8.8884,11.1116,0.0000,65.11,SUCCESS
2025-12-19T19:47:33.699026+00:00,btc-updown-15m-1766173500,TRADE,DOWN,ACCUM,2,2,0.5502,1.1005,46,0.4510,28,0.5445,28,0.9954,0.1284,0.39,-7.9889,10.0111,0.0000,64.01,SUCCESS
2025-12-19T19:47:35.381544+00:00,btc-updown-15m-1766173500,TRADE,DOWN,ACCUM,2,2,0.5302,1.0605,46,0.4510,30,0.5435,30,0.9945,0.1660,0.35,-7.0494,8.9506,0.0000,62.95,SUCCESS
2025-12-19T19:47:35.882753+00:00,btc-updown-15m-1766173500,TRADE,DOWN,ACCUM,2,2,0.5200,1.0401,46,0.4510,32,0.5420,32,0.9930,0.2240,0.30,-6.0895,7.9105,0.0000,61.91,SUCCESS
2025-12-19T19:47:36.286458+00:00,btc-updown-15m-1766173500,TRADE,UP,ACCUM,2,2,0.4900,0.9800,48,0.4526,32,0.5420,32,0.9946,0.1719,0.33,-7.0695,8.9305,0.0000,60.93,SUCCESS
2025-12-19T19:47:36.286872+00:00,btc-updown-15m-1766173500,TRADE,DOWN,ACCUM,2,2,0.5200,1.0401,48,0.4526,34,0.5407,34,0.9933,0.2266,0.29,-6.1096,7.8904,0.0000,59.89,SUCCESS
2025-12-19T19:47:36.718148+00:00,btc-updown-15m-1766173500,TRADE,UP,ACCUM,2,2,0.4901,0.9801,50,0.4541,34,0.5407,34,0.9948,0.1757,0.32,-7.0897,8.9103,0.0000,58.91,SUCCESS
2025-12-19T19:47:36.718458+00:00,btc-updown-15m-1766173500,TRADE,DOWN,ACCUM,2,1,0.5202,0.5202,50,0.4541,35,0.5402,35,0.9942,0.2014,0.30,-6.6099,8.3901,0.0000,58.39,SUCCESS
2025-12-19T19:47:37.674312+00:00,btc-updown-15m-1766173500,TRADE,DOWN,ACCUM,2,2,0.5201,1.0403,50,0.4541,37,0.5391,37,0.9932,0.2530,0.26,-5.6501,7.3499,0.0000,57.35,SUCCESS
2025-12-19T19:47:38.625460+00:00,btc-updown-15m-1766173500,TRADE,DOWN,ACCUM,2,2,0.5202,1.0404,50,0.4541,39,0.5381,39,0.9922,0.3044,0.22,-4.6905,6.3095,0.0000,56.31,SUCCESS
2025-12-19T19:47:39.130386+00:00,btc-updown-15m-1766173500,TRADE,DOWN,ACCUM,2,2,0.5202,1.0403,50,0.4541,41,0.5372,41,0.9913,0.3559,0.18,-3.7309,5.2691,0.0000,55.27,SUCCESS
2025-12-19T19:47:39.531855+00:00,btc-updown-15m-1766173500,TRADE,DOWN,ACCUM,2,2,0.5202,1.0404,50,0.4541,43,0.5364,43,0.9905,0.4073,0.14,-2.7713,4.2287,0.0000,54.23,SUCCESS
2025-12-19T19:47:39.917642+00:00,btc-updown-15m-1766173500,TRADE,DOWN,ACCUM,2,2,0.5201,1.0403,50,0.4541,45,0.5357,45,0.9898,0.4589,0.10,-1.8116,3.1884,0.0000,53.19,SUCCESS
2025-12-19T19:47:40.408338+00:00,btc-updown-15m-1766173500,TRADE,DOWN,ACCUM,2,2,0.5201,1.0403,50,0.4541,47,0.5351,47,0.9891,0.5104,0.06,-0.8518,2.1482,0.0000,52.15,SUCCESS
2025-12-19T19:47:40.827389+00:00,btc-updown-15m-1766173500,TRADE,DOWN,ACCUM,2,2,0.4800,0.9600,50,0.4541,49,0.5328,49,0.9869,0.6422,0.02,0.1882,1.1882,0.0000,51.19,SUCCESS
2025-12-19T19:47:41.244264+00:00,btc-updown-15m-1766173500,TRADE,DOWN,VOL,2,2,0.4601,0.9202,0,0.0000,2,0.4601,0,0.0000,0.0000,1.00,-0.9202,1.0798,0.0000,99.08,SUCCESS
2025-12-19T19:47:41.646035+00:00,btc-updown-15m-1766173500,TRADE,DOWN,VOL,2,2,0.4601,0.9202,0,0.0000,4,0.4601,0,0.0000,0.0000,1.00,-1.8404,2.1596,0.0000,98.16,SUCCESS
2025-12-19T19:47:41.741622+00:00,btc-updown-15m-1766173500,TRADE,DOWN,ACCUM,2,2,0.4600,0.9200,50,0.4541,51,0.5300,50,0.9840,0.7981,0.02,0.2681,1.2681,0.0000,50.27,SUCCESS
2025-12-19T19:47:42.074315+00:00,btc-updown-15m-1766173500,TRADE,DOWN,VOL,2,2,0.4502,0.9004,0,0.0000,6,0.4568,0,0.0000,0.0000,1.00,-2.7408,3.2592,0.0000,97.26,SUCCESS
2025-12-19T19:47:42.506876+00:00,btc-updown-15m-1766173500,TRADE,DOWN,VOL,2,2,0.4601,0.9203,0,0.0000,8,0.4576,0,0.0000,0.0000,1.00,-3.6611,4.3389,0.0000,96.34,SUCCESS
2025-12-19T19:47:43.037059+00:00,btc-updown-15m-1766173500,TRADE,DOWN,VOL,2,2,0.4601,0.9202,0,0.0000,10,0.4581,0,0.0000,0.0000,1.00,-4.5812,5.4188,0.0000,95.42,SUCCESS
2025-12-19T19:47:49.106890+00:00,btc-updown-15m-1766173500,TRADE,UP,VOL,2,2,0.5301,1.0602,2,0.5301,10,0.4581,2,0.9882,0.0235,0.80,-3.6415,4.3585,0.0000,94.36,SUCCESS
2025-12-19T19:47:49.605627+00:00,btc-updown-15m-1766173500,TRADE,UP,VOL,2,2,0.5300,1.0601,4,0.5301,10,0.4581,4,0.9882,0.0472,0.60,-2.7015,3.2985,0.0000,93.30,SUCCESS
2025-12-19T19:47:50.050639+00:00,btc-updown-15m-1766173500,TRADE,UP,VOL,2,2,0.5301,1.0601,6,0.5301,10,0.4581,6,0.9882,0.0709,0.40,-1.7616,2.2384,0.0000,92.24,SUCCESS
2025-12-19T19:47:50.463991+00:00,btc-updown-15m-1766173500,TRADE,UP,VOL,2,2,0.5300,1.0599,8,0.5300,10,0.4581,8,0.9882,0.0947,0.20,-0.8215,1.1785,0.0000,91.18,SUCCESS
2025-12-19T19:47:55.536296+00:00,btc-updown-15m-1766173500,TRADE,DOWN,VOL,2,2,0.4601,0.9201,8,0.5300,12,0.4584,8,0.9885,0.0921,0.33,-1.7416,2.2584,0.0000,90.26,SUCCESS
2025-12-19T19:47:55.936665+00:00,btc-updown-15m-1766173500,TRADE,DOWN,VOL,2,2,0.4498,0.8996,8,0.5300,14,0.4572,8,0.9873,0.1020,0.43,-2.6413,3.3587,0.0000,89.36,SUCCESS
2025-12-19T19:47:56.350121+00:00,btc-updown-15m-1766173500,TRADE,DOWN,VOL,2,2,0.4401,0.8801,8,0.5300,16,0.4551,8,0.9851,0.1191,0.50,-3.5214,4.4786,0.0000,88.48,SUCCESS
2025-12-19T19:47:56.726466+00:00,btc-updown-15m-1766173500,TRADE,DOWN,VOL,2,2,0.4202,0.8403,8,0.5300,18,0.4512,8,0.9812,0.1502,0.56,-4.3617,5.6383,0.0000,87.64,SUCCESS
2025-12-19T19:47:57.160555+00:00,btc-updown-15m-1766173500,TRADE,DOWN,VOL,2,2,0.4200,0.8400,8,0.5300,20,0.4481,8,0.9781,0.1751,0.60,-5.2017,6.7983,0.0000,86.80,SUCCESS
2025-12-19T19:47:58.062741+00:00,btc-updown-15m-1766173500,TRADE,DOWN,VOL,2,2,0.4102,0.8203,8,0.5300,22,0.4446,8,0.9747,0.2027,0.64,-6.0221,7.9779,0.0000,85.98,SUCCESS
2025-12-19T19:47:58.463035+00:00,btc-updown-15m-1766173500,TRADE,DOWN,VOL,2,1,0.4101,0.4101,8,0.5300,23,0.4431,8,0.9732,0.2147,0.65,-6.4322,8.5678,0.0000,85.57,SUCCESS
2025-12-19T19:48:06.221221+00:00,btc-updown-15m-1766173500,TRADE,UP,VOL,2,2,0.5603,1.1205,10,0.5361,23,0.4431,10,0.9792,0.2079,0.57,-5.5527,7.4473,0.0000,84.45,SUCCESS
2025-12-19T19:48:06.616552+00:00,btc-updown-15m-1766173500,TRADE,UP,VOL,2,2,0.5603,1.1205,12,0.5401,23,0.4431,12,0.9832,0.2011,0.48,-4.6732,6.3268,0.0000,83.33,SUCCESS
2025-12-19T19:48:07.180711+00:00,btc-updown-15m-1766173500,TRADE,UP,VOL,2,2,0.5600,1.1200,14,0.5430,23,0.4431,14,0.9861,0.1949,0.39,-3.7933,5.2067,0.0000,82.21,SUCCESS
2025-12-19T19:48:07.692977+00:00,btc-updown-15m-1766173500,TRADE,UP,VOL,2,1,0.5602,0.5602,15,0.5441,23,0.4431,15,0.9872,0.1915,0.35,-3.3535,4.6465,0.0000,81.65,SUCCESS
2025-12-19T19:48:08.465802+00:00,btc-updown-15m-1766173500,TRADE,UP,VOL,2,2,0.5302,1.0605,17,0.5425,23,0.4431,17,0.9856,0.2448,0.26,-2.4140,3.5860,0.0000,80.59,SUCCESS
2025-12-19T19:48:08.984065+00:00,btc-updown-15m-1766173500,TRADE,UP,VOL,2,2,0.5300,1.0600,19,0.5412,23,0.4431,19,0.9843,0.2985,0.17,-1.4740,2.5260,0.0000,79.53,SUCCESS
2025-12-19T19:48:09.536656+00:00,btc-updown-15m-1766173500,TRADE,UP,VOL,2,2,0.5402,1.0804,21,0.5411,23,0.4431,21,0.9842,0.3318,0.09,-0.5545,1.4455,0.0000,78.45,SUCCESS
2025-12-19T19:48:12.814598+00:00,btc-updown-15m-1766173500,TRADE,DOWN,VOL,2,2,0.4602,0.9204,21,0.5411,25,0.4445,21,0.9856,0.3031,0.16,-1.4749,2.5251,0.0000,77.53,SUCCESS
2025-12-19T19:48:24.003032+00:00,btc-updown-15m-1766173500,TRADE,UP,VOL,2,2,0.5302,1.0604,23,0.5401,25,0.4445,23,0.9846,0.3537,0.08,-0.5353,1.4647,0.0000,76.46,SUCCESS
2025-12-19T19:48:24.419565+00:00,btc-updown-15m-1766173500,TRADE,UP,VOL,2,2,0.5300,1.0600,25,0.5393,25,0.4445,25,0.9838,0.4047,0.00,0.4047,0.4047,0.0000,75.40,SUCCESS
2025-12-19T19:48:26.577969+00:00,btc-updown-15m-1766173500,TRADE,DOWN,VOL,2,2,0.4500,0.9000,25,0.5393,27,0.4449,25,0.9842,0.3944,0.07,-0.4954,1.5046,0.0000,74.50,SUCCESS
2025-12-19T19:48:27.031454+00:00,btc-updown-15m-1766173500,TRADE,DOWN,VOL,2,2,0.4500,0.8999,25,0.5393,29,0.4453,25,0.9846,0.3857,0.14,-1.3953,2.6047,0.0000,73.60,SUCCESS
2025-12-19T19:48:27.436586+00:00,btc-updown-15m-1766173500,TRADE,DOWN,VOL,2,2,0.4402,0.8804,25,0.5393,31,0.4449,25,0.9842,0.3938,0.19,-2.2757,3.7243,0.0000,72.72,SUCCESS
2025-12-19T19:48:27.998159+00:00,btc-updown-15m-1766173500,TRADE,DOWN,VOL,2,2,0.4401,0.8802,25,0.5393,33,0.4446,25,0.9840,0.4011,0.24,-3.1559,4.8441,0.0000,71.84,SUCCESS
2025-12-19T19:48:28.386408+00:00,btc-updown-15m-1766173500,TRADE,DOWN,VOL,2,2,0.4500,0.9001,25,0.5393,35,0.4449,25,0.9843,0.3934,0.29,-4.0560,5.9440,0.0000,70.94,SUCCESS
2025-12-19T19:48:30.557695+00:00,btc-updown-15m-1766173500,TRADE,DOWN,VOL,2,2,0.4401,0.8802,25,0.5393,37,0.4447,25,0.9840,0.4000,0.32,-4.9362,7.0638,0.0000,70.06,SUCCESS
2025-12-19T19:48:31.058063+00:00,btc-updown-15m-1766173500,TRADE,DOWN,VOL,2,2,0.4401,0.8801,25,0.5393,39,0.4444,25,0.9838,0.4059,0.36,-5.8163,8.1837,0.0000,69.18,SUCCESS
2025-12-19T19:48:36.381020+00:00,btc-updown-15m-1766173500,TRADE,DOWN,VOL,2,2,0.4301,0.8603,25,0.5393,41,0.4437,25,0.9831,0.4233,0.39,-6.6766,9.3234,0.0000,68.32,SUCCESS
2025-12-19T19:48:36.850681+00:00,btc-updown-15m-1766173500,TRADE,DOWN,VOL,2,2,0.4202,0.8404,25,0.5393,43,0.4427,25,0.9820,0.4507,0.42,-7.5170,10.4830,0.0000,67.48,SUCCESS
2025-12-19T19:48:37.233230+00:00,btc-updown-15m-1766173500,TRADE,DOWN,VOL,2,2,0.4200,0.8401,25,0.5393,45,0.4416,25,0.9810,0.4758,0.44,-8.3571,11.6429,0.0000,66.64,SUCCESS
2025-12-19T19:48:38.029760+00:00,btc-updown-15m-1766173500,TRADE,DOWN,VOL,2,2,0.4199,0.8397,25,0.5393,47,0.4407,25,0.9800,0.4990,0.47,-9.1968,12.8032,0.0000,65.80,SUCCESS
2025-12-19T19:48:38.459322+00:00,btc-updown-15m-1766173500,TRADE,UP,VOL,2,2,0.5903,1.1805,27,0.5431,47,0.4407,27,0.9838,0.4370,0.43,-8.3773,11.6227,0.0000,64.62,SUCCESS
2025-12-19T19:48:40.087179+00:00,btc-updown-15m-1766173500,TRADE,UP,VOL,2,2,0.5702,1.1405,29,0.5450,47,0.4407,29,0.9857,0.4151,0.38,-7.5178,10.4822,0.0000,63.48,SUCCESS
2025-12-19T19:48:40.483578+00:00,btc-updown-15m-1766173500,TRADE,UP,VOL,2,2,0.5700,1.1401,31,0.5466,47,0.4407,31,0.9873,0.3936,0.34,-6.6579,9.3421,0.0000,62.34,SUCCESS
2025-12-19T19:48:40.923814+00:00,btc-updown-15m-1766173500,TRADE,UP,VOL,2,2,0.5602,1.1204,33,0.5474,47,0.4407,33,0.9881,0.3917,0.30,-5.7783,8.2217,0.0000,61.22,SUCCESS
2025-12-19T19:48:41.330302+00:00,btc-updown-15m-1766173500,TRADE,UP,VOL,2,1,0.5602,0.5602,34,0.5478,47,0.4407,34,0.9885,0.3908,0.28,-5.3385,7.6615,0.0000,60.66,SUCCESS
2025-12-19T19:48:41.728030+00:00,btc-updown-15m-1766173500,TRADE,UP,VOL,2,2,0.5502,1.1004,36,0.5479,47,0.4407,36,0.9886,0.4090,0.23,-4.4389,6.5611,0.0000,59.56,SUCCESS
2025-12-19T19:48:42.145430+00:00,btc-updown-15m-1766173500,TRADE,UP,VOL,2,2,0.5503,1.1005,38,0.5480,47,0.4407,38,0.9888,0.4270,0.19,-3.5395,5.4605,0.0000,58.46,SUCCESS
2025-12-19T19:48:42.553255+00:00,btc-updown-15m-1766173500,TRADE,UP,VOL,2,2,0.5500,1.1000,40,0.5481,47,0.4407,40,0.9889,0.4455,0.15,-2.6395,4.3605,0.0000,57.36,SUCCESS
2025-12-19T19:48:42.948029+00:00,btc-updown-15m-1766173500,TRADE,UP,VOL,2,2,0.5402,1.0804,42,0.5478,47,0.4407,42,0.9885,0.4837,0.11,-1.7199,3.2801,0.0000,56.28,SUCCESS
2025-12-19T19:48:43.339533+00:00,btc-updown-15m-1766173500,TRADE,UP,VOL,2,2,0.5401,1.0801,44,0.5474,47,0.4407,44,0.9881,0.5221,0.06,-0.8000,2.2000,0.0000,55.20,SUCCESS
2025-12-19T19:48:43.854112+00:00,btc-updown-15m-1766173500,TRADE,UP,VOL,2,2,0.4901,0.9803,46,0.5449,47,0.4407,46,0.9856,0.6604,0.02,0.2197,1.2197,0.0000,54.22,SUCCESS
2025-12-19T19:48:44.324896+00:00,btc-updown-15m-1766173500,TRADE,UP,VOL,2,2,0.4902,0.9805,48,0.5426,47,0.4407,47,0.9834,0.7819,0.02,0.2393,1.2393,0.0000,53.24,SUCCESS
2025-12-19T19:48:44.743231+00:00,btc-updown-15m-1766173500,TRADE,UP,VOL,2,2,0.4500,0.9001,50,0.5389,47,0.4407,47,0.9797,0.9560,0.06,-0.6608,2.3392,0.0000,52.34,SUCCESS
2025-12-19T19:48:45.162641+00:00,btc-updown-15m-1766173500,TRADE,UP,VOL,2,2,0.4502,0.9004,52,0.5355,47,0.4407,47,0.9762,1.1164,0.10,-1.5612,3.4388,0.0000,51.44,SUCCESS
2025-12-19T19:48:46.189701+00:00,btc-updown-15m-1766173500,TRADE,UP,VOL,2,2,0.4501,0.9001,54,0.5324,47,0.4407,47,0.9731,1.2652,0.13,-2.4613,4.5387,0.0000,50.54,SUCCESS
2025-12-19T19:48:47.708620+00:00,btc-updown-15m-1766173500,TRADE,DOWN,VOL,2,2,0.4402,0.8804,54,0.5324,49,0.4407,49,0.9731,1.3201,0.09,-1.3417,3.6583,0.0000,49.66,SUCCESS
2025-12-19T19:48:48.138363+00:00,btc-updown-15m-1766173500,TRADE,DOWN,VOL,2,2,0.4201,0.8401,54,0.5324,51,0.4399,51,0.9722,1.4153,0.06,-0.1818,2.8182,0.0000,48.82,SUCCESS
2025-12-19T19:48:48.650983+00:00,btc-updown-15m-1766173500,TRADE,DOWN,VOL,2,2,0.4401,0.8803,54,0.5324,53,0.4399,53,0.9723,1.4703,0.02,0.9379,1.9379,0.0000,47.94,SUCCESS
2025-12-19T19:48:49.040843+00:00,btc-updown-15m-1766173500,TRADE,DOWN,VOL,2,2,0.4500,0.9000,54,0.5324,55,0.4403,54,0.9726,1.4782,0.02,1.0379,2.0379,0.0000,47.04,SUCCESS
2025-12-19T19:48:49.429743+00:00,btc-updown-15m-1766173500,TRADE,DOWN,VOL,2,1,0.4501,0.4501,54,0.5324,56,0.4404,54,0.9728,1.4687,0.04,0.5878,2.5878,0.0000,46.59,SUCCESS
2025-12-19T19:48:49.833980+00:00,btc-updown-15m-1766173500,TRADE,DOWN,VOL,2,2,0.4501,0.9002,54,0.5324,58,0.4408,54,0.9731,1.4507,0.07,-0.3124,3.6876,0.0000,45.69,SUCCESS
2025-12-19T19:48:50.373889+00:00,btc-updown-15m-1766173500,TRADE,DOWN,VOL,2,2,0.4500,0.9001,54,0.5324,60,0.4411,54,0.9734,1.4340,0.10,-1.2125,4.7875,0.0000,44.79,SUCCESS
2025-12-19T19:48:57.905642+00:00,btc-updown-15m-1766173500,TRADE,UP,VOL,2,2,0.5302,1.0604,56,0.5323,60,0.4411,56,0.9734,1.4915,0.07,-0.2729,3.7271,0.0000,43.73,SUCCESS
2025-12-19T19:48:59.497819+00:00,btc-updown-15m-1766173500,TRADE,UP,VOL,2,2,0.5301,1.0601,58,0.5322,60,0.4411,58,0.9733,1.5492,0.03,0.6670,2.6670,0.0000,42.67,SUCCESS
2025-12-19T19:48:59.886226+00:00,btc-updown-15m-1766173500,TRADE,UP,VOL,2,2,0.5101,1.0203,60,0.5315,60,0.4411,60,0.9726,1.6467,0.00,1.6467,1.6467,0.0000,41.65,SUCCESS
2025-12-19T19:49:00.317801+00:00,btc-updown-15m-1766173500,TRADE,UP,VOL,2,1,0.5100,0.5100,61,0.5311,60,0.4411,60,0.9722,1.6678,0.02,1.1367,2.1367,0.0000,41.14,SUCCESS
2025-12-19T19:49:00.729947+00:00,btc-updown-15m-1766173500,TRADE,UP,VOL,2,2,0.5002,1.0003,63,0.5301,60,0.4411,60,0.9712,1.7268,0.05,0.1364,3.1364,0.0000,40.14,SUCCESS
2025-12-19T19:49:01.152883+00:00,btc-updown-15m-1766173500,TRADE,UP,VOL,2,2,0.5000,1.0001,65,0.5292,60,0.4411,60,0.9703,1.7823,0.08,-0.8637,4.1363,0.0000,39.14,SUCCESS
2025-12-19T19:49:01.562825+00:00,btc-updown-15m-1766173500,TRADE,UP,VOL,2,2,0.5100,1.0200,67,0.5286,60,0.4411,60,0.9697,1.8167,0.10,-1.8837,5.1163,0.0000,38.12,SUCCESS
2025-12-19T19:49:01.981482+00:00,btc-updown-15m-1766173500,TRADE,UP,VOL,2,2,0.5101,1.0203,69,0.5281,60,0.4411,60,0.9692,1.8489,0.13,-2.9040,6.0960,0.0000,37.10,SUCCESS
2025-12-19T19:49:02.778613+00:00,btc-updown-15m-1766173500,TRADE,DOWN,VOL,2,2,0.4800,0.9600,69,0.5281,62,0.4423,62,0.9704,1.8327,0.10,-1.8640,5.1360,0.0000,36.14,SUCCESS
2025-12-19T19:49:03.224730+00:00,btc-updown-15m-1766173500,TRADE,DOWN,VOL,2,2,0.4599,0.9199,69,0.5281,64,0.4429,64,0.9710,1.8566,0.07,-0.7839,4.2161,0.0000,35.22,SUCCESS
2025-12-19T19:49:03.648125+00:00,btc-updown-15m-1766173500,TRADE,DOWN,VOL,2,2,0.4500,0.9001,69,0.5281,66,0.4431,66,0.9712,1.9003,0.04,0.3160,3.3160,0.0000,34.32,SUCCESS
2025-12-19T19:49:04.028475+00:00,btc-updown-15m-1766173500,TRADE,DOWN,VOL,2,2,0.4500,0.9000,69,0.5281,68,0.4433,68,0.9714,1.9441,0.01,1.4160,2.4160,0.0000,33.42,SUCCESS
2025-12-19T19:49:04.422378+00:00,btc-updown-15m-1766173500,TRADE,DOWN,VOL,2,2,0.4500,0.9001,69,0.5281,70,0.4435,69,0.9716,1.9594,0.01,1.5159,2.5159,0.0000,32.52,SUCCESS
2025-12-19T19:49:10.247212+00:00,btc-updown-15m-1766173500,TRADE,DOWN,VOL,2,2,0.4500,0.9000,69,0.5281,72,0.4437,69,0.9718,1.9469,0.04,0.6158,3.6158,0.0000,31.62,SUCCESS
2025-12-19T19:49:10.788643+00:00,btc-updown-15m-1766173500,TRADE,DOWN,VOL,2,2,0.4500,0.9000,69,0.5281,74,0.4439,69,0.9720,1.9351,0.07,-0.2842,4.7158,0.0000,30.72,SUCCESS
2025-12-19T19:49:11.161957+00:00,btc-updown-15m-1766173500,TRADE,DOWN,VOL,2,2,0.4502,0.9004,69,0.5281,76,0.4440,69,0.9721,1.9235,0.09,-1.1846,5.8154,0.0000,29.82,SUCCESS
2025-12-19T19:49:12.071816+00:00,btc-updown-15m-1766173500,TRADE,DOWN,VOL,2,2,0.4502,0.9004,69,0.5281,78,0.4442,69,0.9723,1.9126,0.12,-2.0850,6.9150,0.0000,28.92,SUCCESS
2025-12-19T19:49:13.302109+00:00,btc-updown-15m-1766173500,TRADE,DOWN,VOL,2,2,0.4400,0.8801,69,0.5281,80,0.4441,69,0.9722,1.9197,0.14,-2.9651,8.0349,0.0000,28.03,SUCCESS
2025-12-19T19:49:13.722517+00:00,btc-updown-15m-1766173500,TRADE,DOWN,VOL,2,2,0.4301,0.8602,69,0.5281,82,0.4437,69,0.9718,1.9433,0.16,-3.8253,9.1747,0.0000,27.17,SUCCESS
2025-12-19T19:49:14.131118+00:00,btc-updown-15m-1766173500,TRADE,DOWN,VOL,2,2,0.4301,0.8601,69,0.5281,84,0.4434,69,0.9715,1.9657,0.18,-4.6854,10.3146,0.0000,26.31,SUCCESS
2025-12-19T19:49:14.941811+00:00,btc-updown-15m-1766173500,TRADE,DOWN,VOL,2,2,0.4201,0.8403,69,0.5281,86,0.4429,69,0.9710,2.0031,0.20,-5.5257,11.4743,0.0000,25.47,SUCCESS
2025-12-19T19:49:15.337073+00:00,btc-updown-15m-1766173500,TRADE,DOWN,VOL,2,2,0.4201,0.8402,69,0.5281,88,0.4423,69,0.9705,2.0388,0.22,-6.3658,12.6342,0.0000,24.63,SUCCESS
2025-12-19T19:49:15.756452+00:00,btc-updown-15m-1766173500,TRADE,DOWN,VOL,2,2,0.4200,0.8400,69,0.5281,90,0.4419,69,0.9700,2.0730,0.23,-7.2059,13.7941,0.0000,23.79,SUCCESS
2025-12-19T19:49:16.527074+00:00,btc-updown-15m-1766173500,TRADE,UP,VOL,2,2,0.5901,1.1802,71,0.5298,90,0.4419,71,0.9717,2.0091,0.21,-6.3861,12.6139,0.0000,22.61,SUCCESS
2025-12-19T19:49:32.935925+00:00,btc-updown-15m-1766173500,TRADE,DOWN,VOL,2,2,0.4101,0.8203,71,0.5298,92,0.4412,71,0.9710,2.0581,0.23,-7.2064,13.7936,0.0000,21.79,SUCCESS
2025-12-19T19:49:33.328859+00:00,btc-updown-15m-1766173500,TRADE,UP,VOL,2,2,0.6002,1.2003,73,0.5318,92,0.4412,73,0.9729,1.9755,0.21,-6.4067,12.5933,0.0000,20.59,SUCCESS
2025-12-19T19:49:40.206753+00:00,btc-updown-15m-1766173500,TRADE,DOWN,VOL,2,2,0.4001,0.8002,73,0.5318,94,0.4403,73,0.9721,2.0392,0.22,-7.2068,13.7932,0.0000,19.79,SUCCESS
2025-12-19T19:49:40.604088+00:00,btc-updown-15m-1766173500,TRADE,UP,VOL,2,2,0.6301,1.2602,75,0.5344,94,0.4403,75,0.9747,1.8985,0.20,-6.4670,12.5330,0.0000,18.53,SUCCESS
2025-12-19T19:49:41.034411+00:00,btc-updown-15m-1766173500,TRADE,DOWN,VOL,2,2,0.3901,0.7803,75,0.5344,96,0.4392,75,0.9736,1.9768,0.22,-7.2473,13.7527,0.0000,17.75,SUCCESS
2025-12-19T19:49:41.417687+00:00,btc-updown-15m-1766173500,TRADE,UP,VOL,2,2,0.6200,1.2401,77,0.5366,96,0.4392,77,0.9759,1.8583,0.20,-6.4874,12.5126,0.0000,16.51,SUCCESS
2025-12-19T19:49:45.945121+00:00,btc-updown-15m-1766173500,TRADE,DOWN,VOL,2,2,0.3901,0.7802,77,0.5366,98,0.4382,77,0.9749,1.9355,0.21,-7.2676,13.7324,0.0000,15.73,SUCCESS
2025-12-19T19:49:46.363688+00:00,btc-updown-15m-1766173500,TRADE,UP,VOL,2,1,0.6201,0.6201,78,0.5377,98,0.4382,78,0.9759,1.8771,0.20,-6.8877,13.1123,0.0000,15.11,SUCCESS
2025-12-19T19:49:52.998398+00:00,btc-updown-15m-1766173500,TRADE,UP,VOL,2,2,0.6001,1.2001,80,0.5393,98,0.4382,80,0.9775,1.8005,0.18,-6.0879,11.9121,0.0000,13.91,SUCCESS
2025-12-19T19:49:53.897315+00:00,btc-updown-15m-1766173500,TRADE,UP,VOL,2,2,0.6002,1.2005,82,0.5407,98,0.4382,82,0.9790,1.7235,0.16,-5.2883,10.7117,0.0000,12.71,SUCCESS
2025-12-19T19:49:55.187878+00:00,btc-updown-15m-1766173500,TRADE,DOWN,VOL,2,2,0.3901,0.7802,82,0.5407,100,0.4373,82,0.9780,1.8025,0.18,-6.0685,11.9315,0.0000,11.93,SUCCESS
2025-12-19T19:49:55.598597+00:00,btc-updown-15m-1766173500,TRADE,DOWN,VOL,2,2,0.3801,0.7603,82,0.5407,102,0.4362,82,0.9769,1.8944,0.20,-6.8288,13.1712,0.0000,11.17,SUCCESS
2025-12-19T19:49:56.038840+00:00,btc-updown-15m-1766173500,TRADE,DOWN,VOL,2,2,0.3799,0.7598,82,0.5407,104,0.4351,82,0.9758,1.9831,0.21,-7.5886,14.4114,0.0000,10.41,SUCCESS
2025-12-19T19:49:56.445211+00:00,btc-updown-15m-1766173500,TRADE,UP,VOL,2,2,0.6301,1.2602,84,0.5429,104,0.4351,84,0.9779,1.8528,0.19,-6.8488,13.1512,0.0000,9.15,SUCCESS
2025-12-19T19:49:56.843197+00:00,btc-updown-15m-1766173500,TRADE,DOWN,VOL,2,2,0.3802,0.7603,84,0.5429,106,0.4340,84,0.9769,1.9398,0.21,-7.6091,14.3909,0.0000,8.39,SUCCESS
2025-12-19T19:49:57.234174+00:00,btc-updown-15m-1766173500,TRADE,UP,VOL,2,2,0.6300,1.2600,86,0.5449,106,0.4340,86,0.9789,1.8117,0.19,-6.8691,13.1309,0.0000,7.13,SUCCESS
2025-12-19T19:49:57.741472+00:00,btc-updown-15m-1766173500,TRADE,DOWN,VOL,2,2,0.3800,0.7601,86,0.5449,108,0.4330,86,0.9779,1.8977,0.20,-7.6292,14.3708,0.0000,6.37,SUCCESS
2025-12-19T19:49:58.143871+00:00,btc-updown-15m-1766173500,TRADE,UP,VOL,2,2,0.6301,1.2601,88,0.5468,108,0.4330,88,0.9799,1.7715,0.19,-6.8893,13.1107,0.0000,5.11,SUCCESS
2025-12-19T19:50:06.823293+00:00,btc-updown-15m-1766173500,TRADE,UP,VOL,2,2,0.5603,1.1205,90,0.5471,108,0.4330,90,0.9802,1.7849,0.17,-6.0098,11.9902,0.0000,3.99,SUCCESS
2025-12-19T19:50:07.621886+00:00,btc-updown-15m-1766173500,TRADE,UP,VOL,2,1,0.5500,0.5500,91,0.5472,108,0.4330,91,0.9802,1.8018,0.16,-5.5599,11.4401,0.0000,3.44,SUCCESS
2025-12-19T19:50:08.128260+00:00,btc-updown-15m-1766173500,TRADE,UP,VOL,2,2,0.5601,1.1202,93,0.5474,108,0.4330,93,0.9805,1.8155,0.14,-4.6801,10.3199,0.0000,2.32,SUCCESS
2025-12-19T19:50:08.569422+00:00,btc-updown-15m-1766173500,TRADE,UP,VOL,2,2,0.5702,1.1404,95,0.5479,108,0.4330,95,0.9810,1.8091,0.12,-3.8205,9.1795,0.0000,1.18,SUCCESS
2025-12-19T19:50:09.602781+00:00,btc-updown-15m-1766173500,TRADE,DOWN,VOL,2,2,0.4201,0.8403,95,0.5479,110,0.4328,95,0.9807,1.8313,0.14,-4.6607,10.3393,0.0000,0.34,SUCCESS
2025-12-20T04:30:04.810813+00:00,btc-updown-15m-1766205000,TRADE,UP,ACCUM,2,2,0.5002,1.0004,2,0.5002,0,0.0000,0,0.0000,0.0000,1.00,-1.0004,0.9996,0.0000,999.00,SUCCESS
2025-12-20T04:30:04.811604+00:00,btc-updown-15m-1766205000,TRADE,DOWN,ACCUM,2,2,0.5102,1.0205,2,0.5002,2,0.5102,2,1.0104,-0.0208,0.00,-0.0208,-0.0208,0.0000,997.98,SUCCESS
2025-12-20T04:30:42.101427+00:00,btc-updown-15m-1766205000,TRADE,DOWN,ACCUM,2,2,0.4602,0.9203,2,0.5002,4,0.4852,2,0.9854,0.0292,0.50,-0.9412,1.0588,0.0000,997.06,SUCCESS
2025-12-20T04:30:43.118544+00:00,btc-updown-15m-1766205000,TRADE,DOWN,ACCUM,2,2,0.4701,0.9403,2,0.5002,6,0.4802,2,0.9804,0.0393,0.67,-1.8814,2.1186,0.0000,996.12,SUCCESS
2025-12-20T04:30:43.524901+00:00,btc-updown-15m-1766205000,TRADE,DOWN,ACCUM,2,2,0.4700,0.9400,2,0.5002,8,0.4776,2,0.9778,0.0443,0.75,-2.8215,3.1785,0.0000,995.18,SUCCESS
2025-12-20T04:30:44.030615+00:00,btc-updown-15m-1766205000,TRADE,DOWN,ACCUM,2,2,0.4601,0.9201,2,0.5002,10,0.4741,2,0.9743,0.0514,0.80,-3.7416,4.2584,0.0000,994.26,SUCCESS
2025-12-20T04:30:44.450938+00:00,btc-updown-15m-1766205000,TRADE,DOWN,ACCUM,2,2,0.4702,0.9403,2,0.5002,12,0.4735,2,0.9737,0.0527,0.83,-4.6819,5.3181,0.0000,993.32,SUCCESS
2025-12-20T04:30:44.975844+00:00,btc-updown-15m-1766205000,TRADE,DOWN,ACCUM,2,2,0.4701,0.9403,2,0.5002,14,0.4730,2,0.9732,0.0536,0.86,-5.6222,6.3778,0.0000,992.38,SUCCESS
2025-12-20T04:30:45.779182+00:00,btc-updown-15m-1766205000,TRADE,DOWN,ACCUM,2,2,0.4601,0.9201,2,0.5002,16,0.4714,2,0.9716,0.0569,0.88,-6.5423,7.4577,0.0000,991.46,SUCCESS
2025-12-20T04:30:46.193209+00:00,btc-updown-15m-1766205000,TRADE,DOWN,ACCUM,2,2,0.4600,0.9200,2,0.5002,18,0.4701,2,0.9703,0.0594,0.89,-7.4623,8.5377,0.0000,990.54,SUCCESS
2025-12-20T04:30:46.595083+00:00,btc-updown-15m-1766205000,TRADE,DOWN,ACCUM,2,2,0.4602,0.9204,2,0.5002,20,0.4691,2,0.9693,0.0614,0.90,-8.3827,9.6173,0.0000,989.62,SUCCESS
2025-12-20T04:30:47.130191+00:00,btc-updown-15m-1766205000,TRADE,UP,ACCUM,2,2,0.5501,1.1001,4,0.5251,20,0.4691,4,0.9942,0.0230,0.80,-7.4828,8.5172,0.0000,988.52,SUCCESS
2025-12-20T04:30:47.658869+00:00,btc-updown-15m-1766205000,TRADE,DOWN,ACCUM,2,2,0.4700,0.9401,4,0.5251,22,0.4692,4,0.9943,0.0227,0.82,-8.4229,9.5771,0.0000,987.58,SUCCESS
2025-12-20T04:30:48.319415+00:00,btc-updown-15m-1766205000,TRADE,DOWN,ACCUM,2,2,0.4698,0.9397,4,0.5251,24,0.4693,4,0.9944,0.0225,0.83,-9.3625,10.6375,0.0000,986.64,SUCCESS
2025-12-20T04:30:48.833801+00:00,btc-updown-15m-1766205000,TRADE,DOWN,ACCUM,2,2,0.4700,0.9400,4,0.5251,26,0.4693,4,0.9944,0.0222,0.85,-10.3025,11.6975,0.0000,985.70,SUCCESS
2025-12-20T04:30:49.883847+00:00,btc-updown-15m-1766205000,TRADE,UP,ACCUM,4,4,0.5502,2.2007,8,0.5377,26,0.4693,8,1.0070,-0.0557,0.69,-8.5032,9.4968,0.0000,983.50,SUCCESS
2025-12-20T04:31:26.860315+00:00,btc-updown-15m-1766205000,TRADE,DOWN,ACCUM,2,2,0.2900,0.5801,8,0.5377,28,0.4565,8,0.9942,0.0468,0.71,-9.0833,10.9167,0.0000,982.92,SUCCESS
2025-12-20T04:31:27.477506+00:00,btc-updown-15m-1766205000,TRADE,DOWN,ACCUM,2,2,0.2801,0.5603,8,0.5377,30,0.4447,8,0.9824,0.1408,0.73,-9.6436,12.3564,0.0000,982.36,SUCCESS
2025-12-20T04:31:28.487967+00:00,btc-updown-15m-1766205000,TRADE,UP,ACCUM,4,4,0.7301,2.9205,12,0.6018,30,0.4447,12,1.0466,-0.5586,0.60,-8.5641,9.4359,0.0000,979.44,SUCCESS
2025-12-20T04:42:00.499796+00:00,btc-updown-15m-1766205000,TRADE,UP,ACCUM,10,10,0.9601,9.6005,22,0.7646,30,0.4447,22,1.2094,-4.6066,0.27,-8.1646,-0.1646,0.0000,969.84,SUCCESS
2025-12-20T04:42:00.501543+00:00,btc-updown-15m-1766205000,TRADE,DOWN,ACCUM,10,10,0.0500,0.5001,22,0.7646,40,0.3461,22,1.1107,-2.4356,0.45,-8.6647,9.3353,0.0000,969.34,SUCCESS
2025-12-20T04:42:00.905717+00:00,btc-updown-15m-1766205000,TRADE,UP,ACCUM,10,5,0.9599,4.7997,27,0.8008,40,0.3461,27,1.1469,-3.9656,0.33,-8.4644,4.5356,0.0000,964.54,SUCCESS
2025-12-20T04:42:00.906964+00:00,btc-updown-15m-1766205000,TRADE,DOWN,ACCUM,10,10,0.0500,0.5002,27,0.8008,50,0.2869,27,1.0877,-2.3670,0.46,-8.9646,14.0354,0.0000,964.04,SUCCESS
2025-12-20T04:42:01.533153+00:00,btc-updown-15m-1766205000,TRADE,UP,ACCUM,10,10,0.9603,9.6034,37,0.8439,50,0.2869,37,1.1308,-4.8389,0.26,-8.5680,4.4320,0.0000,954.43,SUCCESS
2025-12-20T04:42:01.935116+00:00,btc-updown-15m-1766205000,TRADE,UP,ACCUM,10,10,0.9600,9.6004,47,0.8686,50,0.2869,47,1.1555,-7.3079,0.06,-8.1684,-5.1684,0.0000,944.83,SUCCESS
2025-12-20T04:45:00.057827+00:00,btc-updown-15m-1766205000,RESOLUTION,UP,MARKET_END,97,97,1.0000,55.1684,47,0.8686,50,0.2869,47,1.1555,-7.3079,0.06,0.0000,0.0000,-9.0290,991.83,RESOLVED
2025-12-20T04:45:02.807735+00:00,btc-updown-15m-1766205900,TRADE,UP,ACCUM,2,2,0.4900,0.9801,2,0.4900,0,0.0000,0,0.0000,0.0000,1.00,-0.9801,1.0199,0.0000,990.85,SUCCESS
2025-12-20T04:45:02.808156+00:00,btc-updown-15m-1766205900,TRADE,DOWN,ACCUM,2,2,0.5202,1.0404,2,0.4900,2,0.5202,2,1.0103,-0.0205,0.00,-0.0205,-0.0205,0.0000,989.81,SUCCESS
2025-12-20T04:47:54.600372+00:00,btc-updown-15m-1766205900,TRADE,DOWN,ACCUM,2,2,0.4502,0.9003,2,0.4900,4,0.4852,2,0.9752,0.0495,0.50,-0.9208,1.0792,0.0000,988.91,SUCCESS
2025-12-20T04:47:55.107442+00:00,btc-updown-15m-1766205900,TRADE,DOWN,ACCUM,2,2,0.4201,0.8403,2,0.4900,6,0.4635,2,0.9536,0.0929,0.67,-1.7611,2.2389,0.0000,988.07,SUCCESS
2025-12-20T04:47:55.506705+00:00,btc-updown-15m-1766205900,TRADE,DOWN,ACCUM,2,2,0.4101,0.8202,2,0.4900,8,0.4502,2,0.9402,0.1196,0.75,-2.5813,3.4187,0.0000,987.25,SUCCESS
2025-12-20T04:47:55.894110+00:00,btc-updown-15m-1766205900,TRADE,DOWN,ACCUM,2,2,0.4001,0.8003,2,0.4900,10,0.4402,2,0.9302,0.1396,0.80,-3.3816,4.6184,0.0000,986.45,SUCCESS
2025-12-20T04:47:56.468427+00:00,btc-updown-15m-1766205900,TRADE,DOWN,ACCUM,2,2,0.4001,0.8001,2,0.4900,12,0.4335,2,0.9235,0.1530,0.83,-4.1817,5.8183,0.0000,985.65,SUCCESS
2025-12-20T04:47:56.853068+00:00,btc-updown-15m-1766205900,TRADE,UP,ACCUM,2,2,0.6103,1.2205,4,0.5502,12,0.4335,4,0.9836,0.0655,0.67,-3.4023,4.5977,0.0000,984.43,SUCCESS
2025-12-20T04:47:56.854051+00:00,btc-updown-15m-1766205900,TRADE,DOWN,ACCUM,2,2,0.4002,0.8004,4,0.5502,14,0.4287,4,0.9789,0.0845,0.71,-4.2027,5.7973,0.0000,983.63,SUCCESS
2025-12-20T04:47:57.902798+00:00,btc-updown-15m-1766205900,TRADE,DOWN,ACCUM,2,2,0.3900,0.7801,4,0.5502,16,0.4239,4,0.9740,0.1038,0.75,-4.9827,7.0173,0.0000,982.85,SUCCESS
2025-12-20T04:47:58.322043+00:00,btc-updown-15m-1766205900,TRADE,DOWN,ACCUM,2,2,0.4000,0.8000,4,0.5502,18,0.4212,4,0.9714,0.1145,0.78,-5.7828,8.2172,0.0000,982.05,SUCCESS
2025-12-20T04:47:59.071506+00:00,btc-updown-15m-1766205900,TRADE,UP,ACCUM,2,2,0.6100,1.2200,6,0.5701,18,0.4212,6,0.9913,0.0519,0.67,-5.0028,6.9972,0.0000,980.83,SUCCESS
2025-12-20T04:47:59.072150+00:00,btc-updown-15m-1766205900,TRADE,DOWN,ACCUM,2,2,0.4001,0.8001,6,0.5701,20,0.4191,6,0.9892,0.0647,0.70,-5.8029,8.1971,0.0000,980.03,SUCCESS
2025-12-20T04:48:00.065680+00:00,btc-updown-15m-1766205900,TRADE,DOWN,ACCUM,2,2,0.4101,0.8203,6,0.5701,22,0.4183,6,0.9884,0.0696,0.73,-6.6232,9.3768,0.0000,979.21,SUCCESS
2025-12-20T04:48:00.598960+00:00,btc-updown-15m-1766205900,TRADE,DOWN,ACCUM,2,2,0.4100,0.8200,6,0.5701,24,0.4176,6,0.9877,0.0737,0.75,-7.4432,10.5568,0.0000,978.39,SUCCESS
2025-12-20T04:48:01.273816+00:00,btc-updown-15m-1766205900,TRADE,DOWN,ACCUM,2,2,0.4201,0.8403,6,0.5701,26,0.4178,6,0.9879,0.0725,0.77,-8.2834,11.7166,0.0000,977.55,SUCCESS
2025-12-20T04:48:01.682585+00:00,btc-updown-15m-1766205900,TRADE,DOWN,ACCUM,2,2,0.4101,0.8202,6,0.5701,28,0.4173,6,0.9874,0.0758,0.79,-9.1037,12.8963,0.0000,976.73,SUCCESS
2025-12-20T04:48:02.191305+00:00,btc-updown-15m-1766205900,TRADE,UP,ACCUM,4,4,0.6102,2.4407,10,0.5861,28,0.4173,10,1.0034,-0.0339,0.64,-7.5444,10.4556,0.0000,974.29,SUCCESS
2025-12-20T04:49:14.490177+00:00,btc-updown-15m-1766205900,TRADE,UP,ACCUM,2,2,0.4901,0.9802,12,0.5701,28,0.4173,12,0.9874,0.1515,0.57,-6.5245,9.4755,0.0000,973.31,SUCCESS
2025-12-20T04:49:14.897638+00:00,btc-updown-15m-1766205900,TRADE,UP,ACCUM,2,2,0.5101,1.0203,14,0.5616,28,0.4173,14,0.9788,0.2967,0.50,-5.5448,8.4552,0.0000,972.29,SUCCESS
2025-12-20T04:49:14.898369+00:00,btc-updown-15m-1766205900,TRADE,DOWN,ACCUM,2,2,0.5102,1.0204,14,0.5616,30,0.4234,14,0.9850,0.2100,0.53,-6.5652,9.4348,0.0000,971.27,SUCCESS
2025-12-20T04:49:15.307220+00:00,btc-updown-15m-1766205900,TRADE,UP,ACCUM,2,2,0.5101,1.0201,16,0.5551,30,0.4234,16,0.9786,0.3429,0.47,-5.5853,8.4147,0.0000,970.25,SUCCESS
2025-12-20T04:49:15.307885+00:00,btc-updown-15m-1766205900,TRADE,DOWN,ACCUM,2,2,0.5000,1.0000,16,0.5551,32,0.4282,16,0.9834,0.2664,0.50,-6.5854,9.4146,0.0000,969.25,SUCCESS
2025-12-20T04:49:15.807812+00:00,btc-updown-15m-1766205900,TRADE,UP,ACCUM,2,2,0.5101,1.0202,18,0.5501,32,0.4282,18,0.9784,0.3897,0.44,-5.6056,8.3944,0.0000,968.23,SUCCESS
2025-12-20T04:49:15.808346+00:00,btc-updown-15m-1766205900,TRADE,DOWN,ACCUM,2,2,0.5001,1.0002,18,0.5501,34,0.4325,18,0.9826,0.3136,0.47,-6.6058,9.3942,0.0000,967.23,SUCCESS
2025-12-20T04:49:16.436937+00:00,btc-updown-15m-1766205900,TRADE,UP,ACCUM,2,2,0.5302,1.0604,20,0.5481,34,0.4325,20,0.9806,0.3882,0.41,-5.6662,8.3338,0.0000,966.17,SUCCESS
2025-12-20T04:49:16.437424+00:00,btc-updown-15m-1766205900,TRADE,DOWN,ACCUM,2,2,0.4998,0.9996,20,0.5481,36,0.4362,20,0.9843,0.3134,0.44,-6.6658,9.3342,0.0000,965.17,SUCCESS
2025-12-20T04:49:16.934783+00:00,btc-updown-15m-1766205900,TRADE,UP,ACCUM,2,2,0.5301,1.0603,22,0.5465,36,0.4362,22,0.9827,0.3808,0.39,-5.7260,8.2740,0.0000,964.11,SUCCESS
2025-12-20T04:49:16.935409+00:00,btc-updown-15m-1766205900,TRADE,DOWN,ACCUM,2,2,0.4801,0.9603,22,0.5465,38,0.4385,22,0.9850,0.3299,0.42,-6.6863,9.3137,0.0000,963.15,SUCCESS
2025-12-20T04:49:17.334675+00:00,btc-updown-15m-1766205900,TRADE,UP,ACCUM,2,2,0.5301,1.0603,24,0.5451,38,0.4385,24,0.9836,0.3926,0.37,-5.7465,8.2535,0.0000,962.09,SUCCESS
2025-12-20T04:49:17.335192+00:00,btc-updown-15m-1766205900,TRADE,DOWN,ACCUM,2,2,0.4802,0.9604,24,0.5451,40,0.4406,24,0.9857,0.3426,0.40,-6.7070,9.2930,0.0000,961.12,SUCCESS
2025-12-20T04:49:17.737743+00:00,btc-updown-15m-1766205900,TRADE,UP,ACCUM,2,2,0.5301,1.0601,26,0.5440,40,0.4406,26,0.9846,0.4013,0.35,-5.7671,8.2329,0.0000,960.06,SUCCESS
2025-12-20T04:49:17.738384+00:00,btc-updown-15m-1766205900,TRADE,DOWN,ACCUM,2,2,0.4801,0.9602,26,0.5440,42,0.4425,26,0.9864,0.3523,0.38,-6.7273,9.2727,0.0000,959.10,SUCCESS
2025-12-20T04:49:18.288679+00:00,btc-updown-15m-1766205900,TRADE,UP,ACCUM,2,2,0.5302,1.0604,28,0.5430,42,0.4425,28,0.9855,0.4070,0.33,-5.7878,8.2122,0.0000,958.04,SUCCESS
2025-12-20T04:49:18.289120+00:00,btc-updown-15m-1766205900,TRADE,DOWN,ACCUM,2,2,0.4902,0.9804,28,0.5430,44,0.4446,28,0.9876,0.3462,0.36,-6.7681,9.2319,0.0000,957.06,SUCCESS
2025-12-20T04:49:18.879416+00:00,btc-updown-15m-1766205900,TRADE,UP,ACCUM,2,2,0.5401,1.0801,30,0.5428,44,0.4446,30,0.9874,0.3768,0.32,-5.8483,8.1517,0.0000,955.98,SUCCESS
2025-12-20T04:49:18.880174+00:00,btc-updown-15m-1766205900,TRADE,DOWN,ACCUM,2,2,0.4902,0.9805,30,0.5428,46,0.4466,30,0.9894,0.3173,0.35,-6.8288,9.1712,0.0000,955.00,SUCCESS
2025-12-20T04:49:19.290208+00:00,btc-updown-15m-1766205900,TRADE,UP,ACCUM,2,2,0.5402,1.0804,32,0.5426,46,0.4466,32,0.9893,0.3437,0.30,-5.9091,8.0909,0.0000,953.92,SUCCESS
2025-12-20T04:49:19.291271+00:00,btc-updown-15m-1766205900,TRADE,DOWN,ACCUM,2,2,0.4902,0.9803,32,0.5426,48,0.4484,32,0.9911,0.2857,0.33,-6.8894,9.1106,0.0000,952.94,SUCCESS
2025-12-20T04:49:19.807008+00:00,btc-updown-15m-1766205900,TRADE,UP,ACCUM,2,2,0.5398,1.0796,34,0.5425,48,0.4484,34,0.9909,0.3092,0.29,-5.9690,8.0310,0.0000,951.86,SUCCESS
2025-12-20T04:49:19.807421+00:00,btc-updown-15m-1766205900,TRADE,DOWN,ACCUM,2,1,0.4901,0.4901,34,0.5425,49,0.4493,34,0.9918,0.2803,0.31,-6.4591,8.5409,0.0000,951.37,SUCCESS
2025-12-20T04:49:20.211255+00:00,btc-updown-15m-1766205900,TRADE,UP,ACCUM,2,2,0.5303,1.0605,36,0.5418,49,0.4493,36,0.9911,0.3212,0.27,-5.5196,7.4804,0.0000,950.31,SUCCESS
2025-12-20T04:49:20.211585+00:00,btc-updown-15m-1766205900,TRADE,DOWN,ACCUM,2,2,0.4802,0.9604,36,0.5418,51,0.4505,36,0.9923,0.2775,0.29,-6.4801,8.5199,0.0000,949.35,SUCCESS
2025-12-20T04:49:20.830800+00:00,btc-updown-15m-1766205900,TRADE,UP,ACCUM,2,2,0.5201,1.0401,38,0.5406,51,0.4505,38,0.9911,0.3364,0.25,-5.5202,7.4798,0.0000,948.31,SUCCESS
2025-12-20T04:49:21.244185+00:00,btc-updown-15m-1766205900,TRADE,UP,ACCUM,2,2,0.5202,1.0405,40,0.5396,51,0.4505,40,0.9901,0.3949,0.22,-4.5607,6.4393,0.0000,947.27,SUCCESS
2025-12-20T04:49:21.632292+00:00,btc-updown-15m-1766205900,TRADE,UP,ACCUM,2,2,0.5301,1.0602,42,0.5392,51,0.4505,42,0.9897,0.4337,0.18,-3.6209,5.3791,0.0000,946.21,SUCCESS
2025-12-20T04:49:22.539930+00:00,btc-updown-15m-1766205900,TRADE,UP,ACCUM,2,2,0.5301,1.0601,44,0.5388,51,0.4505,44,0.9893,0.4725,0.14,-2.6810,4.3190,0.0000,945.15,SUCCESS
2025-12-20T04:49:23.138393+00:00,btc-updown-15m-1766205900,TRADE,UP,ACCUM,2,2,0.5301,1.0602,46,0.5384,51,0.4505,46,0.9889,0.5113,0.10,-1.7412,3.2588,0.0000,944.09,SUCCESS
2025-12-20T04:49:24.117926+00:00,btc-updown-15m-1766205900,TRADE,UP,ACCUM,2,2,0.5300,1.0601,48,0.5380,51,0.4505,48,0.9885,0.5503,0.06,-0.8012,2.1988,0.0000,943.03,SUCCESS
2025-12-20T04:49:24.518767+00:00,btc-updown-15m-1766205900,TRADE,UP,ACCUM,2,2,0.5202,1.0403,50,0.5373,51,0.4505,50,0.9878,0.6090,0.02,0.1584,1.1584,0.0000,941.99,SUCCESS
2025-12-20T05:00:00.005363+00:00,btc-updown-15m-1766205900,RESOLUTION,UP,MARKET_END,101,101,1.0000,49.8416,50,0.5373,51,0.4505,50,0.9878,0.6090,0.02,0.0000,0.0000,-0.2921,991.99,RESOLVED
2025-12-20T05:00:03.511445+00:00,btc-updown-15m-1766206800,TRADE,UP,ACCUM,2,2,0.4499,0.8998,2,0.4499,0,0.0000,0,0.0000,0.0000,1.00,-0.8998,1.1002,0.0000,991.09,SUCCESS
2025-12-20T05:00:03.511993+00:00,btc-updown-15m-1766206800,TRADE,DOWN,ACCUM,2,2,0.5601,1.1203,2,0.4499,2,0.5601,2,1.0100,-0.0201,0.00,-0.0201,-0.0201,0.0000,989.97,SUCCESS
2025-12-20T05:00:05.811502+00:00,btc-updown-15m-1766206800,TRADE,UP,ACCUM,2,2,0.1500,0.3000,4,0.3000,2,0.5601,2,0.8601,0.2798,0.50,-0.3201,1.6799,0.0000,989.67,SUCCESS
2025-12-20T05:00:06.318344+00:00,btc-updown-15m-1766206800,TRADE,UP,ACCUM,2,2,0.4099,0.8199,6,0.3366,2,0.5601,2,0.8967,0.2065,0.67,-1.1400,2.8600,0.0000,988.85,SUCCESS
2025-12-20T05:00:06.318932+00:00,btc-updown-15m-1766206800,TRADE,DOWN,ACCUM,2,2,0.5502,1.1004,6,0.3366,4,0.5552,4,0.8918,0.4328,0.33,-0.2404,1.7596,0.0000,987.75,SUCCESS
2025-12-20T05:00:06.994647+00:00,btc-updown-15m-1766206800,TRADE,UP,ACCUM,2,2,0.4901,0.9801,8,0.3750,4,0.5552,4,0.9302,0.2794,0.50,-1.2205,2.7795,0.0000,986.77,SUCCESS
2025-12-20T05:00:06.995354+00:00,btc-updown-15m-1766206800,TRADE,DOWN,ACCUM,2,2,0.5201,1.0401,8,0.3750,6,0.5435,6,0.9185,0.4893,0.25,-0.2607,1.7393,0.0000,985.73,SUCCESS
2025-12-20T05:00:07.403461+00:00,btc-updown-15m-1766206800,TRADE,UP,ACCUM,2,2,0.4902,0.9805,10,0.3980,6,0.5435,6,0.9415,0.3510,0.40,-1.2411,2.7589,0.0000,984.75,SUCCESS
2025-12-20T05:00:07.404165+00:00,btc-updown-15m-1766206800,TRADE,DOWN,ACCUM,2,2,0.5201,1.0402,10,0.3980,8,0.5376,8,0.9357,0.5147,0.20,-0.2813,1.7187,0.0000,983.71,SUCCESS
2025-12-20T05:00:08.004210+00:00,btc-updown-15m-1766206800,TRADE,UP,ACCUM,2,2,0.4902,0.9803,12,0.4134,8,0.5376,8,0.9510,0.3919,0.33,-1.2617,2.7383,0.0000,982.73,SUCCESS
2025-12-20T05:00:08.004905+00:00,btc-updown-15m-1766206800,TRADE,DOWN,ACCUM,2,2,0.5201,1.0401,12,0.4134,10,0.5341,10,0.9475,0.5250,0.17,-0.3018,1.6982,0.0000,981.69,SUCCESS
2025-12-20T05:00:08.742931+00:00,btc-updown-15m-1766206800,TRADE,UP,ACCUM,2,2,0.4900,0.9800,14,0.4243,10,0.5341,10,0.9584,0.4155,0.29,-1.2818,2.7182,0.0000,980.71,SUCCESS
2025-12-20T05:00:08.743629+00:00,btc-updown-15m-1766206800,TRADE,DOWN,ACCUM,2,2,0.5202,1.0404,14,0.4243,12,0.5318,12,0.9561,0.5265,0.14,-0.3222,1.6778,0.0000,979.67,SUCCESS
2025-12-20T05:00:09.485087+00:00,btc-updown-15m-1766206800,TRADE,UP,ACCUM,2,2,0.4902,0.9803,16,0.4326,12,0.5318,12,0.9644,0.4278,0.25,-1.3025,2.6975,0.0000,978.69,SUCCESS
2025-12-20T05:00:09.485608+00:00,btc-updown-15m-1766206800,TRADE,DOWN,ACCUM,2,2,0.5201,1.0401,16,0.4326,14,0.5301,14,0.9627,0.5225,0.12,-0.3426,1.6574,0.0000,977.65,SUCCESS
2025-12-20T05:00:10.004881+00:00,btc-updown-15m-1766206800,TRADE,UP,ACCUM,2,2,0.4902,0.9804,18,0.4390,14,0.5301,14,0.9691,0.4328,0.22,-1.3230,2.6770,0.0000,976.67,SUCCESS
2025-12-20T05:00:10.005520+00:00,btc-updown-15m-1766206800,TRADE,DOWN,ACCUM,2,2,0.5200,1.0401,18,0.4390,16,0.5289,16,0.9678,0.5148,0.11,-0.3631,1.6369,0.0000,975.63,SUCCESS
2025-12-20T05:00:10.418484+00:00,btc-updown-15m-1766206800,TRADE,UP,ACCUM,2,2,0.4900,0.9801,20,0.4441,16,0.5289,16,0.9729,0.4331,0.20,-1.3432,2.6568,0.0000,974.65,SUCCESS
2025-12-20T05:00:10.419370+00:00,btc-updown-15m-1766206800,TRADE,DOWN,ACCUM,2,2,0.5200,1.0401,20,0.4441,18,0.5279,18,0.9720,0.5049,0.10,-0.3833,1.6167,0.0000,973.61,SUCCESS
2025-12-20T05:00:10.807614+00:00,btc-updown-15m-1766206800,TRADE,UP,ACCUM,2,2,0.5001,1.0002,22,0.4492,18,0.5279,18,0.9770,0.4132,0.18,-1.3834,2.6166,0.0000,972.61,SUCCESS
2025-12-20T05:00:10.808060+00:00,btc-updown-15m-1766206800,TRADE,DOWN,ACCUM,2,2,0.5102,1.0205,22,0.4492,20,0.5261,20,0.9753,0.4944,0.09,-0.4039,1.5961,0.0000,971.59,SUCCESS
2025-12-20T05:00:11.352370+00:00,btc-updown-15m-1766206800,TRADE,UP,ACCUM,2,2,0.4998,0.9995,24,0.4534,20,0.5261,20,0.9795,0.4101,0.17,-1.4034,2.5966,0.0000,970.59,SUCCESS
2025-12-20T05:00:11.353677+00:00,btc-updown-15m-1766206800,TRADE,DOWN,ACCUM,2,1,0.5101,0.5101,24,0.4534,21,0.5253,21,0.9787,0.4466,0.12,-0.9135,2.0865,0.0000,970.08,SUCCESS
2025-12-20T05:00:11.853160+00:00,btc-updown-15m-1766206800,TRADE,UP,ACCUM,2,2,0.5001,1.0001,26,0.4570,21,0.5253,21,0.9823,0.3713,0.19,-1.9136,3.0864,0.0000,969.08,SUCCESS
2025-12-20T05:00:11.854099+00:00,btc-updown-15m-1766206800,TRADE,DOWN,ACCUM,2,2,0.5101,1.0203,26,0.4570,23,0.5240,23,0.9810,0.4370,0.12,-0.9339,2.0661,0.0000,968.06,SUCCESS
2025-12-20T05:00:12.657105+00:00,btc-updown-15m-1766206800,TRADE,UP,ACCUM,2,2,0.5002,1.0004,28,0.4601,23,0.5240,23,0.9841,0.3660,0.18,-1.9343,3.0657,0.0000,967.06,SUCCESS
2025-12-20T05:00:12.657844+00:00,btc-updown-15m-1766206800,TRADE,DOWN,ACCUM,2,1,0.4901,0.4901,28,0.4601,24,0.5226,24,0.9827,0.4158,0.14,-1.4245,2.5755,0.0000,966.57,SUCCESS
2025-12-20T05:00:13.288251+00:00,btc-updown-15m-1766206800,TRADE,UP,ACCUM,2,2,0.5301,1.0602,30,0.4647,24,0.5226,24,0.9873,0.3038,0.20,-2.4846,3.5154,0.0000,965.51,SUCCESS
2025-12-20T05:00:13.288914+00:00,btc-updown-15m-1766206800,TRADE,DOWN,ACCUM,2,2,0.4802,0.9604,30,0.4647,26,0.5194,26,0.9841,0.4139,0.13,-1.4450,2.5550,0.0000,964.54,SUCCESS
2025-12-20T05:00:13.673953+00:00,btc-updown-15m-1766206800,TRADE,UP,ACCUM,2,2,0.5303,1.0605,32,0.4688,26,0.5194,26,0.9882,0.3074,0.19,-2.5055,3.4945,0.0000,963.48,SUCCESS
2025-12-20T05:00:13.674360+00:00,btc-updown-15m-1766206800,TRADE,DOWN,ACCUM,2,2,0.4802,0.9604,32,0.4688,28,0.5166,28,0.9854,0.4094,0.12,-1.4659,2.5341,0.0000,962.52,SUCCESS
2025-12-20T05:00:14.102740+00:00,btc-updown-15m-1766206800,TRADE,UP,ACCUM,2,2,0.5302,1.0603,34,0.4724,28,0.5166,28,0.9890,0.3083,0.18,-2.5263,3.4737,0.0000,961.46,SUCCESS
2025-12-20T05:00:14.103124+00:00,btc-updown-15m-1766206800,TRADE,DOWN,ACCUM,2,2,0.4800,0.9600,34,0.4724,30,0.5141,30,0.9866,0.4035,0.12,-1.4863,2.5137,0.0000,960.50,SUCCESS
2025-12-20T05:00:14.632643+00:00,btc-updown-15m-1766206800,TRADE,DOWN,ACCUM,2,2,0.4801,0.9601,34,0.4724,32,0.5120,32,0.9844,0.4985,0.06,-0.4464,1.5536,0.0000,959.54,SUCCESS
2025-12-20T05:00:15.131983+00:00,btc-updown-15m-1766206800,TRADE,DOWN,ACCUM,2,1,0.4800,0.4800,34,0.4724,33,0.5110,33,0.9835,0.5460,0.03,0.0736,1.0736,0.0000,959.06,SUCCESS
2025-12-20T05:00:15.562967+00:00,btc-updown-15m-1766206800,TRADE,UP,ACCUM,2,2,0.5301,1.0603,36,0.4756,33,0.5110,33,0.9867,0.4403,0.08,-0.9867,2.0133,0.0000,958.00,SUCCESS
2025-12-20T05:00:15.563603+00:00,btc-updown-15m-1766206800,TRADE,DOWN,ACCUM,2,2,0.4700,0.9400,36,0.4756,35,0.5087,35,0.9843,0.5489,0.03,0.0733,1.0733,0.0000,957.06,SUCCESS
2025-12-20T05:00:15.971849+00:00,btc-updown-15m-1766206800,TRADE,UP,ACCUM,2,2,0.5398,1.0796,38,0.4790,35,0.5087,35,0.9877,0.4307,0.08,-1.0063,1.9937,0.0000,955.98,SUCCESS
2025-12-20T05:00:15.972427+00:00,btc-updown-15m-1766206800,TRADE,DOWN,ACCUM,2,2,0.4700,0.9400,38,0.4790,37,0.5066,37,0.9856,0.5327,0.03,0.0537,1.0537,0.0000,955.04,SUCCESS
2025-12-20T05:00:16.579691+00:00,btc-updown-15m-1766206800,TRADE,UP,ACCUM,2,2,0.5402,1.0805,40,0.4821,37,0.5066,37,0.9887,0.4194,0.07,-1.0268,1.9732,0.0000,953.96,SUCCESS
2025-12-20T05:00:17.125858+00:00,btc-updown-15m-1766206800,TRADE,UP,ACCUM,2,2,0.5402,1.0804,42,0.4848,37,0.5066,37,0.9914,0.3170,0.12,-2.1072,2.8928,0.0000,952.88,SUCCESS
2025-12-20T05:00:17.126532+00:00,btc-updown-15m-1766206800,TRADE,DOWN,ACCUM,2,2,0.4802,0.9603,42,0.4848,39,0.5052,39,0.9901,0.3870,0.07,-1.0676,1.9324,0.0000,951.92,SUCCESS
2025-12-20T05:00:17.635237+00:00,btc-updown-15m-1766206800,TRADE,UP,ACCUM,2,2,0.5302,1.0604,44,0.4869,39,0.5052,39,0.9921,0.3065,0.11,-2.1280,2.8720,0.0000,950.86,SUCCESS
2025-12-20T05:00:17.635765+00:00,btc-updown-15m-1766206800,TRADE,DOWN,ACCUM,2,2,0.5001,1.0003,44,0.4869,41,0.5050,41,0.9919,0.3325,0.07,-1.1283,1.8717,0.0000,949.86,SUCCESS
2025-12-20T05:00:18.360744+00:00,btc-updown-15m-1766206800,TRADE,DOWN,ACCUM,2,2,0.5002,1.0003,44,0.4869,43,0.5048,43,0.9917,0.3583,0.02,-0.1286,0.8714,0.0000,948.86,SUCCESS
2025-12-20T05:00:18.977029+00:00,btc-updown-15m-1766206800,TRADE,UP,ACCUM,2,2,0.5101,1.0202,46,0.4879,43,0.5048,43,0.9927,0.3149,0.07,-1.1488,1.8512,0.0000,947.84,SUCCESS
2025-12-20T05:00:18.978096+00:00,btc-updown-15m-1766206800,TRADE,DOWN,ACCUM,2,1,0.5000,0.5000,46,0.4879,44,0.5047,44,0.9926,0.3270,0.04,-0.6488,1.3512,0.0000,947.34,SUCCESS
2025-12-20T05:00:19.381868+00:00,btc-updown-15m-1766206800,TRADE,UP,ACCUM,2,2,0.5101,1.0202,48,0.4888,44,0.5047,44,0.9935,0.2864,0.08,-1.6690,2.3310,0.0000,946.32,SUCCESS
2025-12-20T05:00:19.382651+00:00,btc-updown-15m-1766206800,TRADE,DOWN,ACCUM,2,2,0.5002,1.0004,48,0.4888,46,0.5045,46,0.9933,0.3083,0.04,-0.6694,1.3306,0.0000,945.32,SUCCESS
2025-12-20T05:00:19.784779+00:00,btc-updown-15m-1766206800,TRADE,UP,ACCUM,2,2,0.5102,1.0203,50,0.4897,46,0.5045,46,0.9942,0.2690,0.08,-1.6897,2.3103,0.0000,944.30,SUCCESS
2025-12-20T05:00:19.785309+00:00,btc-updown-15m-1766206800,TRADE,DOWN,ACCUM,2,2,0.5002,1.0003,50,0.4897,48,0.5043,48,0.9940,0.2893,0.04,-0.6901,1.3099,0.0000,943.30,SUCCESS
2025-12-20T05:00:20.437754+00:00,btc-updown-15m-1766206800,TRADE,DOWN,ACCUM,2,1,0.4802,0.4802,50,0.4897,49,0.5038,49,0.9935,0.3194,0.02,-0.1703,0.8297,0.0000,942.82,SUCCESS
2025-12-20T05:00:21.045088+00:00,btc-updown-15m-1766206800,TRADE,DOWN,ACCUM,2,2,0.4801,0.9603,50,0.4897,51,0.5029,50,0.9926,0.3723,0.02,-0.1305,0.8695,0.0000,941.86,SUCCESS
2025-12-20T05:15:00.009608+00:00,btc-updown-15m-1766206800,RESOLUTION,UP,MARKET_END,101,101,1.0000,50.1305,50,0.4897,51,0.5029,50,0.9926,0.3723,0.02,0.0000,0.0000,-0.6334,991.86,RESOLVED
2025-12-20T05:15:02.304081+00:00,btc-updown-15m-1766207700,TRADE,DOWN,ACCUM,2,2,0.5601,1.1202,0,0.0000,2,0.5601,0,0.0000,0.0000,1.00,-1.1202,0.8798,0.0000,990.74,SUCCESS
2025-12-20T05:15:02.859055+00:00,btc-updown-15m-1766207700,TRADE,UP,ACCUM,2,2,0.4502,0.9004,2,0.4502,2,0.5601,2,1.0103,-0.0206,0.00,-0.0206,-0.0206,0.0000,989.84,SUCCESS
2025-12-20T05:15:02.860544+00:00,btc-updown-15m-1766207700,TRADE,DOWN,ACCUM,2,2,0.5603,1.1205,2,0.4502,4,0.5602,2,1.0104,-0.0208,0.50,-1.1411,0.8589,0.0000,988.72,SUCCESS
2025-12-20T05:15:44.514745+00:00,btc-updown-15m-1766207700,TRADE,DOWN,ACCUM,2,2,0.5101,1.0202,2,0.4502,6,0.5435,2,0.9937,0.0127,0.67,-2.1613,1.8387,0.0000,987.70,SUCCESS
2025-12-20T05:15:45.049126+00:00,btc-updown-15m-1766207700,TRADE,DOWN,ACCUM,2,2,0.5102,1.0205,2,0.4502,8,0.5352,2,0.9854,0.0293,0.75,-3.1817,2.8183,0.0000,986.68,SUCCESS
2025-12-20T05:15:45.571284+00:00,btc-updown-15m-1766207700,TRADE,DOWN,ACCUM,2,2,0.5101,1.0203,2,0.4502,10,0.5302,2,0.9803,0.0393,0.80,-4.2020,3.7980,0.0000,985.66,SUCCESS
2025-12-20T05:15:45.968278+00:00,btc-updown-15m-1766207700,TRADE,DOWN,ACCUM,2,2,0.5100,1.0200,2,0.4502,12,0.5268,2,0.9770,0.0460,0.83,-5.2220,4.7780,0.0000,984.64,SUCCESS
2025-12-20T05:15:46.367884+00:00,btc-updown-15m-1766207700,TRADE,DOWN,ACCUM,2,2,0.5099,1.0198,2,0.4502,14,0.5244,2,0.9746,0.0509,0.86,-6.2419,5.7581,0.0000,983.62,SUCCESS
2025-12-20T05:15:46.793481+00:00,btc-updown-15m-1766207700,TRADE,DOWN,ACCUM,2,2,0.5101,1.0203,2,0.4502,16,0.5226,2,0.9728,0.0544,0.88,-7.2621,6.7379,0.0000,982.60,SUCCESS
2025-12-20T05:15:47.758749+00:00,btc-updown-15m-1766207700,TRADE,DOWN,ACCUM,2,2,0.5101,1.0203,2,0.4502,18,0.5212,2,0.9714,0.0572,0.89,-8.2824,7.7176,0.0000,981.58,SUCCESS
2025-12-20T05:15:48.271128+00:00,btc-updown-15m-1766207700,TRADE,DOWN,ACCUM,2,2,0.5100,1.0200,2,0.4502,20,0.5201,2,0.9703,0.0594,0.90,-9.3024,8.6976,0.0000,980.56,SUCCESS
2025-12-20T05:15:48.670419+00:00,btc-updown-15m-1766207700,TRADE,DOWN,ACCUM,2,2,0.5102,1.0205,2,0.4502,22,0.5192,2,0.9694,0.0612,0.91,-10.3229,9.6771,0.0000,979.54,SUCCESS
2025-12-20T05:15:49.088681+00:00,btc-updown-15m-1766207700,TRADE,UP,ACCUM,2,1,0.5001,0.5001,3,0.4668,22,0.5192,3,0.9860,0.0419,0.86,-9.8230,9.1770,0.0000,979.04,SUCCESS
2025-12-20T05:15:49.089055+00:00,btc-updown-15m-1766207700,TRADE,DOWN,ACCUM,2,2,0.5101,1.0202,3,0.4668,24,0.5184,3,0.9853,0.0442,0.88,-10.8432,10.1568,0.0000,978.02,SUCCESS
2025-12-20T05:15:49.656747+00:00,btc-updown-15m-1766207700,TRADE,UP,ACCUM,4,4,0.5001,2.0002,7,0.4858,24,0.5184,7,1.0043,-0.0299,0.71,-8.8434,8.1566,0.0000,976.02,SUCCESS
2025-12-20T05:16:24.037236+00:00,btc-updown-15m-1766207700,TRADE,DOWN,ACCUM,2,2,0.3902,0.7803,7,0.4858,26,0.5086,7,0.9944,0.0392,0.73,-9.6238,9.3762,0.0000,975.24,SUCCESS
2025-12-20T05:16:24.542517+00:00,btc-updown-15m-1766207700,TRADE,DOWN,ACCUM,2,2,0.3901,0.7801,7,0.4858,28,0.5001,7,0.9859,0.0985,0.75,-10.4039,10.5961,0.0000,974.46,SUCCESS
2025-12-20T05:16:24.970937+00:00,btc-updown-15m-1766207700,TRADE,UP,ACCUM,4,4,0.6202,2.4807,11,0.5347,28,0.5001,11,1.0348,-0.3827,0.61,-8.8846,8.1154,0.0000,971.97,SUCCESS
2025-12-20T05:27:00.208062+00:00,btc-updown-15m-1766207700,TRADE,UP,ACCUM,10,8,0.8700,6.9601,19,0.6759,28,0.5001,19,1.1760,-3.3437,0.32,-7.8447,1.1553,0.0000,965.01,SUCCESS
2025-12-20T05:27:00.210484+00:00,btc-updown-15m-1766207700,TRADE,DOWN,ACCUM,10,4,0.1400,0.5601,19,0.6759,32,0.4551,19,1.1310,-2.4885,0.41,-8.4048,4.5952,0.0000,964.45,SUCCESS
2025-12-20T05:27:00.792161+00:00,btc-updown-15m-1766207700,TRADE,UP,ACCUM,10,10,0.8701,8.7015,29,0.7429,32,0.4551,29,1.1980,-5.7410,0.09,-7.1063,-4.1063,0.0000,955.75,SUCCESS
2025-12-20T05:27:00.792834+00:00,btc-updown-15m-1766207700,TRADE,DOWN,ACCUM,10,10,0.1401,1.4006,29,0.7429,42,0.3801,29,1.1230,-3.5657,0.31,-8.5070,4.4930,0.0000,954.35,SUCCESS
2025-12-20T05:27:01.294036+00:00,btc-updown-15m-1766207700,TRADE,UP,ACCUM,10,10,0.8702,8.7015,39,0.7755,42,0.3801,39,1.1556,-6.0682,0.07,-7.2085,-4.2085,0.0000,945.65,SUCCESS
2025-12-20T05:30:00.096223+00:00,btc-updown-15m-1766207700,RESOLUTION,DOWN,MARKET_END,81,81,1.0000,46.2085,39,0.7755,42,0.3801,39,1.1556,-6.0682,0.07,0.0000,0.0000,-5.3487,987.65,RESOLVED
2025-12-20T05:30:08.717478+00:00,btc-updown-15m-1766208600,TRADE,UP,ACCUM,2,2,0.4802,0.9605,2,0.4802,0,0.0000,0,0.0000,0.0000,1.00,-0.9605,1.0395,0.0000,986.69,SUCCESS
2025-12-20T05:30:08.718106+00:00,btc-updown-15m-1766208600,TRADE,DOWN,ACCUM,2,2,0.5302,1.0603,2,0.4802,2,0.5302,2,1.0104,-0.0208,0.00,-0.0208,-0.0208,0.0000,985.63,SUCCESS
2025-12-20T05:30:20.998582+00:00,btc-updown-15m-1766208600,TRADE,UP,ACCUM,2,2,0.4000,0.8001,4,0.4401,2,0.5302,2,0.9703,0.0594,0.50,-0.8209,1.1791,0.0000,984.83,SUCCESS
2025-12-20T05:30:21.434627+00:00,btc-updown-15m-1766208600,TRADE,UP,ACCUM,2,2,0.3901,0.7801,6,0.4234,2,0.5302,2,0.9536,0.0928,0.67,-1.6010,2.3990,0.0000,984.05,SUCCESS
2025-12-20T05:30:22.024706+00:00,btc-updown-15m-1766208600,TRADE,UP,ACCUM,2,2,0.3801,0.7602,8,0.4126,2,0.5302,2,0.9428,0.1145,0.75,-2.3612,3.6388,0.0000,983.29,SUCCESS
2025-12-20T05:30:22.428361+00:00,btc-updown-15m-1766208600,TRADE,UP,ACCUM,2,2,0.3701,0.7402,10,0.4041,2,0.5302,2,0.9343,0.1315,0.80,-3.1014,4.8986,0.0000,982.55,SUCCESS
2025-12-20T05:30:23.007329+00:00,btc-updown-15m-1766208600,TRADE,UP,ACCUM,2,2,0.3601,0.7202,12,0.3968,2,0.5302,2,0.9269,0.1461,0.83,-3.8216,6.1784,0.0000,981.83,SUCCESS
2025-12-20T05:30:23.007942+00:00,btc-updown-15m-1766208600,TRADE,DOWN,ACCUM,2,2,0.6501,1.3001,12,0.3968,4,0.5901,4,0.9869,0.0525,0.67,-3.1217,4.8783,0.0000,980.53,SUCCESS
2025-12-20T05:30:23.476130+00:00,btc-updown-15m-1766208600,TRADE,UP,ACCUM,2,2,0.3701,0.7403,14,0.3930,4,0.5901,4,0.9831,0.0677,0.71,-3.8620,6.1380,0.0000,979.79,SUCCESS
2025-12-20T05:30:23.864102+00:00,btc-updown-15m-1766208600,TRADE,UP,ACCUM,2,2,0.3702,0.7403,16,0.3901,4,0.5901,4,0.9802,0.0791,0.75,-4.6023,7.3977,0.0000,979.05,SUCCESS
2025-12-20T05:30:24.664309+00:00,btc-updown-15m-1766208600,TRADE,UP,ACCUM,2,2,0.3501,0.7003,18,0.3857,4,0.5901,4,0.9758,0.0968,0.78,-5.3026,8.6974,0.0000,978.35,SUCCESS
2025-12-20T05:30:25.593918+00:00,btc-updown-15m-1766208600,TRADE,UP,ACCUM,2,2,0.3600,0.7201,20,0.3831,4,0.5901,4,0.9732,0.1071,0.80,-6.0227,9.9773,0.0000,977.63,SUCCESS
2025-12-20T05:30:25.999012+00:00,btc-updown-15m-1766208600,TRADE,DOWN,ACCUM,2,2,0.6501,1.3003,20,0.3831,6,0.6101,6,0.9932,0.0406,0.70,-5.3230,8.6770,0.0000,976.33,SUCCESS
2025-12-20T05:30:27.176921+00:00,btc-updown-15m-1766208600,TRADE,UP,ACCUM,2,1,0.3500,0.3500,21,0.3815,6,0.6101,6,0.9917,0.0500,0.71,-5.6730,9.3270,0.0000,975.98,SUCCESS
2025-12-20T05:30:27.687278+00:00,btc-updown-15m-1766208600,TRADE,UP,ACCUM,2,2,0.3601,0.7202,23,0.3797,6,0.6101,6,0.9898,0.0612,0.74,-6.3932,10.6068,0.0000,975.26,SUCCESS
2025-12-20T05:30:28.078919+00:00,btc-updown-15m-1766208600,TRADE,UP,ACCUM,2,1,0.3601,0.3601,24,0.3789,6,0.6101,6,0.9890,0.0661,0.75,-6.7533,11.2467,0.0000,974.90,SUCCESS
2025-12-20T05:30:28.602314+00:00,btc-updown-15m-1766208600,TRADE,UP,ACCUM,2,2,0.3601,0.7202,26,0.3774,6,0.6101,6,0.9875,0.0748,0.77,-7.4735,12.5265,0.0000,974.18,SUCCESS
2025-12-20T05:30:29.133722+00:00,btc-updown-15m-1766208600,TRADE,UP,ACCUM,2,2,0.3501,0.7001,28,0.3755,6,0.6101,6,0.9856,0.0865,0.79,-8.1736,13.8264,0.0000,973.48,SUCCESS
2025-12-20T05:30:29.554392+00:00,btc-updown-15m-1766208600,TRADE,DOWN,ACCUM,4,4,0.6600,2.6401,28,0.3755,10,0.6301,10,1.0055,-0.0554,0.64,-6.8137,11.1863,0.0000,970.84,SUCCESS
2025-12-20T05:31:14.849310+00:00,btc-updown-15m-1766208600,TRADE,DOWN,ACCUM,2,2,0.5602,1.1204,28,0.3755,12,0.6184,12,0.9939,0.0733,0.57,-5.9341,10.0659,0.0000,969.72,SUCCESS
2025-12-20T05:31:15.383345+00:00,btc-updown-15m-1766208600,TRADE,DOWN,ACCUM,2,2,0.5601,1.1201,28,0.3755,14,0.6101,14,0.9856,0.2022,0.50,-5.0542,8.9458,0.0000,968.60,SUCCESS
2025-12-20T05:31:15.762716+00:00,btc-updown-15m-1766208600,TRADE,UP,ACCUM,2,2,0.4500,0.9001,30,0.3804,14,0.6101,14,0.9905,0.1326,0.53,-5.9542,10.0458,0.0000,967.70,SUCCESS
2025-12-20T05:31:15.763223+00:00,btc-updown-15m-1766208600,TRADE,DOWN,ACCUM,2,2,0.5500,1.1001,30,0.3804,16,0.6026,16,0.9830,0.2717,0.47,-5.0543,8.9457,0.0000,966.60,SUCCESS
2025-12-20T05:31:16.175569+00:00,btc-updown-15m-1766208600,TRADE,UP,ACCUM,2,2,0.4700,0.9401,32,0.3860,16,0.6026,16,0.9886,0.1821,0.50,-5.9944,10.0056,0.0000,965.66,SUCCESS
2025-12-20T05:31:16.176012+00:00,btc-updown-15m-1766208600,TRADE,DOWN,ACCUM,2,2,0.5401,1.0802,32,0.3860,18,0.5956,18,0.9817,0.3298,0.44,-5.0746,8.9254,0.0000,964.58,SUCCESS
2025-12-20T05:31:16.586567+00:00,btc-updown-15m-1766208600,TRADE,UP,ACCUM,2,2,0.4701,0.9401,34,0.3910,18,0.5956,18,0.9866,0.2409,0.47,-6.0147,9.9853,0.0000,963.64,SUCCESS
2025-12-20T05:31:16.587079+00:00,btc-updown-15m-1766208600,TRADE,DOWN,ACCUM,2,2,0.5401,1.0803,34,0.3910,20,0.5901,20,0.9811,0.3786,0.41,-5.0950,8.9050,0.0000,962.56,SUCCESS
2025-12-20T05:31:17.092162+00:00,btc-updown-15m-1766208600,TRADE,UP,ACCUM,2,2,0.4800,0.9601,36,0.3959,20,0.5901,20,0.9860,0.2797,0.44,-6.0551,9.9449,0.0000,961.60,SUCCESS
2025-12-20T05:31:17.093161+00:00,btc-updown-15m-1766208600,TRADE,DOWN,ACCUM,2,2,0.5300,1.0601,36,0.3959,22,0.5846,22,0.9806,0.4277,0.39,-5.1152,8.8848,0.0000,960.54,SUCCESS
2025-12-20T05:31:17.603525+00:00,btc-updown-15m-1766208600,TRADE,UP,ACCUM,2,1,0.4801,0.4801,37,0.3982,22,0.5846,22,0.9828,0.3777,0.41,-5.5953,9.4047,0.0000,960.06,SUCCESS
2025-12-20T05:31:18.106452+00:00,btc-updown-15m-1766208600,TRADE,UP,ACCUM,2,2,0.4802,0.9604,39,0.4024,22,0.5846,22,0.9870,0.2852,0.44,-6.5556,10.4444,0.0000,959.10,SUCCESS
2025-12-20T05:31:18.106871+00:00,btc-updown-15m-1766208600,TRADE,DOWN,ACCUM,2,2,0.5301,1.0602,39,0.4024,24,0.5801,24,0.9825,0.4202,0.38,-5.6158,9.3842,0.0000,958.04,SUCCESS
2025-12-20T05:31:18.522540+00:00,btc-updown-15m-1766208600,TRADE,UP,ACCUM,2,2,0.4801,0.9603,41,0.4062,24,0.5801,24,0.9863,0.3292,0.41,-6.5761,10.4239,0.0000,957.07,SUCCESS
2025-12-20T05:31:18.523252+00:00,btc-updown-15m-1766208600,TRADE,DOWN,ACCUM,2,2,0.5300,1.0600,41,0.4062,26,0.5762,26,0.9824,0.4568,0.37,-5.6361,9.3639,0.0000,956.01,SUCCESS
2025-12-20T05:31:19.127516+00:00,btc-updown-15m-1766208600,TRADE,UP,ACCUM,2,2,0.4802,0.9604,43,0.4096,26,0.5762,26,0.9859,0.3673,0.40,-6.5965,10.4035,0.0000,955.05,SUCCESS
2025-12-20T05:31:19.127909+00:00,btc-updown-15m-1766208600,TRADE,DOWN,ACCUM,2,2,0.5302,1.0605,43,0.4096,28,0.5730,28,0.9826,0.4876,0.35,-5.6570,9.3430,0.0000,953.99,SUCCESS
2025-12-20T05:31:19.753920+00:00,btc-updown-15m-1766208600,TRADE,UP,ACCUM,2,2,0.4802,0.9604,45,0.4128,28,0.5730,28,0.9857,0.3998,0.38,-6.6174,10.3826,0.0000,953.03,SUCCESS
2025-12-20T05:31:19.754228+00:00,btc-updown-15m-1766208600,TRADE,DOWN,ACCUM,2,2,0.5301,1.0602,45,0.4128,30,0.5701,30,0.9829,0.5140,0.33,-5.6776,9.3224,0.0000,951.97,SUCCESS
2025-12-20T05:31:20.130754+00:00,btc-updown-15m-1766208600,TRADE,UP,ACCUM,2,2,0.4800,0.9600,47,0.4156,30,0.5701,30,0.9857,0.4281,0.36,-6.6376,10.3624,0.0000,951.01,SUCCESS
2025-12-20T05:31:20.131071+00:00,btc-updown-15m-1766208600,TRADE,DOWN,ACCUM,2,2,0.5302,1.0605,47,0.4156,32,0.5676,32,0.9832,0.5364,0.32,-5.6981,9.3019,0.0000,949.95,SUCCESS
2025-12-20T05:31:20.539678+00:00,btc-updown-15m-1766208600,TRADE,UP,ACCUM,2,2,0.4801,0.9601,49,0.4183,32,0.5676,32,0.9859,0.4523,0.35,-6.6582,10.3418,0.0000,948.99,SUCCESS
2025-12-20T05:31:20.541735+00:00,btc-updown-15m-1766208600,TRADE,DOWN,ACCUM,2,2,0.5297,1.0595,49,0.4183,34,0.5654,34,0.9836,0.5562,0.31,-5.7177,9.2823,0.0000,947.93,SUCCESS
2025-12-20T05:31:21.195965+00:00,btc-updown-15m-1766208600,TRADE,UP,ACCUM,2,2,0.4802,0.9604,51,0.4207,34,0.5654,34,0.9861,0.4736,0.33,-6.6781,10.3219,0.0000,946.97,SUCCESS
2025-12-20T05:31:21.196523+00:00,btc-updown-15m-1766208600,TRADE,DOWN,ACCUM,2,2,0.5301,1.0602,51,0.4207,36,0.5634,36,0.9841,0.5720,0.29,-5.7384,9.2616,0.0000,945.91,SUCCESS
2025-12-20T05:31:21.605227+00:00,btc-updown-15m-1766208600,TRADE,DOWN,ACCUM,2,2,0.5401,1.0803,51,0.4207,38,0.5622,38,0.9829,0.6504,0.25,-4.8186,8.1814,0.0000,944.83,SUCCESS
2025-12-20T05:31:22.636672+00:00,btc-updown-15m-1766208600,TRADE,DOWN,ACCUM,2,2,0.5302,1.0605,51,0.4207,40,0.5606,40,0.9813,0.7485,0.22,-3.8791,7.1209,0.0000,943.77,SUCCESS
2025-12-20T05:31:23.026027+00:00,btc-updown-15m-1766208600,TRADE,DOWN,ACCUM,2,2,0.5402,1.0803,51,0.4207,42,0.5596,42,0.9803,0.8268,0.18,-2.9594,6.0406,0.0000,942.69,SUCCESS
2025-12-20T05:31:23.530837+00:00,btc-updown-15m-1766208600,TRADE,DOWN,ACCUM,2,2,0.5300,1.0601,51,0.4207,44,0.5583,44,0.9790,0.9253,0.14,-2.0195,4.9805,0.0000,941.63,SUCCESS
2025-12-20T05:31:24.284620+00:00,btc-updown-15m-1766208600,TRADE,DOWN,ACCUM,2,2,0.5301,1.0603,51,0.4207,46,0.5571,46,0.9777,1.0237,0.10,-1.0798,3.9202,0.0000,940.57,SUCCESS
2025-12-20T05:31:24.688100+00:00,btc-updown-15m-1766208600,TRADE,DOWN,ACCUM,2,2,0.5301,1.0603,51,0.4207,48,0.5559,48,0.9766,1.1220,0.06,-0.1401,2.8599,0.0000,939.51,SUCCESS
2025-12-20T05:31:25.309124+00:00,btc-updown-15m-1766208600,TRADE,DOWN,ACCUM,2,2,0.5301,1.0603,51,0.4207,50,0.5549,50,0.9756,1.2203,0.02,0.7997,1.7997,0.0000,938.45,SUCCESS
2025-12-20T05:45:00.012054+00:00,btc-updown-15m-1766208600,RESOLUTION,DOWN,MARKET_END,101,101,1.0000,49.2003,51,0.4207,50,0.5549,50,0.9756,1.2203,0.02,0.0000,0.0000,0.3790,988.45,RESOLVED
2025-12-20T05:45:03.040864+00:00,btc-updown-15m-1766209500,TRADE,UP,ACCUM,2,2,0.4202,0.8403,2,0.4202,0,0.0000,0,0.0000,0.0000,1.00,-0.8403,1.1597,0.0000,987.61,SUCCESS
2025-12-20T05:45:03.041353+00:00,btc-updown-15m-1766209500,TRADE,DOWN,ACCUM,2,2,0.5900,1.1800,2,0.4202,2,0.5900,2,1.0102,-0.0204,0.00,-0.0204,-0.0204,0.0000,986.43,SUCCESS
2025-12-20T05:45:06.219149+00:00,btc-updown-15m-1766209500,TRADE,UP,ACCUM,2,2,0.3601,0.7202,4,0.3901,2,0.5900,2,0.9802,0.0397,0.50,-0.7406,1.2594,0.0000,985.71,SUCCESS
2025-12-20T05:45:06.766189+00:00,btc-updown-15m-1766209500,TRADE,UP,ACCUM,2,2,0.3800,0.7600,6,0.3868,2,0.5900,2,0.9768,0.0464,0.67,-1.5007,2.4993,0.0000,984.95,SUCCESS
2025-12-20T05:45:07.381985+00:00,btc-updown-15m-1766209500,TRADE,UP,ACCUM,2,2,0.2900,0.5800,8,0.3626,2,0.5900,2,0.9526,0.0948,0.75,-2.0807,3.9193,0.0000,984.37,SUCCESS
2025-12-20T05:45:07.766342+00:00,btc-updown-15m-1766209500,TRADE,UP,ACCUM,2,2,0.2600,0.5201,10,0.3421,2,0.5900,2,0.9321,0.1358,0.80,-2.6008,5.3992,0.0000,983.85,SUCCESS
2025-12-20T05:45:08.665451+00:00,btc-updown-15m-1766209500,TRADE,UP,ACCUM,2,2,0.2701,0.5401,12,0.3301,2,0.5900,2,0.9201,0.1598,0.83,-3.1409,6.8591,0.0000,983.31,SUCCESS
2025-12-20T05:45:09.070057+00:00,btc-updown-15m-1766209500,TRADE,UP,ACCUM,2,2,0.2800,0.5600,14,0.3229,2,0.5900,2,0.9129,0.1741,0.86,-3.7009,8.2991,0.0000,982.75,SUCCESS
2025-12-20T05:45:09.482754+00:00,btc-updown-15m-1766209500,TRADE,UP,ACCUM,2,2,0.2801,0.5601,16,0.3176,2,0.5900,2,0.9076,0.1848,0.88,-4.2611,9.7389,0.0000,982.19,SUCCESS
2025-12-20T05:45:09.482873+00:00,btc-updown-15m-1766209500,TRADE,DOWN,ACCUM,2,2,0.7300,1.4600,16,0.3176,4,0.6600,4,0.9776,0.0897,0.75,-3.7211,8.2789,0.0000,980.73,SUCCESS
2025-12-20T05:45:09.883091+00:00,btc-updown-15m-1766209500,TRADE,UP,ACCUM,2,2,0.2901,0.5802,18,0.3145,4,0.6600,4,0.9745,0.1019,0.78,-4.3013,9.6987,0.0000,980.15,SUCCESS
2025-12-20T05:45:10.563229+00:00,btc-updown-15m-1766209500,TRADE,UP,ACCUM,2,2,0.2801,0.5602,20,0.3111,4,0.6600,4,0.9711,0.1157,0.80,-4.8615,11.1385,0.0000,979.59,SUCCESS
2025-12-20T05:45:11.408685+00:00,btc-updown-15m-1766209500,TRADE,UP,ACCUM,2,2,0.2801,0.5603,22,0.3083,4,0.6600,4,0.9683,0.1269,0.82,-5.4218,12.5782,0.0000,979.03,SUCCESS
2025-12-20T05:45:12.019360+00:00,btc-updown-15m-1766209500,TRADE,UP,ACCUM,2,2,0.2800,0.5601,24,0.3059,4,0.6600,4,0.9659,0.1363,0.83,-5.9818,14.0182,0.0000,978.47,SUCCESS
2025-12-20T05:45:12.019867+00:00,btc-updown-15m-1766209500,TRADE,DOWN,ACCUM,2,2,0.7303,1.4606,24,0.3059,6,0.6834,6,0.9894,0.0639,0.75,-5.4424,12.5576,0.0000,977.01,SUCCESS
2025-12-20T05:45:12.607376+00:00,btc-updown-15m-1766209500,TRADE,UP,ACCUM,2,2,0.2801,0.5602,26,0.3039,6,0.6834,6,0.9874,0.0758,0.77,-6.0026,13.9974,0.0000,976.45,SUCCESS
2025-12-20T05:45:13.008037+00:00,btc-updown-15m-1766209500,TRADE,UP,ACCUM,2,2,0.2601,0.5202,28,0.3008,6,0.6834,6,0.9842,0.0946,0.79,-6.5228,15.4772,0.0000,975.93,SUCCESS
2025-12-20T05:45:13.632790+00:00,btc-updown-15m-1766209500,TRADE,DOWN,ACCUM,4,4,0.7500,3.0001,28,0.3008,10,0.7101,10,1.0109,-0.1087,0.64,-5.5230,12.4770,0.0000,972.93,SUCCESS
2025-12-20T05:50:03.120023+00:00,btc-updown-15m-1766209500,TRADE,UP,ACCUM,2,2,0.0600,0.1200,30,0.2847,10,0.7101,10,0.9948,0.0518,0.67,-5.6430,14.3570,0.0000,972.81,SUCCESS
2025-12-20T05:50:03.741039+00:00,btc-updown-15m-1766209500,TRADE,UP,ACCUM,2,2,0.0600,0.1200,32,0.2707,10,0.7101,10,0.9808,0.1923,0.69,-5.7630,16.2370,0.0000,972.69,SUCCESS
2025-12-20T05:50:04.247382+00:00,btc-updown-15m-1766209500,TRADE,DOWN,ACCUM,4,3,0.9502,2.8506,32,0.2707,13,0.7655,13,1.0362,-0.4704,0.59,-5.6136,13.3864,0.0000,969.84,SUCCESS
2025-12-20T06:00:00.085966+00:00,btc-updown-15m-1766209500,RESOLUTION,UP,MARKET_END,45,45,1.0000,18.6136,32,0.2707,13,0.7655,13,1.0362,-0.4704,0.59,0.0000,0.0000,8.2433,1001.84,RESOLVED
2025-12-20T06:00:02.860064+00:00,btc-updown-15m-1766210400,TRADE,UP,ACCUM,2,2,0.5102,1.0204,2,0.5102,0,0.0000,0,0.0000,0.0000,1.00,-1.0204,0.9796,0.0000,1000.82,SUCCESS
2025-12-20T06:00:02.860589+00:00,btc-updown-15m-1766210400,TRADE,DOWN,ACCUM,2,2,0.5001,1.0003,2,0.5102,2,0.5001,2,1.0103,-0.0206,0.00,-0.0206,-0.0206,0.0000,999.82,SUCCESS
2025-12-20T06:00:18.347766+00:00,btc-updown-15m-1766210400,TRADE,UP,ACCUM,2,2,0.4702,0.9403,4,0.4902,2,0.5001,2,0.9903,0.0194,0.50,-0.9610,1.0390,0.0000,998.88,SUCCESS
2025-12-20T06:00:18.959826+00:00,btc-updown-15m-1766210400,TRADE,UP,ACCUM,2,2,0.4702,0.9404,6,0.4835,2,0.5001,2,0.9837,0.0327,0.67,-1.9014,2.0986,0.0000,997.94,SUCCESS
2025-12-20T06:00:19.362090+00:00,btc-updown-15m-1766210400,TRADE,UP,ACCUM,2,2,0.4701,0.9402,8,0.4802,2,0.5001,2,0.9803,0.0394,0.75,-2.8416,3.1584,0.0000,997.00,SUCCESS
2025-12-20T06:00:19.766284+00:00,btc-updown-15m-1766210400,TRADE,UP,ACCUM,2,1,0.4602,0.4602,9,0.4780,2,0.5001,2,0.9781,0.0438,0.78,-3.3018,3.6982,0.0000,996.54,SUCCESS
2025-12-20T06:00:20.162074+00:00,btc-updown-15m-1766210400,TRADE,UP,ACCUM,2,2,0.4602,0.9204,11,0.4747,2,0.5001,2,0.9749,0.0503,0.82,-4.2223,4.7777,0.0000,995.61,SUCCESS
2025-12-20T06:00:20.669477+00:00,btc-updown-15m-1766210400,TRADE,UP,ACCUM,2,2,0.4601,0.9203,13,0.4725,2,0.5001,2,0.9726,0.0548,0.85,-5.1425,5.8575,0.0000,994.69,SUCCESS
2025-12-20T06:00:21.205268+00:00,btc-updown-15m-1766210400,TRADE,UP,ACCUM,2,2,0.4602,0.9204,15,0.4708,2,0.5001,2,0.9710,0.0581,0.87,-6.0629,6.9371,0.0000,993.77,SUCCESS
2025-12-20T06:00:21.705682+00:00,btc-updown-15m-1766210400,TRADE,UP,ACCUM,2,2,0.4500,0.9001,17,0.4684,2,0.5001,2,0.9685,0.0630,0.88,-6.9630,8.0370,0.0000,992.87,SUCCESS
2025-12-20T06:00:22.212179+00:00,btc-updown-15m-1766210400,TRADE,UP,ACCUM,2,2,0.4501,0.9002,19,0.4665,2,0.5001,2,0.9666,0.0668,0.89,-7.8632,9.1368,0.0000,991.97,SUCCESS
2025-12-20T06:00:22.888468+00:00,btc-updown-15m-1766210400,TRADE,UP,ACCUM,2,2,0.4501,0.9002,21,0.4649,2,0.5001,2,0.9650,0.0699,0.90,-8.7634,10.2366,0.0000,991.07,SUCCESS
2025-12-20T06:00:23.306899+00:00,btc-updown-15m-1766210400,TRADE,UP,ACCUM,2,2,0.4601,0.9202,23,0.4645,2,0.5001,2,0.9646,0.0708,0.91,-9.6837,11.3163,0.0000,990.15,SUCCESS
2025-12-20T06:00:23.307701+00:00,btc-updown-15m-1766210400,TRADE,DOWN,ACCUM,2,2,0.5500,1.1000,23,0.4645,4,0.5251,4,0.9896,0.0418,0.83,-8.7837,10.2163,0.0000,989.05,SUCCESS
2025-12-20T06:00:23.844841+00:00,btc-updown-15m-1766210400,TRADE,UP,ACCUM,2,2,0.4601,0.9203,25,0.4641,4,0.5251,4,0.9892,0.0432,0.84,-9.7039,11.2961,0.0000,988.13,SUCCESS
2025-12-20T06:00:23.845308+00:00,btc-updown-15m-1766210400,TRADE,DOWN,ACCUM,2,2,0.5401,1.0802,25,0.4641,6,0.5301,6,0.9942,0.0347,0.76,-8.7841,10.2159,0.0000,987.05,SUCCESS
2025-12-20T06:00:24.387285+00:00,btc-updown-15m-1766210400,TRADE,UP,ACCUM,2,2,0.4701,0.9403,27,0.4646,6,0.5301,6,0.9947,0.0320,0.78,-9.7244,11.2756,0.0000,986.11,SUCCESS
2025-12-20T06:00:24.895265+00:00,btc-updown-15m-1766210400,TRADE,DOWN,ACCUM,4,4,0.5501,2.2005,27,0.4646,10,0.5381,10,1.0027,-0.0268,0.63,-7.9249,9.0751,0.0000,983.91,SUCCESS
2025-12-20T06:01:37.194934+00:00,btc-updown-15m-1766210400,TRADE,DOWN,ACCUM,2,2,0.4900,0.9801,27,0.4646,12,0.5301,12,0.9947,0.0639,0.56,-6.9050,8.0950,0.0000,982.93,SUCCESS
2025-12-20T06:01:37.736900+00:00,btc-updown-15m-1766210400,TRADE,DOWN,ACCUM,2,2,0.4902,0.9804,27,0.4646,14,0.5244,14,0.9890,0.1544,0.48,-5.8853,7.1147,0.0000,981.95,SUCCESS
2025-12-20T06:01:38.437700+00:00,btc-updown-15m-1766210400,TRADE,UP,ACCUM,2,2,0.5202,1.0405,29,0.4684,14,0.5244,14,0.9928,0.1006,0.52,-6.9258,8.0742,0.0000,980.91,SUCCESS
2025-12-20T06:01:38.438631+00:00,btc-updown-15m-1766210400,TRADE,DOWN,ACCUM,2,2,0.4900,0.9800,29,0.4684,16,0.5201,16,0.9885,0.1838,0.45,-5.9058,7.0942,0.0000,979.93,SUCCESS
2025-12-20T06:01:38.861589+00:00,btc-updown-15m-1766210400,TRADE,UP,ACCUM,2,2,0.5101,1.0202,31,0.4711,16,0.5201,16,0.9912,0.1407,0.48,-6.9260,8.0740,0.0000,978.91,SUCCESS
2025-12-20T06:01:39.258261+00:00,btc-updown-15m-1766210400,TRADE,UP,ACCUM,2,2,0.5099,1.0198,33,0.4735,16,0.5201,16,0.9936,0.1032,0.52,-7.9458,9.0542,0.0000,977.89,SUCCESS
2025-12-20T06:01:39.258832+00:00,btc-updown-15m-1766210400,TRADE,DOWN,ACCUM,2,2,0.4901,0.9803,33,0.4735,18,0.5168,18,0.9902,0.1760,0.45,-6.9260,8.0740,0.0000,976.91,SUCCESS
2025-12-20T06:01:39.875584+00:00,btc-updown-15m-1766210400,TRADE,UP,ACCUM,2,2,0.5202,1.0403,35,0.4761,18,0.5168,18,0.9929,0.1279,0.49,-7.9663,9.0337,0.0000,975.87,SUCCESS
2025-12-20T06:01:39.876007+00:00,btc-updown-15m-1766210400,TRADE,DOWN,ACCUM,2,2,0.4902,0.9804,35,0.4761,20,0.5141,20,0.9902,0.1953,0.43,-6.9467,8.0533,0.0000,974.89,SUCCESS
2025-12-20T06:01:40.469422+00:00,btc-updown-15m-1766210400,TRADE,DOWN,ACCUM,2,2,0.5101,1.0202,35,0.4761,22,0.5137,22,0.9899,0.2229,0.37,-5.9669,7.0331,0.0000,973.87,SUCCESS
2025-12-20T06:01:40.978158+00:00,btc-updown-15m-1766210400,TRADE,DOWN,ACCUM,2,2,0.4901,0.9802,35,0.4761,24,0.5118,24,0.9879,0.2904,0.31,-4.9470,6.0530,0.0000,972.89,SUCCESS
2025-12-20T06:01:41.488889+00:00,btc-updown-15m-1766210400,TRADE,UP,ACCUM,2,2,0.5202,1.0403,37,0.4785,24,0.5118,24,0.9903,0.2333,0.35,-5.9874,7.0126,0.0000,971.85,SUCCESS
2025-12-20T06:01:41.490120+00:00,btc-updown-15m-1766210400,TRADE,DOWN,ACCUM,2,2,0.4901,0.9802,37,0.4785,26,0.5101,26,0.9886,0.2961,0.30,-4.9675,6.0325,0.0000,970.87,SUCCESS
2025-12-20T06:01:42.010960+00:00,btc-updown-15m-1766210400,TRADE,UP,ACCUM,2,2,0.5201,1.0402,39,0.4806,26,0.5101,26,0.9907,0.2407,0.33,-6.0077,6.9923,0.0000,969.83,SUCCESS
2025-12-20T06:01:42.011551+00:00,btc-updown-15m-1766210400,TRADE,DOWN,ACCUM,2,2,0.4902,0.9805,39,0.4806,28,0.5087,28,0.9893,0.2989,0.28,-4.9882,6.0118,0.0000,968.85,SUCCESS
2025-12-20T06:01:42.738845+00:00,btc-updown-15m-1766210400,TRADE,UP,ACCUM,2,2,0.5201,1.0402,41,0.4826,28,0.5087,28,0.9912,0.2451,0.32,-6.0283,6.9717,0.0000,967.81,SUCCESS
2025-12-20T06:01:42.739466+00:00,btc-updown-15m-1766210400,TRADE,DOWN,ACCUM,2,2,0.4901,0.9802,41,0.4826,30,0.5074,30,0.9900,0.2997,0.27,-5.0086,5.9914,0.0000,966.83,SUCCESS
2025-12-20T06:01:43.462175+00:00,btc-updown-15m-1766210400,TRADE,UP,ACCUM,2,2,0.5199,1.0398,43,0.4843,30,0.5074,30,0.9917,0.2476,0.30,-6.0484,6.9516,0.0000,965.79,SUCCESS
2025-12-20T06:01:43.462567+00:00,btc-updown-15m-1766210400,TRADE,DOWN,ACCUM,2,2,0.4902,0.9804,43,0.4843,32,0.5064,32,0.9907,0.2985,0.26,-5.0288,5.9712,0.0000,964.81,SUCCESS
2025-12-20T06:01:44.068780+00:00,btc-updown-15m-1766210400,TRADE,UP,ACCUM,2,2,0.5201,1.0403,45,0.4859,32,0.5064,32,0.9923,0.2476,0.29,-6.0691,6.9309,0.0000,963.77,SUCCESS
2025-12-20T06:01:44.069895+00:00,btc-updown-15m-1766210400,TRADE,DOWN,ACCUM,2,2,0.4901,0.9802,45,0.4859,34,0.5054,34,0.9913,0.2956,0.24,-5.0493,5.9507,0.0000,962.79,SUCCESS
2025-12-20T06:01:44.697077+00:00,btc-updown-15m-1766210400,TRADE,UP,ACCUM,2,2,0.5301,1.0603,47,0.4878,34,0.5054,34,0.9932,0.2316,0.28,-6.1095,6.8905,0.0000,961.73,SUCCESS
2025-12-20T06:01:44.697658+00:00,btc-updown-15m-1766210400,TRADE,DOWN,ACCUM,2,2,0.4700,0.9401,47,0.4878,36,0.5034,36,0.9912,0.3160,0.23,-5.0496,5.9504,0.0000,960.79,SUCCESS
2025-12-20T06:01:45.106147+00:00,btc-updown-15m-1766210400,TRADE,UP,ACCUM,2,1,0.5401,0.5401,48,0.4889,36,0.5034,36,0.9923,0.2768,0.25,-5.5897,6.4103,0.0000,960.25,SUCCESS
2025-12-20T06:01:45.634550+00:00,btc-updown-15m-1766210400,TRADE,DOWN,ACCUM,2,1,0.4602,0.4602,48,0.4889,37,0.5023,37,0.9911,0.3277,0.23,-5.0499,5.9501,0.0000,959.79,SUCCESS
2025-12-20T06:01:46.217611+00:00,btc-updown-15m-1766210400,TRADE,UP,ACCUM,2,2,0.5500,1.1001,50,0.4913,37,0.5023,37,0.9936,0.2372,0.26,-6.1499,6.8501,0.0000,958.69,SUCCESS
2025-12-20T06:01:46.218532+00:00,btc-updown-15m-1766210400,TRADE,DOWN,ACCUM,2,2,0.4602,0.9204,50,0.4913,39,0.5001,39,0.9914,0.3342,0.22,-5.0703,5.9297,0.0000,957.77,SUCCESS
2025-12-20T06:01:46.832435+00:00,btc-updown-15m-1766210400,TRADE,DOWN,ACCUM,2,2,0.4601,0.9203,50,0.4913,41,0.4982,41,0.9895,0.4313,0.18,-3.9906,5.0094,0.0000,956.85,SUCCESS
2025-12-20T06:01:47.448475+00:00,btc-updown-15m-1766210400,TRADE,DOWN,ACCUM,2,2,0.4702,0.9403,50,0.4913,43,0.4969,43,0.9882,0.5083,0.14,-2.9309,4.0691,0.0000,955.91,SUCCESS
2025-12-20T06:01:48.280499+00:00,btc-updown-15m-1766210400,TRADE,DOWN,ACCUM,2,2,0.4801,0.9603,50,0.4913,45,0.4961,45,0.9874,0.5654,0.10,-1.8912,3.1088,0.0000,954.95,SUCCESS
2025-12-20T06:01:48.981404+00:00,btc-updown-15m-1766210400,TRADE,DOWN,ACCUM,2,2,0.4801,0.9602,50,0.4913,47,0.4954,47,0.9868,0.6226,0.06,-0.8514,2.1486,0.0000,953.99,SUCCESS
2025-12-20T06:01:49.489607+00:00,btc-updown-15m-1766210400,TRADE,DOWN,ACCUM,2,2,0.4802,0.9603,50,0.4913,49,0.4948,49,0.9861,0.6796,0.02,0.1883,1.1883,0.0000,953.03,SUCCESS
2025-12-20T06:01:49.904845+00:00,btc-updown-15m-1766210400,TRADE,DOWN,ACCUM,2,2,0.4801,0.9602,50,0.4913,51,0.4942,50,0.9856,0.7223,0.02,0.2280,1.2280,0.0000,952.07,SUCCESS
2025-12-20T06:15:00.006128+00:00,btc-updown-15m-1766210400,RESOLUTION,UP,MARKET_END,101,101,1.0000,49.7720,50,0.4913,51,0.4942,50,0.9856,0.7223,0.02,0.0000,0.0000,-0.2662,1002.07,RESOLVED
2025-12-20T06:15:03.311795+00:00,btc-updown-15m-1766211300,TRADE,UP,ACCUM,2,2,0.4802,0.9605,2,0.4802,0,0.0000,0,0.0000,0.0000,1.00,-0.9605,1.0395,0.0000,1001.10,SUCCESS
2025-12-20T06:15:03.312339+00:00,btc-updown-15m-1766211300,TRADE,DOWN,ACCUM,2,2,0.5300,1.0601,2,0.4802,2,0.5300,2,1.0103,-0.0206,0.00,-0.0206,-0.0206,0.0000,1000.04,SUCCESS
2025-12-20T06:15:55.244993+00:00,btc-updown-15m-1766211300,TRADE,UP,ACCUM,2,2,0.4401,0.8801,4,0.4602,2,0.5300,2,0.9902,0.0196,0.50,-0.9007,1.0993,0.0000,999.16,SUCCESS
2025-12-20T06:15:55.665447+00:00,btc-updown-15m-1766211300,TRADE,UP,ACCUM,2,2,0.4401,0.8803,6,0.4535,2,0.5300,2,0.9835,0.0330,0.67,-1.7810,2.2190,0.0000,998.28,SUCCESS
2025-12-20T06:15:56.063755+00:00,btc-updown-15m-1766211300,TRADE,UP,ACCUM,2,1,0.4501,0.4501,7,0.4530,2,0.5300,2,0.9830,0.0339,0.71,-2.2311,2.7689,0.0000,997.83,SUCCESS
2025-12-20T06:15:56.562949+00:00,btc-updown-15m-1766211300,TRADE,UP,ACCUM,2,2,0.4501,0.9003,9,0.4524,2,0.5300,2,0.9824,0.0352,0.78,-3.1313,3.8687,0.0000,996.93,SUCCESS
2025-12-20T06:15:57.153419+00:00,btc-updown-15m-1766211300,TRADE,UP,ACCUM,2,2,0.4501,0.9002,11,0.4519,2,0.5300,2,0.9820,0.0360,0.82,-4.0315,4.9685,0.0000,996.03,SUCCESS
2025-12-20T06:15:57.559162+00:00,btc-updown-15m-1766211300,TRADE,UP,ACCUM,2,2,0.4500,0.9001,13,0.4517,2,0.5300,2,0.9817,0.0366,0.85,-4.9316,6.0684,0.0000,995.13,SUCCESS
2025-12-20T06:15:58.070248+00:00,btc-updown-15m-1766211300,TRADE,UP,ACCUM,2,2,0.4502,0.9003,15,0.4515,2,0.5300,2,0.9815,0.0370,0.87,-5.8319,7.1681,0.0000,994.23,SUCCESS
2025-12-20T06:15:58.700946+00:00,btc-updown-15m-1766211300,TRADE,UP,ACCUM,2,2,0.4602,0.9203,17,0.4525,2,0.5300,2,0.9825,0.0350,0.88,-6.7522,8.2478,0.0000,993.31,SUCCESS
2025-12-20T06:15:58.701467+00:00,btc-updown-15m-1766211300,TRADE,DOWN,ACCUM,2,2,0.5502,1.1004,17,0.4525,4,0.5401,4,0.9926,0.0296,0.76,-5.8527,7.1473,0.0000,992.21,SUCCESS
2025-12-20T06:15:59.321410+00:00,btc-updown-15m-1766211300,TRADE,UP,ACCUM,2,1,0.4602,0.4602,18,0.4529,4,0.5401,4,0.9930,0.0279,0.78,-6.3129,7.6871,0.0000,991.75,SUCCESS
2025-12-20T06:15:59.936563+00:00,btc-updown-15m-1766211300,TRADE,UP,ACCUM,2,2,0.3901,0.7801,20,0.4466,4,0.5401,4,0.9868,0.0530,0.80,-7.0930,8.9070,0.0000,990.97,SUCCESS
2025-12-20T06:16:00.885627+00:00,btc-updown-15m-1766211300,TRADE,UP,ACCUM,2,2,0.4101,0.8202,22,0.4433,4,0.5401,4,0.9834,0.0663,0.82,-7.9132,10.0868,0.0000,990.15,SUCCESS
2025-12-20T06:16:01.298837+00:00,btc-updown-15m-1766211300,TRADE,UP,ACCUM,2,2,0.4201,0.8402,24,0.4414,4,0.5401,4,0.9815,0.0740,0.83,-8.7534,11.2466,0.0000,989.31,SUCCESS
2025-12-20T06:16:01.800376+00:00,btc-updown-15m-1766211300,TRADE,UP,ACCUM,2,2,0.4201,0.8402,26,0.4397,4,0.5401,4,0.9799,0.0806,0.85,-9.5936,12.4064,0.0000,988.47,SUCCESS
2025-12-20T06:16:02.319818+00:00,btc-updown-15m-1766211300,TRADE,DOWN,ACCUM,4,4,0.6001,2.4003,26,0.4397,8,0.5701,8,1.0098,-0.0786,0.69,-7.9938,10.0062,0.0000,986.07,SUCCESS
2025-12-20T06:19:04.474854+00:00,btc-updown-15m-1766211300,TRADE,UP,ACCUM,2,2,0.2301,0.4602,28,0.4248,8,0.5701,8,0.9949,0.0412,0.71,-8.4540,11.5460,0.0000,985.61,SUCCESS
2025-12-20T06:19:05.003374+00:00,btc-updown-15m-1766211300,TRADE,UP,ACCUM,2,2,0.2301,0.4602,30,0.4118,8,0.5701,8,0.9819,0.1450,0.73,-8.9141,13.0859,0.0000,985.15,SUCCESS
2025-12-20T06:19:05.410272+00:00,btc-updown-15m-1766211300,TRADE,DOWN,ACCUM,4,4,0.7801,3.1203,30,0.4118,12,0.6401,12,1.0519,-0.6224,0.60,-8.0344,9.9656,0.0000,982.03,SUCCESS
2025-12-20T06:27:00.393277+00:00,btc-updown-15m-1766211300,TRADE,UP,ACCUM,10,10,0.0200,0.2001,40,0.3138,12,0.6401,12,0.9539,0.5529,0.70,-8.2345,19.7655,0.0000,981.83,SUCCESS
2025-12-20T06:27:00.394671+00:00,btc-updown-15m-1766211300,TRADE,DOWN,ACCUM,10,10,0.9904,9.9036,40,0.3138,22,0.7993,22,1.1131,-2.4890,0.45,-8.1380,9.8620,0.0000,971.93,SUCCESS
2025-12-20T06:27:00.908226+00:00,btc-updown-15m-1766211300,TRADE,UP,ACCUM,10,4,0.0200,0.0800,44,0.2871,22,0.7993,22,1.0864,-1.9013,0.50,-8.2181,13.7819,0.0000,971.85,SUCCESS
2025-12-20T06:27:00.909087+00:00,btc-updown-15m-1766211300,TRADE,DOWN,ACCUM,10,10,0.9900,9.9002,44,0.2871,32,0.8589,32,1.1460,-4.6728,0.27,-8.1182,3.8818,0.0000,961.95,SUCCESS
2025-12-20T06:27:01.412409+00:00,btc-updown-15m-1766211300,TRADE,UP,ACCUM,10,3,0.0200,0.0600,47,0.2701,32,0.8589,32,1.1290,-4.1271,0.32,-8.1783,6.8217,0.0000,961.89,SUCCESS
2025-12-20T06:27:01.413016+00:00,btc-updown-15m-1766211300,TRADE,DOWN,ACCUM,10,10,0.9904,9.9036,47,0.2701,42,0.8902,42,1.1603,-6.7315,0.11,-8.0819,-3.0819,0.0000,951.98,SUCCESS
2025-12-20T06:30:00.076620+00:00,btc-updown-15m-1766211300,RESOLUTION,DOWN,MARKET_END,89,89,1.0000,50.0819,47,0.2701,42,0.8902,42,1.1603,-6.7315,0.11,0.0000,0.0000,-9.4323,993.98,RESOLVED
2025-12-20T13:56:23.246306+00:00,btc-updown-15m-1766238300,TRADE,UP,ACCUM,2,2,0.8700,1.7401,2,0.8700,0,0.0000,0,0.0000,0.0000,1.00,-1.7401,0.2599,0.0000,98.26,SUCCESS
2025-12-20T13:56:23.246566+00:00,btc-updown-15m-1766238300,TRADE,DOWN,ACCUM,2,2,0.1400,0.2800,2,0.8700,2,0.1400,2,1.0101,-0.0201,0.00,-0.0201,-0.0201,0.0000,97.98,SUCCESS
2025-12-20T13:56:35.432477+00:00,btc-updown-15m-1766238300,TRADE,UP,ACCUM,2,2,0.8300,1.6601,4,0.8500,2,0.1400,2,0.9901,0.0199,0.50,-1.6802,0.3198,0.0000,96.32,SUCCESS
2025-12-20T13:56:35.803384+00:00,btc-updown-15m-1766238300,TRADE,UP,ACCUM,2,2,0.8304,1.6607,6,0.8435,2,0.1400,2,0.9835,0.0330,0.67,-3.3409,0.6591,0.0000,94.66,SUCCESS
2025-12-20T13:56:36.184993+00:00,btc-updown-15m-1766238300,TRADE,UP,ACCUM,2,2,0.8303,1.6605,8,0.8402,2,0.1400,2,0.9802,0.0396,0.75,-5.0014,0.9986,0.0000,93.00,SUCCESS
2025-12-20T13:56:36.685397+00:00,btc-updown-15m-1766238300,TRADE,UP,ACCUM,2,2,0.8302,1.6604,10,0.8382,2,0.1400,2,0.9782,0.0436,0.80,-6.6618,1.3382,0.0000,91.34,SUCCESS
2025-12-20T13:56:37.197389+00:00,btc-updown-15m-1766238300,TRADE,UP,ACCUM,2,2,0.8103,1.6205,12,0.8335,2,0.1400,2,0.9735,0.0529,0.83,-8.2823,1.7177,0.0000,89.72,SUCCESS
2025-12-20T13:56:37.570348+00:00,btc-updown-15m-1766238300,TRADE,UP,ACCUM,2,2,0.8102,1.6204,14,0.8302,2,0.1400,2,0.9702,0.0596,0.86,-9.9027,2.0973,0.0000,88.10,SUCCESS
2025-12-20T13:56:37.954934+00:00,btc-updown-15m-1766238300,TRADE,UP,ACCUM,2,2,0.8103,1.6205,16,0.8277,2,0.1400,2,0.9677,0.0646,0.88,-11.5233,2.4767,0.0000,86.48,SUCCESS
2025-12-20T13:56:38.481929+00:00,btc-updown-15m-1766238300,TRADE,UP,ACCUM,2,2,0.8100,1.6200,18,0.8257,2,0.1400,2,0.9658,0.0685,0.89,-13.1433,2.8567,0.0000,84.86,SUCCESS
2025-12-20T13:56:39.384861+00:00,btc-updown-15m-1766238300,TRADE,DOWN,ACCUM,2,2,0.1800,0.3601,18,0.8257,4,0.1600,4,0.9858,0.0570,0.78,-11.5034,2.4966,0.0000,84.50,SUCCESS
2025-12-20T13:56:39.749236+00:00,btc-updown-15m-1766238300,TRADE,UP,ACCUM,2,2,0.8304,1.6608,20,0.8262,4,0.1600,4,0.9862,0.0551,0.80,-13.1642,2.8358,0.0000,82.84,SUCCESS
2025-12-20T13:56:39.749609+00:00,btc-updown-15m-1766238300,TRADE,DOWN,ACCUM,2,2,0.1800,0.3600,20,0.8262,6,0.1667,6,0.9929,0.0427,0.70,-11.5242,2.4758,0.0000,82.48,SUCCESS
2025-12-20T13:56:40.133382+00:00,btc-updown-15m-1766238300,TRADE,UP,ACCUM,2,2,0.8303,1.6606,22,0.8266,6,0.1667,6,0.9933,0.0404,0.73,-13.1848,2.8152,0.0000,80.82,SUCCESS
2025-12-20T13:56:40.506819+00:00,btc-updown-15m-1766238300,TRADE,UP,ACCUM,2,2,0.8198,1.6396,24,0.8260,6,0.1667,6,0.9927,0.0438,0.75,-14.8244,3.1756,0.0000,79.18,SUCCESS
2025-12-20T13:56:40.884208+00:00,btc-updown-15m-1766238300,TRADE,UP,ACCUM,2,2,0.8204,1.6407,26,0.8256,6,0.1667,6,0.9923,0.0464,0.77,-16.4651,3.5349,0.0000,77.53,SUCCESS
2025-12-20T13:56:41.472310+00:00,btc-updown-15m-1766238300,TRADE,UP,ACCUM,2,2,0.8304,1.6607,28,0.8259,6,0.1667,6,0.9926,0.0444,0.79,-18.1259,3.8741,0.0000,75.87,SUCCESS
2025-12-20T13:56:47.626065+00:00,btc-updown-15m-1766238300,TRADE,DOWN,ACCUM,4,4,0.1400,0.5601,28,0.8259,10,0.1560,10,0.9819,0.1806,0.64,-14.6860,3.3140,0.0000,75.31,SUCCESS
2025-12-20T13:56:48.015481+00:00,btc-updown-15m-1766238300,TRADE,UP,ACCUM,2,2,0.8700,1.7401,30,0.8289,10,0.1560,10,0.9849,0.1512,0.67,-16.4261,3.5739,0.0000,73.57,SUCCESS
2025-12-20T13:56:48.015682+00:00,btc-updown-15m-1766238300,TRADE,DOWN,ACCUM,2,2,0.1400,0.2801,30,0.8289,12,0.1534,12,0.9822,0.2134,0.60,-14.7061,3.2939,0.0000,73.29,SUCCESS
2025-12-20T13:56:48.532819+00:00,btc-updown-15m-1766238300,TRADE,UP,ACCUM,2,2,0.8703,1.7407,32,0.8315,12,0.1534,12,0.9848,0.1823,0.62,-16.4468,3.5532,0.0000,71.55,SUCCESS
2025-12-20T13:56:48.533007+00:00,btc-updown-15m-1766238300,TRADE,DOWN,ACCUM,2,2,0.1400,0.2801,32,0.8315,14,0.1515,14,0.9829,0.2393,0.56,-14.7269,3.2731,0.0000,71.27,SUCCESS
2025-12-20T13:56:49.028357+00:00,btc-updown-15m-1766238300,TRADE,UP,ACCUM,2,2,0.8703,1.7406,34,0.8337,14,0.1515,14,0.9852,0.2073,0.59,-16.4675,3.5325,0.0000,69.53,SUCCESS
2025-12-20T13:56:49.028609+00:00,btc-updown-15m-1766238300,TRADE,DOWN,ACCUM,2,2,0.1200,0.2400,34,0.8337,16,0.1475,16,0.9813,0.2998,0.53,-14.7075,3.2925,0.0000,69.29,SUCCESS
2025-12-20T13:56:49.425343+00:00,btc-updown-15m-1766238300,TRADE,UP,ACCUM,2,2,0.8902,1.7804,36,0.8369,16,0.1475,16,0.9844,0.2496,0.56,-16.4879,3.5121,0.0000,67.51,SUCCESS
2025-12-20T13:56:49.425488+00:00,btc-updown-15m-1766238300,TRADE,DOWN,ACCUM,2,2,0.1200,0.2401,36,0.8369,18,0.1445,18,0.9813,0.3358,0.50,-14.7280,3.2720,0.0000,67.27,SUCCESS
2025-12-20T13:56:49.827964+00:00,btc-updown-15m-1766238300,TRADE,UP,ACCUM,2,2,0.8900,1.7800,38,0.8397,18,0.1445,18,0.9841,0.2854,0.53,-16.5080,3.4920,0.0000,65.49,SUCCESS
2025-12-20T13:56:49.828091+00:00,btc-updown-15m-1766238300,TRADE,DOWN,ACCUM,2,2,0.1200,0.2401,38,0.8397,20,0.1420,20,0.9817,0.3660,0.47,-14.7481,3.2519,0.0000,65.25,SUCCESS
2025-12-20T13:56:50.477903+00:00,btc-updown-15m-1766238300,TRADE,UP,ACCUM,2,2,0.8901,1.7801,40,0.8422,20,0.1420,20,0.9842,0.3156,0.50,-16.5282,3.4718,0.0000,63.47,SUCCESS
2025-12-20T13:56:50.478146+00:00,btc-updown-15m-1766238300,TRADE,DOWN,ACCUM,2,2,0.1200,0.2401,40,0.8422,22,0.1400,22,0.9822,0.3912,0.45,-14.7683,3.2317,0.0000,63.23,SUCCESS
2025-12-20T13:56:50.861069+00:00,btc-updown-15m-1766238300,TRADE,UP,ACCUM,2,2,0.8701,1.7403,42,0.8435,22,0.1400,22,0.9835,0.3619,0.48,-16.5085,3.4915,0.0000,61.49,SUCCESS
2025-12-20T13:56:50.861250+00:00,btc-updown-15m-1766238300,TRADE,DOWN,ACCUM,2,2,0.1400,0.2801,42,0.8435,24,0.1400,24,0.9835,0.3948,0.43,-14.7886,3.2114,0.0000,61.21,SUCCESS
2025-12-20T13:56:51.263325+00:00,btc-updown-15m-1766238300,TRADE,UP,ACCUM,2,1,0.8702,0.8702,43,0.8441,24,0.1400,24,0.9842,0.3799,0.44,-15.6588,3.3412,0.0000,60.34,SUCCESS
2025-12-20T13:56:51.263478+00:00,btc-updown-15m-1766238300,TRADE,DOWN,ACCUM,2,2,0.1300,0.2600,43,0.8441,26,0.1393,26,0.9834,0.4317,0.40,-13.9188,3.0812,0.0000,60.08,SUCCESS
2025-12-20T13:56:51.689061+00:00,btc-updown-15m-1766238300,TRADE,UP,ACCUM,2,2,0.8800,1.7600,45,0.8457,26,0.1393,26,0.9850,0.3902,0.42,-15.6788,3.3212,0.0000,58.32,SUCCESS
2025-12-20T13:56:51.689185+00:00,btc-updown-15m-1766238300,TRADE,DOWN,ACCUM,2,2,0.1300,0.2601,45,0.8457,28,0.1386,28,0.9843,0.4387,0.38,-13.9389,3.0611,0.0000,58.06,SUCCESS
2025-12-20T13:56:52.151351+00:00,btc-updown-15m-1766238300,TRADE,UP,ACCUM,2,2,0.8902,1.7804,47,0.8476,28,0.1386,28,0.9862,0.3857,0.40,-15.7193,3.2807,0.0000,56.28,SUCCESS
2025-12-20T13:56:52.151522+00:00,btc-updown-15m-1766238300,TRADE,DOWN,ACCUM,2,2,0.1200,0.2401,47,0.8476,30,0.1374,30,0.9850,0.4503,0.36,-13.9594,3.0406,0.0000,56.04,SUCCESS
2025-12-20T13:56:52.551190+00:00,btc-updown-15m-1766238300,TRADE,UP,ACCUM,2,2,0.8904,1.7808,49,0.8494,30,0.1374,30,0.9867,0.3980,0.39,-15.7402,3.2598,0.0000,54.26,SUCCESS
2025-12-20T13:56:52.551337+00:00,btc-updown-15m-1766238300,TRADE,DOWN,ACCUM,2,2,0.1400,0.2801,49,0.8494,32,0.1375,32,0.9869,0.4191,0.35,-14.0203,2.9797,0.0000,53.98,SUCCESS
2025-12-20T13:56:52.936126+00:00,btc-updown-15m-1766238300,TRADE,DOWN,ACCUM,2,2,0.1401,0.2801,49,0.8494,34,0.1377,34,0.9871,0.4402,0.31,-12.3004,2.6996,0.0000,53.70,SUCCESS
2025-12-20T13:56:53.314285+00:00,btc-updown-15m-1766238300,TRADE,UP,ACCUM,2,2,0.8704,1.7407,51,0.8502,34,0.1377,34,0.9879,0.4122,0.33,-14.0411,2.9589,0.0000,51.96,SUCCESS
2025-12-20T13:56:53.314517+00:00,btc-updown-15m-1766238300,TRADE,DOWN,ACCUM,2,2,0.1700,0.3401,51,0.8502,36,0.1395,36,0.9897,0.3718,0.29,-12.3812,2.6188,0.0000,51.62,SUCCESS
2025-12-20T13:56:53.712674+00:00,btc-updown-15m-1766238300,TRADE,DOWN,ACCUM,2,2,0.1700,0.3401,51,0.8502,38,0.1411,38,0.9913,0.3313,0.25,-10.7213,2.2787,0.0000,51.28,SUCCESS
2025-12-20T13:56:54.094800+00:00,btc-updown-15m-1766238300,TRADE,DOWN,ACCUM,2,2,0.1700,0.3401,51,0.8502,40,0.1425,40,0.9927,0.2908,0.22,-9.0613,1.9387,0.0000,50.94,SUCCESS
2025-12-20T13:56:54.483809+00:00,btc-updown-15m-1766238300,TRADE,DOWN,ACCUM,2,2,0.1700,0.3400,51,0.8502,42,0.1438,42,0.9940,0.2504,0.18,-7.4013,1.5987,0.0000,50.60,SUCCESS
2025-12-20T13:56:58.020177+00:00,btc-updown-15m-1766238300,TRADE,DOWN,ACCUM,2,2,0.1600,0.3200,51,0.8502,44,0.1446,44,0.9948,0.2300,0.14,-5.7213,1.2787,0.0000,50.28,SUCCESS
2025-12-20T13:57:04.891625+00:00,btc-updown-15m-1766238300,TRADE,DOWN,ACCUM,2,2,0.1401,0.2801,51,0.8502,46,0.1444,46,0.9946,0.2495,0.10,-4.0015,0.9985,0.0000,50.00,SUCCESS
2025-12-20T13:57:05.287890+00:00,btc-updown-15m-1766238300,TRADE,DOWN,ACCUM,2,2,0.1400,0.2800,51,0.8502,48,0.1442,48,0.9944,0.2691,0.06,-2.2815,0.7185,0.0000,49.72,SUCCESS
2025-12-20T13:57:05.792223+00:00,btc-updown-15m-1766238300,TRADE,DOWN,ACCUM,2,2,0.1500,0.3000,51,0.8502,50,0.1444,50,0.9946,0.2687,0.02,-0.5815,0.4185,0.0000,49.42,SUCCESS
2025-12-20T15:50:56.657972+00:00,btc-updown-15m-1766245500,TRADE,UP,DIR_AVERAGE_DOWN,5,5,0.760095628971177,3.800478144855885,5.0,0.760095628971177,0.0,0.0,0,0,0.0,5.0,0,0,0,96.19952185514411,SUCCESS,BULLISH,average_down,0,88206.61,88206.61,0.0,1.7354008314787917e-08
2025-12-20T15:50:57.074847+00:00,btc-updown-15m-1766245500,TRADE,UP,DIR_ACCUMULATE,5,2,0.7703346868936933,1.5406693737873867,7.0,0.763021074091896,0.0,0.0,0,0,0.0,7.0,0,0,0,94.65885248135673,SUCCESS,BULLISH,accumulate,0,88206.61,88206.61,0.0,1.7354008314787917e-08
2025-12-20T15:50:57.511393+00:00,btc-updown-15m-1766245500,TRADE,DOWN,DIR_REBALANCE,5,5,0.24002573717831915,1.2001286858915958,7.0,0.763021074091896,5.0,0.24002573717831915,5,1.003046811270215,-0.015234056351075553,2.0,0,0,0,93.45872379546513,SUCCESS,BULLISH,rebalance,0,88206.61,88206.61,0.0,1.722006580127091e-08
2025-12-20T15:50:57.905156+00:00,btc-updown-15m-1766245500,TRADE,UP,DIR_AVERAGE_DOWN,5,3,0.7700084344520756,2.310025303356227,10.0,0.7651172821999499,5.0,0.24002573717831915,5,1.005143019378269,-0.025715096891345546,5.0,0,0,0,91.1486984921089,SUCCESS,BULLISH,average_down,0,88206.61,88206.61,0.0,1.722006580127091e-08
2025-12-20T15:50:58.291396+00:00,btc-updown-15m-1766245500,TRADE,UP,DIR_ACCUMULATE,5,1,0.7801609525819108,0.7801609525819108,11.0,0.7664848885983099,5.0,0.24002573717831915,5,1.006510625776629,-0.03255312888314488,6.0,0,0,0,90.368537539527,SUCCESS,BULLISH,accumulate,0,88206.61,88206.61,0.0,1.7089176538615008e-08
2025-12-20T15:50:58.879755+00:00,btc-updown-15m-1766245500,TRADE,DOWN,DIR_REBALANCE,5,5,0.2500032564858509,1.2500162824292547,11.0,0.7664848885983099,10.0,0.24501449683208504,10,1.0114993854303949,-0.1149938543039486,1.0,0,0,0,89.11852125709774,SUCCESS,BULLISH,rebalance,0,88206.6,88206.61,-1.133701884106113e-05,3.0043297572461842
2025-12-20T15:50:59.276225+00:00,btc-updown-15m-1766245500,TRADE,UP,DIR_AVERAGE_DOWN,4,4,0.7600112715279438,3.040045086111775,15.0,0.7647585907128789,10.0,0.24501449683208504,10,1.009773087544964,-0.09773087544963976,5.0,0,0,0,86.07847617098597,SUCCESS,BULLISH,average_down,0,88206.6,88206.61,-1.133701884106113e-05,2.690525634551845
2025-12-20T15:58:05.890147+00:00,btc-updown-15m-1766245500,TRADE,UP,DIR_AVERAGE_DOWN,5,5,0.8800736797853517,4.400368398926759,5.0,0.8800736797853517,0.0,0.0,0,0,0.0,5.0,0,0,0,95.59963160107324,SUCCESS,BULLISH,average_down,0,88193.61,88193.61,0.0,4.166100950644687e-08
2025-12-20T15:58:06.326637+00:00,btc-updown-15m-1766245500,TRADE,DOWN,DIR_EMERGENCY,5,5,0.13006057099934462,0.6503028549967231,5.0,0.8800736797853517,5.0,0.13006057099934462,5,1.0101342507846962,-0.05067125392348104,0.0,0,0,0,94.94932874607652,SUCCESS,BULLISH,emergency,0,88193.6,88193.61,-1.1338689951302946e-05,1.0936965766107865
2025-12-20T15:58:15.209246+00:00,btc-updown-15m-1766245500,TRADE,UP,DIR_AVERAGE_DOWN,5,1,0.8202844043422696,0.8202844043422696,6.0,0.8701088005448381,5.0,0.13006057099934462,5,1.0001693715441826,-0.0008468577209130856,1.0,0,0,0,94.12904434173424,SUCCESS,BULLISH,average_down,0,88193.6,88193.61,-1.1338689951302946e-05,3.920675532518505
2025-12-20T15:58:15.776157+00:00,btc-updown-15m-1766245500,TRADE,DOWN,DIR_EMERGENCY,1,1,0.1800799667461812,0.1800799667461812,6.0,0.8701088005448381,6.0,0.13839713695715072,6,1.008505937501989,-0.05103562501193348,0.0,0,0,0,93.94896437498807,SUCCESS,BULLISH,emergency,0,88193.6,88193.61,-1.1338689951302946e-05,3.92738163326717
2025-12-20T15:58:16.186977+00:00,btc-updown-15m-1766245500,TRADE,UP,DIR_AVERAGE_DOWN,5,5,0.780062497406567,3.900312487032835,11.0,0.829178662754715,6.0,0.13839713695715072,6,0.9675757997118657,0.19454520172880585,5.0,0,0,0,90.04865188795523,SUCCESS,BULLISH,average_down,0,88193.6,88193.61,-1.1338689951302946e-05,3.9340763041495963
2025-12-20T15:58:16.768577+00:00,btc-updown-15m-1766245500,TRADE,DOWN,DIR_EMERGENCY,5,5,0.1600115460193168,0.800057730096584,11.0,0.829178662754715,11.0,0.1482218683490444,11,0.9774005311037594,0.24859415785864714,0.0,0,0,0,89.24859415785865,SUCCESS,BULLISH,emergency,0,88193.6,88193.61,-1.1338689951302946e-05,3.9340763041495963
2025-12-20T15:58:17.151248+00:00,btc-updown-15m-1766245500,TRADE,UP,DIR_AVERAGE_DOWN,4,4,0.8502167117762166,3.4008668471048664,15.0,0.8347888091604487,11.0,0.1482218683490444,11,0.9830106775094931,0.18688254739557575,4.0,0,0,0,85.84772731075378,SUCCESS,BULLISH,average_down,0,88193.61,88193.61,0.0,1.466256221277256e-08
2025-12-20T15:58:17.539489+00:00,btc-updown-15m-1766245500,TRADE,DOWN,DIR_EMERGENCY,4,4,0.19004161514425608,0.7601664605770243,15.0,0.8347888091604487,15.0,0.15937380082776753,15,0.9941626099882163,0.08756085017675608,0.0,0,0,0,85.08756085017676,SUCCESS,BULLISH,emergency,0,88193.6,88193.61,-1.1338689951302946e-05,3.6118940912161634
2025-12-20T16:00:00.336521+00:00,btc-updown-15m-1766245500,RESOLUTION,DOWN,MARKET_END,30,30,1.0000,14.9124,15,0.8348,15,0.1594,15,0.9942,0.0876,0.00,0.0000,0.0000,0.0876,100.09,RESOLVED
2025-12-20T16:00:02.683231+00:00,btc-updown-15m-1766246400,TRADE,UP,DIR_AVERAGE_DOWN,5,5,0.500169034920437,2.5008451746021847,5.0,0.500169034920437,0.0,0.0,0,0,0.0,5.0,0,0,0,97.58671567557457,SUCCESS,BULLISH,average_down,0,88184.8,88184.8,0.0,0.08870634305852027
2025-12-20T16:00:03.093790+00:00,btc-updown-15m-1766246400,TRADE,UP,DIR_ACCUMULATE,5,5,0.5000238856562166,2.500119428281083,10.0,0.5000964602883268,0.0,0.0,0,0,0.0,10.0,0,0,0,95.08659624729349,SUCCESS,BULLISH,accumulate,0,88185.28,88184.8,0.0005443114913181472,3.1446998470609397
2025-12-20T16:00:03.488558+00:00,btc-updown-15m-1766246400,TRADE,DOWN,DIR_REBALANCE,5,5,0.39018761127787643,1.9509380563893821,10.0,0.5000964602883268,5.0,0.39018761127787643,5,0.8902840715662033,0.5485796421689837,5.0,0,0,0,93.13565819090411,SUCCESS,BULLISH,rebalance,0,88185.28,88184.8,0.0005443114913181472,3.190860338942183
2025-12-20T16:00:03.906287+00:00,btc-updown-15m-1766246400,TRADE,UP,DIR_ACCUMULATE,5,5,0.6100720427739632,3.050360213869816,15.0,0.5367549877835389,5.0,0.39018761127787643,5,0.9269425990614153,0.3652870046929235,10.0,0,0,0,90.08529797703429,SUCCESS,BULLISH,accumulate,0,88185.28,88184.8,0.0005443114913181472,3.197122050075237
2025-12-20T16:00:04.504567+00:00,btc-updown-15m-1766246400,TRADE,DOWN,DIR_REBALANCE,5,5,0.37001624383833676,1.8500812191916838,15.0,0.5367549877835389,10.0,0.38010192755810657,10,0.9168569153416455,0.8314308465835452,5.0,0,0,0,88.23521675784261,SUCCESS,BULLISH,rebalance,0,88198.01,88184.8,0.014979905834102759,80.20885648747829
2025-12-20T16:10:00.454547+00:00,btc-updown-15m-1766246400,TRADE,DOWN,DIR_EMERGENCY,5,5,0.2000376650219764,1.000188325109882,15.0,0.5367549877835389,15.0,0.3200805067127298,15,0.8568354944962687,2.147467582555969,0.0,0,0,0,87.23502843273272,SUCCESS,BULLISH,emergency,0,88205.19,88184.8,0.023121898558481072,182.0671466399393
2025-12-20T16:15:00.456044+00:00,btc-updown-15m-1766246400,RESOLUTION,DOWN,MARKET_END,30,30,1.0000,12.8525,15,0.5368,15,0.3201,15,0.8568,2.1475,0.00,0.0000,0.0000,2.1475,102.24,RESOLVED
2025-12-20T16:15:03.062911+00:00,btc-updown-15m-1766247300,TRADE,UP,DIR_AVERAGE_DOWN,5,4,0.48023109222565985,1.9209243689026394,4.0,0.48023109222565985,0.0,0.0,0,0,0.0,4.0,0,0,0,100.31410406383009,SUCCESS,BULLISH,average_down,0,88191.85,88191.85,0.0,0.13697102420977073
2025-12-20T16:15:03.514883+00:00,btc-updown-15m-1766247300,TRADE,UP,DIR_ACCUMULATE,5,5,0.4800229264113491,2.4001146320567455,9.0,0.4801154445510427,0.0,0.0,0,0,0.0,9.0,0,0,0,97.91398943177335,SUCCESS,BULLISH,accumulate,0,88191.85,88191.85,0.0,0.13770794382261037
2025-12-20T16:15:03.946624+00:00,btc-updown-15m-1766247300,TRADE,DOWN,DIR_REBALANCE,5,5,0.5400221200362725,2.7001106001813624,9.0,0.4801154445510427,5.0,0.5400221200362725,5,1.0201375645873152,-0.10068782293657597,4.0,0,0,0,95.21387883159198,SUCCESS,BULLISH,rebalance,0,88191.85,88191.85,0.0,0.13770794382261037
2025-12-20T16:15:04.561537+00:00,btc-updown-15m-1766247300,TRADE,UP,DIR_ACCUMULATE,5,5,0.48012390374263403,2.40061951871317,14.0,0.4801184656908967,5.0,0.5400221200362725,5,1.0201405857271693,-0.10070292863584629,9.0,0,0,0,92.81325931287881,SUCCESS,BULLISH,accumulate,0,88191.84,88191.85,-1.1338916248285102e-05,0.02597155470493404
2025-12-20T16:15:05.134313+00:00,btc-updown-15m-1766247300,TRADE,DOWN,DIR_REBALANCE,5,5,0.5302193321532462,2.651096660766231,14.0,0.4801184656908967,10.0,0.5351207260947592,10,1.015239191785656,-0.15239191785656026,4.0,0,0,0,90.16216265211258,SUCCESS,BULLISH,rebalance,0,88191.84,88191.85,-1.1338916248285102e-05,0.025037957625581832
2025-12-20T16:15:05.571281+00:00,btc-updown-15m-1766247300,TRADE,UP,DIR_ACCUMULATE,1,1,0.4800747657000043,0.4800747657000043,15.0,0.48011555235817055,10.0,0.5351207260947592,10,1.0152362784529299,-0.15236278452929852,5.0,0,0,0,89.68208788641257,SUCCESS,BULLISH,accumulate,0,88191.84,88191.85,-1.1338916248285102e-05,0.031731856027379275
2025-12-20T16:25:01.040448+00:00,btc-updown-15m-1766247300,TRADE,DOWN,DIR_EMERGENCY,5,5,0.5902601803437434,2.951300901718717,15.0,0.48011555235817055,15.0,0.553500544177754,15,1.0336160965359245,-0.5042414480388668,0.0,0,0,0,86.73078698469386,SUCCESS,BULLISH,emergency,0,88195.2,88191.85,0.0037985369396279457,713.3870234328268
2025-12-20T16:30:00.282856+00:00,btc-updown-15m-1766247300,RESOLUTION,DOWN,MARKET_END,30,30,1.0000,15.5042,15,0.4801,15,0.5535,15,1.0336,-0.5042,0.00,0.0000,0.0000,-0.5042,101.73,RESOLVED
2025-12-20T16:30:03.883000+00:00,btc-updown-15m-1766248200,TRADE,UP,DIR_AVERAGE_DOWN,5,5,0.4800550304047014,2.400275152023507,5.0,0.4800550304047014,0.0,0.0,0,0,0.0,5.0,0,0,0,99.33051183267035,SUCCESS,BULLISH,average_down,0,88181.71,88181.71,0.0,3.625045835507761e-08
2025-12-20T16:30:04.302957+00:00,btc-updown-15m-1766248200,TRADE,UP,DIR_ACCUMULATE,5,5,0.4801313112719879,2.4006565563599396,10.0,0.48009317083834463,0.0,0.0,0,0,0.0,10.0,0,0,0,96.92985527631042,SUCCESS,BULLISH,accumulate,0,88181.71,88181.71,0.0,3.572786160319299e-08
2025-12-20T16:30:04.780421+00:00,btc-updown-15m-1766248200,TRADE,DOWN,DIR_REBALANCE,5,5,0.5302528506975199,2.6512642534875996,10.0,0.48009317083834463,5.0,0.5302528506975199,5,1.0103460215358646,-0.05173010767932307,5.0,0,0,0,94.27859102282282,SUCCESS,BULLISH,rebalance,0,88181.71,88181.71,0.0,0.01186668740578453
2025-12-20T16:30:05.194235+00:00,btc-updown-15m-1766248200,TRADE,UP,DIR_ACCUMULATE,5,5,0.4801763173764893,2.4008815868824467,15.0,0.48012088635105954,5.0,0.5302528506975199,5,1.0103737370485795,-0.05186868524289734,10.0,0,0,0,91.87770943594037,SUCCESS,BULLISH,accumulate,0,88181.71,88181.71,0.0,0.01186668740578453
2025-12-20T16:30:05.619880+00:00,btc-updown-15m-1766248200,TRADE,DOWN,DIR_REBALANCE,5,1,0.5299783963267065,0.5299783963267065,15.0,0.48012088635105954,6.0,0.5302071083023844,6,1.0103279946534438,-0.061967967920662836,9.0,0,0,0,91.34773103961366,SUCCESS,BULLISH,rebalance,0,88181.71,88181.71,0.0,0.01186668740578453
2025-12-20T16:30:06.457763+00:00,btc-updown-15m-1766248200,TRADE,DOWN,DIR_REBALANCE,5,5,0.5201903903932614,2.600951951966307,15.0,0.48012088635105954,11.0,0.5256540547073285,11,1.005774941058388,-0.06352435164226855,4.0,0,0,0,88.74677908764735,SUCCESS,BULLISH,rebalance,0,88181.7,88181.71,-1.1340220108357193e-05,1.5783954873981405
2025-12-20T16:35:01.360532+00:00,btc-updown-15m-1766248200,TRADE,DOWN,DIR_ACCUMULATE,4,4,0.75035942065672,3.00143768262688,15.0,0.48012088635105954,15.0,0.5855754856271662,15,1.0656963719782258,-0.9854455796733863,0.0,0,0,0,85.74534140502047,SUCCESS,BEARISH,accumulate,1,88134.83,88181.71,-0.05316295181847194,407.5222274895907
2025-12-20T16:45:00.123322+00:00,btc-updown-15m-1766248200,RESOLUTION,DOWN,MARKET_END,30,30,1.0000,15.9854,15,0.4801,15,0.5856,15,1.0657,-0.9854,0.00,0.0000,0.0000,-0.9854,100.75,RESOLVED
2025-12-20T16:45:02.212688+00:00,btc-updown-15m-1766249100,TRADE,DOWN,DIR_AVERAGE_DOWN,5,5,0.4501755211656313,2.2508776058281565,0.0,0.0,5.0,0.4501755211656313,0,0,0.0,5.0,0,0,0,98.49446379919232,SUCCESS,BEARISH,average_down,1,88138.66,88138.66,0.0,3.6716267376788947e-08
2025-12-20T16:45:02.627105+00:00,btc-updown-15m-1766249100,TRADE,DOWN,DIR_ACCUMULATE,5,5,0.4500416144213856,2.250208072106928,0.0,0.0,10.0,0.4501085677935085,0,0,0.0,10.0,0,0,0,96.24425572708539,SUCCESS,BEARISH,accumulate,1,88138.66,88138.66,0.0,0.010596791286620744
2025-12-20T16:45:03.081736+00:00,btc-updown-15m-1766249100,TRADE,UP,DIR_REBALANCE,5,5,0.5501406948645028,2.750703474322514,5.0,0.5501406948645028,10.0,0.4501085677935085,5,1.0002492626580113,-0.0012463132900564222,5.0,0,0,0,93.49355225276287,SUCCESS,BEARISH,rebalance,1,88138.66,88138.66,0.0,0.010596791286620744
2025-12-20T16:45:03.554819+00:00,btc-updown-15m-1766249100,TRADE,DOWN,DIR_ACCUMULATE,5,5,0.46021334058631025,2.3010667029315512,5.0,0.5501406948645028,15.0,0.45347682539110906,5,1.003617520255612,-0.01808760127805953,10.0,0,0,0,91.19248554983132,SUCCESS,BEARISH,accumulate,1,88138.66,88138.66,0.0,3.24823252420543e-08
2025-12-20T16:45:04.098594+00:00,btc-updown-15m-1766249100,TRADE,UP,DIR_REBALANCE,5,5,0.5398190184873555,2.699095092436777,10.0,0.5449798566759292,15.0,0.45347682539110906,10,0.9984566820670382,0.015433179329618074,5.0,0,0,0,88.49339045739454,SUCCESS,BEARISH,rebalance,1,88138.66,88138.66,0.0,0.008058721319423503
2025-12-20T16:55:00.912866+00:00,btc-updown-15m-1766249100,TRADE,UP,DIR_EMERGENCY,5,2,0.6801803007690408,1.3603606015380816,12.0,0.5675132640247811,15.0,0.45347682539110906,12,1.02099008941589,-0.2518810729906811,3.0,0,0,0,87.13302985585646,SUCCESS,BEARISH,emergency,1,88149.73,88138.66,0.01255975527650685,2353.6094476026083
2025-12-20T16:55:01.377678+00:00,btc-updown-15m-1766249100,TRADE,UP,DIR_EMERGENCY,3,3,0.6801358261944564,2.0404074785833695,15.0,0.5900377764587162,15.0,0.45347682539110906,15,1.0435146018498254,-0.6527190277473804,0.0,0,0,0,85.09262237727309,SUCCESS,BEARISH,emergency,1,88149.72,88138.66,0.012548409517455417,2334.2461825854207
2025-12-20T17:00:00.252985+00:00,btc-updown-15m-1766249100,RESOLUTION,DOWN,MARKET_END,30,30,1.0000,15.6527,15,0.5900,15,0.4535,15,1.0435,-0.6527,0.00,0.0000,0.0000,-0.6527,100.09,RESOLVED
2025-12-20T17:00:02.548664+00:00,btc-updown-15m-1766250000,TRADE,DOWN,DIR_AVERAGE_DOWN,5,5,0.49008173280029493,2.4504086640014746,0.0,0.0,5.0,0.49008173280029493,0,0,0.0,5.0,0,0,0,97.64221371327162,SUCCESS,BEARISH,average_down,1,88179.61,88179.61,0.0,0.18047935595551357
2025-12-20T17:00:02.981363+00:00,btc-updown-15m-1766250000,TRADE,DOWN,DIR_ACCUMULATE,5,5,0.46007220119737263,2.300361005986863,0.0,0.0,10.0,0.4750769669988338,0,0,0.0,10.0,0,0,0,95.34185270728476,SUCCESS,BEARISH,accumulate,1,88179.61,88179.61,0.0,0.18035288084893153
2025-12-20T17:00:03.467466+00:00,btc-updown-15m-1766250000,TRADE,UP,DIR_REBALANCE,5,5,0.5500655840380925,2.7503279201904625,5.0,0.5500655840380925,10.0,0.4750769669988338,5,1.0251425510369263,-0.12571275518463154,5.0,0,0,0,92.5915247870943,SUCCESS,BEARISH,rebalance,1,88179.61,88179.61,0.0,0.18118543868685305
2025-12-20T17:00:03.919540+00:00,btc-updown-15m-1766250000,TRADE,DOWN,DIR_ACCUMULATE,5,5,0.3200008207824848,1.6000041039124242,5.0,0.5500655840380925,15.0,0.4233849182600508,5,0.9734505022981432,0.13274748850928386,10.0,0,0,0,90.99152068318188,SUCCESS,BEARISH,accumulate,1,88179.6,88179.61,-1.1340490159529296e-05,0.26892547007881923
2025-12-20T17:00:04.315770+00:00,btc-updown-15m-1766250000,TRADE,UP,DIR_REBALANCE,5,5,0.6902249811978132,3.451124905989066,10.0,0.6201452826179528,15.0,0.4233849182600508,10,1.0435302008780036,-0.43530200878003633,5.0,0,0,0,87.54039577719281,SUCCESS,BEARISH,rebalance,1,88179.61,88179.61,0.0,0.18086289705358627
2025-12-20T17:10:00.456755+00:00,btc-updown-15m-1766250000,TRADE,UP,DIR_EMERGENCY,5,5,0.8701723457817105,4.350861728908553,15.0,0.7034876370058721,15.0,0.4233849182600508,15,1.126872555265923,-1.9030883289888434,0.0,0,0,0,83.18953404828426,SUCCESS,BEARISH,emergency,1,88195.92,88179.61,0.0184963394598793,115.06402173624677
2025-12-20T17:15:00.121335+00:00,btc-updown-15m-1766250000,RESOLUTION,UP,MARKET_END,30,30,1.0000,16.9031,15,0.7035,15,0.4234,15,1.1269,-1.9031,0.00,0.0000,0.0000,-1.9031,98.19,RESOLVED
2025-12-20T17:15:02.488438+00:00,btc-updown-15m-1766250900,TRADE,DOWN,DIR_AVERAGE_DOWN,5,5,0.5101921412062231,2.5509607060311157,0.0,0.0,5.0,0.5101921412062231,0,0,0.0,5.0,0,0,0,95.63857334225314,SUCCESS,BEARISH,average_down,1,88164.99,88164.99,0.0,0.13152213884128325
2025-12-20T17:15:02.898791+00:00,btc-updown-15m-1766250900,TRADE,DOWN,DIR_ACCUMULATE,5,4,0.5001337681349768,2.000535072539907,0.0,0.0,9.0,0.5057217531745581,0,0,0.0,9.0,0,0,0,93.63803826971323,SUCCESS,BEARISH,accumulate,1,88164.99,88164.99,0.0,0.13145967182708487
2025-12-20T17:15:03.298273+00:00,btc-updown-15m-1766250900,TRADE,UP,DIR_REBALANCE,5,5,0.5101797051006804,2.5508985255034022,5.0,0.5101797051006804,9.0,0.5057217531745581,5,1.0159014582752386,-0.07950729137619295,4.0,0,0,0,91.08713974420984,SUCCESS,BEARISH,rebalance,1,88164.99,88164.99,0.0,0.006328934122697683
2025-12-20T17:15:03.691417+00:00,btc-updown-15m-1766250900,TRADE,DOWN,DIR_ACCUMULATE,5,5,0.5102505649999696,2.551252824999848,5.0,0.5101797051006804,14.0,0.5073391859693479,5,1.0175188910700284,-0.08759445535014176,9.0,0,0,0,88.53588691920999,SUCCESS,BEARISH,accumulate,1,88164.99,88164.99,0.0,0.006319701324514404
2025-12-20T17:15:04.207466+00:00,btc-updown-15m-1766250900,TRADE,UP,DIR_REBALANCE,5,5,0.5000952282663818,2.5004761413319088,10.0,0.5051374666835311,14.0,0.5073391859693479,10,1.012476652652879,-0.12476652652879006,4.0,0,0,0,86.03541077787807,SUCCESS,BEARISH,rebalance,1,88164.99,88164.99,0.0,0.006225796135935637
2025-12-20T17:15:05.001278+00:00,btc-updown-15m-1766250900,TRADE,DOWN,DIR_ACCUMULATE,1,1,0.5100575627609503,0.5100575627609503,10.0,0.5051374666835311,15.0,0.5075204110887881,10,1.0126578777723192,-0.12657877772319193,5.0,0,0,0,85.52535321511712,SUCCESS,BEARISH,accumulate,1,88164.99,88164.99,0.0,0.00625312296725455
2025-12-20T17:19:19.705224+00:00,btc-updown-15m-1766250900,TRADE,UP,DIR_ACCUMULATE,5,5,0.7102627307416137,3.5513136537080685,15.0,0.573512554702892,15.0,0.5075204110887881,15,1.08103296579168,-1.2154944868751993,0.0,0,0,0,81.97403956140906,SUCCESS,BULLISH,accumulate,2,88209.97,88164.99,0.05101798344217577,374.35870109629604
2025-12-20T17:30:00.190477+00:00,btc-updown-15m-1766250900,RESOLUTION,UP,MARKET_END,30,30,1.0000,16.2155,15,0.5735,15,0.5075,15,1.0810,-1.2155,0.00,0.0000,0.0000,-1.2155,96.97,RESOLVED
2025-12-20T17:30:02.479034+00:00,btc-updown-15m-1766251800,TRADE,UP,DIR_AVERAGE_DOWN,5,5,0.47019907465358757,2.3509953732679376,5.0,0.4701990746535875,0.0,0.0,0,0,0.0,5.0,0,0,0,94.62304418814112,SUCCESS,BULLISH,average_down,2,88245.3,88245.3,0.0,0.0069556473252815505
2025-12-20T17:30:02.902105+00:00,btc-updown-15m-1766251800,TRADE,UP,DIR_ACCUMULATE,5,5,0.47007223800147974,2.3503611900073986,10.0,0.4701356563275336,0.0,0.0,0,0,0.0,10.0,0,0,0,92.27268299813372,SUCCESS,BULLISH,accumulate,2,88245.3,88245.3,0.0,0.0069556473252815505
2025-12-20T17:30:03.512520+00:00,btc-updown-15m-1766251800,TRADE,DOWN,DIR_REBALANCE,5,1,0.5401355610804593,0.5401355610804593,10.0,0.4701356563275336,1.0,0.5401355610804593,1,1.0102712174079929,-0.010271217407992861,9.0,0,0,0,91.73254743705326,SUCCESS,BULLISH,rebalance,2,88245.3,88245.3,0.0,0.006946746626746268
2025-12-20T17:30:03.905716+00:00,btc-updown-15m-1766251800,TRADE,DOWN,DIR_REBALANCE,5,5,0.5400262134593808,2.7001310672969043,10.0,0.4701356563275336,6.0,0.5400444380628939,6,1.0101800943904276,-0.06108056634256531,4.0,0,0,0,89.03241636975635,SUCCESS,BULLISH,rebalance,2,88245.3,88245.3,0.0,0.007099837133046196
2025-12-20T17:30:04.305308+00:00,btc-updown-15m-1766251800,TRADE,UP,DIR_ACCUMULATE,5,5,0.47014893285303283,2.3507446642651644,15.0,0.4701400818360334,6.0,0.5400444380628939,6,1.0101845198989272,-0.06110711939356328,9.0,0,0,0,86.68167170549118,SUCCESS,BULLISH,accumulate,2,88245.3,88245.3,0.0,0.0070907285957332354
2025-12-20T17:30:04.712395+00:00,btc-updown-15m-1766251800,TRADE,DOWN,DIR_REBALANCE,5,5,0.539846575924035,2.6992328796201748,15.0,0.4701400818360334,11.0,0.539954500727049,11,1.0100945825630823,-0.11104040819390493,4.0,0,0,0,83.98243882587101,SUCCESS,BULLISH,rebalance,2,88245.3,88245.3,0.0,0.007118160010191529
2025-12-20T17:40:00.739577+00:00,btc-updown-15m-1766251800,TRADE,DOWN,DIR_EMERGENCY,4,2,0.9195457728034334,1.8390915456068668,15.0,0.4701400818360334,13.0,0.5983531579695697,13,1.068493239805603,-0.8904121174728399,2.0,0,0,0,82.14334728026415,SUCCESS,BEARISH,emergency,3,88183.57,88245.3,-0.06995273402662343,2812.071836310489
2025-12-20T17:40:01.148165+00:00,btc-updown-15m-1766251800,TRADE,DOWN,DIR_EMERGENCY,2,2,0.9204475412909828,1.8408950825819657,15.0,0.4701400818360334,15.0,0.6412990757457581,15,1.1114391575817915,-1.6715873637268719,0.0,0,0,0,80.30245219768219,SUCCESS,BEARISH,emergency,3,88183.57,88245.3,-0.06995273402662343,2812.071836310489
2025-12-20T17:45:00.106820+00:00,btc-updown-15m-1766251800,RESOLUTION,DOWN,MARKET_END,30,30,1.0000,16.6716,15,0.4701,15,0.6413,15,1.1114,-1.6716,0.00,0.0000,0.0000,-1.6716,95.30,RESOLVED
2025-12-20T17:45:02.932937+00:00,btc-updown-15m-1766252700,TRADE,DOWN,DIR_AVERAGE_DOWN,5,5,0.5001934120311198,2.500967060155599,0.0,0.0,5.0,0.5001934120311198,0,0,0.0,5.0,0,0,0,92.80148513752658,SUCCESS,BEARISH,average_down,3,88203.4,88203.4,0.0,0.12283031881325598
2025-12-20T17:45:03.319736+00:00,btc-updown-15m-1766252700,TRADE,DOWN,DIR_ACCUMULATE,5,5,0.5001492756737042,2.500746378368521,0.0,0.0,10.0,0.500171343852412,0,0,0.0,10.0,0,0,0,90.30073875915807,SUCCESS,BEARISH,accumulate,3,88203.4,88203.4,0.0,0.12274488804738722
2025-12-20T17:45:03.717450+00:00,btc-updown-15m-1766252700,TRADE,UP,DIR_REBALANCE,5,5,0.5100314606643332,2.550157303321666,5.0,0.5100314606643332,10.0,0.500171343852412,5,1.0102028045167453,-0.05101402258372634,5.0,0,0,0,87.7505814558364,SUCCESS,BEARISH,rebalance,3,88203.4,88203.4,0.0,0.12274488804738722
2025-12-20T17:45:04.161264+00:00,btc-updown-15m-1766252700,TRADE,DOWN,DIR_ACCUMULATE,5,5,0.5001877140317893,2.5009385701589464,5.0,0.5100314606643332,15.0,0.500176800578871,5,1.0102082612432044,-0.05104130621602199,10.0,0,0,0,85.24964288567745,SUCCESS,BEARISH,accumulate,3,88203.4,88203.4,0.0,0.12274488804738722
2025-12-20T17:45:04.587394+00:00,btc-updown-15m-1766252700,TRADE,UP,DIR_REBALANCE,5,5,0.5101055506542144,2.550527753271072,10.0,0.5100685056592738,15.0,0.500176800578871,10,1.010245306238145,-0.10245306238144902,5.0,0,0,0,82.69911513240638,SUCCESS,BEARISH,rebalance,3,88203.4,88203.4,0.0,0.12265963529430662
2025-12-20T17:55:00.772833+00:00,btc-updown-15m-1766252700,TRADE,UP,DIR_EMERGENCY,5,5,0.41002224600814924,2.0501112300407462,15.0,0.4767197524422323,15.0,0.500176800578871,15,0.9768965530211033,0.34655170468344987,0.0,0,0,0,80.64900390236564,SUCCESS,BEARISH,emergency,3,88181.8,88203.4,-0.024488851903658217,183.11388850305403
2025-12-24T12:24:04.220388+00:00,btc-updown-15m-1766578500,TRADE,UP,ACCUM,2,2,0.5851,1.1702,2,0.5851,0,0.0000,0,0.0000,0.0000,1.00,-1.1702,0.8298,0.0000,98.83,SUCCESS
2025-12-24T12:24:04.221213+00:00,btc-updown-15m-1766578500,TRADE,DOWN,ACCUM,3,3,0.4152,1.2455,2,0.5851,3,0.4152,2,1.0003,-0.0005,0.33,-0.4157,0.5843,0.0000,97.58,SUCCESS
2025-12-24T12:24:04.529069+00:00,btc-updown-15m-1766578500,RESOLUTION,UP,BINANCE_FALLBACK_SHARED,5,5,1.0000,2.4157,2,0.5851,3,0.4152,2,1.0003,-0.0005,0.33,0.0000,0.0000,-0.4157,99.58,RESOLVED
2025-12-24T12:24:07.678897+00:00,btc-updown-15m-1766579400,TRADE,UP,ACCUM,6,6,0.4702,2.8209,6,0.4702,0,0.0000,0,0.0000,0.0000,1.00,-2.8209,3.1791,0.0000,96.76,SUCCESS
2025-12-24T12:24:07.679235+00:00,btc-updown-15m-1766579400,TRADE,DOWN,ACCUM,6,6,0.5001,3.0009,6,0.4702,6,0.5001,6,0.9703,0.1782,0.00,0.1782,0.1782,0.0000,93.76,SUCCESS
2025-12-24T12:24:08.197761+00:00,btc-updown-15m-1766579400,TRADE,DOWN,ACCUM,6,6,0.5002,3.0015,6,0.4702,12,0.5002,6,0.9703,0.1779,0.50,-2.8232,3.1768,0.0000,90.76,SUCCESS
2025-12-24T12:24:08.788026+00:00,btc-updown-15m-1766579400,TRADE,UP,ACCUM,6,6,0.4701,2.8208,12,0.4701,12,0.5002,12,0.9703,0.3560,0.00,0.3560,0.3560,0.0000,87.94,SUCCESS
2025-12-24T12:24:09.195354+00:00,btc-updown-15m-1766579400,TRADE,DOWN,ACCUM,6,6,0.5000,3.0000,12,0.4701,18,0.5001,12,0.9703,0.3567,0.33,-2.6440,3.3560,0.0000,84.94,SUCCESS
2025-12-24T12:24:09.703365+00:00,btc-updown-15m-1766579400,TRADE,UP,ACCUM,6,6,0.4701,2.8206,18,0.4701,18,0.5001,18,0.9703,0.5353,0.00,0.5353,0.5353,0.0000,82.12,SUCCESS
2025-12-24T12:24:10.207685+00:00,btc-updown-15m-1766579400,TRADE,UP,ACCUM,6,6,0.4701,2.8207,24,0.4701,18,0.5001,18,0.9703,0.5354,0.25,-2.2853,3.7147,0.0000,79.30,SUCCESS
2025-12-24T12:24:10.207867+00:00,btc-updown-15m-1766579400,TRADE,DOWN,ACCUM,6,6,0.5000,3.0001,24,0.4701,24,0.5001,24,0.9702,0.7146,0.00,0.7146,0.7146,0.0000,76.30,SUCCESS
2025-12-24T12:24:10.795016+00:00,btc-updown-15m-1766579400,TRADE,UP,ACCUM,6,6,0.4702,2.8214,30,0.4701,24,0.5001,24,0.9702,0.7141,0.20,-2.1068,3.8932,0.0000,73.48,SUCCESS
2025-12-24T12:24:10.795355+00:00,btc-updown-15m-1766579400,TRADE,DOWN,ACCUM,6,6,0.5000,3.0001,30,0.4701,30,0.5001,30,0.9702,0.8931,0.00,0.8931,0.8931,0.0000,70.48,SUCCESS
2025-12-24T12:24:11.735470+00:00,btc-updown-15m-1766579400,TRADE,DOWN,ACCUM,6,6,0.5000,3.0001,30,0.4701,36,0.5001,30,0.9702,0.8935,0.17,-2.1070,3.8930,0.0000,67.48,SUCCESS
2025-12-24T12:24:12.135956+00:00,btc-updown-15m-1766579400,TRADE,UP,ACCUM,6,6,0.4700,2.8202,36,0.4701,36,0.5001,36,0.9702,1.0728,0.00,1.0728,1.0728,0.0000,64.66,SUCCESS
2025-12-24T12:24:12.785247+00:00,btc-updown-15m-1766579400,TRADE,UP,ACCUM,6,6,0.4702,2.8214,42,0.4701,36,0.5001,36,0.9702,1.0723,0.14,-1.7486,4.2514,0.0000,61.84,SUCCESS
2025-12-24T12:24:12.785661+00:00,btc-updown-15m-1766579400,TRADE,DOWN,ACCUM,6,6,0.5000,3.0001,42,0.4701,42,0.5001,42,0.9702,1.2513,0.00,1.2513,1.2513,0.0000,58.84,SUCCESS
2025-12-24T12:24:13.683797+00:00,btc-updown-15m-1766579400,TRADE,UP,ACCUM,6,6,0.4701,2.8205,48,0.4701,42,0.5001,42,0.9702,1.2516,0.12,-1.5692,4.4308,0.0000,56.02,SUCCESS
2025-12-24T12:24:14.774092+00:00,btc-updown-15m-1766579400,TRADE,DOWN,ACCUM,6,6,0.5001,3.0005,48,0.4701,48,0.5001,48,0.9702,1.4303,0.00,1.4303,1.4303,0.0000,53.01,SUCCESS
2025-12-24T12:24:15.771664+00:00,btc-updown-15m-1766579400,TRADE,UP,ACCUM,6,5,0.4702,2.3511,53,0.4701,48,0.5001,48,0.9702,1.4299,0.09,-0.9208,4.0792,0.0000,50.66,SUCCESS
2025-12-24T12:24:17.629533+00:00,btc-updown-15m-1766579400,TRADE,DOWN,ACCUM,6,6,0.5002,3.0012,53,0.4701,54,0.5001,53,0.9702,1.5781,0.02,1.0780,2.0780,0.0000,47.66,SUCCESS
2025-12-24T12:27:34.723095+00:00,btc-updown-15m-1766578500,TRADE,UP,ACCUM,2,2,0.8951,1.7901,2,0.8951,0,0.0000,0,0.0000,0.0000,1.00,-1.7901,0.2099,0.0000,98.21,SUCCESS
2025-12-24T12:27:34.983474+00:00,btc-updown-15m-1766578500,RESOLUTION,UP,BINANCE_FALLBACK_SHARED,2,2,1.0000,1.7901,2,0.8951,0,0.0000,0,0.0000,0.0000,1.00,0.0000,0.0000,0.2099,100.21,RESOLVED
2025-12-24T12:27:38.188412+00:00,btc-updown-15m-1766579400,TRADE,UP,ACCUM,3,3,0.4850,1.4551,3,0.4850,0,0.0000,0,0.0000,0.0000,1.00,-1.4551,1.5449,0.0000,98.75,SUCCESS
2025-12-24T12:27:38.188898+00:00,btc-updown-15m-1766579400,TRADE,DOWN,ACCUM,2,2,0.5151,1.0301,3,0.4850,2,0.5151,2,1.0001,-0.0002,0.33,-0.4852,0.5148,0.0000,97.72,SUCCESS
2025-12-24T12:30:00.335474+00:00,btc-updown-15m-1766579400,RESOLUTION,UP,BINANCE_FALLBACK_SHARED,5,5,1.0000,2.4852,3,0.4850,2,0.5151,2,1.0001,-0.0002,0.33,0.0000,0.0000,0.5148,100.72,RESOLVED
2025-12-24T12:36:24.479368+00:00,btc-updown-15m-1766580300,TRADE,UP,ACCUM,7,7,0.4601,3.2206,7,0.4601,0,0.0000,0,0.0000,0.0000,1.00,-3.2206,3.7794,0.0000,97.50,SUCCESS
2025-12-24T12:36:24.480252+00:00,btc-updown-15m-1766580300,TRADE,DOWN,ACCUM,7,7,0.5102,3.5715,7,0.4601,7,0.5102,7,0.9703,0.2078,0.00,0.2078,0.2078,0.0000,93.93,SUCCESS
2025-12-24T12:36:25.129230+00:00,btc-updown-15m-1766580300,TRADE,DOWN,ACCUM,7,7,0.5102,3.5712,7,0.4601,14,0.5102,7,0.9703,0.2080,0.50,-3.3634,3.6366,0.0000,90.36,SUCCESS
2025-12-24T12:36:26.372811+00:00,btc-updown-15m-1766580300,TRADE,UP,ACCUM,7,3,0.4602,1.3806,10,0.4601,14,0.5102,10,0.9703,0.2968,0.29,-1.7440,2.2560,0.0000,88.98,SUCCESS
2025-12-24T12:36:27.373801+00:00,btc-updown-15m-1766580300,TRADE,UP,ACCUM,7,7,0.4601,3.2210,17,0.4601,14,0.5102,14,0.9703,0.4154,0.18,-0.9650,2.0350,0.0000,85.76,SUCCESS
2025-12-24T12:36:28.897704+00:00,btc-updown-15m-1766580300,TRADE,DOWN,ACCUM,7,7,0.5102,3.5716,17,0.4601,21,0.5102,17,0.9703,0.5042,0.19,-1.5366,2.4634,0.0000,82.19,SUCCESS
2025-12-24T12:36:29.411774+00:00,btc-updown-15m-1766580300,TRADE,UP,ACCUM,7,7,0.4602,3.2214,24,0.4601,21,0.5102,21,0.9704,0.6225,0.12,-0.7580,2.2420,0.0000,78.97,SUCCESS
2025-12-24T12:36:29.947330+00:00,btc-updown-15m-1766580300,TRADE,DOWN,ACCUM,7,7,0.5102,3.5715,24,0.4601,28,0.5102,24,0.9704,0.7114,0.14,-1.3295,2.6705,0.0000,75.40,SUCCESS
2025-12-24T12:36:30.346005+00:00,btc-updown-15m-1766580300,TRADE,UP,ACCUM,7,7,0.4601,3.2205,31,0.4601,28,0.5102,28,0.9703,0.8305,0.10,-0.5499,2.4501,0.0000,72.17,SUCCESS
2025-12-24T12:36:31.228125+00:00,btc-updown-15m-1766580300,TRADE,DOWN,ACCUM,7,7,0.5100,3.5701,31,0.4601,35,0.5102,31,0.9703,0.9207,0.11,-1.1200,2.8800,0.0000,68.60,SUCCESS
2025-12-24T12:36:31.847222+00:00,btc-updown-15m-1766580300,TRADE,UP,ACCUM,7,4,0.4601,1.8404,35,0.4601,35,0.5102,35,0.9703,1.0396,0.00,1.0396,1.0396,0.0000,66.76,SUCCESS
2025-12-24T12:36:32.248272+00:00,btc-updown-15m-1766580300,TRADE,UP,ACCUM,7,7,0.4602,3.2214,42,0.4601,35,0.5102,35,0.9703,1.0392,0.17,-2.1818,4.8182,0.0000,63.54,SUCCESS
2025-12-24T12:36:32.248453+00:00,btc-updown-15m-1766580300,TRADE,DOWN,ACCUM,7,7,0.5100,3.5703,42,0.4601,42,0.5101,42,0.9703,1.2479,0.00,1.2479,1.2479,0.0000,59.97,SUCCESS
2025-12-24T12:36:32.624951+00:00,btc-updown-15m-1766580300,TRADE,DOWN,ACCUM,7,7,0.5100,3.5702,42,0.4601,49,0.5101,42,0.9703,1.2486,0.14,-2.3223,4.6777,0.0000,56.40,SUCCESS
2025-12-24T12:36:33.262209+00:00,btc-updown-15m-1766580300,TRADE,UP,ACCUM,7,7,0.4602,3.2212,49,0.4601,49,0.5101,49,0.9703,1.4566,0.00,1.4566,1.4566,0.0000,53.18,SUCCESS
2025-12-24T12:36:33.667261+00:00,btc-updown-15m-1766580300,TRADE,UP,ACCUM,7,7,0.4601,3.2210,56,0.4601,49,0.5101,49,0.9703,1.4566,0.12,-1.7644,5.2356,0.0000,49.96,SUCCESS
2025-12-24T12:36:33.667553+00:00,btc-updown-15m-1766580300,TRADE,DOWN,ACCUM,7,7,0.5101,3.5710,56,0.4601,56,0.5101,56,0.9703,1.6646,0.00,1.6646,1.6646,0.0000,46.39,SUCCESS
2025-12-24T12:45:00.763253+00:00,btc-updown-15m-1766580300,RESOLUTION,UP,BINANCE_FALLBACK_SHARED,112,112,1.0000,54.3354,56,0.4601,56,0.5101,56,0.9703,1.6646,0.00,0.0000,0.0000,1.6646,102.39,RESOLVED
2025-12-24T12:51:24.155506+00:00,btc-updown-15m-1766581200,TRADE,UP,ACCUM,7,7,0.4802,3.3613,7,0.4802,0,0.0000,0,0.0000,0.0000,1.00,-3.3613,3.6387,0.0000,99.03,SUCCESS
2025-12-24T12:51:24.648628+00:00,btc-updown-15m-1766581200,TRADE,DOWN,ACCUM,7,4,0.4901,1.9605,7,0.4802,4,0.4901,4,0.9703,0.1188,0.43,-1.3218,1.6782,0.0000,97.07,SUCCESS
2025-12-24T12:51:25.296141+00:00,btc-updown-15m-1766581200,TRADE,DOWN,ACCUM,7,7,0.4900,3.4303,7,0.4802,11,0.4901,7,0.9703,0.2082,0.36,-1.7521,2.2479,0.0000,93.64,SUCCESS
2025-12-24T12:51:25.802564+00:00,btc-updown-15m-1766581200,TRADE,UP,ACCUM,7,7,0.4802,3.3615,14,0.4802,11,0.4901,11,0.9703,0.3269,0.21,-1.1137,1.8863,0.0000,90.28,SUCCESS
2025-12-24T12:51:28.182810+00:00,btc-updown-15m-1766581200,TRADE,DOWN,ACCUM,7,7,0.4900,3.4301,14,0.4802,18,0.4901,14,0.9703,0.4165,0.22,-1.5437,2.4563,0.0000,86.85,SUCCESS
2025-12-24T12:51:29.100151+00:00,btc-updown-15m-1766581200,TRADE,UP,ACCUM,7,7,0.4801,3.3604,21,0.4802,18,0.4901,18,0.9702,0.5364,0.14,-0.9041,2.0959,0.0000,83.49,SUCCESS
2025-12-24T12:51:30.222412+00:00,btc-updown-15m-1766581200,TRADE,DOWN,ACCUM,7,7,0.4902,3.4315,21,0.4802,25,0.4901,21,0.9702,0.6248,0.16,-1.3356,2.6644,0.0000,80.05,SUCCESS
2025-12-24T12:51:30.777216+00:00,btc-updown-15m-1766581200,TRADE,UP,ACCUM,7,7,0.4802,3.3614,28,0.4802,25,0.4901,25,0.9703,0.7436,0.11,-0.6969,2.3031,0.0000,76.69,SUCCESS
2025-12-24T12:51:31.165653+00:00,btc-updown-15m-1766581200,TRADE,DOWN,ACCUM,7,7,0.4902,3.4314,28,0.4802,32,0.4901,28,0.9703,0.8322,0.12,-1.1283,2.8717,0.0000,73.26,SUCCESS
2025-12-24T12:51:33.497359+00:00,btc-updown-15m-1766581200,TRADE,UP,ACCUM,7,7,0.4802,3.3615,35,0.4802,32,0.4901,32,0.9703,0.9507,0.09,-0.4898,2.5102,0.0000,69.90,SUCCESS
2025-12-24T12:51:34.003515+00:00,btc-updown-15m-1766581200,TRADE,DOWN,ACCUM,7,7,0.4901,3.4309,35,0.4802,39,0.4901,35,0.9703,1.0397,0.10,-0.9207,3.0793,0.0000,66.47,SUCCESS
2025-12-24T12:51:34.402107+00:00,btc-updown-15m-1766581200,TRADE,UP,ACCUM,7,7,0.4801,3.3610,42,0.4802,39,0.4901,39,0.9703,1.1588,0.07,-0.2818,2.7182,0.0000,63.11,SUCCESS
2025-12-24T12:51:34.800953+00:00,btc-updown-15m-1766581200,TRADE,DOWN,ACCUM,7,7,0.4900,3.4303,42,0.4802,46,0.4901,42,0.9703,1.2483,0.09,-0.7121,3.2879,0.0000,59.68,SUCCESS
2025-12-24T12:51:36.232115+00:00,btc-updown-15m-1766581200,TRADE,UP,ACCUM,7,6,0.4801,2.8805,48,0.4802,46,0.4901,46,0.9703,1.3677,0.04,0.4074,2.4074,0.0000,56.80,SUCCESS
2025-12-24T12:51:36.852028+00:00,btc-updown-15m-1766581200,TRADE,DOWN,ACCUM,7,7,0.4900,3.4303,48,0.4802,53,0.4901,48,0.9703,1.4275,0.09,-1.0230,3.9770,0.0000,53.37,SUCCESS
2025-12-24T12:51:38.826677+00:00,btc-updown-15m-1766581200,TRADE,UP,ACCUM,7,2,0.4801,0.9602,50,0.4802,53,0.4901,50,0.9703,1.4871,0.06,0.0168,3.0168,0.0000,52.41,SUCCESS
