timestamp,market_slug,event_type,trade_side,trade_mode,size_requested,size_filled,price,cost,pos_up_size,pos_up_avg_price,pos_down_size,pos_down_avg_price,pos_hedged_pairs,pos_pair_cost,pos_locked_profit,pos_imbalance,pnl_min,pnl_max,pnl_realized,balance_after,status
2025-12-23T22:08:14.571619+00:00,btc-updown-15m-1766527200,TRADE,UP,ACCUM,2,2,0.6102,1.2204,2,0.6102,0,0.0000,0,0.0000,0.0000,1.00,-1.2204,0.7796,0.0000,98.78,SUCCESS
2025-12-23T22:08:15.936804+00:00,btc-updown-15m-1766527200,RESOLUTION,UP,BINANCE_FALLBACK_SHARED,2,2,1.0000,1.2204,2,0.6102,0,0.0000,0,0.0000,0.0000,1.00,0.0000,0.0000,0.7796,100.78,RESOLVED
2025-12-23T22:08:23.729205+00:00,btc-updown-15m-1766528100,TRADE,UP,ACCUM,2,1,0.5001,0.5001,1,0.5001,0,0.0000,0,0.0000,0.0000,1.00,-0.5001,0.4999,0.0000,100.28,SUCCESS
2025-12-23T22:08:23.729564+00:00,btc-updown-15m-1766528100,TRADE,DOWN,ACCUM,2,2,0.5102,1.0204,1,0.5001,2,0.5102,1,1.0103,-0.0103,0.50,-0.5205,0.4795,0.0000,99.26,SUCCESS
2025-12-23T22:08:29.129191+00:00,btc-updown-15m-1766528100,TRADE,UP,ACCUM,2,2,0.5001,1.0002,3,0.5001,2,0.5102,2,1.0103,-0.0206,0.33,-0.5207,0.4793,0.0000,98.26,SUCCESS
2025-12-23T22:08:34.642193+00:00,btc-updown-15m-1766528100,TRADE,DOWN,ACCUM,2,2,0.5000,1.0001,3,0.5001,4,0.5051,3,1.0052,-0.0157,0.25,-0.5208,0.4792,0.0000,97.26,SUCCESS
2025-12-23T22:08:40.164991+00:00,btc-updown-15m-1766528100,TRADE,UP,ACCUM,2,2,0.5102,1.0204,5,0.5042,4,0.5051,4,1.0093,-0.0370,0.20,-0.5412,0.4588,0.0000,96.24,SUCCESS
2025-12-23T22:08:45.672985+00:00,btc-updown-15m-1766528100,TRADE,DOWN,ACCUM,2,2,0.5102,1.0204,5,0.5042,6,0.5068,5,1.0110,-0.0548,0.17,-0.5616,0.4384,0.0000,95.22,SUCCESS
2025-12-23T22:08:51.070772+00:00,btc-updown-15m-1766528100,TRADE,UP,ACCUM,2,2,0.5101,1.0202,7,0.5059,6,0.5068,6,1.0127,-0.0759,0.14,-0.5818,0.4182,0.0000,94.20,SUCCESS
2025-12-23T22:09:01.970418+00:00,btc-updown-15m-1766528100,TRADE,DOWN,ACCUM,2,2,0.5100,1.0200,7,0.5059,8,0.5076,7,1.0135,-0.0942,0.12,-0.6018,0.3982,0.0000,93.18,SUCCESS
2025-12-23T22:09:07.375173+00:00,btc-updown-15m-1766528100,TRADE,DOWN,ACCUM,2,2,0.5102,1.0203,7,0.5059,10,0.5081,7,1.0140,-0.0978,0.30,-1.6221,1.3779,0.0000,92.16,SUCCESS
2025-12-23T22:09:12.758913+00:00,btc-updown-15m-1766528100,TRADE,UP,ACCUM,2,2,0.5102,1.0205,9,0.5068,10,0.5081,9,1.0149,-0.1345,0.10,-0.6426,0.3574,0.0000,91.14,SUCCESS
2025-12-23T22:09:18.267664+00:00,btc-updown-15m-1766528100,TRADE,UP,ACCUM,2,2,0.5102,1.0205,11,0.5074,10,0.5081,10,1.0156,-0.1556,0.09,-0.6630,0.3370,0.0000,90.12,SUCCESS
2025-12-23T22:09:23.693911+00:00,btc-updown-15m-1766528100,TRADE,UP,ACCUM,2,2,0.5101,1.0202,13,0.5079,10,0.5081,10,1.0160,-0.1597,0.23,-1.6833,1.3167,0.0000,89.10,SUCCESS
2025-12-23T22:09:23.695501+00:00,btc-updown-15m-1766528100,TRADE,DOWN,ACCUM,2,2,0.5002,1.0004,13,0.5079,12,0.5068,12,1.0147,-0.1758,0.08,-0.6837,0.3163,0.0000,88.10,SUCCESS
2025-12-23T22:09:29.137826+00:00,btc-updown-15m-1766528100,TRADE,UP,ACCUM,2,2,0.5102,1.0203,15,0.5082,12,0.5068,12,1.0150,-0.1795,0.20,-1.7040,1.2960,0.0000,87.08,SUCCESS
2025-12-23T22:09:29.139217+00:00,btc-updown-15m-1766528100,TRADE,DOWN,ACCUM,2,2,0.5101,1.0202,15,0.5082,14,0.5073,14,1.0154,-0.2160,0.07,-0.7242,0.2758,0.0000,86.06,SUCCESS
2025-12-23T22:09:34.568341+00:00,btc-updown-15m-1766528100,TRADE,DOWN,ACCUM,2,2,0.5101,1.0202,15,0.5082,16,0.5076,15,1.0158,-0.2367,0.06,-0.7443,0.2557,0.0000,85.04,SUCCESS
2025-12-24T09:00:03.268096+00:00,btc-updown-15m-1766566800,TRADE,UP,ACCUM,2,2,0.6200,1.2400,2,0.6200,0,0.0000,0,0.0000,0.0000,1.00,-1.2400,0.7600,0.0000,98.76,SUCCESS
2025-12-24T09:00:03.557947+00:00,btc-updown-15m-1766566800,RESOLUTION,DOWN,BINANCE_FALLBACK_SHARED,2,2,1.0000,1.2400,2,0.6200,0,0.0000,0,0.0000,0.0000,1.00,0.0000,0.0000,-1.2400,98.76,RESOLVED
2025-12-24T09:04:46.888933+00:00,btc-updown-15m-1766566800,TRADE,UP,ACCUM,2,1,0.8403,0.8403,1,0.8403,0,0.0000,0,0.0000,0.0000,1.00,-0.8403,0.1597,0.0000,99.16,SUCCESS
2025-12-24T09:04:47.159479+00:00,btc-updown-15m-1766566800,RESOLUTION,DOWN,BINANCE_FALLBACK_SHARED,1,1,1.0000,0.8403,1,0.8403,0,0.0000,0,0.0000,0.0000,1.00,0.0000,0.0000,-0.8403,99.16,RESOLVED
2025-12-24T09:04:55.461250+00:00,btc-updown-15m-1766567700,TRADE,UP,ACCUM,5,5,0.5102,2.5509,5,0.5102,0,0.0000,0,0.0000,0.0000,1.00,-2.5509,2.4491,0.0000,96.61,SUCCESS
2025-12-24T09:04:55.461698+00:00,btc-updown-15m-1766567700,TRADE,DOWN,ACCUM,5,5,0.5000,2.4999,5,0.5102,5,0.5000,5,1.0102,-0.0508,0.00,-0.0508,-0.0508,0.0000,94.11,SUCCESS
2025-12-24T09:05:00.913682+00:00,btc-updown-15m-1766567700,TRADE,UP,ACCUM,4,4,0.5100,2.0400,9,0.5101,5,0.5000,5,1.0101,-0.0504,0.44,-2.0908,1.9092,0.0000,92.07,SUCCESS
2025-12-24T09:05:00.914040+00:00,btc-updown-15m-1766567700,TRADE,DOWN,ACCUM,4,4,0.5002,2.0007,9,0.5101,9,0.5001,9,1.0102,-0.0915,0.00,-0.0915,-0.0915,0.0000,90.07,SUCCESS
2025-12-24T09:05:06.605452+00:00,btc-updown-15m-1766567700,TRADE,UP,ACCUM,4,4,0.5100,2.0401,13,0.5101,9,0.5001,9,1.0101,-0.0912,0.31,-2.1316,1.8684,0.0000,88.03,SUCCESS
2025-12-24T09:05:06.605633+00:00,btc-updown-15m-1766567700,TRADE,DOWN,ACCUM,4,4,0.5000,2.0000,13,0.5101,13,0.5000,13,1.0101,-0.1316,0.00,-0.1316,-0.1316,0.0000,86.03,SUCCESS
2025-12-24T09:05:12.171751+00:00,btc-updown-15m-1766567700,TRADE,UP,ACCUM,3,3,0.5102,1.5306,16,0.5101,13,0.5000,13,1.0101,-0.1319,0.19,-1.6622,1.3378,0.0000,84.50,SUCCESS
2025-12-24T09:05:17.819552+00:00,btc-updown-15m-1766567700,TRADE,UP,ACCUM,3,3,0.5101,1.5303,19,0.5101,13,0.5000,13,1.0101,-0.1319,0.32,-3.1925,2.8075,0.0000,82.97,SUCCESS
2025-12-24T09:05:17.820866+00:00,btc-updown-15m-1766567700,TRADE,DOWN,ACCUM,3,3,0.5001,1.5002,19,0.5101,16,0.5000,16,1.0102,-0.1624,0.16,-1.6928,1.3072,0.0000,81.47,SUCCESS
2025-12-24T09:05:23.293280+00:00,btc-updown-15m-1766567700,TRADE,UP,ACCUM,3,3,0.5101,1.5303,22,0.5101,16,0.5000,16,1.0102,-0.1624,0.27,-3.2231,2.7769,0.0000,79.94,SUCCESS
2025-12-24T09:05:23.293515+00:00,btc-updown-15m-1766567700,TRADE,DOWN,ACCUM,3,3,0.5001,1.5004,22,0.5101,19,0.5001,19,1.0102,-0.1932,0.14,-1.7235,1.2765,0.0000,78.44,SUCCESS
2025-12-24T09:05:28.865775+00:00,btc-updown-15m-1766567700,TRADE,UP,ACCUM,2,2,0.5100,1.0200,24,0.5101,19,0.5001,19,1.0102,-0.1930,0.21,-2.7435,2.2565,0.0000,77.42,SUCCESS
2025-12-24T09:05:34.425234+00:00,btc-updown-15m-1766567700,TRADE,UP,ACCUM,2,2,0.5100,1.0200,26,0.5101,19,0.5001,19,1.0102,-0.1929,0.27,-3.7635,3.2365,0.0000,76.40,SUCCESS
2025-12-24T09:05:34.425457+00:00,btc-updown-15m-1766567700,TRADE,DOWN,ACCUM,3,3,0.5001,1.5004,26,0.5101,22,0.5001,22,1.0102,-0.2235,0.15,-2.2639,1.7361,0.0000,74.90,SUCCESS
2025-12-24T09:05:39.974729+00:00,btc-updown-15m-1766567700,TRADE,UP,ACCUM,2,2,0.5101,1.0203,28,0.5101,22,0.5001,22,1.0102,-0.2236,0.21,-3.2842,2.7158,0.0000,73.88,SUCCESS
2025-12-24T09:05:39.975989+00:00,btc-updown-15m-1766567700,TRADE,DOWN,ACCUM,2,2,0.5002,1.0005,28,0.5101,24,0.5001,24,1.0102,-0.2443,0.14,-2.2846,1.7154,0.0000,72.88,SUCCESS
2025-12-24T09:05:45.540802+00:00,btc-updown-15m-1766567700,TRADE,UP,ACCUM,2,2,0.5100,1.0201,30,0.5101,24,0.5001,24,1.0102,-0.2442,0.20,-3.3047,2.6953,0.0000,71.86,SUCCESS
2025-12-24T09:05:45.541194+00:00,btc-updown-15m-1766567700,TRADE,DOWN,ACCUM,2,2,0.5002,1.0005,30,0.5101,26,0.5001,26,1.0102,-0.2648,0.13,-2.3052,1.6948,0.0000,70.85,SUCCESS
2025-12-24T09:05:51.117947+00:00,btc-updown-15m-1766567700,TRADE,UP,ACCUM,2,2,0.5102,1.0205,32,0.5101,26,0.5001,26,1.0102,-0.2651,0.19,-3.3257,2.6743,0.0000,69.83,SUCCESS
2025-12-24T09:05:56.579822+00:00,btc-updown-15m-1766567700,TRADE,UP,ACCUM,2,1,0.5101,0.5101,33,0.5101,26,0.5001,26,1.0102,-0.2650,0.21,-3.8357,3.1643,0.0000,69.32,SUCCESS
2025-12-24T09:06:02.055319+00:00,btc-updown-15m-1766567700,TRADE,UP,ACCUM,2,2,0.5101,1.0201,35,0.5101,26,0.5001,26,1.0102,-0.2650,0.26,-4.8558,4.1442,0.0000,68.30,SUCCESS
2025-12-24T09:06:02.056770+00:00,btc-updown-15m-1766567700,TRADE,DOWN,ACCUM,2,2,0.5002,1.0003,35,0.5101,28,0.5001,28,1.0102,-0.2855,0.20,-3.8561,3.1439,0.0000,67.30,SUCCESS
2025-12-24T09:06:07.624185+00:00,btc-updown-15m-1766567700,TRADE,UP,ACCUM,2,2,0.5102,1.0205,37,0.5101,28,0.5001,28,1.0102,-0.2857,0.24,-4.8766,4.1234,0.0000,66.28,SUCCESS
2025-12-24T09:06:07.624871+00:00,btc-updown-15m-1766567700,TRADE,DOWN,ACCUM,2,2,0.5002,1.0004,37,0.5101,30,0.5001,30,1.0102,-0.3063,0.19,-3.8770,3.1230,0.0000,65.28,SUCCESS
2025-12-24T09:06:13.226896+00:00,btc-updown-15m-1766567700,TRADE,UP,ACCUM,2,2,0.5100,1.0201,39,0.5101,30,0.5001,30,1.0102,-0.3062,0.23,-4.8970,4.1030,0.0000,64.26,SUCCESS
2025-12-24T09:06:13.227326+00:00,btc-updown-15m-1766567700,TRADE,DOWN,ACCUM,2,2,0.5000,1.0001,39,0.5101,32,0.5001,32,1.0102,-0.3264,0.18,-3.8971,3.1029,0.0000,63.26,SUCCESS
2025-12-24T09:06:18.701613+00:00,btc-updown-15m-1766567700,TRADE,UP,ACCUM,2,2,0.5098,1.0196,41,0.5101,32,0.5001,32,1.0102,-0.3260,0.22,-4.9168,4.0832,0.0000,62.24,SUCCESS
2025-12-24T09:06:18.702494+00:00,btc-updown-15m-1766567700,TRADE,DOWN,ACCUM,2,2,0.5002,1.0003,41,0.5101,34,0.5001,34,1.0102,-0.3465,0.17,-3.9171,3.0829,0.0000,61.24,SUCCESS
2025-12-24T09:06:24.174830+00:00,btc-updown-15m-1766567700,TRADE,UP,ACCUM,2,2,0.5101,1.0202,43,0.5101,34,0.5001,34,1.0102,-0.3466,0.21,-4.9374,4.0626,0.0000,60.22,SUCCESS
2025-12-24T09:06:24.176618+00:00,btc-updown-15m-1766567700,TRADE,DOWN,ACCUM,2,2,0.5001,1.0003,43,0.5101,36,0.5001,36,1.0102,-0.3670,0.16,-3.9376,3.0624,0.0000,59.22,SUCCESS
2025-12-24T09:06:29.790872+00:00,btc-updown-15m-1766567700,TRADE,UP,ACCUM,2,2,0.5100,1.0201,45,0.5101,36,0.5001,36,1.0102,-0.3670,0.20,-4.9577,4.0423,0.0000,58.20,SUCCESS
2025-12-24T09:06:29.791302+00:00,btc-updown-15m-1766567700,TRADE,DOWN,ACCUM,2,2,0.5002,1.0004,45,0.5101,38,0.5001,38,1.0102,-0.3876,0.16,-3.9582,3.0418,0.0000,57.20,SUCCESS
2025-12-24T09:06:35.272101+00:00,btc-updown-15m-1766567700,TRADE,UP,ACCUM,2,2,0.5102,1.0203,47,0.5101,38,0.5001,38,1.0102,-0.3877,0.19,-4.9785,4.0215,0.0000,56.18,SUCCESS
2025-12-24T09:06:35.273482+00:00,btc-updown-15m-1766567700,TRADE,DOWN,ACCUM,2,2,0.5002,1.0004,47,0.5101,40,0.5001,40,1.0102,-0.4083,0.15,-3.9789,3.0211,0.0000,55.18,SUCCESS
2025-12-24T09:06:40.884860+00:00,btc-updown-15m-1766567700,TRADE,UP,ACCUM,2,2,0.5102,1.0205,49,0.5101,40,0.5001,40,1.0102,-0.4085,0.18,-4.9994,4.0006,0.0000,54.16,SUCCESS
2025-12-24T09:06:40.885207+00:00,btc-updown-15m-1766567700,TRADE,DOWN,ACCUM,2,2,0.5002,1.0004,49,0.5101,42,0.5001,42,1.0102,-0.4292,0.14,-3.9998,3.0002,0.0000,53.16,SUCCESS
2025-12-24T09:06:46.654896+00:00,btc-updown-15m-1766567700,TRADE,UP,ACCUM,2,2,0.5102,1.0204,51,0.5101,42,0.5001,42,1.0102,-0.4293,0.18,-5.0202,3.9798,0.0000,52.14,SUCCESS
2025-12-24T09:06:46.655512+00:00,btc-updown-15m-1766567700,TRADE,DOWN,ACCUM,2,2,0.5002,1.0004,51,0.5101,44,0.5001,44,1.0102,-0.4500,0.14,-4.0207,2.9793,0.0000,51.14,SUCCESS
2025-12-24T09:06:52.281021+00:00,btc-updown-15m-1766567700,TRADE,DOWN,ACCUM,2,2,0.5002,1.0003,51,0.5101,46,0.5001,46,1.0102,-0.4705,0.10,-3.0210,1.9790,0.0000,50.14,SUCCESS
2025-12-24T09:06:57.813729+00:00,btc-updown-15m-1766567700,TRADE,DOWN,ACCUM,2,2,0.5002,1.0005,51,0.5101,48,0.5001,48,1.0102,-0.4912,0.06,-2.0215,0.9785,0.0000,49.14,SUCCESS
2025-12-24T09:07:03.281105+00:00,btc-updown-15m-1766567700,TRADE,DOWN,ACCUM,2,2,0.5001,1.0003,51,0.5101,50,0.5001,50,1.0102,-0.5117,0.02,-1.0218,-0.0218,0.0000,48.14,SUCCESS
2025-12-24T09:09:19.030380+00:00,btc-updown-15m-1766566800,TRADE,UP,ACCUM,2,2,0.9204,1.8407,2,0.9204,0,0.0000,0,0.0000,0.0000,1.00,-1.8407,0.1593,0.0000,98.16,SUCCESS
2025-12-24T09:09:19.529792+00:00,btc-updown-15m-1766566800,RESOLUTION,DOWN,BINANCE_FALLBACK_SHARED,2,2,1.0000,1.8407,2,0.9204,0,0.0000,0,0.0000,0.0000,1.00,0.0000,0.0000,-1.8407,98.16,RESOLVED
2025-12-24T09:09:27.437006+00:00,btc-updown-15m-1766567700,TRADE,DOWN,ACCUM,5,5,0.5002,2.5011,0,0.0000,5,0.5002,0,0.0000,0.0000,1.00,-2.5011,2.4989,0.0000,95.66,SUCCESS
2025-12-24T09:09:32.961715+00:00,btc-updown-15m-1766567700,TRADE,UP,ACCUM,5,3,0.5101,1.5302,3,0.5101,5,0.5002,3,1.0103,-0.0308,0.40,-1.0313,0.9687,0.0000,94.13,SUCCESS
2025-12-24T09:09:32.962153+00:00,btc-updown-15m-1766567700,TRADE,DOWN,ACCUM,4,4,0.5002,2.0008,3,0.5101,9,0.5002,3,1.0103,-0.0308,0.67,-3.0321,2.9679,0.0000,92.13,SUCCESS
2025-12-24T09:09:38.363354+00:00,btc-updown-15m-1766567700,TRADE,UP,ACCUM,4,4,0.5102,2.0409,7,0.5102,9,0.5002,7,1.0104,-0.0726,0.22,-1.0730,0.9270,0.0000,90.09,SUCCESS
2025-12-24T09:09:38.363756+00:00,btc-updown-15m-1766567700,TRADE,DOWN,ACCUM,4,4,0.5001,2.0005,7,0.5102,13,0.5002,7,1.0103,-0.0724,0.46,-3.0735,2.9265,0.0000,88.09,SUCCESS
2025-12-24T09:09:43.786799+00:00,btc-updown-15m-1766567700,TRADE,UP,ACCUM,4,4,0.5102,2.0410,11,0.5102,13,0.5002,11,1.0104,-0.1141,0.15,-1.1145,0.8855,0.0000,86.04,SUCCESS
2025-12-24T09:09:43.787227+00:00,btc-updown-15m-1766567700,TRADE,DOWN,ACCUM,3,3,0.5002,1.5007,11,0.5102,16,0.5002,11,1.0104,-0.1142,0.31,-2.6151,2.3849,0.0000,84.54,SUCCESS
2025-12-24T09:09:49.440613+00:00,btc-updown-15m-1766567700,TRADE,DOWN,ACCUM,3,3,0.5001,1.5004,11,0.5102,19,0.5002,11,1.0104,-0.1141,0.42,-4.1156,3.8844,0.0000,83.04,SUCCESS
2025-12-24T09:09:54.863010+00:00,btc-updown-15m-1766567700,TRADE,UP,ACCUM,3,3,0.5100,1.5301,14,0.5102,19,0.5002,14,1.0103,-0.1448,0.26,-2.6457,2.3543,0.0000,81.51,SUCCESS
2025-12-24T09:10:00.267579+00:00,btc-updown-15m-1766567700,TRADE,UP,ACCUM,3,3,0.5101,1.5303,17,0.5101,19,0.5002,17,1.0103,-0.1756,0.11,-1.1760,0.8240,0.0000,79.98,SUCCESS
2025-12-24T09:10:00.268944+00:00,btc-updown-15m-1766567700,TRADE,DOWN,ACCUM,3,3,0.5001,1.5003,17,0.5101,22,0.5002,17,1.0103,-0.1754,0.23,-2.6763,2.3237,0.0000,78.48,SUCCESS
2025-12-24T09:10:05.812770+00:00,btc-updown-15m-1766567700,TRADE,UP,ACCUM,3,3,0.5102,1.5305,20,0.5102,22,0.5002,20,1.0103,-0.2065,0.09,-1.2068,0.7932,0.0000,76.95,SUCCESS
2025-12-24T09:10:05.813961+00:00,btc-updown-15m-1766567700,TRADE,DOWN,ACCUM,2,2,0.5000,1.0000,20,0.5102,24,0.5002,20,1.0103,-0.2062,0.17,-2.2068,1.7932,0.0000,75.95,SUCCESS
2025-12-24T09:10:11.219530+00:00,btc-updown-15m-1766567700,TRADE,DOWN,ACCUM,2,1,0.5000,0.5000,20,0.5102,25,0.5002,20,1.0103,-0.2061,0.20,-2.7068,2.2932,0.0000,75.45,SUCCESS
2025-12-24T09:10:16.680744+00:00,btc-updown-15m-1766567700,TRADE,UP,ACCUM,3,3,0.5101,1.5304,23,0.5101,25,0.5002,23,1.0103,-0.2369,0.08,-1.2372,0.7628,0.0000,73.92,SUCCESS
2025-12-24T09:10:16.681742+00:00,btc-updown-15m-1766567700,TRADE,DOWN,ACCUM,2,2,0.5001,1.0003,23,0.5101,27,0.5002,23,1.0103,-0.2369,0.15,-2.2375,1.7625,0.0000,72.92,SUCCESS
2025-12-24T09:10:22.223579+00:00,btc-updown-15m-1766567700,TRADE,UP,ACCUM,2,1,0.5100,0.5100,24,0.5101,27,0.5002,24,1.0103,-0.2471,0.11,-1.7475,1.2525,0.0000,72.41,SUCCESS
2025-12-24T09:10:22.224180+00:00,btc-updown-15m-1766567700,TRADE,DOWN,ACCUM,2,2,0.5002,1.0004,24,0.5101,29,0.5002,24,1.0103,-0.2471,0.17,-2.7479,2.2521,0.0000,71.41,SUCCESS
2025-12-24T09:10:27.632193+00:00,btc-updown-15m-1766567700,TRADE,UP,ACCUM,2,2,0.5101,1.0202,26,0.5101,29,0.5002,26,1.0103,-0.2676,0.10,-1.7681,1.2319,0.0000,70.39,SUCCESS
2025-12-24T09:10:27.634464+00:00,btc-updown-15m-1766567700,TRADE,DOWN,ACCUM,2,2,0.5002,1.0004,26,0.5101,31,0.5002,26,1.0103,-0.2677,0.16,-2.7684,2.2316,0.0000,69.39,SUCCESS
2025-12-24T09:10:33.211681+00:00,btc-updown-15m-1766567700,TRADE,DOWN,ACCUM,2,2,0.5002,1.0003,26,0.5101,33,0.5002,26,1.0103,-0.2676,0.21,-3.7687,3.2313,0.0000,68.39,SUCCESS
2025-12-24T09:10:38.615151+00:00,btc-updown-15m-1766567700,TRADE,UP,ACCUM,2,2,0.5102,1.0203,28,0.5101,33,0.5002,28,1.0103,-0.2883,0.15,-2.7891,2.2109,0.0000,67.37,SUCCESS
2025-12-24T09:10:38.615569+00:00,btc-updown-15m-1766567700,TRADE,DOWN,ACCUM,2,2,0.5000,1.0000,28,0.5101,35,0.5001,28,1.0103,-0.2880,0.20,-3.7891,3.2109,0.0000,66.37,SUCCESS
2025-12-24T09:10:44.149994+00:00,btc-updown-15m-1766567700,TRADE,UP,ACCUM,2,2,0.5102,1.0205,30,0.5101,35,0.5001,30,1.0103,-0.3088,0.14,-2.8095,2.1905,0.0000,65.35,SUCCESS
2025-12-24T09:10:49.659417+00:00,btc-updown-15m-1766567700,TRADE,UP,ACCUM,2,2,0.5102,1.0204,32,0.5101,35,0.5001,32,1.0103,-0.3295,0.09,-1.8299,1.1701,0.0000,64.33,SUCCESS
2025-12-24T09:10:49.659690+00:00,btc-updown-15m-1766567700,TRADE,DOWN,ACCUM,2,2,0.5001,1.0002,32,0.5101,37,0.5001,32,1.0103,-0.3294,0.14,-2.8301,2.1699,0.0000,63.33,SUCCESS
2025-12-24T09:10:55.074831+00:00,btc-updown-15m-1766567700,TRADE,UP,ACCUM,2,2,0.5100,1.0201,34,0.5101,37,0.5001,34,1.0103,-0.3497,0.08,-1.8502,1.1498,0.0000,62.31,SUCCESS
2025-12-24T09:10:55.076692+00:00,btc-updown-15m-1766567700,TRADE,DOWN,ACCUM,2,2,0.5001,1.0002,34,0.5101,39,0.5001,34,1.0103,-0.3496,0.13,-2.8503,2.1497,0.0000,61.31,SUCCESS
2025-12-24T09:11:06.038077+00:00,btc-updown-15m-1766567700,TRADE,DOWN,ACCUM,2,2,0.5002,1.0004,34,0.5101,41,0.5001,34,1.0103,-0.3497,0.17,-3.8507,3.1493,0.0000,60.31,SUCCESS
2025-12-24T09:11:11.533489+00:00,btc-updown-15m-1766567700,TRADE,UP,ACCUM,2,2,0.5102,1.0204,36,0.5101,41,0.5001,36,1.0103,-0.3704,0.12,-2.8712,2.1288,0.0000,59.29,SUCCESS
2025-12-24T09:11:11.534066+00:00,btc-updown-15m-1766567700,TRADE,DOWN,ACCUM,2,2,0.5000,1.0000,36,0.5101,43,0.5001,36,1.0103,-0.3702,0.16,-3.8712,3.1288,0.0000,58.29,SUCCESS
2025-12-24T09:11:16.934943+00:00,btc-updown-15m-1766567700,TRADE,UP,ACCUM,2,2,0.5202,1.0404,38,0.5107,43,0.5001,38,1.0108,-0.4109,0.12,-2.9115,2.0885,0.0000,57.25,SUCCESS
2025-12-24T09:11:16.940266+00:00,btc-updown-15m-1766567700,TRADE,DOWN,ACCUM,3,3,0.4902,1.4707,38,0.5107,46,0.4995,38,1.0102,-0.3863,0.17,-4.3822,3.6178,0.0000,55.78,SUCCESS
2025-12-24T09:11:22.357091+00:00,btc-updown-15m-1766567700,TRADE,UP,ACCUM,2,2,0.5201,1.0402,40,0.5111,46,0.4995,40,1.0106,-0.4255,0.13,-3.4224,2.5776,0.0000,54.74,SUCCESS
2025-12-24T09:11:27.857282+00:00,btc-updown-15m-1766567700,TRADE,UP,ACCUM,2,2,0.5302,1.0603,42,0.5121,46,0.4995,42,1.0115,-0.4848,0.09,-2.4827,1.5173,0.0000,53.68,SUCCESS
2025-12-24T09:11:27.858196+00:00,btc-updown-15m-1766567700,TRADE,DOWN,ACCUM,3,1,0.4801,0.4801,42,0.5121,47,0.4991,42,1.0111,-0.4675,0.11,-2.9629,2.0371,0.0000,53.20,SUCCESS
2025-12-24T09:11:33.369352+00:00,btc-updown-15m-1766567700,TRADE,DOWN,ACCUM,3,3,0.4900,1.4701,42,0.5121,50,0.4985,42,1.0106,-0.4446,0.16,-4.4329,3.5671,0.0000,51.73,SUCCESS
2025-12-24T09:11:38.909794+00:00,btc-updown-15m-1766567700,TRADE,UP,ACCUM,2,2,0.5201,1.0403,44,0.5124,50,0.4985,44,1.0110,-0.4820,0.12,-3.4732,2.5268,0.0000,50.69,SUCCESS
2025-12-24T09:11:44.317056+00:00,btc-updown-15m-1766567700,TRADE,UP,ACCUM,2,2,0.5201,1.0402,46,0.5128,50,0.4985,46,1.0113,-0.5193,0.08,-2.5134,1.4866,0.0000,49.65,SUCCESS
2025-12-24T09:11:49.725726+00:00,btc-updown-15m-1766567700,TRADE,UP,ACCUM,2,2,0.5200,1.0401,48,0.5131,50,0.4985,48,1.0116,-0.5564,0.04,-1.5535,0.4465,0.0000,48.61,SUCCESS
2025-12-24T09:11:55.137880+00:00,btc-updown-15m-1766567700,TRADE,UP,ACCUM,2,2,0.5202,1.0405,50,0.5133,50,0.4985,50,1.0119,-0.5939,0.00,-0.5939,-0.5939,0.0000,47.57,SUCCESS
2025-12-24T09:15:02.339828+00:00,btc-updown-15m-1766567700,RESOLUTION,UP,BINANCE_FALLBACK_SHARED,100,100,1.0000,50.5939,50,0.5133,50,0.4985,50,1.0119,-0.5939,0.00,0.0000,0.0000,-0.5939,97.57,RESOLVED
2025-12-24T09:15:10.901753+00:00,btc-updown-15m-1766568600,TRADE,UP,ACCUM,5,5,0.5001,2.5003,5,0.5001,0,0.0000,0,0.0000,0.0000,1.00,-2.5003,2.4997,0.0000,95.07,SUCCESS
2025-12-24T10:15:15.762125+00:00,btc-updown-15m-1766571300,TRADE,UP,ACCUM,6,6,0.4201,2.5205,6,0.4201,0,0.0000,0,0.0000,0.0000,1.00,-2.5205,3.4795,0.0000,497.48,SUCCESS
2025-12-24T10:15:15.764778+00:00,btc-updown-15m-1766571300,TRADE,DOWN,ACCUM,6,6,0.5902,3.5411,6,0.4201,6,0.5902,6,1.0103,-0.0615,0.00,-0.0615,-0.0615,0.0000,493.94,SUCCESS
2025-12-24T10:15:16.152229+00:00,btc-updown-15m-1766571300,RESOLUTION,UP,BINANCE_FALLBACK_SHARED,12,12,1.0000,6.0615,6,0.4201,6,0.5902,6,1.0103,-0.0615,0.00,0.0000,0.0000,-0.0615,499.94,RESOLVED
2025-12-24T10:15:25.155211+00:00,btc-updown-15m-1766572200,TRADE,UP,ACCUM,6,6,0.5002,3.0013,6,0.5002,0,0.0000,0,0.0000,0.0000,1.00,-3.0013,2.9987,0.0000,496.94,SUCCESS
2025-12-24T10:15:25.156242+00:00,btc-updown-15m-1766572200,TRADE,DOWN,ACCUM,6,3,0.5103,1.5308,6,0.5002,3,0.5103,3,1.0105,-0.0314,0.50,-1.5320,1.4680,0.0000,495.41,SUCCESS
2025-12-24T10:15:30.724466+00:00,btc-updown-15m-1766572200,TRADE,UP,ACCUM,5,5,0.5000,2.5000,11,0.5001,3,0.5103,3,1.0104,-0.0311,0.73,-4.0320,3.9680,0.0000,492.91,SUCCESS
2025-12-24T10:15:30.724753+00:00,btc-updown-15m-1766572200,TRADE,DOWN,ACCUM,5,5,0.5102,2.5512,11,0.5001,8,0.5102,8,1.0104,-0.0829,0.27,-1.5832,1.4168,0.0000,490.36,SUCCESS
2025-12-24T10:15:36.342284+00:00,btc-updown-15m-1766572200,TRADE,UP,ACCUM,4,4,0.5000,2.0001,15,0.5001,8,0.5102,8,1.0103,-0.0827,0.47,-3.5833,3.4167,0.0000,488.36,SUCCESS
2025-12-24T10:15:36.342852+00:00,btc-updown-15m-1766572200,TRADE,DOWN,ACCUM,5,5,0.5102,2.5511,15,0.5001,13,0.5102,13,1.0103,-0.1342,0.13,-1.1344,0.8656,0.0000,485.80,SUCCESS
2025-12-24T10:15:41.778046+00:00,btc-updown-15m-1766572200,TRADE,UP,ACCUM,4,4,0.5002,2.0007,19,0.5001,13,0.5102,13,1.0103,-0.1345,0.32,-3.1351,2.8649,0.0000,483.80,SUCCESS
2025-12-24T10:15:41.778600+00:00,btc-updown-15m-1766572200,TRADE,DOWN,ACCUM,4,4,0.5099,2.0396,19,0.5001,17,0.5102,17,1.0103,-0.1746,0.11,-1.1748,0.8252,0.0000,481.76,SUCCESS
2025-12-24T10:15:47.194210+00:00,btc-updown-15m-1766572200,TRADE,UP,ACCUM,4,4,0.5002,2.0009,23,0.5001,17,0.5102,17,1.0103,-0.1749,0.26,-3.1757,2.8243,0.0000,479.76,SUCCESS
2025-12-24T10:15:47.195124+00:00,btc-updown-15m-1766572200,TRADE,DOWN,ACCUM,4,4,0.5102,2.0406,23,0.5001,21,0.5102,21,1.0103,-0.2161,0.09,-1.2164,0.7836,0.0000,477.72,SUCCESS
2025-12-24T10:15:52.872667+00:00,btc-updown-15m-1766572200,TRADE,UP,ACCUM,3,3,0.5002,1.5007,26,0.5001,21,0.5102,21,1.0103,-0.2164,0.19,-2.7171,2.2829,0.0000,476.22,SUCCESS
2025-12-24T10:15:52.873387+00:00,btc-updown-15m-1766572200,TRADE,DOWN,ACCUM,3,3,0.5102,1.5305,26,0.5001,24,0.5102,24,1.0103,-0.2474,0.08,-1.2476,0.7524,0.0000,474.69,SUCCESS
2025-12-24T10:15:58.489639+00:00,btc-updown-15m-1766572200,TRADE,UP,ACCUM,3,3,0.5002,1.5007,29,0.5002,24,0.5102,24,1.0103,-0.2476,0.17,-2.7484,2.2516,0.0000,473.19,SUCCESS
2025-12-24T10:15:58.490200+00:00,btc-updown-15m-1766572200,TRADE,DOWN,ACCUM,3,1,0.5101,0.5101,29,0.5002,25,0.5102,25,1.0103,-0.2579,0.14,-2.2585,1.7415,0.0000,472.68,SUCCESS
2025-12-24T10:16:03.920356+00:00,btc-updown-15m-1766572200,TRADE,UP,ACCUM,3,3,0.5001,1.5003,32,0.5002,25,0.5102,25,1.0103,-0.2577,0.22,-3.7588,3.2412,0.0000,471.18,SUCCESS
2025-12-24T10:16:03.921039+00:00,btc-updown-15m-1766572200,TRADE,DOWN,ACCUM,3,3,0.5101,1.5302,32,0.5002,28,0.5102,28,1.0103,-0.2884,0.12,-2.2890,1.7110,0.0000,469.65,SUCCESS
2025-12-24T10:16:09.390108+00:00,btc-updown-15m-1766572200,TRADE,UP,ACCUM,2,2,0.5002,1.0003,34,0.5002,28,0.5102,28,1.0103,-0.2884,0.18,-3.2893,2.7107,0.0000,468.65,SUCCESS
2025-12-24T10:16:09.390990+00:00,btc-updown-15m-1766572200,TRADE,DOWN,ACCUM,3,3,0.5101,1.5303,34,0.5002,31,0.5101,31,1.0103,-0.3192,0.09,-1.8197,1.1803,0.0000,467.12,SUCCESS
2025-12-24T10:16:14.837645+00:00,btc-updown-15m-1766572200,TRADE,UP,ACCUM,2,2,0.5000,1.0000,36,0.5001,31,0.5101,31,1.0103,-0.3190,0.14,-2.8197,2.1803,0.0000,466.12,SUCCESS
2025-12-24T10:16:14.838281+00:00,btc-updown-15m-1766572200,TRADE,DOWN,ACCUM,2,2,0.5102,1.0203,36,0.5001,33,0.5101,33,1.0103,-0.3396,0.08,-1.8400,1.1600,0.0000,465.10,SUCCESS
2025-12-24T10:16:20.403113+00:00,btc-updown-15m-1766572200,TRADE,UP,ACCUM,2,2,0.5001,1.0003,38,0.5001,33,0.5101,33,1.0103,-0.3396,0.13,-2.8403,2.1597,0.0000,464.10,SUCCESS
2025-12-24T10:16:20.403415+00:00,btc-updown-15m-1766572200,TRADE,DOWN,ACCUM,2,2,0.5102,1.0205,38,0.5001,35,0.5102,35,1.0103,-0.3603,0.08,-1.8608,1.1392,0.0000,463.08,SUCCESS
2025-12-24T10:16:25.818202+00:00,btc-updown-15m-1766572200,TRADE,UP,ACCUM,2,1,0.5000,0.5000,39,0.5001,35,0.5102,35,1.0103,-0.3602,0.10,-2.3608,1.6392,0.0000,462.58,SUCCESS
2025-12-24T10:16:25.819066+00:00,btc-updown-15m-1766572200,TRADE,DOWN,ACCUM,2,2,0.5101,1.0202,39,0.5001,37,0.5101,37,1.0103,-0.3807,0.05,-1.3810,0.6190,0.0000,461.56,SUCCESS
2025-12-24T10:16:31.376374+00:00,btc-updown-15m-1766572200,TRADE,UP,ACCUM,2,2,0.4998,0.9996,41,0.5001,37,0.5101,37,1.0103,-0.3801,0.10,-2.3806,1.6194,0.0000,460.56,SUCCESS
2025-12-24T10:16:31.377078+00:00,btc-updown-15m-1766572200,TRADE,DOWN,ACCUM,2,2,0.5100,1.0200,41,0.5001,39,0.5101,39,1.0103,-0.4003,0.05,-1.4006,0.5994,0.0000,459.54,SUCCESS
2025-12-24T10:16:36.921008+00:00,btc-updown-15m-1766572200,TRADE,UP,ACCUM,2,2,0.5002,1.0003,43,0.5001,39,0.5101,39,1.0103,-0.4004,0.09,-2.4009,1.5991,0.0000,458.54,SUCCESS
2025-12-24T10:16:42.590295+00:00,btc-updown-15m-1766572200,TRADE,UP,ACCUM,2,2,0.5002,1.0004,45,0.5001,39,0.5101,39,1.0103,-0.4005,0.13,-3.4013,2.5987,0.0000,457.54,SUCCESS
2025-12-24T10:16:42.590805+00:00,btc-updown-15m-1766572200,TRADE,DOWN,ACCUM,2,2,0.5099,1.0197,45,0.5001,41,0.5101,41,1.0103,-0.4205,0.09,-2.4210,1.5790,0.0000,456.52,SUCCESS
2025-12-24T10:16:48.159309+00:00,btc-updown-15m-1766572200,TRADE,UP,ACCUM,2,2,0.5001,1.0002,47,0.5001,41,0.5101,41,1.0103,-0.4204,0.13,-3.4212,2.5788,0.0000,455.52,SUCCESS
2025-12-24T10:16:48.161032+00:00,btc-updown-15m-1766572200,TRADE,DOWN,ACCUM,2,2,0.5101,1.0202,47,0.5001,43,0.5101,43,1.0103,-0.4409,0.09,-2.4414,1.5586,0.0000,454.50,SUCCESS
2025-12-24T10:16:53.815419+00:00,btc-updown-15m-1766572200,TRADE,DOWN,ACCUM,2,2,0.5100,1.0200,47,0.5001,45,0.5101,45,1.0102,-0.4612,0.04,-1.4614,0.5386,0.0000,453.48,SUCCESS
2025-12-24T10:17:05.078940+00:00,btc-updown-15m-1766572200,TRADE,UP,ACCUM,2,2,0.5000,1.0000,49,0.5001,45,0.5101,45,1.0102,-0.4610,0.08,-2.4615,1.5385,0.0000,452.48,SUCCESS
2025-12-24T10:17:05.079640+00:00,btc-updown-15m-1766572200,TRADE,DOWN,ACCUM,2,2,0.5102,1.0203,49,0.5001,47,0.5101,47,1.0102,-0.4815,0.04,-1.4818,0.5182,0.0000,451.46,SUCCESS
2025-12-24T10:17:10.631412+00:00,btc-updown-15m-1766572200,TRADE,UP,ACCUM,2,2,0.5002,1.0005,51,0.5001,47,0.5101,47,1.0103,-0.4818,0.08,-2.4823,1.5177,0.0000,450.46,SUCCESS
2025-12-24T10:17:10.631864+00:00,btc-updown-15m-1766572200,TRADE,DOWN,ACCUM,2,2,0.5102,1.0204,51,0.5001,49,0.5101,49,1.0103,-0.5024,0.04,-1.5027,0.4973,0.0000,449.44,SUCCESS
2025-12-24T10:17:16.080149+00:00,btc-updown-15m-1766572200,TRADE,UP,ACCUM,2,2,0.5001,1.0002,53,0.5001,49,0.5101,49,1.0103,-0.5024,0.08,-2.5029,1.4971,0.0000,448.44,SUCCESS
2025-12-24T10:17:16.081388+00:00,btc-updown-15m-1766572200,TRADE,DOWN,ACCUM,2,2,0.5100,1.0200,53,0.5001,51,0.5101,51,1.0102,-0.5227,0.04,-1.5229,0.4771,0.0000,447.42,SUCCESS
2025-12-24T10:17:21.516585+00:00,btc-updown-15m-1766572200,TRADE,UP,ACCUM,2,2,0.5001,1.0003,55,0.5001,51,0.5101,51,1.0102,-0.5227,0.07,-2.5232,1.4768,0.0000,446.42,SUCCESS
2025-12-24T10:17:21.517816+00:00,btc-updown-15m-1766572200,TRADE,DOWN,ACCUM,2,2,0.5100,1.0201,55,0.5001,53,0.5101,53,1.0102,-0.5430,0.04,-1.5433,0.4567,0.0000,445.40,SUCCESS
2025-12-24T10:17:27.042442+00:00,btc-updown-15m-1766572200,TRADE,UP,ACCUM,2,1,0.5002,0.5002,56,0.5001,53,0.5101,53,1.0102,-0.5431,0.05,-2.0435,0.9565,0.0000,444.89,SUCCESS
2025-12-24T10:17:27.043525+00:00,btc-updown-15m-1766572200,TRADE,DOWN,ACCUM,2,2,0.5101,1.0202,56,0.5001,55,0.5101,55,1.0102,-0.5635,0.02,-1.0636,-0.0636,0.0000,443.87,SUCCESS
2025-12-24T10:17:32.697346+00:00,btc-updown-15m-1766572200,TRADE,UP,ACCUM,2,2,0.5002,1.0004,58,0.5001,55,0.5101,55,1.0102,-0.5637,0.05,-2.0641,0.9359,0.0000,442.87,SUCCESS
2025-12-24T10:17:32.699504+00:00,btc-updown-15m-1766572200,TRADE,DOWN,ACCUM,2,2,0.5102,1.0203,58,0.5001,57,0.5101,57,1.0103,-0.5843,0.02,-1.0844,-0.0844,0.0000,441.85,SUCCESS
2025-12-24T10:17:38.240203+00:00,btc-updown-15m-1766572200,TRADE,UP,ACCUM,2,2,0.5000,1.0001,60,0.5001,57,0.5101,57,1.0102,-0.5841,0.05,-2.0845,0.9155,0.0000,440.85,SUCCESS
2025-12-24T10:17:38.240764+00:00,btc-updown-15m-1766572200,TRADE,DOWN,ACCUM,2,2,0.5100,1.0200,60,0.5001,59,0.5101,59,1.0102,-0.6044,0.02,-1.1045,-0.1045,0.0000,439.83,SUCCESS
2025-12-24T10:17:49.201584+00:00,btc-updown-15m-1766572200,TRADE,DOWN,ACCUM,2,1,0.5101,0.5101,60,0.5001,60,0.5101,60,1.0102,-0.6146,0.00,-0.6146,-0.6146,0.0000,439.32,SUCCESS
2025-12-24T10:30:04.937282+00:00,btc-updown-15m-1766572200,RESOLUTION,DOWN,BINANCE_FALLBACK_SHARED,120,120,1.0000,60.6146,60,0.5001,60,0.5101,60,1.0102,-0.6146,0.00,0.0000,0.0000,-0.6146,499.32,RESOLVED
2025-12-24T10:35:39.254332+00:00,btc-updown-15m-1766572200,TRADE,UP,ACCUM,3,3,0.7503,2.2510,3,0.7503,0,0.0000,0,0.0000,0.0000,1.00,-2.2510,0.7490,0.0000,497.75,SUCCESS
2025-12-24T10:35:39.255350+00:00,btc-updown-15m-1766572200,TRADE,DOWN,ACCUM,9,9,0.2601,2.3410,3,0.7503,9,0.2601,3,1.0105,-0.0314,0.67,-1.5921,4.4079,0.0000,495.41,SUCCESS
2025-12-24T10:35:39.518004+00:00,btc-updown-15m-1766572200,RESOLUTION,UP,BINANCE_FALLBACK_SHARED,12,12,1.0000,4.5921,3,0.7503,9,0.2601,3,1.0105,-0.0314,0.67,0.0000,0.0000,-1.5921,498.41,RESOLVED
2025-12-24T10:35:47.774632+00:00,btc-updown-15m-1766573100,TRADE,DOWN,ACCUM,6,6,0.5102,3.0614,0,0.0000,6,0.5102,0,0.0000,0.0000,1.00,-3.0614,2.9386,0.0000,495.35,SUCCESS
2025-12-24T10:35:53.228163+00:00,btc-updown-15m-1766573100,TRADE,UP,ACCUM,6,6,0.5001,3.0005,6,0.5001,6,0.5102,6,1.0103,-0.0619,0.00,-0.0619,-0.0619,0.0000,492.35,SUCCESS
2025-12-24T10:35:58.849963+00:00,btc-updown-15m-1766573100,TRADE,UP,ACCUM,5,5,0.5002,2.5012,11,0.5002,6,0.5102,6,1.0104,-0.0623,0.45,-2.5631,2.4369,0.0000,489.84,SUCCESS
2025-12-24T10:35:58.850477+00:00,btc-updown-15m-1766573100,TRADE,DOWN,ACCUM,5,5,0.5102,2.5509,11,0.5002,11,0.5102,11,1.0104,-0.1140,0.00,-0.1140,-0.1140,0.0000,487.29,SUCCESS
2025-12-24T10:36:04.457514+00:00,btc-updown-15m-1766573100,TRADE,UP,ACCUM,4,4,0.5002,2.0008,15,0.5002,11,0.5102,11,1.0104,-0.1141,0.27,-2.1148,1.8852,0.0000,485.29,SUCCESS
2025-12-24T10:36:04.458667+00:00,btc-updown-15m-1766573100,TRADE,DOWN,ACCUM,4,4,0.5102,2.0410,15,0.5002,15,0.5102,15,1.0104,-0.1558,0.00,-0.1558,-0.1558,0.0000,483.25,SUCCESS
2025-12-24T10:36:10.039131+00:00,btc-updown-15m-1766573100,TRADE,UP,ACCUM,4,4,0.5002,2.0009,19,0.5002,15,0.5102,15,1.0104,-0.1560,0.21,-2.1567,1.8433,0.0000,481.25,SUCCESS
2025-12-24T10:36:10.039675+00:00,btc-updown-15m-1766573100,TRADE,DOWN,ACCUM,4,3,0.5101,1.5302,19,0.5002,18,0.5102,18,1.0104,-0.1867,0.05,-0.6868,0.3132,0.0000,479.72,SUCCESS
2025-12-24T10:36:15.989446+00:00,btc-updown-15m-1766573100,TRADE,UP,ACCUM,4,4,0.4998,1.9992,23,0.5001,18,0.5102,18,1.0103,-0.1855,0.22,-2.6860,2.3140,0.0000,477.72,SUCCESS
2025-12-24T10:36:15.990297+00:00,btc-updown-15m-1766573100,TRADE,DOWN,ACCUM,4,4,0.5102,2.0409,23,0.5001,22,0.5102,22,1.0103,-0.2268,0.04,-0.7269,0.2731,0.0000,475.68,SUCCESS
2025-12-24T10:36:21.583856+00:00,btc-updown-15m-1766573100,TRADE,UP,ACCUM,3,3,0.4901,1.4703,26,0.4990,22,0.5102,22,1.0092,-0.2014,0.15,-2.1972,1.8028,0.0000,474.21,SUCCESS
2025-12-24T10:36:21.584559+00:00,btc-updown-15m-1766573100,TRADE,DOWN,ACCUM,3,3,0.5201,1.5602,26,0.4990,25,0.5114,25,1.0103,-0.2584,0.04,-0.7574,0.2426,0.0000,472.65,SUCCESS
2025-12-24T10:36:27.061205+00:00,btc-updown-15m-1766573100,TRADE,UP,ACCUM,3,3,0.4902,1.4707,29,0.4981,25,0.5114,25,1.0094,-0.2359,0.14,-2.2281,1.7719,0.0000,471.18,SUCCESS
2025-12-24T10:36:27.062111+00:00,btc-updown-15m-1766573100,TRADE,DOWN,ACCUM,3,3,0.5202,1.5607,29,0.4981,28,0.5123,28,1.0104,-0.2908,0.03,-0.7889,0.2111,0.0000,469.62,SUCCESS
2025-12-24T10:36:32.762076+00:00,btc-updown-15m-1766573100,TRADE,DOWN,ACCUM,3,3,0.5200,1.5601,29,0.4981,31,0.5131,29,1.0111,-0.3228,0.06,-1.3490,0.6510,0.0000,468.06,SUCCESS
2025-12-24T10:36:38.369115+00:00,btc-updown-15m-1766573100,TRADE,UP,ACCUM,3,3,0.4902,1.4705,32,0.4973,31,0.5131,31,1.0104,-0.3221,0.03,-0.8195,0.1805,0.0000,466.59,SUCCESS
2025-12-24T10:36:38.369564+00:00,btc-updown-15m-1766573100,TRADE,DOWN,ACCUM,2,2,0.5200,1.0401,32,0.4973,33,0.5135,32,1.0108,-0.3460,0.03,-0.8595,0.1405,0.0000,465.55,SUCCESS
2025-12-24T10:36:44.136517+00:00,btc-updown-15m-1766573100,TRADE,UP,ACCUM,3,2,0.4900,0.9800,34,0.4969,33,0.5135,33,1.0104,-0.3426,0.03,-0.8395,0.1605,0.0000,464.57,SUCCESS
2025-12-24T10:36:44.136959+00:00,btc-updown-15m-1766573100,TRADE,DOWN,ACCUM,2,2,0.5202,1.0405,34,0.4969,35,0.5139,34,1.0108,-0.3661,0.03,-0.8800,0.1200,0.0000,463.53,SUCCESS
2025-12-24T10:36:49.717357+00:00,btc-updown-15m-1766573100,TRADE,UP,ACCUM,3,3,0.4902,1.4707,37,0.4963,35,0.5139,35,1.0102,-0.3580,0.05,-1.3507,0.6493,0.0000,462.06,SUCCESS
2025-12-24T10:36:49.717936+00:00,btc-updown-15m-1766573100,TRADE,DOWN,ACCUM,2,2,0.5202,1.0403,37,0.4963,37,0.5142,37,1.0106,-0.3911,0.00,-0.3911,-0.3911,0.0000,461.02,SUCCESS
2025-12-24T10:36:55.367433+00:00,btc-updown-15m-1766573100,TRADE,UP,ACCUM,3,3,0.4901,1.4702,40,0.4959,37,0.5142,37,1.0101,-0.3736,0.07,-1.8612,1.1388,0.0000,459.55,SUCCESS
2025-12-24T10:36:55.368461+00:00,btc-updown-15m-1766573100,TRADE,DOWN,ACCUM,2,2,0.5201,1.0401,40,0.4959,39,0.5145,39,1.0104,-0.4055,0.03,-0.9014,0.0986,0.0000,458.51,SUCCESS
2025-12-24T10:37:01.239106+00:00,btc-updown-15m-1766573100,TRADE,UP,ACCUM,3,3,0.4902,1.4706,43,0.4955,39,0.5145,39,1.0100,-0.3900,0.09,-2.3719,1.6281,0.0000,457.04,SUCCESS
2025-12-24T10:37:01.240089+00:00,btc-updown-15m-1766573100,TRADE,DOWN,ACCUM,2,2,0.5201,1.0402,43,0.4955,41,0.5148,41,1.0103,-0.4211,0.05,-1.4121,0.5879,0.0000,456.00,SUCCESS
2025-12-24T10:37:06.698462+00:00,btc-updown-15m-1766573100,TRADE,UP,ACCUM,3,3,0.4901,1.4703,46,0.4951,41,0.5148,41,1.0099,-0.4067,0.11,-2.8824,2.1176,0.0000,454.53,SUCCESS
2025-12-24T10:37:06.698754+00:00,btc-updown-15m-1766573100,TRADE,DOWN,ACCUM,2,2,0.5202,1.0404,46,0.4951,43,0.5150,43,1.0102,-0.4374,0.07,-1.9227,1.0773,0.0000,453.49,SUCCESS
2025-12-24T10:37:12.382075+00:00,btc-updown-15m-1766573100,TRADE,UP,ACCUM,3,3,0.4901,1.4704,49,0.4948,43,0.5150,43,1.0099,-0.4242,0.12,-3.3931,2.6069,0.0000,452.01,SUCCESS
2025-12-24T10:37:12.382638+00:00,btc-updown-15m-1766573100,TRADE,DOWN,ACCUM,2,2,0.5202,1.0403,49,0.4948,45,0.5153,45,1.0101,-0.4542,0.08,-2.4334,1.5666,0.0000,450.97,SUCCESS
2025-12-24T10:37:17.872159+00:00,btc-updown-15m-1766573100,TRADE,UP,ACCUM,3,3,0.4900,1.4701,52,0.4945,45,0.5153,45,1.0098,-0.4418,0.13,-3.9036,3.0964,0.0000,449.50,SUCCESS
2025-12-24T10:37:17.872863+00:00,btc-updown-15m-1766573100,TRADE,DOWN,ACCUM,2,2,0.5200,1.0401,52,0.4945,47,0.5155,47,1.0100,-0.4709,0.10,-2.9436,2.0564,0.0000,448.46,SUCCESS
2025-12-24T10:37:23.337521+00:00,btc-updown-15m-1766573100,TRADE,UP,ACCUM,3,3,0.4901,1.4703,55,0.4943,47,0.5155,47,1.0098,-0.4595,0.15,-4.4139,3.5861,0.0000,446.99,SUCCESS
2025-12-24T10:37:23.337848+00:00,btc-updown-15m-1766573100,TRADE,DOWN,ACCUM,2,2,0.5202,1.0404,55,0.4943,49,0.5157,49,1.0100,-0.4885,0.11,-3.4543,2.5457,0.0000,445.95,SUCCESS
2025-12-24T10:37:28.809769+00:00,btc-updown-15m-1766573100,TRADE,UP,ACCUM,3,3,0.4900,1.4701,58,0.4941,49,0.5157,49,1.0097,-0.4777,0.16,-4.9244,4.0756,0.0000,444.48,SUCCESS
2025-12-24T10:37:28.810411+00:00,btc-updown-15m-1766573100,TRADE,DOWN,ACCUM,2,2,0.5201,1.0401,58,0.4941,51,0.5158,51,1.0099,-0.5059,0.12,-3.9645,3.0355,0.0000,443.44,SUCCESS
2025-12-24T10:37:34.424849+00:00,btc-updown-15m-1766573100,TRADE,UP,ACCUM,3,3,0.4901,1.4702,61,0.4939,51,0.5158,51,1.0097,-0.4958,0.16,-5.4346,4.5654,0.0000,441.97,SUCCESS
2025-12-24T10:37:34.425542+00:00,btc-updown-15m-1766573100,TRADE,DOWN,ACCUM,2,2,0.5202,1.0405,61,0.4939,53,0.5160,53,1.0099,-0.5241,0.13,-4.4751,3.5249,0.0000,440.93,SUCCESS
2025-12-24T10:37:39.959451+00:00,btc-updown-15m-1766573100,TRADE,DOWN,ACCUM,2,2,0.5202,1.0403,61,0.4939,55,0.5162,55,1.0100,-0.5522,0.10,-3.5154,2.4846,0.0000,439.89,SUCCESS
2025-12-24T10:37:45.489254+00:00,btc-updown-15m-1766573100,TRADE,DOWN,ACCUM,2,2,0.5202,1.0405,61,0.4939,57,0.5163,57,1.0102,-0.5804,0.07,-2.5559,1.4441,0.0000,438.85,SUCCESS
2025-12-24T10:37:56.699214+00:00,btc-updown-15m-1766573100,TRADE,DOWN,ACCUM,2,2,0.5201,1.0402,61,0.4939,59,0.5164,59,1.0103,-0.6084,0.03,-1.5961,0.4039,0.0000,437.81,SUCCESS
2025-12-24T10:38:02.116971+00:00,btc-updown-15m-1766573100,TRADE,DOWN,ACCUM,2,2,0.5201,1.0403,61,0.4939,61,0.5166,61,1.0104,-0.6364,0.00,-0.6364,-0.6364,0.0000,436.77,SUCCESS
2025-12-24T10:46:07.562690+00:00,btc-updown-15m-1766573100,TRADE,UP,ACCUM,6,6,0.4702,2.8210,6,0.4702,0,0.0000,0,0.0000,0.0000,1.00,-2.8210,3.1790,0.0000,497.18,SUCCESS
2025-12-24T10:46:07.563303+00:00,btc-updown-15m-1766573100,TRADE,DOWN,ACCUM,6,6,0.5402,3.2413,6,0.4702,6,0.5402,6,1.0104,-0.0623,0.00,-0.0623,-0.0623,0.0000,493.94,SUCCESS
2025-12-24T10:46:07.818406+00:00,btc-updown-15m-1766573100,RESOLUTION,UP,BINANCE_FALLBACK_SHARED,12,12,1.0000,6.0623,6,0.4702,6,0.5402,6,1.0104,-0.0623,0.00,0.0000,0.0000,-0.0623,499.94,RESOLVED
2025-12-24T10:46:16.694175+00:00,btc-updown-15m-1766574000,TRADE,UP,ACCUM,6,6,0.5002,3.0014,6,0.5002,0,0.0000,0,0.0000,0.0000,1.00,-3.0014,2.9986,0.0000,496.94,SUCCESS
2025-12-24T10:46:16.695549+00:00,btc-updown-15m-1766574000,TRADE,DOWN,ACCUM,6,6,0.5101,3.0605,6,0.5002,6,0.5101,6,1.0103,-0.0619,0.00,-0.0619,-0.0619,0.0000,493.88,SUCCESS
2025-12-24T10:46:22.124556+00:00,btc-updown-15m-1766574000,TRADE,UP,ACCUM,5,5,0.5001,2.5005,11,0.5002,6,0.5101,6,1.0103,-0.0615,0.45,-2.5624,2.4376,0.0000,491.38,SUCCESS
2025-12-24T10:46:22.124964+00:00,btc-updown-15m-1766574000,TRADE,DOWN,ACCUM,5,5,0.5100,2.5502,11,0.5002,11,0.5101,11,1.0102,-0.1127,0.00,-0.1127,-0.1127,0.0000,488.83,SUCCESS
2025-12-24T10:46:27.762366+00:00,btc-updown-15m-1766574000,TRADE,UP,ACCUM,4,4,0.5002,2.0007,15,0.5002,11,0.5101,11,1.0102,-0.1126,0.27,-2.1133,1.8867,0.0000,486.82,SUCCESS
2025-12-24T10:46:27.763138+00:00,btc-updown-15m-1766574000,TRADE,DOWN,ACCUM,4,4,0.5101,2.0403,15,0.5002,15,0.5101,15,1.0102,-0.1536,0.00,-0.1536,-0.1536,0.0000,484.78,SUCCESS
2025-12-24T10:46:33.443604+00:00,btc-updown-15m-1766574000,TRADE,UP,ACCUM,4,4,0.5001,2.0005,19,0.5002,15,0.5101,15,1.0102,-0.1534,0.21,-2.1541,1.8459,0.0000,482.78,SUCCESS
2025-12-24T10:46:33.444020+00:00,btc-updown-15m-1766574000,TRADE,DOWN,ACCUM,4,4,0.5102,2.0407,19,0.5002,19,0.5101,19,1.0102,-0.1947,0.00,-0.1947,-0.1947,0.0000,480.74,SUCCESS
2025-12-24T10:46:38.854226+00:00,btc-updown-15m-1766574000,TRADE,UP,ACCUM,4,4,0.5002,2.0010,23,0.5002,19,0.5101,19,1.0103,-0.1950,0.17,-2.1957,1.8043,0.0000,478.74,SUCCESS
2025-12-24T10:46:38.854742+00:00,btc-updown-15m-1766574000,TRADE,DOWN,ACCUM,4,1,0.5101,0.5101,23,0.5002,20,0.5101,20,1.0103,-0.2053,0.13,-1.7058,1.2942,0.0000,478.23,SUCCESS
2025-12-24T10:46:44.270735+00:00,btc-updown-15m-1766574000,TRADE,UP,ACCUM,3,3,0.5002,1.5005,26,0.5002,20,0.5101,20,1.0103,-0.2052,0.23,-3.2063,2.7937,0.0000,476.73,SUCCESS
2025-12-24T10:46:44.271269+00:00,btc-updown-15m-1766574000,TRADE,DOWN,ACCUM,4,4,0.5101,2.0404,26,0.5002,24,0.5101,24,1.0103,-0.2463,0.08,-1.2466,0.7534,0.0000,474.69,SUCCESS
2025-12-24T10:46:49.863200+00:00,btc-updown-15m-1766574000,TRADE,UP,ACCUM,3,3,0.5000,1.5001,29,0.5002,24,0.5101,24,1.0102,-0.2460,0.17,-2.7468,2.2532,0.0000,473.19,SUCCESS
2025-12-24T10:46:49.864748+00:00,btc-updown-15m-1766574000,TRADE,DOWN,ACCUM,3,3,0.5102,1.5307,29,0.5002,27,0.5101,27,1.0103,-0.2771,0.07,-1.2774,0.7226,0.0000,471.66,SUCCESS
2025-12-24T10:46:55.298994+00:00,btc-updown-15m-1766574000,TRADE,UP,ACCUM,3,3,0.5000,1.5000,32,0.5001,27,0.5101,27,1.0102,-0.2767,0.16,-2.7775,2.2225,0.0000,470.16,SUCCESS
2025-12-24T10:46:55.299725+00:00,btc-updown-15m-1766574000,TRADE,DOWN,ACCUM,3,3,0.5102,1.5306,32,0.5001,30,0.5101,30,1.0103,-0.3077,0.06,-1.3080,0.6920,0.0000,468.63,SUCCESS
2025-12-24T10:47:00.995864+00:00,btc-updown-15m-1766574000,TRADE,DOWN,ACCUM,3,3,0.5100,1.5300,32,0.5001,33,0.5101,32,1.0102,-0.3280,0.03,-0.8381,0.1619,0.0000,467.10,SUCCESS
2025-12-24T10:47:06.678511+00:00,btc-updown-15m-1766574000,TRADE,UP,ACCUM,2,2,0.5002,1.0005,34,0.5002,33,0.5101,33,1.0103,-0.3384,0.03,-0.8385,0.1615,0.0000,466.10,SUCCESS
2025-12-24T10:47:12.304415+00:00,btc-updown-15m-1766574000,TRADE,UP,ACCUM,2,2,0.4999,0.9999,36,0.5001,33,0.5101,33,1.0102,-0.3380,0.08,-1.8384,1.1616,0.0000,465.10,SUCCESS
2025-12-24T10:47:12.304905+00:00,btc-updown-15m-1766574000,TRADE,DOWN,ACCUM,2,1,0.5102,0.5102,36,0.5001,34,0.5101,34,1.0102,-0.3483,0.06,-1.3486,0.6514,0.0000,464.59,SUCCESS
2025-12-24T10:47:17.879561+00:00,btc-updown-15m-1766574000,TRADE,UP,ACCUM,2,2,0.5001,1.0001,38,0.5001,34,0.5101,34,1.0102,-0.3481,0.11,-2.3487,1.6513,0.0000,463.59,SUCCESS
2025-12-24T10:47:17.880606+00:00,btc-updown-15m-1766574000,TRADE,DOWN,ACCUM,2,2,0.5102,1.0203,38,0.5001,36,0.5101,36,1.0102,-0.3687,0.05,-1.3690,0.6310,0.0000,462.57,SUCCESS
2025-12-24T10:47:23.455109+00:00,btc-updown-15m-1766574000,TRADE,UP,ACCUM,2,2,0.5000,1.0001,40,0.5001,36,0.5101,36,1.0102,-0.3686,0.10,-2.3691,1.6309,0.0000,461.57,SUCCESS
2025-12-24T10:47:23.456440+00:00,btc-updown-15m-1766574000,TRADE,DOWN,ACCUM,2,2,0.5102,1.0203,40,0.5001,38,0.5101,38,1.0102,-0.3892,0.05,-1.3894,0.6106,0.0000,460.55,SUCCESS
2025-12-24T10:47:29.042964+00:00,btc-updown-15m-1766574000,TRADE,UP,ACCUM,2,2,0.5001,1.0002,42,0.5001,38,0.5101,38,1.0102,-0.3892,0.10,-2.3897,1.6103,0.0000,459.55,SUCCESS
2025-12-24T10:47:29.043492+00:00,btc-updown-15m-1766574000,TRADE,DOWN,ACCUM,2,2,0.5101,1.0203,42,0.5001,40,0.5101,40,1.0102,-0.4097,0.05,-1.4099,0.5901,0.0000,458.53,SUCCESS
2025-12-24T10:47:34.592722+00:00,btc-updown-15m-1766574000,TRADE,UP,ACCUM,2,2,0.5001,1.0002,44,0.5001,40,0.5101,40,1.0102,-0.4096,0.09,-2.4102,1.5898,0.0000,457.53,SUCCESS
2025-12-24T10:47:34.593232+00:00,btc-updown-15m-1766574000,TRADE,DOWN,ACCUM,2,2,0.5102,1.0204,44,0.5001,42,0.5101,42,1.0102,-0.4303,0.05,-1.4306,0.5694,0.0000,456.51,SUCCESS
2025-12-24T10:47:40.120194+00:00,btc-updown-15m-1766574000,TRADE,UP,ACCUM,2,2,0.5002,1.0004,46,0.5001,42,0.5101,42,1.0102,-0.4304,0.09,-2.4309,1.5691,0.0000,455.51,SUCCESS
2025-12-24T10:47:40.121467+00:00,btc-updown-15m-1766574000,TRADE,DOWN,ACCUM,2,2,0.5102,1.0203,46,0.5001,44,0.5101,44,1.0102,-0.4510,0.04,-1.4513,0.5487,0.0000,454.49,SUCCESS
2025-12-24T10:47:45.710322+00:00,btc-updown-15m-1766574000,TRADE,UP,ACCUM,2,2,0.5002,1.0003,48,0.5001,44,0.5101,44,1.0103,-0.4510,0.08,-2.4516,1.5484,0.0000,453.49,SUCCESS
2025-12-24T10:47:51.240985+00:00,btc-updown-15m-1766574000,TRADE,UP,ACCUM,2,1,0.5001,0.5001,49,0.5001,44,0.5101,44,1.0103,-0.4510,0.10,-2.9517,2.0483,0.0000,452.99,SUCCESS
2025-12-24T10:47:51.242612+00:00,btc-updown-15m-1766574000,TRADE,DOWN,ACCUM,2,2,0.5102,1.0204,49,0.5001,46,0.5101,46,1.0103,-0.4716,0.06,-1.9720,1.0280,0.0000,451.97,SUCCESS
2025-12-24T10:47:56.929651+00:00,btc-updown-15m-1766574000,TRADE,UP,ACCUM,2,2,0.5002,1.0003,51,0.5001,46,0.5101,46,1.0103,-0.4717,0.10,-2.9724,2.0276,0.0000,450.97,SUCCESS
2025-12-24T10:47:56.931166+00:00,btc-updown-15m-1766574000,TRADE,DOWN,ACCUM,2,2,0.5100,1.0200,51,0.5001,48,0.5101,48,1.0102,-0.4920,0.06,-1.9924,1.0076,0.0000,449.95,SUCCESS
2025-12-24T10:48:02.352956+00:00,btc-updown-15m-1766574000,TRADE,UP,ACCUM,2,2,0.5001,1.0002,53,0.5001,48,0.5101,48,1.0102,-0.4919,0.09,-2.9926,2.0074,0.0000,448.95,SUCCESS
2025-12-24T10:48:02.353970+00:00,btc-updown-15m-1766574000,TRADE,DOWN,ACCUM,2,2,0.5101,1.0202,53,0.5001,50,0.5101,50,1.0102,-0.5124,0.06,-2.0128,0.9872,0.0000,447.92,SUCCESS
2025-12-24T10:48:07.881440+00:00,btc-updown-15m-1766574000,TRADE,UP,ACCUM,3,3,0.4902,1.4706,56,0.4996,50,0.5101,50,1.0097,-0.4858,0.11,-3.4834,2.5166,0.0000,446.45,SUCCESS
2025-12-24T10:48:07.883124+00:00,btc-updown-15m-1766574000,TRADE,DOWN,ACCUM,2,2,0.5201,1.0403,56,0.4996,52,0.5105,52,1.0101,-0.5253,0.07,-2.5237,1.4763,0.0000,445.41,SUCCESS
2025-12-24T10:48:13.399050+00:00,btc-updown-15m-1766574000,TRADE,UP,ACCUM,3,3,0.4900,1.4700,59,0.4991,52,0.5105,52,1.0096,-0.4999,0.12,-3.9937,3.0063,0.0000,443.94,SUCCESS
2025-12-24T10:48:13.399351+00:00,btc-updown-15m-1766574000,TRADE,DOWN,ACCUM,2,2,0.5202,1.0403,59,0.4991,54,0.5109,54,1.0100,-0.5385,0.08,-3.0340,1.9660,0.0000,442.90,SUCCESS
2025-12-24T10:48:18.829217+00:00,btc-updown-15m-1766574000,TRADE,DOWN,ACCUM,2,2,0.5199,1.0397,59,0.4991,56,0.5112,56,1.0103,-0.5764,0.05,-2.0738,0.9262,0.0000,441.86,SUCCESS
2025-12-24T10:48:24.523699+00:00,btc-updown-15m-1766574000,TRADE,UP,ACCUM,3,3,0.4902,1.4707,62,0.4987,56,0.5112,56,1.0099,-0.5524,0.10,-3.5445,2.4555,0.0000,440.39,SUCCESS
2025-12-24T10:48:24.524292+00:00,btc-updown-15m-1766574000,TRADE,DOWN,ACCUM,2,1,0.5202,0.5202,62,0.4987,57,0.5113,57,1.0100,-0.5712,0.08,-3.0646,1.9354,0.0000,439.87,SUCCESS
2025-12-24T10:48:30.233059+00:00,btc-updown-15m-1766574000,TRADE,DOWN,ACCUM,2,2,0.5200,1.0400,62,0.4987,59,0.5116,59,1.0103,-0.6086,0.05,-2.1046,0.8954,0.0000,438.83,SUCCESS
2025-12-24T10:48:35.906248+00:00,btc-updown-15m-1766574000,TRADE,DOWN,ACCUM,2,2,0.5200,1.0401,62,0.4987,61,0.5119,61,1.0106,-0.6460,0.02,-1.1447,-0.1447,0.0000,437.79,SUCCESS
2025-12-24T11:00:05.304075+00:00,btc-updown-15m-1766574000,RESOLUTION,DOWN,BINANCE_FALLBACK_SHARED,123,123,1.0000,62.1447,62,0.4987,61,0.5119,61,1.0106,-0.6460,0.02,0.0000,0.0000,-1.1447,498.79,RESOLVED
2025-12-24T11:03:04.617889+00:00,btc-updown-15m-1766574000,TRADE,UP,ACCUM,2,2,0.8401,1.6801,2,0.8401,0,0.0000,0,0.0000,0.0000,1.00,-1.6801,0.3199,0.0000,498.32,SUCCESS
2025-12-24T11:03:04.619295+00:00,btc-updown-15m-1766574000,TRADE,DOWN,ACCUM,6,6,0.1701,1.0204,2,0.8401,6,0.1701,2,1.0101,-0.0203,0.67,-0.7006,3.2994,0.0000,497.30,SUCCESS
2025-12-24T11:03:04.876288+00:00,btc-updown-15m-1766574000,RESOLUTION,UP,BINANCE_FALLBACK_SHARED,8,8,1.0000,2.7006,2,0.8401,6,0.1701,2,1.0101,-0.0203,0.67,0.0000,0.0000,-0.7006,499.30,RESOLVED
2025-12-24T11:03:13.292719+00:00,btc-updown-15m-1766574900,TRADE,UP,ACCUM,2,2,0.5000,1.0000,2,0.5000,0,0.0000,0,0.0000,0.0000,1.00,-1.0000,1.0000,0.0000,498.30,SUCCESS
2025-12-24T11:03:13.292908+00:00,btc-updown-15m-1766574900,TRADE,DOWN,ACCUM,2,2,0.5098,1.0195,2,0.5000,2,0.5098,2,1.0098,-0.0196,0.00,-0.0196,-0.0196,0.0000,497.28,SUCCESS
2025-12-24T11:03:18.722761+00:00,btc-updown-15m-1766574900,TRADE,UP,ACCUM,2,2,0.5002,1.0005,4,0.5001,2,0.5098,2,1.0099,-0.0198,0.50,-1.0201,0.9799,0.0000,496.28,SUCCESS
2025-12-24T11:03:18.723459+00:00,btc-updown-15m-1766574900,TRADE,DOWN,ACCUM,2,2,0.5101,1.0201,4,0.5001,4,0.5099,4,1.0100,-0.0402,0.00,-0.0402,-0.0402,0.0000,495.26,SUCCESS
2025-12-24T11:03:24.309886+00:00,btc-updown-15m-1766574900,TRADE,UP,ACCUM,2,1,0.5001,0.5001,5,0.5001,4,0.5099,4,1.0100,-0.0401,0.20,-0.5403,0.4597,0.0000,494.76,SUCCESS
2025-12-24T11:03:29.949944+00:00,btc-updown-15m-1766574900,TRADE,UP,ACCUM,2,2,0.5001,1.0002,7,0.5001,4,0.5099,4,1.0100,-0.0401,0.43,-1.5404,1.4596,0.0000,493.76,SUCCESS
2025-12-24T11:03:29.950251+00:00,btc-updown-15m-1766574900,TRADE,DOWN,ACCUM,2,2,0.5101,1.0203,7,0.5001,6,0.5100,6,1.0101,-0.0606,0.14,-0.5607,0.4393,0.0000,492.74,SUCCESS
2025-12-24T11:03:35.523705+00:00,btc-updown-15m-1766574900,TRADE,UP,ACCUM,2,2,0.5002,1.0004,9,0.5001,6,0.5100,6,1.0101,-0.0607,0.33,-1.5611,1.4389,0.0000,491.74,SUCCESS
2025-12-24T11:03:35.524089+00:00,btc-updown-15m-1766574900,TRADE,DOWN,ACCUM,2,2,0.5102,1.0204,9,0.5001,8,0.5100,8,1.0102,-0.0814,0.11,-0.5815,0.4185,0.0000,490.72,SUCCESS
2025-12-24T11:03:40.923806+00:00,btc-updown-15m-1766574900,TRADE,UP,ACCUM,2,2,0.5002,1.0005,11,0.5001,8,0.5100,8,1.0102,-0.0815,0.27,-1.5820,1.4180,0.0000,489.72,SUCCESS
2025-12-24T11:03:40.925123+00:00,btc-updown-15m-1766574900,TRADE,DOWN,ACCUM,2,2,0.5101,1.0202,11,0.5001,10,0.5101,10,1.0102,-0.1020,0.09,-0.6021,0.3979,0.0000,488.70,SUCCESS
2025-12-24T11:03:46.595476+00:00,btc-updown-15m-1766574900,TRADE,UP,ACCUM,2,2,0.5001,1.0001,13,0.5001,10,0.5101,10,1.0102,-0.1019,0.23,-1.6023,1.3977,0.0000,487.70,SUCCESS
2025-12-24T11:03:52.217490+00:00,btc-updown-15m-1766574900,TRADE,UP,ACCUM,2,2,0.5001,1.0002,15,0.5001,10,0.5101,10,1.0102,-0.1018,0.33,-2.6025,2.3975,0.0000,486.70,SUCCESS
2025-12-24T11:03:52.218066+00:00,btc-updown-15m-1766574900,TRADE,DOWN,ACCUM,2,2,0.5102,1.0204,15,0.5001,12,0.5101,12,1.0102,-0.1225,0.20,-1.6228,1.3772,0.0000,485.68,SUCCESS
2025-12-24T11:03:57.600195+00:00,btc-updown-15m-1766574900,TRADE,DOWN,ACCUM,2,2,0.5102,1.0204,15,0.5001,14,0.5101,14,1.0102,-0.1431,0.07,-0.6432,0.3568,0.0000,484.66,SUCCESS
2025-12-24T11:04:03.424227+00:00,btc-updown-15m-1766574900,TRADE,DOWN,ACCUM,2,2,0.5103,1.0205,15,0.5001,16,0.5101,15,1.0102,-0.1536,0.06,-0.6637,0.3363,0.0000,483.64,SUCCESS
2025-12-24T11:15:01.228050+00:00,btc-updown-15m-1766574900,RESOLUTION,UP,BINANCE_FALLBACK_SHARED,31,31,1.0000,15.6637,15,0.5001,16,0.5101,15,1.0102,-0.1536,0.06,0.0000,0.0000,-0.6637,498.64,RESOLVED
2025-12-24T11:15:10.295692+00:00,btc-updown-15m-1766575800,TRADE,UP,ACCUM,2,2,0.5000,1.0001,2,0.5000,0,0.0000,0,0.0000,0.0000,1.00,-1.0001,0.9999,0.0000,497.64,SUCCESS
2025-12-24T11:15:10.296319+00:00,btc-updown-15m-1766575800,TRADE,DOWN,ACCUM,2,2,0.5102,1.0205,2,0.5000,2,0.5102,2,1.0103,-0.0205,0.00,-0.0205,-0.0205,0.0000,496.62,SUCCESS
2025-12-24T11:15:15.837709+00:00,btc-updown-15m-1766575800,TRADE,UP,ACCUM,2,1,0.5002,0.5002,3,0.5001,2,0.5102,2,1.0103,-0.0207,0.33,-0.5208,0.4792,0.0000,496.11,SUCCESS
2025-12-24T11:15:15.837853+00:00,btc-updown-15m-1766575800,TRADE,DOWN,ACCUM,2,2,0.5101,1.0201,3,0.5001,4,0.5101,3,1.0102,-0.0307,0.25,-0.5409,0.4591,0.0000,495.09,SUCCESS
2025-12-24T11:15:21.357297+00:00,btc-updown-15m-1766575800,TRADE,UP,ACCUM,2,2,0.4998,0.9995,5,0.5000,4,0.5101,4,1.0101,-0.0404,0.20,-0.5404,0.4596,0.0000,494.10,SUCCESS
2025-12-24T11:15:21.357453+00:00,btc-updown-15m-1766575800,TRADE,DOWN,ACCUM,2,2,0.5101,1.0203,5,0.5000,6,0.5101,5,1.0101,-0.0505,0.17,-0.5607,0.4393,0.0000,493.08,SUCCESS
2025-12-24T11:15:27.004301+00:00,btc-updown-15m-1766575800,TRADE,UP,ACCUM,2,2,0.5000,1.0001,7,0.5000,6,0.5101,6,1.0101,-0.0608,0.14,-0.5608,0.4392,0.0000,492.07,SUCCESS
2025-12-24T11:15:27.004547+00:00,btc-updown-15m-1766575800,TRADE,DOWN,ACCUM,2,2,0.5102,1.0204,7,0.5000,8,0.5102,7,1.0101,-0.0710,0.12,-0.5812,0.4188,0.0000,491.05,SUCCESS
2025-12-24T11:15:32.697510+00:00,btc-updown-15m-1766575800,TRADE,UP,ACCUM,2,2,0.5002,1.0004,9,0.5000,8,0.5102,8,1.0102,-0.0816,0.11,-0.5816,0.4184,0.0000,490.05,SUCCESS
2025-12-24T11:15:32.697903+00:00,btc-updown-15m-1766575800,TRADE,DOWN,ACCUM,2,2,0.5100,1.0201,9,0.5000,10,0.5101,9,1.0102,-0.0915,0.10,-0.6017,0.3983,0.0000,489.03,SUCCESS
2025-12-24T11:15:38.256205+00:00,btc-updown-15m-1766575800,TRADE,UP,ACCUM,2,2,0.5001,1.0003,11,0.5001,10,0.5101,10,1.0102,-0.1019,0.09,-0.6020,0.3980,0.0000,488.03,SUCCESS
2025-12-24T11:15:44.021760+00:00,btc-updown-15m-1766575800,TRADE,UP,ACCUM,2,2,0.5000,1.0000,13,0.5000,10,0.5101,10,1.0102,-0.1018,0.23,-1.6020,1.3980,0.0000,487.03,SUCCESS
2025-12-24T11:15:44.022134+00:00,btc-updown-15m-1766575800,TRADE,DOWN,ACCUM,2,2,0.5101,1.0203,13,0.5000,12,0.5101,12,1.0102,-0.1222,0.08,-0.6223,0.3777,0.0000,486.01,SUCCESS
2025-12-24T11:15:49.432184+00:00,btc-updown-15m-1766575800,TRADE,UP,ACCUM,2,2,0.5001,1.0002,15,0.5001,12,0.5101,12,1.0102,-0.1223,0.20,-1.6225,1.3775,0.0000,485.01,SUCCESS
2025-12-24T11:15:49.433794+00:00,btc-updown-15m-1766575800,TRADE,DOWN,ACCUM,2,2,0.5102,1.0205,15,0.5001,14,0.5102,14,1.0102,-0.1429,0.07,-0.6429,0.3571,0.0000,483.99,SUCCESS
2025-12-24T11:15:54.948150+00:00,btc-updown-15m-1766575800,TRADE,DOWN,ACCUM,2,2,0.5101,1.0202,15,0.5001,16,0.5101,15,1.0102,-0.1530,0.06,-0.6632,0.3368,0.0000,482.97,SUCCESS
2025-12-24T11:30:01.936115+00:00,btc-updown-15m-1766575800,RESOLUTION,DOWN,BINANCE_FALLBACK_SHARED,31,31,1.0000,15.6632,15,0.5001,16,0.5101,15,1.0102,-0.1530,0.06,0.0000,0.0000,0.3368,498.97,RESOLVED
2025-12-24T11:30:10.975422+00:00,btc-updown-15m-1766576700,TRADE,UP,ACCUM,2,2,0.5002,1.0003,2,0.5002,0,0.0000,0,0.0000,0.0000,1.00,-1.0003,0.9997,0.0000,497.97,SUCCESS
2025-12-24T11:30:10.976576+00:00,btc-updown-15m-1766576700,TRADE,DOWN,ACCUM,2,2,0.5102,1.0203,2,0.5002,2,0.5102,2,1.0103,-0.0206,0.00,-0.0206,-0.0206,0.0000,496.95,SUCCESS
2025-12-24T11:30:16.386133+00:00,btc-updown-15m-1766576700,TRADE,UP,ACCUM,2,2,0.5002,1.0003,4,0.5002,2,0.5102,2,1.0103,-0.0206,0.50,-1.0210,0.9790,0.0000,495.95,SUCCESS
2025-12-24T11:30:16.386641+00:00,btc-updown-15m-1766576700,TRADE,DOWN,ACCUM,2,2,0.5101,1.0203,4,0.5002,4,0.5101,4,1.0103,-0.0413,0.00,-0.0413,-0.0413,0.0000,494.93,SUCCESS
2025-12-24T11:30:21.804999+00:00,btc-updown-15m-1766576700,TRADE,UP,ACCUM,2,2,0.5000,1.0000,6,0.5001,4,0.5101,4,1.0103,-0.0410,0.33,-1.0413,0.9587,0.0000,493.93,SUCCESS
2025-12-24T11:30:21.805409+00:00,btc-updown-15m-1766576700,TRADE,DOWN,ACCUM,2,2,0.5100,1.0201,6,0.5001,6,0.5101,6,1.0102,-0.0614,0.00,-0.0614,-0.0614,0.0000,492.91,SUCCESS
2025-12-24T11:30:27.225422+00:00,btc-updown-15m-1766576700,TRADE,UP,ACCUM,2,2,0.5002,1.0005,8,0.5001,6,0.5101,6,1.0103,-0.0615,0.25,-1.0618,0.9382,0.0000,491.91,SUCCESS
2025-12-24T11:30:27.225951+00:00,btc-updown-15m-1766576700,TRADE,DOWN,ACCUM,2,2,0.5101,1.0201,8,0.5001,8,0.5101,8,1.0102,-0.0819,0.00,-0.0819,-0.0819,0.0000,490.89,SUCCESS
2025-12-24T11:30:32.754763+00:00,btc-updown-15m-1766576700,TRADE,UP,ACCUM,2,2,0.5000,1.0001,10,0.5001,8,0.5101,8,1.0102,-0.0818,0.20,-1.0820,0.9180,0.0000,489.89,SUCCESS
2025-12-24T11:30:32.755600+00:00,btc-updown-15m-1766576700,TRADE,DOWN,ACCUM,2,2,0.5101,1.0202,10,0.5001,10,0.5101,10,1.0102,-0.1022,0.00,-0.1022,-0.1022,0.0000,488.87,SUCCESS
2025-12-24T11:30:38.275711+00:00,btc-updown-15m-1766576700,TRADE,UP,ACCUM,2,2,0.5001,1.0002,12,0.5001,10,0.5101,10,1.0102,-0.1022,0.17,-1.1024,0.8976,0.0000,487.87,SUCCESS
2025-12-24T11:30:38.276134+00:00,btc-updown-15m-1766576700,TRADE,DOWN,ACCUM,2,2,0.5100,1.0201,12,0.5001,12,0.5101,12,1.0102,-0.1225,0.00,-0.1225,-0.1225,0.0000,486.85,SUCCESS
2025-12-24T11:30:43.777366+00:00,btc-updown-15m-1766576700,TRADE,UP,ACCUM,2,2,0.5001,1.0002,14,0.5001,12,0.5101,12,1.0102,-0.1224,0.14,-1.1227,0.8773,0.0000,485.85,SUCCESS
2025-12-24T11:30:43.778035+00:00,btc-updown-15m-1766576700,TRADE,DOWN,ACCUM,2,2,0.5102,1.0204,14,0.5001,14,0.5101,14,1.0102,-0.1431,0.00,-0.1431,-0.1431,0.0000,484.83,SUCCESS
2025-12-24T11:30:49.451982+00:00,btc-updown-15m-1766576700,TRADE,UP,ACCUM,2,2,0.5002,1.0004,16,0.5001,14,0.5101,14,1.0102,-0.1432,0.12,-1.1435,0.8565,0.0000,483.83,SUCCESS
2025-12-24T11:30:49.452620+00:00,btc-updown-15m-1766576700,TRADE,DOWN,ACCUM,2,2,0.5101,1.0203,16,0.5001,16,0.5101,16,1.0102,-0.1637,0.00,-0.1637,-0.1637,0.0000,482.81,SUCCESS
2025-12-24T11:45:15.251869+00:00,btc-updown-15m-1766576700,TRADE,DOWN,ACCUM,6,6,0.5701,3.4205,0,0.0000,6,0.5701,0,0.0000,0.0000,1.00,-3.4205,2.5795,0.0000,496.58,SUCCESS
2025-12-24T11:45:16.651120+00:00,btc-updown-15m-1766576700,RESOLUTION,UP,BINANCE_FALLBACK_SHARED,6,6,1.0000,3.4205,0,0.0000,6,0.5701,0,0.0000,0.0000,1.00,0.0000,0.0000,-3.4205,496.58,RESOLVED
2025-12-24T11:45:26.089073+00:00,btc-updown-15m-1766577600,TRADE,UP,ACCUM,6,6,0.5001,3.0007,6,0.5001,0,0.0000,0,0.0000,0.0000,1.00,-3.0007,2.9993,0.0000,493.58,SUCCESS
2025-12-24T11:45:26.089613+00:00,btc-updown-15m-1766577600,TRADE,DOWN,ACCUM,6,6,0.5100,3.0600,6,0.5001,6,0.5100,6,1.0101,-0.0607,0.00,-0.0607,-0.0607,0.0000,490.52,SUCCESS
2025-12-24T11:45:32.005290+00:00,btc-updown-15m-1766577600,TRADE,DOWN,ACCUM,5,5,0.5102,2.5512,6,0.5001,11,0.5101,6,1.0102,-0.0613,0.45,-2.6119,2.3881,0.0000,487.97,SUCCESS
2025-12-24T11:45:38.057081+00:00,btc-updown-15m-1766577600,TRADE,UP,ACCUM,5,5,0.5002,2.5010,11,0.5001,11,0.5101,11,1.0103,-0.1128,0.00,-0.1128,-0.1128,0.0000,485.47,SUCCESS
2025-12-24T11:45:38.057416+00:00,btc-updown-15m-1766577600,TRADE,DOWN,ACCUM,4,4,0.5101,2.0402,11,0.5001,15,0.5101,11,1.0102,-0.1127,0.27,-2.1531,1.8469,0.0000,483.43,SUCCESS
2025-12-24T11:45:43.626781+00:00,btc-updown-15m-1766577600,TRADE,UP,ACCUM,4,4,0.5001,2.0003,15,0.5001,15,0.5101,15,1.0102,-0.1533,0.00,-0.1533,-0.1533,0.0000,481.43,SUCCESS
2025-12-24T11:45:43.627684+00:00,btc-updown-15m-1766577600,TRADE,DOWN,ACCUM,4,4,0.5102,2.0409,15,0.5001,19,0.5101,15,1.0102,-0.1537,0.21,-2.1942,1.8058,0.0000,479.39,SUCCESS
2025-12-24T11:45:49.143841+00:00,btc-updown-15m-1766577600,TRADE,UP,ACCUM,4,4,0.5002,2.0006,19,0.5001,19,0.5101,19,1.0103,-0.1948,0.00,-0.1948,-0.1948,0.0000,477.38,SUCCESS
2025-12-24T11:45:49.144539+00:00,btc-updown-15m-1766577600,TRADE,DOWN,ACCUM,4,2,0.5102,1.0204,19,0.5001,21,0.5101,19,1.0103,-0.1950,0.10,-1.2152,0.7848,0.0000,476.36,SUCCESS
2025-12-24T11:45:54.568321+00:00,btc-updown-15m-1766577600,TRADE,UP,ACCUM,4,4,0.5002,2.0009,23,0.5002,21,0.5101,21,1.0103,-0.2159,0.09,-1.2162,0.7838,0.0000,474.36,SUCCESS
2025-12-24T11:45:54.568946+00:00,btc-updown-15m-1766577600,TRADE,DOWN,ACCUM,3,3,0.5102,1.5307,23,0.5002,24,0.5101,23,1.0103,-0.2368,0.04,-0.7469,0.2531,0.0000,472.83,SUCCESS
2025-12-24T11:46:00.000724+00:00,btc-updown-15m-1766577600,TRADE,UP,ACCUM,3,3,0.5002,1.5007,26,0.5002,24,0.5101,24,1.0103,-0.2473,0.08,-1.2476,0.7524,0.0000,471.33,SUCCESS
2025-12-24T11:46:00.002312+00:00,btc-updown-15m-1766577600,TRADE,DOWN,ACCUM,3,3,0.5101,1.5302,26,0.5002,27,0.5101,26,1.0103,-0.2677,0.04,-0.7778,0.2222,0.0000,469.80,SUCCESS
2025-12-24T11:46:05.537065+00:00,btc-updown-15m-1766577600,TRADE,UP,ACCUM,3,3,0.5002,1.5005,29,0.5002,27,0.5101,27,1.0103,-0.2780,0.07,-1.2783,0.7217,0.0000,468.30,SUCCESS
2025-12-24T11:46:05.537894+00:00,btc-updown-15m-1766577600,TRADE,DOWN,ACCUM,3,3,0.5101,1.5302,29,0.5002,30,0.5101,29,1.0103,-0.2983,0.03,-0.8084,0.1916,0.0000,466.77,SUCCESS
2025-12-24T11:46:11.064537+00:00,btc-updown-15m-1766577600,TRADE,UP,ACCUM,3,3,0.5001,1.5003,32,0.5002,30,0.5101,30,1.0103,-0.3085,0.06,-1.3088,0.6912,0.0000,465.27,SUCCESS
2025-12-24T11:46:11.064925+00:00,btc-updown-15m-1766577600,TRADE,DOWN,ACCUM,3,3,0.5102,1.5305,32,0.5002,33,0.5101,32,1.0103,-0.3291,0.03,-0.8393,0.1607,0.0000,463.74,SUCCESS
2025-12-24T11:46:16.581963+00:00,btc-updown-15m-1766577600,TRADE,UP,ACCUM,2,1,0.5002,0.5002,33,0.5002,33,0.5101,33,1.0103,-0.3394,0.00,-0.3394,-0.3394,0.0000,463.24,SUCCESS
2025-12-24T11:46:16.583154+00:00,btc-updown-15m-1766577600,TRADE,DOWN,ACCUM,2,2,0.5101,1.0201,33,0.5002,35,0.5101,33,1.0103,-0.3393,0.06,-1.3595,0.6405,0.0000,462.22,SUCCESS
2025-12-24T11:46:22.119089+00:00,btc-updown-15m-1766577600,TRADE,UP,ACCUM,2,1,0.5002,0.5002,34,0.5002,35,0.5101,34,1.0103,-0.3496,0.03,-0.8597,0.1403,0.0000,461.72,SUCCESS
2025-12-24T11:46:27.519633+00:00,btc-updown-15m-1766577600,TRADE,DOWN,ACCUM,2,2,0.5103,1.0205,34,0.5002,37,0.5101,34,1.0103,-0.3498,0.08,-1.8802,1.1198,0.0000,460.70,SUCCESS
2025-12-24T11:46:33.035687+00:00,btc-updown-15m-1766577600,TRADE,UP,ACCUM,2,1,0.5002,0.5002,35,0.5002,37,0.5101,35,1.0103,-0.3602,0.05,-1.3804,0.6196,0.0000,460.20,SUCCESS
2025-12-24T11:46:33.037515+00:00,btc-updown-15m-1766577600,TRADE,DOWN,ACCUM,2,2,0.5100,1.0201,35,0.5002,39,0.5101,35,1.0103,-0.3600,0.10,-2.4005,1.5995,0.0000,459.18,SUCCESS
2025-12-24T11:46:38.666816+00:00,btc-updown-15m-1766577600,TRADE,UP,ACCUM,2,2,0.5002,1.0004,37,0.5002,39,0.5101,37,1.0103,-0.3807,0.05,-1.4009,0.5991,0.0000,458.18,SUCCESS
2025-12-24T11:46:38.667255+00:00,btc-updown-15m-1766577600,TRADE,DOWN,ACCUM,2,2,0.5102,1.0204,37,0.5002,41,0.5101,37,1.0103,-0.3808,0.10,-2.4213,1.5787,0.0000,457.16,SUCCESS
2025-12-24T11:46:44.072687+00:00,btc-updown-15m-1766577600,TRADE,UP,ACCUM,2,2,0.5002,1.0004,39,0.5002,41,0.5101,39,1.0103,-0.4015,0.05,-1.4217,0.5783,0.0000,456.16,SUCCESS
2025-12-24T11:46:44.073094+00:00,btc-updown-15m-1766577600,TRADE,DOWN,ACCUM,2,2,0.5101,1.0203,39,0.5002,43,0.5101,39,1.0103,-0.4015,0.09,-2.4420,1.5580,0.0000,455.14,SUCCESS
2025-12-24T11:46:49.715624+00:00,btc-updown-15m-1766577600,TRADE,UP,ACCUM,2,2,0.5000,1.0001,41,0.5002,43,0.5101,41,1.0103,-0.4218,0.05,-1.4421,0.5579,0.0000,454.14,SUCCESS
2025-12-24T11:46:49.716746+00:00,btc-updown-15m-1766577600,TRADE,DOWN,ACCUM,2,1,0.5102,0.5102,41,0.5002,44,0.5101,41,1.0103,-0.4219,0.07,-1.9523,1.0477,0.0000,453.63,SUCCESS
2025-12-24T11:46:55.221919+00:00,btc-updown-15m-1766577600,TRADE,UP,ACCUM,2,2,0.5002,1.0004,43,0.5002,44,0.5101,43,1.0103,-0.4426,0.02,-0.9527,0.0473,0.0000,452.63,SUCCESS
2025-12-24T11:46:55.222888+00:00,btc-updown-15m-1766577600,TRADE,DOWN,ACCUM,2,2,0.5101,1.0202,43,0.5002,46,0.5101,43,1.0103,-0.4425,0.07,-1.9729,1.0271,0.0000,451.61,SUCCESS
2025-12-24T11:47:00.816634+00:00,btc-updown-15m-1766577600,TRADE,UP,ACCUM,2,2,0.5002,1.0004,45,0.5002,46,0.5101,45,1.0103,-0.4632,0.02,-0.9733,0.0267,0.0000,450.61,SUCCESS
2025-12-24T11:47:00.819049+00:00,btc-updown-15m-1766577600,TRADE,DOWN,ACCUM,2,2,0.5102,1.0204,45,0.5002,48,0.5101,45,1.0103,-0.4633,0.06,-1.9937,1.0063,0.0000,449.59,SUCCESS
2025-12-24T11:47:06.260011+00:00,btc-updown-15m-1766577600,TRADE,UP,ACCUM,2,2,0.5002,1.0004,47,0.5002,48,0.5101,47,1.0103,-0.4840,0.02,-0.9941,0.0059,0.0000,448.59,SUCCESS
2025-12-24T11:47:06.261776+00:00,btc-updown-15m-1766577600,TRADE,DOWN,ACCUM,2,2,0.5102,1.0205,47,0.5002,50,0.5101,47,1.0103,-0.4841,0.06,-2.0146,0.9854,0.0000,447.56,SUCCESS
2025-12-24T11:47:11.703484+00:00,btc-updown-15m-1766577600,TRADE,DOWN,ACCUM,2,2,0.5101,1.0202,47,0.5002,52,0.5101,47,1.0103,-0.4841,0.10,-3.0348,1.9652,0.0000,446.54,SUCCESS
2025-12-24T11:47:17.102493+00:00,btc-updown-15m-1766577600,TRADE,DOWN,ACCUM,2,2,0.5202,1.0404,47,0.5002,54,0.5105,47,1.0107,-0.5016,0.13,-4.0752,2.9248,0.0000,445.50,SUCCESS
2025-12-24T11:47:22.493348+00:00,btc-updown-15m-1766577600,TRADE,UP,ACCUM,3,3,0.4901,1.4702,50,0.4996,54,0.5105,50,1.0101,-0.5034,0.07,-2.5454,1.4546,0.0000,444.03,SUCCESS
2025-12-24T11:47:22.494959+00:00,btc-updown-15m-1766577600,TRADE,DOWN,ACCUM,2,2,0.5202,1.0403,50,0.4996,56,0.5109,50,1.0104,-0.5206,0.11,-3.5857,2.4143,0.0000,442.99,SUCCESS
2025-12-24T11:47:28.052150+00:00,btc-updown-15m-1766577600,TRADE,UP,ACCUM,3,3,0.4901,1.4703,53,0.4990,56,0.5109,53,1.0099,-0.5235,0.05,-2.0560,0.9440,0.0000,441.52,SUCCESS
2025-12-24T11:47:33.564436+00:00,btc-updown-15m-1766577600,TRADE,DOWN,ACCUM,2,2,0.5201,1.0402,53,0.4990,58,0.5112,53,1.0102,-0.5403,0.09,-3.0962,1.9038,0.0000,440.48,SUCCESS
2025-12-24T11:47:38.953462+00:00,btc-updown-15m-1766577600,TRADE,UP,ACCUM,3,3,0.4900,1.4701,56,0.4985,58,0.5112,56,1.0097,-0.5440,0.03,-1.5663,0.4337,0.0000,439.01,SUCCESS
2025-12-24T11:47:38.953928+00:00,btc-updown-15m-1766577600,TRADE,DOWN,ACCUM,2,2,0.5202,1.0404,56,0.4985,60,0.5115,56,1.0100,-0.5608,0.07,-2.6067,1.3933,0.0000,437.97,SUCCESS
2025-12-24T11:47:44.364571+00:00,btc-updown-15m-1766577600,TRADE,UP,ACCUM,3,3,0.4901,1.4704,59,0.4981,60,0.5115,59,1.0096,-0.5656,0.02,-1.0771,-0.0771,0.0000,436.50,SUCCESS
2025-12-24T11:47:49.771531+00:00,btc-updown-15m-1766577600,TRADE,UP,ACCUM,3,3,0.4900,1.4700,62,0.4977,60,0.5115,60,1.0092,-0.5517,0.03,-1.5471,0.4529,0.0000,435.03,SUCCESS
2025-12-24T12:00:01.232276+00:00,btc-updown-15m-1766577600,RESOLUTION,DOWN,BINANCE_FALLBACK_SHARED,122,122,1.0000,61.5471,62,0.4977,60,0.5115,60,1.0092,-0.5517,0.03,0.0000,0.0000,-1.5471,495.03,RESOLVED
2025-12-24T12:00:10.145642+00:00,btc-updown-15m-1766578500,TRADE,UP,ACCUM,6,6,0.5102,3.0610,6,0.5102,0,0.0000,0,0.0000,0.0000,1.00,-3.0610,2.9390,0.0000,491.97,SUCCESS
2025-12-24T12:05:42.131601+00:00,btc-updown-15m-1766577600,TRADE,UP,ACCUM,9,6,0.2000,1.2002,6,0.2000,0,0.0000,0,0.0000,0.0000,1.00,-1.2002,4.7998,0.0000,498.80,SUCCESS
2025-12-24T12:05:42.132243+00:00,btc-updown-15m-1766577600,TRADE,DOWN,ACCUM,3,3,0.8102,2.4306,6,0.2000,3,0.8102,3,1.0102,-0.0307,0.50,-0.6308,2.3692,0.0000,496.37,SUCCESS
2025-12-24T12:05:42.406349+00:00,btc-updown-15m-1766577600,RESOLUTION,DOWN,BINANCE_FALLBACK_SHARED,9,9,1.0000,3.6308,6,0.2000,3,0.8102,3,1.0102,-0.0307,0.50,0.0000,0.0000,-0.6308,499.37,RESOLVED
2025-12-24T12:05:50.716835+00:00,btc-updown-15m-1766578500,TRADE,UP,ACCUM,6,6,0.5102,3.0611,6,0.5102,0,0.0000,0,0.0000,0.0000,1.00,-3.0611,2.9389,0.0000,496.31,SUCCESS
2025-12-24T12:05:50.717020+00:00,btc-updown-15m-1766578500,TRADE,DOWN,ACCUM,6,6,0.5001,3.0008,6,0.5102,6,0.5001,6,1.0103,-0.0619,0.00,-0.0619,-0.0619,0.0000,493.31,SUCCESS
2025-12-24T12:05:56.231371+00:00,btc-updown-15m-1766578500,TRADE,UP,ACCUM,5,5,0.5102,2.5512,11,0.5102,6,0.5001,6,1.0103,-0.0620,0.45,-2.6131,2.3869,0.0000,490.76,SUCCESS
2025-12-24T12:05:56.231717+00:00,btc-updown-15m-1766578500,TRADE,DOWN,ACCUM,5,5,0.5002,2.5012,11,0.5102,11,0.5002,11,1.0104,-0.1143,0.00,-0.1143,-0.1143,0.0000,488.25,SUCCESS
2025-12-24T12:06:01.624951+00:00,btc-updown-15m-1766578500,TRADE,UP,ACCUM,4,4,0.5102,2.0408,15,0.5102,11,0.5002,11,1.0104,-0.1143,0.27,-2.1551,1.8449,0.0000,486.21,SUCCESS
2025-12-24T12:06:01.625550+00:00,btc-updown-15m-1766578500,TRADE,DOWN,ACCUM,4,4,0.5001,2.0006,15,0.5102,15,0.5002,15,1.0104,-0.1557,0.00,-0.1557,-0.1557,0.0000,484.21,SUCCESS
2025-12-24T12:06:07.164532+00:00,btc-updown-15m-1766578500,TRADE,UP,ACCUM,4,4,0.5101,2.0403,19,0.5102,15,0.5002,15,1.0104,-0.1553,0.21,-2.1960,1.8040,0.0000,482.17,SUCCESS
2025-12-24T12:06:07.165082+00:00,btc-updown-15m-1766578500,TRADE,DOWN,ACCUM,4,4,0.5001,2.0005,19,0.5102,19,0.5002,19,1.0103,-0.1965,0.00,-0.1965,-0.1965,0.0000,480.17,SUCCESS
2025-12-24T12:06:12.786659+00:00,btc-updown-15m-1766578500,TRADE,DOWN,ACCUM,4,4,0.5002,2.0009,19,0.5102,23,0.5002,19,1.0104,-0.1967,0.17,-2.1975,1.8025,0.0000,478.17,SUCCESS
2025-12-24T12:06:18.410124+00:00,btc-updown-15m-1766578500,TRADE,UP,ACCUM,4,4,0.5102,2.0409,23,0.5102,23,0.5002,23,1.0104,-0.2383,0.00,-0.2383,-0.2383,0.0000,476.13,SUCCESS
2025-12-24T12:06:18.410559+00:00,btc-updown-15m-1766578500,TRADE,DOWN,ACCUM,3,3,0.5000,1.5001,23,0.5102,26,0.5002,23,1.0103,-0.2379,0.12,-1.7384,1.2616,0.0000,474.63,SUCCESS
2025-12-24T12:06:23.820065+00:00,btc-updown-15m-1766578500,TRADE,UP,ACCUM,3,3,0.5102,1.5307,26,0.5102,26,0.5002,26,1.0103,-0.2691,0.00,-0.2691,-0.2691,0.0000,473.10,SUCCESS
2025-12-24T12:06:29.434825+00:00,btc-updown-15m-1766578500,TRADE,UP,ACCUM,3,3,0.5101,1.5303,29,0.5102,26,0.5002,26,1.0103,-0.2688,0.10,-1.7994,1.2006,0.0000,471.57,SUCCESS
2025-12-24T12:06:29.435297+00:00,btc-updown-15m-1766578500,TRADE,DOWN,ACCUM,3,3,0.5001,1.5002,29,0.5102,29,0.5001,29,1.0103,-0.2996,0.00,-0.2996,-0.2996,0.0000,470.07,SUCCESS
2025-12-24T12:06:34.949463+00:00,btc-updown-15m-1766578500,TRADE,UP,ACCUM,3,3,0.5103,1.5308,32,0.5102,29,0.5001,29,1.0103,-0.2998,0.09,-1.8304,1.1696,0.0000,468.54,SUCCESS
2025-12-24T12:06:40.486549+00:00,btc-updown-15m-1766578500,TRADE,UP,ACCUM,2,2,0.5101,1.0202,34,0.5102,29,0.5001,29,1.0103,-0.2996,0.15,-2.8506,2.1494,0.0000,467.52,SUCCESS
2025-12-24T12:06:40.487141+00:00,btc-updown-15m-1766578500,TRADE,DOWN,ACCUM,3,3,0.5001,1.5004,34,0.5102,32,0.5001,32,1.0103,-0.3306,0.06,-1.3510,0.6490,0.0000,466.02,SUCCESS
2025-12-24T12:06:45.891456+00:00,btc-updown-15m-1766578500,TRADE,UP,ACCUM,2,2,0.5100,1.0200,36,0.5102,32,0.5001,32,1.0103,-0.3303,0.11,-2.3710,1.6290,0.0000,465.00,SUCCESS
2025-12-24T12:06:45.891870+00:00,btc-updown-15m-1766578500,TRADE,DOWN,ACCUM,2,2,0.5002,1.0004,36,0.5102,34,0.5002,34,1.0103,-0.3511,0.06,-1.3714,0.6286,0.0000,464.00,SUCCESS
2025-12-24T12:06:51.393638+00:00,btc-updown-15m-1766578500,TRADE,UP,ACCUM,2,2,0.5102,1.0203,38,0.5102,34,0.5002,34,1.0103,-0.3510,0.11,-2.3917,1.6083,0.0000,462.98,SUCCESS
2025-12-24T12:06:51.394607+00:00,btc-updown-15m-1766578500,TRADE,DOWN,ACCUM,2,2,0.5000,1.0000,38,0.5102,36,0.5001,36,1.0103,-0.3714,0.05,-1.3917,0.6083,0.0000,461.98,SUCCESS
2025-12-24T12:06:56.927862+00:00,btc-updown-15m-1766578500,TRADE,UP,ACCUM,2,2,0.5101,1.0202,40,0.5102,36,0.5001,36,1.0103,-0.3712,0.10,-2.4119,1.5881,0.0000,460.96,SUCCESS
2025-12-24T12:06:56.928819+00:00,btc-updown-15m-1766578500,TRADE,DOWN,ACCUM,2,2,0.5001,1.0002,40,0.5102,38,0.5001,38,1.0103,-0.3918,0.05,-1.4121,0.5879,0.0000,459.96,SUCCESS
2025-12-24T12:07:02.461057+00:00,btc-updown-15m-1766578500,TRADE,UP,ACCUM,2,2,0.5101,1.0202,42,0.5102,38,0.5001,38,1.0103,-0.3916,0.10,-2.4323,1.5677,0.0000,458.94,SUCCESS
2025-12-24T12:07:02.462770+00:00,btc-updown-15m-1766578500,TRADE,DOWN,ACCUM,2,2,0.5002,1.0003,42,0.5102,40,0.5001,40,1.0103,-0.4123,0.05,-1.4326,0.5674,0.0000,457.94,SUCCESS
2025-12-24T12:07:08.073783+00:00,btc-updown-15m-1766578500,TRADE,UP,ACCUM,2,2,0.5102,1.0205,44,0.5102,40,0.5001,40,1.0103,-0.4124,0.09,-2.4531,1.5469,0.0000,456.92,SUCCESS
2025-12-24T12:07:08.074133+00:00,btc-updown-15m-1766578500,TRADE,DOWN,ACCUM,2,2,0.5002,1.0004,44,0.5102,42,0.5001,42,1.0103,-0.4331,0.05,-1.4535,0.5465,0.0000,455.92,SUCCESS
2025-12-24T12:07:13.712263+00:00,btc-updown-15m-1766578500,TRADE,UP,ACCUM,2,2,0.5101,1.0202,46,0.5102,42,0.5001,42,1.0103,-0.4330,0.09,-2.4737,1.5263,0.0000,454.90,SUCCESS
2025-12-24T12:07:13.713612+00:00,btc-updown-15m-1766578500,TRADE,DOWN,ACCUM,2,2,0.5001,1.0002,46,0.5102,44,0.5001,44,1.0103,-0.4536,0.04,-1.4739,0.5261,0.0000,453.90,SUCCESS
2025-12-24T12:07:19.112341+00:00,btc-updown-15m-1766578500,TRADE,UP,ACCUM,2,2,0.5101,1.0203,48,0.5102,44,0.5001,44,1.0103,-0.4535,0.08,-2.4942,1.5058,0.0000,452.88,SUCCESS
2025-12-24T12:07:24.881984+00:00,btc-updown-15m-1766578500,TRADE,UP,ACCUM,2,2,0.5102,1.0204,50,0.5102,44,0.5001,44,1.0103,-0.4536,0.12,-3.5146,2.4854,0.0000,451.85,SUCCESS
2025-12-24T12:07:30.386715+00:00,btc-updown-15m-1766578500,TRADE,UP,ACCUM,2,2,0.5100,1.0200,52,0.5102,44,0.5001,44,1.0103,-0.4533,0.15,-4.5346,3.4654,0.0000,450.83,SUCCESS
2025-12-24T12:07:30.387807+00:00,btc-updown-15m-1766578500,TRADE,DOWN,ACCUM,2,2,0.5002,1.0005,52,0.5102,46,0.5001,46,1.0103,-0.4741,0.12,-3.5351,2.4649,0.0000,449.83,SUCCESS
2025-12-24T12:07:35.796447+00:00,btc-updown-15m-1766578500,TRADE,UP,ACCUM,2,2,0.5103,1.0205,54,0.5102,46,0.5001,46,1.0103,-0.4743,0.15,-4.5556,3.4444,0.0000,448.81,SUCCESS
2025-12-24T12:07:35.796860+00:00,btc-updown-15m-1766578500,TRADE,DOWN,ACCUM,2,1,0.5002,0.5002,54,0.5102,47,0.5001,47,1.0103,-0.4846,0.13,-4.0558,2.9442,0.0000,448.31,SUCCESS
2025-12-24T12:07:41.335961+00:00,btc-updown-15m-1766578500,TRADE,UP,ACCUM,2,2,0.5101,1.0202,56,0.5102,47,0.5001,47,1.0103,-0.4845,0.16,-5.0759,3.9241,0.0000,447.29,SUCCESS
2025-12-24T12:07:41.336315+00:00,btc-updown-15m-1766578500,TRADE,DOWN,ACCUM,2,2,0.5002,1.0004,56,0.5102,49,0.5002,49,1.0103,-0.5052,0.12,-4.0763,2.9237,0.0000,446.29,SUCCESS
2025-12-24T12:07:46.842206+00:00,btc-updown-15m-1766578500,TRADE,UP,ACCUM,2,2,0.5099,1.0198,58,0.5102,49,0.5002,49,1.0103,-0.5047,0.16,-5.0961,3.9039,0.0000,445.27,SUCCESS
2025-12-24T12:07:46.843334+00:00,btc-updown-15m-1766578500,TRADE,DOWN,ACCUM,2,1,0.5002,0.5002,58,0.5102,50,0.5002,50,1.0103,-0.5151,0.14,-4.5963,3.4037,0.0000,444.77,SUCCESS
2025-12-24T12:07:52.251549+00:00,btc-updown-15m-1766578500,TRADE,UP,ACCUM,2,2,0.5101,1.0202,60,0.5101,50,0.5002,50,1.0103,-0.5150,0.17,-5.6165,4.3835,0.0000,443.75,SUCCESS
2025-12-24T12:07:52.253082+00:00,btc-updown-15m-1766578500,TRADE,DOWN,ACCUM,2,2,0.5000,1.0001,60,0.5101,52,0.5001,52,1.0103,-0.5354,0.13,-4.6166,3.3834,0.0000,442.75,SUCCESS
2025-12-24T12:07:57.684625+00:00,btc-updown-15m-1766578500,TRADE,DOWN,ACCUM,2,2,0.5002,1.0004,60,0.5101,54,0.5001,54,1.0103,-0.5561,0.10,-3.6170,2.3830,0.0000,441.75,SUCCESS
2025-12-24T12:08:03.195198+00:00,btc-updown-15m-1766578500,TRADE,DOWN,ACCUM,2,2,0.5001,1.0002,60,0.5101,56,0.5001,56,1.0103,-0.5765,0.07,-2.6171,1.3829,0.0000,440.75,SUCCESS
2025-12-24T12:08:08.589613+00:00,btc-updown-15m-1766578500,TRADE,DOWN,ACCUM,2,2,0.5000,1.0001,60,0.5101,58,0.5001,58,1.0103,-0.5969,0.03,-1.6172,0.3828,0.0000,439.75,SUCCESS
2025-12-24T12:08:14.136715+00:00,btc-updown-15m-1766578500,TRADE,DOWN,ACCUM,2,2,0.5002,1.0005,60,0.5101,60,0.5001,60,1.0103,-0.6177,0.00,-0.6177,-0.6177,0.0000,438.75,SUCCESS
2025-12-24T12:15:04.443203+00:00,btc-updown-15m-1766578500,RESOLUTION,UP,BINANCE_FALLBACK_SHARED,120,120,1.0000,60.6177,60,0.5101,60,0.5001,60,1.0103,-0.6177,0.00,0.0000,0.0000,-0.6177,498.75,RESOLVED
2025-12-24T12:15:12.371241+00:00,btc-updown-15m-1766579400,TRADE,UP,ACCUM,6,6,0.4998,2.9989,6,0.4998,0,0.0000,0,0.0000,0.0000,1.00,-2.9989,3.0011,0.0000,495.75,SUCCESS
2025-12-24T12:15:12.371690+00:00,btc-updown-15m-1766579400,TRADE,DOWN,ACCUM,6,6,0.5102,3.0611,6,0.4998,6,0.5102,6,1.0100,-0.0600,0.00,-0.0600,-0.0600,0.0000,492.69,SUCCESS
2025-12-24T12:15:18.027653+00:00,btc-updown-15m-1766579400,TRADE,UP,ACCUM,5,5,0.5002,2.5010,11,0.5000,6,0.5102,6,1.0102,-0.0611,0.45,-2.5610,2.4390,0.0000,490.19,SUCCESS
2025-12-24T12:15:18.028174+00:00,btc-updown-15m-1766579400,TRADE,DOWN,ACCUM,5,5,0.5102,2.5512,11,0.5000,11,0.5102,11,1.0102,-0.1122,0.00,-0.1122,-0.1122,0.0000,487.64,SUCCESS
2025-12-24T12:15:23.548438+00:00,btc-updown-15m-1766579400,TRADE,UP,ACCUM,4,4,0.5001,2.0003,15,0.5000,11,0.5102,11,1.0102,-0.1125,0.27,-2.1125,1.8875,0.0000,485.64,SUCCESS
2025-12-24T12:15:23.548721+00:00,btc-updown-15m-1766579400,TRADE,DOWN,ACCUM,4,4,0.5100,2.0400,15,0.5000,15,0.5101,15,1.0102,-0.1525,0.00,-0.1525,-0.1525,0.0000,483.60,SUCCESS
2025-12-24T12:15:29.054437+00:00,btc-updown-15m-1766579400,TRADE,UP,ACCUM,4,4,0.5002,2.0009,19,0.5001,15,0.5101,15,1.0102,-0.1532,0.21,-2.1535,1.8465,0.0000,481.60,SUCCESS
2025-12-24T12:15:34.593149+00:00,btc-updown-15m-1766579400,TRADE,UP,ACCUM,4,4,0.5000,2.0001,23,0.5001,15,0.5101,15,1.0102,-0.1531,0.35,-4.1535,3.8465,0.0000,479.60,SUCCESS
2025-12-24T12:15:34.594104+00:00,btc-updown-15m-1766579400,TRADE,DOWN,ACCUM,4,4,0.5102,2.0407,23,0.5001,19,0.5102,19,1.0102,-0.1940,0.17,-2.1942,1.8058,0.0000,477.56,SUCCESS
2025-12-24T12:15:40.227532+00:00,btc-updown-15m-1766579400,TRADE,UP,ACCUM,3,1,0.5001,0.5001,24,0.5001,19,0.5102,19,1.0102,-0.1940,0.21,-2.6943,2.3057,0.0000,477.06,SUCCESS
2025-12-24T12:15:40.228741+00:00,btc-updown-15m-1766579400,TRADE,DOWN,ACCUM,4,3,0.5099,1.5298,24,0.5001,22,0.5101,22,1.0102,-0.2239,0.08,-1.2241,0.7759,0.0000,475.53,SUCCESS
2025-12-24T12:15:45.723937+00:00,btc-updown-15m-1766579400,TRADE,UP,ACCUM,3,3,0.5002,1.5006,27,0.5001,22,0.5101,22,1.0102,-0.2243,0.19,-2.7247,2.2753,0.0000,474.03,SUCCESS
2025-12-24T12:15:45.724979+00:00,btc-updown-15m-1766579400,TRADE,DOWN,ACCUM,3,3,0.5101,1.5304,27,0.5001,25,0.5101,25,1.0102,-0.2549,0.07,-1.2550,0.7450,0.0000,472.50,SUCCESS
2025-12-24T12:15:51.254167+00:00,btc-updown-15m-1766579400,TRADE,UP,ACCUM,3,3,0.5001,1.5004,30,0.5001,25,0.5101,25,1.0102,-0.2550,0.17,-2.7554,2.2446,0.0000,471.00,SUCCESS
2025-12-24T12:15:51.254592+00:00,btc-updown-15m-1766579400,TRADE,DOWN,ACCUM,3,3,0.5100,1.5301,30,0.5001,28,0.5101,28,1.0102,-0.2854,0.07,-1.2855,0.7145,0.0000,469.47,SUCCESS
2025-12-24T12:15:56.774594+00:00,btc-updown-15m-1766579400,TRADE,UP,ACCUM,3,3,0.5002,1.5007,33,0.5001,28,0.5101,28,1.0102,-0.2858,0.15,-2.7862,2.2138,0.0000,467.97,SUCCESS
2025-12-24T12:15:56.774988+00:00,btc-updown-15m-1766579400,TRADE,DOWN,ACCUM,3,3,0.5099,1.5296,33,0.5001,31,0.5101,31,1.0102,-0.3156,0.06,-1.3158,0.6842,0.0000,466.44,SUCCESS
2025-12-24T12:16:02.222158+00:00,btc-updown-15m-1766579400,TRADE,UP,ACCUM,2,2,0.5001,1.0001,35,0.5001,31,0.5101,31,1.0102,-0.3156,0.11,-2.3159,1.6841,0.0000,465.44,SUCCESS
2025-12-24T12:16:02.222780+00:00,btc-updown-15m-1766579400,TRADE,DOWN,ACCUM,2,2,0.5102,1.0205,35,0.5001,33,0.5101,33,1.0102,-0.3362,0.06,-1.3364,0.6636,0.0000,464.42,SUCCESS
2025-12-24T12:16:13.272216+00:00,btc-updown-15m-1766579400,TRADE,UP,ACCUM,2,2,0.5002,1.0005,37,0.5001,33,0.5101,33,1.0102,-0.3365,0.11,-2.3369,1.6631,0.0000,463.41,SUCCESS
2025-12-24T12:16:13.272773+00:00,btc-updown-15m-1766579400,TRADE,DOWN,ACCUM,2,2,0.5102,1.0203,37,0.5001,35,0.5101,35,1.0102,-0.3570,0.05,-1.3572,0.6428,0.0000,462.39,SUCCESS
2025-12-24T12:16:18.681305+00:00,btc-updown-15m-1766579400,TRADE,UP,ACCUM,2,2,0.5001,1.0002,39,0.5001,35,0.5101,35,1.0102,-0.3570,0.10,-2.3573,1.6427,0.0000,461.39,SUCCESS
2025-12-24T12:16:18.682406+00:00,btc-updown-15m-1766579400,TRADE,DOWN,ACCUM,2,2,0.5102,1.0205,39,0.5001,37,0.5101,37,1.0102,-0.3776,0.05,-1.3778,0.6222,0.0000,460.37,SUCCESS
2025-12-24T12:16:24.306051+00:00,btc-updown-15m-1766579400,TRADE,UP,ACCUM,2,2,0.5002,1.0005,41,0.5001,37,0.5101,37,1.0102,-0.3779,0.10,-2.3783,1.6217,0.0000,459.37,SUCCESS
2025-12-24T12:16:24.306482+00:00,btc-updown-15m-1766579400,TRADE,DOWN,ACCUM,2,2,0.5100,1.0201,41,0.5001,39,0.5101,39,1.0102,-0.3982,0.05,-1.3984,0.6016,0.0000,458.35,SUCCESS
2025-12-24T12:16:29.827736+00:00,btc-updown-15m-1766579400,TRADE,UP,ACCUM,2,2,0.5000,1.0000,43,0.5001,39,0.5101,39,1.0102,-0.3980,0.09,-2.3984,1.6016,0.0000,457.35,SUCCESS
2025-12-24T12:16:29.830577+00:00,btc-updown-15m-1766579400,TRADE,DOWN,ACCUM,2,2,0.5101,1.0202,43,0.5001,41,0.5101,41,1.0102,-0.4184,0.05,-1.4186,0.5814,0.0000,456.33,SUCCESS
2025-12-24T12:16:35.333576+00:00,btc-updown-15m-1766579400,TRADE,UP,ACCUM,2,2,0.5002,1.0003,45,0.5001,41,0.5101,41,1.0102,-0.4185,0.09,-2.4189,1.5811,0.0000,455.33,SUCCESS
2025-12-24T12:16:35.334844+00:00,btc-updown-15m-1766579400,TRADE,DOWN,ACCUM,2,2,0.5098,1.0195,45,0.5001,43,0.5101,43,1.0102,-0.4382,0.04,-1.4385,0.5615,0.0000,454.31,SUCCESS
2025-12-24T12:16:40.962373+00:00,btc-updown-15m-1766579400,TRADE,UP,ACCUM,2,2,0.5000,1.0001,47,0.5001,43,0.5101,43,1.0102,-0.4381,0.09,-2.4385,1.5615,0.0000,453.31,SUCCESS
2025-12-24T12:16:40.962798+00:00,btc-updown-15m-1766579400,TRADE,DOWN,ACCUM,2,2,0.5101,1.0202,47,0.5001,45,0.5101,45,1.0102,-0.4585,0.04,-1.4587,0.5413,0.0000,452.29,SUCCESS
2025-12-24T12:16:46.474509+00:00,btc-updown-15m-1766579400,TRADE,UP,ACCUM,2,2,0.5001,1.0002,49,0.5001,45,0.5101,45,1.0102,-0.4585,0.08,-2.4589,1.5411,0.0000,451.29,SUCCESS
2025-12-24T12:16:46.475587+00:00,btc-updown-15m-1766579400,TRADE,DOWN,ACCUM,2,2,0.5102,1.0204,49,0.5001,47,0.5101,47,1.0102,-0.4791,0.04,-1.4793,0.5207,0.0000,450.27,SUCCESS
2025-12-24T12:16:51.886854+00:00,btc-updown-15m-1766579400,TRADE,UP,ACCUM,2,2,0.5001,1.0002,51,0.5001,47,0.5101,47,1.0102,-0.4790,0.08,-2.4794,1.5206,0.0000,449.27,SUCCESS
2025-12-24T12:16:51.887938+00:00,btc-updown-15m-1766579400,TRADE,DOWN,ACCUM,2,2,0.5098,1.0196,51,0.5001,49,0.5101,49,1.0102,-0.4989,0.04,-1.4991,0.5009,0.0000,448.25,SUCCESS
2025-12-24T12:16:57.586325+00:00,btc-updown-15m-1766579400,TRADE,UP,ACCUM,3,3,0.4902,1.4705,54,0.4995,49,0.5101,49,1.0096,-0.4718,0.09,-2.9696,2.0304,0.0000,446.78,SUCCESS
2025-12-24T12:16:57.587131+00:00,btc-updown-15m-1766579400,TRADE,DOWN,ACCUM,2,2,0.5200,1.0400,54,0.4995,51,0.5105,51,1.0100,-0.5109,0.06,-2.0096,0.9904,0.0000,445.74,SUCCESS
2025-12-24T12:17:03.053913+00:00,btc-updown-15m-1766579400,TRADE,UP,ACCUM,3,3,0.4902,1.4706,57,0.4991,51,0.5105,51,1.0095,-0.4858,0.11,-3.4802,2.5198,0.0000,444.27,SUCCESS
2025-12-24T12:17:03.054894+00:00,btc-updown-15m-1766579400,TRADE,DOWN,ACCUM,2,2,0.5200,1.0401,57,0.4991,53,0.5108,53,1.0099,-0.5240,0.07,-2.5202,1.4798,0.0000,443.23,SUCCESS
2025-12-24T12:17:08.462323+00:00,btc-updown-15m-1766579400,TRADE,UP,ACCUM,3,3,0.4902,1.4705,60,0.4986,53,0.5108,53,1.0094,-0.5005,0.12,-3.9908,3.0092,0.0000,441.76,SUCCESS
2025-12-24T12:17:08.462888+00:00,btc-updown-15m-1766579400,TRADE,DOWN,ACCUM,2,2,0.5198,1.0396,60,0.4986,55,0.5112,55,1.0098,-0.5373,0.08,-3.0304,1.9696,0.0000,440.72,SUCCESS
2025-12-24T12:17:13.904214+00:00,btc-updown-15m-1766579400,TRADE,DOWN,ACCUM,2,2,0.5202,1.0404,60,0.4986,57,0.5115,57,1.0101,-0.5750,0.05,-2.0708,0.9292,0.0000,439.68,SUCCESS
2025-12-24T12:17:19.435656+00:00,btc-updown-15m-1766579400,TRADE,DOWN,ACCUM,2,2,0.5201,1.0401,60,0.4986,59,0.5118,59,1.0104,-0.6123,0.02,-1.1109,-0.1109,0.0000,438.64,SUCCESS
2025-12-24T12:17:24.944601+00:00,btc-updown-15m-1766579400,TRADE,DOWN,ACCUM,2,1,0.5201,0.5201,60,0.4986,60,0.5119,60,1.0105,-0.6311,0.00,-0.6311,-0.6311,0.0000,438.12,SUCCESS
2025-12-24T12:25:53.573190+00:00,btc-updown-15m-1766578500,TRADE,UP,ACCUM,6,6,0.5300,3.1801,6,0.5300,0,0.0000,0,0.0000,0.0000,1.00,-3.1801,2.8199,0.0000,496.82,SUCCESS
2025-12-24T12:25:53.573859+00:00,btc-updown-15m-1766578500,TRADE,DOWN,ACCUM,6,1,0.4801,0.4801,6,0.5300,1,0.4801,1,1.0101,-0.0101,0.83,-2.6602,2.3398,0.0000,496.34,SUCCESS
2025-12-24T12:25:53.834065+00:00,btc-updown-15m-1766578500,RESOLUTION,UP,BINANCE_FALLBACK_SHARED,7,7,1.0000,3.6602,6,0.5300,1,0.4801,1,1.0101,-0.0101,0.83,0.0000,0.0000,2.3398,502.34,RESOLVED
2025-12-24T12:26:02.042763+00:00,btc-updown-15m-1766579400,TRADE,UP,ACCUM,6,6,0.5000,3.0002,6,0.5000,0,0.0000,0,0.0000,0.0000,1.00,-3.0002,2.9998,0.0000,499.34,SUCCESS
2025-12-24T12:26:07.618804+00:00,btc-updown-15m-1766579400,TRADE,DOWN,ACCUM,6,6,0.5201,3.1209,6,0.5000,6,0.5201,6,1.0202,-0.1211,0.00,-0.1211,-0.1211,0.0000,496.22,SUCCESS
2025-12-24T12:26:13.188397+00:00,btc-updown-15m-1766579400,TRADE,UP,ACCUM,5,5,0.4999,2.4997,11,0.5000,6,0.5201,6,1.0201,-0.1208,0.45,-2.6208,2.3792,0.0000,493.72,SUCCESS
2025-12-24T12:26:13.188578+00:00,btc-updown-15m-1766579400,TRADE,DOWN,ACCUM,5,5,0.5202,2.6009,11,0.5000,11,0.5202,11,1.0201,-0.2216,0.00,-0.2216,-0.2216,0.0000,491.12,SUCCESS
2025-12-24T12:26:21.421608+00:00,btc-updown-15m-1766579400,TRADE,DOWN,ACCUM,4,4,0.5201,2.0804,11,0.5000,15,0.5201,11,1.0201,-0.2215,0.27,-2.3020,1.6980,0.0000,489.04,SUCCESS
2025-12-24T12:26:26.893915+00:00,btc-updown-15m-1766579400,TRADE,UP,ACCUM,4,4,0.5002,2.0009,15,0.5001,15,0.5201,15,1.0202,-0.3029,0.00,-0.3029,-0.3029,0.0000,487.04,SUCCESS
2025-12-24T12:26:26.894789+00:00,btc-updown-15m-1766579400,TRADE,DOWN,ACCUM,4,4,0.5201,2.0804,15,0.5001,19,0.5201,15,1.0202,-0.3028,0.21,-2.3833,1.6167,0.0000,484.96,SUCCESS
2025-12-24T12:26:32.311236+00:00,btc-updown-15m-1766579400,TRADE,UP,ACCUM,4,4,0.5001,2.0005,19,0.5001,19,0.5201,19,1.0202,-0.3838,0.00,-0.3838,-0.3838,0.0000,482.96,SUCCESS
2025-12-24T12:26:32.311663+00:00,btc-updown-15m-1766579400,TRADE,DOWN,ACCUM,4,4,0.5202,2.0808,19,0.5001,23,0.5201,19,1.0202,-0.3840,0.17,-2.4646,1.5354,0.0000,480.88,SUCCESS
2025-12-24T12:26:37.807405+00:00,btc-updown-15m-1766579400,TRADE,UP,ACCUM,4,4,0.5001,2.0003,23,0.5001,23,0.5201,23,1.0202,-0.4649,0.00,-0.4649,-0.4649,0.0000,478.87,SUCCESS
2025-12-24T12:26:37.808349+00:00,btc-updown-15m-1766579400,TRADE,DOWN,ACCUM,3,3,0.5200,1.5601,23,0.5001,26,0.5201,23,1.0202,-0.4646,0.12,-2.0250,0.9750,0.0000,477.31,SUCCESS
2025-12-24T12:26:43.323416+00:00,btc-updown-15m-1766579400,TRADE,UP,ACCUM,3,3,0.5000,1.5000,26,0.5001,26,0.5201,26,1.0202,-0.5251,0.00,-0.5251,-0.5251,0.0000,475.81,SUCCESS
2025-12-24T12:26:43.323599+00:00,btc-updown-15m-1766579400,TRADE,DOWN,ACCUM,3,3,0.5202,1.5606,26,0.5001,29,0.5201,26,1.0202,-0.5253,0.10,-2.0857,0.9143,0.0000,474.25,SUCCESS
2025-12-24T12:26:48.837127+00:00,btc-updown-15m-1766579400,TRADE,UP,ACCUM,3,3,0.4901,1.4704,29,0.4990,29,0.5201,29,1.0192,-0.5561,0.00,-0.5561,-0.5561,0.0000,472.78,SUCCESS
2025-12-24T12:26:48.837491+00:00,btc-updown-15m-1766579400,TRADE,DOWN,ACCUM,3,3,0.5200,1.5601,29,0.4990,32,0.5201,29,1.0192,-0.5558,0.09,-2.1162,0.8838,0.0000,471.22,SUCCESS
2025-12-24T12:26:54.464546+00:00,btc-updown-15m-1766579400,TRADE,UP,ACCUM,3,1,0.4902,0.4902,30,0.4987,32,0.5201,30,1.0189,-0.5661,0.06,-1.6064,0.3936,0.0000,470.73,SUCCESS
2025-12-24T12:26:54.465416+00:00,btc-updown-15m-1766579400,TRADE,DOWN,ACCUM,2,2,0.5201,1.0401,30,0.4987,34,0.5201,30,1.0189,-0.5660,0.12,-2.6465,1.3535,0.0000,469.69,SUCCESS
2025-12-24T12:27:00.119687+00:00,btc-updown-15m-1766579400,TRADE,UP,ACCUM,3,3,0.4900,1.4701,33,0.4979,34,0.5201,33,1.0181,-0.5965,0.03,-1.1166,-0.1166,0.0000,468.22,SUCCESS
2025-12-24T12:27:00.120015+00:00,btc-updown-15m-1766579400,TRADE,DOWN,ACCUM,2,2,0.5201,1.0403,33,0.4979,36,0.5201,33,1.0181,-0.5965,0.08,-2.1568,0.8432,0.0000,467.18,SUCCESS
2025-12-24T12:27:05.771240+00:00,btc-updown-15m-1766579400,TRADE,UP,ACCUM,3,3,0.4902,1.4707,36,0.4973,36,0.5201,36,1.0174,-0.6276,0.00,-0.6276,-0.6276,0.0000,465.71,SUCCESS
2025-12-24T12:27:05.772396+00:00,btc-updown-15m-1766579400,TRADE,DOWN,ACCUM,2,2,0.5202,1.0404,36,0.4973,38,0.5201,36,1.0174,-0.6277,0.05,-1.6680,0.3320,0.0000,464.67,SUCCESS
2025-12-24T12:27:11.322364+00:00,btc-updown-15m-1766579400,TRADE,UP,ACCUM,3,3,0.4900,1.4700,39,0.4967,38,0.5201,38,1.0169,-0.6412,0.03,-1.1380,-0.1380,0.0000,463.20,SUCCESS
2025-12-24T12:27:11.322545+00:00,btc-updown-15m-1766579400,TRADE,DOWN,ACCUM,2,1,0.5200,0.5200,39,0.4967,39,0.5201,39,1.0169,-0.6580,0.00,-0.6580,-0.6580,0.0000,462.68,SUCCESS
2025-12-24T12:27:16.835994+00:00,btc-updown-15m-1766579400,TRADE,UP,ACCUM,3,3,0.4901,1.4702,42,0.4963,39,0.5201,39,1.0164,-0.6394,0.07,-2.1282,0.8718,0.0000,461.21,SUCCESS
2025-12-24T12:27:16.836921+00:00,btc-updown-15m-1766579400,TRADE,DOWN,ACCUM,2,1,0.5201,0.5201,42,0.4963,40,0.5201,40,1.0164,-0.6558,0.05,-1.6483,0.3517,0.0000,460.69,SUCCESS
2025-12-24T12:27:22.394758+00:00,btc-updown-15m-1766579400,TRADE,UP,ACCUM,3,3,0.4902,1.4707,45,0.4959,40,0.5201,40,1.0160,-0.6397,0.11,-3.1190,1.8810,0.0000,459.22,SUCCESS
2025-12-24T12:27:22.394954+00:00,btc-updown-15m-1766579400,TRADE,DOWN,ACCUM,2,2,0.5202,1.0403,45,0.4959,42,0.5201,42,1.0160,-0.6717,0.07,-2.1593,0.8407,0.0000,458.18,SUCCESS
2025-12-24T12:27:27.813724+00:00,btc-updown-15m-1766579400,TRADE,UP,ACCUM,3,3,0.4901,1.4704,48,0.4955,42,0.5201,42,1.0156,-0.6566,0.12,-3.6297,2.3703,0.0000,456.71,SUCCESS
2025-12-24T12:27:27.814134+00:00,btc-updown-15m-1766579400,TRADE,DOWN,ACCUM,2,1,0.5200,0.5200,48,0.4955,43,0.5201,43,1.0156,-0.6722,0.10,-3.1497,1.8503,0.0000,456.19,SUCCESS
2025-12-24T12:27:33.210338+00:00,btc-updown-15m-1766579400,TRADE,UP,ACCUM,3,3,0.4901,1.4704,51,0.4952,43,0.5201,43,1.0153,-0.6585,0.16,-4.6201,3.3799,0.0000,454.72,SUCCESS
2025-12-24T12:27:33.210626+00:00,btc-updown-15m-1766579400,TRADE,DOWN,ACCUM,2,2,0.5202,1.0404,51,0.4952,45,0.5201,45,1.0153,-0.6893,0.12,-3.6605,2.3395,0.0000,453.68,SUCCESS
2025-12-24T12:27:38.719149+00:00,btc-updown-15m-1766579400,TRADE,UP,ACCUM,3,3,0.4902,1.4707,54,0.4949,45,0.5201,45,1.0150,-0.6769,0.17,-5.1312,3.8688,0.0000,452.21,SUCCESS
2025-12-24T12:27:44.352622+00:00,btc-updown-15m-1766579400,TRADE,DOWN,ACCUM,2,2,0.5200,1.0401,54,0.4949,47,0.5201,47,1.0150,-0.7069,0.13,-4.1712,2.8288,0.0000,451.17,SUCCESS
2025-12-24T12:27:49.872530+00:00,btc-updown-15m-1766579400,TRADE,UP,ACCUM,3,3,0.4902,1.4706,57,0.4947,47,0.5201,47,1.0148,-0.6952,0.18,-5.6418,4.3582,0.0000,449.70,SUCCESS
2025-12-24T12:27:49.873453+00:00,btc-updown-15m-1766579400,TRADE,DOWN,ACCUM,2,1,0.5201,0.5201,57,0.4947,48,0.5201,48,1.0148,-0.7100,0.16,-5.1619,3.8381,0.0000,449.18,SUCCESS
2025-12-24T12:27:55.258944+00:00,btc-updown-15m-1766579400,TRADE,DOWN,ACCUM,2,2,0.5201,1.0401,57,0.4947,50,0.5201,50,1.0148,-0.7394,0.12,-4.2021,2.7979,0.0000,448.14,SUCCESS
2025-12-24T12:28:00.759203+00:00,btc-updown-15m-1766579400,TRADE,UP,ACCUM,3,3,0.4902,1.4707,60,0.4944,50,0.5201,50,1.0146,-0.7283,0.17,-5.6728,4.3272,0.0000,446.67,SUCCESS
2025-12-24T12:28:00.759619+00:00,btc-updown-15m-1766579400,TRADE,DOWN,ACCUM,2,2,0.5201,1.0402,60,0.4944,52,0.5201,52,1.0146,-0.7574,0.13,-4.7130,3.2870,0.0000,445.63,SUCCESS
2025-12-24T12:28:06.179352+00:00,btc-updown-15m-1766579400,TRADE,DOWN,ACCUM,2,2,0.5200,1.0401,60,0.4944,54,0.5201,54,1.0146,-0.7864,0.10,-3.7531,2.2469,0.0000,444.59,SUCCESS
2025-12-24T12:28:11.712135+00:00,btc-updown-15m-1766579400,TRADE,DOWN,ACCUM,2,2,0.5202,1.0404,60,0.4944,56,0.5201,56,1.0146,-0.8157,0.07,-2.7935,1.2065,0.0000,443.55,SUCCESS
2025-12-24T12:28:17.103186+00:00,btc-updown-15m-1766579400,TRADE,DOWN,ACCUM,2,2,0.5201,1.0401,60,0.4944,58,0.5201,58,1.0146,-0.8447,0.03,-1.8336,0.1664,0.0000,442.51,SUCCESS
2025-12-24T12:28:22.629008+00:00,btc-updown-15m-1766579400,TRADE,DOWN,ACCUM,2,2,0.5201,1.0403,60,0.4944,60,0.5201,60,1.0146,-0.8739,0.00,-0.8739,-0.8739,0.0000,441.47,SUCCESS
2025-12-24T12:30:03.093707+00:00,btc-updown-15m-1766579400,RESOLUTION,UP,BINANCE_FALLBACK_SHARED,120,120,1.0000,60.8739,60,0.4944,60,0.5201,60,1.0146,-0.8739,0.00,0.0000,0.0000,-0.8739,501.47,RESOLVED
2025-12-24T12:30:11.878383+00:00,btc-updown-15m-1766580300,TRADE,UP,ACCUM,6,6,0.5001,3.0005,6,0.5001,0,0.0000,0,0.0000,0.0000,1.00,-3.0005,2.9995,0.0000,498.47,SUCCESS
2025-12-24T12:30:11.883268+00:00,btc-updown-15m-1766580300,TRADE,DOWN,ACCUM,6,6,0.5102,3.0613,6,0.5001,6,0.5102,6,1.0103,-0.0617,0.00,-0.0617,-0.0617,0.0000,495.40,SUCCESS
2025-12-24T12:30:17.500506+00:00,btc-updown-15m-1766580300,TRADE,UP,ACCUM,5,5,0.5001,2.5003,11,0.5001,6,0.5102,6,1.0103,-0.0617,0.45,-2.5620,2.4380,0.0000,492.90,SUCCESS
2025-12-24T12:30:17.500785+00:00,btc-updown-15m-1766580300,TRADE,DOWN,ACCUM,5,5,0.5100,2.5501,11,0.5001,11,0.5101,11,1.0102,-0.1121,0.00,-0.1121,-0.1121,0.0000,490.35,SUCCESS
2025-12-24T12:30:22.917296+00:00,btc-updown-15m-1766580300,TRADE,UP,ACCUM,4,4,0.5001,2.0004,15,0.5001,11,0.5101,11,1.0102,-0.1121,0.27,-2.1125,1.8875,0.0000,488.35,SUCCESS
2025-12-24T12:30:34.053921+00:00,btc-updown-15m-1766580300,TRADE,UP,ACCUM,4,4,0.5002,2.0010,19,0.5001,11,0.5101,11,1.0102,-0.1125,0.42,-4.1134,3.8866,0.0000,486.35,SUCCESS
2025-12-24T12:30:34.054787+00:00,btc-updown-15m-1766580300,TRADE,DOWN,ACCUM,4,4,0.5102,2.0406,19,0.5001,15,0.5101,15,1.0102,-0.1536,0.21,-2.1540,1.8460,0.0000,484.31,SUCCESS
2025-12-24T12:30:39.564004+00:00,btc-updown-15m-1766580300,TRADE,UP,ACCUM,4,4,0.4901,1.9605,23,0.4984,15,0.5101,15,1.0085,-0.1275,0.35,-4.1145,3.8855,0.0000,482.35,SUCCESS
2025-12-24T12:30:39.564357+00:00,btc-updown-15m-1766580300,TRADE,DOWN,ACCUM,4,4,0.5202,2.0807,23,0.4984,19,0.5122,19,1.0106,-0.2017,0.17,-2.1952,1.8048,0.0000,480.27,SUCCESS
2025-12-24T12:30:44.980759+00:00,btc-updown-15m-1766580300,TRADE,UP,ACCUM,3,3,0.4998,1.4994,26,0.4985,19,0.5122,19,1.0108,-0.2048,0.27,-3.6946,3.3054,0.0000,478.77,SUCCESS
2025-12-24T12:30:44.981791+00:00,btc-updown-15m-1766580300,TRADE,DOWN,ACCUM,4,4,0.5202,2.0809,26,0.4985,23,0.5136,23,1.0122,-0.2798,0.12,-1.7755,1.2245,0.0000,476.69,SUCCESS
2025-12-24T12:30:50.564842+00:00,btc-updown-15m-1766580300,TRADE,UP,ACCUM,3,1,0.5002,0.5002,27,0.4986,23,0.5136,23,1.0122,-0.2812,0.15,-2.2756,1.7244,0.0000,476.19,SUCCESS
2025-12-24T12:30:50.565459+00:00,btc-updown-15m-1766580300,TRADE,DOWN,ACCUM,3,3,0.5101,1.5304,27,0.4986,26,0.5132,26,1.0118,-0.3075,0.04,-0.8061,0.1939,0.0000,474.66,SUCCESS
2025-12-24T12:30:56.076282+00:00,btc-updown-15m-1766580300,TRADE,UP,ACCUM,3,3,0.5002,1.5007,30,0.4988,26,0.5132,26,1.0120,-0.3117,0.13,-2.3068,1.6932,0.0000,473.16,SUCCESS
2025-12-24T12:30:56.077364+00:00,btc-updown-15m-1766580300,TRADE,DOWN,ACCUM,3,3,0.5102,1.5306,30,0.4988,29,0.5129,29,1.0117,-0.3386,0.03,-0.8373,0.1627,0.0000,471.63,SUCCESS
2025-12-24T12:31:01.593349+00:00,btc-updown-15m-1766580300,TRADE,UP,ACCUM,3,3,0.5002,1.5005,33,0.4989,29,0.5129,29,1.0118,-0.3423,0.12,-2.3378,1.6622,0.0000,470.13,SUCCESS
2025-12-24T12:31:01.593901+00:00,btc-updown-15m-1766580300,TRADE,DOWN,ACCUM,3,3,0.5101,1.5304,33,0.4989,32,0.5127,32,1.0115,-0.3693,0.03,-0.8682,0.1318,0.0000,468.60,SUCCESS
2025-12-24T12:31:07.110400+00:00,btc-updown-15m-1766580300,TRADE,DOWN,ACCUM,2,2,0.5100,1.0201,33,0.4989,34,0.5125,33,1.0114,-0.3757,0.03,-0.8882,0.1118,0.0000,467.58,SUCCESS
2025-12-24T12:31:12.844752+00:00,btc-updown-15m-1766580300,TRADE,UP,ACCUM,2,2,0.5002,1.0003,35,0.4990,34,0.5125,34,1.0115,-0.3896,0.03,-0.8885,0.1115,0.0000,466.58,SUCCESS
2025-12-24T12:31:12.845040+00:00,btc-updown-15m-1766580300,TRADE,DOWN,ACCUM,2,2,0.5102,1.0204,35,0.4990,36,0.5124,35,1.0113,-0.3965,0.03,-0.9089,0.0911,0.0000,465.56,SUCCESS
2025-12-24T12:31:18.362656+00:00,btc-updown-15m-1766580300,TRADE,UP,ACCUM,2,2,0.5001,1.0002,37,0.4990,36,0.5124,36,1.0114,-0.4101,0.03,-0.9091,0.0909,0.0000,464.56,SUCCESS
2025-12-24T12:31:18.363059+00:00,btc-updown-15m-1766580300,TRADE,DOWN,ACCUM,2,2,0.5102,1.0204,37,0.4990,38,0.5123,37,1.0113,-0.4173,0.03,-0.9295,0.0705,0.0000,463.54,SUCCESS
2025-12-24T12:31:23.867171+00:00,btc-updown-15m-1766580300,TRADE,UP,ACCUM,2,2,0.5002,1.0003,39,0.4991,38,0.5123,38,1.0113,-0.4308,0.03,-0.9298,0.0702,0.0000,462.54,SUCCESS
2025-12-24T12:31:29.491685+00:00,btc-updown-15m-1766580300,TRADE,UP,ACCUM,2,2,0.5002,1.0005,41,0.4991,38,0.5123,38,1.0114,-0.4329,0.07,-1.9303,1.0697,0.0000,461.54,SUCCESS
2025-12-24T12:31:29.491967+00:00,btc-updown-15m-1766580300,TRADE,DOWN,ACCUM,2,2,0.5102,1.0203,41,0.4991,40,0.5121,40,1.0113,-0.4515,0.02,-0.9506,0.0494,0.0000,460.52,SUCCESS
2025-12-24T12:31:34.990290+00:00,btc-updown-15m-1766580300,TRADE,UP,ACCUM,2,1,0.5000,0.5000,42,0.4992,40,0.5121,40,1.0113,-0.4523,0.05,-1.4506,0.5494,0.0000,460.02,SUCCESS
2025-12-24T12:31:34.990636+00:00,btc-updown-15m-1766580300,TRADE,DOWN,ACCUM,2,2,0.5101,1.0202,42,0.4992,42,0.5121,42,1.0112,-0.4709,0.00,-0.4709,-0.4709,0.0000,459.00,SUCCESS
2025-12-24T12:31:40.406349+00:00,btc-updown-15m-1766580300,TRADE,UP,ACCUM,2,2,0.5002,1.0004,44,0.4992,42,0.5121,42,1.0113,-0.4728,0.05,-1.4712,0.5288,0.0000,457.99,SUCCESS
2025-12-24T12:31:40.406754+00:00,btc-updown-15m-1766580300,TRADE,DOWN,ACCUM,2,2,0.5100,1.0201,44,0.4992,44,0.5120,44,1.0112,-0.4913,0.00,-0.4913,-0.4913,0.0000,456.97,SUCCESS
2025-12-24T12:31:45.813249+00:00,btc-updown-15m-1766580300,TRADE,UP,ACCUM,2,1,0.5001,0.5001,45,0.4992,44,0.5120,44,1.0112,-0.4922,0.02,-0.9914,0.0086,0.0000,456.47,SUCCESS
2025-12-24T12:31:45.813674+00:00,btc-updown-15m-1766580300,TRADE,DOWN,ACCUM,2,2,0.5101,1.0201,45,0.4992,46,0.5119,45,1.0111,-0.4996,0.02,-1.0115,-0.0115,0.0000,455.45,SUCCESS
2025-12-24T12:31:51.334383+00:00,btc-updown-15m-1766580300,TRADE,UP,ACCUM,2,2,0.5000,1.0000,47,0.4993,46,0.5119,46,1.0111,-0.5123,0.02,-1.0115,-0.0115,0.0000,454.45,SUCCESS
2025-12-24T12:31:51.334932+00:00,btc-updown-15m-1766580300,TRADE,DOWN,ACCUM,2,2,0.5102,1.0203,47,0.4993,48,0.5118,47,1.0111,-0.5200,0.02,-1.0318,-0.0318,0.0000,453.43,SUCCESS
2025-12-24T12:31:56.842366+00:00,btc-updown-15m-1766580300,TRADE,UP,ACCUM,2,2,0.5002,1.0004,49,0.4993,48,0.5118,48,1.0111,-0.5330,0.02,-1.0323,-0.0323,0.0000,452.43,SUCCESS
2025-12-24T12:31:56.844269+00:00,btc-updown-15m-1766580300,TRADE,DOWN,ACCUM,2,2,0.5102,1.0205,49,0.4993,50,0.5117,49,1.0110,-0.5410,0.02,-1.0527,-0.0527,0.0000,451.41,SUCCESS
2025-12-24T12:32:02.364423+00:00,btc-updown-15m-1766580300,TRADE,UP,ACCUM,2,2,0.5002,1.0003,51,0.4993,50,0.5117,50,1.0111,-0.5537,0.02,-1.0531,-0.0531,0.0000,450.41,SUCCESS
2025-12-24T12:32:07.765691+00:00,btc-updown-15m-1766580300,TRADE,UP,ACCUM,2,2,0.5001,1.0003,53,0.4994,50,0.5117,50,1.0111,-0.5552,0.06,-2.0533,0.9467,0.0000,449.41,SUCCESS
2025-12-24T12:32:07.766602+00:00,btc-updown-15m-1766580300,TRADE,DOWN,ACCUM,2,2,0.5101,1.0203,53,0.4994,52,0.5117,52,1.0110,-0.5742,0.02,-1.0736,-0.0736,0.0000,448.39,SUCCESS
2025-12-24T12:32:13.553906+00:00,btc-updown-15m-1766580300,TRADE,UP,ACCUM,2,2,0.5001,1.0002,55,0.4994,52,0.5117,52,1.0111,-0.5756,0.05,-2.0738,0.9262,0.0000,447.39,SUCCESS
2025-12-24T12:32:13.554081+00:00,btc-updown-15m-1766580300,TRADE,DOWN,ACCUM,2,2,0.5100,1.0200,55,0.4994,54,0.5116,54,1.0110,-0.5944,0.02,-1.0938,-0.0938,0.0000,446.37,SUCCESS
2025-12-24T12:32:19.073843+00:00,btc-updown-15m-1766580300,TRADE,UP,ACCUM,2,2,0.5001,1.0001,57,0.4994,54,0.5116,54,1.0110,-0.5957,0.05,-2.0939,0.9061,0.0000,445.37,SUCCESS
2025-12-24T12:32:19.074266+00:00,btc-updown-15m-1766580300,TRADE,DOWN,ACCUM,2,2,0.5101,1.0202,57,0.4994,56,0.5116,56,1.0110,-0.6147,0.02,-1.1141,-0.1141,0.0000,444.35,SUCCESS
2025-12-24T12:32:24.686316+00:00,btc-updown-15m-1766580300,TRADE,UP,ACCUM,2,1,0.5001,0.5001,58,0.4994,56,0.5116,56,1.0110,-0.6154,0.03,-1.6142,0.3858,0.0000,443.85,SUCCESS
2025-12-24T12:32:24.686916+00:00,btc-updown-15m-1766580300,TRADE,DOWN,ACCUM,2,2,0.5201,1.0402,58,0.4994,58,0.5119,58,1.0113,-0.6544,0.00,-0.6544,-0.6544,0.0000,442.81,SUCCESS
2025-12-24T12:32:30.108635+00:00,btc-updown-15m-1766580300,TRADE,UP,ACCUM,2,2,0.5002,1.0004,60,0.4995,58,0.5119,58,1.0113,-0.6559,0.03,-1.6548,0.3452,0.0000,441.81,SUCCESS
2025-12-24T12:32:30.109531+00:00,btc-updown-15m-1766580300,TRADE,DOWN,ACCUM,2,2,0.5200,1.0401,60,0.4995,60,0.5121,60,1.0116,-0.6949,0.00,-0.6949,-0.6949,0.0000,440.77,SUCCESS
2025-12-24T12:46:34.550971+00:00,btc-updown-15m-1766580300,TRADE,UP,ACCUM,9,9,0.2601,2.3411,9,0.2601,0,0.0000,0,0.0000,0.0000,1.00,-2.3411,6.6589,0.0000,497.66,SUCCESS
2025-12-24T12:46:34.551741+00:00,btc-updown-15m-1766580300,TRADE,DOWN,ACCUM,3,3,0.7501,2.2504,9,0.2601,3,0.7501,3,1.0103,-0.0308,0.67,-1.5915,4.4085,0.0000,495.41,SUCCESS
2025-12-24T12:46:34.838456+00:00,btc-updown-15m-1766580300,RESOLUTION,UP,BINANCE_FALLBACK_SHARED,12,12,1.0000,4.5915,9,0.2601,3,0.7501,3,1.0103,-0.0308,0.67,0.0000,0.0000,4.4085,504.41,RESOLVED
2025-12-24T12:46:43.012291+00:00,btc-updown-15m-1766581200,TRADE,UP,ACCUM,6,6,0.4902,2.9413,6,0.4902,0,0.0000,0,0.0000,0.0000,1.00,-2.9413,3.0587,0.0000,501.47,SUCCESS
2025-12-24T12:46:48.685753+00:00,btc-updown-15m-1766581200,TRADE,DOWN,ACCUM,6,6,0.5198,3.1186,6,0.4902,6,0.5198,6,1.0100,-0.0599,0.00,-0.0599,-0.0599,0.0000,498.35,SUCCESS
2025-12-24T12:46:54.153448+00:00,btc-updown-15m-1766581200,TRADE,DOWN,ACCUM,5,5,0.5201,2.6004,6,0.4902,11,0.5199,6,1.0101,-0.0607,0.45,-2.6603,2.3397,0.0000,495.75,SUCCESS
2025-12-24T12:47:00.956393+00:00,btc-updown-15m-1766581200,TRADE,UP,ACCUM,5,3,0.4901,1.4703,9,0.4902,11,0.5199,9,1.0101,-0.0908,0.18,-1.1306,0.8694,0.0000,494.28,SUCCESS
2025-12-24T12:47:00.956662+00:00,btc-updown-15m-1766581200,TRADE,DOWN,ACCUM,4,4,0.5201,2.0804,9,0.4902,15,0.5200,9,1.0101,-0.0912,0.40,-3.2110,2.7890,0.0000,492.20,SUCCESS
2025-12-24T12:47:06.445297+00:00,btc-updown-15m-1766581200,TRADE,UP,ACCUM,5,5,0.4900,2.4501,14,0.4901,15,0.5200,14,1.0101,-0.1411,0.07,-0.6611,0.3389,0.0000,489.75,SUCCESS
2025-12-24T12:47:06.446044+00:00,btc-updown-15m-1766581200,TRADE,DOWN,ACCUM,4,4,0.5201,2.0804,14,0.4901,19,0.5200,14,1.0101,-0.1416,0.26,-2.7415,2.2585,0.0000,487.67,SUCCESS
2025-12-24T12:47:11.913150+00:00,btc-updown-15m-1766581200,TRADE,UP,ACCUM,4,4,0.4901,1.9604,18,0.4901,19,0.5200,18,1.0101,-0.1819,0.05,-0.7019,0.2981,0.0000,485.71,SUCCESS
2025-12-24T12:47:11.914202+00:00,btc-updown-15m-1766581200,TRADE,DOWN,ACCUM,4,4,0.5201,2.0805,18,0.4901,23,0.5200,18,1.0101,-0.1823,0.22,-2.7824,2.2176,0.0000,483.63,SUCCESS
2025-12-24T12:47:17.304054+00:00,btc-updown-15m-1766581200,TRADE,UP,ACCUM,4,4,0.4901,1.9603,22,0.4901,23,0.5200,22,1.0101,-0.2227,0.04,-0.7427,0.2573,0.0000,481.67,SUCCESS
2025-12-24T12:47:22.933374+00:00,btc-updown-15m-1766581200,TRADE,UP,ACCUM,3,3,0.4901,1.4704,25,0.4901,23,0.5200,23,1.0101,-0.2329,0.08,-1.2131,0.7869,0.0000,480.20,SUCCESS
2025-12-24T12:47:22.933750+00:00,btc-updown-15m-1766581200,TRADE,DOWN,ACCUM,3,3,0.5202,1.5607,25,0.4901,26,0.5200,25,1.0102,-0.2538,0.04,-0.7738,0.2262,0.0000,478.63,SUCCESS
2025-12-24T12:47:28.447494+00:00,btc-updown-15m-1766581200,TRADE,UP,ACCUM,3,3,0.4902,1.4707,28,0.4901,26,0.5200,26,1.0102,-0.2642,0.07,-1.2445,0.7555,0.0000,477.16,SUCCESS
2025-12-24T12:47:28.447708+00:00,btc-updown-15m-1766581200,TRADE,DOWN,ACCUM,3,3,0.5201,1.5603,28,0.4901,29,0.5200,28,1.0102,-0.2847,0.03,-0.8047,0.1953,0.0000,475.60,SUCCESS
2025-12-24T12:47:33.844092+00:00,btc-updown-15m-1766581200,TRADE,DOWN,ACCUM,3,3,0.5201,1.5602,28,0.4901,32,0.5200,28,1.0102,-0.2848,0.12,-2.3649,1.6351,0.0000,474.04,SUCCESS
2025-12-24T12:47:39.359579+00:00,btc-updown-15m-1766581200,TRADE,UP,ACCUM,3,3,0.4900,1.4701,31,0.4901,32,0.5200,31,1.0102,-0.3150,0.03,-0.8351,0.1649,0.0000,472.57,SUCCESS
2025-12-24T12:47:39.359777+00:00,btc-updown-15m-1766581200,TRADE,DOWN,ACCUM,2,2,0.5201,1.0402,31,0.4901,34,0.5201,31,1.0102,-0.3152,0.09,-1.8753,1.1247,0.0000,471.53,SUCCESS
2025-12-24T12:47:44.857926+00:00,btc-updown-15m-1766581200,TRADE,UP,ACCUM,3,3,0.4901,1.4702,34,0.4901,34,0.5201,34,1.0102,-0.3455,0.00,-0.3455,-0.3455,0.0000,470.06,SUCCESS
2025-12-24T12:47:44.859198+00:00,btc-updown-15m-1766581200,TRADE,DOWN,ACCUM,2,2,0.5200,1.0400,34,0.4901,36,0.5201,34,1.0102,-0.3455,0.06,-1.3856,0.6144,0.0000,469.02,SUCCESS
2025-12-24T12:47:50.254589+00:00,btc-updown-15m-1766581200,TRADE,UP,ACCUM,3,3,0.4902,1.4705,37,0.4901,36,0.5201,36,1.0102,-0.3659,0.03,-0.8560,0.1440,0.0000,467.55,SUCCESS
2025-12-24T12:47:50.254946+00:00,btc-updown-15m-1766581200,TRADE,DOWN,ACCUM,2,2,0.5202,1.0403,37,0.4901,38,0.5201,37,1.0102,-0.3763,0.03,-0.8964,0.1036,0.0000,466.51,SUCCESS
2025-12-24T12:47:55.771285+00:00,btc-updown-15m-1766581200,TRADE,UP,ACCUM,3,3,0.4901,1.4702,40,0.4901,38,0.5201,38,1.0102,-0.3864,0.05,-1.3666,0.6334,0.0000,465.04,SUCCESS
2025-12-24T12:47:55.771648+00:00,btc-updown-15m-1766581200,TRADE,DOWN,ACCUM,2,2,0.5201,1.0401,40,0.4901,40,0.5201,40,1.0102,-0.4067,0.00,-0.4067,-0.4067,0.0000,464.00,SUCCESS
2025-12-24T12:48:01.400772+00:00,btc-updown-15m-1766581200,TRADE,UP,ACCUM,3,3,0.4900,1.4700,43,0.4901,40,0.5201,40,1.0102,-0.4065,0.07,-1.8768,1.1232,0.0000,462.53,SUCCESS
2025-12-24T12:48:06.804027+00:00,btc-updown-15m-1766581200,TRADE,UP,ACCUM,3,3,0.4901,1.4702,46,0.4901,40,0.5201,40,1.0102,-0.4063,0.13,-3.3469,2.6531,0.0000,461.06,SUCCESS
2025-12-24T12:48:06.805112+00:00,btc-updown-15m-1766581200,TRADE,DOWN,ACCUM,2,1,0.5202,0.5202,46,0.4901,41,0.5201,41,1.0102,-0.4167,0.11,-2.8672,2.1328,0.0000,460.54,SUCCESS
2025-12-24T12:48:12.509954+00:00,btc-updown-15m-1766581200,TRADE,UP,ACCUM,3,3,0.4902,1.4705,49,0.4901,41,0.5201,41,1.0102,-0.4168,0.16,-4.3377,3.6623,0.0000,459.07,SUCCESS
2025-12-24T12:48:12.510281+00:00,btc-updown-15m-1766581200,TRADE,DOWN,ACCUM,2,2,0.5201,1.0401,49,0.4901,43,0.5201,43,1.0102,-0.4372,0.12,-3.3778,2.6222,0.0000,458.03,SUCCESS
2025-12-24T12:48:17.889600+00:00,btc-updown-15m-1766581200,TRADE,UP,ACCUM,3,3,0.4899,1.4696,52,0.4901,43,0.5201,43,1.0102,-0.4366,0.17,-4.8474,4.1526,0.0000,456.56,SUCCESS
2025-12-24T12:48:17.889798+00:00,btc-updown-15m-1766581200,TRADE,DOWN,ACCUM,2,2,0.5202,1.0404,52,0.4901,45,0.5201,45,1.0102,-0.4571,0.13,-3.8878,3.1122,0.0000,455.52,SUCCESS
2025-12-24T12:48:23.415509+00:00,btc-updown-15m-1766581200,TRADE,UP,ACCUM,3,3,0.4901,1.4704,55,0.4901,45,0.5201,45,1.0102,-0.4572,0.18,-5.3582,4.6418,0.0000,454.05,SUCCESS
2025-12-24T12:48:23.415887+00:00,btc-updown-15m-1766581200,TRADE,DOWN,ACCUM,2,2,0.5200,1.0400,55,0.4901,47,0.5201,47,1.0102,-0.4774,0.15,-4.3982,3.6018,0.0000,453.01,SUCCESS
2025-12-24T12:48:29.299039+00:00,btc-updown-15m-1766581200,TRADE,UP,ACCUM,2,2,0.5001,1.0002,57,0.4904,47,0.5201,47,1.0105,-0.4940,0.18,-5.3984,4.6016,0.0000,452.01,SUCCESS
2025-12-24T12:48:29.300562+00:00,btc-updown-15m-1766581200,TRADE,DOWN,ACCUM,2,2,0.5101,1.0201,57,0.4904,49,0.5197,49,1.0101,-0.4950,0.14,-4.4185,3.5815,0.0000,450.99,SUCCESS
2025-12-24T12:48:34.719541+00:00,btc-updown-15m-1766581200,TRADE,UP,ACCUM,2,2,0.5000,1.0000,59,0.4908,49,0.5197,49,1.0104,-0.5109,0.17,-5.4185,4.5815,0.0000,449.99,SUCCESS
2025-12-24T12:48:34.720004+00:00,btc-updown-15m-1766581200,TRADE,DOWN,ACCUM,2,1,0.5101,0.5101,59,0.4908,50,0.5195,50,1.0102,-0.5117,0.15,-4.9286,4.0714,0.0000,449.48,SUCCESS
2025-12-24T12:48:40.210708+00:00,btc-updown-15m-1766581200,TRADE,UP,ACCUM,2,1,0.5000,0.5000,60,0.4909,50,0.5195,50,1.0104,-0.5195,0.17,-5.4287,4.5713,0.0000,448.98,SUCCESS
2025-12-24T12:48:40.210879+00:00,btc-updown-15m-1766581200,TRADE,DOWN,ACCUM,2,2,0.5100,1.0201,60,0.4909,52,0.5191,52,1.0100,-0.5214,0.13,-4.4488,3.5512,0.0000,447.96,SUCCESS
2025-12-24T12:48:45.631738+00:00,btc-updown-15m-1766581200,TRADE,DOWN,ACCUM,2,2,0.5102,1.0204,60,0.4909,54,0.5188,54,1.0097,-0.5236,0.10,-3.4691,2.5309,0.0000,446.94,SUCCESS
2025-12-24T12:48:56.820514+00:00,btc-updown-15m-1766581200,TRADE,DOWN,ACCUM,2,2,0.5100,1.0200,60,0.4909,56,0.5185,56,1.0094,-0.5254,0.07,-2.4891,1.5109,0.0000,445.92,SUCCESS
2025-12-24T12:49:02.465329+00:00,btc-updown-15m-1766581200,TRADE,DOWN,ACCUM,2,2,0.5101,1.0202,60,0.4909,58,0.5182,58,1.0091,-0.5275,0.03,-1.5093,0.4907,0.0000,444.90,SUCCESS
2025-12-24T12:49:08.123233+00:00,btc-updown-15m-1766581200,TRADE,DOWN,ACCUM,2,2,0.5100,1.0201,60,0.4909,60,0.5179,60,1.0088,-0.5294,0.00,-0.5294,-0.5294,0.0000,443.88,SUCCESS
2025-12-24T13:00:05.405282+00:00,btc-updown-15m-1766582100,TRADE,UP,ACCUM,5,5,0.4701,2.3506,5,0.4701,0,0.0000,0,0.0000,0.0000,1.00,-2.3506,2.6494,0.0000,97.65,SUCCESS
2025-12-24T13:00:07.213552+00:00,btc-updown-15m-1766582100,TRADE,DOWN,ACCUM,5,5,0.4801,2.4004,5,0.4701,5,0.4801,5,0.9502,0.2489,0.00,0.2489,0.2489,0.0000,95.25,SUCCESS
2025-12-24T13:00:09.248790+00:00,btc-updown-15m-1766582100,TRADE,UP,ACCUM,4,4,0.4702,1.8809,9,0.4702,5,0.4801,5,0.9503,0.2487,0.44,-1.6320,2.3680,0.0000,93.37,SUCCESS
2025-12-24T13:00:09.650044+00:00,btc-updown-15m-1766582100,TRADE,UP,ACCUM,4,2,0.4700,0.9400,11,0.4701,5,0.4801,5,0.9502,0.2489,0.55,-2.5719,3.4281,0.0000,92.43,SUCCESS
2025-12-24T13:00:09.650355+00:00,btc-updown-15m-1766582100,TRADE,DOWN,ACCUM,4,4,0.4802,1.9207,11,0.4701,9,0.4801,9,0.9503,0.4477,0.18,-0.4926,1.5074,0.0000,90.51,SUCCESS
2025-12-24T13:00:10.150920+00:00,btc-updown-15m-1766582100,TRADE,UP,ACCUM,3,3,0.4702,1.4106,14,0.4701,9,0.4801,9,0.9503,0.4476,0.36,-1.9032,3.0968,0.0000,89.10,SUCCESS
2025-12-24T13:00:10.640813+00:00,btc-updown-15m-1766582100,TRADE,UP,ACCUM,3,3,0.4700,1.4100,17,0.4701,9,0.4801,9,0.9502,0.4478,0.47,-3.3132,4.6868,0.0000,87.69,SUCCESS
2025-12-24T13:00:10.640996+00:00,btc-updown-15m-1766582100,TRADE,DOWN,ACCUM,4,4,0.4800,1.9201,17,0.4701,13,0.4801,13,0.9502,0.6472,0.24,-1.2333,2.7667,0.0000,85.77,SUCCESS
2025-12-24T13:00:11.150793+00:00,btc-updown-15m-1766582100,TRADE,UP,ACCUM,3,3,0.4702,1.4106,20,0.4701,13,0.4801,13,0.9502,0.6471,0.35,-2.6439,4.3561,0.0000,84.36,SUCCESS
2025-12-24T13:00:11.649395+00:00,btc-updown-15m-1766582100,TRADE,DOWN,ACCUM,3,3,0.4801,1.4402,20,0.4701,16,0.4801,16,0.9502,0.7965,0.20,-1.0841,2.9159,0.0000,82.92,SUCCESS
2025-12-24T13:00:12.063241+00:00,btc-updown-15m-1766582100,TRADE,DOWN,ACCUM,3,1,0.4801,0.4801,20,0.4701,17,0.4801,17,0.9502,0.8462,0.15,-0.5642,2.4358,0.0000,82.44,SUCCESS
2025-12-24T13:00:12.747060+00:00,btc-updown-15m-1766582100,TRADE,UP,ACCUM,3,3,0.4701,1.4103,23,0.4701,17,0.4801,17,0.9502,0.8463,0.26,-1.9745,4.0255,0.0000,81.03,SUCCESS
2025-12-24T13:00:12.747338+00:00,btc-updown-15m-1766582100,TRADE,DOWN,ACCUM,3,3,0.4801,1.4404,23,0.4701,20,0.4801,20,0.9502,0.9955,0.13,-0.4148,2.5852,0.0000,79.59,SUCCESS
2025-12-24T13:00:14.210874+00:00,btc-updown-15m-1766582100,TRADE,DOWN,ACCUM,3,3,0.4801,1.4403,23,0.4701,23,0.4801,23,0.9502,1.1448,0.00,1.1448,1.1448,0.0000,78.14,SUCCESS
2025-12-24T13:00:14.712222+00:00,btc-updown-15m-1766582100,TRADE,UP,ACCUM,3,3,0.4700,1.4101,26,0.4701,23,0.4801,23,0.9502,1.1451,0.12,-0.2653,2.7347,0.0000,76.73,SUCCESS
2025-12-24T13:00:14.712398+00:00,btc-updown-15m-1766582100,TRADE,DOWN,ACCUM,3,3,0.4801,1.4404,26,0.4701,26,0.4801,26,0.9502,1.2943,0.00,1.2943,1.2943,0.0000,75.29,SUCCESS
2025-12-24T13:00:15.201935+00:00,btc-updown-15m-1766582100,TRADE,UP,ACCUM,3,3,0.4702,1.4106,29,0.4701,26,0.4801,26,0.9502,1.2941,0.10,-0.1163,2.8837,0.0000,73.88,SUCCESS
2025-12-24T13:00:15.202284+00:00,btc-updown-15m-1766582100,TRADE,DOWN,ACCUM,3,1,0.4801,0.4801,29,0.4701,27,0.4801,27,0.9502,1.3439,0.07,0.4036,2.4036,0.0000,73.40,SUCCESS
2025-12-24T13:00:15.593461+00:00,btc-updown-15m-1766582100,TRADE,DOWN,ACCUM,3,3,0.4802,1.4407,29,0.4701,30,0.4801,29,0.9502,1.4430,0.03,0.9629,1.9629,0.0000,71.96,SUCCESS
2025-12-24T13:00:16.162873+00:00,btc-updown-15m-1766582100,TRADE,DOWN,ACCUM,3,2,0.4801,0.9602,29,0.4701,32,0.4801,29,0.9502,1.4431,0.09,0.0027,3.0027,0.0000,71.00,SUCCESS
2025-12-24T13:00:17.551105+00:00,btc-updown-15m-1766582100,TRADE,UP,ACCUM,3,3,0.4702,1.4106,32,0.4701,32,0.4801,32,0.9502,1.5921,0.00,1.5921,1.5921,0.0000,69.59,SUCCESS
2025-12-24T13:00:18.722087+00:00,btc-updown-15m-1766582100,TRADE,DOWN,ACCUM,3,3,0.4801,1.4404,32,0.4701,35,0.4801,32,0.9502,1.5921,0.09,0.1517,3.1517,0.0000,68.15,SUCCESS
2025-12-24T13:00:19.770047+00:00,btc-updown-15m-1766582100,TRADE,UP,ACCUM,3,3,0.4702,1.4106,35,0.4701,35,0.4801,35,0.9503,1.7412,0.00,1.7412,1.7412,0.0000,66.74,SUCCESS
2025-12-24T13:00:20.265393+00:00,btc-updown-15m-1766582100,TRADE,UP,ACCUM,3,3,0.4701,1.4102,38,0.4701,35,0.4801,35,0.9502,1.7414,0.08,0.3310,3.3310,0.0000,65.33,SUCCESS
2025-12-24T13:00:20.865931+00:00,btc-updown-15m-1766582100,TRADE,UP,ACCUM,3,3,0.4701,1.4102,41,0.4701,35,0.4801,35,0.9502,1.7415,0.15,-1.0792,4.9208,0.0000,63.92,SUCCESS
2025-12-24T13:00:21.269574+00:00,btc-updown-15m-1766582100,TRADE,UP,ACCUM,3,3,0.4702,1.4105,44,0.4701,35,0.4801,35,0.9502,1.7414,0.20,-2.4897,6.5103,0.0000,62.51,SUCCESS
2025-12-24T13:00:21.269791+00:00,btc-updown-15m-1766582100,TRADE,DOWN,ACCUM,3,3,0.4802,1.4406,44,0.4701,38,0.4801,38,0.9503,1.8904,0.14,-0.9303,5.0697,0.0000,61.07,SUCCESS
2025-12-24T13:00:21.774724+00:00,btc-updown-15m-1766582100,TRADE,UP,ACCUM,3,3,0.4700,1.4100,47,0.4701,38,0.4801,38,0.9502,1.8907,0.19,-2.3404,6.6596,0.0000,59.66,SUCCESS
2025-12-24T13:00:22.153431+00:00,btc-updown-15m-1766582100,TRADE,DOWN,ACCUM,3,3,0.4801,1.4404,47,0.4701,41,0.4801,41,0.9502,2.0399,0.13,-0.7808,5.2192,0.0000,58.22,SUCCESS
2025-12-24T13:00:22.747765+00:00,btc-updown-15m-1766582100,TRADE,DOWN,ACCUM,3,3,0.4801,1.4402,47,0.4701,44,0.4801,44,0.9502,2.1894,0.06,0.7790,3.7790,0.0000,56.78,SUCCESS
2025-12-24T13:00:23.557369+00:00,btc-updown-15m-1766582100,TRADE,UP,ACCUM,3,3,0.4701,1.4102,50,0.4701,44,0.4801,44,0.9502,2.1895,0.12,-0.6312,5.3688,0.0000,55.37,SUCCESS
2025-12-24T13:00:23.557705+00:00,btc-updown-15m-1766582100,TRADE,DOWN,ACCUM,3,3,0.4801,1.4403,50,0.4701,47,0.4801,47,0.9502,2.3389,0.06,0.9285,3.9285,0.0000,53.93,SUCCESS
2025-12-24T13:00:24.039819+00:00,btc-updown-15m-1766582100,TRADE,DOWN,ACCUM,3,3,0.4801,1.4403,50,0.4701,50,0.4801,50,0.9502,2.4882,0.00,2.4882,2.4882,0.0000,52.49,SUCCESS
2025-12-24T13:08:48.192198+00:00,btc-updown-15m-1766581200,TRADE,DOWN,ACCUM,2,2,0.9153,1.8306,0,0.0000,2,0.9153,0,0.0000,0.0000,1.00,-1.8306,0.1694,0.0000,98.17,SUCCESS
2025-12-24T13:08:48.442905+00:00,btc-updown-15m-1766581200,RESOLUTION,DOWN,BINANCE_FALLBACK_SHARED,2,2,1.0000,1.8306,0,0.0000,2,0.9153,0,0.0000,0.0000,1.00,0.0000,0.0000,0.1694,100.17,RESOLVED
2025-12-24T13:08:51.352352+00:00,btc-updown-15m-1766582100,TRADE,UP,ACCUM,5,5,0.4601,2.3003,5,0.4601,0,0.0000,0,0.0000,0.0000,1.00,-2.3003,2.6997,0.0000,97.87,SUCCESS
2025-12-24T13:08:51.353019+00:00,btc-updown-15m-1766582100,TRADE,DOWN,ACCUM,5,5,0.5101,2.5504,5,0.4601,5,0.5101,5,0.9701,0.1493,0.00,0.1493,0.1493,0.0000,95.32,SUCCESS
2025-12-24T13:08:51.859979+00:00,btc-updown-15m-1766582100,TRADE,DOWN,ACCUM,4,4,0.5102,2.0408,5,0.4601,9,0.5101,5,0.9702,0.1490,0.44,-1.8916,2.1084,0.0000,93.28,SUCCESS
2025-12-24T13:08:52.376357+00:00,btc-updown-15m-1766582100,TRADE,UP,ACCUM,4,4,0.4602,1.8408,9,0.4601,9,0.5101,9,0.9703,0.2676,0.00,0.2676,0.2676,0.0000,91.44,SUCCESS
2025-12-24T13:08:53.041048+00:00,btc-updown-15m-1766582100,TRADE,DOWN,ACCUM,4,4,0.5101,2.0403,9,0.4601,13,0.5101,9,0.9702,0.2678,0.31,-1.7727,2.2273,0.0000,89.40,SUCCESS
2025-12-24T13:08:53.542892+00:00,btc-updown-15m-1766582100,TRADE,DOWN,ACCUM,3,3,0.5100,1.5301,9,0.4601,16,0.5101,9,0.9702,0.2680,0.44,-3.3027,3.6973,0.0000,87.87,SUCCESS
2025-12-24T13:08:54.227302+00:00,btc-updown-15m-1766582100,TRADE,DOWN,ACCUM,3,3,0.5100,1.5301,9,0.4601,19,0.5101,9,0.9702,0.2681,0.53,-4.8329,5.1671,0.0000,86.34,SUCCESS
2025-12-24T13:08:54.874432+00:00,btc-updown-15m-1766582100,TRADE,UP,ACCUM,4,4,0.4602,1.8408,13,0.4601,19,0.5101,13,0.9702,0.3869,0.32,-2.6736,3.3264,0.0000,84.50,SUCCESS
2025-12-24T13:08:55.284983+00:00,btc-updown-15m-1766582100,TRADE,UP,ACCUM,3,3,0.4602,1.3805,16,0.4601,19,0.5101,16,0.9702,0.4761,0.16,-1.0541,1.9459,0.0000,83.12,SUCCESS
2025-12-24T13:08:55.790466+00:00,btc-updown-15m-1766582100,TRADE,UP,ACCUM,3,3,0.4600,1.3801,19,0.4601,19,0.5101,19,0.9702,0.5658,0.00,0.5658,0.5658,0.0000,81.74,SUCCESS
2025-12-24T13:08:55.791092+00:00,btc-updown-15m-1766582100,TRADE,DOWN,ACCUM,3,3,0.5103,1.5308,19,0.4601,22,0.5101,19,0.9702,0.5654,0.14,-0.9650,2.0350,0.0000,80.20,SUCCESS
2025-12-24T13:08:56.201091+00:00,btc-updown-15m-1766582100,TRADE,UP,ACCUM,3,3,0.4602,1.3806,22,0.4601,22,0.5101,22,0.9703,0.6544,0.00,0.6544,0.6544,0.0000,78.82,SUCCESS
2025-12-24T13:08:56.201580+00:00,btc-updown-15m-1766582100,TRADE,DOWN,ACCUM,2,1,0.5101,0.5101,22,0.4601,23,0.5101,22,0.9703,0.6544,0.04,0.1443,1.1443,0.0000,78.31,SUCCESS
2025-12-24T13:08:56.700109+00:00,btc-updown-15m-1766582100,TRADE,UP,ACCUM,3,3,0.4600,1.3801,25,0.4601,23,0.5101,23,0.9702,0.6845,0.08,-0.2358,1.7642,0.0000,76.93,SUCCESS
2025-12-24T13:08:56.701226+00:00,btc-updown-15m-1766582100,TRADE,DOWN,ACCUM,2,2,0.5102,1.0203,25,0.4601,25,0.5101,25,0.9702,0.7439,0.00,0.7439,0.7439,0.0000,75.91,SUCCESS
2025-12-24T13:08:57.262038+00:00,btc-updown-15m-1766582100,TRADE,UP,ACCUM,3,3,0.4600,1.3800,28,0.4601,25,0.5101,25,0.9702,0.7441,0.11,-0.6362,2.3638,0.0000,74.53,SUCCESS
2025-12-24T13:08:57.875994+00:00,btc-updown-15m-1766582100,TRADE,UP,ACCUM,3,3,0.4800,1.4401,31,0.4620,25,0.5101,25,0.9722,0.6959,0.19,-2.0763,3.9237,0.0000,73.09,SUCCESS
2025-12-24T13:08:58.382849+00:00,btc-updown-15m-1766582100,TRADE,UP,ACCUM,3,3,0.4802,1.4407,34,0.4636,25,0.5101,25,0.9738,0.6558,0.26,-3.5170,5.4830,0.0000,71.65,SUCCESS
2025-12-24T13:08:58.383362+00:00,btc-updown-15m-1766582100,TRADE,DOWN,ACCUM,3,3,0.4902,1.4706,34,0.4636,28,0.5080,28,0.9716,0.7942,0.18,-1.9877,4.0123,0.0000,70.18,SUCCESS
2025-12-24T13:08:58.952743+00:00,btc-updown-15m-1766582100,TRADE,DOWN,ACCUM,3,3,0.4901,1.4702,34,0.4636,31,0.5063,31,0.9699,0.9331,0.09,-0.4579,2.5421,0.0000,68.71,SUCCESS
2025-12-24T13:08:59.543319+00:00,btc-updown-15m-1766582100,TRADE,UP,ACCUM,3,3,0.4802,1.4406,37,0.4650,31,0.5063,31,0.9712,0.8915,0.16,-1.8985,4.1015,0.0000,67.27,SUCCESS
2025-12-24T13:08:59.544071+00:00,btc-updown-15m-1766582100,TRADE,DOWN,ACCUM,3,3,0.4902,1.4706,37,0.4650,34,0.5048,34,0.9698,1.0259,0.08,-0.3691,2.6309,0.0000,65.80,SUCCESS
2025-12-24T13:09:00.098577+00:00,btc-updown-15m-1766582100,TRADE,UP,ACCUM,3,3,0.4801,1.4402,40,0.4661,34,0.5048,34,0.9710,0.9874,0.15,-1.8094,4.1906,0.0000,64.36,SUCCESS
2025-12-24T13:09:00.603409+00:00,btc-updown-15m-1766582100,TRADE,UP,ACCUM,3,3,0.4801,1.4404,43,0.4671,34,0.5048,34,0.9719,0.9542,0.21,-3.2497,5.7503,0.0000,62.92,SUCCESS
2025-12-24T13:09:00.603705+00:00,btc-updown-15m-1766582100,TRADE,DOWN,ACCUM,3,3,0.4900,1.4701,43,0.4671,37,0.5036,37,0.9707,1.0828,0.14,-1.7198,4.2802,0.0000,61.45,SUCCESS
2025-12-24T13:09:01.189775+00:00,btc-updown-15m-1766582100,TRADE,UP,ACCUM,3,3,0.4802,1.4405,46,0.4680,37,0.5036,37,0.9716,1.0513,0.20,-3.1602,5.8398,0.0000,60.01,SUCCESS
2025-12-24T13:09:01.189913+00:00,btc-updown-15m-1766582100,TRADE,DOWN,ACCUM,3,3,0.4901,1.4702,46,0.4680,40,0.5026,40,0.9706,1.1773,0.13,-1.6304,4.3696,0.0000,58.54,SUCCESS
2025-12-24T13:09:01.685567+00:00,btc-updown-15m-1766582100,TRADE,DOWN,ACCUM,3,3,0.4900,1.4701,46,0.4680,43,0.5017,43,0.9697,1.3033,0.07,-0.1005,2.8995,0.0000,57.07,SUCCESS
2025-12-24T13:09:02.083485+00:00,btc-updown-15m-1766582100,TRADE,UP,ACCUM,3,3,0.4802,1.4406,49,0.4687,43,0.5017,43,0.9704,1.2711,0.12,-1.5411,4.4589,0.0000,55.63,SUCCESS
2025-12-24T13:09:02.083908+00:00,btc-updown-15m-1766582100,TRADE,DOWN,ACCUM,3,3,0.4900,1.4701,49,0.4687,46,0.5010,46,0.9697,1.3949,0.06,-0.0112,2.9888,0.0000,54.16,SUCCESS
2025-12-24T13:09:02.502308+00:00,btc-updown-15m-1766582100,TRADE,UP,ACCUM,3,3,0.4800,1.4400,52,0.4694,46,0.5010,46,0.9703,1.3649,0.12,-1.4512,4.5488,0.0000,52.72,SUCCESS
2025-12-24T13:09:02.925488+00:00,btc-updown-15m-1766582100,TRADE,DOWN,ACCUM,3,3,0.4901,1.4702,52,0.4694,49,0.5003,49,0.9697,1.4866,0.06,0.0786,3.0786,0.0000,51.25,SUCCESS
2025-12-24T13:09:03.408416+00:00,btc-updown-15m-1766582100,TRADE,DOWN,ACCUM,3,3,0.4901,1.4702,52,0.4694,52,0.4997,52,0.9691,1.6084,0.00,1.6084,1.6084,0.0000,49.78,SUCCESS
2025-12-24T13:15:00.400806+00:00,btc-updown-15m-1766582100,RESOLUTION,DOWN,BINANCE_FALLBACK_SHARED,104,104,1.0000,50.3916,52,0.4694,52,0.4997,52,0.9691,1.6084,0.00,0.0000,0.0000,1.6084,101.78,RESOLVED
2025-12-24T13:15:03.780912+00:00,btc-updown-15m-1766583000,TRADE,DOWN,ACCUM,5,5,0.4702,2.3511,0,0.0000,5,0.4702,0,0.0000,0.0000,1.00,-2.3511,2.6489,0.0000,99.43,SUCCESS
2025-12-24T13:15:04.199485+00:00,btc-updown-15m-1766583000,TRADE,UP,ACCUM,5,5,0.4800,2.4001,5,0.4800,5,0.4702,5,0.9502,0.2488,0.00,0.2488,0.2488,0.0000,97.03,SUCCESS
2025-12-24T13:15:04.706718+00:00,btc-updown-15m-1766583000,TRADE,DOWN,ACCUM,4,4,0.4701,1.8804,5,0.4800,9,0.4702,5,0.9502,0.2491,0.44,-1.6316,2.3684,0.0000,95.15,SUCCESS
2025-12-24T13:15:05.160746+00:00,btc-updown-15m-1766583000,TRADE,UP,ACCUM,4,4,0.4800,1.9200,9,0.4800,9,0.4702,9,0.9502,0.4484,0.00,0.4484,0.4484,0.0000,93.23,SUCCESS
2025-12-24T13:15:05.602133+00:00,btc-updown-15m-1766583000,TRADE,UP,ACCUM,4,4,0.4801,1.9203,13,0.4800,9,0.4702,9,0.9502,0.4482,0.31,-1.4719,2.5281,0.0000,91.31,SUCCESS
2025-12-24T13:15:06.509464+00:00,btc-updown-15m-1766583000,TRADE,UP,ACCUM,3,3,0.4800,1.4401,16,0.4800,9,0.4702,9,0.9502,0.4482,0.44,-2.9121,4.0879,0.0000,89.87,SUCCESS
2025-12-24T13:15:06.997428+00:00,btc-updown-15m-1766583000,TRADE,UP,ACCUM,3,3,0.4801,1.4403,19,0.4800,9,0.4702,9,0.9502,0.4481,0.53,-4.3523,5.6477,0.0000,88.43,SUCCESS
2025-12-24T13:15:08.316907+00:00,btc-updown-15m-1766583000,TRADE,DOWN,ACCUM,4,4,0.4701,1.8805,19,0.4800,13,0.4702,13,0.9502,0.6474,0.32,-2.2328,3.7672,0.0000,86.55,SUCCESS
2025-12-24T13:15:08.709678+00:00,btc-updown-15m-1766583000,TRADE,DOWN,ACCUM,3,3,0.4700,1.4101,19,0.4800,16,0.4701,16,0.9502,0.7972,0.16,-0.6430,2.3570,0.0000,85.13,SUCCESS
2025-12-24T13:15:09.111004+00:00,btc-updown-15m-1766583000,TRADE,UP,ACCUM,3,3,0.4801,1.4404,22,0.4801,16,0.4701,16,0.9502,0.7970,0.27,-2.0833,3.9167,0.0000,83.69,SUCCESS
2025-12-24T13:15:09.562737+00:00,btc-updown-15m-1766583000,TRADE,UP,ACCUM,3,3,0.4801,1.4402,25,0.4801,16,0.4701,16,0.9502,0.7970,0.36,-3.5236,5.4764,0.0000,82.25,SUCCESS
2025-12-24T13:15:09.959194+00:00,btc-updown-15m-1766583000,TRADE,DOWN,ACCUM,3,3,0.4701,1.4103,25,0.4801,19,0.4701,19,0.9502,0.9465,0.24,-1.9339,4.0661,0.0000,80.84,SUCCESS
2025-12-24T13:15:10.855658+00:00,btc-updown-15m-1766583000,TRADE,DOWN,ACCUM,3,3,0.4700,1.4101,25,0.4801,22,0.4701,22,0.9502,1.0962,0.12,-0.3440,2.6560,0.0000,79.43,SUCCESS
2025-12-24T13:15:11.352940+00:00,btc-updown-15m-1766583000,TRADE,UP,ACCUM,3,3,0.4802,1.4405,28,0.4801,22,0.4701,22,0.9502,1.0959,0.21,-1.7845,4.2155,0.0000,77.99,SUCCESS
2025-12-24T13:15:11.834409+00:00,btc-updown-15m-1766583000,TRADE,DOWN,ACCUM,3,3,0.4701,1.4102,28,0.4801,25,0.4701,25,0.9502,1.2455,0.11,-0.1947,2.8053,0.0000,76.58,SUCCESS
2025-12-24T13:15:13.149720+00:00,btc-updown-15m-1766583000,TRADE,UP,ACCUM,3,3,0.4801,1.4404,31,0.4801,25,0.4701,25,0.9502,1.2454,0.19,-1.6350,4.3650,0.0000,75.14,SUCCESS
2025-12-24T13:15:13.581304+00:00,btc-updown-15m-1766583000,TRADE,UP,ACCUM,3,3,0.4801,1.4403,34,0.4801,25,0.4701,25,0.9502,1.2453,0.26,-3.0753,5.9247,0.0000,73.70,SUCCESS
2025-12-24T13:15:14.972117+00:00,btc-updown-15m-1766583000,TRADE,DOWN,ACCUM,3,3,0.4700,1.4101,34,0.4801,28,0.4701,28,0.9502,1.3950,0.18,-1.4854,4.5146,0.0000,72.29,SUCCESS
2025-12-24T13:15:15.451629+00:00,btc-updown-15m-1766583000,TRADE,UP,ACCUM,3,2,0.4802,0.9604,36,0.4801,28,0.4701,28,0.9502,1.3948,0.22,-2.4459,5.5541,0.0000,71.33,SUCCESS
2025-12-24T13:15:15.883071+00:00,btc-updown-15m-1766583000,TRADE,DOWN,ACCUM,3,3,0.4700,1.4101,36,0.4801,31,0.4701,31,0.9502,1.5444,0.14,-0.8560,4.1440,0.0000,69.92,SUCCESS
2025-12-24T13:15:16.271089+00:00,btc-updown-15m-1766583000,TRADE,UP,ACCUM,3,1,0.4801,0.4801,37,0.4801,31,0.4701,31,0.9502,1.5444,0.16,-1.3361,4.6639,0.0000,69.44,SUCCESS
2025-12-24T13:15:16.682382+00:00,btc-updown-15m-1766583000,TRADE,DOWN,ACCUM,3,3,0.4701,1.4102,37,0.4801,34,0.4701,34,0.9502,1.6939,0.08,0.2536,3.2536,0.0000,68.03,SUCCESS
2025-12-24T13:15:17.114228+00:00,btc-updown-15m-1766583000,TRADE,UP,ACCUM,3,3,0.4800,1.4401,40,0.4801,34,0.4701,34,0.9502,1.6940,0.15,-1.1865,4.8135,0.0000,66.59,SUCCESS
2025-12-24T13:15:17.604134+00:00,btc-updown-15m-1766583000,TRADE,UP,ACCUM,3,3,0.4801,1.4403,43,0.4801,34,0.4701,34,0.9502,1.6940,0.21,-2.6267,6.3733,0.0000,65.15,SUCCESS
2025-12-24T13:15:18.885280+00:00,btc-updown-15m-1766583000,TRADE,DOWN,ACCUM,3,2,0.4702,0.9404,43,0.4801,36,0.4701,36,0.9502,1.7934,0.16,-1.5672,5.4328,0.0000,64.21,SUCCESS
2025-12-24T13:15:21.021563+00:00,btc-updown-15m-1766583000,TRADE,UP,ACCUM,3,3,0.4800,1.4400,46,0.4801,36,0.4701,36,0.9502,1.7936,0.22,-3.0072,6.9928,0.0000,62.77,SUCCESS
2025-12-24T13:15:21.022013+00:00,btc-updown-15m-1766583000,TRADE,DOWN,ACCUM,3,3,0.4702,1.4105,46,0.4801,39,0.4701,39,0.9502,1.9429,0.15,-1.4177,5.5823,0.0000,61.36,SUCCESS
2025-12-24T13:15:21.590155+00:00,btc-updown-15m-1766583000,TRADE,DOWN,ACCUM,3,3,0.4701,1.4102,46,0.4801,42,0.4701,42,0.9502,2.0924,0.09,0.1721,4.1721,0.0000,59.95,SUCCESS
2025-12-24T13:15:22.038805+00:00,btc-updown-15m-1766583000,TRADE,UP,ACCUM,3,3,0.4801,1.4403,49,0.4801,42,0.4701,42,0.9502,2.0923,0.14,-1.2682,5.7318,0.0000,58.51,SUCCESS
2025-12-24T13:15:22.039109+00:00,btc-updown-15m-1766583000,TRADE,DOWN,ACCUM,3,3,0.4701,1.4102,49,0.4801,45,0.4701,45,0.9502,2.2419,0.08,0.3216,4.3216,0.0000,57.10,SUCCESS
2025-12-24T13:15:22.440946+00:00,btc-updown-15m-1766583000,TRADE,UP,ACCUM,3,3,0.4800,1.4400,52,0.4801,45,0.4701,45,0.9502,2.2421,0.13,-1.1185,5.8815,0.0000,55.66,SUCCESS
2025-12-24T13:15:22.441561+00:00,btc-updown-15m-1766583000,TRADE,DOWN,ACCUM,3,3,0.4702,1.4107,52,0.4801,48,0.4701,48,0.9502,2.3912,0.08,0.4709,4.4709,0.0000,54.25,SUCCESS
2025-12-24T13:15:22.866852+00:00,btc-updown-15m-1766583000,TRADE,DOWN,ACCUM,3,3,0.4701,1.4103,52,0.4801,51,0.4701,51,0.9502,2.5407,0.02,2.0606,3.0606,0.0000,52.84,SUCCESS
2025-12-24T13:42:18.722852+00:00,btc-updown-15m-1766583900,TRADE,UP,ACCUM,5,5,0.5651,2.8254,5,0.5651,0,0.0000,0,0.0000,0.0000,1.00,-2.8254,2.1746,0.0000,97.17,SUCCESS
2025-12-24T13:42:18.723784+00:00,btc-updown-15m-1766583900,TRADE,DOWN,ACCUM,5,5,0.4352,2.1760,5,0.5651,5,0.4352,5,1.0003,-0.0015,0.00,-0.0015,-0.0015,0.0000,95.00,SUCCESS
2025-12-24T13:42:19.228708+00:00,btc-updown-15m-1766583900,TRADE,UP,ACCUM,4,4,0.5652,2.2609,9,0.5651,5,0.4352,5,1.0004,-0.0018,0.44,-2.2624,1.7376,0.0000,92.74,SUCCESS
2025-12-24T13:42:19.228885+00:00,btc-updown-15m-1766583900,TRADE,DOWN,ACCUM,4,4,0.4352,1.7408,9,0.5651,9,0.4352,9,1.0004,-0.0032,0.00,-0.0032,-0.0032,0.0000,91.00,SUCCESS
2025-12-24T13:42:19.741043+00:00,btc-updown-15m-1766583900,TRADE,UP,ACCUM,4,4,0.5652,2.2610,13,0.5652,9,0.4352,9,1.0004,-0.0034,0.31,-2.2641,1.7359,0.0000,88.74,SUCCESS
2025-12-24T13:42:19.741242+00:00,btc-updown-15m-1766583900,TRADE,DOWN,ACCUM,4,4,0.4350,1.7401,13,0.5652,13,0.4352,13,1.0003,-0.0043,0.00,-0.0043,-0.0043,0.0000,87.00,SUCCESS
2025-12-24T13:42:20.242680+00:00,btc-updown-15m-1766583900,TRADE,UP,ACCUM,3,3,0.5650,1.6951,16,0.5651,13,0.4352,13,1.0003,-0.0039,0.19,-1.6993,1.3007,0.0000,85.30,SUCCESS
2025-12-24T13:42:20.243127+00:00,btc-updown-15m-1766583900,TRADE,DOWN,ACCUM,3,3,0.4351,1.3054,16,0.5651,16,0.4351,16,1.0003,-0.0047,0.00,-0.0047,-0.0047,0.0000,84.00,SUCCESS
2025-12-24T13:42:20.656812+00:00,btc-updown-15m-1766583900,TRADE,UP,ACCUM,3,3,0.5651,1.6952,19,0.5651,16,0.4351,16,1.0003,-0.0045,0.16,-1.6999,1.3001,0.0000,82.30,SUCCESS
2025-12-24T13:42:20.657089+00:00,btc-updown-15m-1766583900,TRADE,DOWN,ACCUM,3,3,0.4351,1.3053,19,0.5651,19,0.4351,19,1.0003,-0.0052,0.00,-0.0052,-0.0052,0.0000,80.99,SUCCESS
2025-12-24T13:42:21.182476+00:00,btc-updown-15m-1766583900,TRADE,UP,ACCUM,3,3,0.5651,1.6952,22,0.5651,19,0.4351,19,1.0003,-0.0050,0.14,-1.7004,1.2996,0.0000,79.30,SUCCESS
2025-12-24T13:42:21.183180+00:00,btc-updown-15m-1766583900,TRADE,DOWN,ACCUM,3,3,0.4352,1.3056,22,0.5651,22,0.4351,22,1.0003,-0.0060,0.00,-0.0060,-0.0060,0.0000,77.99,SUCCESS
2025-12-24T13:42:21.691347+00:00,btc-updown-15m-1766583900,TRADE,UP,ACCUM,2,2,0.5651,1.1302,24,0.5651,22,0.4351,22,1.0003,-0.0059,0.08,-1.1361,0.8639,0.0000,76.86,SUCCESS
2025-12-24T13:42:21.691685+00:00,btc-updown-15m-1766583900,TRADE,DOWN,ACCUM,3,3,0.4300,1.2901,24,0.5651,25,0.4345,24,0.9997,0.0083,0.04,-0.4263,0.5737,0.0000,75.57,SUCCESS
2025-12-24T13:42:22.183583+00:00,btc-updown-15m-1766583900,TRADE,UP,ACCUM,2,2,0.5651,1.1302,26,0.5651,25,0.4345,25,0.9997,0.0087,0.04,-0.5565,0.4435,0.0000,74.44,SUCCESS
2025-12-24T13:42:22.184067+00:00,btc-updown-15m-1766583900,TRADE,DOWN,ACCUM,3,3,0.4352,1.3055,26,0.5651,28,0.4346,26,0.9997,0.0073,0.07,-0.8620,1.1380,0.0000,73.14,SUCCESS
2025-12-24T13:42:22.811919+00:00,btc-updown-15m-1766583900,TRADE,UP,ACCUM,2,2,0.5652,1.1304,28,0.5651,28,0.4346,28,0.9997,0.0076,0.00,0.0076,0.0076,0.0000,72.01,SUCCESS
2025-12-24T13:42:22.812295+00:00,btc-updown-15m-1766583900,TRADE,DOWN,ACCUM,3,2,0.4351,0.8702,28,0.5651,30,0.4346,28,0.9998,0.0068,0.07,-0.8625,1.1375,0.0000,71.14,SUCCESS
2025-12-24T13:42:23.308964+00:00,btc-updown-15m-1766583900,TRADE,UP,ACCUM,2,2,0.5651,1.1302,30,0.5651,30,0.4346,30,0.9998,0.0073,0.00,0.0073,0.0073,0.0000,70.01,SUCCESS
2025-12-24T13:42:23.309454+00:00,btc-updown-15m-1766583900,TRADE,DOWN,ACCUM,3,3,0.4352,1.3056,30,0.5651,33,0.4347,30,0.9998,0.0058,0.09,-1.2983,1.7017,0.0000,68.70,SUCCESS
2025-12-24T13:42:23.802985+00:00,btc-updown-15m-1766583900,TRADE,UP,ACCUM,2,2,0.5651,1.1301,32,0.5651,33,0.4347,32,0.9998,0.0062,0.03,-0.4284,0.5716,0.0000,67.57,SUCCESS
2025-12-24T13:42:23.803426+00:00,btc-updown-15m-1766583900,TRADE,DOWN,ACCUM,3,3,0.4352,1.3056,32,0.5651,36,0.4347,32,0.9998,0.0048,0.11,-1.7341,2.2659,0.0000,66.27,SUCCESS
2025-12-24T13:42:24.186596+00:00,btc-updown-15m-1766583900,TRADE,UP,ACCUM,2,2,0.5651,1.1302,34,0.5651,36,0.4347,34,0.9998,0.0051,0.06,-0.8643,1.1357,0.0000,65.14,SUCCESS
2025-12-24T13:42:24.187258+00:00,btc-updown-15m-1766583900,TRADE,DOWN,ACCUM,3,2,0.4352,0.8704,34,0.5651,38,0.4348,34,0.9999,0.0043,0.11,-1.7347,2.2653,0.0000,64.27,SUCCESS
2025-12-24T13:42:24.592838+00:00,btc-updown-15m-1766583900,TRADE,UP,ACCUM,2,2,0.5651,1.1302,36,0.5651,38,0.4348,36,0.9999,0.0046,0.05,-0.8649,1.1351,0.0000,63.14,SUCCESS
2025-12-24T13:42:24.593538+00:00,btc-updown-15m-1766583900,TRADE,DOWN,ACCUM,3,3,0.4351,1.3052,36,0.5651,41,0.4348,36,0.9999,0.0038,0.12,-2.1701,2.8299,0.0000,61.83,SUCCESS
2025-12-24T13:42:25.205046+00:00,btc-updown-15m-1766583900,TRADE,UP,ACCUM,2,2,0.5652,1.1304,38,0.5651,41,0.4348,38,0.9999,0.0038,0.07,-1.3005,1.6995,0.0000,60.70,SUCCESS
2025-12-24T13:42:25.205350+00:00,btc-updown-15m-1766583900,TRADE,DOWN,ACCUM,3,3,0.4351,1.3053,38,0.5651,44,0.4348,38,0.9999,0.0030,0.14,-2.6058,3.3942,0.0000,59.39,SUCCESS
2025-12-24T13:42:25.723091+00:00,btc-updown-15m-1766583900,TRADE,UP,ACCUM,2,2,0.5651,1.1303,40,0.5651,44,0.4348,40,0.9999,0.0031,0.09,-1.7361,2.2639,0.0000,58.26,SUCCESS
2025-12-24T13:42:25.723501+00:00,btc-updown-15m-1766583900,TRADE,DOWN,ACCUM,3,1,0.4452,0.4452,40,0.5651,45,0.4350,40,1.0002,-0.0062,0.11,-2.1814,2.8186,0.0000,57.82,SUCCESS
2025-12-24T13:42:26.357543+00:00,btc-updown-15m-1766583900,TRADE,UP,ACCUM,2,2,0.5552,1.1105,42,0.5647,45,0.4350,42,0.9997,0.0133,0.07,-1.2918,1.7082,0.0000,56.71,SUCCESS
2025-12-24T13:42:26.357892+00:00,btc-updown-15m-1766583900,TRADE,DOWN,ACCUM,3,3,0.4451,1.3352,42,0.5647,48,0.4357,42,1.0003,-0.0130,0.12,-2.6270,3.3730,0.0000,55.37,SUCCESS
2025-12-24T13:42:26.855124+00:00,btc-updown-15m-1766583900,TRADE,UP,ACCUM,2,2,0.5551,1.1102,44,0.5642,48,0.4357,44,0.9999,0.0055,0.08,-1.7372,2.2628,0.0000,54.26,SUCCESS
2025-12-24T13:42:26.855556+00:00,btc-updown-15m-1766583900,TRADE,DOWN,ACCUM,3,3,0.4451,1.3353,44,0.5642,51,0.4362,44,1.0004,-0.0189,0.14,-3.0724,3.9276,0.0000,52.93,SUCCESS
2025-12-24T13:42:27.342717+00:00,btc-updown-15m-1766583900,TRADE,UP,ACCUM,2,2,0.5551,1.1101,46,0.5638,51,0.4362,46,1.0000,-0.0015,0.10,-2.1826,2.8174,0.0000,51.82,SUCCESS
2025-12-24T13:42:27.861331+00:00,btc-updown-15m-1766583900,TRADE,UP,ACCUM,2,2,0.5553,1.1105,48,0.5635,51,0.4362,48,0.9997,0.0156,0.06,-1.2931,1.7069,0.0000,50.71,SUCCESS
2025-12-24T13:42:28.865756+00:00,btc-updown-15m-1766583900,TRADE,UP,ACCUM,2,2,0.5552,1.1104,50,0.5631,51,0.4362,50,0.9993,0.0328,0.02,-0.4035,0.5965,0.0000,49.60,SUCCESS
2025-12-24T13:45:00.306029+00:00,btc-updown-15m-1766583900,RESOLUTION,DOWN,BINANCE_FALLBACK_SHARED,101,101,1.0000,50.4035,50,0.5631,51,0.4362,50,0.9993,0.0328,0.02,0.0000,0.0000,0.5965,100.60,RESOLVED
2025-12-24T13:45:04.173119+00:00,btc-updown-15m-1766584800,TRADE,UP,ACCUM,5,5,0.4800,2.4002,5,0.4800,0,0.0000,0,0.0000,0.0000,1.00,-2.4002,2.5998,0.0000,98.20,SUCCESS
2025-12-24T13:45:04.173465+00:00,btc-updown-15m-1766584800,TRADE,DOWN,ACCUM,5,5,0.4702,2.3509,5,0.4800,5,0.4702,5,0.9502,0.2488,0.00,0.2488,0.2488,0.0000,95.85,SUCCESS
2025-12-24T13:45:04.666147+00:00,btc-updown-15m-1766584800,TRADE,UP,ACCUM,4,2,0.4800,0.9601,7,0.4800,5,0.4702,5,0.9502,0.2488,0.29,-0.7112,1.2888,0.0000,94.89,SUCCESS
2025-12-24T13:45:06.093842+00:00,btc-updown-15m-1766584800,TRADE,DOWN,ACCUM,4,4,0.4701,1.8805,7,0.4800,9,0.4702,7,0.9502,0.3486,0.22,-0.5918,1.4082,0.0000,93.00,SUCCESS
2025-12-24T13:45:06.706153+00:00,btc-updown-15m-1766584800,TRADE,UP,ACCUM,4,4,0.4800,1.9199,11,0.4800,9,0.4702,9,0.9502,0.4484,0.18,-0.5117,1.4883,0.0000,91.08,SUCCESS
2025-12-24T13:45:07.342140+00:00,btc-updown-15m-1766584800,TRADE,DOWN,ACCUM,4,4,0.4700,1.8801,11,0.4800,13,0.4701,11,0.9501,0.5485,0.15,-0.3917,1.6083,0.0000,89.20,SUCCESS
2025-12-24T13:45:07.883488+00:00,btc-updown-15m-1766584800,TRADE,UP,ACCUM,3,3,0.4801,1.4403,14,0.4800,13,0.4701,13,0.9502,0.6480,0.07,0.1680,1.1680,0.0000,87.76,SUCCESS
2025-12-24T13:45:07.883825+00:00,btc-updown-15m-1766584800,TRADE,DOWN,ACCUM,3,3,0.4702,1.4106,14,0.4800,16,0.4701,14,0.9502,0.6977,0.12,-0.2426,1.7574,0.0000,86.35,SUCCESS
2025-12-24T13:45:08.398855+00:00,btc-updown-15m-1766584800,TRADE,UP,ACCUM,3,3,0.4802,1.4406,17,0.4801,16,0.4701,16,0.9502,0.7968,0.06,0.3168,1.3168,0.0000,84.91,SUCCESS
2025-12-24T13:45:08.399342+00:00,btc-updown-15m-1766584800,TRADE,DOWN,ACCUM,3,3,0.4701,1.4103,17,0.4801,19,0.4701,17,0.9502,0.8467,0.11,-0.0936,1.9064,0.0000,83.50,SUCCESS
2025-12-24T13:45:08.806823+00:00,btc-updown-15m-1766584800,TRADE,DOWN,ACCUM,3,3,0.4701,1.4103,17,0.4801,22,0.4701,17,0.9502,0.8468,0.23,-1.5039,3.4961,0.0000,82.09,SUCCESS
2025-12-24T13:45:09.860074+00:00,btc-updown-15m-1766584800,TRADE,UP,ACCUM,3,3,0.4800,1.4400,20,0.4801,22,0.4701,20,0.9502,0.9964,0.09,0.0561,2.0561,0.0000,80.65,SUCCESS
2025-12-24T13:45:09.860458+00:00,btc-updown-15m-1766584800,TRADE,DOWN,ACCUM,3,3,0.4700,1.4101,20,0.4801,25,0.4701,20,0.9502,0.9965,0.20,-1.3540,3.6460,0.0000,79.24,SUCCESS
2025-12-24T13:45:10.897719+00:00,btc-updown-15m-1766584800,TRADE,UP,ACCUM,3,3,0.4801,1.4402,23,0.4801,25,0.4701,23,0.9502,1.1460,0.08,0.2057,2.2057,0.0000,77.80,SUCCESS
2025-12-24T13:45:11.276177+00:00,btc-updown-15m-1766584800,TRADE,DOWN,ACCUM,3,3,0.4700,1.4101,23,0.4801,28,0.4701,23,0.9502,1.1462,0.18,-1.2043,3.7957,0.0000,76.39,SUCCESS
2025-12-24T13:45:11.669171+00:00,btc-updown-15m-1766584800,TRADE,UP,ACCUM,3,3,0.4800,1.4401,26,0.4801,28,0.4701,26,0.9502,1.2957,0.07,0.3555,2.3555,0.0000,74.95,SUCCESS
2025-12-24T13:45:12.181575+00:00,btc-updown-15m-1766584800,TRADE,UP,ACCUM,3,3,0.4801,1.4402,29,0.4801,28,0.4701,28,0.9502,1.3954,0.03,0.9154,1.9154,0.0000,73.51,SUCCESS
2025-12-24T13:45:13.221117+00:00,btc-updown-15m-1766584800,TRADE,DOWN,ACCUM,3,3,0.4702,1.4105,29,0.4801,31,0.4701,29,0.9502,1.4451,0.06,0.5049,2.5049,0.0000,72.10,SUCCESS
2025-12-24T13:45:14.259980+00:00,btc-updown-15m-1766584800,TRADE,DOWN,ACCUM,3,3,0.4701,1.4104,29,0.4801,34,0.4701,29,0.9502,1.4450,0.15,-0.9056,4.0944,0.0000,70.69,SUCCESS
2025-12-24T13:45:14.743771+00:00,btc-updown-15m-1766584800,TRADE,UP,ACCUM,3,3,0.4801,1.4403,32,0.4801,34,0.4701,32,0.9502,1.5944,0.06,0.6542,2.6542,0.0000,69.25,SUCCESS
2025-12-24T13:45:15.365580+00:00,btc-updown-15m-1766584800,TRADE,UP,ACCUM,3,3,0.4801,1.4403,35,0.4801,34,0.4701,34,0.9502,1.6939,0.03,1.2138,2.2138,0.0000,67.81,SUCCESS
2025-12-24T13:45:16.264926+00:00,btc-updown-15m-1766584800,TRADE,UP,ACCUM,3,3,0.4800,1.4401,38,0.4801,34,0.4701,34,0.9502,1.6940,0.11,-0.2263,3.7737,0.0000,66.37,SUCCESS
2025-12-24T13:45:16.762325+00:00,btc-updown-15m-1766584800,TRADE,UP,ACCUM,3,3,0.4800,1.4399,41,0.4801,34,0.4701,34,0.9502,1.6943,0.17,-1.6661,5.3339,0.0000,64.93,SUCCESS
2025-12-24T13:45:17.143445+00:00,btc-updown-15m-1766584800,TRADE,UP,ACCUM,3,3,0.4801,1.4402,44,0.4801,34,0.4701,34,0.9502,1.6942,0.23,-3.1063,6.8937,0.0000,63.49,SUCCESS
2025-12-24T13:45:17.143821+00:00,btc-updown-15m-1766584800,TRADE,DOWN,ACCUM,3,3,0.4701,1.4103,44,0.4801,37,0.4701,37,0.9502,1.8437,0.16,-1.5167,5.4833,0.0000,62.08,SUCCESS
2025-12-24T13:45:17.686469+00:00,btc-updown-15m-1766584800,TRADE,DOWN,ACCUM,3,3,0.4701,1.4104,44,0.4801,40,0.4701,40,0.9502,1.9932,0.09,0.0729,4.0729,0.0000,60.67,SUCCESS
2025-12-24T13:45:18.183075+00:00,btc-updown-15m-1766584800,TRADE,DOWN,ACCUM,3,3,0.4702,1.4107,44,0.4801,43,0.4701,43,0.9502,2.1423,0.02,1.6623,2.6623,0.0000,59.26,SUCCESS
2025-12-24T13:45:18.813688+00:00,btc-updown-15m-1766584800,TRADE,UP,ACCUM,3,3,0.4802,1.4407,47,0.4801,43,0.4701,43,0.9502,2.1419,0.09,0.2216,4.2216,0.0000,57.82,SUCCESS
2025-12-24T13:45:19.665926+00:00,btc-updown-15m-1766584800,TRADE,UP,ACCUM,3,3,0.4801,1.4404,50,0.4801,43,0.4701,43,0.9502,2.1417,0.14,-1.2188,5.7812,0.0000,56.38,SUCCESS
2025-12-24T13:45:20.200032+00:00,btc-updown-15m-1766584800,TRADE,DOWN,ACCUM,3,3,0.4700,1.4100,50,0.4801,46,0.4701,46,0.9502,2.2915,0.08,0.3712,4.3712,0.0000,54.97,SUCCESS
2025-12-24T13:45:21.141356+00:00,btc-updown-15m-1766584800,TRADE,DOWN,ACCUM,3,3,0.4702,1.4106,50,0.4801,49,0.4701,49,0.9502,2.4407,0.02,1.9606,2.9606,0.0000,53.56,SUCCESS
2025-12-24T13:45:22.940161+00:00,btc-updown-15m-1766584800,TRADE,DOWN,ACCUM,3,3,0.4700,1.4101,50,0.4801,52,0.4701,50,0.9502,2.4908,0.04,1.5506,3.5506,0.0000,52.15,SUCCESS
2025-12-24T14:00:00.472464+00:00,btc-updown-15m-1766584800,RESOLUTION,UP,BINANCE_FALLBACK_SHARED,102,102,1.0000,48.4494,50,0.4801,52,0.4701,50,0.9502,2.4908,0.04,0.0000,0.0000,1.5506,102.15,RESOLVED
2025-12-24T14:33:18.045371+00:00,btc-updown-15m-1766586600,TRADE,UP,ACCUM,9,9,0.3851,3.4662,9,0.3851,0,0.0000,0,0.0000,0.0000,1.00,-3.4662,5.5338,0.0000,496.53,SUCCESS
2025-12-24T14:33:18.045781+00:00,btc-updown-15m-1766586600,TRADE,DOWN,ACCUM,3,3,0.6153,1.8458,9,0.3851,3,0.6153,3,1.0004,-0.0012,0.67,-2.3120,3.6880,0.0000,494.69,SUCCESS
2025-12-24T14:33:18.391416+00:00,btc-updown-15m-1766586600,RESOLUTION,DOWN,BINANCE_FALLBACK_SHARED,12,12,1.0000,5.3120,9,0.3851,3,0.6153,3,1.0004,-0.0012,0.67,0.0000,0.0000,-2.3120,497.69,RESOLVED
2025-12-24T14:33:27.246080+00:00,btc-updown-15m-1766587500,TRADE,UP,ACCUM,6,6,0.4901,2.9405,6,0.4901,0,0.0000,0,0.0000,0.0000,1.00,-2.9405,3.0595,0.0000,494.75,SUCCESS
2025-12-24T14:33:27.246457+00:00,btc-updown-15m-1766587500,TRADE,DOWN,ACCUM,6,6,0.4601,2.7604,6,0.4901,6,0.4601,6,0.9501,0.2991,0.00,0.2991,0.2991,0.0000,491.99,SUCCESS
2025-12-24T14:33:38.094880+00:00,btc-updown-15m-1766587500,TRADE,UP,ACCUM,5,5,0.4901,2.4505,11,0.4901,6,0.4601,6,0.9501,0.2991,0.45,-2.1513,2.8487,0.0000,489.54,SUCCESS
2025-12-24T14:33:38.096308+00:00,btc-updown-15m-1766587500,TRADE,DOWN,ACCUM,5,3,0.4602,1.3807,11,0.4901,9,0.4601,9,0.9502,0.4482,0.18,-0.5320,1.4680,0.0000,488.16,SUCCESS
2025-12-24T14:33:43.602373+00:00,btc-updown-15m-1766587500,TRADE,UP,ACCUM,4,4,0.4901,1.9604,15,0.4901,9,0.4601,9,0.9502,0.4482,0.40,-2.4923,3.5077,0.0000,486.20,SUCCESS
2025-12-24T14:33:43.602829+00:00,btc-updown-15m-1766587500,TRADE,DOWN,ACCUM,5,5,0.4600,2.2998,15,0.4901,14,0.4601,14,0.9501,0.6980,0.07,0.2079,1.2079,0.0000,483.90,SUCCESS
2025-12-24T14:33:49.033842+00:00,btc-updown-15m-1766587500,TRADE,UP,ACCUM,4,4,0.4901,1.9603,19,0.4901,14,0.4601,14,0.9501,0.6980,0.26,-1.7525,3.2475,0.0000,481.94,SUCCESS
2025-12-24T14:33:54.557767+00:00,btc-updown-15m-1766587500,TRADE,UP,ACCUM,4,4,0.4900,1.9601,23,0.4901,14,0.4601,14,0.9501,0.6981,0.39,-3.7125,5.2875,0.0000,479.98,SUCCESS
2025-12-24T14:34:11.329885+00:00,btc-updown-15m-1766587500,TRADE,DOWN,ACCUM,4,4,0.4601,1.8404,23,0.4901,18,0.4601,18,0.9501,0.8975,0.22,-1.5529,3.4471,0.0000,478.14,SUCCESS
2025-12-24T14:34:16.869545+00:00,btc-updown-15m-1766587500,TRADE,DOWN,ACCUM,4,4,0.4600,1.8401,23,0.4901,22,0.4601,22,0.9501,1.0970,0.04,0.6070,1.6070,0.0000,476.29,SUCCESS
2025-12-24T14:34:33.711715+00:00,btc-updown-15m-1766587500,TRADE,UP,ACCUM,3,2,0.5101,1.0202,25,0.4917,22,0.4601,22,0.9517,1.0618,0.12,-0.4132,2.5868,0.0000,475.27,SUCCESS
2025-12-24T14:34:33.713154+00:00,btc-updown-15m-1766587500,TRADE,DOWN,ACCUM,3,3,0.4402,1.3205,25,0.4917,25,0.4577,25,0.9493,1.2663,0.00,1.2663,1.2663,0.0000,473.95,SUCCESS
2025-12-24T14:34:39.120765+00:00,btc-updown-15m-1766587500,TRADE,UP,ACCUM,3,3,0.5102,1.5307,28,0.4937,25,0.4577,25,0.9513,1.2167,0.11,-0.2643,2.7357,0.0000,472.42,SUCCESS
2025-12-24T14:34:44.530615+00:00,btc-updown-15m-1766587500,TRADE,UP,ACCUM,3,3,0.5100,1.5301,31,0.4952,25,0.4577,25,0.9529,1.1770,0.19,-1.7945,4.2055,0.0000,470.89,SUCCESS
2025-12-24T14:34:44.531298+00:00,btc-updown-15m-1766587500,TRADE,DOWN,ACCUM,3,3,0.4402,1.3206,31,0.4952,28,0.4558,28,0.9510,1.3706,0.10,-0.1151,2.8849,0.0000,469.57,SUCCESS
2025-12-24T14:34:50.066067+00:00,btc-updown-15m-1766587500,TRADE,UP,ACCUM,2,2,0.5102,1.0203,33,0.4962,28,0.4558,28,0.9520,1.3453,0.15,-1.1354,3.8646,0.0000,468.55,SUCCESS
2025-12-24T14:34:50.066994+00:00,btc-updown-15m-1766587500,TRADE,DOWN,ACCUM,3,2,0.4402,0.8804,33,0.4962,30,0.4548,30,0.9509,1.4727,0.09,-0.0158,2.9842,0.0000,467.67,SUCCESS
2025-12-24T14:34:55.482881+00:00,btc-updown-15m-1766587500,TRADE,DOWN,ACCUM,3,3,0.4302,1.2906,33,0.4962,33,0.4525,33,0.9487,1.6936,0.00,1.6936,1.6936,0.0000,466.38,SUCCESS
2025-12-24T14:35:01.058567+00:00,btc-updown-15m-1766587500,TRADE,UP,ACCUM,2,2,0.5200,1.0400,35,0.4975,33,0.4525,33,0.9500,1.6486,0.06,0.6535,2.6535,0.0000,465.34,SUCCESS
2025-12-24T14:35:01.059899+00:00,btc-updown-15m-1766587500,TRADE,DOWN,ACCUM,3,3,0.4501,1.3504,35,0.4975,36,0.4523,35,0.9498,1.7554,0.03,1.3031,2.3031,0.0000,463.99,SUCCESS
2025-12-24T14:35:12.069668+00:00,btc-updown-15m-1766587500,TRADE,DOWN,ACCUM,3,3,0.4501,1.3504,35,0.4975,39,0.4522,35,0.9497,1.7614,0.10,-0.0473,3.9527,0.0000,462.64,SUCCESS
2025-12-24T14:35:17.584085+00:00,btc-updown-15m-1766587500,TRADE,UP,ACCUM,2,2,0.5200,1.0400,37,0.4987,39,0.4522,37,0.9509,1.8170,0.05,0.9127,2.9127,0.0000,461.60,SUCCESS
2025-12-24T14:35:17.584620+00:00,btc-updown-15m-1766587500,TRADE,DOWN,ACCUM,3,3,0.4501,1.3504,37,0.4987,42,0.4520,37,0.9507,1.8223,0.12,-0.4377,4.5623,0.0000,460.25,SUCCESS
2025-12-24T14:35:23.130605+00:00,btc-updown-15m-1766587500,TRADE,UP,ACCUM,2,2,0.5201,1.0402,39,0.4998,42,0.4520,39,0.9518,1.8781,0.07,0.5221,3.5221,0.0000,459.21,SUCCESS
2025-12-24T14:35:28.659039+00:00,btc-updown-15m-1766587500,TRADE,UP,ACCUM,2,2,0.5202,1.0405,41,0.5008,42,0.4520,41,0.9528,1.9336,0.02,1.4816,2.4816,0.0000,458.17,SUCCESS
2025-12-24T14:35:34.485843+00:00,btc-updown-15m-1766587500,TRADE,UP,ACCUM,2,2,0.5202,1.0404,43,0.5017,42,0.4520,42,0.9537,1.9430,0.02,1.4412,2.4412,0.0000,457.13,SUCCESS
2025-12-24T14:35:40.031164+00:00,btc-updown-15m-1766587500,TRADE,UP,ACCUM,2,1,0.5302,0.5302,44,0.5024,42,0.4520,42,0.9544,1.9158,0.05,0.9110,2.9110,0.0000,456.60,SUCCESS
2025-12-24T14:35:45.549562+00:00,btc-updown-15m-1766587500,TRADE,UP,ACCUM,2,1,0.5201,0.5201,45,0.5028,42,0.4520,42,0.9548,1.8992,0.07,0.3909,3.3909,0.0000,456.08,SUCCESS
2025-12-24T14:35:45.549995+00:00,btc-updown-15m-1766587500,TRADE,DOWN,ACCUM,3,3,0.4501,1.3503,45,0.5028,45,0.4519,45,0.9547,2.0406,0.00,2.0406,2.0406,0.0000,454.73,SUCCESS
2025-12-24T14:35:51.214512+00:00,btc-updown-15m-1766587500,TRADE,UP,ACCUM,2,2,0.5202,1.0403,47,0.5035,45,0.4519,45,0.9554,2.0073,0.04,1.0003,3.0003,0.0000,453.69,SUCCESS
2025-12-24T14:35:51.216034+00:00,btc-updown-15m-1766587500,TRADE,DOWN,ACCUM,3,3,0.4501,1.3504,47,0.5035,48,0.4518,47,0.9553,2.1016,0.02,1.6498,2.6498,0.0000,452.34,SUCCESS
2025-12-24T14:35:56.813726+00:00,btc-updown-15m-1766587500,TRADE,UP,ACCUM,2,2,0.5203,1.0405,49,0.5042,48,0.4518,48,0.9560,2.1135,0.02,1.6093,2.6093,0.0000,451.30,SUCCESS
2025-12-24T14:36:02.347824+00:00,btc-updown-15m-1766587500,TRADE,DOWN,ACCUM,3,3,0.4501,1.3503,49,0.5042,51,0.4517,49,0.9559,2.1624,0.04,1.2590,3.2590,0.0000,449.95,SUCCESS
2025-12-24T14:36:08.029615+00:00,btc-updown-15m-1766587500,TRADE,UP,ACCUM,2,2,0.5201,1.0402,51,0.5048,51,0.4517,51,0.9565,2.2188,0.00,2.2188,2.2188,0.0000,448.91,SUCCESS
2025-12-24T14:36:08.030776+00:00,btc-updown-15m-1766587500,TRADE,DOWN,ACCUM,3,3,0.4500,1.3501,51,0.5048,54,0.4516,51,0.9564,2.2235,0.06,0.8688,3.8688,0.0000,447.56,SUCCESS
2025-12-24T14:36:13.628874+00:00,btc-updown-15m-1766587500,TRADE,UP,ACCUM,2,2,0.5200,1.0400,53,0.5054,54,0.4516,53,0.9570,2.2803,0.02,1.8288,2.8288,0.0000,446.52,SUCCESS
2025-12-24T14:36:13.629653+00:00,btc-updown-15m-1766587500,TRADE,DOWN,ACCUM,3,3,0.4501,1.3503,53,0.5054,57,0.4515,53,0.9569,2.2845,0.07,0.4784,4.4784,0.0000,445.17,SUCCESS
2025-12-24T14:36:19.152155+00:00,btc-updown-15m-1766587500,TRADE,DOWN,ACCUM,3,3,0.4501,1.3503,53,0.5054,60,0.4514,53,0.9568,2.2882,0.12,-0.8719,6.1281,0.0000,443.82,SUCCESS
2025-12-24T14:36:30.178554+00:00,btc-updown-15m-1766587500,TRADE,UP,ACCUM,2,2,0.5200,1.0400,55,0.5059,60,0.4514,55,0.9574,2.3453,0.08,0.0881,5.0881,0.0000,442.78,SUCCESS
2025-12-24T14:36:35.783135+00:00,btc-updown-15m-1766587500,TRADE,UP,ACCUM,2,2,0.5301,1.0603,57,0.5068,60,0.4514,57,0.9582,2.3821,0.05,1.0278,4.0278,0.0000,441.72,SUCCESS
2025-12-24T14:36:41.348555+00:00,btc-updown-15m-1766587500,TRADE,UP,ACCUM,2,2,0.5302,1.0604,59,0.5076,60,0.4514,59,0.9590,2.4189,0.02,1.9674,2.9674,0.0000,440.66,SUCCESS
2025-12-24T14:36:46.878856+00:00,btc-updown-15m-1766587500,TRADE,UP,ACCUM,2,2,0.5200,1.0401,61,0.5080,60,0.4514,60,0.9594,2.4353,0.02,1.9273,2.9273,0.0000,439.62,SUCCESS
2025-12-24T14:45:03.520529+00:00,btc-updown-15m-1766587500,RESOLUTION,DOWN,BINANCE_FALLBACK_SHARED,121,121,1.0000,58.0727,61,0.5080,60,0.4514,60,0.9594,2.4353,0.02,0.0000,0.0000,1.9273,499.62,RESOLVED
2025-12-24T14:45:11.752225+00:00,btc-updown-15m-1766588400,TRADE,UP,ACCUM,6,2,0.4801,0.9601,2,0.4801,0,0.0000,0,0.0000,0.0000,1.00,-0.9601,1.0399,0.0000,498.66,SUCCESS
2025-12-24T14:45:11.752687+00:00,btc-updown-15m-1766588400,TRADE,DOWN,ACCUM,6,6,0.4701,2.8207,2,0.4801,6,0.4701,2,0.9502,0.0997,0.67,-1.7808,2.2192,0.0000,495.83,SUCCESS
2025-12-24T14:45:17.459112+00:00,btc-updown-15m-1766588400,TRADE,UP,ACCUM,5,5,0.4800,2.4000,7,0.4800,6,0.4701,6,0.9501,0.2992,0.14,-0.1808,0.8192,0.0000,493.43,SUCCESS
2025-12-24T14:45:23.004815+00:00,btc-updown-15m-1766588400,TRADE,DOWN,ACCUM,5,3,0.4701,1.4104,7,0.4800,9,0.4701,7,0.9501,0.3490,0.22,-0.5913,1.4087,0.0000,492.02,SUCCESS
2025-12-24T14:45:28.502966+00:00,btc-updown-15m-1766588400,TRADE,DOWN,ACCUM,5,5,0.4702,2.3508,7,0.4800,14,0.4701,7,0.9502,0.3489,0.50,-2.9421,4.0579,0.0000,489.67,SUCCESS
2025-12-24T14:45:39.413110+00:00,btc-updown-15m-1766588400,TRADE,UP,ACCUM,5,5,0.4902,2.4508,12,0.4842,14,0.4701,12,0.9544,0.5474,0.14,-0.3929,1.6071,0.0000,487.22,SUCCESS
2025-12-24T14:45:45.037735+00:00,btc-updown-15m-1766588400,TRADE,UP,ACCUM,4,4,0.4901,1.9605,16,0.4857,14,0.4701,14,0.9559,0.6181,0.12,-0.3534,1.6466,0.0000,485.26,SUCCESS
2025-12-24T14:45:50.762447+00:00,btc-updown-15m-1766588400,TRADE,DOWN,ACCUM,4,4,0.4601,1.8405,16,0.4857,18,0.4679,16,0.9536,0.7419,0.11,-0.1939,1.8061,0.0000,483.42,SUCCESS
2025-12-24T14:45:56.462533+00:00,btc-updown-15m-1766588400,TRADE,UP,ACCUM,4,4,0.5001,2.0004,20,0.4886,18,0.4679,18,0.9565,0.7829,0.10,-0.1943,1.8057,0.0000,481.42,SUCCESS
2025-12-24T14:46:02.106521+00:00,btc-updown-15m-1766588400,TRADE,UP,ACCUM,4,4,0.4999,1.9998,24,0.4905,18,0.4679,18,0.9584,0.7489,0.25,-2.1940,3.8060,0.0000,479.42,SUCCESS
2025-12-24T14:46:07.526359+00:00,btc-updown-15m-1766588400,TRADE,UP,ACCUM,3,3,0.5001,1.5002,27,0.4915,18,0.4679,18,0.9595,0.7297,0.33,-3.6943,5.3057,0.0000,477.92,SUCCESS
2025-12-24T14:46:13.222736+00:00,btc-updown-15m-1766588400,TRADE,DOWN,ACCUM,4,4,0.4502,1.8007,27,0.4915,22,0.4647,22,0.9562,0.9627,0.19,-1.4950,3.5050,0.0000,476.12,SUCCESS
2025-12-24T14:46:18.632459+00:00,btc-updown-15m-1766588400,TRADE,UP,ACCUM,3,2,0.5000,1.0001,29,0.4921,22,0.4647,22,0.9568,0.9498,0.24,-2.4951,4.5049,0.0000,475.12,SUCCESS
2025-12-24T14:46:24.218043+00:00,btc-updown-15m-1766588400,TRADE,UP,ACCUM,3,3,0.5001,1.5003,32,0.4929,22,0.4647,22,0.9576,0.9334,0.31,-3.9954,6.0046,0.0000,473.62,SUCCESS
2025-12-24T14:46:51.860144+00:00,btc-updown-15m-1766588400,TRADE,DOWN,ACCUM,3,3,0.4501,1.3504,32,0.4929,25,0.4629,25,0.9558,1.1044,0.22,-2.3458,4.6542,0.0000,472.27,SUCCESS
2025-12-24T14:47:02.735531+00:00,btc-updown-15m-1766588400,TRADE,UP,ACCUM,2,2,0.5001,1.0003,34,0.4933,25,0.4629,25,0.9563,1.0937,0.26,-3.3461,5.6539,0.0000,471.27,SUCCESS
2025-12-24T14:47:08.406463+00:00,btc-updown-15m-1766588400,TRADE,DOWN,ACCUM,3,1,0.4402,0.4402,34,0.4933,26,0.4621,26,0.9554,1.1602,0.24,-2.7863,5.2137,0.0000,470.83,SUCCESS
2025-12-24T14:47:13.825732+00:00,btc-updown-15m-1766588400,TRADE,UP,ACCUM,2,2,0.5002,1.0004,36,0.4937,26,0.4621,26,0.9558,1.1503,0.28,-3.7866,6.2134,0.0000,469.83,SUCCESS
2025-12-24T14:47:13.826401+00:00,btc-updown-15m-1766588400,TRADE,DOWN,ACCUM,3,3,0.4501,1.3504,36,0.4937,29,0.4608,29,0.9545,1.3188,0.19,-2.1370,4.8630,0.0000,468.48,SUCCESS
2025-12-24T14:47:19.457238+00:00,btc-updown-15m-1766588400,TRADE,UP,ACCUM,2,2,0.5002,1.0004,38,0.4940,29,0.4608,29,0.9549,1.3089,0.24,-3.1374,5.8626,0.0000,467.48,SUCCESS
2025-12-24T14:47:19.458751+00:00,btc-updown-15m-1766588400,TRADE,DOWN,ACCUM,3,3,0.4502,1.3506,38,0.4940,32,0.4598,32,0.9539,1.4763,0.16,-1.4879,4.5121,0.0000,466.13,SUCCESS
2025-12-24T14:47:30.304228+00:00,btc-updown-15m-1766588400,TRADE,UP,ACCUM,2,2,0.5001,1.0002,40,0.4943,32,0.4598,32,0.9542,1.4665,0.20,-2.4882,5.5118,0.0000,465.13,SUCCESS
2025-12-24T14:47:30.305591+00:00,btc-updown-15m-1766588400,TRADE,DOWN,ACCUM,3,3,0.4500,1.3501,40,0.4943,35,0.4590,35,0.9533,1.6335,0.12,-0.8382,4.1618,0.0000,463.78,SUCCESS
2025-12-24T14:47:41.268829+00:00,btc-updown-15m-1766588400,TRADE,UP,ACCUM,2,2,0.5001,1.0002,42,0.4946,35,0.4590,35,0.9536,1.6239,0.17,-1.8384,5.1616,0.0000,462.78,SUCCESS
2025-12-24T14:47:41.270029+00:00,btc-updown-15m-1766588400,TRADE,DOWN,ACCUM,3,3,0.4501,1.3502,42,0.4946,38,0.4583,38,0.9529,1.7899,0.10,-0.1886,3.8114,0.0000,461.43,SUCCESS
2025-12-24T14:47:46.929758+00:00,btc-updown-15m-1766588400,TRADE,DOWN,ACCUM,3,3,0.4501,1.3503,42,0.4946,41,0.4577,41,0.9523,1.9558,0.02,1.4612,2.4612,0.0000,460.08,SUCCESS
2025-12-24T14:47:52.593647+00:00,btc-updown-15m-1766588400,TRADE,UP,ACCUM,2,2,0.5001,1.0003,44,0.4949,41,0.4577,41,0.9525,1.9455,0.07,0.4609,3.4609,0.0000,459.08,SUCCESS
2025-12-24T14:53:37.141962+00:00,btc-updown-15m-1766587500,TRADE,UP,ACCUM,3,3,0.7352,2.2057,3,0.7352,0,0.0000,0,0.0000,0.0000,1.00,-2.2057,0.7943,0.0000,497.79,SUCCESS
2025-12-24T14:53:37.415563+00:00,btc-updown-15m-1766587500,RESOLUTION,DOWN,BINANCE_FALLBACK_SHARED,3,3,1.0000,2.2057,3,0.7352,0,0.0000,0,0.0000,0.0000,1.00,0.0000,0.0000,-2.2057,497.79,RESOLVED
2025-12-24T14:53:46.038505+00:00,btc-updown-15m-1766588400,TRADE,UP,ACCUM,6,6,0.5001,3.0007,6,0.5001,0,0.0000,0,0.0000,0.0000,1.00,-3.0007,2.9993,0.0000,494.79,SUCCESS
2025-12-24T14:53:46.038976+00:00,btc-updown-15m-1766588400,TRADE,DOWN,ACCUM,6,6,0.4700,2.8200,6,0.5001,6,0.4700,6,0.9701,0.1793,0.00,0.1793,0.1793,0.0000,491.97,SUCCESS
2025-12-24T14:59:15.923018+00:00,btc-updown-15m-1766587500,TRADE,DOWN,ACCUM,3,3,0.8752,2.6256,0,0.0000,3,0.8752,0,0.0000,0.0000,1.00,-2.6256,0.3744,0.0000,497.37,SUCCESS
2025-12-24T14:59:16.183518+00:00,btc-updown-15m-1766587500,RESOLUTION,DOWN,BINANCE_FALLBACK_SHARED,3,3,1.0000,2.6256,0,0.0000,3,0.8752,0,0.0000,0.0000,1.00,0.0000,0.0000,0.3744,500.37,RESOLVED
2025-12-24T14:59:24.541967+00:00,btc-updown-15m-1766588400,TRADE,UP,ACCUM,6,6,0.5351,3.2108,6,0.5351,0,0.0000,0,0.0000,0.0000,1.00,-3.2108,2.7892,0.0000,497.16,SUCCESS
2025-12-24T14:59:24.542313+00:00,btc-updown-15m-1766588400,TRADE,DOWN,ACCUM,6,6,0.4652,2.7911,6,0.5351,6,0.4652,6,1.0003,-0.0019,0.00,-0.0019,-0.0019,0.0000,494.37,SUCCESS
2025-12-24T14:59:30.260276+00:00,btc-updown-15m-1766588400,TRADE,UP,ACCUM,5,1,0.5351,0.5351,7,0.5351,6,0.4652,6,1.0003,-0.0019,0.14,-0.5370,0.4630,0.0000,493.84,SUCCESS
2025-12-24T14:59:30.263310+00:00,btc-updown-15m-1766588400,TRADE,DOWN,ACCUM,5,5,0.4651,2.3253,7,0.5351,11,0.4651,7,1.0003,-0.0018,0.36,-1.8623,2.1377,0.0000,491.51,SUCCESS
2025-12-24T14:59:35.855545+00:00,btc-updown-15m-1766588400,TRADE,UP,ACCUM,5,4,0.5252,2.1009,11,0.5315,11,0.4651,11,0.9967,0.0367,0.00,0.0367,0.0367,0.0000,489.41,SUCCESS
2025-12-24T14:59:35.856009+00:00,btc-updown-15m-1766588400,TRADE,DOWN,ACCUM,4,4,0.4750,1.9001,11,0.5315,15,0.4678,11,0.9993,0.0077,0.27,-1.8634,2.1366,0.0000,487.51,SUCCESS
2025-12-24T14:59:41.419410+00:00,btc-updown-15m-1766588400,TRADE,UP,ACCUM,4,4,0.5400,2.1598,15,0.5338,15,0.4678,15,1.0015,-0.0232,0.00,-0.0232,-0.0232,0.0000,485.35,SUCCESS
2025-12-24T14:59:41.420742+00:00,btc-updown-15m-1766588400,TRADE,DOWN,ACCUM,4,4,0.4652,1.8607,15,0.5338,19,0.4672,15,1.0010,-0.0150,0.21,-1.8839,2.1161,0.0000,483.49,SUCCESS
2025-12-24T14:59:46.852502+00:00,btc-updown-15m-1766588400,TRADE,UP,ACCUM,4,2,0.5449,1.0899,17,0.5351,19,0.4672,17,1.0023,-0.0393,0.11,-0.9738,1.0262,0.0000,482.40,SUCCESS
2025-12-24T14:59:46.853074+00:00,btc-updown-15m-1766588400,TRADE,DOWN,ACCUM,4,4,0.4551,1.8205,17,0.5351,23,0.4651,17,1.0002,-0.0036,0.26,-2.7943,3.2057,0.0000,480.58,SUCCESS
2025-12-24T14:59:52.250910+00:00,btc-updown-15m-1766588400,TRADE,DOWN,ACCUM,3,3,0.4601,1.3803,17,0.5351,26,0.4645,17,0.9996,0.0063,0.35,-4.1745,4.8255,0.0000,479.20,SUCCESS
2025-12-24T14:59:58.020147+00:00,btc-updown-15m-1766588400,TRADE,UP,ACCUM,4,4,0.5400,2.1600,21,0.5360,26,0.4645,21,1.0006,-0.0118,0.19,-2.3345,2.6655,0.0000,477.04,SUCCESS
2025-12-24T15:00:03.415202+00:00,btc-updown-15m-1766588400,TRADE,UP,ACCUM,3,3,0.5252,1.5757,24,0.5347,26,0.4645,24,0.9992,0.0188,0.08,-0.9102,1.0898,0.0000,475.46,SUCCESS
2025-12-24T15:00:03.415804+00:00,btc-updown-15m-1766588400,TRADE,DOWN,ACCUM,3,3,0.4752,1.4255,24,0.5347,29,0.4656,24,1.0003,-0.0075,0.17,-2.3357,2.6643,0.0000,474.04,SUCCESS
2025-12-24T15:00:04.226173+00:00,btc-updown-15m-1766588400,RESOLUTION,DOWN,BINANCE_FALLBACK_SHARED,53,53,1.0000,26.3357,24,0.5347,29,0.4656,24,1.0003,-0.0075,0.17,0.0000,0.0000,2.6643,503.04,RESOLVED
2025-12-24T15:00:21.635547+00:00,btc-updown-15m-1766589300,TRADE,UP,ACCUM,6,6,0.4802,2.8812,6,0.4802,0,0.0000,0,0.0000,0.0000,1.00,-2.8812,3.1188,0.0000,500.16,SUCCESS
2025-12-24T15:00:38.645003+00:00,btc-updown-15m-1766589300,TRADE,DOWN,ACCUM,6,6,0.4701,2.8207,6,0.4802,6,0.4701,6,0.9503,0.2981,0.00,0.2981,0.2981,0.0000,497.34,SUCCESS
2025-12-24T15:00:44.054831+00:00,btc-updown-15m-1766589300,TRADE,DOWN,ACCUM,5,5,0.4701,2.3505,6,0.4802,11,0.4701,6,0.9503,0.2982,0.45,-2.0523,2.9477,0.0000,494.99,SUCCESS
2025-12-24T15:00:49.765161+00:00,btc-updown-15m-1766589300,TRADE,UP,ACCUM,5,5,0.4799,2.3993,11,0.4800,11,0.4701,11,0.9502,0.5483,0.00,0.5483,0.5483,0.0000,492.59,SUCCESS
2025-12-24T15:00:55.210533+00:00,btc-updown-15m-1766589300,TRADE,DOWN,ACCUM,4,4,0.4701,1.8803,11,0.4800,15,0.4701,11,0.9501,0.5484,0.27,-1.3319,2.6681,0.0000,490.71,SUCCESS
2025-12-24T15:01:00.868632+00:00,btc-updown-15m-1766589300,TRADE,UP,ACCUM,4,4,0.4800,1.9201,15,0.4800,15,0.4701,15,0.9501,0.7479,0.00,0.7479,0.7479,0.0000,488.79,SUCCESS
2025-12-24T15:01:06.461371+00:00,btc-updown-15m-1766589300,TRADE,UP,ACCUM,4,4,0.4802,1.9207,19,0.4801,15,0.4701,15,0.9502,0.7475,0.21,-1.1727,2.8273,0.0000,486.87,SUCCESS
2025-12-24T15:01:06.461907+00:00,btc-updown-15m-1766589300,TRADE,DOWN,ACCUM,4,4,0.4701,1.8803,19,0.4801,19,0.4701,19,0.9502,0.9470,0.00,0.9470,0.9470,0.0000,484.99,SUCCESS
2025-12-24T15:01:12.208122+00:00,btc-updown-15m-1766589300,TRADE,UP,ACCUM,4,4,0.4800,1.9202,23,0.4801,19,0.4701,19,0.9502,0.9471,0.17,-0.9732,3.0268,0.0000,483.07,SUCCESS
2025-12-24T15:01:28.794548+00:00,btc-updown-15m-1766589300,TRADE,UP,ACCUM,3,3,0.4802,1.4407,26,0.4801,19,0.4701,19,0.9502,0.9467,0.27,-2.4139,4.5861,0.0000,481.62,SUCCESS
2025-12-24T15:01:39.844511+00:00,btc-updown-15m-1766589300,TRADE,UP,ACCUM,3,3,0.4801,1.4403,29,0.4801,19,0.4701,19,0.9502,0.9467,0.34,-3.8541,6.1459,0.0000,480.18,SUCCESS
2025-12-24T15:01:50.912710+00:00,btc-updown-15m-1766589300,TRADE,DOWN,ACCUM,4,4,0.4701,1.8804,29,0.4801,23,0.4701,23,0.9502,1.1460,0.21,-1.7345,4.2655,0.0000,478.30,SUCCESS
2025-12-24T15:01:56.353356+00:00,btc-updown-15m-1766589300,TRADE,DOWN,ACCUM,3,3,0.4702,1.4105,29,0.4801,26,0.4701,26,0.9502,1.2953,0.10,-0.1450,2.8550,0.0000,476.89,SUCCESS
2025-12-24T15:02:01.869884+00:00,btc-updown-15m-1766589300,TRADE,DOWN,ACCUM,3,3,0.4700,1.4100,29,0.4801,29,0.4701,29,0.9502,1.4450,0.00,1.4450,1.4450,0.0000,475.48,SUCCESS
2025-12-24T15:02:07.445339+00:00,btc-updown-15m-1766589300,TRADE,UP,ACCUM,3,3,0.4801,1.4404,32,0.4801,29,0.4701,29,0.9502,1.4449,0.09,0.0046,3.0046,0.0000,474.04,SUCCESS
2025-12-24T15:02:07.447058+00:00,btc-updown-15m-1766589300,TRADE,DOWN,ACCUM,3,3,0.4701,1.4104,32,0.4801,32,0.4701,32,0.9502,1.5941,0.00,1.5941,1.5941,0.0000,472.63,SUCCESS
2025-12-24T15:02:13.044090+00:00,btc-updown-15m-1766589300,TRADE,UP,ACCUM,3,3,0.4802,1.4406,35,0.4801,32,0.4701,32,0.9502,1.5938,0.09,0.1536,3.1536,0.0000,471.19,SUCCESS
2025-12-24T15:02:18.571553+00:00,btc-updown-15m-1766589300,TRADE,DOWN,ACCUM,3,3,0.4701,1.4103,35,0.4801,35,0.4701,35,0.9502,1.7433,0.00,1.7433,1.7433,0.0000,469.78,SUCCESS
2025-12-24T15:02:26.815594+00:00,btc-updown-15m-1766589300,TRADE,UP,ACCUM,3,3,0.4800,1.4401,38,0.4801,35,0.4701,35,0.9502,1.7434,0.08,0.3031,3.3031,0.0000,468.34,SUCCESS
2025-12-24T15:02:37.676033+00:00,btc-updown-15m-1766589300,TRADE,DOWN,ACCUM,3,3,0.4702,1.4106,38,0.4801,38,0.4701,38,0.9502,1.8926,0.00,1.8926,1.8926,0.0000,466.93,SUCCESS
2025-12-24T15:02:43.394439+00:00,btc-updown-15m-1766589300,TRADE,UP,ACCUM,3,3,0.4801,1.4404,41,0.4801,38,0.4701,38,0.9502,1.8925,0.07,0.4522,3.4522,0.0000,465.49,SUCCESS
2025-12-24T15:02:49.327269+00:00,btc-updown-15m-1766589300,TRADE,UP,ACCUM,3,3,0.4800,1.4401,44,0.4801,38,0.4701,38,0.9502,1.8926,0.14,-0.9879,5.0121,0.0000,464.05,SUCCESS
