timestamp,market_slug,event_type,trade_side,trade_mode,size_requested,size_filled,price,cost,pos_up_size,pos_up_avg_price,pos_down_size,pos_down_avg_price,pos_hedged_pairs,pos_pair_cost,pos_locked_profit,pos_imbalance,pnl_min,pnl_max,pnl_realized,balance_after,status
2025-12-22T13:00:10.128490+00:00,btc-updown-15m-1766408400,TRADE,UP,ACCUM,2,2,0.5100,1.0201,2,0.5100,0,0.0000,0,0.0000,0.0000,1.00,-1.0201,0.9799,0.0000,98.98,SUCCESS
2025-12-22T13:00:10.128841+00:00,btc-updown-15m-1766408400,TRADE,DOWN,ACCUM,2,2,0.5001,1.0001,2,0.5100,2,0.5001,2,1.0101,-0.0202,0.00,-0.0202,-0.0202,0.0000,97.98,SUCCESS
2025-12-22T13:00:54.097405+00:00,btc-updown-15m-1766408400,TRADE,UP,ACCUM,2,1,0.4698,0.4698,3,0.4966,2,0.5001,2,0.9967,0.0066,0.33,-0.4900,0.5100,0.0000,97.51,SUCCESS
2025-12-22T13:00:59.535577+00:00,btc-updown-15m-1766408400,TRADE,DOWN,ACCUM,2,2,0.4902,0.9803,3,0.4966,4,0.4951,3,0.9917,0.0248,0.25,-0.4704,0.5296,0.0000,96.53,SUCCESS
2025-12-22T13:01:05.022952+00:00,btc-updown-15m-1766408400,TRADE,DOWN,ACCUM,2,1,0.4701,0.4701,3,0.4966,5,0.4901,3,0.9867,0.0398,0.40,-0.9404,1.0596,0.0000,96.06,SUCCESS
2025-12-22T13:01:10.433553+00:00,btc-updown-15m-1766408400,TRADE,DOWN,ACCUM,2,2,0.4901,0.9803,3,0.4966,7,0.4901,3,0.9867,0.0398,0.57,-1.9207,2.0793,0.0000,95.08,SUCCESS
2025-12-22T13:01:15.850113+00:00,btc-updown-15m-1766408400,TRADE,UP,ACCUM,2,2,0.5102,1.0204,5,0.5021,7,0.4901,5,0.9922,0.0391,0.29,-0.9411,1.0589,0.0000,94.06,SUCCESS
2025-12-22T13:01:21.308819+00:00,btc-updown-15m-1766408400,TRADE,UP,ACCUM,2,2,0.5101,1.0203,7,0.5044,7,0.4901,7,0.9945,0.0386,0.00,0.0386,0.0386,0.0000,93.04,SUCCESS
2025-12-22T13:01:21.309749+00:00,btc-updown-15m-1766408400,TRADE,DOWN,ACCUM,2,2,0.5000,1.0001,7,0.5044,9,0.4923,7,0.9967,0.0231,0.22,-0.9615,1.0385,0.0000,92.04,SUCCESS
2025-12-22T13:01:37.587497+00:00,btc-updown-15m-1766408400,TRADE,DOWN,ACCUM,2,2,0.4601,0.9202,7,0.5044,11,0.4865,7,0.9908,0.0642,0.36,-1.8817,2.1183,0.0000,91.12,SUCCESS
2025-12-22T13:01:43.010925+00:00,btc-updown-15m-1766408400,TRADE,UP,ACCUM,2,2,0.5001,1.0001,9,0.5034,11,0.4865,9,0.9899,0.0911,0.18,-0.8818,1.1182,0.0000,90.12,SUCCESS
2025-12-22T13:01:48.461306+00:00,btc-updown-15m-1766408400,TRADE,DOWN,ACCUM,2,2,0.4702,0.9404,9,0.5034,13,0.4840,9,0.9874,0.1136,0.31,-1.8222,2.1778,0.0000,89.18,SUCCESS
2025-12-22T13:01:59.316386+00:00,btc-updown-15m-1766408400,TRADE,UP,ACCUM,2,2,0.5402,1.0803,11,0.5101,13,0.4840,11,0.9941,0.0654,0.15,-0.9026,1.0974,0.0000,88.10,SUCCESS
2025-12-22T13:02:04.760802+00:00,btc-updown-15m-1766408400,TRADE,DOWN,ACCUM,2,2,0.4501,0.9002,11,0.5101,15,0.4794,11,0.9895,0.1150,0.27,-1.8028,2.1972,0.0000,87.20,SUCCESS
2025-12-22T13:04:27.197927+00:00,btc-updown-15m-1766408400,TRADE,UP,ACCUM,2,2,0.5400,1.0800,13,0.5147,15,0.4794,13,0.9941,0.0761,0.13,-0.8828,1.1172,0.0000,86.12,SUCCESS
2025-12-22T13:06:00.213039+00:00,btc-updown-15m-1766408400,TRADE,UP,ACCUM,2,2,0.5001,1.0003,15,0.5128,15,0.4794,15,0.9922,0.1169,0.00,0.1169,0.1169,0.0000,85.12,SUCCESS
2025-12-22T13:15:05.342617+00:00,btc-updown-15m-1766408400,RESOLUTION,DOWN,BINANCE_FALLBACK,30,30,1.0000,14.8831,15,0.5128,15,0.4794,15,0.9922,0.1169,0.00,0.0000,0.0000,0.1169,100.12,RESOLVED
2025-12-22T13:15:13.397649+00:00,btc-updown-15m-1766409300,TRADE,UP,ACCUM,2,2,0.5300,1.0600,2,0.5300,0,0.0000,0,0.0000,0.0000,1.00,-1.0600,0.9400,0.0000,99.06,SUCCESS
2025-12-22T13:15:13.398172+00:00,btc-updown-15m-1766409300,TRADE,DOWN,ACCUM,2,2,0.4800,0.9601,2,0.5300,2,0.4800,2,1.0100,-0.0201,0.00,-0.0201,-0.0201,0.0000,98.10,SUCCESS
2025-12-22T13:15:46.080894+00:00,btc-updown-15m-1766409300,TRADE,UP,ACCUM,2,2,0.4902,0.9803,4,0.5101,2,0.4800,2,0.9901,0.0198,0.50,-1.0004,0.9996,0.0000,97.12,SUCCESS
2025-12-22T13:15:56.981545+00:00,btc-updown-15m-1766409300,TRADE,UP,ACCUM,2,2,0.4502,0.9004,6,0.4901,2,0.4800,2,0.9701,0.0597,0.67,-1.9008,2.0992,0.0000,96.22,SUCCESS
2025-12-22T13:18:07.832637+00:00,btc-updown-15m-1766409300,TRADE,DOWN,ACCUM,2,1,0.4902,0.4902,6,0.4901,3,0.4834,3,0.9735,0.0794,0.50,-1.3909,1.6091,0.0000,95.73,SUCCESS
2025-12-22T13:18:13.237684+00:00,btc-updown-15m-1766409300,TRADE,UP,ACCUM,2,2,0.5101,1.0201,8,0.4951,3,0.4834,3,0.9785,0.0645,0.62,-2.4110,2.5890,0.0000,94.71,SUCCESS
2025-12-22T13:18:13.237898+00:00,btc-updown-15m-1766409300,TRADE,DOWN,ACCUM,2,2,0.5002,1.0004,8,0.4951,5,0.4901,5,0.9852,0.0739,0.38,-1.4115,1.5885,0.0000,93.71,SUCCESS
2025-12-22T13:18:18.675444+00:00,btc-updown-15m-1766409300,TRADE,UP,ACCUM,2,2,0.5301,1.0602,10,0.5021,5,0.4901,5,0.9922,0.0388,0.50,-2.4717,2.5283,0.0000,92.65,SUCCESS
2025-12-22T13:18:18.675741+00:00,btc-updown-15m-1766409300,TRADE,DOWN,ACCUM,2,2,0.4902,0.9804,10,0.5021,7,0.4902,7,0.9923,0.0542,0.30,-1.4521,1.5479,0.0000,91.66,SUCCESS
2025-12-22T13:18:24.094516+00:00,btc-updown-15m-1766409300,TRADE,UP,ACCUM,2,2,0.4998,0.9995,12,0.5017,7,0.4902,7,0.9919,0.0569,0.42,-2.4516,2.5484,0.0000,90.67,SUCCESS
2025-12-22T13:30:01.722075+00:00,btc-updown-15m-1766409300,RESOLUTION,DOWN,BINANCE_FALLBACK,19,19,1.0000,9.4516,12,0.5017,7,0.4902,7,0.9919,0.0569,0.42,0.0000,0.0000,-2.4516,97.67,RESOLVED
2025-12-22T13:30:10.291520+00:00,btc-updown-15m-1766410200,TRADE,DOWN,ACCUM,2,2,0.5401,1.0803,0,0.0000,2,0.5401,0,0.0000,0.0000,1.00,-1.0803,0.9197,0.0000,96.58,SUCCESS
2025-12-22T13:30:15.832541+00:00,btc-updown-15m-1766410200,TRADE,DOWN,ACCUM,2,2,0.5601,1.1202,0,0.0000,4,0.5501,0,0.0000,0.0000,1.00,-2.2004,1.7996,0.0000,95.46,SUCCESS
2025-12-22T13:30:21.350148+00:00,btc-updown-15m-1766410200,TRADE,UP,ACCUM,2,2,0.4601,0.9201,2,0.4601,4,0.5501,2,1.0102,-0.0204,0.50,-1.1206,0.8794,0.0000,94.54,SUCCESS
2025-12-22T13:30:37.707892+00:00,btc-updown-15m-1766410200,TRADE,UP,ACCUM,2,2,0.4001,0.8002,4,0.4301,4,0.5501,4,0.9802,0.0793,0.00,0.0793,0.0793,0.0000,93.74,SUCCESS
2025-12-22T13:30:43.127004+00:00,btc-updown-15m-1766410200,TRADE,UP,ACCUM,2,2,0.4000,0.8000,6,0.4200,4,0.5501,4,0.9702,0.1194,0.33,-0.7207,1.2793,0.0000,92.94,SUCCESS
2025-12-22T13:30:48.590555+00:00,btc-updown-15m-1766410200,TRADE,UP,ACCUM,2,2,0.4102,0.8203,8,0.4176,4,0.5501,4,0.9677,0.1292,0.50,-1.5411,2.4589,0.0000,92.12,SUCCESS
2025-12-22T13:30:48.591311+00:00,btc-updown-15m-1766410200,TRADE,DOWN,ACCUM,2,2,0.6102,1.2204,8,0.4176,6,0.5701,6,0.9877,0.0737,0.25,-0.7614,1.2386,0.0000,90.90,SUCCESS
2025-12-22T13:30:54.009203+00:00,btc-updown-15m-1766410200,TRADE,UP,ACCUM,2,2,0.4101,0.8201,10,0.4161,6,0.5701,6,0.9862,0.0827,0.40,-1.5816,2.4184,0.0000,90.08,SUCCESS
2025-12-22T13:30:59.470607+00:00,btc-updown-15m-1766410200,TRADE,DOWN,ACCUM,2,2,0.6002,1.2005,10,0.4161,8,0.5777,8,0.9937,0.0501,0.20,-0.7820,1.2180,0.0000,88.88,SUCCESS
2025-12-22T13:31:10.322835+00:00,btc-updown-15m-1766410200,TRADE,UP,ACCUM,2,2,0.4100,0.8200,12,0.4151,8,0.5777,8,0.9927,0.0582,0.33,-1.6020,2.3980,0.0000,88.06,SUCCESS
2025-12-22T13:38:55.983892+00:00,btc-updown-15m-1766410200,TRADE,UP,ACCUM,1,1,0.0500,0.0500,13,0.3870,8,0.5777,8,0.9646,0.2829,0.38,-1.6521,3.3479,0.0000,88.01,SUCCESS
2025-12-22T13:45:02.628937+00:00,btc-updown-15m-1766410200,RESOLUTION,DOWN,BINANCE_FALLBACK,21,21,1.0000,9.6521,13,0.3870,8,0.5777,8,0.9646,0.2829,0.38,0.0000,0.0000,-1.6521,96.01,RESOLVED
2025-12-22T13:45:11.573388+00:00,btc-updown-15m-1766411100,TRADE,UP,ACCUM,2,2,0.6001,1.2003,2,0.6001,0,0.0000,0,0.0000,0.0000,1.00,-1.2003,0.7997,0.0000,94.81,SUCCESS
2025-12-22T13:45:11.573733+00:00,btc-updown-15m-1766411100,TRADE,DOWN,ACCUM,2,2,0.4001,0.8002,2,0.6001,2,0.4001,2,1.0002,-0.0004,0.00,-0.0004,-0.0004,0.0000,94.01,SUCCESS
2025-12-22T13:45:33.318466+00:00,btc-updown-15m-1766411100,TRADE,DOWN,ACCUM,2,2,0.3802,0.7604,2,0.6001,4,0.3901,2,0.9903,0.0195,0.50,-0.7608,1.2392,0.0000,93.25,SUCCESS
2025-12-22T13:45:38.836909+00:00,btc-updown-15m-1766411100,TRADE,DOWN,ACCUM,2,2,0.4002,0.8004,2,0.6001,6,0.3935,2,0.9936,0.0128,0.67,-1.5611,2.4389,0.0000,92.45,SUCCESS
2025-12-22T13:46:00.821890+00:00,btc-updown-15m-1766411100,TRADE,UP,ACCUM,2,2,0.5701,1.1403,4,0.5851,6,0.3935,4,0.9786,0.0855,0.33,-0.7014,1.2986,0.0000,91.31,SUCCESS
2025-12-22T13:46:06.251521+00:00,btc-updown-15m-1766411100,TRADE,UP,ACCUM,2,2,0.5701,1.1402,6,0.5801,6,0.3935,6,0.9736,0.1584,0.00,0.1584,0.1584,0.0000,90.17,SUCCESS
2025-12-22T13:46:06.251742+00:00,btc-updown-15m-1766411100,TRADE,DOWN,ACCUM,2,2,0.4400,0.8801,6,0.5801,8,0.4051,6,0.9852,0.0885,0.25,-0.7217,1.2783,0.0000,89.29,SUCCESS
2025-12-22T13:46:11.840663+00:00,btc-updown-15m-1766411100,TRADE,UP,ACCUM,2,2,0.5600,1.1200,8,0.5751,8,0.4051,8,0.9802,0.1583,0.00,0.1583,0.1583,0.0000,88.17,SUCCESS
2025-12-22T13:46:11.841255+00:00,btc-updown-15m-1766411100,TRADE,DOWN,ACCUM,2,2,0.4402,0.8804,8,0.5751,10,0.4121,8,0.9872,0.1022,0.20,-0.7221,1.2779,0.0000,87.29,SUCCESS
2025-12-22T13:46:28.213502+00:00,btc-updown-15m-1766411100,TRADE,DOWN,ACCUM,2,2,0.2201,0.4401,8,0.5751,12,0.3801,8,0.9552,0.3583,0.33,-1.1622,2.8378,0.0000,86.85,SUCCESS
2025-12-22T13:46:39.133737+00:00,btc-updown-15m-1766411100,TRADE,UP,ACCUM,2,2,0.7097,1.4194,10,0.6020,12,0.3801,10,0.9821,0.1787,0.17,-0.5816,1.4184,0.0000,85.43,SUCCESS
2025-12-22T13:46:44.573251+00:00,btc-updown-15m-1766411100,TRADE,DOWN,ACCUM,2,2,0.2901,0.5802,10,0.6020,14,0.3673,10,0.9693,0.3073,0.29,-1.1618,2.8382,0.0000,84.85,SUCCESS
2025-12-22T13:46:55.567873+00:00,btc-updown-15m-1766411100,TRADE,UP,ACCUM,2,2,0.6703,1.3405,12,0.6134,14,0.3673,12,0.9806,0.2322,0.14,-0.5023,1.4977,0.0000,83.51,SUCCESS
2025-12-22T13:47:00.984345+00:00,btc-updown-15m-1766411100,TRADE,UP,ACCUM,2,2,0.6603,1.3206,14,0.6201,14,0.3673,14,0.9874,0.1771,0.00,0.1771,0.1771,0.0000,82.19,SUCCESS
2025-12-22T13:47:00.984500+00:00,btc-updown-15m-1766411100,TRADE,DOWN,ACCUM,2,2,0.3601,0.7203,14,0.6201,16,0.3664,14,0.9865,0.1896,0.12,-0.5432,1.4568,0.0000,81.47,SUCCESS
2025-12-22T13:47:06.473768+00:00,btc-updown-15m-1766411100,TRADE,UP,ACCUM,2,2,0.6201,1.2402,16,0.6201,16,0.3664,16,0.9865,0.2166,0.00,0.2166,0.2166,0.0000,80.23,SUCCESS
2025-12-22T14:00:04.500629+00:00,btc-updown-15m-1766411100,RESOLUTION,DOWN,BINANCE_FALLBACK,32,32,1.0000,15.7834,16,0.6201,16,0.3664,16,0.9865,0.2166,0.00,0.0000,0.0000,0.2166,96.23,RESOLVED
2025-12-22T14:00:12.841361+00:00,btc-updown-15m-1766412000,TRADE,UP,ACCUM,2,2,0.5202,1.0404,2,0.5202,0,0.0000,0,0.0000,0.0000,1.00,-1.0404,0.9596,0.0000,95.19,SUCCESS
2025-12-22T14:00:12.841896+00:00,btc-updown-15m-1766412000,TRADE,DOWN,ACCUM,2,2,0.4901,0.9802,2,0.5202,2,0.4901,2,1.0103,-0.0206,0.00,-0.0206,-0.0206,0.0000,94.21,SUCCESS
2025-12-22T14:00:50.801532+00:00,btc-updown-15m-1766412000,TRADE,DOWN,ACCUM,2,2,0.4400,0.8801,2,0.5202,4,0.4651,2,0.9853,0.0295,0.50,-0.9007,1.0993,0.0000,93.33,SUCCESS
2025-12-22T14:01:01.689918+00:00,btc-updown-15m-1766412000,TRADE,DOWN,ACCUM,2,2,0.4301,0.8603,2,0.5202,6,0.4534,2,0.9736,0.0527,0.67,-1.7609,2.2391,0.0000,92.47,SUCCESS
2025-12-22T14:09:01.031905+00:00,btc-updown-15m-1766412000,TRADE,DOWN,ACCUM,1,1,0.1600,0.1600,2,0.5202,7,0.4115,2,0.9317,0.1366,0.71,-1.9209,3.0791,0.0000,92.31,SUCCESS
2025-12-22T14:09:49.880487+00:00,btc-updown-15m-1766412000,TRADE,UP,ACCUM,1,1,0.6903,0.6903,3,0.5769,7,0.4115,3,0.9884,0.0347,0.57,-1.6113,2.3887,0.0000,91.62,SUCCESS
2025-12-22T14:09:55.302229+00:00,btc-updown-15m-1766412000,TRADE,DOWN,ACCUM,1,1,0.3301,0.3301,3,0.5769,8,0.4013,3,0.9782,0.0653,0.62,-1.9413,3.0587,0.0000,91.29,SUCCESS
2025-12-22T14:15:01.257642+00:00,btc-updown-15m-1766412000,RESOLUTION,DOWN,BINANCE_FALLBACK,11,11,1.0000,4.9413,3,0.5769,8,0.4013,3,0.9782,0.0653,0.62,0.0000,0.0000,3.0587,99.29,RESOLVED
2025-12-22T14:15:09.367362+00:00,btc-updown-15m-1766412900,TRADE,DOWN,ACCUM,2,2,0.4300,0.8600,0,0.0000,2,0.4300,0,0.0000,0.0000,1.00,-0.8600,1.1400,0.0000,98.43,SUCCESS
2025-12-22T14:15:14.768489+00:00,btc-updown-15m-1766412900,TRADE,UP,ACCUM,2,1,0.6101,0.6101,1,0.6101,2,0.4300,1,1.0402,-0.0402,0.50,-0.4702,0.5298,0.0000,97.82,SUCCESS
2025-12-22T14:15:14.768662+00:00,btc-updown-15m-1766412900,TRADE,DOWN,ACCUM,2,2,0.4001,0.8003,1,0.6101,4,0.4151,1,1.0252,-0.0252,0.75,-1.2704,1.7296,0.0000,97.02,SUCCESS
2025-12-22T14:16:03.954840+00:00,btc-updown-15m-1766412900,TRADE,DOWN,ACCUM,2,2,0.3100,0.6200,1,0.6101,6,0.3801,1,0.9902,0.0098,0.83,-1.8905,3.1095,0.0000,96.40,SUCCESS
2025-12-22T14:24:53.048208+00:00,btc-updown-15m-1766412900,TRADE,UP,ACCUM,1,1,0.5902,0.5902,2,0.6002,6,0.3801,2,0.9802,0.0396,0.67,-1.4807,2.5193,0.0000,95.81,SUCCESS
2025-12-22T14:24:58.443138+00:00,btc-updown-15m-1766412900,TRADE,UP,ACCUM,1,1,0.5101,0.5101,3,0.5701,6,0.3801,3,0.9502,0.1494,0.50,-0.9908,2.0092,0.0000,95.30,SUCCESS
2025-12-22T14:25:03.860611+00:00,btc-updown-15m-1766412900,TRADE,UP,ACCUM,1,1,0.5802,0.5802,4,0.5727,6,0.3801,4,0.9527,0.1892,0.33,-0.5709,1.4291,0.0000,94.72,SUCCESS
2025-12-22T14:25:03.860915+00:00,btc-updown-15m-1766412900,TRADE,DOWN,ACCUM,1,1,0.4400,0.4400,4,0.5727,7,0.3886,4,0.9613,0.1549,0.43,-1.0110,1.9890,0.0000,94.28,SUCCESS
2025-12-22T14:25:09.410815+00:00,btc-updown-15m-1766412900,TRADE,UP,ACCUM,1,1,0.5901,0.5901,5,0.5761,7,0.3886,5,0.9648,0.1762,0.29,-0.6011,1.3989,0.0000,93.69,SUCCESS
2025-12-22T14:25:14.845039+00:00,btc-updown-15m-1766412900,TRADE,UP,ACCUM,1,1,0.6201,0.6201,6,0.5835,7,0.3886,6,0.9721,0.1674,0.14,-0.2212,0.7788,0.0000,93.07,SUCCESS
2025-12-22T14:25:14.845300+00:00,btc-updown-15m-1766412900,TRADE,DOWN,ACCUM,1,1,0.3902,0.3902,6,0.5835,8,0.3888,6,0.9723,0.1663,0.25,-0.6114,1.3886,0.0000,92.68,SUCCESS
2025-12-22T14:25:20.248220+00:00,btc-updown-15m-1766412900,TRADE,UP,ACCUM,1,1,0.6502,0.6502,7,0.5930,8,0.3888,7,0.9818,0.1272,0.12,-0.2616,0.7384,0.0000,92.03,SUCCESS
2025-12-22T14:25:20.249076+00:00,btc-updown-15m-1766412900,TRADE,DOWN,ACCUM,1,1,0.3601,0.3601,7,0.5930,9,0.3856,7,0.9786,0.1495,0.22,-0.6217,1.3783,0.0000,91.67,SUCCESS
2025-12-22T14:25:25.689595+00:00,btc-updown-15m-1766412900,TRADE,UP,ACCUM,1,1,0.6501,0.6501,8,0.6001,9,0.3856,8,0.9858,0.1138,0.11,-0.2719,0.7281,0.0000,91.02,SUCCESS
2025-12-22T14:25:25.690004+00:00,btc-updown-15m-1766412900,TRADE,DOWN,ACCUM,1,1,0.3701,0.3701,8,0.6001,10,0.3841,8,0.9842,0.1262,0.20,-0.6420,1.3580,0.0000,90.65,SUCCESS
2025-12-22T14:25:31.157851+00:00,btc-updown-15m-1766412900,TRADE,DOWN,ACCUM,1,1,0.4301,0.4301,8,0.6001,11,0.3883,8,0.9884,0.0928,0.27,-1.0720,1.9280,0.0000,90.22,SUCCESS
2025-12-22T14:25:36.565064+00:00,btc-updown-15m-1766412900,TRADE,UP,ACCUM,1,1,0.5101,0.5101,9,0.5901,11,0.3883,9,0.9784,0.1944,0.18,-0.5821,1.4179,0.0000,89.71,SUCCESS
2025-12-22T14:25:42.026806+00:00,btc-updown-15m-1766412900,TRADE,UP,ACCUM,1,1,0.5901,0.5901,10,0.5901,11,0.3883,10,0.9784,0.2161,0.09,-0.1722,0.8278,0.0000,89.12,SUCCESS
2025-12-22T14:25:42.028010+00:00,btc-updown-15m-1766412900,TRADE,DOWN,ACCUM,1,1,0.4401,0.4401,10,0.5901,12,0.3926,10,0.9827,0.1729,0.17,-0.6123,1.3877,0.0000,88.68,SUCCESS
2025-12-22T14:25:47.432930+00:00,btc-updown-15m-1766412900,TRADE,UP,ACCUM,1,1,0.5500,0.5500,11,0.5865,12,0.3926,11,0.9791,0.2303,0.08,-0.1623,0.8377,0.0000,88.13,SUCCESS
2025-12-22T14:25:47.433106+00:00,btc-updown-15m-1766412900,TRADE,DOWN,ACCUM,1,1,0.4701,0.4701,11,0.5865,13,0.3985,11,0.9850,0.1647,0.15,-0.6324,1.3676,0.0000,87.66,SUCCESS
2025-12-22T14:25:52.936721+00:00,btc-updown-15m-1766412900,TRADE,UP,ACCUM,1,1,0.5200,0.5200,12,0.5810,13,0.3985,12,0.9795,0.2461,0.08,-0.1525,0.8475,0.0000,87.14,SUCCESS
2025-12-22T14:25:58.392325+00:00,btc-updown-15m-1766412900,TRADE,DOWN,ACCUM,1,1,0.4701,0.4701,12,0.5810,14,0.4037,12,0.9846,0.1848,0.14,-0.6225,1.3775,0.0000,86.67,SUCCESS
2025-12-22T14:26:09.249067+00:00,btc-updown-15m-1766412900,TRADE,UP,ACCUM,1,1,0.5900,0.5900,13,0.5816,14,0.4037,13,0.9853,0.1911,0.07,-0.2126,0.7874,0.0000,86.08,SUCCESS
2025-12-22T14:26:09.250113+00:00,btc-updown-15m-1766412900,TRADE,DOWN,ACCUM,1,1,0.4202,0.4202,13,0.5816,15,0.4048,13,0.9864,0.1768,0.13,-0.6327,1.3673,0.0000,85.66,SUCCESS
2025-12-22T14:26:14.704595+00:00,btc-updown-15m-1766412900,TRADE,UP,ACCUM,1,1,0.6002,0.6002,14,0.5830,15,0.4048,14,0.9877,0.1718,0.07,-0.2330,0.7670,0.0000,85.06,SUCCESS
2025-12-22T14:26:25.733335+00:00,btc-updown-15m-1766412900,TRADE,UP,ACCUM,1,1,0.6202,0.6202,15,0.5855,15,0.4048,15,0.9902,0.1469,0.00,0.1469,0.1469,0.0000,84.44,SUCCESS
2025-12-22T14:30:01.346163+00:00,btc-updown-15m-1766412900,RESOLUTION,DOWN,BINANCE_FALLBACK,30,30,1.0000,14.8531,15,0.5855,15,0.4048,15,0.9902,0.1469,0.00,0.0000,0.0000,0.1469,99.44,RESOLVED
2025-12-22T14:30:21.274972+00:00,btc-updown-15m-1766413800,TRADE,UP,ACCUM,2,2,0.3600,0.7201,2,0.3600,0,0.0000,0,0.0000,0.0000,1.00,-0.7201,1.2799,0.0000,98.72,SUCCESS
2025-12-22T14:30:21.275975+00:00,btc-updown-15m-1766413800,TRADE,DOWN,ACCUM,2,2,0.6500,1.3001,2,0.3600,2,0.6500,2,1.0101,-0.0201,0.00,-0.0201,-0.0201,0.0000,97.42,SUCCESS
2025-12-22T14:30:32.255555+00:00,btc-updown-15m-1766413800,TRADE,DOWN,ACCUM,2,2,0.4301,0.8603,2,0.3600,4,0.5401,2,0.9001,0.1998,0.50,-0.8804,1.1196,0.0000,96.55,SUCCESS
2025-12-22T14:30:37.730779+00:00,btc-updown-15m-1766413800,TRADE,DOWN,ACCUM,2,2,0.4402,0.8804,2,0.3600,6,0.5068,2,0.8668,0.2664,0.67,-1.7608,2.2392,0.0000,95.67,SUCCESS
2025-12-22T14:30:59.486125+00:00,btc-updown-15m-1766413800,TRADE,UP,ACCUM,2,2,0.5101,1.0202,4,0.4351,6,0.5068,4,0.9419,0.2326,0.33,-0.7810,1.2190,0.0000,94.65,SUCCESS
2025-12-22T14:31:04.952470+00:00,btc-updown-15m-1766413800,TRADE,UP,ACCUM,2,2,0.4201,0.8401,6,0.4301,6,0.5068,6,0.9368,0.3789,0.00,0.3789,0.3789,0.0000,93.81,SUCCESS
2025-12-22T14:31:04.952638+00:00,btc-updown-15m-1766413800,TRADE,DOWN,ACCUM,2,2,0.5900,1.1799,6,0.4301,8,0.5276,6,0.9576,0.2542,0.25,-0.8010,1.1990,0.0000,92.63,SUCCESS
2025-12-22T14:31:10.428972+00:00,btc-updown-15m-1766413800,TRADE,UP,ACCUM,2,2,0.4701,0.9403,8,0.4401,8,0.5276,8,0.9677,0.2587,0.00,0.2587,0.2587,0.0000,91.69,SUCCESS
2025-12-22T14:31:10.429174+00:00,btc-updown-15m-1766413800,TRADE,DOWN,ACCUM,2,2,0.5300,1.0600,8,0.4401,10,0.5281,8,0.9681,0.2548,0.20,-0.8013,1.1987,0.0000,90.63,SUCCESS
2025-12-22T14:31:15.860032+00:00,btc-updown-15m-1766413800,TRADE,UP,ACCUM,2,2,0.5703,1.1405,10,0.4661,10,0.5281,10,0.9942,0.0582,0.00,0.0582,0.0582,0.0000,89.49,SUCCESS
2025-12-22T14:31:15.860989+00:00,btc-updown-15m-1766413800,TRADE,DOWN,ACCUM,2,2,0.4400,0.8800,10,0.4661,12,0.5134,10,0.9795,0.2049,0.17,-0.8218,1.1782,0.0000,88.61,SUCCESS
2025-12-22T14:31:21.317865+00:00,btc-updown-15m-1766413800,TRADE,UP,ACCUM,2,2,0.4602,0.9204,12,0.4651,12,0.5134,12,0.9785,0.2578,0.00,0.2578,0.2578,0.0000,87.69,SUCCESS
2025-12-22T14:31:21.318040+00:00,btc-updown-15m-1766413800,TRADE,DOWN,ACCUM,2,2,0.5502,1.1004,12,0.4651,14,0.5186,12,0.9838,0.1947,0.14,-0.8426,1.1574,0.0000,86.59,SUCCESS
2025-12-22T14:31:26.772132+00:00,btc-updown-15m-1766413800,TRADE,UP,ACCUM,2,2,0.4701,0.9402,14,0.4658,14,0.5186,14,0.9845,0.2173,0.00,0.2173,0.2173,0.0000,85.65,SUCCESS
2025-12-22T14:31:26.773568+00:00,btc-updown-15m-1766413800,TRADE,DOWN,ACCUM,2,2,0.5500,1.1001,14,0.4658,16,0.5226,14,0.9884,0.1623,0.12,-0.8828,1.1172,0.0000,84.55,SUCCESS
2025-12-22T14:33:38.444235+00:00,btc-updown-15m-1766413800,TRADE,UP,ACCUM,2,2,0.4900,0.9800,16,0.4689,16,0.5226,16,0.9914,0.1371,0.00,0.1371,0.1371,0.0000,83.57,SUCCESS
2025-12-22T14:45:03.878355+00:00,btc-updown-15m-1766413800,RESOLUTION,DOWN,BINANCE_FALLBACK,32,32,1.0000,15.8629,16,0.4689,16,0.5226,16,0.9914,0.1371,0.00,0.0000,0.0000,0.1371,99.57,RESOLVED
2025-12-22T14:45:18.617803+00:00,btc-updown-15m-1766414700,TRADE,UP,ACCUM,2,2,0.5202,1.0404,2,0.5202,0,0.0000,0,0.0000,0.0000,1.00,-1.0404,0.9596,0.0000,98.53,SUCCESS
2025-12-22T14:45:18.618704+00:00,btc-updown-15m-1766414700,TRADE,DOWN,ACCUM,2,2,0.4902,0.9804,2,0.5202,2,0.4902,2,1.0104,-0.0208,0.00,-0.0208,-0.0208,0.0000,97.55,SUCCESS
2025-12-22T14:45:29.482870+00:00,btc-updown-15m-1766414700,TRADE,UP,ACCUM,2,2,0.4802,0.9604,4,0.5002,2,0.4902,2,0.9904,0.0192,0.50,-0.9812,1.0188,0.0000,96.59,SUCCESS
2025-12-22T14:45:34.907231+00:00,btc-updown-15m-1766414700,TRADE,UP,ACCUM,2,2,0.4601,0.9201,6,0.4868,2,0.4902,2,0.9770,0.0460,0.67,-1.9013,2.0987,0.0000,95.67,SUCCESS
2025-12-22T14:46:02.290935+00:00,btc-updown-15m-1766414700,TRADE,DOWN,ACCUM,2,1,0.4802,0.4802,6,0.4868,3,0.4869,3,0.9737,0.0790,0.50,-1.3815,1.6185,0.0000,95.19,SUCCESS
2025-12-22T14:46:07.728018+00:00,btc-updown-15m-1766414700,TRADE,UP,ACCUM,2,2,0.4401,0.8801,8,0.4751,3,0.4869,3,0.9620,0.1140,0.62,-2.2616,2.7384,0.0000,94.31,SUCCESS
2025-12-22T14:46:18.664387+00:00,btc-updown-15m-1766414700,TRADE,DOWN,ACCUM,2,2,0.5501,1.1002,8,0.4751,5,0.5122,5,0.9873,0.0636,0.38,-1.3618,1.6382,0.0000,93.21,SUCCESS
2025-12-22T14:46:24.082258+00:00,btc-updown-15m-1766414700,TRADE,UP,ACCUM,2,2,0.4700,0.9401,10,0.4741,5,0.5122,5,0.9863,0.0687,0.50,-2.3019,2.6981,0.0000,92.27,SUCCESS
2025-12-22T14:46:51.296804+00:00,btc-updown-15m-1766414700,TRADE,DOWN,ACCUM,2,1,0.5403,0.5403,10,0.4741,6,0.5168,6,0.9909,0.0543,0.40,-1.8421,2.1579,0.0000,91.73,SUCCESS
2025-12-22T14:46:56.759212+00:00,btc-updown-15m-1766414700,TRADE,DOWN,ACCUM,2,2,0.5102,1.0205,10,0.4741,8,0.5152,8,0.9893,0.0856,0.20,-0.8626,1.1374,0.0000,90.71,SUCCESS
2025-12-22T14:47:07.624025+00:00,btc-updown-15m-1766414700,TRADE,DOWN,ACCUM,2,2,0.4402,0.8803,10,0.4741,10,0.5002,10,0.9743,0.2571,0.00,0.2571,0.2571,0.0000,89.83,SUCCESS
2025-12-22T14:47:13.086347+00:00,btc-updown-15m-1766414700,TRADE,UP,ACCUM,2,2,0.5902,1.1803,12,0.4934,10,0.5002,10,0.9936,0.0637,0.17,-0.9232,1.0768,0.0000,88.65,SUCCESS
2025-12-22T14:47:13.086622+00:00,btc-updown-15m-1766414700,TRADE,DOWN,ACCUM,2,2,0.4302,0.8604,12,0.4934,12,0.4885,12,0.9820,0.2164,0.00,0.2164,0.2164,0.0000,87.79,SUCCESS
2025-12-22T14:47:18.495339+00:00,btc-updown-15m-1766414700,TRADE,DOWN,ACCUM,2,2,0.2900,0.5800,12,0.4934,14,0.4602,12,0.9536,0.5566,0.14,-0.3637,1.6363,0.0000,87.21,SUCCESS
2025-12-22T14:47:23.917197+00:00,btc-updown-15m-1766414700,TRADE,UP,ACCUM,2,2,0.7703,1.5407,14,0.5330,14,0.4602,14,0.9932,0.0957,0.00,0.0957,0.0957,0.0000,85.67,SUCCESS
2025-12-22T14:47:23.917471+00:00,btc-updown-15m-1766414700,TRADE,DOWN,ACCUM,2,2,0.2500,0.5000,14,0.5330,16,0.4339,14,0.9669,0.4634,0.12,-0.4044,1.5956,0.0000,85.17,SUCCESS
2025-12-22T14:47:29.340862+00:00,btc-updown-15m-1766414700,TRADE,UP,ACCUM,2,2,0.7403,1.4807,16,0.5589,16,0.4339,16,0.9928,0.1150,0.00,0.1150,0.1150,0.0000,83.69,SUCCESS
2025-12-22T15:00:04.855997+00:00,btc-updown-15m-1766414700,RESOLUTION,DOWN,BINANCE_FALLBACK,32,32,1.0000,15.8850,16,0.5589,16,0.4339,16,0.9928,0.1150,0.00,0.0000,0.0000,0.1150,99.69,RESOLVED
2025-12-22T15:00:12.845655+00:00,btc-updown-15m-1766415600,TRADE,UP,ACCUM,2,2,0.5502,1.1004,2,0.5502,0,0.0000,0,0.0000,0.0000,1.00,-1.1004,0.8996,0.0000,98.59,SUCCESS
2025-12-22T15:00:12.853104+00:00,btc-updown-15m-1766415600,TRADE,DOWN,ACCUM,2,2,0.4502,0.9004,2,0.5502,2,0.4502,2,1.0004,-0.0007,0.00,-0.0007,-0.0007,0.0000,97.69,SUCCESS
2025-12-22T15:00:23.746408+00:00,btc-updown-15m-1766415600,TRADE,UP,ACCUM,2,1,0.5201,0.5201,3,0.5402,2,0.4502,2,0.9903,0.0193,0.33,-0.5208,0.4792,0.0000,97.17,SUCCESS
2025-12-22T15:00:29.185465+00:00,btc-updown-15m-1766415600,TRADE,UP,ACCUM,2,2,0.5501,1.1001,5,0.5441,2,0.4502,2,0.9943,0.0114,0.60,-1.6209,1.3791,0.0000,96.07,SUCCESS
2025-12-22T15:00:34.580050+00:00,btc-updown-15m-1766415600,TRADE,UP,ACCUM,2,2,0.5200,1.0400,7,0.5372,2,0.4502,2,0.9874,0.0252,0.71,-2.6610,2.3390,0.0000,95.03,SUCCESS
2025-12-22T15:07:07.048564+00:00,btc-updown-15m-1766415600,TRADE,DOWN,ACCUM,2,2,0.4601,0.9201,7,0.5372,4,0.4551,4,0.9924,0.0306,0.43,-1.5811,1.4189,0.0000,94.11,SUCCESS
2025-12-22T15:07:12.455612+00:00,btc-updown-15m-1766415600,TRADE,UP,ACCUM,2,2,0.5202,1.0404,9,0.5334,4,0.4551,4,0.9886,0.0457,0.56,-2.6215,2.3785,0.0000,93.07,SUCCESS
2025-12-22T15:07:17.843773+00:00,btc-updown-15m-1766415600,TRADE,DOWN,ACCUM,2,2,0.4301,0.8601,9,0.5334,6,0.4468,6,0.9802,0.1187,0.33,-1.4816,1.5184,0.0000,92.21,SUCCESS
2025-12-22T15:07:25.904282+00:00,btc-updown-15m-1766415600,TRADE,UP,ACCUM,2,2,0.5502,1.1003,11,0.5365,6,0.4468,6,0.9832,0.1005,0.45,-2.5819,2.4181,0.0000,91.11,SUCCESS
2025-12-22T15:07:25.904698+00:00,btc-updown-15m-1766415600,TRADE,DOWN,ACCUM,2,2,0.4702,0.9403,11,0.5365,8,0.4526,8,0.9891,0.0872,0.27,-1.5222,1.4778,0.0000,90.17,SUCCESS
2025-12-22T15:07:33.174940+00:00,btc-updown-15m-1766415600,TRADE,UP,ACCUM,2,2,0.5701,1.1402,13,0.5417,8,0.4526,8,0.9943,0.0459,0.38,-2.6624,2.3376,0.0000,89.03,SUCCESS
2025-12-22T15:07:33.175129+00:00,btc-updown-15m-1766415600,TRADE,DOWN,ACCUM,2,2,0.4402,0.8803,13,0.5417,10,0.4501,10,0.9918,0.0823,0.23,-1.5427,1.4573,0.0000,88.14,SUCCESS
2025-12-22T15:07:39.279625+00:00,btc-updown-15m-1766415600,TRADE,DOWN,ACCUM,2,2,0.4001,0.8002,13,0.5417,12,0.4418,12,0.9834,0.1988,0.08,-0.3429,0.6571,0.0000,87.34,SUCCESS
2025-12-22T15:07:45.240479+00:00,btc-updown-15m-1766415600,TRADE,UP,ACCUM,2,2,0.5701,1.1402,15,0.5454,12,0.4418,12,0.9872,0.1533,0.20,-1.4831,1.5169,0.0000,86.20,SUCCESS
2025-12-22T15:07:45.246297+00:00,btc-updown-15m-1766415600,TRADE,DOWN,ACCUM,2,2,0.4502,0.9004,15,0.5454,14,0.4430,14,0.9884,0.1620,0.07,-0.3835,0.6165,0.0000,85.30,SUCCESS
2025-12-22T15:07:50.905445+00:00,btc-updown-15m-1766415600,TRADE,DOWN,ACCUM,2,2,0.4002,0.8003,15,0.5454,16,0.4376,15,0.9831,0.2539,0.06,-0.1838,0.8162,0.0000,84.50,SUCCESS
2025-12-22T15:15:04.690994+00:00,btc-updown-15m-1766415600,RESOLUTION,DOWN,BINANCE_FALLBACK,31,31,1.0000,15.1838,15,0.5454,16,0.4376,15,0.9831,0.2539,0.06,0.0000,0.0000,0.8162,100.50,RESOLVED
2025-12-22T15:15:13.553305+00:00,btc-updown-15m-1766416500,TRADE,UP,ACCUM,2,2,0.6002,1.2005,2,0.6002,0,0.0000,0,0.0000,0.0000,1.00,-1.2005,0.7995,0.0000,99.30,SUCCESS
2025-12-22T15:15:13.553537+00:00,btc-updown-15m-1766416500,TRADE,DOWN,ACCUM,2,1,0.4102,0.4102,2,0.6002,1,0.4102,1,1.0104,-0.0104,0.50,-0.6107,0.3893,0.0000,98.89,SUCCESS
2025-12-22T15:15:19.260863+00:00,btc-updown-15m-1766416500,TRADE,UP,ACCUM,2,2,0.5601,1.1202,4,0.5802,1,0.4102,1,0.9903,0.0097,0.75,-1.7308,1.2692,0.0000,97.77,SUCCESS
2025-12-22T15:15:24.823952+00:00,btc-updown-15m-1766416500,TRADE,UP,ACCUM,2,2,0.5602,1.1203,6,0.5735,1,0.4102,1,0.9837,0.0163,0.83,-2.8511,2.1489,0.0000,96.65,SUCCESS
2025-12-22T15:15:30.227508+00:00,btc-updown-15m-1766416500,TRADE,DOWN,ACCUM,2,2,0.4202,0.8404,6,0.5735,3,0.4169,3,0.9903,0.0290,0.50,-1.6915,1.3085,0.0000,95.81,SUCCESS
2025-12-22T15:15:35.621981+00:00,btc-updown-15m-1766416500,TRADE,UP,ACCUM,2,2,0.5701,1.1402,8,0.5726,3,0.4169,3,0.9895,0.0315,0.62,-2.8317,2.1683,0.0000,94.67,SUCCESS
2025-12-22T15:15:41.043806+00:00,btc-updown-15m-1766416500,TRADE,DOWN,ACCUM,2,2,0.4101,0.8201,8,0.5726,5,0.4141,5,0.9868,0.0661,0.38,-1.6519,1.3481,0.0000,93.85,SUCCESS
2025-12-22T15:15:46.779055+00:00,btc-updown-15m-1766416500,TRADE,UP,ACCUM,2,2,0.6003,1.2005,10,0.5782,5,0.4141,5,0.9923,0.0385,0.50,-2.8524,2.1476,0.0000,92.65,SUCCESS
2025-12-22T15:15:46.779528+00:00,btc-updown-15m-1766416500,TRADE,DOWN,ACCUM,2,2,0.4102,0.8204,10,0.5782,7,0.4130,7,0.9912,0.0617,0.30,-1.6728,1.3272,0.0000,91.83,SUCCESS
2025-12-22T15:15:52.168232+00:00,btc-updown-15m-1766416500,TRADE,UP,ACCUM,2,2,0.5903,1.1805,12,0.5802,7,0.4130,7,0.9932,0.0476,0.42,-2.8533,2.1467,0.0000,90.65,SUCCESS
2025-12-22T15:16:52.143580+00:00,btc-updown-15m-1766416500,TRADE,DOWN,ACCUM,2,2,0.3900,0.7801,12,0.5802,9,0.4079,9,0.9881,0.1072,0.25,-1.6334,1.3666,0.0000,89.87,SUCCESS
2025-12-22T15:16:57.573194+00:00,btc-updown-15m-1766416500,TRADE,DOWN,ACCUM,2,2,0.3600,0.7201,12,0.5802,11,0.3992,11,0.9794,0.2267,0.08,-0.3535,0.6465,0.0000,89.15,SUCCESS
2025-12-22T15:17:03.214918+00:00,btc-updown-15m-1766416500,TRADE,DOWN,ACCUM,2,2,0.2601,0.5202,12,0.5802,13,0.3778,12,0.9580,0.5042,0.08,0.1264,1.1264,0.0000,88.63,SUCCESS
2025-12-22T15:17:08.604893+00:00,btc-updown-15m-1766416500,TRADE,UP,ACCUM,2,2,0.7602,1.5205,14,0.6059,13,0.3778,13,0.9837,0.2118,0.07,-0.3941,0.6059,0.0000,87.11,SUCCESS
2025-12-22T15:17:08.605139+00:00,btc-updown-15m-1766416500,TRADE,DOWN,ACCUM,2,2,0.2500,0.5000,14,0.6059,15,0.3608,14,0.9667,0.4666,0.07,0.1058,1.1058,0.0000,86.61,SUCCESS
2025-12-22T15:17:13.996630+00:00,btc-updown-15m-1766416500,TRADE,UP,ACCUM,2,2,0.7402,1.4805,16,0.6227,15,0.3608,15,0.9835,0.2480,0.06,-0.3747,0.6253,0.0000,85.13,SUCCESS
2025-12-22T15:30:02.866720+00:00,btc-updown-15m-1766416500,RESOLUTION,DOWN,BINANCE_FALLBACK,31,31,1.0000,15.3747,16,0.6227,15,0.3608,15,0.9835,0.2480,0.06,0.0000,0.0000,-0.3747,100.13,RESOLVED
2025-12-22T15:30:11.049047+00:00,btc-updown-15m-1766417400,TRADE,UP,ACCUM,2,2,0.5803,1.1606,2,0.5803,0,0.0000,0,0.0000,0.0000,1.00,-1.1606,0.8394,0.0000,98.97,SUCCESS
2025-12-22T15:30:22.078377+00:00,btc-updown-15m-1766417400,TRADE,UP,ACCUM,2,2,0.5401,1.0801,4,0.5602,0,0.0000,0,0.0000,0.0000,1.00,-2.2407,1.7593,0.0000,97.89,SUCCESS
2025-12-22T15:30:22.078583+00:00,btc-updown-15m-1766417400,TRADE,DOWN,ACCUM,2,2,0.4702,0.9404,4,0.5602,2,0.4702,2,1.0304,-0.0607,0.50,-1.1811,0.8189,0.0000,96.95,SUCCESS
2025-12-22T15:31:11.427091+00:00,btc-updown-15m-1766417400,TRADE,UP,ACCUM,2,2,0.4401,0.8802,6,0.5201,2,0.4702,2,0.9903,0.0193,0.67,-2.0613,1.9387,0.0000,96.07,SUCCESS
2025-12-22T15:38:56.038067+00:00,btc-updown-15m-1766417400,TRADE,UP,ACCUM,1,1,0.1400,0.1400,7,0.4658,2,0.4702,2,0.9360,0.1279,0.71,-2.2013,2.7987,0.0000,95.93,SUCCESS
2025-12-22T15:45:01.872839+00:00,btc-updown-15m-1766417400,RESOLUTION,DOWN,BINANCE_FALLBACK,9,9,1.0000,4.2013,7,0.4658,2,0.4702,2,0.9360,0.1279,0.71,0.0000,0.0000,-2.2013,97.93,RESOLVED
2025-12-22T15:45:10.274728+00:00,btc-updown-15m-1766418300,TRADE,UP,ACCUM,2,2,0.5403,1.0805,2,0.5403,0,0.0000,0,0.0000,0.0000,1.00,-1.0805,0.9195,0.0000,96.85,SUCCESS
2025-12-22T15:45:10.275016+00:00,btc-updown-15m-1766418300,TRADE,DOWN,ACCUM,2,2,0.4701,0.9402,2,0.5403,2,0.4701,2,1.0104,-0.0208,0.00,-0.0208,-0.0208,0.0000,95.91,SUCCESS
2025-12-22T15:45:37.685323+00:00,btc-updown-15m-1766418300,TRADE,UP,ACCUM,2,2,0.4901,0.9802,4,0.5152,2,0.4701,2,0.9853,0.0294,0.50,-1.0010,0.9990,0.0000,94.93,SUCCESS
2025-12-22T15:45:43.265288+00:00,btc-updown-15m-1766418300,TRADE,UP,ACCUM,2,2,0.4401,0.8802,6,0.4902,2,0.4701,2,0.9603,0.0794,0.67,-1.8812,2.1188,0.0000,94.05,SUCCESS
2025-12-22T15:46:43.590464+00:00,btc-updown-15m-1766418300,TRADE,DOWN,ACCUM,2,2,0.5001,1.0002,6,0.4902,4,0.4851,4,0.9753,0.0990,0.33,-0.8813,1.1187,0.0000,93.05,SUCCESS
2025-12-22T15:46:48.990005+00:00,btc-updown-15m-1766418300,TRADE,DOWN,ACCUM,2,2,0.5301,1.0601,6,0.4902,6,0.5001,6,0.9902,0.0585,0.00,0.0585,0.0585,0.0000,91.99,SUCCESS
2025-12-22T15:46:54.389737+00:00,btc-updown-15m-1766418300,TRADE,UP,ACCUM,2,2,0.4300,0.8601,8,0.4751,6,0.5001,6,0.9752,0.1487,0.25,-0.8016,1.1984,0.0000,91.13,SUCCESS
2025-12-22T15:46:59.792803+00:00,btc-updown-15m-1766418300,TRADE,UP,ACCUM,2,2,0.4501,0.9002,10,0.4701,6,0.5001,6,0.9702,0.1787,0.40,-1.7018,2.2982,0.0000,90.23,SUCCESS
2025-12-22T15:47:10.606132+00:00,btc-updown-15m-1766418300,TRADE,DOWN,ACCUM,2,2,0.4101,0.8202,10,0.4701,8,0.4776,8,0.9477,0.4183,0.20,-0.5219,1.4781,0.0000,89.41,SUCCESS
2025-12-22T15:47:16.049554+00:00,btc-updown-15m-1766418300,TRADE,DOWN,ACCUM,2,2,0.4101,0.8202,10,0.4701,10,0.4641,10,0.9342,0.6579,0.00,0.6579,0.6579,0.0000,88.59,SUCCESS
2025-12-22T15:47:21.489541+00:00,btc-updown-15m-1766418300,TRADE,UP,ACCUM,2,2,0.6002,1.2003,12,0.4918,10,0.4641,10,0.9559,0.4412,0.17,-0.5424,1.4576,0.0000,87.39,SUCCESS
2025-12-22T15:47:21.490447+00:00,btc-updown-15m-1766418300,TRADE,DOWN,ACCUM,2,2,0.4101,0.8201,12,0.4918,12,0.4551,12,0.9469,0.6374,0.00,0.6374,0.6374,0.0000,86.57,SUCCESS
2025-12-22T15:47:27.091249+00:00,btc-updown-15m-1766418300,TRADE,UP,ACCUM,2,1,0.6202,0.6202,13,0.5017,12,0.4551,12,0.9568,0.5189,0.08,0.0172,1.0172,0.0000,85.94,SUCCESS
2025-12-22T15:47:32.500886+00:00,btc-updown-15m-1766418300,TRADE,UP,ACCUM,2,2,0.6302,1.2604,15,0.5188,12,0.4551,12,0.9739,0.3133,0.20,-1.2432,1.7568,0.0000,84.68,SUCCESS
2025-12-22T15:47:32.501339+00:00,btc-updown-15m-1766418300,TRADE,DOWN,ACCUM,2,2,0.3900,0.7800,15,0.5188,14,0.4458,14,0.9646,0.4956,0.07,-0.0232,0.9768,0.0000,83.90,SUCCESS
2025-12-22T15:47:43.388419+00:00,btc-updown-15m-1766418300,TRADE,DOWN,ACCUM,2,2,0.3800,0.7601,15,0.5188,16,0.4376,15,0.9564,0.6543,0.06,0.2167,1.2167,0.0000,83.14,SUCCESS
2025-12-22T16:00:01.455241+00:00,btc-updown-15m-1766418300,RESOLUTION,DOWN,BINANCE_FALLBACK,31,31,1.0000,14.7833,15,0.5188,16,0.4376,15,0.9564,0.6543,0.06,0.0000,0.0000,1.2167,99.14,RESOLVED
2025-12-22T16:00:15.524205+00:00,btc-updown-15m-1766419200,TRADE,UP,ACCUM,2,2,0.5602,1.1203,2,0.5602,0,0.0000,0,0.0000,0.0000,1.00,-1.1203,0.8797,0.0000,98.02,SUCCESS
2025-12-22T16:00:15.525176+00:00,btc-updown-15m-1766419200,TRADE,DOWN,ACCUM,2,2,0.4498,0.8997,2,0.5602,2,0.4498,2,1.0100,-0.0200,0.00,-0.0200,-0.0200,0.0000,97.12,SUCCESS
2025-12-22T16:00:20.934039+00:00,btc-updown-15m-1766419200,TRADE,DOWN,ACCUM,2,2,0.4000,0.8000,2,0.5602,4,0.4249,2,0.9851,0.0298,0.50,-0.8201,1.1799,0.0000,96.32,SUCCESS
2025-12-22T16:00:26.350636+00:00,btc-updown-15m-1766419200,TRADE,DOWN,ACCUM,2,2,0.4301,0.8602,2,0.5602,6,0.4267,2,0.9868,0.0263,0.67,-1.6803,2.3197,0.0000,95.46,SUCCESS
2025-12-22T16:01:20.756818+00:00,btc-updown-15m-1766419200,TRADE,UP,ACCUM,2,2,0.5298,1.0596,4,0.5450,6,0.4267,4,0.9716,0.1135,0.33,-0.7399,1.2601,0.0000,94.40,SUCCESS
2025-12-22T16:01:26.174604+00:00,btc-updown-15m-1766419200,TRADE,UP,ACCUM,2,2,0.5501,1.1002,6,0.5467,6,0.4267,6,0.9733,0.1599,0.00,0.1599,0.1599,0.0000,93.30,SUCCESS
2025-12-22T16:01:31.582534+00:00,btc-updown-15m-1766419200,TRADE,DOWN,ACCUM,2,2,0.5001,1.0003,6,0.5467,8,0.4450,6,0.9917,0.0497,0.25,-0.8403,1.1597,0.0000,92.30,SUCCESS
2025-12-22T16:01:36.971025+00:00,btc-updown-15m-1766419200,TRADE,UP,ACCUM,2,2,0.4501,0.9002,8,0.5225,8,0.4450,8,0.9676,0.2595,0.00,0.2595,0.2595,0.0000,91.40,SUCCESS
2025-12-22T16:01:42.380889+00:00,btc-updown-15m-1766419200,TRADE,UP,ACCUM,2,2,0.4301,0.8602,10,0.5040,8,0.4450,8,0.9491,0.4074,0.20,-0.6007,1.3993,0.0000,90.54,SUCCESS
2025-12-22T16:01:42.381051+00:00,btc-updown-15m-1766419200,TRADE,DOWN,ACCUM,2,2,0.5802,1.1603,10,0.5040,10,0.4721,10,0.9761,0.2389,0.00,0.2389,0.2389,0.0000,89.38,SUCCESS
2025-12-22T16:01:47.791728+00:00,btc-updown-15m-1766419200,TRADE,UP,ACCUM,2,1,0.4100,0.4100,11,0.4955,10,0.4721,10,0.9676,0.3244,0.09,-0.1711,0.8289,0.0000,88.97,SUCCESS
2025-12-22T16:01:53.349884+00:00,btc-updown-15m-1766419200,TRADE,UP,ACCUM,2,2,0.4400,0.8801,13,0.4870,10,0.4721,10,0.9590,0.4097,0.23,-1.0512,1.9488,0.0000,88.09,SUCCESS
2025-12-22T16:01:53.350054+00:00,btc-updown-15m-1766419200,TRADE,DOWN,ACCUM,2,2,0.5801,1.1601,13,0.4870,12,0.4901,12,0.9770,0.2757,0.08,-0.2113,0.7887,0.0000,86.93,SUCCESS
2025-12-22T16:01:58.747467+00:00,btc-updown-15m-1766419200,TRADE,UP,ACCUM,2,2,0.5102,1.0204,15,0.4901,12,0.4901,12,0.9801,0.2385,0.20,-1.2317,1.7683,0.0000,85.91,SUCCESS
2025-12-22T16:01:58.748302+00:00,btc-updown-15m-1766419200,TRADE,DOWN,ACCUM,2,2,0.5000,1.0000,15,0.4901,14,0.4915,14,0.9815,0.2583,0.07,-0.2317,0.7683,0.0000,84.91,SUCCESS
2025-12-22T16:02:04.160516+00:00,btc-updown-15m-1766419200,TRADE,DOWN,ACCUM,2,1,0.4799,0.4799,15,0.4901,15,0.4907,15,0.9808,0.2883,0.00,0.2883,0.2883,0.0000,84.43,SUCCESS
2025-12-22T16:15:01.934585+00:00,btc-updown-15m-1766419200,RESOLUTION,DOWN,BINANCE_FALLBACK,30,30,1.0000,14.7117,15,0.4901,15,0.4907,15,0.9808,0.2883,0.00,0.0000,0.0000,0.2883,99.43,RESOLVED
2025-12-22T16:15:09.677702+00:00,btc-updown-15m-1766420100,TRADE,UP,ACCUM,2,1,0.5000,0.5000,1,0.5000,0,0.0000,0,0.0000,0.0000,1.00,-0.5000,0.5000,0.0000,98.93,SUCCESS
2025-12-22T16:15:09.678093+00:00,btc-updown-15m-1766420100,TRADE,DOWN,ACCUM,2,2,0.5101,1.0203,1,0.5000,2,0.5101,1,1.0102,-0.0102,0.50,-0.5203,0.4797,0.0000,97.91,SUCCESS
2025-12-22T16:15:31.617095+00:00,btc-updown-15m-1766420100,TRADE,DOWN,ACCUM,2,2,0.4302,0.8604,1,0.5000,4,0.4702,1,0.9702,0.0298,0.75,-1.3807,1.6193,0.0000,97.05,SUCCESS
2025-12-22T16:15:42.613241+00:00,btc-updown-15m-1766420100,TRADE,DOWN,ACCUM,2,2,0.3200,0.6401,1,0.5000,6,0.4201,1,0.9201,0.0799,0.83,-2.0208,2.9792,0.0000,96.41,SUCCESS
2025-12-22T16:19:14.908990+00:00,btc-updown-15m-1766420100,TRADE,UP,ACCUM,2,2,0.6000,1.2000,3,0.5667,6,0.4201,3,0.9868,0.0396,0.50,-1.2208,1.7792,0.0000,95.21,SUCCESS
2025-12-22T16:19:25.825404+00:00,btc-updown-15m-1766420100,TRADE,DOWN,ACCUM,2,2,0.4102,0.8203,3,0.5667,8,0.4176,3,0.9843,0.0471,0.62,-2.0411,2.9589,0.0000,94.39,SUCCESS
2025-12-22T16:30:04.628146+00:00,btc-updown-15m-1766420100,RESOLUTION,DOWN,BINANCE_FALLBACK,11,11,1.0000,5.0411,3,0.5667,8,0.4176,3,0.9843,0.0471,0.62,0.0000,0.0000,2.9589,102.39,RESOLVED
2025-12-22T16:45:12.614346+00:00,btc-updown-15m-1766421900,TRADE,UP,ACCUM,2,2,0.4998,0.9997,2,0.4998,0,0.0000,0,0.0000,0.0000,1.00,-0.9997,1.0003,0.0000,99.00,SUCCESS
2025-12-22T16:45:18.031002+00:00,btc-updown-15m-1766421900,TRADE,UP,ACCUM,2,2,0.5400,1.0800,4,0.5199,0,0.0000,0,0.0000,0.0000,1.00,-2.0797,1.9203,0.0000,97.92,SUCCESS
2025-12-22T16:45:18.031361+00:00,btc-updown-15m-1766421900,TRADE,DOWN,ACCUM,2,1,0.4700,0.4700,4,0.5199,1,0.4700,1,0.9899,0.0101,0.75,-1.5497,1.4503,0.0000,97.45,SUCCESS
2025-12-22T16:45:23.454848+00:00,btc-updown-15m-1766421900,TRADE,DOWN,ACCUM,2,2,0.4601,0.9202,4,0.5199,3,0.4634,3,0.9833,0.0500,0.25,-0.4699,0.5301,0.0000,96.53,SUCCESS
2025-12-22T16:45:28.871684+00:00,btc-updown-15m-1766421900,TRADE,UP,ACCUM,2,2,0.5203,1.0405,6,0.5200,3,0.4634,3,0.9834,0.0497,0.50,-1.5104,1.4896,0.0000,95.49,SUCCESS
2025-12-22T16:45:34.375332+00:00,btc-updown-15m-1766421900,TRADE,UP,ACCUM,2,2,0.5202,1.0404,8,0.5201,3,0.4634,3,0.9835,0.0496,0.62,-2.5508,2.4492,0.0000,94.45,SUCCESS
2025-12-22T16:45:34.376262+00:00,btc-updown-15m-1766421900,TRADE,DOWN,ACCUM,2,2,0.4902,0.9804,8,0.5201,5,0.4741,5,0.9942,0.0290,0.38,-1.5313,1.4687,0.0000,93.47,SUCCESS
2025-12-22T16:45:45.308028+00:00,btc-updown-15m-1766421900,TRADE,DOWN,ACCUM,2,2,0.4702,0.9404,8,0.5201,7,0.4730,7,0.9931,0.0484,0.12,-0.4717,0.5283,0.0000,92.53,SUCCESS
2025-12-22T16:45:50.714546+00:00,btc-updown-15m-1766421900,TRADE,DOWN,ACCUM,2,2,0.4600,0.9200,8,0.5201,9,0.4701,8,0.9902,0.0784,0.11,-0.3917,0.6083,0.0000,91.61,SUCCESS
2025-12-22T16:45:56.240268+00:00,btc-updown-15m-1766421900,TRADE,DOWN,ACCUM,2,2,0.4001,0.8001,8,0.5201,11,0.4574,8,0.9775,0.1803,0.27,-1.1918,1.8082,0.0000,90.81,SUCCESS
2025-12-22T16:46:01.652928+00:00,btc-updown-15m-1766421900,TRADE,DOWN,ACCUM,2,2,0.3802,0.7603,8,0.5201,13,0.4455,8,0.9656,0.2753,0.38,-1.9522,3.0478,0.0000,90.05,SUCCESS
2025-12-22T16:46:07.065858+00:00,btc-updown-15m-1766421900,TRADE,UP,ACCUM,2,1,0.6302,0.6302,9,0.5323,13,0.4455,9,0.9778,0.1996,0.31,-1.5824,2.4176,0.0000,89.42,SUCCESS
2025-12-22T16:48:01.429037+00:00,btc-updown-15m-1766421900,TRADE,UP,ACCUM,2,2,0.6102,1.2204,11,0.5465,13,0.4455,11,0.9920,0.0882,0.15,-0.8028,1.1972,0.0000,88.20,SUCCESS
2025-12-22T16:48:06.940281+00:00,btc-updown-15m-1766421900,TRADE,DOWN,ACCUM,2,2,0.4102,0.8204,11,0.5465,15,0.4408,11,0.9873,0.1400,0.27,-1.6232,2.3768,0.0000,87.38,SUCCESS
2025-12-22T16:48:12.490776+00:00,btc-updown-15m-1766421900,TRADE,UP,ACCUM,2,1,0.5502,0.5502,12,0.5468,15,0.4408,12,0.9876,0.1490,0.20,-1.1734,1.8266,0.0000,86.83,SUCCESS
2025-12-22T16:48:17.918894+00:00,btc-updown-15m-1766421900,TRADE,UP,ACCUM,2,2,0.5800,1.1600,14,0.5515,15,0.4408,14,0.9923,0.1074,0.07,-0.3334,0.6666,0.0000,85.67,SUCCESS
2025-12-22T16:48:34.150208+00:00,btc-updown-15m-1766421900,TRADE,UP,ACCUM,2,2,0.5500,1.1000,16,0.5513,15,0.4408,15,0.9921,0.1180,0.06,-0.4334,0.5666,0.0000,84.57,SUCCESS
2025-12-22T17:00:05.240737+00:00,btc-updown-15m-1766421900,RESOLUTION,DOWN,BINANCE_FALLBACK,31,31,1.0000,15.4334,16,0.5513,15,0.4408,15,0.9921,0.1180,0.06,0.0000,0.0000,-0.4334,99.57,RESOLVED
2025-12-22T17:00:14.130693+00:00,btc-updown-15m-1766422800,TRADE,UP,ACCUM,2,2,0.5100,1.0201,2,0.5100,0,0.0000,0,0.0000,0.0000,1.00,-1.0201,0.9799,0.0000,98.55,SUCCESS
2025-12-22T17:00:14.133590+00:00,btc-updown-15m-1766422800,TRADE,DOWN,ACCUM,2,2,0.5002,1.0004,2,0.5100,2,0.5002,2,1.0102,-0.0205,0.00,-0.0205,-0.0205,0.0000,97.55,SUCCESS
2025-12-22T17:00:35.864339+00:00,btc-updown-15m-1766422800,TRADE,UP,ACCUM,2,2,0.4701,0.9402,4,0.4901,2,0.5002,2,0.9903,0.0195,0.50,-0.9607,1.0393,0.0000,96.61,SUCCESS
2025-12-22T17:00:41.238252+00:00,btc-updown-15m-1766422800,TRADE,UP,ACCUM,2,2,0.4400,0.8800,6,0.4734,2,0.5002,2,0.9736,0.0528,0.67,-1.8407,2.1593,0.0000,95.73,SUCCESS
2025-12-22T17:00:46.641925+00:00,btc-updown-15m-1766422800,TRADE,DOWN,ACCUM,2,2,0.5302,1.0604,6,0.4734,4,0.5152,4,0.9886,0.0457,0.33,-0.9010,1.0990,0.0000,94.67,SUCCESS
2025-12-22T17:00:52.035895+00:00,btc-updown-15m-1766422800,TRADE,UP,ACCUM,2,2,0.4902,0.9805,8,0.4776,4,0.5152,4,0.9928,0.0289,0.50,-1.8815,2.1185,0.0000,93.69,SUCCESS
2025-12-22T17:00:52.036063+00:00,btc-updown-15m-1766422800,TRADE,DOWN,ACCUM,2,2,0.5101,1.0203,8,0.4776,6,0.5135,6,0.9911,0.0534,0.25,-0.9018,1.0982,0.0000,92.66,SUCCESS
2025-12-22T17:01:02.851664+00:00,btc-updown-15m-1766422800,TRADE,UP,ACCUM,2,2,0.4502,0.9004,10,0.4721,6,0.5135,6,0.9856,0.0863,0.40,-1.8021,2.1979,0.0000,91.76,SUCCESS
2025-12-22T17:08:56.505434+00:00,btc-updown-15m-1766422800,TRADE,UP,ACCUM,1,1,0.0400,0.0400,11,0.4328,6,0.5135,6,0.9463,0.3220,0.45,-1.8422,3.1578,0.0000,91.72,SUCCESS
2025-12-22T17:15:00.758663+00:00,btc-updown-15m-1766422800,RESOLUTION,DOWN,BINANCE_FALLBACK,17,17,1.0000,7.8422,11,0.4328,6,0.5135,6,0.9463,0.3220,0.45,0.0000,0.0000,-1.8422,97.72,RESOLVED
2025-12-22T17:15:09.502093+00:00,btc-updown-15m-1766423700,TRADE,UP,ACCUM,2,2,0.5502,1.1004,2,0.5502,0,0.0000,0,0.0000,0.0000,1.00,-1.1004,0.8996,0.0000,96.62,SUCCESS
2025-12-22T17:15:14.922423+00:00,btc-updown-15m-1766423700,TRADE,UP,ACCUM,2,2,0.5302,1.0605,4,0.5402,0,0.0000,0,0.0000,0.0000,1.00,-2.1608,1.8392,0.0000,95.56,SUCCESS
2025-12-22T17:15:14.922569+00:00,btc-updown-15m-1766423700,TRADE,DOWN,ACCUM,2,2,0.4802,0.9604,4,0.5402,2,0.4802,2,1.0204,-0.0408,0.50,-1.1212,0.8788,0.0000,94.60,SUCCESS
2025-12-22T17:15:25.873280+00:00,btc-updown-15m-1766423700,TRADE,UP,ACCUM,2,2,0.3702,0.7403,6,0.4835,2,0.4802,2,0.9637,0.0725,0.67,-1.8616,2.1384,0.0000,93.86,SUCCESS
2025-12-22T17:17:25.260310+00:00,btc-updown-15m-1766423700,TRADE,DOWN,ACCUM,2,2,0.5201,1.0402,6,0.4835,4,0.5002,4,0.9837,0.0653,0.33,-0.9018,1.0982,0.0000,92.82,SUCCESS
2025-12-22T17:17:30.670827+00:00,btc-updown-15m-1766423700,TRADE,UP,ACCUM,2,1,0.4802,0.4802,7,0.4831,4,0.5002,4,0.9832,0.0672,0.43,-1.3820,1.6180,0.0000,92.34,SUCCESS
2025-12-22T17:17:30.670976+00:00,btc-updown-15m-1766423700,TRADE,DOWN,ACCUM,2,2,0.5301,1.0602,7,0.4831,6,0.5101,6,0.9932,0.0409,0.14,-0.4422,0.5578,0.0000,91.28,SUCCESS
2025-12-22T17:17:41.478051+00:00,btc-updown-15m-1766423700,TRADE,DOWN,ACCUM,2,2,0.4100,0.8200,7,0.4831,8,0.4851,7,0.9682,0.2229,0.12,-0.2622,0.7378,0.0000,90.46,SUCCESS
2025-12-22T17:17:46.866618+00:00,btc-updown-15m-1766423700,TRADE,UP,ACCUM,2,2,0.5902,1.1805,9,0.5069,8,0.4851,8,0.9920,0.0642,0.11,-0.4427,0.5573,0.0000,89.28,SUCCESS
2025-12-22T17:17:46.866828+00:00,btc-updown-15m-1766423700,TRADE,DOWN,ACCUM,2,2,0.4201,0.8402,9,0.5069,10,0.4721,9,0.9790,0.1892,0.10,-0.2829,0.7171,0.0000,88.44,SUCCESS
2025-12-22T17:17:52.273135+00:00,btc-updown-15m-1766423700,TRADE,UP,ACCUM,2,1,0.5702,0.5702,10,0.5132,10,0.4721,10,0.9853,0.1470,0.00,0.1470,0.1470,0.0000,87.87,SUCCESS
2025-12-22T17:17:52.273331+00:00,btc-updown-15m-1766423700,TRADE,DOWN,ACCUM,2,2,0.4401,0.8802,10,0.5132,12,0.4668,10,0.9800,0.2003,0.17,-0.7332,1.2668,0.0000,86.99,SUCCESS
2025-12-22T17:17:57.657548+00:00,btc-updown-15m-1766423700,TRADE,UP,ACCUM,2,2,0.5702,1.1405,12,0.5227,12,0.4668,12,0.9895,0.1263,0.00,0.1263,0.1263,0.0000,85.85,SUCCESS
2025-12-22T17:17:57.657884+00:00,btc-updown-15m-1766423700,TRADE,DOWN,ACCUM,2,2,0.4402,0.8803,12,0.5227,14,0.4630,12,0.9857,0.1719,0.14,-0.7540,1.2460,0.0000,84.97,SUCCESS
2025-12-22T17:18:03.076096+00:00,btc-updown-15m-1766423700,TRADE,UP,ACCUM,2,2,0.5701,1.1402,14,0.5295,14,0.4630,14,0.9924,0.1058,0.00,0.1058,0.1058,0.0000,83.83,SUCCESS
2025-12-22T17:18:03.077066+00:00,btc-updown-15m-1766423700,TRADE,DOWN,ACCUM,2,1,0.4401,0.4401,14,0.5295,15,0.4614,14,0.9909,0.1271,0.07,-0.3343,0.6657,0.0000,83.39,SUCCESS
2025-12-22T17:19:19.216844+00:00,btc-updown-15m-1766423700,TRADE,UP,ACCUM,2,2,0.5502,1.1004,16,0.5321,15,0.4614,15,0.9935,0.0973,0.06,-0.4348,0.5652,0.0000,82.29,SUCCESS
2025-12-22T17:30:05.319049+00:00,btc-updown-15m-1766423700,RESOLUTION,DOWN,BINANCE_FALLBACK,31,31,1.0000,15.4348,16,0.5321,15,0.4614,15,0.9935,0.0973,0.06,0.0000,0.0000,-0.4348,97.29,RESOLVED
2025-12-22T17:30:13.943990+00:00,btc-updown-15m-1766424600,TRADE,UP,ACCUM,2,2,0.5401,1.0803,2,0.5401,0,0.0000,0,0.0000,0.0000,1.00,-1.0803,0.9197,0.0000,96.21,SUCCESS
2025-12-22T17:30:13.944368+00:00,btc-updown-15m-1766424600,TRADE,DOWN,ACCUM,2,2,0.4702,0.9405,2,0.5401,2,0.4702,2,1.0104,-0.0207,0.00,-0.0207,-0.0207,0.0000,95.27,SUCCESS
2025-12-22T17:30:35.974715+00:00,btc-updown-15m-1766424600,TRADE,DOWN,ACCUM,2,2,0.4101,0.8202,2,0.5401,4,0.4402,2,0.9803,0.0394,0.50,-0.8409,1.1591,0.0000,94.45,SUCCESS
2025-12-22T17:30:41.521277+00:00,btc-updown-15m-1766424600,TRADE,DOWN,ACCUM,2,2,0.4301,0.8603,2,0.5401,6,0.4368,2,0.9770,0.0461,0.67,-1.7012,2.2988,0.0000,93.59,SUCCESS
2025-12-22T17:31:46.807705+00:00,btc-updown-15m-1766424600,TRADE,UP,ACCUM,2,2,0.5000,1.0001,4,0.5201,6,0.4368,4,0.9569,0.1724,0.33,-0.7013,1.2987,0.0000,92.59,SUCCESS
2025-12-22T17:31:52.194943+00:00,btc-updown-15m-1766424600,TRADE,UP,ACCUM,2,2,0.4102,0.8203,6,0.4834,6,0.4368,6,0.9203,0.4784,0.00,0.4784,0.4784,0.0000,91.77,SUCCESS
2025-12-22T17:31:57.598506+00:00,btc-updown-15m-1766424600,TRADE,UP,ACCUM,2,2,0.5101,1.0202,8,0.4901,6,0.4368,6,0.9269,0.4384,0.25,-0.5418,1.4582,0.0000,90.75,SUCCESS
2025-12-22T17:31:57.598711+00:00,btc-updown-15m-1766424600,TRADE,DOWN,ACCUM,2,2,0.5101,1.0203,8,0.4901,8,0.4551,8,0.9453,0.4380,0.00,0.4380,0.4380,0.0000,89.73,SUCCESS
2025-12-22T17:32:02.985413+00:00,btc-updown-15m-1766424600,TRADE,UP,ACCUM,2,2,0.4400,0.8801,10,0.4801,8,0.4551,8,0.9352,0.5181,0.20,-0.4421,1.5579,0.0000,88.85,SUCCESS
2025-12-22T17:32:08.377305+00:00,btc-updown-15m-1766424600,TRADE,UP,ACCUM,2,2,0.4402,0.8804,12,0.4734,8,0.4551,8,0.9286,0.5713,0.33,-1.3225,2.6775,0.0000,87.97,SUCCESS
2025-12-22T17:32:08.377559+00:00,btc-updown-15m-1766424600,TRADE,DOWN,ACCUM,2,2,0.5702,1.1405,12,0.4734,10,0.4782,10,0.9516,0.4839,0.17,-0.4630,1.5370,0.0000,86.83,SUCCESS
2025-12-22T17:32:13.809722+00:00,btc-updown-15m-1766424600,TRADE,UP,ACCUM,2,2,0.4601,0.9202,14,0.4715,10,0.4782,10,0.9497,0.5030,0.29,-1.3832,2.6168,0.0000,85.91,SUCCESS
2025-12-22T17:32:13.810072+00:00,btc-updown-15m-1766424600,TRADE,DOWN,ACCUM,2,2,0.5901,1.1803,14,0.4715,12,0.4968,12,0.9684,0.3796,0.14,-0.5634,1.4366,0.0000,84.73,SUCCESS
2025-12-22T17:32:19.238583+00:00,btc-updown-15m-1766424600,TRADE,UP,ACCUM,2,2,0.4100,0.8201,16,0.4639,12,0.4968,12,0.9607,0.4719,0.25,-1.3835,2.6165,0.0000,83.91,SUCCESS
2025-12-22T17:32:19.238983+00:00,btc-updown-15m-1766424600,TRADE,DOWN,ACCUM,2,2,0.6000,1.2001,16,0.4639,14,0.5116,14,0.9754,0.3441,0.12,-0.5836,1.4164,0.0000,82.71,SUCCESS
2025-12-22T17:32:24.616087+00:00,btc-updown-15m-1766424600,TRADE,DOWN,ACCUM,2,2,0.5802,1.1605,16,0.4639,16,0.5202,16,0.9840,0.2559,0.00,0.2559,0.2559,0.0000,81.55,SUCCESS
2025-12-22T17:45:03.574625+00:00,btc-updown-15m-1766424600,RESOLUTION,DOWN,BINANCE_FALLBACK,32,32,1.0000,15.7441,16,0.4639,16,0.5202,16,0.9840,0.2559,0.00,0.0000,0.0000,0.2559,97.55,RESOLVED
2025-12-22T17:45:17.090315+00:00,btc-updown-15m-1766425500,TRADE,UP,ACCUM,2,2,0.3501,0.7001,2,0.3501,0,0.0000,0,0.0000,0.0000,1.00,-0.7001,1.2999,0.0000,96.85,SUCCESS
2025-12-22T17:45:17.091217+00:00,btc-updown-15m-1766425500,TRADE,DOWN,ACCUM,2,1,0.6602,0.6602,2,0.3501,1,0.6602,1,1.0103,-0.0103,0.50,-0.3603,0.6397,0.0000,96.19,SUCCESS
2025-12-22T17:45:44.407931+00:00,btc-updown-15m-1766425500,TRADE,UP,ACCUM,2,2,0.3101,0.6203,4,0.3301,1,0.6602,1,0.9903,0.0097,0.75,-0.9806,2.0194,0.0000,95.57,SUCCESS
2025-12-22T17:45:55.382092+00:00,btc-updown-15m-1766425500,TRADE,UP,ACCUM,2,2,0.3401,0.6802,6,0.3334,1,0.6602,1,0.9936,0.0064,0.83,-1.6607,3.3393,0.0000,94.88,SUCCESS
2025-12-22T17:46:11.656357+00:00,btc-updown-15m-1766425500,TRADE,DOWN,ACCUM,2,2,0.6602,1.3204,6,0.3334,3,0.6602,3,0.9936,0.0192,0.50,-0.9811,2.0189,0.0000,93.56,SUCCESS
2025-12-22T17:46:17.058513+00:00,btc-updown-15m-1766425500,TRADE,DOWN,ACCUM,2,2,0.6403,1.2806,6,0.3334,5,0.6522,5,0.9857,0.0717,0.17,-0.2617,0.7383,0.0000,92.28,SUCCESS
2025-12-22T17:46:22.574675+00:00,btc-updown-15m-1766425500,TRADE,DOWN,ACCUM,2,2,0.6202,1.2404,6,0.3334,7,0.6431,6,0.9765,0.1410,0.14,-0.5021,0.4979,0.0000,91.04,SUCCESS
2025-12-22T17:46:28.072977+00:00,btc-updown-15m-1766425500,TRADE,UP,ACCUM,2,2,0.3900,0.7801,8,0.3476,7,0.6431,7,0.9907,0.0654,0.12,-0.2821,0.7179,0.0000,90.26,SUCCESS
2025-12-22T17:46:28.073296+00:00,btc-updown-15m-1766425500,TRADE,DOWN,ACCUM,2,2,0.6301,1.2602,8,0.3476,9,0.6402,8,0.9878,0.0978,0.11,-0.5423,0.4577,0.0000,89.00,SUCCESS
2025-12-22T17:46:33.468341+00:00,btc-updown-15m-1766425500,TRADE,UP,ACCUM,2,2,0.3801,0.7601,10,0.3541,9,0.6402,9,0.9943,0.0516,0.10,-0.3025,0.6975,0.0000,88.24,SUCCESS
2025-12-22T17:46:33.468730+00:00,btc-updown-15m-1766425500,TRADE,DOWN,ACCUM,2,2,0.6203,1.2405,10,0.3541,11,0.6366,10,0.9906,0.0936,0.09,-0.5430,0.4570,0.0000,87.00,SUCCESS
2025-12-22T17:46:38.864386+00:00,btc-updown-15m-1766425500,TRADE,DOWN,ACCUM,2,2,0.5902,1.1804,10,0.3541,13,0.6294,10,0.9835,0.1649,0.23,-1.7234,1.2766,0.0000,85.82,SUCCESS
2025-12-22T17:46:44.358397+00:00,btc-updown-15m-1766425500,TRADE,UP,ACCUM,2,2,0.4202,0.8404,12,0.3651,13,0.6294,12,0.9945,0.0657,0.08,-0.5638,0.4362,0.0000,84.98,SUCCESS
2025-12-22T17:46:44.359127+00:00,btc-updown-15m-1766425500,TRADE,DOWN,ACCUM,2,2,0.5901,1.1802,12,0.3651,15,0.6242,12,0.9893,0.1286,0.20,-1.7440,1.2560,0.0000,83.80,SUCCESS
2025-12-22T17:47:16.978336+00:00,btc-updown-15m-1766425500,TRADE,UP,ACCUM,2,2,0.3801,0.7602,14,0.3672,15,0.6242,14,0.9914,0.1200,0.07,-0.5042,0.4958,0.0000,83.04,SUCCESS
2025-12-22T17:47:27.787221+00:00,btc-updown-15m-1766425500,TRADE,UP,ACCUM,2,2,0.3800,0.7600,16,0.3688,15,0.6242,15,0.9930,0.1046,0.06,-0.2643,0.7357,0.0000,82.28,SUCCESS
2025-12-22T18:00:01.000672+00:00,btc-updown-15m-1766425500,RESOLUTION,DOWN,BINANCE_FALLBACK,31,31,1.0000,15.2643,16,0.3688,15,0.6242,15,0.9930,0.1046,0.06,0.0000,0.0000,-0.2643,97.28,RESOLVED
2025-12-22T18:00:09.588280+00:00,btc-updown-15m-1766426400,TRADE,UP,ACCUM,2,2,0.5300,1.0600,2,0.5300,0,0.0000,0,0.0000,0.0000,1.00,-1.0600,0.9400,0.0000,96.22,SUCCESS
2025-12-22T18:00:09.588449+00:00,btc-updown-15m-1766426400,TRADE,DOWN,ACCUM,2,2,0.4801,0.9602,2,0.5300,2,0.4801,2,1.0101,-0.0203,0.00,-0.0203,-0.0203,0.0000,95.26,SUCCESS
2025-12-22T18:00:53.164629+00:00,btc-updown-15m-1766426400,TRADE,DOWN,ACCUM,2,2,0.4401,0.8803,2,0.5300,4,0.4601,2,0.9902,0.0197,0.50,-0.9006,1.0994,0.0000,94.38,SUCCESS
2025-12-22T18:00:58.590835+00:00,btc-updown-15m-1766426400,TRADE,DOWN,ACCUM,2,2,0.4100,0.8200,2,0.5300,6,0.4434,2,0.9734,0.0531,0.67,-1.7206,2.2794,0.0000,93.56,SUCCESS
2025-12-22T18:05:08.773779+00:00,btc-updown-15m-1766426400,TRADE,UP,ACCUM,2,2,0.5001,1.0002,4,0.5151,6,0.4434,4,0.9585,0.1661,0.33,-0.7208,1.2792,0.0000,92.56,SUCCESS
2025-12-22T18:05:14.279765+00:00,btc-updown-15m-1766426400,TRADE,UP,ACCUM,2,2,0.3902,0.7804,6,0.4734,6,0.4434,6,0.9169,0.4989,0.00,0.4989,0.4989,0.0000,91.78,SUCCESS
2025-12-22T18:05:19.668277+00:00,btc-updown-15m-1766426400,TRADE,UP,ACCUM,2,2,0.4201,0.8401,8,0.4601,6,0.4434,6,0.9035,0.5789,0.25,-0.3412,1.6588,0.0000,90.94,SUCCESS
2025-12-22T18:05:25.134839+00:00,btc-updown-15m-1766426400,TRADE,UP,ACCUM,2,2,0.3801,0.7602,10,0.4441,6,0.4434,6,0.8875,0.6749,0.40,-1.1014,2.8986,0.0000,90.18,SUCCESS
2025-12-22T18:05:25.134993+00:00,btc-updown-15m-1766426400,TRADE,DOWN,ACCUM,2,2,0.6301,1.2603,10,0.4441,8,0.4901,8,0.9342,0.5265,0.20,-0.3617,1.6383,0.0000,88.92,SUCCESS
2025-12-22T18:05:30.615371+00:00,btc-updown-15m-1766426400,TRADE,UP,ACCUM,2,2,0.4201,0.8402,12,0.4401,8,0.4901,8,0.9302,0.5585,0.33,-1.2019,2.7981,0.0000,88.08,SUCCESS
2025-12-22T18:05:30.615554+00:00,btc-updown-15m-1766426400,TRADE,DOWN,ACCUM,2,2,0.5898,1.1795,12,0.4401,10,0.5100,10,0.9501,0.4987,0.17,-0.3815,1.6185,0.0000,86.90,SUCCESS
2025-12-22T18:05:36.148965+00:00,btc-updown-15m-1766426400,TRADE,UP,ACCUM,2,2,0.4402,0.8804,14,0.4401,10,0.5100,10,0.9501,0.4986,0.29,-1.2619,2.7381,0.0000,86.02,SUCCESS
2025-12-22T18:05:36.149236+00:00,btc-updown-15m-1766426400,TRADE,DOWN,ACCUM,2,2,0.5701,1.1403,14,0.4401,12,0.5201,12,0.9602,0.4781,0.14,-0.4021,1.5979,0.0000,84.88,SUCCESS
2025-12-22T18:05:41.551249+00:00,btc-updown-15m-1766426400,TRADE,UP,ACCUM,2,2,0.4300,0.8600,16,0.4388,12,0.5201,12,0.9589,0.4932,0.25,-1.2622,2.7378,0.0000,84.02,SUCCESS
2025-12-22T18:05:41.551551+00:00,btc-updown-15m-1766426400,TRADE,DOWN,ACCUM,2,1,0.5800,0.5800,16,0.4388,13,0.5247,13,0.9635,0.4743,0.19,-0.8422,2.1578,0.0000,83.44,SUCCESS
2025-12-22T18:05:53.241084+00:00,btc-updown-15m-1766426400,TRADE,DOWN,ACCUM,2,2,0.5701,1.1401,16,0.4388,15,0.5307,15,0.9696,0.4565,0.06,0.0177,1.0177,0.0000,82.30,SUCCESS
2025-12-22T18:15:02.935366+00:00,btc-updown-15m-1766426400,RESOLUTION,DOWN,BINANCE_FALLBACK,31,31,1.0000,14.9823,16,0.4388,15,0.5307,15,0.9696,0.4565,0.06,0.0000,0.0000,0.0177,97.30,RESOLVED
2025-12-22T18:15:11.004493+00:00,btc-updown-15m-1766427300,TRADE,UP,ACCUM,2,2,0.6403,1.2806,2,0.6403,0,0.0000,0,0.0000,0.0000,1.00,-1.2806,0.7194,0.0000,96.02,SUCCESS
2025-12-22T18:15:21.790776+00:00,btc-updown-15m-1766427300,TRADE,UP,ACCUM,2,2,0.5602,1.1204,4,0.6003,0,0.0000,0,0.0000,0.0000,1.00,-2.4011,1.5989,0.0000,94.90,SUCCESS
2025-12-22T18:15:21.791215+00:00,btc-updown-15m-1766427300,TRADE,DOWN,ACCUM,2,2,0.4502,0.9004,4,0.6003,2,0.4502,2,1.0505,-0.1009,0.50,-1.3015,0.6985,0.0000,94.00,SUCCESS
2025-12-22T18:15:43.453636+00:00,btc-updown-15m-1766427300,TRADE,DOWN,ACCUM,2,2,0.3301,0.6602,4,0.6003,4,0.3901,4,0.9904,0.0383,0.00,0.0383,0.0383,0.0000,93.34,SUCCESS
2025-12-22T18:15:48.862515+00:00,btc-updown-15m-1766427300,TRADE,DOWN,ACCUM,2,2,0.3400,0.6800,4,0.6003,6,0.3734,4,0.9737,0.1052,0.33,-0.6417,1.3583,0.0000,92.66,SUCCESS
2025-12-22T18:15:54.289968+00:00,btc-updown-15m-1766427300,TRADE,DOWN,ACCUM,2,2,0.3301,0.6603,4,0.6003,8,0.3626,4,0.9629,0.1485,0.50,-1.3020,2.6980,0.0000,92.00,SUCCESS
2025-12-22T18:16:59.961948+00:00,btc-updown-15m-1766427300,TRADE,UP,ACCUM,2,2,0.6402,1.2804,6,0.6136,8,0.3626,6,0.9762,0.1428,0.25,-0.5824,1.4176,0.0000,90.72,SUCCESS
2025-12-22T18:17:05.374714+00:00,btc-updown-15m-1766427300,TRADE,UP,ACCUM,2,2,0.6603,1.3206,8,0.6253,8,0.3626,8,0.9879,0.0970,0.00,0.0970,0.0970,0.0000,89.40,SUCCESS
2025-12-22T18:17:05.374965+00:00,btc-updown-15m-1766427300,TRADE,DOWN,ACCUM,2,2,0.3500,0.7001,8,0.6253,10,0.3601,8,0.9854,0.1171,0.20,-0.6031,1.3969,0.0000,88.70,SUCCESS
2025-12-22T18:17:10.782584+00:00,btc-updown-15m-1766427300,TRADE,DOWN,ACCUM,2,2,0.3399,0.6797,8,0.6253,12,0.3567,8,0.9820,0.1441,0.33,-1.2828,2.7172,0.0000,88.02,SUCCESS
2025-12-22T18:17:16.202752+00:00,btc-updown-15m-1766427300,TRADE,UP,ACCUM,2,2,0.6200,1.2400,10,0.6242,12,0.3567,10,0.9809,0.1907,0.17,-0.5228,1.4772,0.0000,86.78,SUCCESS
2025-12-22T18:17:21.600132+00:00,btc-updown-15m-1766427300,TRADE,UP,ACCUM,2,2,0.6302,1.2604,12,0.6252,12,0.3567,12,0.9819,0.2168,0.00,0.2168,0.2168,0.0000,85.52,SUCCESS
2025-12-22T18:17:27.002053+00:00,btc-updown-15m-1766427300,TRADE,UP,ACCUM,2,2,0.6300,1.2601,14,0.6259,12,0.3567,12,0.9826,0.2085,0.14,-1.0433,0.9567,0.0000,84.26,SUCCESS
2025-12-22T18:17:27.002932+00:00,btc-updown-15m-1766427300,TRADE,DOWN,ACCUM,2,2,0.3901,0.7803,14,0.6259,14,0.3615,14,0.9874,0.1764,0.00,0.1764,0.1764,0.0000,83.48,SUCCESS
2025-12-22T18:17:32.412642+00:00,btc-updown-15m-1766427300,TRADE,UP,ACCUM,2,2,0.6401,1.2803,16,0.6277,14,0.3615,14,0.9892,0.1515,0.12,-1.1038,0.8962,0.0000,82.20,SUCCESS
2025-12-22T18:17:32.414314+00:00,btc-updown-15m-1766427300,TRADE,DOWN,ACCUM,2,2,0.3702,0.7404,16,0.6277,16,0.3626,16,0.9903,0.1558,0.00,0.1558,0.1558,0.0000,81.45,SUCCESS
2025-12-22T18:30:00.689483+00:00,btc-updown-15m-1766427300,RESOLUTION,DOWN,BINANCE_FALLBACK,32,32,1.0000,15.8442,16,0.6277,16,0.3626,16,0.9903,0.1558,0.00,0.0000,0.0000,0.1558,97.45,RESOLVED
2025-12-22T18:30:14.658178+00:00,btc-updown-15m-1766428200,TRADE,DOWN,ACCUM,2,2,0.4701,0.9402,0,0.0000,2,0.4701,0,0.0000,0.0000,1.00,-0.9402,1.0598,0.0000,96.51,SUCCESS
2025-12-22T18:30:20.071188+00:00,btc-updown-15m-1766428200,TRADE,UP,ACCUM,2,2,0.5101,1.0201,2,0.5101,2,0.4701,2,0.9802,0.0396,0.00,0.0396,0.0396,0.0000,95.49,SUCCESS
2025-12-22T18:30:25.470010+00:00,btc-updown-15m-1766428200,TRADE,UP,ACCUM,2,2,0.5101,1.0201,4,0.5101,2,0.4701,2,0.9802,0.0397,0.50,-0.9805,1.0195,0.0000,94.47,SUCCESS
2025-12-22T18:30:41.847977+00:00,btc-updown-15m-1766428200,TRADE,UP,ACCUM,2,1,0.4802,0.4802,5,0.5041,2,0.4701,2,0.9742,0.0516,0.60,-1.4606,1.5394,0.0000,93.99,SUCCESS
2025-12-22T18:30:47.371742+00:00,btc-updown-15m-1766428200,TRADE,UP,ACCUM,2,2,0.4300,0.8600,7,0.4829,2,0.4701,2,0.9530,0.0939,0.71,-2.3207,2.6793,0.0000,93.13,SUCCESS
2025-12-22T18:32:19.858919+00:00,btc-updown-15m-1766428200,TRADE,DOWN,ACCUM,2,2,0.5302,1.0605,7,0.4829,4,0.5002,4,0.9831,0.0676,0.43,-1.3811,1.6189,0.0000,92.07,SUCCESS
2025-12-22T18:32:25.272946+00:00,btc-updown-15m-1766428200,TRADE,UP,ACCUM,2,2,0.4502,0.9003,9,0.4756,4,0.5002,4,0.9758,0.0967,0.56,-2.2815,2.7185,0.0000,91.17,SUCCESS
2025-12-22T18:39:02.546166+00:00,btc-updown-15m-1766428200,TRADE,DOWN,ACCUM,1,1,0.5702,0.5702,9,0.4756,5,0.5142,5,0.9898,0.0509,0.44,-1.8517,2.1483,0.0000,90.60,SUCCESS
2025-12-22T18:39:08.067823+00:00,btc-updown-15m-1766428200,TRADE,UP,ACCUM,1,1,0.3400,0.3400,10,0.4621,5,0.5142,5,0.9763,0.1187,0.50,-2.1917,2.8083,0.0000,90.26,SUCCESS
2025-12-22T18:41:40.282402+00:00,btc-updown-15m-1766428200,TRADE,DOWN,ACCUM,1,1,0.6200,0.6200,10,0.4621,6,0.5318,6,0.9939,0.0366,0.40,-1.8117,2.1883,0.0000,89.64,SUCCESS
2025-12-22T18:41:45.728332+00:00,btc-updown-15m-1766428200,TRADE,UP,ACCUM,1,1,0.4400,0.4400,11,0.4601,6,0.5318,6,0.9919,0.0486,0.45,-2.2517,2.7483,0.0000,89.20,SUCCESS
2025-12-22T18:41:51.161400+00:00,btc-updown-15m-1766428200,TRADE,DOWN,ACCUM,1,1,0.4402,0.4402,11,0.4601,7,0.5187,7,0.9788,0.1483,0.36,-1.6919,2.3081,0.0000,88.76,SUCCESS
2025-12-22T18:41:56.572552+00:00,btc-updown-15m-1766428200,TRADE,UP,ACCUM,1,1,0.5298,0.5298,12,0.4659,7,0.5187,7,0.9846,0.1077,0.42,-2.2218,2.7782,0.0000,88.23,SUCCESS
2025-12-22T18:42:02.001587+00:00,btc-updown-15m-1766428200,TRADE,DOWN,ACCUM,1,1,0.4300,0.4300,12,0.4659,8,0.5076,8,0.9735,0.2117,0.33,-1.6518,2.3482,0.0000,87.80,SUCCESS
2025-12-22T18:42:07.409508+00:00,btc-updown-15m-1766428200,TRADE,UP,ACCUM,1,1,0.6002,0.6002,13,0.4762,8,0.5076,8,0.9839,0.1291,0.38,-2.2520,2.7480,0.0000,87.20,SUCCESS
2025-12-22T18:42:07.409719+00:00,btc-updown-15m-1766428200,TRADE,DOWN,ACCUM,1,1,0.4301,0.4301,13,0.4762,9,0.4990,9,0.9752,0.2228,0.31,-1.6821,2.3179,0.0000,86.77,SUCCESS
2025-12-22T18:42:12.808440+00:00,btc-updown-15m-1766428200,TRADE,UP,ACCUM,1,1,0.6101,0.6101,14,0.4858,9,0.4990,9,0.9848,0.1367,0.36,-2.2921,2.7079,0.0000,86.16,SUCCESS
2025-12-22T18:42:12.810015+00:00,btc-updown-15m-1766428200,TRADE,DOWN,ACCUM,1,1,0.4002,0.4002,14,0.4858,10,0.4891,10,0.9749,0.2508,0.29,-1.6923,2.3077,0.0000,85.76,SUCCESS
2025-12-22T18:42:18.194026+00:00,btc-updown-15m-1766428200,TRADE,UP,ACCUM,1,1,0.4902,0.4902,15,0.4861,10,0.4891,10,0.9752,0.2478,0.33,-2.1825,2.8175,0.0000,85.27,SUCCESS
2025-12-22T18:42:18.194203+00:00,btc-updown-15m-1766428200,TRADE,DOWN,ACCUM,1,1,0.5201,0.5201,15,0.4861,11,0.4920,11,0.9780,0.2417,0.27,-1.7026,2.2974,0.0000,84.75,SUCCESS
2025-12-22T18:42:23.601695+00:00,btc-updown-15m-1766428200,TRADE,DOWN,ACCUM,1,1,0.5702,0.5702,15,0.4861,12,0.4985,12,0.9845,0.1854,0.20,-1.2728,1.7272,0.0000,84.18,SUCCESS
2025-12-22T18:42:34.417211+00:00,btc-updown-15m-1766428200,TRADE,DOWN,ACCUM,1,1,0.5401,0.5401,15,0.4861,13,0.5017,13,0.9878,0.1592,0.13,-0.8129,1.1871,0.0000,83.64,SUCCESS
2025-12-22T18:42:39.932786+00:00,btc-updown-15m-1766428200,TRADE,DOWN,ACCUM,1,1,0.4902,0.4902,15,0.4861,14,0.5009,14,0.9869,0.1829,0.07,-0.3032,0.6968,0.0000,83.15,SUCCESS
2025-12-22T18:43:45.106961+00:00,btc-updown-15m-1766428200,TRADE,DOWN,ACCUM,1,1,0.6001,0.6001,15,0.4861,15,0.5075,15,0.9936,0.0967,0.00,0.0967,0.0967,0.0000,82.55,SUCCESS
2025-12-22T18:45:00.807505+00:00,btc-updown-15m-1766428200,RESOLUTION,DOWN,BINANCE_FALLBACK,30,30,1.0000,14.9033,15,0.4861,15,0.5075,15,0.9936,0.0967,0.00,0.0000,0.0000,0.0967,97.55,RESOLVED
2025-12-22T18:45:08.645948+00:00,btc-updown-15m-1766429100,TRADE,UP,ACCUM,2,2,0.5002,1.0003,2,0.5002,0,0.0000,0,0.0000,0.0000,1.00,-1.0003,0.9997,0.0000,96.55,SUCCESS
2025-12-22T18:45:08.646270+00:00,btc-updown-15m-1766429100,TRADE,DOWN,ACCUM,2,2,0.5101,1.0202,2,0.5002,2,0.5101,2,1.0102,-0.0205,0.00,-0.0205,-0.0205,0.0000,95.53,SUCCESS
2025-12-22T18:46:03.028796+00:00,btc-updown-15m-1766429100,TRADE,DOWN,ACCUM,2,2,0.4601,0.9201,2,0.5002,4,0.4851,2,0.9852,0.0295,0.50,-0.9406,1.0594,0.0000,94.61,SUCCESS
2025-12-22T18:46:08.435725+00:00,btc-updown-15m-1766429100,TRADE,UP,ACCUM,2,2,0.4801,0.9603,4,0.4901,4,0.4851,4,0.9752,0.0992,0.00,0.0992,0.0992,0.0000,93.65,SUCCESS
2025-12-22T18:46:13.836448+00:00,btc-updown-15m-1766429100,TRADE,UP,ACCUM,2,2,0.4802,0.9604,6,0.4868,4,0.4851,4,0.9719,0.1124,0.33,-0.8612,1.1388,0.0000,92.69,SUCCESS
2025-12-22T18:46:13.836933+00:00,btc-updown-15m-1766429100,TRADE,DOWN,ACCUM,2,2,0.5400,1.0801,6,0.4868,6,0.5034,6,0.9902,0.0587,0.00,0.0587,0.0587,0.0000,91.61,SUCCESS
2025-12-22T18:46:19.374472+00:00,btc-updown-15m-1766429100,TRADE,DOWN,ACCUM,2,2,0.5001,1.0003,6,0.4868,8,0.5026,6,0.9894,0.0636,0.25,-0.9416,1.0584,0.0000,90.61,SUCCESS
2025-12-22T18:46:24.802321+00:00,btc-updown-15m-1766429100,TRADE,UP,ACCUM,2,2,0.4699,0.9398,8,0.4826,8,0.5026,8,0.9852,0.1187,0.00,0.1187,0.1187,0.0000,89.67,SUCCESS
2025-12-22T18:46:30.220716+00:00,btc-updown-15m-1766429100,TRADE,UP,ACCUM,2,2,0.4701,0.9402,10,0.4801,8,0.5026,8,0.9827,0.1386,0.20,-0.8216,1.1784,0.0000,88.73,SUCCESS
2025-12-22T18:46:35.799043+00:00,btc-updown-15m-1766429100,TRADE,UP,ACCUM,2,2,0.5102,1.0204,12,0.4851,8,0.5026,8,0.9877,0.0984,0.33,-1.8420,2.1580,0.0000,87.71,SUCCESS
2025-12-22T18:46:35.799490+00:00,btc-updown-15m-1766429100,TRADE,DOWN,ACCUM,2,2,0.5101,1.0203,12,0.4851,10,0.5041,10,0.9892,0.1079,0.17,-0.8623,1.1377,0.0000,86.69,SUCCESS
2025-12-22T18:46:41.206396+00:00,btc-updown-15m-1766429100,TRADE,UP,ACCUM,2,1,0.5100,0.5100,13,0.4870,10,0.5041,10,0.9911,0.0888,0.23,-1.3723,1.6277,0.0000,86.18,SUCCESS
2025-12-22T18:46:41.206935+00:00,btc-updown-15m-1766429100,TRADE,DOWN,ACCUM,2,2,0.5000,1.0000,13,0.4870,12,0.5034,12,0.9904,0.1147,0.08,-0.3724,0.6276,0.0000,85.18,SUCCESS
2025-12-22T18:46:46.625961+00:00,btc-updown-15m-1766429100,TRADE,DOWN,ACCUM,2,2,0.4301,0.8601,13,0.4870,14,0.4929,13,0.9800,0.2605,0.07,-0.2325,0.7675,0.0000,84.32,SUCCESS
2025-12-22T18:46:52.041318+00:00,btc-updown-15m-1766429100,TRADE,DOWN,ACCUM,2,2,0.3802,0.7603,13,0.4870,16,0.4788,13,0.9659,0.4437,0.19,-0.9928,2.0072,0.0000,83.56,SUCCESS
2025-12-22T18:46:57.474243+00:00,btc-updown-15m-1766429100,TRADE,UP,ACCUM,2,2,0.6099,1.2199,15,0.5034,16,0.4788,15,0.9823,0.2662,0.06,-0.2127,0.7873,0.0000,82.34,SUCCESS
2025-12-22T19:00:02.357680+00:00,btc-updown-15m-1766429100,RESOLUTION,DOWN,BINANCE_FALLBACK,31,31,1.0000,15.2127,15,0.5034,16,0.4788,15,0.9823,0.2662,0.06,0.0000,0.0000,0.7873,98.34,RESOLVED
2025-12-22T19:00:10.785355+00:00,btc-updown-15m-1766430000,TRADE,UP,ACCUM,2,2,0.5200,1.0400,2,0.5200,0,0.0000,0,0.0000,0.0000,1.00,-1.0400,0.9600,0.0000,97.30,SUCCESS
2025-12-22T19:00:10.785529+00:00,btc-updown-15m-1766430000,TRADE,DOWN,ACCUM,2,2,0.4900,0.9801,2,0.5200,2,0.4900,2,1.0101,-0.0201,0.00,-0.0201,-0.0201,0.0000,96.32,SUCCESS
2025-12-22T19:00:16.201519+00:00,btc-updown-15m-1766430000,TRADE,UP,ACCUM,2,2,0.4201,0.8401,4,0.4700,2,0.4900,2,0.9601,0.0798,0.50,-0.8602,1.1398,0.0000,95.48,SUCCESS
2025-12-22T19:00:21.625141+00:00,btc-updown-15m-1766430000,TRADE,UP,ACCUM,2,2,0.4700,0.9400,6,0.4700,2,0.4900,2,0.9601,0.0799,0.67,-1.8002,2.1998,0.0000,94.54,SUCCESS
2025-12-22T19:00:21.625309+00:00,btc-updown-15m-1766430000,TRADE,DOWN,ACCUM,2,2,0.5501,1.1002,6,0.4700,4,0.5201,4,0.9901,0.0396,0.33,-0.9005,1.0995,0.0000,93.44,SUCCESS
2025-12-22T19:00:27.033825+00:00,btc-updown-15m-1766430000,TRADE,UP,ACCUM,2,2,0.4702,0.9404,8,0.4701,4,0.5201,4,0.9902,0.0394,0.50,-1.8409,2.1591,0.0000,92.50,SUCCESS
2025-12-22T19:00:27.034028+00:00,btc-updown-15m-1766430000,TRADE,DOWN,ACCUM,2,2,0.5201,1.0402,8,0.4701,6,0.5201,6,0.9902,0.0590,0.25,-0.8811,1.1189,0.0000,91.46,SUCCESS
2025-12-22T19:00:32.459427+00:00,btc-updown-15m-1766430000,TRADE,UP,ACCUM,2,2,0.4901,0.9802,10,0.4741,6,0.5201,6,0.9942,0.0350,0.40,-1.8613,2.1387,0.0000,90.48,SUCCESS
2025-12-22T19:00:32.459584+00:00,btc-updown-15m-1766430000,TRADE,DOWN,ACCUM,2,1,0.5303,0.5303,10,0.4741,7,0.5215,7,0.9956,0.0307,0.30,-1.3916,1.6084,0.0000,89.95,SUCCESS
2025-12-22T19:00:37.874926+00:00,btc-updown-15m-1766430000,TRADE,DOWN,ACCUM,2,2,0.5101,1.0202,10,0.4741,9,0.5190,9,0.9931,0.0623,0.10,-0.4118,0.5882,0.0000,88.93,SUCCESS
2025-12-22T19:00:43.309621+00:00,btc-updown-15m-1766430000,TRADE,UP,ACCUM,2,2,0.4701,0.9402,12,0.4734,9,0.5190,9,0.9924,0.0682,0.25,-1.3520,1.6480,0.0000,87.99,SUCCESS
2025-12-22T19:00:48.808169+00:00,btc-updown-15m-1766430000,TRADE,UP,ACCUM,2,2,0.4598,0.9196,14,0.4715,9,0.5190,9,0.9905,0.0857,0.36,-2.2717,2.7283,0.0000,87.07,SUCCESS
2025-12-22T19:15:02.350518+00:00,btc-updown-15m-1766430000,RESOLUTION,DOWN,BINANCE_FALLBACK,23,23,1.0000,11.2717,14,0.4715,9,0.5190,9,0.9905,0.0857,0.36,0.0000,0.0000,-2.2717,96.07,RESOLVED
2025-12-22T19:15:10.658926+00:00,btc-updown-15m-1766430900,TRADE,UP,ACCUM,2,2,0.5201,1.0401,2,0.5201,0,0.0000,0,0.0000,0.0000,1.00,-1.0401,0.9599,0.0000,95.03,SUCCESS
2025-12-22T19:15:10.659111+00:00,btc-updown-15m-1766430900,TRADE,DOWN,ACCUM,2,2,0.4901,0.9803,2,0.5201,2,0.4901,2,1.0102,-0.0204,0.00,-0.0204,-0.0204,0.0000,94.05,SUCCESS
2025-12-22T19:15:16.062274+00:00,btc-updown-15m-1766430900,TRADE,DOWN,ACCUM,2,2,0.4501,0.9002,2,0.5201,4,0.4701,2,0.9902,0.0196,0.50,-0.9206,1.0794,0.0000,93.15,SUCCESS
2025-12-22T19:15:26.853370+00:00,btc-updown-15m-1766430900,TRADE,DOWN,ACCUM,2,2,0.4402,0.8804,2,0.5201,6,0.4601,2,0.9802,0.0396,0.67,-1.8010,2.1990,0.0000,92.27,SUCCESS
2025-12-22T19:15:37.772600+00:00,btc-updown-15m-1766430900,TRADE,UP,ACCUM,2,2,0.5402,1.0804,4,0.5301,6,0.4601,4,0.9903,0.0389,0.33,-0.8814,1.1186,0.0000,91.19,SUCCESS
2025-12-22T19:15:43.168154+00:00,btc-updown-15m-1766430900,TRADE,DOWN,ACCUM,2,2,0.4601,0.9202,4,0.5301,8,0.4601,4,0.9903,0.0389,0.50,-1.8016,2.1984,0.0000,90.27,SUCCESS
2025-12-22T19:23:57.791377+00:00,btc-updown-15m-1766430900,TRADE,DOWN,ACCUM,1,1,0.3101,0.3101,4,0.5301,9,0.4435,4,0.9736,0.1056,0.56,-2.1117,2.8883,0.0000,89.96,SUCCESS
2025-12-22T19:25:16.686703+00:00,btc-updown-15m-1766430900,TRADE,UP,ACCUM,1,1,0.5400,0.5400,5,0.5321,9,0.4435,5,0.9756,0.1221,0.44,-1.6518,2.3482,0.0000,89.42,SUCCESS
2025-12-22T19:25:22.095824+00:00,btc-updown-15m-1766430900,TRADE,UP,ACCUM,1,1,0.5302,0.5302,6,0.5318,9,0.4435,6,0.9753,0.1484,0.33,-1.1820,1.8180,0.0000,88.89,SUCCESS
2025-12-22T19:25:22.096121+00:00,btc-updown-15m-1766430900,TRADE,DOWN,ACCUM,1,1,0.4901,0.4901,6,0.5318,10,0.4481,6,0.9799,0.1205,0.40,-1.6720,2.3280,0.0000,88.40,SUCCESS
2025-12-22T19:25:27.479233+00:00,btc-updown-15m-1766430900,TRADE,UP,ACCUM,1,1,0.5100,0.5100,7,0.5287,10,0.4481,7,0.9768,0.1624,0.30,-1.1820,1.8180,0.0000,87.89,SUCCESS
2025-12-22T19:25:27.479618+00:00,btc-updown-15m-1766430900,TRADE,DOWN,ACCUM,1,1,0.5201,0.5201,7,0.5287,11,0.4547,7,0.9833,0.1166,0.36,-1.7021,2.2979,0.0000,87.37,SUCCESS
2025-12-22T19:25:33.005046+00:00,btc-updown-15m-1766430900,TRADE,UP,ACCUM,1,1,0.4000,0.4000,8,0.5126,11,0.4547,8,0.9673,0.2619,0.27,-1.1021,1.8979,0.0000,86.97,SUCCESS
2025-12-22T19:25:38.391753+00:00,btc-updown-15m-1766430900,TRADE,UP,ACCUM,1,1,0.4102,0.4102,9,0.5012,11,0.4547,9,0.9559,0.3971,0.18,-0.5123,1.4877,0.0000,86.55,SUCCESS
2025-12-22T19:25:38.391923+00:00,btc-updown-15m-1766430900,TRADE,DOWN,ACCUM,1,1,0.6002,0.6002,9,0.5012,12,0.4668,9,0.9680,0.2879,0.25,-1.1125,1.8875,0.0000,85.95,SUCCESS
2025-12-22T19:25:43.800032+00:00,btc-updown-15m-1766430900,TRADE,UP,ACCUM,1,1,0.2701,0.2701,10,0.4781,12,0.4668,10,0.9449,0.5511,0.17,-0.3825,1.6175,0.0000,85.68,SUCCESS
2025-12-22T19:25:43.801251+00:00,btc-updown-15m-1766430900,TRADE,DOWN,ACCUM,1,1,0.7401,0.7401,10,0.4781,13,0.4878,10,0.9659,0.3408,0.23,-1.1226,1.8774,0.0000,84.94,SUCCESS
2025-12-22T19:25:49.180937+00:00,btc-updown-15m-1766430900,TRADE,UP,ACCUM,1,1,0.2300,0.2300,11,0.4555,13,0.4878,11,0.9434,0.6230,0.15,-0.3526,1.6474,0.0000,84.71,SUCCESS
2025-12-22T19:25:49.181205+00:00,btc-updown-15m-1766430900,TRADE,DOWN,ACCUM,1,1,0.7804,0.7804,11,0.4555,14,0.5087,11,0.9643,0.3932,0.21,-1.1330,1.8670,0.0000,83.93,SUCCESS
2025-12-22T19:25:54.605607+00:00,btc-updown-15m-1766430900,TRADE,UP,ACCUM,1,1,0.2400,0.2400,12,0.4376,14,0.5087,12,0.9463,0.6444,0.14,-0.3730,1.6270,0.0000,83.69,SUCCESS
2025-12-22T19:25:54.606406+00:00,btc-updown-15m-1766430900,TRADE,DOWN,ACCUM,1,1,0.7802,0.7802,12,0.4376,15,0.5268,12,0.9644,0.4273,0.20,-1.1532,1.8468,0.0000,82.91,SUCCESS
2025-12-22T19:26:00.016713+00:00,btc-updown-15m-1766430900,TRADE,UP,ACCUM,1,1,0.1900,0.1900,13,0.4185,15,0.5268,13,0.9454,0.7104,0.13,-0.3432,1.6568,0.0000,82.72,SUCCESS
2025-12-22T19:26:05.398393+00:00,btc-updown-15m-1766430900,TRADE,UP,ACCUM,1,1,0.2100,0.2100,14,0.4036,15,0.5268,14,0.9305,0.9736,0.07,0.4468,1.4468,0.0000,82.51,SUCCESS
2025-12-22T19:26:10.905966+00:00,btc-updown-15m-1766430900,TRADE,UP,ACCUM,1,1,0.2199,0.2199,15,0.3914,15,0.5268,15,0.9182,1.2268,0.00,1.2268,1.2268,0.0000,82.29,SUCCESS
2025-12-22T19:30:04.208612+00:00,btc-updown-15m-1766430900,RESOLUTION,DOWN,BINANCE_FALLBACK,30,30,1.0000,13.7732,15,0.3914,15,0.5268,15,0.9182,1.2268,0.00,0.0000,0.0000,1.2268,97.29,RESOLVED
2025-12-22T19:30:17.383913+00:00,btc-updown-15m-1766431800,TRADE,UP,ACCUM,2,2,0.5901,1.1802,2,0.5901,0,0.0000,0,0.0000,0.0000,1.00,-1.1802,0.8198,0.0000,96.11,SUCCESS
2025-12-22T19:30:17.384252+00:00,btc-updown-15m-1766431800,TRADE,DOWN,ACCUM,2,2,0.4201,0.8403,2,0.5901,2,0.4201,2,1.0103,-0.0205,0.00,-0.0205,-0.0205,0.0000,95.27,SUCCESS
2025-12-22T19:30:22.787609+00:00,btc-updown-15m-1766431800,TRADE,DOWN,ACCUM,2,2,0.3202,0.6403,2,0.5901,4,0.3702,2,0.9603,0.0795,0.50,-0.6609,1.3391,0.0000,94.63,SUCCESS
2025-12-22T19:30:28.297730+00:00,btc-updown-15m-1766431800,TRADE,UP,ACCUM,2,2,0.6002,1.2003,4,0.5951,4,0.3702,4,0.9653,0.1388,0.00,0.1388,0.1388,0.0000,93.43,SUCCESS
2025-12-22T19:30:28.298897+00:00,btc-updown-15m-1766431800,TRADE,DOWN,ACCUM,2,2,0.4101,0.8202,4,0.5951,6,0.3835,4,0.9786,0.0856,0.33,-0.6814,1.3186,0.0000,92.61,SUCCESS
2025-12-22T19:30:33.707431+00:00,btc-updown-15m-1766431800,TRADE,DOWN,ACCUM,2,2,0.4201,0.8401,4,0.5951,8,0.3926,4,0.9878,0.0490,0.50,-1.5215,2.4785,0.0000,91.77,SUCCESS
2025-12-22T19:31:44.064202+00:00,btc-updown-15m-1766431800,TRADE,UP,ACCUM,2,2,0.6003,1.2006,6,0.5969,8,0.3926,6,0.9895,0.0631,0.25,-0.7221,1.2779,0.0000,90.57,SUCCESS
2025-12-22T19:31:49.488585+00:00,btc-updown-15m-1766431800,TRADE,UP,ACCUM,2,2,0.5601,1.1203,8,0.5877,8,0.3926,8,0.9803,0.1576,0.00,0.1576,0.1576,0.0000,89.45,SUCCESS
2025-12-22T19:31:54.995787+00:00,btc-updown-15m-1766431800,TRADE,UP,ACCUM,2,2,0.5302,1.0603,10,0.5762,8,0.3926,8,0.9688,0.2497,0.20,-0.9027,1.0973,0.0000,88.39,SUCCESS
2025-12-22T19:32:00.508745+00:00,btc-updown-15m-1766431800,TRADE,UP,ACCUM,2,2,0.5302,1.0604,12,0.5685,8,0.3926,8,0.9611,0.3110,0.33,-1.9631,2.0369,0.0000,87.33,SUCCESS
2025-12-22T19:32:00.509059+00:00,btc-updown-15m-1766431800,TRADE,DOWN,ACCUM,2,2,0.4801,0.9603,12,0.5685,10,0.4101,10,0.9786,0.2137,0.17,-0.9234,1.0766,0.0000,86.37,SUCCESS
2025-12-22T19:32:05.912384+00:00,btc-updown-15m-1766431800,TRADE,UP,ACCUM,2,2,0.5301,1.0601,14,0.5630,10,0.4101,10,0.9731,0.2686,0.29,-1.9835,2.0165,0.0000,85.31,SUCCESS
2025-12-22T19:32:05.912525+00:00,btc-updown-15m-1766431800,TRADE,DOWN,ACCUM,2,2,0.4900,0.9800,14,0.5630,12,0.4234,12,0.9865,0.1625,0.14,-0.9635,1.0365,0.0000,84.33,SUCCESS
2025-12-22T19:32:11.315736+00:00,btc-updown-15m-1766431800,TRADE,UP,ACCUM,2,2,0.5600,1.1201,16,0.5626,12,0.4234,12,0.9861,0.1670,0.25,-2.0836,1.9164,0.0000,83.21,SUCCESS
2025-12-22T19:32:27.520897+00:00,btc-updown-15m-1766431800,TRADE,DOWN,ACCUM,2,2,0.4801,0.9601,16,0.5626,14,0.4315,14,0.9942,0.0816,0.12,-1.0437,0.9563,0.0000,82.25,SUCCESS
2025-12-22T19:32:49.163247+00:00,btc-updown-15m-1766431800,TRADE,DOWN,ACCUM,2,2,0.4001,0.8003,16,0.5626,16,0.4276,16,0.9903,0.1560,0.00,0.1560,0.1560,0.0000,81.45,SUCCESS
2025-12-22T19:45:01.130873+00:00,btc-updown-15m-1766431800,RESOLUTION,DOWN,BINANCE_FALLBACK,32,32,1.0000,15.8440,16,0.5626,16,0.4276,16,0.9903,0.1560,0.00,0.0000,0.0000,0.1560,97.45,RESOLVED
2025-12-22T19:45:10.091354+00:00,btc-updown-15m-1766432700,TRADE,UP,ACCUM,2,2,0.5702,1.1404,2,0.5702,0,0.0000,0,0.0000,0.0000,1.00,-1.1404,0.8596,0.0000,96.31,SUCCESS
2025-12-22T19:45:10.091527+00:00,btc-updown-15m-1766432700,TRADE,DOWN,ACCUM,2,2,0.4401,0.8802,2,0.5702,2,0.4401,2,1.0103,-0.0205,0.00,-0.0205,-0.0205,0.0000,95.43,SUCCESS
2025-12-22T19:45:15.491158+00:00,btc-updown-15m-1766432700,TRADE,UP,ACCUM,2,2,0.5302,1.0605,4,0.5502,2,0.4401,2,0.9903,0.0194,0.50,-1.0810,0.9190,0.0000,94.37,SUCCESS
2025-12-22T19:45:20.905927+00:00,btc-updown-15m-1766432700,TRADE,UP,ACCUM,2,2,0.5300,1.0600,6,0.5435,2,0.4401,2,0.9836,0.0329,0.67,-2.1411,1.8589,0.0000,93.31,SUCCESS
2025-12-22T19:46:31.835475+00:00,btc-updown-15m-1766432700,TRADE,DOWN,ACCUM,2,2,0.4402,0.8803,6,0.5435,4,0.4401,4,0.9836,0.0656,0.33,-1.0214,0.9786,0.0000,92.43,SUCCESS
2025-12-22T19:46:37.378885+00:00,btc-updown-15m-1766432700,TRADE,UP,ACCUM,2,2,0.5401,1.0801,8,0.5426,4,0.4401,4,0.9827,0.0690,0.50,-2.1015,1.8985,0.0000,91.35,SUCCESS
2025-12-22T19:46:48.287750+00:00,btc-updown-15m-1766432700,TRADE,DOWN,ACCUM,2,2,0.4101,0.8201,8,0.5426,6,0.4301,6,0.9727,0.1636,0.25,-0.9217,1.0783,0.0000,90.53,SUCCESS
2025-12-22T19:46:53.678786+00:00,btc-updown-15m-1766432700,TRADE,DOWN,ACCUM,2,2,0.4501,0.9003,8,0.5426,8,0.4351,8,0.9777,0.1780,0.00,0.1780,0.1780,0.0000,89.63,SUCCESS
2025-12-22T19:46:59.087177+00:00,btc-updown-15m-1766432700,TRADE,UP,ACCUM,2,2,0.5601,1.1202,10,0.5461,8,0.4351,8,0.9812,0.1501,0.20,-0.9421,1.0579,0.0000,88.51,SUCCESS
2025-12-22T19:46:59.087604+00:00,btc-updown-15m-1766432700,TRADE,DOWN,ACCUM,2,1,0.4501,0.4501,10,0.5461,9,0.4368,9,0.9829,0.1539,0.10,-0.3922,0.6078,0.0000,88.06,SUCCESS
2025-12-22T19:47:04.476107+00:00,btc-updown-15m-1766432700,TRADE,UP,ACCUM,2,2,0.5202,1.0403,12,0.5418,9,0.4368,9,0.9786,0.1929,0.25,-1.4325,1.5675,0.0000,87.02,SUCCESS
2025-12-22T19:47:09.872522+00:00,btc-updown-15m-1766432700,TRADE,UP,ACCUM,2,1,0.5201,0.5201,13,0.5401,9,0.4368,9,0.9769,0.2079,0.31,-1.9526,2.0474,0.0000,86.50,SUCCESS
2025-12-22T19:47:09.874030+00:00,btc-updown-15m-1766432700,TRADE,DOWN,ACCUM,2,2,0.4902,0.9804,13,0.5401,11,0.4465,11,0.9866,0.1472,0.15,-0.9330,1.0670,0.0000,85.52,SUCCESS
2025-12-22T19:47:15.343522+00:00,btc-updown-15m-1766432700,TRADE,UP,ACCUM,2,1,0.4902,0.4902,14,0.5366,11,0.4465,11,0.9830,0.1865,0.21,-1.4232,1.5768,0.0000,85.03,SUCCESS
2025-12-22T19:47:20.733833+00:00,btc-updown-15m-1766432700,TRADE,UP,ACCUM,2,2,0.5000,1.0001,16,0.5320,11,0.4465,11,0.9785,0.2367,0.31,-2.4233,2.5767,0.0000,84.03,SUCCESS
2025-12-22T19:47:20.735228+00:00,btc-updown-15m-1766432700,TRADE,DOWN,ACCUM,2,2,0.5102,1.0204,16,0.5320,13,0.4563,13,0.9883,0.1523,0.19,-1.4436,1.5564,0.0000,83.01,SUCCESS
2025-12-22T19:47:26.155750+00:00,btc-updown-15m-1766432700,TRADE,DOWN,ACCUM,2,2,0.4502,0.9003,16,0.5320,15,0.4555,15,0.9875,0.1880,0.06,-0.3440,0.6560,0.0000,82.11,SUCCESS
2025-12-22T20:00:00.428673+00:00,btc-updown-15m-1766432700,RESOLUTION,DOWN,BINANCE_FALLBACK,31,31,1.0000,15.3440,16,0.5320,15,0.4555,15,0.9875,0.1880,0.06,0.0000,0.0000,-0.3440,97.11,RESOLVED
2025-12-22T20:00:08.267069+00:00,btc-updown-15m-1766433600,TRADE,UP,ACCUM,2,2,0.5501,1.1003,2,0.5501,0,0.0000,0,0.0000,0.0000,1.00,-1.1003,0.8997,0.0000,96.01,SUCCESS
2025-12-22T20:00:08.267249+00:00,btc-updown-15m-1766433600,TRADE,DOWN,ACCUM,2,1,0.4601,0.4601,2,0.5501,1,0.4601,1,1.0102,-0.0102,0.50,-0.5604,0.4396,0.0000,95.55,SUCCESS
2025-12-22T20:00:46.374636+00:00,btc-updown-15m-1766433600,TRADE,DOWN,ACCUM,2,2,0.3700,0.7401,2,0.5501,3,0.4001,2,0.9502,0.0996,0.33,-0.3004,0.6996,0.0000,94.81,SUCCESS
2025-12-22T20:00:51.756720+00:00,btc-updown-15m-1766433600,TRADE,UP,ACCUM,2,2,0.6301,1.2602,4,0.5901,3,0.4001,3,0.9902,0.0295,0.25,-0.5607,0.4393,0.0000,93.55,SUCCESS
2025-12-22T20:00:51.756868+00:00,btc-updown-15m-1766433600,TRADE,DOWN,ACCUM,2,2,0.4001,0.8003,4,0.5901,5,0.4001,4,0.9902,0.0392,0.20,-0.3609,0.6391,0.0000,92.75,SUCCESS
2025-12-22T20:00:57.156733+00:00,btc-updown-15m-1766433600,TRADE,DOWN,ACCUM,2,2,0.4001,0.8002,4,0.5901,7,0.4001,4,0.9902,0.0391,0.43,-1.1612,1.8388,0.0000,91.94,SUCCESS
2025-12-22T20:01:02.546380+00:00,btc-updown-15m-1766433600,TRADE,UP,ACCUM,2,1,0.5902,0.5902,5,0.5901,7,0.4001,5,0.9902,0.0488,0.29,-0.7514,1.2486,0.0000,91.35,SUCCESS
2025-12-22T20:01:02.546763+00:00,btc-updown-15m-1766433600,TRADE,DOWN,ACCUM,2,2,0.4199,0.8399,5,0.5901,9,0.4045,5,0.9946,0.0268,0.44,-1.5913,2.4087,0.0000,90.51,SUCCESS
2025-12-22T20:01:29.645955+00:00,btc-updown-15m-1766433600,TRADE,UP,ACCUM,2,1,0.5701,0.5701,6,0.5868,9,0.4045,6,0.9913,0.0522,0.33,-1.1613,1.8387,0.0000,89.94,SUCCESS
2025-12-22T20:01:35.070732+00:00,btc-updown-15m-1766433600,TRADE,UP,ACCUM,2,2,0.5398,1.0795,8,0.5750,9,0.4045,8,0.9795,0.1637,0.11,-0.2409,0.7591,0.0000,88.87,SUCCESS
2025-12-22T20:01:40.468592+00:00,btc-updown-15m-1766433600,TRADE,UP,ACCUM,2,2,0.5200,1.0401,10,0.5640,9,0.4045,9,0.9685,0.2831,0.10,-0.2809,0.7191,0.0000,87.83,SUCCESS
2025-12-22T20:01:45.859696+00:00,btc-updown-15m-1766433600,TRADE,UP,ACCUM,2,2,0.5501,1.1002,12,0.5617,9,0.4045,9,0.9662,0.3040,0.25,-1.3811,1.6189,0.0000,86.72,SUCCESS
2025-12-22T20:01:45.859869+00:00,btc-updown-15m-1766433600,TRADE,DOWN,ACCUM,2,1,0.4701,0.4701,12,0.5617,10,0.4111,10,0.9728,0.2723,0.17,-0.8512,1.1488,0.0000,86.25,SUCCESS
2025-12-22T20:01:56.773434+00:00,btc-updown-15m-1766433600,TRADE,UP,ACCUM,2,1,0.5202,0.5202,13,0.5585,10,0.4111,10,0.9696,0.3042,0.23,-1.3714,1.6286,0.0000,85.73,SUCCESS
2025-12-22T20:02:02.157665+00:00,btc-updown-15m-1766433600,TRADE,UP,ACCUM,2,2,0.5301,1.0602,15,0.5547,10,0.4111,10,0.9658,0.3421,0.33,-2.4316,2.5684,0.0000,84.67,SUCCESS
2025-12-22T20:02:07.571016+00:00,btc-updown-15m-1766433600,TRADE,DOWN,ACCUM,2,2,0.4901,0.9801,15,0.5547,12,0.4242,12,0.9790,0.2524,0.20,-1.4117,1.5883,0.0000,83.69,SUCCESS
2025-12-22T20:02:13.080913+00:00,btc-updown-15m-1766433600,TRADE,DOWN,ACCUM,2,1,0.5000,0.5000,15,0.5547,13,0.4301,13,0.9848,0.1977,0.13,-0.9118,1.0882,0.0000,83.19,SUCCESS
2025-12-22T20:02:18.483665+00:00,btc-updown-15m-1766433600,TRADE,DOWN,ACCUM,2,2,0.4801,0.9602,15,0.5547,15,0.4367,15,0.9915,0.1280,0.00,0.1280,0.1280,0.0000,82.23,SUCCESS
2025-12-22T20:15:03.686813+00:00,btc-updown-15m-1766433600,RESOLUTION,DOWN,BINANCE_FALLBACK,30,30,1.0000,14.8720,15,0.5547,15,0.4367,15,0.9915,0.1280,0.00,0.0000,0.0000,0.1280,97.23,RESOLVED
2025-12-22T20:15:12.174536+00:00,btc-updown-15m-1766434500,TRADE,UP,ACCUM,2,2,0.5101,1.0203,2,0.5101,0,0.0000,0,0.0000,0.0000,1.00,-1.0203,0.9797,0.0000,96.21,SUCCESS
2025-12-22T20:15:12.174902+00:00,btc-updown-15m-1766434500,TRADE,DOWN,ACCUM,2,2,0.4901,0.9802,2,0.5101,2,0.4901,2,1.0002,-0.0005,0.00,-0.0005,-0.0005,0.0000,95.23,SUCCESS
2025-12-22T20:15:34.027751+00:00,btc-updown-15m-1766434500,TRADE,DOWN,ACCUM,2,2,0.4600,0.9200,2,0.5101,4,0.4751,2,0.9852,0.0296,0.50,-0.9205,1.0795,0.0000,94.31,SUCCESS
2025-12-22T20:15:50.289705+00:00,btc-updown-15m-1766434500,TRADE,DOWN,ACCUM,2,2,0.4601,0.9202,2,0.5101,6,0.4701,2,0.9802,0.0396,0.67,-1.8407,2.1593,0.0000,93.39,SUCCESS
2025-12-22T20:16:01.321332+00:00,btc-updown-15m-1766434500,TRADE,UP,ACCUM,2,2,0.4402,0.8803,4,0.4752,6,0.4701,4,0.9452,0.2191,0.33,-0.7210,1.2790,0.0000,92.51,SUCCESS
2025-12-22T20:16:06.720385+00:00,btc-updown-15m-1766434500,TRADE,UP,ACCUM,2,2,0.4202,0.8403,6,0.4568,6,0.4701,6,0.9269,0.4387,0.00,0.4387,0.4387,0.0000,91.67,SUCCESS
2025-12-22T20:16:06.720710+00:00,btc-updown-15m-1766434500,TRADE,DOWN,ACCUM,2,2,0.5902,1.1805,6,0.4568,8,0.5001,6,0.9569,0.2584,0.25,-0.7418,1.2582,0.0000,90.49,SUCCESS
2025-12-22T20:16:12.250268+00:00,btc-updown-15m-1766434500,TRADE,UP,ACCUM,2,2,0.4200,0.8401,8,0.4476,8,0.5001,8,0.9477,0.4181,0.00,0.4181,0.4181,0.0000,89.65,SUCCESS
2025-12-22T20:16:12.250448+00:00,btc-updown-15m-1766434500,TRADE,DOWN,ACCUM,2,2,0.5801,1.1602,8,0.4476,10,0.5161,8,0.9637,0.2901,0.20,-0.7421,1.2579,0.0000,88.49,SUCCESS
2025-12-22T20:16:17.767189+00:00,btc-updown-15m-1766434500,TRADE,UP,ACCUM,2,2,0.3402,0.6803,10,0.4261,10,0.5161,10,0.9422,0.5776,0.00,0.5776,0.5776,0.0000,87.81,SUCCESS
2025-12-22T20:16:17.768078+00:00,btc-updown-15m-1766434500,TRADE,DOWN,ACCUM,2,2,0.6700,1.3400,10,0.4261,12,0.5418,10,0.9679,0.3211,0.17,-0.7624,1.2376,0.0000,86.47,SUCCESS
2025-12-22T20:16:23.203997+00:00,btc-updown-15m-1766434500,TRADE,UP,ACCUM,2,2,0.3300,0.6600,12,0.4101,12,0.5418,12,0.9519,0.5775,0.00,0.5775,0.5775,0.0000,85.81,SUCCESS
2025-12-22T20:16:23.204429+00:00,btc-updown-15m-1766434500,TRADE,DOWN,ACCUM,2,2,0.6800,1.3601,12,0.4101,14,0.5615,12,0.9716,0.3405,0.14,-0.7825,1.2175,0.0000,84.45,SUCCESS
2025-12-22T20:16:28.612706+00:00,btc-updown-15m-1766434500,TRADE,DOWN,ACCUM,2,2,0.6801,1.3602,12,0.4101,16,0.5763,12,0.9865,0.1626,0.25,-2.1428,1.8572,0.0000,83.09,SUCCESS
2025-12-22T20:16:34.010345+00:00,btc-updown-15m-1766434500,TRADE,UP,ACCUM,2,1,0.2700,0.2700,13,0.3993,16,0.5763,13,0.9757,0.3162,0.19,-1.4128,1.5872,0.0000,82.82,SUCCESS
2025-12-22T20:16:39.415873+00:00,btc-updown-15m-1766434500,TRADE,UP,ACCUM,2,2,0.2601,0.5201,15,0.3808,16,0.5763,15,0.9571,0.6434,0.06,0.0671,1.0671,0.0000,82.30,SUCCESS
2025-12-22T20:30:00.883950+00:00,btc-updown-15m-1766434500,RESOLUTION,DOWN,BINANCE_FALLBACK,31,31,1.0000,14.9329,15,0.3808,16,0.5763,15,0.9571,0.6434,0.06,0.0000,0.0000,1.0671,98.30,RESOLVED
2025-12-22T20:30:14.614409+00:00,btc-updown-15m-1766435400,TRADE,UP,ACCUM,2,2,0.5101,1.0202,2,0.5101,0,0.0000,0,0.0000,0.0000,1.00,-1.0202,0.9798,0.0000,97.28,SUCCESS
2025-12-22T20:30:14.614845+00:00,btc-updown-15m-1766435400,TRADE,DOWN,ACCUM,2,2,0.5001,1.0002,2,0.5101,2,0.5001,2,1.0102,-0.0205,0.00,-0.0205,-0.0205,0.0000,96.28,SUCCESS
2025-12-22T20:30:20.069704+00:00,btc-updown-15m-1766435400,TRADE,DOWN,ACCUM,2,2,0.4502,0.9003,2,0.5101,4,0.4751,2,0.9853,0.0295,0.50,-0.9208,1.0792,0.0000,95.38,SUCCESS
2025-12-22T20:30:25.473142+00:00,btc-updown-15m-1766435400,TRADE,DOWN,ACCUM,2,1,0.4502,0.4502,2,0.5101,5,0.4701,2,0.9803,0.0395,0.60,-1.3710,1.6290,0.0000,94.93,SUCCESS
2025-12-22T20:30:31.004657+00:00,btc-updown-15m-1766435400,TRADE,DOWN,ACCUM,2,2,0.4501,0.9003,2,0.5101,7,0.4644,2,0.9746,0.0509,0.71,-2.2713,2.7287,0.0000,94.03,SUCCESS
2025-12-22T20:30:41.969638+00:00,btc-updown-15m-1766435400,TRADE,UP,ACCUM,2,2,0.5502,1.1005,4,0.5302,7,0.4644,4,0.9946,0.0215,0.43,-1.3718,1.6282,0.0000,92.93,SUCCESS
2025-12-22T20:30:52.792689+00:00,btc-updown-15m-1766435400,TRADE,UP,ACCUM,2,2,0.5202,1.0404,6,0.5269,7,0.4644,6,0.9913,0.0523,0.14,-0.4122,0.5878,0.0000,91.89,SUCCESS
2025-12-22T20:30:58.516366+00:00,btc-updown-15m-1766435400,TRADE,UP,ACCUM,2,2,0.5400,1.0800,8,0.5301,7,0.4644,7,0.9946,0.0379,0.12,-0.4922,0.5078,0.0000,90.81,SUCCESS
2025-12-22T20:30:58.516551+00:00,btc-updown-15m-1766435400,TRADE,DOWN,ACCUM,2,2,0.4701,0.9403,8,0.5301,9,0.4657,8,0.9958,0.0332,0.11,-0.4325,0.5675,0.0000,89.87,SUCCESS
2025-12-22T20:31:03.944340+00:00,btc-updown-15m-1766435400,TRADE,UP,ACCUM,2,2,0.5202,1.0404,10,0.5282,9,0.4657,9,0.9939,0.0553,0.10,-0.4729,0.5271,0.0000,88.83,SUCCESS
2025-12-22T20:31:03.948676+00:00,btc-updown-15m-1766435400,TRADE,DOWN,ACCUM,2,2,0.4601,0.9202,10,0.5282,11,0.4647,10,0.9928,0.0716,0.09,-0.3931,0.6069,0.0000,87.91,SUCCESS
2025-12-22T20:31:09.485319+00:00,btc-updown-15m-1766435400,TRADE,UP,ACCUM,2,2,0.5402,1.0804,12,0.5302,11,0.4647,11,0.9948,0.0567,0.08,-0.4734,0.5266,0.0000,86.83,SUCCESS
2025-12-22T20:31:09.485530+00:00,btc-updown-15m-1766435400,TRADE,DOWN,ACCUM,2,2,0.4700,0.9401,12,0.5302,13,0.4655,12,0.9957,0.0520,0.08,-0.4135,0.5865,0.0000,85.89,SUCCESS
2025-12-22T20:31:25.840883+00:00,btc-updown-15m-1766435400,TRADE,DOWN,ACCUM,2,2,0.4601,0.9203,12,0.5302,15,0.4648,12,0.9950,0.0606,0.20,-1.3338,1.6662,0.0000,84.97,SUCCESS
2025-12-22T20:32:42.031845+00:00,btc-updown-15m-1766435400,TRADE,UP,ACCUM,2,2,0.5302,1.0604,14,0.5302,15,0.4648,14,0.9950,0.0706,0.07,-0.3942,0.6058,0.0000,83.91,SUCCESS
2025-12-22T20:32:47.551096+00:00,btc-updown-15m-1766435400,TRADE,UP,ACCUM,2,2,0.5300,1.0600,16,0.5301,15,0.4648,15,0.9949,0.0759,0.06,-0.4543,0.5457,0.0000,82.85,SUCCESS
2025-12-22T20:45:03.209384+00:00,btc-updown-15m-1766435400,RESOLUTION,DOWN,BINANCE_FALLBACK,31,31,1.0000,15.4543,16,0.5301,15,0.4648,15,0.9949,0.0759,0.06,0.0000,0.0000,-0.4543,97.85,RESOLVED
2025-12-22T20:45:11.353083+00:00,btc-updown-15m-1766436300,TRADE,UP,ACCUM,2,2,0.4201,0.8402,2,0.4201,0,0.0000,0,0.0000,0.0000,1.00,-0.8402,1.1598,0.0000,97.01,SUCCESS
2025-12-22T20:45:11.353277+00:00,btc-updown-15m-1766436300,TRADE,DOWN,ACCUM,2,2,0.5901,1.1803,2,0.4201,2,0.5901,2,1.0102,-0.0204,0.00,-0.0204,-0.0204,0.0000,95.83,SUCCESS
2025-12-22T20:45:27.752669+00:00,btc-updown-15m-1766436300,TRADE,DOWN,ACCUM,2,2,0.4902,0.9803,2,0.4201,4,0.5401,2,0.9602,0.0795,0.50,-1.0008,0.9992,0.0000,94.85,SUCCESS
2025-12-22T20:45:33.211049+00:00,btc-updown-15m-1766436300,TRADE,DOWN,ACCUM,2,2,0.4800,0.9601,2,0.4201,6,0.5201,2,0.9402,0.1196,0.67,-1.9609,2.0391,0.0000,93.89,SUCCESS
2025-12-22T20:47:27.823330+00:00,btc-updown-15m-1766436300,TRADE,UP,ACCUM,2,2,0.5100,1.0201,4,0.4651,6,0.5201,4,0.9852,0.0593,0.33,-0.9809,1.0191,0.0000,92.87,SUCCESS
2025-12-22T20:47:33.246727+00:00,btc-updown-15m-1766436300,TRADE,UP,ACCUM,2,2,0.4900,0.9800,6,0.4734,6,0.5201,6,0.9935,0.0391,0.00,0.0391,0.0391,0.0000,91.89,SUCCESS
2025-12-22T20:47:33.246922+00:00,btc-updown-15m-1766436300,TRADE,DOWN,ACCUM,2,2,0.5201,1.0402,6,0.4734,8,0.5201,6,0.9935,0.0391,0.25,-1.0012,0.9988,0.0000,90.85,SUCCESS
2025-12-22T20:47:38.688153+00:00,btc-updown-15m-1766436300,TRADE,DOWN,ACCUM,2,2,0.4702,0.9403,6,0.4734,10,0.5101,6,0.9835,0.0990,0.40,-1.9415,2.0585,0.0000,89.91,SUCCESS
2025-12-22T20:47:49.730342+00:00,btc-updown-15m-1766436300,TRADE,UP,ACCUM,2,2,0.4702,0.9403,8,0.4726,10,0.5101,8,0.9827,0.1384,0.20,-0.8818,1.1182,0.0000,88.97,SUCCESS
2025-12-22T20:47:55.132478+00:00,btc-updown-15m-1766436300,TRADE,UP,ACCUM,2,2,0.4701,0.9401,10,0.4721,10,0.5101,10,0.9822,0.1780,0.00,0.1780,0.1780,0.0000,88.02,SUCCESS
2025-12-22T20:47:55.132772+00:00,btc-updown-15m-1766436300,TRADE,DOWN,ACCUM,2,2,0.5401,1.0801,10,0.4721,12,0.5151,10,0.9872,0.1281,0.17,-0.9021,1.0979,0.0000,86.94,SUCCESS
2025-12-22T20:48:00.572611+00:00,btc-updown-15m-1766436300,TRADE,UP,ACCUM,2,2,0.5002,1.0004,12,0.4768,12,0.5151,12,0.9919,0.0975,0.00,0.0975,0.0975,0.0000,85.94,SUCCESS
2025-12-22T20:48:00.572791+00:00,btc-updown-15m-1766436300,TRADE,DOWN,ACCUM,2,2,0.5002,1.0004,12,0.4768,14,0.5130,12,0.9897,0.1230,0.14,-0.9029,1.0971,0.0000,84.94,SUCCESS
2025-12-22T20:48:05.985075+00:00,btc-updown-15m-1766436300,TRADE,UP,ACCUM,2,2,0.4101,0.8201,14,0.4672,14,0.5130,14,0.9802,0.2769,0.00,0.2769,0.2769,0.0000,84.12,SUCCESS
2025-12-22T20:48:11.401462+00:00,btc-updown-15m-1766436300,TRADE,UP,ACCUM,2,2,0.4001,0.8002,16,0.4588,14,0.5130,14,0.9718,0.3945,0.12,-0.5232,1.4768,0.0000,83.32,SUCCESS
2025-12-22T20:48:11.401799+00:00,btc-updown-15m-1766436300,TRADE,DOWN,ACCUM,2,2,0.6101,1.2202,16,0.4588,16,0.5251,16,0.9840,0.2565,0.00,0.2565,0.2565,0.0000,82.10,SUCCESS
2025-12-22T21:00:03.543528+00:00,btc-updown-15m-1766436300,RESOLUTION,DOWN,BINANCE_FALLBACK,32,32,1.0000,15.7435,16,0.4588,16,0.5251,16,0.9840,0.2565,0.00,0.0000,0.0000,0.2565,98.10,RESOLVED
2025-12-22T21:00:12.134829+00:00,btc-updown-15m-1766437200,TRADE,UP,ACCUM,2,2,0.5102,1.0204,2,0.5102,0,0.0000,0,0.0000,0.0000,1.00,-1.0204,0.9796,0.0000,97.08,SUCCESS
2025-12-22T21:00:17.659990+00:00,btc-updown-15m-1766437200,TRADE,UP,ACCUM,2,2,0.4700,0.9400,4,0.4901,0,0.0000,0,0.0000,0.0000,1.00,-1.9604,2.0396,0.0000,96.14,SUCCESS
2025-12-22T21:00:17.660196+00:00,btc-updown-15m-1766437200,TRADE,DOWN,ACCUM,2,2,0.5401,1.0803,4,0.4901,2,0.5401,2,1.0302,-0.0605,0.50,-1.0407,0.9593,0.0000,95.06,SUCCESS
2025-12-22T21:01:28.247499+00:00,btc-updown-15m-1766437200,TRADE,DOWN,ACCUM,2,2,0.4501,0.9002,4,0.4901,4,0.4951,4,0.9852,0.0591,0.00,0.0591,0.0591,0.0000,94.16,SUCCESS
2025-12-22T21:01:39.164299+00:00,btc-updown-15m-1766437200,TRADE,UP,ACCUM,2,2,0.5001,1.0002,6,0.4934,4,0.4951,4,0.9885,0.0458,0.33,-0.9410,1.0590,0.0000,93.16,SUCCESS
2025-12-22T21:01:39.164508+00:00,btc-updown-15m-1766437200,TRADE,DOWN,ACCUM,2,1,0.5100,0.5100,6,0.4934,5,0.4981,5,0.9915,0.0423,0.17,-0.4511,0.5489,0.0000,92.65,SUCCESS
2025-12-22T21:01:44.567045+00:00,btc-updown-15m-1766437200,TRADE,DOWN,ACCUM,2,2,0.5001,1.0002,6,0.4934,7,0.4987,6,0.9921,0.0474,0.14,-0.4513,0.5487,0.0000,91.65,SUCCESS
2025-12-22T21:01:49.971420+00:00,btc-updown-15m-1766437200,TRADE,DOWN,ACCUM,2,2,0.5101,1.0202,6,0.4934,9,0.5012,6,0.9946,0.0321,0.33,-1.4715,1.5285,0.0000,90.63,SUCCESS
2025-12-22T21:01:55.363182+00:00,btc-updown-15m-1766437200,TRADE,DOWN,ACCUM,2,2,0.4602,0.9203,6,0.4934,11,0.4938,6,0.9872,0.0769,0.45,-2.3919,2.6081,0.0000,89.71,SUCCESS
2025-12-22T21:11:09.207511+00:00,btc-updown-15m-1766437200,TRADE,UP,ACCUM,1,1,0.5300,0.5300,7,0.4987,11,0.4938,7,0.9924,0.0531,0.36,-1.9219,2.0781,0.0000,89.18,SUCCESS
2025-12-22T21:11:30.959779+00:00,btc-updown-15m-1766437200,TRADE,UP,ACCUM,1,1,0.3602,0.3602,8,0.4813,11,0.4938,8,0.9751,0.1992,0.27,-1.2820,1.7180,0.0000,88.82,SUCCESS
2025-12-22T21:11:36.362255+00:00,btc-updown-15m-1766437200,TRADE,UP,ACCUM,1,1,0.3901,0.3901,9,0.4712,11,0.4938,9,0.9650,0.3154,0.18,-0.6721,1.3279,0.0000,88.43,SUCCESS
2025-12-22T21:11:41.903456+00:00,btc-updown-15m-1766437200,TRADE,UP,ACCUM,1,1,0.4001,0.4001,10,0.4641,11,0.4938,10,0.9578,0.4216,0.09,-0.0722,0.9278,0.0000,88.03,SUCCESS
2025-12-22T21:11:41.903658+00:00,btc-updown-15m-1766437200,TRADE,DOWN,ACCUM,1,1,0.6102,0.6102,10,0.4641,12,0.5035,10,0.9675,0.3246,0.17,-0.6823,1.3177,0.0000,87.42,SUCCESS
2025-12-22T21:11:47.306680+00:00,btc-updown-15m-1766437200,TRADE,UP,ACCUM,1,1,0.3801,0.3801,11,0.4565,12,0.5035,11,0.9599,0.4410,0.08,-0.0625,0.9375,0.0000,87.04,SUCCESS
2025-12-22T21:11:47.307090+00:00,btc-updown-15m-1766437200,TRADE,DOWN,ACCUM,1,1,0.6300,0.6300,11,0.4565,13,0.5132,11,0.9696,0.3339,0.15,-0.6925,1.3075,0.0000,86.41,SUCCESS
2025-12-22T21:11:52.718399+00:00,btc-updown-15m-1766437200,TRADE,UP,ACCUM,1,1,0.3301,0.3301,12,0.4459,13,0.5132,12,0.9591,0.4906,0.08,-0.0226,0.9774,0.0000,86.08,SUCCESS
2025-12-22T21:11:52.718736+00:00,btc-updown-15m-1766437200,TRADE,DOWN,ACCUM,1,1,0.6902,0.6902,12,0.4459,14,0.5258,12,0.9718,0.3388,0.14,-0.7128,1.2872,0.0000,85.39,SUCCESS
2025-12-22T21:11:58.116566+00:00,btc-updown-15m-1766437200,TRADE,UP,ACCUM,1,1,0.3201,0.3201,13,0.4362,14,0.5258,13,0.9621,0.4929,0.07,-0.0329,0.9671,0.0000,85.07,SUCCESS
2025-12-22T21:12:03.516714+00:00,btc-updown-15m-1766437200,TRADE,UP,ACCUM,1,1,0.3101,0.3101,14,0.4272,14,0.5258,14,0.9531,0.6570,0.00,0.6570,0.6570,0.0000,84.76,SUCCESS
2025-12-22T21:12:03.519016+00:00,btc-updown-15m-1766437200,TRADE,DOWN,ACCUM,1,1,0.7003,0.7003,14,0.4272,15,0.5375,14,0.9647,0.4942,0.07,-0.0433,0.9567,0.0000,84.06,SUCCESS
2025-12-22T21:12:09.044396+00:00,btc-updown-15m-1766437200,TRADE,UP,ACCUM,1,1,0.4700,0.4700,15,0.4301,15,0.5375,15,0.9676,0.4867,0.00,0.4867,0.4867,0.0000,83.59,SUCCESS
2025-12-22T21:15:01.104131+00:00,btc-updown-15m-1766437200,RESOLUTION,DOWN,BINANCE_FALLBACK,30,30,1.0000,14.5133,15,0.4301,15,0.5375,15,0.9676,0.4867,0.00,0.0000,0.0000,0.4867,98.59,RESOLVED
2025-12-22T21:15:09.140891+00:00,btc-updown-15m-1766438100,TRADE,UP,ACCUM,2,2,0.4902,0.9803,2,0.4902,0,0.0000,0,0.0000,0.0000,1.00,-0.9803,1.0197,0.0000,97.61,SUCCESS
2025-12-22T21:15:09.141547+00:00,btc-updown-15m-1766438100,TRADE,DOWN,ACCUM,2,2,0.5201,1.0401,2,0.4902,2,0.5201,2,1.0102,-0.0205,0.00,-0.0205,-0.0205,0.0000,96.57,SUCCESS
2025-12-22T21:15:25.393565+00:00,btc-updown-15m-1766438100,TRADE,DOWN,ACCUM,2,1,0.4802,0.4802,2,0.4902,3,0.5068,2,0.9970,0.0061,0.33,-0.5007,0.4993,0.0000,96.09,SUCCESS
2025-12-22T21:15:30.799421+00:00,btc-updown-15m-1766438100,TRADE,DOWN,ACCUM,2,2,0.4902,0.9803,2,0.4902,5,0.5001,2,0.9903,0.0194,0.60,-1.4810,1.5190,0.0000,95.11,SUCCESS
2025-12-22T21:15:36.210246+00:00,btc-updown-15m-1766438100,TRADE,DOWN,ACCUM,2,2,0.5000,1.0000,2,0.4902,7,0.5001,2,0.9903,0.0195,0.71,-2.4810,2.5190,0.0000,94.11,SUCCESS
2025-12-22T21:15:52.472930+00:00,btc-updown-15m-1766438100,TRADE,UP,ACCUM,2,2,0.4801,0.9602,4,0.4851,7,0.5001,4,0.9852,0.0590,0.43,-1.4413,1.5587,0.0000,93.15,SUCCESS
2025-12-22T21:15:57.889799+00:00,btc-updown-15m-1766438100,TRADE,UP,ACCUM,2,2,0.4901,0.9802,6,0.4868,7,0.5001,6,0.9869,0.0786,0.14,-0.4215,0.5785,0.0000,92.17,SUCCESS
2025-12-22T21:15:57.890124+00:00,btc-updown-15m-1766438100,TRADE,DOWN,ACCUM,2,2,0.5201,1.0402,6,0.4868,9,0.5045,6,0.9913,0.0519,0.33,-1.4617,1.5383,0.0000,91.13,SUCCESS
2025-12-22T21:16:03.327391+00:00,btc-updown-15m-1766438100,TRADE,UP,ACCUM,2,2,0.4802,0.9603,8,0.4851,9,0.5045,8,0.9897,0.0825,0.11,-0.4221,0.5779,0.0000,90.17,SUCCESS
2025-12-22T21:16:08.730057+00:00,btc-updown-15m-1766438100,TRADE,DOWN,ACCUM,2,2,0.4301,0.8603,8,0.4851,11,0.4910,8,0.9762,0.1907,0.27,-1.2823,1.7177,0.0000,89.31,SUCCESS
2025-12-22T21:16:14.168583+00:00,btc-updown-15m-1766438100,TRADE,DOWN,ACCUM,2,2,0.4100,0.8200,8,0.4851,13,0.4786,8,0.9637,0.2904,0.38,-2.1024,2.8976,0.0000,88.49,SUCCESS
2025-12-22T21:16:19.629786+00:00,btc-updown-15m-1766438100,TRADE,UP,ACCUM,2,2,0.5901,1.1801,10,0.5061,13,0.4786,10,0.9847,0.1532,0.23,-1.2825,1.7175,0.0000,87.31,SUCCESS
2025-12-22T21:16:25.092945+00:00,btc-updown-15m-1766438100,TRADE,DOWN,ACCUM,2,2,0.4401,0.8801,10,0.5061,15,0.4734,10,0.9796,0.2045,0.33,-2.1626,2.8374,0.0000,86.43,SUCCESS
2025-12-22T21:17:08.596746+00:00,btc-updown-15m-1766438100,TRADE,UP,ACCUM,2,2,0.5902,1.1804,12,0.5201,15,0.4734,12,0.9936,0.0773,0.20,-1.3430,1.6570,0.0000,85.25,SUCCESS
2025-12-22T21:20:56.056393+00:00,btc-updown-15m-1766438100,TRADE,UP,ACCUM,2,2,0.5201,1.0403,14,0.5201,15,0.4734,14,0.9936,0.0902,0.07,-0.3832,0.6168,0.0000,84.21,SUCCESS
2025-12-22T21:21:01.458793+00:00,btc-updown-15m-1766438100,TRADE,UP,ACCUM,2,2,0.4701,0.9401,16,0.5139,15,0.4734,15,0.9873,0.1905,0.06,-0.3234,0.6766,0.0000,83.27,SUCCESS
2025-12-22T21:30:00.510983+00:00,btc-updown-15m-1766438100,RESOLUTION,DOWN,BINANCE_FALLBACK,31,31,1.0000,15.3234,16,0.5139,15,0.4734,15,0.9873,0.1905,0.06,0.0000,0.0000,-0.3234,98.27,RESOLVED
2025-12-22T21:30:08.521765+00:00,btc-updown-15m-1766439000,TRADE,DOWN,ACCUM,2,2,0.4401,0.8801,0,0.0000,2,0.4401,0,0.0000,0.0000,1.00,-0.8801,1.1199,0.0000,97.39,SUCCESS
2025-12-22T21:30:14.018246+00:00,btc-updown-15m-1766439000,TRADE,DOWN,ACCUM,2,2,0.4400,0.8800,0,0.0000,4,0.4400,0,0.0000,0.0000,1.00,-1.7601,2.2399,0.0000,96.51,SUCCESS
2025-12-22T21:30:19.518774+00:00,btc-updown-15m-1766439000,TRADE,UP,ACCUM,2,2,0.5800,1.1601,2,0.5800,4,0.4400,2,1.0201,-0.0402,0.50,-0.9202,1.0798,0.0000,95.35,SUCCESS
2025-12-22T21:30:46.642909+00:00,btc-updown-15m-1766439000,TRADE,DOWN,ACCUM,2,1,0.3600,0.3600,2,0.5800,5,0.4240,2,1.0041,-0.0082,0.60,-1.2802,1.7198,0.0000,94.99,SUCCESS
2025-12-22T21:30:52.067492+00:00,btc-updown-15m-1766439000,TRADE,DOWN,ACCUM,2,2,0.3800,0.7601,2,0.5800,7,0.4115,2,0.9915,0.0170,0.71,-2.0403,2.9597,0.0000,94.23,SUCCESS
2025-12-22T21:31:35.535904+00:00,btc-updown-15m-1766439000,TRADE,UP,ACCUM,2,1,0.5802,0.5802,3,0.5801,7,0.4115,3,0.9916,0.0253,0.57,-1.6206,2.3794,0.0000,93.65,SUCCESS
2025-12-22T21:31:57.222499+00:00,btc-updown-15m-1766439000,TRADE,UP,ACCUM,2,2,0.5803,1.1606,5,0.5802,7,0.4115,5,0.9916,0.0418,0.29,-0.7811,1.2189,0.0000,92.49,SUCCESS
2025-12-22T21:32:02.603961+00:00,btc-updown-15m-1766439000,TRADE,UP,ACCUM,2,2,0.5702,1.1404,7,0.5773,7,0.4115,7,0.9888,0.0784,0.00,0.0784,0.0784,0.0000,91.35,SUCCESS
2025-12-22T21:32:08.011098+00:00,btc-updown-15m-1766439000,TRADE,UP,ACCUM,2,2,0.5901,1.1801,9,0.5802,7,0.4115,7,0.9916,0.0586,0.22,-1.1017,0.8983,0.0000,90.17,SUCCESS
2025-12-22T21:32:08.011861+00:00,btc-updown-15m-1766439000,TRADE,DOWN,ACCUM,2,2,0.4302,0.8603,9,0.5802,9,0.4156,9,0.9958,0.0380,0.00,0.0380,0.0380,0.0000,89.30,SUCCESS
2025-12-22T21:32:13.482502+00:00,btc-updown-15m-1766439000,TRADE,UP,ACCUM,2,2,0.5701,1.1402,11,0.5783,9,0.4156,9,0.9939,0.0545,0.18,-1.1022,0.8978,0.0000,88.16,SUCCESS
2025-12-22T21:32:13.483414+00:00,btc-updown-15m-1766439000,TRADE,DOWN,ACCUM,2,2,0.4101,0.8201,11,0.5783,11,0.4146,11,0.9929,0.0777,0.00,0.0777,0.0777,0.0000,87.34,SUCCESS
2025-12-22T21:32:18.931091+00:00,btc-updown-15m-1766439000,TRADE,DOWN,ACCUM,2,1,0.4101,0.4101,11,0.5783,12,0.4142,11,0.9926,0.0818,0.08,-0.3324,0.6676,0.0000,86.93,SUCCESS
2025-12-22T21:32:24.377457+00:00,btc-updown-15m-1766439000,TRADE,DOWN,ACCUM,2,2,0.4101,0.8201,11,0.5783,14,0.4136,11,0.9920,0.0884,0.21,-1.1526,1.8474,0.0000,86.11,SUCCESS
2025-12-22T21:32:29.860327+00:00,btc-updown-15m-1766439000,TRADE,DOWN,ACCUM,2,2,0.4101,0.8201,11,0.5783,16,0.4132,11,0.9915,0.0933,0.31,-1.9727,3.0273,0.0000,85.29,SUCCESS
2025-12-22T21:32:35.292591+00:00,btc-updown-15m-1766439000,TRADE,UP,ACCUM,2,2,0.5500,1.1000,13,0.5740,16,0.4132,13,0.9872,0.1669,0.19,-1.0727,1.9273,0.0000,84.19,SUCCESS
2025-12-22T21:32:40.767909+00:00,btc-updown-15m-1766439000,TRADE,UP,ACCUM,2,2,0.5702,1.1403,15,0.5735,16,0.4132,15,0.9867,0.2002,0.06,-0.2130,0.7870,0.0000,83.05,SUCCESS
2025-12-22T21:45:01.199324+00:00,btc-updown-15m-1766439000,RESOLUTION,DOWN,BINANCE_FALLBACK,31,31,1.0000,15.2130,15,0.5735,16,0.4132,15,0.9867,0.2002,0.06,0.0000,0.0000,0.7870,99.05,RESOLVED
2025-12-22T21:45:09.512815+00:00,btc-updown-15m-1766439900,TRADE,UP,ACCUM,2,2,0.4801,0.9602,2,0.4801,0,0.0000,0,0.0000,0.0000,1.00,-0.9602,1.0398,0.0000,98.09,SUCCESS
2025-12-22T21:45:09.513038+00:00,btc-updown-15m-1766439900,TRADE,DOWN,ACCUM,2,2,0.5302,1.0605,2,0.4801,2,0.5302,2,1.0103,-0.0206,0.00,-0.0206,-0.0206,0.0000,97.03,SUCCESS
2025-12-22T21:45:20.424541+00:00,btc-updown-15m-1766439900,TRADE,UP,ACCUM,2,2,0.4401,0.8802,4,0.4601,2,0.5302,2,0.9903,0.0193,0.50,-0.9008,1.0992,0.0000,96.15,SUCCESS
2025-12-22T21:45:25.935336+00:00,btc-updown-15m-1766439900,TRADE,UP,ACCUM,2,2,0.4601,0.9203,6,0.4601,2,0.5302,2,0.9903,0.0193,0.67,-1.8211,2.1789,0.0000,95.23,SUCCESS
2025-12-22T21:54:08.036962+00:00,btc-updown-15m-1766439900,TRADE,UP,ACCUM,1,1,0.0200,0.0200,7,0.3972,2,0.5302,2,0.9275,0.1451,0.71,-1.8411,3.1589,0.0000,95.21,SUCCESS
2025-12-22T22:00:01.189329+00:00,btc-updown-15m-1766439900,RESOLUTION,DOWN,BINANCE_FALLBACK,9,9,1.0000,3.8411,7,0.3972,2,0.5302,2,0.9275,0.1451,0.71,0.0000,0.0000,-1.8411,97.21,RESOLVED
2025-12-22T22:00:09.159337+00:00,btc-updown-15m-1766440800,TRADE,UP,ACCUM,2,2,0.4502,0.9003,2,0.4502,0,0.0000,0,0.0000,0.0000,1.00,-0.9003,1.0997,0.0000,96.31,SUCCESS
2025-12-22T22:00:09.159510+00:00,btc-updown-15m-1766440800,TRADE,DOWN,ACCUM,2,2,0.5601,1.1201,2,0.4502,2,0.5601,2,1.0102,-0.0204,0.00,-0.0204,-0.0204,0.0000,95.19,SUCCESS
2025-12-22T22:00:52.783165+00:00,btc-updown-15m-1766440800,TRADE,UP,ACCUM,2,2,0.4100,0.8200,4,0.4301,2,0.5601,2,0.9901,0.0197,0.50,-0.8405,1.1595,0.0000,94.37,SUCCESS
2025-12-22T22:00:58.203264+00:00,btc-updown-15m-1766440800,TRADE,UP,ACCUM,2,2,0.4100,0.8201,6,0.4234,2,0.5601,2,0.9835,0.0331,0.67,-1.6605,2.3395,0.0000,93.55,SUCCESS
2025-12-22T22:01:03.595634+00:00,btc-updown-15m-1766440800,TRADE,DOWN,ACCUM,2,2,0.5600,1.1201,6,0.4234,4,0.5600,4,0.9834,0.0662,0.33,-0.7806,1.2194,0.0000,92.43,SUCCESS
2025-12-22T22:01:09.117328+00:00,btc-updown-15m-1766440800,TRADE,UP,ACCUM,2,1,0.4400,0.4400,7,0.4258,4,0.5600,4,0.9858,0.0567,0.43,-1.2206,1.7794,0.0000,91.99,SUCCESS
2025-12-22T22:01:09.117758+00:00,btc-updown-15m-1766440800,TRADE,DOWN,ACCUM,2,2,0.5703,1.1405,7,0.4258,6,0.5635,6,0.9892,0.0646,0.14,-0.3612,0.6388,0.0000,90.85,SUCCESS
2025-12-22T22:01:14.529654+00:00,btc-updown-15m-1766440800,TRADE,UP,ACCUM,2,2,0.4402,0.8804,9,0.4290,6,0.5635,6,0.9924,0.0454,0.33,-1.2416,1.7584,0.0000,89.97,SUCCESS
2025-12-22T22:01:14.530176+00:00,btc-updown-15m-1766440800,TRADE,DOWN,ACCUM,2,2,0.5700,1.1401,9,0.4290,8,0.5651,8,0.9941,0.0473,0.11,-0.3817,0.6183,0.0000,88.83,SUCCESS
2025-12-22T22:01:30.771110+00:00,btc-updown-15m-1766440800,TRADE,UP,ACCUM,2,2,0.3900,0.7801,11,0.4219,8,0.5651,8,0.9870,0.1040,0.27,-1.1617,1.8383,0.0000,88.05,SUCCESS
2025-12-22T22:01:36.165921+00:00,btc-updown-15m-1766440800,TRADE,UP,ACCUM,2,2,0.3801,0.7602,13,0.4155,8,0.5651,8,0.9806,0.1554,0.38,-1.9219,3.0781,0.0000,87.29,SUCCESS
2025-12-22T22:02:03.182715+00:00,btc-updown-15m-1766440800,TRADE,DOWN,ACCUM,2,2,0.6298,1.2597,13,0.4155,10,0.5780,10,0.9935,0.0648,0.23,-1.1816,1.8184,0.0000,86.03,SUCCESS
2025-12-22T22:02:08.604763+00:00,btc-updown-15m-1766440800,TRADE,UP,ACCUM,2,2,0.3902,0.7803,15,0.4121,10,0.5780,10,0.9901,0.0986,0.33,-1.9619,3.0381,0.0000,85.25,SUCCESS
2025-12-22T22:05:02.289444+00:00,btc-updown-15m-1766440800,TRADE,DOWN,ACCUM,2,2,0.4602,0.9204,15,0.4121,12,0.5584,12,0.9705,0.3540,0.20,-0.8823,2.1177,0.0000,84.33,SUCCESS
2025-12-22T22:05:07.795452+00:00,btc-updown-15m-1766440800,TRADE,DOWN,ACCUM,2,2,0.4700,0.9401,15,0.4121,14,0.5458,14,0.9579,0.5897,0.07,0.1776,1.1776,0.0000,83.39,SUCCESS
2025-12-22T22:05:13.209600+00:00,btc-updown-15m-1766440800,TRADE,DOWN,ACCUM,2,2,0.4300,0.8600,15,0.4121,16,0.5313,15,0.9434,0.8489,0.06,0.3176,1.3176,0.0000,82.53,SUCCESS
2025-12-22T22:15:01.701394+00:00,btc-updown-15m-1766440800,RESOLUTION,DOWN,BINANCE_FALLBACK,31,31,1.0000,14.6824,15,0.4121,16,0.5313,15,0.9434,0.8489,0.06,0.0000,0.0000,1.3176,98.53,RESOLVED
2025-12-22T22:15:10.366878+00:00,btc-updown-15m-1766441700,TRADE,UP,ACCUM,2,2,0.5002,1.0004,2,0.5002,0,0.0000,0,0.0000,0.0000,1.00,-1.0004,0.9996,0.0000,97.53,SUCCESS
2025-12-22T22:15:15.776899+00:00,btc-updown-15m-1766441700,TRADE,UP,ACCUM,2,2,0.5302,1.0603,4,0.5152,0,0.0000,0,0.0000,0.0000,1.00,-2.0607,1.9393,0.0000,96.47,SUCCESS
2025-12-22T22:15:15.777088+00:00,btc-updown-15m-1766441700,TRADE,DOWN,ACCUM,2,2,0.4801,0.9603,4,0.5152,2,0.4801,2,0.9953,0.0094,0.50,-1.0210,0.9790,0.0000,95.51,SUCCESS
2025-12-22T22:15:21.178438+00:00,btc-updown-15m-1766441700,TRADE,DOWN,ACCUM,2,2,0.4701,0.9402,4,0.5152,4,0.4751,4,0.9903,0.0389,0.00,0.0389,0.0389,0.0000,94.57,SUCCESS
2025-12-22T22:15:26.686175+00:00,btc-updown-15m-1766441700,TRADE,DOWN,ACCUM,2,2,0.4601,0.9203,4,0.5152,6,0.4701,4,0.9853,0.0589,0.33,-0.8814,1.1186,0.0000,93.65,SUCCESS
2025-12-22T22:15:32.085930+00:00,btc-updown-15m-1766441700,TRADE,DOWN,ACCUM,2,2,0.4600,0.9200,4,0.5152,8,0.4676,4,0.9828,0.0690,0.50,-1.8014,2.1986,0.0000,92.73,SUCCESS
2025-12-22T22:16:26.473597+00:00,btc-updown-15m-1766441700,TRADE,UP,ACCUM,2,2,0.5500,1.1001,6,0.5268,8,0.4676,6,0.9944,0.0337,0.25,-0.9015,1.0985,0.0000,91.63,SUCCESS
2025-12-22T22:16:31.901275+00:00,btc-updown-15m-1766441700,TRADE,DOWN,ACCUM,2,2,0.4701,0.9402,6,0.5268,10,0.4681,6,0.9949,0.0307,0.40,-1.8417,2.1583,0.0000,90.69,SUCCESS
2025-12-22T22:16:37.305908+00:00,btc-updown-15m-1766441700,TRADE,UP,ACCUM,2,2,0.5199,1.0398,8,0.5251,10,0.4681,8,0.9932,0.0547,0.20,-0.8815,1.1185,0.0000,89.65,SUCCESS
2025-12-22T22:16:42.810739+00:00,btc-updown-15m-1766441700,TRADE,UP,ACCUM,2,2,0.5300,1.0600,10,0.5261,10,0.4681,10,0.9941,0.0585,0.00,0.0585,0.0585,0.0000,88.59,SUCCESS
2025-12-22T22:16:48.232541+00:00,btc-updown-15m-1766441700,TRADE,DOWN,ACCUM,2,2,0.4700,0.9400,10,0.5261,12,0.4684,10,0.9945,0.0553,0.17,-0.8815,1.1185,0.0000,87.65,SUCCESS
2025-12-22T22:16:53.625598+00:00,btc-updown-15m-1766441700,TRADE,DOWN,ACCUM,2,2,0.4600,0.9200,10,0.5261,14,0.4672,10,0.9933,0.0673,0.29,-1.8015,2.1985,0.0000,86.73,SUCCESS
2025-12-22T22:23:56.231932+00:00,btc-updown-15m-1766441700,TRADE,DOWN,ACCUM,1,1,0.0600,0.0600,10,0.5261,15,0.4401,10,0.9661,0.3388,0.33,-1.8616,3.1384,0.0000,86.67,SUCCESS
2025-12-22T22:30:39.214212+00:00,btc-updown-15m-1766441700,RESOLUTION,DOWN,BINANCE_FALLBACK,25,25,1.0000,11.8616,10,0.5261,15,0.4401,10,0.9661,0.3388,0.33,0.0000,0.0000,3.1384,101.67,RESOLVED
2025-12-22T22:30:47.072318+00:00,btc-updown-15m-1766442600,TRADE,UP,ACCUM,2,2,0.3201,0.6403,2,0.3201,0,0.0000,0,0.0000,0.0000,1.00,-0.6403,1.3597,0.0000,101.03,SUCCESS
2025-12-22T22:30:47.072678+00:00,btc-updown-15m-1766442600,TRADE,DOWN,ACCUM,2,2,0.6900,1.3801,2,0.3201,2,0.6900,2,1.0102,-0.0203,0.00,-0.0203,-0.0203,0.0000,99.65,SUCCESS
2025-12-22T22:31:20.468211+00:00,btc-updown-15m-1766442600,TRADE,DOWN,ACCUM,2,2,0.6402,1.2804,2,0.3201,4,0.6651,2,0.9852,0.0295,0.50,-1.3007,0.6993,0.0000,98.37,SUCCESS
2025-12-22T22:31:25.907762+00:00,btc-updown-15m-1766442600,TRADE,DOWN,ACCUM,2,2,0.5903,1.1805,2,0.3201,6,0.6402,2,0.9603,0.0794,0.67,-2.4812,1.5188,0.0000,97.19,SUCCESS
2025-12-22T22:31:42.167024+00:00,btc-updown-15m-1766442600,TRADE,UP,ACCUM,2,2,0.3200,0.6401,4,0.3201,6,0.6402,4,0.9603,0.1590,0.33,-1.1213,0.8787,0.0000,96.55,SUCCESS
2025-12-22T22:31:47.568179+00:00,btc-updown-15m-1766442600,TRADE,UP,ACCUM,2,2,0.3202,0.6403,6,0.3201,6,0.6402,6,0.9603,0.2384,0.00,0.2384,0.2384,0.0000,95.91,SUCCESS
2025-12-22T22:31:47.568419+00:00,btc-updown-15m-1766442600,TRADE,DOWN,ACCUM,2,2,0.7000,1.3999,6,0.3201,8,0.6551,6,0.9752,0.1486,0.25,-1.1616,0.8384,0.0000,94.51,SUCCESS
2025-12-22T22:31:52.998441+00:00,btc-updown-15m-1766442600,TRADE,UP,ACCUM,2,1,0.3501,0.3501,7,0.3244,8,0.6551,7,0.9795,0.1434,0.12,-0.5117,0.4883,0.0000,94.16,SUCCESS
2025-12-22T22:31:52.998597+00:00,btc-updown-15m-1766442600,TRADE,DOWN,ACCUM,2,2,0.6601,1.3201,7,0.3244,10,0.6561,7,0.9805,0.1365,0.30,-1.8318,1.1682,0.0000,92.84,SUCCESS
2025-12-22T22:31:58.399077+00:00,btc-updown-15m-1766442600,TRADE,UP,ACCUM,2,2,0.3500,0.6999,9,0.3301,10,0.6561,9,0.9862,0.1244,0.10,-0.5317,0.4683,0.0000,92.14,SUCCESS
2025-12-22T22:31:58.399249+00:00,btc-updown-15m-1766442600,TRADE,DOWN,ACCUM,2,2,0.6701,1.3403,9,0.3301,12,0.6584,9,0.9885,0.1033,0.25,-1.8720,1.1280,0.0000,90.80,SUCCESS
2025-12-22T22:32:03.842377+00:00,btc-updown-15m-1766442600,TRADE,UP,ACCUM,2,2,0.3501,0.7002,11,0.3337,12,0.6584,11,0.9922,0.0862,0.08,-0.5723,0.4277,0.0000,90.10,SUCCESS
2025-12-22T22:32:03.842732+00:00,btc-updown-15m-1766442600,TRADE,DOWN,ACCUM,2,2,0.6702,1.3404,11,0.3337,14,0.6601,11,0.9938,0.0677,0.21,-1.9127,1.0873,0.0000,88.76,SUCCESS
2025-12-22T22:32:14.807747+00:00,btc-updown-15m-1766442600,TRADE,DOWN,ACCUM,2,2,0.6502,1.3004,11,0.3337,16,0.6589,11,0.9926,0.0813,0.31,-3.2132,1.7868,0.0000,87.46,SUCCESS
2025-12-22T22:32:31.048890+00:00,btc-updown-15m-1766442600,TRADE,UP,ACCUM,2,2,0.3398,0.6797,13,0.3347,16,0.6589,13,0.9936,0.0838,0.19,-1.8928,1.1072,0.0000,86.78,SUCCESS
2025-12-22T22:32:36.463999+00:00,btc-updown-15m-1766442600,TRADE,UP,ACCUM,2,2,0.3300,0.6601,15,0.3340,16,0.6589,15,0.9929,0.1060,0.06,-0.5529,0.4471,0.0000,86.12,SUCCESS
2025-12-22T22:45:02.935777+00:00,btc-updown-15m-1766442600,RESOLUTION,DOWN,BINANCE_FALLBACK,31,31,1.0000,15.5529,15,0.3340,16,0.6589,15,0.9929,0.1060,0.06,0.0000,0.0000,0.4471,102.12,RESOLVED
2025-12-22T22:45:11.210687+00:00,btc-updown-15m-1766443500,TRADE,UP,ACCUM,2,2,0.5902,1.1804,2,0.5902,0,0.0000,0,0.0000,0.0000,1.00,-1.1804,0.8196,0.0000,100.94,SUCCESS
2025-12-22T22:45:16.604532+00:00,btc-updown-15m-1766443500,TRADE,UP,ACCUM,2,2,0.6001,1.2003,4,0.5952,0,0.0000,0,0.0000,0.0000,1.00,-2.3806,1.6194,0.0000,99.74,SUCCESS
2025-12-22T22:45:16.604676+00:00,btc-updown-15m-1766443500,TRADE,DOWN,ACCUM,2,2,0.4101,0.8201,4,0.5952,2,0.4101,2,1.0052,-0.0105,0.50,-1.2008,0.7992,0.0000,98.91,SUCCESS
2025-12-22T22:45:22.017247+00:00,btc-updown-15m-1766443500,TRADE,DOWN,ACCUM,2,2,0.3500,0.7000,4,0.5952,4,0.3800,4,0.9752,0.0992,0.00,0.0992,0.0992,0.0000,98.21,SUCCESS
2025-12-22T22:45:27.441956+00:00,btc-updown-15m-1766443500,TRADE,DOWN,ACCUM,2,2,0.3101,0.6201,4,0.5952,6,0.3567,4,0.9519,0.1925,0.33,-0.5209,1.4791,0.0000,97.59,SUCCESS
2025-12-22T22:45:32.868072+00:00,btc-updown-15m-1766443500,TRADE,UP,ACCUM,2,2,0.6800,1.3600,6,0.6234,6,0.3567,6,0.9802,0.1191,0.00,0.1191,0.1191,0.0000,96.23,SUCCESS
2025-12-22T22:45:38.260483+00:00,btc-updown-15m-1766443500,TRADE,DOWN,ACCUM,2,2,0.3200,0.6401,6,0.6234,8,0.3475,6,0.9710,0.1741,0.25,-0.5210,1.4790,0.0000,95.59,SUCCESS
2025-12-22T22:45:43.662265+00:00,btc-updown-15m-1766443500,TRADE,DOWN,ACCUM,2,2,0.3000,0.6001,6,0.6234,10,0.3380,6,0.9615,0.2311,0.40,-1.1211,2.8789,0.0000,94.99,SUCCESS
2025-12-22T22:45:54.490570+00:00,btc-updown-15m-1766443500,TRADE,UP,ACCUM,2,2,0.7303,1.4605,8,0.6501,10,0.3380,8,0.9882,0.0945,0.20,-0.5816,1.4184,0.0000,93.53,SUCCESS
2025-12-22T22:45:59.935264+00:00,btc-updown-15m-1766443500,TRADE,DOWN,ACCUM,2,2,0.2401,0.4802,8,0.6501,12,0.3217,8,0.9719,0.2250,0.33,-1.0618,2.9382,0.0000,93.05,SUCCESS
2025-12-22T22:46:05.464084+00:00,btc-updown-15m-1766443500,TRADE,UP,ACCUM,2,2,0.7600,1.5201,10,0.6721,12,0.3217,10,0.9938,0.0615,0.17,-0.5819,1.4181,0.0000,91.53,SUCCESS
2025-12-22T22:46:10.872795+00:00,btc-updown-15m-1766443500,TRADE,DOWN,ACCUM,2,2,0.2501,0.5001,10,0.6721,14,0.3115,10,0.9836,0.1639,0.29,-1.0821,2.9179,0.0000,91.03,SUCCESS
2025-12-22T22:53:54.040761+00:00,btc-updown-15m-1766443500,TRADE,DOWN,ACCUM,1,1,0.0200,0.0200,10,0.6721,15,0.2921,10,0.9642,0.3582,0.33,-1.1021,3.8979,0.0000,91.01,SUCCESS
2025-12-22T23:00:05.299484+00:00,btc-updown-15m-1766443500,RESOLUTION,DOWN,BINANCE_FALLBACK,25,25,1.0000,11.1021,10,0.6721,15,0.2921,10,0.9642,0.3582,0.33,0.0000,0.0000,3.8979,106.01,RESOLVED
2025-12-22T23:00:13.507510+00:00,btc-updown-15m-1766444400,TRADE,UP,ACCUM,2,2,0.3602,0.7203,2,0.3602,0,0.0000,0,0.0000,0.0000,1.00,-0.7203,1.2797,0.0000,105.29,SUCCESS
2025-12-22T23:00:13.507757+00:00,btc-updown-15m-1766444400,TRADE,DOWN,ACCUM,2,2,0.6500,1.3001,2,0.3602,2,0.6500,2,1.0102,-0.0204,0.00,-0.0204,-0.0204,0.0000,103.99,SUCCESS
2025-12-22T23:00:18.903649+00:00,btc-updown-15m-1766444400,TRADE,UP,ACCUM,2,2,0.3201,0.6401,4,0.3401,2,0.6500,2,0.9901,0.0197,0.50,-0.6605,1.3395,0.0000,103.35,SUCCESS
2025-12-22T23:00:24.287688+00:00,btc-updown-15m-1766444400,TRADE,UP,ACCUM,2,2,0.3201,0.6403,6,0.3335,2,0.6500,2,0.9835,0.0330,0.67,-1.3008,2.6992,0.0000,102.71,SUCCESS
2025-12-22T23:01:24.256476+00:00,btc-updown-15m-1766444400,TRADE,DOWN,ACCUM,2,2,0.6502,1.3005,6,0.3335,4,0.6501,4,0.9836,0.0657,0.33,-0.6012,1.3988,0.0000,101.41,SUCCESS
2025-12-22T23:01:29.658489+00:00,btc-updown-15m-1766444400,TRADE,UP,ACCUM,2,2,0.3600,0.7200,8,0.3401,4,0.6501,4,0.9902,0.0391,0.50,-1.3213,2.6787,0.0000,100.69,SUCCESS
2025-12-22T23:01:29.658651+00:00,btc-updown-15m-1766444400,TRADE,DOWN,ACCUM,2,2,0.6502,1.3005,8,0.3401,6,0.6502,6,0.9903,0.0584,0.25,-0.6218,1.3782,0.0000,99.39,SUCCESS
2025-12-22T23:01:35.047132+00:00,btc-updown-15m-1766444400,TRADE,DOWN,ACCUM,2,2,0.6203,1.2405,8,0.3401,8,0.6427,8,0.9828,0.1377,0.00,0.1377,0.1377,0.0000,98.15,SUCCESS
2025-12-22T23:01:40.579506+00:00,btc-updown-15m-1766444400,TRADE,UP,ACCUM,2,2,0.3600,0.7200,10,0.3441,8,0.6427,8,0.9868,0.1058,0.20,-0.5823,1.4177,0.0000,97.43,SUCCESS
2025-12-22T23:01:45.973119+00:00,btc-updown-15m-1766444400,TRADE,UP,ACCUM,2,2,0.3801,0.7602,12,0.3501,8,0.6427,8,0.9928,0.0578,0.33,-1.3425,2.6575,0.0000,96.67,SUCCESS
2025-12-22T23:01:45.973270+00:00,btc-updown-15m-1766444400,TRADE,DOWN,ACCUM,2,2,0.6400,1.2801,12,0.3501,10,0.6422,10,0.9922,0.0776,0.17,-0.6226,1.3774,0.0000,95.39,SUCCESS
2025-12-22T23:01:51.368809+00:00,btc-updown-15m-1766444400,TRADE,DOWN,ACCUM,2,2,0.6303,1.2606,12,0.3501,12,0.6402,12,0.9903,0.1169,0.00,0.1169,0.1169,0.0000,94.13,SUCCESS
2025-12-22T23:01:56.981659+00:00,btc-updown-15m-1766444400,TRADE,UP,ACCUM,2,2,0.3700,0.7400,14,0.3529,12,0.6402,12,0.9931,0.0827,0.14,-0.6231,1.3769,0.0000,93.39,SUCCESS
2025-12-22T23:01:56.982113+00:00,btc-updown-15m-1766444400,TRADE,DOWN,ACCUM,2,2,0.6401,1.2801,14,0.3529,14,0.6402,14,0.9931,0.0968,0.00,0.0968,0.0968,0.0000,92.11,SUCCESS
2025-12-22T23:02:02.393914+00:00,btc-updown-15m-1766444400,TRADE,UP,ACCUM,2,2,0.3500,0.7000,16,0.3526,14,0.6402,14,0.9927,0.1018,0.12,-0.6033,1.3967,0.0000,91.41,SUCCESS
2025-12-22T23:02:07.921879+00:00,btc-updown-15m-1766444400,TRADE,DOWN,ACCUM,2,2,0.6499,1.2997,16,0.3526,16,0.6414,16,0.9939,0.0970,0.00,0.0970,0.0970,0.0000,90.11,SUCCESS
2025-12-22T23:15:04.485326+00:00,btc-updown-15m-1766444400,RESOLUTION,DOWN,BINANCE_FALLBACK,32,32,1.0000,15.9030,16,0.3526,16,0.6414,16,0.9939,0.0970,0.00,0.0000,0.0000,0.0970,106.11,RESOLVED
2025-12-22T23:15:12.313994+00:00,btc-updown-15m-1766445300,TRADE,UP,ACCUM,2,1,0.5002,0.5002,1,0.5002,0,0.0000,0,0.0000,0.0000,1.00,-0.5002,0.4998,0.0000,105.61,SUCCESS
2025-12-22T23:15:12.314198+00:00,btc-updown-15m-1766445300,TRADE,DOWN,ACCUM,2,2,0.5102,1.0205,1,0.5002,2,0.5102,1,1.0105,-0.0105,0.50,-0.5207,0.4793,0.0000,104.59,SUCCESS
2025-12-22T23:15:28.687833+00:00,btc-updown-15m-1766445300,TRADE,UP,ACCUM,2,2,0.4601,0.9203,3,0.4735,2,0.5102,2,0.9837,0.0325,0.33,-0.4410,0.5590,0.0000,103.67,SUCCESS
2025-12-22T23:15:34.098785+00:00,btc-updown-15m-1766445300,TRADE,UP,ACCUM,2,2,0.4398,0.8796,5,0.4600,2,0.5102,2,0.9703,0.0595,0.60,-1.3206,1.6794,0.0000,102.79,SUCCESS
2025-12-22T23:15:39.516236+00:00,btc-updown-15m-1766445300,TRADE,UP,ACCUM,2,2,0.4302,0.8603,7,0.4515,2,0.5102,2,0.9617,0.0766,0.71,-2.1809,2.8191,0.0000,101.93,SUCCESS
2025-12-22T23:15:45.149129+00:00,btc-updown-15m-1766445300,TRADE,DOWN,ACCUM,2,2,0.5701,1.1402,7,0.4515,4,0.5402,4,0.9917,0.0334,0.43,-1.3211,1.6789,0.0000,100.79,SUCCESS
2025-12-22T23:15:50.540243+00:00,btc-updown-15m-1766445300,TRADE,UP,ACCUM,2,2,0.4301,0.8602,9,0.4467,4,0.5402,4,0.9869,0.0524,0.56,-2.1813,2.8187,0.0000,99.93,SUCCESS
2025-12-22T23:26:58.559327+00:00,btc-updown-15m-1766445300,TRADE,DOWN,ACCUM,1,1,0.5600,0.5600,9,0.4467,5,0.5441,5,0.9909,0.0456,0.44,-1.7413,2.2587,0.0000,99.37,SUCCESS
2025-12-22T23:27:03.975144+00:00,btc-updown-15m-1766445300,TRADE,DOWN,ACCUM,1,1,0.5101,0.5101,9,0.4467,6,0.5385,6,0.9852,0.0887,0.33,-1.2515,1.7485,0.0000,98.86,SUCCESS
2025-12-22T23:27:09.388639+00:00,btc-updown-15m-1766445300,TRADE,UP,ACCUM,1,1,0.4001,0.4001,10,0.4421,6,0.5385,6,0.9805,0.1167,0.40,-1.6516,2.3484,0.0000,98.46,SUCCESS
2025-12-22T23:27:14.797294+00:00,btc-updown-15m-1766445300,TRADE,UP,ACCUM,1,1,0.3901,0.3901,11,0.4374,6,0.5385,6,0.9758,0.1451,0.45,-2.0417,2.9583,0.0000,98.07,SUCCESS
2025-12-22T23:27:14.797881+00:00,btc-updown-15m-1766445300,TRADE,DOWN,ACCUM,1,1,0.6302,0.6302,11,0.4374,7,0.5516,7,0.9889,0.0775,0.36,-1.6719,2.3281,0.0000,97.44,SUCCESS
2025-12-22T23:27:20.244884+00:00,btc-updown-15m-1766445300,TRADE,UP,ACCUM,1,1,0.3301,0.3301,12,0.4284,7,0.5516,7,0.9800,0.1400,0.42,-2.0020,2.9980,0.0000,97.11,SUCCESS
2025-12-22T23:27:25.668668+00:00,btc-updown-15m-1766445300,TRADE,DOWN,ACCUM,1,1,0.4000,0.4000,12,0.4284,8,0.5326,8,0.9611,0.3116,0.33,-1.4021,2.5979,0.0000,96.71,SUCCESS
2025-12-22T23:27:31.067262+00:00,btc-updown-15m-1766445300,TRADE,UP,ACCUM,1,1,0.5901,0.5901,13,0.4409,8,0.5326,8,0.9735,0.2121,0.38,-1.9921,3.0079,0.0000,96.12,SUCCESS
2025-12-22T23:27:31.068097+00:00,btc-updown-15m-1766445300,TRADE,DOWN,ACCUM,1,1,0.4200,0.4200,13,0.4409,9,0.5201,9,0.9610,0.3512,0.31,-1.4122,2.5878,0.0000,95.70,SUCCESS
2025-12-22T23:27:36.510852+00:00,btc-updown-15m-1766445300,TRADE,UP,ACCUM,1,1,0.5302,0.5302,14,0.4472,9,0.5201,9,0.9674,0.2938,0.36,-1.9424,3.0576,0.0000,95.17,SUCCESS
2025-12-22T23:27:41.914890+00:00,btc-updown-15m-1766445300,TRADE,DOWN,ACCUM,1,1,0.4401,0.4401,14,0.4472,10,0.5121,10,0.9594,0.4064,0.29,-1.3825,2.6175,0.0000,94.73,SUCCESS
2025-12-22T23:27:47.315650+00:00,btc-updown-15m-1766445300,TRADE,UP,ACCUM,1,1,0.5603,0.5603,15,0.4548,10,0.5121,10,0.9669,0.3311,0.33,-1.9428,3.0572,0.0000,94.17,SUCCESS
2025-12-22T23:27:47.317213+00:00,btc-updown-15m-1766445300,TRADE,DOWN,ACCUM,1,1,0.4701,0.4701,15,0.4548,11,0.5083,11,0.9631,0.4062,0.27,-1.4129,2.5871,0.0000,93.70,SUCCESS
2025-12-22T23:27:58.209807+00:00,btc-updown-15m-1766445300,TRADE,DOWN,ACCUM,1,1,0.5402,0.5402,15,0.4548,12,0.5110,12,0.9657,0.4112,0.20,-0.9531,2.0469,0.0000,93.16,SUCCESS
2025-12-22T23:28:03.669382+00:00,btc-updown-15m-1766445300,TRADE,DOWN,ACCUM,1,1,0.4702,0.4702,15,0.4548,13,0.5078,13,0.9626,0.4862,0.13,-0.4233,1.5767,0.0000,92.69,SUCCESS
2025-12-22T23:28:09.070772+00:00,btc-updown-15m-1766445300,TRADE,DOWN,ACCUM,1,1,0.5100,0.5100,15,0.4548,14,0.5080,14,0.9628,0.5214,0.07,0.0667,1.0667,0.0000,92.18,SUCCESS
2025-12-22T23:28:14.443315+00:00,btc-updown-15m-1766445300,TRADE,DOWN,ACCUM,1,1,0.4700,0.4700,15,0.4548,15,0.5055,15,0.9602,0.5966,0.00,0.5966,0.5966,0.0000,91.71,SUCCESS
2025-12-22T23:30:00.513554+00:00,btc-updown-15m-1766445300,RESOLUTION,DOWN,BINANCE_FALLBACK,30,30,1.0000,14.4034,15,0.4548,15,0.5055,15,0.9602,0.5966,0.00,0.0000,0.0000,0.5966,106.71,RESOLVED
2025-12-22T23:30:08.574411+00:00,btc-updown-15m-1766446200,TRADE,DOWN,ACCUM,2,2,0.5302,1.0603,0,0.0000,2,0.5302,0,0.0000,0.0000,1.00,-1.0603,0.9397,0.0000,105.65,SUCCESS
2025-12-22T23:30:13.991504+00:00,btc-updown-15m-1766446200,TRADE,UP,ACCUM,2,2,0.4801,0.9603,2,0.4801,2,0.5302,2,1.0103,-0.0206,0.00,-0.0206,-0.0206,0.0000,104.69,SUCCESS
2025-12-22T23:30:13.993995+00:00,btc-updown-15m-1766446200,TRADE,DOWN,ACCUM,2,2,0.5301,1.0601,2,0.4801,4,0.5301,2,1.0103,-0.0205,0.50,-1.0808,0.9192,0.0000,103.63,SUCCESS
2025-12-22T23:30:24.872824+00:00,btc-updown-15m-1766446200,TRADE,UP,ACCUM,2,2,0.4001,0.8002,4,0.4401,4,0.5301,4,0.9702,0.1191,0.00,0.1191,0.1191,0.0000,102.83,SUCCESS
2025-12-22T23:30:30.362936+00:00,btc-updown-15m-1766446200,TRADE,UP,ACCUM,2,2,0.3801,0.7602,6,0.4201,4,0.5301,4,0.9502,0.1991,0.33,-0.6411,1.3589,0.0000,102.07,SUCCESS
2025-12-22T23:30:35.785637+00:00,btc-updown-15m-1766446200,TRADE,DOWN,ACCUM,2,2,0.6002,1.2005,6,0.4201,6,0.5535,6,0.9736,0.1584,0.00,0.1584,0.1584,0.0000,100.87,SUCCESS
2025-12-22T23:30:41.177450+00:00,btc-updown-15m-1766446200,TRADE,UP,ACCUM,2,2,0.4001,0.8002,8,0.4151,6,0.5535,6,0.9686,0.1884,0.25,-0.6418,1.3582,0.0000,100.07,SUCCESS
2025-12-22T23:30:41.178303+00:00,btc-updown-15m-1766446200,TRADE,DOWN,ACCUM,2,2,0.6202,1.2404,8,0.4151,8,0.5702,8,0.9853,0.1178,0.00,0.1178,0.1178,0.0000,98.83,SUCCESS
2025-12-22T23:30:46.694630+00:00,btc-updown-15m-1766446200,TRADE,UP,ACCUM,2,2,0.3900,0.7801,10,0.4101,8,0.5702,8,0.9803,0.1579,0.20,-0.6623,1.3377,0.0000,98.05,SUCCESS
2025-12-22T23:30:52.198487+00:00,btc-updown-15m-1766446200,TRADE,UP,ACCUM,2,2,0.3402,0.6803,12,0.3984,8,0.5702,8,0.9686,0.2511,0.33,-1.3426,2.6574,0.0000,97.36,SUCCESS
2025-12-22T23:30:57.605270+00:00,btc-updown-15m-1766446200,TRADE,DOWN,ACCUM,2,2,0.6801,1.3601,12,0.3984,10,0.5921,10,0.9906,0.0942,0.17,-0.7027,1.2973,0.0000,96.00,SUCCESS
2025-12-22T23:31:03.004561+00:00,btc-updown-15m-1766446200,TRADE,UP,ACCUM,2,2,0.3400,0.6800,14,0.3901,10,0.5921,10,0.9822,0.1776,0.29,-1.3827,2.6173,0.0000,95.32,SUCCESS
2025-12-22T23:33:13.063260+00:00,btc-updown-15m-1766446200,TRADE,DOWN,ACCUM,2,2,0.6602,1.3204,14,0.3901,12,0.6035,12,0.9936,0.0770,0.14,-0.7032,1.2968,0.0000,94.00,SUCCESS
2025-12-22T23:33:23.891408+00:00,btc-updown-15m-1766446200,TRADE,DOWN,ACCUM,2,2,0.5702,1.1404,14,0.3901,14,0.5987,14,0.9888,0.1565,0.00,0.1565,0.1565,0.0000,92.86,SUCCESS
2025-12-22T23:33:29.372374+00:00,btc-updown-15m-1766446200,TRADE,UP,ACCUM,2,2,0.4302,0.8604,16,0.3951,14,0.5987,14,0.9938,0.0863,0.12,-0.7039,1.2961,0.0000,92.00,SUCCESS
2025-12-22T23:33:34.767431+00:00,btc-updown-15m-1766446200,TRADE,DOWN,ACCUM,2,1,0.5000,0.5000,16,0.3951,15,0.5922,15,0.9873,0.1912,0.06,-0.2039,0.7961,0.0000,91.50,SUCCESS
2025-12-22T23:45:00.953838+00:00,btc-updown-15m-1766446200,RESOLUTION,DOWN,BINANCE_FALLBACK,31,31,1.0000,15.2039,16,0.3951,15,0.5922,15,0.9873,0.1912,0.06,0.0000,0.0000,-0.2039,106.50,RESOLVED
2025-12-22T23:45:09.210683+00:00,btc-updown-15m-1766447100,TRADE,UP,ACCUM,2,2,0.4402,0.8803,2,0.4402,0,0.0000,0,0.0000,0.0000,1.00,-0.8803,1.1197,0.0000,105.62,SUCCESS
2025-12-22T23:45:09.210921+00:00,btc-updown-15m-1766447100,TRADE,DOWN,ACCUM,2,2,0.5700,1.1400,2,0.4402,2,0.5700,2,1.0102,-0.0203,0.00,-0.0203,-0.0203,0.0000,104.48,SUCCESS
2025-12-22T23:45:20.031191+00:00,btc-updown-15m-1766447100,TRADE,UP,ACCUM,2,2,0.4000,0.8001,4,0.4201,2,0.5700,2,0.9901,0.0198,0.50,-0.8204,1.1796,0.0000,103.68,SUCCESS
2025-12-22T23:45:25.411149+00:00,btc-updown-15m-1766447100,TRADE,UP,ACCUM,2,2,0.3799,0.7598,6,0.4067,2,0.5700,2,0.9767,0.0466,0.67,-1.5802,2.4198,0.0000,102.92,SUCCESS
2025-12-22T23:45:57.980419+00:00,btc-updown-15m-1766447100,TRADE,DOWN,ACCUM,2,1,0.5901,0.5901,6,0.4067,3,0.5767,3,0.9834,0.0497,0.50,-1.1703,1.8297,0.0000,102.33,SUCCESS
2025-12-22T23:46:03.378615+00:00,btc-updown-15m-1766447100,TRADE,UP,ACCUM,2,2,0.4400,0.8801,8,0.4150,3,0.5767,3,0.9918,0.0247,0.62,-2.0504,2.9496,0.0000,101.45,SUCCESS
2025-12-22T23:46:03.378907+00:00,btc-updown-15m-1766447100,TRADE,DOWN,ACCUM,2,2,0.5802,1.1603,8,0.4150,5,0.5781,5,0.9931,0.0344,0.38,-1.2107,1.7893,0.0000,100.29,SUCCESS
2025-12-22T23:46:08.763295+00:00,btc-updown-15m-1766447100,TRADE,UP,ACCUM,2,2,0.4202,0.8403,10,0.4161,5,0.5781,5,0.9942,0.0292,0.50,-2.0511,2.9489,0.0000,99.45,SUCCESS
2025-12-22T23:46:30.392483+00:00,btc-updown-15m-1766447100,TRADE,DOWN,ACCUM,2,1,0.5500,0.5500,10,0.4161,6,0.5734,6,0.9895,0.0631,0.40,-1.6011,2.3989,0.0000,98.90,SUCCESS
2025-12-22T23:46:41.370375+00:00,btc-updown-15m-1766447100,TRADE,DOWN,ACCUM,2,2,0.5600,1.1201,10,0.4161,8,0.5701,8,0.9861,0.1109,0.20,-0.7212,1.2788,0.0000,97.78,SUCCESS
2025-12-22T23:46:46.794849+00:00,btc-updown-15m-1766447100,TRADE,UP,ACCUM,2,2,0.4400,0.8800,12,0.4200,8,0.5701,8,0.9901,0.0790,0.33,-1.6012,2.3988,0.0000,96.90,SUCCESS
2025-12-22T23:46:52.183295+00:00,btc-updown-15m-1766447100,TRADE,DOWN,ACCUM,2,2,0.5902,1.1805,12,0.4200,10,0.5741,10,0.9942,0.0584,0.17,-0.7817,1.2183,0.0000,95.72,SUCCESS
2025-12-22T23:46:57.562477+00:00,btc-updown-15m-1766447100,TRADE,UP,ACCUM,2,2,0.4202,0.8404,14,0.4201,10,0.5741,10,0.9942,0.0582,0.29,-1.6221,2.3779,0.0000,94.88,SUCCESS
2025-12-22T23:47:08.393138+00:00,btc-updown-15m-1766447100,TRADE,DOWN,ACCUM,2,2,0.5201,1.0402,14,0.4201,12,0.5651,12,0.9852,0.1779,0.14,-0.6623,1.3377,0.0000,93.84,SUCCESS
2025-12-22T23:47:13.893905+00:00,btc-updown-15m-1766447100,TRADE,DOWN,ACCUM,2,2,0.5101,1.0202,14,0.4201,14,0.5572,14,0.9773,0.3175,0.00,0.3175,0.3175,0.0000,92.82,SUCCESS
2025-12-22T23:47:19.465503+00:00,btc-updown-15m-1766447100,TRADE,UP,ACCUM,2,2,0.5001,1.0001,16,0.4301,14,0.5572,14,0.9873,0.1775,0.12,-0.6826,1.3174,0.0000,91.82,SUCCESS
2025-12-22T23:47:19.465849+00:00,btc-updown-15m-1766447100,TRADE,DOWN,ACCUM,2,2,0.5202,1.0404,16,0.4301,16,0.5526,16,0.9827,0.2770,0.00,0.2770,0.2770,0.0000,90.78,SUCCESS
2025-12-23T00:00:04.783485+00:00,btc-updown-15m-1766447100,RESOLUTION,DOWN,BINANCE_FALLBACK,32,32,1.0000,15.7230,16,0.4301,16,0.5526,16,0.9827,0.2770,0.00,0.0000,0.0000,0.2770,106.78,RESOLVED
2025-12-23T00:00:23.514460+00:00,btc-updown-15m-1766448000,TRADE,UP,ACCUM,2,2,0.3401,0.6802,2,0.3401,0,0.0000,0,0.0000,0.0000,1.00,-0.6802,1.3198,0.0000,106.10,SUCCESS
2025-12-23T00:00:23.515544+00:00,btc-updown-15m-1766448000,TRADE,DOWN,ACCUM,2,2,0.6703,1.3406,2,0.3401,2,0.6703,2,1.0104,-0.0207,0.00,-0.0207,-0.0207,0.0000,104.76,SUCCESS
2025-12-23T00:00:34.407324+00:00,btc-updown-15m-1766448000,TRADE,DOWN,ACCUM,2,2,0.6102,1.2204,2,0.3401,4,0.6402,2,0.9803,0.0393,0.50,-1.2412,0.7588,0.0000,103.54,SUCCESS
2025-12-23T00:00:39.803618+00:00,btc-updown-15m-1766448000,TRADE,UP,ACCUM,2,2,0.3601,0.7202,4,0.3501,4,0.6402,4,0.9903,0.0386,0.00,0.0386,0.0386,0.0000,102.82,SUCCESS
2025-12-23T00:00:45.221009+00:00,btc-updown-15m-1766448000,TRADE,DOWN,ACCUM,2,2,0.6101,1.2202,4,0.3501,6,0.6302,4,0.9803,0.0788,0.33,-1.1816,0.8184,0.0000,101.60,SUCCESS
2025-12-23T00:00:50.733198+00:00,btc-updown-15m-1766448000,TRADE,DOWN,ACCUM,2,2,0.6102,1.2204,4,0.3501,8,0.6252,4,0.9753,0.0988,0.50,-2.4019,1.5981,0.0000,100.38,SUCCESS
2025-12-23T00:00:56.160727+00:00,btc-updown-15m-1766448000,TRADE,UP,ACCUM,2,2,0.3500,0.7001,6,0.3501,8,0.6252,6,0.9753,0.1484,0.25,-1.1020,0.8980,0.0000,99.68,SUCCESS
2025-12-23T00:01:01.582868+00:00,btc-updown-15m-1766448000,TRADE,UP,ACCUM,2,2,0.3701,0.7402,8,0.3551,8,0.6252,8,0.9803,0.1578,0.00,0.1578,0.1578,0.0000,98.94,SUCCESS
2025-12-23T00:01:01.583978+00:00,btc-updown-15m-1766448000,TRADE,DOWN,ACCUM,2,2,0.6502,1.3005,8,0.3551,10,0.6302,8,0.9853,0.1178,0.20,-1.1426,0.8574,0.0000,97.64,SUCCESS
2025-12-23T00:01:07.000188+00:00,btc-updown-15m-1766448000,TRADE,UP,ACCUM,2,2,0.3700,0.7400,10,0.3581,10,0.6302,10,0.9883,0.1174,0.00,0.1174,0.1174,0.0000,96.90,SUCCESS
2025-12-23T00:01:12.393710+00:00,btc-updown-15m-1766448000,TRADE,UP,ACCUM,2,2,0.3801,0.7601,12,0.3617,10,0.6302,10,0.9919,0.0807,0.17,-0.6427,1.3573,0.0000,96.14,SUCCESS
2025-12-23T00:01:12.393873+00:00,btc-updown-15m-1766448000,TRADE,DOWN,ACCUM,2,2,0.6302,1.2604,12,0.3617,12,0.6302,12,0.9919,0.0969,0.00,0.0969,0.0969,0.0000,94.88,SUCCESS
2025-12-23T00:01:17.789031+00:00,btc-updown-15m-1766448000,TRADE,UP,ACCUM,2,2,0.3800,0.7600,14,0.3643,12,0.6302,12,0.9945,0.0655,0.14,-0.6632,1.3368,0.0000,94.12,SUCCESS
2025-12-23T00:01:17.789312+00:00,btc-updown-15m-1766448000,TRADE,DOWN,ACCUM,2,2,0.6302,1.2603,14,0.3643,14,0.6302,14,0.9945,0.0765,0.00,0.0765,0.0765,0.0000,92.86,SUCCESS
2025-12-23T00:01:34.089232+00:00,btc-updown-15m-1766448000,TRADE,DOWN,ACCUM,2,2,0.6203,1.2405,14,0.3643,16,0.6290,14,0.9933,0.0939,0.12,-1.1641,0.8359,0.0000,91.62,SUCCESS
2025-12-23T00:01:39.521076+00:00,btc-updown-15m-1766448000,TRADE,UP,ACCUM,2,2,0.3602,0.7203,16,0.3638,16,0.6290,16,0.9928,0.1156,0.00,0.1156,0.1156,0.0000,90.90,SUCCESS
2025-12-23T00:15:02.476459+00:00,btc-updown-15m-1766448000,RESOLUTION,DOWN,BINANCE_FALLBACK,32,32,1.0000,15.8844,16,0.3638,16,0.6290,16,0.9928,0.1156,0.00,0.0000,0.0000,0.1156,106.90,RESOLVED
2025-12-23T00:15:10.899265+00:00,btc-updown-15m-1766448900,TRADE,UP,ACCUM,2,2,0.4999,0.9998,2,0.4999,0,0.0000,0,0.0000,0.0000,1.00,-0.9998,1.0002,0.0000,105.90,SUCCESS
2025-12-23T00:15:10.899399+00:00,btc-updown-15m-1766448900,TRADE,DOWN,ACCUM,2,2,0.5102,1.0204,2,0.4999,2,0.5102,2,1.0101,-0.0202,0.00,-0.0202,-0.0202,0.0000,104.88,SUCCESS
2025-12-23T00:15:21.729059+00:00,btc-updown-15m-1766448900,TRADE,UP,ACCUM,2,2,0.4602,0.9204,4,0.4800,2,0.5102,2,0.9902,0.0196,0.50,-0.9405,1.0595,0.0000,103.96,SUCCESS
2025-12-23T00:15:27.132885+00:00,btc-updown-15m-1766448900,TRADE,UP,ACCUM,2,2,0.4702,0.9403,6,0.4768,2,0.5102,2,0.9869,0.0261,0.67,-1.8809,2.1191,0.0000,103.02,SUCCESS
2025-12-23T00:16:31.937328+00:00,btc-updown-15m-1766448900,TRADE,DOWN,ACCUM,2,2,0.5002,1.0005,6,0.4768,4,0.5052,4,0.9820,0.0722,0.33,-0.8813,1.1187,0.0000,102.01,SUCCESS
2025-12-23T00:16:37.334659+00:00,btc-updown-15m-1766448900,TRADE,DOWN,ACCUM,2,1,0.4401,0.4401,6,0.4768,5,0.4922,5,0.9689,0.1553,0.17,-0.3215,0.6785,0.0000,101.57,SUCCESS
2025-12-23T00:16:42.725662+00:00,btc-updown-15m-1766448900,TRADE,UP,ACCUM,2,2,0.5501,1.1001,8,0.4951,5,0.4922,5,0.9873,0.0636,0.38,-1.4216,1.5784,0.0000,100.47,SUCCESS
2025-12-23T00:16:42.725840+00:00,btc-updown-15m-1766448900,TRADE,DOWN,ACCUM,2,2,0.4601,0.9201,8,0.4951,7,0.4830,7,0.9781,0.1533,0.12,-0.3417,0.6583,0.0000,99.55,SUCCESS
2025-12-23T00:16:48.133947+00:00,btc-updown-15m-1766448900,TRADE,UP,ACCUM,2,2,0.5600,1.1201,10,0.5081,7,0.4830,7,0.9911,0.0624,0.30,-1.4618,1.5382,0.0000,98.43,SUCCESS
2025-12-23T00:16:48.134316+00:00,btc-updown-15m-1766448900,TRADE,DOWN,ACCUM,2,1,0.4700,0.4700,10,0.5081,8,0.4814,8,0.9895,0.0843,0.20,-0.9318,1.0682,0.0000,97.96,SUCCESS
2025-12-23T00:16:53.523311+00:00,btc-updown-15m-1766448900,TRADE,UP,ACCUM,2,2,0.4902,0.9804,12,0.5051,8,0.4814,8,0.9865,0.1081,0.33,-1.9123,2.0877,0.0000,96.98,SUCCESS
2025-12-23T00:16:58.925843+00:00,btc-updown-15m-1766448900,TRADE,DOWN,ACCUM,2,2,0.4902,0.9804,12,0.5051,10,0.4831,10,0.9882,0.1175,0.17,-0.8927,1.1073,0.0000,96.00,SUCCESS
2025-12-23T00:17:09.711430+00:00,btc-updown-15m-1766448900,TRADE,DOWN,ACCUM,2,2,0.2801,0.5603,12,0.5051,12,0.4493,12,0.9544,0.5470,0.00,0.5470,0.5470,0.0000,95.44,SUCCESS
2025-12-23T00:17:15.116853+00:00,btc-updown-15m-1766448900,TRADE,UP,ACCUM,2,2,0.6999,1.3998,14,0.5329,12,0.4493,12,0.9822,0.2131,0.14,-0.8528,1.1472,0.0000,94.04,SUCCESS
2025-12-23T00:17:15.117014+00:00,btc-updown-15m-1766448900,TRADE,DOWN,ACCUM,2,2,0.3101,0.6202,14,0.5329,14,0.4294,14,0.9624,0.5270,0.00,0.5270,0.5270,0.0000,93.42,SUCCESS
2025-12-23T00:17:20.522736+00:00,btc-updown-15m-1766448900,TRADE,UP,ACCUM,2,2,0.6903,1.3806,16,0.5526,14,0.4294,14,0.9820,0.2516,0.12,-0.8537,1.1463,0.0000,92.04,SUCCESS
2025-12-23T00:17:20.523596+00:00,btc-updown-15m-1766448900,TRADE,DOWN,ACCUM,2,2,0.3301,0.6603,16,0.5526,16,0.4170,16,0.9696,0.4860,0.00,0.4860,0.4860,0.0000,91.38,SUCCESS
2025-12-23T00:30:01.129120+00:00,btc-updown-15m-1766448900,RESOLUTION,DOWN,BINANCE_FALLBACK,32,32,1.0000,15.5140,16,0.5526,16,0.4170,16,0.9696,0.4860,0.00,0.0000,0.0000,0.4860,107.38,RESOLVED
2025-12-23T00:30:09.018299+00:00,btc-updown-15m-1766449800,TRADE,DOWN,ACCUM,2,2,0.4999,0.9997,0,0.0000,2,0.4999,0,0.0000,0.0000,1.00,-0.9997,1.0003,0.0000,106.38,SUCCESS
2025-12-23T00:30:14.454511+00:00,btc-updown-15m-1766449800,TRADE,UP,ACCUM,2,2,0.5102,1.0204,2,0.5102,2,0.4999,2,1.0101,-0.0201,0.00,-0.0201,-0.0201,0.0000,105.36,SUCCESS
2025-12-23T00:30:14.454724+00:00,btc-updown-15m-1766449800,TRADE,DOWN,ACCUM,2,2,0.5001,1.0002,2,0.5102,4,0.5000,2,1.0102,-0.0203,0.50,-1.0203,0.9797,0.0000,104.36,SUCCESS
2025-12-23T00:30:36.312081+00:00,btc-updown-15m-1766449800,TRADE,UP,ACCUM,2,1,0.4702,0.4702,3,0.4969,4,0.5000,3,0.9968,0.0095,0.25,-0.4905,0.5095,0.0000,103.89,SUCCESS
2025-12-23T00:30:41.806614+00:00,btc-updown-15m-1766449800,TRADE,UP,ACCUM,2,2,0.4701,0.9402,5,0.4862,4,0.5000,4,0.9861,0.0555,0.20,-0.4307,0.5693,0.0000,102.95,SUCCESS
2025-12-23T00:30:47.322647+00:00,btc-updown-15m-1766449800,TRADE,UP,ACCUM,2,2,0.4699,0.9397,7,0.4815,4,0.5000,4,0.9815,0.0741,0.43,-1.3704,1.6296,0.0000,102.01,SUCCESS
2025-12-23T00:30:52.768358+00:00,btc-updown-15m-1766449800,TRADE,UP,ACCUM,2,2,0.5303,1.0605,9,0.4923,4,0.5000,4,0.9923,0.0308,0.56,-2.4309,2.5691,0.0000,100.95,SUCCESS
2025-12-23T00:30:52.768788+00:00,btc-updown-15m-1766449800,TRADE,DOWN,ACCUM,2,2,0.4800,0.9601,9,0.4923,6,0.4933,6,0.9857,0.0860,0.33,-1.3910,1.6090,0.0000,99.99,SUCCESS
2025-12-23T00:30:58.182189+00:00,btc-updown-15m-1766449800,TRADE,UP,ACCUM,2,2,0.5101,1.0202,11,0.4956,6,0.4933,6,0.9889,0.0666,0.45,-2.4112,2.5888,0.0000,98.97,SUCCESS
2025-12-23T00:31:03.829842+00:00,btc-updown-15m-1766449800,TRADE,DOWN,ACCUM,2,2,0.4100,0.8200,11,0.4956,8,0.4725,8,0.9681,0.2555,0.27,-1.2312,1.7688,0.0000,98.15,SUCCESS
2025-12-23T00:31:09.329426+00:00,btc-updown-15m-1766449800,TRADE,UP,ACCUM,2,2,0.6398,1.2796,13,0.5178,8,0.4725,8,0.9903,0.0779,0.38,-2.5108,2.4892,0.0000,96.87,SUCCESS
2025-12-23T00:31:09.329990+00:00,btc-updown-15m-1766449800,TRADE,DOWN,ACCUM,2,2,0.3701,0.7402,13,0.5178,10,0.4520,10,0.9698,0.3023,0.23,-1.2510,1.7490,0.0000,96.13,SUCCESS
2025-12-23T00:31:14.713431+00:00,btc-updown-15m-1766449800,TRADE,UP,ACCUM,2,2,0.6502,1.3004,15,0.5354,10,0.4520,10,0.9874,0.1256,0.33,-2.5515,2.4485,0.0000,94.83,SUCCESS
2025-12-23T00:31:14.714296+00:00,btc-updown-15m-1766449800,TRADE,DOWN,ACCUM,2,2,0.3700,0.7399,15,0.5354,12,0.4383,12,0.9738,0.3149,0.20,-1.2914,1.7086,0.0000,94.09,SUCCESS
2025-12-23T00:31:20.142008+00:00,btc-updown-15m-1766449800,TRADE,DOWN,ACCUM,2,2,0.3401,0.6802,15,0.5354,14,0.4243,14,0.9597,0.5638,0.07,0.0284,1.0284,0.0000,93.41,SUCCESS
2025-12-23T00:31:25.661539+00:00,btc-updown-15m-1766449800,TRADE,DOWN,ACCUM,2,2,0.3100,0.6201,15,0.5354,16,0.4100,15,0.9454,0.8184,0.06,0.4083,1.4083,0.0000,92.79,SUCCESS
2025-12-23T00:45:01.482117+00:00,btc-updown-15m-1766449800,RESOLUTION,DOWN,BINANCE_FALLBACK,31,31,1.0000,14.5917,15,0.5354,16,0.4100,15,0.9454,0.8184,0.06,0.0000,0.0000,1.4083,108.79,RESOLVED
2025-12-23T00:45:09.380820+00:00,btc-updown-15m-1766450700,TRADE,UP,ACCUM,2,2,0.4101,0.8203,2,0.4101,0,0.0000,0,0.0000,0.0000,1.00,-0.8203,1.1797,0.0000,107.97,SUCCESS
2025-12-23T00:45:09.381117+00:00,btc-updown-15m-1766450700,TRADE,DOWN,ACCUM,2,2,0.6001,1.2003,2,0.4101,2,0.6001,2,1.0103,-0.0205,0.00,-0.0205,-0.0205,0.0000,106.77,SUCCESS
2025-12-23T00:45:20.152891+00:00,btc-updown-15m-1766450700,TRADE,UP,ACCUM,2,2,0.3700,0.7401,4,0.3901,2,0.6001,2,0.9902,0.0195,0.50,-0.7606,1.2394,0.0000,106.03,SUCCESS
2025-12-23T00:45:25.554106+00:00,btc-updown-15m-1766450700,TRADE,UP,ACCUM,2,2,0.3700,0.7400,6,0.3834,2,0.6001,2,0.9835,0.0329,0.67,-1.5006,2.4994,0.0000,105.29,SUCCESS
2025-12-23T00:46:30.550191+00:00,btc-updown-15m-1766450700,TRADE,DOWN,ACCUM,2,2,0.6200,1.2401,6,0.3834,4,0.6101,4,0.9935,0.0261,0.33,-0.7407,1.2593,0.0000,104.05,SUCCESS
2025-12-23T00:46:35.926322+00:00,btc-updown-15m-1766450700,TRADE,UP,ACCUM,2,2,0.3800,0.7601,8,0.3826,4,0.6101,4,0.9926,0.0294,0.50,-1.5008,2.4992,0.0000,103.29,SUCCESS
2025-12-23T00:47:08.456536+00:00,btc-updown-15m-1766450700,TRADE,DOWN,ACCUM,2,2,0.5901,1.1802,8,0.3826,6,0.6034,6,0.9860,0.0841,0.25,-0.6810,1.3190,0.0000,102.11,SUCCESS
2025-12-23T00:47:13.849276+00:00,btc-updown-15m-1766450700,TRADE,DOWN,ACCUM,2,2,0.5601,1.1202,8,0.3826,8,0.5926,8,0.9751,0.1988,0.00,0.1988,0.1988,0.0000,100.99,SUCCESS
2025-12-23T00:47:19.254231+00:00,btc-updown-15m-1766450700,TRADE,UP,ACCUM,2,2,0.4601,0.9201,10,0.3981,8,0.5926,8,0.9907,0.0748,0.20,-0.7213,1.2787,0.0000,100.07,SUCCESS
2025-12-23T00:47:19.254427+00:00,btc-updown-15m-1766450700,TRADE,DOWN,ACCUM,2,2,0.5503,1.1005,10,0.3981,10,0.5841,10,0.9822,0.1782,0.00,0.1782,0.1782,0.0000,98.97,SUCCESS
2025-12-23T00:47:24.676460+00:00,btc-updown-15m-1766450700,TRADE,UP,ACCUM,2,2,0.4702,0.9404,12,0.4101,10,0.5841,10,0.9942,0.0579,0.17,-0.7622,1.2378,0.0000,98.03,SUCCESS
2025-12-23T00:47:24.677113+00:00,btc-updown-15m-1766450700,TRADE,DOWN,ACCUM,2,2,0.5399,1.0797,12,0.4101,12,0.5768,12,0.9868,0.1580,0.00,0.1580,0.1580,0.0000,96.95,SUCCESS
2025-12-23T00:47:30.084511+00:00,btc-updown-15m-1766450700,TRADE,UP,ACCUM,2,2,0.4500,0.9000,14,0.4158,12,0.5768,12,0.9925,0.0896,0.14,-0.7420,1.2580,0.0000,96.05,SUCCESS
2025-12-23T00:47:30.084682+00:00,btc-updown-15m-1766450700,TRADE,DOWN,ACCUM,2,2,0.5803,1.1605,14,0.4158,14,0.5773,14,0.9930,0.0975,0.00,0.0975,0.0975,0.0000,94.89,SUCCESS
2025-12-23T00:47:35.613511+00:00,btc-updown-15m-1766450700,TRADE,DOWN,ACCUM,2,2,0.5702,1.1404,14,0.4158,16,0.5764,14,0.9922,0.1099,0.12,-1.0429,0.9571,0.0000,93.75,SUCCESS
2025-12-23T01:00:05.651928+00:00,btc-updown-15m-1766450700,RESOLUTION,DOWN,BINANCE_FALLBACK,30,30,1.0000,15.0429,14,0.4158,16,0.5764,14,0.9922,0.1099,0.12,0.0000,0.0000,0.9571,109.75,RESOLVED
2025-12-23T01:01:13.685780+00:00,btc-updown-15m-1766451600,TRADE,UP,ACCUM,2,2,0.4800,0.9600,2,0.4800,0,0.0000,0,0.0000,0.0000,1.00,-0.9600,1.0400,0.0000,108.79,SUCCESS
2025-12-23T01:01:13.686327+00:00,btc-updown-15m-1766451600,TRADE,DOWN,ACCUM,2,2,0.5302,1.0605,2,0.4800,2,0.5302,2,1.0102,-0.0205,0.00,-0.0205,-0.0205,0.0000,107.73,SUCCESS
2025-12-23T01:01:19.100172+00:00,btc-updown-15m-1766451600,TRADE,UP,ACCUM,2,2,0.2801,0.5603,4,0.3801,2,0.5302,2,0.9103,0.1794,0.50,-0.5808,1.4192,0.0000,107.17,SUCCESS
2025-12-23T01:01:24.521458+00:00,btc-updown-15m-1766451600,TRADE,UP,ACCUM,2,2,0.2400,0.4800,6,0.3334,2,0.5302,2,0.8636,0.2728,0.67,-1.0608,2.9392,0.0000,106.69,SUCCESS
2025-12-23T01:01:29.907229+00:00,btc-updown-15m-1766451600,TRADE,DOWN,ACCUM,2,2,0.7302,1.4604,6,0.3334,4,0.6302,4,0.9636,0.1456,0.33,-0.5212,1.4788,0.0000,105.23,SUCCESS
2025-12-23T01:01:35.294657+00:00,btc-updown-15m-1766451600,TRADE,UP,ACCUM,2,2,0.3001,0.6002,8,0.3251,4,0.6302,4,0.9553,0.1789,0.50,-1.1213,2.8787,0.0000,104.63,SUCCESS
2025-12-23T01:01:35.295924+00:00,btc-updown-15m-1766451600,TRADE,DOWN,ACCUM,2,2,0.7103,1.4207,8,0.3251,6,0.6569,6,0.9820,0.1081,0.25,-0.5420,1.4580,0.0000,103.21,SUCCESS
2025-12-23T01:01:40.935028+00:00,btc-updown-15m-1766451600,TRADE,UP,ACCUM,2,1,0.3802,0.3802,9,0.3312,6,0.6569,6,0.9881,0.0714,0.33,-0.9222,2.0778,0.0000,102.83,SUCCESS
2025-12-23T01:01:40.935875+00:00,btc-updown-15m-1766451600,TRADE,DOWN,ACCUM,2,2,0.6302,1.2603,9,0.3312,8,0.6502,8,0.9814,0.1487,0.11,-0.1825,0.8175,0.0000,101.57,SUCCESS
2025-12-23T01:01:46.337979+00:00,btc-updown-15m-1766451600,TRADE,UP,ACCUM,2,2,0.3500,0.7001,11,0.3346,8,0.6502,8,0.9848,0.1213,0.27,-0.8826,2.1174,0.0000,100.86,SUCCESS
2025-12-23T01:01:46.338158+00:00,btc-updown-15m-1766451600,TRADE,DOWN,ACCUM,2,2,0.6602,1.3203,11,0.3346,10,0.6522,10,0.9868,0.1317,0.09,-0.2029,0.7971,0.0000,99.54,SUCCESS
2025-12-23T01:01:51.727897+00:00,btc-updown-15m-1766451600,TRADE,UP,ACCUM,2,2,0.3401,0.6802,13,0.3355,10,0.6522,10,0.9877,0.1233,0.23,-0.8831,2.1169,0.0000,98.86,SUCCESS
2025-12-23T01:01:51.728244+00:00,btc-updown-15m-1766451600,TRADE,DOWN,ACCUM,2,2,0.6701,1.3402,13,0.3355,12,0.6552,12,0.9907,0.1122,0.08,-0.2233,0.7767,0.0000,97.52,SUCCESS
2025-12-23T01:01:57.106722+00:00,btc-updown-15m-1766451600,TRADE,UP,ACCUM,2,2,0.3400,0.6800,15,0.3361,12,0.6552,12,0.9913,0.1049,0.20,-0.9033,2.0967,0.0000,96.84,SUCCESS
2025-12-23T01:01:57.106875+00:00,btc-updown-15m-1766451600,TRADE,DOWN,ACCUM,2,2,0.6703,1.3406,15,0.3361,14,0.6574,14,0.9934,0.0922,0.07,-0.2438,0.7562,0.0000,95.50,SUCCESS
2025-12-23T01:02:02.499108+00:00,btc-updown-15m-1766451600,TRADE,DOWN,ACCUM,2,1,0.6003,0.6003,15,0.3361,15,0.6535,15,0.9896,0.1559,0.00,0.1559,0.1559,0.0000,94.90,SUCCESS
2025-12-23T01:15:00.705145+00:00,btc-updown-15m-1766451600,RESOLUTION,DOWN,BINANCE_FALLBACK,30,30,1.0000,14.8441,15,0.3361,15,0.6535,15,0.9896,0.1559,0.00,0.0000,0.0000,0.1559,109.90,RESOLVED
2025-12-23T01:15:09.944128+00:00,btc-updown-15m-1766452500,TRADE,UP,ACCUM,2,2,0.5403,1.0805,2,0.5403,0,0.0000,0,0.0000,0.0000,1.00,-1.0805,0.9195,0.0000,108.82,SUCCESS
2025-12-23T01:15:15.376710+00:00,btc-updown-15m-1766452500,TRADE,UP,ACCUM,2,2,0.5400,1.0800,4,0.5401,0,0.0000,0,0.0000,0.0000,1.00,-2.1606,1.8394,0.0000,107.74,SUCCESS
2025-12-23T01:15:15.377080+00:00,btc-updown-15m-1766452500,TRADE,DOWN,ACCUM,2,2,0.4702,0.9404,4,0.5401,2,0.4702,2,1.0103,-0.0207,0.50,-1.1009,0.8991,0.0000,106.80,SUCCESS
2025-12-23T01:15:20.783314+00:00,btc-updown-15m-1766452500,TRADE,DOWN,ACCUM,2,2,0.4002,0.8003,4,0.5401,4,0.4352,4,0.9753,0.0988,0.00,0.0988,0.0988,0.0000,106.00,SUCCESS
2025-12-23T01:15:26.202758+00:00,btc-updown-15m-1766452500,TRADE,DOWN,ACCUM,2,2,0.3802,0.7603,4,0.5401,6,0.4168,4,0.9570,0.1721,0.33,-0.6615,1.3385,0.0000,105.24,SUCCESS
2025-12-23T01:15:31.611364+00:00,btc-updown-15m-1766452500,TRADE,UP,ACCUM,2,2,0.6402,1.2804,6,0.5735,6,0.4168,6,0.9903,0.0580,0.00,0.0580,0.0580,0.0000,103.96,SUCCESS
2025-12-23T01:15:31.611961+00:00,btc-updown-15m-1766452500,TRADE,DOWN,ACCUM,2,2,0.3700,0.7400,6,0.5735,8,0.4051,6,0.9786,0.1283,0.25,-0.6820,1.3180,0.0000,103.22,SUCCESS
2025-12-23T01:15:37.008487+00:00,btc-updown-15m-1766452500,TRADE,DOWN,ACCUM,2,2,0.3400,0.6800,6,0.5735,10,0.3921,6,0.9656,0.2064,0.40,-1.3620,2.6380,0.0000,102.54,SUCCESS
2025-12-23T01:15:42.415902+00:00,btc-updown-15m-1766452500,TRADE,UP,ACCUM,2,2,0.6502,1.3005,8,0.5927,10,0.3921,8,0.9848,0.1217,0.20,-0.6625,1.3375,0.0000,101.24,SUCCESS
2025-12-23T01:15:47.812321+00:00,btc-updown-15m-1766452500,TRADE,DOWN,ACCUM,2,2,0.3501,0.7002,8,0.5927,12,0.3851,8,0.9778,0.1777,0.33,-1.3627,2.6373,0.0000,100.54,SUCCESS
2025-12-23T01:15:58.611177+00:00,btc-updown-15m-1766452500,TRADE,UP,ACCUM,2,2,0.6401,1.2802,10,0.6022,12,0.3851,10,0.9873,0.1273,0.17,-0.6429,1.3571,0.0000,99.26,SUCCESS
2025-12-23T01:16:04.006158+00:00,btc-updown-15m-1766452500,TRADE,UP,ACCUM,2,1,0.6301,0.6301,11,0.6047,12,0.3851,11,0.9898,0.1121,0.08,-0.2730,0.7270,0.0000,98.63,SUCCESS
2025-12-23T01:16:09.417315+00:00,btc-updown-15m-1766452500,TRADE,DOWN,ACCUM,2,2,0.3500,0.7001,11,0.6047,14,0.3801,11,0.9848,0.1672,0.21,-0.9730,2.0270,0.0000,97.93,SUCCESS
2025-12-23T01:16:14.829136+00:00,btc-updown-15m-1766452500,TRADE,UP,ACCUM,2,2,0.6700,1.3400,13,0.6148,14,0.3801,13,0.9948,0.0670,0.07,-0.3131,0.6869,0.0000,96.59,SUCCESS
2025-12-23T01:16:14.829496+00:00,btc-updown-15m-1766452500,TRADE,DOWN,ACCUM,2,2,0.3301,0.6601,13,0.6148,16,0.3738,13,0.9886,0.1483,0.19,-0.9732,2.0268,0.0000,95.93,SUCCESS
2025-12-23T01:16:47.351444+00:00,btc-updown-15m-1766452500,TRADE,UP,ACCUM,2,2,0.6202,1.2405,15,0.6155,16,0.3738,15,0.9893,0.1601,0.06,-0.2137,0.7863,0.0000,94.69,SUCCESS
2025-12-23T01:30:04.089845+00:00,btc-updown-15m-1766452500,RESOLUTION,DOWN,BINANCE_FALLBACK,31,31,1.0000,15.2137,15,0.6155,16,0.3738,15,0.9893,0.1601,0.06,0.0000,0.0000,0.7863,110.69,RESOLVED
2025-12-23T01:30:12.187472+00:00,btc-updown-15m-1766453400,TRADE,UP,ACCUM,2,2,0.4600,0.9201,2,0.4600,0,0.0000,0,0.0000,0.0000,1.00,-0.9201,1.0799,0.0000,109.77,SUCCESS
2025-12-23T01:30:12.187936+00:00,btc-updown-15m-1766453400,TRADE,DOWN,ACCUM,2,2,0.5501,1.1002,2,0.4600,2,0.5501,2,1.0102,-0.0203,0.00,-0.0203,-0.0203,0.0000,108.67,SUCCESS
2025-12-23T01:30:17.574168+00:00,btc-updown-15m-1766453400,TRADE,DOWN,ACCUM,2,2,0.5102,1.0205,2,0.4600,4,0.5302,2,0.9902,0.0196,0.50,-1.0408,0.9592,0.0000,107.65,SUCCESS
2025-12-23T01:30:22.976275+00:00,btc-updown-15m-1766453400,TRADE,DOWN,ACCUM,2,2,0.4501,0.9001,2,0.4600,6,0.5035,2,0.9635,0.0730,0.67,-1.9409,2.0591,0.0000,106.75,SUCCESS
2025-12-23T01:34:26.834595+00:00,btc-updown-15m-1766453400,TRADE,UP,ACCUM,2,2,0.5201,1.0403,4,0.4901,6,0.5035,4,0.9936,0.0257,0.33,-0.9812,1.0188,0.0000,105.71,SUCCESS
2025-12-23T01:34:32.241904+00:00,btc-updown-15m-1766453400,TRADE,UP,ACCUM,2,2,0.4700,0.9400,6,0.4834,6,0.5035,6,0.9869,0.0788,0.00,0.0788,0.0788,0.0000,104.77,SUCCESS
2025-12-23T01:34:37.642342+00:00,btc-updown-15m-1766453400,TRADE,UP,ACCUM,2,2,0.4601,0.9202,8,0.4776,6,0.5035,6,0.9810,0.1137,0.25,-0.8414,1.1586,0.0000,103.85,SUCCESS
2025-12-23T01:34:43.041887+00:00,btc-updown-15m-1766453400,TRADE,UP,ACCUM,2,1,0.3700,0.3700,9,0.4656,6,0.5035,6,0.9691,0.1854,0.33,-1.2114,1.7886,0.0000,103.48,SUCCESS
2025-12-23T01:34:48.424499+00:00,btc-updown-15m-1766453400,TRADE,UP,ACCUM,2,2,0.3601,0.7203,11,0.4464,6,0.5035,6,0.9499,0.3005,0.45,-1.9317,3.0683,0.0000,102.76,SUCCESS
2025-12-23T01:35:59.006759+00:00,btc-updown-15m-1766453400,TRADE,DOWN,ACCUM,2,2,0.6603,1.3206,11,0.4464,8,0.5427,8,0.9891,0.0870,0.27,-1.2523,1.7477,0.0000,101.44,SUCCESS
2025-12-23T01:36:04.511522+00:00,btc-updown-15m-1766453400,TRADE,UP,ACCUM,2,2,0.4800,0.9601,13,0.4516,8,0.5427,8,0.9943,0.0457,0.38,-2.2124,2.7876,0.0000,100.48,SUCCESS
2025-12-23T01:36:04.511689+00:00,btc-updown-15m-1766453400,TRADE,DOWN,ACCUM,2,2,0.5702,1.1405,13,0.4516,10,0.5482,10,0.9998,0.0020,0.23,-1.3529,1.6471,0.0000,99.34,SUCCESS
2025-12-23T01:36:20.801265+00:00,btc-updown-15m-1766453400,TRADE,DOWN,ACCUM,2,2,0.4800,0.9600,13,0.4516,12,0.5368,12,0.9884,0.1387,0.08,-0.3129,0.6871,0.0000,98.38,SUCCESS
2025-12-23T01:36:26.202019+00:00,btc-updown-15m-1766453400,TRADE,DOWN,ACCUM,2,2,0.4800,0.9601,13,0.4516,14,0.5287,13,0.9803,0.2558,0.07,-0.2730,0.7270,0.0000,97.42,SUCCESS
2025-12-23T01:36:31.614827+00:00,btc-updown-15m-1766453400,TRADE,UP,ACCUM,2,2,0.4802,0.9605,15,0.4554,14,0.5287,14,0.9841,0.2220,0.07,-0.2334,0.7666,0.0000,96.46,SUCCESS
2025-12-23T01:36:31.615201+00:00,btc-updown-15m-1766453400,TRADE,DOWN,ACCUM,2,2,0.5302,1.0605,15,0.4554,16,0.5289,15,0.9843,0.2350,0.06,-0.2939,0.7061,0.0000,95.40,SUCCESS
2025-12-23T01:45:00.408500+00:00,btc-updown-15m-1766453400,RESOLUTION,DOWN,BINANCE_FALLBACK,31,31,1.0000,15.2939,15,0.4554,16,0.5289,15,0.9843,0.2350,0.06,0.0000,0.0000,0.7061,111.40,RESOLVED
2025-12-23T01:45:08.292734+00:00,btc-updown-15m-1766454300,TRADE,UP,ACCUM,2,2,0.5600,1.1200,2,0.5600,0,0.0000,0,0.0000,0.0000,1.00,-1.1200,0.8800,0.0000,110.28,SUCCESS
2025-12-23T01:45:08.292864+00:00,btc-updown-15m-1766454300,TRADE,DOWN,ACCUM,2,2,0.4502,0.9004,2,0.5600,2,0.4502,2,1.0102,-0.0205,0.00,-0.0205,-0.0205,0.0000,109.38,SUCCESS
2025-12-23T01:45:56.917006+00:00,btc-updown-15m-1766454300,TRADE,DOWN,ACCUM,2,2,0.4102,0.8204,2,0.5600,4,0.4302,2,0.9902,0.0195,0.50,-0.8409,1.1591,0.0000,108.55,SUCCESS
2025-12-23T01:46:02.342635+00:00,btc-updown-15m-1766454300,TRADE,DOWN,ACCUM,2,2,0.3601,0.7201,2,0.5600,6,0.4068,2,0.9668,0.0663,0.67,-1.5610,2.4390,0.0000,107.83,SUCCESS
2025-12-23T01:46:29.646738+00:00,btc-updown-15m-1766454300,TRADE,UP,ACCUM,2,2,0.5900,1.1799,4,0.5750,6,0.4068,4,0.9818,0.0727,0.33,-0.7409,1.2591,0.0000,106.65,SUCCESS
2025-12-23T01:46:35.057836+00:00,btc-updown-15m-1766454300,TRADE,UP,ACCUM,2,2,0.6102,1.2204,6,0.5867,6,0.4068,6,0.9936,0.0387,0.00,0.0387,0.0387,0.0000,105.43,SUCCESS
2025-12-23T01:46:35.058121+00:00,btc-updown-15m-1766454300,TRADE,DOWN,ACCUM,2,2,0.4002,0.8004,6,0.5867,8,0.4052,6,0.9919,0.0486,0.25,-0.7617,1.2383,0.0000,104.63,SUCCESS
2025-12-23T01:46:40.462008+00:00,btc-updown-15m-1766454300,TRADE,DOWN,ACCUM,2,1,0.4100,0.4100,6,0.5867,9,0.4057,6,0.9924,0.0454,0.33,-1.1717,1.8283,0.0000,104.22,SUCCESS
2025-12-23T01:46:45.855068+00:00,btc-updown-15m-1766454300,TRADE,UP,ACCUM,2,1,0.5702,0.5702,7,0.5844,9,0.4057,7,0.9901,0.0695,0.22,-0.7419,1.2581,0.0000,103.65,SUCCESS
2025-12-23T01:46:51.357628+00:00,btc-updown-15m-1766454300,TRADE,UP,ACCUM,2,1,0.5502,0.5502,8,0.5801,9,0.4057,8,0.9858,0.1136,0.11,-0.2921,0.7079,0.0000,103.10,SUCCESS
2025-12-23T01:46:56.790609+00:00,btc-updown-15m-1766454300,TRADE,UP,ACCUM,2,2,0.5201,1.0403,10,0.5681,9,0.4057,9,0.9738,0.2357,0.10,-0.3324,0.6676,0.0000,102.06,SUCCESS
2025-12-23T01:47:02.211711+00:00,btc-updown-15m-1766454300,TRADE,UP,ACCUM,2,2,0.5302,1.0604,12,0.5618,9,0.4057,9,0.9675,0.2925,0.25,-1.3928,1.6072,0.0000,101.00,SUCCESS
2025-12-23T01:47:02.212568+00:00,btc-updown-15m-1766454300,TRADE,DOWN,ACCUM,2,2,0.4801,0.9603,12,0.5618,11,0.4192,11,0.9810,0.2087,0.08,-0.3531,0.6469,0.0000,100.04,SUCCESS
2025-12-23T01:47:13.132743+00:00,btc-updown-15m-1766454300,TRADE,UP,ACCUM,2,2,0.5901,1.1802,14,0.5658,11,0.4192,11,0.9851,0.1641,0.21,-1.5334,1.4666,0.0000,98.86,SUCCESS
2025-12-23T01:47:13.132945+00:00,btc-updown-15m-1766454300,TRADE,DOWN,ACCUM,2,2,0.4201,0.8402,14,0.5658,13,0.4194,13,0.9852,0.1923,0.07,-0.3735,0.6265,0.0000,98.02,SUCCESS
2025-12-23T01:47:18.534979+00:00,btc-updown-15m-1766454300,TRADE,UP,ACCUM,2,2,0.6202,1.2405,16,0.5726,13,0.4194,13,0.9920,0.1039,0.19,-1.6140,1.3860,0.0000,96.78,SUCCESS
2025-12-23T01:47:18.535213+00:00,btc-updown-15m-1766454300,TRADE,DOWN,ACCUM,2,2,0.3901,0.7803,16,0.5726,15,0.4155,15,0.9881,0.1783,0.06,-0.3943,0.6057,0.0000,96.00,SUCCESS
2025-12-23T02:00:04.116345+00:00,btc-updown-15m-1766454300,RESOLUTION,DOWN,BINANCE_FALLBACK,31,31,1.0000,15.3943,16,0.5726,15,0.4155,15,0.9881,0.1783,0.06,0.0000,0.0000,-0.3943,111.00,RESOLVED
2025-12-23T02:00:12.205588+00:00,btc-updown-15m-1766455200,TRADE,UP,ACCUM,2,2,0.5000,1.0001,2,0.5000,0,0.0000,0,0.0000,0.0000,1.00,-1.0001,0.9999,0.0000,110.00,SUCCESS
2025-12-23T02:00:12.206014+00:00,btc-updown-15m-1766455200,TRADE,DOWN,ACCUM,2,2,0.5102,1.0203,2,0.5000,2,0.5102,2,1.0102,-0.0204,0.00,-0.0204,-0.0204,0.0000,108.98,SUCCESS
2025-12-23T02:00:23.011539+00:00,btc-updown-15m-1766455200,TRADE,UP,ACCUM,2,2,0.4000,0.8001,4,0.4500,2,0.5102,2,0.9602,0.0796,0.50,-0.8204,1.1796,0.0000,108.18,SUCCESS
2025-12-23T02:00:28.392586+00:00,btc-updown-15m-1766455200,TRADE,UP,ACCUM,2,2,0.4102,0.8204,6,0.4367,2,0.5102,2,0.9469,0.1062,0.67,-1.6408,2.3592,0.0000,107.36,SUCCESS
2025-12-23T02:00:33.808542+00:00,btc-updown-15m-1766455200,TRADE,DOWN,ACCUM,2,2,0.6001,1.2003,6,0.4367,4,0.5551,4,0.9919,0.0324,0.33,-0.8411,1.1589,0.0000,106.16,SUCCESS
2025-12-23T02:00:39.193136+00:00,btc-updown-15m-1766455200,TRADE,UP,ACCUM,2,2,0.4201,0.8401,8,0.4326,4,0.5551,4,0.9877,0.0491,0.50,-1.6812,2.3188,0.0000,105.32,SUCCESS
2025-12-23T02:06:05.097373+00:00,btc-updown-15m-1766455200,TRADE,DOWN,ACCUM,2,2,0.5001,1.0002,8,0.4326,6,0.5368,6,0.9694,0.1837,0.25,-0.6814,1.3186,0.0000,104.32,SUCCESS
2025-12-23T02:06:10.524593+00:00,btc-updown-15m-1766455200,TRADE,UP,ACCUM,2,2,0.5301,1.0603,10,0.4521,6,0.5368,6,0.9889,0.0667,0.40,-1.7417,2.2583,0.0000,103.26,SUCCESS
2025-12-23T02:06:10.524956+00:00,btc-updown-15m-1766455200,TRADE,DOWN,ACCUM,2,2,0.4801,0.9601,10,0.4521,8,0.5226,8,0.9747,0.2023,0.20,-0.7018,1.2982,0.0000,102.30,SUCCESS
2025-12-23T02:06:16.020826+00:00,btc-updown-15m-1766455200,TRADE,DOWN,ACCUM,2,2,0.3501,0.7001,10,0.4521,10,0.4881,10,0.9402,0.5980,0.00,0.5980,0.5980,0.0000,101.60,SUCCESS
2025-12-23T02:06:21.528029+00:00,btc-updown-15m-1766455200,TRADE,UP,ACCUM,2,2,0.6702,1.3404,12,0.4884,10,0.4881,10,0.9765,0.2345,0.17,-0.7423,1.2577,0.0000,100.26,SUCCESS
2025-12-23T02:06:21.528269+00:00,btc-updown-15m-1766455200,TRADE,DOWN,ACCUM,2,2,0.3500,0.7000,12,0.4884,12,0.4651,12,0.9535,0.5576,0.00,0.5576,0.5576,0.0000,99.56,SUCCESS
2025-12-23T02:06:26.930548+00:00,btc-updown-15m-1766455200,TRADE,UP,ACCUM,2,2,0.6903,1.3806,14,0.5173,12,0.4651,12,0.9824,0.2116,0.14,-0.8229,1.1771,0.0000,98.18,SUCCESS
2025-12-23T02:06:26.930924+00:00,btc-updown-15m-1766455200,TRADE,DOWN,ACCUM,2,2,0.3401,0.6802,14,0.5173,14,0.4472,14,0.9645,0.4969,0.00,0.4969,0.4969,0.0000,97.50,SUCCESS
2025-12-23T02:06:32.306701+00:00,btc-updown-15m-1766455200,TRADE,UP,ACCUM,2,1,0.6700,0.6700,15,0.5275,14,0.4472,14,0.9747,0.3543,0.07,-0.1731,0.8269,0.0000,96.83,SUCCESS
2025-12-23T02:06:32.306868+00:00,btc-updown-15m-1766455200,TRADE,DOWN,ACCUM,2,1,0.3401,0.3401,15,0.5275,15,0.4401,15,0.9675,0.4868,0.00,0.4868,0.4868,0.0000,96.49,SUCCESS
2025-12-23T02:15:01.383903+00:00,btc-updown-15m-1766455200,RESOLUTION,DOWN,BINANCE_FALLBACK,30,30,1.0000,14.5132,15,0.5275,15,0.4401,15,0.9675,0.4868,0.00,0.0000,0.0000,0.4868,111.49,RESOLVED
2025-12-23T02:15:10.000857+00:00,btc-updown-15m-1766456100,TRADE,UP,ACCUM,2,2,0.4800,0.9600,2,0.4800,0,0.0000,0,0.0000,0.0000,1.00,-0.9600,1.0400,0.0000,110.53,SUCCESS
2025-12-23T02:15:10.001257+00:00,btc-updown-15m-1766456100,TRADE,DOWN,ACCUM,2,2,0.5301,1.0603,2,0.4800,2,0.5301,2,1.0102,-0.0203,0.00,-0.0203,-0.0203,0.0000,109.47,SUCCESS
2025-12-23T02:15:15.386237+00:00,btc-updown-15m-1766456100,TRADE,DOWN,ACCUM,2,2,0.4800,0.9600,2,0.4800,4,0.5051,2,0.9851,0.0298,0.50,-0.9803,1.0197,0.0000,108.51,SUCCESS
2025-12-23T02:15:20.815357+00:00,btc-updown-15m-1766456100,TRADE,DOWN,ACCUM,2,2,0.4600,0.9201,2,0.4800,6,0.4901,2,0.9701,0.0599,0.67,-1.9004,2.0996,0.0000,107.59,SUCCESS
2025-12-23T02:23:57.651923+00:00,btc-updown-15m-1766456100,TRADE,DOWN,ACCUM,1,1,0.0600,0.0600,2,0.4800,7,0.4286,2,0.9086,0.1827,0.71,-1.9604,3.0396,0.0000,107.53,SUCCESS
2025-12-23T02:30:02.526322+00:00,btc-updown-15m-1766456100,RESOLUTION,DOWN,BINANCE_FALLBACK,9,9,1.0000,3.9604,2,0.4800,7,0.4286,2,0.9086,0.1827,0.71,0.0000,0.0000,3.0396,114.53,RESOLVED
2025-12-23T02:30:10.573299+00:00,btc-updown-15m-1766457000,TRADE,UP,ACCUM,2,2,0.5002,1.0003,2,0.5002,0,0.0000,0,0.0000,0.0000,1.00,-1.0003,0.9997,0.0000,113.53,SUCCESS
2025-12-23T02:30:15.979679+00:00,btc-updown-15m-1766457000,TRADE,DOWN,ACCUM,2,2,0.4802,0.9603,2,0.5002,2,0.4802,2,0.9803,0.0394,0.00,0.0394,0.0394,0.0000,112.57,SUCCESS
2025-12-23T02:30:21.381541+00:00,btc-updown-15m-1766457000,TRADE,DOWN,ACCUM,2,2,0.4500,0.9000,2,0.5002,4,0.4651,2,0.9652,0.0695,0.50,-0.8606,1.1394,0.0000,111.67,SUCCESS
2025-12-23T02:30:26.768169+00:00,btc-updown-15m-1766457000,TRADE,DOWN,ACCUM,2,2,0.4500,0.9000,2,0.5002,6,0.4601,2,0.9602,0.0796,0.67,-1.7606,2.2394,0.0000,110.77,SUCCESS
2025-12-23T02:30:37.844134+00:00,btc-updown-15m-1766457000,TRADE,UP,ACCUM,2,2,0.5201,1.0402,4,0.5101,6,0.4601,4,0.9702,0.1192,0.33,-0.8009,1.1991,0.0000,109.73,SUCCESS
2025-12-23T02:30:43.224436+00:00,btc-updown-15m-1766457000,TRADE,UP,ACCUM,2,2,0.5302,1.0605,6,0.5168,6,0.4601,6,0.9769,0.1386,0.00,0.1386,0.1386,0.0000,108.67,SUCCESS
2025-12-23T02:30:43.224896+00:00,btc-updown-15m-1766457000,TRADE,DOWN,ACCUM,2,2,0.4802,0.9603,6,0.5168,8,0.4651,6,0.9819,0.1085,0.25,-0.8217,1.1783,0.0000,107.71,SUCCESS
2025-12-23T02:30:48.635419+00:00,btc-updown-15m-1766457000,TRADE,DOWN,ACCUM,2,1,0.4502,0.4502,6,0.5168,9,0.4634,6,0.9803,0.1184,0.33,-1.2719,1.7281,0.0000,107.26,SUCCESS
2025-12-23T02:30:54.085331+00:00,btc-updown-15m-1766457000,TRADE,DOWN,ACCUM,2,2,0.4301,0.8602,6,0.5168,11,0.4574,6,0.9742,0.1547,0.45,-2.1321,2.8679,0.0000,106.40,SUCCESS
2025-12-23T02:30:59.507150+00:00,btc-updown-15m-1766457000,TRADE,UP,ACCUM,2,2,0.5903,1.1806,8,0.5352,11,0.4574,8,0.9926,0.0594,0.27,-1.3127,1.6873,0.0000,105.22,SUCCESS
2025-12-23T02:31:04.919546+00:00,btc-updown-15m-1766457000,TRADE,DOWN,ACCUM,2,2,0.4200,0.8400,8,0.5352,13,0.4516,8,0.9868,0.1054,0.38,-2.1527,2.8473,0.0000,104.38,SUCCESS
2025-12-23T02:31:32.100212+00:00,btc-updown-15m-1766457000,TRADE,UP,ACCUM,2,2,0.5700,1.1401,10,0.5422,13,0.4516,10,0.9938,0.0621,0.23,-1.2927,1.7073,0.0000,103.24,SUCCESS
2025-12-23T02:31:37.510130+00:00,btc-updown-15m-1766457000,TRADE,DOWN,ACCUM,2,2,0.4201,0.8402,10,0.5422,15,0.4474,10,0.9896,0.1042,0.33,-2.1329,2.8671,0.0000,102.40,SUCCESS
2025-12-23T02:31:53.921918+00:00,btc-updown-15m-1766457000,TRADE,UP,ACCUM,2,2,0.5202,1.0403,12,0.5385,15,0.4474,12,0.9859,0.1691,0.20,-1.1732,1.8268,0.0000,101.35,SUCCESS
2025-12-23T02:31:59.450660+00:00,btc-updown-15m-1766457000,TRADE,UP,ACCUM,2,2,0.4301,0.8602,14,0.5230,15,0.4474,14,0.9704,0.4140,0.07,-0.0334,0.9666,0.0000,100.49,SUCCESS
2025-12-23T02:32:04.902062+00:00,btc-updown-15m-1766457000,TRADE,UP,ACCUM,2,2,0.5101,1.0201,16,0.5214,15,0.4474,15,0.9688,0.4679,0.06,-0.0535,0.9465,0.0000,99.47,SUCCESS
2025-12-23T02:45:01.394271+00:00,btc-updown-15m-1766457000,RESOLUTION,DOWN,BINANCE_FALLBACK,31,31,1.0000,15.0535,16,0.5214,15,0.4474,15,0.9688,0.4679,0.06,0.0000,0.0000,-0.0535,114.47,RESOLVED
2025-12-23T02:45:10.191939+00:00,btc-updown-15m-1766457900,TRADE,UP,ACCUM,2,2,0.5100,1.0201,2,0.5100,0,0.0000,0,0.0000,0.0000,1.00,-1.0201,0.9799,0.0000,113.45,SUCCESS
2025-12-23T02:45:10.192419+00:00,btc-updown-15m-1766457900,TRADE,DOWN,ACCUM,2,2,0.5002,1.0004,2,0.5100,2,0.5002,2,1.0102,-0.0204,0.00,-0.0204,-0.0204,0.0000,112.45,SUCCESS
2025-12-23T02:45:15.715003+00:00,btc-updown-15m-1766457900,TRADE,UP,ACCUM,2,2,0.4701,0.9402,4,0.4901,2,0.5002,2,0.9902,0.0195,0.50,-0.9606,1.0394,0.0000,111.51,SUCCESS
2025-12-23T02:45:26.691848+00:00,btc-updown-15m-1766457900,TRADE,DOWN,ACCUM,2,2,0.4601,0.9203,4,0.4901,4,0.4802,4,0.9702,0.1191,0.00,0.1191,0.1191,0.0000,110.59,SUCCESS
2025-12-23T02:45:32.188296+00:00,btc-updown-15m-1766457900,TRADE,UP,ACCUM,2,2,0.4902,0.9805,6,0.4901,4,0.4802,4,0.9703,0.1189,0.33,-0.8614,1.1386,0.0000,109.61,SUCCESS
2025-12-23T02:45:32.188565+00:00,btc-updown-15m-1766457900,TRADE,DOWN,ACCUM,2,2,0.5100,1.0201,6,0.4901,6,0.4901,6,0.9802,0.1186,0.00,0.1186,0.1186,0.0000,108.59,SUCCESS
2025-12-23T02:45:37.591363+00:00,btc-updown-15m-1766457900,TRADE,UP,ACCUM,2,2,0.5102,1.0205,8,0.4952,6,0.4901,6,0.9853,0.0884,0.25,-0.9019,1.0981,0.0000,107.57,SUCCESS
2025-12-23T02:45:43.085359+00:00,btc-updown-15m-1766457900,TRADE,UP,ACCUM,2,2,0.4901,0.9803,10,0.4941,6,0.4901,6,0.9843,0.0944,0.40,-1.8822,2.1178,0.0000,106.59,SUCCESS
2025-12-23T02:45:43.085894+00:00,btc-updown-15m-1766457900,TRADE,DOWN,ACCUM,2,2,0.5202,1.0405,10,0.4941,8,0.4976,8,0.9918,0.0656,0.20,-0.9227,1.0773,0.0000,105.55,SUCCESS
2025-12-23T02:45:48.740118+00:00,btc-updown-15m-1766457900,TRADE,UP,ACCUM,2,2,0.3501,0.7002,12,0.4701,8,0.4976,8,0.9678,0.2577,0.33,-1.6229,2.3771,0.0000,104.85,SUCCESS
2025-12-23T02:46:32.208842+00:00,btc-updown-15m-1766457900,TRADE,DOWN,ACCUM,2,2,0.6101,1.2202,12,0.4701,10,0.5201,10,0.9903,0.0972,0.17,-0.8430,1.1570,0.0000,103.63,SUCCESS
2025-12-23T02:46:37.610527+00:00,btc-updown-15m-1766457900,TRADE,UP,ACCUM,2,2,0.4000,0.8001,14,0.4601,10,0.5201,10,0.9803,0.1974,0.29,-1.6431,2.3569,0.0000,102.83,SUCCESS
2025-12-23T02:46:43.003584+00:00,btc-updown-15m-1766457900,TRADE,DOWN,ACCUM,2,2,0.5700,1.1401,14,0.4601,12,0.5285,12,0.9886,0.1371,0.14,-0.7832,1.2168,0.0000,101.69,SUCCESS
2025-12-23T02:46:48.505821+00:00,btc-updown-15m-1766457900,TRADE,DOWN,ACCUM,2,2,0.5002,1.0003,14,0.4601,14,0.5244,14,0.9845,0.2165,0.00,0.2165,0.2165,0.0000,100.69,SUCCESS
2025-12-23T02:46:53.915582+00:00,btc-updown-15m-1766457900,TRADE,DOWN,ACCUM,2,2,0.5200,1.0400,14,0.4601,16,0.5239,14,0.9840,0.2242,0.12,-0.8235,1.1765,0.0000,99.65,SUCCESS
2025-12-23T02:47:15.640266+00:00,btc-updown-15m-1766457900,TRADE,UP,ACCUM,2,1,0.4802,0.4802,15,0.4615,16,0.5239,15,0.9853,0.2201,0.06,-0.3037,0.6963,0.0000,99.17,SUCCESS
2025-12-23T03:00:01.981425+00:00,btc-updown-15m-1766457900,RESOLUTION,DOWN,BINANCE_FALLBACK,31,31,1.0000,15.3037,15,0.4615,16,0.5239,15,0.9853,0.2201,0.06,0.0000,0.0000,0.6963,115.17,RESOLVED
2025-12-23T03:00:10.545134+00:00,btc-updown-15m-1766458800,TRADE,UP,ACCUM,2,2,0.5200,1.0401,2,0.5200,0,0.0000,0,0.0000,0.0000,1.00,-1.0401,0.9599,0.0000,114.13,SUCCESS
2025-12-23T03:00:10.545335+00:00,btc-updown-15m-1766458800,TRADE,DOWN,ACCUM,2,2,0.4901,0.9802,2,0.5200,2,0.4901,2,1.0101,-0.0203,0.00,-0.0203,-0.0203,0.0000,113.15,SUCCESS
2025-12-23T03:00:37.656168+00:00,btc-updown-15m-1766458800,TRADE,UP,ACCUM,2,2,0.4601,0.9202,4,0.4901,2,0.4901,2,0.9802,0.0396,0.50,-0.9405,1.0595,0.0000,112.23,SUCCESS
2025-12-23T03:00:43.105155+00:00,btc-updown-15m-1766458800,TRADE,UP,ACCUM,2,2,0.4401,0.8801,6,0.4734,2,0.4901,2,0.9635,0.0730,0.67,-1.8207,2.1793,0.0000,111.35,SUCCESS
2025-12-23T03:00:59.375708+00:00,btc-updown-15m-1766458800,TRADE,DOWN,ACCUM,2,2,0.5202,1.0404,6,0.4734,4,0.5051,4,0.9786,0.0858,0.33,-0.8611,1.1389,0.0000,110.31,SUCCESS
2025-12-23T03:01:04.776409+00:00,btc-updown-15m-1766458800,TRADE,UP,ACCUM,2,2,0.5002,1.0005,8,0.4801,4,0.5051,4,0.9853,0.0589,0.50,-1.8615,2.1385,0.0000,109.31,SUCCESS
2025-12-23T03:08:57.327809+00:00,btc-updown-15m-1766458800,TRADE,UP,ACCUM,1,1,0.0400,0.0400,9,0.4312,4,0.5051,4,0.9364,0.2545,0.56,-1.9016,3.0984,0.0000,109.27,SUCCESS
2025-12-23T03:15:02.240362+00:00,btc-updown-15m-1766458800,RESOLUTION,DOWN,BINANCE_FALLBACK,13,13,1.0000,5.9016,9,0.4312,4,0.5051,4,0.9364,0.2545,0.56,0.0000,0.0000,-1.9016,113.27,RESOLVED
2025-12-23T03:15:21.475244+00:00,btc-updown-15m-1766459700,TRADE,DOWN,ACCUM,2,2,0.4701,0.9403,0,0.0000,2,0.4701,0,0.0000,0.0000,1.00,-0.9403,1.0597,0.0000,112.33,SUCCESS
2025-12-23T03:15:26.960331+00:00,btc-updown-15m-1766459700,TRADE,UP,ACCUM,2,2,0.5400,1.0799,2,0.5400,2,0.4701,2,1.0101,-0.0202,0.00,-0.0202,-0.0202,0.0000,111.25,SUCCESS
2025-12-23T03:15:26.960548+00:00,btc-updown-15m-1766459700,TRADE,DOWN,ACCUM,2,2,0.4700,0.9401,2,0.5400,4,0.4701,2,1.0100,-0.0201,0.50,-0.9603,1.0397,0.0000,110.31,SUCCESS
2025-12-23T03:15:43.426879+00:00,btc-updown-15m-1766459700,TRADE,DOWN,ACCUM,2,2,0.3900,0.7800,2,0.5400,6,0.4434,2,0.9834,0.0333,0.67,-1.7403,2.2597,0.0000,109.53,SUCCESS
2025-12-23T03:24:03.216865+00:00,btc-updown-15m-1766459700,TRADE,DOWN,ACCUM,1,1,0.1301,0.1301,2,0.5400,7,0.3986,2,0.9386,0.1228,0.71,-1.8704,3.1296,0.0000,109.40,SUCCESS
2025-12-23T03:24:46.521334+00:00,btc-updown-15m-1766459700,TRADE,UP,ACCUM,1,1,0.6102,0.6102,3,0.5634,7,0.3986,3,0.9620,0.1140,0.57,-1.4805,2.5195,0.0000,108.79,SUCCESS
2025-12-23T03:24:51.926371+00:00,btc-updown-15m-1766459700,TRADE,UP,ACCUM,1,1,0.5102,0.5102,4,0.5501,7,0.3986,4,0.9487,0.2052,0.43,-0.9907,2.0093,0.0000,108.28,SUCCESS
2025-12-23T03:24:51.926564+00:00,btc-updown-15m-1766459700,TRADE,DOWN,ACCUM,1,1,0.5502,0.5502,4,0.5501,8,0.4176,4,0.9676,0.1295,0.50,-1.5409,2.4591,0.0000,107.73,SUCCESS
2025-12-23T03:24:57.443268+00:00,btc-updown-15m-1766459700,TRADE,UP,ACCUM,1,1,0.3801,0.3801,5,0.5161,8,0.4176,5,0.9336,0.3318,0.38,-0.9210,2.0790,0.0000,107.35,SUCCESS
2025-12-23T03:24:57.443423+00:00,btc-updown-15m-1766459700,TRADE,DOWN,ACCUM,1,1,0.6301,0.6301,5,0.5161,9,0.4412,5,0.9573,0.2137,0.44,-1.5511,2.4489,0.0000,106.72,SUCCESS
2025-12-23T03:25:02.961261+00:00,btc-updown-15m-1766459700,TRADE,UP,ACCUM,1,1,0.3801,0.3801,6,0.4934,9,0.4412,6,0.9346,0.3924,0.33,-0.9312,2.0688,0.0000,106.34,SUCCESS
2025-12-23T03:25:02.961437+00:00,btc-updown-15m-1766459700,TRADE,DOWN,ACCUM,1,1,0.6302,0.6302,6,0.4934,10,0.4601,6,0.9535,0.2790,0.40,-1.5613,2.4387,0.0000,105.71,SUCCESS
2025-12-23T03:25:08.355329+00:00,btc-updown-15m-1766459700,TRADE,DOWN,ACCUM,1,1,0.4901,0.4901,6,0.4934,11,0.4628,6,0.9562,0.2627,0.45,-2.0514,2.9486,0.0000,105.22,SUCCESS
2025-12-23T03:25:13.769956+00:00,btc-updown-15m-1766459700,TRADE,UP,ACCUM,1,1,0.5902,0.5902,7,0.5072,11,0.4628,7,0.9700,0.2097,0.36,-1.6416,2.3584,0.0000,104.63,SUCCESS
2025-12-23T03:25:19.147961+00:00,btc-updown-15m-1766459700,TRADE,UP,ACCUM,1,1,0.4800,0.4800,8,0.5038,11,0.4628,8,0.9666,0.2668,0.27,-1.1216,1.8784,0.0000,104.15,SUCCESS
2025-12-23T03:25:19.148797+00:00,btc-updown-15m-1766459700,TRADE,DOWN,ACCUM,1,1,0.5300,0.5300,8,0.5038,12,0.4684,8,0.9722,0.2220,0.33,-1.6516,2.3484,0.0000,103.62,SUCCESS
2025-12-23T03:25:24.523709+00:00,btc-updown-15m-1766459700,TRADE,DOWN,ACCUM,1,1,0.2501,0.2501,8,0.5038,13,0.4516,8,0.9555,0.3564,0.38,-1.9017,3.0983,0.0000,103.37,SUCCESS
2025-12-23T03:25:29.915202+00:00,btc-updown-15m-1766459700,TRADE,UP,ACCUM,1,1,0.7903,0.7903,9,0.5357,13,0.4516,9,0.9873,0.1145,0.31,-1.6920,2.3080,0.0000,102.58,SUCCESS
2025-12-23T03:25:40.802053+00:00,btc-updown-15m-1766459700,TRADE,DOWN,ACCUM,1,1,0.1900,0.1900,9,0.5357,14,0.4329,9,0.9686,0.2826,0.36,-1.8821,3.1179,0.0000,102.39,SUCCESS
2025-12-23T03:26:02.384155+00:00,btc-updown-15m-1766459700,TRADE,UP,ACCUM,1,1,0.7003,0.7003,10,0.5521,14,0.4329,10,0.9851,0.1494,0.29,-1.5823,2.4177,0.0000,101.69,SUCCESS
2025-12-23T03:26:07.807055+00:00,btc-updown-15m-1766459700,TRADE,DOWN,ACCUM,1,1,0.3101,0.3101,10,0.5521,15,0.4248,10,0.9769,0.2313,0.33,-1.8924,3.1076,0.0000,101.38,SUCCESS
2025-12-23T03:26:18.637242+00:00,btc-updown-15m-1766459700,TRADE,UP,ACCUM,1,1,0.7200,0.7200,11,0.5674,15,0.4248,11,0.9921,0.0866,0.27,-1.6125,2.3875,0.0000,100.66,SUCCESS
2025-12-23T03:30:01.186364+00:00,btc-updown-15m-1766459700,RESOLUTION,DOWN,BINANCE_FALLBACK,26,26,1.0000,12.6125,11,0.5674,15,0.4248,11,0.9921,0.0866,0.27,0.0000,0.0000,2.3875,115.66,RESOLVED
2025-12-23T03:30:09.146982+00:00,btc-updown-15m-1766460600,TRADE,UP,ACCUM,2,2,0.4600,0.9201,2,0.4600,0,0.0000,0,0.0000,0.0000,1.00,-0.9201,1.0799,0.0000,114.74,SUCCESS
2025-12-23T03:30:09.147420+00:00,btc-updown-15m-1766460600,TRADE,DOWN,ACCUM,2,2,0.5503,1.1005,2,0.4600,2,0.5503,2,1.0103,-0.0206,0.00,-0.0206,-0.0206,0.0000,113.64,SUCCESS
2025-12-23T03:30:14.559151+00:00,btc-updown-15m-1766460600,TRADE,UP,ACCUM,2,2,0.4200,0.8400,4,0.4400,2,0.5503,2,0.9903,0.0194,0.50,-0.8606,1.1394,0.0000,112.80,SUCCESS
2025-12-23T03:30:19.958237+00:00,btc-updown-15m-1766460600,TRADE,DOWN,ACCUM,2,2,0.5102,1.0203,4,0.4400,4,0.5302,4,0.9702,0.1190,0.00,0.1190,0.1190,0.0000,111.78,SUCCESS
2025-12-23T03:30:25.379240+00:00,btc-updown-15m-1766460600,TRADE,DOWN,ACCUM,2,2,0.4800,0.9600,4,0.4400,6,0.5135,4,0.9535,0.1860,0.33,-0.8410,1.1590,0.0000,110.82,SUCCESS
2025-12-23T03:30:30.788616+00:00,btc-updown-15m-1766460600,TRADE,DOWN,ACCUM,2,2,0.4300,0.8600,4,0.4400,8,0.4926,4,0.9326,0.2694,0.50,-1.7010,2.2990,0.0000,109.96,SUCCESS
2025-12-23T03:30:36.205158+00:00,btc-updown-15m-1766460600,TRADE,UP,ACCUM,2,2,0.5803,1.1605,6,0.4868,8,0.4926,6,0.9794,0.1237,0.25,-0.8616,1.1384,0.0000,108.80,SUCCESS
2025-12-23T03:30:41.606705+00:00,btc-updown-15m-1766460600,TRADE,DOWN,ACCUM,2,2,0.4601,0.9202,6,0.4868,10,0.4861,6,0.9729,0.1627,0.40,-1.7817,2.2183,0.0000,107.87,SUCCESS
2025-12-23T03:30:57.947641+00:00,btc-updown-15m-1766460600,TRADE,UP,ACCUM,2,2,0.5502,1.1004,8,0.5026,10,0.4861,8,0.9887,0.0901,0.20,-0.8821,1.1179,0.0000,106.77,SUCCESS
2025-12-23T03:31:03.341929+00:00,btc-updown-15m-1766460600,TRADE,DOWN,ACCUM,2,2,0.4302,0.8604,8,0.5026,12,0.4768,8,0.9794,0.1646,0.33,-1.7425,2.2575,0.0000,105.91,SUCCESS
2025-12-23T03:31:08.832209+00:00,btc-updown-15m-1766460600,TRADE,UP,ACCUM,2,2,0.4701,0.9403,10,0.4961,12,0.4768,10,0.9729,0.2708,0.17,-0.6828,1.3172,0.0000,104.97,SUCCESS
2025-12-23T03:31:14.242225+00:00,btc-updown-15m-1766460600,TRADE,UP,ACCUM,2,2,0.4301,0.8601,12,0.4851,12,0.4768,12,0.9619,0.4571,0.00,0.4571,0.4571,0.0000,104.11,SUCCESS
2025-12-23T03:31:14.242643+00:00,btc-updown-15m-1766460600,TRADE,DOWN,ACCUM,2,2,0.5803,1.1605,12,0.4851,14,0.4916,12,0.9767,0.2797,0.14,-0.7034,1.2966,0.0000,102.95,SUCCESS
2025-12-23T03:31:19.654604+00:00,btc-updown-15m-1766460600,TRADE,UP,ACCUM,2,2,0.4301,0.8602,14,0.4773,14,0.4916,14,0.9688,0.4363,0.00,0.4363,0.4363,0.0000,102.09,SUCCESS
2025-12-23T03:31:19.654806+00:00,btc-updown-15m-1766460600,TRADE,DOWN,ACCUM,2,1,0.5901,0.5901,14,0.4773,15,0.4981,14,0.9754,0.3444,0.07,-0.1537,0.8463,0.0000,101.50,SUCCESS
2025-12-23T03:31:25.052972+00:00,btc-updown-15m-1766460600,TRADE,UP,ACCUM,2,2,0.4401,0.8801,16,0.4726,15,0.4981,15,0.9707,0.4388,0.06,-0.0338,0.9662,0.0000,100.62,SUCCESS
2025-12-23T03:45:01.930477+00:00,btc-updown-15m-1766460600,RESOLUTION,DOWN,BINANCE_FALLBACK,31,31,1.0000,15.0338,16,0.4726,15,0.4981,15,0.9707,0.4388,0.06,0.0000,0.0000,-0.0338,115.62,RESOLVED
2025-12-23T03:45:09.872090+00:00,btc-updown-15m-1766461500,TRADE,UP,ACCUM,2,2,0.4302,0.8604,2,0.4302,0,0.0000,0,0.0000,0.0000,1.00,-0.8604,1.1396,0.0000,114.76,SUCCESS
2025-12-23T03:45:09.872218+00:00,btc-updown-15m-1766461500,TRADE,DOWN,ACCUM,2,2,0.5802,1.1604,2,0.4302,2,0.5802,2,1.0104,-0.0208,0.00,-0.0208,-0.0208,0.0000,113.60,SUCCESS
2025-12-23T03:45:31.457266+00:00,btc-updown-15m-1766461500,TRADE,UP,ACCUM,2,2,0.3801,0.7601,4,0.4051,2,0.5802,2,0.9853,0.0294,0.50,-0.7809,1.2191,0.0000,112.84,SUCCESS
2025-12-23T03:45:36.850884+00:00,btc-updown-15m-1766461500,TRADE,UP,ACCUM,2,2,0.3201,0.6402,6,0.3768,2,0.5802,2,0.9570,0.0861,0.67,-1.4211,2.5789,0.0000,112.20,SUCCESS
2025-12-23T03:45:58.615196+00:00,btc-updown-15m-1766461500,TRADE,DOWN,ACCUM,2,2,0.6402,1.2804,6,0.3768,4,0.6102,4,0.9870,0.0521,0.33,-0.7015,1.2985,0.0000,110.92,SUCCESS
2025-12-23T03:46:04.048114+00:00,btc-updown-15m-1766461500,TRADE,UP,ACCUM,2,2,0.3801,0.7602,8,0.3776,4,0.6102,4,0.9878,0.0488,0.50,-1.4617,2.5383,0.0000,110.16,SUCCESS
2025-12-23T03:46:04.048513+00:00,btc-updown-15m-1766461500,TRADE,DOWN,ACCUM,2,2,0.6303,1.2606,8,0.3776,6,0.6169,6,0.9945,0.0330,0.25,-0.7223,1.2777,0.0000,108.90,SUCCESS
2025-12-23T03:46:14.852051+00:00,btc-updown-15m-1766461500,TRADE,UP,ACCUM,2,2,0.3300,0.6600,10,0.3681,6,0.6169,6,0.9850,0.0901,0.40,-1.3823,2.6177,0.0000,108.24,SUCCESS
2025-12-23T03:53:56.004486+00:00,btc-updown-15m-1766461500,TRADE,UP,ACCUM,1,1,0.1000,0.1000,11,0.3437,6,0.6169,6,0.9606,0.2363,0.45,-1.4823,3.5177,0.0000,108.14,SUCCESS
2025-12-23T04:00:00.417537+00:00,btc-updown-15m-1766461500,RESOLUTION,DOWN,BINANCE_FALLBACK,17,17,1.0000,7.4823,11,0.3437,6,0.6169,6,0.9606,0.2363,0.45,0.0000,0.0000,-1.4823,114.14,RESOLVED
2025-12-23T04:00:08.591013+00:00,btc-updown-15m-1766462400,TRADE,UP,ACCUM,2,2,0.4901,0.9802,2,0.4901,0,0.0000,0,0.0000,0.0000,1.00,-0.9802,1.0198,0.0000,113.16,SUCCESS
2025-12-23T04:00:08.591237+00:00,btc-updown-15m-1766462400,TRADE,DOWN,ACCUM,2,2,0.5102,1.0205,2,0.4901,2,0.5102,2,1.0003,-0.0007,0.00,-0.0007,-0.0007,0.0000,112.14,SUCCESS
2025-12-23T04:00:14.010931+00:00,btc-updown-15m-1766462400,TRADE,DOWN,ACCUM,2,2,0.4702,0.9404,2,0.4901,4,0.4902,2,0.9803,0.0394,0.50,-0.9411,1.0589,0.0000,111.20,SUCCESS
2025-12-23T04:00:19.432482+00:00,btc-updown-15m-1766462400,TRADE,DOWN,ACCUM,2,2,0.4502,0.9004,2,0.4901,6,0.4769,2,0.9670,0.0661,0.67,-1.8415,2.1585,0.0000,110.30,SUCCESS
2025-12-23T04:00:25.007923+00:00,btc-updown-15m-1766462400,TRADE,UP,ACCUM,2,2,0.5401,1.0802,4,0.5151,6,0.4769,4,0.9920,0.0320,0.33,-0.9217,1.0783,0.0000,109.22,SUCCESS
2025-12-23T04:00:30.427501+00:00,btc-updown-15m-1766462400,TRADE,UP,ACCUM,2,2,0.5201,1.0401,6,0.5168,6,0.4769,6,0.9936,0.0381,0.00,0.0381,0.0381,0.0000,108.18,SUCCESS
2025-12-23T04:00:35.853709+00:00,btc-updown-15m-1766462400,TRADE,UP,ACCUM,2,2,0.5101,1.0201,8,0.5151,6,0.4769,6,0.9920,0.0482,0.25,-0.9820,1.0180,0.0000,107.16,SUCCESS
2025-12-23T04:00:41.234739+00:00,btc-updown-15m-1766462400,TRADE,UP,ACCUM,2,2,0.4900,0.9800,10,0.5101,6,0.4769,6,0.9870,0.0783,0.40,-1.9620,2.0380,0.0000,106.18,SUCCESS
2025-12-23T04:00:46.894603+00:00,btc-updown-15m-1766462400,TRADE,DOWN,ACCUM,2,2,0.5001,1.0003,10,0.5101,8,0.4827,8,0.9928,0.0578,0.20,-0.9623,1.0377,0.0000,105.18,SUCCESS
2025-12-23T04:00:52.412841+00:00,btc-updown-15m-1766462400,TRADE,UP,ACCUM,2,2,0.5102,1.0205,12,0.5101,8,0.4827,8,0.9928,0.0576,0.33,-1.9828,2.0172,0.0000,104.16,SUCCESS
2025-12-23T04:08:45.070062+00:00,btc-updown-15m-1766462400,TRADE,DOWN,ACCUM,2,2,0.4802,0.9604,12,0.5101,10,0.4822,10,0.9923,0.0770,0.17,-0.9432,1.0568,0.0000,103.20,SUCCESS
2025-12-23T04:08:50.585045+00:00,btc-updown-15m-1766462400,TRADE,UP,ACCUM,2,2,0.5001,1.0002,14,0.5087,10,0.4822,10,0.9909,0.0913,0.29,-1.9434,2.0566,0.0000,102.20,SUCCESS
2025-12-23T04:08:56.030520+00:00,btc-updown-15m-1766462400,TRADE,UP,ACCUM,1,1,0.5303,0.5303,15,0.5101,10,0.4822,10,0.9923,0.0769,0.33,-2.4736,2.5264,0.0000,101.67,SUCCESS
2025-12-23T04:08:56.030849+00:00,btc-updown-15m-1766462400,TRADE,DOWN,ACCUM,1,1,0.4801,0.4801,15,0.5101,11,0.4820,11,0.9921,0.0867,0.27,-1.9537,2.0463,0.0000,101.19,SUCCESS
2025-12-23T04:09:06.835695+00:00,btc-updown-15m-1766462400,TRADE,DOWN,ACCUM,1,1,0.4701,0.4701,15,0.5101,12,0.4810,12,0.9911,0.1065,0.20,-1.4238,1.5762,0.0000,100.72,SUCCESS
2025-12-23T04:09:12.321918+00:00,btc-updown-15m-1766462400,TRADE,DOWN,ACCUM,1,1,0.4902,0.4902,15,0.5101,13,0.4817,13,0.9918,0.1062,0.13,-0.9141,1.0859,0.0000,100.23,SUCCESS
2025-12-23T04:09:17.712290+00:00,btc-updown-15m-1766462400,TRADE,DOWN,ACCUM,1,1,0.4902,0.4902,15,0.5101,14,0.4823,14,0.9924,0.1058,0.07,-0.4043,0.5957,0.0000,99.74,SUCCESS
2025-12-23T04:09:23.121711+00:00,btc-updown-15m-1766462400,TRADE,DOWN,ACCUM,1,1,0.4701,0.4701,15,0.5101,15,0.4815,15,0.9916,0.1257,0.00,0.1257,0.1257,0.0000,99.27,SUCCESS
2025-12-23T04:15:01.836218+00:00,btc-updown-15m-1766462400,RESOLUTION,DOWN,BINANCE_FALLBACK,30,30,1.0000,14.8743,15,0.5101,15,0.4815,15,0.9916,0.1257,0.00,0.0000,0.0000,0.1257,114.27,RESOLVED
2025-12-23T04:15:10.354170+00:00,btc-updown-15m-1766463300,TRADE,UP,ACCUM,2,2,0.4602,0.9205,2,0.4602,0,0.0000,0,0.0000,0.0000,1.00,-0.9205,1.0795,0.0000,113.35,SUCCESS
2025-12-23T04:15:10.354545+00:00,btc-updown-15m-1766463300,TRADE,DOWN,ACCUM,2,2,0.5501,1.1001,2,0.4602,2,0.5501,2,1.0103,-0.0206,0.00,-0.0206,-0.0206,0.0000,112.25,SUCCESS
2025-12-23T04:15:26.751803+00:00,btc-updown-15m-1766463300,TRADE,UP,ACCUM,2,2,0.4002,0.8004,4,0.4302,2,0.5501,2,0.9803,0.0395,0.50,-0.8209,1.1791,0.0000,111.45,SUCCESS
2025-12-23T04:30:10.567698+00:00,btc-updown-15m-1766464200,TRADE,UP,ACCUM,2,2,0.4301,0.8602,2,0.4301,0,0.0000,0,0.0000,0.0000,1.00,-0.8602,1.1398,0.0000,99.14,SUCCESS
2025-12-23T04:30:10.568082+00:00,btc-updown-15m-1766464200,TRADE,DOWN,ACCUM,2,2,0.5800,1.1601,2,0.4301,2,0.5800,2,1.0101,-0.0203,0.00,-0.0203,-0.0203,0.0000,97.98,SUCCESS
2025-12-23T04:30:26.798005+00:00,btc-updown-15m-1766464200,TRADE,UP,ACCUM,2,2,0.3901,0.7802,4,0.4101,2,0.5800,2,0.9901,0.0197,0.50,-0.8004,1.1996,0.0000,97.20,SUCCESS
2025-12-23T04:30:32.368102+00:00,btc-updown-15m-1766464200,TRADE,UP,ACCUM,2,2,0.4101,0.8202,6,0.4101,2,0.5800,2,0.9901,0.0198,0.67,-1.6206,2.3794,0.0000,96.38,SUCCESS
2025-12-23T04:38:56.976476+00:00,btc-updown-15m-1766464200,TRADE,UP,ACCUM,1,1,0.0500,0.0500,7,0.3586,2,0.5800,2,0.9387,0.1226,0.71,-1.6706,3.3294,0.0000,96.33,SUCCESS
2025-12-23T04:45:00.649570+00:00,btc-updown-15m-1766464200,RESOLUTION,DOWN,BINANCE_FALLBACK,9,9,1.0000,3.6706,7,0.3586,2,0.5800,2,0.9387,0.1226,0.71,0.0000,0.0000,-1.6706,98.33,RESOLVED
2025-12-23T04:45:14.893696+00:00,btc-updown-15m-1766465100,TRADE,UP,ACCUM,2,2,0.5602,1.1204,2,0.5602,0,0.0000,0,0.0000,0.0000,1.00,-1.1204,0.8796,0.0000,97.21,SUCCESS
2025-12-23T04:45:14.894835+00:00,btc-updown-15m-1766465100,TRADE,DOWN,ACCUM,2,2,0.4501,0.9001,2,0.5602,2,0.4501,2,1.0102,-0.0205,0.00,-0.0205,-0.0205,0.0000,96.31,SUCCESS
2025-12-23T04:45:20.282864+00:00,btc-updown-15m-1766465100,TRADE,UP,ACCUM,2,2,0.5201,1.0403,4,0.5402,2,0.4501,2,0.9902,0.0196,0.50,-1.0607,0.9393,0.0000,95.27,SUCCESS
2025-12-23T04:45:25.682189+00:00,btc-updown-15m-1766465100,TRADE,UP,ACCUM,2,2,0.5400,1.0801,6,0.5401,2,0.4501,2,0.9902,0.0196,0.67,-2.1408,1.8592,0.0000,94.19,SUCCESS
2025-12-23T04:45:31.098095+00:00,btc-updown-15m-1766465100,TRADE,DOWN,ACCUM,2,2,0.4402,0.8803,6,0.5401,4,0.4451,4,0.9852,0.0591,0.33,-1.0212,0.9788,0.0000,93.31,SUCCESS
2025-12-23T04:45:36.509942+00:00,btc-updown-15m-1766465100,TRADE,UP,ACCUM,2,2,0.5401,1.0803,8,0.5401,4,0.4451,4,0.9852,0.0590,0.50,-2.1015,1.8985,0.0000,92.23,SUCCESS
2025-12-23T04:45:36.510350+00:00,btc-updown-15m-1766465100,TRADE,DOWN,ACCUM,2,2,0.4700,0.9401,8,0.5401,6,0.4534,6,0.9935,0.0387,0.25,-1.0415,0.9585,0.0000,91.29,SUCCESS
2025-12-23T04:45:41.923754+00:00,btc-updown-15m-1766465100,TRADE,DOWN,ACCUM,2,2,0.4501,0.9001,8,0.5401,8,0.4526,8,0.9927,0.0584,0.00,0.0584,0.0584,0.0000,90.39,SUCCESS
2025-12-23T04:45:47.311275+00:00,btc-updown-15m-1766465100,TRADE,DOWN,ACCUM,2,2,0.4501,0.9002,8,0.5401,10,0.4521,8,0.9922,0.0623,0.20,-0.8419,1.1581,0.0000,89.49,SUCCESS
2025-12-23T04:45:52.691745+00:00,btc-updown-15m-1766465100,TRADE,DOWN,ACCUM,2,2,0.4600,0.9200,8,0.5401,12,0.4534,8,0.9935,0.0517,0.33,-1.7619,2.2381,0.0000,88.57,SUCCESS
2025-12-23T04:46:03.498725+00:00,btc-updown-15m-1766465100,TRADE,UP,ACCUM,2,2,0.5202,1.0404,10,0.5361,12,0.4534,10,0.9895,0.1045,0.17,-0.8023,1.1977,0.0000,87.53,SUCCESS
2025-12-23T04:46:08.926868+00:00,btc-updown-15m-1766465100,TRADE,UP,ACCUM,2,2,0.5200,1.0401,12,0.5335,12,0.4534,12,0.9869,0.1577,0.00,0.1577,0.1577,0.0000,86.49,SUCCESS
2025-12-23T04:46:14.444108+00:00,btc-updown-15m-1766465100,TRADE,UP,ACCUM,2,2,0.5303,1.0605,14,0.5330,12,0.4534,12,0.9864,0.1631,0.14,-0.9029,1.0971,0.0000,85.43,SUCCESS
2025-12-23T04:46:14.444452+00:00,btc-updown-15m-1766465100,TRADE,DOWN,ACCUM,2,2,0.4801,0.9602,14,0.5330,14,0.4572,14,0.9902,0.1370,0.00,0.1370,0.1370,0.0000,84.47,SUCCESS
2025-12-23T04:46:19.818241+00:00,btc-updown-15m-1766465100,TRADE,UP,ACCUM,2,2,0.5402,1.0805,16,0.5339,14,0.4572,14,0.9911,0.1243,0.12,-0.9435,1.0565,0.0000,83.39,SUCCESS
2025-12-23T04:46:19.818532+00:00,btc-updown-15m-1766465100,TRADE,DOWN,ACCUM,2,2,0.4702,0.9404,16,0.5339,16,0.4588,16,0.9927,0.1160,0.00,0.1160,0.1160,0.0000,82.45,SUCCESS
2025-12-23T05:00:01.842682+00:00,btc-updown-15m-1766465100,RESOLUTION,DOWN,BINANCE_FALLBACK,32,32,1.0000,15.8840,16,0.5339,16,0.4588,16,0.9927,0.1160,0.00,0.0000,0.0000,0.1160,98.45,RESOLVED
2025-12-23T05:00:09.884519+00:00,btc-updown-15m-1766466000,TRADE,UP,ACCUM,2,2,0.6002,1.2004,2,0.6002,0,0.0000,0,0.0000,0.0000,1.00,-1.2004,0.7996,0.0000,97.25,SUCCESS
2025-12-23T05:00:09.884707+00:00,btc-updown-15m-1766466000,TRADE,DOWN,ACCUM,2,2,0.4101,0.8203,2,0.6002,2,0.4101,2,1.0103,-0.0206,0.00,-0.0206,-0.0206,0.0000,96.42,SUCCESS
2025-12-23T05:00:15.259765+00:00,btc-updown-15m-1766466000,TRADE,DOWN,ACCUM,2,2,0.3501,0.7001,2,0.6002,4,0.3801,2,0.9803,0.0394,0.50,-0.7208,1.2792,0.0000,95.72,SUCCESS
2025-12-23T05:00:20.638513+00:00,btc-updown-15m-1766466000,TRADE,DOWN,ACCUM,2,2,0.3201,0.6401,2,0.6002,6,0.3601,2,0.9603,0.0795,0.67,-1.3609,2.6391,0.0000,95.08,SUCCESS
2025-12-23T05:01:15.247638+00:00,btc-updown-15m-1766466000,TRADE,UP,ACCUM,2,2,0.6301,1.2603,4,0.6152,6,0.3601,4,0.9753,0.0990,0.33,-0.6212,1.3788,0.0000,93.82,SUCCESS
2025-12-23T05:01:20.643970+00:00,btc-updown-15m-1766466000,TRADE,UP,ACCUM,2,2,0.6501,1.3001,6,0.6268,6,0.3601,6,0.9869,0.0787,0.00,0.0787,0.0787,0.0000,92.52,SUCCESS
2025-12-23T05:01:20.644295+00:00,btc-updown-15m-1766466000,TRADE,DOWN,ACCUM,2,2,0.3601,0.7201,6,0.6268,8,0.3601,6,0.9869,0.0787,0.25,-0.6414,1.3586,0.0000,91.80,SUCCESS
2025-12-23T05:01:26.050546+00:00,btc-updown-15m-1766466000,TRADE,UP,ACCUM,2,2,0.6501,1.3003,8,0.6326,8,0.3601,8,0.9927,0.0583,0.00,0.0583,0.0583,0.0000,90.50,SUCCESS
2025-12-23T05:01:26.050708+00:00,btc-updown-15m-1766466000,TRADE,DOWN,ACCUM,2,2,0.3601,0.7202,8,0.6326,10,0.3601,8,0.9927,0.0582,0.20,-0.6620,1.3380,0.0000,89.78,SUCCESS
2025-12-23T05:01:31.533988+00:00,btc-updown-15m-1766466000,TRADE,DOWN,ACCUM,2,2,0.3001,0.6002,8,0.6326,12,0.3501,8,0.9827,0.1382,0.33,-1.2622,2.7378,0.0000,89.18,SUCCESS
2025-12-23T05:01:42.324173+00:00,btc-updown-15m-1766466000,TRADE,UP,ACCUM,2,2,0.6702,1.3404,10,0.6402,12,0.3501,10,0.9902,0.0976,0.17,-0.6026,1.3974,0.0000,87.84,SUCCESS
2025-12-23T05:01:47.738540+00:00,btc-updown-15m-1766466000,TRADE,UP,ACCUM,2,2,0.6497,1.2994,12,0.6417,12,0.3501,12,0.9918,0.0980,0.00,0.0980,0.0980,0.0000,86.54,SUCCESS
2025-12-23T05:01:47.739052+00:00,btc-updown-15m-1766466000,TRADE,DOWN,ACCUM,2,2,0.3701,0.7402,12,0.6417,14,0.3529,12,0.9947,0.0637,0.14,-0.6422,1.3578,0.0000,85.80,SUCCESS
2025-12-23T05:01:53.259692+00:00,btc-updown-15m-1766466000,TRADE,DOWN,ACCUM,2,2,0.3501,0.7001,12,0.6417,16,0.3526,12,0.9943,0.0680,0.25,-1.3423,2.6577,0.0000,85.10,SUCCESS
2025-12-23T05:02:42.134823+00:00,btc-updown-15m-1766466000,TRADE,UP,ACCUM,2,2,0.6202,1.2404,14,0.6387,16,0.3526,14,0.9913,0.1224,0.12,-0.5828,1.4172,0.0000,83.86,SUCCESS
2025-12-23T05:02:47.573925+00:00,btc-updown-15m-1766466000,TRADE,UP,ACCUM,2,2,0.6203,1.2406,16,0.6364,16,0.3526,16,0.9890,0.1766,0.00,0.1766,0.1766,0.0000,82.62,SUCCESS
2025-12-23T05:15:03.299951+00:00,btc-updown-15m-1766466000,RESOLUTION,DOWN,BINANCE_FALLBACK,32,32,1.0000,15.8234,16,0.6364,16,0.3526,16,0.9890,0.1766,0.00,0.0000,0.0000,0.1766,98.62,RESOLVED
2025-12-23T05:15:11.680635+00:00,btc-updown-15m-1766466900,TRADE,UP,ACCUM,2,2,0.5300,1.0601,2,0.5300,0,0.0000,0,0.0000,0.0000,1.00,-1.0601,0.9399,0.0000,97.56,SUCCESS
2025-12-23T05:15:11.681029+00:00,btc-updown-15m-1766466900,TRADE,DOWN,ACCUM,2,2,0.4801,0.9603,2,0.5300,2,0.4801,2,1.0102,-0.0203,0.00,-0.0203,-0.0203,0.0000,96.60,SUCCESS
2025-12-23T05:15:33.285822+00:00,btc-updown-15m-1766466900,TRADE,UP,ACCUM,2,2,0.4802,0.9604,4,0.5051,2,0.4801,2,0.9853,0.0295,0.50,-0.9808,1.0192,0.0000,95.64,SUCCESS
2025-12-23T05:15:49.534359+00:00,btc-updown-15m-1766466900,TRADE,UP,ACCUM,2,2,0.4802,0.9604,6,0.4968,2,0.4801,2,0.9769,0.0461,0.67,-1.9412,2.0588,0.0000,94.68,SUCCESS
2025-12-23T05:16:44.132309+00:00,btc-updown-15m-1766466900,TRADE,DOWN,ACCUM,2,2,0.4502,0.9003,6,0.4968,4,0.4651,4,0.9620,0.1521,0.33,-0.8415,1.1585,0.0000,93.78,SUCCESS
2025-12-23T05:16:49.545448+00:00,btc-updown-15m-1766466900,TRADE,UP,ACCUM,2,2,0.6101,1.2201,8,0.5251,4,0.4651,4,0.9903,0.0389,0.50,-2.0616,1.9384,0.0000,92.56,SUCCESS
2025-12-23T05:16:49.545621+00:00,btc-updown-15m-1766466900,TRADE,DOWN,ACCUM,2,2,0.4000,0.8000,8,0.5251,6,0.4434,6,0.9686,0.1886,0.25,-0.8617,1.1383,0.0000,91.76,SUCCESS
2025-12-23T05:16:54.942651+00:00,btc-updown-15m-1766466900,TRADE,UP,ACCUM,2,2,0.6103,1.2206,10,0.5422,6,0.4434,6,0.9856,0.0864,0.40,-2.0823,1.9177,0.0000,90.54,SUCCESS
2025-12-23T05:17:00.344553+00:00,btc-updown-15m-1766466900,TRADE,DOWN,ACCUM,2,2,0.3802,0.7603,10,0.5422,8,0.4276,8,0.9698,0.2417,0.20,-0.8426,1.1574,0.0000,89.78,SUCCESS
2025-12-23T05:17:05.741439+00:00,btc-updown-15m-1766466900,TRADE,UP,ACCUM,2,2,0.6402,1.2804,12,0.5585,8,0.4276,8,0.9861,0.1110,0.33,-2.1230,1.8770,0.0000,88.50,SUCCESS
2025-12-23T05:17:05.741710+00:00,btc-updown-15m-1766466900,TRADE,DOWN,ACCUM,2,2,0.3701,0.7403,12,0.5585,10,0.4161,10,0.9746,0.2537,0.17,-0.8633,1.1367,0.0000,87.76,SUCCESS
2025-12-23T05:17:11.250419+00:00,btc-updown-15m-1766466900,TRADE,UP,ACCUM,2,2,0.6400,1.2800,14,0.5701,10,0.4161,10,0.9863,0.1373,0.29,-2.1433,1.8567,0.0000,86.48,SUCCESS
2025-12-23T05:17:11.251145+00:00,btc-updown-15m-1766466900,TRADE,DOWN,ACCUM,2,2,0.3902,0.7804,14,0.5701,12,0.4118,12,0.9819,0.2166,0.14,-0.9237,1.0763,0.0000,85.70,SUCCESS
2025-12-23T05:17:16.641632+00:00,btc-updown-15m-1766466900,TRADE,UP,ACCUM,2,2,0.6500,1.3000,16,0.5801,12,0.4118,12,0.9919,0.0968,0.25,-2.2237,1.7763,0.0000,84.40,SUCCESS
2025-12-23T05:17:16.641781+00:00,btc-updown-15m-1766466900,TRADE,DOWN,ACCUM,2,2,0.3601,0.7202,16,0.5801,14,0.4044,14,0.9845,0.2164,0.12,-0.9438,1.0562,0.0000,83.68,SUCCESS
2025-12-23T05:17:22.082646+00:00,btc-updown-15m-1766466900,TRADE,DOWN,ACCUM,2,1,0.3101,0.3101,16,0.5801,15,0.3981,15,0.9782,0.3263,0.06,-0.2539,0.7461,0.0000,83.37,SUCCESS
2025-12-23T05:30:03.142521+00:00,btc-updown-15m-1766466900,RESOLUTION,DOWN,BINANCE_FALLBACK,31,31,1.0000,15.2539,16,0.5801,15,0.3981,15,0.9782,0.3263,0.06,0.0000,0.0000,-0.2539,98.37,RESOLVED
2025-12-23T05:30:11.496454+00:00,btc-updown-15m-1766467800,TRADE,UP,ACCUM,2,2,0.4501,0.9002,2,0.4501,0,0.0000,0,0.0000,0.0000,1.00,-0.9002,1.0998,0.0000,97.47,SUCCESS
2025-12-23T05:30:11.496733+00:00,btc-updown-15m-1766467800,TRADE,DOWN,ACCUM,2,2,0.5602,1.1205,2,0.4501,2,0.5602,2,1.0104,-0.0207,0.00,-0.0207,-0.0207,0.0000,96.35,SUCCESS
2025-12-23T05:30:43.931035+00:00,btc-updown-15m-1766467800,TRADE,UP,ACCUM,2,2,0.3500,0.7001,4,0.4001,2,0.5602,2,0.9603,0.0794,0.50,-0.7208,1.2792,0.0000,95.65,SUCCESS
2025-12-23T05:30:49.318461+00:00,btc-updown-15m-1766467800,TRADE,UP,ACCUM,2,2,0.2800,0.5600,6,0.3601,2,0.5602,2,0.9203,0.1594,0.67,-1.2808,2.7192,0.0000,95.09,SUCCESS
2025-12-23T05:31:10.976497+00:00,btc-updown-15m-1766467800,TRADE,DOWN,ACCUM,2,2,0.6802,1.3603,6,0.3601,4,0.6202,4,0.9802,0.0790,0.33,-0.6411,1.3589,0.0000,93.73,SUCCESS
2025-12-23T05:31:16.383007+00:00,btc-updown-15m-1766467800,TRADE,UP,ACCUM,2,2,0.3202,0.6403,8,0.3501,4,0.6202,4,0.9703,0.1189,0.50,-1.2814,2.7186,0.0000,93.09,SUCCESS
2025-12-23T05:38:57.280060+00:00,btc-updown-15m-1766467800,TRADE,UP,ACCUM,1,1,0.0400,0.0400,9,0.3156,4,0.6202,4,0.9358,0.2567,0.56,-1.3214,3.6786,0.0000,93.05,SUCCESS
2025-12-23T05:45:05.557825+00:00,btc-updown-15m-1766467800,RESOLUTION,DOWN,BINANCE_FALLBACK,13,13,1.0000,5.3214,9,0.3156,4,0.6202,4,0.9358,0.2567,0.56,0.0000,0.0000,-1.3214,97.05,RESOLVED
2025-12-23T05:45:15.509209+00:00,btc-updown-15m-1766468700,TRADE,UP,ACCUM,2,2,0.5200,1.0400,2,0.5200,0,0.0000,0,0.0000,0.0000,1.00,-1.0400,0.9600,0.0000,96.01,SUCCESS
2025-12-23T05:45:26.339179+00:00,btc-updown-15m-1766468700,TRADE,UP,ACCUM,2,2,0.5100,1.0201,4,0.5150,0,0.0000,0,0.0000,0.0000,1.00,-2.0601,1.9399,0.0000,94.99,SUCCESS
2025-12-23T05:45:26.339576+00:00,btc-updown-15m-1766468700,TRADE,DOWN,ACCUM,2,2,0.5002,1.0005,4,0.5150,2,0.5002,2,1.0153,-0.0305,0.50,-1.0606,0.9394,0.0000,93.99,SUCCESS
2025-12-23T05:46:25.994645+00:00,btc-updown-15m-1766468700,TRADE,UP,ACCUM,2,2,0.4101,0.8202,6,0.4800,2,0.5002,2,0.9803,0.0394,0.67,-1.8808,2.1192,0.0000,93.17,SUCCESS
2025-12-23T05:50:19.258809+00:00,btc-updown-15m-1766468700,TRADE,DOWN,ACCUM,2,2,0.5200,1.0401,6,0.4800,4,0.5101,4,0.9902,0.0392,0.33,-0.9209,1.0791,0.0000,92.13,SUCCESS
2025-12-23T05:50:30.052138+00:00,btc-updown-15m-1766468700,TRADE,UP,ACCUM,2,2,0.4402,0.8804,8,0.4701,4,0.5101,4,0.9802,0.0791,0.50,-1.8013,2.1987,0.0000,91.25,SUCCESS
2025-12-23T05:50:35.449145+00:00,btc-updown-15m-1766468700,TRADE,DOWN,ACCUM,2,2,0.5202,1.0404,8,0.4701,6,0.5135,6,0.9836,0.0985,0.25,-0.8416,1.1584,0.0000,90.21,SUCCESS
2025-12-23T05:50:40.844816+00:00,btc-updown-15m-1766468700,TRADE,UP,ACCUM,2,2,0.5002,1.0005,10,0.4761,6,0.5135,6,0.9896,0.0624,0.40,-1.8421,2.1579,0.0000,89.20,SUCCESS
2025-12-23T05:50:40.845024+00:00,btc-updown-15m-1766468700,TRADE,DOWN,ACCUM,2,2,0.5001,1.0003,10,0.4761,8,0.5102,8,0.9863,0.1099,0.20,-0.8424,1.1576,0.0000,88.20,SUCCESS
2025-12-23T05:50:46.371998+00:00,btc-updown-15m-1766468700,TRADE,UP,ACCUM,2,2,0.5102,1.0204,12,0.4818,8,0.5102,8,0.9920,0.0644,0.33,-1.8628,2.1372,0.0000,87.18,SUCCESS
2025-12-23T05:51:13.778671+00:00,btc-updown-15m-1766468700,TRADE,DOWN,ACCUM,2,2,0.5002,1.0003,12,0.4818,10,0.5082,10,0.9900,0.1005,0.17,-0.8631,1.1369,0.0000,86.18,SUCCESS
2025-12-23T05:51:19.158747+00:00,btc-updown-15m-1766468700,TRADE,DOWN,ACCUM,2,2,0.4202,0.8404,12,0.4818,12,0.4935,12,0.9753,0.2965,0.00,0.2965,0.2965,0.0000,85.34,SUCCESS
2025-12-23T05:51:24.780450+00:00,btc-updown-15m-1766468700,TRADE,DOWN,ACCUM,2,2,0.4000,0.8001,12,0.4818,14,0.4801,12,0.9619,0.4567,0.14,-0.5036,1.4964,0.0000,84.54,SUCCESS
2025-12-23T05:51:30.275154+00:00,btc-updown-15m-1766468700,TRADE,DOWN,ACCUM,2,2,0.3802,0.7603,12,0.4818,16,0.4676,12,0.9494,0.6067,0.25,-1.2639,2.7361,0.0000,83.78,SUCCESS
2025-12-23T05:51:41.080299+00:00,btc-updown-15m-1766468700,TRADE,UP,ACCUM,2,2,0.6002,1.2004,14,0.4987,16,0.4676,14,0.9664,0.4710,0.12,-0.4643,1.5357,0.0000,82.58,SUCCESS
2025-12-23T05:51:46.462990+00:00,btc-updown-15m-1766468700,TRADE,UP,ACCUM,2,2,0.6001,1.2001,16,0.5114,16,0.4676,16,0.9790,0.3356,0.00,0.3356,0.3356,0.0000,81.38,SUCCESS
2025-12-23T06:00:00.745649+00:00,btc-updown-15m-1766468700,RESOLUTION,DOWN,BINANCE_FALLBACK,32,32,1.0000,15.6644,16,0.5114,16,0.4676,16,0.9790,0.3356,0.00,0.0000,0.0000,0.3356,97.38,RESOLVED
2025-12-23T06:00:08.759121+00:00,btc-updown-15m-1766469600,TRADE,UP,ACCUM,2,2,0.4101,0.8201,2,0.4101,0,0.0000,0,0.0000,0.0000,1.00,-0.8201,1.1799,0.0000,96.56,SUCCESS
2025-12-23T06:00:14.388025+00:00,btc-updown-15m-1766469600,TRADE,UP,ACCUM,2,2,0.4100,0.8201,4,0.4100,0,0.0000,0,0.0000,0.0000,1.00,-1.6402,2.3598,0.0000,95.74,SUCCESS
2025-12-23T06:00:14.388187+00:00,btc-updown-15m-1766469600,TRADE,DOWN,ACCUM,2,2,0.6000,1.2000,4,0.4100,2,0.6000,2,1.0101,-0.0201,0.50,-0.8402,1.1598,0.0000,94.54,SUCCESS
2025-12-23T06:00:36.069584+00:00,btc-updown-15m-1766469600,TRADE,UP,ACCUM,2,2,0.3100,0.6201,6,0.3767,2,0.6000,2,0.9767,0.0465,0.67,-1.4603,2.5397,0.0000,93.92,SUCCESS
2025-12-23T06:03:19.456516+00:00,btc-updown-15m-1766469600,TRADE,DOWN,ACCUM,2,2,0.5702,1.1405,6,0.3767,4,0.5851,4,0.9618,0.1527,0.33,-0.6008,1.3992,0.0000,92.78,SUCCESS
2025-12-23T06:03:24.858936+00:00,btc-updown-15m-1766469600,TRADE,UP,ACCUM,2,2,0.4601,0.9202,8,0.3976,4,0.5851,4,0.9827,0.0693,0.50,-1.5210,2.4790,0.0000,91.86,SUCCESS
2025-12-23T06:03:30.244660+00:00,btc-updown-15m-1766469600,TRADE,DOWN,ACCUM,2,2,0.5800,1.1601,8,0.3976,6,0.5834,6,0.9810,0.1141,0.25,-0.6810,1.3190,0.0000,90.70,SUCCESS
2025-12-23T06:03:35.677562+00:00,btc-updown-15m-1766469600,TRADE,UP,ACCUM,2,1,0.4301,0.4301,9,0.4012,6,0.5834,6,0.9846,0.0924,0.33,-1.1112,1.8888,0.0000,90.27,SUCCESS
2025-12-23T06:03:35.677938+00:00,btc-updown-15m-1766469600,TRADE,DOWN,ACCUM,2,2,0.5702,1.1404,9,0.4012,8,0.5801,8,0.9813,0.1496,0.11,-0.2515,0.7485,0.0000,89.13,SUCCESS
2025-12-23T06:03:41.058193+00:00,btc-updown-15m-1766469600,TRADE,DOWN,ACCUM,2,2,0.5302,1.0604,9,0.4012,10,0.5701,9,0.9713,0.2582,0.10,-0.3119,0.6881,0.0000,88.07,SUCCESS
2025-12-23T06:03:46.455679+00:00,btc-updown-15m-1766469600,TRADE,UP,ACCUM,2,2,0.5301,1.0603,11,0.4246,10,0.5701,10,0.9948,0.0524,0.09,-0.3722,0.6278,0.0000,87.01,SUCCESS
2025-12-23T06:03:46.456587+00:00,btc-updown-15m-1766469600,TRADE,DOWN,ACCUM,2,2,0.4602,0.9203,11,0.4246,12,0.5518,11,0.9764,0.2593,0.08,-0.2925,0.7075,0.0000,86.09,SUCCESS
2025-12-23T06:03:51.850200+00:00,btc-updown-15m-1766469600,TRADE,UP,ACCUM,2,2,0.5102,1.0204,13,0.4378,12,0.5518,12,0.9896,0.1248,0.08,-0.3129,0.6871,0.0000,85.07,SUCCESS
2025-12-23T06:03:57.320943+00:00,btc-updown-15m-1766469600,TRADE,DOWN,ACCUM,2,2,0.5002,1.0005,13,0.4378,14,0.5444,13,0.9822,0.2310,0.07,-0.3134,0.6866,0.0000,84.07,SUCCESS
2025-12-23T06:04:02.744199+00:00,btc-updown-15m-1766469600,TRADE,UP,ACCUM,2,2,0.4800,0.9600,15,0.4434,14,0.5444,14,0.9879,0.1700,0.07,-0.2734,0.7266,0.0000,83.11,SUCCESS
2025-12-23T06:04:08.156651+00:00,btc-updown-15m-1766469600,TRADE,DOWN,ACCUM,2,2,0.5999,1.1998,15,0.4434,16,0.5514,15,0.9948,0.0781,0.06,-0.4732,0.5268,0.0000,81.91,SUCCESS
2025-12-23T06:15:04.503686+00:00,btc-updown-15m-1766469600,RESOLUTION,DOWN,BINANCE_FALLBACK,31,31,1.0000,15.4732,15,0.4434,16,0.5514,15,0.9948,0.0781,0.06,0.0000,0.0000,0.5268,97.91,RESOLVED
2025-12-23T06:15:12.877886+00:00,btc-updown-15m-1766470500,TRADE,DOWN,ACCUM,2,2,0.4502,0.9003,0,0.0000,2,0.4502,0,0.0000,0.0000,1.00,-0.9003,1.0997,0.0000,97.01,SUCCESS
2025-12-23T06:15:18.506045+00:00,btc-updown-15m-1766470500,TRADE,UP,ACCUM,2,2,0.5902,1.1804,2,0.5902,2,0.4502,2,1.0404,-0.0807,0.00,-0.0807,-0.0807,0.0000,95.83,SUCCESS
2025-12-23T06:15:18.506235+00:00,btc-updown-15m-1766470500,TRADE,DOWN,ACCUM,2,2,0.4201,0.8401,2,0.5902,4,0.4351,2,1.0253,-0.0506,0.50,-0.9208,1.0792,0.0000,94.99,SUCCESS
2025-12-23T06:16:23.332864+00:00,btc-updown-15m-1766470500,TRADE,DOWN,ACCUM,2,2,0.3400,0.6801,2,0.5902,6,0.4034,2,0.9936,0.0128,0.67,-1.6009,2.3991,0.0000,94.31,SUCCESS
2025-12-23T06:16:50.643087+00:00,btc-updown-15m-1766470500,TRADE,UP,ACCUM,2,2,0.5400,1.0801,4,0.5651,6,0.4034,4,0.9685,0.1259,0.33,-0.6810,1.3190,0.0000,93.23,SUCCESS
2025-12-23T06:17:01.457341+00:00,btc-updown-15m-1766470500,TRADE,UP,ACCUM,2,2,0.4101,0.8202,6,0.5134,6,0.4034,6,0.9169,0.4989,0.00,0.4989,0.4989,0.0000,92.41,SUCCESS
2025-12-23T06:17:06.874431+00:00,btc-updown-15m-1766470500,TRADE,UP,ACCUM,2,2,0.4801,0.9602,8,0.5051,6,0.4034,6,0.9085,0.5489,0.25,-0.4613,1.5387,0.0000,91.45,SUCCESS
2025-12-23T06:17:06.874725+00:00,btc-updown-15m-1766470500,TRADE,DOWN,ACCUM,2,2,0.5302,1.0604,8,0.5051,8,0.4351,8,0.9402,0.4783,0.00,0.4783,0.4783,0.0000,90.39,SUCCESS
2025-12-23T06:17:12.383837+00:00,btc-updown-15m-1766470500,TRADE,UP,ACCUM,2,2,0.4902,0.9804,10,0.5021,8,0.4351,8,0.9372,0.5022,0.20,-0.5021,1.4979,0.0000,89.41,SUCCESS
2025-12-23T06:17:12.384068+00:00,btc-updown-15m-1766470500,TRADE,DOWN,ACCUM,2,2,0.5302,1.0603,10,0.5021,10,0.4541,10,0.9562,0.4376,0.00,0.4376,0.4376,0.0000,88.35,SUCCESS
2025-12-23T06:17:17.818860+00:00,btc-updown-15m-1766470500,TRADE,UP,ACCUM,2,1,0.4401,0.4401,11,0.4965,10,0.4541,10,0.9506,0.4939,0.09,-0.0026,0.9974,0.0000,87.91,SUCCESS
2025-12-23T06:17:17.819068+00:00,btc-updown-15m-1766470500,TRADE,DOWN,ACCUM,2,2,0.5702,1.1404,11,0.4965,12,0.4735,11,0.9700,0.3305,0.08,-0.1430,0.8570,0.0000,86.77,SUCCESS
2025-12-23T06:17:23.260429+00:00,btc-updown-15m-1766470500,TRADE,UP,ACCUM,2,1,0.4502,0.4502,12,0.4926,12,0.4735,12,0.9661,0.4068,0.00,0.4068,0.4068,0.0000,86.32,SUCCESS
2025-12-23T06:17:23.261086+00:00,btc-updown-15m-1766470500,TRADE,DOWN,ACCUM,2,2,0.5801,1.1602,12,0.4926,14,0.4887,12,0.9813,0.2240,0.14,-0.7534,1.2466,0.0000,85.16,SUCCESS
2025-12-23T06:17:28.641521+00:00,btc-updown-15m-1766470500,TRADE,UP,ACCUM,2,2,0.3801,0.7602,14,0.4766,14,0.4887,14,0.9653,0.4864,0.00,0.4864,0.4864,0.0000,84.40,SUCCESS
2025-12-23T06:17:34.180427+00:00,btc-updown-15m-1766470500,TRADE,UP,ACCUM,2,2,0.3101,0.6201,16,0.4557,14,0.4887,14,0.9444,0.7778,0.12,-0.1337,1.8663,0.0000,83.78,SUCCESS
2025-12-23T06:17:34.180601+00:00,btc-updown-15m-1766470500,TRADE,DOWN,ACCUM,2,2,0.7000,1.4001,16,0.4557,16,0.5151,16,0.9709,0.4662,0.00,0.4662,0.4662,0.0000,82.38,SUCCESS
2025-12-23T06:30:01.527538+00:00,btc-updown-15m-1766470500,RESOLUTION,DOWN,BINANCE_FALLBACK,32,32,1.0000,15.5338,16,0.4557,16,0.5151,16,0.9709,0.4662,0.00,0.0000,0.0000,0.4662,98.38,RESOLVED
2025-12-23T06:30:15.394760+00:00,btc-updown-15m-1766471400,TRADE,UP,ACCUM,2,1,0.4001,0.4001,1,0.4001,0,0.0000,0,0.0000,0.0000,1.00,-0.4001,0.5999,0.0000,97.98,SUCCESS
2025-12-23T06:30:15.395642+00:00,btc-updown-15m-1766471400,TRADE,DOWN,ACCUM,2,2,0.6102,1.2204,1,0.4001,2,0.6102,1,1.0103,-0.0103,0.50,-0.6205,0.3795,0.0000,96.75,SUCCESS
2025-12-23T06:30:37.136276+00:00,btc-updown-15m-1766471400,TRADE,DOWN,ACCUM,2,1,0.5702,0.5702,1,0.4001,3,0.5969,1,0.9970,0.0030,0.67,-1.1907,0.8093,0.0000,96.18,SUCCESS
2025-12-23T06:30:42.517281+00:00,btc-updown-15m-1766471400,TRADE,DOWN,ACCUM,2,2,0.5100,1.0200,1,0.4001,5,0.5621,1,0.9622,0.0378,0.80,-2.2107,1.7893,0.0000,95.16,SUCCESS
2025-12-23T06:31:15.014486+00:00,btc-updown-15m-1766471400,TRADE,UP,ACCUM,2,2,0.4301,0.8601,3,0.4201,5,0.5621,3,0.9822,0.0534,0.40,-1.0709,0.9291,0.0000,94.30,SUCCESS
2025-12-23T06:31:20.417501+00:00,btc-updown-15m-1766471400,TRADE,UP,ACCUM,2,2,0.4202,0.8404,5,0.4201,5,0.5621,5,0.9822,0.0888,0.00,0.0888,0.0888,0.0000,93.46,SUCCESS
2025-12-23T06:31:20.417986+00:00,btc-updown-15m-1766471400,TRADE,DOWN,ACCUM,2,2,0.5902,1.1805,5,0.4201,7,0.5702,5,0.9903,0.0486,0.29,-1.0917,0.9083,0.0000,92.28,SUCCESS
2025-12-23T06:31:25.815955+00:00,btc-updown-15m-1766471400,TRADE,UP,ACCUM,2,2,0.4001,0.8001,7,0.4144,7,0.5702,7,0.9845,0.1082,0.00,0.1082,0.1082,0.0000,91.48,SUCCESS
2025-12-23T06:31:31.243330+00:00,btc-updown-15m-1766471400,TRADE,UP,ACCUM,2,2,0.3902,0.7803,9,0.4090,7,0.5702,7,0.9792,0.1458,0.22,-0.6722,1.3278,0.0000,90.70,SUCCESS
2025-12-23T06:31:47.885537+00:00,btc-updown-15m-1766471400,TRADE,UP,ACCUM,2,2,0.3801,0.7603,11,0.4038,7,0.5702,7,0.9739,0.1826,0.36,-1.4324,2.5676,0.0000,89.94,SUCCESS
2025-12-23T06:31:47.886051+00:00,btc-updown-15m-1766471400,TRADE,DOWN,ACCUM,2,2,0.6301,1.2602,11,0.4038,9,0.5835,9,0.9872,0.1149,0.18,-0.6926,1.3074,0.0000,88.68,SUCCESS
2025-12-23T06:31:53.402578+00:00,btc-updown-15m-1766471400,TRADE,UP,ACCUM,2,2,0.4102,0.8203,13,0.4047,9,0.5835,9,0.9882,0.1060,0.31,-1.5129,2.4871,0.0000,87.86,SUCCESS
2025-12-23T06:31:53.402963+00:00,btc-updown-15m-1766471400,TRADE,DOWN,ACCUM,2,2,0.6001,1.2003,13,0.4047,11,0.5865,11,0.9912,0.0963,0.15,-0.7132,1.2868,0.0000,86.66,SUCCESS
2025-12-23T06:32:04.348153+00:00,btc-updown-15m-1766471400,TRADE,DOWN,ACCUM,2,2,0.4701,0.9402,13,0.4047,13,0.5686,13,0.9733,0.3466,0.00,0.3466,0.3466,0.0000,85.72,SUCCESS
2025-12-23T06:32:09.776138+00:00,btc-updown-15m-1766471400,TRADE,UP,ACCUM,2,2,0.5101,1.0201,15,0.4188,13,0.5686,13,0.9874,0.1641,0.13,-0.6735,1.3265,0.0000,84.70,SUCCESS
2025-12-23T06:32:09.777200+00:00,btc-updown-15m-1766471400,TRADE,DOWN,ACCUM,2,2,0.5002,1.0004,15,0.4188,15,0.5595,15,0.9783,0.3261,0.00,0.3261,0.3261,0.0000,83.70,SUCCESS
2025-12-23T06:45:04.381567+00:00,btc-updown-15m-1766471400,RESOLUTION,DOWN,BINANCE_FALLBACK,30,30,1.0000,14.6739,15,0.4188,15,0.5595,15,0.9783,0.3261,0.00,0.0000,0.0000,0.3261,98.70,RESOLVED
2025-12-23T06:45:12.146000+00:00,btc-updown-15m-1766472300,TRADE,DOWN,ACCUM,2,2,0.5001,1.0002,0,0.0000,2,0.5001,0,0.0000,0.0000,1.00,-1.0002,0.9998,0.0000,97.70,SUCCESS
2025-12-23T06:45:17.574636+00:00,btc-updown-15m-1766472300,TRADE,UP,ACCUM,2,2,0.5102,1.0204,2,0.5102,2,0.5001,2,1.0103,-0.0206,0.00,-0.0206,-0.0206,0.0000,96.68,SUCCESS
2025-12-23T06:45:44.758161+00:00,btc-updown-15m-1766472300,TRADE,DOWN,ACCUM,2,2,0.4501,0.9002,2,0.5102,4,0.4751,2,0.9853,0.0294,0.50,-0.9208,1.0792,0.0000,95.78,SUCCESS
2025-12-23T06:45:50.153315+00:00,btc-updown-15m-1766472300,TRADE,DOWN,ACCUM,2,2,0.4101,0.8202,2,0.5102,6,0.4534,2,0.9637,0.0727,0.67,-1.7410,2.2590,0.0000,94.96,SUCCESS
2025-12-23T06:46:11.851292+00:00,btc-updown-15m-1766472300,TRADE,UP,ACCUM,2,2,0.5401,1.0803,4,0.5252,6,0.4534,4,0.9786,0.0855,0.33,-0.8213,1.1787,0.0000,93.88,SUCCESS
2025-12-23T06:46:17.236459+00:00,btc-updown-15m-1766472300,TRADE,UP,ACCUM,2,2,0.5402,1.0804,6,0.5302,6,0.4534,6,0.9836,0.0983,0.00,0.0983,0.0983,0.0000,92.80,SUCCESS
2025-12-23T06:46:17.237034+00:00,btc-updown-15m-1766472300,TRADE,DOWN,ACCUM,2,2,0.4700,0.9401,6,0.5302,8,0.4576,6,0.9878,0.0734,0.25,-0.8418,1.1582,0.0000,91.86,SUCCESS
2025-12-23T06:46:22.644785+00:00,btc-updown-15m-1766472300,TRADE,DOWN,ACCUM,2,2,0.4402,0.8804,6,0.5302,10,0.4541,6,0.9843,0.0943,0.40,-1.7221,2.2779,0.0000,90.98,SUCCESS
2025-12-23T06:46:28.037115+00:00,btc-updown-15m-1766472300,TRADE,UP,ACCUM,2,2,0.5601,1.1203,8,0.5377,10,0.4541,8,0.9918,0.0658,0.20,-0.8424,1.1576,0.0000,89.86,SUCCESS
2025-12-23T06:46:33.450040+00:00,btc-updown-15m-1766472300,TRADE,DOWN,ACCUM,2,2,0.4202,0.8404,8,0.5377,12,0.4485,8,0.9861,0.1110,0.33,-1.6828,2.3172,0.0000,89.02,SUCCESS
2025-12-23T06:46:44.239200+00:00,btc-updown-15m-1766472300,TRADE,UP,ACCUM,2,2,0.5400,1.0801,10,0.5381,12,0.4485,10,0.9866,0.1340,0.17,-0.7629,1.2371,0.0000,87.94,SUCCESS
2025-12-23T06:46:55.246475+00:00,btc-updown-15m-1766472300,TRADE,UP,ACCUM,2,1,0.5502,0.5502,11,0.5392,12,0.4485,11,0.9877,0.1354,0.08,-0.3131,0.6869,0.0000,87.39,SUCCESS
2025-12-23T06:47:00.733188+00:00,btc-updown-15m-1766472300,TRADE,UP,ACCUM,2,2,0.5402,1.0805,13,0.5394,12,0.4485,12,0.9878,0.1458,0.08,-0.3936,0.6064,0.0000,86.31,SUCCESS
2025-12-23T06:47:06.127749+00:00,btc-updown-15m-1766472300,TRADE,UP,ACCUM,2,2,0.5402,1.0803,15,0.5395,12,0.4485,12,0.9880,0.1446,0.20,-1.4739,1.5261,0.0000,85.23,SUCCESS
2025-12-23T06:47:06.128223+00:00,btc-updown-15m-1766472300,TRADE,DOWN,ACCUM,2,2,0.4800,0.9601,15,0.5395,14,0.4530,14,0.9925,0.1055,0.07,-0.4340,0.5660,0.0000,84.27,SUCCESS
2025-12-23T06:47:11.523430+00:00,btc-updown-15m-1766472300,TRADE,DOWN,ACCUM,2,2,0.4602,0.9203,15,0.5395,16,0.4539,15,0.9934,0.0996,0.06,-0.3543,0.6457,0.0000,83.35,SUCCESS
2025-12-23T07:00:02.922338+00:00,btc-updown-15m-1766472300,RESOLUTION,DOWN,BINANCE_FALLBACK,31,31,1.0000,15.3543,15,0.5395,16,0.4539,15,0.9934,0.0996,0.06,0.0000,0.0000,0.6457,99.35,RESOLVED
2025-12-23T07:00:11.392840+00:00,btc-updown-15m-1766473200,TRADE,DOWN,ACCUM,2,2,0.6003,1.2006,0,0.0000,2,0.6003,0,0.0000,0.0000,1.00,-1.2006,0.7994,0.0000,98.15,SUCCESS
2025-12-23T07:00:16.981180+00:00,btc-updown-15m-1766473200,TRADE,UP,ACCUM,2,2,0.4900,0.9801,2,0.4900,2,0.6003,2,1.0903,-0.1807,0.00,-0.1807,-0.1807,0.0000,97.17,SUCCESS
2025-12-23T07:00:16.981357+00:00,btc-updown-15m-1766473200,TRADE,DOWN,ACCUM,2,1,0.5201,0.5201,2,0.4900,3,0.5736,2,1.0636,-0.1272,0.33,-0.7008,0.2992,0.0000,96.65,SUCCESS
2025-12-23T07:00:38.701879+00:00,btc-updown-15m-1766473200,TRADE,DOWN,ACCUM,2,2,0.3901,0.7803,2,0.4900,5,0.5002,2,0.9902,0.0195,0.60,-1.4811,1.5189,0.0000,95.87,SUCCESS
2025-12-23T07:00:44.183755+00:00,btc-updown-15m-1766473200,TRADE,DOWN,ACCUM,2,2,0.4102,0.8203,2,0.4900,7,0.4745,2,0.9645,0.0710,0.71,-2.3014,2.6986,0.0000,95.05,SUCCESS
2025-12-23T07:01:11.493455+00:00,btc-updown-15m-1766473200,TRADE,UP,ACCUM,2,2,0.5399,1.0798,4,0.5150,7,0.4745,4,0.9895,0.0422,0.43,-1.3813,1.6187,0.0000,93.97,SUCCESS
2025-12-23T07:01:22.287191+00:00,btc-updown-15m-1766473200,TRADE,DOWN,ACCUM,2,2,0.4200,0.8401,4,0.5150,9,0.4624,4,0.9774,0.0906,0.56,-2.2213,2.7787,0.0000,93.13,SUCCESS
2025-12-23T07:03:16.185890+00:00,btc-updown-15m-1766473200,TRADE,UP,ACCUM,2,2,0.5602,1.1204,6,0.5300,9,0.4624,6,0.9924,0.0454,0.33,-1.3417,1.6583,0.0000,92.01,SUCCESS
2025-12-23T07:03:21.572465+00:00,btc-updown-15m-1766473200,TRADE,DOWN,ACCUM,2,1,0.4302,0.4302,6,0.5300,10,0.4592,6,0.9892,0.0647,0.40,-1.7719,2.2281,0.0000,91.58,SUCCESS
2025-12-23T07:04:16.195587+00:00,btc-updown-15m-1766473200,TRADE,UP,ACCUM,2,2,0.5401,1.0802,8,0.5326,10,0.4592,8,0.9917,0.0662,0.20,-0.8521,1.1479,0.0000,90.49,SUCCESS
2025-12-23T07:04:21.628825+00:00,btc-updown-15m-1766473200,TRADE,DOWN,ACCUM,2,2,0.4401,0.8802,8,0.5326,12,0.4560,8,0.9885,0.0917,0.33,-1.7323,2.2677,0.0000,89.61,SUCCESS
2025-12-23T07:08:58.270489+00:00,btc-updown-15m-1766473200,TRADE,DOWN,ACCUM,1,1,0.1000,0.1000,8,0.5326,13,0.4286,8,0.9612,0.3107,0.38,-1.8323,3.1677,0.0000,89.51,SUCCESS
2025-12-23T07:12:19.953329+00:00,btc-updown-15m-1766473200,TRADE,UP,ACCUM,1,1,0.7201,0.7201,9,0.5534,13,0.4286,9,0.9820,0.1620,0.31,-1.5524,2.4476,0.0000,88.79,SUCCESS
2025-12-23T07:12:30.779482+00:00,btc-updown-15m-1766473200,TRADE,UP,ACCUM,1,1,0.6602,0.6602,10,0.5641,13,0.4286,10,0.9927,0.0732,0.23,-1.2126,1.7874,0.0000,88.13,SUCCESS
2025-12-23T07:12:30.780872+00:00,btc-updown-15m-1766473200,TRADE,DOWN,ACCUM,1,1,0.3501,0.3501,10,0.5641,14,0.4230,10,0.9871,0.1292,0.29,-1.5627,2.4373,0.0000,87.78,SUCCESS
2025-12-23T07:12:36.309922+00:00,btc-updown-15m-1766473200,TRADE,DOWN,ACCUM,1,1,0.2200,0.2200,10,0.5641,15,0.4095,10,0.9735,0.2645,0.33,-1.7828,3.2172,0.0000,87.56,SUCCESS
2025-12-23T07:12:41.728875+00:00,btc-updown-15m-1766473200,TRADE,UP,ACCUM,1,1,0.6700,0.6700,11,0.5737,15,0.4095,11,0.9832,0.1851,0.27,-1.4528,2.5472,0.0000,86.89,SUCCESS
2025-12-23T07:15:02.876813+00:00,btc-updown-15m-1766473200,RESOLUTION,DOWN,BINANCE_FALLBACK,26,26,1.0000,12.4528,11,0.5737,15,0.4095,11,0.9832,0.1851,0.27,0.0000,0.0000,2.5472,101.89,RESOLVED
2025-12-23T07:15:21.525004+00:00,btc-updown-15m-1766474100,TRADE,UP,ACCUM,2,2,0.5001,1.0001,2,0.5001,0,0.0000,0,0.0000,0.0000,1.00,-1.0001,0.9999,0.0000,100.89,SUCCESS
2025-12-23T07:15:21.526000+00:00,btc-updown-15m-1766474100,TRADE,DOWN,ACCUM,2,2,0.5101,1.0202,2,0.5001,2,0.5101,2,1.0102,-0.0203,0.00,-0.0203,-0.0203,0.0000,99.87,SUCCESS
2025-12-23T07:15:43.131956+00:00,btc-updown-15m-1766474100,TRADE,UP,ACCUM,2,2,0.4400,0.8801,4,0.4700,2,0.5101,2,0.9802,0.0397,0.50,-0.9004,1.0996,0.0000,98.99,SUCCESS
2025-12-23T07:15:48.524745+00:00,btc-updown-15m-1766474100,TRADE,UP,ACCUM,2,2,0.4400,0.8801,6,0.4600,2,0.5101,2,0.9702,0.0597,0.67,-1.7805,2.2195,0.0000,98.11,SUCCESS
2025-12-23T07:17:04.569651+00:00,btc-updown-15m-1766474100,TRADE,DOWN,ACCUM,2,2,0.5302,1.0604,6,0.4600,4,0.5202,4,0.9802,0.0792,0.33,-0.8409,1.1591,0.0000,97.05,SUCCESS
2025-12-23T07:17:09.978982+00:00,btc-updown-15m-1766474100,TRADE,DOWN,ACCUM,2,2,0.4301,0.8601,6,0.4600,6,0.4901,6,0.9502,0.2990,0.00,0.2990,0.2990,0.0000,96.19,SUCCESS
2025-12-23T07:17:15.499175+00:00,btc-updown-15m-1766474100,TRADE,UP,ACCUM,2,2,0.6203,1.2405,8,0.5001,6,0.4901,6,0.9902,0.0587,0.25,-0.9415,1.0585,0.0000,94.95,SUCCESS
2025-12-23T07:17:15.499328+00:00,btc-updown-15m-1766474100,TRADE,DOWN,ACCUM,2,2,0.3901,0.7802,8,0.5001,8,0.4651,8,0.9652,0.2782,0.00,0.2782,0.2782,0.0000,94.17,SUCCESS
2025-12-23T07:17:20.932086+00:00,btc-updown-15m-1766474100,TRADE,UP,ACCUM,2,2,0.5901,1.1802,10,0.5181,8,0.4651,8,0.9832,0.1342,0.20,-0.9020,1.0980,0.0000,92.99,SUCCESS
2025-12-23T07:17:31.715143+00:00,btc-updown-15m-1766474100,TRADE,UP,ACCUM,2,2,0.5700,1.1401,12,0.5268,8,0.4651,8,0.9919,0.0650,0.33,-2.0421,1.9579,0.0000,91.85,SUCCESS
2025-12-23T07:17:31.715398+00:00,btc-updown-15m-1766474100,TRADE,DOWN,ACCUM,2,2,0.4402,0.8803,12,0.5268,10,0.4601,10,0.9869,0.1311,0.17,-0.9224,1.0776,0.0000,90.97,SUCCESS
2025-12-23T07:17:37.113808+00:00,btc-updown-15m-1766474100,TRADE,UP,ACCUM,2,2,0.5502,1.1004,14,0.5301,10,0.4601,10,0.9902,0.0977,0.29,-2.0228,1.9772,0.0000,89.87,SUCCESS
2025-12-23T07:17:37.114652+00:00,btc-updown-15m-1766474100,TRADE,DOWN,ACCUM,2,1,0.4702,0.4702,14,0.5301,11,0.4610,11,0.9911,0.0974,0.21,-1.4929,1.5071,0.0000,89.40,SUCCESS
2025-12-23T07:17:42.519263+00:00,btc-updown-15m-1766474100,TRADE,UP,ACCUM,2,2,0.5602,1.1204,16,0.5339,11,0.4610,11,0.9949,0.0560,0.31,-2.6133,2.3867,0.0000,88.28,SUCCESS
2025-12-23T07:17:42.519643+00:00,btc-updown-15m-1766474100,TRADE,DOWN,ACCUM,2,2,0.4500,0.9000,16,0.5339,13,0.4593,13,0.9932,0.0882,0.19,-1.5134,1.4866,0.0000,87.38,SUCCESS
2025-12-23T07:17:48.208642+00:00,btc-updown-15m-1766474100,TRADE,DOWN,ACCUM,2,2,0.4498,0.8997,16,0.5339,15,0.4581,15,0.9919,0.1208,0.06,-0.4131,0.5869,0.0000,86.48,SUCCESS
2025-12-23T07:30:00.855049+00:00,btc-updown-15m-1766474100,RESOLUTION,DOWN,BINANCE_FALLBACK,31,31,1.0000,15.4131,16,0.5339,15,0.4581,15,0.9919,0.1208,0.06,0.0000,0.0000,-0.4131,101.48,RESOLVED
2025-12-23T07:30:09.331474+00:00,btc-updown-15m-1766475000,TRADE,UP,ACCUM,2,2,0.5001,1.0002,2,0.5001,0,0.0000,0,0.0000,0.0000,1.00,-1.0002,0.9998,0.0000,100.48,SUCCESS
2025-12-23T07:30:09.331667+00:00,btc-updown-15m-1766475000,TRADE,DOWN,ACCUM,2,2,0.5101,1.0201,2,0.5001,2,0.5101,2,1.0102,-0.0203,0.00,-0.0203,-0.0203,0.0000,99.46,SUCCESS
2025-12-23T07:30:25.568677+00:00,btc-updown-15m-1766475000,TRADE,DOWN,ACCUM,2,2,0.4601,0.9201,2,0.5001,4,0.4851,2,0.9852,0.0297,0.50,-0.9404,1.0596,0.0000,98.54,SUCCESS
2025-12-23T07:30:31.265098+00:00,btc-updown-15m-1766475000,TRADE,DOWN,ACCUM,2,2,0.4700,0.9401,2,0.5001,6,0.4801,2,0.9802,0.0397,0.67,-1.8805,2.1195,0.0000,97.60,SUCCESS
2025-12-23T07:30:47.524674+00:00,btc-updown-15m-1766475000,TRADE,UP,ACCUM,2,2,0.5201,1.0402,4,0.5101,6,0.4801,4,0.9901,0.0394,0.33,-0.9207,1.0793,0.0000,96.56,SUCCESS
2025-12-23T07:30:52.913702+00:00,btc-updown-15m-1766475000,TRADE,UP,ACCUM,2,2,0.5100,1.0201,6,0.5101,6,0.4801,6,0.9901,0.0592,0.00,0.0592,0.0592,0.0000,95.54,SUCCESS
2025-12-23T07:30:58.298519+00:00,btc-updown-15m-1766475000,TRADE,UP,ACCUM,2,2,0.5200,1.0401,8,0.5126,6,0.4801,6,0.9926,0.0443,0.25,-0.9809,1.0191,0.0000,94.50,SUCCESS
2025-12-23T07:31:09.214123+00:00,btc-updown-15m-1766475000,TRADE,DOWN,ACCUM,2,2,0.4601,0.9201,8,0.5126,8,0.4751,8,0.9876,0.0990,0.00,0.0990,0.0990,0.0000,93.58,SUCCESS
2025-12-23T07:31:14.734931+00:00,btc-updown-15m-1766475000,TRADE,UP,ACCUM,2,2,0.5201,1.0403,10,0.5141,8,0.4751,8,0.9891,0.0869,0.20,-0.9413,1.0587,0.0000,92.54,SUCCESS
2025-12-23T07:31:14.735198+00:00,btc-updown-15m-1766475000,TRADE,DOWN,ACCUM,2,2,0.4901,0.9803,10,0.5141,10,0.4781,10,0.9922,0.0784,0.00,0.0784,0.0784,0.0000,91.56,SUCCESS
2025-12-23T07:31:20.128438+00:00,btc-updown-15m-1766475000,TRADE,UP,ACCUM,2,2,0.5102,1.0204,12,0.5134,10,0.4781,10,0.9915,0.0848,0.17,-0.9420,1.0580,0.0000,90.54,SUCCESS
2025-12-23T07:31:25.524046+00:00,btc-updown-15m-1766475000,TRADE,UP,ACCUM,2,2,0.5002,1.0004,14,0.5115,10,0.4781,10,0.9896,0.1038,0.29,-1.9424,2.0576,0.0000,89.54,SUCCESS
2025-12-23T07:31:36.408906+00:00,btc-updown-15m-1766475000,TRADE,DOWN,ACCUM,2,2,0.5101,1.0202,14,0.5115,12,0.4834,12,0.9950,0.0605,0.14,-0.9626,1.0374,0.0000,88.52,SUCCESS
2025-12-23T07:31:47.245193+00:00,btc-updown-15m-1766475000,TRADE,DOWN,ACCUM,2,2,0.4601,0.9202,14,0.5115,14,0.4801,14,0.9916,0.1172,0.00,0.1172,0.1172,0.0000,87.60,SUCCESS
2025-12-23T07:31:52.646995+00:00,btc-updown-15m-1766475000,TRADE,DOWN,ACCUM,2,2,0.4701,0.9401,14,0.5115,16,0.4788,14,0.9904,0.1347,0.12,-0.8229,1.1771,0.0000,86.66,SUCCESS
2025-12-23T07:31:58.071834+00:00,btc-updown-15m-1766475000,TRADE,UP,ACCUM,2,2,0.5302,1.0604,16,0.5139,16,0.4788,16,0.9927,0.1167,0.00,0.1167,0.1167,0.0000,85.60,SUCCESS
2025-12-23T07:45:01.652096+00:00,btc-updown-15m-1766475000,RESOLUTION,DOWN,BINANCE_FALLBACK,32,32,1.0000,15.8833,16,0.5139,16,0.4788,16,0.9927,0.1167,0.00,0.0000,0.0000,0.1167,101.60,RESOLVED
2025-12-23T07:45:21.093648+00:00,btc-updown-15m-1766475900,TRADE,UP,ACCUM,2,2,0.5301,1.0602,2,0.5301,0,0.0000,0,0.0000,0.0000,1.00,-1.0602,0.9398,0.0000,100.54,SUCCESS
2025-12-23T07:45:21.094632+00:00,btc-updown-15m-1766475900,TRADE,DOWN,ACCUM,2,2,0.4801,0.9601,2,0.5301,2,0.4801,2,1.0102,-0.0203,0.00,-0.0203,-0.0203,0.0000,99.58,SUCCESS
2025-12-23T07:46:47.729887+00:00,btc-updown-15m-1766475900,TRADE,DOWN,ACCUM,2,2,0.4402,0.8804,2,0.5301,4,0.4601,2,0.9902,0.0195,0.50,-0.9007,1.0993,0.0000,98.70,SUCCESS
2025-12-23T07:46:53.238796+00:00,btc-updown-15m-1766475900,TRADE,DOWN,ACCUM,2,2,0.4200,0.8401,2,0.5301,6,0.4468,2,0.9769,0.0463,0.67,-1.7408,2.2592,0.0000,97.86,SUCCESS
2025-12-23T07:54:01.536737+00:00,btc-updown-15m-1766475900,TRADE,DOWN,ACCUM,1,1,0.0300,0.0300,2,0.5301,7,0.3872,2,0.9173,0.1653,0.71,-1.7709,3.2291,0.0000,97.83,SUCCESS
2025-12-23T08:00:05.063725+00:00,btc-updown-15m-1766475900,RESOLUTION,DOWN,BINANCE_FALLBACK,9,9,1.0000,3.7709,2,0.5301,7,0.3872,2,0.9173,0.1653,0.71,0.0000,0.0000,3.2291,104.83,RESOLVED
2025-12-23T08:00:12.952379+00:00,btc-updown-15m-1766476800,TRADE,UP,ACCUM,2,2,0.4501,0.9002,2,0.4501,0,0.0000,0,0.0000,0.0000,1.00,-0.9002,1.0998,0.0000,103.93,SUCCESS
2025-12-23T08:00:12.952822+00:00,btc-updown-15m-1766476800,TRADE,DOWN,ACCUM,2,2,0.5598,1.1195,2,0.4501,2,0.5598,2,1.0098,-0.0197,0.00,-0.0197,-0.0197,0.0000,102.81,SUCCESS
2025-12-23T08:00:29.322451+00:00,btc-updown-15m-1766476800,TRADE,DOWN,ACCUM,2,2,0.5202,1.0404,2,0.4501,4,0.5400,2,0.9900,0.0199,0.50,-1.0600,0.9400,0.0000,101.77,SUCCESS
2025-12-23T08:00:34.712399+00:00,btc-updown-15m-1766476800,TRADE,DOWN,ACCUM,2,2,0.5299,1.0599,2,0.4501,6,0.5366,2,0.9867,0.0266,0.67,-2.1199,1.8801,0.0000,100.71,SUCCESS
2025-12-23T08:01:01.751877+00:00,btc-updown-15m-1766476800,TRADE,UP,ACCUM,2,2,0.4600,0.9200,4,0.4550,6,0.5366,4,0.9917,0.0333,0.33,-1.0399,0.9601,0.0000,99.79,SUCCESS
2025-12-23T08:01:07.277812+00:00,btc-updown-15m-1766476800,TRADE,DOWN,ACCUM,2,2,0.5400,1.0800,4,0.4550,8,0.5375,4,0.9925,0.0299,0.50,-2.1200,1.8800,0.0000,98.71,SUCCESS
2025-12-23T08:01:23.617604+00:00,btc-updown-15m-1766476800,TRADE,UP,ACCUM,2,2,0.4601,0.9201,6,0.4567,8,0.5375,6,0.9942,0.0348,0.25,-1.0401,0.9599,0.0000,97.79,SUCCESS
2025-12-23T08:01:29.024485+00:00,btc-updown-15m-1766476800,TRADE,DOWN,ACCUM,2,2,0.5402,1.0805,6,0.4567,10,0.5380,6,0.9947,0.0315,0.40,-2.1206,1.8794,0.0000,96.71,SUCCESS
2025-12-23T08:02:01.599840+00:00,btc-updown-15m-1766476800,TRADE,UP,ACCUM,2,2,0.3300,0.6600,8,0.4250,10,0.5380,8,0.9631,0.2954,0.20,-0.7807,1.2193,0.0000,96.05,SUCCESS
2025-12-23T08:02:07.006405+00:00,btc-updown-15m-1766476800,TRADE,UP,ACCUM,2,2,0.2901,0.5802,10,0.3981,10,0.5380,10,0.9361,0.6391,0.00,0.6391,0.6391,0.0000,95.47,SUCCESS
2025-12-23T08:02:07.006944+00:00,btc-updown-15m-1766476800,TRADE,DOWN,ACCUM,2,2,0.7202,1.4404,10,0.3981,12,0.5684,10,0.9665,0.3355,0.17,-0.8013,1.1987,0.0000,94.03,SUCCESS
2025-12-23T08:02:12.405178+00:00,btc-updown-15m-1766476800,TRADE,UP,ACCUM,2,2,0.2901,0.5803,12,0.3801,12,0.5684,12,0.9485,0.6184,0.00,0.6184,0.6184,0.0000,93.45,SUCCESS
2025-12-23T08:02:12.405376+00:00,btc-updown-15m-1766476800,TRADE,DOWN,ACCUM,2,2,0.7201,1.4402,12,0.3801,14,0.5901,12,0.9701,0.3583,0.14,-0.8218,1.1782,0.0000,92.01,SUCCESS
2025-12-23T08:02:17.801156+00:00,btc-updown-15m-1766476800,TRADE,UP,ACCUM,2,2,0.2900,0.5801,14,0.3672,14,0.5901,14,0.9573,0.5981,0.00,0.5981,0.5981,0.0000,91.43,SUCCESS
2025-12-23T08:02:17.801650+00:00,btc-updown-15m-1766476800,TRADE,DOWN,ACCUM,2,2,0.7203,1.4405,14,0.3672,16,0.6063,14,0.9736,0.3703,0.12,-0.8424,1.1576,0.0000,89.98,SUCCESS
2025-12-23T08:02:23.293096+00:00,btc-updown-15m-1766476800,TRADE,UP,ACCUM,2,2,0.2700,0.5401,16,0.3551,16,0.6063,16,0.9614,0.6175,0.00,0.6175,0.6175,0.0000,89.44,SUCCESS
2025-12-23T08:15:00.606521+00:00,btc-updown-15m-1766476800,RESOLUTION,DOWN,BINANCE_FALLBACK,32,32,1.0000,15.3825,16,0.3551,16,0.6063,16,0.9614,0.6175,0.00,0.0000,0.0000,0.6175,105.44,RESOLVED
2025-12-23T08:15:09.456583+00:00,btc-updown-15m-1766477700,TRADE,UP,ACCUM,2,2,0.4802,0.9604,2,0.4802,0,0.0000,0,0.0000,0.0000,1.00,-0.9604,1.0396,0.0000,104.48,SUCCESS
2025-12-23T08:15:09.456745+00:00,btc-updown-15m-1766477700,TRADE,DOWN,ACCUM,2,2,0.5302,1.0605,2,0.4802,2,0.5302,2,1.0104,-0.0209,0.00,-0.0209,-0.0209,0.0000,103.42,SUCCESS
2025-12-23T08:15:25.740303+00:00,btc-updown-15m-1766477700,TRADE,DOWN,ACCUM,2,2,0.4601,0.9202,2,0.4802,4,0.4952,2,0.9754,0.0493,0.50,-0.9411,1.0589,0.0000,102.50,SUCCESS
2025-12-23T08:15:36.604176+00:00,btc-updown-15m-1766477700,TRADE,DOWN,ACCUM,2,2,0.5001,1.0003,2,0.4802,6,0.4968,2,0.9770,0.0460,0.67,-1.9414,2.0586,0.0000,101.50,SUCCESS
2025-12-23T08:20:24.139130+00:00,btc-updown-15m-1766477700,TRADE,UP,ACCUM,2,2,0.5102,1.0205,4,0.4952,6,0.4968,4,0.9920,0.0318,0.33,-0.9618,1.0382,0.0000,100.48,SUCCESS
2025-12-23T08:20:29.538011+00:00,btc-updown-15m-1766477700,TRADE,DOWN,ACCUM,2,2,0.4602,0.9203,4,0.4952,8,0.4877,4,0.9829,0.0685,0.50,-1.8822,2.1178,0.0000,99.56,SUCCESS
2025-12-23T08:20:40.330703+00:00,btc-updown-15m-1766477700,TRADE,UP,ACCUM,2,2,0.5302,1.0604,6,0.5069,8,0.4877,6,0.9945,0.0328,0.25,-0.9426,1.0574,0.0000,98.50,SUCCESS
2025-12-23T08:20:56.655792+00:00,btc-updown-15m-1766477700,TRADE,UP,ACCUM,2,2,0.4601,0.9202,8,0.4952,8,0.4877,8,0.9828,0.1373,0.00,0.1373,0.1373,0.0000,97.58,SUCCESS
2025-12-23T08:21:02.044409+00:00,btc-updown-15m-1766477700,TRADE,UP,ACCUM,2,2,0.4702,0.9404,10,0.4902,8,0.4877,8,0.9778,0.1772,0.20,-0.8032,1.1968,0.0000,96.64,SUCCESS
2025-12-23T08:21:02.045403+00:00,btc-updown-15m-1766477700,TRADE,DOWN,ACCUM,2,2,0.5402,1.0803,10,0.4902,10,0.4982,10,0.9883,0.1165,0.00,0.1165,0.1165,0.0000,95.56,SUCCESS
2025-12-23T08:21:07.464795+00:00,btc-updown-15m-1766477700,TRADE,UP,ACCUM,2,2,0.5002,1.0004,12,0.4919,10,0.4982,10,0.9900,0.0998,0.17,-0.8839,1.1161,0.0000,94.56,SUCCESS
2025-12-23T08:21:12.874078+00:00,btc-updown-15m-1766477700,TRADE,UP,ACCUM,2,2,0.4701,0.9402,14,0.4887,10,0.4982,10,0.9869,0.1309,0.29,-1.8240,2.1760,0.0000,93.62,SUCCESS
2025-12-23T08:21:18.260567+00:00,btc-updown-15m-1766477700,TRADE,DOWN,ACCUM,2,2,0.4901,0.9802,14,0.4887,12,0.4968,12,0.9856,0.1733,0.14,-0.8042,1.1958,0.0000,92.64,SUCCESS
2025-12-23T08:21:23.666652+00:00,btc-updown-15m-1766477700,TRADE,UP,ACCUM,2,2,0.4501,0.9002,16,0.4839,12,0.4968,12,0.9807,0.2312,0.25,-1.7044,2.2956,0.0000,91.74,SUCCESS
2025-12-23T08:21:23.667922+00:00,btc-updown-15m-1766477700,TRADE,DOWN,ACCUM,2,2,0.5602,1.1204,16,0.4839,14,0.5059,14,0.9898,0.1430,0.12,-0.8248,1.1752,0.0000,90.62,SUCCESS
2025-12-23T08:25:01.329752+00:00,btc-updown-15m-1766477700,TRADE,DOWN,ACCUM,1,1,0.5401,0.5401,16,0.4839,15,0.5082,15,0.9921,0.1190,0.06,-0.3649,0.6351,0.0000,90.08,SUCCESS
2025-12-23T08:30:03.774880+00:00,btc-updown-15m-1766477700,RESOLUTION,DOWN,BINANCE_FALLBACK,31,31,1.0000,15.3649,16,0.4839,15,0.5082,15,0.9921,0.1190,0.06,0.0000,0.0000,-0.3649,105.08,RESOLVED
2025-12-23T10:54:30.686852+00:00,btc-updown-15m-1766486700,TRADE,UP,ACCUM,1,1,0.5601,0.5601,1,0.5601,0,0.0000,0,0.0000,0.0000,1.00,-0.5601,0.4399,0.0000,99.44,SUCCESS
2025-12-23T10:54:30.687685+00:00,btc-updown-15m-1766486700,TRADE,DOWN,ACCUM,1,1,0.4500,0.4500,1,0.5601,1,0.4500,1,1.0101,-0.0101,0.00,-0.0101,-0.0101,0.0000,98.99,SUCCESS
2025-12-23T10:54:41.643926+00:00,btc-updown-15m-1766486700,TRADE,UP,ACCUM,1,1,0.5200,0.5200,2,0.5401,1,0.4500,1,0.9901,0.0099,0.50,-0.5302,0.4698,0.0000,98.47,SUCCESS
2025-12-23T10:54:47.136973+00:00,btc-updown-15m-1766486700,TRADE,UP,ACCUM,1,1,0.5103,0.5103,3,0.5301,1,0.4500,1,0.9802,0.0198,0.67,-1.0404,0.9596,0.0000,97.96,SUCCESS
2025-12-23T10:54:58.028520+00:00,btc-updown-15m-1766486700,TRADE,UP,ACCUM,1,1,0.5002,0.5002,4,0.5226,1,0.4500,1,0.9727,0.0273,0.75,-1.5406,1.4594,0.0000,97.46,SUCCESS
2025-12-23T10:55:03.607942+00:00,btc-updown-15m-1766486700,TRADE,UP,ACCUM,1,1,0.5201,0.5201,5,0.5221,1,0.4500,1,0.9722,0.0278,0.80,-2.0607,1.9393,0.0000,96.94,SUCCESS
2025-12-23T10:55:03.608339+00:00,btc-updown-15m-1766486700,TRADE,DOWN,ACCUM,1,1,0.4902,0.4902,5,0.5221,2,0.4701,2,0.9922,0.0155,0.60,-1.5509,1.4491,0.0000,96.45,SUCCESS
2025-12-23T10:55:09.138467+00:00,btc-updown-15m-1766486700,TRADE,UP,ACCUM,1,1,0.5001,0.5001,6,0.5185,2,0.4701,2,0.9886,0.0229,0.67,-2.0509,1.9491,0.0000,95.95,SUCCESS
2025-12-23T10:55:14.707027+00:00,btc-updown-15m-1766486700,TRADE,UP,ACCUM,1,1,0.5001,0.5001,7,0.5158,2,0.4701,2,0.9859,0.0281,0.71,-2.5510,2.4490,0.0000,95.45,SUCCESS
2025-12-23T13:01:17.992834+00:00,btc-updown-15m-1766494800,TRADE,UP,ACCUM,2,2,0.3401,0.6802,2,0.3401,0,0.0000,0,0.0000,0.0000,1.00,-0.6802,1.3198,0.0000,99.32,SUCCESS
2025-12-23T13:01:17.993608+00:00,btc-updown-15m-1766494800,TRADE,DOWN,ACCUM,2,2,0.6703,1.3406,2,0.3401,2,0.6703,2,1.0104,-0.0207,0.00,-0.0207,-0.0207,0.0000,97.98,SUCCESS
2025-12-23T13:01:28.808882+00:00,btc-updown-15m-1766494800,TRADE,DOWN,ACCUM,2,2,0.6101,1.2202,2,0.3401,4,0.6402,2,0.9803,0.0395,0.50,-1.2409,0.7591,0.0000,96.76,SUCCESS
2025-12-23T13:01:34.433569+00:00,btc-updown-15m-1766494800,TRADE,DOWN,ACCUM,2,2,0.5500,1.1000,2,0.3401,6,0.6101,2,0.9502,0.0996,0.67,-2.3409,1.6591,0.0000,95.66,SUCCESS
2025-12-23T13:02:06.942015+00:00,btc-updown-15m-1766494800,TRADE,UP,ACCUM,2,2,0.3701,0.7402,4,0.3551,6,0.6101,4,0.9652,0.1391,0.33,-1.0811,0.9189,0.0000,94.92,SUCCESS
2025-12-23T13:02:12.396044+00:00,btc-updown-15m-1766494800,TRADE,UP,ACCUM,2,2,0.3802,0.7603,6,0.3635,6,0.6101,6,0.9736,0.1585,0.00,0.1585,0.1585,0.0000,94.16,SUCCESS
2025-12-23T13:02:12.396476+00:00,btc-updown-15m-1766494800,TRADE,DOWN,ACCUM,2,2,0.6301,1.2602,6,0.3635,8,0.6151,6,0.9786,0.1286,0.25,-1.1017,0.8983,0.0000,92.90,SUCCESS
2025-12-23T13:02:17.865374+00:00,btc-updown-15m-1766494800,TRADE,UP,ACCUM,2,2,0.3702,0.7404,8,0.3651,8,0.6151,8,0.9803,0.1580,0.00,0.1580,0.1580,0.0000,92.16,SUCCESS
2025-12-23T13:02:17.865808+00:00,btc-updown-15m-1766494800,TRADE,DOWN,ACCUM,2,2,0.6401,1.2802,8,0.3651,10,0.6201,8,0.9853,0.1180,0.20,-1.1223,0.8777,0.0000,90.88,SUCCESS
2025-12-23T13:15:11.187860+00:00,btc-updown-15m-1766495700,TRADE,UP,ACCUM,2,2,0.5300,1.0600,2,0.5300,0,0.0000,0,0.0000,0.0000,1.00,-1.0600,0.9400,0.0000,98.94,SUCCESS
2025-12-23T13:15:11.188251+00:00,btc-updown-15m-1766495700,TRADE,DOWN,ACCUM,2,2,0.4801,0.9601,2,0.5300,2,0.4801,2,1.0101,-0.0201,0.00,-0.0201,-0.0201,0.0000,97.98,SUCCESS
2025-12-23T13:15:27.585797+00:00,btc-updown-15m-1766495700,TRADE,DOWN,ACCUM,2,2,0.4301,0.8603,2,0.5300,4,0.4551,2,0.9851,0.0298,0.50,-0.8804,1.1196,0.0000,97.12,SUCCESS
2025-12-23T13:15:33.173728+00:00,btc-updown-15m-1766495700,TRADE,DOWN,ACCUM,2,2,0.4301,0.8602,2,0.5300,6,0.4468,2,0.9768,0.0464,0.67,-1.7406,2.2594,0.0000,96.26,SUCCESS
2025-12-23T13:16:05.674602+00:00,btc-updown-15m-1766495700,TRADE,UP,ACCUM,2,2,0.5101,1.0202,4,0.5201,6,0.4468,4,0.9668,0.1327,0.33,-0.7609,1.2391,0.0000,95.24,SUCCESS
2025-12-23T13:16:11.204641+00:00,btc-updown-15m-1766495700,TRADE,UP,ACCUM,2,2,0.5503,1.1005,6,0.5301,6,0.4468,6,0.9769,0.1386,0.00,0.1386,0.1386,0.0000,94.14,SUCCESS
2025-12-23T13:16:11.204844+00:00,btc-updown-15m-1766495700,TRADE,DOWN,ACCUM,2,2,0.4602,0.9204,6,0.5301,8,0.4501,6,0.9803,0.1184,0.25,-0.7818,1.2182,0.0000,93.22,SUCCESS
2025-12-23T13:16:16.643981+00:00,btc-updown-15m-1766495700,TRADE,DOWN,ACCUM,2,2,0.5201,1.0403,6,0.5301,10,0.4641,6,0.9943,0.0344,0.40,-1.8221,2.1779,0.0000,92.18,SUCCESS
2025-12-23T13:16:22.070468+00:00,btc-updown-15m-1766495700,TRADE,UP,ACCUM,2,1,0.3301,0.3301,7,0.5016,10,0.4641,7,0.9657,0.2402,0.30,-1.1522,1.8478,0.0000,91.85,SUCCESS
2025-12-23T13:16:27.607064+00:00,btc-updown-15m-1766495700,TRADE,UP,ACCUM,2,2,0.3201,0.6401,9,0.4612,10,0.4641,9,0.9254,0.6718,0.10,0.2077,1.2077,0.0000,91.21,SUCCESS
2025-12-23T13:16:33.025667+00:00,btc-updown-15m-1766495700,TRADE,UP,ACCUM,2,2,0.3200,0.6400,11,0.4356,10,0.4641,10,0.8997,1.0032,0.09,0.5677,1.5677,0.0000,90.57,SUCCESS
2025-12-23T13:16:38.425910+00:00,btc-updown-15m-1766495700,TRADE,UP,ACCUM,2,2,0.3701,0.7402,13,0.4255,10,0.4641,10,0.8896,1.1039,0.23,-0.1725,2.8275,0.0000,89.83,SUCCESS
2025-12-23T13:16:38.426629+00:00,btc-updown-15m-1766495700,TRADE,DOWN,ACCUM,2,2,0.6703,1.3406,13,0.4255,12,0.4985,12,0.9240,0.9124,0.08,0.4869,1.4869,0.0000,88.49,SUCCESS
2025-12-23T13:16:43.843070+00:00,btc-updown-15m-1766495700,TRADE,UP,ACCUM,2,2,0.3501,0.7003,15,0.4154,12,0.4985,12,0.9139,1.0329,0.20,-0.2134,2.7866,0.0000,87.79,SUCCESS
2025-12-23T13:16:43.843594+00:00,btc-updown-15m-1766495700,TRADE,DOWN,ACCUM,2,2,0.6603,1.3206,15,0.4154,14,0.5216,14,0.9370,0.8814,0.07,0.4660,1.4660,0.0000,86.47,SUCCESS
2025-12-23T13:16:49.305048+00:00,btc-updown-15m-1766495700,TRADE,DOWN,ACCUM,2,2,0.6503,1.3005,15,0.4154,16,0.5377,15,0.9531,0.7031,0.06,0.1654,1.1654,0.0000,85.17,SUCCESS
2025-12-23T13:30:01.973552+00:00,btc-updown-15m-1766495700,RESOLUTION,UP,BINANCE_FALLBACK_SHARED,31,31,1.0000,14.8346,15,0.4154,16,0.5377,15,0.9531,0.7031,0.06,0.0000,0.0000,0.1654,100.17,RESOLVED
2025-12-23T13:30:15.969817+00:00,btc-updown-15m-1766496600,TRADE,UP,ACCUM,2,2,0.4802,0.9605,2,0.4802,0,0.0000,0,0.0000,0.0000,1.00,-0.9605,1.0395,0.0000,99.20,SUCCESS
2025-12-23T13:30:15.970395+00:00,btc-updown-15m-1766496600,TRADE,DOWN,ACCUM,2,2,0.5301,1.0601,2,0.4802,2,0.5301,2,1.0103,-0.0206,0.00,-0.0206,-0.0206,0.0000,98.14,SUCCESS
2025-12-23T13:30:26.900013+00:00,btc-updown-15m-1766496600,TRADE,UP,ACCUM,2,2,0.3701,0.7402,4,0.4252,2,0.5301,2,0.9552,0.0895,0.50,-0.7608,1.2392,0.0000,97.40,SUCCESS
2025-12-23T13:30:32.319438+00:00,btc-updown-15m-1766496600,TRADE,UP,ACCUM,2,2,0.3602,0.7203,6,0.4035,2,0.5301,2,0.9336,0.1329,0.67,-1.4811,2.5189,0.0000,96.68,SUCCESS
2025-12-23T13:30:37.712683+00:00,btc-updown-15m-1766496600,TRADE,DOWN,ACCUM,2,2,0.6001,1.2003,6,0.4035,4,0.5651,4,0.9686,0.1256,0.33,-0.6814,1.3186,0.0000,95.48,SUCCESS
2025-12-23T13:30:43.159823+00:00,btc-updown-15m-1766496600,TRADE,UP,ACCUM,2,2,0.4001,0.8001,8,0.4026,4,0.5651,4,0.9677,0.1290,0.50,-1.4815,2.5185,0.0000,94.68,SUCCESS
2025-12-23T13:30:43.160508+00:00,btc-updown-15m-1766496600,TRADE,DOWN,ACCUM,2,2,0.6101,1.2203,8,0.4026,6,0.5801,6,0.9828,0.1035,0.25,-0.7018,1.2982,0.0000,93.46,SUCCESS
2025-12-23T13:30:48.565770+00:00,btc-updown-15m-1766496600,TRADE,UP,ACCUM,2,2,0.4201,0.8402,10,0.4061,6,0.5801,6,0.9862,0.0825,0.40,-1.5420,2.4580,0.0000,92.62,SUCCESS
2025-12-23T13:30:59.457734+00:00,btc-updown-15m-1766496600,TRADE,DOWN,ACCUM,2,2,0.5298,1.0596,10,0.4061,8,0.5675,8,0.9737,0.2107,0.20,-0.6016,1.3984,0.0000,91.56,SUCCESS
2025-12-23T13:31:04.868082+00:00,btc-updown-15m-1766496600,TRADE,DOWN,ACCUM,2,2,0.6602,1.3204,10,0.4061,10,0.5861,10,0.9922,0.0780,0.00,0.0780,0.0780,0.0000,90.24,SUCCESS
2025-12-23T13:31:10.279277+00:00,btc-updown-15m-1766496600,TRADE,UP,ACCUM,2,2,0.4001,0.8002,12,0.4051,10,0.5861,10,0.9912,0.0880,0.17,-0.7222,1.2778,0.0000,89.44,SUCCESS
2025-12-23T13:31:15.812559+00:00,btc-updown-15m-1766496600,TRADE,DOWN,ACCUM,2,1,0.5600,0.5600,12,0.4051,11,0.5837,11,0.9888,0.1229,0.08,-0.2823,0.7177,0.0000,88.88,SUCCESS
2025-12-23T13:31:21.415428+00:00,btc-updown-15m-1766496600,TRADE,DOWN,ACCUM,2,1,0.5501,0.5501,12,0.4051,12,0.5809,12,0.9860,0.1677,0.00,0.1677,0.1677,0.0000,88.33,SUCCESS
2025-12-23T13:31:32.401206+00:00,btc-updown-15m-1766496600,TRADE,DOWN,ACCUM,2,1,0.5002,0.5002,12,0.4051,13,0.5747,12,0.9798,0.2422,0.08,-0.3325,0.6675,0.0000,87.83,SUCCESS
2025-12-23T13:31:37.937652+00:00,btc-updown-15m-1766496600,TRADE,UP,ACCUM,2,2,0.4400,0.8800,14,0.4101,13,0.5747,13,0.9848,0.1976,0.07,-0.2125,0.7875,0.0000,86.95,SUCCESS
2025-12-23T13:31:37.938085+00:00,btc-updown-15m-1766496600,TRADE,DOWN,ACCUM,2,2,0.5697,1.1395,14,0.4101,15,0.5740,14,0.9841,0.2220,0.07,-0.3520,0.6480,0.0000,85.81,SUCCESS
2025-12-23T13:31:43.354516+00:00,btc-updown-15m-1766496600,TRADE,UP,ACCUM,2,2,0.4399,0.8799,16,0.4138,15,0.5740,15,0.9879,0.1820,0.06,-0.2318,0.7682,0.0000,84.93,SUCCESS
2025-12-23T13:45:04.832950+00:00,btc-updown-15m-1766496600,RESOLUTION,DOWN,BINANCE_FALLBACK_SHARED,31,31,1.0000,15.2318,16,0.4138,15,0.5740,15,0.9879,0.1820,0.06,0.0000,0.0000,-0.2318,99.93,RESOLVED
2025-12-23T13:45:13.967283+00:00,btc-updown-15m-1766497500,TRADE,UP,ACCUM,2,2,0.4401,0.8802,2,0.4401,0,0.0000,0,0.0000,0.0000,1.00,-0.8802,1.1198,0.0000,99.05,SUCCESS
2025-12-23T13:45:24.855031+00:00,btc-updown-15m-1766497500,TRADE,UP,ACCUM,2,2,0.4902,0.9805,4,0.4652,0,0.0000,0,0.0000,0.0000,1.00,-1.8607,2.1393,0.0000,98.07,SUCCESS
2025-12-23T13:45:24.855489+00:00,btc-updown-15m-1766497500,TRADE,DOWN,ACCUM,2,2,0.5201,1.0401,4,0.4652,2,0.5201,2,0.9852,0.0295,0.50,-0.9008,1.0992,0.0000,97.03,SUCCESS
2025-12-23T13:45:30.275641+00:00,btc-updown-15m-1766497500,TRADE,UP,ACCUM,2,2,0.4702,0.9404,6,0.4668,2,0.5201,2,0.9869,0.0262,0.67,-1.8412,2.1588,0.0000,96.09,SUCCESS
2025-12-23T13:45:35.917103+00:00,btc-updown-15m-1766497500,TRADE,DOWN,ACCUM,2,2,0.5000,1.0000,6,0.4668,4,0.5100,4,0.9769,0.0925,0.33,-0.8412,1.1588,0.0000,95.09,SUCCESS
2025-12-23T13:45:41.319033+00:00,btc-updown-15m-1766497500,TRADE,UP,ACCUM,2,2,0.4200,0.8401,8,0.4551,4,0.5100,4,0.9652,0.1393,0.50,-1.6813,2.3187,0.0000,94.25,SUCCESS
2025-12-23T13:45:46.707700+00:00,btc-updown-15m-1766497500,TRADE,DOWN,ACCUM,2,2,0.5802,1.1604,8,0.4551,6,0.5334,6,0.9886,0.0686,0.25,-0.8417,1.1583,0.0000,93.09,SUCCESS
2025-12-23T13:45:57.777823+00:00,btc-updown-15m-1766497500,TRADE,UP,ACCUM,2,2,0.3801,0.7602,10,0.4401,6,0.5334,6,0.9736,0.1587,0.40,-1.6019,2.3981,0.0000,92.33,SUCCESS
2025-12-23T13:46:08.751765+00:00,btc-updown-15m-1766497500,TRADE,DOWN,ACCUM,2,2,0.6102,1.2205,10,0.4401,8,0.5526,8,0.9928,0.0579,0.20,-0.8223,1.1777,0.0000,91.11,SUCCESS
2025-12-23T13:46:14.198155+00:00,btc-updown-15m-1766497500,TRADE,UP,ACCUM,2,2,0.3602,0.7204,12,0.4268,8,0.5526,8,0.9794,0.1645,0.33,-1.5427,2.4573,0.0000,90.39,SUCCESS
2025-12-23T13:46:25.045952+00:00,btc-updown-15m-1766497500,TRADE,DOWN,ACCUM,2,2,0.5903,1.1806,12,0.4268,10,0.5602,10,0.9870,0.1303,0.17,-0.7233,1.2767,0.0000,89.21,SUCCESS
2025-12-23T13:46:30.469807+00:00,btc-updown-15m-1766497500,TRADE,UP,ACCUM,2,2,0.4701,0.9402,14,0.4330,10,0.5602,10,0.9931,0.0685,0.29,-1.6635,2.3365,0.0000,88.27,SUCCESS
2025-12-23T13:46:30.470571+00:00,btc-updown-15m-1766497500,TRADE,DOWN,ACCUM,2,2,0.5501,1.1002,14,0.4330,12,0.5585,12,0.9915,0.1024,0.14,-0.7636,1.2364,0.0000,87.17,SUCCESS
2025-12-23T13:46:35.930452+00:00,btc-updown-15m-1766497500,TRADE,DOWN,ACCUM,2,2,0.5402,1.0804,14,0.4330,14,0.5559,14,0.9889,0.1560,0.00,0.1560,0.1560,0.0000,86.09,SUCCESS
2025-12-23T13:46:41.337178+00:00,btc-updown-15m-1766497500,TRADE,UP,ACCUM,2,2,0.4700,0.9401,16,0.4376,14,0.5559,14,0.9935,0.0912,0.12,-0.7840,1.2160,0.0000,85.15,SUCCESS
2025-12-23T13:46:41.337926+00:00,btc-updown-15m-1766497500,TRADE,DOWN,ACCUM,2,2,0.5399,1.0798,16,0.4376,16,0.5539,16,0.9915,0.1362,0.00,0.1362,0.1362,0.0000,84.07,SUCCESS
2025-12-23T14:00:03.932144+00:00,btc-updown-15m-1766497500,RESOLUTION,DOWN,BINANCE_FALLBACK_SHARED,32,32,1.0000,15.8638,16,0.4376,16,0.5539,16,0.9915,0.1362,0.00,0.0000,0.0000,0.1362,100.07,RESOLVED
2025-12-23T14:00:11.969337+00:00,btc-updown-15m-1766498400,TRADE,UP,ACCUM,2,2,0.5302,1.0604,2,0.5302,0,0.0000,0,0.0000,0.0000,1.00,-1.0604,0.9396,0.0000,99.01,SUCCESS
2025-12-23T14:00:11.969785+00:00,btc-updown-15m-1766498400,TRADE,DOWN,ACCUM,2,2,0.4802,0.9604,2,0.5302,2,0.4802,2,1.0104,-0.0207,0.00,-0.0207,-0.0207,0.0000,98.05,SUCCESS
2025-12-23T14:00:22.919911+00:00,btc-updown-15m-1766498400,TRADE,DOWN,ACCUM,2,2,0.4402,0.8803,2,0.5302,4,0.4602,2,0.9904,0.0193,0.50,-0.9010,1.0990,0.0000,97.17,SUCCESS
2025-12-23T14:00:33.770998+00:00,btc-updown-15m-1766498400,TRADE,DOWN,ACCUM,2,2,0.4401,0.8803,2,0.5302,6,0.4535,2,0.9837,0.0327,0.67,-1.7813,2.2187,0.0000,96.29,SUCCESS
2025-12-23T14:00:39.259075+00:00,btc-updown-15m-1766498400,TRADE,UP,ACCUM,2,2,0.5400,1.0801,4,0.5351,6,0.4535,4,0.9886,0.0456,0.33,-0.8614,1.1386,0.0000,95.21,SUCCESS
2025-12-23T14:00:50.324801+00:00,btc-updown-15m-1766498400,TRADE,DOWN,ACCUM,2,2,0.4101,0.8201,4,0.5351,8,0.4426,4,0.9777,0.0890,0.50,-1.6815,2.3185,0.0000,94.39,SUCCESS
2025-12-23T14:00:55.733421+00:00,btc-updown-15m-1766498400,TRADE,UP,ACCUM,2,2,0.5802,1.1604,6,0.5501,8,0.4426,6,0.9928,0.0433,0.25,-0.8420,1.1580,0.0000,93.23,SUCCESS
2025-12-23T14:01:01.132321+00:00,btc-updown-15m-1766498400,TRADE,DOWN,ACCUM,2,2,0.4302,0.8604,6,0.5501,10,0.4401,6,0.9903,0.0583,0.40,-1.7023,2.2977,0.0000,92.37,SUCCESS
2025-12-23T14:01:44.699826+00:00,btc-updown-15m-1766498400,TRADE,UP,ACCUM,2,2,0.5201,1.0403,8,0.5426,10,0.4401,8,0.9828,0.1377,0.20,-0.7426,1.2574,0.0000,91.33,SUCCESS
2025-12-23T14:01:50.142933+00:00,btc-updown-15m-1766498400,TRADE,UP,ACCUM,2,2,0.5400,1.0800,10,0.5421,10,0.4401,10,0.9823,0.1774,0.00,0.1774,0.1774,0.0000,90.25,SUCCESS
2025-12-23T14:01:55.658476+00:00,btc-updown-15m-1766498400,TRADE,UP,ACCUM,2,2,0.5401,1.0802,12,0.5418,10,0.4401,10,0.9819,0.1808,0.17,-0.9028,1.0972,0.0000,89.17,SUCCESS
2025-12-23T14:01:55.660017+00:00,btc-updown-15m-1766498400,TRADE,DOWN,ACCUM,2,2,0.4700,0.9400,12,0.5418,12,0.4451,12,0.9869,0.1572,0.00,0.1572,0.1572,0.0000,88.23,SUCCESS
2025-12-23T14:02:01.061961+00:00,btc-updown-15m-1766498400,TRADE,UP,ACCUM,2,2,0.5903,1.1806,14,0.5487,12,0.4451,12,0.9938,0.0740,0.14,-1.0234,0.9766,0.0000,87.05,SUCCESS
2025-12-23T14:02:06.495137+00:00,btc-updown-15m-1766498400,TRADE,DOWN,ACCUM,2,2,0.4302,0.8604,14,0.5487,14,0.4430,14,0.9917,0.1162,0.00,0.1162,0.1162,0.0000,86.19,SUCCESS
2025-12-23T14:02:17.405485+00:00,btc-updown-15m-1766498400,TRADE,DOWN,ACCUM,2,2,0.3200,0.6400,14,0.5487,16,0.4276,14,0.9763,0.3315,0.12,-0.5238,1.4762,0.0000,85.55,SUCCESS
2025-12-23T14:02:22.807822+00:00,btc-updown-15m-1766498400,TRADE,UP,ACCUM,2,2,0.6297,1.2594,16,0.5588,16,0.4276,16,0.9864,0.2168,0.00,0.2168,0.2168,0.0000,84.29,SUCCESS
2025-12-23T14:15:03.655812+00:00,btc-updown-15m-1766498400,RESOLUTION,UP,BINANCE_FALLBACK_SHARED,32,32,1.0000,15.7832,16,0.5588,16,0.4276,16,0.9864,0.2168,0.00,0.0000,0.0000,0.2168,100.29,RESOLVED
2025-12-23T14:15:12.622439+00:00,btc-updown-15m-1766499300,TRADE,UP,ACCUM,2,2,0.4802,0.9604,2,0.4802,0,0.0000,0,0.0000,0.0000,1.00,-0.9604,1.0396,0.0000,99.33,SUCCESS
2025-12-23T14:15:12.623138+00:00,btc-updown-15m-1766499300,TRADE,DOWN,ACCUM,2,2,0.5301,1.0602,2,0.4802,2,0.5301,2,1.0103,-0.0206,0.00,-0.0206,-0.0206,0.0000,98.27,SUCCESS
2025-12-23T14:30:15.009841+00:00,btc-updown-15m-1766500200,TRADE,UP,ACCUM,2,2,0.4501,0.9001,2,0.4501,0,0.0000,0,0.0000,0.0000,1.00,-0.9001,1.0999,0.0000,99.10,SUCCESS
2025-12-23T14:30:15.010543+00:00,btc-updown-15m-1766500200,TRADE,DOWN,ACCUM,2,2,0.5602,1.1204,2,0.4501,2,0.5602,2,1.0103,-0.0205,0.00,-0.0205,-0.0205,0.0000,97.98,SUCCESS
2025-12-23T14:30:47.968015+00:00,btc-updown-15m-1766500200,TRADE,DOWN,ACCUM,2,2,0.4702,0.9405,2,0.4501,4,0.5152,2,0.9653,0.0694,0.50,-0.9610,1.0390,0.0000,97.04,SUCCESS
2025-12-23T14:30:53.487985+00:00,btc-updown-15m-1766500200,TRADE,DOWN,ACCUM,2,2,0.4501,0.9003,2,0.4501,6,0.4935,2,0.9436,0.1128,0.67,-1.8613,2.1387,0.0000,96.14,SUCCESS
2025-12-23T14:31:09.857652+00:00,btc-updown-15m-1766500200,TRADE,UP,ACCUM,2,2,0.4702,0.9403,4,0.4601,6,0.4935,4,0.9536,0.1855,0.33,-0.8016,1.1984,0.0000,95.20,SUCCESS
2025-12-23T14:31:15.312509+00:00,btc-updown-15m-1766500200,TRADE,DOWN,ACCUM,2,2,0.5502,1.1004,4,0.4601,8,0.5077,4,0.9678,0.1288,0.50,-1.9020,2.0980,0.0000,94.10,SUCCESS
2025-12-23T14:32:21.220233+00:00,btc-updown-15m-1766500200,TRADE,UP,ACCUM,2,2,0.5101,1.0202,6,0.4768,8,0.5077,6,0.9845,0.0931,0.25,-0.9222,1.0778,0.0000,93.08,SUCCESS
2025-12-23T14:32:26.774438+00:00,btc-updown-15m-1766500200,TRADE,UP,ACCUM,2,2,0.4200,0.8401,8,0.4626,8,0.5077,8,0.9703,0.2377,0.00,0.2377,0.2377,0.0000,92.24,SUCCESS
2025-12-23T14:32:32.329281+00:00,btc-updown-15m-1766500200,TRADE,UP,ACCUM,2,2,0.4499,0.8998,10,0.4601,8,0.5077,8,0.9678,0.2580,0.20,-0.6621,1.3379,0.0000,91.34,SUCCESS
2025-12-23T14:32:32.329485+00:00,btc-updown-15m-1766500200,TRADE,DOWN,ACCUM,2,2,0.5600,1.1201,10,0.4601,10,0.5182,10,0.9782,0.2178,0.00,0.2178,0.2178,0.0000,90.22,SUCCESS
2025-12-23T14:32:37.807834+00:00,btc-updown-15m-1766500200,TRADE,UP,ACCUM,2,2,0.4402,0.8803,12,0.4567,10,0.5182,10,0.9749,0.2510,0.17,-0.6625,1.3375,0.0000,89.34,SUCCESS
2025-12-23T14:32:37.808158+00:00,btc-updown-15m-1766500200,TRADE,DOWN,ACCUM,2,1,0.5697,0.5697,12,0.4567,11,0.5229,11,0.9796,0.2245,0.08,-0.2323,0.7677,0.0000,88.77,SUCCESS
2025-12-23T14:32:43.382772+00:00,btc-updown-15m-1766500200,TRADE,UP,ACCUM,2,2,0.4200,0.8401,14,0.4515,11,0.5229,11,0.9744,0.2821,0.21,-1.0723,1.9277,0.0000,87.93,SUCCESS
2025-12-23T14:32:43.383183+00:00,btc-updown-15m-1766500200,TRADE,DOWN,ACCUM,2,2,0.5701,1.1403,14,0.4515,13,0.5301,13,0.9816,0.2389,0.07,-0.2126,0.7874,0.0000,86.79,SUCCESS
2025-12-23T14:32:48.997156+00:00,btc-updown-15m-1766500200,TRADE,UP,ACCUM,2,2,0.4401,0.8802,16,0.4501,13,0.5301,13,0.9802,0.2574,0.19,-1.0929,1.9071,0.0000,85.91,SUCCESS
2025-12-23T14:32:48.998164+00:00,btc-updown-15m-1766500200,TRADE,DOWN,ACCUM,2,1,0.5501,0.5501,16,0.4501,14,0.5316,14,0.9816,0.2571,0.12,-0.6430,1.3570,0.0000,85.36,SUCCESS
2025-12-23T14:32:54.546320+00:00,btc-updown-15m-1766500200,TRADE,DOWN,ACCUM,2,2,0.6101,1.2203,16,0.4501,16,0.5414,16,0.9915,0.1367,0.00,0.1367,0.1367,0.0000,84.14,SUCCESS
2025-12-23T14:45:02.491067+00:00,btc-updown-15m-1766500200,RESOLUTION,DOWN,BINANCE_FALLBACK_SHARED,32,32,1.0000,15.8633,16,0.4501,16,0.5414,16,0.9915,0.1367,0.00,0.0000,0.0000,0.1367,100.14,RESOLVED
2025-12-23T14:45:11.171620+00:00,btc-updown-15m-1766501100,TRADE,UP,ACCUM,2,2,0.5201,1.0402,2,0.5201,0,0.0000,0,0.0000,0.0000,1.00,-1.0402,0.9598,0.0000,99.10,SUCCESS
2025-12-23T14:45:11.172803+00:00,btc-updown-15m-1766501100,TRADE,DOWN,ACCUM,2,2,0.4902,0.9804,2,0.5201,2,0.4902,2,1.0103,-0.0205,0.00,-0.0205,-0.0205,0.0000,98.12,SUCCESS
2025-12-23T14:45:22.101256+00:00,btc-updown-15m-1766501100,TRADE,UP,ACCUM,2,2,0.4602,0.9204,4,0.4901,2,0.4902,2,0.9803,0.0393,0.50,-0.9409,1.0591,0.0000,97.20,SUCCESS
2025-12-23T14:45:27.687089+00:00,btc-updown-15m-1766501100,TRADE,UP,ACCUM,2,2,0.4802,0.9603,6,0.4868,2,0.4902,2,0.9770,0.0460,0.67,-1.9013,2.0987,0.0000,96.24,SUCCESS
2025-12-23T14:45:33.096881+00:00,btc-updown-15m-1766501100,TRADE,DOWN,ACCUM,2,2,0.4902,0.9803,6,0.4868,4,0.4902,4,0.9770,0.0920,0.33,-0.8816,1.1184,0.0000,95.26,SUCCESS
2025-12-23T14:45:38.646772+00:00,btc-updown-15m-1766501100,TRADE,UP,ACCUM,2,2,0.4901,0.9803,8,0.4876,4,0.4902,4,0.9778,0.0887,0.50,-1.8619,2.1381,0.0000,94.27,SUCCESS
2025-12-23T14:46:00.326734+00:00,btc-updown-15m-1766501100,TRADE,DOWN,ACCUM,2,2,0.5299,1.0598,8,0.4876,6,0.5034,6,0.9911,0.0537,0.25,-0.9216,1.0784,0.0000,93.22,SUCCESS
2025-12-23T14:46:05.758638+00:00,btc-updown-15m-1766501100,TRADE,UP,ACCUM,2,2,0.4501,0.9003,10,0.4801,6,0.5034,6,0.9836,0.0987,0.40,-1.8219,2.1781,0.0000,92.31,SUCCESS
2025-12-23T14:53:54.377930+00:00,btc-updown-15m-1766501100,TRADE,UP,ACCUM,1,1,0.0700,0.0700,11,0.4429,6,0.5034,6,0.9463,0.3224,0.45,-1.8919,3.1081,0.0000,92.24,SUCCESS
2025-12-23T15:00:05.309630+00:00,btc-updown-15m-1766501100,RESOLUTION,DOWN,BINANCE_FALLBACK_SHARED,17,17,1.0000,7.8919,11,0.4429,6,0.5034,6,0.9463,0.3224,0.45,0.0000,0.0000,-1.8919,98.24,RESOLVED
2025-12-23T15:00:13.774409+00:00,btc-updown-15m-1766502000,TRADE,UP,ACCUM,2,1,0.5101,0.5101,1,0.5101,0,0.0000,0,0.0000,0.0000,1.00,-0.5101,0.4899,0.0000,97.73,SUCCESS
2025-12-23T15:00:13.775377+00:00,btc-updown-15m-1766502000,TRADE,DOWN,ACCUM,2,2,0.5001,1.0002,1,0.5101,2,0.5001,1,1.0102,-0.0102,0.50,-0.5103,0.4897,0.0000,96.73,SUCCESS
2025-12-23T15:00:29.960790+00:00,btc-updown-15m-1766502000,TRADE,DOWN,ACCUM,2,2,0.4101,0.8202,1,0.5101,4,0.4551,1,0.9652,0.0348,0.75,-1.3305,1.6695,0.0000,95.91,SUCCESS
2025-12-23T15:00:35.382842+00:00,btc-updown-15m-1766502000,TRADE,UP,ACCUM,2,1,0.5200,0.5200,2,0.5151,4,0.4551,2,0.9702,0.0596,0.50,-0.8506,1.1494,0.0000,95.39,SUCCESS
2025-12-23T15:00:35.383397+00:00,btc-updown-15m-1766502000,TRADE,DOWN,ACCUM,2,2,0.4902,0.9803,2,0.5151,6,0.4668,2,0.9819,0.0362,0.67,-1.8309,2.1691,0.0000,94.41,SUCCESS
2025-12-23T15:00:40.929875+00:00,btc-updown-15m-1766502000,TRADE,UP,ACCUM,2,2,0.4901,0.9802,4,0.5026,6,0.4668,4,0.9694,0.1224,0.33,-0.8112,1.1888,0.0000,93.43,SUCCESS
2025-12-23T15:00:46.344454+00:00,btc-updown-15m-1766502000,TRADE,UP,ACCUM,2,2,0.4901,0.9802,6,0.4984,6,0.4668,6,0.9652,0.2086,0.00,0.2086,0.2086,0.0000,92.45,SUCCESS
2025-12-23T15:00:46.344740+00:00,btc-updown-15m-1766502000,TRADE,DOWN,ACCUM,2,2,0.5201,1.0403,6,0.4984,8,0.4801,6,0.9786,0.1286,0.25,-0.8317,1.1683,0.0000,91.41,SUCCESS
2025-12-23T15:00:51.729659+00:00,btc-updown-15m-1766502000,TRADE,UP,ACCUM,2,2,0.4801,0.9602,8,0.4939,8,0.4801,8,0.9740,0.2081,0.00,0.2081,0.2081,0.0000,90.45,SUCCESS
2025-12-23T15:00:51.730675+00:00,btc-updown-15m-1766502000,TRADE,DOWN,ACCUM,2,2,0.5298,1.0596,8,0.4939,10,0.4901,8,0.9839,0.1287,0.20,-0.8514,1.1486,0.0000,89.39,SUCCESS
2025-12-23T15:00:57.130712+00:00,btc-updown-15m-1766502000,TRADE,UP,ACCUM,2,2,0.4801,0.9603,10,0.4911,10,0.4901,10,0.9812,0.1883,0.00,0.1883,0.1883,0.0000,88.43,SUCCESS
2025-12-23T15:00:57.130888+00:00,btc-updown-15m-1766502000,TRADE,DOWN,ACCUM,2,2,0.5300,1.0601,10,0.4911,12,0.4967,10,0.9878,0.1216,0.17,-0.8718,1.1282,0.0000,87.37,SUCCESS
2025-12-23T15:01:02.548263+00:00,btc-updown-15m-1766502000,TRADE,UP,ACCUM,2,2,0.4601,0.9202,12,0.4859,12,0.4967,12,0.9827,0.2080,0.00,0.2080,0.2080,0.0000,86.45,SUCCESS
2025-12-23T15:01:08.243134+00:00,btc-updown-15m-1766502000,TRADE,UP,ACCUM,2,2,0.4402,0.8803,14,0.4794,12,0.4967,12,0.9761,0.2865,0.14,-0.6723,1.3277,0.0000,85.57,SUCCESS
2025-12-23T15:01:08.243555+00:00,btc-updown-15m-1766502000,TRADE,DOWN,ACCUM,2,2,0.5702,1.1403,14,0.4794,14,0.5072,14,0.9866,0.1874,0.00,0.1874,0.1874,0.0000,84.43,SUCCESS
2025-12-23T15:01:14.472073+00:00,btc-updown-15m-1766502000,TRADE,DOWN,ACCUM,2,2,0.4801,0.9602,14,0.4794,16,0.5038,14,0.9832,0.2348,0.12,-0.7728,1.2272,0.0000,83.47,SUCCESS
2025-12-23T15:01:20.631212+00:00,btc-updown-15m-1766502000,TRADE,UP,ACCUM,2,2,0.5702,1.1403,16,0.4908,16,0.5038,16,0.9946,0.0868,0.00,0.0868,0.0868,0.0000,82.33,SUCCESS
2025-12-23T15:15:01.619360+00:00,btc-updown-15m-1766502000,RESOLUTION,UP,BINANCE_FALLBACK_SHARED,32,32,1.0000,15.9132,16,0.4908,16,0.5038,16,0.9946,0.0868,0.00,0.0000,0.0000,0.0868,98.33,RESOLVED
2025-12-23T15:15:09.915242+00:00,btc-updown-15m-1766502900,TRADE,UP,ACCUM,2,2,0.6101,1.2202,2,0.6101,0,0.0000,0,0.0000,0.0000,1.00,-1.2202,0.7798,0.0000,97.11,SUCCESS
2025-12-23T15:15:09.915541+00:00,btc-updown-15m-1766502900,TRADE,DOWN,ACCUM,2,2,0.4001,0.8002,2,0.6101,2,0.4001,2,1.0102,-0.0204,0.00,-0.0204,-0.0204,0.0000,96.31,SUCCESS
2025-12-23T15:15:15.512958+00:00,btc-updown-15m-1766502900,TRADE,DOWN,ACCUM,2,2,0.3601,0.7201,2,0.6101,4,0.3801,2,0.9902,0.0197,0.50,-0.7405,1.2595,0.0000,95.59,SUCCESS
2025-12-23T15:15:20.955189+00:00,btc-updown-15m-1766502900,TRADE,DOWN,ACCUM,2,2,0.3401,0.6802,2,0.6101,6,0.3668,2,0.9768,0.0463,0.67,-1.4207,2.5793,0.0000,94.91,SUCCESS
2025-12-23T15:24:03.398475+00:00,btc-updown-15m-1766502900,TRADE,DOWN,ACCUM,1,1,0.0500,0.0500,2,0.6101,7,0.3215,2,0.9316,0.1368,0.71,-1.4707,3.5293,0.0000,94.86,SUCCESS
2025-12-23T15:30:04.308786+00:00,btc-updown-15m-1766502900,RESOLUTION,UP,BINANCE_FALLBACK_SHARED,9,9,1.0000,3.4707,2,0.6101,7,0.3215,2,0.9316,0.1368,0.71,0.0000,0.0000,-1.4707,96.86,RESOLVED
2025-12-23T15:30:13.842989+00:00,btc-updown-15m-1766503800,TRADE,UP,ACCUM,2,2,0.5399,1.0797,2,0.5399,0,0.0000,0,0.0000,0.0000,1.00,-1.0797,0.9203,0.0000,95.78,SUCCESS
2025-12-23T15:30:13.844022+00:00,btc-updown-15m-1766503800,TRADE,DOWN,ACCUM,2,2,0.4701,0.9402,2,0.5399,2,0.4701,2,1.0100,-0.0200,0.00,-0.0200,-0.0200,0.0000,94.84,SUCCESS
2025-12-23T15:30:19.228723+00:00,btc-updown-15m-1766503800,TRADE,DOWN,ACCUM,2,2,0.4401,0.8803,2,0.5399,4,0.4551,2,0.9950,0.0100,0.50,-0.9002,1.0998,0.0000,93.96,SUCCESS
2025-12-23T15:30:24.645517+00:00,btc-updown-15m-1766503800,TRADE,DOWN,ACCUM,2,2,0.4502,0.9003,2,0.5399,6,0.4535,2,0.9933,0.0133,0.67,-1.8005,2.1995,0.0000,93.06,SUCCESS
2025-12-23T15:35:53.028042+00:00,btc-updown-15m-1766503800,TRADE,UP,ACCUM,2,2,0.5001,1.0003,4,0.5200,6,0.4535,4,0.9735,0.1061,0.33,-0.8008,1.1992,0.0000,92.06,SUCCESS
2025-12-23T15:35:58.420121+00:00,btc-updown-15m-1766503800,TRADE,UP,ACCUM,2,2,0.4702,0.9404,6,0.5034,6,0.4535,6,0.9569,0.2588,0.00,0.2588,0.2588,0.0000,91.12,SUCCESS
2025-12-23T15:36:09.532993+00:00,btc-updown-15m-1766503800,TRADE,UP,ACCUM,2,2,0.4800,0.9601,8,0.4976,6,0.4535,6,0.9510,0.2938,0.25,-0.7013,1.2987,0.0000,90.16,SUCCESS
2025-12-23T15:36:09.533439+00:00,btc-updown-15m-1766503800,TRADE,DOWN,ACCUM,2,2,0.5303,1.0605,8,0.4976,8,0.4727,8,0.9702,0.2382,0.00,0.2382,0.2382,0.0000,89.10,SUCCESS
2025-12-23T15:36:14.946944+00:00,btc-updown-15m-1766503800,TRADE,UP,ACCUM,2,2,0.4702,0.9403,10,0.4921,8,0.4727,8,0.9647,0.2820,0.20,-0.7022,1.2978,0.0000,88.16,SUCCESS
2025-12-23T15:36:14.947236+00:00,btc-updown-15m-1766503800,TRADE,DOWN,ACCUM,2,2,0.5402,1.0804,10,0.4921,10,0.4862,10,0.9783,0.2174,0.00,0.2174,0.2174,0.0000,87.08,SUCCESS
2025-12-23T15:36:20.354090+00:00,btc-updown-15m-1766503800,TRADE,UP,ACCUM,2,2,0.4201,0.8402,12,0.4801,10,0.4862,10,0.9663,0.3374,0.17,-0.6227,1.3773,0.0000,86.24,SUCCESS
2025-12-23T15:36:25.790767+00:00,btc-updown-15m-1766503800,TRADE,UP,ACCUM,2,2,0.5502,1.1003,14,0.4901,10,0.4862,10,0.9763,0.2373,0.29,-1.7231,2.2769,0.0000,85.14,SUCCESS
2025-12-23T15:36:25.791122+00:00,btc-updown-15m-1766503800,TRADE,DOWN,ACCUM,2,1,0.4601,0.4601,14,0.4901,11,0.4838,11,0.9739,0.2871,0.21,-1.1832,1.8168,0.0000,84.68,SUCCESS
2025-12-23T15:36:31.376055+00:00,btc-updown-15m-1766503800,TRADE,UP,ACCUM,2,2,0.5802,1.1604,16,0.5014,11,0.4838,11,0.9852,0.1632,0.31,-2.3436,2.6564,0.0000,83.52,SUCCESS
2025-12-23T15:36:36.849097+00:00,btc-updown-15m-1766503800,TRADE,DOWN,ACCUM,2,2,0.4202,0.8403,16,0.5014,13,0.4740,13,0.9754,0.3201,0.19,-1.1839,1.8161,0.0000,82.68,SUCCESS
2025-12-23T15:36:42.290875+00:00,btc-updown-15m-1766503800,TRADE,DOWN,ACCUM,2,2,0.4702,0.9403,16,0.5014,15,0.4735,15,0.9749,0.3771,0.06,-0.1243,0.8757,0.0000,81.74,SUCCESS
2025-12-23T15:45:04.876537+00:00,btc-updown-15m-1766503800,RESOLUTION,UP,BINANCE_FALLBACK_SHARED,31,31,1.0000,15.1243,16,0.5014,15,0.4735,15,0.9749,0.3771,0.06,0.0000,0.0000,0.8757,97.74,RESOLVED
2025-12-23T15:45:12.848783+00:00,btc-updown-15m-1766504700,TRADE,DOWN,ACCUM,2,2,0.6102,1.2205,0,0.0000,2,0.6102,0,0.0000,0.0000,1.00,-1.2205,0.7795,0.0000,96.52,SUCCESS
2025-12-23T15:45:18.255068+00:00,btc-updown-15m-1766504700,TRADE,UP,ACCUM,2,2,0.3902,0.7803,2,0.3902,2,0.6102,2,1.0004,-0.0008,0.00,-0.0008,-0.0008,0.0000,95.74,SUCCESS
2025-12-23T15:45:18.255509+00:00,btc-updown-15m-1766504700,TRADE,DOWN,ACCUM,2,2,0.6200,1.2400,2,0.3902,4,0.6151,2,1.0053,-0.0106,0.50,-1.2408,0.7592,0.0000,94.50,SUCCESS
2025-12-23T15:45:29.193906+00:00,btc-updown-15m-1766504700,TRADE,UP,ACCUM,2,2,0.3400,0.6801,4,0.3651,4,0.6151,4,0.9802,0.0791,0.00,0.0791,0.0791,0.0000,93.82,SUCCESS
2025-12-23T15:45:34.644504+00:00,btc-updown-15m-1766504700,TRADE,UP,ACCUM,2,2,0.3601,0.7201,6,0.3634,4,0.6151,4,0.9785,0.0858,0.33,-0.6410,1.3590,0.0000,93.10,SUCCESS
2025-12-23T15:45:34.645235+00:00,btc-updown-15m-1766504700,TRADE,DOWN,ACCUM,2,2,0.6502,1.3004,6,0.3634,6,0.6268,6,0.9902,0.0586,0.00,0.0586,0.0586,0.0000,91.80,SUCCESS
2025-12-23T15:45:40.295684+00:00,btc-updown-15m-1766504700,TRADE,UP,ACCUM,2,2,0.3301,0.6603,8,0.3551,6,0.6268,6,0.9819,0.1086,0.25,-0.6016,1.3984,0.0000,91.14,SUCCESS
2025-12-23T15:45:45.716716+00:00,btc-updown-15m-1766504700,TRADE,UP,ACCUM,2,2,0.3500,0.7001,10,0.3541,6,0.6268,6,0.9809,0.1146,0.40,-1.3017,2.6983,0.0000,90.43,SUCCESS
2025-12-23T15:45:45.717649+00:00,btc-updown-15m-1766504700,TRADE,DOWN,ACCUM,2,2,0.6703,1.3406,10,0.3541,8,0.6377,8,0.9918,0.0659,0.20,-0.6423,1.3577,0.0000,89.09,SUCCESS
2025-12-23T15:45:51.306343+00:00,btc-updown-15m-1766504700,TRADE,UP,ACCUM,2,2,0.3201,0.6403,12,0.3484,8,0.6377,8,0.9861,0.1112,0.33,-1.2825,2.7175,0.0000,88.45,SUCCESS
2025-12-23T15:46:13.041120+00:00,btc-updown-15m-1766504700,TRADE,DOWN,ACCUM,2,2,0.6501,1.3003,12,0.3484,10,0.6402,10,0.9886,0.1140,0.17,-0.5828,1.4172,0.0000,87.15,SUCCESS
2025-12-23T15:46:18.476583+00:00,btc-updown-15m-1766504700,TRADE,UP,ACCUM,2,2,0.3701,0.7402,14,0.3515,10,0.6402,10,0.9917,0.0831,0.29,-1.3230,2.6770,0.0000,86.41,SUCCESS
2025-12-23T15:46:18.476962+00:00,btc-updown-15m-1766504700,TRADE,DOWN,ACCUM,2,2,0.6501,1.3003,14,0.3515,12,0.6418,12,0.9934,0.0798,0.14,-0.6233,1.3767,0.0000,85.11,SUCCESS
2025-12-23T15:46:24.123069+00:00,btc-updown-15m-1766504700,TRADE,DOWN,ACCUM,2,2,0.6302,1.2604,14,0.3515,14,0.6402,14,0.9917,0.1163,0.00,0.1163,0.1163,0.0000,83.85,SUCCESS
2025-12-23T15:46:29.547236+00:00,btc-updown-15m-1766504700,TRADE,DOWN,ACCUM,2,2,0.6302,1.2604,14,0.3515,16,0.6389,14,0.9904,0.1337,0.12,-1.1441,0.8559,0.0000,82.59,SUCCESS
2025-12-23T15:46:35.300590+00:00,btc-updown-15m-1766504700,TRADE,UP,ACCUM,2,2,0.3101,0.6203,16,0.3463,16,0.6389,16,0.9853,0.2356,0.00,0.2356,0.2356,0.0000,81.97,SUCCESS
2025-12-23T16:00:04.052553+00:00,btc-updown-15m-1766504700,RESOLUTION,UP,BINANCE_FALLBACK_SHARED,32,32,1.0000,15.7644,16,0.3463,16,0.6389,16,0.9853,0.2356,0.00,0.0000,0.0000,0.2356,97.97,RESOLVED
2025-12-23T16:00:13.062042+00:00,btc-updown-15m-1766505600,TRADE,UP,ACCUM,2,2,0.4102,0.8203,2,0.4102,0,0.0000,0,0.0000,0.0000,1.00,-0.8203,1.1797,0.0000,97.15,SUCCESS
2025-12-23T16:00:25.395853+00:00,btc-updown-15m-1766505600,TRADE,UP,ACCUM,2,2,0.4300,0.8601,4,0.4201,0,0.0000,0,0.0000,0.0000,1.00,-1.6804,2.3196,0.0000,96.29,SUCCESS
2025-12-23T16:00:25.396334+00:00,btc-updown-15m-1766505600,TRADE,DOWN,ACCUM,2,2,0.5800,1.1600,4,0.4201,2,0.5800,2,1.0001,-0.0002,0.50,-0.8404,1.1596,0.0000,95.13,SUCCESS
2025-12-23T16:00:41.726671+00:00,btc-updown-15m-1766505600,TRADE,UP,ACCUM,2,2,0.4001,0.8002,6,0.4134,2,0.5800,2,0.9934,0.0131,0.67,-1.6406,2.3594,0.0000,94.33,SUCCESS
2025-12-23T16:00:41.727765+00:00,btc-updown-15m-1766505600,TRADE,DOWN,ACCUM,2,2,0.5601,1.1203,6,0.4134,4,0.5701,4,0.9835,0.0660,0.33,-0.7609,1.2391,0.0000,93.21,SUCCESS
2025-12-23T16:00:47.398462+00:00,btc-updown-15m-1766505600,TRADE,UP,ACCUM,2,2,0.4000,0.8001,8,0.4101,4,0.5701,4,0.9802,0.0794,0.50,-1.5610,2.4390,0.0000,92.41,SUCCESS
2025-12-23T16:01:48.388362+00:00,btc-updown-15m-1766505600,TRADE,DOWN,ACCUM,2,2,0.5903,1.1805,8,0.4101,6,0.5768,6,0.9869,0.0786,0.25,-0.7415,1.2585,0.0000,91.23,SUCCESS
2025-12-23T16:01:54.038419+00:00,btc-updown-15m-1766505600,TRADE,DOWN,ACCUM,2,2,0.5502,1.1004,8,0.4101,8,0.5702,8,0.9802,0.1581,0.00,0.1581,0.1581,0.0000,90.13,SUCCESS
2025-12-23T16:01:59.644256+00:00,btc-updown-15m-1766505600,TRADE,DOWN,ACCUM,2,2,0.5201,1.0402,8,0.4101,10,0.5601,8,0.9702,0.2381,0.20,-0.8822,1.1178,0.0000,89.09,SUCCESS
2025-12-23T16:02:05.436520+00:00,btc-updown-15m-1766505600,TRADE,UP,ACCUM,2,2,0.5002,1.0004,10,0.4281,10,0.5601,10,0.9883,0.1174,0.00,0.1174,0.1174,0.0000,88.09,SUCCESS
2025-12-23T16:02:05.436962+00:00,btc-updown-15m-1766505600,TRADE,DOWN,ACCUM,2,2,0.4902,0.9803,10,0.4281,12,0.5485,10,0.9766,0.2341,0.17,-0.8629,1.1371,0.0000,87.11,SUCCESS
2025-12-23T16:02:10.920508+00:00,btc-updown-15m-1766505600,TRADE,UP,ACCUM,2,2,0.5002,1.0003,12,0.4401,12,0.5485,12,0.9886,0.1368,0.00,0.1368,0.1368,0.0000,86.11,SUCCESS
2025-12-23T16:02:10.920986+00:00,btc-updown-15m-1766505600,TRADE,DOWN,ACCUM,2,2,0.5100,1.0200,12,0.4401,14,0.5430,12,0.9831,0.2027,0.14,-0.8832,1.1168,0.0000,85.09,SUCCESS
2025-12-23T16:02:16.401301+00:00,btc-updown-15m-1766505600,TRADE,DOWN,ACCUM,2,2,0.4501,0.9001,12,0.4401,16,0.5314,12,0.9715,0.3421,0.25,-1.7834,2.2166,0.0000,84.19,SUCCESS
2025-12-23T16:02:21.926241+00:00,btc-updown-15m-1766505600,TRADE,UP,ACCUM,2,2,0.5903,1.1805,14,0.4616,16,0.5314,14,0.9929,0.0988,0.12,-0.9639,1.0361,0.0000,83.01,SUCCESS
2025-12-23T16:15:06.392351+00:00,btc-updown-15m-1766505600,RESOLUTION,UP,BINANCE_FALLBACK_SHARED,30,30,1.0000,14.9639,14,0.4616,16,0.5314,14,0.9929,0.0988,0.12,0.0000,0.0000,-0.9639,97.01,RESOLVED
2025-12-23T16:15:15.428935+00:00,btc-updown-15m-1766506500,TRADE,UP,ACCUM,2,2,0.5302,1.0604,2,0.5302,0,0.0000,0,0.0000,0.0000,1.00,-1.0604,0.9396,0.0000,95.95,SUCCESS
2025-12-23T16:15:15.429392+00:00,btc-updown-15m-1766506500,TRADE,DOWN,ACCUM,2,2,0.4802,0.9605,2,0.5302,2,0.4802,2,1.0104,-0.0208,0.00,-0.0208,-0.0208,0.0000,94.99,SUCCESS
2025-12-23T16:15:44.125063+00:00,btc-updown-15m-1766506500,TRADE,UP,ACCUM,2,2,0.4801,0.9601,4,0.5051,2,0.4802,2,0.9854,0.0293,0.50,-0.9809,1.0191,0.0000,94.03,SUCCESS
2025-12-23T16:15:49.822602+00:00,btc-updown-15m-1766506500,TRADE,UP,ACCUM,2,1,0.5201,0.5201,5,0.5081,2,0.4802,2,0.9883,0.0233,0.60,-1.5010,1.4990,0.0000,93.51,SUCCESS
2025-12-23T16:15:49.822859+00:00,btc-updown-15m-1766506500,TRADE,DOWN,ACCUM,2,2,0.4902,0.9804,5,0.5081,4,0.4852,4,0.9933,0.0266,0.20,-0.4815,0.5185,0.0000,92.53,SUCCESS
2025-12-23T16:16:01.333758+00:00,btc-updown-15m-1766506500,TRADE,UP,ACCUM,2,2,0.4902,0.9803,7,0.5030,4,0.4852,4,0.9882,0.0472,0.43,-1.4618,1.5382,0.0000,91.55,SUCCESS
2025-12-23T16:16:07.052178+00:00,btc-updown-15m-1766506500,TRADE,DOWN,ACCUM,2,2,0.4401,0.8802,7,0.5030,6,0.4702,6,0.9732,0.1610,0.14,-0.3420,0.6580,0.0000,90.67,SUCCESS
2025-12-23T16:16:12.720436+00:00,btc-updown-15m-1766506500,TRADE,UP,ACCUM,2,2,0.5902,1.1803,9,0.5224,6,0.4702,6,0.9925,0.0448,0.33,-1.5223,1.4777,0.0000,89.49,SUCCESS
2025-12-23T16:16:12.720822+00:00,btc-updown-15m-1766506500,TRADE,DOWN,ACCUM,2,2,0.4202,0.8403,9,0.5224,8,0.4577,8,0.9800,0.1597,0.11,-0.3626,0.6374,0.0000,88.65,SUCCESS
2025-12-23T16:16:24.182669+00:00,btc-updown-15m-1766506500,TRADE,DOWN,ACCUM,2,2,0.3501,0.7001,9,0.5224,10,0.4362,9,0.9585,0.3734,0.10,-0.0627,0.9373,0.0000,87.95,SUCCESS
2025-12-23T16:16:29.928915+00:00,btc-updown-15m-1766506500,TRADE,UP,ACCUM,2,2,0.6001,1.2002,11,0.5365,10,0.4362,10,0.9726,0.2736,0.09,-0.2629,0.7371,0.0000,86.75,SUCCESS
2025-12-23T16:16:35.719634+00:00,btc-updown-15m-1766506500,TRADE,UP,ACCUM,2,2,0.5800,1.1601,13,0.5432,10,0.4362,10,0.9793,0.2066,0.23,-1.4230,1.5770,0.0000,85.59,SUCCESS
2025-12-23T16:16:41.418300+00:00,btc-updown-15m-1766506500,TRADE,UP,ACCUM,2,2,0.5900,1.1800,15,0.5494,10,0.4362,10,0.9856,0.1441,0.33,-2.6031,2.3969,0.0000,84.41,SUCCESS
2025-12-23T16:16:41.418469+00:00,btc-updown-15m-1766506500,TRADE,DOWN,ACCUM,2,2,0.4299,0.8598,15,0.5494,12,0.4351,12,0.9845,0.1854,0.20,-1.4629,1.5371,0.0000,83.55,SUCCESS
2025-12-23T16:16:47.142346+00:00,btc-updown-15m-1766506500,TRADE,DOWN,ACCUM,2,2,0.4002,0.8004,15,0.5494,14,0.4301,14,0.9796,0.2862,0.07,-0.2633,0.7367,0.0000,82.75,SUCCESS
2025-12-23T16:16:52.878549+00:00,btc-updown-15m-1766506500,TRADE,DOWN,ACCUM,2,1,0.3801,0.3801,15,0.5494,15,0.4268,15,0.9762,0.3567,0.00,0.3567,0.3567,0.0000,82.36,SUCCESS
2025-12-23T16:30:01.271831+00:00,btc-updown-15m-1766506500,RESOLUTION,UP,BINANCE_FALLBACK_SHARED,30,30,1.0000,14.6433,15,0.5494,15,0.4268,15,0.9762,0.3567,0.00,0.0000,0.0000,0.3567,97.36,RESOLVED
2025-12-23T16:30:12.130131+00:00,btc-updown-15m-1766507400,TRADE,UP,ACCUM,2,1,0.5002,0.5002,1,0.5002,0,0.0000,0,0.0000,0.0000,1.00,-0.5002,0.4998,0.0000,96.86,SUCCESS
2025-12-23T16:30:12.133901+00:00,btc-updown-15m-1766507400,TRADE,DOWN,ACCUM,2,2,0.5101,1.0202,1,0.5002,2,0.5101,1,1.0104,-0.0104,0.50,-0.5205,0.4795,0.0000,95.84,SUCCESS
2025-12-23T16:30:17.789872+00:00,btc-updown-15m-1766507400,TRADE,UP,ACCUM,2,1,0.4502,0.4502,2,0.4752,2,0.5101,2,0.9853,0.0293,0.00,0.0293,0.0293,0.0000,95.39,SUCCESS
2025-12-23T16:30:23.498068+00:00,btc-updown-15m-1766507400,TRADE,UP,ACCUM,2,2,0.3501,0.7003,4,0.4127,2,0.5101,2,0.9228,0.1544,0.50,-0.6709,1.3291,0.0000,94.69,SUCCESS
2025-12-23T16:30:29.122751+00:00,btc-updown-15m-1766507400,TRADE,UP,ACCUM,2,2,0.3901,0.7803,6,0.4052,2,0.5101,2,0.9153,0.1694,0.67,-1.4512,2.5488,0.0000,93.91,SUCCESS
2025-12-23T16:30:29.122923+00:00,btc-updown-15m-1766507400,TRADE,DOWN,ACCUM,2,2,0.6201,1.2402,6,0.4052,4,0.5651,4,0.9703,0.1190,0.33,-0.6914,1.3086,0.0000,92.67,SUCCESS
2025-12-23T16:30:34.859861+00:00,btc-updown-15m-1766507400,TRADE,UP,ACCUM,2,2,0.4101,0.8202,8,0.4064,4,0.5651,4,0.9715,0.1140,0.50,-1.5116,2.4884,0.0000,91.85,SUCCESS
2025-12-23T16:30:34.860391+00:00,btc-updown-15m-1766507400,TRADE,DOWN,ACCUM,2,2,0.6101,1.2201,8,0.4064,6,0.5801,6,0.9865,0.0811,0.25,-0.7317,1.2683,0.0000,90.63,SUCCESS
2025-12-23T16:30:40.540313+00:00,btc-updown-15m-1766507400,TRADE,UP,ACCUM,2,2,0.3901,0.7801,10,0.4031,6,0.5801,6,0.9832,0.1007,0.40,-1.5119,2.4881,0.0000,89.85,SUCCESS
2025-12-23T16:31:31.464750+00:00,btc-updown-15m-1766507400,TRADE,DOWN,ACCUM,2,2,0.6202,1.2403,10,0.4031,8,0.5901,8,0.9932,0.0541,0.20,-0.7522,1.2478,0.0000,88.61,SUCCESS
2025-12-23T16:31:37.171928+00:00,btc-updown-15m-1766507400,TRADE,UP,ACCUM,2,2,0.3900,0.7800,12,0.4010,8,0.5901,8,0.9911,0.0716,0.33,-1.5322,2.4678,0.0000,87.83,SUCCESS
2025-12-23T16:38:55.296405+00:00,btc-updown-15m-1766507400,TRADE,UP,ACCUM,1,1,0.1901,0.1901,13,0.3847,8,0.5901,8,0.9748,0.2013,0.38,-1.7223,3.2777,0.0000,87.64,SUCCESS
2025-12-23T16:39:00.922674+00:00,btc-updown-15m-1766507400,TRADE,DOWN,ACCUM,1,1,0.7603,0.7603,13,0.3847,9,0.6090,9,0.9937,0.0563,0.31,-1.4826,2.5174,0.0000,86.88,SUCCESS
2025-12-23T16:39:06.646498+00:00,btc-updown-15m-1766507400,TRADE,UP,ACCUM,1,1,0.2201,0.2201,14,0.3730,9,0.6090,9,0.9820,0.1622,0.36,-1.7027,3.2973,0.0000,86.66,SUCCESS
2025-12-23T16:42:49.092138+00:00,btc-updown-15m-1766507400,TRADE,DOWN,ACCUM,1,1,0.6601,0.6601,14,0.3730,10,0.6141,10,0.9871,0.1291,0.29,-1.3628,2.6372,0.0000,86.00,SUCCESS
2025-12-23T16:43:00.388893+00:00,btc-updown-15m-1766507400,TRADE,DOWN,ACCUM,1,1,0.4001,0.4001,14,0.3730,11,0.5947,11,0.9676,0.3560,0.21,-0.7629,2.2371,0.0000,85.60,SUCCESS
2025-12-23T16:43:06.146616+00:00,btc-updown-15m-1766507400,TRADE,UP,ACCUM,1,1,0.4501,0.4501,15,0.3781,11,0.5947,11,0.9728,0.2995,0.27,-1.2130,2.7870,0.0000,85.15,SUCCESS
2025-12-23T16:43:06.146860+00:00,btc-updown-15m-1766507400,TRADE,DOWN,ACCUM,1,1,0.6002,0.6002,15,0.3781,12,0.5951,12,0.9732,0.3211,0.20,-0.8132,2.1868,0.0000,84.55,SUCCESS
2025-12-23T16:43:17.582616+00:00,btc-updown-15m-1766507400,TRADE,DOWN,ACCUM,1,1,0.6102,0.6102,15,0.3781,13,0.5963,13,0.9744,0.3328,0.13,-0.4234,1.5766,0.0000,83.94,SUCCESS
2025-12-23T16:43:23.189638+00:00,btc-updown-15m-1766507400,TRADE,DOWN,ACCUM,1,1,0.5800,0.5800,15,0.3781,14,0.5951,14,0.9732,0.3746,0.07,-0.0035,0.9965,0.0000,83.36,SUCCESS
2025-12-23T16:43:28.876708+00:00,btc-updown-15m-1766507400,TRADE,DOWN,ACCUM,1,1,0.5702,0.5702,15,0.3781,15,0.5935,15,0.9716,0.4264,0.00,0.4264,0.4264,0.0000,82.79,SUCCESS
2025-12-23T16:45:01.208755+00:00,btc-updown-15m-1766507400,RESOLUTION,DOWN,BINANCE_FALLBACK_SHARED,30,30,1.0000,14.5736,15,0.3781,15,0.5935,15,0.9716,0.4264,0.00,0.0000,0.0000,0.4264,97.79,RESOLVED
2025-12-23T16:45:10.633753+00:00,btc-updown-15m-1766508300,TRADE,DOWN,ACCUM,2,2,0.5602,1.1204,0,0.0000,2,0.5602,0,0.0000,0.0000,1.00,-1.1204,0.8796,0.0000,96.67,SUCCESS
2025-12-23T16:45:16.360572+00:00,btc-updown-15m-1766508300,TRADE,UP,ACCUM,2,2,0.5002,1.0004,2,0.5002,2,0.5602,2,1.0604,-0.1207,0.00,-0.1207,-0.1207,0.0000,95.67,SUCCESS
2025-12-23T16:45:16.360858+00:00,btc-updown-15m-1766508300,TRADE,DOWN,ACCUM,2,2,0.5101,1.0202,2,0.5002,4,0.5351,2,1.0353,-0.0706,0.50,-1.1409,0.8591,0.0000,94.65,SUCCESS
2025-12-23T16:46:59.493051+00:00,btc-updown-15m-1766508300,TRADE,UP,ACCUM,2,2,0.4100,0.8200,4,0.4551,4,0.5351,4,0.9902,0.0391,0.00,0.0391,0.0391,0.0000,93.83,SUCCESS
2025-12-23T16:47:05.174481+00:00,btc-updown-15m-1766508300,TRADE,DOWN,ACCUM,2,1,0.3001,0.3001,4,0.4551,5,0.4881,4,0.9432,0.2271,0.20,-0.2611,0.7389,0.0000,93.53,SUCCESS
2025-12-23T16:47:10.947471+00:00,btc-updown-15m-1766508300,TRADE,DOWN,ACCUM,2,2,0.1701,0.3401,4,0.4551,7,0.3973,4,0.8524,0.5906,0.43,-0.6012,2.3988,0.0000,93.19,SUCCESS
2025-12-23T16:47:16.642557+00:00,btc-updown-15m-1766508300,TRADE,UP,ACCUM,2,2,0.8202,1.6405,6,0.5768,7,0.3973,6,0.9741,0.1556,0.14,-0.2417,0.7583,0.0000,91.55,SUCCESS
2025-12-23T16:47:16.642866+00:00,btc-updown-15m-1766508300,TRADE,DOWN,ACCUM,2,2,0.1901,0.3802,6,0.5768,9,0.3512,6,0.9280,0.4318,0.33,-0.6219,2.3781,0.0000,91.17,SUCCESS
2025-12-23T16:47:22.318037+00:00,btc-updown-15m-1766508300,TRADE,UP,ACCUM,2,2,0.8301,1.6602,8,0.6401,9,0.3512,8,0.9914,0.0692,0.11,-0.2821,0.7179,0.0000,89.51,SUCCESS
2025-12-23T16:47:22.318483+00:00,btc-updown-15m-1766508300,TRADE,DOWN,ACCUM,2,1,0.1899,0.1899,8,0.6401,10,0.3351,8,0.9752,0.1982,0.20,-0.4720,1.5280,0.0000,89.32,SUCCESS
2025-12-23T16:47:28.087932+00:00,btc-updown-15m-1766508300,TRADE,DOWN,ACCUM,2,2,0.1801,0.3602,8,0.6401,12,0.3093,8,0.9494,0.4049,0.33,-0.8321,3.1679,0.0000,88.96,SUCCESS
2025-12-23T16:47:33.800769+00:00,btc-updown-15m-1766508300,TRADE,UP,ACCUM,2,1,0.8201,0.8201,9,0.6601,12,0.3093,9,0.9694,0.2755,0.25,-0.6523,2.3477,0.0000,88.14,SUCCESS
2025-12-23T16:47:39.572464+00:00,btc-updown-15m-1766508300,TRADE,DOWN,ACCUM,2,2,0.1901,0.3802,9,0.6601,14,0.2922,9,0.9524,0.4287,0.36,-1.0324,3.9676,0.0000,87.76,SUCCESS
2025-12-23T16:47:45.246106+00:00,btc-updown-15m-1766508300,TRADE,UP,ACCUM,2,2,0.8302,1.6605,11,0.6911,14,0.2922,11,0.9833,0.1838,0.21,-0.6929,2.3071,0.0000,86.10,SUCCESS
2025-12-23T16:48:02.488488+00:00,btc-updown-15m-1766508300,TRADE,DOWN,ACCUM,2,2,0.1701,0.3401,11,0.6911,16,0.2770,11,0.9680,0.3518,0.31,-1.0330,3.9670,0.0000,85.76,SUCCESS
2025-12-23T16:48:08.166282+00:00,btc-updown-15m-1766508300,TRADE,UP,ACCUM,2,2,0.8204,1.6408,13,0.7110,16,0.2770,13,0.9879,0.1571,0.19,-0.6738,2.3262,0.0000,84.12,SUCCESS
2025-12-23T16:48:36.573698+00:00,btc-updown-15m-1766508300,TRADE,UP,ACCUM,2,2,0.7604,1.5207,15,0.7175,16,0.2770,15,0.9945,0.0824,0.06,-0.1946,0.8054,0.0000,82.60,SUCCESS
2025-12-23T17:00:04.704619+00:00,btc-updown-15m-1766508300,RESOLUTION,UP,BINANCE_FALLBACK_SHARED,31,31,1.0000,15.1946,15,0.7175,16,0.2770,15,0.9945,0.0824,0.06,0.0000,0.0000,-0.1946,97.60,RESOLVED
2025-12-23T17:00:19.102096+00:00,btc-updown-15m-1766509200,TRADE,UP,ACCUM,2,2,0.5001,1.0001,2,0.5001,0,0.0000,0,0.0000,0.0000,1.00,-1.0001,0.9999,0.0000,96.60,SUCCESS
2025-12-23T17:00:19.103030+00:00,btc-updown-15m-1766509200,TRADE,DOWN,ACCUM,2,2,0.5100,1.0200,2,0.5001,2,0.5100,2,1.0101,-0.0201,0.00,-0.0201,-0.0201,0.0000,95.58,SUCCESS
2025-12-23T17:00:41.807721+00:00,btc-updown-15m-1766509200,TRADE,DOWN,ACCUM,2,2,0.4698,0.9395,2,0.5001,4,0.4899,2,0.9900,0.0201,0.50,-0.9597,1.0403,0.0000,94.64,SUCCESS
2025-12-23T17:00:47.212590+00:00,btc-updown-15m-1766509200,TRADE,DOWN,ACCUM,2,2,0.4702,0.9404,2,0.5001,6,0.4833,2,0.9834,0.0332,0.67,-1.9001,2.0999,0.0000,93.70,SUCCESS
2025-12-23T17:01:03.789914+00:00,btc-updown-15m-1766509200,TRADE,UP,ACCUM,2,2,0.4702,0.9404,4,0.4851,6,0.4833,4,0.9685,0.1261,0.33,-0.8405,1.1595,0.0000,92.76,SUCCESS
2025-12-23T17:01:09.419675+00:00,btc-updown-15m-1766509200,TRADE,UP,ACCUM,2,2,0.5102,1.0204,6,0.4935,6,0.4833,6,0.9768,0.1391,0.00,0.1391,0.1391,0.0000,91.74,SUCCESS
2025-12-23T17:01:09.419826+00:00,btc-updown-15m-1766509200,TRADE,DOWN,ACCUM,2,2,0.5002,1.0004,6,0.4935,8,0.4876,6,0.9810,0.1137,0.25,-0.8614,1.1386,0.0000,90.74,SUCCESS
2025-12-23T17:01:15.017991+00:00,btc-updown-15m-1766509200,TRADE,DOWN,ACCUM,2,2,0.4201,0.8403,6,0.4935,10,0.4741,6,0.9676,0.1946,0.40,-1.7017,2.2983,0.0000,89.90,SUCCESS
2025-12-23T17:01:20.689993+00:00,btc-updown-15m-1766509200,TRADE,UP,ACCUM,2,2,0.5902,1.1804,8,0.5177,10,0.4741,8,0.9917,0.0660,0.20,-0.8821,1.1179,0.0000,88.71,SUCCESS
2025-12-23T17:01:31.893658+00:00,btc-updown-15m-1766509200,TRADE,DOWN,ACCUM,2,2,0.4502,0.9003,8,0.5177,12,0.4701,8,0.9878,0.0979,0.33,-1.7824,2.2176,0.0000,87.81,SUCCESS
2025-12-23T17:01:54.387963+00:00,btc-updown-15m-1766509200,TRADE,UP,ACCUM,2,2,0.5502,1.1003,10,0.5242,12,0.4701,10,0.9943,0.0574,0.17,-0.8828,1.1172,0.0000,86.71,SUCCESS
2025-12-23T17:01:59.907000+00:00,btc-updown-15m-1766509200,TRADE,UP,ACCUM,2,2,0.4101,0.8202,12,0.5052,12,0.4701,12,0.9753,0.2970,0.00,0.2970,0.2970,0.0000,85.89,SUCCESS
2025-12-23T17:02:05.408167+00:00,btc-updown-15m-1766509200,TRADE,UP,ACCUM,2,2,0.4802,0.9605,14,0.5016,12,0.4701,12,0.9717,0.3397,0.14,-0.6635,1.3365,0.0000,84.93,SUCCESS
2025-12-23T17:02:05.409043+00:00,btc-updown-15m-1766509200,TRADE,DOWN,ACCUM,2,2,0.5297,1.0595,14,0.5016,14,0.4786,14,0.9802,0.2770,0.00,0.2770,0.2770,0.0000,83.87,SUCCESS
2025-12-23T17:02:11.096294+00:00,btc-updown-15m-1766509200,TRADE,UP,ACCUM,2,2,0.4501,0.9001,16,0.4952,14,0.4786,14,0.9738,0.3672,0.12,-0.6231,1.3769,0.0000,82.97,SUCCESS
2025-12-23T17:02:11.096452+00:00,btc-updown-15m-1766509200,TRADE,DOWN,ACCUM,2,2,0.5602,1.1204,16,0.4952,16,0.4888,16,0.9840,0.2566,0.00,0.2566,0.2566,0.0000,81.85,SUCCESS
2025-12-23T17:15:01.167263+00:00,btc-updown-15m-1766509200,RESOLUTION,DOWN,BINANCE_FALLBACK_SHARED,32,32,1.0000,15.7434,16,0.4952,16,0.4888,16,0.9840,0.2566,0.00,0.0000,0.0000,0.2566,97.85,RESOLVED
2025-12-23T17:15:21.802973+00:00,btc-updown-15m-1766510100,TRADE,UP,ACCUM,2,2,0.5903,1.1806,2,0.5903,0,0.0000,0,0.0000,0.0000,1.00,-1.1806,0.8194,0.0000,96.67,SUCCESS
2025-12-23T17:15:21.803519+00:00,btc-updown-15m-1766510100,TRADE,DOWN,ACCUM,2,2,0.4202,0.8403,2,0.5903,2,0.4202,2,1.0104,-0.0209,0.00,-0.0209,-0.0209,0.0000,95.83,SUCCESS
2025-12-23T17:15:55.218650+00:00,btc-updown-15m-1766510100,TRADE,UP,ACCUM,2,2,0.5400,1.0800,4,0.5651,2,0.4202,2,0.9853,0.0294,0.50,-1.1009,0.8991,0.0000,94.75,SUCCESS
2025-12-23T17:16:00.743959+00:00,btc-updown-15m-1766510100,TRADE,UP,ACCUM,2,2,0.5501,1.1001,6,0.5601,2,0.4202,2,0.9803,0.0394,0.67,-2.2010,1.7990,0.0000,93.65,SUCCESS
2025-12-23T17:16:06.367453+00:00,btc-updown-15m-1766510100,TRADE,DOWN,ACCUM,2,2,0.3901,0.7802,6,0.5601,4,0.4051,4,0.9653,0.1390,0.33,-0.9813,1.0187,0.0000,92.87,SUCCESS
2025-12-23T17:16:12.038559+00:00,btc-updown-15m-1766510100,TRADE,UP,ACCUM,2,2,0.6200,1.2400,8,0.5751,4,0.4051,4,0.9802,0.0791,0.50,-2.2213,1.7787,0.0000,91.63,SUCCESS
2025-12-23T17:16:12.038756+00:00,btc-updown-15m-1766510100,TRADE,DOWN,ACCUM,2,2,0.3801,0.7602,8,0.5751,6,0.3968,6,0.9719,0.1688,0.25,-0.9814,1.0186,0.0000,90.87,SUCCESS
2025-12-23T17:16:17.456031+00:00,btc-updown-15m-1766510100,TRADE,UP,ACCUM,2,2,0.6602,1.3205,10,0.5921,6,0.3968,6,0.9889,0.0666,0.40,-2.3019,1.6981,0.0000,89.55,SUCCESS
2025-12-23T17:16:28.292899+00:00,btc-updown-15m-1766510100,TRADE,DOWN,ACCUM,2,2,0.3801,0.7601,10,0.5921,8,0.3926,8,0.9847,0.1222,0.20,-1.0620,0.9380,0.0000,88.79,SUCCESS
2025-12-23T17:16:33.818428+00:00,btc-updown-15m-1766510100,TRADE,DOWN,ACCUM,2,2,0.4102,0.8203,10,0.5921,10,0.3961,10,0.9882,0.1176,0.00,0.1176,0.1176,0.0000,87.97,SUCCESS
2025-12-23T17:16:39.350367+00:00,btc-updown-15m-1766510100,TRADE,UP,ACCUM,2,2,0.5800,1.1600,12,0.5901,10,0.3961,10,0.9862,0.1378,0.17,-1.0424,0.9576,0.0000,86.81,SUCCESS
2025-12-23T17:16:39.351465+00:00,btc-updown-15m-1766510100,TRADE,DOWN,ACCUM,2,2,0.4301,0.8603,12,0.5901,12,0.4018,12,0.9919,0.0973,0.00,0.0973,0.0973,0.0000,85.95,SUCCESS
2025-12-23T17:16:50.514327+00:00,btc-updown-15m-1766510100,TRADE,UP,ACCUM,2,2,0.5501,1.1002,14,0.5844,12,0.4018,12,0.9862,0.1659,0.14,-1.0029,0.9971,0.0000,84.85,SUCCESS
2025-12-23T17:16:56.094573+00:00,btc-updown-15m-1766510100,TRADE,UP,ACCUM,2,2,0.5202,1.0403,16,0.5764,12,0.4018,12,0.9781,0.2622,0.25,-2.0432,1.9568,0.0000,83.81,SUCCESS
2025-12-23T17:17:18.564754+00:00,btc-updown-15m-1766510100,TRADE,DOWN,ACCUM,2,2,0.5101,1.0203,16,0.5764,14,0.4173,14,0.9936,0.0892,0.12,-1.0635,0.9365,0.0000,82.79,SUCCESS
2025-12-23T17:17:47.028350+00:00,btc-updown-15m-1766510100,TRADE,DOWN,ACCUM,2,2,0.4201,0.8402,16,0.5764,16,0.4176,16,0.9940,0.0963,0.00,0.0963,0.0963,0.0000,81.95,SUCCESS
2025-12-23T17:30:03.408134+00:00,btc-updown-15m-1766510100,RESOLUTION,DOWN,BINANCE_FALLBACK_SHARED,32,32,1.0000,15.9037,16,0.5764,16,0.4176,16,0.9940,0.0963,0.00,0.0000,0.0000,0.0963,97.95,RESOLVED
2025-12-23T17:30:17.822032+00:00,btc-updown-15m-1766511000,TRADE,UP,ACCUM,2,2,0.4801,0.9602,2,0.4801,0,0.0000,0,0.0000,0.0000,1.00,-0.9602,1.0398,0.0000,96.99,SUCCESS
2025-12-23T17:30:17.823473+00:00,btc-updown-15m-1766511000,TRADE,DOWN,ACCUM,2,2,0.5301,1.0603,2,0.4801,2,0.5301,2,1.0102,-0.0205,0.00,-0.0205,-0.0205,0.0000,95.93,SUCCESS
2025-12-23T17:30:40.134674+00:00,btc-updown-15m-1766511000,TRADE,DOWN,ACCUM,2,2,0.4701,0.9402,2,0.4801,4,0.5001,2,0.9802,0.0396,0.50,-0.9606,1.0394,0.0000,94.99,SUCCESS
2025-12-23T17:30:45.775820+00:00,btc-updown-15m-1766511000,TRADE,DOWN,ACCUM,2,1,0.4101,0.4101,2,0.4801,5,0.4821,2,0.9622,0.0756,0.60,-1.3708,1.6292,0.0000,94.58,SUCCESS
2025-12-23T17:30:56.931062+00:00,btc-updown-15m-1766511000,TRADE,DOWN,ACCUM,2,2,0.4002,0.8003,2,0.4801,7,0.4587,2,0.9388,0.1224,0.71,-2.1711,2.8289,0.0000,93.78,SUCCESS
2025-12-23T17:31:02.482233+00:00,btc-updown-15m-1766511000,TRADE,UP,ACCUM,2,2,0.5802,1.1605,4,0.5302,7,0.4587,4,0.9889,0.0445,0.43,-1.3316,1.6684,0.0000,92.62,SUCCESS
2025-12-23T17:31:07.887300+00:00,btc-updown-15m-1766511000,TRADE,UP,ACCUM,2,2,0.5400,1.0801,6,0.5335,7,0.4587,6,0.9922,0.0471,0.14,-0.4116,0.5884,0.0000,91.54,SUCCESS
2025-12-23T17:31:07.888582+00:00,btc-updown-15m-1766511000,TRADE,DOWN,ACCUM,2,2,0.4801,0.9603,6,0.5335,9,0.4635,6,0.9969,0.0185,0.33,-1.3719,1.6281,0.0000,90.58,SUCCESS
2025-12-23T17:31:19.168076+00:00,btc-updown-15m-1766511000,TRADE,UP,ACCUM,2,2,0.5202,1.0404,8,0.5301,9,0.4635,8,0.9936,0.0512,0.11,-0.4123,0.5877,0.0000,89.54,SUCCESS
2025-12-23T17:31:24.882435+00:00,btc-updown-15m-1766511000,TRADE,DOWN,ACCUM,2,2,0.4600,0.9200,8,0.5301,11,0.4628,8,0.9930,0.0562,0.27,-1.3323,1.6677,0.0000,88.62,SUCCESS
2025-12-23T17:31:30.422060+00:00,btc-updown-15m-1766511000,TRADE,DOWN,ACCUM,2,2,0.4301,0.8602,8,0.5301,13,0.4578,8,0.9879,0.0965,0.38,-2.1926,2.8074,0.0000,87.76,SUCCESS
2025-12-23T17:34:46.397788+00:00,btc-updown-15m-1766511000,TRADE,UP,ACCUM,2,2,0.5501,1.1002,10,0.5341,13,0.4578,10,0.9919,0.0807,0.23,-1.2927,1.7073,0.0000,86.66,SUCCESS
2025-12-23T17:34:51.925332+00:00,btc-updown-15m-1766511000,TRADE,UP,ACCUM,2,2,0.5101,1.0202,12,0.5301,13,0.4578,12,0.9879,0.1448,0.08,-0.3130,0.6870,0.0000,85.64,SUCCESS
2025-12-23T17:34:57.570395+00:00,btc-updown-15m-1766511000,TRADE,UP,ACCUM,2,2,0.5202,1.0405,14,0.5287,13,0.4578,13,0.9865,0.1753,0.07,-0.3534,0.6466,0.0000,84.60,SUCCESS
2025-12-23T17:34:57.570756+00:00,btc-updown-15m-1766511000,TRADE,DOWN,ACCUM,2,2,0.4902,0.9804,14,0.5287,15,0.4621,14,0.9908,0.1283,0.07,-0.3338,0.6662,0.0000,83.62,SUCCESS
2025-12-23T17:35:03.171361+00:00,btc-updown-15m-1766511000,TRADE,UP,ACCUM,2,2,0.5400,1.0800,16,0.5301,15,0.4621,15,0.9922,0.1163,0.06,-0.4138,0.5862,0.0000,82.54,SUCCESS
2025-12-23T17:45:05.437867+00:00,btc-updown-15m-1766511000,RESOLUTION,UP,BINANCE_FALLBACK_SHARED,31,31,1.0000,15.4138,16,0.5301,15,0.4621,15,0.9922,0.1163,0.06,0.0000,0.0000,0.5862,98.54,RESOLVED
2025-12-23T17:45:13.683320+00:00,btc-updown-15m-1766511900,TRADE,DOWN,ACCUM,2,2,0.5602,1.1204,0,0.0000,2,0.5602,0,0.0000,0.0000,1.00,-1.1204,0.8796,0.0000,97.42,SUCCESS
2025-12-23T17:45:19.376316+00:00,btc-updown-15m-1766511900,TRADE,UP,ACCUM,2,2,0.4500,0.9001,2,0.4500,2,0.5602,2,1.0102,-0.0205,0.00,-0.0205,-0.0205,0.0000,96.52,SUCCESS
2025-12-23T17:45:19.376759+00:00,btc-updown-15m-1766511900,TRADE,DOWN,ACCUM,2,2,0.5601,1.1201,2,0.4500,4,0.5601,2,1.0102,-0.0203,0.50,-1.1406,0.8594,0.0000,95.40,SUCCESS
2025-12-23T17:45:41.598959+00:00,btc-updown-15m-1766511900,TRADE,UP,ACCUM,2,2,0.4100,0.8201,4,0.4300,4,0.5601,4,0.9902,0.0393,0.00,0.0393,0.0393,0.0000,94.58,SUCCESS
2025-12-23T17:45:47.174572+00:00,btc-updown-15m-1766511900,TRADE,UP,ACCUM,2,2,0.3900,0.7800,6,0.4167,4,0.5601,4,0.9768,0.0927,0.33,-0.7407,1.2593,0.0000,93.80,SUCCESS
2025-12-23T17:45:52.798283+00:00,btc-updown-15m-1766511900,TRADE,UP,ACCUM,2,2,0.4001,0.8002,8,0.4126,4,0.5601,4,0.9727,0.1093,0.50,-1.5410,2.4590,0.0000,92.99,SUCCESS
2025-12-23T17:45:52.798698+00:00,btc-updown-15m-1766511900,TRADE,DOWN,ACCUM,2,2,0.6101,1.2201,8,0.4126,6,0.5768,6,0.9893,0.0640,0.25,-0.7611,1.2389,0.0000,91.77,SUCCESS
2025-12-23T17:46:04.013058+00:00,btc-updown-15m-1766511900,TRADE,UP,ACCUM,2,2,0.3902,0.7804,10,0.4081,6,0.5768,6,0.9849,0.0908,0.40,-1.5415,2.4585,0.0000,90.99,SUCCESS
2025-12-23T17:54:00.056246+00:00,btc-updown-15m-1766511900,TRADE,UP,ACCUM,1,1,0.0300,0.0300,11,0.3737,6,0.5768,6,0.9505,0.2971,0.45,-1.5715,3.4285,0.0000,90.96,SUCCESS
2025-12-23T18:00:03.591597+00:00,btc-updown-15m-1766511900,RESOLUTION,DOWN,BINANCE_FALLBACK_SHARED,17,17,1.0000,7.5715,11,0.3737,6,0.5768,6,0.9505,0.2971,0.45,0.0000,0.0000,-1.5715,96.96,RESOLVED
2025-12-23T18:00:12.993562+00:00,btc-updown-15m-1766512800,TRADE,UP,ACCUM,2,2,0.6202,1.2405,2,0.6202,0,0.0000,0,0.0000,0.0000,1.00,-1.2405,0.7595,0.0000,95.72,SUCCESS
2025-12-23T18:00:12.993715+00:00,btc-updown-15m-1766512800,TRADE,DOWN,ACCUM,2,2,0.3898,0.7796,2,0.6202,2,0.3898,2,1.0100,-0.0201,0.00,-0.0201,-0.0201,0.0000,94.94,SUCCESS
2025-12-23T18:00:29.808538+00:00,btc-updown-15m-1766512800,TRADE,UP,ACCUM,2,2,0.5702,1.1403,4,0.5952,2,0.3898,2,0.9850,0.0300,0.50,-1.1604,0.8396,0.0000,93.80,SUCCESS
2025-12-23T18:00:35.244065+00:00,btc-updown-15m-1766512800,TRADE,UP,ACCUM,2,2,0.5802,1.1603,6,0.5902,2,0.3898,2,0.9800,0.0400,0.67,-2.3208,1.6792,0.0000,92.64,SUCCESS
2025-12-23T18:00:44.452110+00:00,btc-updown-15m-1766512800,TRADE,DOWN,ACCUM,2,2,0.3500,0.7001,6,0.5902,4,0.3699,4,0.9601,0.1595,0.33,-1.0208,0.9792,0.0000,91.94,SUCCESS
2025-12-23T18:00:50.261976+00:00,btc-updown-15m-1766512800,TRADE,UP,ACCUM,2,2,0.6502,1.3004,8,0.6052,4,0.3699,4,0.9751,0.0995,0.50,-2.3212,1.6788,0.0000,90.64,SUCCESS
2025-12-23T18:00:50.264330+00:00,btc-updown-15m-1766512800,TRADE,DOWN,ACCUM,2,2,0.3601,0.7202,8,0.6052,6,0.3667,6,0.9718,0.1689,0.25,-1.0415,0.9585,0.0000,89.92,SUCCESS
2025-12-23T18:00:55.792379+00:00,btc-updown-15m-1766512800,TRADE,UP,ACCUM,2,1,0.6503,0.6503,9,0.6102,6,0.3667,6,0.9769,0.1388,0.33,-1.6918,1.3082,0.0000,89.27,SUCCESS
2025-12-23T18:00:55.793588+00:00,btc-updown-15m-1766512800,TRADE,DOWN,ACCUM,2,2,0.3601,0.7202,9,0.6102,8,0.3650,8,0.9752,0.1983,0.11,-0.4119,0.5881,0.0000,88.55,SUCCESS
2025-12-23T18:01:01.403412+00:00,btc-updown-15m-1766512800,TRADE,UP,ACCUM,2,2,0.6301,1.2602,11,0.6138,8,0.3650,8,0.9788,0.1693,0.27,-1.6721,1.3279,0.0000,87.29,SUCCESS
2025-12-23T18:01:01.404054+00:00,btc-updown-15m-1766512800,TRADE,DOWN,ACCUM,2,2,0.3800,0.7600,11,0.6138,10,0.3680,10,0.9818,0.1816,0.09,-0.4322,0.5678,0.0000,86.53,SUCCESS
2025-12-23T18:01:07.156861+00:00,btc-updown-15m-1766512800,TRADE,UP,ACCUM,2,2,0.6403,1.2806,13,0.6179,10,0.3680,10,0.9859,0.1409,0.23,-1.7128,1.2872,0.0000,85.25,SUCCESS
2025-12-23T18:01:07.157389+00:00,btc-updown-15m-1766512800,TRADE,DOWN,ACCUM,2,2,0.3601,0.7201,13,0.6179,12,0.3667,12,0.9846,0.1850,0.08,-0.4329,0.5671,0.0000,84.53,SUCCESS
2025-12-23T18:01:12.765470+00:00,btc-updown-15m-1766512800,TRADE,DOWN,ACCUM,2,2,0.3200,0.6401,13,0.6179,14,0.3600,13,0.9779,0.2870,0.07,-0.0730,0.9270,0.0000,83.89,SUCCESS
2025-12-23T18:01:18.349811+00:00,btc-updown-15m-1766512800,TRADE,UP,ACCUM,2,2,0.6602,1.3205,15,0.6235,14,0.3600,14,0.9836,0.2300,0.07,-0.3935,0.6065,0.0000,82.57,SUCCESS
2025-12-23T18:01:18.350231+00:00,btc-updown-15m-1766512800,TRADE,DOWN,ACCUM,2,2,0.3601,0.7203,15,0.6235,16,0.3600,15,0.9836,0.2463,0.06,-0.1137,0.8863,0.0000,81.85,SUCCESS
2025-12-23T18:15:01.283873+00:00,btc-updown-15m-1766512800,RESOLUTION,UP,BINANCE_FALLBACK_SHARED,31,31,1.0000,15.1137,15,0.6235,16,0.3600,15,0.9836,0.2463,0.06,0.0000,0.0000,-0.1137,96.85,RESOLVED
2025-12-23T18:15:10.082979+00:00,btc-updown-15m-1766513700,TRADE,UP,ACCUM,2,1,0.4400,0.4400,1,0.4400,0,0.0000,0,0.0000,0.0000,1.00,-0.4400,0.5600,0.0000,96.41,SUCCESS
2025-12-23T18:15:10.083511+00:00,btc-updown-15m-1766513700,TRADE,DOWN,ACCUM,2,2,0.5702,1.1404,1,0.4400,2,0.5702,1,1.0102,-0.0102,0.50,-0.5804,0.4196,0.0000,95.27,SUCCESS
2025-12-23T18:15:21.336686+00:00,btc-updown-15m-1766513700,TRADE,DOWN,ACCUM,2,2,0.5101,1.0203,1,0.4400,4,0.5402,1,0.9802,0.0198,0.75,-1.6007,1.3993,0.0000,94.25,SUCCESS
2025-12-23T18:15:26.853738+00:00,btc-updown-15m-1766513700,TRADE,DOWN,ACCUM,2,2,0.4902,0.9804,1,0.4400,6,0.5235,1,0.9635,0.0365,0.83,-2.5811,2.4189,0.0000,93.27,SUCCESS
2025-12-23T18:30:02.412214+00:00,btc-updown-15m-1766513700,RESOLUTION,UP,BINANCE_FALLBACK_SHARED,7,7,1.0000,3.5811,1,0.4400,6,0.5235,1,0.9635,0.0365,0.83,0.0000,0.0000,-2.5811,94.27,RESOLVED
2025-12-23T18:30:11.221256+00:00,btc-updown-15m-1766514600,TRADE,UP,ACCUM,2,2,0.5601,1.1202,2,0.5601,0,0.0000,0,0.0000,0.0000,1.00,-1.1202,0.8798,0.0000,93.15,SUCCESS
2025-12-23T18:30:11.221466+00:00,btc-updown-15m-1766514600,TRADE,DOWN,ACCUM,2,2,0.4501,0.9002,2,0.5601,2,0.4501,2,1.0102,-0.0204,0.00,-0.0204,-0.0204,0.0000,92.25,SUCCESS
2025-12-23T18:30:16.836629+00:00,btc-updown-15m-1766514600,TRADE,UP,ACCUM,2,2,0.4902,0.9804,4,0.5252,2,0.4501,2,0.9753,0.0495,0.50,-1.0008,0.9992,0.0000,91.27,SUCCESS
2025-12-23T18:30:27.994965+00:00,btc-updown-15m-1766514600,TRADE,UP,ACCUM,2,2,0.5000,1.0000,6,0.5168,2,0.4501,2,0.9669,0.0663,0.67,-2.0008,1.9992,0.0000,90.27,SUCCESS
2025-12-23T18:32:18.764639+00:00,btc-updown-15m-1766514600,TRADE,DOWN,ACCUM,2,2,0.4101,0.8201,6,0.5168,4,0.4301,4,0.9469,0.2126,0.33,-0.8210,1.1790,0.0000,89.45,SUCCESS
2025-12-23T18:32:24.387283+00:00,btc-updown-15m-1766514600,TRADE,DOWN,ACCUM,2,2,0.4101,0.8202,6,0.5168,6,0.4234,6,0.9402,0.3589,0.00,0.3589,0.3589,0.0000,88.63,SUCCESS
2025-12-23T18:32:29.886814+00:00,btc-updown-15m-1766514600,TRADE,UP,ACCUM,2,2,0.6102,1.2204,8,0.5401,6,0.4234,6,0.9635,0.2187,0.25,-0.8616,1.1384,0.0000,87.41,SUCCESS
2025-12-23T18:32:29.887179+00:00,btc-updown-15m-1766514600,TRADE,DOWN,ACCUM,2,2,0.4002,0.8003,8,0.5401,8,0.4176,8,0.9577,0.3381,0.00,0.3381,0.3381,0.0000,86.61,SUCCESS
2025-12-23T18:32:35.511561+00:00,btc-updown-15m-1766514600,TRADE,UP,ACCUM,2,2,0.6601,1.3201,10,0.5641,8,0.4176,8,0.9817,0.1462,0.20,-0.9820,1.0180,0.0000,85.29,SUCCESS
2025-12-23T18:32:35.512015+00:00,btc-updown-15m-1766514600,TRADE,DOWN,ACCUM,2,2,0.3500,0.7001,10,0.5641,10,0.4041,10,0.9682,0.3179,0.00,0.3179,0.3179,0.0000,84.59,SUCCESS
2025-12-23T18:32:41.023401+00:00,btc-updown-15m-1766514600,TRADE,UP,ACCUM,2,2,0.6200,1.2400,12,0.5734,10,0.4041,10,0.9775,0.2247,0.17,-0.9221,1.0779,0.0000,83.35,SUCCESS
2025-12-23T18:32:41.024680+00:00,btc-updown-15m-1766514600,TRADE,DOWN,ACCUM,2,2,0.3902,0.7803,12,0.5734,12,0.4018,12,0.9752,0.2975,0.00,0.2975,0.2975,0.0000,82.57,SUCCESS
2025-12-23T18:32:46.649992+00:00,btc-updown-15m-1766514600,TRADE,UP,ACCUM,2,2,0.6203,1.2406,14,0.5801,12,0.4018,12,0.9819,0.2172,0.14,-0.9431,1.0569,0.0000,81.33,SUCCESS
2025-12-23T18:32:52.295549+00:00,btc-updown-15m-1766514600,TRADE,DOWN,ACCUM,2,2,0.3700,0.7400,14,0.5801,14,0.3972,14,0.9774,0.3169,0.00,0.3169,0.3169,0.0000,80.59,SUCCESS
2025-12-23T18:32:57.807706+00:00,btc-updown-15m-1766514600,TRADE,UP,ACCUM,2,2,0.6602,1.3204,16,0.5901,14,0.3972,14,0.9874,0.1767,0.12,-1.0035,0.9965,0.0000,79.27,SUCCESS
2025-12-23T18:33:08.987976+00:00,btc-updown-15m-1766514600,TRADE,DOWN,ACCUM,2,1,0.3101,0.3101,16,0.5901,15,0.3914,15,0.9816,0.2765,0.06,-0.3136,0.6864,0.0000,78.96,SUCCESS
2025-12-23T18:45:01.481375+00:00,btc-updown-15m-1766514600,RESOLUTION,UP,BINANCE_FALLBACK_SHARED,31,31,1.0000,15.3136,16,0.5901,15,0.3914,15,0.9816,0.2765,0.06,0.0000,0.0000,0.6864,94.96,RESOLVED
2025-12-23T18:45:10.588530+00:00,btc-updown-15m-1766515500,TRADE,DOWN,ACCUM,2,2,0.5302,1.0605,0,0.0000,2,0.5302,0,0.0000,0.0000,1.00,-1.0605,0.9395,0.0000,93.90,SUCCESS
2025-12-23T18:45:15.972537+00:00,btc-updown-15m-1766515500,TRADE,UP,ACCUM,2,2,0.4702,0.9404,2,0.4702,2,0.5302,2,1.0005,-0.0009,0.00,-0.0009,-0.0009,0.0000,92.96,SUCCESS
2025-12-23T18:45:15.972884+00:00,btc-updown-15m-1766515500,TRADE,DOWN,ACCUM,2,2,0.5401,1.0801,2,0.4702,4,0.5352,2,1.0054,-0.0107,0.50,-1.0810,0.9190,0.0000,91.87,SUCCESS
2025-12-23T18:45:21.469183+00:00,btc-updown-15m-1766515500,TRADE,UP,ACCUM,2,2,0.4402,0.8804,4,0.4552,4,0.5352,4,0.9904,0.0386,0.00,0.0386,0.0386,0.0000,90.99,SUCCESS
2025-12-23T18:45:26.864558+00:00,btc-updown-15m-1766515500,TRADE,UP,ACCUM,2,2,0.4101,0.8202,6,0.4402,4,0.5352,4,0.9753,0.0987,0.33,-0.7816,1.2184,0.0000,90.17,SUCCESS
2025-12-23T18:45:32.514954+00:00,btc-updown-15m-1766515500,TRADE,UP,ACCUM,2,2,0.4301,0.8601,8,0.4376,4,0.5352,4,0.9728,0.1088,0.50,-1.6417,2.3583,0.0000,89.31,SUCCESS
2025-12-23T18:45:32.515445+00:00,btc-updown-15m-1766515500,TRADE,DOWN,ACCUM,2,2,0.5901,1.1801,8,0.4376,6,0.5535,6,0.9911,0.0534,0.25,-0.8218,1.1782,0.0000,88.13,SUCCESS
2025-12-23T18:45:38.025775+00:00,btc-updown-15m-1766515500,TRADE,UP,ACCUM,2,1,0.4101,0.4101,9,0.4346,6,0.5535,6,0.9880,0.0718,0.33,-1.2320,1.7680,0.0000,87.72,SUCCESS
2025-12-23T18:45:43.629690+00:00,btc-updown-15m-1766515500,TRADE,UP,ACCUM,2,2,0.4001,0.8002,11,0.4283,6,0.5535,6,0.9818,0.1094,0.45,-2.0321,2.9679,0.0000,86.92,SUCCESS
2025-12-23T19:00:01.781003+00:00,btc-updown-15m-1766515500,RESOLUTION,DOWN,BINANCE_FALLBACK_SHARED,17,17,1.0000,8.0321,11,0.4283,6,0.5535,6,0.9818,0.1094,0.45,0.0000,0.0000,-2.0321,92.92,RESOLVED
2025-12-23T19:00:09.938265+00:00,btc-updown-15m-1766516400,TRADE,UP,ACCUM,2,2,0.6102,1.2203,2,0.6102,0,0.0000,0,0.0000,0.0000,1.00,-1.2203,0.7797,0.0000,91.70,SUCCESS
2025-12-23T19:00:09.938451+00:00,btc-updown-15m-1766516400,TRADE,DOWN,ACCUM,2,2,0.4002,0.8004,2,0.6102,2,0.4002,2,1.0104,-0.0207,0.00,-0.0207,-0.0207,0.0000,90.90,SUCCESS
2025-12-23T19:00:21.151115+00:00,btc-updown-15m-1766516400,TRADE,UP,ACCUM,2,2,0.4901,0.9802,4,0.5501,2,0.4002,2,0.9503,0.0993,0.50,-1.0009,0.9991,0.0000,89.92,SUCCESS
2025-12-23T19:00:26.687868+00:00,btc-updown-15m-1766516400,TRADE,UP,ACCUM,2,2,0.4901,0.9802,6,0.5301,2,0.4002,2,0.9303,0.1394,0.67,-1.9811,2.0189,0.0000,88.94,SUCCESS
2025-12-23T19:00:38.012970+00:00,btc-updown-15m-1766516400,TRADE,DOWN,ACCUM,2,2,0.4902,0.9804,6,0.5301,4,0.4452,4,0.9753,0.0987,0.33,-0.9615,1.0385,0.0000,87.96,SUCCESS
2025-12-23T19:00:43.620995+00:00,btc-updown-15m-1766516400,TRADE,UP,ACCUM,2,2,0.5301,1.0602,8,0.5301,4,0.4452,4,0.9753,0.0987,0.50,-2.0217,1.9783,0.0000,86.90,SUCCESS
2025-12-23T19:00:43.625662+00:00,btc-updown-15m-1766516400,TRADE,DOWN,ACCUM,2,1,0.4802,0.4802,8,0.5301,5,0.4522,5,0.9823,0.0884,0.38,-1.5019,1.4981,0.0000,86.42,SUCCESS
2025-12-23T19:00:49.159572+00:00,btc-updown-15m-1766516400,TRADE,UP,ACCUM,2,2,0.5501,1.1002,10,0.5341,5,0.4522,5,0.9863,0.0684,0.50,-2.6021,2.3979,0.0000,85.32,SUCCESS
2025-12-23T19:00:49.159971+00:00,btc-updown-15m-1766516400,TRADE,DOWN,ACCUM,2,2,0.4701,0.9401,10,0.5341,7,0.4573,7,0.9914,0.0601,0.30,-1.5423,1.4577,0.0000,84.38,SUCCESS
2025-12-23T19:00:54.974540+00:00,btc-updown-15m-1766516400,TRADE,UP,ACCUM,2,2,0.5201,1.0403,12,0.5318,7,0.4573,7,0.9891,0.0764,0.42,-2.5825,2.4175,0.0000,83.34,SUCCESS
2025-12-23T19:01:45.282697+00:00,btc-updown-15m-1766516400,TRADE,DOWN,ACCUM,2,2,0.4801,0.9603,12,0.5318,9,0.4624,9,0.9942,0.0525,0.25,-1.5428,1.4572,0.0000,82.38,SUCCESS
2025-12-23T19:01:50.813236+00:00,btc-updown-15m-1766516400,TRADE,UP,ACCUM,2,1,0.4901,0.4901,13,0.5286,9,0.4624,9,0.9910,0.0814,0.31,-2.0329,1.9671,0.0000,81.89,SUCCESS
2025-12-23T19:01:56.450435+00:00,btc-updown-15m-1766516400,TRADE,DOWN,ACCUM,2,2,0.4602,0.9203,13,0.5286,11,0.4620,11,0.9906,0.1039,0.15,-0.9532,1.0468,0.0000,80.97,SUCCESS
2025-12-23T19:02:01.871985+00:00,btc-updown-15m-1766516400,TRADE,DOWN,ACCUM,2,2,0.4401,0.8802,13,0.5286,13,0.4586,13,0.9872,0.1666,0.00,0.1666,0.1666,0.0000,80.09,SUCCESS
2025-12-23T19:02:07.500715+00:00,btc-updown-15m-1766516400,TRADE,UP,ACCUM,2,2,0.5801,1.1603,15,0.5354,13,0.4586,13,0.9941,0.0772,0.13,-0.9937,1.0063,0.0000,78.93,SUCCESS
2025-12-23T19:02:07.501024+00:00,btc-updown-15m-1766516400,TRADE,DOWN,ACCUM,2,2,0.4402,0.8804,15,0.5354,15,0.4562,15,0.9916,0.1260,0.00,0.1260,0.1260,0.0000,78.05,SUCCESS
2025-12-23T19:15:01.262848+00:00,btc-updown-15m-1766516400,RESOLUTION,DOWN,BINANCE_FALLBACK_SHARED,30,30,1.0000,14.8740,15,0.5354,15,0.4562,15,0.9916,0.1260,0.00,0.0000,0.0000,0.1260,93.05,RESOLVED
2025-12-23T19:15:10.161848+00:00,btc-updown-15m-1766517300,TRADE,UP,ACCUM,2,2,0.5201,1.0402,2,0.5201,0,0.0000,0,0.0000,0.0000,1.00,-1.0402,0.9598,0.0000,92.01,SUCCESS
2025-12-23T19:15:10.162025+00:00,btc-updown-15m-1766517300,TRADE,DOWN,ACCUM,2,2,0.4901,0.9801,2,0.5201,2,0.4901,2,1.0101,-0.0203,0.00,-0.0203,-0.0203,0.0000,91.03,SUCCESS
2025-12-23T19:16:05.772251+00:00,btc-updown-15m-1766517300,TRADE,UP,ACCUM,2,2,0.4701,0.9402,4,0.4951,2,0.4901,2,0.9852,0.0297,0.50,-0.9605,1.0395,0.0000,90.09,SUCCESS
2025-12-23T19:16:11.227552+00:00,btc-updown-15m-1766517300,TRADE,UP,ACCUM,2,2,0.4601,0.9203,6,0.4834,2,0.4901,2,0.9735,0.0530,0.67,-1.8808,2.1192,0.0000,89.17,SUCCESS
2025-12-23T19:16:39.245331+00:00,btc-updown-15m-1766517300,TRADE,DOWN,ACCUM,2,2,0.5000,1.0000,6,0.4834,4,0.4950,4,0.9785,0.0861,0.33,-0.8808,1.1192,0.0000,88.17,SUCCESS
2025-12-23T19:16:44.853043+00:00,btc-updown-15m-1766517300,TRADE,UP,ACCUM,2,2,0.4601,0.9203,8,0.4776,4,0.4950,4,0.9727,0.1094,0.50,-1.8011,2.1989,0.0000,87.25,SUCCESS
2025-12-23T19:16:56.024522+00:00,btc-updown-15m-1766517300,TRADE,DOWN,ACCUM,2,2,0.5602,1.1204,8,0.4776,6,0.5168,6,0.9944,0.0337,0.25,-0.9215,1.0785,0.0000,86.13,SUCCESS
2025-12-23T19:17:23.560618+00:00,btc-updown-15m-1766517300,TRADE,DOWN,ACCUM,2,2,0.4700,0.9401,8,0.4776,8,0.5051,8,0.9827,0.1385,0.00,0.1385,0.1385,0.0000,85.19,SUCCESS
2025-12-23T19:17:29.147081+00:00,btc-updown-15m-1766517300,TRADE,DOWN,ACCUM,2,2,0.4701,0.9402,8,0.4776,10,0.4981,8,0.9757,0.1944,0.20,-0.8018,1.1982,0.0000,84.25,SUCCESS
2025-12-23T19:17:34.744699+00:00,btc-updown-15m-1766517300,TRADE,UP,ACCUM,2,2,0.5001,1.0001,10,0.4821,10,0.4981,10,0.9802,0.1981,0.00,0.1981,0.1981,0.0000,83.25,SUCCESS
2025-12-23T19:17:34.744860+00:00,btc-updown-15m-1766517300,TRADE,DOWN,ACCUM,2,2,0.5101,1.0203,10,0.4821,12,0.5001,10,0.9822,0.1780,0.17,-0.8222,1.1778,0.0000,82.23,SUCCESS
2025-12-23T19:17:40.377561+00:00,btc-updown-15m-1766517300,TRADE,UP,ACCUM,2,2,0.5401,1.0802,12,0.4918,12,0.5001,12,0.9919,0.0977,0.00,0.0977,0.0977,0.0000,81.15,SUCCESS
2025-12-23T19:17:40.378222+00:00,btc-updown-15m-1766517300,TRADE,DOWN,ACCUM,2,2,0.4700,0.9401,12,0.4918,14,0.4958,12,0.9876,0.1492,0.14,-0.8424,1.1576,0.0000,80.21,SUCCESS
2025-12-23T19:17:45.998317+00:00,btc-updown-15m-1766517300,TRADE,DOWN,ACCUM,2,2,0.4201,0.8402,12,0.4918,16,0.4863,12,0.9781,0.2628,0.25,-1.6826,2.3174,0.0000,79.37,SUCCESS
2025-12-23T19:17:51.498098+00:00,btc-updown-15m-1766517300,TRADE,UP,ACCUM,2,2,0.5901,1.1802,14,0.5058,16,0.4863,14,0.9922,0.1099,0.12,-0.8628,1.1372,0.0000,78.19,SUCCESS
2025-12-23T19:19:03.839040+00:00,btc-updown-15m-1766517300,TRADE,UP,ACCUM,2,2,0.5202,1.0404,16,0.5076,16,0.4863,16,0.9940,0.0968,0.00,0.0968,0.0968,0.0000,77.15,SUCCESS
2025-12-23T19:30:02.523879+00:00,btc-updown-15m-1766517300,RESOLUTION,DOWN,BINANCE_FALLBACK_SHARED,32,32,1.0000,15.9032,16,0.5076,16,0.4863,16,0.9940,0.0968,0.00,0.0000,0.0000,0.0968,93.15,RESOLVED
2025-12-23T19:30:11.460664+00:00,btc-updown-15m-1766518200,TRADE,UP,ACCUM,2,2,0.5600,1.1200,2,0.5600,0,0.0000,0,0.0000,0.0000,1.00,-1.1200,0.8800,0.0000,92.03,SUCCESS
2025-12-23T19:30:17.079288+00:00,btc-updown-15m-1766518200,TRADE,UP,ACCUM,2,2,0.5701,1.1402,4,0.5651,0,0.0000,0,0.0000,0.0000,1.00,-2.2603,1.7397,0.0000,90.89,SUCCESS
2025-12-23T19:30:17.079517+00:00,btc-updown-15m-1766518200,TRADE,DOWN,ACCUM,2,2,0.4400,0.8801,4,0.5651,2,0.4400,2,1.0051,-0.0102,0.50,-1.1404,0.8596,0.0000,90.01,SUCCESS
2025-12-23T19:30:44.899324+00:00,btc-updown-15m-1766518200,TRADE,UP,ACCUM,2,2,0.5203,1.0405,6,0.5501,2,0.4400,2,0.9902,0.0197,0.67,-2.1809,1.8191,0.0000,88.97,SUCCESS
2025-12-23T19:32:41.585256+00:00,btc-updown-15m-1766518200,TRADE,DOWN,ACCUM,2,2,0.3700,0.7401,6,0.5501,4,0.4050,4,0.9552,0.1793,0.33,-0.9210,1.0790,0.0000,88.23,SUCCESS
2025-12-23T19:32:47.088148+00:00,btc-updown-15m-1766518200,TRADE,UP,ACCUM,2,2,0.6403,1.2805,8,0.5727,4,0.4050,4,0.9777,0.0892,0.50,-2.2015,1.7985,0.0000,86.95,SUCCESS
2025-12-23T19:32:47.088316+00:00,btc-updown-15m-1766518200,TRADE,DOWN,ACCUM,2,2,0.3702,0.7403,8,0.5727,6,0.3934,6,0.9661,0.2035,0.25,-0.9418,1.0582,0.0000,86.20,SUCCESS
2025-12-23T19:32:52.587637+00:00,btc-updown-15m-1766518200,TRADE,UP,ACCUM,2,2,0.6303,1.2606,10,0.5842,6,0.3934,6,0.9776,0.1344,0.40,-2.2024,1.7976,0.0000,84.94,SUCCESS
2025-12-23T19:33:03.684543+00:00,btc-updown-15m-1766518200,TRADE,DOWN,ACCUM,2,2,0.4000,0.8000,10,0.5842,8,0.3951,8,0.9793,0.1659,0.20,-1.0024,0.9976,0.0000,84.14,SUCCESS
2025-12-23T19:33:09.312431+00:00,btc-updown-15m-1766518200,TRADE,UP,ACCUM,2,2,0.6100,1.2200,12,0.5885,8,0.3951,8,0.9836,0.1315,0.33,-2.2224,1.7776,0.0000,82.92,SUCCESS
2025-12-23T19:33:09.313287+00:00,btc-updown-15m-1766518200,TRADE,DOWN,ACCUM,2,2,0.4001,0.8003,12,0.5885,10,0.3961,10,0.9846,0.1543,0.17,-1.0227,0.9773,0.0000,82.12,SUCCESS
2025-12-23T19:33:14.807739+00:00,btc-updown-15m-1766518200,TRADE,UP,ACCUM,2,2,0.5901,1.1802,14,0.5887,10,0.3961,10,0.9848,0.1520,0.29,-2.2029,1.7971,0.0000,80.94,SUCCESS
2025-12-23T19:33:14.808126+00:00,btc-updown-15m-1766518200,TRADE,DOWN,ACCUM,2,2,0.4400,0.8800,14,0.5887,12,0.4034,12,0.9921,0.0945,0.14,-1.0829,0.9171,0.0000,80.06,SUCCESS
2025-12-23T19:33:20.203348+00:00,btc-updown-15m-1766518200,TRADE,UP,ACCUM,2,2,0.5503,1.1005,16,0.5839,12,0.4034,12,0.9873,0.1522,0.25,-2.1834,1.8166,0.0000,78.96,SUCCESS
2025-12-23T19:34:48.833800+00:00,btc-updown-15m-1766518200,TRADE,DOWN,ACCUM,2,2,0.4201,0.8403,16,0.5839,14,0.4058,14,0.9897,0.1441,0.12,-1.0237,0.9763,0.0000,78.12,SUCCESS
2025-12-23T19:35:39.148824+00:00,btc-updown-15m-1766518200,TRADE,DOWN,ACCUM,2,2,0.4001,0.8002,16,0.5839,16,0.4051,16,0.9890,0.1761,0.00,0.1761,0.1761,0.0000,77.32,SUCCESS
2025-12-23T19:45:03.563109+00:00,btc-updown-15m-1766518200,RESOLUTION,UP,BINANCE_FALLBACK_SHARED,32,32,1.0000,15.8239,16,0.5839,16,0.4051,16,0.9890,0.1761,0.00,0.0000,0.0000,0.1761,93.32,RESOLVED
2025-12-23T19:45:12.671217+00:00,btc-updown-15m-1766519100,TRADE,UP,ACCUM,2,2,0.5700,1.1400,2,0.5700,0,0.0000,0,0.0000,0.0000,1.00,-1.1400,0.8600,0.0000,92.18,SUCCESS
2025-12-23T19:45:18.210736+00:00,btc-updown-15m-1766519100,TRADE,UP,ACCUM,2,2,0.5602,1.1204,4,0.5651,0,0.0000,0,0.0000,0.0000,1.00,-2.2605,1.7395,0.0000,91.06,SUCCESS
2025-12-23T19:45:18.211792+00:00,btc-updown-15m-1766519100,TRADE,DOWN,ACCUM,2,2,0.4502,0.9004,4,0.5651,2,0.4502,2,1.0153,-0.0306,0.50,-1.1609,0.8391,0.0000,90.16,SUCCESS
2025-12-23T19:45:46.091428+00:00,btc-updown-15m-1766519100,TRADE,UP,ACCUM,2,2,0.4901,0.9802,6,0.5401,2,0.4502,2,0.9903,0.0194,0.67,-2.1411,1.8589,0.0000,89.18,SUCCESS
2025-12-23T19:51:31.976592+00:00,btc-updown-15m-1766519100,TRADE,DOWN,ACCUM,2,2,0.4300,0.8600,6,0.5401,4,0.4401,4,0.9802,0.0791,0.33,-1.0012,0.9988,0.0000,88.32,SUCCESS
2025-12-23T19:51:37.599854+00:00,btc-updown-15m-1766519100,TRADE,DOWN,ACCUM,2,2,0.3001,0.6003,6,0.5401,6,0.3934,6,0.9336,0.3986,0.00,0.3986,0.3986,0.0000,87.72,SUCCESS
2025-12-23T19:51:43.021016+00:00,btc-updown-15m-1766519100,TRADE,UP,ACCUM,2,2,0.6601,1.3202,8,0.5701,6,0.3934,6,0.9636,0.2186,0.25,-0.9216,1.0784,0.0000,86.40,SUCCESS
2025-12-23T19:51:43.021233+00:00,btc-updown-15m-1766519100,TRADE,DOWN,ACCUM,2,2,0.3500,0.7001,8,0.5701,8,0.3826,8,0.9527,0.3783,0.00,0.3783,0.3783,0.0000,85.70,SUCCESS
2025-12-23T19:51:48.409882+00:00,btc-updown-15m-1766519100,TRADE,UP,ACCUM,2,2,0.6300,1.2601,10,0.5821,8,0.3826,8,0.9647,0.2824,0.20,-0.8818,1.1182,0.0000,84.44,SUCCESS
2025-12-23T19:51:48.410143+00:00,btc-updown-15m-1766519100,TRADE,DOWN,ACCUM,2,2,0.4001,0.8002,10,0.5821,10,0.3861,10,0.9682,0.3180,0.00,0.3180,0.3180,0.0000,83.64,SUCCESS
2025-12-23T19:51:54.030267+00:00,btc-updown-15m-1766519100,TRADE,UP,ACCUM,2,2,0.6403,1.2806,12,0.5918,10,0.3861,10,0.9779,0.2210,0.17,-0.9626,1.0374,0.0000,82.36,SUCCESS
2025-12-23T19:51:54.030446+00:00,btc-updown-15m-1766519100,TRADE,DOWN,ACCUM,2,2,0.3701,0.7402,12,0.5918,12,0.3834,12,0.9752,0.2972,0.00,0.2972,0.2972,0.0000,81.62,SUCCESS
2025-12-23T19:52:05.144745+00:00,btc-updown-15m-1766519100,TRADE,UP,ACCUM,2,2,0.5301,1.0603,14,0.5830,12,0.3834,12,0.9664,0.4029,0.14,-0.7631,1.2369,0.0000,80.56,SUCCESS
2025-12-23T19:52:10.662876+00:00,btc-updown-15m-1766519100,TRADE,UP,ACCUM,2,2,0.5201,1.0402,16,0.5751,12,0.3834,12,0.9586,0.4972,0.25,-1.8034,2.1966,0.0000,79.52,SUCCESS
2025-12-23T19:52:10.663639+00:00,btc-updown-15m-1766519100,TRADE,DOWN,ACCUM,2,2,0.5101,1.0201,16,0.5751,14,0.4015,14,0.9767,0.3268,0.12,-0.8235,1.1765,0.0000,78.50,SUCCESS
2025-12-23T19:52:16.210156+00:00,btc-updown-15m-1766519100,TRADE,DOWN,ACCUM,2,2,0.5102,1.0204,16,0.5751,16,0.4151,16,0.9902,0.1561,0.00,0.1561,0.1561,0.0000,77.48,SUCCESS
2025-12-23T20:00:02.886275+00:00,btc-updown-15m-1766519100,RESOLUTION,DOWN,BINANCE_FALLBACK_SHARED,32,32,1.0000,15.8439,16,0.5751,16,0.4151,16,0.9902,0.1561,0.00,0.0000,0.0000,0.1561,93.48,RESOLVED
2025-12-23T20:00:12.141861+00:00,btc-updown-15m-1766520000,TRADE,DOWN,ACCUM,2,2,0.5800,1.1600,0,0.0000,2,0.5800,0,0.0000,0.0000,1.00,-1.1600,0.8400,0.0000,92.32,SUCCESS
2025-12-23T20:00:17.824018+00:00,btc-updown-15m-1766520000,TRADE,UP,ACCUM,2,2,0.5302,1.0603,2,0.5302,2,0.5800,2,1.1102,-0.2204,0.00,-0.2204,-0.2204,0.0000,91.26,SUCCESS
2025-12-23T20:06:03.881574+00:00,btc-updown-15m-1766520000,TRADE,UP,ACCUM,2,2,0.1900,0.3800,4,0.3601,2,0.5800,2,0.9401,0.1198,0.50,-0.6004,1.3996,0.0000,90.88,SUCCESS
2025-12-23T20:06:09.305858+00:00,btc-updown-15m-1766520000,TRADE,UP,ACCUM,2,1,0.1401,0.1401,5,0.3161,2,0.5800,2,0.8961,0.2078,0.60,-0.7404,2.2596,0.0000,90.74,SUCCESS
2025-12-23T20:06:14.945818+00:00,btc-updown-15m-1766520000,TRADE,UP,ACCUM,2,2,0.1501,0.3001,7,0.2686,2,0.5800,2,0.8487,0.3027,0.71,-1.0406,3.9594,0.0000,90.44,SUCCESS
2025-12-23T20:06:20.535825+00:00,btc-updown-15m-1766520000,TRADE,DOWN,ACCUM,2,1,0.8500,0.8500,7,0.2686,3,0.6700,3,0.9387,0.1840,0.57,-0.8906,3.1094,0.0000,89.59,SUCCESS
2025-12-23T20:08:56.467044+00:00,btc-updown-15m-1766520000,TRADE,UP,ACCUM,1,1,0.1400,0.1400,8,0.2526,3,0.6700,3,0.9226,0.2322,0.62,-1.0306,3.9694,0.0000,89.45,SUCCESS
2025-12-23T20:08:56.468355+00:00,btc-updown-15m-1766520000,TRADE,DOWN,ACCUM,1,1,0.8701,0.8701,8,0.2526,4,0.7201,4,0.9726,0.1095,0.50,-0.9008,3.0992,0.0000,88.58,SUCCESS
2025-12-23T20:09:12.956831+00:00,btc-updown-15m-1766520000,TRADE,UP,ACCUM,1,1,0.1601,0.1601,9,0.2423,4,0.7201,4,0.9623,0.1506,0.56,-1.0608,3.9392,0.0000,88.42,SUCCESS
2025-12-23T20:09:24.211520+00:00,btc-updown-15m-1766520000,TRADE,DOWN,ACCUM,1,1,0.8803,0.8803,9,0.2423,5,0.7521,5,0.9944,0.0281,0.44,-0.9411,3.0589,0.0000,87.54,SUCCESS
2025-12-23T20:09:29.719188+00:00,btc-updown-15m-1766520000,TRADE,UP,ACCUM,1,1,0.1300,0.1300,10,0.2311,5,0.7521,5,0.9832,0.0842,0.50,-1.0711,3.9289,0.0000,87.41,SUCCESS
2025-12-23T20:10:31.037560+00:00,btc-updown-15m-1766520000,TRADE,DOWN,ACCUM,1,1,0.7504,0.7504,10,0.2311,6,0.7518,6,0.9829,0.1028,0.40,-0.8215,3.1785,0.0000,86.66,SUCCESS
2025-12-23T20:10:36.576646+00:00,btc-updown-15m-1766520000,TRADE,DOWN,ACCUM,1,1,0.8101,0.8101,10,0.2311,7,0.7601,7,0.9912,0.0616,0.30,-0.6316,2.3684,0.0000,85.85,SUCCESS
2025-12-23T20:10:42.202731+00:00,btc-updown-15m-1766520000,TRADE,UP,ACCUM,1,1,0.1700,0.1700,11,0.2255,7,0.7601,7,0.9856,0.1005,0.36,-0.8016,3.1984,0.0000,85.68,SUCCESS
2025-12-23T20:10:47.888574+00:00,btc-updown-15m-1766520000,TRADE,UP,ACCUM,1,1,0.1400,0.1400,12,0.2184,7,0.7601,7,0.9785,0.1503,0.42,-0.9416,4.0584,0.0000,85.54,SUCCESS
2025-12-23T20:10:53.417634+00:00,btc-updown-15m-1766520000,TRADE,DOWN,ACCUM,1,1,0.8903,0.8903,12,0.2184,8,0.7764,8,0.9948,0.0417,0.33,-0.8319,3.1681,0.0000,84.65,SUCCESS
2025-12-23T20:10:58.929925+00:00,btc-updown-15m-1766520000,TRADE,UP,ACCUM,1,1,0.2000,0.2000,13,0.2170,8,0.7764,8,0.9934,0.0530,0.38,-1.0319,3.9681,0.0000,84.45,SUCCESS
2025-12-23T20:15:04.316938+00:00,btc-updown-15m-1766520000,RESOLUTION,DOWN,BINANCE_FALLBACK_SHARED,21,21,1.0000,9.0319,13,0.2170,8,0.7764,8,0.9934,0.0530,0.38,0.0000,0.0000,-1.0319,92.45,RESOLVED
2025-12-23T20:15:12.746492+00:00,btc-updown-15m-1766520900,TRADE,UP,ACCUM,2,2,0.6100,1.2200,2,0.6100,0,0.0000,0,0.0000,0.0000,1.00,-1.2200,0.7800,0.0000,91.23,SUCCESS
2025-12-23T20:15:12.747057+00:00,btc-updown-15m-1766520900,TRADE,DOWN,ACCUM,2,2,0.4001,0.8002,2,0.6100,2,0.4001,2,1.0101,-0.0202,0.00,-0.0202,-0.0202,0.0000,90.43,SUCCESS
2025-12-23T20:15:18.427295+00:00,btc-updown-15m-1766520900,TRADE,UP,ACCUM,2,1,0.5402,0.5402,3,0.5868,2,0.4001,2,0.9868,0.0263,0.33,-0.5604,0.4396,0.0000,89.89,SUCCESS
2025-12-23T20:15:23.957031+00:00,btc-updown-15m-1766520900,TRADE,UP,ACCUM,2,2,0.5402,1.0804,5,0.5681,2,0.4001,2,0.9682,0.0636,0.60,-1.6408,1.3592,0.0000,88.81,SUCCESS
2025-12-23T20:15:29.576073+00:00,btc-updown-15m-1766520900,TRADE,UP,ACCUM,2,2,0.5702,1.1404,7,0.5687,2,0.4001,2,0.9688,0.0624,0.71,-2.7812,2.2188,0.0000,87.67,SUCCESS
2025-12-23T20:15:29.576425+00:00,btc-updown-15m-1766520900,TRADE,DOWN,ACCUM,2,2,0.4402,0.8803,7,0.5687,4,0.4201,4,0.9888,0.0446,0.43,-1.6616,1.3384,0.0000,86.79,SUCCESS
2025-12-23T20:15:35.087746+00:00,btc-updown-15m-1766520900,TRADE,UP,ACCUM,2,2,0.5702,1.1404,9,0.5690,4,0.4201,4,0.9892,0.0433,0.56,-2.8020,2.1980,0.0000,85.64,SUCCESS
2025-12-23T20:15:40.593029+00:00,btc-updown-15m-1766520900,TRADE,DOWN,ACCUM,2,2,0.3300,0.6600,9,0.5690,6,0.3901,6,0.9591,0.2452,0.33,-1.4620,1.5380,0.0000,84.98,SUCCESS
2025-12-23T20:15:46.233277+00:00,btc-updown-15m-1766520900,TRADE,UP,ACCUM,2,2,0.6803,1.3607,11,0.5893,6,0.3901,6,0.9794,0.1238,0.45,-2.8226,2.1774,0.0000,83.62,SUCCESS
2025-12-23T20:15:46.308111+00:00,btc-updown-15m-1766520900,TRADE,DOWN,ACCUM,2,2,0.3301,0.6603,11,0.5893,8,0.3751,8,0.9644,0.2850,0.27,-1.4829,1.5171,0.0000,82.96,SUCCESS
2025-12-23T20:15:51.919050+00:00,btc-updown-15m-1766520900,TRADE,UP,ACCUM,2,2,0.7401,1.4801,13,0.6125,8,0.3751,8,0.9876,0.0994,0.38,-2.9630,2.0370,0.0000,81.48,SUCCESS
2025-12-23T20:15:51.919462+00:00,btc-updown-15m-1766520900,TRADE,DOWN,ACCUM,2,1,0.2700,0.2700,13,0.6125,9,0.3634,9,0.9759,0.2169,0.31,-2.2330,1.7670,0.0000,81.21,SUCCESS
2025-12-23T20:15:57.424653+00:00,btc-updown-15m-1766520900,TRADE,DOWN,ACCUM,2,2,0.3101,0.6203,13,0.6125,11,0.3537,11,0.9662,0.3717,0.15,-0.8533,1.1467,0.0000,80.59,SUCCESS
2025-12-23T20:16:02.940429+00:00,btc-updown-15m-1766520900,TRADE,UP,ACCUM,2,2,0.7701,1.5401,15,0.6335,11,0.3537,11,0.9872,0.1405,0.27,-2.3934,1.6066,0.0000,79.05,SUCCESS
2025-12-23T20:16:02.941475+00:00,btc-updown-15m-1766520900,TRADE,DOWN,ACCUM,2,1,0.2301,0.2301,15,0.6335,12,0.3434,12,0.9769,0.2770,0.20,-1.6235,1.3765,0.0000,78.82,SUCCESS
2025-12-23T20:16:08.453487+00:00,btc-updown-15m-1766520900,TRADE,DOWN,ACCUM,2,2,0.1900,0.3801,15,0.6335,14,0.3215,14,0.9550,0.6299,0.07,-0.0036,0.9964,0.0000,78.44,SUCCESS
2025-12-23T20:16:19.558974+00:00,btc-updown-15m-1766520900,TRADE,DOWN,ACCUM,2,2,0.2300,0.4601,15,0.6335,16,0.3101,15,0.9436,0.8464,0.06,0.5363,1.5363,0.0000,77.98,SUCCESS
2025-12-23T20:30:03.638242+00:00,btc-updown-15m-1766520900,RESOLUTION,UP,POLYMARKET_API,31,31,1.0000,14.4637,15,0.6335,16,0.3101,15,0.9436,0.8464,0.06,0.0000,0.0000,0.5363,92.98,RESOLVED
2025-12-23T20:30:12.578756+00:00,btc-updown-15m-1766521800,TRADE,UP,ACCUM,2,2,0.4901,0.9801,2,0.4901,0,0.0000,0,0.0000,0.0000,1.00,-0.9801,1.0199,0.0000,92.00,SUCCESS
2025-12-23T20:30:12.579352+00:00,btc-updown-15m-1766521800,TRADE,DOWN,ACCUM,2,2,0.5202,1.0404,2,0.4901,2,0.5202,2,1.0103,-0.0206,0.00,-0.0206,-0.0206,0.0000,90.96,SUCCESS
2025-12-23T20:30:51.659413+00:00,btc-updown-15m-1766521800,TRADE,DOWN,ACCUM,2,2,0.4002,0.8004,2,0.4901,4,0.4602,2,0.9503,0.0994,0.50,-0.8210,1.1790,0.0000,90.16,SUCCESS
2025-12-23T20:30:57.175308+00:00,btc-updown-15m-1766521800,TRADE,DOWN,ACCUM,2,2,0.4099,0.8199,2,0.4901,6,0.4435,2,0.9335,0.1329,0.67,-1.6409,2.3591,0.0000,89.34,SUCCESS
2025-12-23T20:31:02.608698+00:00,btc-updown-15m-1766521800,TRADE,UP,ACCUM,2,2,0.5903,1.1806,4,0.5402,6,0.4435,4,0.9836,0.0655,0.33,-0.8214,1.1786,0.0000,88.16,SUCCESS
2025-12-23T20:31:08.169074+00:00,btc-updown-15m-1766521800,TRADE,DOWN,ACCUM,2,2,0.4201,0.8402,4,0.5402,8,0.4376,4,0.9778,0.0889,0.50,-1.6616,2.3384,0.0000,87.32,SUCCESS
2025-12-23T20:31:13.778857+00:00,btc-updown-15m-1766521800,TRADE,UP,ACCUM,2,2,0.5802,1.1603,6,0.5535,8,0.4376,6,0.9911,0.0533,0.25,-0.8219,1.1781,0.0000,86.16,SUCCESS
2025-12-23T20:31:19.216623+00:00,btc-updown-15m-1766521800,TRADE,DOWN,ACCUM,2,2,0.4001,0.8002,6,0.5535,10,0.4301,6,0.9836,0.0983,0.40,-1.6221,2.3779,0.0000,85.36,SUCCESS
2025-12-23T20:31:30.432045+00:00,btc-updown-15m-1766521800,TRADE,UP,ACCUM,2,2,0.5900,1.1801,8,0.5626,10,0.4301,8,0.9927,0.0580,0.20,-0.8022,1.1978,0.0000,84.18,SUCCESS
2025-12-23T20:31:41.557542+00:00,btc-updown-15m-1766521800,TRADE,DOWN,ACCUM,2,2,0.3200,0.6399,8,0.5626,12,0.4117,8,0.9744,0.2049,0.33,-1.4421,2.5579,0.0000,83.54,SUCCESS
2025-12-23T20:31:47.069007+00:00,btc-updown-15m-1766521800,TRADE,UP,ACCUM,2,2,0.6003,1.2005,10,0.5702,12,0.4117,10,0.9819,0.1809,0.17,-0.6426,1.3574,0.0000,82.34,SUCCESS
2025-12-23T20:31:52.618370+00:00,btc-updown-15m-1766521800,TRADE,UP,ACCUM,2,2,0.6000,1.2000,12,0.5751,12,0.4117,12,0.9869,0.1574,0.00,0.1574,0.1574,0.0000,81.14,SUCCESS
2025-12-23T20:31:52.619018+00:00,btc-updown-15m-1766521800,TRADE,DOWN,ACCUM,2,2,0.4100,0.8200,12,0.5751,14,0.4115,12,0.9866,0.1604,0.14,-0.6626,1.3374,0.0000,80.32,SUCCESS
2025-12-23T20:31:58.262187+00:00,btc-updown-15m-1766521800,TRADE,DOWN,ACCUM,2,2,0.3700,0.7401,12,0.5751,16,0.4063,12,0.9815,0.2225,0.25,-1.4027,2.5973,0.0000,79.58,SUCCESS
2025-12-23T20:32:09.548553+00:00,btc-updown-15m-1766521800,TRADE,UP,ACCUM,2,2,0.5801,1.1602,14,0.5758,16,0.4063,14,0.9822,0.2497,0.12,-0.5629,1.4371,0.0000,78.42,SUCCESS
2025-12-23T20:32:15.113115+00:00,btc-updown-15m-1766521800,TRADE,UP,ACCUM,2,1,0.6102,0.6102,15,0.5781,16,0.4063,15,0.9845,0.2332,0.06,-0.1731,0.8269,0.0000,77.81,SUCCESS
2025-12-23T20:45:01.608003+00:00,btc-updown-15m-1766521800,RESOLUTION,UP,BINANCE_FALLBACK_SHARED,31,31,1.0000,15.1731,15,0.5781,16,0.4063,15,0.9845,0.2332,0.06,0.0000,0.0000,-0.1731,92.81,RESOLVED
2025-12-23T21:15:16.177357+00:00,btc-updown-15m-1766524500,TRADE,UP,ACCUM,2,1,0.5301,0.5301,1,0.5301,0,0.0000,0,0.0000,0.0000,1.00,-0.5301,0.4699,0.0000,99.47,SUCCESS
2025-12-23T21:15:16.178883+00:00,btc-updown-15m-1766524500,TRADE,DOWN,ACCUM,3,3,0.4802,1.4407,1,0.5301,3,0.4802,1,1.0104,-0.0104,0.67,-0.9708,1.0292,0.0000,98.03,SUCCESS
2025-12-23T21:16:16.980022+00:00,btc-updown-15m-1766524500,TRADE,UP,ACCUM,3,3,0.4901,1.4703,4,0.5001,3,0.4802,3,0.9803,0.0590,0.25,-0.4412,0.5588,0.0000,96.56,SUCCESS
2025-12-23T21:16:22.414305+00:00,btc-updown-15m-1766524500,TRADE,UP,ACCUM,3,3,0.4401,1.3202,7,0.4744,3,0.4802,3,0.9546,0.1362,0.57,-1.7613,2.2387,0.0000,95.24,SUCCESS
2025-12-23T21:16:38.750445+00:00,btc-updown-15m-1766524500,TRADE,DOWN,ACCUM,2,2,0.5202,1.0405,7,0.4744,5,0.4962,5,0.9706,0.1469,0.29,-0.8018,1.1982,0.0000,94.20,SUCCESS
2025-12-23T21:16:44.179982+00:00,btc-updown-15m-1766524500,TRADE,UP,ACCUM,3,3,0.4801,1.4403,10,0.4761,5,0.4962,5,0.9723,0.1384,0.50,-2.2421,2.7579,0.0000,92.76,SUCCESS
2025-12-23T21:16:44.180855+00:00,btc-updown-15m-1766524500,TRADE,DOWN,ACCUM,2,1,0.5302,0.5302,10,0.4761,6,0.5019,6,0.9780,0.1321,0.40,-1.7723,2.2277,0.0000,92.23,SUCCESS
2025-12-23T21:16:49.781994+00:00,btc-updown-15m-1766524500,TRADE,DOWN,ACCUM,2,2,0.5501,1.1002,10,0.4761,8,0.5139,8,0.9900,0.0797,0.20,-0.8724,1.1276,0.0000,91.13,SUCCESS
2025-12-23T21:16:55.300024+00:00,btc-updown-15m-1766524500,TRADE,UP,ACCUM,3,3,0.4901,1.4704,13,0.4793,8,0.5139,8,0.9933,0.0538,0.38,-2.3429,2.6571,0.0000,89.66,SUCCESS
2025-12-23T21:16:55.301553+00:00,btc-updown-15m-1766524500,TRADE,DOWN,ACCUM,2,2,0.5200,1.0400,13,0.4793,10,0.5152,10,0.9945,0.0551,0.23,-1.3829,1.6171,0.0000,88.62,SUCCESS
2025-12-23T21:18:17.926831+00:00,btc-updown-15m-1766524500,TRADE,DOWN,ACCUM,3,3,0.4601,1.3803,13,0.4793,13,0.5025,13,0.9818,0.2368,0.00,0.2368,0.2368,0.0000,87.24,SUCCESS
2025-12-23T21:18:23.482723+00:00,btc-updown-15m-1766524500,TRADE,UP,ACCUM,2,2,0.5500,1.1001,15,0.4888,13,0.5025,13,0.9912,0.1142,0.13,-0.8633,1.1367,0.0000,86.14,SUCCESS
2025-12-23T21:18:23.483540+00:00,btc-updown-15m-1766524500,TRADE,DOWN,ACCUM,3,3,0.4702,1.4106,15,0.4888,16,0.4964,15,0.9852,0.2225,0.06,-0.2739,0.7261,0.0000,84.73,SUCCESS
2025-12-23T21:30:02.834935+00:00,btc-updown-15m-1766524500,RESOLUTION,UP,BINANCE_FALLBACK_SHARED,31,31,1.0000,15.2739,15,0.4888,16,0.4964,15,0.9852,0.2225,0.06,0.0000,0.0000,-0.2739,99.73,RESOLVED
2025-12-23T21:30:11.221898+00:00,btc-updown-15m-1766525400,TRADE,UP,ACCUM,2,2,0.5000,1.0000,2,0.5000,0,0.0000,0,0.0000,0.0000,1.00,-1.0000,1.0000,0.0000,98.73,SUCCESS
2025-12-23T21:30:11.222865+00:00,btc-updown-15m-1766525400,TRADE,DOWN,ACCUM,2,2,0.5102,1.0204,2,0.5000,2,0.5102,2,1.0102,-0.0204,0.00,-0.0204,-0.0204,0.0000,97.71,SUCCESS
2025-12-23T21:30:16.769065+00:00,btc-updown-15m-1766525400,TRADE,UP,ACCUM,3,3,0.4202,1.2606,5,0.4521,2,0.5102,2,0.9623,0.0753,0.60,-1.2810,1.7190,0.0000,96.45,SUCCESS
2025-12-23T21:30:22.385354+00:00,btc-updown-15m-1766525400,TRADE,DOWN,ACCUM,2,2,0.5401,1.0801,5,0.4521,4,0.5251,4,0.9773,0.0910,0.20,-0.3612,0.6388,0.0000,95.36,SUCCESS
2025-12-23T21:30:27.881737+00:00,btc-updown-15m-1766525400,TRADE,UP,ACCUM,3,3,0.4702,1.4105,8,0.4589,4,0.5251,4,0.9840,0.0639,0.50,-1.7717,2.2283,0.0000,93.95,SUCCESS
2025-12-23T21:30:27.882335+00:00,btc-updown-15m-1766525400,TRADE,DOWN,ACCUM,2,2,0.5302,1.0604,8,0.4589,6,0.5268,6,0.9857,0.0857,0.25,-0.8321,1.1679,0.0000,92.89,SUCCESS
2025-12-23T21:30:33.536149+00:00,btc-updown-15m-1766525400,TRADE,UP,ACCUM,3,3,0.4902,1.4707,11,0.4674,6,0.5268,6,0.9943,0.0344,0.45,-2.3028,2.6972,0.0000,91.42,SUCCESS
2025-12-23T21:30:33.537492+00:00,btc-updown-15m-1766525400,TRADE,DOWN,ACCUM,2,2,0.5200,1.0400,11,0.4674,8,0.5251,8,0.9926,0.0595,0.27,-1.3428,1.6572,0.0000,90.38,SUCCESS
2025-12-23T21:30:38.951460+00:00,btc-updown-15m-1766525400,TRADE,DOWN,ACCUM,2,2,0.5301,1.0602,11,0.4674,10,0.5261,10,0.9936,0.0645,0.09,-0.4030,0.5970,0.0000,89.32,SUCCESS
2025-12-23T21:30:44.448392+00:00,btc-updown-15m-1766525400,TRADE,UP,ACCUM,3,3,0.4702,1.4106,14,0.4680,10,0.5261,10,0.9941,0.0586,0.29,-1.8136,2.1864,0.0000,87.91,SUCCESS
2025-12-23T21:30:50.094063+00:00,btc-updown-15m-1766525400,TRADE,DOWN,ACCUM,2,2,0.5100,1.0201,14,0.4680,12,0.5234,12,0.9915,0.1024,0.14,-0.8336,1.1664,0.0000,86.89,SUCCESS
2025-12-23T21:30:55.484870+00:00,btc-updown-15m-1766525400,TRADE,UP,ACCUM,3,3,0.4899,1.4696,17,0.4719,12,0.5234,12,0.9953,0.0562,0.29,-2.3032,2.6968,0.0000,85.42,SUCCESS
2025-12-23T21:30:55.485585+00:00,btc-updown-15m-1766525400,TRADE,DOWN,ACCUM,2,2,0.5200,1.0401,17,0.4719,14,0.5230,14,0.9948,0.0724,0.18,-1.3433,1.6567,0.0000,84.38,SUCCESS
2025-12-23T21:31:12.003362+00:00,btc-updown-15m-1766525400,TRADE,DOWN,ACCUM,3,3,0.4800,1.4400,17,0.4719,17,0.5154,17,0.9873,0.2167,0.00,0.2167,0.2167,0.0000,82.94,SUCCESS
2025-12-23T22:00:15.986583+00:00,btc-updown-15m-1766527200,TRADE,UP,ACCUM,2,2,0.5102,1.0204,2,0.5102,0,0.0000,0,0.0000,0.0000,1.00,-1.0204,0.9796,0.0000,98.98,SUCCESS
2025-12-23T22:00:15.988102+00:00,btc-updown-15m-1766527200,TRADE,DOWN,ACCUM,2,2,0.5001,1.0002,2,0.5102,2,0.5001,2,1.0103,-0.0206,0.00,-0.0206,-0.0206,0.0000,97.98,SUCCESS
2025-12-23T22:00:16.275975+00:00,btc-updown-15m-1766527200,RESOLUTION,UP,BINANCE_FALLBACK_SHARED,4,4,1.0000,2.0206,2,0.5102,2,0.5001,2,1.0103,-0.0206,0.00,0.0000,0.0000,-0.0206,99.98,RESOLVED
2025-12-23T22:00:24.356060+00:00,btc-updown-15m-1766528100,TRADE,UP,ACCUM,2,2,0.5102,1.0205,2,0.5102,0,0.0000,0,0.0000,0.0000,1.00,-1.0205,0.9795,0.0000,98.96,SUCCESS
2025-12-23T22:00:24.357713+00:00,btc-updown-15m-1766528100,TRADE,DOWN,ACCUM,2,1,0.5001,0.5001,2,0.5102,1,0.5001,1,1.0103,-0.0103,0.50,-0.5205,0.4795,0.0000,98.46,SUCCESS
2025-12-23T22:08:15.579545+00:00,btc-updown-15m-1766527200,TRADE,DOWN,ACCUM,3,3,0.3999,1.1996,0,0.0000,3,0.3999,0,0.0000,0.0000,1.00,-1.1996,1.8004,0.0000,98.80,SUCCESS
2025-12-23T22:08:15.825607+00:00,btc-updown-15m-1766527200,RESOLUTION,UP,BINANCE_FALLBACK_SHARED,3,3,1.0000,1.1996,0,0.0000,3,0.3999,0,0.0000,0.0000,1.00,0.0000,0.0000,-1.1996,98.80,RESOLVED
2025-12-23T22:08:24.780151+00:00,btc-updown-15m-1766528100,TRADE,UP,ACCUM,2,2,0.5002,1.0005,2,0.5002,0,0.0000,0,0.0000,0.0000,1.00,-1.0005,0.9995,0.0000,97.80,SUCCESS
2025-12-23T22:08:30.800807+00:00,btc-updown-15m-1766528100,TRADE,DOWN,ACCUM,2,2,0.5102,1.0204,2,0.5002,2,0.5102,2,1.0104,-0.0209,0.00,-0.0209,-0.0209,0.0000,96.78,SUCCESS
2025-12-23T22:15:21.420630+00:00,btc-updown-15m-1766529000,TRADE,UP,ACCUM,2,2,0.5201,1.0402,2,0.5201,0,0.0000,0,0.0000,0.0000,1.00,-1.0402,0.9598,0.0000,98.96,SUCCESS
2025-12-23T22:15:21.422280+00:00,btc-updown-15m-1766529000,TRADE,DOWN,ACCUM,3,3,0.4901,1.4703,2,0.5201,3,0.4901,2,1.0102,-0.0204,0.33,-0.5105,0.4895,0.0000,97.49,SUCCESS
2025-12-23T22:30:04.384265+00:00,btc-updown-15m-1766529000,RESOLUTION,UP,BINANCE_FALLBACK_SHARED,5,5,1.0000,2.5105,2,0.5201,3,0.4901,2,1.0102,-0.0204,0.33,0.0000,0.0000,-0.5105,99.49,RESOLVED
2025-12-23T22:30:12.624025+00:00,btc-updown-15m-1766529900,TRADE,UP,ACCUM,2,2,0.5202,1.0404,2,0.5202,0,0.0000,0,0.0000,0.0000,1.00,-1.0404,0.9596,0.0000,98.45,SUCCESS
2025-12-23T22:30:12.624509+00:00,btc-updown-15m-1766529900,TRADE,DOWN,ACCUM,3,3,0.4901,1.4703,2,0.5202,3,0.4901,2,1.0103,-0.0206,0.33,-0.5107,0.4893,0.0000,96.98,SUCCESS
2025-12-23T22:44:59.006259+00:00,btc-updown-15m-1766529900,TRADE,UP,ACCUM,3,3,0.4601,1.3803,5,0.4841,3,0.4901,3,0.9743,0.0772,0.40,-0.8911,1.1089,0.0000,95.60,SUCCESS
2025-12-23T22:45:04.501812+00:00,btc-updown-15m-1766529900,TRADE,UP,ACCUM,3,3,0.4902,1.4706,8,0.4864,3,0.4901,3,0.9765,0.0704,0.62,-2.3616,2.6384,0.0000,94.13,SUCCESS
2025-12-23T22:45:04.502318+00:00,btc-updown-15m-1766529900,TRADE,DOWN,ACCUM,2,2,0.5200,1.0401,8,0.4864,5,0.5021,5,0.9885,0.0575,0.38,-1.4017,1.5983,0.0000,93.09,SUCCESS
2025-12-23T22:45:04.762345+00:00,btc-updown-15m-1766529900,RESOLUTION,UP,BINANCE_FALLBACK_SHARED,13,13,1.0000,6.4017,8,0.4864,5,0.5021,5,0.9885,0.0575,0.38,0.0000,0.0000,1.5983,101.09,RESOLVED
2025-12-23T22:45:13.213026+00:00,btc-updown-15m-1766530800,TRADE,UP,ACCUM,2,2,0.5102,1.0205,2,0.5102,0,0.0000,0,0.0000,0.0000,1.00,-1.0205,0.9795,0.0000,100.07,SUCCESS
2025-12-23T22:45:13.213569+00:00,btc-updown-15m-1766530800,TRADE,DOWN,ACCUM,2,2,0.5001,1.0002,2,0.5102,2,0.5001,2,1.0104,-0.0207,0.00,-0.0207,-0.0207,0.0000,99.07,SUCCESS
2025-12-23T23:00:00.822866+00:00,btc-updown-15m-1766530800,RESOLUTION,DOWN,BINANCE_FALLBACK_SHARED,4,4,1.0000,2.0207,2,0.5102,2,0.5001,2,1.0104,-0.0207,0.00,0.0000,0.0000,-0.0207,101.07,RESOLVED
2025-12-23T23:00:14.552123+00:00,btc-updown-15m-1766531700,TRADE,UP,ACCUM,2,2,0.5102,1.0203,2,0.5102,0,0.0000,0,0.0000,0.0000,1.00,-1.0203,0.9797,0.0000,100.05,SUCCESS
2025-12-23T23:00:14.552831+00:00,btc-updown-15m-1766531700,TRADE,DOWN,ACCUM,2,2,0.5002,1.0005,2,0.5102,2,0.5002,2,1.0104,-0.0208,0.00,-0.0208,-0.0208,0.0000,99.05,SUCCESS
2025-12-23T23:15:02.269543+00:00,btc-updown-15m-1766531700,RESOLUTION,DOWN,BINANCE_FALLBACK_SHARED,4,4,1.0000,2.0208,2,0.5102,2,0.5002,2,1.0104,-0.0208,0.00,0.0000,0.0000,-0.0208,101.05,RESOLVED
2025-12-23T23:15:10.969589+00:00,btc-updown-15m-1766532600,TRADE,UP,ACCUM,2,2,0.5203,1.0405,2,0.5203,0,0.0000,0,0.0000,0.0000,1.00,-1.0405,0.9595,0.0000,100.01,SUCCESS
2025-12-23T23:15:10.970159+00:00,btc-updown-15m-1766532600,TRADE,DOWN,ACCUM,3,3,0.4901,1.4702,2,0.5203,3,0.4901,2,1.0103,-0.0207,0.33,-0.5107,0.4893,0.0000,98.54,SUCCESS
2025-12-23T23:30:01.152544+00:00,btc-updown-15m-1766532600,RESOLUTION,UP,BINANCE_FALLBACK_SHARED,5,5,1.0000,2.5107,2,0.5203,3,0.4901,2,1.0103,-0.0207,0.33,0.0000,0.0000,-0.5107,100.54,RESOLVED
2025-12-23T23:30:09.827913+00:00,btc-updown-15m-1766533500,TRADE,DOWN,ACCUM,2,2,0.5101,1.0202,0,0.0000,2,0.5101,0,0.0000,0.0000,1.00,-1.0202,0.9798,0.0000,99.52,SUCCESS
2025-12-23T23:30:15.475077+00:00,btc-updown-15m-1766533500,TRADE,UP,ACCUM,2,2,0.5000,1.0001,2,0.5000,2,0.5101,2,1.0101,-0.0202,0.00,-0.0202,-0.0202,0.0000,98.52,SUCCESS
2025-12-23T23:30:15.475500+00:00,btc-updown-15m-1766533500,TRADE,DOWN,ACCUM,2,2,0.5102,1.0205,2,0.5000,4,0.5102,2,1.0102,-0.0204,0.50,-1.0407,0.9593,0.0000,97.49,SUCCESS
2025-12-23T23:45:01.030724+00:00,btc-updown-15m-1766533500,RESOLUTION,UP,BINANCE_FALLBACK_SHARED,6,6,1.0000,3.0407,2,0.5000,4,0.5102,2,1.0102,-0.0204,0.50,0.0000,0.0000,-1.0407,99.49,RESOLVED
2025-12-23T23:45:09.845967+00:00,btc-updown-15m-1766534400,TRADE,UP,ACCUM,2,2,0.5001,1.0003,2,0.5001,0,0.0000,0,0.0000,0.0000,1.00,-1.0003,0.9997,0.0000,98.49,SUCCESS
2025-12-23T23:45:09.846525+00:00,btc-updown-15m-1766534400,TRADE,DOWN,ACCUM,2,2,0.5101,1.0202,2,0.5001,2,0.5101,2,1.0102,-0.0205,0.00,-0.0205,-0.0205,0.0000,97.47,SUCCESS
2025-12-24T00:00:01.732052+00:00,btc-updown-15m-1766534400,RESOLUTION,UP,BINANCE_FALLBACK_SHARED,4,4,1.0000,2.0205,2,0.5001,2,0.5101,2,1.0102,-0.0205,0.00,0.0000,0.0000,-0.0205,99.47,RESOLVED
2025-12-24T00:00:10.233335+00:00,btc-updown-15m-1766535300,TRADE,UP,ACCUM,2,2,0.5000,1.0001,2,0.5000,0,0.0000,0,0.0000,0.0000,1.00,-1.0001,0.9999,0.0000,98.47,SUCCESS
2025-12-24T00:00:10.233592+00:00,btc-updown-15m-1766535300,TRADE,DOWN,ACCUM,2,2,0.5101,1.0201,2,0.5000,2,0.5101,2,1.0101,-0.0202,0.00,-0.0202,-0.0202,0.0000,97.45,SUCCESS
2025-12-24T00:15:03.303250+00:00,btc-updown-15m-1766535300,RESOLUTION,DOWN,BINANCE_FALLBACK_SHARED,4,4,1.0000,2.0202,2,0.5000,2,0.5101,2,1.0101,-0.0202,0.00,0.0000,0.0000,-0.0202,99.45,RESOLVED
2025-12-24T00:15:12.524000+00:00,btc-updown-15m-1766536200,TRADE,UP,ACCUM,2,1,0.5102,0.5102,1,0.5102,0,0.0000,0,0.0000,0.0000,1.00,-0.5102,0.4898,0.0000,98.94,SUCCESS
2025-12-24T00:15:18.154373+00:00,btc-updown-15m-1766536200,TRADE,UP,ACCUM,2,2,0.5101,1.0203,3,0.5102,0,0.0000,0,0.0000,0.0000,1.00,-1.5305,1.4695,0.0000,97.92,SUCCESS
2025-12-24T00:15:18.155151+00:00,btc-updown-15m-1766536200,TRADE,DOWN,ACCUM,2,2,0.5002,1.0004,3,0.5102,2,0.5002,2,1.0104,-0.0208,0.33,-0.5309,0.4691,0.0000,96.92,SUCCESS
2025-12-24T00:25:30.658171+00:00,btc-updown-15m-1766536200,TRADE,DOWN,ACCUM,3,3,0.4402,1.3205,3,0.5102,5,0.4642,3,0.9743,0.0770,0.40,-0.8514,1.1486,0.0000,95.60,SUCCESS
2025-12-24T00:25:36.071458+00:00,btc-updown-15m-1766536200,TRADE,UP,ACCUM,2,2,0.5703,1.1405,5,0.5342,5,0.4642,5,0.9984,0.0081,0.00,0.0081,0.0081,0.0000,94.46,SUCCESS
2025-12-24T00:25:36.072126+00:00,btc-updown-15m-1766536200,TRADE,DOWN,ACCUM,3,3,0.4401,1.3204,5,0.5342,8,0.4552,5,0.9894,0.0532,0.38,-1.3123,1.6877,0.0000,93.14,SUCCESS
2025-12-24T00:27:15.410612+00:00,btc-updown-15m-1766536200,TRADE,UP,ACCUM,2,2,0.5501,1.1002,7,0.5387,8,0.4552,7,0.9939,0.0427,0.12,-0.4125,0.5875,0.0000,92.04,SUCCESS
2025-12-24T00:27:32.133048+00:00,btc-updown-15m-1766536200,TRADE,DOWN,ACCUM,3,3,0.4601,1.3802,7,0.5387,11,0.4565,7,0.9952,0.0333,0.36,-1.7927,2.2073,0.0000,90.66,SUCCESS
2025-12-24T00:30:02.206006+00:00,btc-updown-15m-1766536200,RESOLUTION,DOWN,BINANCE_FALLBACK_SHARED,18,18,1.0000,8.7927,7,0.5387,11,0.4565,7,0.9952,0.0333,0.36,0.0000,0.0000,2.2073,101.66,RESOLVED
2025-12-24T00:30:10.358804+00:00,btc-updown-15m-1766537100,TRADE,UP,ACCUM,2,2,0.5101,1.0202,2,0.5101,0,0.0000,0,0.0000,0.0000,1.00,-1.0202,0.9798,0.0000,100.64,SUCCESS
2025-12-24T00:30:10.359268+00:00,btc-updown-15m-1766537100,TRADE,DOWN,ACCUM,2,2,0.5002,1.0004,2,0.5101,2,0.5002,2,1.0103,-0.0206,0.00,-0.0206,-0.0206,0.0000,99.64,SUCCESS
2025-12-24T00:45:04.192483+00:00,btc-updown-15m-1766537100,RESOLUTION,UP,BINANCE_FALLBACK_SHARED,4,4,1.0000,2.0206,2,0.5101,2,0.5002,2,1.0103,-0.0206,0.00,0.0000,0.0000,-0.0206,101.64,RESOLVED
2025-12-24T00:45:12.941389+00:00,btc-updown-15m-1766538000,TRADE,UP,ACCUM,2,2,0.5000,1.0001,2,0.5000,0,0.0000,0,0.0000,0.0000,1.00,-1.0001,0.9999,0.0000,100.64,SUCCESS
2025-12-24T00:45:12.941814+00:00,btc-updown-15m-1766538000,TRADE,DOWN,ACCUM,2,2,0.5102,1.0204,2,0.5000,2,0.5102,2,1.0102,-0.0205,0.00,-0.0205,-0.0205,0.0000,99.62,SUCCESS
2025-12-24T01:00:00.784383+00:00,btc-updown-15m-1766538000,RESOLUTION,UP,BINANCE_FALLBACK_SHARED,4,4,1.0000,2.0205,2,0.5000,2,0.5102,2,1.0102,-0.0205,0.00,0.0000,0.0000,-0.0205,101.62,RESOLVED
2025-12-24T01:00:09.898263+00:00,btc-updown-15m-1766538900,TRADE,UP,ACCUM,2,2,0.5001,1.0002,2,0.5001,0,0.0000,0,0.0000,0.0000,1.00,-1.0002,0.9998,0.0000,100.62,SUCCESS
2025-12-24T01:00:09.899272+00:00,btc-updown-15m-1766538900,TRADE,DOWN,ACCUM,2,2,0.5102,1.0203,2,0.5001,2,0.5102,2,1.0103,-0.0206,0.00,-0.0206,-0.0206,0.0000,99.60,SUCCESS
2025-12-24T01:08:49.152909+00:00,btc-updown-15m-1766538900,TRADE,UP,ACCUM,3,3,0.4600,1.3801,5,0.4761,2,0.5102,2,0.9862,0.0275,0.60,-1.4006,1.5994,0.0000,98.22,SUCCESS
2025-12-24T01:15:04.343163+00:00,btc-updown-15m-1766538900,RESOLUTION,UP,BINANCE_FALLBACK_SHARED,7,7,1.0000,3.4006,5,0.4761,2,0.5102,2,0.9862,0.0275,0.60,0.0000,0.0000,1.5994,103.22,RESOLVED
2025-12-24T01:15:12.481815+00:00,btc-updown-15m-1766539800,TRADE,UP,ACCUM,3,3,0.4900,1.4701,3,0.4900,0,0.0000,0,0.0000,0.0000,1.00,-1.4701,1.5299,0.0000,101.75,SUCCESS
2025-12-24T01:15:12.482346+00:00,btc-updown-15m-1766539800,TRADE,DOWN,ACCUM,2,2,0.5202,1.0403,3,0.4900,2,0.5202,2,1.0102,-0.0204,0.33,-0.5104,0.4896,0.0000,100.71,SUCCESS
2025-12-24T01:30:03.302763+00:00,btc-updown-15m-1766539800,RESOLUTION,DOWN,BINANCE_FALLBACK_SHARED,5,5,1.0000,2.5104,3,0.4900,2,0.5202,2,1.0102,-0.0204,0.33,0.0000,0.0000,-0.5104,102.71,RESOLVED
2025-12-24T01:30:11.225841+00:00,btc-updown-15m-1766540700,TRADE,UP,ACCUM,2,2,0.5002,1.0004,2,0.5002,0,0.0000,0,0.0000,0.0000,1.00,-1.0004,0.9996,0.0000,101.71,SUCCESS
2025-12-24T01:30:11.230904+00:00,btc-updown-15m-1766540700,TRADE,DOWN,ACCUM,2,2,0.5101,1.0202,2,0.5002,2,0.5101,2,1.0103,-0.0206,0.00,-0.0206,-0.0206,0.0000,100.69,SUCCESS
2025-12-24T01:44:31.567199+00:00,btc-updown-15m-1766540700,TRADE,DOWN,ACCUM,3,3,0.4501,1.3504,2,0.5002,5,0.4741,2,0.9743,0.0514,0.60,-1.3710,1.6290,0.0000,99.34,SUCCESS
2025-12-24T01:44:42.560757+00:00,btc-updown-15m-1766540700,TRADE,UP,ACCUM,2,2,0.5600,1.1201,4,0.5301,5,0.4741,4,1.0042,-0.0169,0.20,-0.4910,0.5090,0.0000,98.22,SUCCESS
2025-12-24T01:45:05.123209+00:00,btc-updown-15m-1766540700,RESOLUTION,DOWN,BINANCE_FALLBACK_SHARED,9,9,1.0000,4.4910,4,0.5301,5,0.4741,4,1.0042,-0.0169,0.20,0.0000,0.0000,0.5090,103.22,RESOLVED
2025-12-24T01:45:13.738109+00:00,btc-updown-15m-1766541600,TRADE,UP,ACCUM,2,2,0.5101,1.0203,2,0.5101,0,0.0000,0,0.0000,0.0000,1.00,-1.0203,0.9797,0.0000,102.20,SUCCESS
2025-12-24T01:45:13.738743+00:00,btc-updown-15m-1766541600,TRADE,DOWN,ACCUM,2,2,0.5000,1.0000,2,0.5101,2,0.5000,2,1.0102,-0.0203,0.00,-0.0203,-0.0203,0.0000,101.20,SUCCESS
2025-12-24T02:00:03.459717+00:00,btc-updown-15m-1766541600,RESOLUTION,UP,BINANCE_FALLBACK_SHARED,4,4,1.0000,2.0203,2,0.5101,2,0.5000,2,1.0102,-0.0203,0.00,0.0000,0.0000,-0.0203,103.20,RESOLVED
2025-12-24T02:00:12.340663+00:00,btc-updown-15m-1766542500,TRADE,UP,ACCUM,2,2,0.5101,1.0203,2,0.5101,0,0.0000,0,0.0000,0.0000,1.00,-1.0203,0.9797,0.0000,102.18,SUCCESS
2025-12-24T02:00:12.342307+00:00,btc-updown-15m-1766542500,TRADE,DOWN,ACCUM,2,2,0.5001,1.0002,2,0.5101,2,0.5001,2,1.0103,-0.0205,0.00,-0.0205,-0.0205,0.0000,101.18,SUCCESS
2025-12-24T02:14:54.634214+00:00,btc-updown-15m-1766542500,TRADE,DOWN,ACCUM,3,3,0.4501,1.3502,2,0.5101,5,0.4701,2,0.9802,0.0395,0.60,-1.3707,1.6293,0.0000,99.83,SUCCESS
2025-12-24T02:15:00.692548+00:00,btc-updown-15m-1766542500,RESOLUTION,DOWN,BINANCE_FALLBACK_SHARED,7,7,1.0000,3.3707,2,0.5101,5,0.4701,2,0.9802,0.0395,0.60,0.0000,0.0000,1.6293,104.83,RESOLVED
2025-12-24T02:15:08.954010+00:00,btc-updown-15m-1766543400,TRADE,UP,ACCUM,2,2,0.5100,1.0200,2,0.5100,0,0.0000,0,0.0000,0.0000,1.00,-1.0200,0.9800,0.0000,103.81,SUCCESS
2025-12-24T02:15:08.954893+00:00,btc-updown-15m-1766543400,TRADE,DOWN,ACCUM,2,2,0.5002,1.0005,2,0.5100,2,0.5002,2,1.0102,-0.0205,0.00,-0.0205,-0.0205,0.0000,102.81,SUCCESS
2025-12-24T02:30:01.076946+00:00,btc-updown-15m-1766543400,RESOLUTION,UP,BINANCE_FALLBACK_SHARED,4,4,1.0000,2.0205,2,0.5100,2,0.5002,2,1.0102,-0.0205,0.00,0.0000,0.0000,-0.0205,104.81,RESOLVED
2025-12-24T02:30:09.412890+00:00,btc-updown-15m-1766544300,TRADE,UP,ACCUM,2,2,0.5100,1.0201,2,0.5100,0,0.0000,0,0.0000,0.0000,1.00,-1.0201,0.9799,0.0000,103.79,SUCCESS
2025-12-24T02:30:09.413432+00:00,btc-updown-15m-1766544300,TRADE,DOWN,ACCUM,2,2,0.5000,1.0000,2,0.5100,2,0.5000,2,1.0101,-0.0201,0.00,-0.0201,-0.0201,0.0000,102.79,SUCCESS
2025-12-24T05:00:13.547983+00:00,btc-updown-15m-1766552400,TRADE,UP,ACCUM,2,2,0.6001,1.2002,2,0.6001,0,0.0000,0,0.0000,0.0000,1.00,-1.2002,0.7998,0.0000,98.80,SUCCESS
2025-12-24T05:00:13.548365+00:00,btc-updown-15m-1766552400,TRADE,DOWN,ACCUM,3,3,0.4101,1.2304,2,0.6001,3,0.4101,2,1.0102,-0.0205,0.33,-0.4306,0.5694,0.0000,97.57,SUCCESS
2025-12-24T05:00:14.900167+00:00,btc-updown-15m-1766552400,RESOLUTION,UP,BINANCE_FALLBACK_SHARED,5,5,1.0000,2.4306,2,0.6001,3,0.4101,2,1.0102,-0.0205,0.33,0.0000,0.0000,-0.4306,99.57,RESOLVED
2025-12-24T05:00:22.822219+00:00,btc-updown-15m-1766553300,TRADE,UP,ACCUM,2,1,0.5200,0.5200,1,0.5200,0,0.0000,0,0.0000,0.0000,1.00,-0.5200,0.4800,0.0000,99.05,SUCCESS
2025-12-24T05:00:22.822849+00:00,btc-updown-15m-1766553300,TRADE,DOWN,ACCUM,3,1,0.4899,0.4899,1,0.5200,1,0.4899,1,1.0099,-0.0099,0.00,-0.0099,-0.0099,0.0000,98.56,SUCCESS
2025-12-24T05:13:25.607740+00:00,btc-updown-15m-1766553300,TRADE,DOWN,ACCUM,3,3,0.4601,1.3804,1,0.5200,4,0.4676,1,0.9876,0.0124,0.75,-1.3903,1.6097,0.0000,97.18,SUCCESS
2025-12-24T05:15:05.501618+00:00,btc-updown-15m-1766553300,RESOLUTION,DOWN,BINANCE_FALLBACK_SHARED,5,5,1.0000,2.3903,1,0.5200,4,0.4676,1,0.9876,0.0124,0.75,0.0000,0.0000,1.6097,101.18,RESOLVED
2025-12-24T05:15:14.676445+00:00,btc-updown-15m-1766554200,TRADE,DOWN,ACCUM,3,3,0.4901,1.4703,0,0.0000,3,0.4901,0,0.0000,0.0000,1.00,-1.4703,1.5297,0.0000,99.71,SUCCESS
2025-12-24T05:15:20.499824+00:00,btc-updown-15m-1766554200,TRADE,UP,ACCUM,2,2,0.5201,1.0402,2,0.5201,3,0.4901,2,1.0102,-0.0204,0.33,-0.5105,0.4895,0.0000,98.67,SUCCESS
2025-12-24T05:30:03.530416+00:00,btc-updown-15m-1766554200,TRADE,DOWN,ACCUM,3,3,0.4102,1.2306,2,0.5201,6,0.4501,2,0.9703,0.0595,0.67,-1.7411,2.2589,0.0000,97.44,SUCCESS
2025-12-24T05:30:04.320848+00:00,btc-updown-15m-1766554200,RESOLUTION,UP,BINANCE_FALLBACK_SHARED,8,8,1.0000,3.7411,2,0.5201,6,0.4501,2,0.9703,0.0595,0.67,0.0000,0.0000,-1.7411,99.44,RESOLVED
2025-12-24T09:08:00.379210+00:00,btc-updown-15m-1766566800,TRADE,UP,ACCUM,2,2,0.7804,1.5607,2,0.7804,0,0.0000,0,0.0000,0.0000,1.00,-1.5607,0.4393,0.0000,98.44,SUCCESS
2025-12-24T09:08:00.380083+00:00,btc-updown-15m-1766566800,TRADE,DOWN,ACCUM,5,5,0.2401,1.2004,2,0.7804,5,0.2401,2,1.0204,-0.0409,0.60,-0.7611,2.2389,0.0000,97.24,SUCCESS
2025-12-24T09:08:00.758842+00:00,btc-updown-15m-1766566800,RESOLUTION,DOWN,BINANCE_FALLBACK_SHARED,7,7,1.0000,2.7611,2,0.7804,5,0.2401,2,1.0204,-0.0409,0.60,0.0000,0.0000,2.2389,102.24,RESOLVED
2025-12-24T09:08:09.275796+00:00,btc-updown-15m-1766567700,TRADE,UP,ACCUM,7,7,0.5100,3.5703,7,0.5100,0,0.0000,0,0.0000,0.0000,1.00,-3.5703,3.4297,0.0000,98.67,SUCCESS
2025-12-24T09:08:09.275960+00:00,btc-updown-15m-1766567700,TRADE,DOWN,ACCUM,7,7,0.5001,3.5007,7,0.5100,7,0.5001,7,1.0101,-0.0710,0.00,-0.0710,-0.0710,0.0000,95.17,SUCCESS
2025-12-24T09:08:14.726049+00:00,btc-updown-15m-1766567700,TRADE,DOWN,ACCUM,7,7,0.5000,3.4999,7,0.5100,14,0.5000,7,1.0101,-0.0706,0.50,-3.5708,3.4292,0.0000,91.67,SUCCESS
2025-12-24T09:08:20.313029+00:00,btc-updown-15m-1766567700,TRADE,UP,ACCUM,7,7,0.5101,3.5709,14,0.5101,14,0.5000,14,1.0101,-0.1417,0.00,-0.1417,-0.1417,0.0000,88.10,SUCCESS
2025-12-24T09:08:25.768226+00:00,btc-updown-15m-1766567700,TRADE,UP,ACCUM,6,6,0.5101,3.0606,20,0.5101,14,0.5000,14,1.0101,-0.1418,0.30,-3.2024,2.7976,0.0000,85.04,SUCCESS
2025-12-24T09:08:25.768415+00:00,btc-updown-15m-1766567700,TRADE,DOWN,ACCUM,6,6,0.5001,3.0006,20,0.5101,20,0.5001,20,1.0102,-0.2030,0.00,-0.2030,-0.2030,0.0000,82.04,SUCCESS
2025-12-24T09:08:34.040201+00:00,btc-updown-15m-1766567700,TRADE,UP,ACCUM,6,6,0.5102,3.0610,26,0.5101,20,0.5001,20,1.0102,-0.2034,0.23,-3.2640,2.7360,0.0000,78.97,SUCCESS
2025-12-24T09:08:39.603949+00:00,btc-updown-15m-1766567700,TRADE,DOWN,ACCUM,6,6,0.4999,2.9992,26,0.5101,26,0.5000,26,1.0101,-0.2633,0.00,-0.2633,-0.2633,0.0000,75.98,SUCCESS
2025-12-24T09:08:45.021347+00:00,btc-updown-15m-1766567700,TRADE,UP,ACCUM,6,6,0.5102,3.0609,32,0.5101,26,0.5000,26,1.0101,-0.2635,0.19,-3.3242,2.6758,0.0000,72.91,SUCCESS
2025-12-24T09:08:45.022698+00:00,btc-updown-15m-1766567700,TRADE,DOWN,ACCUM,6,2,0.4998,0.9996,32,0.5101,28,0.5000,28,1.0101,-0.2833,0.12,-2.3238,1.6762,0.0000,71.92,SUCCESS
2025-12-24T09:08:50.605093+00:00,btc-updown-15m-1766567700,TRADE,UP,ACCUM,6,6,0.5100,3.0600,38,0.5101,28,0.5000,28,1.0101,-0.2828,0.26,-5.3838,4.6162,0.0000,68.86,SUCCESS
2025-12-24T09:08:50.605511+00:00,btc-updown-15m-1766567700,TRADE,DOWN,ACCUM,6,2,0.5002,1.0005,38,0.5101,30,0.5000,30,1.0101,-0.3035,0.21,-4.3843,3.6157,0.0000,67.85,SUCCESS
2025-12-24T09:08:56.005754+00:00,btc-updown-15m-1766567700,TRADE,DOWN,ACCUM,6,6,0.5001,3.0009,38,0.5101,36,0.5000,36,1.0101,-0.3650,0.05,-1.3852,0.6148,0.0000,64.85,SUCCESS
2025-12-24T09:09:01.535657+00:00,btc-updown-15m-1766567700,TRADE,UP,ACCUM,6,6,0.5102,3.0614,44,0.5101,36,0.5000,36,1.0102,-0.3657,0.18,-4.4466,3.5534,0.0000,61.79,SUCCESS
2025-12-24T09:09:01.536228+00:00,btc-updown-15m-1766567700,TRADE,DOWN,ACCUM,6,6,0.5002,3.0014,44,0.5101,42,0.5001,42,1.0102,-0.4277,0.05,-1.4480,0.5520,0.0000,58.79,SUCCESS
2025-12-24T09:09:06.964714+00:00,btc-updown-15m-1766567700,TRADE,UP,ACCUM,6,6,0.5099,3.0597,50,0.5101,42,0.5001,42,1.0102,-0.4269,0.16,-4.5077,3.4923,0.0000,55.73,SUCCESS
2025-12-24T09:09:06.966101+00:00,btc-updown-15m-1766567700,TRADE,DOWN,ACCUM,6,6,0.5000,3.0001,50,0.5101,48,0.5001,48,1.0102,-0.4876,0.04,-1.5078,0.4922,0.0000,52.73,SUCCESS
2025-12-24T09:09:12.588061+00:00,btc-updown-15m-1766567700,TRADE,DOWN,ACCUM,6,2,0.5001,1.0003,50,0.5101,50,0.5001,50,1.0102,-0.5081,0.00,-0.5081,-0.5081,0.0000,51.73,SUCCESS
2025-12-24T09:15:02.467801+00:00,btc-updown-15m-1766567700,RESOLUTION,UP,BINANCE_FALLBACK_SHARED,100,100,1.0000,50.5081,50,0.5101,50,0.5001,50,1.0102,-0.5081,0.00,0.0000,0.0000,-0.5081,101.73,RESOLVED
2025-12-24T09:15:11.964198+00:00,btc-updown-15m-1766568600,TRADE,UP,ACCUM,9,9,0.5002,4.5019,9,0.5002,0,0.0000,0,0.0000,0.0000,1.00,-4.5019,4.4981,0.0000,97.23,SUCCESS
2025-12-24T09:15:11.964417+00:00,btc-updown-15m-1766568600,TRADE,DOWN,ACCUM,9,9,0.5102,4.5917,9,0.5002,9,0.5102,9,1.0104,-0.0937,0.00,-0.0937,-0.0937,0.0000,92.64,SUCCESS
2025-12-24T09:30:08.887075+00:00,btc-updown-15m-1766568600,TRADE,UP,ACCUM,2,2,0.5102,1.0203,2,0.5102,0,0.0000,0,0.0000,0.0000,1.00,-1.0203,0.9797,0.0000,98.98,SUCCESS
2025-12-24T09:30:09.144182+00:00,btc-updown-15m-1766568600,RESOLUTION,DOWN,BINANCE_FALLBACK_SHARED,2,2,1.0000,1.0203,2,0.5102,0,0.0000,0,0.0000,0.0000,1.00,0.0000,0.0000,-1.0203,98.98,RESOLVED
2025-12-24T09:30:17.357926+00:00,btc-updown-15m-1766569500,TRADE,UP,ACCUM,2,2,0.5101,1.0201,2,0.5101,0,0.0000,0,0.0000,0.0000,1.00,-1.0201,0.9799,0.0000,97.96,SUCCESS
2025-12-24T09:30:17.358346+00:00,btc-updown-15m-1766569500,TRADE,DOWN,ACCUM,2,2,0.5001,1.0002,2,0.5101,2,0.5001,2,1.0101,-0.0203,0.00,-0.0203,-0.0203,0.0000,96.96,SUCCESS
2025-12-24T09:42:18.712089+00:00,btc-updown-15m-1766568600,TRADE,DOWN,ACCUM,2,2,0.8401,1.6802,0,0.0000,2,0.8401,0,0.0000,0.0000,1.00,-1.6802,0.3198,0.0000,98.32,SUCCESS
2025-12-24T09:42:18.957080+00:00,btc-updown-15m-1766568600,RESOLUTION,DOWN,BINANCE_FALLBACK_SHARED,2,2,1.0000,1.6802,0,0.0000,2,0.8401,0,0.0000,0.0000,1.00,0.0000,0.0000,0.3198,100.32,RESOLVED
2025-12-24T09:42:27.045443+00:00,btc-updown-15m-1766569500,TRADE,UP,ACCUM,2,2,0.5501,1.1003,2,0.5501,0,0.0000,0,0.0000,0.0000,1.00,-1.1003,0.8997,0.0000,99.22,SUCCESS
2025-12-24T09:42:27.045617+00:00,btc-updown-15m-1766569500,TRADE,DOWN,ACCUM,3,3,0.4601,1.3802,2,0.5501,3,0.4601,2,1.0102,-0.0204,0.33,-0.4805,0.5195,0.0000,97.84,SUCCESS
2025-12-24T09:45:03.314111+00:00,btc-updown-15m-1766569500,RESOLUTION,DOWN,BINANCE_FALLBACK_SHARED,5,5,1.0000,2.4805,2,0.5501,3,0.4601,2,1.0102,-0.0204,0.33,0.0000,0.0000,0.5195,100.84,RESOLVED
2025-12-24T09:45:12.250632+00:00,btc-updown-15m-1766570400,TRADE,UP,ACCUM,2,2,0.5101,1.0203,2,0.5101,0,0.0000,0,0.0000,0.0000,1.00,-1.0203,0.9797,0.0000,99.82,SUCCESS
2025-12-24T09:45:12.251509+00:00,btc-updown-15m-1766570400,TRADE,DOWN,ACCUM,2,1,0.5002,0.5002,2,0.5101,1,0.5002,1,1.0104,-0.0104,0.50,-0.5205,0.4795,0.0000,99.32,SUCCESS
2025-12-24T10:02:53.859411+00:00,btc-updown-15m-1766570400,TRADE,UP,ACCUM,2,2,0.5800,1.1601,2,0.5800,0,0.0000,0,0.0000,0.0000,1.00,-1.1601,0.8399,0.0000,98.84,SUCCESS
2025-12-24T10:02:53.859883+00:00,btc-updown-15m-1766570400,TRADE,DOWN,ACCUM,3,3,0.4300,1.2900,2,0.5800,3,0.4300,2,1.0100,-0.0201,0.33,-0.4501,0.5499,0.0000,97.55,SUCCESS
2025-12-24T10:02:54.112454+00:00,btc-updown-15m-1766570400,RESOLUTION,UP,BINANCE_FALLBACK_SHARED,5,5,1.0000,2.4501,2,0.5800,3,0.4300,2,1.0100,-0.0201,0.33,0.0000,0.0000,-0.4501,99.55,RESOLVED
2025-12-24T10:03:02.563490+00:00,btc-updown-15m-1766571300,TRADE,UP,ACCUM,2,2,0.5102,1.0203,2,0.5102,0,0.0000,0,0.0000,0.0000,1.00,-1.0203,0.9797,0.0000,98.53,SUCCESS
2025-12-24T10:03:13.886969+00:00,btc-updown-15m-1766571300,TRADE,UP,ACCUM,2,2,0.5101,1.0203,4,0.5102,0,0.0000,0,0.0000,0.0000,1.00,-2.0406,1.9594,0.0000,97.51,SUCCESS
2025-12-24T10:03:19.489470+00:00,btc-updown-15m-1766571300,TRADE,DOWN,ACCUM,2,2,0.5000,1.0001,4,0.5102,2,0.5000,2,1.0102,-0.0204,0.50,-1.0407,0.9593,0.0000,96.51,SUCCESS
2025-12-24T10:15:17.141507+00:00,btc-updown-15m-1766571300,TRADE,UP,ACCUM,3,3,0.4000,1.2000,3,0.4000,0,0.0000,0,0.0000,0.0000,1.00,-1.2000,1.8000,0.0000,98.80,SUCCESS
2025-12-24T10:15:17.142549+00:00,btc-updown-15m-1766571300,TRADE,DOWN,ACCUM,2,2,0.6000,1.2001,3,0.4000,2,0.6000,2,1.0001,-0.0001,0.33,-0.4001,0.5999,0.0000,97.60,SUCCESS
2025-12-24T10:15:17.416932+00:00,btc-updown-15m-1766571300,RESOLUTION,UP,BINANCE_FALLBACK_SHARED,5,5,1.0000,2.4001,3,0.4000,2,0.6000,2,1.0001,-0.0001,0.33,0.0000,0.0000,0.5999,100.60,RESOLVED
2025-12-24T10:15:26.261315+00:00,btc-updown-15m-1766572200,TRADE,UP,ACCUM,2,2,0.5000,1.0001,2,0.5000,0,0.0000,0,0.0000,0.0000,1.00,-1.0001,0.9999,0.0000,99.60,SUCCESS
2025-12-24T10:15:26.261710+00:00,btc-updown-15m-1766572200,TRADE,DOWN,ACCUM,2,2,0.5099,1.0197,2,0.5000,2,0.5099,2,1.0099,-0.0198,0.00,-0.0198,-0.0198,0.0000,98.58,SUCCESS
2025-12-24T10:30:05.180968+00:00,btc-updown-15m-1766572200,RESOLUTION,DOWN,BINANCE_FALLBACK_SHARED,4,4,1.0000,2.0198,2,0.5000,2,0.5099,2,1.0099,-0.0198,0.00,0.0000,0.0000,-0.0198,100.58,RESOLVED
2025-12-24T10:31:57.209100+00:00,btc-updown-15m-1766572200,TRADE,UP,ACCUM,2,2,0.6002,1.2003,2,0.6002,0,0.0000,0,0.0000,0.0000,1.00,-1.2003,0.7997,0.0000,98.80,SUCCESS
2025-12-24T10:31:57.209970+00:00,btc-updown-15m-1766572200,TRADE,DOWN,ACCUM,3,3,0.4101,1.2303,2,0.6002,3,0.4101,2,1.0103,-0.0205,0.33,-0.4306,0.5694,0.0000,97.57,SUCCESS
2025-12-24T10:31:57.485142+00:00,btc-updown-15m-1766572200,RESOLUTION,UP,BINANCE_FALLBACK_SHARED,5,5,1.0000,2.4306,2,0.6002,3,0.4101,2,1.0103,-0.0205,0.33,0.0000,0.0000,-0.4306,99.57,RESOLVED
2025-12-24T10:32:05.854370+00:00,btc-updown-15m-1766573100,TRADE,UP,ACCUM,2,1,0.5100,0.5100,1,0.5100,0,0.0000,0,0.0000,0.0000,1.00,-0.5100,0.4900,0.0000,99.06,SUCCESS
2025-12-24T10:32:05.854667+00:00,btc-updown-15m-1766573100,TRADE,DOWN,ACCUM,2,2,0.5001,1.0001,1,0.5100,2,0.5001,1,1.0101,-0.0101,0.50,-0.5101,0.4899,0.0000,98.06,SUCCESS
2025-12-24T10:37:59.185730+00:00,btc-updown-15m-1766573100,TRADE,UP,ACCUM,3,3,0.4902,1.4706,3,0.4902,0,0.0000,0,0.0000,0.0000,1.00,-1.4706,1.5294,0.0000,98.53,SUCCESS
2025-12-24T10:37:59.186729+00:00,btc-updown-15m-1766573100,TRADE,DOWN,ACCUM,2,2,0.5200,1.0400,3,0.4902,2,0.5200,2,1.0102,-0.0204,0.33,-0.5106,0.4894,0.0000,97.49,SUCCESS
2025-12-24T10:46:07.006900+00:00,btc-updown-15m-1766573100,TRADE,UP,ACCUM,3,2,0.4702,0.9404,2,0.4702,0,0.0000,0,0.0000,0.0000,1.00,-0.9404,1.0596,0.0000,99.06,SUCCESS
2025-12-24T10:46:07.007404+00:00,btc-updown-15m-1766573100,TRADE,DOWN,ACCUM,2,2,0.5400,1.0801,2,0.4702,2,0.5400,2,1.0103,-0.0205,0.00,-0.0205,-0.0205,0.0000,97.98,SUCCESS
2025-12-24T10:46:07.809206+00:00,btc-updown-15m-1766573100,RESOLUTION,UP,BINANCE_FALLBACK_SHARED,4,4,1.0000,2.0205,2,0.4702,2,0.5400,2,1.0103,-0.0205,0.00,0.0000,0.0000,-0.0205,99.98,RESOLVED
2025-12-24T10:46:16.184712+00:00,btc-updown-15m-1766574000,TRADE,UP,ACCUM,2,2,0.5001,1.0002,2,0.5001,0,0.0000,0,0.0000,0.0000,1.00,-1.0002,0.9998,0.0000,98.98,SUCCESS
2025-12-24T10:46:21.575211+00:00,btc-updown-15m-1766574000,TRADE,DOWN,ACCUM,2,2,0.5102,1.0203,2,0.5001,2,0.5102,2,1.0103,-0.0205,0.00,-0.0205,-0.0205,0.0000,97.96,SUCCESS
2025-12-24T11:00:01.577314+00:00,btc-updown-15m-1766574000,RESOLUTION,DOWN,BINANCE_FALLBACK_SHARED,4,4,1.0000,2.0205,2,0.5001,2,0.5102,2,1.0103,-0.0205,0.00,0.0000,0.0000,-0.0205,99.96,RESOLVED
2025-12-24T11:03:02.770835+00:00,btc-updown-15m-1766574000,TRADE,UP,ACCUM,2,2,0.8401,1.6802,2,0.8401,0,0.0000,0,0.0000,0.0000,1.00,-1.6802,0.3198,0.0000,98.32,SUCCESS
2025-12-24T11:03:03.041533+00:00,btc-updown-15m-1766574000,RESOLUTION,UP,BINANCE_FALLBACK_SHARED,2,2,1.0000,1.6802,2,0.8401,0,0.0000,0,0.0000,0.0000,1.00,0.0000,0.0000,0.3198,100.32,RESOLVED
2025-12-24T11:03:11.978732+00:00,btc-updown-15m-1766574900,TRADE,UP,ACCUM,2,2,0.5001,1.0003,2,0.5001,0,0.0000,0,0.0000,0.0000,1.00,-1.0003,0.9997,0.0000,99.32,SUCCESS
2025-12-24T11:03:17.420444+00:00,btc-updown-15m-1766574900,TRADE,UP,ACCUM,2,2,0.5002,1.0005,4,0.5002,0,0.0000,0,0.0000,0.0000,1.00,-2.0008,1.9992,0.0000,98.32,SUCCESS
2025-12-24T11:03:34.071322+00:00,btc-updown-15m-1766574900,TRADE,DOWN,ACCUM,2,1,0.5100,0.5100,4,0.5002,1,0.5100,1,1.0102,-0.0102,0.75,-1.5108,1.4892,0.0000,97.81,SUCCESS
2025-12-24T11:15:02.978307+00:00,btc-updown-15m-1766574900,RESOLUTION,UP,BINANCE_FALLBACK_SHARED,5,5,1.0000,2.5108,4,0.5002,1,0.5100,1,1.0102,-0.0102,0.75,0.0000,0.0000,1.4892,101.81,RESOLVED
2025-12-24T11:15:10.984784+00:00,btc-updown-15m-1766575800,TRADE,UP,ACCUM,2,2,0.5001,1.0002,2,0.5001,0,0.0000,0,0.0000,0.0000,1.00,-1.0002,0.9998,0.0000,100.81,SUCCESS
2025-12-24T11:15:10.985242+00:00,btc-updown-15m-1766575800,TRADE,DOWN,ACCUM,2,2,0.5101,1.0203,2,0.5001,2,0.5101,2,1.0102,-0.0205,0.00,-0.0205,-0.0205,0.0000,99.79,SUCCESS
2025-12-24T11:30:00.971696+00:00,btc-updown-15m-1766575800,RESOLUTION,DOWN,BINANCE_FALLBACK_SHARED,4,4,1.0000,2.0205,2,0.5001,2,0.5101,2,1.0102,-0.0205,0.00,0.0000,0.0000,-0.0205,101.79,RESOLVED
2025-12-24T11:30:09.394042+00:00,btc-updown-15m-1766576700,TRADE,UP,ACCUM,2,2,0.5000,1.0001,2,0.5000,0,0.0000,0,0.0000,0.0000,1.00,-1.0001,0.9999,0.0000,100.79,SUCCESS
2025-12-24T11:30:09.394533+00:00,btc-updown-15m-1766576700,TRADE,DOWN,ACCUM,2,2,0.5100,1.0200,2,0.5000,2,0.5100,2,1.0101,-0.0201,0.00,-0.0201,-0.0201,0.0000,99.77,SUCCESS
2025-12-24T11:45:16.645299+00:00,btc-updown-15m-1766576700,TRADE,DOWN,ACCUM,2,2,0.5701,1.1403,0,0.0000,2,0.5701,0,0.0000,0.0000,1.00,-1.1403,0.8597,0.0000,98.86,SUCCESS
2025-12-24T11:45:16.909012+00:00,btc-updown-15m-1766576700,RESOLUTION,UP,BINANCE_FALLBACK_SHARED,2,2,1.0000,1.1403,0,0.0000,2,0.5701,0,0.0000,0.0000,1.00,0.0000,0.0000,-1.1403,98.86,RESOLVED
2025-12-24T11:45:26.090710+00:00,btc-updown-15m-1766577600,TRADE,UP,ACCUM,2,2,0.5002,1.0003,2,0.5002,0,0.0000,0,0.0000,0.0000,1.00,-1.0003,0.9997,0.0000,97.86,SUCCESS
2025-12-24T11:45:32.006609+00:00,btc-updown-15m-1766577600,TRADE,DOWN,ACCUM,2,2,0.5102,1.0204,2,0.5002,2,0.5102,2,1.0103,-0.0207,0.00,-0.0207,-0.0207,0.0000,96.84,SUCCESS
2025-12-24T12:00:00.660259+00:00,btc-updown-15m-1766577600,RESOLUTION,DOWN,BINANCE_FALLBACK_SHARED,4,4,1.0000,2.0207,2,0.5002,2,0.5102,2,1.0103,-0.0207,0.00,0.0000,0.0000,-0.0207,98.84,RESOLVED
2025-12-24T12:00:09.736663+00:00,btc-updown-15m-1766578500,TRADE,DOWN,ACCUM,2,2,0.5000,1.0001,0,0.0000,2,0.5000,0,0.0000,0.0000,1.00,-1.0001,0.9999,0.0000,97.84,SUCCESS
2025-12-24T12:05:54.591556+00:00,btc-updown-15m-1766578500,TRADE,UP,ACCUM,2,1,0.5098,0.5098,1,0.5098,0,0.0000,0,0.0000,0.0000,1.00,-0.5098,0.4902,0.0000,99.49,SUCCESS
2025-12-24T12:05:54.593241+00:00,btc-updown-15m-1766578500,TRADE,DOWN,ACCUM,2,2,0.5001,1.0001,1,0.5098,2,0.5001,1,1.0098,-0.0098,0.50,-0.5099,0.4901,0.0000,98.49,SUCCESS
2025-12-24T12:13:10.286884+00:00,btc-updown-15m-1766578500,TRADE,UP,ACCUM,3,1,0.4800,0.4800,2,0.4949,2,0.5001,2,0.9950,0.0101,0.00,0.0101,0.0101,0.0000,98.01,SUCCESS
2025-12-24T12:15:00.989522+00:00,btc-updown-15m-1766578500,RESOLUTION,UP,BINANCE_FALLBACK_SHARED,4,4,1.0000,1.9899,2,0.4949,2,0.5001,2,0.9950,0.0101,0.00,0.0000,0.0000,0.0101,100.01,RESOLVED
2025-12-24T12:15:10.193525+00:00,btc-updown-15m-1766579400,TRADE,DOWN,ACCUM,2,2,0.5101,1.0201,0,0.0000,2,0.5101,0,0.0000,0.0000,1.00,-1.0201,0.9799,0.0000,98.99,SUCCESS
2025-12-24T12:15:15.736183+00:00,btc-updown-15m-1766579400,TRADE,UP,ACCUM,2,2,0.5000,1.0001,2,0.5000,2,0.5101,2,1.0101,-0.0202,0.00,-0.0202,-0.0202,0.0000,97.99,SUCCESS
2025-12-24T12:26:51.845226+00:00,btc-updown-15m-1766579400,TRADE,DOWN,ACCUM,2,2,0.5200,1.0400,0,0.0000,2,0.5200,0,0.0000,0.0000,1.00,-1.0400,0.9600,0.0000,98.96,SUCCESS
2025-12-24T12:26:57.263381+00:00,btc-updown-15m-1766579400,TRADE,UP,ACCUM,3,3,0.4901,1.4704,3,0.4901,2,0.5200,2,1.0102,-0.0203,0.33,-0.5104,0.4896,0.0000,97.49,SUCCESS
2025-12-24T12:30:05.464527+00:00,btc-updown-15m-1766579400,RESOLUTION,UP,BINANCE_FALLBACK_SHARED,5,5,1.0000,2.5104,3,0.4901,2,0.5200,2,1.0102,-0.0203,0.33,0.0000,0.0000,0.4896,100.49,RESOLVED
2025-12-24T12:30:13.372209+00:00,btc-updown-15m-1766580300,TRADE,UP,ACCUM,2,2,0.5000,1.0000,2,0.5000,0,0.0000,0,0.0000,0.0000,1.00,-1.0000,1.0000,0.0000,99.49,SUCCESS
2025-12-24T12:30:13.372405+00:00,btc-updown-15m-1766580300,TRADE,DOWN,ACCUM,2,2,0.5101,1.0202,2,0.5000,2,0.5101,2,1.0101,-0.0203,0.00,-0.0203,-0.0203,0.0000,98.47,SUCCESS
2025-12-24T12:47:14.959622+00:00,btc-updown-15m-1766581200,TRADE,DOWN,ACCUM,2,2,0.5202,1.0403,0,0.0000,2,0.5202,0,0.0000,0.0000,1.00,-1.0403,0.9597,0.0000,98.96,SUCCESS
2025-12-24T12:47:20.352963+00:00,btc-updown-15m-1766581200,TRADE,UP,ACCUM,3,3,0.4901,1.4704,3,0.4901,2,0.5202,2,1.0103,-0.0206,0.33,-0.5108,0.4892,0.0000,97.49,SUCCESS
2025-12-24T13:00:02.355260+00:00,btc-updown-15m-1766581200,TRADE,UP,ACCUM,3,3,0.4051,1.2152,3,0.4051,0,0.0000,0,0.0000,0.0000,1.00,-1.2152,1.7848,0.0000,98.78,SUCCESS
2025-12-24T13:00:02.355935+00:00,btc-updown-15m-1766581200,TRADE,DOWN,ACCUM,2,2,0.5952,1.1904,3,0.4051,2,0.5952,2,1.0003,-0.0005,0.33,-0.4056,0.5944,0.0000,97.59,SUCCESS
2025-12-24T13:00:02.722984+00:00,btc-updown-15m-1766581200,RESOLUTION,UP,BINANCE_FALLBACK_SHARED,5,5,1.0000,2.4056,3,0.4051,2,0.5952,2,1.0003,-0.0005,0.33,0.0000,0.0000,0.5944,100.59,RESOLVED
2025-12-24T13:06:24.211166+00:00,btc-updown-15m-1766582100,TRADE,DOWN,ACCUM,7,7,0.5002,3.5017,0,0.0000,7,0.5002,0,0.0000,0.0000,1.00,-3.5017,3.4983,0.0000,97.09,SUCCESS
2025-12-24T13:06:25.268605+00:00,btc-updown-15m-1766582100,TRADE,UP,ACCUM,7,7,0.4702,3.2912,7,0.4702,7,0.5002,7,0.9704,0.2071,0.00,0.2071,0.2071,0.0000,93.80,SUCCESS
2025-12-24T13:06:25.667397+00:00,btc-updown-15m-1766582100,TRADE,DOWN,ACCUM,7,7,0.5002,3.5014,7,0.4702,14,0.5002,7,0.9704,0.2073,0.50,-3.2943,3.7057,0.0000,90.30,SUCCESS
2025-12-24T13:06:26.935450+00:00,btc-updown-15m-1766582100,TRADE,UP,ACCUM,7,7,0.4701,3.2907,14,0.4701,14,0.5002,14,0.9704,0.4149,0.00,0.4149,0.4149,0.0000,87.01,SUCCESS
2025-12-24T13:06:27.427877+00:00,btc-updown-15m-1766582100,TRADE,UP,ACCUM,7,7,0.4701,3.2905,21,0.4701,14,0.5002,14,0.9703,0.4153,0.33,-2.8755,4.1245,0.0000,83.72,SUCCESS
2025-12-24T13:06:29.389925+00:00,btc-updown-15m-1766582100,TRADE,DOWN,ACCUM,7,7,0.5002,3.5015,21,0.4701,21,0.5002,21,0.9703,0.6230,0.00,0.6230,0.6230,0.0000,80.22,SUCCESS
2025-12-24T13:06:29.782183+00:00,btc-updown-15m-1766582100,TRADE,UP,ACCUM,7,7,0.4702,3.2916,28,0.4701,21,0.5002,21,0.9704,0.6224,0.25,-2.6686,4.3314,0.0000,76.93,SUCCESS
2025-12-24T13:06:29.782308+00:00,btc-updown-15m-1766582100,TRADE,DOWN,ACCUM,7,7,0.5001,3.5009,28,0.4701,28,0.5002,28,0.9703,0.8305,0.00,0.8305,0.8305,0.0000,73.42,SUCCESS
2025-12-24T13:06:30.189694+00:00,btc-updown-15m-1766582100,TRADE,DOWN,ACCUM,7,7,0.5001,3.5008,28,0.4701,35,0.5002,28,0.9703,0.8310,0.20,-2.6703,4.3297,0.0000,69.92,SUCCESS
2025-12-24T13:06:31.257520+00:00,btc-updown-15m-1766582100,TRADE,UP,ACCUM,7,7,0.4702,3.2912,35,0.4701,35,0.5002,35,0.9703,1.0385,0.00,1.0385,1.0385,0.0000,66.63,SUCCESS
2025-12-24T13:06:31.676900+00:00,btc-updown-15m-1766582100,TRADE,UP,ACCUM,7,4,0.4702,1.8807,39,0.4702,35,0.5002,35,0.9703,1.0384,0.10,-0.8422,3.1578,0.0000,64.75,SUCCESS
2025-12-24T13:06:32.170408+00:00,btc-updown-15m-1766582100,TRADE,DOWN,ACCUM,7,7,0.5002,3.5013,39,0.4702,42,0.5002,39,0.9703,1.1571,0.07,-0.3434,2.6566,0.0000,61.25,SUCCESS
2025-12-24T13:06:33.519216+00:00,btc-updown-15m-1766582100,TRADE,UP,ACCUM,7,7,0.4700,3.2902,46,0.4701,42,0.5002,42,0.9703,1.2469,0.09,-0.6337,3.3663,0.0000,57.96,SUCCESS
2025-12-24T13:06:33.911606+00:00,btc-updown-15m-1766582100,TRADE,DOWN,ACCUM,7,2,0.5000,1.0000,46,0.4701,44,0.5002,44,0.9703,1.3066,0.04,0.3663,2.3663,0.0000,56.96,SUCCESS
2025-12-24T13:06:34.325649+00:00,btc-updown-15m-1766582100,TRADE,DOWN,ACCUM,7,7,0.5001,3.5008,46,0.4701,51,0.5002,46,0.9703,1.3663,0.10,-1.1345,3.8655,0.0000,53.46,SUCCESS
2025-12-24T13:06:35.709758+00:00,btc-updown-15m-1766582100,TRADE,UP,ACCUM,7,7,0.4700,3.2900,53,0.4701,51,0.5002,51,0.9703,1.5157,0.04,0.5755,2.5755,0.0000,50.17,SUCCESS
2025-12-24T13:08:46.359617+00:00,btc-updown-15m-1766581200,TRADE,DOWN,ACCUM,2,2,0.9154,1.8308,0,0.0000,2,0.9154,0,0.0000,0.0000,1.00,-1.8308,0.1692,0.0000,98.17,SUCCESS
2025-12-24T13:08:46.729361+00:00,btc-updown-15m-1766581200,RESOLUTION,DOWN,BINANCE_FALLBACK_SHARED,2,2,1.0000,1.8308,0,0.0000,2,0.9154,0,0.0000,0.0000,1.00,0.0000,0.0000,0.1692,100.17,RESOLVED
2025-12-24T13:08:49.596894+00:00,btc-updown-15m-1766582100,TRADE,UP,ACCUM,6,6,0.4598,2.7587,6,0.4598,0,0.0000,0,0.0000,0.0000,1.00,-2.7587,3.2413,0.0000,97.41,SUCCESS
2025-12-24T13:08:49.597227+00:00,btc-updown-15m-1766582100,TRADE,DOWN,ACCUM,6,6,0.5099,3.0593,6,0.4598,6,0.5099,6,0.9697,0.1820,0.00,0.1820,0.1820,0.0000,94.35,SUCCESS
2025-12-24T13:08:50.113769+00:00,btc-updown-15m-1766582100,TRADE,DOWN,ACCUM,6,6,0.5100,3.0600,6,0.4598,12,0.5099,6,0.9697,0.1816,0.50,-2.8780,3.1220,0.0000,91.29,SUCCESS
2025-12-24T13:08:50.620402+00:00,btc-updown-15m-1766582100,TRADE,UP,ACCUM,6,4,0.4602,1.8407,10,0.4599,12,0.5099,10,0.9699,0.3011,0.17,-0.7188,1.2812,0.0000,89.45,SUCCESS
2025-12-24T13:08:51.012209+00:00,btc-updown-15m-1766582100,TRADE,UP,ACCUM,6,6,0.4601,2.7604,16,0.4600,12,0.5099,12,0.9699,0.3608,0.25,-1.4792,2.5208,0.0000,86.69,SUCCESS
2025-12-24T13:08:51.517846+00:00,btc-updown-15m-1766582100,TRADE,DOWN,ACCUM,6,6,0.5102,3.0613,16,0.4600,18,0.5100,16,0.9700,0.4796,0.11,-0.5405,1.4595,0.0000,83.63,SUCCESS
2025-12-24T13:08:51.913101+00:00,btc-updown-15m-1766582100,TRADE,UP,ACCUM,6,6,0.4601,2.7607,22,0.4600,18,0.5100,18,0.9701,0.5389,0.18,-1.3012,2.6988,0.0000,80.87,SUCCESS
2025-12-24T13:08:52.402302+00:00,btc-updown-15m-1766582100,TRADE,DOWN,ACCUM,6,6,0.5102,3.0614,22,0.4600,24,0.5101,22,0.9701,0.6576,0.08,-0.3626,1.6374,0.0000,77.81,SUCCESS
2025-12-24T13:08:52.810906+00:00,btc-updown-15m-1766582100,TRADE,UP,ACCUM,6,6,0.4598,2.7588,28,0.4600,24,0.5101,24,0.9701,0.7185,0.14,-1.1214,2.8786,0.0000,75.05,SUCCESS
2025-12-24T13:08:53.298147+00:00,btc-updown-15m-1766582100,TRADE,DOWN,ACCUM,6,6,0.5100,3.0603,28,0.4600,30,0.5101,28,0.9701,0.8384,0.07,-0.1817,1.8183,0.0000,71.99,SUCCESS
2025-12-24T13:08:53.867776+00:00,btc-updown-15m-1766582100,TRADE,UP,ACCUM,6,5,0.4601,2.3006,33,0.4600,30,0.5101,30,0.9701,0.8977,0.09,-0.4823,2.5177,0.0000,69.69,SUCCESS
2025-12-24T13:08:54.872648+00:00,btc-updown-15m-1766582100,TRADE,DOWN,ACCUM,6,6,0.5101,3.0604,33,0.4600,36,0.5101,33,0.9701,0.9874,0.08,-0.5428,2.4572,0.0000,66.63,SUCCESS
2025-12-24T13:08:56.551589+00:00,btc-updown-15m-1766582100,TRADE,UP,ACCUM,6,6,0.4602,2.7614,39,0.4600,36,0.5101,36,0.9701,1.0759,0.08,-0.3042,2.6958,0.0000,63.87,SUCCESS
2025-12-24T13:08:57.202069+00:00,btc-updown-15m-1766582100,TRADE,DOWN,ACCUM,6,6,0.4902,2.9410,39,0.4600,42,0.5072,39,0.9673,1.2765,0.07,-0.2452,2.7548,0.0000,60.92,SUCCESS
2025-12-24T13:08:58.282131+00:00,btc-updown-15m-1766582100,TRADE,UP,ACCUM,6,6,0.4801,2.8804,45,0.4627,42,0.5072,42,0.9699,1.2626,0.07,-0.1256,2.8744,0.0000,58.04,SUCCESS
2025-12-24T13:08:59.283346+00:00,btc-updown-15m-1766582100,TRADE,DOWN,ACCUM,6,6,0.4901,2.9404,45,0.4627,48,0.5051,45,0.9678,1.4493,0.06,-0.0660,2.9340,0.0000,55.10,SUCCESS
2025-12-24T13:08:59.779092+00:00,btc-updown-15m-1766582100,TRADE,UP,ACCUM,6,6,0.4802,2.8811,51,0.4648,48,0.5051,48,0.9698,1.4472,0.06,0.0529,3.0529,0.0000,52.22,SUCCESS
2025-12-24T13:09:00.672296+00:00,btc-updown-15m-1766582100,TRADE,DOWN,ACCUM,6,6,0.4901,2.9409,51,0.4648,54,0.5034,51,0.9682,1.6224,0.06,0.1121,3.1121,0.0000,49.28,SUCCESS
2025-12-24T13:15:00.294830+00:00,btc-updown-15m-1766582100,RESOLUTION,DOWN,BINANCE_FALLBACK_SHARED,105,105,1.0000,50.8879,51,0.4648,54,0.5034,51,0.9682,1.6224,0.06,0.0000,0.0000,3.1121,103.28,RESOLVED
2025-12-24T13:21:24.277905+00:00,btc-updown-15m-1766583000,TRADE,UP,ACCUM,7,7,0.4901,3.4306,7,0.4901,0,0.0000,0,0.0000,0.0000,1.00,-3.4306,3.5694,0.0000,99.85,SUCCESS
2025-12-24T13:21:25.780106+00:00,btc-updown-15m-1766583000,TRADE,DOWN,ACCUM,7,7,0.4801,3.3607,7,0.4901,7,0.4801,7,0.9702,0.2087,0.00,0.2087,0.2087,0.0000,96.49,SUCCESS
2025-12-24T13:21:26.376147+00:00,btc-updown-15m-1766583000,TRADE,UP,ACCUM,7,7,0.4901,3.4304,14,0.4901,7,0.4801,7,0.9702,0.2088,0.50,-3.2217,3.7783,0.0000,93.06,SUCCESS
2025-12-24T13:21:26.376270+00:00,btc-updown-15m-1766583000,TRADE,DOWN,ACCUM,7,7,0.4800,3.3600,14,0.4901,14,0.4801,14,0.9701,0.4183,0.00,0.4183,0.4183,0.0000,89.70,SUCCESS
2025-12-24T13:21:26.819356+00:00,btc-updown-15m-1766583000,TRADE,UP,ACCUM,7,7,0.4901,3.4309,21,0.4901,14,0.4801,14,0.9701,0.4180,0.33,-3.0126,3.9874,0.0000,86.27,SUCCESS
2025-12-24T13:21:26.819498+00:00,btc-updown-15m-1766583000,TRADE,DOWN,ACCUM,7,7,0.4802,3.3613,21,0.4901,21,0.4801,21,0.9702,0.6261,0.00,0.6261,0.6261,0.0000,82.91,SUCCESS
2025-12-24T13:21:27.291501+00:00,btc-updown-15m-1766583000,TRADE,UP,ACCUM,7,7,0.4902,3.4316,28,0.4901,21,0.4801,21,0.9702,0.6254,0.25,-2.8055,4.1945,0.0000,79.48,SUCCESS
2025-12-24T13:21:27.291635+00:00,btc-updown-15m-1766583000,TRADE,DOWN,ACCUM,7,7,0.4800,3.3602,28,0.4901,28,0.4801,28,0.9702,0.8343,0.00,0.8343,0.8343,0.0000,76.12,SUCCESS
2025-12-24T13:21:28.372876+00:00,btc-updown-15m-1766583000,TRADE,UP,ACCUM,7,7,0.4901,3.4305,35,0.4901,28,0.4801,28,0.9702,0.8346,0.20,-2.5962,4.4038,0.0000,72.69,SUCCESS
2025-12-24T13:21:28.372984+00:00,btc-updown-15m-1766583000,TRADE,DOWN,ACCUM,7,7,0.4801,3.3610,35,0.4901,35,0.4801,35,0.9702,1.0428,0.00,1.0428,1.0428,0.0000,69.32,SUCCESS
2025-12-24T13:21:28.869678+00:00,btc-updown-15m-1766583000,TRADE,UP,ACCUM,7,7,0.4902,3.4316,42,0.4901,35,0.4801,35,0.9702,1.0421,0.17,-2.3888,4.6112,0.0000,65.89,SUCCESS
2025-12-24T13:21:28.869813+00:00,btc-updown-15m-1766583000,TRADE,DOWN,ACCUM,7,7,0.4801,3.3610,42,0.4901,42,0.4801,42,0.9702,1.2502,0.00,1.2502,1.2502,0.0000,62.53,SUCCESS
2025-12-24T13:21:29.364513+00:00,btc-updown-15m-1766583000,TRADE,UP,ACCUM,7,4,0.4902,1.9606,46,0.4901,42,0.4801,42,0.9702,1.2501,0.09,-0.7105,3.2895,0.0000,60.57,SUCCESS
2025-12-24T13:21:29.364720+00:00,btc-updown-15m-1766583000,TRADE,DOWN,ACCUM,7,7,0.4802,3.3615,46,0.4901,49,0.4801,46,0.9703,1.3683,0.06,-0.0720,2.9280,0.0000,57.21,SUCCESS
2025-12-24T13:21:29.772072+00:00,btc-updown-15m-1766583000,TRADE,UP,ACCUM,7,7,0.4901,3.4304,53,0.4901,49,0.4801,49,0.9702,1.4581,0.08,-0.5024,3.4976,0.0000,53.78,SUCCESS
2025-12-24T13:21:30.267253+00:00,btc-updown-15m-1766583000,TRADE,DOWN,ACCUM,7,7,0.4801,3.3607,53,0.4901,56,0.4801,53,0.9702,1.5772,0.05,0.1369,3.1369,0.0000,50.42,SUCCESS
2025-12-24T13:42:18.177498+00:00,btc-updown-15m-1766583900,TRADE,UP,ACCUM,2,2,0.5652,1.1305,2,0.5652,0,0.0000,0,0.0000,0.0000,1.00,-1.1305,0.8695,0.0000,98.87,SUCCESS
2025-12-24T13:42:18.699474+00:00,btc-updown-15m-1766583900,TRADE,UP,ACCUM,2,2,0.5651,1.1302,4,0.5652,0,0.0000,0,0.0000,0.0000,1.00,-2.2606,1.7394,0.0000,97.74,SUCCESS
2025-12-24T13:42:18.699838+00:00,btc-updown-15m-1766583900,TRADE,DOWN,ACCUM,3,3,0.4351,1.3052,4,0.5652,3,0.4351,3,1.0002,-0.0006,0.25,-0.5658,0.4342,0.0000,96.43,SUCCESS
2025-12-24T13:45:00.799644+00:00,btc-updown-15m-1766583900,RESOLUTION,DOWN,BINANCE_FALLBACK_SHARED,7,7,1.0000,3.5658,4,0.5652,3,0.4351,3,1.0002,-0.0006,0.25,0.0000,0.0000,-0.5658,99.43,RESOLVED
2025-12-24T13:51:24.129717+00:00,btc-updown-15m-1766584800,TRADE,UP,ACCUM,7,7,0.5002,3.5012,7,0.5002,0,0.0000,0,0.0000,0.0000,1.00,-3.5012,3.4988,0.0000,95.93,SUCCESS
2025-12-24T13:51:24.615548+00:00,btc-updown-15m-1766584800,TRADE,DOWN,ACCUM,7,7,0.4701,3.2907,7,0.5002,7,0.4701,7,0.9703,0.2082,0.00,0.2082,0.2082,0.0000,92.64,SUCCESS
2025-12-24T13:51:25.211958+00:00,btc-updown-15m-1766584800,TRADE,DOWN,ACCUM,7,5,0.4701,2.3505,7,0.5002,12,0.4701,7,0.9703,0.2082,0.42,-2.1423,2.8577,0.0000,90.29,SUCCESS
2025-12-24T13:51:25.820472+00:00,btc-updown-15m-1766584800,TRADE,UP,ACCUM,7,7,0.5000,3.5000,14,0.5001,12,0.4701,12,0.9702,0.3578,0.14,-0.6424,1.3576,0.0000,86.79,SUCCESS
2025-12-24T13:51:26.691001+00:00,btc-updown-15m-1766584800,TRADE,DOWN,ACCUM,7,5,0.4701,2.3503,14,0.5001,17,0.4701,14,0.9702,0.4176,0.18,-0.9927,2.0073,0.0000,84.44,SUCCESS
2025-12-24T13:51:27.088028+00:00,btc-updown-15m-1766584800,TRADE,UP,ACCUM,7,6,0.5001,3.0008,20,0.5001,17,0.4701,17,0.9702,0.5069,0.15,-0.9934,2.0066,0.0000,81.44,SUCCESS
2025-12-24T13:51:28.246772+00:00,btc-updown-15m-1766584800,TRADE,DOWN,ACCUM,7,5,0.4701,2.3506,20,0.5001,22,0.4701,20,0.9702,0.5961,0.09,-0.3441,1.6559,0.0000,79.09,SUCCESS
2025-12-24T13:51:28.768981+00:00,btc-updown-15m-1766584800,TRADE,UP,ACCUM,7,5,0.5002,2.5011,25,0.5001,22,0.4701,22,0.9702,0.6552,0.12,-0.8452,2.1548,0.0000,76.59,SUCCESS
2025-12-24T13:51:30.035369+00:00,btc-updown-15m-1766584800,TRADE,DOWN,ACCUM,7,7,0.4701,3.2907,25,0.5001,29,0.4701,25,0.9702,0.7445,0.14,-1.1359,2.8641,0.0000,73.30,SUCCESS
2025-12-24T13:51:30.527864+00:00,btc-updown-15m-1766584800,TRADE,UP,ACCUM,7,7,0.5001,3.5007,32,0.5001,29,0.4701,29,0.9702,0.8638,0.09,-0.6366,2.3634,0.0000,69.80,SUCCESS
2025-12-24T13:51:31.081760+00:00,btc-updown-15m-1766584800,TRADE,DOWN,ACCUM,7,7,0.4700,3.2902,32,0.5001,36,0.4701,32,0.9702,0.9536,0.11,-0.9268,3.0732,0.0000,66.51,SUCCESS
2025-12-24T13:51:31.482949+00:00,btc-updown-15m-1766584800,TRADE,UP,ACCUM,7,7,0.5001,3.5009,39,0.5001,36,0.4701,36,0.9702,1.0727,0.08,-0.4277,2.5723,0.0000,63.01,SUCCESS
2025-12-24T13:51:32.369927+00:00,btc-updown-15m-1766584800,TRADE,DOWN,ACCUM,7,7,0.4701,3.2905,39,0.5001,43,0.4701,39,0.9702,1.1622,0.09,-0.7182,3.2818,0.0000,59.72,SUCCESS
2025-12-24T13:51:33.382658+00:00,btc-updown-15m-1766584800,TRADE,UP,ACCUM,7,5,0.5001,2.5004,44,0.5001,43,0.4701,43,0.9702,1.2816,0.02,0.7815,1.7815,0.0000,57.22,SUCCESS
2025-12-24T13:51:33.877579+00:00,btc-updown-15m-1766584800,TRADE,DOWN,ACCUM,7,7,0.4701,3.2909,44,0.5001,50,0.4701,44,0.9702,1.3111,0.12,-1.5094,4.4906,0.0000,53.92,SUCCESS
2025-12-24T13:51:34.380089+00:00,btc-updown-15m-1766584800,TRADE,UP,ACCUM,7,7,0.5001,3.5008,51,0.5001,50,0.4701,50,0.9702,1.4899,0.02,0.9898,1.9898,0.0000,50.42,SUCCESS
2025-12-24T14:33:18.043842+00:00,btc-updown-15m-1766586600,TRADE,DOWN,ACCUM,2,2,0.5950,1.1900,0,0.0000,2,0.5950,0,0.0000,0.0000,1.00,-1.1900,0.8100,0.0000,98.81,SUCCESS
2025-12-24T14:33:18.496226+00:00,btc-updown-15m-1766586600,RESOLUTION,DOWN,BINANCE_FALLBACK_SHARED,2,2,1.0000,1.1900,0,0.0000,2,0.5950,0,0.0000,0.0000,1.00,0.0000,0.0000,0.8100,100.81,RESOLVED
2025-12-24T14:34:24.392999+00:00,btc-updown-15m-1766587500,TRADE,UP,ACCUM,2,2,0.4999,0.9997,2,0.4999,0,0.0000,0,0.0000,0.0000,1.00,-0.9997,1.0003,0.0000,99.81,SUCCESS
2025-12-24T14:34:29.904017+00:00,btc-updown-15m-1766587500,TRADE,DOWN,ACCUM,3,1,0.4402,0.4402,2,0.4999,1,0.4402,1,0.9400,0.0600,0.50,-0.4399,0.5601,0.0000,99.37,SUCCESS
2025-12-24T14:34:46.873087+00:00,btc-updown-15m-1766587500,TRADE,DOWN,ACCUM,3,3,0.4301,1.2902,2,0.4999,4,0.4326,2,0.9325,0.1351,0.50,-0.7301,1.2699,0.0000,98.08,SUCCESS
2025-12-24T14:34:52.395157+00:00,btc-updown-15m-1766587500,TRADE,UP,ACCUM,2,2,0.5102,1.0204,4,0.5050,4,0.4326,4,0.9376,0.2495,0.00,0.2495,0.2495,0.0000,97.06,SUCCESS
2025-12-24T14:34:57.931006+00:00,btc-updown-15m-1766587500,TRADE,UP,ACCUM,2,2,0.5102,1.0204,6,0.5068,4,0.4326,4,0.9394,0.2426,0.33,-0.7709,1.2291,0.0000,96.04,SUCCESS
2025-12-24T14:35:03.338780+00:00,btc-updown-15m-1766587500,TRADE,DOWN,ACCUM,3,3,0.4501,1.3504,6,0.5068,7,0.4401,6,0.9469,0.3188,0.14,-0.1214,0.8786,0.0000,94.69,SUCCESS
2025-12-24T14:35:08.949885+00:00,btc-updown-15m-1766587500,TRADE,UP,ACCUM,2,2,0.5200,1.0401,8,0.5101,7,0.4401,7,0.9502,0.3486,0.12,-0.1614,0.8386,0.0000,93.65,SUCCESS
2025-12-24T14:35:14.528837+00:00,btc-updown-15m-1766587500,TRADE,DOWN,ACCUM,3,3,0.4501,1.3503,8,0.5101,10,0.4431,8,0.9532,0.3744,0.20,-0.5118,1.4882,0.0000,92.30,SUCCESS
2025-12-24T14:35:20.012408+00:00,btc-updown-15m-1766587500,TRADE,UP,ACCUM,2,2,0.5200,1.0400,10,0.5121,10,0.4431,10,0.9552,0.4482,0.00,0.4482,0.4482,0.0000,91.26,SUCCESS
2025-12-24T14:35:25.433153+00:00,btc-updown-15m-1766587500,TRADE,UP,ACCUM,2,2,0.5202,1.0403,12,0.5134,10,0.4431,10,0.9565,0.4347,0.17,-0.5921,1.4079,0.0000,90.22,SUCCESS
2025-12-24T14:35:31.045816+00:00,btc-updown-15m-1766587500,TRADE,DOWN,ACCUM,3,3,0.4502,1.3506,12,0.5134,13,0.4447,12,0.9582,0.5021,0.08,0.0573,1.0573,0.0000,88.87,SUCCESS
2025-12-24T14:35:42.171647+00:00,btc-updown-15m-1766587500,TRADE,UP,ACCUM,2,2,0.5201,1.0402,14,0.5144,13,0.4447,13,0.9591,0.5314,0.07,0.0171,1.0171,0.0000,87.83,SUCCESS
2025-12-24T14:35:47.708853+00:00,btc-updown-15m-1766587500,TRADE,DOWN,ACCUM,3,3,0.4502,1.3505,14,0.5144,16,0.4458,14,0.9601,0.5581,0.12,-0.3335,1.6665,0.0000,86.48,SUCCESS
2025-12-24T14:35:58.646982+00:00,btc-updown-15m-1766587500,TRADE,UP,ACCUM,2,1,0.5202,0.5202,15,0.5148,16,0.4458,15,0.9605,0.5921,0.06,0.1463,1.1463,0.0000,85.96,SUCCESS
2025-12-24T14:45:00.906405+00:00,btc-updown-15m-1766587500,RESOLUTION,DOWN,BINANCE_FALLBACK_SHARED,31,31,1.0000,14.8537,15,0.5148,16,0.4458,15,0.9605,0.5921,0.06,0.0000,0.0000,1.1463,101.96,RESOLVED
2025-12-24T14:45:59.920137+00:00,btc-updown-15m-1766588400,TRADE,UP,ACCUM,2,2,0.4998,0.9996,2,0.4998,0,0.0000,0,0.0000,0.0000,1.00,-0.9996,1.0004,0.0000,100.96,SUCCESS
2025-12-24T14:46:11.117540+00:00,btc-updown-15m-1766588400,TRADE,DOWN,ACCUM,3,3,0.4502,1.3507,2,0.4998,3,0.4502,2,0.9500,0.1000,0.33,-0.3502,0.6498,0.0000,99.61,SUCCESS
2025-12-24T14:46:38.604816+00:00,btc-updown-15m-1766588400,TRADE,UP,ACCUM,2,1,0.5000,0.5000,3,0.4999,3,0.4502,3,0.9501,0.1497,0.00,0.1497,0.1497,0.0000,99.11,SUCCESS
2025-12-24T14:46:44.211783+00:00,btc-updown-15m-1766588400,TRADE,UP,ACCUM,2,2,0.5002,1.0004,5,0.5000,3,0.4502,3,0.9502,0.1493,0.40,-0.8507,1.1493,0.0000,98.11,SUCCESS
2025-12-24T14:47:00.666843+00:00,btc-updown-15m-1766588400,TRADE,DOWN,ACCUM,3,3,0.4502,1.3506,5,0.5000,6,0.4502,5,0.9502,0.2489,0.17,-0.2013,0.7987,0.0000,96.76,SUCCESS
2025-12-24T14:47:06.194689+00:00,btc-updown-15m-1766588400,TRADE,UP,ACCUM,2,2,0.5000,1.0000,7,0.5000,6,0.4502,6,0.9502,0.2987,0.14,-0.2013,0.7987,0.0000,95.75,SUCCESS
2025-12-24T14:47:11.845117+00:00,btc-updown-15m-1766588400,TRADE,DOWN,ACCUM,3,3,0.4500,1.3501,7,0.5000,9,0.4502,7,0.9502,0.3489,0.22,-0.5514,1.4486,0.0000,94.40,SUCCESS
2025-12-24T14:47:17.356198+00:00,btc-updown-15m-1766588400,TRADE,UP,ACCUM,2,2,0.5000,1.0001,9,0.5000,9,0.4502,9,0.9502,0.4485,0.00,0.4485,0.4485,0.0000,93.40,SUCCESS
2025-12-24T14:47:28.316730+00:00,btc-updown-15m-1766588400,TRADE,UP,ACCUM,2,2,0.5002,1.0004,11,0.5000,9,0.4502,9,0.9502,0.4482,0.18,-0.5519,1.4481,0.0000,92.40,SUCCESS
2025-12-24T14:47:33.906618+00:00,btc-updown-15m-1766588400,TRADE,DOWN,ACCUM,3,3,0.4401,1.3203,11,0.5000,12,0.4476,11,0.9477,0.5754,0.08,0.1278,1.1278,0.0000,91.08,SUCCESS
2025-12-24T14:47:44.870826+00:00,btc-updown-15m-1766588400,TRADE,UP,ACCUM,2,1,0.5002,0.5002,12,0.5001,12,0.4476,12,0.9477,0.6276,0.00,0.6276,0.6276,0.0000,90.58,SUCCESS
2025-12-24T14:47:50.437784+00:00,btc-updown-15m-1766588400,TRADE,UP,ACCUM,2,2,0.5000,1.0001,14,0.5001,12,0.4476,12,0.9477,0.6276,0.14,-0.3725,1.6275,0.0000,89.58,SUCCESS
2025-12-24T14:53:34.910405+00:00,btc-updown-15m-1766587500,TRADE,UP,ACCUM,2,2,0.7453,1.4907,2,0.7453,0,0.0000,0,0.0000,0.0000,1.00,-1.4907,0.5093,0.0000,98.51,SUCCESS
2025-12-24T14:53:35.220755+00:00,btc-updown-15m-1766587500,RESOLUTION,DOWN,BINANCE_FALLBACK_SHARED,2,2,1.0000,1.4907,2,0.7453,0,0.0000,0,0.0000,0.0000,1.00,0.0000,0.0000,-1.4907,98.51,RESOLVED
2025-12-24T14:59:19.730004+00:00,btc-updown-15m-1766588400,TRADE,UP,ACCUM,2,1,0.5350,0.5350,1,0.5350,0,0.0000,0,0.0000,0.0000,1.00,-0.5350,0.4650,0.0000,99.46,SUCCESS
2025-12-24T14:59:30.677623+00:00,btc-updown-15m-1766588400,TRADE,DOWN,ACCUM,3,3,0.4651,1.3953,1,0.5350,3,0.4651,1,1.0001,-0.0001,0.67,-0.9304,1.0696,0.0000,98.07,SUCCESS
2025-12-24T15:00:04.080323+00:00,btc-updown-15m-1766588400,RESOLUTION,DOWN,BINANCE_FALLBACK_SHARED,4,4,1.0000,1.9304,1,0.5350,3,0.4651,1,1.0001,-0.0001,0.67,0.0000,0.0000,1.0696,101.07,RESOLVED
