timestamp,market_slug,event_type,trade_side,trade_mode,size_requested,size_filled,price,cost,pos_up_size,pos_up_avg_price,pos_down_size,pos_down_avg_price,pos_hedged_pairs,pos_pair_cost,pos_locked_profit,pos_imbalance,pnl_min,pnl_max,pnl_realized,balance_after,status,bias,action,flip_count,btc_price,btc_strike,btc_change_pct,btc_zscore
2025-12-20T15:50:56.657972+00:00,btc-updown-15m-1766245500,TRADE,UP,DIR_AVERAGE_DOWN,5,5,0.760095628971177,3.800478144855885,5.0,0.760095628971177,0.0,0.0,0,0,0.0,5.0,0,0,0,96.19952185514411,SUCCESS,BULLISH,average_down,0,88206.61,88206.61,0.0,1.7354008314787917e-08
2025-12-20T15:50:57.074847+00:00,btc-updown-15m-1766245500,TRADE,UP,DIR_ACCUMULATE,5,2,0.7703346868936933,1.5406693737873867,7.0,0.763021074091896,0.0,0.0,0,0,0.0,7.0,0,0,0,94.65885248135673,SUCCESS,BULLISH,accumulate,0,88206.61,88206.61,0.0,1.7354008314787917e-08
2025-12-20T15:50:57.511393+00:00,btc-updown-15m-1766245500,TRADE,DOWN,DIR_REBALANCE,5,5,0.24002573717831915,1.2001286858915958,7.0,0.763021074091896,5.0,0.24002573717831915,5,1.003046811270215,-0.015234056351075553,2.0,0,0,0,93.45872379546513,SUCCESS,BULLISH,rebalance,0,88206.61,88206.61,0.0,1.722006580127091e-08
2025-12-20T15:50:57.905156+00:00,btc-updown-15m-1766245500,TRADE,UP,DIR_AVERAGE_DOWN,5,3,0.7700084344520756,2.310025303356227,10.0,0.7651172821999499,5.0,0.24002573717831915,5,1.005143019378269,-0.025715096891345546,5.0,0,0,0,91.1486984921089,SUCCESS,BULLISH,average_down,0,88206.61,88206.61,0.0,1.722006580127091e-08
2025-12-20T15:50:58.291396+00:00,btc-updown-15m-1766245500,TRADE,UP,DIR_ACCUMULATE,5,1,0.7801609525819108,0.7801609525819108,11.0,0.7664848885983099,5.0,0.24002573717831915,5,1.006510625776629,-0.03255312888314488,6.0,0,0,0,90.368537539527,SUCCESS,BULLISH,accumulate,0,88206.61,88206.61,0.0,1.7089176538615008e-08
2025-12-20T15:50:58.879755+00:00,btc-updown-15m-1766245500,TRADE,DOWN,DIR_REBALANCE,5,5,0.2500032564858509,1.2500162824292547,11.0,0.7664848885983099,10.0,0.24501449683208504,10,1.0114993854303949,-0.1149938543039486,1.0,0,0,0,89.11852125709774,SUCCESS,BULLISH,rebalance,0,88206.6,88206.61,-1.133701884106113e-05,3.0043297572461842
2025-12-20T15:50:59.276225+00:00,btc-updown-15m-1766245500,TRADE,UP,DIR_AVERAGE_DOWN,4,4,0.7600112715279438,3.040045086111775,15.0,0.7647585907128789,10.0,0.24501449683208504,10,1.009773087544964,-0.09773087544963976,5.0,0,0,0,86.07847617098597,SUCCESS,BULLISH,average_down,0,88206.6,88206.61,-1.133701884106113e-05,2.690525634551845
2025-12-20T15:58:05.890147+00:00,btc-updown-15m-1766245500,TRADE,UP,DIR_AVERAGE_DOWN,5,5,0.8800736797853517,4.400368398926759,5.0,0.8800736797853517,0.0,0.0,0,0,0.0,5.0,0,0,0,95.59963160107324,SUCCESS,BULLISH,average_down,0,88193.61,88193.61,0.0,4.166100950644687e-08
2025-12-20T15:58:06.326637+00:00,btc-updown-15m-1766245500,TRADE,DOWN,DIR_EMERGENCY,5,5,0.13006057099934462,0.6503028549967231,5.0,0.8800736797853517,5.0,0.13006057099934462,5,1.0101342507846962,-0.05067125392348104,0.0,0,0,0,94.94932874607652,SUCCESS,BULLISH,emergency,0,88193.6,88193.61,-1.1338689951302946e-05,1.0936965766107865
2025-12-20T15:58:15.209246+00:00,btc-updown-15m-1766245500,TRADE,UP,DIR_AVERAGE_DOWN,5,1,0.8202844043422696,0.8202844043422696,6.0,0.8701088005448381,5.0,0.13006057099934462,5,1.0001693715441826,-0.0008468577209130856,1.0,0,0,0,94.12904434173424,SUCCESS,BULLISH,average_down,0,88193.6,88193.61,-1.1338689951302946e-05,3.920675532518505
2025-12-20T15:58:15.776157+00:00,btc-updown-15m-1766245500,TRADE,DOWN,DIR_EMERGENCY,1,1,0.1800799667461812,0.1800799667461812,6.0,0.8701088005448381,6.0,0.13839713695715072,6,1.008505937501989,-0.05103562501193348,0.0,0,0,0,93.94896437498807,SUCCESS,BULLISH,emergency,0,88193.6,88193.61,-1.1338689951302946e-05,3.92738163326717
2025-12-20T15:58:16.186977+00:00,btc-updown-15m-1766245500,TRADE,UP,DIR_AVERAGE_DOWN,5,5,0.780062497406567,3.900312487032835,11.0,0.829178662754715,6.0,0.13839713695715072,6,0.9675757997118657,0.19454520172880585,5.0,0,0,0,90.04865188795523,SUCCESS,BULLISH,average_down,0,88193.6,88193.61,-1.1338689951302946e-05,3.9340763041495963
2025-12-20T15:58:16.768577+00:00,btc-updown-15m-1766245500,TRADE,DOWN,DIR_EMERGENCY,5,5,0.1600115460193168,0.800057730096584,11.0,0.829178662754715,11.0,0.1482218683490444,11,0.9774005311037594,0.24859415785864714,0.0,0,0,0,89.24859415785865,SUCCESS,BULLISH,emergency,0,88193.6,88193.61,-1.1338689951302946e-05,3.9340763041495963
2025-12-20T15:58:17.151248+00:00,btc-updown-15m-1766245500,TRADE,UP,DIR_AVERAGE_DOWN,4,4,0.8502167117762166,3.4008668471048664,15.0,0.8347888091604487,11.0,0.1482218683490444,11,0.9830106775094931,0.18688254739557575,4.0,0,0,0,85.84772731075378,SUCCESS,BULLISH,average_down,0,88193.61,88193.61,0.0,1.466256221277256e-08
2025-12-20T15:58:17.539489+00:00,btc-updown-15m-1766245500,TRADE,DOWN,DIR_EMERGENCY,4,4,0.19004161514425608,0.7601664605770243,15.0,0.8347888091604487,15.0,0.15937380082776753,15,0.9941626099882163,0.08756085017675608,0.0,0,0,0,85.08756085017676,SUCCESS,BULLISH,emergency,0,88193.6,88193.61,-1.1338689951302946e-05,3.6118940912161634
2025-12-20T16:00:00.336521+00:00,btc-updown-15m-1766245500,RESOLUTION,DOWN,MARKET_END,30,30,1.0000,14.9124,15,0.8348,15,0.1594,15,0.9942,0.0876,0.00,0.0000,0.0000,0.0876,100.09,RESOLVED,,,,,,,
2025-12-20T16:00:02.683231+00:00,btc-updown-15m-1766246400,TRADE,UP,DIR_AVERAGE_DOWN,5,5,0.500169034920437,2.5008451746021847,5.0,0.500169034920437,0.0,0.0,0,0,0.0,5.0,0,0,0,97.58671567557457,SUCCESS,BULLISH,average_down,0,88184.8,88184.8,0.0,0.08870634305852027
2025-12-20T16:00:03.093790+00:00,btc-updown-15m-1766246400,TRADE,UP,DIR_ACCUMULATE,5,5,0.5000238856562166,2.500119428281083,10.0,0.5000964602883268,0.0,0.0,0,0,0.0,10.0,0,0,0,95.08659624729349,SUCCESS,BULLISH,accumulate,0,88185.28,88184.8,0.0005443114913181472,3.1446998470609397
2025-12-20T16:00:03.488558+00:00,btc-updown-15m-1766246400,TRADE,DOWN,DIR_REBALANCE,5,5,0.39018761127787643,1.9509380563893821,10.0,0.5000964602883268,5.0,0.39018761127787643,5,0.8902840715662033,0.5485796421689837,5.0,0,0,0,93.13565819090411,SUCCESS,BULLISH,rebalance,0,88185.28,88184.8,0.0005443114913181472,3.190860338942183
2025-12-20T16:00:03.906287+00:00,btc-updown-15m-1766246400,TRADE,UP,DIR_ACCUMULATE,5,5,0.6100720427739632,3.050360213869816,15.0,0.5367549877835389,5.0,0.39018761127787643,5,0.9269425990614153,0.3652870046929235,10.0,0,0,0,90.08529797703429,SUCCESS,BULLISH,accumulate,0,88185.28,88184.8,0.0005443114913181472,3.197122050075237
2025-12-20T16:00:04.504567+00:00,btc-updown-15m-1766246400,TRADE,DOWN,DIR_REBALANCE,5,5,0.37001624383833676,1.8500812191916838,15.0,0.5367549877835389,10.0,0.38010192755810657,10,0.9168569153416455,0.8314308465835452,5.0,0,0,0,88.23521675784261,SUCCESS,BULLISH,rebalance,0,88198.01,88184.8,0.014979905834102759,80.20885648747829
2025-12-20T16:10:00.454547+00:00,btc-updown-15m-1766246400,TRADE,DOWN,DIR_EMERGENCY,5,5,0.2000376650219764,1.000188325109882,15.0,0.5367549877835389,15.0,0.3200805067127298,15,0.8568354944962687,2.147467582555969,0.0,0,0,0,87.23502843273272,SUCCESS,BULLISH,emergency,0,88205.19,88184.8,0.023121898558481072,182.0671466399393
2025-12-20T16:15:00.456044+00:00,btc-updown-15m-1766246400,RESOLUTION,DOWN,MARKET_END,30,30,1.0000,12.8525,15,0.5368,15,0.3201,15,0.8568,2.1475,0.00,0.0000,0.0000,2.1475,102.24,RESOLVED,,,,,,,
2025-12-20T16:15:03.062911+00:00,btc-updown-15m-1766247300,TRADE,UP,DIR_AVERAGE_DOWN,5,4,0.48023109222565985,1.9209243689026394,4.0,0.48023109222565985,0.0,0.0,0,0,0.0,4.0,0,0,0,100.31410406383009,SUCCESS,BULLISH,average_down,0,88191.85,88191.85,0.0,0.13697102420977073
2025-12-20T16:15:03.514883+00:00,btc-updown-15m-1766247300,TRADE,UP,DIR_ACCUMULATE,5,5,0.4800229264113491,2.4001146320567455,9.0,0.4801154445510427,0.0,0.0,0,0,0.0,9.0,0,0,0,97.91398943177335,SUCCESS,BULLISH,accumulate,0,88191.85,88191.85,0.0,0.13770794382261037
2025-12-20T16:15:03.946624+00:00,btc-updown-15m-1766247300,TRADE,DOWN,DIR_REBALANCE,5,5,0.5400221200362725,2.7001106001813624,9.0,0.4801154445510427,5.0,0.5400221200362725,5,1.0201375645873152,-0.10068782293657597,4.0,0,0,0,95.21387883159198,SUCCESS,BULLISH,rebalance,0,88191.85,88191.85,0.0,0.13770794382261037
2025-12-20T16:15:04.561537+00:00,btc-updown-15m-1766247300,TRADE,UP,DIR_ACCUMULATE,5,5,0.48012390374263403,2.40061951871317,14.0,0.4801184656908967,5.0,0.5400221200362725,5,1.0201405857271693,-0.10070292863584629,9.0,0,0,0,92.81325931287881,SUCCESS,BULLISH,accumulate,0,88191.84,88191.85,-1.1338916248285102e-05,0.02597155470493404
2025-12-20T16:15:05.134313+00:00,btc-updown-15m-1766247300,TRADE,DOWN,DIR_REBALANCE,5,5,0.5302193321532462,2.651096660766231,14.0,0.4801184656908967,10.0,0.5351207260947592,10,1.015239191785656,-0.15239191785656026,4.0,0,0,0,90.16216265211258,SUCCESS,BULLISH,rebalance,0,88191.84,88191.85,-1.1338916248285102e-05,0.025037957625581832
2025-12-20T16:15:05.571281+00:00,btc-updown-15m-1766247300,TRADE,UP,DIR_ACCUMULATE,1,1,0.4800747657000043,0.4800747657000043,15.0,0.48011555235817055,10.0,0.5351207260947592,10,1.0152362784529299,-0.15236278452929852,5.0,0,0,0,89.68208788641257,SUCCESS,BULLISH,accumulate,0,88191.84,88191.85,-1.1338916248285102e-05,0.031731856027379275
2025-12-20T16:25:01.040448+00:00,btc-updown-15m-1766247300,TRADE,DOWN,DIR_EMERGENCY,5,5,0.5902601803437434,2.951300901718717,15.0,0.48011555235817055,15.0,0.553500544177754,15,1.0336160965359245,-0.5042414480388668,0.0,0,0,0,86.73078698469386,SUCCESS,BULLISH,emergency,0,88195.2,88191.85,0.0037985369396279457,713.3870234328268
2025-12-20T16:30:00.282856+00:00,btc-updown-15m-1766247300,RESOLUTION,DOWN,MARKET_END,30,30,1.0000,15.5042,15,0.4801,15,0.5535,15,1.0336,-0.5042,0.00,0.0000,0.0000,-0.5042,101.73,RESOLVED,,,,,,,
2025-12-20T16:30:03.883000+00:00,btc-updown-15m-1766248200,TRADE,UP,DIR_AVERAGE_DOWN,5,5,0.4800550304047014,2.400275152023507,5.0,0.4800550304047014,0.0,0.0,0,0,0.0,5.0,0,0,0,99.33051183267035,SUCCESS,BULLISH,average_down,0,88181.71,88181.71,0.0,3.625045835507761e-08
2025-12-20T16:30:04.302957+00:00,btc-updown-15m-1766248200,TRADE,UP,DIR_ACCUMULATE,5,5,0.4801313112719879,2.4006565563599396,10.0,0.48009317083834463,0.0,0.0,0,0,0.0,10.0,0,0,0,96.92985527631042,SUCCESS,BULLISH,accumulate,0,88181.71,88181.71,0.0,3.572786160319299e-08
2025-12-20T16:30:04.780421+00:00,btc-updown-15m-1766248200,TRADE,DOWN,DIR_REBALANCE,5,5,0.5302528506975199,2.6512642534875996,10.0,0.48009317083834463,5.0,0.5302528506975199,5,1.0103460215358646,-0.05173010767932307,5.0,0,0,0,94.27859102282282,SUCCESS,BULLISH,rebalance,0,88181.71,88181.71,0.0,0.01186668740578453
2025-12-20T16:30:05.194235+00:00,btc-updown-15m-1766248200,TRADE,UP,DIR_ACCUMULATE,5,5,0.4801763173764893,2.4008815868824467,15.0,0.48012088635105954,5.0,0.5302528506975199,5,1.0103737370485795,-0.05186868524289734,10.0,0,0,0,91.87770943594037,SUCCESS,BULLISH,accumulate,0,88181.71,88181.71,0.0,0.01186668740578453
2025-12-20T16:30:05.619880+00:00,btc-updown-15m-1766248200,TRADE,DOWN,DIR_REBALANCE,5,1,0.5299783963267065,0.5299783963267065,15.0,0.48012088635105954,6.0,0.5302071083023844,6,1.0103279946534438,-0.061967967920662836,9.0,0,0,0,91.34773103961366,SUCCESS,BULLISH,rebalance,0,88181.71,88181.71,0.0,0.01186668740578453
2025-12-20T16:30:06.457763+00:00,btc-updown-15m-1766248200,TRADE,DOWN,DIR_REBALANCE,5,5,0.5201903903932614,2.600951951966307,15.0,0.48012088635105954,11.0,0.5256540547073285,11,1.005774941058388,-0.06352435164226855,4.0,0,0,0,88.74677908764735,SUCCESS,BULLISH,rebalance,0,88181.7,88181.71,-1.1340220108357193e-05,1.5783954873981405
2025-12-20T16:35:01.360532+00:00,btc-updown-15m-1766248200,TRADE,DOWN,DIR_ACCUMULATE,4,4,0.75035942065672,3.00143768262688,15.0,0.48012088635105954,15.0,0.5855754856271662,15,1.0656963719782258,-0.9854455796733863,0.0,0,0,0,85.74534140502047,SUCCESS,BEARISH,accumulate,1,88134.83,88181.71,-0.05316295181847194,407.5222274895907
2025-12-20T16:45:00.123322+00:00,btc-updown-15m-1766248200,RESOLUTION,DOWN,MARKET_END,30,30,1.0000,15.9854,15,0.4801,15,0.5856,15,1.0657,-0.9854,0.00,0.0000,0.0000,-0.9854,100.75,RESOLVED,,,,,,,
2025-12-20T16:45:02.212688+00:00,btc-updown-15m-1766249100,TRADE,DOWN,DIR_AVERAGE_DOWN,5,5,0.4501755211656313,2.2508776058281565,0.0,0.0,5.0,0.4501755211656313,0,0,0.0,5.0,0,0,0,98.49446379919232,SUCCESS,BEARISH,average_down,1,88138.66,88138.66,0.0,3.6716267376788947e-08
2025-12-20T16:45:02.627105+00:00,btc-updown-15m-1766249100,TRADE,DOWN,DIR_ACCUMULATE,5,5,0.4500416144213856,2.250208072106928,0.0,0.0,10.0,0.4501085677935085,0,0,0.0,10.0,0,0,0,96.24425572708539,SUCCESS,BEARISH,accumulate,1,88138.66,88138.66,0.0,0.010596791286620744
2025-12-20T16:45:03.081736+00:00,btc-updown-15m-1766249100,TRADE,UP,DIR_REBALANCE,5,5,0.5501406948645028,2.750703474322514,5.0,0.5501406948645028,10.0,0.4501085677935085,5,1.0002492626580113,-0.0012463132900564222,5.0,0,0,0,93.49355225276287,SUCCESS,BEARISH,rebalance,1,88138.66,88138.66,0.0,0.010596791286620744
2025-12-20T16:45:03.554819+00:00,btc-updown-15m-1766249100,TRADE,DOWN,DIR_ACCUMULATE,5,5,0.46021334058631025,2.3010667029315512,5.0,0.5501406948645028,15.0,0.45347682539110906,5,1.003617520255612,-0.01808760127805953,10.0,0,0,0,91.19248554983132,SUCCESS,BEARISH,accumulate,1,88138.66,88138.66,0.0,3.24823252420543e-08
2025-12-20T16:45:04.098594+00:00,btc-updown-15m-1766249100,TRADE,UP,DIR_REBALANCE,5,5,0.5398190184873555,2.699095092436777,10.0,0.5449798566759292,15.0,0.45347682539110906,10,0.9984566820670382,0.015433179329618074,5.0,0,0,0,88.49339045739454,SUCCESS,BEARISH,rebalance,1,88138.66,88138.66,0.0,0.008058721319423503
2025-12-20T16:55:00.912866+00:00,btc-updown-15m-1766249100,TRADE,UP,DIR_EMERGENCY,5,2,0.6801803007690408,1.3603606015380816,12.0,0.5675132640247811,15.0,0.45347682539110906,12,1.02099008941589,-0.2518810729906811,3.0,0,0,0,87.13302985585646,SUCCESS,BEARISH,emergency,1,88149.73,88138.66,0.01255975527650685,2353.6094476026083
2025-12-20T16:55:01.377678+00:00,btc-updown-15m-1766249100,TRADE,UP,DIR_EMERGENCY,3,3,0.6801358261944564,2.0404074785833695,15.0,0.5900377764587162,15.0,0.45347682539110906,15,1.0435146018498254,-0.6527190277473804,0.0,0,0,0,85.09262237727309,SUCCESS,BEARISH,emergency,1,88149.72,88138.66,0.012548409517455417,2334.2461825854207
2025-12-20T17:00:00.252985+00:00,btc-updown-15m-1766249100,RESOLUTION,DOWN,MARKET_END,30,30,1.0000,15.6527,15,0.5900,15,0.4535,15,1.0435,-0.6527,0.00,0.0000,0.0000,-0.6527,100.09,RESOLVED,,,,,,,
2025-12-20T17:00:02.548664+00:00,btc-updown-15m-1766250000,TRADE,DOWN,DIR_AVERAGE_DOWN,5,5,0.49008173280029493,2.4504086640014746,0.0,0.0,5.0,0.49008173280029493,0,0,0.0,5.0,0,0,0,97.64221371327162,SUCCESS,BEARISH,average_down,1,88179.61,88179.61,0.0,0.18047935595551357
2025-12-20T17:00:02.981363+00:00,btc-updown-15m-1766250000,TRADE,DOWN,DIR_ACCUMULATE,5,5,0.46007220119737263,2.300361005986863,0.0,0.0,10.0,0.4750769669988338,0,0,0.0,10.0,0,0,0,95.34185270728476,SUCCESS,BEARISH,accumulate,1,88179.61,88179.61,0.0,0.18035288084893153
2025-12-20T17:00:03.467466+00:00,btc-updown-15m-1766250000,TRADE,UP,DIR_REBALANCE,5,5,0.5500655840380925,2.7503279201904625,5.0,0.5500655840380925,10.0,0.4750769669988338,5,1.0251425510369263,-0.12571275518463154,5.0,0,0,0,92.5915247870943,SUCCESS,BEARISH,rebalance,1,88179.61,88179.61,0.0,0.18118543868685305
2025-12-20T17:00:03.919540+00:00,btc-updown-15m-1766250000,TRADE,DOWN,DIR_ACCUMULATE,5,5,0.3200008207824848,1.6000041039124242,5.0,0.5500655840380925,15.0,0.4233849182600508,5,0.9734505022981432,0.13274748850928386,10.0,0,0,0,90.99152068318188,SUCCESS,BEARISH,accumulate,1,88179.6,88179.61,-1.1340490159529296e-05,0.26892547007881923
2025-12-20T17:00:04.315770+00:00,btc-updown-15m-1766250000,TRADE,UP,DIR_REBALANCE,5,5,0.6902249811978132,3.451124905989066,10.0,0.6201452826179528,15.0,0.4233849182600508,10,1.0435302008780036,-0.43530200878003633,5.0,0,0,0,87.54039577719281,SUCCESS,BEARISH,rebalance,1,88179.61,88179.61,0.0,0.18086289705358627
2025-12-20T17:10:00.456755+00:00,btc-updown-15m-1766250000,TRADE,UP,DIR_EMERGENCY,5,5,0.8701723457817105,4.350861728908553,15.0,0.7034876370058721,15.0,0.4233849182600508,15,1.126872555265923,-1.9030883289888434,0.0,0,0,0,83.18953404828426,SUCCESS,BEARISH,emergency,1,88195.92,88179.61,0.0184963394598793,115.06402173624677
2025-12-20T17:15:00.121335+00:00,btc-updown-15m-1766250000,RESOLUTION,UP,MARKET_END,30,30,1.0000,16.9031,15,0.7035,15,0.4234,15,1.1269,-1.9031,0.00,0.0000,0.0000,-1.9031,98.19,RESOLVED,,,,,,,
2025-12-20T17:15:02.488438+00:00,btc-updown-15m-1766250900,TRADE,DOWN,DIR_AVERAGE_DOWN,5,5,0.5101921412062231,2.5509607060311157,0.0,0.0,5.0,0.5101921412062231,0,0,0.0,5.0,0,0,0,95.63857334225314,SUCCESS,BEARISH,average_down,1,88164.99,88164.99,0.0,0.13152213884128325
2025-12-20T17:15:02.898791+00:00,btc-updown-15m-1766250900,TRADE,DOWN,DIR_ACCUMULATE,5,4,0.5001337681349768,2.000535072539907,0.0,0.0,9.0,0.5057217531745581,0,0,0.0,9.0,0,0,0,93.63803826971323,SUCCESS,BEARISH,accumulate,1,88164.99,88164.99,0.0,0.13145967182708487
2025-12-20T17:15:03.298273+00:00,btc-updown-15m-1766250900,TRADE,UP,DIR_REBALANCE,5,5,0.5101797051006804,2.5508985255034022,5.0,0.5101797051006804,9.0,0.5057217531745581,5,1.0159014582752386,-0.07950729137619295,4.0,0,0,0,91.08713974420984,SUCCESS,BEARISH,rebalance,1,88164.99,88164.99,0.0,0.006328934122697683
2025-12-20T17:15:03.691417+00:00,btc-updown-15m-1766250900,TRADE,DOWN,DIR_ACCUMULATE,5,5,0.5102505649999696,2.551252824999848,5.0,0.5101797051006804,14.0,0.5073391859693479,5,1.0175188910700284,-0.08759445535014176,9.0,0,0,0,88.53588691920999,SUCCESS,BEARISH,accumulate,1,88164.99,88164.99,0.0,0.006319701324514404
2025-12-20T17:15:04.207466+00:00,btc-updown-15m-1766250900,TRADE,UP,DIR_REBALANCE,5,5,0.5000952282663818,2.5004761413319088,10.0,0.5051374666835311,14.0,0.5073391859693479,10,1.012476652652879,-0.12476652652879006,4.0,0,0,0,86.03541077787807,SUCCESS,BEARISH,rebalance,1,88164.99,88164.99,0.0,0.006225796135935637
2025-12-20T17:15:05.001278+00:00,btc-updown-15m-1766250900,TRADE,DOWN,DIR_ACCUMULATE,1,1,0.5100575627609503,0.5100575627609503,10.0,0.5051374666835311,15.0,0.5075204110887881,10,1.0126578777723192,-0.12657877772319193,5.0,0,0,0,85.52535321511712,SUCCESS,BEARISH,accumulate,1,88164.99,88164.99,0.0,0.00625312296725455
2025-12-20T17:19:19.705224+00:00,btc-updown-15m-1766250900,TRADE,UP,DIR_ACCUMULATE,5,5,0.7102627307416137,3.5513136537080685,15.0,0.573512554702892,15.0,0.5075204110887881,15,1.08103296579168,-1.2154944868751993,0.0,0,0,0,81.97403956140906,SUCCESS,BULLISH,accumulate,2,88209.97,88164.99,0.05101798344217577,374.35870109629604
2025-12-20T17:30:00.190477+00:00,btc-updown-15m-1766250900,RESOLUTION,UP,MARKET_END,30,30,1.0000,16.2155,15,0.5735,15,0.5075,15,1.0810,-1.2155,0.00,0.0000,0.0000,-1.2155,96.97,RESOLVED,,,,,,,
2025-12-20T17:30:02.479034+00:00,btc-updown-15m-1766251800,TRADE,UP,DIR_AVERAGE_DOWN,5,5,0.47019907465358757,2.3509953732679376,5.0,0.4701990746535875,0.0,0.0,0,0,0.0,5.0,0,0,0,94.62304418814112,SUCCESS,BULLISH,average_down,2,88245.3,88245.3,0.0,0.0069556473252815505
2025-12-20T17:30:02.902105+00:00,btc-updown-15m-1766251800,TRADE,UP,DIR_ACCUMULATE,5,5,0.47007223800147974,2.3503611900073986,10.0,0.4701356563275336,0.0,0.0,0,0,0.0,10.0,0,0,0,92.27268299813372,SUCCESS,BULLISH,accumulate,2,88245.3,88245.3,0.0,0.0069556473252815505
2025-12-20T17:30:03.512520+00:00,btc-updown-15m-1766251800,TRADE,DOWN,DIR_REBALANCE,5,1,0.5401355610804593,0.5401355610804593,10.0,0.4701356563275336,1.0,0.5401355610804593,1,1.0102712174079929,-0.010271217407992861,9.0,0,0,0,91.73254743705326,SUCCESS,BULLISH,rebalance,2,88245.3,88245.3,0.0,0.006946746626746268
2025-12-20T17:30:03.905716+00:00,btc-updown-15m-1766251800,TRADE,DOWN,DIR_REBALANCE,5,5,0.5400262134593808,2.7001310672969043,10.0,0.4701356563275336,6.0,0.5400444380628939,6,1.0101800943904276,-0.06108056634256531,4.0,0,0,0,89.03241636975635,SUCCESS,BULLISH,rebalance,2,88245.3,88245.3,0.0,0.007099837133046196
2025-12-20T17:30:04.305308+00:00,btc-updown-15m-1766251800,TRADE,UP,DIR_ACCUMULATE,5,5,0.47014893285303283,2.3507446642651644,15.0,0.4701400818360334,6.0,0.5400444380628939,6,1.0101845198989272,-0.06110711939356328,9.0,0,0,0,86.68167170549118,SUCCESS,BULLISH,accumulate,2,88245.3,88245.3,0.0,0.0070907285957332354
2025-12-20T17:30:04.712395+00:00,btc-updown-15m-1766251800,TRADE,DOWN,DIR_REBALANCE,5,5,0.539846575924035,2.6992328796201748,15.0,0.4701400818360334,11.0,0.539954500727049,11,1.0100945825630823,-0.11104040819390493,4.0,0,0,0,83.98243882587101,SUCCESS,BULLISH,rebalance,2,88245.3,88245.3,0.0,0.007118160010191529
2025-12-20T17:40:00.739577+00:00,btc-updown-15m-1766251800,TRADE,DOWN,DIR_EMERGENCY,4,2,0.9195457728034334,1.8390915456068668,15.0,0.4701400818360334,13.0,0.5983531579695697,13,1.068493239805603,-0.8904121174728399,2.0,0,0,0,82.14334728026415,SUCCESS,BEARISH,emergency,3,88183.57,88245.3,-0.06995273402662343,2812.071836310489
2025-12-20T17:40:01.148165+00:00,btc-updown-15m-1766251800,TRADE,DOWN,DIR_EMERGENCY,2,2,0.9204475412909828,1.8408950825819657,15.0,0.4701400818360334,15.0,0.6412990757457581,15,1.1114391575817915,-1.6715873637268719,0.0,0,0,0,80.30245219768219,SUCCESS,BEARISH,emergency,3,88183.57,88245.3,-0.06995273402662343,2812.071836310489
2025-12-20T17:45:00.106820+00:00,btc-updown-15m-1766251800,RESOLUTION,DOWN,MARKET_END,30,30,1.0000,16.6716,15,0.4701,15,0.6413,15,1.1114,-1.6716,0.00,0.0000,0.0000,-1.6716,95.30,RESOLVED,,,,,,,
2025-12-20T17:45:02.932937+00:00,btc-updown-15m-1766252700,TRADE,DOWN,DIR_AVERAGE_DOWN,5,5,0.5001934120311198,2.500967060155599,0.0,0.0,5.0,0.5001934120311198,0,0,0.0,5.0,0,0,0,92.80148513752658,SUCCESS,BEARISH,average_down,3,88203.4,88203.4,0.0,0.12283031881325598
2025-12-20T17:45:03.319736+00:00,btc-updown-15m-1766252700,TRADE,DOWN,DIR_ACCUMULATE,5,5,0.5001492756737042,2.500746378368521,0.0,0.0,10.0,0.500171343852412,0,0,0.0,10.0,0,0,0,90.30073875915807,SUCCESS,BEARISH,accumulate,3,88203.4,88203.4,0.0,0.12274488804738722
2025-12-20T17:45:03.717450+00:00,btc-updown-15m-1766252700,TRADE,UP,DIR_REBALANCE,5,5,0.5100314606643332,2.550157303321666,5.0,0.5100314606643332,10.0,0.500171343852412,5,1.0102028045167453,-0.05101402258372634,5.0,0,0,0,87.7505814558364,SUCCESS,BEARISH,rebalance,3,88203.4,88203.4,0.0,0.12274488804738722
2025-12-20T17:45:04.161264+00:00,btc-updown-15m-1766252700,TRADE,DOWN,DIR_ACCUMULATE,5,5,0.5001877140317893,2.5009385701589464,5.0,0.5100314606643332,15.0,0.500176800578871,5,1.0102082612432044,-0.05104130621602199,10.0,0,0,0,85.24964288567745,SUCCESS,BEARISH,accumulate,3,88203.4,88203.4,0.0,0.12274488804738722
2025-12-20T17:45:04.587394+00:00,btc-updown-15m-1766252700,TRADE,UP,DIR_REBALANCE,5,5,0.5101055506542144,2.550527753271072,10.0,0.5100685056592738,15.0,0.500176800578871,10,1.010245306238145,-0.10245306238144902,5.0,0,0,0,82.69911513240638,SUCCESS,BEARISH,rebalance,3,88203.4,88203.4,0.0,0.12265963529430662
2025-12-20T17:55:00.772833+00:00,btc-updown-15m-1766252700,TRADE,UP,DIR_EMERGENCY,5,5,0.41002224600814924,2.0501112300407462,15.0,0.4767197524422323,15.0,0.500176800578871,15,0.9768965530211033,0.34655170468344987,0.0,0,0,0,80.64900390236564,SUCCESS,BEARISH,emergency,3,88181.8,88203.4,-0.024488851903658217,183.11388850305403
2025-12-20T19:46:11.942809+00:00,btc-updown-15m-1766259900,TRADE,DOWN,DIR_AVERAGE_DOWN,1,1,0.6300775729061175,0.6300775729061175,0.0,0.0,1.0,0.6300775729061175,0,0,0.0,1.0,0,0,0,99.36992242709388,SUCCESS,BEARISH,average_down,0,88221.05,88223.2,-0.0024370006982224394,17.37952041396296
2025-12-20T19:48:00.713314+00:00,btc-updown-15m-1766259900,TRADE,DOWN,DIR_AVERAGE_DOWN,1,1,0.48007674219672236,0.48007674219672236,0.0,0.0,2.0,0.55507715755142,0,0,0.0,2.0,0,0,0,98.88984568489715,SUCCESS,BEARISH,average_down,0,88230.79,88223.2,0.00860317920909297,67.4485426824022
2025-12-20T20:00:05.604861+00:00,btc-updown-15m-1766260800,TRADE,DOWN,DIR_AVERAGE_DOWN,1,1,0.5001356551111695,0.5001356551111695,0.0,0.0,1.0,0.5001356551111695,0,0,0.0,1.0,0,0,0,99.49986434488883,SUCCESS,BEARISH,average_down,0,88215.28,88215.28,0.0,0.10971341464410098
2025-12-20T20:05:21.437481+00:00,btc-updown-15m-1766260800,TRADE,UP,DIR_AVERAGE_DOWN,5,5,0.3800256672263198,1.900128336131599,5.0,0.3800256672263198,0.0,0.0,0,0,0.0,5.0,0,0,0,98.0998716638684,SUCCESS,BULLISH,average_down,0,88211.17,88211.17,0.0,0.0
2025-12-20T20:05:26.818198+00:00,btc-updown-15m-1766260800,TRADE,UP,DIR_ACCUMULATE,5,5,0.3800964596991427,1.9004822984957135,10.0,0.3800610634627312,0.0,0.0,0,0,0.0,10.0,0,0,0,96.19938936537268,SUCCESS,BULLISH,accumulate,0,88211.18,88211.17,1.1336432783695433e-05,2.2677868380553634
2025-12-20T20:05:32.233077+00:00,btc-updown-15m-1766260800,TRADE,DOWN,DIR_REBALANCE,5,5,0.640158367762205,3.2007918388110252,10.0,0.3800610634627312,5.0,0.640158367762205,5,1.0202194312249362,-0.10109715612468095,5.0,0,0,0,92.99859752656165,SUCCESS,BULLISH,rebalance,0,88211.17,88211.17,0.0,3.672343912568202e-08
2025-12-20T20:05:37.631018+00:00,btc-updown-15m-1766260800,TRADE,UP,DIR_ACCUMULATE,5,5,0.36011720615911175,1.8005860307955588,15.0,0.3734131110281914,5.0,0.640158367762205,5,1.0135714787903964,-0.0678573939519822,10.0,0,0,0,91.1980114957661,SUCCESS,BULLISH,accumulate,0,88211.17,88211.17,0.0,3.86982594824382e-08
2025-12-20T20:05:43.037314+00:00,btc-updown-15m-1766260800,TRADE,DOWN,DIR_REBALANCE,5,5,0.6500254507817971,3.2501272539089854,15.0,0.3734131110281914,10.0,0.645091909272001,10,1.0185050203001924,-0.1850502030019241,5.0,0,0,0,87.94788424185711,SUCCESS,BULLISH,rebalance,0,88211.17,88211.17,0.0,4.005948129565158e-08
2025-12-20T20:15:11.632998+00:00,btc-updown-15m-1766261700,TRADE,UP,DIR_AVERAGE_DOWN,1,1,0.4700966818214908,0.4700966818214908,1.0,0.4700966818214908,0.0,0.0,0,0,0.0,1.0,0,0,0,99.52990331817851,SUCCESS,BULLISH,average_down,0,88260.94,88260.94,0.0,0.14733286328642425
2025-12-20T20:20:11.355899+00:00,btc-updown-15m-1766261700,TRADE,UP,DIR_AVERAGE_DOWN,5,5,0.5100485907987687,2.550242953993844,5.0,0.5100485907987687,0.0,0.0,0,0,0.0,5.0,0,0,0,97.44975704600616,SUCCESS,BULLISH,average_down,0,88263.85,88263.86,-1.1329665385992989e-05,1.5811387749648809
2025-12-20T20:20:16.776673+00:00,btc-updown-15m-1766261700,TRADE,UP,DIR_ACCUMULATE,5,5,0.4601476187866113,2.3007380939330564,10.0,0.48509810479269005,0.0,0.0,0,0,0.0,10.0,0,0,0,95.14901895207309,SUCCESS,BULLISH,accumulate,0,88263.85,88263.86,-1.1329665385992989e-05,1.4529662701938022
2025-12-20T20:20:22.211673+00:00,btc-updown-15m-1766261700,TRADE,DOWN,DIR_REBALANCE,5,5,0.5501613942195587,2.750806971097793,10.0,0.48509810479269005,5.0,0.5501613942195587,5,1.0352594990122488,-0.17629749506124393,5.0,0,0,0,92.3982119809753,SUCCESS,BULLISH,rebalance,0,88263.86,88263.86,0.0,0.01964462655774811
2025-12-20T20:20:27.597472+00:00,btc-updown-15m-1766261700,TRADE,UP,DIR_ACCUMULATE,5,5,0.45014313051188865,2.2507156525594434,15.0,0.4734464466990896,5.0,0.5501613942195587,5,1.0236078409186482,-0.11803920459324102,10.0,0,0,0,90.14749632841585,SUCCESS,BULLISH,accumulate,0,88263.85,88263.86,-1.1329665385992989e-05,1.9148541363564868
2025-12-20T20:20:33.010819+00:00,btc-updown-15m-1766261700,TRADE,DOWN,DIR_REBALANCE,5,5,0.5400106275860136,2.700053137930068,15.0,0.4734464466990896,10.0,0.5450860109027861,10,1.0185324576018757,-0.18532457601875718,5.0,0,0,0,87.44744319048579,SUCCESS,BULLISH,rebalance,0,88263.86,88263.86,0.0,0.014941604876168179
2025-12-20T20:25:05.612311+00:00,btc-updown-15m-1766261700,TRADE,DOWN,DIR_EMERGENCY,5,5,0.27006891863922255,1.3503445931961129,15.0,0.4734464466990896,15.0,0.45341364681493157,15,0.9268600935140212,1.0970985972896818,0.0,0,0,0,86.09709859728967,SUCCESS,BULLISH,emergency,0,88277.59,88263.86,0.015555630583112868,2234.8598288478606
2025-12-20T20:30:05.292019+00:00,btc-updown-15m-1766261700,RESOLUTION,DOWN,MARKET_END,30,30,1.0000,13.9029,15,0.4734,15,0.4534,15,0.9269,1.0971,0.00,0.0000,0.0000,1.0971,101.10,RESOLVED
2025-12-20T20:30:12.507083+00:00,btc-updown-15m-1766262600,TRADE,UP,DIR_AVERAGE_DOWN,5,5,0.47008491888409176,2.350424594420459,5.0,0.47008491888409176,0.0,0.0,0,0,0.0,5.0,0,0,0,98.74667400286921,SUCCESS,BULLISH,average_down,0,88271.33,88271.33,0.0,0.01660588603953386
2025-12-20T20:30:18.020283+00:00,btc-updown-15m-1766262600,TRADE,UP,DIR_ACCUMULATE,5,3,0.4801562229173356,1.4404686687520067,8.0,0.4738616578965582,0.0,0.0,0,0,0.0,8.0,0,0,0,97.30620533411721,SUCCESS,BULLISH,accumulate,0,88271.32,88271.33,-1.1328706608092697e-05,1.5100606464704487
2025-12-20T20:30:23.426024+00:00,btc-updown-15m-1766262600,TRADE,DOWN,DIR_REBALANCE,5,1,0.530260287946775,0.530260287946775,8.0,0.4738616578965582,1.0,0.530260287946775,1,1.0041219458433333,-0.004121945843333252,7.0,0,0,0,96.77594504617043,SUCCESS,BULLISH,rebalance,0,88271.32,88271.33,-1.1328706608092697e-05,1.5188990967834664
2025-12-20T20:30:28.843303+00:00,btc-updown-15m-1766262600,TRADE,DOWN,DIR_REBALANCE,5,5,0.5301072733038966,2.650536366519483,8.0,0.4738616578965582,6.0,0.5301327757443763,6,1.0039944336409345,-0.023966601845607283,2.0,0,0,0,94.12540867965095,SUCCESS,BULLISH,rebalance,0,88271.33,88271.33,0.0,0.012487909672201813
2025-12-20T20:30:34.236776+00:00,btc-updown-15m-1766262600,TRADE,UP,DIR_AVERAGE_DOWN,5,5,0.5000480468896454,2.5002402344482273,13.0,0.48393334597082255,6.0,0.5301327757443763,6,1.014066121715199,-0.08439673029119366,7.0,0,0,0,91.62516844520272,SUCCESS,BULLISH,average_down,0,88271.32,88271.33,-1.1328706608092697e-05,1.4024292525322903
2025-12-20T20:30:39.657161+00:00,btc-updown-15m-1766262600,TRADE,DOWN,DIR_REBALANCE,5,5,0.5300751511082199,2.6503757555410994,13.0,0.48393334597082255,11.0,0.5301065827279415,11,1.014039928698764,-0.15443921568640429,2.0,0,0,0,88.97479268966161,SUCCESS,BULLISH,rebalance,0,88271.32,88271.33,-1.1328706608092697e-05,1.457737929673226
2025-12-20T20:30:45.087584+00:00,btc-updown-15m-1766262600,TRADE,UP,DIR_AVERAGE_DOWN,2,2,0.5001616549570826,1.0003233099141653,15.0,0.4860971205023239,11.0,0.5301065827279415,11,1.0162037032302655,-0.17824073553292097,4.0,0,0,0,87.97446937974745,SUCCESS,BULLISH,average_down,0,88271.33,88271.33,0.0,0.010701867682428295
2025-12-20T20:45:02.149644+00:00,btc-updown-15m-1766262600,RESOLUTION,UP,MARKET_END,26,26,1.0000,13.1226,15,0.4861,11,0.5301,11,1.0162,-0.1782,0.27,0.0000,0.0000,1.8774,102.97,RESOLVED
2025-12-20T20:45:09.788189+00:00,btc-updown-15m-1766263500,TRADE,UP,DIR_AVERAGE_DOWN,5,5,0.5299992247281284,2.6499961236406424,5.0,0.5299992247281284,0.0,0.0,0,0,0.0,5.0,0,0,0,100.3244732561068,SUCCESS,BULLISH,average_down,0,88230.25,88230.25,0.0,3.08465965018774e-08
2025-12-20T20:45:15.162574+00:00,btc-updown-15m-1766263500,TRADE,UP,DIR_ACCUMULATE,5,5,0.5401941876652356,2.7009709383261784,10.0,0.535096706196682,0.0,0.0,0,0,0.0,10.0,0,0,0,97.62350231778062,SUCCESS,BULLISH,accumulate,0,88230.24,88230.25,-1.1333981253324468e-05,1.9621416045357913
2025-12-20T20:45:20.562177+00:00,btc-updown-15m-1766263500,TRADE,DOWN,DIR_REBALANCE,5,3,0.4701584206805041,1.4104752620415124,10.0,0.535096706196682,3.0,0.4701584206805041,3,1.005255126877186,-0.0157653806315583,7.0,0,0,0,96.2130270557391,SUCCESS,BULLISH,rebalance,0,88230.24,88230.25,-1.1333981253324468e-05,1.9151595738606932
2025-12-20T20:45:25.950025+00:00,btc-updown-15m-1766263500,TRADE,DOWN,DIR_REBALANCE,5,5,0.47001736265816896,2.3500868132908446,10.0,0.535096706196682,8.0,0.4700702594165446,8,1.0051669656132267,-0.04133572490581372,2.0,0,0,0,93.86294024244826,SUCCESS,BULLISH,rebalance,0,88230.25,88230.25,0.0,3.0290371411584934e-08
2025-12-20T20:45:31.360510+00:00,btc-updown-15m-1766263500,TRADE,UP,DIR_AVERAGE_DOWN,5,5,0.5402068638593878,2.701034319296939,15.0,0.5368000920842507,8.0,0.4700702594165446,8,1.0068703515007953,-0.05496281200636233,7.0,0,0,0,91.16190592315132,SUCCESS,BULLISH,average_down,0,88230.25,88230.25,0.0,0.015331544424041773
2025-12-20T20:45:36.791858+00:00,btc-updown-15m-1766263500,TRADE,DOWN,DIR_REBALANCE,5,5,0.47002838657268614,2.3501419328634308,15.0,0.5368000920842507,13.0,0.47005415447659904,13,1.0068542465608497,-0.08910520529104549,2.0,0,0,0,88.81176399028789,SUCCESS,BULLISH,rebalance,0,88230.25,88230.25,0.0,0.014742101014037794
2025-12-20T20:55:01.643201+00:00,btc-updown-15m-1766263500,TRADE,DOWN,DIR_EMERGENCY,2,2,0.1100399146818804,0.2200798293637608,15.0,0.5368000920842507,15.0,0.4220522558373032,15,0.9588523479215539,0.6172147811766909,0.0,0,0,0,88.59168416092413,SUCCESS,BULLISH,emergency,0,88271.6,88230.25,0.04686601250705492,393.2540159393938
2025-12-20T21:00:01.620623+00:00,btc-updown-15m-1766263500,RESOLUTION,UP,MARKET_END,30,30,1.0000,14.3828,15,0.5368,15,0.4221,15,0.9589,0.6172,0.00,0.0000,0.0000,0.6172,103.59,RESOLVED
2025-12-20T21:00:09.903995+00:00,btc-updown-15m-1766264400,TRADE,UP,DIR_AVERAGE_DOWN,5,5,0.49002037596923503,2.450101879846175,5.0,0.49002037596923503,0.0,0.0,0,0,0.0,5.0,0,0,0,101.14158228107796,SUCCESS,BULLISH,average_down,0,88271.6,88271.6,0.0,0.008362657444640063
2025-12-20T21:00:15.321559+00:00,btc-updown-15m-1766264400,TRADE,UP,DIR_ACCUMULATE,5,5,0.4802089771114651,2.4010448855573254,10.0,0.48511467654035006,0.0,0.0,0,0,0.0,10.0,0,0,0,98.74053739552063,SUCCESS,BULLISH,accumulate,0,88271.6,88271.6,0.0,0.008098243547868098
2025-12-20T21:00:20.740619+00:00,btc-updown-15m-1766264400,TRADE,DOWN,DIR_REBALANCE,5,5,0.5200015832953891,2.6000079164769456,10.0,0.48511467654035006,5.0,0.5200015832953891,5,1.0051162598357393,-0.025581299178696337,5.0,0,0,0,96.14052947904369,SUCCESS,BULLISH,rebalance,0,88271.59,88271.6,-1.1328671972993834e-05,1.768776748749711
2025-12-20T21:00:26.156217+00:00,btc-updown-15m-1766264400,TRADE,UP,DIR_ACCUMULATE,5,3,0.4700805125675302,1.4102415377025905,13.0,0.48164525408508396,5.0,0.5200015832953891,5,1.001646837380473,-0.008234186902364993,8.0,0,0,0,94.7302879413411,SUCCESS,BULLISH,accumulate,0,88271.6,88271.6,0.0,3.199529225742932e-08
2025-12-20T21:00:31.566631+00:00,btc-updown-15m-1766264400,TRADE,DOWN,DIR_REBALANCE,5,5,0.5300033986088412,2.650016993044206,13.0,0.48164525408508396,10.0,0.5250024909521152,10,1.0066477450371991,-0.06647745037199115,3.0,0,0,0,92.0802709482969,SUCCESS,BULLISH,rebalance,0,88271.59,88271.6,-1.1328671972993834e-05,1.7525490966948138
2025-12-20T21:00:42.447519+00:00,btc-updown-15m-1766264400,TRADE,UP,DIR_ACCUMULATE,2,2,0.48011551245119066,0.9602310249023813,15.0,0.48144128853389817,10.0,0.5250024909521152,10,1.0064437794860133,-0.06443779486013268,5.0,0,0,0,91.12003992339451,SUCCESS,BULLISH,accumulate,0,88271.6,88271.6,0.0,3.1999484417150045e-08
2025-12-20T21:10:05.613504+00:00,btc-updown-15m-1766264400,TRADE,DOWN,DIR_EMERGENCY,5,5,0.09001564862657668,0.4500782431328834,15.0,0.48144128853389817,15.0,0.3800068768436023,15,0.8614481653775005,2.078277519337493,0.0,0,0,0,90.66996168026164,SUCCESS,BULLISH,emergency,0,88320.55,88271.6,0.0554538492561561,633.641071669457
2025-12-20T21:15:00.903554+00:00,btc-updown-15m-1766264400,RESOLUTION,DOWN,MARKET_END,30,30,1.0000,12.9217,15,0.4814,15,0.3800,15,0.8614,2.0783,0.00,0.0000,0.0000,2.0783,105.67,RESOLVED
2025-12-20T21:15:08.506319+00:00,btc-updown-15m-1766265300,TRADE,UP,DIR_AVERAGE_DOWN,5,5,0.479837547945531,2.399187739727655,5.0,0.479837547945531,0.0,0.0,0,0,0.0,5.0,0,0,0,103.27077394053399,SUCCESS,BULLISH,average_down,0,88304.26,88304.26,0.0,0.0895742294047497
2025-12-20T21:15:14.138883+00:00,btc-updown-15m-1766265300,TRADE,UP,DIR_ACCUMULATE,5,5,0.48005459494161656,2.400272974708083,10.0,0.4799460714435738,0.0,0.0,0,0,0.0,10.0,0,0,0,100.8705009658259,SUCCESS,BULLISH,accumulate,0,88304.25,88304.26,-1.1324481961302106e-05,0.24466522605999805
2025-12-20T21:15:19.564542+00:00,btc-updown-15m-1766265300,TRADE,DOWN,DIR_REBALANCE,5,5,0.5702163404242935,2.8510817021214674,10.0,0.4799460714435738,5.0,0.5702163404242935,5,1.0501624118678672,-0.2508120593393359,5.0,0,0,0,98.01941926370444,SUCCESS,BULLISH,rebalance,0,88304.26,88304.26,0.0,0.0892161385274713
2025-12-20T21:15:24.960946+00:00,btc-updown-15m-1766265300,TRADE,UP,DIR_ACCUMULATE,5,5,0.43008051993123153,2.1504025996561578,15.0,0.46332422093945974,5.0,0.5702163404242935,5,1.0335405613637532,-0.16770280681876581,10.0,0,0,0,95.86901666404827,SUCCESS,BULLISH,accumulate,0,88304.26,88304.26,0.0,0.09047971376316975
2025-12-20T21:15:30.477614+00:00,btc-updown-15m-1766265300,TRADE,DOWN,DIR_REBALANCE,5,5,0.5601883733187311,2.8009418665936554,15.0,0.46332422093945974,10.0,0.5652023568715123,10,1.028526577810972,-0.2852657781097201,5.0,0,0,0,93.06807479745461,SUCCESS,BULLISH,rebalance,0,88304.25,88304.26,-1.1324481961302106e-05,0.24367953671116638
2025-12-20T21:25:01.553806+00:00,btc-updown-15m-1766265300,TRADE,DOWN,DIR_EMERGENCY,5,5,0.21000684523866966,1.0500342261933484,15.0,0.46332422093945974,15.0,0.4468038529938981,15,0.9101280739333578,1.3480788909996329,0.0,0,0,0,92.01804057126127,SUCCESS,BULLISH,emergency,0,88336.75,88304.26,0.03679324191155131,270.56236557027773
2025-12-20T21:30:02.378207+00:00,btc-updown-15m-1766265300,RESOLUTION,DOWN,MARKET_END,30,30,1.0000,13.6519,15,0.4633,15,0.4468,15,0.9101,1.3481,0.00,0.0000,0.0000,1.3481,107.02,RESOLVED
2025-12-20T21:30:15.049754+00:00,btc-updown-15m-1766266200,TRADE,UP,DIR_AVERAGE_DOWN,5,5,0.4700740739556647,2.3503703697783234,5.0,0.4700740739556647,0.0,0.0,0,0,0.0,5.0,0,0,0,104.66767020148295,SUCCESS,BULLISH,average_down,0,88296.28,88296.27,1.1325506722720349e-05,2.3400475424925182
2025-12-20T21:30:20.471576+00:00,btc-updown-15m-1766266200,TRADE,UP,DIR_ACCUMULATE,5,5,0.4701669666366606,2.3508348331833027,10.0,0.4701205202961626,0.0,0.0,0,0,0.0,10.0,0,0,0,102.31683536829965,SUCCESS,BULLISH,accumulate,0,88296.27,88296.27,0.0,2.4460689378695924e-08
2025-12-20T21:30:31.264472+00:00,btc-updown-15m-1766266200,TRADE,DOWN,DIR_REBALANCE,5,5,0.5300957123563775,2.650478561781888,10.0,0.4701205202961626,5.0,0.5300957123563775,5,1.0002162326525401,-0.0010811632627005796,5.0,0,0,0,99.66635680651777,SUCCESS,BULLISH,rebalance,0,88296.27,88296.27,0.0,0.006421167186991929
2025-12-20T21:30:36.676975+00:00,btc-updown-15m-1766266200,TRADE,UP,DIR_ACCUMULATE,5,5,0.4800746337706727,2.4003731688533634,15.0,0.4734385581209993,5.0,0.5300957123563775,5,1.0035342704773769,-0.01767135238688433,10.0,0,0,0,97.2659836376644,SUCCESS,BULLISH,accumulate,0,88296.28,88296.27,1.1325506722720349e-05,2.265982919513879
2025-12-20T21:30:42.060799+00:00,btc-updown-15m-1766266200,TRADE,DOWN,DIR_REBALANCE,5,5,0.5401977941643971,2.700988970821985,15.0,0.4734385581209993,10.0,0.5351467532603873,10,1.0085853113813865,-0.08585311381386518,5.0,0,0,0,94.56499466684242,SUCCESS,BULLISH,rebalance,0,88296.28,88296.27,1.1325506722720349e-05,2.4047714612258733
2025-12-20T21:40:01.265918+00:00,btc-updown-15m-1766266200,TRADE,DOWN,DIR_EMERGENCY,5,5,0.5201809191743999,2.6009045958719996,15.0,0.4734385581209993,15.0,0.5301581418983915,15,1.0035967000193908,-0.05395050029086246,0.0,0,0,0,91.96409007097043,SUCCESS,BULLISH,emergency,0,88296.28,88296.27,1.1325506722720349e-05,1.6333062662811835
2025-12-20T21:45:00.970050+00:00,btc-updown-15m-1766266200,RESOLUTION,DOWN,MARKET_END,30,30,1.0000,15.0540,15,0.4734,15,0.5302,15,1.0036,-0.0540,0.00,0.0000,0.0000,-0.0540,106.96,RESOLVED
2025-12-20T21:45:08.241720+00:00,btc-updown-15m-1766267100,TRADE,UP,DIR_AVERAGE_DOWN,5,5,0.5201973138487525,2.600986569243762,5.0,0.5201973138487525,0.0,0.0,0,0,0.0,5.0,0,0,0,104.36310350172667,SUCCESS,BULLISH,average_down,0,88290.6,88290.6,0.0,3.592843393421953e-08
2025-12-20T21:45:13.891928+00:00,btc-updown-15m-1766267100,TRADE,UP,DIR_ACCUMULATE,5,5,0.5201195331041005,2.6005976655205028,10.0,0.5201584234764265,0.0,0.0,0,0,0.0,10.0,0,0,0,101.76250583620617,SUCCESS,BULLISH,accumulate,0,88290.6,88290.6,0.0,0.009094946776354862
2025-12-20T21:45:19.295394+00:00,btc-updown-15m-1766267100,TRADE,DOWN,DIR_REBALANCE,5,5,0.500229776906669,2.501148884533345,10.0,0.5201584234764265,5.0,0.500229776906669,5,1.0203882003830955,-0.10194100191547761,5.0,0,0,0,99.26135695167282,SUCCESS,BULLISH,rebalance,0,88290.6,88290.6,0.0,3.3218707550894265e-08
2025-12-20T21:45:24.697547+00:00,btc-updown-15m-1766267100,TRADE,UP,DIR_ACCUMULATE,5,5,0.5100459095212007,2.550229547606003,15.0,0.5167875854913512,5.0,0.500229776906669,5,1.01701736239802,-0.08508681199010049,10.0,0,0,0,96.71112740406681,SUCCESS,BULLISH,accumulate,0,88290.59,88290.6,-1.1326234060379276e-05,1.615283026245684
2025-12-20T21:45:30.094060+00:00,btc-updown-15m-1766267100,TRADE,DOWN,DIR_REBALANCE,5,5,0.5001706981019952,2.500853490509976,15.0,0.5167875854913512,10.0,0.5002002375043321,10,1.0169878229956832,-0.16987822995683244,5.0,0,0,0,94.21027391355683,SUCCESS,BULLISH,rebalance,0,88290.59,88290.6,-1.1326234060379276e-05,1.678482789959671
2025-12-20T22:00:03.921526+00:00,btc-updown-15m-1766267100,RESOLUTION,UP,MARKET_END,25,25,1.0000,12.7538,15,0.5168,10,0.5002,10,1.0170,-0.1699,0.33,0.0000,0.0000,2.2462,109.21,RESOLVED
2025-12-20T22:00:12.025948+00:00,btc-updown-15m-1766268000,TRADE,DOWN,DIR_AVERAGE_DOWN,5,5,0.34008645895073986,1.7004322947536994,0.0,0.0,5.0,0.34008645895073986,0,0,0.0,5.0,0,0,0,107.50984161880314,SUCCESS,BEARISH,average_down,1,88229.07,88229.07,0.0,0.25843176926111106
2025-12-20T22:00:22.964887+00:00,btc-updown-15m-1766268000,TRADE,DOWN,DIR_ACCUMULATE,5,5,0.3700499412840884,1.850249706420442,0.0,0.0,10.0,0.35506820011741413,0,0,0.0,10.0,0,0,0,105.6595919123827,SUCCESS,BEARISH,accumulate,1,88229.08,88229.07,1.1334132837126482e-05,0.2025451304036498
2025-12-20T22:00:28.400876+00:00,btc-updown-15m-1766268000,TRADE,UP,DIR_REBALANCE,5,5,0.6500448236595905,3.2502241182979525,5.0,0.6500448236595905,10.0,0.35506820011741413,5,1.0051130237770045,-0.025565118885022553,5.0,0,0,0,102.40936779408474,SUCCESS,BEARISH,rebalance,1,88229.08,88229.07,1.1334132837126482e-05,0.1935713089970155
2025-12-20T22:00:39.229312+00:00,btc-updown-15m-1766268000,TRADE,DOWN,DIR_ACCUMULATE,5,5,0.27002857869220026,1.3501428934610014,5.0,0.6500448236595905,15.0,0.32672165964234284,5,0.9767664833019334,0.11616758349033307,10.0,0,0,0,101.05922490062375,SUCCESS,BEARISH,accumulate,1,88240.0,88229.07,0.012388207197461124,70.02071594679322
2025-12-20T22:00:44.635944+00:00,btc-updown-15m-1766268000,TRADE,UP,DIR_REBALANCE,5,5,0.7503612259688226,3.751806129844113,10.0,0.7002030248142066,15.0,0.32672165964234284,10,1.0269246844565494,-0.26924684456549386,5.0,0,0,0,97.30741877077963,SUCCESS,BEARISH,rebalance,1,88248.77,88229.07,0.022328241700832942,130.28062347536516
2025-12-20T22:11:03.105535+00:00,btc-updown-15m-1766268000,TRADE,UP,DIR_EMERGENCY,5,5,0.5901298322166111,2.9506491610830556,15.0,0.6635119606150081,15.0,0.32672165964234284,15,0.990233620257351,0.14649569613973568,0.0,0,0,0,94.35676960969658,SUCCESS,BEARISH,emergency,1,88218.56,88229.07,-0.011912173618070905,129.5409233018743
2025-12-20T22:15:00.039935+00:00,btc-updown-15m-1766268000,RESOLUTION,DOWN,MARKET_END,30,30,1.0000,14.8535,15,0.6635,15,0.3267,15,0.9902,0.1465,0.00,0.0000,0.0000,0.1465,109.36,RESOLVED
2025-12-20T22:15:07.783501+00:00,btc-updown-15m-1766268900,TRADE,DOWN,DIR_AVERAGE_DOWN,5,5,0.4701006128967707,2.3505030644838536,0.0,0.0,5.0,0.47010061289677074,0,0,0.0,5.0,0,0,0,107.00626654521272,SUCCESS,BEARISH,average_down,1,88180.49,88180.49,0.0,0.2177074780083871
2025-12-20T22:15:13.178899+00:00,btc-updown-15m-1766268900,TRADE,DOWN,DIR_ACCUMULATE,5,3,0.4602279078818295,1.3806837236454885,0.0,0.0,8.0,0.4663983485161678,0,0,0.0,8.0,0,0,0,105.62558282156724,SUCCESS,BEARISH,accumulate,1,88180.48,88180.49,-1.1340377003250067e-05,0.2950338743647124
2025-12-20T22:15:18.577656+00:00,btc-updown-15m-1766268900,TRADE,UP,DIR_REBALANCE,5,5,0.5801007556732363,2.9005037783661813,5.0,0.5801007556732363,8.0,0.4663983485161678,5,1.046499104189404,-0.2324955209470203,3.0,0,0,0,102.72507904320105,SUCCESS,BEARISH,rebalance,1,88180.49,88180.49,0.0,0.2228802559220322
2025-12-20T22:15:23.992119+00:00,btc-updown-15m-1766268900,TRADE,DOWN,DIR_ACCUMULATE,5,5,0.4400824023963087,2.2004120119815433,5.0,0.5801007556732363,13.0,0.4562768307777604,5,1.0363775864509965,-0.18188793225498268,8.0,0,0,0,100.52466703121951,SUCCESS,BEARISH,accumulate,1,88180.48,88180.49,-1.1340377003250067e-05,0.3024663789065844
2025-12-20T22:15:29.541287+00:00,btc-updown-15m-1766268900,TRADE,UP,DIR_REBALANCE,5,5,0.5802534003328081,2.9012670016640407,10.0,0.5801770780030222,13.0,0.4562768307777604,10,1.0364539087807825,-0.36453908780782474,3.0,0,0,0,97.62340002955547,SUCCESS,BEARISH,rebalance,1,88180.49,88180.49,0.0,0.22975176414967227
2025-12-20T22:15:35.047229+00:00,btc-updown-15m-1766268900,TRADE,DOWN,DIR_ACCUMULATE,2,2,0.44010854612342903,0.8802170922468581,10.0,0.5801770780030222,15.0,0.45412105949051623,10,1.0342981374935385,-0.34298137493538494,5.0,0,0,0,96.74318293730862,SUCCESS,BEARISH,accumulate,1,88180.49,88180.49,0.0,0.2522972219320814
2025-12-20T22:25:04.323536+00:00,btc-updown-15m-1766268900,TRADE,UP,DIR_EMERGENCY,5,5,0.28005089549865014,1.4002544774932506,15.0,0.48013501716823154,15.0,0.45412105949051623,15,0.9342560766587478,0.9861588501187835,0.0,0,0,0,95.34292845981537,SUCCESS,BEARISH,emergency,1,88154.07,88180.49,-0.029961276014681085,6546.179178911026
2025-12-20T22:30:04.118083+00:00,btc-updown-15m-1766268900,RESOLUTION,UP,MARKET_END,30,30,1.0000,14.0138,15,0.4801,15,0.4541,15,0.9343,0.9862,0.00,0.0000,0.0000,0.9862,110.34,RESOLVED
2025-12-20T22:30:17.420224+00:00,btc-updown-15m-1766269800,TRADE,DOWN,DIR_AVERAGE_DOWN,5,5,0.44010316562461366,2.200515828123068,0.0,0.0,5.0,0.4401031656246136,0,0,0.0,5.0,0,0,0,108.1424126316923,SUCCESS,BEARISH,average_down,1,88225.91,88211.65,0.016165665192760043,77.06891902939307
2025-12-20T22:30:22.822943+00:00,btc-updown-15m-1766269800,TRADE,DOWN,DIR_ACCUMULATE,5,5,0.480229349020126,2.40114674510063,0.0,0.0,10.0,0.4601662573223698,0,0,0.0,10.0,0,0,0,105.74126588659166,SUCCESS,BEARISH,accumulate,1,88219.14,88211.65,0.008490941956085437,41.50540799882703
2025-12-20T22:30:28.231877+00:00,btc-updown-15m-1766269800,TRADE,UP,DIR_REBALANCE,5,5,0.5300071293701353,2.6500356468506765,5.0,0.5300071293701353,10.0,0.4601662573223698,5,0.9901733866925051,0.04913306653747451,5.0,0,0,0,103.09123023974098,SUCCESS,BEARISH,rebalance,1,88219.15,88211.65,0.008502278327182408,41.540989473947896
2025-12-20T22:30:33.645362+00:00,btc-updown-15m-1766269800,TRADE,DOWN,DIR_ACCUMULATE,5,5,0.42991150089413194,2.1495575044706596,5.0,0.5300071293701353,15.0,0.4500813385129572,5,0.9800884678830925,0.09955766058453774,10.0,0,0,0,100.94167273527032,SUCCESS,BEARISH,accumulate,1,88219.14,88211.65,0.008490941956085437,41.73957405826086
2025-12-20T22:30:39.052833+00:00,btc-updown-15m-1766269800,TRADE,UP,DIR_REBALANCE,5,5,0.6300365078539799,3.1501825392698994,10.0,0.5800218186120576,15.0,0.4500813385129572,10,1.0301031571250148,-0.3010315712501477,5.0,0,0,0,97.79149019600041,SUCCESS,BEARISH,rebalance,1,88219.15,88211.65,0.008502278327182408,40.12916925518042
2025-12-20T22:45:03.748838+00:00,btc-updown-15m-1766269800,RESOLUTION,UP,MARKET_END,25,25,1.0000,12.5514,10,0.5800,15,0.4501,10,1.0301,-0.3010,0.33,0.0000,0.0000,-2.5514,107.79,RESOLVED
2025-12-20T22:45:11.513426+00:00,btc-updown-15m-1766270700,TRADE,UP,DIR_AVERAGE_DOWN,5,5,0.5001413377185041,2.5007066885925204,5.0,0.5001413377185041,0.0,0.0,0,0,0.0,5.0,0,0,0,105.2907835074079,SUCCESS,BULLISH,average_down,2,88255.62,88255.62,0.0,0.34681744330194586
2025-12-20T22:45:16.919610+00:00,btc-updown-15m-1766270700,TRADE,UP,DIR_ACCUMULATE,5,4,0.5102511696811954,2.0410046787247818,9.0,0.5046345963685891,0.0,0.0,0,0,0.0,9.0,0,0,0,103.24977882868312,SUCCESS,BULLISH,accumulate,2,88255.62,88255.62,0.0,0.2170058057785025
2025-12-20T22:45:22.426194+00:00,btc-updown-15m-1766270700,TRADE,DOWN,DIR_REBALANCE,5,5,0.510131119337624,2.55065559668812,9.0,0.5046345963685891,5.0,0.510131119337624,5,1.014765715706213,-0.0738285785310655,4.0,0,0,0,100.699123231995,SUCCESS,BULLISH,rebalance,2,88255.63,88255.62,1.133072319849232e-05,2.148871208203557
2025-12-20T22:45:28.204651+00:00,btc-updown-15m-1766270700,TRADE,UP,DIR_ACCUMULATE,5,5,0.5000882885686112,2.500441442843056,14.0,0.5030109150114541,5.0,0.510131119337624,5,1.013142034349078,-0.06571017174539007,9.0,0,0,0,98.19868178915195,SUCCESS,BULLISH,accumulate,2,88255.63,88255.62,1.133072319849232e-05,2.013777430563172
2025-12-20T22:45:33.618446+00:00,btc-updown-15m-1766270700,TRADE,DOWN,DIR_REBALANCE,5,5,0.510000587301317,2.5500029365065853,14.0,0.5030109150114541,10.0,0.5100658533194705,10,1.0130767683309245,-0.13076768330924526,4.0,0,0,0,95.64867885264536,SUCCESS,BULLISH,rebalance,2,88255.63,88255.62,1.133072319849232e-05,1.5856286054360327
2025-12-20T22:45:39.043187+00:00,btc-updown-15m-1766270700,TRADE,UP,DIR_ACCUMULATE,1,1,0.500004141636375,0.500004141636375,15.0,0.5028104634531155,10.0,0.5100658533194705,10,1.012876316772586,-0.1287631677258605,5.0,0,0,0,95.14867471100898,SUCCESS,BULLISH,accumulate,2,88255.63,88255.62,1.133072319849232e-05,1.620185231753819
2025-12-20T22:55:06.248090+00:00,btc-updown-15m-1766270700,TRADE,DOWN,DIR_EMERGENCY,5,2,0.040013654893934804,0.08002730978786961,15.0,0.5028104634531155,12.0,0.4317238202485479,12,0.9345342837016635,0.7855885955800384,3.0,0,0,0,95.06864740122111,SUCCESS,BULLISH,emergency,2,88322.09,88255.62,0.0753153170302369,433.8419552433986
2025-12-20T22:55:11.709675+00:00,btc-updown-15m-1766270700,TRADE,DOWN,DIR_EMERGENCY,3,3,0.03001407547575637,0.09004222642726911,15.0,0.5028104634531155,15.0,0.3513818712939896,15,0.8541923347471052,2.1871149787934216,0.0,0,0,0,94.97860517479384,SUCCESS,BULLISH,emergency,2,88322.1,88255.62,0.07532664775343541,433.137245612381
2025-12-20T23:00:02.356869+00:00,btc-updown-15m-1766270700,RESOLUTION,DOWN,MARKET_END,30,30,1.0000,12.8129,15,0.5028,15,0.3514,15,0.8542,2.1871,0.00,0.0000,0.0000,2.1871,109.98,RESOLVED
2025-12-20T23:00:10.273081+00:00,btc-updown-15m-1766271600,TRADE,UP,DIR_AVERAGE_DOWN,5,5,0.400082931976342,2.00041465988171,5.0,0.400082931976342,0.0,0.0,0,0,0.0,5.0,0,0,0,107.97819051491213,SUCCESS,BULLISH,average_down,2,88252.78,88252.78,0.0,0.15081995656534192
2025-12-20T23:00:15.655383+00:00,btc-updown-15m-1766271600,TRADE,UP,DIR_ACCUMULATE,5,5,0.3801113349468614,1.900556674734307,10.0,0.3900971334616017,0.0,0.0,0,0,0.0,10.0,0,0,0,106.07763384017782,SUCCESS,BULLISH,accumulate,2,88252.79,88252.78,1.1331087807954957e-05,0.19752547758480457
2025-12-20T23:00:26.595709+00:00,btc-updown-15m-1766271600,TRADE,DOWN,DIR_REBALANCE,5,5,0.6002887719789004,3.001443859894502,10.0,0.3900971334616017,5.0,0.6002887719789004,5,0.9903859054405021,0.04807047279748955,5.0,0,0,0,103.07618998028332,SUCCESS,BULLISH,rebalance,2,88253.39,88252.78,0.0006911963566480083,3.604418703503569
2025-12-20T23:00:32.008735+00:00,btc-updown-15m-1766271600,TRADE,UP,DIR_ACCUMULATE,5,5,0.42015892208800615,2.1007946104400306,15.0,0.40011772967040315,5.0,0.6002887719789004,5,1.0004065016493036,-0.0020325082465177946,10.0,0,0,0,100.97539536984328,SUCCESS,BULLISH,accumulate,2,88255.18,88252.78,0.002719461075327235,13.99409002763423
2025-12-20T23:00:37.431309+00:00,btc-updown-15m-1766271600,TRADE,DOWN,DIR_REBALANCE,5,4,0.5400152620246625,2.16006104809865,15.0,0.40011772967040315,9.0,0.5735005453325724,9,0.9736182750029756,0.23743552497321962,6.0,0,0,0,98.81533432174463,SUCCESS,BULLISH,rebalance,2,88269.24,88252.78,0.01865097054167178,99.0116563170401
2025-12-20T23:00:42.818581+00:00,btc-updown-15m-1766271600,TRADE,DOWN,DIR_REBALANCE,5,3,0.5401501617254815,1.6204504851764443,15.0,0.40011772967040315,12.0,0.5651629494307997,12,0.9652806791012029,0.41663185078556575,3.0,0,0,0,97.19488383656818,SUCCESS,BULLISH,rebalance,2,88269.24,88252.78,0.01865097054167178,99.19602095489037
2025-12-20T23:10:02.496679+00:00,btc-updown-15m-1766271600,TRADE,DOWN,DIR_EMERGENCY,3,3,0.24010923228837722,0.7203276968651317,15.0,0.40011772967040315,15.0,0.5001522060023152,15,0.9002699356727184,1.495950964909224,0.0,0,0,0,96.47455613970305,SUCCESS,BULLISH,emergency,2,88308.43,88252.78,0.0630575036842966,340.7662454626223
2025-12-20T23:15:00.426212+00:00,btc-updown-15m-1766271600,RESOLUTION,DOWN,MARKET_END,30,30,1.0000,13.5040,15,0.4001,15,0.5002,15,0.9003,1.4960,0.00,0.0000,0.0000,1.4960,111.47,RESOLVED
2025-12-20T23:15:07.758339+00:00,btc-updown-15m-1766272500,TRADE,UP,DIR_AVERAGE_DOWN,5,5,0.4798164648656625,2.3990823243283126,5.0,0.47981646486566254,0.0,0.0,0,0,0.0,5.0,0,0,0,109.07547381537474,SUCCESS,BULLISH,average_down,2,88330.33,88330.33,0.0,0.16698689804633515
2025-12-20T23:15:13.164699+00:00,btc-updown-15m-1766272500,TRADE,UP,DIR_ACCUMULATE,5,5,0.4701987725667988,2.350993862833994,10.0,0.4750076187162307,0.0,0.0,0,0,0.0,10.0,0,0,0,106.72447995254075,SUCCESS,BULLISH,accumulate,2,88330.33,88330.33,0.0,0.16407774816303802
2025-12-20T23:15:23.986248+00:00,btc-updown-15m-1766272500,TRADE,DOWN,DIR_REBALANCE,5,5,0.5300208784847132,2.6501043924235663,10.0,0.4750076187162307,5.0,0.5300208784847132,5,1.005028497200944,-0.02514248600472002,5.0,0,0,0,104.07437556011718,SUCCESS,BULLISH,rebalance,2,88330.33,88330.33,0.0,0.16834347302793448
2025-12-20T23:15:29.402128+00:00,btc-updown-15m-1766272500,TRADE,UP,DIR_ACCUMULATE,5,5,0.48017806418943365,2.4008903209471684,15.0,0.47673110054063167,5.0,0.5300208784847132,5,1.006751979025345,-0.03375989512672484,10.0,0,0,0,101.67348523917,SUCCESS,BULLISH,accumulate,2,88330.33,88330.33,0.0,0.17206252074994932
2025-12-20T23:15:34.808319+00:00,btc-updown-15m-1766272500,TRADE,DOWN,DIR_REBALANCE,5,5,0.5400598365319152,2.700299182659576,15.0,0.47673110054063167,10.0,0.5350403575083142,10,1.0117714580489459,-0.1177145804894586,5.0,0,0,0,98.97318605651043,SUCCESS,BULLISH,rebalance,2,88330.33,88330.33,0.0,0.168339578997398
2025-12-20T23:30:03.880278+00:00,btc-updown-15m-1766272500,RESOLUTION,UP,MARKET_END,25,25,1.0000,12.5014,15,0.4767,10,0.5350,10,1.0118,-0.1177,0.33,0.0000,0.0000,2.4986,113.97,RESOLVED
2025-12-20T23:30:11.389649+00:00,btc-updown-15m-1766273400,TRADE,DOWN,DIR_AVERAGE_DOWN,5,5,0.5101464145225008,2.5507320726125036,0.0,0.0,5.0,0.5101464145225008,0,0,0.0,5.0,0,0,0,111.42245398389792,SUCCESS,BEARISH,average_down,3,88284.17,88284.17,0.0,0.012893411664010373
2025-12-20T23:30:16.847223+00:00,btc-updown-15m-1766273400,TRADE,DOWN,DIR_ACCUMULATE,5,5,0.5100446101747355,2.550223050873677,0.0,0.0,10.0,0.510095512348618,0,0,0.0,10.0,0,0,0,108.87223093302424,SUCCESS,BEARISH,accumulate,3,88284.18,88284.17,1.1327058967379214e-05,1.63761628607956
2025-12-20T23:30:22.290538+00:00,btc-updown-15m-1766273400,TRADE,UP,DIR_REBALANCE,5,5,0.6002223475324359,3.001111737662179,5.0,0.6002223475324359,10.0,0.510095512348618,5,1.110317859881054,-0.5515892994052696,5.0,0,0,0,105.87111919536206,SUCCESS,BEARISH,rebalance,3,88299.99,88284.17,0.01791940729578925,143.4905678784932
2025-12-20T23:30:27.709651+00:00,btc-updown-15m-1766273400,TRADE,DOWN,DIR_ACCUMULATE,5,5,0.4001490643915128,2.000745321957564,5.0,0.6002223475324359,15.0,0.4734466963629163,5,1.0736690438953522,-0.36834521947676113,10.0,0,0,0,103.87037387340449,SUCCESS,BEARISH,accumulate,3,88299.99,88284.17,0.01791940729578925,143.39643624117616
2025-12-20T23:30:38.516929+00:00,btc-updown-15m-1766273400,TRADE,UP,DIR_REBALANCE,5,5,0.6402798838733432,3.201399419366716,10.0,0.6202511157028895,15.0,0.4734466963629163,10,1.0936978120658059,-0.9369781206580585,5.0,0,0,0,100.66897445403777,SUCCESS,BEARISH,rebalance,3,88300.0,88284.17,0.01793073435475663,144.85997788294242
2025-12-20T23:45:03.549901+00:00,btc-updown-15m-1766273400,RESOLUTION,UP,MARKET_END,25,25,1.0000,13.3042,10,0.6203,15,0.4734,10,1.0937,-0.9370,0.33,0.0000,0.0000,-3.3042,110.67,RESOLVED
2025-12-20T23:45:10.720714+00:00,btc-updown-15m-1766274300,TRADE,DOWN,DIR_AVERAGE_DOWN,5,5,0.5202318481791429,2.6011592408957145,0.0,0.0,5.0,0.5202318481791429,0,0,0.0,5.0,0,0,0,108.06781521314205,SUCCESS,BEARISH,average_down,3,88321.07,88321.07,0.0,0.06223900573162634
2025-12-20T23:45:21.734981+00:00,btc-updown-15m-1766274300,TRADE,DOWN,DIR_ACCUMULATE,5,5,0.5000738971508912,2.5003694857544563,0.0,0.0,10.0,0.5101528726650171,0,0,0.0,10.0,0,0,0,105.5674457273876,SUCCESS,BEARISH,accumulate,3,88321.07,88321.07,0.0,0.062214754349284744
2025-12-20T23:45:27.150219+00:00,btc-updown-15m-1766274300,TRADE,UP,DIR_REBALANCE,5,5,0.5201125785681905,2.6005628928409523,5.0,0.5201125785681905,10.0,0.5101528726650171,5,1.0302654512332077,-0.15132725616603837,5.0,0,0,0,102.96688283454664,SUCCESS,BEARISH,rebalance,3,88321.07,88321.07,0.0,0.06254614701354719
2025-12-20T23:45:38.179123+00:00,btc-updown-15m-1766274300,TRADE,DOWN,DIR_ACCUMULATE,5,5,0.4601539803440581,2.3007699017202903,5.0,0.5201125785681905,15.0,0.4934865752246974,5,1.013599153792888,-0.06799576896443948,10.0,0,0,0,100.66611293282635,SUCCESS,BEARISH,accumulate,3,88321.08,88321.07,1.1322326591787564e-05,0.22521114470853357
2025-12-20T23:45:43.585133+00:00,btc-updown-15m-1766274300,TRADE,UP,DIR_REBALANCE,5,5,0.6202211022822435,3.1011055114112174,10.0,0.5701668404252169,15.0,0.4934865752246974,10,1.0636534156499144,-0.6365341564991445,5.0,0,0,0,97.56500742141513,SUCCESS,BEARISH,rebalance,3,88333.79,88321.07,0.014401999432283385,73.03520831725446
2025-12-21T00:00:02.424876+00:00,btc-updown-15m-1766274300,RESOLUTION,UP,MARKET_END,25,25,1.0000,13.1040,10,0.5702,15,0.4935,10,1.0637,-0.6365,0.33,0.0000,0.0000,-3.1040,107.57,RESOLVED
2025-12-21T00:00:10.102701+00:00,btc-updown-15m-1766275200,TRADE,UP,DIR_AVERAGE_DOWN,5,5,0.5000435911365373,2.5002179556826865,5.0,0.5000435911365373,0.0,0.0,0,0,0.0,5.0,0,0,0,105.06478946573245,SUCCESS,BULLISH,average_down,4,88374.87,88374.87,0.0,0.008369629215919598
2025-12-21T00:00:15.507842+00:00,btc-updown-15m-1766275200,TRADE,UP,DIR_ACCUMULATE,5,5,0.5200715564809544,2.600357782404772,10.0,0.5100575738087458,0.0,0.0,0,0,0.0,10.0,0,0,0,102.46443168332767,SUCCESS,BULLISH,accumulate,4,88388.0,88374.87,0.014857164712100461,123.42711350102186
2025-12-21T00:00:20.954987+00:00,btc-updown-15m-1766275200,TRADE,DOWN,DIR_REBALANCE,5,5,0.48009034837160314,2.400451741858016,10.0,0.5100575738087458,5.0,0.48009034837160314,5,0.990147922180349,0.04926038909825514,5.0,0,0,0,100.06397994146965,SUCCESS,BULLISH,rebalance,4,88388.0,88374.87,0.014857164712100461,124.71374669014827
2025-12-21T00:00:26.357025+00:00,btc-updown-15m-1766275200,TRADE,UP,DIR_ACCUMULATE,5,5,0.6401528786966932,3.200764393483466,15.0,0.5534226754380617,5.0,0.48009034837160314,5,1.0335130238096648,-0.16756511904832405,10.0,0,0,0,96.86321554798619,SUCCESS,BULLISH,accumulate,4,88389.99,88374.87,0.017108936058417845,134.16652059404618
2025-12-21T00:00:31.749041+00:00,btc-updown-15m-1766275200,TRADE,DOWN,DIR_REBALANCE,5,5,0.37002670210689337,1.8501335105344667,15.0,0.5534226754380617,10.0,0.4250585252392483,10,0.97848120067731,0.21518799322689963,5.0,0,0,0,95.01308203745172,SUCCESS,BULLISH,rebalance,4,88392.54,88374.87,0.019994371703175636,155.028473076016
2025-12-21T00:15:03.026212+00:00,btc-updown-15m-1766275200,RESOLUTION,DOWN,MARKET_END,25,25,1.0000,12.5519,15,0.5534,10,0.4251,10,0.9785,0.2152,0.33,0.0000,0.0000,-2.5519,105.01,RESOLVED
2025-12-21T00:15:10.167540+00:00,btc-updown-15m-1766276100,TRADE,DOWN,DIR_AVERAGE_DOWN,5,5,0.5002090380476512,2.5010451902382558,0.0,0.0,5.0,0.5002090380476512,0,0,0.0,5.0,0,0,0,102.51203684721347,SUCCESS,BEARISH,average_down,5,88326.48,88326.48,0.0,3.2859390682557574e-08
2025-12-21T00:15:15.572863+00:00,btc-updown-15m-1766276100,TRADE,DOWN,DIR_ACCUMULATE,5,5,0.5000964493087849,2.5004822465439247,0.0,0.0,10.0,0.500152743678218,0,0,0.0,10.0,0,0,0,100.01155460066954,SUCCESS,BEARISH,accumulate,5,88326.49,88326.48,1.1321633115361583e-05,1.809473350568588
2025-12-21T00:15:20.967446+00:00,btc-updown-15m-1766276100,TRADE,UP,DIR_REBALANCE,5,5,0.5100597089915152,2.550298544957576,5.0,0.5100597089915152,10.0,0.500152743678218,5,1.0102124526697334,-0.051062263348666814,5.0,0,0,0,97.46125605571197,SUCCESS,BEARISH,rebalance,5,88326.48,88326.48,0.0,0.00907052877796417
2025-12-21T00:15:26.385882+00:00,btc-updown-15m-1766276100,TRADE,DOWN,DIR_ACCUMULATE,5,5,0.5001026275029501,2.5005131375147505,5.0,0.5100597089915152,15.0,0.500136038286462,5,1.0101957472779772,-0.05097873638988615,10.0,0,0,0,94.96074291819723,SUCCESS,BEARISH,accumulate,5,88326.48,88326.48,0.0,0.008934110036734102
2025-12-21T00:15:31.800025+00:00,btc-updown-15m-1766276100,TRADE,UP,DIR_REBALANCE,5,5,0.5100279722578605,2.5501398612893023,10.0,0.5100438406246879,15.0,0.500136038286462,10,1.01017987891115,-0.1017987891115002,5.0,0,0,0,92.41060305690793,SUCCESS,BEARISH,rebalance,5,88326.48,88326.48,0.0,3.362977368677503e-08
2025-12-21T00:30:00.686543+00:00,btc-updown-15m-1766276100,RESOLUTION,DOWN,MARKET_END,25,25,1.0000,12.6025,10,0.5100,15,0.5001,10,1.0102,-0.1018,0.33,0.0000,0.0000,2.3975,107.41,RESOLVED
2025-12-21T00:30:07.921059+00:00,btc-updown-15m-1766277000,TRADE,UP,DIR_AVERAGE_DOWN,5,5,0.5701984406412476,2.850992203206238,5.0,0.5701984406412476,0.0,0.0,0,0,0.0,5.0,0,0,0,104.5596108537017,SUCCESS,BULLISH,average_down,6,88420.0,88420.0,0.0,0.15350218540342692
2025-12-21T00:30:13.467192+00:00,btc-updown-15m-1766277000,TRADE,UP,DIR_ACCUMULATE,5,5,0.48017814210052734,2.4008907105026367,10.0,0.5251882913708874,0.0,0.0,0,0,0.0,10.0,0,0,0,102.15872014319906,SUCCESS,BULLISH,accumulate,6,88420.0,88420.0,0.0,0.14857845358487
2025-12-21T00:30:18.937210+00:00,btc-updown-15m-1766277000,TRADE,DOWN,DIR_REBALANCE,5,5,0.5300954439308251,2.6504772196541255,10.0,0.5251882913708874,5.0,0.5300954439308251,5,1.0552837353017126,-0.276418676508563,5.0,0,0,0,99.50824292354494,SUCCESS,BULLISH,rebalance,6,88420.0,88420.0,0.0,0.14600980336432645
2025-12-21T00:30:24.336725+00:00,btc-updown-15m-1766277000,TRADE,UP,DIR_ACCUMULATE,5,5,0.5302570252452222,2.651285126226111,15.0,0.526877869328999,5.0,0.5300954439308251,5,1.056973313259824,-0.2848665662991201,10.0,0,0,0,96.85695779731883,SUCCESS,BULLISH,accumulate,6,88420.0,88420.0,0.0,0.14391733055057837
2025-12-21T00:30:29.759725+00:00,btc-updown-15m-1766277000,TRADE,DOWN,DIR_REBALANCE,5,5,0.4701568432411027,2.3507842162055135,15.0,0.526877869328999,10.0,0.500126143585964,10,1.0270040129149631,-0.27004012914963127,5.0,0,0,0,94.50617358111332,SUCCESS,BULLISH,rebalance,6,88420.0,88420.0,0.0,0.14302947914346478
2025-12-21T00:36:25.426261+00:00,btc-updown-15m-1766277000,TRADE,DOWN,DIR_ACCUMULATE,5,5,0.7701024489762915,3.8505122448814575,15.0,0.526877869328999,15.0,0.5901182453827398,15,1.1169961147117389,-1.7549417206760831,0.0,0,0,0,90.65566133623186,SUCCESS,BEARISH,accumulate,7,88366.43,88420.0,-0.06058584030763061,435.1019073949465
2025-12-21T00:45:01.163585+00:00,btc-updown-15m-1766277000,RESOLUTION,UP,MARKET_END,30,30,1.0000,16.7549,15,0.5269,15,0.5901,15,1.1170,-1.7549,0.00,0.0000,0.0000,-1.7549,105.66,RESOLVED
2025-12-21T00:45:08.933536+00:00,btc-updown-15m-1766277900,TRADE,DOWN,DIR_AVERAGE_DOWN,5,5,0.4402194978726802,2.201097489363401,0.0,0.0,5.0,0.4402194978726802,0,0,0.0,5.0,0,0,0,103.45456384686845,SUCCESS,BEARISH,average_down,7,88339.99,88339.99,0.0,0.10322764913424597
2025-12-21T00:45:14.369726+00:00,btc-updown-15m-1766277900,TRADE,DOWN,DIR_ACCUMULATE,5,5,0.47011655865066154,2.3505827932533077,0.0,0.0,10.0,0.4551680282616709,0,0,0.0,10.0,0,0,0,101.10398105361514,SUCCESS,BEARISH,accumulate,7,88340.0,88339.99,1.131990166034806e-05,0.00279174702295477
2025-12-21T00:45:19.771652+00:00,btc-updown-15m-1766277900,TRADE,UP,DIR_REBALANCE,5,5,0.5500362746090657,2.7501813730453284,5.0,0.5500362746090657,10.0,0.4551680282616709,5,1.0052043028707365,-0.026021514353682385,5.0,0,0,0,98.35379968056982,SUCCESS,BEARISH,rebalance,7,88339.99,88339.99,0.0,0.10091232723472585
2025-12-21T00:45:25.174616+00:00,btc-updown-15m-1766277900,TRADE,DOWN,DIR_ACCUMULATE,5,5,0.4800563319825111,2.4002816599125554,5.0,0.5500362746090657,15.0,0.4634641295019509,5,1.0135004041110167,-0.06750202055508359,10.0,0,0,0,95.95351802065727,SUCCESS,BEARISH,accumulate,7,88339.99,88339.99,0.0,0.10463512005057739
2025-12-21T00:45:30.587743+00:00,btc-updown-15m-1766277900,TRADE,UP,DIR_REBALANCE,5,5,0.5401650062768261,2.7008250313841304,10.0,0.5451006404429458,15.0,0.4634641295019509,10,1.0085647699448967,-0.08564769944896744,5.0,0,0,0,93.25269298927314,SUCCESS,BEARISH,rebalance,7,88340.0,88339.99,1.131990166034806e-05,0.008889962068823734
2025-12-21T00:55:02.583918+00:00,btc-updown-15m-1766277900,TRADE,UP,DIR_EMERGENCY,5,5,0.6002283503571505,3.0011417517857524,15.0,0.5634765437476807,15.0,0.4634641295019509,15,1.0269406732496318,-0.4041100987444768,0.0,0,0,0,90.25155123748739,SUCCESS,BEARISH,emergency,7,88342.0,88339.99,0.002275300234915989,66.75456533259215
2025-12-21T01:00:05.130886+00:00,btc-updown-15m-1766277900,RESOLUTION,UP,MARKET_END,30,30,1.0000,15.4041,15,0.5635,15,0.4635,15,1.0269,-0.4041,0.00,0.0000,0.0000,-0.4041,105.25,RESOLVED
2025-12-21T01:00:12.329287+00:00,btc-updown-15m-1766278800,TRADE,DOWN,DIR_AVERAGE_DOWN,5,5,0.6700287176064295,3.3501435880321475,0.0,0.0,5.0,0.6700287176064295,0,0,0.0,5.0,0,0,0,101.90140764945524,SUCCESS,BEARISH,average_down,7,88373.47,88373.47,0.0,0.04531721548292079
2025-12-21T01:00:17.737854+00:00,btc-updown-15m-1766278800,TRADE,DOWN,DIR_ACCUMULATE,5,5,0.6700483955581941,3.3502419777909704,0.0,0.0,10.0,0.6700385565823118,0,0,0.0,10.0,0,0,0,98.55116567166426,SUCCESS,BEARISH,accumulate,7,88373.47,88373.47,0.0,0.036624765352692365
2025-12-21T01:00:23.167562+00:00,btc-updown-15m-1766278800,TRADE,UP,DIR_REBALANCE,5,5,0.3400385149886198,1.700192574943099,5.0,0.3400385149886198,10.0,0.6700385565823118,5,1.0100770715709317,-0.0503853578546587,5.0,0,0,0,96.85097309672116,SUCCESS,BEARISH,rebalance,7,88373.47,88373.47,0.0,0.010931370354174007
2025-12-21T01:00:28.581092+00:00,btc-updown-15m-1766278800,TRADE,DOWN,DIR_ACCUMULATE,5,5,0.670039360139987,3.350196800699935,5.0,0.3400385149886198,15.0,0.6700388244348702,5,1.01007733942349,-0.050386697117450474,10.0,0,0,0,93.50077629602123,SUCCESS,BEARISH,accumulate,7,88369.05,88373.47,-0.005001501016083507,38.857629561045854
2025-12-21T01:00:33.987060+00:00,btc-updown-15m-1766278800,TRADE,UP,DIR_REBALANCE,5,3,0.34003579445419474,1.0201073833625842,8.0,0.34003749478821044,15.0,0.6700388244348702,8,1.0100763192230806,-0.08061055378464488,7.0,0,0,0,92.48066891265864,SUCCESS,BEARISH,rebalance,7,88359.85,88373.47,-0.0154118651219595,103.44972763141988
2025-12-21T01:00:39.389496+00:00,btc-updown-15m-1766278800,TRADE,UP,DIR_REBALANCE,5,5,0.34015002633531094,1.7007501316765548,13.0,0.34008077615247984,15.0,0.6700388244348702,13,1.01011960058735,-0.13155480763555083,2.0,0,0,0,90.77991878098209,SUCCESS,BEARISH,rebalance,7,88359.86,88373.47,-0.015400549508806866,103.98682085804532
2025-12-21T01:10:05.206951+00:00,btc-updown-15m-1766278800,TRADE,UP,DIR_EMERGENCY,2,2,0.04001810761943287,0.08003621523886574,15.0,0.3000724203480736,15.0,0.6700388244348702,15,0.9701112447829437,0.44833132825584376,0.0,0,0,0,90.69988256574322,SUCCESS,BEARISH,emergency,7,88338.46,88373.47,-0.03961596166812819,293.8071514747118
2025-12-21T01:15:03.731348+00:00,btc-updown-15m-1766278800,RESOLUTION,DOWN,MARKET_END,30,30,1.0000,14.5517,15,0.3001,15,0.6700,15,0.9701,0.4483,0.00,0.0000,0.0000,0.4483,105.70,RESOLVED
2025-12-21T01:15:10.781898+00:00,btc-updown-15m-1766279700,TRADE,DOWN,DIR_AVERAGE_DOWN,5,5,0.4500944754028494,2.250472377014247,0.0,0.0,5.0,0.4500944754028494,0,0,0.0,5.0,0,0,0,103.44941018872898,SUCCESS,BEARISH,average_down,7,88300.65,88300.65,0.0,0.11655342930645572
2025-12-21T01:15:16.180202+00:00,btc-updown-15m-1766279700,TRADE,DOWN,DIR_ACCUMULATE,5,5,0.4300055805969085,2.150027902984543,0.0,0.0,10.0,0.44005002799987897,0,0,0.0,10.0,0,0,0,101.29938228574443,SUCCESS,BEARISH,accumulate,7,88300.64,88300.65,-1.1324944940678592e-05,1.674386820182593
2025-12-21T01:15:21.605076+00:00,btc-updown-15m-1766279700,TRADE,UP,DIR_REBALANCE,5,5,0.6001879660890702,3.000939830445351,5.0,0.6001879660890702,10.0,0.44005002799987897,5,1.0402379940889492,-0.20118997044474618,5.0,0,0,0,98.29844245529908,SUCCESS,BEARISH,rebalance,7,88300.65,88300.65,0.0,2.4652279179322636e-08
2025-12-21T01:15:27.072082+00:00,btc-updown-15m-1766279700,TRADE,DOWN,DIR_ACCUMULATE,5,5,0.410098989461994,2.05049494730997,5.0,0.6001879660890702,15.0,0.4300663484872506,5,1.0302543145763208,-0.15127157288160387,10.0,0,0,0,96.24794750798911,SUCCESS,BEARISH,accumulate,7,88300.65,88300.65,0.0,0.007814391079392472
2025-12-21T01:15:32.497642+00:00,btc-updown-15m-1766279700,TRADE,UP,DIR_REBALANCE,5,5,0.6000109299106956,3.000054649553478,10.0,0.6000994479998829,15.0,0.4300663484872506,10,1.0301657964871336,-0.3016579648713358,5.0,0,0,0,93.24789285843563,SUCCESS,BEARISH,rebalance,7,88300.64,88300.65,-1.1324944940678592e-05,2.4224897707302926
2025-12-21T01:25:04.077913+00:00,btc-updown-15m-1766279700,TRADE,UP,DIR_EMERGENCY,5,5,0.5000917123313141,2.5004585616565707,15.0,0.5667635361103599,15.0,0.4300663484872506,15,0.9968298845976105,0.04755173103584309,0.0,0,0,0,90.74743429677906,SUCCESS,BEARISH,emergency,7,88293.72,88300.65,-0.007848186847993776,88.28827817989021
2025-12-21T01:30:00.089229+00:00,btc-updown-15m-1766279700,RESOLUTION,UP,MARKET_END,30,30,1.0000,14.9524,15,0.5668,15,0.4301,15,0.9968,0.0476,0.00,0.0000,0.0000,0.0476,105.75,RESOLVED
2025-12-21T01:30:07.312233+00:00,btc-updown-15m-1766280600,TRADE,DOWN,DIR_AVERAGE_DOWN,5,5,0.5700750668463714,2.850375334231857,0.0,0.0,5.0,0.5700750668463714,0,0,0.0,5.0,0,0,0,102.8970589625472,SUCCESS,BEARISH,average_down,7,88275.44,88275.44,0.0,0.2471271630405571
2025-12-21T01:30:12.850851+00:00,btc-updown-15m-1766280600,TRADE,DOWN,DIR_ACCUMULATE,5,5,0.5001742904405609,2.5008714522028046,0.0,0.0,10.0,0.5351246786434661,0,0,0.0,10.0,0,0,0,100.3961875103444,SUCCESS,BEARISH,accumulate,7,88275.44,88275.44,0.0,0.24691064163251997
2025-12-21T01:30:18.371626+00:00,btc-updown-15m-1766280600,TRADE,UP,DIR_REBALANCE,5,5,0.4497850870513755,2.2489254352568775,5.0,0.4497850870513755,10.0,0.5351246786434661,5,0.9849097656948416,0.07545117152579217,5.0,0,0,0,98.14726207508753,SUCCESS,BEARISH,rebalance,7,88267.1,88275.44,-0.009447701421818467,81.64223963558327
2025-12-21T01:30:23.784451+00:00,btc-updown-15m-1766280600,TRADE,DOWN,DIR_ACCUMULATE,5,5,0.6402641338344826,3.2013206691724125,5.0,0.4497850870513755,15.0,0.5701711637071383,5,1.0199562507585138,-0.09978125379256908,10.0,0,0,0,94.94594140591511,SUCCESS,BEARISH,accumulate,7,88267.1,88275.44,-0.009447701421818467,82.197240743339
2025-12-21T01:30:34.603619+00:00,btc-updown-15m-1766280600,TRADE,UP,DIR_REBALANCE,5,5,0.35013497192192694,1.7506748596096346,10.0,0.3999600294866512,15.0,0.5701711637071383,10,0.9701311931937895,0.2986880680621051,5.0,0,0,0,93.19526654630548,SUCCESS,BEARISH,rebalance,7,88267.1,88275.44,-0.009447701421818467,80.23347606391498
2025-12-21T01:45:03.380285+00:00,btc-updown-15m-1766280600,RESOLUTION,DOWN,MARKET_END,25,25,1.0000,12.5522,10,0.4000,15,0.5702,10,0.9701,0.2987,0.33,0.0000,0.0000,2.4478,108.20,RESOLVED
2025-12-21T01:45:11.085165+00:00,btc-updown-15m-1766281500,TRADE,DOWN,DIR_AVERAGE_DOWN,5,1,0.460148526585362,0.460148526585362,0.0,0.0,1.0,0.460148526585362,0,0,0.0,1.0,0,0,0,107.73511801972012,SUCCESS,BEARISH,average_down,7,88106.87,88106.87,0.0,0.27033700983113473
2025-12-21T01:45:38.127135+00:00,btc-updown-15m-1766281500,TRADE,DOWN,DIR_AVERAGE_DOWN,5,5,0.41018246503753736,2.050912325187687,0.0,0.0,6.0,0.41851014196217484,0,0,0.0,6.0,0,0,0,105.68420569453244,SUCCESS,BEARISH,average_down,7,88115.39,88106.87,0.009670074535622563,56.314800171577915
2025-12-21T01:45:43.530254+00:00,btc-updown-15m-1766281500,TRADE,UP,DIR_REBALANCE,5,5,0.640164254174341,3.200821270871705,5.0,0.640164254174341,6.0,0.41851014196217484,5,1.058674396136516,-0.29337198068257964,1.0,0,0,0,102.48338442366074,SUCCESS,BEARISH,rebalance,7,88124.19,88106.87,0.019657944948001202,114.71983652253104
2025-12-21T01:45:48.985398+00:00,btc-updown-15m-1766281500,TRADE,DOWN,DIR_AVERAGE_DOWN,5,5,0.3701598763872938,1.850799381936469,5.0,0.640164254174341,11.0,0.3965327485190471,5,1.036697002693388,-0.18348501346693968,6.0,0,0,0,100.63258504172427,SUCCESS,BEARISH,average_down,7,88124.2,88106.87,0.019669294800736592,113.54317284904023
2025-12-21T01:45:54.388553+00:00,btc-updown-15m-1766281500,TRADE,UP,DIR_REBALANCE,5,5,0.6602162242167414,3.301081121083707,10.0,0.6501902391955412,11.0,0.3965327485190471,10,1.0467229877145883,-0.4672298771458827,1.0,0,0,0,97.33150392064056,SUCCESS,BEARISH,rebalance,7,88124.2,88106.87,0.019669294800736592,114.20075261712587
2025-12-21T01:45:59.777529+00:00,btc-updown-15m-1766281500,TRADE,DOWN,DIR_AVERAGE_DOWN,4,4,0.360138468344947,1.440553873379788,10.0,0.6501902391955412,15.0,0.386827607139287,10,1.037017846334828,-0.37017846334828075,5.0,0,0,0,95.89095004726077,SUCCESS,BEARISH,average_down,7,88124.2,88106.87,0.019669294800736592,107.690650002799
2025-12-21T01:55:51.427466+00:00,btc-updown-15m-1766281500,TRADE,UP,DIR_EMERGENCY,5,5,0.5701106528165926,2.8505532640829627,15.0,0.6234970437358917,15.0,0.386827607139287,15,1.0103246508751786,-0.15486976312767964,0.0,0,0,0,93.04039678317781,SUCCESS,BEARISH,emergency,7,88108.23,88106.87,0.0015435799728223034,15.008596839668796
2025-12-21T02:00:03.726987+00:00,btc-updown-15m-1766281500,RESOLUTION,DOWN,MARKET_END,30,30,1.0000,15.1549,15,0.6235,15,0.3868,15,1.0103,-0.1549,0.00,0.0000,0.0000,-0.1549,108.04,RESOLVED
2025-12-21T02:00:11.290100+00:00,btc-updown-15m-1766282400,TRADE,DOWN,DIR_AVERAGE_DOWN,5,5,0.44004958125506133,2.2002479062753064,0.0,0.0,5.0,0.4400495812550613,0,0,0.0,5.0,0,0,0,105.8401488769025,SUCCESS,BEARISH,average_down,7,88027.06,88027.06,0.0,0.07090010231937359
2025-12-21T02:00:16.689574+00:00,btc-updown-15m-1766282400,TRADE,DOWN,DIR_ACCUMULATE,5,5,0.34008240193764133,1.7004120096882067,0.0,0.0,10.0,0.3900659915963513,0,0,0.0,10.0,0,0,0,104.1397368672143,SUCCESS,BEARISH,accumulate,7,88033.39,88027.06,0.007190970594725924,39.804300086304444
2025-12-21T02:00:22.104770+00:00,btc-updown-15m-1766282400,TRADE,UP,DIR_REBALANCE,5,5,0.6400235001592806,3.2001175007964027,5.0,0.6400235001592806,10.0,0.3900659915963513,5,1.0300894917556318,-0.15044745877815902,5.0,0,0,0,100.93961936641789,SUCCESS,BEARISH,rebalance,7,88034.51,88027.06,0.008463306624118866,46.27678848098984
2025-12-21T02:00:27.567663+00:00,btc-updown-15m-1766282400,TRADE,DOWN,DIR_ACCUMULATE,5,5,0.36002124653465284,1.8001062326732642,5.0,0.6400235001592806,15.0,0.38005107657578513,5,1.0200745767350656,-0.10037288367532815,10.0,0,0,0,99.13951313374463,SUCCESS,BEARISH,accumulate,7,88034.51,88027.06,0.008463306624118866,46.994220700796426
2025-12-21T02:00:33.103643+00:00,btc-updown-15m-1766282400,TRADE,UP,DIR_REBALANCE,5,5,0.6603118355372424,3.3015591776862117,10.0,0.6501676678482614,15.0,0.38005107657578513,10,1.0302187444240465,-0.30218744424046484,5.0,0,0,0,95.83795395605841,SUCCESS,BEARISH,rebalance,7,88041.68,88027.06,0.0166085292408895,114.79505804792385
2025-12-21T02:05:04.608930+00:00,btc-updown-15m-1766282400,TRADE,UP,DIR_ACCUMULATE,5,2,0.7403477815613625,1.480695563122725,12.0,0.6651976868004449,15.0,0.38005107657578513,12,1.04524876337623,-0.5429851605147595,3.0,0,0,0,94.35725839293569,SUCCESS,BULLISH,accumulate,8,88068.0,88027.06,0.04650842593175591,298.58892251976573
2025-12-21T02:05:10.020338+00:00,btc-updown-15m-1766282400,TRADE,UP,DIR_ACCUMULATE,3,3,0.7603207545230426,2.280962263569128,15.0,0.6842223003449645,15.0,0.38005107657578513,15,1.0642733769207495,-0.9641006538112429,0.0,0,0,0,92.07629612936657,SUCCESS,BULLISH,accumulate,8,88068.01,88027.06,0.04651978607486958,298.6598508934771
2025-12-21T02:15:03.049128+00:00,btc-updown-15m-1766282400,RESOLUTION,DOWN,MARKET_END,30,30,1.0000,15.9641,15,0.6842,15,0.3801,15,1.0643,-0.9641,0.00,0.0000,0.0000,-0.9641,107.08,RESOLVED
2025-12-21T02:15:10.374293+00:00,btc-updown-15m-1766283300,TRADE,UP,DIR_AVERAGE_DOWN,5,3,0.5100187765441754,1.5300563296325262,3.0,0.5100187765441754,0.0,0.0,0,0,0.0,3.0,0,0,0,105.54623979973404,SUCCESS,BULLISH,average_down,8,88003.59,88003.59,0.0,0.011220229282283545
2025-12-21T02:15:15.806795+00:00,btc-updown-15m-1766283300,TRADE,UP,DIR_ACCUMULATE,5,2,0.5101823983621817,1.0203647967243634,5.0,0.5100842252713779,0.0,0.0,0,0,0.0,5.0,0,0,0,104.52587500300967,SUCCESS,BULLISH,accumulate,8,88003.59,88003.59,0.0,0.011299952511812168
2025-12-21T02:15:21.206441+00:00,btc-updown-15m-1766283300,TRADE,UP,DIR_ACCUMULATE,5,5,0.5202393895726272,2.601196947863136,10.0,0.5151618074220025,0.0,0.0,0,0,0.0,10.0,0,0,0,101.92467805514654,SUCCESS,BULLISH,accumulate,8,88003.59,88003.59,0.0,0.0015416148119757694
2025-12-21T02:15:26.709727+00:00,btc-updown-15m-1766283300,TRADE,DOWN,DIR_REBALANCE,5,5,0.530105774433517,2.6505288721675853,10.0,0.5151618074220025,5.0,0.530105774433517,5,1.0452675818555195,-0.22633790927759745,5.0,0,0,0,99.27414918297896,SUCCESS,BULLISH,rebalance,8,88000.01,88003.59,-0.004068015861627629,31.7419056334193
2025-12-21T02:15:32.096493+00:00,btc-updown-15m-1766283300,TRADE,UP,DIR_ACCUMULATE,5,5,0.4900792085958337,2.4503960429791687,15.0,0.5068009411466129,5.0,0.530105774433517,5,1.03690671558013,-0.18453357790064961,10.0,0,0,0,96.8237531399998,SUCCESS,BULLISH,accumulate,8,88000.0,88003.59,-0.004079379034419514,34.02296017950506
2025-12-21T02:15:37.504098+00:00,btc-updown-15m-1766283300,TRADE,DOWN,DIR_REBALANCE,5,5,0.5402623324874316,2.701311662437158,15.0,0.5068009411466129,10.0,0.5351840534604744,10,1.0419849946070872,-0.41984994607087156,5.0,0,0,0,94.12244147756263,SUCCESS,BULLISH,rebalance,8,88000.0,88003.59,-0.004079379034419514,33.000913381007656
2025-12-21T02:30:00.558305+00:00,btc-updown-15m-1766283300,RESOLUTION,UP,MARKET_END,25,25,1.0000,12.9539,15,0.5068,10,0.5352,10,1.0420,-0.4198,0.33,0.0000,0.0000,2.0461,109.12,RESOLVED
2025-12-21T02:30:07.955160+00:00,btc-updown-15m-1766284200,TRADE,DOWN,DIR_AVERAGE_DOWN,5,5,0.4501465176439441,2.25073258821972,0.0,0.0,5.0,0.45014651764394403,0,0,0.0,5.0,0,0,0,106.87170888934291,SUCCESS,BEARISH,average_down,9,87955.12,87955.12,0.0,0.2322701901200002
2025-12-21T02:30:13.380520+00:00,btc-updown-15m-1766284200,TRADE,DOWN,DIR_ACCUMULATE,5,5,0.4802365902146728,2.401182951073364,0.0,0.0,10.0,0.4651915539293084,0,0,0.0,10.0,0,0,0,104.47052593826955,SUCCESS,BEARISH,accumulate,9,87955.11,87955.12,-1.1369434769415711e-05,0.1494444248951212
2025-12-21T02:30:24.210568+00:00,btc-updown-15m-1766284200,TRADE,UP,DIR_REBALANCE,5,5,0.5402160055291574,2.701080027645787,5.0,0.5402160055291574,10.0,0.4651915539293084,5,1.0054075594584657,-0.02703779729232858,5.0,0,0,0,101.76944591062376,SUCCESS,BEARISH,rebalance,9,87955.12,87955.12,0.0,0.21769096847105596
2025-12-21T02:30:29.619980+00:00,btc-updown-15m-1766284200,TRADE,DOWN,DIR_ACCUMULATE,5,5,0.500236124877795,2.501180624388975,5.0,0.5402160055291574,15.0,0.47687307757880393,5,1.0170890831079613,-0.08544541553980656,10.0,0,0,0,99.26826528623478,SUCCESS,BEARISH,accumulate,9,87955.12,87955.12,0.0,2.820372333616287e-08
2025-12-21T02:30:40.559364+00:00,btc-updown-15m-1766284200,TRADE,UP,DIR_REBALANCE,5,5,0.4801580374063223,2.4007901870316113,10.0,0.5101870214677399,15.0,0.47687307757880393,10,0.9870600990465438,0.12939900953456207,5.0,0,0,0,96.86747509920316,SUCCESS,BEARISH,rebalance,9,87945.35,87955.12,-0.01110793777552634,100.87392889238454
2025-12-21T02:33:24.297689+00:00,btc-updown-15m-1766284200,TRADE,UP,DIR_ACCUMULATE,5,5,0.7201919711945058,3.6009598559725293,15.0,0.5801886713766619,15.0,0.47687307757880393,15,1.0570617489554657,-0.8559262343319851,0.0,0,0,0,93.26651524323063,SUCCESS,BULLISH,accumulate,10,88000.0,87955.12,0.051026023271873944,336.4559945097037
2025-12-21T02:45:01.890325+00:00,btc-updown-15m-1766284200,RESOLUTION,UP,MARKET_END,30,30,1.0000,15.8559,15,0.5802,15,0.4769,15,1.0571,-0.8559,0.00,0.0000,0.0000,-0.8559,108.27,RESOLVED
2025-12-21T02:45:09.331650+00:00,btc-updown-15m-1766285100,TRADE,UP,DIR_AVERAGE_DOWN,5,5,0.5301523787158072,2.6507618935790362,5.0,0.5301523787158072,0.0,0.0,0,0,0.0,5.0,0,0,0,105.6157533496516,SUCCESS,BULLISH,average_down,10,87948.06,87948.06,0.0,0.012002764466443477
2025-12-21T02:45:14.837974+00:00,btc-updown-15m-1766285100,TRADE,UP,DIR_ACCUMULATE,5,5,0.5302397349163644,2.6511986745818223,10.0,0.5301960568160858,0.0,0.0,0,0,0.0,10.0,0,0,0,102.96455467506978,SUCCESS,BULLISH,accumulate,10,87948.07,87948.06,1.1370347463392854e-05,2.0816661591429595
2025-12-21T02:45:20.346834+00:00,btc-updown-15m-1766285100,TRADE,DOWN,DIR_REBALANCE,5,5,0.4800473598987886,2.400236799493943,10.0,0.5301960568160858,5.0,0.4800473598987886,5,1.0102434167148744,-0.051217083574371935,5.0,0,0,0,100.56431787557584,SUCCESS,BULLISH,rebalance,10,87948.07,87948.06,1.1370347463392854e-05,1.8952938658296585
2025-12-21T02:45:25.776119+00:00,btc-updown-15m-1766285100,TRADE,UP,DIR_ACCUMULATE,5,5,0.5101991656057842,2.550995828028921,15.0,0.5235304264126519,5.0,0.4800473598987886,5,1.0035777863114406,-0.017888931557202836,10.0,0,0,0,98.01332204754692,SUCCESS,BULLISH,accumulate,10,87944.15,87948.06,-0.004445805854050098,47.172157241329685
2025-12-21T02:45:31.299384+00:00,btc-updown-15m-1766285100,TRADE,DOWN,DIR_REBALANCE,5,4,0.5002292203860387,2.0009168815441547,15.0,0.5235304264126519,9.0,0.48901707567089975,9,1.0125475020835517,-0.11292751875196538,6.0,0,0,0,96.01240516600276,SUCCESS,BULLISH,rebalance,10,87944.14,87948.06,-0.004457176201496944,47.99331321932963
2025-12-21T02:45:36.771926+00:00,btc-updown-15m-1766285100,TRADE,DOWN,DIR_REBALANCE,5,5,0.5700769054335475,2.8503845271677375,15.0,0.5235304264126519,14.0,0.5179670148718454,14,1.0414974412844973,-0.580964177982962,1.0,0,0,0,93.16202063883503,SUCCESS,BULLISH,rebalance,10,87920.11,87948.06,-0.03178012113058217,166.98159364870907
2025-12-21T02:51:32.278668+00:00,btc-updown-15m-1766285100,TRADE,DOWN,DIR_AVERAGE_DOWN,1,1,0.24011131625862686,0.24011131625862686,15.0,0.5235304264126519,15.0,0.4994433016309641,15,1.022973728043616,-0.34460592065423956,0.0,0,0,0,92.92190932257641,SUCCESS,BEARISH,average_down,11,87985.49,87948.06,0.04255921051585171,123.63841357323577
2025-12-21T03:00:02.314192+00:00,btc-updown-15m-1766285100,RESOLUTION,UP,MARKET_END,30,30,1.0000,15.3446,15,0.5235,15,0.4994,15,1.0230,-0.3446,0.00,0.0000,0.0000,-0.3446,107.92,RESOLVED
2025-12-21T03:00:09.311860+00:00,btc-updown-15m-1766286000,TRADE,DOWN,DIR_AVERAGE_DOWN,5,5,0.4802387201502054,2.401193600751027,0.0,0.0,5.0,0.48023872015020536,0,0,0.0,5.0,0,0,0,105.52071572182538,SUCCESS,BEARISH,average_down,11,87943.76,87943.76,0.0,0.011301624378786275
2025-12-21T03:00:14.710182+00:00,btc-updown-15m-1766286000,TRADE,DOWN,DIR_ACCUMULATE,5,3,0.49005759029780255,1.4701727708934076,0.0,0.0,8.0,0.4839207964555543,0,0,0.0,8.0,0,0,0,104.05054295093197,SUCCESS,BEARISH,accumulate,11,87943.75,87943.76,-1.1370903398673551e-05,1.835637477069318
2025-12-21T03:00:20.211483+00:00,btc-updown-15m-1766286000,TRADE,UP,DIR_REBALANCE,5,2,0.5400092876175651,1.0800185752351301,2.0,0.5400092876175651,8.0,0.4839207964555543,2,1.0239300840731194,-0.047860168146238724,6.0,0,0,0,102.97052437569684,SUCCESS,BEARISH,rebalance,11,87943.75,87943.76,-1.1370903398673551e-05,1.807232590010023
2025-12-21T03:00:25.593242+00:00,btc-updown-15m-1766286000,TRADE,UP,DIR_REBALANCE,5,5,0.5498951371701051,2.749475685850525,7.0,0.5470706087265221,8.0,0.4839207964555543,7,1.0309914051820765,-0.21693983627453584,1.0,0,0,0,100.22104868984631,SUCCESS,BEARISH,rebalance,11,87943.75,87943.76,-1.1370903398673551e-05,2.0703650884066684
2025-12-21T03:00:31.111330+00:00,btc-updown-15m-1766286000,TRADE,DOWN,DIR_AVERAGE_DOWN,5,1,0.47009297163981856,0.47009297163981856,7.0,0.5470706087265221,9.0,0.4823843714760281,7,1.02945498020255,-0.20618486141785075,2.0,0,0,0,99.7509557182065,SUCCESS,BEARISH,average_down,11,87943.75,87943.76,-1.1370903398673551e-05,2.144760963407159
2025-12-21T03:01:57.802833+00:00,btc-updown-15m-1766286000,TRADE,DOWN,DIR_AVERAGE_DOWN,5,5,0.359982872827775,1.799914364138875,7.0,0.5470706087265221,14.0,0.43866955053022344,7,0.9857401592567456,0.0998188852027806,7.0,0,0,0,97.95104135406763,SUCCESS,BEARISH,average_down,11,87961.33,87943.76,0.01997867728194358,168.77694423287952
2025-12-21T03:02:03.205847+00:00,btc-updown-15m-1766286000,TRADE,UP,DIR_REBALANCE,5,5,0.7302010286781356,3.651005143390678,12.0,0.6233749503730278,14.0,0.43866955053022344,12,1.0620445009032513,-0.7445340108390157,2.0,0,0,0,94.30003621067695,SUCCESS,BEARISH,rebalance,11,87980.0,87943.76,0.041208153938386574,332.9035047421017
2025-12-21T03:02:08.730352+00:00,btc-updown-15m-1766286000,TRADE,DOWN,DIR_AVERAGE_DOWN,1,1,0.26004581413592887,0.26004581413592887,12.0,0.6233749503730278,15.0,0.4267613014372705,12,1.0501362518102983,-0.6016350217235802,3.0,0,0,0,94.03999039654101,SUCCESS,BEARISH,average_down,11,87979.99,87943.76,0.0411967830349879,335.02686952953695
2025-12-21T03:15:05.106899+00:00,btc-updown-15m-1766286000,RESOLUTION,DOWN,MARKET_END,27,27,1.0000,13.8819,12,0.6234,15,0.4268,12,1.0501,-0.6016,0.20,0.0000,0.0000,1.1181,109.04,RESOLVED
2025-12-21T03:15:12.143434+00:00,btc-updown-15m-1766286900,TRADE,UP,DIR_AVERAGE_DOWN,5,5,0.5000603492508948,2.500301746254474,5.0,0.5000603492508948,0.0,0.0,0,0,0.0,5.0,0,0,0,106.53968865028654,SUCCESS,BULLISH,average_down,12,88025.27,88025.27,0.0,0.015820574003039288
2025-12-21T03:15:17.543817+00:00,btc-updown-15m-1766286900,TRADE,UP,DIR_ACCUMULATE,5,5,0.5102234674367769,2.551117337183885,10.0,0.505141908343836,0.0,0.0,0,0,0.0,10.0,0,0,0,103.98857131310265,SUCCESS,BULLISH,accumulate,12,88025.28,88025.27,1.1360374122977765e-05,1.5919745756689827
2025-12-21T03:15:22.978366+00:00,btc-updown-15m-1766286900,TRADE,DOWN,DIR_REBALANCE,5,5,0.5101250057406974,2.550625028703487,10.0,0.505141908343836,5.0,0.5101250057406974,5,1.0152669140845334,-0.076334570422667,5.0,0,0,0,101.43794628439916,SUCCESS,BULLISH,rebalance,12,88025.28,88025.27,1.1360374122977765e-05,1.5322618056705692
2025-12-21T03:15:28.500531+00:00,btc-updown-15m-1766286900,TRADE,UP,DIR_ACCUMULATE,5,5,0.5001174835424036,2.500587417712018,15.0,0.5034671000766918,5.0,0.5101250057406974,5,1.0135921058173891,-0.06796052908694561,10.0,0,0,0,98.93735886668715,SUCCESS,BULLISH,accumulate,12,88025.27,88025.27,0.0,0.015484881679461979
2025-12-21T03:15:39.413317+00:00,btc-updown-15m-1766286900,TRADE,DOWN,DIR_REBALANCE,5,5,0.5302538781995927,2.6512693909979634,15.0,0.5034671000766918,10.0,0.5201894419701449,10,1.0236565420468366,-0.23656542046836648,5.0,0,0,0,96.28608947568918,SUCCESS,BULLISH,rebalance,12,88025.27,88025.27,0.0,3.561495995823082e-08
2025-12-21T03:25:03.883012+00:00,btc-updown-15m-1766286900,TRADE,DOWN,DIR_EMERGENCY,5,2,0.060000327590146396,0.12000065518029279,15.0,0.5034671000766918,12.0,0.44349125624014524,12,0.9469583563168371,0.6364997241979546,3.0,0,0,0,96.16608882050889,SUCCESS,BULLISH,emergency,12,88092.63,88025.27,0.07652348013246715,11458.717950801738
2025-12-21T03:25:09.285034+00:00,btc-updown-15m-1766286900,TRADE,DOWN,DIR_EMERGENCY,3,3,0.0700254734415312,0.21007642032459362,15.0,0.5034671000766918,15.0,0.36879809968042243,15,0.8722651997571143,1.9160220036432862,0.0,0,0,0,95.95601240018429,SUCCESS,BULLISH,emergency,12,88092.63,88025.27,0.07652348013246715,11587.229305055105
2025-12-21T03:30:02.288349+00:00,btc-updown-15m-1766286900,RESOLUTION,UP,MARKET_END,30,30,1.0000,13.0840,15,0.5035,15,0.3688,15,0.8723,1.9160,0.00,0.0000,0.0000,1.9160,110.96,RESOLVED
2025-12-21T03:30:09.635096+00:00,btc-updown-15m-1766287800,TRADE,UP,DIR_AVERAGE_DOWN,5,5,0.5101195423003227,2.550597711501614,5.0,0.5101195423003227,0.0,0.0,0,0,0.0,5.0,0,0,0,108.40541468868268,SUCCESS,BULLISH,average_down,12,88062.86,88062.86,0.0,0.23577834721643606
2025-12-21T03:30:15.071530+00:00,btc-updown-15m-1766287800,TRADE,UP,DIR_ACCUMULATE,5,5,0.5101931025460728,2.5509655127303636,10.0,0.5101563224231978,0.0,0.0,0,0,0.0,10.0,0,0,0,105.85444917595233,SUCCESS,BULLISH,accumulate,12,88062.87,88062.86,1.1355524899783304e-05,0.3410222334432333
2025-12-21T03:30:20.474843+00:00,btc-updown-15m-1766287800,TRADE,DOWN,DIR_REBALANCE,5,5,0.5000724401486283,2.500362200743141,10.0,0.5101563224231978,5.0,0.5000724401486283,5,1.010228762571826,-0.05114381285913017,5.0,0,0,0,103.35408697520919,SUCCESS,BULLISH,rebalance,12,88062.87,88062.86,1.1355524899783304e-05,0.339519872810243
2025-12-21T03:30:25.886537+00:00,btc-updown-15m-1766287800,TRADE,UP,DIR_ACCUMULATE,5,5,0.5801565647322128,2.9007828236610638,15.0,0.5334897365262028,5.0,0.5000724401486283,5,1.033562176674831,-0.1678108833741554,10.0,0,0,0,100.45330415154812,SUCCESS,BULLISH,accumulate,12,88070.71,88062.86,0.008914087051006317,71.93208033291052
2025-12-21T03:30:31.300381+00:00,btc-updown-15m-1766287800,TRADE,DOWN,DIR_REBALANCE,5,5,0.3901422006373699,1.9507110031868493,15.0,0.5334897365262028,10.0,0.44510732039299905,10,0.9785970569192018,0.21402943080798154,5.0,0,0,0,98.50259314836127,SUCCESS,BULLISH,rebalance,12,88077.01,88062.86,0.016068067741604325,131.45222592184683
2025-12-21T03:40:04.559087+00:00,btc-updown-15m-1766287800,TRADE,DOWN,DIR_EMERGENCY,5,5,0.6403146986181498,3.2015734930907493,15.0,0.5334897365262028,15.0,0.5101764464680493,15,1.0436661829942522,-0.6549927449137827,0.0,0,0,0,95.30101965527052,SUCCESS,BULLISH,emergency,12,88057.57,88062.86,-0.006007072675125015,35.59040150943074
2025-12-21T03:45:00.479215+00:00,btc-updown-15m-1766287800,RESOLUTION,DOWN,MARKET_END,30,30,1.0000,15.6550,15,0.5335,15,0.5102,15,1.0437,-0.6550,0.00,0.0000,0.0000,-0.6550,110.30,RESOLVED
2025-12-21T03:45:07.627174+00:00,btc-updown-15m-1766288700,TRADE,UP,DIR_AVERAGE_DOWN,5,5,0.5201258704785444,2.600629352392722,5.0,0.5201258704785444,0.0,0.0,0,0,0.0,5.0,0,0,0,107.7003903028778,SUCCESS,BULLISH,average_down,12,88049.25,88049.25,0.0,0.13395311858312142
2025-12-21T03:45:13.247046+00:00,btc-updown-15m-1766288700,TRADE,UP,DIR_ACCUMULATE,5,5,0.5201180550640292,2.6005902753201458,10.0,0.5201219627712869,0.0,0.0,0,0,0.0,10.0,0,0,0,105.09980002755766,SUCCESS,BULLISH,accumulate,12,88049.25,88049.25,0.0,0.13223732284887776
2025-12-21T03:45:18.752224+00:00,btc-updown-15m-1766288700,TRADE,DOWN,DIR_REBALANCE,5,5,0.5000342730497719,2.5001713652488595,10.0,0.5201219627712869,5.0,0.5000342730497719,5,1.0201562358210587,-0.10078117910529372,5.0,0,0,0,102.5996286623088,SUCCESS,BULLISH,rebalance,12,88049.25,88049.25,0.0,0.1323884950404703
2025-12-21T03:45:24.190794+00:00,btc-updown-15m-1766288700,TRADE,UP,DIR_ACCUMULATE,5,5,0.5500302684505488,2.750151342252744,15.0,0.5300913979977075,5.0,0.5000342730497719,5,1.0301256710474793,-0.1506283552373966,10.0,0,0,0,99.84947732005605,SUCCESS,BULLISH,accumulate,12,88049.25,88049.25,0.0,0.12909647940849303
2025-12-21T03:45:29.576996+00:00,btc-updown-15m-1766288700,TRADE,DOWN,DIR_REBALANCE,5,2,0.47016753471091133,0.9403350694218227,15.0,0.5300913979977075,7.0,0.4915009192386689,7,1.0215923172363763,-0.15114622065463434,8.0,0,0,0,98.90914225063423,SUCCESS,BULLISH,rebalance,12,88049.25,88049.25,0.0,0.12818780631316737
2025-12-21T03:45:34.982598+00:00,btc-updown-15m-1766288700,TRADE,DOWN,DIR_REBALANCE,5,5,0.46010564929717007,2.3005282464858503,15.0,0.5300913979977075,12.0,0.47841955676304443,12,1.008510954760752,-0.10213145712902438,3.0,0,0,0,96.60861400414838,SUCCESS,BULLISH,rebalance,12,88049.24,88049.25,-1.1357280152597904e-05,0.18741891329373658
2025-12-21T03:55:01.217154+00:00,btc-updown-15m-1766288700,TRADE,DOWN,DIR_EMERGENCY,3,3,0.4702330429579065,1.4106991288737196,15.0,0.5300913979977075,15.0,0.47678225400201685,15,1.0068736519997243,-0.10310477999586509,0.0,0,0,0,95.19791487527466,SUCCESS,BULLISH,emergency,12,88051.67,88049.25,0.0027484617983665432,453.6586512372168
2025-12-21T04:00:03.024238+00:00,btc-updown-15m-1766288700,RESOLUTION,DOWN,MARKET_END,30,30,1.0000,15.1031,15,0.5301,15,0.4768,15,1.0069,-0.1031,0.00,0.0000,0.0000,-0.1031,110.20,RESOLVED
2025-12-21T04:00:15.933482+00:00,btc-updown-15m-1766289600,TRADE,UP,DIR_AVERAGE_DOWN,5,5,0.5400737348570293,2.700368674285146,5.0,0.5400737348570293,0.0,0.0,0,0,0.0,5.0,0,0,0,107.49754620098952,SUCCESS,BULLISH,average_down,12,88070.91,88070.65,0.0002952175327527539,34.48020485299413
2025-12-21T04:00:21.571792+00:00,btc-updown-15m-1766289600,TRADE,UP,DIR_ACCUMULATE,5,5,0.5700227513428706,2.850113756714353,10.0,0.5550482430999499,0.0,0.0,0,0,0.0,10.0,0,0,0,104.64743244427517,SUCCESS,BULLISH,accumulate,12,88079.57,88070.65,0.010128232277169302,91.08337522998085
2025-12-21T04:00:26.969491+00:00,btc-updown-15m-1766289600,TRADE,DOWN,DIR_REBALANCE,5,5,0.4300300560258979,2.1501502801294894,10.0,0.5550482430999499,5.0,0.4300300560258979,5,0.9850782991258478,0.07460850437076116,5.0,0,0,0,102.49728216414567,SUCCESS,BULLISH,rebalance,12,88079.57,88070.65,0.010128232277169302,92.01707591258804
2025-12-21T04:00:32.396175+00:00,btc-updown-15m-1766289600,TRADE,UP,DIR_ACCUMULATE,5,5,0.6002934989230626,3.001467494615313,15.0,0.5701299950409875,5.0,0.4300300560258979,5,1.0001600510668853,-0.000800255334426625,10.0,0,0,0,99.49581466953036,SUCCESS,BULLISH,accumulate,12,88079.56,88070.65,0.010116877756668644,93.12242411591653
2025-12-21T04:00:37.813717+00:00,btc-updown-15m-1766289600,TRADE,DOWN,DIR_REBALANCE,5,4,0.43020490221258173,1.720819608850327,15.0,0.5701299950409875,9.0,0.43010776544220186,9,1.0002377604831894,-0.0021398443487041785,6.0,0,0,0,97.77499506068004,SUCCESS,BULLISH,rebalance,12,88079.57,88070.65,0.010128232277169302,92.94595806566502
2025-12-21T04:00:43.230035+00:00,btc-updown-15m-1766289600,TRADE,DOWN,DIR_REBALANCE,5,5,0.4400963771125789,2.2004818855628945,15.0,0.5701299950409875,14.0,0.43367512675305075,14,1.0038051217940382,-0.05327170511653545,1.0,0,0,0,95.57451317511715,SUCCESS,BULLISH,rebalance,12,88079.56,88070.65,0.010116877756668644,93.12680913833641
2025-12-21T04:10:00.652030+00:00,btc-updown-15m-1766289600,TRADE,DOWN,DIR_EMERGENCY,1,1,0.14993223690389335,0.14993223690389335,15.0,0.5701299950409875,15.0,0.41475893409644027,15,0.9848889291374278,0.2266660629385836,0.0,0,0,0,95.42458093821325,SUCCESS,BULLISH,emergency,12,88109.89,88070.65,0.044555138403094836,541.0634619501873
2025-12-21T04:15:02.187738+00:00,btc-updown-15m-1766289600,RESOLUTION,DOWN,MARKET_END,30,30,1.0000,14.7733,15,0.5701,15,0.4148,15,0.9849,0.2267,0.00,0.0000,0.0000,0.2267,110.42,RESOLVED
2025-12-21T04:15:09.382620+00:00,btc-updown-15m-1766290500,TRADE,UP,DIR_AVERAGE_DOWN,5,5,0.5802897785014997,2.9014488925074984,5.0,0.5802897785014997,0.0,0.0,0,0,0.0,5.0,0,0,0,107.52313204570575,SUCCESS,BULLISH,average_down,12,88089.84,88089.84,0.0,0.24706381206059422
2025-12-21T04:15:14.771064+00:00,btc-updown-15m-1766290500,TRADE,UP,DIR_ACCUMULATE,5,5,0.5800696937755192,2.900348468877596,10.0,0.5801797361385095,0.0,0.0,0,0,0.0,10.0,0,0,0,104.62278357682816,SUCCESS,BULLISH,accumulate,12,88089.84,88089.84,0.0,0.2449202704821437
2025-12-21T04:15:20.174643+00:00,btc-updown-15m-1766290500,TRADE,DOWN,DIR_REBALANCE,5,5,0.43017195052380147,2.150859752619007,10.0,0.5801797361385095,5.0,0.4301719505238014,5,1.010351686662311,-0.05175843331155505,5.0,0,0,0,102.47192382420914,SUCCESS,BULLISH,rebalance,12,88089.84,88089.84,0.0,0.24598739919030826
2025-12-21T04:15:25.584353+00:00,btc-updown-15m-1766290500,TRADE,UP,DIR_ACCUMULATE,5,5,0.5801143985550811,2.9005719927754052,15.0,0.5801579569440333,5.0,0.4301719505238014,5,1.0103299074678347,-0.051649537339173435,10.0,0,0,0,99.57135183143373,SUCCESS,BULLISH,accumulate,12,88089.84,88089.84,0.0,0.247602632853424
2025-12-21T04:15:31.207474+00:00,btc-updown-15m-1766290500,TRADE,DOWN,DIR_REBALANCE,5,5,0.4500556937117303,2.2502784685586517,15.0,0.5801579569440333,10.0,0.4401138221177659,10,1.0202717790617992,-0.20271779061799222,5.0,0,0,0,97.32107336287508,SUCCESS,BULLISH,rebalance,12,88089.84,88089.84,0.0,0.24969012739691268
2025-12-21T04:25:01.880169+00:00,btc-updown-15m-1766290500,TRADE,DOWN,DIR_EMERGENCY,5,5,0.0800086173419645,0.4000430867098225,15.0,0.5801579569440333,15.0,0.32007875385916545,15,0.9002367108031988,1.4964493379520183,0.0,0,0,0,96.92103027616525,SUCCESS,BULLISH,emergency,12,88110.65,88089.84,0.023623609714806693,154.12268283446366
2025-12-21T04:30:04.151022+00:00,btc-updown-15m-1766290500,RESOLUTION,DOWN,MARKET_END,30,30,1.0000,13.5036,15,0.5802,15,0.3201,15,0.9002,1.4964,0.00,0.0000,0.0000,1.4964,111.92,RESOLVED
2025-12-21T04:30:11.164568+00:00,btc-updown-15m-1766291400,TRADE,UP,DIR_AVERAGE_DOWN,5,5,0.5000119104641908,2.500059552320954,5.0,0.5000119104641908,0.0,0.0,0,0,0.0,5.0,0,0,0,109.4209707238443,SUCCESS,BULLISH,average_down,12,88119.45,88119.45,0.0,0.0159248147988028
2025-12-21T04:30:16.576811+00:00,btc-updown-15m-1766291400,TRADE,UP,DIR_ACCUMULATE,5,5,0.5000366511565321,2.50018325578266,10.0,0.5000242808103614,0.0,0.0,0,0,0.0,10.0,0,0,0,106.92078746806165,SUCCESS,BULLISH,accumulate,12,88119.45,88119.45,0.0,0.014764717421787744
2025-12-21T04:30:21.968265+00:00,btc-updown-15m-1766291400,TRADE,DOWN,DIR_REBALANCE,5,5,0.5202246911023616,2.601123455511808,10.0,0.5000242808103614,5.0,0.5202246911023616,5,1.020248971912723,-0.10124485956361506,5.0,0,0,0,104.31966401254984,SUCCESS,BULLISH,rebalance,12,88119.46,88119.45,1.134823243825651e-05,2.194490808211689
2025-12-21T04:30:27.365650+00:00,btc-updown-15m-1766291400,TRADE,UP,DIR_ACCUMULATE,5,5,0.5100468165365939,2.5502340826829695,15.0,0.5033651260524389,5.0,0.5202246911023616,5,1.0235898171548006,-0.11794908577400287,10.0,0,0,0,101.76942992986687,SUCCESS,BULLISH,accumulate,12,88119.45,88119.45,0.0,2.496251426971913e-08
2025-12-21T04:30:32.772717+00:00,btc-updown-15m-1766291400,TRADE,DOWN,DIR_REBALANCE,5,5,0.5100710262696208,2.5503551313481037,15.0,0.5033651260524389,10.0,0.5151478586859912,10,1.0185129847384302,-0.18512984738430216,5.0,0,0,0,99.21907479851878,SUCCESS,BULLISH,rebalance,12,88119.45,88119.45,0.0,2.4822758128766586e-08
2025-12-21T04:45:03.711132+00:00,btc-updown-15m-1766291400,RESOLUTION,UP,MARKET_END,25,25,1.0000,12.7020,15,0.5034,10,0.5151,10,1.0185,-0.1851,0.33,0.0000,0.0000,2.2980,114.22,RESOLVED
2025-12-21T04:45:10.870932+00:00,btc-updown-15m-1766292300,TRADE,UP,DIR_AVERAGE_DOWN,5,5,0.5397303528405447,2.6986517642027237,5.0,0.5397303528405447,0.0,0.0,0,0,0.0,5.0,0,0,0,111.52042303431605,SUCCESS,BULLISH,average_down,12,88079.79,88079.79,0.0,1.7550642642828088e-08
2025-12-21T04:45:21.652256+00:00,btc-updown-15m-1766292300,TRADE,UP,DIR_ACCUMULATE,5,5,0.5001602441084609,2.5008012205423045,10.0,0.5199452984745028,0.0,0.0,0,0,0.0,10.0,0,0,0,109.01962181377375,SUCCESS,BULLISH,accumulate,12,88079.79,88079.79,0.0,1.870077621585563e-08
2025-12-21T04:45:27.097806+00:00,btc-updown-15m-1766292300,TRADE,DOWN,DIR_REBALANCE,5,5,0.5100003239753238,2.550001619876619,10.0,0.5199452984745028,5.0,0.5100003239753238,5,1.0299456224498265,-0.1497281122491323,5.0,0,0,0,106.46962019389713,SUCCESS,BULLISH,rebalance,12,88079.78,88079.79,-1.1353342230676653e-05,2.904020056568916
2025-12-21T04:45:37.988991+00:00,btc-updown-15m-1766292300,TRADE,UP,DIR_ACCUMULATE,5,5,0.4701029831812216,2.3505149159061083,15.0,0.5033311933767425,5.0,0.5100003239753238,5,1.0133315173520663,-0.0666575867603314,10.0,0,0,0,104.11910527799103,SUCCESS,BULLISH,accumulate,12,88079.78,88079.79,-1.1353342230676653e-05,2.112885543533397
2025-12-21T04:45:43.500570+00:00,btc-updown-15m-1766292300,TRADE,DOWN,DIR_REBALANCE,5,5,0.6001529077823079,3.0007645389115396,15.0,0.5033311933767425,10.0,0.5550766158788158,10,1.0584078092555584,-0.5840780925555844,5.0,0,0,0,101.11834073907949,SUCCESS,BULLISH,rebalance,12,88070.5,88079.79,-0.01054725493781672,73.1043873968667
2025-12-21T04:55:03.169654+00:00,btc-updown-15m-1766292300,TRADE,DOWN,DIR_EMERGENCY,5,5,0.6101697757818463,3.0508488789092314,15.0,0.5033311933767425,15.0,0.5734410025131594,15,1.076772195889902,-1.1515829383485288,0.0,0,0,0,98.06749186017025,SUCCESS,BULLISH,emergency,12,88073.89,88079.79,-0.006698471919601738,42.01492405922606
2025-12-21T05:00:02.318083+00:00,btc-updown-15m-1766292300,RESOLUTION,UP,MARKET_END,30,30,1.0000,16.1516,15,0.5033,15,0.5734,15,1.0768,-1.1516,0.00,0.0000,0.0000,-1.1516,113.07,RESOLVED
2025-12-21T05:00:09.397041+00:00,btc-updown-15m-1766293200,TRADE,UP,DIR_AVERAGE_DOWN,5,1,0.5501158322889724,0.5501158322889724,1.0,0.5501158322889724,0.0,0.0,0,0,0.0,1.0,0,0,0,112.51737602788128,SUCCESS,BULLISH,average_down,12,88065.82,88065.82,0.0,0.01036433212169017
2025-12-21T05:00:47.205889+00:00,btc-updown-15m-1766293200,TRADE,UP,DIR_AVERAGE_DOWN,5,2,0.41018224326932196,0.8203644865386439,3.0,0.4568267729425388,0.0,0.0,0,0,0.0,3.0,0,0,0,111.69701154134263,SUCCESS,BULLISH,average_down,12,88055.92,88065.82,-0.011241591800324724,133.2577670431096
2025-12-21T05:00:52.638144+00:00,btc-updown-15m-1766293200,TRADE,UP,DIR_ACCUMULATE,5,5,0.3801618333024024,1.900809166512012,8.0,0.40891118566745355,0.0,0.0,0,0,0.0,8.0,0,0,0,109.79620237483061,SUCCESS,BULLISH,accumulate,12,88055.91,88065.82,-0.011252946943551416,134.4357010644003
2025-12-21T05:00:58.245305+00:00,btc-updown-15m-1766293200,TRADE,DOWN,DIR_REBALANCE,5,5,0.6300841958802551,3.1504209794012756,8.0,0.40891118566745355,5.0,0.6300841958802551,5,1.0389953815477087,-0.19497690773854326,3.0,0,0,0,106.64578139542934,SUCCESS,BULLISH,rebalance,12,88055.91,88065.82,-0.011252946943551416,135.21001871809156
2025-12-21T05:01:09.181574+00:00,btc-updown-15m-1766293200,TRADE,UP,DIR_ACCUMULATE,5,5,0.39011182439327896,1.950559121966395,13.0,0.4016806621004634,5.0,0.6300841958802551,5,1.0317648579807184,-0.15882428990359188,8.0,0,0,0,104.69522227346295,SUCCESS,BULLISH,accumulate,12,88055.92,88065.82,-0.011241591800324724,132.73000305317007
2025-12-21T05:01:14.589945+00:00,btc-updown-15m-1766293200,TRADE,DOWN,DIR_REBALANCE,5,5,0.6302035490072564,3.151017745036282,13.0,0.4016806621004634,10.0,0.6301438724437558,10,1.0318245345442192,-0.31824534544219185,3.0,0,0,0,101.54420452842666,SUCCESS,BULLISH,rebalance,12,88055.92,88065.82,-0.011241591800324724,132.64306415861392
2025-12-21T05:01:20.022081+00:00,btc-updown-15m-1766293200,TRADE,UP,DIR_ACCUMULATE,2,2,0.3798610471862432,0.7597220943724864,15.0,0.3987713801119007,10.0,0.6301438724437558,10,1.0289152525556564,-0.2891525255565641,5.0,0,0,0,100.78448243405417,SUCCESS,BULLISH,accumulate,12,88055.92,88065.82,-0.011241591800324724,129.90077231245988
2025-12-21T05:10:04.986271+00:00,btc-updown-15m-1766293200,TRADE,DOWN,DIR_EMERGENCY,5,5,0.190074029533186,0.95037014766593,15.0,0.3987713801119007,15.0,0.4834539248068992,15,0.8822253049187999,1.7666204262180014,0.0,0,0,0,99.83411228638823,SUCCESS,BULLISH,emergency,12,88073.83,88065.82,0.00909546972933967,1124.9764172735968
2025-12-21T05:15:01.458875+00:00,btc-updown-15m-1766293200,RESOLUTION,DOWN,MARKET_END,30,30,1.0000,13.2334,15,0.3988,15,0.4835,15,0.8822,1.7666,0.00,0.0000,0.0000,1.7666,114.83,RESOLVED
2025-12-21T05:15:08.968441+00:00,btc-updown-15m-1766294100,TRADE,UP,DIR_AVERAGE_DOWN,5,5,0.6302448107875382,3.1512240539376912,5.0,0.6302448107875382,0.0,0.0,0,0,0.0,5.0,0,0,0,111.68288823245054,SUCCESS,BULLISH,average_down,12,88118.0,88118.0,0.0,0.1569544765527775
2025-12-21T05:15:14.371282+00:00,btc-updown-15m-1766294100,TRADE,UP,DIR_ACCUMULATE,5,5,0.6800934391350612,3.4004671956753056,10.0,0.6551691249612996,0.0,0.0,0,0,0.0,10.0,0,0,0,108.28242103677523,SUCCESS,BULLISH,accumulate,12,88129.83,88118.0,0.01342517987244575,69.5923275112963
2025-12-21T05:15:19.770543+00:00,btc-updown-15m-1766294100,TRADE,DOWN,DIR_REBALANCE,5,5,0.32003503914723014,1.6001751957361507,10.0,0.6551691249612996,5.0,0.32003503914723014,5,0.9752041641085298,0.12397917945735082,5.0,0,0,0,106.68224584103908,SUCCESS,BULLISH,rebalance,12,88140.0,88118.0,0.024966522163462627,134.00926109587581
2025-12-21T05:15:25.320298+00:00,btc-updown-15m-1766294100,TRADE,UP,DIR_ACCUMULATE,5,4,0.7203160327571717,2.881264131028687,14.0,0.6737825271886917,5.0,0.32003503914723014,5,0.9938175663359219,0.030912168320390565,9.0,0,0,0,103.80098171001039,SUCCESS,BULLISH,accumulate,12,88139.99,88118.0,0.024955173744303366,136.18216557540663
2025-12-21T05:15:30.733603+00:00,btc-updown-15m-1766294100,TRADE,DOWN,DIR_REBALANCE,5,2,0.2600554227142796,0.5201108454285592,14.0,0.6737825271886917,7.0,0.30289800588067284,7,0.9766805330693645,0.16323626851444828,7.0,0,0,0,103.28087086458183,SUCCESS,BULLISH,rebalance,12,88150.01,88118.0,0.03632628974783218,195.85358349898812
2025-12-21T05:15:36.162579+00:00,btc-updown-15m-1766294100,TRADE,DOWN,DIR_REBALANCE,5,5,0.27006372356518377,1.3503186178259188,14.0,0.6737825271886917,12.0,0.28921705491588573,12,0.9629995821045774,0.4440050147450716,2.0,0,0,0,101.93055224675591,SUCCESS,BULLISH,rebalance,12,88150.01,88118.0,0.03632628974783218,188.24596455013756
2025-12-21T05:15:41.565409+00:00,btc-updown-15m-1766294100,TRADE,UP,DIR_AVERAGE_DOWN,1,1,0.7201080443173784,0.7201080443173784,15.0,0.6768708949972707,12.0,0.28921705491588573,12,0.9660879499131565,0.40694460104212204,3.0,0,0,0,101.21044420243852,SUCCESS,BULLISH,average_down,12,88150.0,88118.0,0.03631494132867292,187.30436815614235
2025-12-21T05:20:03.275873+00:00,btc-updown-15m-1766294100,TRADE,DOWN,DIR_ACCUMULATE,3,3,0.7999026528105436,2.3997079584316308,15.0,0.6768708949972707,15.0,0.3913541744948173,15,1.068225069492088,-1.023376042381321,0.0,0,0,0,98.81073624400689,SUCCESS,BEARISH,accumulate,13,88063.43,88118.0,-0.06192832338456045,427.84219723019464
2025-12-21T05:30:00.746907+00:00,btc-updown-15m-1766294100,RESOLUTION,DOWN,MARKET_END,30,30,1.0000,16.0234,15,0.6769,15,0.3914,15,1.0682,-1.0234,0.00,0.0000,0.0000,-1.0234,113.81,RESOLVED
2025-12-21T05:45:05.364198+00:00,btc-updown-15m-1766295900,TRADE,UP,DIR_AVERAGE_DOWN,1,1,0.4301300277419419,0.4301300277419419,1.0,0.4301300277419419,0.0,0.0,0,0,0.0,1.0,0,0,0,99.56986997225806,SUCCESS,BULLISH,average_down,0,88100.67,88100.67,0.0,0.5773502691896257
2025-12-21T05:48:04.587883+00:00,btc-updown-15m-1766295900,TRADE,UP,DIR_AVERAGE_DOWN,1,1,0.3700654132416938,0.3700654132416938,2.0,0.40009772049181785,0.0,0.0,0,0,0.0,2.0,0,0,0,99.19980455901637,SUCCESS,BULLISH,average_down,0,88101.03,88100.67,0.00040862345314806583,2.831346779988667
2025-12-21T05:48:15.594861+00:00,btc-updown-15m-1766295900,TRADE,UP,DIR_AVERAGE_DOWN,1,1,0.30010140537170427,0.30010140537170427,3.0,0.36676561545178,0.0,0.0,0,0,0.0,3.0,0,0,0,98.89970315364467,SUCCESS,BULLISH,average_down,0,88101.03,88100.67,0.00040862345314806583,2.837622848020143
2025-12-21T05:48:26.404462+00:00,btc-updown-15m-1766295900,TRADE,UP,DIR_ACCUMULATE,1,1,0.33008055814272935,0.33008055814272935,4.0,0.3575943511245173,0.0,0.0,0,0,0.0,4.0,0,0,0,98.56962259550194,SUCCESS,BULLISH,accumulate,0,88101.04,88100.67,0.0004199741046184364,2.9481610285514552
2025-12-21T05:48:31.906496+00:00,btc-updown-15m-1766295900,TRADE,UP,DIR_ACCUMULATE,1,1,0.32004045722684277,0.32004045722684277,5.0,0.3500835723449824,0.0,0.0,0,0,0.0,5.0,0,0,0,98.2495821382751,SUCCESS,BULLISH,accumulate,0,88101.03,88100.67,0.00040862345314806583,2.8773997253269274
2025-12-21T05:48:37.296804+00:00,btc-updown-15m-1766295900,TRADE,UP,DIR_ACCUMULATE,1,1,0.3301637861983911,0.3301637861983911,6.0,0.34676360798721717,0.0,0.0,0,0,0.0,6.0,0,0,0,97.9194183520767,SUCCESS,BULLISH,accumulate,0,88101.03,88100.67,0.00040862345314806583,2.8711126174901276
2025-12-21T05:48:42.696911+00:00,btc-updown-15m-1766295900,TRADE,DOWN,DIR_REBALANCE,5,5,0.7003083484673743,3.5015417423368715,6.0,0.34676360798721717,5.0,0.7003083484673743,5,1.0470719564545914,-0.23535978227295695,1.0,0,0,0,94.41787660973984,SUCCESS,BULLISH,rebalance,0,88101.03,88100.67,0.00040862345314806583,2.8711415110788043
2025-12-21T05:48:48.081805+00:00,btc-updown-15m-1766295900,TRADE,UP,DIR_AVERAGE_DOWN,1,1,0.3100714654825232,0.3100714654825232,7.0,0.3415218733436895,5.0,0.7003083484673743,5,1.0418302218110638,-0.20915110905531886,2.0,0,0,0,94.10780514425731,SUCCESS,BULLISH,average_down,0,88101.03,88100.67,0.00040862345314806583,2.8730370696661227
2025-12-21T05:55:00.811397+00:00,btc-updown-15m-1766295900,TRADE,DOWN,DIR_EMERGENCY,2,2,0.15000416325280413,0.30000832650560827,7.0,0.3415218733436895,7.0,0.5430785812632114,7,0.8846004546069008,0.8077968177516941,0.0,0,0,0,93.80779681775171,SUCCESS,BULLISH,emergency,0,88138.94,88100.67,0.04343894319986905,299.8753130440843
2025-12-21T05:55:17.393793+00:00,btc-updown-15m-1766295900,TRADE,UP,DIR_AVERAGE_DOWN,1,1,0.7703201993585768,0.7703201993585768,8.0,0.3951216640955504,7.0,0.5430785812632114,7,0.9382002453587618,0.4325982824886675,1.0,0,0,0,93.03747661839313,SUCCESS,BULLISH,average_down,0,88138.95,88100.67,0.043450293851339424,292.5865567086921
2025-12-21T05:55:22.837675+00:00,btc-updown-15m-1766295900,TRADE,DOWN,DIR_EMERGENCY,1,1,0.2000438805274335,0.2000438805274335,8.0,0.3951216640955504,8.0,0.5001992436712391,8,0.8953209077667895,0.8374327378656838,0.0,0,0,0,92.8374327378657,SUCCESS,BULLISH,emergency,0,88138.95,88100.67,0.043450293851339424,281.4145709041514
2025-12-21T05:55:28.318856+00:00,btc-updown-15m-1766295900,TRADE,UP,DIR_AVERAGE_DOWN,1,1,0.7496495787720969,0.7496495787720969,9.0,0.43451365461516667,8.0,0.5001992436712391,8,0.9347128982864058,0.5222968137087536,1.0,0,0,0,92.0877831590936,SUCCESS,BULLISH,average_down,0,88138.95,88100.67,0.043450293851339424,282.442322023248
2025-12-21T05:55:33.770706+00:00,btc-updown-15m-1766295900,TRADE,DOWN,DIR_EMERGENCY,1,1,0.2500547091946309,0.2500547091946309,9.0,0.43451365461516667,9.0,0.4724054065071715,9,0.9069190611223381,0.837728449898957,0.0,0,0,0,91.83772844989898,SUCCESS,BULLISH,emergency,0,88138.95,88100.67,0.043450293851339424,265.42792771516577
2025-12-21T05:55:39.289743+00:00,btc-updown-15m-1766295900,TRADE,UP,DIR_AVERAGE_DOWN,1,1,0.7900892183283451,0.7900892183283451,10.0,0.47007121098648447,9.0,0.4724054065071715,9,0.942476617493656,0.5177104425570963,1.0,0,0,0,91.04763923157063,SUCCESS,BULLISH,average_down,0,88138.94,88100.67,0.04343894319986905,274.5205118306911
2025-12-21T05:55:50.207161+00:00,btc-updown-15m-1766295900,TRADE,DOWN,DIR_EMERGENCY,1,1,0.21007893476654887,0.21007893476654887,10.0,0.47007121098648447,10.0,0.44617275933310924,10,0.9162439703195937,0.837560296804063,0.0,0,0,0,90.83756029680409,SUCCESS,BULLISH,emergency,0,88138.95,88100.67,0.043450293851339424,269.2509819237434
2025-12-21T05:55:55.665472+00:00,btc-updown-15m-1766295900,TRADE,UP,DIR_AVERAGE_DOWN,1,1,0.8104044764805224,0.8104044764805224,11.0,0.5010105987586697,10.0,0.44617275933310924,10,0.947183358091779,0.52816641908221,1.0,0,0,0,90.02715582032356,SUCCESS,BULLISH,average_down,0,88138.95,88100.67,0.043450293851339424,248.9955592889012
2025-12-21T05:56:17.616289+00:00,btc-updown-15m-1766295900,TRADE,DOWN,DIR_EMERGENCY,1,1,0.1700180041306369,0.1700180041306369,11.0,0.5010105987586697,11.0,0.42106778158742997,11,0.9220783803460997,0.8571378161929035,0.0,0,0,0,89.85713781619292,SUCCESS,BULLISH,emergency,0,88138.95,88100.67,0.043450293851339424,6773.306950264665
2025-12-21T05:56:28.661503+00:00,btc-updown-15m-1766295900,TRADE,UP,DIR_AVERAGE_DOWN,1,1,0.8203066818834887,0.8203066818834887,12.0,0.527618605685738,11.0,0.42106778158742997,11,0.948686387273168,0.5644497399951519,1.0,0,0,0,89.03683113430942,SUCCESS,BULLISH,average_down,0,88138.94,88100.67,0.04343894319986905,6280.928834911918
2025-12-21T05:56:34.126007+00:00,btc-updown-15m-1766295900,TRADE,DOWN,DIR_EMERGENCY,1,1,0.23009179598272467,0.23009179598272467,12.0,0.527618605685738,12.0,0.4051531161203712,12,0.9327717218061092,0.8067393383266892,0.0,0,0,0,88.8067393383267,SUCCESS,BULLISH,emergency,0,88138.95,88100.67,0.043450293851339424,6066.613873643604
2025-12-21T05:56:39.586844+00:00,btc-updown-15m-1766295900,TRADE,UP,DIR_AVERAGE_DOWN,1,1,0.8002169500446957,0.8002169500446957,13.0,0.5485877090979655,12.0,0.4051531161203712,12,0.9537408252183367,0.5551100973799596,1.0,0,0,0,88.006522388282,SUCCESS,BULLISH,average_down,0,88138.94,88100.67,0.04343894319986905,5737.434437323255
2025-12-21T05:56:45.042197+00:00,btc-updown-15m-1766295900,TRADE,DOWN,DIR_EMERGENCY,1,1,0.210102680054964,0.210102680054964,13.0,0.5485877090979655,13.0,0.39014923642303223,13,0.9387369455209977,0.7964197082270295,0.0,0,0,0,87.79641970822703,SUCCESS,BULLISH,emergency,0,88138.95,88100.67,0.043450293851339424,6570.679826188703
2025-12-21T05:56:50.592160+00:00,btc-updown-15m-1766295900,TRADE,UP,DIR_AVERAGE_DOWN,1,1,0.8502363183865056,0.8502363183865056,14.0,0.5701340383328612,13.0,0.39014923642303223,13,0.9602832747558935,0.5163174281733848,1.0,0,0,0,86.94618338984053,SUCCESS,BULLISH,average_down,0,88138.95,88100.67,0.043450293851339424,6721.031396925835
2025-12-21T05:57:01.547184+00:00,btc-updown-15m-1766295900,TRADE,DOWN,DIR_EMERGENCY,1,1,0.15001027436062334,0.15001027436062334,14.0,0.5701340383328612,14.0,0.3729964534185744,14,0.9431304917514356,0.7961731154799017,0.0,0,0,0,86.7961731154799,SUCCESS,BULLISH,emergency,0,88138.95,88100.67,0.043450293851339424,7130.937389946191
2025-12-21T06:00:02.451425+00:00,btc-updown-15m-1766295900,RESOLUTION,DOWN,MARKET_END,28,28,1.0000,13.2038,14,0.5701,14,0.3730,14,0.9431,0.7962,0.00,0.0000,0.0000,0.7962,100.80,RESOLVED
2025-12-21T06:00:15.258101+00:00,btc-updown-15m-1766296800,TRADE,UP,DIR_AVERAGE_DOWN,1,1,0.410138893146634,0.410138893146634,1.0,0.410138893146634,0.0,0.0,0,0,0.0,1.0,0,0,0,100.38603422233327,SUCCESS,BULLISH,average_down,0,88126.3,88126.3,0.0,0.21387003580697883
2025-12-21T06:00:36.934084+00:00,btc-updown-15m-1766296800,TRADE,UP,DIR_AVERAGE_DOWN,1,1,0.3201205752373167,0.3201205752373167,2.0,0.36512973419197536,0.0,0.0,0,0,0.0,2.0,0,0,0,100.06591364709595,SUCCESS,BULLISH,average_down,0,88114.55,88126.3,-0.013333136645927491,78.09312168451994
2025-12-21T06:10:03.344329+00:00,btc-updown-15m-1766296800,TRADE,DOWN,DIR_EMERGENCY,2,2,0.4301963417704688,0.8603926835409376,2.0,0.36512973419197536,2.0,0.4301963417704688,2,0.7953260759624441,0.4093478480751118,0.0,0,0,0,99.20552096355502,SUCCESS,BULLISH,emergency,0,88140.4,88126.3,0.015999763975103085,2649.9694640816183
2025-12-21T06:10:08.751538+00:00,btc-updown-15m-1766296800,TRADE,UP,DIR_AVERAGE_DOWN,1,1,0.6101372398990995,0.6101372398990995,3.0,0.4467989027610167,2.0,0.4301963417704688,2,0.8769952445314855,0.24600951093702905,1.0,0,0,0,98.59538372365591,SUCCESS,BULLISH,average_down,0,88140.41,88126.3,0.016011111325450612,2858.9661469921
2025-12-21T06:10:19.567000+00:00,btc-updown-15m-1766296800,TRADE,DOWN,DIR_EMERGENCY,1,1,0.42007173234309797,0.42007173234309797,3.0,0.4467989027610167,3.0,0.4268214719613452,3,0.8736203747223619,0.3791388758329144,0.0,0,0,0,98.17531199131281,SUCCESS,BULLISH,emergency,0,88140.4,88126.3,0.015999763975103085,3063.352608130372
2025-12-21T06:10:24.997795+00:00,btc-updown-15m-1766296800,TRADE,UP,DIR_AVERAGE_DOWN,1,1,0.6402729339734771,0.6402729339734771,4.0,0.4951674105641318,3.0,0.4268214719613452,3,0.921988882525477,0.23403335242356915,1.0,0,0,0,97.53503905733933,SUCCESS,BULLISH,average_down,0,88140.4,88126.3,0.015999763975103085,3063.352608130372
2025-12-21T06:10:30.501769+00:00,btc-updown-15m-1766296800,TRADE,DOWN,DIR_EMERGENCY,1,1,0.3599957545997717,0.3599957545997717,4.0,0.4951674105641318,4.0,0.4101150426209518,4,0.9052824531850836,0.3788701872596656,0.0,0,0,0,97.17504330273957,SUCCESS,BULLISH,emergency,0,88140.4,88126.3,0.015999763975103085,3034.9612680721048
2025-12-21T06:10:35.916159+00:00,btc-updown-15m-1766296800,TRADE,UP,DIR_AVERAGE_DOWN,1,1,0.6201685747308653,0.6201685747308653,5.0,0.5201676433974785,4.0,0.4101150426209518,4,0.9302826860184302,0.2788692559262791,1.0,0,0,0,96.5548747280087,SUCCESS,BULLISH,average_down,0,88140.41,88126.3,0.016011111325450612,2917.0851399241024
2025-12-21T06:10:41.325309+00:00,btc-updown-15m-1766296800,TRADE,DOWN,DIR_EMERGENCY,1,1,0.37009567990504266,0.37009567990504266,5.0,0.5201676433974785,5.0,0.4021111700777699,5,0.9222788134752484,0.38860593262375787,0.0,0,0,0,96.18477904810365,SUCCESS,BULLISH,emergency,0,88140.41,88126.3,0.016011111325450612,2930.3149145076914
2025-12-21T06:10:46.853452+00:00,btc-updown-15m-1766296800,TRADE,UP,DIR_AVERAGE_DOWN,1,1,0.6301329009913088,0.6301329009913088,6.0,0.5384951863297835,5.0,0.4021111700777699,5,0.9406063564075535,0.2969682179622324,1.0,0,0,0,95.55464614711234,SUCCESS,BULLISH,average_down,0,88140.41,88126.3,0.016011111325450612,2884.6497599854733
2025-12-21T06:10:52.547208+00:00,btc-updown-15m-1766296800,TRADE,DOWN,DIR_EMERGENCY,1,1,0.38007427100837393,0.38007427100837393,6.0,0.5384951863297835,6.0,0.39843835356620394,6,0.9369335398959875,0.37839876062407507,0.0,0,0,0,95.17457187610397,SUCCESS,BULLISH,emergency,0,88140.4,88126.3,0.015999763975103085,2893.4975452773906
2025-12-21T06:10:57.977157+00:00,btc-updown-15m-1766296800,TRADE,UP,DIR_AVERAGE_DOWN,1,1,0.6200014066703355,0.6200014066703355,7.0,0.5501389320927196,6.0,0.39843835356620394,6,0.9485772856589235,0.3085362860464589,1.0,0,0,0,94.55457046943363,SUCCESS,BULLISH,average_down,0,88140.41,88126.3,0.016011111325450612,2957.116299944537
2025-12-21T06:11:03.381745+00:00,btc-updown-15m-1766296800,TRADE,DOWN,DIR_EMERGENCY,1,1,0.3501028030999867,0.3501028030999867,7.0,0.5501389320927196,7.0,0.3915332749281729,7,0.9416722070208925,0.40829455085375255,0.0,0,0,0,94.20446766633364,SUCCESS,BULLISH,emergency,0,88140.41,88126.3,0.016011111325450612,3030.133403361443
2025-12-21T06:15:02.511324+00:00,btc-updown-15m-1766296800,RESOLUTION,UP,MARKET_END,14,14,1.0000,6.5917,7,0.5501,7,0.3915,7,0.9417,0.4083,0.00,0.0000,0.0000,0.4083,101.20,RESOLVED
2025-12-21T06:15:09.626469+00:00,btc-updown-15m-1766297700,TRADE,UP,DIR_AVERAGE_DOWN,1,1,0.5000031584899052,0.5000031584899052,1.0,0.5000031584899052,0.0,0.0,0,0,0.0,1.0,0,0,0,100.70446450784374,SUCCESS,BULLISH,average_down,0,88178.75,88178.75,0.0,2.77777803539171e-08
2025-12-21T06:22:35.118001+00:00,btc-updown-15m-1766297700,TRADE,UP,DIR_AVERAGE_DOWN,1,1,0.21005876420708733,0.21005876420708733,2.0,0.35503096134849627,0.0,0.0,0,0,0.0,2.0,0,0,0,100.49440574363665,SUCCESS,BULLISH,average_down,0,88162.06,88178.75,-0.018927462682338237,93.61457722542887
2025-12-21T06:22:45.933246+00:00,btc-updown-15m-1766297700,TRADE,UP,DIR_AVERAGE_DOWN,1,1,0.14005297267433509,0.14005297267433509,3.0,0.2833716317904425,0.0,0.0,0,0,0.0,3.0,0,0,0,100.35435277096231,SUCCESS,BULLISH,average_down,0,88147.22,88178.75,-0.03575691422252962,184.50936031987948
2025-12-21T06:22:51.345345+00:00,btc-updown-15m-1766297700,TRADE,UP,DIR_ACCUMULATE,1,1,0.15001408639494418,0.15001408639494418,4.0,0.25003224544156794,0.0,0.0,0,0,0.0,4.0,0,0,0,100.20433868456736,SUCCESS,BULLISH,accumulate,0,88147.22,88178.75,-0.03575691422252962,184.51008870166436
2025-12-21T06:22:56.766130+00:00,btc-updown-15m-1766297700,TRADE,UP,DIR_ACCUMULATE,1,1,0.1400668803398129,0.1400668803398129,5.0,0.2280391724212169,0.0,0.0,0,0,0.0,5.0,0,0,0,100.06427180422754,SUCCESS,BULLISH,accumulate,0,88147.21,88178.75,-0.035768254823292,186.65086972108142
2025-12-21T06:23:02.201097+00:00,btc-updown-15m-1766297700,TRADE,UP,DIR_ACCUMULATE,1,1,0.1400653768222594,0.1400653768222594,6.0,0.213376873154724,0.0,0.0,0,0,0.0,6.0,0,0,0,99.92420642740528,SUCCESS,BULLISH,accumulate,0,88147.22,88178.75,-0.03575691422252962,186.88088422421467
2025-12-21T06:23:07.919034+00:00,btc-updown-15m-1766297700,TRADE,DOWN,DIR_REBALANCE,5,5,0.8702612663432583,4.351306331716291,6.0,0.213376873154724,5.0,0.8702612663432582,5,1.0836381394979822,-0.4181906974899108,1.0,0,0,0,95.572900095689,SUCCESS,BULLISH,rebalance,0,88147.22,88178.75,-0.03575691422252962,186.49127095414366
2025-12-21T06:23:13.333181+00:00,btc-updown-15m-1766297700,TRADE,UP,DIR_AVERAGE_DOWN,1,1,0.14001868454387761,0.14001868454387761,7.0,0.2028971319246031,5.0,0.8702612663432582,5,1.0731583982678612,-0.36579199133930596,2.0,0,0,0,95.43288141114512,SUCCESS,BULLISH,average_down,0,88147.21,88178.75,-0.035768254823292,186.55050001238257
2025-12-21T06:23:45.945548+00:00,btc-updown-15m-1766297700,TRADE,UP,DIR_AVERAGE_DOWN,1,1,0.12001821080473604,0.12001821080473604,8.0,0.19253726678461971,5.0,0.8702612663432582,5,1.062798533127878,-0.3139926656393899,3.0,0,0,0,95.31286320034039,SUCCESS,BULLISH,average_down,0,88147.22,88178.75,-0.03575691422252962,5633.48075193166
2025-12-21T06:23:51.490816+00:00,btc-updown-15m-1766297700,TRADE,UP,DIR_ACCUMULATE,1,1,0.14001138611269182,0.14001138611269182,9.0,0.18670105782107216,5.0,0.8702612663432582,5,1.0569623241643304,-0.28481162082165223,4.0,0,0,0,95.1728518142277,SUCCESS,BULLISH,accumulate,0,88147.21,88178.75,-0.035768254823292,5807.498863538536
2025-12-21T06:23:56.963650+00:00,btc-updown-15m-1766297700,TRADE,UP,DIR_ACCUMULATE,1,1,0.1400370546475681,0.1400370546475681,10.0,0.18203465750372178,5.0,0.8702612663432582,5,1.05229592384698,-0.26147961923490004,5.0,0,0,0,95.03281475958013,SUCCESS,BULLISH,accumulate,0,88147.21,88178.75,-0.035768254823292,4601.50592493291
2025-12-21T06:24:02.440008+00:00,btc-updown-15m-1766297700,TRADE,UP,DIR_ACCUMULATE,1,1,0.11004626250946638,0.11004626250946638,11.0,0.17549025795878948,5.0,0.8702612663432582,5,1.0457515243020477,-0.22875762151023826,6.0,0,0,0,94.92276849707066,SUCCESS,BULLISH,accumulate,0,88147.21,88178.75,-0.035768254823292,4391.759025779343
2025-12-21T06:24:07.891256+00:00,btc-updown-15m-1766297700,TRADE,DOWN,DIR_REBALANCE,5,5,0.9201986181297293,4.600993090648647,11.0,0.17549025795878948,10.0,0.8952299422364938,10,1.0707202001952831,-0.7072020019528313,1.0,0,0,0,90.32177540642202,SUCCESS,BULLISH,rebalance,0,88147.22,88178.75,-0.03575691422252962,4331.834284713792
2025-12-21T06:24:18.957270+00:00,btc-updown-15m-1766297700,TRADE,UP,DIR_AVERAGE_DOWN,1,1,0.1800048464684777,0.1800048464684777,12.0,0.17586647366793015,10.0,0.8952299422364938,10,1.0710964159044238,-0.7109641590442384,2.0,0,0,0,90.14177055995354,SUCCESS,BULLISH,average_down,0,88147.21,88178.75,-0.035768254823292,5096.201365218226
2025-12-21T06:30:04.490405+00:00,btc-updown-15m-1766297700,RESOLUTION,DOWN,MARKET_END,22,22,1.0000,11.0627,12,0.1759,10,0.8952,10,1.0711,-0.7110,0.17,0.0000,0.0000,-1.0627,100.14,RESOLVED
2025-12-21T06:30:11.647009+00:00,btc-updown-15m-1766298600,TRADE,UP,DIR_AVERAGE_DOWN,1,1,0.6098069532198903,0.6098069532198903,1.0,0.6098069532198903,0.0,0.0,0,0,0.0,1.0,0,0,0,99.53196360673365,SUCCESS,BULLISH,average_down,0,88170.91,88170.91,0.0,0.009945102139471172
2025-12-21T06:31:11.460375+00:00,btc-updown-15m-1766298600,TRADE,UP,DIR_AVERAGE_DOWN,1,1,0.5100661283259001,0.5100661283259001,2.0,0.5599365407728952,0.0,0.0,0,0,0.0,2.0,0,0,0,99.02189747840775,SUCCESS,BULLISH,average_down,0,88162.01,88170.91,-0.010094032147347385,62.564804081994424
2025-12-21T06:31:54.925327+00:00,btc-updown-15m-1766298600,TRADE,UP,DIR_AVERAGE_DOWN,1,1,0.33006176091877537,0.33006176091877537,3.0,0.4833116141548553,0.0,0.0,0,0,0.0,3.0,0,0,0,98.69183571748897,SUCCESS,BULLISH,average_down,0,88146.14,88170.91,-0.028093165875234895,170.15982316966162
2025-12-21T06:32:00.353549+00:00,btc-updown-15m-1766298600,TRADE,UP,DIR_ACCUMULATE,1,1,0.3301022189686489,0.3301022189686489,4.0,0.4450092653583037,0.0,0.0,0,0,0.0,4.0,0,0,0,98.36173349852032,SUCCESS,BULLISH,accumulate,0,88141.16,88170.91,-0.03374128723407754,206.5934160812293
2025-12-21T06:32:11.190338+00:00,btc-updown-15m-1766298600,TRADE,UP,DIR_ACCUMULATE,1,1,0.3799287596369128,0.3799287596369128,5.0,0.4319931642140255,0.0,0.0,0,0,0.0,5.0,0,0,0,97.98180473888341,SUCCESS,BULLISH,accumulate,0,88141.16,88170.91,-0.03374128723407754,279.0550935185994
2025-12-21T06:32:16.589515+00:00,btc-updown-15m-1766298600,TRADE,UP,DIR_ACCUMULATE,1,1,0.3700652933767679,0.3700652933767679,6.0,0.42167185240781596,0.0,0.0,0,0,0.0,6.0,0,0,0,97.61173944550664,SUCCESS,BULLISH,accumulate,0,88141.16,88170.91,-0.03374128723407754,275.4563538512376
2025-12-21T06:32:22.001874+00:00,btc-updown-15m-1766298600,TRADE,DOWN,DIR_REBALANCE,5,5,0.6402986624891059,3.2014933124455296,6.0,0.42167185240781596,5.0,0.6402986624891059,5,1.0619705148969218,-0.30985257448460923,1.0,0,0,0,94.41024613306111,SUCCESS,BULLISH,rebalance,0,88141.15,88170.91,-0.03375262884324241,278.6574698284407
2025-12-21T06:32:27.446810+00:00,btc-updown-15m-1766298600,TRADE,UP,DIR_AVERAGE_DOWN,1,1,0.38013781395337837,0.38013781395337837,7.0,0.4157384183428963,5.0,0.6402986624891059,5,1.0560370808320023,-0.2801854041600116,2.0,0,0,0,94.03010831910773,SUCCESS,BULLISH,average_down,0,88141.15,88170.91,-0.03375262884324241,287.7347020405948
2025-12-21T06:35:48.495795+00:00,btc-updown-15m-1766298600,TRADE,UP,DIR_AVERAGE_DOWN,1,1,0.32011882848563666,0.32011882848563666,8.0,0.40378596961073887,5.0,0.6402986624891059,5,1.0440846320998447,-0.2204231604992235,3.0,0,0,0,93.70998949062209,SUCCESS,BULLISH,average_down,0,88150.83,88170.91,-0.022773951181860035,129.26272613601995
2025-12-21T06:35:54.011514+00:00,btc-updown-15m-1766298600,TRADE,UP,DIR_ACCUMULATE,1,1,0.3000725950968222,0.3000725950968222,9.0,0.3922622613314148,5.0,0.6402986624891059,5,1.0325609238205207,-0.16280461910260335,4.0,0,0,0,93.40991689552527,SUCCESS,BULLISH,accumulate,0,88150.83,88170.91,-0.022773951181860035,134.18982062866652
2025-12-21T06:35:59.415280+00:00,btc-updown-15m-1766298600,TRADE,UP,DIR_ACCUMULATE,1,1,0.30009350217860925,0.30009350217860925,10.0,0.38304538541613425,5.0,0.6402986624891059,5,1.0233440479052403,-0.11672023952620125,5.0,0,0,0,93.10982339334666,SUCCESS,BULLISH,accumulate,0,88150.83,88170.91,-0.022773951181860035,134.41983794507013
2025-12-21T06:36:04.808277+00:00,btc-updown-15m-1766298600,TRADE,UP,DIR_ACCUMULATE,1,1,0.30002808233414774,0.30002808233414774,11.0,0.37549835786322644,5.0,0.6402986624891059,5,1.0157970203523323,-0.07898510176166162,6.0,0,0,0,92.80979531101251,SUCCESS,BULLISH,accumulate,0,88150.83,88170.91,-0.022773951181860035,139.82693163263477
2025-12-21T06:36:10.234134+00:00,btc-updown-15m-1766298600,TRADE,DOWN,DIR_REBALANCE,5,5,0.720056815496474,3.60028407748237,11.0,0.37549835786322644,10.0,0.6801777389927899,10,1.0556760968560164,-0.5567609685601638,1.0,0,0,0,89.20951123353014,SUCCESS,BULLISH,rebalance,0,88150.83,88170.91,-0.022773951181860035,141.79635218634795
2025-12-21T06:36:15.768526+00:00,btc-updown-15m-1766298600,TRADE,UP,DIR_AVERAGE_DOWN,1,1,0.30008278108866177,0.30008278108866177,12.0,0.36921372646534606,10.0,0.6801777389927899,10,1.049391465458136,-0.49391465458135997,2.0,0,0,0,88.90942845244147,SUCCESS,BULLISH,average_down,0,88150.84,88170.91,-0.022762609572711662,142.37901502261195
2025-12-21T06:39:15.076892+00:00,btc-updown-15m-1766298600,TRADE,UP,DIR_AVERAGE_DOWN,1,1,0.27003618029969556,0.27003618029969556,13.0,0.36158468445260367,10.0,0.6801777389927899,10,1.0417624234453935,-0.41762423445393493,3.0,0,0,0,88.63939227214178,SUCCESS,BULLISH,average_down,0,88150.83,88170.91,-0.022773951181860035,3004.614959717661
2025-12-21T06:39:20.494793+00:00,btc-updown-15m-1766298600,TRADE,UP,DIR_ACCUMULATE,1,1,0.12001369315367819,0.12001369315367819,14.0,0.3443296136455376,10.0,0.6801777389927899,10,1.0245073526383275,-0.24507352638327484,4.0,0,0,0,88.5193785789881,SUCCESS,BULLISH,accumulate,0,88142.02,88170.91,-0.032765908846806066,177.84154045463404
2025-12-21T06:39:26.024072+00:00,btc-updown-15m-1766298600,TRADE,UP,DIR_ACCUMULATE,1,1,0.17001617606410702,0.17001617606410702,15.0,0.3327087178067755,10.0,0.6801777389927899,10,1.0128864567995655,-0.1288645679956546,5.0,0,0,0,88.34936240292399,SUCCESS,BULLISH,accumulate,0,88142.02,88170.91,-0.032765908846806066,176.99032917819574
2025-12-21T06:45:04.245105+00:00,btc-updown-15m-1766298600,RESOLUTION,UP,MARKET_END,25,25,1.0000,11.7924,15,0.3327,10,0.6802,10,1.0129,-0.1289,0.33,0.0000,0.0000,3.2076,103.35,RESOLVED
2025-12-21T06:45:16.942871+00:00,btc-updown-15m-1766299500,TRADE,DOWN,DIR_AVERAGE_DOWN,1,1,0.44006846477970285,0.44006846477970285,0.0,0.0,1.0,0.44006846477970285,0,0,0.0,1.0,0,0,0,102.90929393814429,SUCCESS,BEARISH,average_down,1,88112.15,88112.14,1.134917389903515e-05,1.723540038958781
2025-12-21T06:46:05.984308+00:00,btc-updown-15m-1766299500,TRADE,DOWN,DIR_AVERAGE_DOWN,1,1,0.3600254041632507,0.3600254041632507,0.0,0.0,2.0,0.40004693447147677,0,0,0.0,2.0,0,0,0,102.54926853398104,SUCCESS,BEARISH,average_down,1,88124.06,88112.14,0.01352821529473493,138.71798593328805
2025-12-21T06:46:11.398535+00:00,btc-updown-15m-1766299500,TRADE,DOWN,DIR_AVERAGE_DOWN,1,1,0.32003036728850576,0.32003036728850576,0.0,0.0,3.0,0.3733747454104865,0,0,0.0,3.0,0,0,0,102.22923816669253,SUCCESS,BEARISH,average_down,1,88128.94,88112.14,0.019066612160370762,185.10122739817558
2025-12-21T06:46:22.301674+00:00,btc-updown-15m-1766299500,TRADE,DOWN,DIR_ACCUMULATE,1,1,0.32008159993319046,0.32008159993319046,0.0,0.0,4.0,0.3600514590411625,0,0,0.0,4.0,0,0,0,101.90915656675934,SUCCESS,BEARISH,accumulate,1,88128.93,88112.14,0.019055262986455213,184.29771118056047
2025-12-21T06:46:33.151302+00:00,btc-updown-15m-1766299500,TRADE,DOWN,DIR_ACCUMULATE,1,1,0.37015800753701766,0.37015800753701766,0.0,0.0,5.0,0.3620727687403335,0,0,0.0,5.0,0,0,0,101.53899855922232,SUCCESS,BEARISH,accumulate,1,88128.94,88112.14,0.019066612160370762,185.643251254501
2025-12-21T06:46:38.580445+00:00,btc-updown-15m-1766299500,TRADE,DOWN,DIR_ACCUMULATE,1,1,0.3400884612977468,0.3400884612977468,0.0,0.0,6.0,0.3584087174999024,0,0,0.0,6.0,0,0,0,101.19891009792457,SUCCESS,BEARISH,accumulate,1,88128.93,88112.14,0.019055262986455213,187.23602077312987
2025-12-21T06:46:44.003086+00:00,btc-updown-15m-1766299500,TRADE,UP,DIR_REBALANCE,5,5,0.6702521247959018,3.351260623979509,5.0,0.6702521247959018,6.0,0.3584087174999024,5,1.0286608422958041,-0.14330421147902062,1.0,0,0,0,97.84764947394505,SUCCESS,BEARISH,rebalance,1,88128.93,88112.14,0.019055262986455213,187.76720219107014
2025-12-21T06:46:49.439697+00:00,btc-updown-15m-1766299500,TRADE,DOWN,DIR_AVERAGE_DOWN,1,1,0.33015258016503723,0.33015258016503723,5.0,0.6702521247959018,7.0,0.3543721264520645,5,1.0246242512479662,-0.12312125623983095,2.0,0,0,0,97.51749689378002,SUCCESS,BEARISH,average_down,1,88128.93,88112.14,0.019055262986455213,188.0312933095983
2025-12-21T06:55:00.963708+00:00,btc-updown-15m-1766299500,TRADE,UP,DIR_EMERGENCY,2,2,0.25010437622355036,0.5002087524471007,7.0,0.5502099109180871,7.0,0.3543721264520645,7,0.9045820373701516,0.6679257384089385,0.0,0,0,0,97.01728814133293,SUCCESS,BEARISH,emergency,1,88098.08,88112.14,-0.015956938510400122,2246.4324687724215
2025-12-21T06:55:22.824804+00:00,btc-updown-15m-1766299500,TRADE,DOWN,DIR_AVERAGE_DOWN,1,1,0.8500377282371574,0.8500377282371574,7.0,0.5502099109180871,8.0,0.4163303266752011,7,0.9665402375932882,0.23421833684698246,1.0,0,0,0,96.16725041309577,SUCCESS,BEARISH,average_down,1,88098.09,88112.14,-0.01594558933650109,2123.821509040324
2025-12-21T06:55:28.304993+00:00,btc-updown-15m-1766299500,TRADE,UP,DIR_EMERGENCY,1,1,0.18004208576569916,0.18004208576569916,8.0,0.5039389327740386,8.0,0.4163303266752011,8,0.9202692594492397,0.6378459244060828,0.0,0,0,0,95.98720832733007,SUCCESS,BEARISH,emergency,1,88098.09,88112.14,-0.01594558933650109,2059.805784597707
2025-12-21T06:55:33.890686+00:00,btc-updown-15m-1766299500,TRADE,DOWN,DIR_AVERAGE_DOWN,1,1,0.829700416634185,0.829700416634185,8.0,0.5039389327740386,9.0,0.4622603366706437,8,0.9661992694446823,0.2704058444425419,1.0,0,0,0,95.15750791069588,SUCCESS,BEARISH,average_down,1,88098.08,88112.14,-0.015956938510400122,2025.0002933243027
2025-12-21T06:55:39.365274+00:00,btc-updown-15m-1766299500,TRADE,UP,DIR_EMERGENCY,1,1,0.20005660315338553,0.20005660315338553,9.0,0.4701742294828549,9.0,0.4622603366706437,9,0.9324345661534986,0.6080889046185124,0.0,0,0,0,94.9574513075425,SUCCESS,BEARISH,emergency,1,88098.09,88112.14,-0.01594558933650109,2037.2882659748732
2025-12-21T06:55:44.837950+00:00,btc-updown-15m-1766299500,TRADE,DOWN,DIR_AVERAGE_DOWN,1,1,0.8102465674453132,0.8102465674453132,9.0,0.4701742294828549,10.0,0.49705895974811065,9,0.9672331892309656,0.29490129692130984,1.0,0,0,0,94.14720474009718,SUCCESS,BEARISH,average_down,1,88098.09,88112.14,-0.01594558933650109,2104.5987560359235
2025-12-21T06:55:50.297248+00:00,btc-updown-15m-1766299500,TRADE,UP,DIR_EMERGENCY,1,1,0.20003045252592444,0.20003045252592444,10.0,0.4431598517871619,10.0,0.49705895974811065,10,0.9402188115352725,0.5978118846472746,0.0,0,0,0,93.94717428757126,SUCCESS,BEARISH,emergency,1,88098.08,88112.14,-0.015956938510400122,2073.221340603787
2025-12-21T06:55:55.770298+00:00,btc-updown-15m-1766299500,TRADE,DOWN,DIR_AVERAGE_DOWN,1,1,0.8103578703844526,0.8103578703844526,10.0,0.4431598517871619,11.0,0.525540678896869,10,0.9687005306840308,0.31299469315969164,1.0,0,0,0,93.13681641718681,SUCCESS,BEARISH,average_down,1,88098.08,88112.14,-0.015956938510400122,2090.084693007865
2025-12-21T06:56:01.238476+00:00,btc-updown-15m-1766299500,TRADE,UP,DIR_EMERGENCY,1,1,0.1900490779046413,0.1900490779046413,11.0,0.42014978143420545,11.0,0.525540678896869,11,0.9456904603310744,0.5974049363581816,0.0,0,0,0,92.94676733928216,SUCCESS,BEARISH,emergency,1,88098.09,88112.14,-0.01594558933650109,2076.128792177422
2025-12-21T06:56:06.726537+00:00,btc-updown-15m-1766299500,TRADE,DOWN,DIR_AVERAGE_DOWN,1,1,0.8500167835333146,0.8500167835333146,11.0,0.42014978143420545,12.0,0.5525803542832395,11,0.9727301357174449,0.29996850710810574,1.0,0,0,0,92.09675055574884,SUCCESS,BEARISH,average_down,1,88098.08,88112.14,-0.015956938510400122,2127.080214538496
2025-12-21T06:56:12.191051+00:00,btc-updown-15m-1766299500,TRADE,UP,DIR_EMERGENCY,1,1,0.14996830375869044,0.14996830375869044,12.0,0.39763465829457917,12.0,0.5525803542832395,12,0.9502150125778186,0.5974198490661768,0.0,0,0,0,91.94678225199016,SUCCESS,BEARISH,emergency,1,88098.09,88112.14,-0.01594558933650109,2063.5840924831773
2025-12-21T07:00:02.606677+00:00,btc-updown-15m-1766299500,RESOLUTION,DOWN,MARKET_END,24,24,1.0000,11.4026,12,0.3976,12,0.5526,12,0.9502,0.5974,0.00,0.0000,0.0000,0.5974,103.95,RESOLVED
2025-12-21T07:00:09.615216+00:00,btc-updown-15m-1766300400,TRADE,DOWN,DIR_AVERAGE_DOWN,1,1,0.4101249387786285,0.4101249387786285,0.0,0.0,1.0,0.4101249387786285,0,0,0.0,1.0,0,0,0,103.53665731321153,SUCCESS,BEARISH,average_down,1,88100.83,88100.83,0.0,0.1867853133240877
2025-12-21T07:02:31.480219+00:00,btc-updown-15m-1766300400,TRADE,DOWN,DIR_AVERAGE_DOWN,1,1,0.3199060418793966,0.3199060418793966,0.0,0.0,2.0,0.36501549032901254,0,0,0.0,2.0,0,0,0,103.21675127133214,SUCCESS,BEARISH,average_down,1,88113.17,88100.83,0.014006678484182848,98.27941758853956
2025-12-21T07:02:47.900461+00:00,btc-updown-15m-1766300400,TRADE,DOWN,DIR_AVERAGE_DOWN,1,1,0.1500232854357294,0.1500232854357294,0.0,0.0,3.0,0.2933514220312515,0,0,0.0,3.0,0,0,0,103.0667279858964,SUCCESS,BEARISH,average_down,1,88136.4,88100.83,0.040374193977505586,243.74464733703715
2025-12-21T07:02:53.410009+00:00,btc-updown-15m-1766300400,TRADE,DOWN,DIR_ACCUMULATE,1,1,0.1500410487155455,0.1500410487155455,0.0,0.0,4.0,0.257523828702325,0,0,0.0,4.0,0,0,0,102.91668693718086,SUCCESS,BEARISH,accumulate,1,88136.4,88100.83,0.040374193977505586,240.9273853530893
2025-12-21T07:02:58.984079+00:00,btc-updown-15m-1766300400,TRADE,DOWN,DIR_ACCUMULATE,1,1,0.12000829208206693,0.12000829208206693,0.0,0.0,5.0,0.23002072137827337,0,0,0.0,5.0,0,0,0,102.7966786450988,SUCCESS,BEARISH,accumulate,1,88148.39,88100.83,0.053983600381514764,372.61340356498823
2025-12-21T07:03:04.401504+00:00,btc-updown-15m-1766300400,TRADE,DOWN,DIR_ACCUMULATE,1,1,0.13004217264111848,0.13004217264111848,0.0,0.0,6.0,0.21335762992208088,0,0,0.0,6.0,0,0,0,102.66663647245768,SUCCESS,BEARISH,accumulate,1,88148.4,88100.83,0.0539949510123712,372.8144676043967
2025-12-21T07:03:09.826064+00:00,btc-updown-15m-1766300400,TRADE,UP,DIR_REBALANCE,5,5,0.8703986046049494,4.351993023024747,5.0,0.8703986046049493,6.0,0.21335762992208088,5,1.0837562345270302,-0.4187811726351509,1.0,0,0,0,98.31464344943294,SUCCESS,BEARISH,rebalance,1,88148.39,88100.83,0.053983600381514764,373.42094691760235
2025-12-21T07:03:15.249966+00:00,btc-updown-15m-1766300400,TRADE,DOWN,DIR_AVERAGE_DOWN,1,1,0.15003536538084228,0.15003536538084228,5.0,0.8703986046049493,7.0,0.2043115921304754,5,1.0747101967354247,-0.37355098367712336,2.0,0,0,0,98.16460808405209,SUCCESS,BEARISH,average_down,1,88148.4,88100.83,0.0539949510123712,373.62192507717657
2025-12-21T07:04:09.792706+00:00,btc-updown-15m-1766300400,TRADE,UP,DIR_AVERAGE_DOWN,1,1,0.7200406201132694,0.7200406201132694,6.0,0.8453389405230026,7.0,0.2043115921304754,6,1.049650532653478,-0.2979031959208678,1.0,0,0,0,97.44456746393882,SUCCESS,BULLISH,average_down,2,88126.5,88100.83,0.029137069423748056,230.38469819794267
2025-12-21T07:04:42.497665+00:00,btc-updown-15m-1766300400,TRADE,UP,DIR_AVERAGE_DOWN,1,1,0.6302937758481277,0.6302937758481277,7.0,0.8146182027123062,7.0,0.2043115921304754,7,1.0189297948427816,-0.13250856389947097,0.0,0,0,0,96.8142736880907,SUCCESS,BULLISH,average_down,2,88112.81,88100.83,0.01359805577313622,114.69048986125706
2025-12-21T07:15:01.710578+00:00,btc-updown-15m-1766300400,RESOLUTION,UP,MARKET_END,14,14,1.0000,7.1325,7,0.8146,7,0.2043,7,1.0189,-0.1325,0.00,0.0000,0.0000,-0.1325,103.81,RESOLVED
2025-12-21T07:15:08.975913+00:00,btc-updown-15m-1766301300,TRADE,UP,DIR_AVERAGE_DOWN,1,1,0.5100793009893896,0.5100793009893896,1.0,0.5100793009893896,0.0,0.0,0,0,0.0,1.0,0,0,0,103.3041943871013,SUCCESS,BULLISH,average_down,2,88116.15,88116.15,0.0,0.01090158319175406
2025-12-21T07:15:41.575394+00:00,btc-updown-15m-1766301300,TRADE,UP,DIR_AVERAGE_DOWN,1,1,0.4198027061966951,0.4198027061966951,2.0,0.46494100359304236,0.0,0.0,0,0,0.0,2.0,0,0,0,102.88439168090461,SUCCESS,BULLISH,average_down,2,88103.65,88116.15,-0.014185821781818658,106.33906424017017
2025-12-21T07:25:04.640284+00:00,btc-updown-15m-1766301300,TRADE,DOWN,DIR_EMERGENCY,2,2,0.4301992884933503,0.8603985769867006,2.0,0.46494100359304236,2.0,0.4301992884933503,2,0.8951402920863927,0.20971941582721465,0.0,0,0,0,102.02399310391792,SUCCESS,BULLISH,emergency,2,88115.5,88116.15,-0.0007376627326479645,100.97009190835338
2025-12-21T07:25:10.082337+00:00,btc-updown-15m-1766301300,TRADE,UP,DIR_AVERAGE_DOWN,1,1,0.5601436280478979,0.5601436280478979,3.0,0.49667521174466084,2.0,0.4301992884933503,2,0.9268745002380112,0.14625099952397758,1.0,0,0,0,101.46384947587002,SUCCESS,BULLISH,average_down,2,88115.5,88116.15,-0.0007376627326479645,100.43521221864103
2025-12-21T07:25:15.509418+00:00,btc-updown-15m-1766301300,TRADE,DOWN,DIR_EMERGENCY,1,1,0.44015371000820774,0.44015371000820774,3.0,0.49667521174466084,3.0,0.4335174289983028,3,0.9301926407429637,0.20942207777110888,0.0,0,0,0,101.02369576586182,SUCCESS,BULLISH,emergency,2,88115.5,88116.15,-0.0007376627326479645,105.74848460385905
2025-12-21T07:25:20.974014+00:00,btc-updown-15m-1766301300,TRADE,UP,DIR_AVERAGE_DOWN,1,1,0.5602503189376515,0.5602503189376515,4.0,0.5125689885429086,3.0,0.4335174289983028,3,0.9460864175412114,0.1617407473763659,1.0,0,0,0,100.46344544692417,SUCCESS,BULLISH,average_down,2,88115.51,88116.15,-0.0007263140752284547,99.7866297847377
2025-12-21T07:25:26.532873+00:00,btc-updown-15m-1766301300,TRADE,DOWN,DIR_EMERGENCY,1,1,0.4601532225290106,0.4601532225290106,4.0,0.5125689885429086,4.0,0.44017637738097976,4,0.9527453659238883,0.18901853630444698,0.0,0,0,0,100.00329222439515,SUCCESS,BULLISH,emergency,2,88115.51,88116.15,-0.0007263140752284547,96.70778888956039
2025-12-21T07:25:31.982723+00:00,btc-updown-15m-1766301300,TRADE,UP,DIR_AVERAGE_DOWN,1,1,0.5500695908548233,0.5500695908548233,5.0,0.5200691090052916,4.0,0.44017637738097976,4,0.9602454863862713,0.1590180544549149,1.0,0,0,0,99.45322263354034,SUCCESS,BULLISH,average_down,2,88115.5,88116.15,-0.0007376627326479645,96.54375742236626
2025-12-21T07:25:37.417756+00:00,btc-updown-15m-1766301300,TRADE,DOWN,DIR_EMERGENCY,1,1,0.4600306782365014,0.4600306782365014,5.0,0.5200691090052916,5.0,0.44414723755208413,5,0.9642163465573756,0.17891826721312176,0.0,0,0,0,98.99319195530383,SUCCESS,BULLISH,emergency,2,88115.5,88116.15,-0.0007376627326479645,97.89760851079541
2025-12-21T07:25:48.371979+00:00,btc-updown-15m-1766301300,TRADE,UP,DIR_AVERAGE_DOWN,1,1,0.5602065135602903,0.5602065135602903,6.0,0.5267586764311246,5.0,0.44414723755208413,5,0.9709059139832088,0.145470430083956,1.0,0,0,0,98.43298544174354,SUCCESS,BULLISH,average_down,2,88115.5,88116.15,-0.0007376627326479645,94.1309417050965
2025-12-21T07:25:53.843872+00:00,btc-updown-15m-1766301300,TRADE,DOWN,DIR_EMERGENCY,1,1,0.46001453529333197,0.46001453529333197,6.0,0.5267586764311246,6.0,0.44679178717562545,6,0.97355046360675,0.1586972183594999,0.0,0,0,0,97.97297090645021,SUCCESS,BULLISH,emergency,2,88115.51,88116.15,-0.0007263140752284547,93.59893508131415
2025-12-21T07:26:04.871928+00:00,btc-updown-15m-1766301300,TRADE,UP,DIR_AVERAGE_DOWN,1,1,0.5901888897730095,0.5901888897730095,7.0,0.5358201354799653,6.0,0.44679178717562545,6,0.9826119226555907,0.10432846406645568,1.0,0,0,0,97.38278201667721,SUCCESS,BULLISH,average_down,2,88115.5,88116.15,-0.0007376627326479645,92.83263436017329
2025-12-21T07:26:10.356105+00:00,btc-updown-15m-1766301300,TRADE,DOWN,DIR_EMERGENCY,1,1,0.4100412123497595,0.4100412123497595,7.0,0.5358201354799653,7.0,0.4415417050576446,7,0.9773618405376099,0.15846711623673082,0.0,0,0,0,96.97274080432746,SUCCESS,BULLISH,emergency,2,88115.5,88116.15,-0.0007376627326479645,92.22382050558296
2025-12-21T07:26:15.840786+00:00,btc-updown-15m-1766301300,TRADE,UP,DIR_AVERAGE_DOWN,1,1,0.5902768296546006,0.5902768296546006,8.0,0.5426272222517947,7.0,0.4415417050576446,7,0.9841689273094394,0.11081750883392427,1.0,0,0,0,96.38246397467286,SUCCESS,BULLISH,average_down,2,88115.5,88116.15,-0.0007376627326479645,90.96063555621632
2025-12-21T07:26:21.335163+00:00,btc-updown-15m-1766301300,TRADE,DOWN,DIR_EMERGENCY,1,1,0.4401622848592879,0.4401622848592879,8.0,0.5426272222517947,8.0,0.44136927753285005,8,0.9839964997846448,0.1280280017228419,0.0,0,0,0,95.94230168981358,SUCCESS,BULLISH,emergency,2,88115.51,88116.15,-0.0007263140752284547,94.41765213919939
2025-12-21T07:26:26.835576+00:00,btc-updown-15m-1766301300,TRADE,UP,DIR_AVERAGE_DOWN,1,1,0.6002730779513511,0.6002730779513511,9.0,0.5490323173295232,8.0,0.44136927753285005,8,0.9904015948623732,0.0767872411010142,1.0,0,0,0,95.34202861186222,SUCCESS,BULLISH,average_down,2,88115.5,88116.15,-0.0007376627326479645,96.3430131446774
2025-12-21T07:26:32.325554+00:00,btc-updown-15m-1766301300,TRADE,DOWN,DIR_EMERGENCY,1,1,0.390187469159991,0.390187469159991,9.0,0.5490323173295232,9.0,0.4356824099358657,9,0.9847147272653889,0.1375674546115,0.0,0,0,0,94.95184114270222,SUCCESS,BULLISH,emergency,2,88115.5,88116.15,-0.0007376627326479645,101.43849728422563
2025-12-21T07:26:43.238502+00:00,btc-updown-15m-1766301300,TRADE,UP,DIR_AVERAGE_DOWN,1,1,0.5901053311755066,0.5901053311755066,10.0,0.5531396187141215,9.0,0.4356824099358657,9,0.9888220286499873,0.10060174215011475,1.0,0,0,0,94.36173581152671,SUCCESS,BULLISH,average_down,2,88115.5,88116.15,-0.0007376627326479645,97.04919280385845
2025-12-21T07:26:59.636672+00:00,btc-updown-15m-1766301300,TRADE,DOWN,DIR_EMERGENCY,1,1,0.39001643569923744,0.39001643569923744,10.0,0.5531396187141215,10.0,0.4311158125122029,10,0.9842554312263244,0.15744568773675582,0.0,0,0,0,93.97171937582748,SUCCESS,BULLISH,emergency,2,88115.51,88116.15,-0.0007263140752284547,100.01772779943668
2025-12-21T07:27:10.585098+00:00,btc-updown-15m-1766301300,TRADE,UP,DIR_AVERAGE_DOWN,1,1,0.6101827300784552,0.6101827300784552,11.0,0.5583253561108792,10.0,0.4311158125122029,10,0.9894411686230821,0.10558831376917932,1.0,0,0,0,93.36153664574903,SUCCESS,BULLISH,average_down,2,88115.51,88116.15,-0.0007263140752284547,99.33768222170487
2025-12-21T07:27:21.676199+00:00,btc-updown-15m-1766301300,TRADE,DOWN,DIR_EMERGENCY,1,1,0.12000013112868607,0.12000013112868607,11.0,0.5583253561108792,11.0,0.40283256875006496,11,0.9611579248609441,0.427262826529615,0.0,0,0,0,93.24153651462034,SUCCESS,BULLISH,emergency,2,88124.29,88116.15,0.009237807144319649,45.329102581530314
2025-12-21T07:27:32.719480+00:00,btc-updown-15m-1766301300,TRADE,UP,DIR_AVERAGE_DOWN,1,1,0.8403295553129768,0.8403295553129768,12.0,0.5818257060443873,11.0,0.40283256875006496,11,0.9846582747944523,0.1687589772610243,1.0,0,0,0,92.40120695930736,SUCCESS,BULLISH,average_down,2,88124.29,88116.15,0.009237807144319649,45.936036157547775
2025-12-21T07:27:38.261841+00:00,btc-updown-15m-1766301300,TRADE,DOWN,DIR_EMERGENCY,1,1,0.16007681335578774,0.16007681335578774,12.0,0.5818257060443873,12.0,0.38260292246720856,12,0.9644286285115959,0.4268564578608487,0.0,0,0,0,92.24113014595157,SUCCESS,BULLISH,emergency,2,88124.3,88116.15,0.009249155801755672,45.82358649592275
2025-12-21T07:27:43.731485+00:00,btc-updown-15m-1766301300,TRADE,UP,DIR_AVERAGE_DOWN,1,1,0.8702131909145839,0.8702131909145839,13.0,0.6040093587267101,12.0,0.38260292246720856,12,0.9866122811939186,0.16065262567297633,1.0,0,0,0,91.37091695503699,SUCCESS,BULLISH,average_down,2,88124.3,88116.15,0.009249155801755672,45.64957727143781
2025-12-21T07:27:49.189359+00:00,btc-updown-15m-1766301300,TRADE,DOWN,DIR_EMERGENCY,1,1,0.16003883665059188,0.16003883665059188,13.0,0.6040093587267101,13.0,0.36548260817362266,13,0.9694919669003328,0.3966044302956737,0.0,0,0,0,91.2108781183864,SUCCESS,BULLISH,emergency,2,88124.29,88116.15,0.009237807144319649,45.502766088606805
2025-12-21T07:27:54.670337+00:00,btc-updown-15m-1766301300,TRADE,UP,DIR_AVERAGE_DOWN,1,1,0.8501593966922615,0.8501593966922615,14.0,0.621591504295678,13.0,0.36548260817362266,13,0.9870741124693007,0.16803653789909145,1.0,0,0,0,90.36071872169414,SUCCESS,BULLISH,average_down,2,88124.3,88116.15,0.009249155801755672,44.95144886537667
2025-12-21T07:28:00.278329+00:00,btc-updown-15m-1766301300,TRADE,DOWN,DIR_EMERGENCY,1,1,0.30014166451369945,0.30014166451369945,14.0,0.621591504295678,14.0,0.3608153979121996,14,0.9824069022078776,0.24630336908971318,0.0,0,0,0,90.06057705718044,SUCCESS,BULLISH,emergency,2,88124.29,88116.15,0.009237807144319649,44.717466106361904
2025-12-21T07:28:05.790766+00:00,btc-updown-15m-1766301300,TRADE,UP,DIR_AVERAGE_DOWN,1,1,0.4400326111848727,0.4400326111848727,15.0,0.609487578088291,14.0,0.3608153979121996,14,0.9703029760004906,0.41575833599313095,1.0,0,0,0,89.62054444599556,SUCCESS,BULLISH,average_down,2,88118.73,88116.15,0.0029279536157693527,15.87093507125443
2025-12-21T07:28:11.236878+00:00,btc-updown-15m-1766301300,TRADE,DOWN,DIR_EMERGENCY,1,1,0.5500270294415387,0.5500270294415387,15.0,0.609487578088291,15.0,0.3734295066808222,15,0.9829170847691132,0.2562437284633018,0.0,0,0,0,89.07051741655403,SUCCESS,BULLISH,emergency,2,88118.73,88116.15,0.0029279536157693527,15.819431540105908
2025-12-21T07:30:01.818891+00:00,btc-updown-15m-1766301300,RESOLUTION,DOWN,MARKET_END,30,30,1.0000,14.7438,15,0.6095,15,0.3734,15,0.9829,0.2562,0.00,0.0000,0.0000,0.2562,104.07,RESOLVED
2025-12-21T07:30:09.023775+00:00,btc-updown-15m-1766302200,TRADE,UP,DIR_AVERAGE_DOWN,1,1,0.49008207487654354,0.49008207487654354,1.0,0.49008207487654354,0.0,0.0,0,0,0.0,1.0,0,0,0,103.58043534167749,SUCCESS,BULLISH,average_down,2,88109.12,88109.12,0.0,0.23521314243819744
2025-12-21T07:31:14.424499+00:00,btc-updown-15m-1766302200,TRADE,UP,DIR_AVERAGE_DOWN,1,1,0.4101692115196335,0.4101692115196335,2.0,0.4501256431980885,0.0,0.0,0,0,0.0,2.0,0,0,0,103.17026613015786,SUCCESS,BULLISH,average_down,2,88096.24,88109.12,-0.01461823702244456,118.41515976172313
2025-12-21T07:40:05.522608+00:00,btc-updown-15m-1766302200,TRADE,DOWN,DIR_EMERGENCY,2,2,0.3600272385043702,0.7200544770087404,2.0,0.4501256431980885,2.0,0.3600272385043702,2,0.8101528817024587,0.3796942365950826,0.0,0,0,0,102.45021165314911,SUCCESS,BULLISH,emergency,2,88114.98,88109.12,0.006650843862701821,913.4093479348679
2025-12-21T07:40:11.025957+00:00,btc-updown-15m-1766302200,TRADE,UP,DIR_AVERAGE_DOWN,1,1,0.6102470894884076,0.6102470894884076,3.0,0.5034994586281948,2.0,0.3600272385043702,2,0.863526697132565,0.27294660573486995,1.0,0,0,0,101.8399645636607,SUCCESS,BULLISH,average_down,2,88114.98,88109.12,0.006650843862701821,861.8544410615519
2025-12-21T07:40:16.500804+00:00,btc-updown-15m-1766302200,TRADE,DOWN,DIR_EMERGENCY,1,1,0.2899763048227553,0.2899763048227553,3.0,0.5034994586281948,3.0,0.33667692727716525,3,0.84017638590536,0.4794708422839199,0.0,0,0,0,101.54998825883794,SUCCESS,BULLISH,emergency,2,88114.97,88109.12,0.006639494299802133,944.3011616199661
2025-12-21T07:40:21.964946+00:00,btc-updown-15m-1766302200,TRADE,UP,DIR_AVERAGE_DOWN,1,1,0.770050439297191,0.770050439297191,4.0,0.5701372037954439,3.0,0.33667692727716525,3,0.9068141310726091,0.2795576067821727,1.0,0,0,0,100.77993781954075,SUCCESS,BULLISH,average_down,2,88114.98,88109.12,0.006650843862701821,1023.7829202906705
2025-12-21T07:40:27.539294+00:00,btc-updown-15m-1766302200,TRADE,DOWN,DIR_EMERGENCY,1,1,0.29002222832994307,0.29002222832994307,4.0,0.5701372037954439,4.0,0.32501325254035973,4,0.8951504563358036,0.41939817465678564,0.0,0,0,0,100.4899155912108,SUCCESS,BULLISH,emergency,2,88114.97,88109.12,0.006639494299802133,1051.3585874230284
2025-12-21T07:40:33.023544+00:00,btc-updown-15m-1766302200,TRADE,UP,DIR_AVERAGE_DOWN,1,1,0.7200007041789369,0.7200007041789369,5.0,0.6001099038721425,4.0,0.32501325254035973,4,0.9251231564125022,0.2995073743499912,1.0,0,0,0,99.76991488703186,SUCCESS,BULLISH,average_down,2,88114.98,88109.12,0.006650843862701821,1085.8442562193698
2025-12-21T07:40:38.512832+00:00,btc-updown-15m-1766302200,TRADE,DOWN,DIR_EMERGENCY,1,1,0.32013829456223103,0.32013829456223103,5.0,0.6001099038721425,5.0,0.324038260944734,5,0.9241481648168764,0.37925917591561775,0.0,0,0,0,99.44977659246963,SUCCESS,BULLISH,emergency,2,88114.97,88109.12,0.006639494299802133,1096.4203326907118
2025-12-21T07:40:49.497017+00:00,btc-updown-15m-1766302200,TRADE,UP,DIR_AVERAGE_DOWN,1,1,0.6797788574030124,0.6797788574030124,6.0,0.6133880627939541,5.0,0.324038260944734,5,0.9374263237386881,0.3128683813065597,1.0,0,0,0,98.76999773506662,SUCCESS,BULLISH,average_down,2,88114.97,88109.12,0.006639494299802133,1132.9229089715507
2025-12-21T07:40:55.068316+00:00,btc-updown-15m-1766302200,TRADE,DOWN,DIR_EMERGENCY,1,1,0.3101344914392666,0.3101344914392666,6.0,0.6133880627939541,6.0,0.3217209660271561,6,0.9351090288211101,0.3893458270733392,0.0,0,0,0,98.45986324362735,SUCCESS,BULLISH,emergency,2,88114.97,88109.12,0.006639494299802133,1125.3447442610877
2025-12-21T07:41:05.992993+00:00,btc-updown-15m-1766302200,TRADE,UP,DIR_AVERAGE_DOWN,1,1,0.7000506880702219,0.7000506880702219,7.0,0.625768437833421,6.0,0.3217209660271561,6,0.947489403860577,0.31506357683653796,1.0,0,0,0,97.75981255555713,SUCCESS,BULLISH,average_down,2,88114.98,88109.12,0.006650843862701821,1074.5595486555578
2025-12-21T07:41:11.451618+00:00,btc-updown-15m-1766302200,TRADE,DOWN,DIR_EMERGENCY,1,1,0.3101391162836782,0.3101391162836782,7.0,0.625768437833421,7.0,0.3200664160638021,7,0.945834853897223,0.37915602271943905,0.0,0,0,0,97.44967343927345,SUCCESS,BULLISH,emergency,2,88114.97,88109.12,0.006639494299802133,1087.6880853750824
2025-12-21T07:41:28.015301+00:00,btc-updown-15m-1766302200,TRADE,UP,DIR_AVERAGE_DOWN,1,1,0.7403263847090292,0.7403263847090292,8.0,0.640088181192872,7.0,0.3200664160638021,7,0.9601545972566741,0.2789178192032815,1.0,0,0,0,96.70934705456442,SUCCESS,BULLISH,average_down,2,88114.98,88109.12,0.006650843862701821,1247.6290398510778
2025-12-21T07:41:33.505490+00:00,btc-updown-15m-1766302200,TRADE,DOWN,DIR_EMERGENCY,1,1,0.1800175834326059,0.1800175834326059,8.0,0.640088181192872,8.0,0.3025603119849026,8,0.9426484931777745,0.4588120545778036,0.0,0,0,0,96.52932947113182,SUCCESS,BULLISH,emergency,2,88114.97,88109.12,0.006639494299802133,1302.1690454361196
2025-12-21T07:41:44.432653+00:00,btc-updown-15m-1766302200,TRADE,UP,DIR_AVERAGE_DOWN,1,1,0.7901600568154478,0.7901600568154478,9.0,0.6567628340398248,8.0,0.3025603119849026,8,0.9593231460247273,0.3254148318021812,1.0,0,0,0,95.73916941431636,SUCCESS,BULLISH,average_down,2,88114.98,88109.12,0.006650843862701821,1408.3236393126906
2025-12-21T07:41:50.010497+00:00,btc-updown-15m-1766302200,TRADE,DOWN,DIR_EMERGENCY,1,1,0.20000916470582433,0.20000916470582433,9.0,0.6567628340398248,9.0,0.29116574006500495,9,0.9479285741048298,0.468642833056532,0.0,0,0,0,95.53916024961055,SUCCESS,BULLISH,emergency,2,88115.58,88109.12,0.00733181763704643,238.61199479861472
2025-12-21T07:41:55.509473+00:00,btc-updown-15m-1766302200,TRADE,UP,DIR_AVERAGE_DOWN,1,1,0.820192195597876,0.820192195597876,10.0,0.67310577019563,9.0,0.29116574006500495,9,0.964271510260635,0.3215564076542854,1.0,0,0,0,94.71896805401268,SUCCESS,BULLISH,average_down,2,88115.58,88109.12,0.00733181763704643,239.68400342383458
2025-12-21T07:42:00.984888+00:00,btc-updown-15m-1766302200,TRADE,DOWN,DIR_EMERGENCY,1,1,0.19003098178448619,0.19003098178448619,10.0,0.67310577019563,10.0,0.2810522642369531,10,0.9541580344325831,0.4584196556741693,0.0,0,0,0,94.52893707222819,SUCCESS,BULLISH,emergency,2,88115.59,88109.12,0.007343167199946117,244.83571523251442
2025-12-21T07:42:06.459131+00:00,btc-updown-15m-1766302200,TRADE,UP,DIR_AVERAGE_DOWN,1,1,0.8703239427009571,0.8703239427009571,11.0,0.6910346949688416,10.0,0.2810522642369531,10,0.9720869592057948,0.279130407942052,1.0,0,0,0,93.65861312952723,SUCCESS,BULLISH,average_down,2,88118.73,88109.12,0.010906929952314338,128.2998479894883
2025-12-21T07:42:11.938322+00:00,btc-updown-15m-1766302200,TRADE,DOWN,DIR_EMERGENCY,1,1,0.11000037505120452,0.11000037505120452,11.0,0.6910346949688416,11.0,0.26550209249279416,11,0.9565367874616357,0.478095337922007,0.0,0,0,0,93.54861275447603,SUCCESS,BULLISH,emergency,2,88118.73,88109.12,0.010906929952314338,127.72452836810729
2025-12-21T07:42:39.494719+00:00,btc-updown-15m-1766302200,TRADE,UP,DIR_AVERAGE_DOWN,1,1,0.8703952545431579,0.8703952545431579,12.0,0.7059814082667013,11.0,0.26550209249279416,11,0.9714835007594955,0.31368149164554926,1.0,0,0,0,92.67821749993287,SUCCESS,BULLISH,average_down,2,88118.72,88109.12,0.01089558038941465,113.40761819755784
2025-12-21T07:42:45.061420+00:00,btc-updown-15m-1766302200,TRADE,DOWN,DIR_EMERGENCY,1,1,0.09002145554093455,0.09002145554093455,12.0,0.7059814082667013,12.0,0.2508787060801392,12,0.9568601143468405,0.5176786278379142,0.0,0,0,0,92.58819604439194,SUCCESS,BULLISH,emergency,2,88130.53,88109.12,0.024299414180965026,161.63872905925643
2025-12-21T07:43:34.491706+00:00,btc-updown-15m-1766302200,TRADE,UP,DIR_AVERAGE_DOWN,1,1,0.19009240653086448,0.19009240653086448,13.0,0.6662976389024061,12.0,0.2508787060801392,12,0.9171763449825453,0.9938838602094564,1.0,0,0,0,92.39810363786107,SUCCESS,BULLISH,average_down,2,88096.66,88109.12,-0.014141555380409941,39.52689575828996
2025-12-21T07:45:02.311238+00:00,btc-updown-15m-1766302200,RESOLUTION,DOWN,MARKET_END,25,25,1.0000,11.6724,13,0.6663,12,0.2509,12,0.9172,0.9939,0.08,0.0000,0.0000,0.3276,104.40,RESOLVED
2025-12-21T07:45:09.448948+00:00,btc-updown-15m-1766303100,TRADE,DOWN,DIR_AVERAGE_DOWN,1,1,0.4700063369240891,0.4700063369240891,0.0,0.0,1.0,0.4700063369240891,0,0,0.0,1.0,0,0,0,103.92809730093698,SUCCESS,BEARISH,average_down,3,88063.42,88063.42,0.0,0.12675023593203882
2025-12-21T07:47:30.903835+00:00,btc-updown-15m-1766303100,TRADE,DOWN,DIR_AVERAGE_DOWN,1,1,0.35012042135897514,0.35012042135897514,0.0,0.0,2.0,0.4100633791415321,0,0,0.0,2.0,0,0,0,103.577976879578,SUCCESS,BEARISH,average_down,3,88072.45,88063.42,0.01025397378389215,58.232446043912375
2025-12-21T07:48:42.077619+00:00,btc-updown-15m-1766303100,TRADE,DOWN,DIR_AVERAGE_DOWN,1,1,0.31014429468810467,0.31014429468810467,0.0,0.0,3.0,0.37675701765705627,0,0,0.0,3.0,0,0,0,103.2678325848899,SUCCESS,BEARISH,average_down,3,88087.25,88063.42,0.027060043773001034,3860.276419480431
2025-12-21T07:48:47.492360+00:00,btc-updown-15m-1766303100,TRADE,DOWN,DIR_ACCUMULATE,1,1,0.31008610548251403,0.31008610548251403,0.0,0.0,4.0,0.3600892896134207,0,0,0.0,4.0,0,0,0,102.95774647940739,SUCCESS,BEARISH,accumulate,3,88087.25,88063.42,0.027060043773001034,3929.322383966756
2025-12-21T07:48:53.129156+00:00,btc-updown-15m-1766303100,TRADE,DOWN,DIR_ACCUMULATE,1,1,0.30010268550915115,0.30010268550915115,0.0,0.0,5.0,0.34809196879256676,0,0,0.0,5.0,0,0,0,102.65764379389825,SUCCESS,BEARISH,accumulate,3,88087.25,88063.42,0.027060043773001034,3929.322383966756
2025-12-21T07:48:58.548515+00:00,btc-updown-15m-1766303100,TRADE,DOWN,DIR_ACCUMULATE,1,1,0.2600880920707362,0.2600880920707362,0.0,0.0,6.0,0.33342465600559495,0,0,0.0,6.0,0,0,0,102.39755570182751,SUCCESS,BEARISH,accumulate,3,88093.05,88063.42,0.03364620633630247,282.24906725334057
2025-12-21T07:49:09.392620+00:00,btc-updown-15m-1766303100,TRADE,UP,DIR_REBALANCE,5,5,0.8503392946335516,4.251696473167758,5.0,0.8503392946335516,6.0,0.33342465600559495,5,1.1837639506391466,-0.9188197531957332,1.0,0,0,0,98.14585922865976,SUCCESS,BEARISH,rebalance,3,88104.85,88063.42,0.04704564051680887,316.5192741077309
2025-12-21T07:49:14.832330+00:00,btc-updown-15m-1766303100,TRADE,DOWN,DIR_AVERAGE_DOWN,1,1,0.20997193645677922,0.20997193645677922,5.0,0.8503392946335516,7.0,0.315788553212907,5,1.1661278478464587,-0.8306392392322937,2.0,0,0,0,97.93588729220298,SUCCESS,BEARISH,average_down,3,88104.86,88063.42,0.047056995969498264,320.7951522710555
2025-12-21T07:49:52.972500+00:00,btc-updown-15m-1766303100,TRADE,DOWN,DIR_AVERAGE_DOWN,1,1,0.17008072088968032,0.17008072088968032,5.0,0.8503392946335516,8.0,0.2975750741725037,5,1.1479143688060554,-0.7395718440302768,3.0,0,0,0,97.76580657131329,SUCCESS,BEARISH,average_down,3,88100.05,88063.42,0.041595023223041594,200.81317912981638
2025-12-21T07:49:58.400567+00:00,btc-updown-15m-1766303100,TRADE,DOWN,DIR_ACCUMULATE,1,1,0.15002284846228112,0.15002284846228112,5.0,0.8503392946335516,9.0,0.2811803824269234,5,1.131519677060475,-0.6575983853023748,4.0,0,0,0,97.615783722851,SUCCESS,BEARISH,accumulate,3,88108.9,88063.42,0.051644598858409003,251.0884152443588
2025-12-21T07:50:03.816298+00:00,btc-updown-15m-1766303100,TRADE,DOWN,DIR_ACCUMULATE,1,1,0.11001907262096311,0.11001907262096311,5.0,0.8503392946335516,10.0,0.26406425144632734,5,1.114403546079879,-0.5720177303993945,5.0,0,0,0,97.50576465023005,SUCCESS,BEARISH,accumulate,3,88127.4,88063.42,0.07265218634479098,386.3658939164736
2025-12-21T07:50:09.231147+00:00,btc-updown-15m-1766303100,TRADE,DOWN,DIR_ACCUMULATE,1,1,0.11000445906599744,0.11000445906599744,5.0,0.8503392946335516,11.0,0.2500588157753883,5,1.10039811040894,-0.5019905520446999,6.0,0,0,0,97.39576019116406,SUCCESS,BEARISH,accumulate,3,88127.4,88063.42,0.07265218634479098,386.3667263452665
2025-12-21T07:50:14.669850+00:00,btc-updown-15m-1766303100,TRADE,UP,DIR_REBALANCE,5,2,0.9002627009863021,1.8005254019726042,7.0,0.8646031250200518,11.0,0.2500588157753883,7,1.1146619407954401,-0.8026335855680808,4.0,0,0,0,95.59523478919145,SUCCESS,BEARISH,rebalance,3,88127.41,88063.42,0.0726635417974969,385.0617003472309
2025-12-21T07:50:20.083815+00:00,btc-updown-15m-1766303100,TRADE,DOWN,DIR_ACCUMULATE,1,1,0.11002102038707352,0.11002102038707352,7.0,0.8646031250200518,12.0,0.23838899949302872,7,1.1029921245130805,-0.7209448715915634,5.0,0,0,0,95.48521376880437,SUCCESS,BEARISH,accumulate,3,88127.4,88063.42,0.07265218634479098,409.71994639152473
2025-12-21T07:50:25.494534+00:00,btc-updown-15m-1766303100,TRADE,DOWN,DIR_ACCUMULATE,1,1,0.11004664372862465,0.11004664372862465,7.0,0.8646031250200518,13.0,0.22851651058807457,7,1.0931196356081263,-0.6518374492568841,6.0,0,0,0,95.37516712507575,SUCCESS,BEARISH,accumulate,3,88127.41,88063.42,0.0726635417974969,411.51451439602937
2025-12-21T07:50:31.025056+00:00,btc-updown-15m-1766303100,TRADE,UP,DIR_REBALANCE,5,5,0.9001648462243911,4.500824231121955,12.0,0.8794205088551932,13.0,0.22851651058807457,12,1.1079370194432678,-1.295244233319214,1.0,0,0,0,90.8743428939538,SUCCESS,BULLISH,rebalance,4,88127.41,88063.42,0.0726635417974969,411.6866349673123
2025-12-21T08:00:03.232883+00:00,btc-updown-15m-1766303100,RESOLUTION,UP,MARKET_END,25,25,1.0000,13.5238,12,0.8794,13,0.2285,12,1.1079,-1.2952,0.08,0.0000,0.0000,-1.5238,102.87,RESOLVED
2025-12-21T08:00:10.424111+00:00,btc-updown-15m-1766304000,TRADE,UP,DIR_AVERAGE_DOWN,1,1,0.490017008773935,0.490017008773935,1.0,0.490017008773935,0.0,0.0,0,0,0.0,1.0,0,0,0,102.38432588517986,SUCCESS,BULLISH,average_down,4,88174.78,88174.78,0.0,0.059977104670598885
2025-12-21T08:01:42.727894+00:00,btc-updown-15m-1766304000,TRADE,UP,DIR_AVERAGE_DOWN,1,1,0.43001810705518395,0.43001810705518395,2.0,0.46001755791455945,0.0,0.0,0,0,0.0,2.0,0,0,0,101.95430777812467,SUCCESS,BULLISH,average_down,4,88174.29,88174.78,-0.0005557144571330245,4.399206654701383
2025-12-21T08:04:20.597026+00:00,btc-updown-15m-1766304000,TRADE,UP,DIR_AVERAGE_DOWN,1,1,0.38004761026501216,0.38004761026501216,3.0,0.43336090869804367,0.0,0.0,0,0,0.0,3.0,0,0,0,101.57426016785966,SUCCESS,BULLISH,average_down,4,88165.27,88174.78,-0.01078539691280745,57.19522255778781
2025-12-21T08:04:26.194079+00:00,btc-updown-15m-1766304000,TRADE,UP,DIR_ACCUMULATE,1,1,0.3700215411146616,0.3700215411146616,4.0,0.41752606680219817,0.0,0.0,0,0,0.0,4.0,0,0,0,101.204238626745,SUCCESS,BULLISH,accumulate,4,88165.26,88174.78,-0.010796738024187954,57.432310780375325
2025-12-21T08:04:31.681807+00:00,btc-updown-15m-1766304000,TRADE,UP,DIR_ACCUMULATE,1,1,0.35006670680891655,0.35006670680891655,5.0,0.40403419480354186,0.0,0.0,0,0,0.0,5.0,0,0,0,100.85417191993608,SUCCESS,BULLISH,accumulate,4,88165.26,88174.78,-0.010796738024187954,735.2667943808412
2025-12-21T08:04:37.191498+00:00,btc-updown-15m-1766304000,TRADE,UP,DIR_ACCUMULATE,1,1,0.35017480060017503,0.35017480060017503,6.0,0.39505762910298076,0.0,0.0,0,0,0.0,6.0,0,0,0,100.5039971193359,SUCCESS,BULLISH,accumulate,4,88165.27,88174.78,-0.01078539691280745,729.2846411042326
2025-12-21T08:04:42.639074+00:00,btc-updown-15m-1766304000,TRADE,DOWN,DIR_REBALANCE,5,5,0.640118058182694,3.20059029091347,6.0,0.39505762910298076,5.0,0.640118058182694,5,1.0351756872856748,-0.17587843642837386,1.0,0,0,0,97.30340682842244,SUCCESS,BULLISH,rebalance,4,88165.26,88174.78,-0.010796738024187954,1567.4654068732873
2025-12-21T08:04:48.454618+00:00,btc-updown-15m-1766304000,TRADE,UP,DIR_AVERAGE_DOWN,1,1,0.35994239223405866,0.35994239223405866,7.0,0.39004116669313477,5.0,0.640118058182694,5,1.0301592248758287,-0.15079612437914336,2.0,0,0,0,96.94346443618838,SUCCESS,BULLISH,average_down,4,88165.27,88174.78,-0.01078539691280745,1627.9614361090219
2025-12-21T08:08:07.762635+00:00,btc-updown-15m-1766304000,TRADE,UP,DIR_AVERAGE_DOWN,1,1,0.2900652545033403,0.2900652545033403,8.0,0.37754417766941045,5.0,0.640118058182694,5,1.0176622358521044,-0.08831117926052179,3.0,0,0,0,96.65339918168503,SUCCESS,BULLISH,average_down,4,88161.28,88174.78,-0.015310500349419642,142.98323317343932
2025-12-21T08:08:13.341919+00:00,btc-updown-15m-1766304000,TRADE,UP,DIR_ACCUMULATE,1,1,0.270055324519288,0.270055324519288,9.0,0.3656009717638413,5.0,0.640118058182694,5,1.0057190299465353,-0.028595149732676406,4.0,0,0,0,96.38334385716574,SUCCESS,BULLISH,accumulate,4,88155.96,88174.78,-0.02134397159821939,192.5712157209398
2025-12-21T08:08:18.818923+00:00,btc-updown-15m-1766304000,TRADE,UP,DIR_ACCUMULATE,1,1,0.20008376433975583,0.20008376433975583,10.0,0.34904925102143275,5.0,0.640118058182694,5,0.9891673092041267,0.05416345397936673,5.0,0,0,0,96.18326009282599,SUCCESS,BULLISH,accumulate,4,88148.21,88174.78,-0.03013333290992326,257.70707972093055
2025-12-21T08:08:24.284246+00:00,btc-updown-15m-1766304000,TRADE,UP,DIR_ACCUMULATE,1,1,0.17003270675572169,0.17003270675572169,11.0,0.33277501972454987,5.0,0.640118058182694,5,0.9728930779072438,0.13553461046378112,6.0,0,0,0,96.01322738607027,SUCCESS,BULLISH,accumulate,4,88141.88,88174.78,-0.03731225640709756,274.45561507403244
2025-12-21T08:08:29.777959+00:00,btc-updown-15m-1766304000,TRADE,DOWN,DIR_REBALANCE,5,5,0.8000728611679799,4.000364305839899,11.0,0.33277501972454987,10.0,0.720095459675337,10,1.0528704793998869,-0.5287047939988687,1.0,0,0,0,92.01286308023037,SUCCESS,BULLISH,rebalance,4,88141.87,88174.78,-0.037323597518478066,298.4996876902862
2025-12-21T08:08:35.294760+00:00,btc-updown-15m-1766304000,TRADE,UP,DIR_AVERAGE_DOWN,1,1,0.20003083681328207,0.20003083681328207,12.0,0.32171300448194423,10.0,0.720095459675337,10,1.0418084641572811,-0.4180846415728112,2.0,0,0,0,91.81283224341709,SUCCESS,BULLISH,average_down,4,88141.87,88174.78,-0.037323597518478066,285.29981325874365
2025-12-21T08:15:00.636268+00:00,btc-updown-15m-1766304000,RESOLUTION,DOWN,MARKET_END,22,22,1.0000,11.0615,12,0.3217,10,0.7201,10,1.0418,-0.4181,0.17,0.0000,0.0000,-1.0615,101.81,RESOLVED
2025-12-21T08:15:08.514918+00:00,btc-updown-15m-1766304900,TRADE,UP,DIR_AVERAGE_DOWN,1,1,0.5002282357142984,0.5002282357142984,1.0,0.5002282357142984,0.0,0.0,0,0,0.0,1.0,0,0,0,101.31260400770279,SUCCESS,BULLISH,average_down,4,88157.49,88157.49,0.0,3.7026928502972745e-08
2025-12-21T08:15:19.460258+00:00,btc-updown-15m-1766304900,TRADE,UP,DIR_AVERAGE_DOWN,1,1,0.42005105361580264,0.42005105361580264,2.0,0.46013964466505053,0.0,0.0,0,0,0.0,2.0,0,0,0,100.89255295408698,SUCCESS,BULLISH,average_down,4,88144.49,88157.49,-0.01474633635780692,121.28239181449312
2025-12-21T08:25:01.084415+00:00,btc-updown-15m-1766304900,TRADE,DOWN,DIR_EMERGENCY,2,2,0.05002303081823711,0.10004606163647423,2.0,0.46013964466505053,2.0,0.05002303081823711,2,0.5101626754832876,0.9796746490334247,0.0,0,0,0,100.7925068924505,SUCCESS,BULLISH,emergency,4,88229.95,88157.49,0.08219381019127456,141.52895332765632
2025-12-21T08:30:03.086006+00:00,btc-updown-15m-1766304900,RESOLUTION,UP,MARKET_END,4,4,1.0000,1.0203,2,0.4601,2,0.0500,2,0.5102,0.9797,0.00,0.0000,0.0000,0.9797,102.79,RESOLVED
2025-12-21T08:30:10.466306+00:00,btc-updown-15m-1766305800,TRADE,UP,DIR_AVERAGE_DOWN,1,1,0.42005243373513723,0.42005243373513723,1.0,0.42005243373513723,0.0,0.0,0,0,0.0,1.0,0,0,0,102.37245445871537,SUCCESS,BULLISH,average_down,4,88251.19,88251.19,0.0,0.12993137082604822
2025-12-21T08:30:27.019159+00:00,btc-updown-15m-1766305800,TRADE,UP,DIR_AVERAGE_DOWN,1,1,0.3600998855081062,0.3600998855081062,2.0,0.3900761596216217,0.0,0.0,0,0,0.0,2.0,0,0,0,102.01235457320726,SUCCESS,BULLISH,average_down,4,88239.99,88251.19,-0.012691046998909692,110.83760346893564
2025-12-21T08:40:02.985593+00:00,btc-updown-15m-1766305800,TRADE,DOWN,DIR_EMERGENCY,2,2,0.03000662172444192,0.06001324344888384,2.0,0.3900761596216217,2.0,0.03000662172444192,2,0.4200827813460636,1.1598344373078728,0.0,0,0,0,101.95234132975838,SUCCESS,BULLISH,emergency,4,88391.27,88251.19,0.15872873782212085,639.4057740755753
2025-12-21T08:45:04.853624+00:00,btc-updown-15m-1766305800,RESOLUTION,UP,MARKET_END,4,4,1.0000,0.8402,2,0.3901,2,0.0300,2,0.4201,1.1598,0.00,0.0000,0.0000,1.1598,103.95,RESOLVED
2025-12-21T08:45:11.873011+00:00,btc-updown-15m-1766306700,TRADE,UP,DIR_AVERAGE_DOWN,1,1,0.5102541309212112,0.5102541309212112,1.0,0.5102541309212112,0.0,0.0,0,0,0.0,1.0,0,0,0,103.44208719883717,SUCCESS,BULLISH,average_down,4,88623.25,88623.25,0.0,0.0014500704949488886
2025-12-21T08:45:17.311380+00:00,btc-updown-15m-1766306700,TRADE,UP,DIR_AVERAGE_DOWN,1,1,0.45018300911835396,0.45018300911835396,2.0,0.4802185700197826,0.0,0.0,0,0,0.0,2.0,0,0,0,102.99190418971882,SUCCESS,BULLISH,average_down,4,88603.93,88623.25,-0.021800148380935008,110.45761847034021
2025-12-21T08:45:33.562485+00:00,btc-updown-15m-1766306700,TRADE,UP,DIR_AVERAGE_DOWN,1,1,0.32001680593541687,0.32001680593541687,3.0,0.42681798199166066,0.0,0.0,0,0,0.0,3.0,0,0,0,102.67188738378341,SUCCESS,BULLISH,average_down,4,88551.73,88623.25,-0.08070117040393358,409.7655645189808
2025-12-21T08:45:38.989520+00:00,btc-updown-15m-1766306700,TRADE,UP,DIR_ACCUMULATE,1,1,0.3101340702130439,0.3101340702130439,4.0,0.3976470040470065,0.0,0.0,0,0,0.0,4.0,0,0,0,102.36175331357038,SUCCESS,BULLISH,accumulate,4,88539.88,88623.25,-0.09407237942638681,533.1905819040463
2025-12-21T08:45:44.439949+00:00,btc-updown-15m-1766306700,TRADE,UP,DIR_ACCUMULATE,1,1,0.3900659639738375,0.3900659639738375,5.0,0.39613079603237267,0.0,0.0,0,0,0.0,5.0,0,0,0,101.97168734959654,SUCCESS,BULLISH,accumulate,4,88564.78,88623.25,-0.06597591489817983,377.0970692424236
2025-12-21T08:45:55.494756+00:00,btc-updown-15m-1766306700,TRADE,UP,DIR_ACCUMULATE,1,1,0.43014200807541875,0.43014200807541875,6.0,0.4017993313728803,0.0,0.0,0,0,0.0,6.0,0,0,0,101.54154534152111,SUCCESS,BULLISH,accumulate,4,88585.62,88623.25,-0.04246064097175928,233.52322189034163
2025-12-21T08:46:00.934373+00:00,btc-updown-15m-1766306700,TRADE,DOWN,DIR_REBALANCE,5,5,0.5701837292508423,2.850918646254211,6.0,0.4017993313728803,5.0,0.5701837292508423,5,0.9719830606237225,0.14008469688138736,1.0,0,0,0,98.6906266952669,SUCCESS,BULLISH,rebalance,4,88597.64,88623.25,-0.028897608697492565,154.6722172322294
2025-12-21T08:46:06.390388+00:00,btc-updown-15m-1766306700,TRADE,UP,DIR_AVERAGE_DOWN,1,1,0.45003356610367345,0.45003356610367345,7.0,0.40868993633442224,5.0,0.5701837292508423,5,0.9788736655852646,0.10563167207367719,2.0,0,0,0,98.24059312916323,SUCCESS,BULLISH,average_down,4,88589.14,88623.25,-0.038488771287444976,195.02116687684378
2025-12-21T08:46:44.571152+00:00,btc-updown-15m-1766306700,TRADE,UP,DIR_AVERAGE_DOWN,1,1,0.3100571320790009,0.3100571320790009,8.0,0.3963608358024946,5.0,0.5701837292508423,5,0.9665445650533369,0.16727717473331571,3.0,0,0,0,97.93053599708423,SUCCESS,BULLISH,average_down,4,88549.17,88623.25,-0.08358980290161075,479.80664662367127
2025-12-21T08:46:50.018346+00:00,btc-updown-15m-1766306700,TRADE,UP,DIR_ACCUMULATE,1,1,0.35010463673766234,0.35010463673766234,9.0,0.39122125812862435,5.0,0.5701837292508423,5,0.9614049873794666,0.1929750631026672,4.0,0,0,0,97.58043136034657,SUCCESS,BULLISH,accumulate,4,88549.17,88623.25,-0.08358980290161075,479.80691490769186
2025-12-21T08:46:55.480842+00:00,btc-updown-15m-1766306700,TRADE,UP,DIR_ACCUMULATE,1,1,0.3500329896388403,0.3500329896388403,10.0,0.38710243127964594,5.0,0.5701837292508423,5,0.9572861605304882,0.21356919734755897,5.0,0,0,0,97.23039837070773,SUCCESS,BULLISH,accumulate,4,88555.04,88623.25,-0.0769662588542018,427.42876392706705
2025-12-21T08:47:00.923817+00:00,btc-updown-15m-1766306700,TRADE,UP,DIR_ACCUMULATE,1,1,0.3300970247247053,0.3300970247247053,11.0,0.38192012159283323,5.0,0.5701837292508423,5,0.9521038508436754,0.23948074578162282,6.0,0,0,0,96.90030134598302,SUCCESS,BULLISH,accumulate,4,88555.05,88623.25,-0.07695497513349724,433.91951129089875
2025-12-21T08:47:06.357322+00:00,btc-updown-15m-1766306700,TRADE,DOWN,DIR_REBALANCE,5,5,0.6202768563065114,3.101384281532557,11.0,0.38192012159283323,10.0,0.5952302927786768,10,0.97715041437151,0.22849585628490043,1.0,0,0,0,93.79891706445046,SUCCESS,BULLISH,rebalance,4,88569.05,88623.25,-0.061157766161810914,336.78768500510387
2025-12-21T08:47:17.455262+00:00,btc-updown-15m-1766306700,TRADE,DOWN,DIR_AVERAGE_DOWN,1,1,0.5301188755247845,0.5301188755247845,11.0,0.38192012159283323,11.0,0.589311073028323,11,0.9712311946211563,0.31645685916728117,0.0,0,0,0,93.26879818892569,SUCCESS,BEARISH,average_down,5,88594.55,88623.25,-0.03238427839195368,176.75822837912094
2025-12-21T09:00:00.091641+00:00,btc-updown-15m-1766306700,RESOLUTION,UP,MARKET_END,22,22,1.0000,10.6835,11,0.3819,11,0.5893,11,0.9712,0.3165,0.00,0.0000,0.0000,0.3165,104.27,RESOLVED
2025-12-21T09:00:07.592722+00:00,btc-updown-15m-1766307600,TRADE,DOWN,DIR_AVERAGE_DOWN,1,1,0.35002113995711875,0.35002113995711875,0.0,0.0,1.0,0.35002113995711875,0,0,0.0,1.0,0,0,0,103.91877704896856,SUCCESS,BEARISH,average_down,5,88598.72,88598.72,0.0,0.21540619555269966
2025-12-21T09:00:18.577926+00:00,btc-updown-15m-1766307600,TRADE,DOWN,DIR_AVERAGE_DOWN,1,1,0.3101395734782406,0.3101395734782406,0.0,0.0,2.0,0.33008035671767966,0,0,0.0,2.0,0,0,0,103.60863747549033,SUCCESS,BEARISH,average_down,5,88613.16,88598.72,0.01629820385667234,96.90961609572047
2025-12-21T09:00:45.705922+00:00,btc-updown-15m-1766307600,TRADE,DOWN,DIR_AVERAGE_DOWN,1,1,0.27008514544261325,0.27008514544261325,0.0,0.0,3.0,0.31008195295932417,0,0,0.0,3.0,0,0,0,103.33855233004772,SUCCESS,BEARISH,average_down,5,88616.34,88598.72,0.01988742049546014,121.01103274222203
2025-12-21T09:00:56.528572+00:00,btc-updown-15m-1766307600,TRADE,DOWN,DIR_ACCUMULATE,1,1,0.2201095876995572,0.2201095876995572,0.0,0.0,4.0,0.2875888616443824,0,0,0.0,4.0,0,0,0,103.11844274234817,SUCCESS,BEARISH,accumulate,5,88654.0,88598.72,0.06239367792220795,382.49714902541785
2025-12-21T09:01:02.070862+00:00,btc-updown-15m-1766307600,TRADE,DOWN,DIR_ACCUMULATE,1,1,0.22010783088051553,0.22010783088051553,0.0,0.0,5.0,0.27409265549160905,0,0,0.0,5.0,0,0,0,102.89833491146764,SUCCESS,BEARISH,accumulate,5,88663.02,88598.72,0.07257441191024307,471.71669192350674
2025-12-21T09:01:12.940073+00:00,btc-updown-15m-1766307600,TRADE,DOWN,DIR_ACCUMULATE,1,1,0.20002355886936535,0.20002355886936535,0.0,0.0,6.0,0.26174780605456843,0,0,0.0,6.0,0,0,0,102.69831135259828,SUCCESS,BEARISH,accumulate,5,88697.2,88598.72,0.11115284735490076,696.0900658917169
2025-12-21T09:01:18.380983+00:00,btc-updown-15m-1766307600,TRADE,UP,DIR_REBALANCE,5,4,0.8002033109630153,3.2008132438520613,4.0,0.8002033109630153,6.0,0.26174780605456843,4,1.0619511170175837,-0.24780446807033485,2.0,0,0,0,99.49749810874621,SUCCESS,BEARISH,rebalance,5,88676.67,88598.72,0.08798095502959534,510.7256767801814
2025-12-21T09:01:23.904449+00:00,btc-updown-15m-1766307600,TRADE,DOWN,DIR_AVERAGE_DOWN,1,1,0.24005841980987624,0.24005841980987624,4.0,0.8002033109630153,7.0,0.25864932230532667,4,1.0588526332683421,-0.23541053307336846,3.0,0,0,0,99.25743968893634,SUCCESS,BEARISH,average_down,5,88666.4,88598.72,0.07638936544454933,431.9642171442939
2025-12-21T09:05:35.646187+00:00,btc-updown-15m-1766307600,TRADE,UP,DIR_ACCUMULATE,1,1,0.780134467073868,0.780134467073868,5.0,0.7961895421851859,7.0,0.25864932230532667,5,1.0548388644905127,-0.27419432245256337,2.0,0,0,0,98.47730522186248,SUCCESS,BULLISH,accumulate,6,88640.0,88598.72,0.04659209523568606,267.92096736496904
2025-12-21T09:05:52.023360+00:00,btc-updown-15m-1766307600,TRADE,UP,DIR_AVERAGE_DOWN,1,1,0.6300717516197594,0.6300717516197594,6.0,0.7685032437576148,7.0,0.25864932230532667,6,1.0271525660629415,-0.16291539637764885,1.0,0,0,0,97.84723347024271,SUCCESS,BULLISH,average_down,6,88579.99,88598.72,-0.02114026026560646,126.6768497249925
2025-12-21T09:05:57.454685+00:00,btc-updown-15m-1766307600,TRADE,UP,DIR_AVERAGE_DOWN,1,1,0.5302587788788434,0.5302587788788434,7.0,0.7344683202035045,7.0,0.25864932230532667,7,0.9931176425088312,0.048176502438181834,0.0,0,0,0,97.31697469136387,SUCCESS,BULLISH,average_down,6,88542.48,88598.72,-0.06347721502071954,392.49447102614977
2025-12-21T09:07:21.001873+00:00,btc-updown-15m-1766307600,TRADE,DOWN,DIR_AVERAGE_DOWN,1,1,0.4600166141291262,0.4600166141291262,7.0,0.7344683202035045,8.0,0.2838202337833016,7,1.018288553986806,-0.12801987790764247,1.0,0,0,0,96.85695807723474,SUCCESS,BEARISH,average_down,7,88545.3,88598.72,-0.060294324793855096,448.4437198920149
2025-12-21T09:09:09.348657+00:00,btc-updown-15m-1766307600,TRADE,DOWN,DIR_AVERAGE_DOWN,1,1,0.4101429374867561,0.4101429374867561,7.0,0.7344683202035045,9.0,0.29785608975035216,7,1.0323244099538567,-0.2262708696769966,2.0,0,0,0,96.44681513974798,SUCCESS,BEARISH,average_down,7,88558.0,88598.72,-0.04596003192822781,289.12994608049644
2025-12-21T09:09:25.865065+00:00,btc-updown-15m-1766307600,TRADE,DOWN,DIR_AVERAGE_DOWN,1,1,0.31001169515796173,0.31001169515796173,7.0,0.7344683202035045,10.0,0.2990716502911131,7,1.0335399704946175,-0.2347797934623228,3.0,0,0,0,96.13680344459002,SUCCESS,BEARISH,average_down,7,88588.64,88598.72,-0.011377139534297726,95.90820456075156
2025-12-21T09:09:31.400164+00:00,btc-updown-15m-1766307600,TRADE,DOWN,DIR_ACCUMULATE,1,1,0.28009662097991844,0.28009662097991844,7.0,0.7344683202035045,11.0,0.297346647626459,7,1.0318149678299635,-0.2227047748097446,4.0,0,0,0,95.8567068236101,SUCCESS,BEARISH,accumulate,7,88588.64,88598.72,-0.011377139534297726,102.02403040754639
2025-12-21T09:09:44.664520+00:00,btc-updown-15m-1766307600,TRADE,DOWN,DIR_ACCUMULATE,1,1,0.2700046971890525,0.2700046971890525,7.0,0.7344683202035045,12.0,0.29506815175667517,7,1.0295364719601796,-0.20675530372125728,5.0,0,0,0,95.58670212642105,SUCCESS,BEARISH,accumulate,7,88597.51,88598.72,-0.0013657082179137608,11.491696434525538
2025-12-21T09:09:57.204406+00:00,btc-updown-15m-1766307600,TRADE,DOWN,DIR_ACCUMULATE,1,1,0.3200603652250812,0.3200603652250812,7.0,0.7344683202035045,13.0,0.29699062971578327,7,1.0314589499192879,-0.22021264943501517,6.0,0,0,0,95.26664176119597,SUCCESS,BEARISH,accumulate,7,88585.37,88598.72,-0.015067937776082794,116.43910907100744
2025-12-21T09:15:01.401024+00:00,btc-updown-15m-1766307600,RESOLUTION,DOWN,MARKET_END,20,20,1.0000,9.0022,7,0.7345,13,0.2970,7,1.0315,-0.2202,0.46,0.0000,0.0000,3.9978,108.27,RESOLVED
2025-12-21T09:15:09.947124+00:00,btc-updown-15m-1766308500,TRADE,DOWN,DIR_AVERAGE_DOWN,1,1,0.5800663564545542,0.5800663564545542,0.0,0.0,1.0,0.5800663564545542,0,0,0.0,1.0,0,0,0,107.68657540474142,SUCCESS,BEARISH,average_down,7,88681.85,88681.85,0.0,0.014202849718390904
2025-12-21T09:16:15.657988+00:00,btc-updown-15m-1766308500,TRADE,DOWN,DIR_AVERAGE_DOWN,1,1,0.4800740254667675,0.4800740254667675,0.0,0.0,2.0,0.5300701909606609,0,0,0.0,2.0,0,0,0,107.20650137927466,SUCCESS,BEARISH,average_down,7,88737.74,88681.85,0.06302304248276216,394.1353958822622
2025-12-21T09:16:43.298659+00:00,btc-updown-15m-1766308500,TRADE,DOWN,DIR_AVERAGE_DOWN,1,1,0.4201497353331101,0.4201497353331101,0.0,0.0,3.0,0.4934300390848106,0,0,0.0,3.0,0,0,0,106.78635164394154,SUCCESS,BEARISH,average_down,7,88733.09,88681.85,0.05777957947425621,317.4198071976494
2025-12-21T09:16:48.921029+00:00,btc-updown-15m-1766308500,TRADE,DOWN,DIR_ACCUMULATE,1,1,0.45009888793802527,0.45009888793802527,0.0,0.0,4.0,0.48259725129811426,0,0,0.0,4.0,0,0,0,106.33625275600352,SUCCESS,BEARISH,accumulate,7,88733.09,88681.85,0.05777957947425621,317.036834588817
2025-12-21T09:16:54.445408+00:00,btc-updown-15m-1766308500,TRADE,DOWN,DIR_ACCUMULATE,1,1,0.450112233822901,0.450112233822901,0.0,0.0,5.0,0.4761002478030716,0,0,0.0,5.0,0,0,0,105.88614052218061,SUCCESS,BEARISH,accumulate,7,88733.08,88681.85,0.057768303209727714,320.4235611365022
2025-12-21T09:17:00.071409+00:00,btc-updown-15m-1766308500,TRADE,UP,DIR_ACCUMULATE,1,1,0.5500462701306803,0.5500462701306803,1.0,0.5500462701306803,5.0,0.4761002478030716,1,1.026146517933752,-0.02614651793375189,4.0,0,0,0,105.33609425204993,SUCCESS,BULLISH,accumulate,8,88733.08,88681.85,0.057768303209727714,320.93742308244515
2025-12-21T09:17:05.581990+00:00,btc-updown-15m-1766308500,TRADE,UP,DIR_ACCUMULATE,1,1,0.590229532332238,0.590229532332238,2.0,0.5701379012314591,5.0,0.4761002478030716,2,1.0462381490345307,-0.09247629806906144,3.0,0,0,0,104.74586471971769,SUCCESS,BULLISH,accumulate,8,88733.88,88681.85,0.058670404372483026,335.00905437746246
2025-12-21T09:17:11.197683+00:00,btc-updown-15m-1766308500,TRADE,UP,DIR_ACCUMULATE,1,1,0.5897112672723158,0.5897112672723158,3.0,0.5766623565784114,5.0,0.4761002478030716,3,1.052762604381483,-0.15828781314444917,2.0,0,0,0,104.15615345244537,SUCCESS,BULLISH,accumulate,8,88733.88,88681.85,0.058670404372483026,312.4513927062521
2025-12-21T09:19:08.896758+00:00,btc-updown-15m-1766308500,TRADE,UP,DIR_AVERAGE_DOWN,1,1,0.520141219852906,0.520141219852906,4.0,0.562532072397035,5.0,0.4761002478030716,4,1.0386323202001067,-0.1545292808004266,1.0,0,0,0,103.63601223259246,SUCCESS,BULLISH,average_down,8,88720.75,88681.85,0.04386466903881028,358.5155958476609
2025-12-21T09:19:54.038524+00:00,btc-updown-15m-1766308500,TRADE,UP,DIR_AVERAGE_DOWN,1,1,0.4401197378191855,0.4401197378191855,5.0,0.5380496054814651,5.0,0.4761002478030716,5,1.0141498532845366,-0.07074926642268276,0.0,0,0,0,103.19589249477328,SUCCESS,BULLISH,average_down,8,88688.36,88681.85,0.007340848211888635,47.55632137472795
2025-12-21T09:29:17.560831+00:00,btc-updown-15m-1766308500,TRADE,UP,DIR_AVERAGE_DOWN,1,1,0.1300557118039424,0.1300557118039424,6.0,0.47005062320187796,5.0,0.4761002478030716,5,0.9461508710049495,0.2692456449752523,1.0,0,0,0,103.06583678296933,SUCCESS,BULLISH,average_down,8,88674.44,88681.85,-0.0083557120199945,73.65574431467986
2025-12-21T09:30:02.339013+00:00,btc-updown-15m-1766308500,RESOLUTION,UP,MARKET_END,11,11,1.0000,5.2008,6,0.4701,5,0.4761,5,0.9462,0.2692,0.17,0.0000,0.0000,0.7992,109.07,RESOLVED
2025-12-21T09:30:09.913804+00:00,btc-updown-15m-1766309400,TRADE,UP,DIR_AVERAGE_DOWN,1,1,0.4901233784796661,0.4901233784796661,1.0,0.4901233784796661,0.0,0.0,0,0,0.0,1.0,0,0,0,108.57571340448966,SUCCESS,BULLISH,average_down,8,88643.85,88643.85,0.0,0.22405342194338065
2025-12-21T09:40:12.096120+00:00,btc-updown-15m-1766309400,TRADE,DOWN,DIR_EMERGENCY,1,1,0.029990405379527983,0.029990405379527983,1.0,0.4901233784796661,1.0,0.029990405379527983,1,0.520113783859194,0.47988621614080595,0.0,0,0,0,108.54572299911014,SUCCESS,BULLISH,emergency,8,88836.98,88643.85,0.21787185461821673,595.7214056844952
2025-12-21T09:45:01.051351+00:00,btc-updown-15m-1766309400,RESOLUTION,UP,MARKET_END,2,2,1.0000,0.5201,1,0.4901,1,0.0300,1,0.5201,0.4799,0.00,0.0000,0.0000,0.4799,109.55,RESOLVED
