timestamp,market_slug,event_type,trade_side,trade_mode,size_requested,size_filled,price,cost,pos_up_size,pos_up_avg_price,pos_down_size,pos_down_avg_price,pos_hedged_pairs,pos_pair_cost,pos_locked_profit,pos_imbalance,pnl_min,pnl_max,pnl_realized,balance_after,status,bias,action,flip_count,btc_price,btc_strike,btc_change_pct,btc_zscore
2025-12-20T15:50:56.657972+00:00,btc-updown-15m-1766245500,TRADE,UP,DIR_AVERAGE_DOWN,5,5,0.760095628971177,3.800478144855885,5.0,0.760095628971177,0.0,0.0,0,0,0.0,5.0,0,0,0,96.19952185514411,SUCCESS,BULLISH,average_down,0,88206.61,88206.61,0.0,1.7354008314787917e-08
2025-12-20T15:50:57.074847+00:00,btc-updown-15m-1766245500,TRADE,UP,DIR_ACCUMULATE,5,2,0.7703346868936933,1.5406693737873867,7.0,0.763021074091896,0.0,0.0,0,0,0.0,7.0,0,0,0,94.65885248135673,SUCCESS,BULLISH,accumulate,0,88206.61,88206.61,0.0,1.7354008314787917e-08
2025-12-20T15:50:57.511393+00:00,btc-updown-15m-1766245500,TRADE,DOWN,DIR_REBALANCE,5,5,0.24002573717831915,1.2001286858915958,7.0,0.763021074091896,5.0,0.24002573717831915,5,1.003046811270215,-0.015234056351075553,2.0,0,0,0,93.45872379546513,SUCCESS,BULLISH,rebalance,0,88206.61,88206.61,0.0,1.722006580127091e-08
2025-12-20T15:50:57.905156+00:00,btc-updown-15m-1766245500,TRADE,UP,DIR_AVERAGE_DOWN,5,3,0.7700084344520756,2.310025303356227,10.0,0.7651172821999499,5.0,0.24002573717831915,5,1.005143019378269,-0.025715096891345546,5.0,0,0,0,91.1486984921089,SUCCESS,BULLISH,average_down,0,88206.61,88206.61,0.0,1.722006580127091e-08
2025-12-20T15:50:58.291396+00:00,btc-updown-15m-1766245500,TRADE,UP,DIR_ACCUMULATE,5,1,0.7801609525819108,0.7801609525819108,11.0,0.7664848885983099,5.0,0.24002573717831915,5,1.006510625776629,-0.03255312888314488,6.0,0,0,0,90.368537539527,SUCCESS,BULLISH,accumulate,0,88206.61,88206.61,0.0,1.7089176538615008e-08
2025-12-20T15:50:58.879755+00:00,btc-updown-15m-1766245500,TRADE,DOWN,DIR_REBALANCE,5,5,0.2500032564858509,1.2500162824292547,11.0,0.7664848885983099,10.0,0.24501449683208504,10,1.0114993854303949,-0.1149938543039486,1.0,0,0,0,89.11852125709774,SUCCESS,BULLISH,rebalance,0,88206.6,88206.61,-1.133701884106113e-05,3.0043297572461842
2025-12-20T15:50:59.276225+00:00,btc-updown-15m-1766245500,TRADE,UP,DIR_AVERAGE_DOWN,4,4,0.7600112715279438,3.040045086111775,15.0,0.7647585907128789,10.0,0.24501449683208504,10,1.009773087544964,-0.09773087544963976,5.0,0,0,0,86.07847617098597,SUCCESS,BULLISH,average_down,0,88206.6,88206.61,-1.133701884106113e-05,2.690525634551845
2025-12-20T15:58:05.890147+00:00,btc-updown-15m-1766245500,TRADE,UP,DIR_AVERAGE_DOWN,5,5,0.8800736797853517,4.400368398926759,5.0,0.8800736797853517,0.0,0.0,0,0,0.0,5.0,0,0,0,95.59963160107324,SUCCESS,BULLISH,average_down,0,88193.61,88193.61,0.0,4.166100950644687e-08
2025-12-20T15:58:06.326637+00:00,btc-updown-15m-1766245500,TRADE,DOWN,DIR_EMERGENCY,5,5,0.13006057099934462,0.6503028549967231,5.0,0.8800736797853517,5.0,0.13006057099934462,5,1.0101342507846962,-0.05067125392348104,0.0,0,0,0,94.94932874607652,SUCCESS,BULLISH,emergency,0,88193.6,88193.61,-1.1338689951302946e-05,1.0936965766107865
2025-12-20T15:58:15.209246+00:00,btc-updown-15m-1766245500,TRADE,UP,DIR_AVERAGE_DOWN,5,1,0.8202844043422696,0.8202844043422696,6.0,0.8701088005448381,5.0,0.13006057099934462,5,1.0001693715441826,-0.0008468577209130856,1.0,0,0,0,94.12904434173424,SUCCESS,BULLISH,average_down,0,88193.6,88193.61,-1.1338689951302946e-05,3.920675532518505
2025-12-20T15:58:15.776157+00:00,btc-updown-15m-1766245500,TRADE,DOWN,DIR_EMERGENCY,1,1,0.1800799667461812,0.1800799667461812,6.0,0.8701088005448381,6.0,0.13839713695715072,6,1.008505937501989,-0.05103562501193348,0.0,0,0,0,93.94896437498807,SUCCESS,BULLISH,emergency,0,88193.6,88193.61,-1.1338689951302946e-05,3.92738163326717
2025-12-20T15:58:16.186977+00:00,btc-updown-15m-1766245500,TRADE,UP,DIR_AVERAGE_DOWN,5,5,0.780062497406567,3.900312487032835,11.0,0.829178662754715,6.0,0.13839713695715072,6,0.9675757997118657,0.19454520172880585,5.0,0,0,0,90.04865188795523,SUCCESS,BULLISH,average_down,0,88193.6,88193.61,-1.1338689951302946e-05,3.9340763041495963
2025-12-20T15:58:16.768577+00:00,btc-updown-15m-1766245500,TRADE,DOWN,DIR_EMERGENCY,5,5,0.1600115460193168,0.800057730096584,11.0,0.829178662754715,11.0,0.1482218683490444,11,0.9774005311037594,0.24859415785864714,0.0,0,0,0,89.24859415785865,SUCCESS,BULLISH,emergency,0,88193.6,88193.61,-1.1338689951302946e-05,3.9340763041495963
2025-12-20T15:58:17.151248+00:00,btc-updown-15m-1766245500,TRADE,UP,DIR_AVERAGE_DOWN,4,4,0.8502167117762166,3.4008668471048664,15.0,0.8347888091604487,11.0,0.1482218683490444,11,0.9830106775094931,0.18688254739557575,4.0,0,0,0,85.84772731075378,SUCCESS,BULLISH,average_down,0,88193.61,88193.61,0.0,1.466256221277256e-08
2025-12-20T15:58:17.539489+00:00,btc-updown-15m-1766245500,TRADE,DOWN,DIR_EMERGENCY,4,4,0.19004161514425608,0.7601664605770243,15.0,0.8347888091604487,15.0,0.15937380082776753,15,0.9941626099882163,0.08756085017675608,0.0,0,0,0,85.08756085017676,SUCCESS,BULLISH,emergency,0,88193.6,88193.61,-1.1338689951302946e-05,3.6118940912161634
2025-12-20T16:00:00.336521+00:00,btc-updown-15m-1766245500,RESOLUTION,UP,MARKET_END,30,30,1.0000,14.9124,15,0.8348,15,0.1594,15,0.9942,0.0876,0.00,0.0000,0.0000,0.0870,100.09,RESOLVED,,,,,,,
2025-12-20T16:00:02.683231+00:00,btc-updown-15m-1766246400,TRADE,UP,DIR_AVERAGE_DOWN,5,5,0.500169034920437,2.5008451746021847,5.0,0.500169034920437,0.0,0.0,0,0,0.0,5.0,0,0,0,97.59,SUCCESS,BULLISH,average_down,0,88184.8,88184.8,0.0,0.08870634305852027
2025-12-20T16:00:03.093790+00:00,btc-updown-15m-1766246400,TRADE,UP,DIR_ACCUMULATE,5,5,0.5000238856562166,2.500119428281083,10.0,0.5000964602883268,0.0,0.0,0,0,0.0,10.0,0,0,0,95.09,SUCCESS,BULLISH,accumulate,0,88185.28,88184.8,0.0005443114913181472,3.1446998470609397
2025-12-20T16:00:03.488558+00:00,btc-updown-15m-1766246400,TRADE,DOWN,DIR_REBALANCE,5,5,0.39018761127787643,1.9509380563893821,10.0,0.5000964602883268,5.0,0.39018761127787643,5,0.8902840715662033,0.5485796421689837,5.0,0,0,0,93.14,SUCCESS,BULLISH,rebalance,0,88185.28,88184.8,0.0005443114913181472,3.190860338942183
2025-12-20T16:00:03.906287+00:00,btc-updown-15m-1766246400,TRADE,UP,DIR_ACCUMULATE,5,5,0.6100720427739632,3.050360213869816,15.0,0.5367549877835389,5.0,0.39018761127787643,5,0.9269425990614153,0.3652870046929235,10.0,0,0,0,90.08,SUCCESS,BULLISH,accumulate,0,88185.28,88184.8,0.0005443114913181472,3.197122050075237
2025-12-20T16:00:04.504567+00:00,btc-updown-15m-1766246400,TRADE,DOWN,DIR_REBALANCE,5,5,0.37001624383833676,1.8500812191916838,15.0,0.5367549877835389,10.0,0.38010192755810657,10,0.9168569153416455,0.8314308465835452,5.0,0,0,0,88.23,SUCCESS,BULLISH,rebalance,0,88198.01,88184.8,0.014979905834102759,80.20885648747829
2025-12-20T16:10:00.454547+00:00,btc-updown-15m-1766246400,TRADE,DOWN,DIR_EMERGENCY,5,5,0.2000376650219764,1.000188325109882,15.0,0.5367549877835389,15.0,0.3200805067127298,15,0.8568354944962687,2.147467582555969,0.0,0,0,0,87.23,SUCCESS,BULLISH,emergency,0,88205.19,88184.8,0.023121898558481072,182.0671466399393
2025-12-20T16:15:00.456044+00:00,btc-updown-15m-1766246400,RESOLUTION,DOWN,MARKET_END,30,30,1.0000,12.8525,15,0.5368,15,0.3201,15,0.8568,2.1475,0.00,0.0000,0.0000,2.1475,102.24,RESOLVED,,,,,,,
2025-12-20T16:15:03.062911+00:00,btc-updown-15m-1766247300,TRADE,UP,DIR_AVERAGE_DOWN,5,4,0.48023109222565985,1.9209243689026394,4.0,0.48023109222565985,0.0,0.0,0,0,0.0,4.0,0,0,0,100.31,SUCCESS,BULLISH,average_down,0,88191.85,88191.85,0.0,0.13697102420977073
2025-12-20T16:15:03.514883+00:00,btc-updown-15m-1766247300,TRADE,UP,DIR_ACCUMULATE,5,5,0.4800229264113491,2.4001146320567455,9.0,0.4801154445510427,0.0,0.0,0,0,0.0,9.0,0,0,0,97.91,SUCCESS,BULLISH,accumulate,0,88191.85,88191.85,0.0,0.13770794382261037
2025-12-20T16:15:03.946624+00:00,btc-updown-15m-1766247300,TRADE,DOWN,DIR_REBALANCE,5,5,0.5400221200362725,2.7001106001813624,9.0,0.4801154445510427,5.0,0.5400221200362725,5,1.0201375645873152,-0.10068782293657597,4.0,0,0,0,95.21,SUCCESS,BULLISH,rebalance,0,88191.85,88191.85,0.0,0.13770794382261037
2025-12-20T16:15:04.561537+00:00,btc-updown-15m-1766247300,TRADE,UP,DIR_ACCUMULATE,5,5,0.48012390374263403,2.40061951871317,14.0,0.4801184656908967,5.0,0.5400221200362725,5,1.0201405857271693,-0.10070292863584629,9.0,0,0,0,92.81,SUCCESS,BULLISH,accumulate,0,88191.84,88191.85,-1.1338916248285102e-05,0.02597155470493404
2025-12-20T16:15:05.134313+00:00,btc-updown-15m-1766247300,TRADE,DOWN,DIR_REBALANCE,5,5,0.5302193321532462,2.651096660766231,14.0,0.4801184656908967,10.0,0.5351207260947592,10,1.015239191785656,-0.15239191785656026,4.0,0,0,0,90.16,SUCCESS,BULLISH,rebalance,0,88191.84,88191.85,-1.1338916248285102e-05,0.025037957625581832
2025-12-20T16:15:05.571281+00:00,btc-updown-15m-1766247300,TRADE,UP,DIR_ACCUMULATE,1,1,0.4800747657000043,0.4800747657000043,15.0,0.48011555235817055,10.0,0.5351207260947592,10,1.0152362784529299,-0.15236278452929852,5.0,0,0,0,89.68,SUCCESS,BULLISH,accumulate,0,88191.84,88191.85,-1.1338916248285102e-05,0.031731856027379275
2025-12-20T16:25:01.040448+00:00,btc-updown-15m-1766247300,TRADE,DOWN,DIR_EMERGENCY,5,5,0.5902601803437434,2.951300901718717,15.0,0.48011555235817055,15.0,0.553500544177754,15,1.0336160965359245,-0.5042414480388668,0.0,0,0,0,86.73,SUCCESS,BULLISH,emergency,0,88195.2,88191.85,0.0037985369396279457,713.3870234328268
2025-12-20T16:30:00.282856+00:00,btc-updown-15m-1766247300,RESOLUTION,DOWN,MARKET_END,30,30,1.0000,15.5042,15,0.4801,15,0.5535,15,1.0336,-0.5042,0.00,0.0000,0.0000,-0.5042,101.73,RESOLVED,,,,,,,
2025-12-20T16:30:03.883000+00:00,btc-updown-15m-1766248200,TRADE,UP,DIR_AVERAGE_DOWN,5,5,0.4800550304047014,2.400275152023507,5.0,0.4800550304047014,0.0,0.0,0,0,0.0,5.0,0,0,0,99.33,SUCCESS,BULLISH,average_down,0,88181.71,88181.71,0.0,3.625045835507761e-08
2025-12-20T16:30:04.302957+00:00,btc-updown-15m-1766248200,TRADE,UP,DIR_ACCUMULATE,5,5,0.4801313112719879,2.4006565563599396,10.0,0.48009317083834463,0.0,0.0,0,0,0.0,10.0,0,0,0,96.93,SUCCESS,BULLISH,accumulate,0,88181.71,88181.71,0.0,3.572786160319299e-08
2025-12-20T16:30:04.780421+00:00,btc-updown-15m-1766248200,TRADE,DOWN,DIR_REBALANCE,5,5,0.5302528506975199,2.6512642534875996,10.0,0.48009317083834463,5.0,0.5302528506975199,5,1.0103460215358646,-0.05173010767932307,5.0,0,0,0,94.28,SUCCESS,BULLISH,rebalance,0,88181.71,88181.71,0.0,0.01186668740578453
2025-12-20T16:30:05.194235+00:00,btc-updown-15m-1766248200,TRADE,UP,DIR_ACCUMULATE,5,5,0.4801763173764893,2.4008815868824467,15.0,0.48012088635105954,5.0,0.5302528506975199,5,1.0103737370485795,-0.05186868524289734,10.0,0,0,0,91.88,SUCCESS,BULLISH,accumulate,0,88181.71,88181.71,0.0,0.01186668740578453
2025-12-20T16:30:05.619880+00:00,btc-updown-15m-1766248200,TRADE,DOWN,DIR_REBALANCE,5,1,0.5299783963267065,0.5299783963267065,15.0,0.48012088635105954,6.0,0.5302071083023844,6,1.0103279946534438,-0.061967967920662836,9.0,0,0,0,91.35,SUCCESS,BULLISH,rebalance,0,88181.71,88181.71,0.0,0.01186668740578453
2025-12-20T16:30:06.457763+00:00,btc-updown-15m-1766248200,TRADE,DOWN,DIR_REBALANCE,5,5,0.5201903903932614,2.600951951966307,15.0,0.48012088635105954,11.0,0.5256540547073285,11,1.005774941058388,-0.06352435164226855,4.0,0,0,0,88.75,SUCCESS,BULLISH,rebalance,0,88181.7,88181.71,-1.1340220108357193e-05,1.5783954873981405
2025-12-20T16:35:01.360532+00:00,btc-updown-15m-1766248200,TRADE,DOWN,DIR_ACCUMULATE,4,4,0.75035942065672,3.00143768262688,15.0,0.48012088635105954,15.0,0.5855754856271662,15,1.0656963719782258,-0.9854455796733863,0.0,0,0,0,85.74,SUCCESS,BEARISH,accumulate,1,88134.83,88181.71,-0.05316295181847194,407.5222274895907
2025-12-20T16:45:00.123322+00:00,btc-updown-15m-1766248200,RESOLUTION,UP,MARKET_END,30,30,1.0000,15.9854,15,0.4801,15,0.5856,15,1.0657,-0.9854,0.00,0.0000,0.0000,-0.9855,100.75,RESOLVED,,,,,,,
2025-12-20T16:45:02.212688+00:00,btc-updown-15m-1766249100,TRADE,DOWN,DIR_AVERAGE_DOWN,5,5,0.4501755211656313,2.2508776058281565,0.0,0.0,5.0,0.4501755211656313,0,0,0.0,5.0,0,0,0,98.49,SUCCESS,BEARISH,average_down,1,88138.66,88138.66,0.0,3.6716267376788947e-08
2025-12-20T16:45:02.627105+00:00,btc-updown-15m-1766249100,TRADE,DOWN,DIR_ACCUMULATE,5,5,0.4500416144213856,2.250208072106928,0.0,0.0,10.0,0.4501085677935085,0,0,0.0,10.0,0,0,0,96.24,SUCCESS,BEARISH,accumulate,1,88138.66,88138.66,0.0,0.010596791286620744
2025-12-20T16:45:03.081736+00:00,btc-updown-15m-1766249100,TRADE,UP,DIR_REBALANCE,5,5,0.5501406948645028,2.750703474322514,5.0,0.5501406948645028,10.0,0.4501085677935085,5,1.0002492626580113,-0.0012463132900564222,5.0,0,0,0,93.49,SUCCESS,BEARISH,rebalance,1,88138.66,88138.66,0.0,0.010596791286620744
2025-12-20T16:45:03.554819+00:00,btc-updown-15m-1766249100,TRADE,DOWN,DIR_ACCUMULATE,5,5,0.46021334058631025,2.3010667029315512,5.0,0.5501406948645028,15.0,0.45347682539110906,5,1.003617520255612,-0.01808760127805953,10.0,0,0,0,91.19,SUCCESS,BEARISH,accumulate,1,88138.66,88138.66,0.0,3.24823252420543e-08
2025-12-20T16:45:04.098594+00:00,btc-updown-15m-1766249100,TRADE,UP,DIR_REBALANCE,5,5,0.5398190184873555,2.699095092436777,10.0,0.5449798566759292,15.0,0.45347682539110906,10,0.9984566820670382,0.015433179329618074,5.0,0,0,0,88.49,SUCCESS,BEARISH,rebalance,1,88138.66,88138.66,0.0,0.008058721319423503
2025-12-20T16:55:00.912866+00:00,btc-updown-15m-1766249100,TRADE,UP,DIR_EMERGENCY,5,2,0.6801803007690408,1.3603606015380816,12.0,0.5675132640247811,15.0,0.45347682539110906,12,1.02099008941589,-0.2518810729906811,3.0,0,0,0,87.13,SUCCESS,BEARISH,emergency,1,88149.73,88138.66,0.01255975527650685,2353.6094476026083
2025-12-20T16:55:01.377678+00:00,btc-updown-15m-1766249100,TRADE,UP,DIR_EMERGENCY,3,3,0.6801358261944564,2.0404074785833695,15.0,0.5900377764587162,15.0,0.45347682539110906,15,1.0435146018498254,-0.6527190277473804,0.0,0,0,0,85.09,SUCCESS,BEARISH,emergency,1,88149.72,88138.66,0.012548409517455417,2334.2461825854207
2025-12-20T17:00:00.252985+00:00,btc-updown-15m-1766249100,RESOLUTION,UP,MARKET_END,30,30,1.0000,15.6527,15,0.5900,15,0.4535,15,1.0435,-0.6527,0.00,0.0000,0.0000,-0.6525,100.09,RESOLVED,,,,,,,
2025-12-20T17:00:02.548664+00:00,btc-updown-15m-1766250000,TRADE,DOWN,DIR_AVERAGE_DOWN,5,5,0.49008173280029493,2.4504086640014746,0.0,0.0,5.0,0.49008173280029493,0,0,0.0,5.0,0,0,0,97.64,SUCCESS,BEARISH,average_down,1,88179.61,88179.61,0.0,0.18047935595551357
2025-12-20T17:00:02.981363+00:00,btc-updown-15m-1766250000,TRADE,DOWN,DIR_ACCUMULATE,5,5,0.46007220119737263,2.300361005986863,0.0,0.0,10.0,0.4750769669988338,0,0,0.0,10.0,0,0,0,95.34,SUCCESS,BEARISH,accumulate,1,88179.61,88179.61,0.0,0.18035288084893153
2025-12-20T17:00:03.467466+00:00,btc-updown-15m-1766250000,TRADE,UP,DIR_REBALANCE,5,5,0.5500655840380925,2.7503279201904625,5.0,0.5500655840380925,10.0,0.4750769669988338,5,1.0251425510369263,-0.12571275518463154,5.0,0,0,0,92.59,SUCCESS,BEARISH,rebalance,1,88179.61,88179.61,0.0,0.18118543868685305
2025-12-20T17:00:03.919540+00:00,btc-updown-15m-1766250000,TRADE,DOWN,DIR_ACCUMULATE,5,5,0.3200008207824848,1.6000041039124242,5.0,0.5500655840380925,15.0,0.4233849182600508,5,0.9734505022981432,0.13274748850928386,10.0,0,0,0,90.99,SUCCESS,BEARISH,accumulate,1,88179.6,88179.61,-1.1340490159529296e-05,0.26892547007881923
2025-12-20T17:00:04.315770+00:00,btc-updown-15m-1766250000,TRADE,UP,DIR_REBALANCE,5,5,0.6902249811978132,3.451124905989066,10.0,0.6201452826179528,15.0,0.4233849182600508,10,1.0435302008780036,-0.43530200878003633,5.0,0,0,0,87.54,SUCCESS,BEARISH,rebalance,1,88179.61,88179.61,0.0,0.18086289705358627
2025-12-20T17:10:00.456755+00:00,btc-updown-15m-1766250000,TRADE,UP,DIR_EMERGENCY,5,5,0.8701723457817105,4.350861728908553,15.0,0.7034876370058721,15.0,0.4233849182600508,15,1.126872555265923,-1.9030883289888434,0.0,0,0,0,83.19,SUCCESS,BEARISH,emergency,1,88195.92,88179.61,0.0184963394598793,115.06402173624677
2025-12-20T17:15:00.121335+00:00,btc-updown-15m-1766250000,RESOLUTION,UP,MARKET_END,30,30,1.0000,16.9031,15,0.7035,15,0.4234,15,1.1269,-1.9031,0.00,0.0000,0.0000,-1.9031,98.19,RESOLVED,,,,,,,
2025-12-20T17:15:02.488438+00:00,btc-updown-15m-1766250900,TRADE,DOWN,DIR_AVERAGE_DOWN,5,5,0.5101921412062231,2.5509607060311157,0.0,0.0,5.0,0.5101921412062231,0,0,0.0,5.0,0,0,0,95.64,SUCCESS,BEARISH,average_down,1,88164.99,88164.99,0.0,0.13152213884128325
2025-12-20T17:15:02.898791+00:00,btc-updown-15m-1766250900,TRADE,DOWN,DIR_ACCUMULATE,5,4,0.5001337681349768,2.000535072539907,0.0,0.0,9.0,0.5057217531745581,0,0,0.0,9.0,0,0,0,93.64,SUCCESS,BEARISH,accumulate,1,88164.99,88164.99,0.0,0.13145967182708487
2025-12-20T17:15:03.298273+00:00,btc-updown-15m-1766250900,TRADE,UP,DIR_REBALANCE,5,5,0.5101797051006804,2.5508985255034022,5.0,0.5101797051006804,9.0,0.5057217531745581,5,1.0159014582752386,-0.07950729137619295,4.0,0,0,0,91.09,SUCCESS,BEARISH,rebalance,1,88164.99,88164.99,0.0,0.006328934122697683
2025-12-20T17:15:03.691417+00:00,btc-updown-15m-1766250900,TRADE,DOWN,DIR_ACCUMULATE,5,5,0.5102505649999696,2.551252824999848,5.0,0.5101797051006804,14.0,0.5073391859693479,5,1.0175188910700284,-0.08759445535014176,9.0,0,0,0,88.54,SUCCESS,BEARISH,accumulate,1,88164.99,88164.99,0.0,0.006319701324514404
2025-12-20T17:15:04.207466+00:00,btc-updown-15m-1766250900,TRADE,UP,DIR_REBALANCE,5,5,0.5000952282663818,2.5004761413319088,10.0,0.5051374666835311,14.0,0.5073391859693479,10,1.012476652652879,-0.12476652652879006,4.0,0,0,0,86.03,SUCCESS,BEARISH,rebalance,1,88164.99,88164.99,0.0,0.006225796135935637
2025-12-20T17:15:05.001278+00:00,btc-updown-15m-1766250900,TRADE,DOWN,DIR_ACCUMULATE,1,1,0.5100575627609503,0.5100575627609503,10.0,0.5051374666835311,15.0,0.5075204110887881,10,1.0126578777723192,-0.12657877772319193,5.0,0,0,0,85.52,SUCCESS,BEARISH,accumulate,1,88164.99,88164.99,0.0,0.00625312296725455
2025-12-20T17:19:19.705224+00:00,btc-updown-15m-1766250900,TRADE,UP,DIR_ACCUMULATE,5,5,0.7102627307416137,3.5513136537080685,15.0,0.573512554702892,15.0,0.5075204110887881,15,1.08103296579168,-1.2154944868751993,0.0,0,0,0,81.97,SUCCESS,BULLISH,accumulate,2,88209.97,88164.99,0.05101798344217577,374.35870109629604
2025-12-20T17:30:00.190477+00:00,btc-updown-15m-1766250900,RESOLUTION,DOWN,MARKET_END,30,30,1.0000,16.2155,15,0.5735,15,0.5075,15,1.0810,-1.2155,0.00,0.0000,0.0000,-1.2150,96.97,RESOLVED,,,,,,,
2025-12-20T17:30:02.479034+00:00,btc-updown-15m-1766251800,TRADE,UP,DIR_AVERAGE_DOWN,5,5,0.47019907465358757,2.3509953732679376,5.0,0.4701990746535875,0.0,0.0,0,0,0.0,5.0,0,0,0,94.62,SUCCESS,BULLISH,average_down,2,88245.3,88245.3,0.0,0.0069556473252815505
2025-12-20T17:30:02.902105+00:00,btc-updown-15m-1766251800,TRADE,UP,DIR_ACCUMULATE,5,5,0.47007223800147974,2.3503611900073986,10.0,0.4701356563275336,0.0,0.0,0,0,0.0,10.0,0,0,0,92.27,SUCCESS,BULLISH,accumulate,2,88245.3,88245.3,0.0,0.0069556473252815505
2025-12-20T17:30:03.512520+00:00,btc-updown-15m-1766251800,TRADE,DOWN,DIR_REBALANCE,5,1,0.5401355610804593,0.5401355610804593,10.0,0.4701356563275336,1.0,0.5401355610804593,1,1.0102712174079929,-0.010271217407992861,9.0,0,0,0,91.73,SUCCESS,BULLISH,rebalance,2,88245.3,88245.3,0.0,0.006946746626746268
2025-12-20T17:30:03.905716+00:00,btc-updown-15m-1766251800,TRADE,DOWN,DIR_REBALANCE,5,5,0.5400262134593808,2.7001310672969043,10.0,0.4701356563275336,6.0,0.5400444380628939,6,1.0101800943904276,-0.06108056634256531,4.0,0,0,0,89.03,SUCCESS,BULLISH,rebalance,2,88245.3,88245.3,0.0,0.007099837133046196
2025-12-20T17:30:04.305308+00:00,btc-updown-15m-1766251800,TRADE,UP,DIR_ACCUMULATE,5,5,0.47014893285303283,2.3507446642651644,15.0,0.4701400818360334,6.0,0.5400444380628939,6,1.0101845198989272,-0.06110711939356328,9.0,0,0,0,86.68,SUCCESS,BULLISH,accumulate,2,88245.3,88245.3,0.0,0.0070907285957332354
2025-12-20T17:30:04.712395+00:00,btc-updown-15m-1766251800,TRADE,DOWN,DIR_REBALANCE,5,5,0.539846575924035,2.6992328796201748,15.0,0.4701400818360334,11.0,0.539954500727049,11,1.0100945825630823,-0.11104040819390493,4.0,0,0,0,83.98,SUCCESS,BULLISH,rebalance,2,88245.3,88245.3,0.0,0.007118160010191529
2025-12-20T17:40:00.739577+00:00,btc-updown-15m-1766251800,TRADE,DOWN,DIR_EMERGENCY,4,2,0.9195457728034334,1.8390915456068668,15.0,0.4701400818360334,13.0,0.5983531579695697,13,1.068493239805603,-0.8904121174728399,2.0,0,0,0,82.14,SUCCESS,BEARISH,emergency,3,88183.57,88245.3,-0.06995273402662343,2812.071836310489
2025-12-20T17:40:01.148165+00:00,btc-updown-15m-1766251800,TRADE,DOWN,DIR_EMERGENCY,2,2,0.9204475412909828,1.8408950825819657,15.0,0.4701400818360334,15.0,0.6412990757457581,15,1.1114391575817915,-1.6715873637268719,0.0,0,0,0,80.30,SUCCESS,BEARISH,emergency,3,88183.57,88245.3,-0.06995273402662343,2812.071836310489
2025-12-20T17:45:00.106820+00:00,btc-updown-15m-1766251800,RESOLUTION,DOWN,MARKET_END,30,30,1.0000,16.6716,15,0.4701,15,0.6413,15,1.1114,-1.6716,0.00,0.0000,0.0000,-1.6716,95.30,RESOLVED,,,,,,,
2025-12-20T17:45:02.932937+00:00,btc-updown-15m-1766252700,TRADE,DOWN,DIR_AVERAGE_DOWN,5,5,0.5001934120311198,2.500967060155599,0.0,0.0,5.0,0.5001934120311198,0,0,0.0,5.0,0,0,0,92.80,SUCCESS,BEARISH,average_down,3,88203.4,88203.4,0.0,0.12283031881325598
2025-12-20T17:45:03.319736+00:00,btc-updown-15m-1766252700,TRADE,DOWN,DIR_ACCUMULATE,5,5,0.5001492756737042,2.500746378368521,0.0,0.0,10.0,0.500171343852412,0,0,0.0,10.0,0,0,0,90.30,SUCCESS,BEARISH,accumulate,3,88203.4,88203.4,0.0,0.12274488804738722
2025-12-20T17:45:03.717450+00:00,btc-updown-15m-1766252700,TRADE,UP,DIR_REBALANCE,5,5,0.5100314606643332,2.550157303321666,5.0,0.5100314606643332,10.0,0.500171343852412,5,1.0102028045167453,-0.05101402258372634,5.0,0,0,0,87.75,SUCCESS,BEARISH,rebalance,3,88203.4,88203.4,0.0,0.12274488804738722
2025-12-20T17:45:04.161264+00:00,btc-updown-15m-1766252700,TRADE,DOWN,DIR_ACCUMULATE,5,5,0.5001877140317893,2.5009385701589464,5.0,0.5100314606643332,15.0,0.500176800578871,5,1.0102082612432044,-0.05104130621602199,10.0,0,0,0,85.25,SUCCESS,BEARISH,accumulate,3,88203.4,88203.4,0.0,0.12274488804738722
2025-12-20T17:45:04.587394+00:00,btc-updown-15m-1766252700,TRADE,UP,DIR_REBALANCE,5,5,0.5101055506542144,2.550527753271072,10.0,0.5100685056592738,15.0,0.500176800578871,10,1.010245306238145,-0.10245306238144902,5.0,0,0,0,82.70,SUCCESS,BEARISH,rebalance,3,88203.4,88203.4,0.0,0.12265963529430662
2025-12-20T17:55:00.772833+00:00,btc-updown-15m-1766252700,TRADE,UP,DIR_EMERGENCY,5,5,0.41002224600814924,2.0501112300407462,15.0,0.4767197524422323,15.0,0.500176800578871,15,0.9768965530211033,0.34655170468344987,0.0,0,0,0,80.65,SUCCESS,BEARISH,emergency,3,88181.8,88203.4,-0.024488851903658217,183.11388850305403
2025-12-20T19:46:11.942809+00:00,btc-updown-15m-1766259900,TRADE,DOWN,DIR_AVERAGE_DOWN,1,1,0.6300775729061175,0.6300775729061175,0.0,0.0,1.0,0.6300775729061175,0,0,0.0,1.0,0,0,0,99.37,SUCCESS,BEARISH,average_down,0,88221.05,88223.2,-0.0024370006982224394,17.37952041396296
2025-12-20T19:48:00.713314+00:00,btc-updown-15m-1766259900,TRADE,DOWN,DIR_AVERAGE_DOWN,1,1,0.48007674219672236,0.48007674219672236,0.0,0.0,2.0,0.55507715755142,0,0,0.0,2.0,0,0,0,98.89,SUCCESS,BEARISH,average_down,0,88230.79,88223.2,0.00860317920909297,67.4485426824022
2025-12-20T20:00:05.604861+00:00,btc-updown-15m-1766260800,TRADE,DOWN,DIR_AVERAGE_DOWN,1,1,0.5001356551111695,0.5001356551111695,0.0,0.0,1.0,0.5001356551111695,0,0,0.0,1.0,0,0,0,99.50,SUCCESS,BEARISH,average_down,0,88215.28,88215.28,0.0,0.10971341464410098
2025-12-20T20:05:21.437481+00:00,btc-updown-15m-1766260800,TRADE,UP,DIR_AVERAGE_DOWN,5,5,0.3800256672263198,1.900128336131599,5.0,0.3800256672263198,0.0,0.0,0,0,0.0,5.0,0,0,0,98.10,SUCCESS,BULLISH,average_down,0,88211.17,88211.17,0.0,0.0
2025-12-20T20:05:26.818198+00:00,btc-updown-15m-1766260800,TRADE,UP,DIR_ACCUMULATE,5,5,0.3800964596991427,1.9004822984957135,10.0,0.3800610634627312,0.0,0.0,0,0,0.0,10.0,0,0,0,96.20,SUCCESS,BULLISH,accumulate,0,88211.18,88211.17,1.1336432783695433e-05,2.2677868380553634
2025-12-20T20:05:32.233077+00:00,btc-updown-15m-1766260800,TRADE,DOWN,DIR_REBALANCE,5,5,0.640158367762205,3.2007918388110252,10.0,0.3800610634627312,5.0,0.640158367762205,5,1.0202194312249362,-0.10109715612468095,5.0,0,0,0,93.00,SUCCESS,BULLISH,rebalance,0,88211.17,88211.17,0.0,3.672343912568202e-08
2025-12-20T20:05:37.631018+00:00,btc-updown-15m-1766260800,TRADE,UP,DIR_ACCUMULATE,5,5,0.36011720615911175,1.8005860307955588,15.0,0.3734131110281914,5.0,0.640158367762205,5,1.0135714787903964,-0.0678573939519822,10.0,0,0,0,91.20,SUCCESS,BULLISH,accumulate,0,88211.17,88211.17,0.0,3.86982594824382e-08
2025-12-20T20:05:43.037314+00:00,btc-updown-15m-1766260800,TRADE,DOWN,DIR_REBALANCE,5,5,0.6500254507817971,3.2501272539089854,15.0,0.3734131110281914,10.0,0.645091909272001,10,1.0185050203001924,-0.1850502030019241,5.0,0,0,0,87.95,SUCCESS,BULLISH,rebalance,0,88211.17,88211.17,0.0,4.005948129565158e-08
2025-12-20T20:15:11.632998+00:00,btc-updown-15m-1766261700,TRADE,UP,DIR_AVERAGE_DOWN,1,1,0.4700966818214908,0.4700966818214908,1.0,0.4700966818214908,0.0,0.0,0,0,0.0,1.0,0,0,0,99.53,SUCCESS,BULLISH,average_down,0,88260.94,88260.94,0.0,0.14733286328642425
2025-12-20T20:20:11.355899+00:00,btc-updown-15m-1766261700,TRADE,UP,DIR_AVERAGE_DOWN,5,5,0.5100485907987687,2.550242953993844,5.0,0.5100485907987687,0.0,0.0,0,0,0.0,5.0,0,0,0,97.45,SUCCESS,BULLISH,average_down,0,88263.85,88263.86,-1.1329665385992989e-05,1.5811387749648809
2025-12-20T20:20:16.776673+00:00,btc-updown-15m-1766261700,TRADE,UP,DIR_ACCUMULATE,5,5,0.4601476187866113,2.3007380939330564,10.0,0.48509810479269005,0.0,0.0,0,0,0.0,10.0,0,0,0,95.15,SUCCESS,BULLISH,accumulate,0,88263.85,88263.86,-1.1329665385992989e-05,1.4529662701938022
2025-12-20T20:20:22.211673+00:00,btc-updown-15m-1766261700,TRADE,DOWN,DIR_REBALANCE,5,5,0.5501613942195587,2.750806971097793,10.0,0.48509810479269005,5.0,0.5501613942195587,5,1.0352594990122488,-0.17629749506124393,5.0,0,0,0,92.40,SUCCESS,BULLISH,rebalance,0,88263.86,88263.86,0.0,0.01964462655774811
2025-12-20T20:20:27.597472+00:00,btc-updown-15m-1766261700,TRADE,UP,DIR_ACCUMULATE,5,5,0.45014313051188865,2.2507156525594434,15.0,0.4734464466990896,5.0,0.5501613942195587,5,1.0236078409186482,-0.11803920459324102,10.0,0,0,0,90.15,SUCCESS,BULLISH,accumulate,0,88263.85,88263.86,-1.1329665385992989e-05,1.9148541363564868
2025-12-20T20:20:33.010819+00:00,btc-updown-15m-1766261700,TRADE,DOWN,DIR_REBALANCE,5,5,0.5400106275860136,2.700053137930068,15.0,0.4734464466990896,10.0,0.5450860109027861,10,1.0185324576018757,-0.18532457601875718,5.0,0,0,0,87.45,SUCCESS,BULLISH,rebalance,0,88263.86,88263.86,0.0,0.014941604876168179
2025-12-20T20:25:05.612311+00:00,btc-updown-15m-1766261700,TRADE,DOWN,DIR_EMERGENCY,5,5,0.27006891863922255,1.3503445931961129,15.0,0.4734464466990896,15.0,0.45341364681493157,15,0.9268600935140212,1.0970985972896818,0.0,0,0,0,86.10,SUCCESS,BULLISH,emergency,0,88277.59,88263.86,0.015555630583112868,2234.8598288478606
2025-12-20T20:30:05.292019+00:00,btc-updown-15m-1766261700,RESOLUTION,DOWN,MARKET_END,30,30,1.0000,13.9029,15,0.4734,15,0.4534,15,0.9269,1.0971,0.00,0.0000,0.0000,1.0971,101.10,RESOLVED,,,,,,,
2025-12-20T20:30:12.507083+00:00,btc-updown-15m-1766262600,TRADE,UP,DIR_AVERAGE_DOWN,5,5,0.47008491888409176,2.350424594420459,5.0,0.47008491888409176,0.0,0.0,0,0,0.0,5.0,0,0,0,98.75,SUCCESS,BULLISH,average_down,0,88271.33,88271.33,0.0,0.01660588603953386
2025-12-20T20:30:18.020283+00:00,btc-updown-15m-1766262600,TRADE,UP,DIR_ACCUMULATE,5,3,0.4801562229173356,1.4404686687520067,8.0,0.4738616578965582,0.0,0.0,0,0,0.0,8.0,0,0,0,97.31,SUCCESS,BULLISH,accumulate,0,88271.32,88271.33,-1.1328706608092697e-05,1.5100606464704487
2025-12-20T20:30:23.426024+00:00,btc-updown-15m-1766262600,TRADE,DOWN,DIR_REBALANCE,5,1,0.530260287946775,0.530260287946775,8.0,0.4738616578965582,1.0,0.530260287946775,1,1.0041219458433333,-0.004121945843333252,7.0,0,0,0,96.78,SUCCESS,BULLISH,rebalance,0,88271.32,88271.33,-1.1328706608092697e-05,1.5188990967834664
2025-12-20T20:30:28.843303+00:00,btc-updown-15m-1766262600,TRADE,DOWN,DIR_REBALANCE,5,5,0.5301072733038966,2.650536366519483,8.0,0.4738616578965582,6.0,0.5301327757443763,6,1.0039944336409345,-0.023966601845607283,2.0,0,0,0,94.13,SUCCESS,BULLISH,rebalance,0,88271.33,88271.33,0.0,0.012487909672201813
2025-12-20T20:30:34.236776+00:00,btc-updown-15m-1766262600,TRADE,UP,DIR_AVERAGE_DOWN,5,5,0.5000480468896454,2.5002402344482273,13.0,0.48393334597082255,6.0,0.5301327757443763,6,1.014066121715199,-0.08439673029119366,7.0,0,0,0,91.63,SUCCESS,BULLISH,average_down,0,88271.32,88271.33,-1.1328706608092697e-05,1.4024292525322903
2025-12-20T20:30:39.657161+00:00,btc-updown-15m-1766262600,TRADE,DOWN,DIR_REBALANCE,5,5,0.5300751511082199,2.6503757555410994,13.0,0.48393334597082255,11.0,0.5301065827279415,11,1.014039928698764,-0.15443921568640429,2.0,0,0,0,88.97,SUCCESS,BULLISH,rebalance,0,88271.32,88271.33,-1.1328706608092697e-05,1.457737929673226
2025-12-20T20:30:45.087584+00:00,btc-updown-15m-1766262600,TRADE,UP,DIR_AVERAGE_DOWN,2,2,0.5001616549570826,1.0003233099141653,15.0,0.4860971205023239,11.0,0.5301065827279415,11,1.0162037032302655,-0.17824073553292097,4.0,0,0,0,87.97,SUCCESS,BULLISH,average_down,0,88271.33,88271.33,0.0,0.010701867682428295
2025-12-20T20:45:02.149644+00:00,btc-updown-15m-1766262600,RESOLUTION,UP,MARKET_END,26,26,1.0000,13.1226,15,0.4861,11,0.5301,11,1.0162,-0.1782,0.27,0.0000,0.0000,1.8774,102.97,RESOLVED,,,,,,,
2025-12-20T20:45:09.788189+00:00,btc-updown-15m-1766263500,TRADE,UP,DIR_AVERAGE_DOWN,5,5,0.5299992247281284,2.6499961236406424,5.0,0.5299992247281284,0.0,0.0,0,0,0.0,5.0,0,0,0,100.32,SUCCESS,BULLISH,average_down,0,88230.25,88230.25,0.0,3.08465965018774e-08
2025-12-20T20:45:15.162574+00:00,btc-updown-15m-1766263500,TRADE,UP,DIR_ACCUMULATE,5,5,0.5401941876652356,2.7009709383261784,10.0,0.535096706196682,0.0,0.0,0,0,0.0,10.0,0,0,0,97.62,SUCCESS,BULLISH,accumulate,0,88230.24,88230.25,-1.1333981253324468e-05,1.9621416045357913
2025-12-20T20:45:20.562177+00:00,btc-updown-15m-1766263500,TRADE,DOWN,DIR_REBALANCE,5,3,0.4701584206805041,1.4104752620415124,10.0,0.535096706196682,3.0,0.4701584206805041,3,1.005255126877186,-0.0157653806315583,7.0,0,0,0,96.21,SUCCESS,BULLISH,rebalance,0,88230.24,88230.25,-1.1333981253324468e-05,1.9151595738606932
2025-12-20T20:45:25.950025+00:00,btc-updown-15m-1766263500,TRADE,DOWN,DIR_REBALANCE,5,5,0.47001736265816896,2.3500868132908446,10.0,0.535096706196682,8.0,0.4700702594165446,8,1.0051669656132267,-0.04133572490581372,2.0,0,0,0,93.86,SUCCESS,BULLISH,rebalance,0,88230.25,88230.25,0.0,3.0290371411584934e-08
2025-12-20T20:45:31.360510+00:00,btc-updown-15m-1766263500,TRADE,UP,DIR_AVERAGE_DOWN,5,5,0.5402068638593878,2.701034319296939,15.0,0.5368000920842507,8.0,0.4700702594165446,8,1.0068703515007953,-0.05496281200636233,7.0,0,0,0,91.16,SUCCESS,BULLISH,average_down,0,88230.25,88230.25,0.0,0.015331544424041773
2025-12-20T20:45:36.791858+00:00,btc-updown-15m-1766263500,TRADE,DOWN,DIR_REBALANCE,5,5,0.47002838657268614,2.3501419328634308,15.0,0.5368000920842507,13.0,0.47005415447659904,13,1.0068542465608497,-0.08910520529104549,2.0,0,0,0,88.81,SUCCESS,BULLISH,rebalance,0,88230.25,88230.25,0.0,0.014742101014037794
2025-12-20T20:55:01.643201+00:00,btc-updown-15m-1766263500,TRADE,DOWN,DIR_EMERGENCY,2,2,0.1100399146818804,0.2200798293637608,15.0,0.5368000920842507,15.0,0.4220522558373032,15,0.9588523479215539,0.6172147811766909,0.0,0,0,0,88.59,SUCCESS,BULLISH,emergency,0,88271.6,88230.25,0.04686601250705492,393.2540159393938
2025-12-20T21:00:01.620623+00:00,btc-updown-15m-1766263500,RESOLUTION,UP,MARKET_END,30,30,1.0000,14.3828,15,0.5368,15,0.4221,15,0.9589,0.6172,0.00,0.0000,0.0000,0.6172,103.59,RESOLVED,,,,,,,
2025-12-20T21:00:09.903995+00:00,btc-updown-15m-1766264400,TRADE,UP,DIR_AVERAGE_DOWN,5,5,0.49002037596923503,2.450101879846175,5.0,0.49002037596923503,0.0,0.0,0,0,0.0,5.0,0,0,0,101.14,SUCCESS,BULLISH,average_down,0,88271.6,88271.6,0.0,0.008362657444640063
2025-12-20T21:00:15.321559+00:00,btc-updown-15m-1766264400,TRADE,UP,DIR_ACCUMULATE,5,5,0.4802089771114651,2.4010448855573254,10.0,0.48511467654035006,0.0,0.0,0,0,0.0,10.0,0,0,0,98.74,SUCCESS,BULLISH,accumulate,0,88271.6,88271.6,0.0,0.008098243547868098
2025-12-20T21:00:20.740619+00:00,btc-updown-15m-1766264400,TRADE,DOWN,DIR_REBALANCE,5,5,0.5200015832953891,2.6000079164769456,10.0,0.48511467654035006,5.0,0.5200015832953891,5,1.0051162598357393,-0.025581299178696337,5.0,0,0,0,96.14,SUCCESS,BULLISH,rebalance,0,88271.59,88271.6,-1.1328671972993834e-05,1.768776748749711
2025-12-20T21:00:26.156217+00:00,btc-updown-15m-1766264400,TRADE,UP,DIR_ACCUMULATE,5,3,0.4700805125675302,1.4102415377025905,13.0,0.48164525408508396,5.0,0.5200015832953891,5,1.001646837380473,-0.008234186902364993,8.0,0,0,0,94.73,SUCCESS,BULLISH,accumulate,0,88271.6,88271.6,0.0,3.199529225742932e-08
2025-12-20T21:00:31.566631+00:00,btc-updown-15m-1766264400,TRADE,DOWN,DIR_REBALANCE,5,5,0.5300033986088412,2.650016993044206,13.0,0.48164525408508396,10.0,0.5250024909521152,10,1.0066477450371991,-0.06647745037199115,3.0,0,0,0,92.08,SUCCESS,BULLISH,rebalance,0,88271.59,88271.6,-1.1328671972993834e-05,1.7525490966948138
2025-12-20T21:00:42.447519+00:00,btc-updown-15m-1766264400,TRADE,UP,DIR_ACCUMULATE,2,2,0.48011551245119066,0.9602310249023813,15.0,0.48144128853389817,10.0,0.5250024909521152,10,1.0064437794860133,-0.06443779486013268,5.0,0,0,0,91.12,SUCCESS,BULLISH,accumulate,0,88271.6,88271.6,0.0,3.1999484417150045e-08
2025-12-20T21:10:05.613504+00:00,btc-updown-15m-1766264400,TRADE,DOWN,DIR_EMERGENCY,5,5,0.09001564862657668,0.4500782431328834,15.0,0.48144128853389817,15.0,0.3800068768436023,15,0.8614481653775005,2.078277519337493,0.0,0,0,0,90.67,SUCCESS,BULLISH,emergency,0,88320.55,88271.6,0.0554538492561561,633.641071669457
2025-12-20T21:15:00.903554+00:00,btc-updown-15m-1766264400,RESOLUTION,DOWN,MARKET_END,30,30,1.0000,12.9217,15,0.4814,15,0.3800,15,0.8614,2.0783,0.00,0.0000,0.0000,2.0783,105.67,RESOLVED,,,,,,,
2025-12-20T21:15:08.506319+00:00,btc-updown-15m-1766265300,TRADE,UP,DIR_AVERAGE_DOWN,5,5,0.479837547945531,2.399187739727655,5.0,0.479837547945531,0.0,0.0,0,0,0.0,5.0,0,0,0,103.27,SUCCESS,BULLISH,average_down,0,88304.26,88304.26,0.0,0.0895742294047497
2025-12-20T21:15:14.138883+00:00,btc-updown-15m-1766265300,TRADE,UP,DIR_ACCUMULATE,5,5,0.48005459494161656,2.400272974708083,10.0,0.4799460714435738,0.0,0.0,0,0,0.0,10.0,0,0,0,100.87,SUCCESS,BULLISH,accumulate,0,88304.25,88304.26,-1.1324481961302106e-05,0.24466522605999805
2025-12-20T21:15:19.564542+00:00,btc-updown-15m-1766265300,TRADE,DOWN,DIR_REBALANCE,5,5,0.5702163404242935,2.8510817021214674,10.0,0.4799460714435738,5.0,0.5702163404242935,5,1.0501624118678672,-0.2508120593393359,5.0,0,0,0,98.02,SUCCESS,BULLISH,rebalance,0,88304.26,88304.26,0.0,0.0892161385274713
2025-12-20T21:15:24.960946+00:00,btc-updown-15m-1766265300,TRADE,UP,DIR_ACCUMULATE,5,5,0.43008051993123153,2.1504025996561578,15.0,0.46332422093945974,5.0,0.5702163404242935,5,1.0335405613637532,-0.16770280681876581,10.0,0,0,0,95.87,SUCCESS,BULLISH,accumulate,0,88304.26,88304.26,0.0,0.09047971376316975
2025-12-20T21:15:30.477614+00:00,btc-updown-15m-1766265300,TRADE,DOWN,DIR_REBALANCE,5,5,0.5601883733187311,2.8009418665936554,15.0,0.46332422093945974,10.0,0.5652023568715123,10,1.028526577810972,-0.2852657781097201,5.0,0,0,0,93.07,SUCCESS,BULLISH,rebalance,0,88304.25,88304.26,-1.1324481961302106e-05,0.24367953671116638
2025-12-20T21:25:01.553806+00:00,btc-updown-15m-1766265300,TRADE,DOWN,DIR_EMERGENCY,5,5,0.21000684523866966,1.0500342261933484,15.0,0.46332422093945974,15.0,0.4468038529938981,15,0.9101280739333578,1.3480788909996329,0.0,0,0,0,92.02,SUCCESS,BULLISH,emergency,0,88336.75,88304.26,0.03679324191155131,270.56236557027773
2025-12-20T21:30:02.378207+00:00,btc-updown-15m-1766265300,RESOLUTION,DOWN,MARKET_END,30,30,1.0000,13.6519,15,0.4633,15,0.4468,15,0.9101,1.3481,0.00,0.0000,0.0000,1.3481,107.02,RESOLVED,,,,,,,
2025-12-20T21:30:15.049754+00:00,btc-updown-15m-1766266200,TRADE,UP,DIR_AVERAGE_DOWN,5,5,0.4700740739556647,2.3503703697783234,5.0,0.4700740739556647,0.0,0.0,0,0,0.0,5.0,0,0,0,104.67,SUCCESS,BULLISH,average_down,0,88296.28,88296.27,1.1325506722720349e-05,2.3400475424925182
2025-12-20T21:30:20.471576+00:00,btc-updown-15m-1766266200,TRADE,UP,DIR_ACCUMULATE,5,5,0.4701669666366606,2.3508348331833027,10.0,0.4701205202961626,0.0,0.0,0,0,0.0,10.0,0,0,0,102.32,SUCCESS,BULLISH,accumulate,0,88296.27,88296.27,0.0,2.4460689378695924e-08
2025-12-20T21:30:31.264472+00:00,btc-updown-15m-1766266200,TRADE,DOWN,DIR_REBALANCE,5,5,0.5300957123563775,2.650478561781888,10.0,0.4701205202961626,5.0,0.5300957123563775,5,1.0002162326525401,-0.0010811632627005796,5.0,0,0,0,99.67,SUCCESS,BULLISH,rebalance,0,88296.27,88296.27,0.0,0.006421167186991929
2025-12-20T21:30:36.676975+00:00,btc-updown-15m-1766266200,TRADE,UP,DIR_ACCUMULATE,5,5,0.4800746337706727,2.4003731688533634,15.0,0.4734385581209993,5.0,0.5300957123563775,5,1.0035342704773769,-0.01767135238688433,10.0,0,0,0,97.27,SUCCESS,BULLISH,accumulate,0,88296.28,88296.27,1.1325506722720349e-05,2.265982919513879
2025-12-20T21:30:42.060799+00:00,btc-updown-15m-1766266200,TRADE,DOWN,DIR_REBALANCE,5,5,0.5401977941643971,2.700988970821985,15.0,0.4734385581209993,10.0,0.5351467532603873,10,1.0085853113813865,-0.08585311381386518,5.0,0,0,0,94.56,SUCCESS,BULLISH,rebalance,0,88296.28,88296.27,1.1325506722720349e-05,2.4047714612258733
2025-12-20T21:40:01.265918+00:00,btc-updown-15m-1766266200,TRADE,DOWN,DIR_EMERGENCY,5,5,0.5201809191743999,2.6009045958719996,15.0,0.4734385581209993,15.0,0.5301581418983915,15,1.0035967000193908,-0.05395050029086246,0.0,0,0,0,91.96,SUCCESS,BULLISH,emergency,0,88296.28,88296.27,1.1325506722720349e-05,1.6333062662811835
2025-12-20T21:45:00.970050+00:00,btc-updown-15m-1766266200,RESOLUTION,DOWN,MARKET_END,30,30,1.0000,15.0540,15,0.4734,15,0.5302,15,1.0036,-0.0540,0.00,0.0000,0.0000,-0.0540,106.96,RESOLVED,,,,,,,
2025-12-20T21:45:08.241720+00:00,btc-updown-15m-1766267100,TRADE,UP,DIR_AVERAGE_DOWN,5,5,0.5201973138487525,2.600986569243762,5.0,0.5201973138487525,0.0,0.0,0,0,0.0,5.0,0,0,0,104.36,SUCCESS,BULLISH,average_down,0,88290.6,88290.6,0.0,3.592843393421953e-08
2025-12-20T21:45:13.891928+00:00,btc-updown-15m-1766267100,TRADE,UP,DIR_ACCUMULATE,5,5,0.5201195331041005,2.6005976655205028,10.0,0.5201584234764265,0.0,0.0,0,0,0.0,10.0,0,0,0,101.76,SUCCESS,BULLISH,accumulate,0,88290.6,88290.6,0.0,0.009094946776354862
2025-12-20T21:45:19.295394+00:00,btc-updown-15m-1766267100,TRADE,DOWN,DIR_REBALANCE,5,5,0.500229776906669,2.501148884533345,10.0,0.5201584234764265,5.0,0.500229776906669,5,1.0203882003830955,-0.10194100191547761,5.0,0,0,0,99.26,SUCCESS,BULLISH,rebalance,0,88290.6,88290.6,0.0,3.3218707550894265e-08
2025-12-20T21:45:24.697547+00:00,btc-updown-15m-1766267100,TRADE,UP,DIR_ACCUMULATE,5,5,0.5100459095212007,2.550229547606003,15.0,0.5167875854913512,5.0,0.500229776906669,5,1.01701736239802,-0.08508681199010049,10.0,0,0,0,96.71,SUCCESS,BULLISH,accumulate,0,88290.59,88290.6,-1.1326234060379276e-05,1.615283026245684
2025-12-20T21:45:30.094060+00:00,btc-updown-15m-1766267100,TRADE,DOWN,DIR_REBALANCE,5,5,0.5001706981019952,2.500853490509976,15.0,0.5167875854913512,10.0,0.5002002375043321,10,1.0169878229956832,-0.16987822995683244,5.0,0,0,0,94.21,SUCCESS,BULLISH,rebalance,0,88290.59,88290.6,-1.1326234060379276e-05,1.678482789959671
2025-12-20T22:00:03.921526+00:00,btc-updown-15m-1766267100,RESOLUTION,DOWN,MARKET_END,25,25,1.0000,12.7538,15,0.5168,10,0.5002,10,1.0170,-0.1699,0.33,0.0000,0.0000,-2.7540,104.21,RESOLVED,,,,,,,
2025-12-20T22:00:12.025948+00:00,btc-updown-15m-1766268000,TRADE,DOWN,DIR_AVERAGE_DOWN,5,5,0.34008645895073986,1.7004322947536994,0.0,0.0,5.0,0.34008645895073986,0,0,0.0,5.0,0,0,0,102.51,SUCCESS,BEARISH,average_down,1,88229.07,88229.07,0.0,0.25843176926111106
2025-12-20T22:00:22.964887+00:00,btc-updown-15m-1766268000,TRADE,DOWN,DIR_ACCUMULATE,5,5,0.3700499412840884,1.850249706420442,0.0,0.0,10.0,0.35506820011741413,0,0,0.0,10.0,0,0,0,100.66,SUCCESS,BEARISH,accumulate,1,88229.08,88229.07,1.1334132837126482e-05,0.2025451304036498
2025-12-20T22:00:28.400876+00:00,btc-updown-15m-1766268000,TRADE,UP,DIR_REBALANCE,5,5,0.6500448236595905,3.2502241182979525,5.0,0.6500448236595905,10.0,0.35506820011741413,5,1.0051130237770045,-0.025565118885022553,5.0,0,0,0,97.41,SUCCESS,BEARISH,rebalance,1,88229.08,88229.07,1.1334132837126482e-05,0.1935713089970155
2025-12-20T22:00:39.229312+00:00,btc-updown-15m-1766268000,TRADE,DOWN,DIR_ACCUMULATE,5,5,0.27002857869220026,1.3501428934610014,5.0,0.6500448236595905,15.0,0.32672165964234284,5,0.9767664833019334,0.11616758349033307,10.0,0,0,0,96.06,SUCCESS,BEARISH,accumulate,1,88240.0,88229.07,0.012388207197461124,70.02071594679322
2025-12-20T22:00:44.635944+00:00,btc-updown-15m-1766268000,TRADE,UP,DIR_REBALANCE,5,5,0.7503612259688226,3.751806129844113,10.0,0.7002030248142066,15.0,0.32672165964234284,10,1.0269246844565494,-0.26924684456549386,5.0,0,0,0,92.31,SUCCESS,BEARISH,rebalance,1,88248.77,88229.07,0.022328241700832942,130.28062347536516
2025-12-20T22:11:03.105535+00:00,btc-updown-15m-1766268000,TRADE,UP,DIR_EMERGENCY,5,5,0.5901298322166111,2.9506491610830556,15.0,0.6635119606150081,15.0,0.32672165964234284,15,0.990233620257351,0.14649569613973568,0.0,0,0,0,89.36,SUCCESS,BEARISH,emergency,1,88218.56,88229.07,-0.011912173618070905,129.5409233018743
2025-12-20T22:15:00.039935+00:00,btc-updown-15m-1766268000,RESOLUTION,UP,MARKET_END,30,30,1.0000,14.8535,15,0.6635,15,0.3267,15,0.9902,0.1465,0.00,0.0000,0.0000,0.1470,104.36,RESOLVED,,,,,,,
2025-12-20T22:15:07.783501+00:00,btc-updown-15m-1766268900,TRADE,DOWN,DIR_AVERAGE_DOWN,5,5,0.4701006128967707,2.3505030644838536,0.0,0.0,5.0,0.47010061289677074,0,0,0.0,5.0,0,0,0,102.01,SUCCESS,BEARISH,average_down,1,88180.49,88180.49,0.0,0.2177074780083871
2025-12-20T22:15:13.178899+00:00,btc-updown-15m-1766268900,TRADE,DOWN,DIR_ACCUMULATE,5,3,0.4602279078818295,1.3806837236454885,0.0,0.0,8.0,0.4663983485161678,0,0,0.0,8.0,0,0,0,100.63,SUCCESS,BEARISH,accumulate,1,88180.48,88180.49,-1.1340377003250067e-05,0.2950338743647124
2025-12-20T22:15:18.577656+00:00,btc-updown-15m-1766268900,TRADE,UP,DIR_REBALANCE,5,5,0.5801007556732363,2.9005037783661813,5.0,0.5801007556732363,8.0,0.4663983485161678,5,1.046499104189404,-0.2324955209470203,3.0,0,0,0,97.73,SUCCESS,BEARISH,rebalance,1,88180.49,88180.49,0.0,0.2228802559220322
2025-12-20T22:15:23.992119+00:00,btc-updown-15m-1766268900,TRADE,DOWN,DIR_ACCUMULATE,5,5,0.4400824023963087,2.2004120119815433,5.0,0.5801007556732363,13.0,0.4562768307777604,5,1.0363775864509965,-0.18188793225498268,8.0,0,0,0,95.52,SUCCESS,BEARISH,accumulate,1,88180.48,88180.49,-1.1340377003250067e-05,0.3024663789065844
2025-12-20T22:15:29.541287+00:00,btc-updown-15m-1766268900,TRADE,UP,DIR_REBALANCE,5,5,0.5802534003328081,2.9012670016640407,10.0,0.5801770780030222,13.0,0.4562768307777604,10,1.0364539087807825,-0.36453908780782474,3.0,0,0,0,92.62,SUCCESS,BEARISH,rebalance,1,88180.49,88180.49,0.0,0.22975176414967227
2025-12-20T22:15:35.047229+00:00,btc-updown-15m-1766268900,TRADE,DOWN,DIR_ACCUMULATE,2,2,0.44010854612342903,0.8802170922468581,10.0,0.5801770780030222,15.0,0.45412105949051623,10,1.0342981374935385,-0.34298137493538494,5.0,0,0,0,91.74,SUCCESS,BEARISH,accumulate,1,88180.49,88180.49,0.0,0.2522972219320814
2025-12-20T22:25:04.323536+00:00,btc-updown-15m-1766268900,TRADE,UP,DIR_EMERGENCY,5,5,0.28005089549865014,1.4002544774932506,15.0,0.48013501716823154,15.0,0.45412105949051623,15,0.9342560766587478,0.9861588501187835,0.0,0,0,0,90.34,SUCCESS,BEARISH,emergency,1,88154.07,88180.49,-0.029961276014681085,6546.179178911026
2025-12-20T22:30:04.118083+00:00,btc-updown-15m-1766268900,RESOLUTION,UP,MARKET_END,30,30,1.0000,14.0138,15,0.4801,15,0.4541,15,0.9343,0.9862,0.00,0.0000,0.0000,0.9862,105.34,RESOLVED,,,,,,,
2025-12-20T22:30:17.420224+00:00,btc-updown-15m-1766269800,TRADE,DOWN,DIR_AVERAGE_DOWN,5,5,0.44010316562461366,2.200515828123068,0.0,0.0,5.0,0.4401031656246136,0,0,0.0,5.0,0,0,0,103.14,SUCCESS,BEARISH,average_down,1,88225.91,88211.65,0.016165665192760043,77.06891902939307
2025-12-20T22:30:22.822943+00:00,btc-updown-15m-1766269800,TRADE,DOWN,DIR_ACCUMULATE,5,5,0.480229349020126,2.40114674510063,0.0,0.0,10.0,0.4601662573223698,0,0,0.0,10.0,0,0,0,100.74,SUCCESS,BEARISH,accumulate,1,88219.14,88211.65,0.008490941956085437,41.50540799882703
2025-12-20T22:30:28.231877+00:00,btc-updown-15m-1766269800,TRADE,UP,DIR_REBALANCE,5,5,0.5300071293701353,2.6500356468506765,5.0,0.5300071293701353,10.0,0.4601662573223698,5,0.9901733866925051,0.04913306653747451,5.0,0,0,0,98.09,SUCCESS,BEARISH,rebalance,1,88219.15,88211.65,0.008502278327182408,41.540989473947896
2025-12-20T22:30:33.645362+00:00,btc-updown-15m-1766269800,TRADE,DOWN,DIR_ACCUMULATE,5,5,0.42991150089413194,2.1495575044706596,5.0,0.5300071293701353,15.0,0.4500813385129572,5,0.9800884678830925,0.09955766058453774,10.0,0,0,0,95.94,SUCCESS,BEARISH,accumulate,1,88219.14,88211.65,0.008490941956085437,41.73957405826086
2025-12-20T22:30:39.052833+00:00,btc-updown-15m-1766269800,TRADE,UP,DIR_REBALANCE,5,5,0.6300365078539799,3.1501825392698994,10.0,0.5800218186120576,15.0,0.4500813385129572,10,1.0301031571250148,-0.3010315712501477,5.0,0,0,0,92.79,SUCCESS,BEARISH,rebalance,1,88219.15,88211.65,0.008502278327182408,40.12916925518042
2025-12-20T22:45:03.748838+00:00,btc-updown-15m-1766269800,RESOLUTION,UP,MARKET_END,25,25,1.0000,12.5514,10,0.5800,15,0.4501,10,1.0301,-0.3010,0.33,0.0000,0.0000,-2.5514,102.79,RESOLVED,,,,,,,
2025-12-20T22:45:11.513426+00:00,btc-updown-15m-1766270700,TRADE,UP,DIR_AVERAGE_DOWN,5,5,0.5001413377185041,2.5007066885925204,5.0,0.5001413377185041,0.0,0.0,0,0,0.0,5.0,0,0,0,100.29,SUCCESS,BULLISH,average_down,2,88255.62,88255.62,0.0,0.34681744330194586
2025-12-20T22:45:16.919610+00:00,btc-updown-15m-1766270700,TRADE,UP,DIR_ACCUMULATE,5,4,0.5102511696811954,2.0410046787247818,9.0,0.5046345963685891,0.0,0.0,0,0,0.0,9.0,0,0,0,98.25,SUCCESS,BULLISH,accumulate,2,88255.62,88255.62,0.0,0.2170058057785025
2025-12-20T22:45:22.426194+00:00,btc-updown-15m-1766270700,TRADE,DOWN,DIR_REBALANCE,5,5,0.510131119337624,2.55065559668812,9.0,0.5046345963685891,5.0,0.510131119337624,5,1.014765715706213,-0.0738285785310655,4.0,0,0,0,95.70,SUCCESS,BULLISH,rebalance,2,88255.63,88255.62,1.133072319849232e-05,2.148871208203557
2025-12-20T22:45:28.204651+00:00,btc-updown-15m-1766270700,TRADE,UP,DIR_ACCUMULATE,5,5,0.5000882885686112,2.500441442843056,14.0,0.5030109150114541,5.0,0.510131119337624,5,1.013142034349078,-0.06571017174539007,9.0,0,0,0,93.20,SUCCESS,BULLISH,accumulate,2,88255.63,88255.62,1.133072319849232e-05,2.013777430563172
2025-12-20T22:45:33.618446+00:00,btc-updown-15m-1766270700,TRADE,DOWN,DIR_REBALANCE,5,5,0.510000587301317,2.5500029365065853,14.0,0.5030109150114541,10.0,0.5100658533194705,10,1.0130767683309245,-0.13076768330924526,4.0,0,0,0,90.65,SUCCESS,BULLISH,rebalance,2,88255.63,88255.62,1.133072319849232e-05,1.5856286054360327
2025-12-20T22:45:39.043187+00:00,btc-updown-15m-1766270700,TRADE,UP,DIR_ACCUMULATE,1,1,0.500004141636375,0.500004141636375,15.0,0.5028104634531155,10.0,0.5100658533194705,10,1.012876316772586,-0.1287631677258605,5.0,0,0,0,90.15,SUCCESS,BULLISH,accumulate,2,88255.63,88255.62,1.133072319849232e-05,1.620185231753819
2025-12-20T22:55:06.248090+00:00,btc-updown-15m-1766270700,TRADE,DOWN,DIR_EMERGENCY,5,2,0.040013654893934804,0.08002730978786961,15.0,0.5028104634531155,12.0,0.4317238202485479,12,0.9345342837016635,0.7855885955800384,3.0,0,0,0,90.07,SUCCESS,BULLISH,emergency,2,88322.09,88255.62,0.0753153170302369,433.8419552433986
2025-12-20T22:55:11.709675+00:00,btc-updown-15m-1766270700,TRADE,DOWN,DIR_EMERGENCY,3,3,0.03001407547575637,0.09004222642726911,15.0,0.5028104634531155,15.0,0.3513818712939896,15,0.8541923347471052,2.1871149787934216,0.0,0,0,0,89.98,SUCCESS,BULLISH,emergency,2,88322.1,88255.62,0.07532664775343541,433.137245612381
2025-12-20T23:00:02.356869+00:00,btc-updown-15m-1766270700,RESOLUTION,UP,MARKET_END,30,30,1.0000,12.8129,15,0.5028,15,0.3514,15,0.8542,2.1871,0.00,0.0000,0.0000,2.1870,104.98,RESOLVED,,,,,,,
2025-12-20T23:00:10.273081+00:00,btc-updown-15m-1766271600,TRADE,UP,DIR_AVERAGE_DOWN,5,5,0.400082931976342,2.00041465988171,5.0,0.400082931976342,0.0,0.0,0,0,0.0,5.0,0,0,0,102.98,SUCCESS,BULLISH,average_down,2,88252.78,88252.78,0.0,0.15081995656534192
2025-12-20T23:00:15.655383+00:00,btc-updown-15m-1766271600,TRADE,UP,DIR_ACCUMULATE,5,5,0.3801113349468614,1.900556674734307,10.0,0.3900971334616017,0.0,0.0,0,0,0.0,10.0,0,0,0,101.08,SUCCESS,BULLISH,accumulate,2,88252.79,88252.78,1.1331087807954957e-05,0.19752547758480457
2025-12-20T23:00:26.595709+00:00,btc-updown-15m-1766271600,TRADE,DOWN,DIR_REBALANCE,5,5,0.6002887719789004,3.001443859894502,10.0,0.3900971334616017,5.0,0.6002887719789004,5,0.9903859054405021,0.04807047279748955,5.0,0,0,0,98.08,SUCCESS,BULLISH,rebalance,2,88253.39,88252.78,0.0006911963566480083,3.604418703503569
2025-12-20T23:00:32.008735+00:00,btc-updown-15m-1766271600,TRADE,UP,DIR_ACCUMULATE,5,5,0.42015892208800615,2.1007946104400306,15.0,0.40011772967040315,5.0,0.6002887719789004,5,1.0004065016493036,-0.0020325082465177946,10.0,0,0,0,95.98,SUCCESS,BULLISH,accumulate,2,88255.18,88252.78,0.002719461075327235,13.99409002763423
2025-12-20T23:00:37.431309+00:00,btc-updown-15m-1766271600,TRADE,DOWN,DIR_REBALANCE,5,4,0.5400152620246625,2.16006104809865,15.0,0.40011772967040315,9.0,0.5735005453325724,9,0.9736182750029756,0.23743552497321962,6.0,0,0,0,93.82,SUCCESS,BULLISH,rebalance,2,88269.24,88252.78,0.01865097054167178,99.0116563170401
2025-12-20T23:00:42.818581+00:00,btc-updown-15m-1766271600,TRADE,DOWN,DIR_REBALANCE,5,3,0.5401501617254815,1.6204504851764443,15.0,0.40011772967040315,12.0,0.5651629494307997,12,0.9652806791012029,0.41663185078556575,3.0,0,0,0,92.20,SUCCESS,BULLISH,rebalance,2,88269.24,88252.78,0.01865097054167178,99.19602095489037
2025-12-20T23:10:02.496679+00:00,btc-updown-15m-1766271600,TRADE,DOWN,DIR_EMERGENCY,3,3,0.24010923228837722,0.7203276968651317,15.0,0.40011772967040315,15.0,0.5001522060023152,15,0.9002699356727184,1.495950964909224,0.0,0,0,0,91.47,SUCCESS,BULLISH,emergency,2,88308.43,88252.78,0.0630575036842966,340.7662454626223
2025-12-20T23:15:00.426212+00:00,btc-updown-15m-1766271600,RESOLUTION,DOWN,MARKET_END,30,30,1.0000,13.5040,15,0.4001,15,0.5002,15,0.9003,1.4960,0.00,0.0000,0.0000,1.4960,106.47,RESOLVED,,,,,,,
2025-12-20T23:15:07.758339+00:00,btc-updown-15m-1766272500,TRADE,UP,DIR_AVERAGE_DOWN,5,5,0.4798164648656625,2.3990823243283126,5.0,0.47981646486566254,0.0,0.0,0,0,0.0,5.0,0,0,0,104.08,SUCCESS,BULLISH,average_down,2,88330.33,88330.33,0.0,0.16698689804633515
2025-12-20T23:15:13.164699+00:00,btc-updown-15m-1766272500,TRADE,UP,DIR_ACCUMULATE,5,5,0.4701987725667988,2.350993862833994,10.0,0.4750076187162307,0.0,0.0,0,0,0.0,10.0,0,0,0,101.72,SUCCESS,BULLISH,accumulate,2,88330.33,88330.33,0.0,0.16407774816303802
2025-12-20T23:15:23.986248+00:00,btc-updown-15m-1766272500,TRADE,DOWN,DIR_REBALANCE,5,5,0.5300208784847132,2.6501043924235663,10.0,0.4750076187162307,5.0,0.5300208784847132,5,1.005028497200944,-0.02514248600472002,5.0,0,0,0,99.07,SUCCESS,BULLISH,rebalance,2,88330.33,88330.33,0.0,0.16834347302793448
2025-12-20T23:15:29.402128+00:00,btc-updown-15m-1766272500,TRADE,UP,DIR_ACCUMULATE,5,5,0.48017806418943365,2.4008903209471684,15.0,0.47673110054063167,5.0,0.5300208784847132,5,1.006751979025345,-0.03375989512672484,10.0,0,0,0,96.67,SUCCESS,BULLISH,accumulate,2,88330.33,88330.33,0.0,0.17206252074994932
2025-12-20T23:15:34.808319+00:00,btc-updown-15m-1766272500,TRADE,DOWN,DIR_REBALANCE,5,5,0.5400598365319152,2.700299182659576,15.0,0.47673110054063167,10.0,0.5350403575083142,10,1.0117714580489459,-0.1177145804894586,5.0,0,0,0,93.97,SUCCESS,BULLISH,rebalance,2,88330.33,88330.33,0.0,0.168339578997398
2025-12-20T23:30:03.880278+00:00,btc-updown-15m-1766272500,RESOLUTION,UP,MARKET_END,25,25,1.0000,12.5014,15,0.4767,10,0.5350,10,1.0118,-0.1177,0.33,0.0000,0.0000,2.4986,108.97,RESOLVED,,,,,,,
2025-12-20T23:30:11.389649+00:00,btc-updown-15m-1766273400,TRADE,DOWN,DIR_AVERAGE_DOWN,5,5,0.5101464145225008,2.5507320726125036,0.0,0.0,5.0,0.5101464145225008,0,0,0.0,5.0,0,0,0,106.42,SUCCESS,BEARISH,average_down,3,88284.17,88284.17,0.0,0.012893411664010373
2025-12-20T23:30:16.847223+00:00,btc-updown-15m-1766273400,TRADE,DOWN,DIR_ACCUMULATE,5,5,0.5100446101747355,2.550223050873677,0.0,0.0,10.0,0.510095512348618,0,0,0.0,10.0,0,0,0,103.87,SUCCESS,BEARISH,accumulate,3,88284.18,88284.17,1.1327058967379214e-05,1.63761628607956
2025-12-20T23:30:22.290538+00:00,btc-updown-15m-1766273400,TRADE,UP,DIR_REBALANCE,5,5,0.6002223475324359,3.001111737662179,5.0,0.6002223475324359,10.0,0.510095512348618,5,1.110317859881054,-0.5515892994052696,5.0,0,0,0,100.87,SUCCESS,BEARISH,rebalance,3,88299.99,88284.17,0.01791940729578925,143.4905678784932
2025-12-20T23:30:27.709651+00:00,btc-updown-15m-1766273400,TRADE,DOWN,DIR_ACCUMULATE,5,5,0.4001490643915128,2.000745321957564,5.0,0.6002223475324359,15.0,0.4734466963629163,5,1.0736690438953522,-0.36834521947676113,10.0,0,0,0,98.87,SUCCESS,BEARISH,accumulate,3,88299.99,88284.17,0.01791940729578925,143.39643624117616
2025-12-20T23:30:38.516929+00:00,btc-updown-15m-1766273400,TRADE,UP,DIR_REBALANCE,5,5,0.6402798838733432,3.201399419366716,10.0,0.6202511157028895,15.0,0.4734466963629163,10,1.0936978120658059,-0.9369781206580585,5.0,0,0,0,95.67,SUCCESS,BEARISH,rebalance,3,88300.0,88284.17,0.01793073435475663,144.85997788294242
2025-12-20T23:45:03.549901+00:00,btc-updown-15m-1766273400,RESOLUTION,UP,MARKET_END,25,25,1.0000,13.3042,10,0.6203,15,0.4734,10,1.0937,-0.9370,0.33,0.0000,0.0000,-3.3042,105.67,RESOLVED,,,,,,,
2025-12-20T23:45:10.720714+00:00,btc-updown-15m-1766274300,TRADE,DOWN,DIR_AVERAGE_DOWN,5,5,0.5202318481791429,2.6011592408957145,0.0,0.0,5.0,0.5202318481791429,0,0,0.0,5.0,0,0,0,103.07,SUCCESS,BEARISH,average_down,3,88321.07,88321.07,0.0,0.06223900573162634
2025-12-20T23:45:21.734981+00:00,btc-updown-15m-1766274300,TRADE,DOWN,DIR_ACCUMULATE,5,5,0.5000738971508912,2.5003694857544563,0.0,0.0,10.0,0.5101528726650171,0,0,0.0,10.0,0,0,0,100.57,SUCCESS,BEARISH,accumulate,3,88321.07,88321.07,0.0,0.062214754349284744
2025-12-20T23:45:27.150219+00:00,btc-updown-15m-1766274300,TRADE,UP,DIR_REBALANCE,5,5,0.5201125785681905,2.6005628928409523,5.0,0.5201125785681905,10.0,0.5101528726650171,5,1.0302654512332077,-0.15132725616603837,5.0,0,0,0,97.97,SUCCESS,BEARISH,rebalance,3,88321.07,88321.07,0.0,0.06254614701354719
2025-12-20T23:45:38.179123+00:00,btc-updown-15m-1766274300,TRADE,DOWN,DIR_ACCUMULATE,5,5,0.4601539803440581,2.3007699017202903,5.0,0.5201125785681905,15.0,0.4934865752246974,5,1.013599153792888,-0.06799576896443948,10.0,0,0,0,95.67,SUCCESS,BEARISH,accumulate,3,88321.08,88321.07,1.1322326591787564e-05,0.22521114470853357
2025-12-20T23:45:43.585133+00:00,btc-updown-15m-1766274300,TRADE,UP,DIR_REBALANCE,5,5,0.6202211022822435,3.1011055114112174,10.0,0.5701668404252169,15.0,0.4934865752246974,10,1.0636534156499144,-0.6365341564991445,5.0,0,0,0,92.57,SUCCESS,BEARISH,rebalance,3,88333.79,88321.07,0.014401999432283385,73.03520831725446
2025-12-21T00:00:02.424876+00:00,btc-updown-15m-1766274300,RESOLUTION,DOWN,MARKET_END,25,25,1.0000,13.1040,10,0.5702,15,0.4935,10,1.0637,-0.6365,0.33,0.0000,0.0000,1.8955,107.57,RESOLVED,,,,,,,
2025-12-21T00:00:10.102701+00:00,btc-updown-15m-1766275200,TRADE,UP,DIR_AVERAGE_DOWN,5,5,0.5000435911365373,2.5002179556826865,5.0,0.5000435911365373,0.0,0.0,0,0,0.0,5.0,0,0,0,105.06,SUCCESS,BULLISH,average_down,4,88374.87,88374.87,0.0,0.008369629215919598
2025-12-21T00:00:15.507842+00:00,btc-updown-15m-1766275200,TRADE,UP,DIR_ACCUMULATE,5,5,0.5200715564809544,2.600357782404772,10.0,0.5100575738087458,0.0,0.0,0,0,0.0,10.0,0,0,0,102.46,SUCCESS,BULLISH,accumulate,4,88388.0,88374.87,0.014857164712100461,123.42711350102186
2025-12-21T00:00:20.954987+00:00,btc-updown-15m-1766275200,TRADE,DOWN,DIR_REBALANCE,5,5,0.48009034837160314,2.400451741858016,10.0,0.5100575738087458,5.0,0.48009034837160314,5,0.990147922180349,0.04926038909825514,5.0,0,0,0,100.06,SUCCESS,BULLISH,rebalance,4,88388.0,88374.87,0.014857164712100461,124.71374669014827
2025-12-21T00:00:26.357025+00:00,btc-updown-15m-1766275200,TRADE,UP,DIR_ACCUMULATE,5,5,0.6401528786966932,3.200764393483466,15.0,0.5534226754380617,5.0,0.48009034837160314,5,1.0335130238096648,-0.16756511904832405,10.0,0,0,0,96.86,SUCCESS,BULLISH,accumulate,4,88389.99,88374.87,0.017108936058417845,134.16652059404618
2025-12-21T00:00:31.749041+00:00,btc-updown-15m-1766275200,TRADE,DOWN,DIR_REBALANCE,5,5,0.37002670210689337,1.8501335105344667,15.0,0.5534226754380617,10.0,0.4250585252392483,10,0.97848120067731,0.21518799322689963,5.0,0,0,0,95.01,SUCCESS,BULLISH,rebalance,4,88392.54,88374.87,0.019994371703175636,155.028473076016
2025-12-21T00:15:03.026212+00:00,btc-updown-15m-1766275200,RESOLUTION,UP,MARKET_END,25,25,1.0000,12.5519,15,0.5534,10,0.4251,10,0.9785,0.2152,0.33,0.0000,0.0000,2.4480,110.01,RESOLVED,,,,,,,
2025-12-21T00:15:10.167540+00:00,btc-updown-15m-1766276100,TRADE,DOWN,DIR_AVERAGE_DOWN,5,5,0.5002090380476512,2.5010451902382558,0.0,0.0,5.0,0.5002090380476512,0,0,0.0,5.0,0,0,0,107.51,SUCCESS,BEARISH,average_down,5,88326.48,88326.48,0.0,3.2859390682557574e-08
2025-12-21T00:15:15.572863+00:00,btc-updown-15m-1766276100,TRADE,DOWN,DIR_ACCUMULATE,5,5,0.5000964493087849,2.5004822465439247,0.0,0.0,10.0,0.500152743678218,0,0,0.0,10.0,0,0,0,105.01,SUCCESS,BEARISH,accumulate,5,88326.49,88326.48,1.1321633115361583e-05,1.809473350568588
2025-12-21T00:15:20.967446+00:00,btc-updown-15m-1766276100,TRADE,UP,DIR_REBALANCE,5,5,0.5100597089915152,2.550298544957576,5.0,0.5100597089915152,10.0,0.500152743678218,5,1.0102124526697334,-0.051062263348666814,5.0,0,0,0,102.46,SUCCESS,BEARISH,rebalance,5,88326.48,88326.48,0.0,0.00907052877796417
2025-12-21T00:15:26.385882+00:00,btc-updown-15m-1766276100,TRADE,DOWN,DIR_ACCUMULATE,5,5,0.5001026275029501,2.5005131375147505,5.0,0.5100597089915152,15.0,0.500136038286462,5,1.0101957472779772,-0.05097873638988615,10.0,0,0,0,99.96,SUCCESS,BEARISH,accumulate,5,88326.48,88326.48,0.0,0.008934110036734102
2025-12-21T00:15:31.800025+00:00,btc-updown-15m-1766276100,TRADE,UP,DIR_REBALANCE,5,5,0.5100279722578605,2.5501398612893023,10.0,0.5100438406246879,15.0,0.500136038286462,10,1.01017987891115,-0.1017987891115002,5.0,0,0,0,97.41,SUCCESS,BEARISH,rebalance,5,88326.48,88326.48,0.0,3.362977368677503e-08
2025-12-21T00:30:00.686543+00:00,btc-updown-15m-1766276100,RESOLUTION,DOWN,MARKET_END,25,25,1.0000,12.6025,10,0.5100,15,0.5001,10,1.0102,-0.1018,0.33,0.0000,0.0000,2.3975,112.41,RESOLVED,,,,,,,
2025-12-21T00:30:07.921059+00:00,btc-updown-15m-1766277000,TRADE,UP,DIR_AVERAGE_DOWN,5,5,0.5701984406412476,2.850992203206238,5.0,0.5701984406412476,0.0,0.0,0,0,0.0,5.0,0,0,0,109.56,SUCCESS,BULLISH,average_down,6,88420.0,88420.0,0.0,0.15350218540342692
2025-12-21T00:30:13.467192+00:00,btc-updown-15m-1766277000,TRADE,UP,DIR_ACCUMULATE,5,5,0.48017814210052734,2.4008907105026367,10.0,0.5251882913708874,0.0,0.0,0,0,0.0,10.0,0,0,0,107.16,SUCCESS,BULLISH,accumulate,6,88420.0,88420.0,0.0,0.14857845358487
2025-12-21T00:30:18.937210+00:00,btc-updown-15m-1766277000,TRADE,DOWN,DIR_REBALANCE,5,5,0.5300954439308251,2.6504772196541255,10.0,0.5251882913708874,5.0,0.5300954439308251,5,1.0552837353017126,-0.276418676508563,5.0,0,0,0,104.51,SUCCESS,BULLISH,rebalance,6,88420.0,88420.0,0.0,0.14600980336432645
2025-12-21T00:30:24.336725+00:00,btc-updown-15m-1766277000,TRADE,UP,DIR_ACCUMULATE,5,5,0.5302570252452222,2.651285126226111,15.0,0.526877869328999,5.0,0.5300954439308251,5,1.056973313259824,-0.2848665662991201,10.0,0,0,0,101.86,SUCCESS,BULLISH,accumulate,6,88420.0,88420.0,0.0,0.14391733055057837
2025-12-21T00:30:29.759725+00:00,btc-updown-15m-1766277000,TRADE,DOWN,DIR_REBALANCE,5,5,0.4701568432411027,2.3507842162055135,15.0,0.526877869328999,10.0,0.500126143585964,10,1.0270040129149631,-0.27004012914963127,5.0,0,0,0,99.51,SUCCESS,BULLISH,rebalance,6,88420.0,88420.0,0.0,0.14302947914346478
2025-12-21T00:36:25.426261+00:00,btc-updown-15m-1766277000,TRADE,DOWN,DIR_ACCUMULATE,5,5,0.7701024489762915,3.8505122448814575,15.0,0.526877869328999,15.0,0.5901182453827398,15,1.1169961147117389,-1.7549417206760831,0.0,0,0,0,95.66,SUCCESS,BEARISH,accumulate,7,88366.43,88420.0,-0.06058584030763061,435.1019073949465
2025-12-21T00:45:01.163585+00:00,btc-updown-15m-1766277000,RESOLUTION,UP,MARKET_END,30,30,1.0000,16.7549,15,0.5269,15,0.5901,15,1.1170,-1.7549,0.00,0.0000,0.0000,-1.7549,110.66,RESOLVED,,,,,,,
2025-12-21T00:45:08.933536+00:00,btc-updown-15m-1766277900,TRADE,DOWN,DIR_AVERAGE_DOWN,5,5,0.4402194978726802,2.201097489363401,0.0,0.0,5.0,0.4402194978726802,0,0,0.0,5.0,0,0,0,108.45,SUCCESS,BEARISH,average_down,7,88339.99,88339.99,0.0,0.10322764913424597
2025-12-21T00:45:14.369726+00:00,btc-updown-15m-1766277900,TRADE,DOWN,DIR_ACCUMULATE,5,5,0.47011655865066154,2.3505827932533077,0.0,0.0,10.0,0.4551680282616709,0,0,0.0,10.0,0,0,0,106.10,SUCCESS,BEARISH,accumulate,7,88340.0,88339.99,1.131990166034806e-05,0.00279174702295477
2025-12-21T00:45:19.771652+00:00,btc-updown-15m-1766277900,TRADE,UP,DIR_REBALANCE,5,5,0.5500362746090657,2.7501813730453284,5.0,0.5500362746090657,10.0,0.4551680282616709,5,1.0052043028707365,-0.026021514353682385,5.0,0,0,0,103.35,SUCCESS,BEARISH,rebalance,7,88339.99,88339.99,0.0,0.10091232723472585
2025-12-21T00:45:25.174616+00:00,btc-updown-15m-1766277900,TRADE,DOWN,DIR_ACCUMULATE,5,5,0.4800563319825111,2.4002816599125554,5.0,0.5500362746090657,15.0,0.4634641295019509,5,1.0135004041110167,-0.06750202055508359,10.0,0,0,0,100.95,SUCCESS,BEARISH,accumulate,7,88339.99,88339.99,0.0,0.10463512005057739
2025-12-21T00:45:30.587743+00:00,btc-updown-15m-1766277900,TRADE,UP,DIR_REBALANCE,5,5,0.5401650062768261,2.7008250313841304,10.0,0.5451006404429458,15.0,0.4634641295019509,10,1.0085647699448967,-0.08564769944896744,5.0,0,0,0,98.25,SUCCESS,BEARISH,rebalance,7,88340.0,88339.99,1.131990166034806e-05,0.008889962068823734
2025-12-21T00:55:02.583918+00:00,btc-updown-15m-1766277900,TRADE,UP,DIR_EMERGENCY,5,5,0.6002283503571505,3.0011417517857524,15.0,0.5634765437476807,15.0,0.4634641295019509,15,1.0269406732496318,-0.4041100987444768,0.0,0,0,0,95.25,SUCCESS,BEARISH,emergency,7,88342.0,88339.99,0.002275300234915989,66.75456533259215
2025-12-21T01:00:05.130886+00:00,btc-updown-15m-1766277900,RESOLUTION,DOWN,MARKET_END,30,30,1.0000,15.4041,15,0.5635,15,0.4635,15,1.0269,-0.4041,0.00,0.0000,0.0000,-0.4050,110.25,RESOLVED,,,,,,,
2025-12-21T01:00:12.329287+00:00,btc-updown-15m-1766278800,TRADE,DOWN,DIR_AVERAGE_DOWN,5,5,0.6700287176064295,3.3501435880321475,0.0,0.0,5.0,0.6700287176064295,0,0,0.0,5.0,0,0,0,106.90,SUCCESS,BEARISH,average_down,7,88373.47,88373.47,0.0,0.04531721548292079
2025-12-21T01:00:17.737854+00:00,btc-updown-15m-1766278800,TRADE,DOWN,DIR_ACCUMULATE,5,5,0.6700483955581941,3.3502419777909704,0.0,0.0,10.0,0.6700385565823118,0,0,0.0,10.0,0,0,0,103.55,SUCCESS,BEARISH,accumulate,7,88373.47,88373.47,0.0,0.036624765352692365
2025-12-21T01:00:23.167562+00:00,btc-updown-15m-1766278800,TRADE,UP,DIR_REBALANCE,5,5,0.3400385149886198,1.700192574943099,5.0,0.3400385149886198,10.0,0.6700385565823118,5,1.0100770715709317,-0.0503853578546587,5.0,0,0,0,101.85,SUCCESS,BEARISH,rebalance,7,88373.47,88373.47,0.0,0.010931370354174007
2025-12-21T01:00:28.581092+00:00,btc-updown-15m-1766278800,TRADE,DOWN,DIR_ACCUMULATE,5,5,0.670039360139987,3.350196800699935,5.0,0.3400385149886198,15.0,0.6700388244348702,5,1.01007733942349,-0.050386697117450474,10.0,0,0,0,98.50,SUCCESS,BEARISH,accumulate,7,88369.05,88373.47,-0.005001501016083507,38.857629561045854
2025-12-21T01:00:33.987060+00:00,btc-updown-15m-1766278800,TRADE,UP,DIR_REBALANCE,5,3,0.34003579445419474,1.0201073833625842,8.0,0.34003749478821044,15.0,0.6700388244348702,8,1.0100763192230806,-0.08061055378464488,7.0,0,0,0,97.48,SUCCESS,BEARISH,rebalance,7,88359.85,88373.47,-0.0154118651219595,103.44972763141988
2025-12-21T01:00:39.389496+00:00,btc-updown-15m-1766278800,TRADE,UP,DIR_REBALANCE,5,5,0.34015002633531094,1.7007501316765548,13.0,0.34008077615247984,15.0,0.6700388244348702,13,1.01011960058735,-0.13155480763555083,2.0,0,0,0,95.78,SUCCESS,BEARISH,rebalance,7,88359.86,88373.47,-0.015400549508806866,103.98682085804532
2025-12-21T01:10:05.206951+00:00,btc-updown-15m-1766278800,TRADE,UP,DIR_EMERGENCY,2,2,0.04001810761943287,0.08003621523886574,15.0,0.3000724203480736,15.0,0.6700388244348702,15,0.9701112447829437,0.44833132825584376,0.0,0,0,0,95.70,SUCCESS,BEARISH,emergency,7,88338.46,88373.47,-0.03961596166812819,293.8071514747118
2025-12-21T01:15:03.731348+00:00,btc-updown-15m-1766278800,RESOLUTION,DOWN,MARKET_END,30,30,1.0000,14.5517,15,0.3001,15,0.6700,15,0.9701,0.4483,0.00,0.0000,0.0000,0.4483,110.70,RESOLVED,,,,,,,
2025-12-21T01:15:10.781898+00:00,btc-updown-15m-1766279700,TRADE,DOWN,DIR_AVERAGE_DOWN,5,5,0.4500944754028494,2.250472377014247,0.0,0.0,5.0,0.4500944754028494,0,0,0.0,5.0,0,0,0,108.45,SUCCESS,BEARISH,average_down,7,88300.65,88300.65,0.0,0.11655342930645572
2025-12-21T01:15:16.180202+00:00,btc-updown-15m-1766279700,TRADE,DOWN,DIR_ACCUMULATE,5,5,0.4300055805969085,2.150027902984543,0.0,0.0,10.0,0.44005002799987897,0,0,0.0,10.0,0,0,0,106.30,SUCCESS,BEARISH,accumulate,7,88300.64,88300.65,-1.1324944940678592e-05,1.674386820182593
2025-12-21T01:15:21.605076+00:00,btc-updown-15m-1766279700,TRADE,UP,DIR_REBALANCE,5,5,0.6001879660890702,3.000939830445351,5.0,0.6001879660890702,10.0,0.44005002799987897,5,1.0402379940889492,-0.20118997044474618,5.0,0,0,0,103.30,SUCCESS,BEARISH,rebalance,7,88300.65,88300.65,0.0,2.4652279179322636e-08
2025-12-21T01:15:27.072082+00:00,btc-updown-15m-1766279700,TRADE,DOWN,DIR_ACCUMULATE,5,5,0.410098989461994,2.05049494730997,5.0,0.6001879660890702,15.0,0.4300663484872506,5,1.0302543145763208,-0.15127157288160387,10.0,0,0,0,101.25,SUCCESS,BEARISH,accumulate,7,88300.65,88300.65,0.0,0.007814391079392472
2025-12-21T01:15:32.497642+00:00,btc-updown-15m-1766279700,TRADE,UP,DIR_REBALANCE,5,5,0.6000109299106956,3.000054649553478,10.0,0.6000994479998829,15.0,0.4300663484872506,10,1.0301657964871336,-0.3016579648713358,5.0,0,0,0,98.25,SUCCESS,BEARISH,rebalance,7,88300.64,88300.65,-1.1324944940678592e-05,2.4224897707302926
2025-12-21T01:25:04.077913+00:00,btc-updown-15m-1766279700,TRADE,UP,DIR_EMERGENCY,5,5,0.5000917123313141,2.5004585616565707,15.0,0.5667635361103599,15.0,0.4300663484872506,15,0.9968298845976105,0.04755173103584309,0.0,0,0,0,95.75,SUCCESS,BEARISH,emergency,7,88293.72,88300.65,-0.007848186847993776,88.28827817989021
2025-12-21T01:30:00.089229+00:00,btc-updown-15m-1766279700,RESOLUTION,DOWN,MARKET_END,30,30,1.0000,14.9524,15,0.5668,15,0.4301,15,0.9968,0.0476,0.00,0.0000,0.0000,0.0465,110.75,RESOLVED,,,,,,,
2025-12-21T01:30:07.312233+00:00,btc-updown-15m-1766280600,TRADE,DOWN,DIR_AVERAGE_DOWN,5,5,0.5700750668463714,2.850375334231857,0.0,0.0,5.0,0.5700750668463714,0,0,0.0,5.0,0,0,0,107.89,SUCCESS,BEARISH,average_down,7,88275.44,88275.44,0.0,0.2471271630405571
2025-12-21T01:30:12.850851+00:00,btc-updown-15m-1766280600,TRADE,DOWN,DIR_ACCUMULATE,5,5,0.5001742904405609,2.5008714522028046,0.0,0.0,10.0,0.5351246786434661,0,0,0.0,10.0,0,0,0,105.39,SUCCESS,BEARISH,accumulate,7,88275.44,88275.44,0.0,0.24691064163251997
2025-12-21T01:30:18.371626+00:00,btc-updown-15m-1766280600,TRADE,UP,DIR_REBALANCE,5,5,0.4497850870513755,2.2489254352568775,5.0,0.4497850870513755,10.0,0.5351246786434661,5,0.9849097656948416,0.07545117152579217,5.0,0,0,0,103.14,SUCCESS,BEARISH,rebalance,7,88267.1,88275.44,-0.009447701421818467,81.64223963558327
2025-12-21T01:30:23.784451+00:00,btc-updown-15m-1766280600,TRADE,DOWN,DIR_ACCUMULATE,5,5,0.6402641338344826,3.2013206691724125,5.0,0.4497850870513755,15.0,0.5701711637071383,5,1.0199562507585138,-0.09978125379256908,10.0,0,0,0,99.94,SUCCESS,BEARISH,accumulate,7,88267.1,88275.44,-0.009447701421818467,82.197240743339
2025-12-21T01:30:34.603619+00:00,btc-updown-15m-1766280600,TRADE,UP,DIR_REBALANCE,5,5,0.35013497192192694,1.7506748596096346,10.0,0.3999600294866512,15.0,0.5701711637071383,10,0.9701311931937895,0.2986880680621051,5.0,0,0,0,98.19,SUCCESS,BEARISH,rebalance,7,88267.1,88275.44,-0.009447701421818467,80.23347606391498
2025-12-21T01:45:03.380285+00:00,btc-updown-15m-1766280600,RESOLUTION,DOWN,MARKET_END,25,25,1.0000,12.5522,10,0.4000,15,0.5702,10,0.9701,0.2987,0.33,0.0000,0.0000,2.4478,113.20,RESOLVED,,,,,,,
2025-12-21T01:45:11.085165+00:00,btc-updown-15m-1766281500,TRADE,DOWN,DIR_AVERAGE_DOWN,5,1,0.460148526585362,0.460148526585362,0.0,0.0,1.0,0.460148526585362,0,0,0.0,1.0,0,0,0,112.73,SUCCESS,BEARISH,average_down,7,88106.87,88106.87,0.0,0.27033700983113473
2025-12-21T01:45:38.127135+00:00,btc-updown-15m-1766281500,TRADE,DOWN,DIR_AVERAGE_DOWN,5,5,0.41018246503753736,2.050912325187687,0.0,0.0,6.0,0.41851014196217484,0,0,0.0,6.0,0,0,0,110.68,SUCCESS,BEARISH,average_down,7,88115.39,88106.87,0.009670074535622563,56.314800171577915
2025-12-21T01:45:43.530254+00:00,btc-updown-15m-1766281500,TRADE,UP,DIR_REBALANCE,5,5,0.640164254174341,3.200821270871705,5.0,0.640164254174341,6.0,0.41851014196217484,5,1.058674396136516,-0.29337198068257964,1.0,0,0,0,107.48,SUCCESS,BEARISH,rebalance,7,88124.19,88106.87,0.019657944948001202,114.71983652253104
2025-12-21T01:45:48.985398+00:00,btc-updown-15m-1766281500,TRADE,DOWN,DIR_AVERAGE_DOWN,5,5,0.3701598763872938,1.850799381936469,5.0,0.640164254174341,11.0,0.3965327485190471,5,1.036697002693388,-0.18348501346693968,6.0,0,0,0,105.63,SUCCESS,BEARISH,average_down,7,88124.2,88106.87,0.019669294800736592,113.54317284904023
2025-12-21T01:45:54.388553+00:00,btc-updown-15m-1766281500,TRADE,UP,DIR_REBALANCE,5,5,0.6602162242167414,3.301081121083707,10.0,0.6501902391955412,11.0,0.3965327485190471,10,1.0467229877145883,-0.4672298771458827,1.0,0,0,0,102.33,SUCCESS,BEARISH,rebalance,7,88124.2,88106.87,0.019669294800736592,114.20075261712587
2025-12-21T01:45:59.777529+00:00,btc-updown-15m-1766281500,TRADE,DOWN,DIR_AVERAGE_DOWN,4,4,0.360138468344947,1.440553873379788,10.0,0.6501902391955412,15.0,0.386827607139287,10,1.037017846334828,-0.37017846334828075,5.0,0,0,0,100.89,SUCCESS,BEARISH,average_down,7,88124.2,88106.87,0.019669294800736592,107.690650002799
2025-12-21T01:55:51.427466+00:00,btc-updown-15m-1766281500,TRADE,UP,DIR_EMERGENCY,5,5,0.5701106528165926,2.8505532640829627,15.0,0.6234970437358917,15.0,0.386827607139287,15,1.0103246508751786,-0.15486976312767964,0.0,0,0,0,98.04,SUCCESS,BEARISH,emergency,7,88108.23,88106.87,0.0015435799728223034,15.008596839668796
2025-12-21T02:00:03.726987+00:00,btc-updown-15m-1766281500,RESOLUTION,UP,MARKET_END,30,30,1.0000,15.1549,15,0.6235,15,0.3868,15,1.0103,-0.1549,0.00,0.0000,0.0000,-0.1545,113.04,RESOLVED,,,,,,,
2025-12-21T02:00:11.290100+00:00,btc-updown-15m-1766282400,TRADE,DOWN,DIR_AVERAGE_DOWN,5,5,0.44004958125506133,2.2002479062753064,0.0,0.0,5.0,0.4400495812550613,0,0,0.0,5.0,0,0,0,110.84,SUCCESS,BEARISH,average_down,7,88027.06,88027.06,0.0,0.07090010231937359
2025-12-21T02:00:16.689574+00:00,btc-updown-15m-1766282400,TRADE,DOWN,DIR_ACCUMULATE,5,5,0.34008240193764133,1.7004120096882067,0.0,0.0,10.0,0.3900659915963513,0,0,0.0,10.0,0,0,0,109.14,SUCCESS,BEARISH,accumulate,7,88033.39,88027.06,0.007190970594725924,39.804300086304444
2025-12-21T02:00:22.104770+00:00,btc-updown-15m-1766282400,TRADE,UP,DIR_REBALANCE,5,5,0.6400235001592806,3.2001175007964027,5.0,0.6400235001592806,10.0,0.3900659915963513,5,1.0300894917556318,-0.15044745877815902,5.0,0,0,0,105.94,SUCCESS,BEARISH,rebalance,7,88034.51,88027.06,0.008463306624118866,46.27678848098984
2025-12-21T02:00:27.567663+00:00,btc-updown-15m-1766282400,TRADE,DOWN,DIR_ACCUMULATE,5,5,0.36002124653465284,1.8001062326732642,5.0,0.6400235001592806,15.0,0.38005107657578513,5,1.0200745767350656,-0.10037288367532815,10.0,0,0,0,104.14,SUCCESS,BEARISH,accumulate,7,88034.51,88027.06,0.008463306624118866,46.994220700796426
2025-12-21T02:00:33.103643+00:00,btc-updown-15m-1766282400,TRADE,UP,DIR_REBALANCE,5,5,0.6603118355372424,3.3015591776862117,10.0,0.6501676678482614,15.0,0.38005107657578513,10,1.0302187444240465,-0.30218744424046484,5.0,0,0,0,100.84,SUCCESS,BEARISH,rebalance,7,88041.68,88027.06,0.0166085292408895,114.79505804792385
2025-12-21T02:05:04.608930+00:00,btc-updown-15m-1766282400,TRADE,UP,DIR_ACCUMULATE,5,2,0.7403477815613625,1.480695563122725,12.0,0.6651976868004449,15.0,0.38005107657578513,12,1.04524876337623,-0.5429851605147595,3.0,0,0,0,99.36,SUCCESS,BULLISH,accumulate,8,88068.0,88027.06,0.04650842593175591,298.58892251976573
2025-12-21T02:05:10.020338+00:00,btc-updown-15m-1766282400,TRADE,UP,DIR_ACCUMULATE,3,3,0.7603207545230426,2.280962263569128,15.0,0.6842223003449645,15.0,0.38005107657578513,15,1.0642733769207495,-0.9641006538112429,0.0,0,0,0,97.07,SUCCESS,BULLISH,accumulate,8,88068.01,88027.06,0.04651978607486958,298.6598508934771
2025-12-21T02:15:03.049128+00:00,btc-updown-15m-1766282400,RESOLUTION,DOWN,MARKET_END,30,30,1.0000,15.9641,15,0.6842,15,0.3801,15,1.0643,-0.9641,0.00,0.0000,0.0000,-0.9641,112.08,RESOLVED,,,,,,,
2025-12-21T02:15:10.374293+00:00,btc-updown-15m-1766283300,TRADE,UP,DIR_AVERAGE_DOWN,5,3,0.5100187765441754,1.5300563296325262,3.0,0.5100187765441754,0.0,0.0,0,0,0.0,3.0,0,0,0,110.54,SUCCESS,BULLISH,average_down,8,88003.59,88003.59,0.0,0.011220229282283545
2025-12-21T02:15:15.806795+00:00,btc-updown-15m-1766283300,TRADE,UP,DIR_ACCUMULATE,5,2,0.5101823983621817,1.0203647967243634,5.0,0.5100842252713779,0.0,0.0,0,0,0.0,5.0,0,0,0,109.52,SUCCESS,BULLISH,accumulate,8,88003.59,88003.59,0.0,0.011299952511812168
2025-12-21T02:15:21.206441+00:00,btc-updown-15m-1766283300,TRADE,UP,DIR_ACCUMULATE,5,5,0.5202393895726272,2.601196947863136,10.0,0.5151618074220025,0.0,0.0,0,0,0.0,10.0,0,0,0,106.92,SUCCESS,BULLISH,accumulate,8,88003.59,88003.59,0.0,0.0015416148119757694
2025-12-21T02:15:26.709727+00:00,btc-updown-15m-1766283300,TRADE,DOWN,DIR_REBALANCE,5,5,0.530105774433517,2.6505288721675853,10.0,0.5151618074220025,5.0,0.530105774433517,5,1.0452675818555195,-0.22633790927759745,5.0,0,0,0,104.27,SUCCESS,BULLISH,rebalance,8,88000.01,88003.59,-0.004068015861627629,31.7419056334193
2025-12-21T02:15:32.096493+00:00,btc-updown-15m-1766283300,TRADE,UP,DIR_ACCUMULATE,5,5,0.4900792085958337,2.4503960429791687,15.0,0.5068009411466129,5.0,0.530105774433517,5,1.03690671558013,-0.18453357790064961,10.0,0,0,0,101.82,SUCCESS,BULLISH,accumulate,8,88000.0,88003.59,-0.004079379034419514,34.02296017950506
2025-12-21T02:15:37.504098+00:00,btc-updown-15m-1766283300,TRADE,DOWN,DIR_REBALANCE,5,5,0.5402623324874316,2.701311662437158,15.0,0.5068009411466129,10.0,0.5351840534604744,10,1.0419849946070872,-0.41984994607087156,5.0,0,0,0,99.12,SUCCESS,BULLISH,rebalance,8,88000.0,88003.59,-0.004079379034419514,33.000913381007656
2025-12-21T02:30:00.558305+00:00,btc-updown-15m-1766283300,RESOLUTION,DOWN,MARKET_END,25,25,1.0000,12.9539,15,0.5068,10,0.5352,10,1.0420,-0.4198,0.33,0.0000,0.0000,-2.9540,109.12,RESOLVED,,,,,,,
2025-12-21T02:30:07.955160+00:00,btc-updown-15m-1766284200,TRADE,DOWN,DIR_AVERAGE_DOWN,5,5,0.4501465176439441,2.25073258821972,0.0,0.0,5.0,0.45014651764394403,0,0,0.0,5.0,0,0,0,106.87,SUCCESS,BEARISH,average_down,9,87955.12,87955.12,0.0,0.2322701901200002
2025-12-21T02:30:13.380520+00:00,btc-updown-15m-1766284200,TRADE,DOWN,DIR_ACCUMULATE,5,5,0.4802365902146728,2.401182951073364,0.0,0.0,10.0,0.4651915539293084,0,0,0.0,10.0,0,0,0,104.47,SUCCESS,BEARISH,accumulate,9,87955.11,87955.12,-1.1369434769415711e-05,0.1494444248951212
2025-12-21T02:30:24.210568+00:00,btc-updown-15m-1766284200,TRADE,UP,DIR_REBALANCE,5,5,0.5402160055291574,2.701080027645787,5.0,0.5402160055291574,10.0,0.4651915539293084,5,1.0054075594584657,-0.02703779729232858,5.0,0,0,0,101.77,SUCCESS,BEARISH,rebalance,9,87955.12,87955.12,0.0,0.21769096847105596
2025-12-21T02:30:29.619980+00:00,btc-updown-15m-1766284200,TRADE,DOWN,DIR_ACCUMULATE,5,5,0.500236124877795,2.501180624388975,5.0,0.5402160055291574,15.0,0.47687307757880393,5,1.0170890831079613,-0.08544541553980656,10.0,0,0,0,99.27,SUCCESS,BEARISH,accumulate,9,87955.12,87955.12,0.0,2.820372333616287e-08
2025-12-21T02:30:40.559364+00:00,btc-updown-15m-1766284200,TRADE,UP,DIR_REBALANCE,5,5,0.4801580374063223,2.4007901870316113,10.0,0.5101870214677399,15.0,0.47687307757880393,10,0.9870600990465438,0.12939900953456207,5.0,0,0,0,96.87,SUCCESS,BEARISH,rebalance,9,87945.35,87955.12,-0.01110793777552634,100.87392889238454
2025-12-21T02:33:24.297689+00:00,btc-updown-15m-1766284200,TRADE,UP,DIR_ACCUMULATE,5,5,0.7201919711945058,3.6009598559725293,15.0,0.5801886713766619,15.0,0.47687307757880393,15,1.0570617489554657,-0.8559262343319851,0.0,0,0,0,93.26,SUCCESS,BULLISH,accumulate,10,88000.0,87955.12,0.051026023271873944,336.4559945097037
2025-12-21T02:45:01.890325+00:00,btc-updown-15m-1766284200,RESOLUTION,DOWN,MARKET_END,30,30,1.0000,15.8559,15,0.5802,15,0.4769,15,1.0571,-0.8559,0.00,0.0000,0.0000,-0.8565,108.27,RESOLVED,,,,,,,
2025-12-21T02:45:09.331650+00:00,btc-updown-15m-1766285100,TRADE,UP,DIR_AVERAGE_DOWN,5,5,0.5301523787158072,2.6507618935790362,5.0,0.5301523787158072,0.0,0.0,0,0,0.0,5.0,0,0,0,105.61,SUCCESS,BULLISH,average_down,10,87948.06,87948.06,0.0,0.012002764466443477
2025-12-21T02:45:14.837974+00:00,btc-updown-15m-1766285100,TRADE,UP,DIR_ACCUMULATE,5,5,0.5302397349163644,2.6511986745818223,10.0,0.5301960568160858,0.0,0.0,0,0,0.0,10.0,0,0,0,102.96,SUCCESS,BULLISH,accumulate,10,87948.07,87948.06,1.1370347463392854e-05,2.0816661591429595
2025-12-21T02:45:20.346834+00:00,btc-updown-15m-1766285100,TRADE,DOWN,DIR_REBALANCE,5,5,0.4800473598987886,2.400236799493943,10.0,0.5301960568160858,5.0,0.4800473598987886,5,1.0102434167148744,-0.051217083574371935,5.0,0,0,0,100.56,SUCCESS,BULLISH,rebalance,10,87948.07,87948.06,1.1370347463392854e-05,1.8952938658296585
2025-12-21T02:45:25.776119+00:00,btc-updown-15m-1766285100,TRADE,UP,DIR_ACCUMULATE,5,5,0.5101991656057842,2.550995828028921,15.0,0.5235304264126519,5.0,0.4800473598987886,5,1.0035777863114406,-0.017888931557202836,10.0,0,0,0,98.01,SUCCESS,BULLISH,accumulate,10,87944.15,87948.06,-0.004445805854050098,47.172157241329685
2025-12-21T02:45:31.299384+00:00,btc-updown-15m-1766285100,TRADE,DOWN,DIR_REBALANCE,5,4,0.5002292203860387,2.0009168815441547,15.0,0.5235304264126519,9.0,0.48901707567089975,9,1.0125475020835517,-0.11292751875196538,6.0,0,0,0,96.01,SUCCESS,BULLISH,rebalance,10,87944.14,87948.06,-0.004457176201496944,47.99331321932963
2025-12-21T02:45:36.771926+00:00,btc-updown-15m-1766285100,TRADE,DOWN,DIR_REBALANCE,5,5,0.5700769054335475,2.8503845271677375,15.0,0.5235304264126519,14.0,0.5179670148718454,14,1.0414974412844973,-0.580964177982962,1.0,0,0,0,93.16,SUCCESS,BULLISH,rebalance,10,87920.11,87948.06,-0.03178012113058217,166.98159364870907
2025-12-21T02:51:32.278668+00:00,btc-updown-15m-1766285100,TRADE,DOWN,DIR_AVERAGE_DOWN,1,1,0.24011131625862686,0.24011131625862686,15.0,0.5235304264126519,15.0,0.4994433016309641,15,1.022973728043616,-0.34460592065423956,0.0,0,0,0,92.92,SUCCESS,BEARISH,average_down,11,87985.49,87948.06,0.04255921051585171,123.63841357323577
2025-12-21T03:00:02.314192+00:00,btc-updown-15m-1766285100,RESOLUTION,UP,MARKET_END,30,30,1.0000,15.3446,15,0.5235,15,0.4994,15,1.0230,-0.3446,0.00,0.0000,0.0000,-0.3446,107.92,RESOLVED,,,,,,,
2025-12-21T03:00:09.311860+00:00,btc-updown-15m-1766286000,TRADE,DOWN,DIR_AVERAGE_DOWN,5,5,0.4802387201502054,2.401193600751027,0.0,0.0,5.0,0.48023872015020536,0,0,0.0,5.0,0,0,0,105.52,SUCCESS,BEARISH,average_down,11,87943.76,87943.76,0.0,0.011301624378786275
2025-12-21T03:00:14.710182+00:00,btc-updown-15m-1766286000,TRADE,DOWN,DIR_ACCUMULATE,5,3,0.49005759029780255,1.4701727708934076,0.0,0.0,8.0,0.4839207964555543,0,0,0.0,8.0,0,0,0,104.05,SUCCESS,BEARISH,accumulate,11,87943.75,87943.76,-1.1370903398673551e-05,1.835637477069318
2025-12-21T03:00:20.211483+00:00,btc-updown-15m-1766286000,TRADE,UP,DIR_REBALANCE,5,2,0.5400092876175651,1.0800185752351301,2.0,0.5400092876175651,8.0,0.4839207964555543,2,1.0239300840731194,-0.047860168146238724,6.0,0,0,0,102.97,SUCCESS,BEARISH,rebalance,11,87943.75,87943.76,-1.1370903398673551e-05,1.807232590010023
2025-12-21T03:00:25.593242+00:00,btc-updown-15m-1766286000,TRADE,UP,DIR_REBALANCE,5,5,0.5498951371701051,2.749475685850525,7.0,0.5470706087265221,8.0,0.4839207964555543,7,1.0309914051820765,-0.21693983627453584,1.0,0,0,0,100.22,SUCCESS,BEARISH,rebalance,11,87943.75,87943.76,-1.1370903398673551e-05,2.0703650884066684
2025-12-21T03:00:31.111330+00:00,btc-updown-15m-1766286000,TRADE,DOWN,DIR_AVERAGE_DOWN,5,1,0.47009297163981856,0.47009297163981856,7.0,0.5470706087265221,9.0,0.4823843714760281,7,1.02945498020255,-0.20618486141785075,2.0,0,0,0,99.75,SUCCESS,BEARISH,average_down,11,87943.75,87943.76,-1.1370903398673551e-05,2.144760963407159
2025-12-21T03:01:57.802833+00:00,btc-updown-15m-1766286000,TRADE,DOWN,DIR_AVERAGE_DOWN,5,5,0.359982872827775,1.799914364138875,7.0,0.5470706087265221,14.0,0.43866955053022344,7,0.9857401592567456,0.0998188852027806,7.0,0,0,0,97.95,SUCCESS,BEARISH,average_down,11,87961.33,87943.76,0.01997867728194358,168.77694423287952
2025-12-21T03:02:03.205847+00:00,btc-updown-15m-1766286000,TRADE,UP,DIR_REBALANCE,5,5,0.7302010286781356,3.651005143390678,12.0,0.6233749503730278,14.0,0.43866955053022344,12,1.0620445009032513,-0.7445340108390157,2.0,0,0,0,94.30,SUCCESS,BEARISH,rebalance,11,87980.0,87943.76,0.041208153938386574,332.9035047421017
2025-12-21T03:02:08.730352+00:00,btc-updown-15m-1766286000,TRADE,DOWN,DIR_AVERAGE_DOWN,1,1,0.26004581413592887,0.26004581413592887,12.0,0.6233749503730278,15.0,0.4267613014372705,12,1.0501362518102983,-0.6016350217235802,3.0,0,0,0,94.04,SUCCESS,BEARISH,average_down,11,87979.99,87943.76,0.0411967830349879,335.02686952953695
2025-12-21T03:15:05.106899+00:00,btc-updown-15m-1766286000,RESOLUTION,UP,MARKET_END,27,27,1.0000,13.8819,12,0.6234,15,0.4268,12,1.0501,-0.6016,0.20,0.0000,0.0000,-1.8828,106.04,RESOLVED,,,,,,,
2025-12-21T03:15:12.143434+00:00,btc-updown-15m-1766286900,TRADE,UP,DIR_AVERAGE_DOWN,5,5,0.5000603492508948,2.500301746254474,5.0,0.5000603492508948,0.0,0.0,0,0,0.0,5.0,0,0,0,103.54,SUCCESS,BULLISH,average_down,12,88025.27,88025.27,0.0,0.015820574003039288
2025-12-21T03:15:17.543817+00:00,btc-updown-15m-1766286900,TRADE,UP,DIR_ACCUMULATE,5,5,0.5102234674367769,2.551117337183885,10.0,0.505141908343836,0.0,0.0,0,0,0.0,10.0,0,0,0,100.98,SUCCESS,BULLISH,accumulate,12,88025.28,88025.27,1.1360374122977765e-05,1.5919745756689827
2025-12-21T03:15:22.978366+00:00,btc-updown-15m-1766286900,TRADE,DOWN,DIR_REBALANCE,5,5,0.5101250057406974,2.550625028703487,10.0,0.505141908343836,5.0,0.5101250057406974,5,1.0152669140845334,-0.076334570422667,5.0,0,0,0,98.43,SUCCESS,BULLISH,rebalance,12,88025.28,88025.27,1.1360374122977765e-05,1.5322618056705692
2025-12-21T03:15:28.500531+00:00,btc-updown-15m-1766286900,TRADE,UP,DIR_ACCUMULATE,5,5,0.5001174835424036,2.500587417712018,15.0,0.5034671000766918,5.0,0.5101250057406974,5,1.0135921058173891,-0.06796052908694561,10.0,0,0,0,95.93,SUCCESS,BULLISH,accumulate,12,88025.27,88025.27,0.0,0.015484881679461979
2025-12-21T03:15:39.413317+00:00,btc-updown-15m-1766286900,TRADE,DOWN,DIR_REBALANCE,5,5,0.5302538781995927,2.6512693909979634,15.0,0.5034671000766918,10.0,0.5201894419701449,10,1.0236565420468366,-0.23656542046836648,5.0,0,0,0,93.28,SUCCESS,BULLISH,rebalance,12,88025.27,88025.27,0.0,3.561495995823082e-08
2025-12-21T03:25:03.883012+00:00,btc-updown-15m-1766286900,TRADE,DOWN,DIR_EMERGENCY,5,2,0.060000327590146396,0.12000065518029279,15.0,0.5034671000766918,12.0,0.44349125624014524,12,0.9469583563168371,0.6364997241979546,3.0,0,0,0,93.16,SUCCESS,BULLISH,emergency,12,88092.63,88025.27,0.07652348013246715,11458.717950801738
2025-12-21T03:25:09.285034+00:00,btc-updown-15m-1766286900,TRADE,DOWN,DIR_EMERGENCY,3,3,0.0700254734415312,0.21007642032459362,15.0,0.5034671000766918,15.0,0.36879809968042243,15,0.8722651997571143,1.9160220036432862,0.0,0,0,0,92.95,SUCCESS,BULLISH,emergency,12,88092.63,88025.27,0.07652348013246715,11587.229305055105
2025-12-21T03:30:02.288349+00:00,btc-updown-15m-1766286900,RESOLUTION,DOWN,MARKET_END,30,30,1.0000,13.0840,15,0.5035,15,0.3688,15,0.8723,1.9160,0.00,0.0000,0.0000,1.9155,107.96,RESOLVED,,,,,,,
2025-12-21T03:30:09.635096+00:00,btc-updown-15m-1766287800,TRADE,UP,DIR_AVERAGE_DOWN,5,5,0.5101195423003227,2.550597711501614,5.0,0.5101195423003227,0.0,0.0,0,0,0.0,5.0,0,0,0,105.40,SUCCESS,BULLISH,average_down,12,88062.86,88062.86,0.0,0.23577834721643606
2025-12-21T03:30:15.071530+00:00,btc-updown-15m-1766287800,TRADE,UP,DIR_ACCUMULATE,5,5,0.5101931025460728,2.5509655127303636,10.0,0.5101563224231978,0.0,0.0,0,0,0.0,10.0,0,0,0,102.85,SUCCESS,BULLISH,accumulate,12,88062.87,88062.86,1.1355524899783304e-05,0.3410222334432333
2025-12-21T03:30:20.474843+00:00,btc-updown-15m-1766287800,TRADE,DOWN,DIR_REBALANCE,5,5,0.5000724401486283,2.500362200743141,10.0,0.5101563224231978,5.0,0.5000724401486283,5,1.010228762571826,-0.05114381285913017,5.0,0,0,0,100.35,SUCCESS,BULLISH,rebalance,12,88062.87,88062.86,1.1355524899783304e-05,0.339519872810243
2025-12-21T03:30:25.886537+00:00,btc-updown-15m-1766287800,TRADE,UP,DIR_ACCUMULATE,5,5,0.5801565647322128,2.9007828236610638,15.0,0.5334897365262028,5.0,0.5000724401486283,5,1.033562176674831,-0.1678108833741554,10.0,0,0,0,97.45,SUCCESS,BULLISH,accumulate,12,88070.71,88062.86,0.008914087051006317,71.93208033291052
2025-12-21T03:30:31.300381+00:00,btc-updown-15m-1766287800,TRADE,DOWN,DIR_REBALANCE,5,5,0.3901422006373699,1.9507110031868493,15.0,0.5334897365262028,10.0,0.44510732039299905,10,0.9785970569192018,0.21402943080798154,5.0,0,0,0,95.50,SUCCESS,BULLISH,rebalance,12,88077.01,88062.86,0.016068067741604325,131.45222592184683
2025-12-21T03:40:04.559087+00:00,btc-updown-15m-1766287800,TRADE,DOWN,DIR_EMERGENCY,5,5,0.6403146986181498,3.2015734930907493,15.0,0.5334897365262028,15.0,0.5101764464680493,15,1.0436661829942522,-0.6549927449137827,0.0,0,0,0,92.30,SUCCESS,BULLISH,emergency,12,88057.57,88062.86,-0.006007072675125015,35.59040150943074
2025-12-21T03:45:00.479215+00:00,btc-updown-15m-1766287800,RESOLUTION,UP,MARKET_END,30,30,1.0000,15.6550,15,0.5335,15,0.5102,15,1.0437,-0.6550,0.00,0.0000,0.0000,-0.6555,107.30,RESOLVED,,,,,,,
2025-12-21T03:45:07.627174+00:00,btc-updown-15m-1766288700,TRADE,UP,DIR_AVERAGE_DOWN,5,5,0.5201258704785444,2.600629352392722,5.0,0.5201258704785444,0.0,0.0,0,0,0.0,5.0,0,0,0,104.70,SUCCESS,BULLISH,average_down,12,88049.25,88049.25,0.0,0.13395311858312142
2025-12-21T03:45:13.247046+00:00,btc-updown-15m-1766288700,TRADE,UP,DIR_ACCUMULATE,5,5,0.5201180550640292,2.6005902753201458,10.0,0.5201219627712869,0.0,0.0,0,0,0.0,10.0,0,0,0,102.10,SUCCESS,BULLISH,accumulate,12,88049.25,88049.25,0.0,0.13223732284887776
2025-12-21T03:45:18.752224+00:00,btc-updown-15m-1766288700,TRADE,DOWN,DIR_REBALANCE,5,5,0.5000342730497719,2.5001713652488595,10.0,0.5201219627712869,5.0,0.5000342730497719,5,1.0201562358210587,-0.10078117910529372,5.0,0,0,0,99.60,SUCCESS,BULLISH,rebalance,12,88049.25,88049.25,0.0,0.1323884950404703
2025-12-21T03:45:24.190794+00:00,btc-updown-15m-1766288700,TRADE,UP,DIR_ACCUMULATE,5,5,0.5500302684505488,2.750151342252744,15.0,0.5300913979977075,5.0,0.5000342730497719,5,1.0301256710474793,-0.1506283552373966,10.0,0,0,0,96.84,SUCCESS,BULLISH,accumulate,12,88049.25,88049.25,0.0,0.12909647940849303
2025-12-21T03:45:29.576996+00:00,btc-updown-15m-1766288700,TRADE,DOWN,DIR_REBALANCE,5,2,0.47016753471091133,0.9403350694218227,15.0,0.5300913979977075,7.0,0.4915009192386689,7,1.0215923172363763,-0.15114622065463434,8.0,0,0,0,95.90,SUCCESS,BULLISH,rebalance,12,88049.25,88049.25,0.0,0.12818780631316737
2025-12-21T03:45:34.982598+00:00,btc-updown-15m-1766288700,TRADE,DOWN,DIR_REBALANCE,5,5,0.46010564929717007,2.3005282464858503,15.0,0.5300913979977075,12.0,0.47841955676304443,12,1.008510954760752,-0.10213145712902438,3.0,0,0,0,93.60,SUCCESS,BULLISH,rebalance,12,88049.24,88049.25,-1.1357280152597904e-05,0.18741891329373658
2025-12-21T03:55:01.217154+00:00,btc-updown-15m-1766288700,TRADE,DOWN,DIR_EMERGENCY,3,3,0.4702330429579065,1.4106991288737196,15.0,0.5300913979977075,15.0,0.47678225400201685,15,1.0068736519997243,-0.10310477999586509,0.0,0,0,0,92.19,SUCCESS,BULLISH,emergency,12,88051.67,88049.25,0.0027484617983665432,453.6586512372168
2025-12-21T04:00:03.024238+00:00,btc-updown-15m-1766288700,RESOLUTION,UP,MARKET_END,30,30,1.0000,15.1031,15,0.5301,15,0.4768,15,1.0069,-0.1031,0.00,0.0000,0.0000,-0.1035,107.19,RESOLVED,,,,,,,
2025-12-21T04:00:15.933482+00:00,btc-updown-15m-1766289600,TRADE,UP,DIR_AVERAGE_DOWN,5,5,0.5400737348570293,2.700368674285146,5.0,0.5400737348570293,0.0,0.0,0,0,0.0,5.0,0,0,0,104.49,SUCCESS,BULLISH,average_down,12,88070.91,88070.65,0.0002952175327527539,34.48020485299413
2025-12-21T04:00:21.571792+00:00,btc-updown-15m-1766289600,TRADE,UP,DIR_ACCUMULATE,5,5,0.5700227513428706,2.850113756714353,10.0,0.5550482430999499,0.0,0.0,0,0,0.0,10.0,0,0,0,101.64,SUCCESS,BULLISH,accumulate,12,88079.57,88070.65,0.010128232277169302,91.08337522998085
2025-12-21T04:00:26.969491+00:00,btc-updown-15m-1766289600,TRADE,DOWN,DIR_REBALANCE,5,5,0.4300300560258979,2.1501502801294894,10.0,0.5550482430999499,5.0,0.4300300560258979,5,0.9850782991258478,0.07460850437076116,5.0,0,0,0,99.49,SUCCESS,BULLISH,rebalance,12,88079.57,88070.65,0.010128232277169302,92.01707591258804
2025-12-21T04:00:32.396175+00:00,btc-updown-15m-1766289600,TRADE,UP,DIR_ACCUMULATE,5,5,0.6002934989230626,3.001467494615313,15.0,0.5701299950409875,5.0,0.4300300560258979,5,1.0001600510668853,-0.000800255334426625,10.0,0,0,0,96.49,SUCCESS,BULLISH,accumulate,12,88079.56,88070.65,0.010116877756668644,93.12242411591653
2025-12-21T04:00:37.813717+00:00,btc-updown-15m-1766289600,TRADE,DOWN,DIR_REBALANCE,5,4,0.43020490221258173,1.720819608850327,15.0,0.5701299950409875,9.0,0.43010776544220186,9,1.0002377604831894,-0.0021398443487041785,6.0,0,0,0,94.77,SUCCESS,BULLISH,rebalance,12,88079.57,88070.65,0.010128232277169302,92.94595806566502
2025-12-21T04:00:43.230035+00:00,btc-updown-15m-1766289600,TRADE,DOWN,DIR_REBALANCE,5,5,0.4400963771125789,2.2004818855628945,15.0,0.5701299950409875,14.0,0.43367512675305075,14,1.0038051217940382,-0.05327170511653545,1.0,0,0,0,92.57,SUCCESS,BULLISH,rebalance,12,88079.56,88070.65,0.010116877756668644,93.12680913833641
2025-12-21T04:10:00.652030+00:00,btc-updown-15m-1766289600,TRADE,DOWN,DIR_EMERGENCY,1,1,0.14993223690389335,0.14993223690389335,15.0,0.5701299950409875,15.0,0.41475893409644027,15,0.9848889291374278,0.2266660629385836,0.0,0,0,0,92.42,SUCCESS,BULLISH,emergency,12,88109.89,88070.65,0.044555138403094836,541.0634619501873
2025-12-21T04:15:02.187738+00:00,btc-updown-15m-1766289600,RESOLUTION,UP,MARKET_END,30,30,1.0000,14.7733,15,0.5701,15,0.4148,15,0.9849,0.2267,0.00,0.0000,0.0000,0.2265,107.41,RESOLVED,,,,,,,
2025-12-21T04:15:09.382620+00:00,btc-updown-15m-1766290500,TRADE,UP,DIR_AVERAGE_DOWN,5,5,0.5802897785014997,2.9014488925074984,5.0,0.5802897785014997,0.0,0.0,0,0,0.0,5.0,0,0,0,104.52,SUCCESS,BULLISH,average_down,12,88089.84,88089.84,0.0,0.24706381206059422
2025-12-21T04:15:14.771064+00:00,btc-updown-15m-1766290500,TRADE,UP,DIR_ACCUMULATE,5,5,0.5800696937755192,2.900348468877596,10.0,0.5801797361385095,0.0,0.0,0,0,0.0,10.0,0,0,0,101.62,SUCCESS,BULLISH,accumulate,12,88089.84,88089.84,0.0,0.2449202704821437
2025-12-21T04:15:20.174643+00:00,btc-updown-15m-1766290500,TRADE,DOWN,DIR_REBALANCE,5,5,0.43017195052380147,2.150859752619007,10.0,0.5801797361385095,5.0,0.4301719505238014,5,1.010351686662311,-0.05175843331155505,5.0,0,0,0,99.47,SUCCESS,BULLISH,rebalance,12,88089.84,88089.84,0.0,0.24598739919030826
2025-12-21T04:15:25.584353+00:00,btc-updown-15m-1766290500,TRADE,UP,DIR_ACCUMULATE,5,5,0.5801143985550811,2.9005719927754052,15.0,0.5801579569440333,5.0,0.4301719505238014,5,1.0103299074678347,-0.051649537339173435,10.0,0,0,0,96.57,SUCCESS,BULLISH,accumulate,12,88089.84,88089.84,0.0,0.247602632853424
2025-12-21T04:15:31.207474+00:00,btc-updown-15m-1766290500,TRADE,DOWN,DIR_REBALANCE,5,5,0.4500556937117303,2.2502784685586517,15.0,0.5801579569440333,10.0,0.4401138221177659,10,1.0202717790617992,-0.20271779061799222,5.0,0,0,0,94.32,SUCCESS,BULLISH,rebalance,12,88089.84,88089.84,0.0,0.24969012739691268
2025-12-21T04:25:01.880169+00:00,btc-updown-15m-1766290500,TRADE,DOWN,DIR_EMERGENCY,5,5,0.0800086173419645,0.4000430867098225,15.0,0.5801579569440333,15.0,0.32007875385916545,15,0.9002367108031988,1.4964493379520183,0.0,0,0,0,93.92,SUCCESS,BULLISH,emergency,12,88110.65,88089.84,0.023623609714806693,154.12268283446366
2025-12-21T04:30:04.151022+00:00,btc-updown-15m-1766290500,RESOLUTION,DOWN,MARKET_END,30,30,1.0000,13.5036,15,0.5802,15,0.3201,15,0.9002,1.4964,0.00,0.0000,0.0000,1.4964,108.91,RESOLVED,,,,,,,
2025-12-21T04:30:11.164568+00:00,btc-updown-15m-1766291400,TRADE,UP,DIR_AVERAGE_DOWN,5,5,0.5000119104641908,2.500059552320954,5.0,0.5000119104641908,0.0,0.0,0,0,0.0,5.0,0,0,0,106.42,SUCCESS,BULLISH,average_down,12,88119.45,88119.45,0.0,0.0159248147988028
2025-12-21T04:30:16.576811+00:00,btc-updown-15m-1766291400,TRADE,UP,DIR_ACCUMULATE,5,5,0.5000366511565321,2.50018325578266,10.0,0.5000242808103614,0.0,0.0,0,0,0.0,10.0,0,0,0,103.92,SUCCESS,BULLISH,accumulate,12,88119.45,88119.45,0.0,0.014764717421787744
2025-12-21T04:30:21.968265+00:00,btc-updown-15m-1766291400,TRADE,DOWN,DIR_REBALANCE,5,5,0.5202246911023616,2.601123455511808,10.0,0.5000242808103614,5.0,0.5202246911023616,5,1.020248971912723,-0.10124485956361506,5.0,0,0,0,101.31,SUCCESS,BULLISH,rebalance,12,88119.46,88119.45,1.134823243825651e-05,2.194490808211689
2025-12-21T04:30:27.365650+00:00,btc-updown-15m-1766291400,TRADE,UP,DIR_ACCUMULATE,5,5,0.5100468165365939,2.5502340826829695,15.0,0.5033651260524389,5.0,0.5202246911023616,5,1.0235898171548006,-0.11794908577400287,10.0,0,0,0,98.76,SUCCESS,BULLISH,accumulate,12,88119.45,88119.45,0.0,2.496251426971913e-08
2025-12-21T04:30:32.772717+00:00,btc-updown-15m-1766291400,TRADE,DOWN,DIR_REBALANCE,5,5,0.5100710262696208,2.5503551313481037,15.0,0.5033651260524389,10.0,0.5151478586859912,10,1.0185129847384302,-0.18512984738430216,5.0,0,0,0,96.21,SUCCESS,BULLISH,rebalance,12,88119.45,88119.45,0.0,2.4822758128766586e-08
2025-12-21T04:45:03.711132+00:00,btc-updown-15m-1766291400,RESOLUTION,DOWN,MARKET_END,25,25,1.0000,12.7020,15,0.5034,10,0.5151,10,1.0185,-0.1851,0.33,0.0000,0.0000,-2.7020,106.21,RESOLVED,,,,,,,
2025-12-21T04:45:10.870932+00:00,btc-updown-15m-1766292300,TRADE,UP,DIR_AVERAGE_DOWN,5,5,0.5397303528405447,2.6986517642027237,5.0,0.5397303528405447,0.0,0.0,0,0,0.0,5.0,0,0,0,103.52,SUCCESS,BULLISH,average_down,12,88079.79,88079.79,0.0,1.7550642642828088e-08
2025-12-21T04:45:21.652256+00:00,btc-updown-15m-1766292300,TRADE,UP,DIR_ACCUMULATE,5,5,0.5001602441084609,2.5008012205423045,10.0,0.5199452984745028,0.0,0.0,0,0,0.0,10.0,0,0,0,101.01,SUCCESS,BULLISH,accumulate,12,88079.79,88079.79,0.0,1.870077621585563e-08
2025-12-21T04:45:27.097806+00:00,btc-updown-15m-1766292300,TRADE,DOWN,DIR_REBALANCE,5,5,0.5100003239753238,2.550001619876619,10.0,0.5199452984745028,5.0,0.5100003239753238,5,1.0299456224498265,-0.1497281122491323,5.0,0,0,0,98.46,SUCCESS,BULLISH,rebalance,12,88079.78,88079.79,-1.1353342230676653e-05,2.904020056568916
2025-12-21T04:45:37.988991+00:00,btc-updown-15m-1766292300,TRADE,UP,DIR_ACCUMULATE,5,5,0.4701029831812216,2.3505149159061083,15.0,0.5033311933767425,5.0,0.5100003239753238,5,1.0133315173520663,-0.0666575867603314,10.0,0,0,0,96.11,SUCCESS,BULLISH,accumulate,12,88079.78,88079.79,-1.1353342230676653e-05,2.112885543533397
2025-12-21T04:45:43.500570+00:00,btc-updown-15m-1766292300,TRADE,DOWN,DIR_REBALANCE,5,5,0.6001529077823079,3.0007645389115396,15.0,0.5033311933767425,10.0,0.5550766158788158,10,1.0584078092555584,-0.5840780925555844,5.0,0,0,0,93.11,SUCCESS,BULLISH,rebalance,12,88070.5,88079.79,-0.01054725493781672,73.1043873968667
2025-12-21T04:55:03.169654+00:00,btc-updown-15m-1766292300,TRADE,DOWN,DIR_EMERGENCY,5,5,0.6101697757818463,3.0508488789092314,15.0,0.5033311933767425,15.0,0.5734410025131594,15,1.076772195889902,-1.1515829383485288,0.0,0,0,0,90.06,SUCCESS,BULLISH,emergency,12,88073.89,88079.79,-0.006698471919601738,42.01492405922606
2025-12-21T05:00:02.318083+00:00,btc-updown-15m-1766292300,RESOLUTION,UP,MARKET_END,30,30,1.0000,16.1516,15,0.5033,15,0.5734,15,1.0768,-1.1516,0.00,0.0000,0.0000,-1.1516,105.06,RESOLVED,,,,,,,
2025-12-21T05:00:09.397041+00:00,btc-updown-15m-1766293200,TRADE,UP,DIR_AVERAGE_DOWN,5,1,0.5501158322889724,0.5501158322889724,1.0,0.5501158322889724,0.0,0.0,0,0,0.0,1.0,0,0,0,104.51,SUCCESS,BULLISH,average_down,12,88065.82,88065.82,0.0,0.01036433212169017
2025-12-21T05:00:47.205889+00:00,btc-updown-15m-1766293200,TRADE,UP,DIR_AVERAGE_DOWN,5,2,0.41018224326932196,0.8203644865386439,3.0,0.4568267729425388,0.0,0.0,0,0,0.0,3.0,0,0,0,103.69,SUCCESS,BULLISH,average_down,12,88055.92,88065.82,-0.011241591800324724,133.2577670431096
2025-12-21T05:00:52.638144+00:00,btc-updown-15m-1766293200,TRADE,UP,DIR_ACCUMULATE,5,5,0.3801618333024024,1.900809166512012,8.0,0.40891118566745355,0.0,0.0,0,0,0.0,8.0,0,0,0,101.79,SUCCESS,BULLISH,accumulate,12,88055.91,88065.82,-0.011252946943551416,134.4357010644003
2025-12-21T05:00:58.245305+00:00,btc-updown-15m-1766293200,TRADE,DOWN,DIR_REBALANCE,5,5,0.6300841958802551,3.1504209794012756,8.0,0.40891118566745355,5.0,0.6300841958802551,5,1.0389953815477087,-0.19497690773854326,3.0,0,0,0,98.64,SUCCESS,BULLISH,rebalance,12,88055.91,88065.82,-0.011252946943551416,135.21001871809156
2025-12-21T05:01:09.181574+00:00,btc-updown-15m-1766293200,TRADE,UP,DIR_ACCUMULATE,5,5,0.39011182439327896,1.950559121966395,13.0,0.4016806621004634,5.0,0.6300841958802551,5,1.0317648579807184,-0.15882428990359188,8.0,0,0,0,96.69,SUCCESS,BULLISH,accumulate,12,88055.92,88065.82,-0.011241591800324724,132.73000305317007
2025-12-21T05:01:14.589945+00:00,btc-updown-15m-1766293200,TRADE,DOWN,DIR_REBALANCE,5,5,0.6302035490072564,3.151017745036282,13.0,0.4016806621004634,10.0,0.6301438724437558,10,1.0318245345442192,-0.31824534544219185,3.0,0,0,0,93.54,SUCCESS,BULLISH,rebalance,12,88055.92,88065.82,-0.011241591800324724,132.64306415861392
2025-12-21T05:01:20.022081+00:00,btc-updown-15m-1766293200,TRADE,UP,DIR_ACCUMULATE,2,2,0.3798610471862432,0.7597220943724864,15.0,0.3987713801119007,10.0,0.6301438724437558,10,1.0289152525556564,-0.2891525255565641,5.0,0,0,0,92.78,SUCCESS,BULLISH,accumulate,12,88055.92,88065.82,-0.011241591800324724,129.90077231245988
2025-12-21T05:10:04.986271+00:00,btc-updown-15m-1766293200,TRADE,DOWN,DIR_EMERGENCY,5,5,0.190074029533186,0.95037014766593,15.0,0.3987713801119007,15.0,0.4834539248068992,15,0.8822253049187999,1.7666204262180014,0.0,0,0,0,91.83,SUCCESS,BULLISH,emergency,12,88073.83,88065.82,0.00909546972933967,1124.9764172735968
2025-12-21T05:15:01.458875+00:00,btc-updown-15m-1766293200,RESOLUTION,UP,MARKET_END,30,30,1.0000,13.2334,15,0.3988,15,0.4835,15,0.8822,1.7666,0.00,0.0000,0.0000,1.7655,106.82,RESOLVED,,,,,,,
2025-12-21T05:15:08.968441+00:00,btc-updown-15m-1766294100,TRADE,UP,DIR_AVERAGE_DOWN,5,5,0.6302448107875382,3.1512240539376912,5.0,0.6302448107875382,0.0,0.0,0,0,0.0,5.0,0,0,0,103.68,SUCCESS,BULLISH,average_down,12,88118.0,88118.0,0.0,0.1569544765527775
2025-12-21T05:15:14.371282+00:00,btc-updown-15m-1766294100,TRADE,UP,DIR_ACCUMULATE,5,5,0.6800934391350612,3.4004671956753056,10.0,0.6551691249612996,0.0,0.0,0,0,0.0,10.0,0,0,0,100.28,SUCCESS,BULLISH,accumulate,12,88129.83,88118.0,0.01342517987244575,69.5923275112963
2025-12-21T05:15:19.770543+00:00,btc-updown-15m-1766294100,TRADE,DOWN,DIR_REBALANCE,5,5,0.32003503914723014,1.6001751957361507,10.0,0.6551691249612996,5.0,0.32003503914723014,5,0.9752041641085298,0.12397917945735082,5.0,0,0,0,98.68,SUCCESS,BULLISH,rebalance,12,88140.0,88118.0,0.024966522163462627,134.00926109587581
2025-12-21T05:15:25.320298+00:00,btc-updown-15m-1766294100,TRADE,UP,DIR_ACCUMULATE,5,4,0.7203160327571717,2.881264131028687,14.0,0.6737825271886917,5.0,0.32003503914723014,5,0.9938175663359219,0.030912168320390565,9.0,0,0,0,95.79,SUCCESS,BULLISH,accumulate,12,88139.99,88118.0,0.024955173744303366,136.18216557540663
2025-12-21T05:15:30.733603+00:00,btc-updown-15m-1766294100,TRADE,DOWN,DIR_REBALANCE,5,2,0.2600554227142796,0.5201108454285592,14.0,0.6737825271886917,7.0,0.30289800588067284,7,0.9766805330693645,0.16323626851444828,7.0,0,0,0,95.27,SUCCESS,BULLISH,rebalance,12,88150.01,88118.0,0.03632628974783218,195.85358349898812
2025-12-21T05:15:36.162579+00:00,btc-updown-15m-1766294100,TRADE,DOWN,DIR_REBALANCE,5,5,0.27006372356518377,1.3503186178259188,14.0,0.6737825271886917,12.0,0.28921705491588573,12,0.9629995821045774,0.4440050147450716,2.0,0,0,0,93.92,SUCCESS,BULLISH,rebalance,12,88150.01,88118.0,0.03632628974783218,188.24596455013756
2025-12-21T05:15:41.565409+00:00,btc-updown-15m-1766294100,TRADE,UP,DIR_AVERAGE_DOWN,1,1,0.7201080443173784,0.7201080443173784,15.0,0.6768708949972707,12.0,0.28921705491588573,12,0.9660879499131565,0.40694460104212204,3.0,0,0,0,93.20,SUCCESS,BULLISH,average_down,12,88150.0,88118.0,0.03631494132867292,187.30436815614235
2025-12-21T05:20:03.275873+00:00,btc-updown-15m-1766294100,TRADE,DOWN,DIR_ACCUMULATE,3,3,0.7999026528105436,2.3997079584316308,15.0,0.6768708949972707,15.0,0.3913541744948173,15,1.068225069492088,-1.023376042381321,0.0,0,0,0,90.80,SUCCESS,BEARISH,accumulate,13,88063.43,88118.0,-0.06192832338456045,427.84219723019464
2025-12-21T05:30:00.746907+00:00,btc-updown-15m-1766294100,RESOLUTION,DOWN,MARKET_END,30,30,1.0000,16.0234,15,0.6769,15,0.3914,15,1.0682,-1.0234,0.00,0.0000,0.0000,-1.0234,105.80,RESOLVED,,,,,,,
2025-12-21T05:45:05.364198+00:00,btc-updown-15m-1766295900,TRADE,UP,DIR_AVERAGE_DOWN,1,1,0.4301300277419419,0.4301300277419419,1.0,0.4301300277419419,0.0,0.0,0,0,0.0,1.0,0,0,0,91.56,SUCCESS,BULLISH,average_down,0,88100.67,88100.67,0.0,0.5773502691896257
2025-12-21T05:48:04.587883+00:00,btc-updown-15m-1766295900,TRADE,UP,DIR_AVERAGE_DOWN,1,1,0.3700654132416938,0.3700654132416938,2.0,0.40009772049181785,0.0,0.0,0,0,0.0,2.0,0,0,0,91.19,SUCCESS,BULLISH,average_down,0,88101.03,88100.67,0.00040862345314806583,2.831346779988667
2025-12-21T05:48:15.594861+00:00,btc-updown-15m-1766295900,TRADE,UP,DIR_AVERAGE_DOWN,1,1,0.30010140537170427,0.30010140537170427,3.0,0.36676561545178,0.0,0.0,0,0,0.0,3.0,0,0,0,90.89,SUCCESS,BULLISH,average_down,0,88101.03,88100.67,0.00040862345314806583,2.837622848020143
2025-12-21T05:48:26.404462+00:00,btc-updown-15m-1766295900,TRADE,UP,DIR_ACCUMULATE,1,1,0.33008055814272935,0.33008055814272935,4.0,0.3575943511245173,0.0,0.0,0,0,0.0,4.0,0,0,0,90.56,SUCCESS,BULLISH,accumulate,0,88101.04,88100.67,0.0004199741046184364,2.9481610285514552
2025-12-21T05:48:31.906496+00:00,btc-updown-15m-1766295900,TRADE,UP,DIR_ACCUMULATE,1,1,0.32004045722684277,0.32004045722684277,5.0,0.3500835723449824,0.0,0.0,0,0,0.0,5.0,0,0,0,90.24,SUCCESS,BULLISH,accumulate,0,88101.03,88100.67,0.00040862345314806583,2.8773997253269274
2025-12-21T05:48:37.296804+00:00,btc-updown-15m-1766295900,TRADE,UP,DIR_ACCUMULATE,1,1,0.3301637861983911,0.3301637861983911,6.0,0.34676360798721717,0.0,0.0,0,0,0.0,6.0,0,0,0,89.91,SUCCESS,BULLISH,accumulate,0,88101.03,88100.67,0.00040862345314806583,2.8711126174901276
2025-12-21T05:48:42.696911+00:00,btc-updown-15m-1766295900,TRADE,DOWN,DIR_REBALANCE,5,5,0.7003083484673743,3.5015417423368715,6.0,0.34676360798721717,5.0,0.7003083484673743,5,1.0470719564545914,-0.23535978227295695,1.0,0,0,0,86.41,SUCCESS,BULLISH,rebalance,0,88101.03,88100.67,0.00040862345314806583,2.8711415110788043
2025-12-21T05:48:48.081805+00:00,btc-updown-15m-1766295900,TRADE,UP,DIR_AVERAGE_DOWN,1,1,0.3100714654825232,0.3100714654825232,7.0,0.3415218733436895,5.0,0.7003083484673743,5,1.0418302218110638,-0.20915110905531886,2.0,0,0,0,86.10,SUCCESS,BULLISH,average_down,0,88101.03,88100.67,0.00040862345314806583,2.8730370696661227
2025-12-21T05:55:00.811397+00:00,btc-updown-15m-1766295900,TRADE,DOWN,DIR_EMERGENCY,2,2,0.15000416325280413,0.30000832650560827,7.0,0.3415218733436895,7.0,0.5430785812632114,7,0.8846004546069008,0.8077968177516941,0.0,0,0,0,85.80,SUCCESS,BULLISH,emergency,0,88138.94,88100.67,0.04343894319986905,299.8753130440843
2025-12-21T05:55:17.393793+00:00,btc-updown-15m-1766295900,TRADE,UP,DIR_AVERAGE_DOWN,1,1,0.7703201993585768,0.7703201993585768,8.0,0.3951216640955504,7.0,0.5430785812632114,7,0.9382002453587618,0.4325982824886675,1.0,0,0,0,85.03,SUCCESS,BULLISH,average_down,0,88138.95,88100.67,0.043450293851339424,292.5865567086921
2025-12-21T05:55:22.837675+00:00,btc-updown-15m-1766295900,TRADE,DOWN,DIR_EMERGENCY,1,1,0.2000438805274335,0.2000438805274335,8.0,0.3951216640955504,8.0,0.5001992436712391,8,0.8953209077667895,0.8374327378656838,0.0,0,0,0,84.83,SUCCESS,BULLISH,emergency,0,88138.95,88100.67,0.043450293851339424,281.4145709041514
2025-12-21T05:55:28.318856+00:00,btc-updown-15m-1766295900,TRADE,UP,DIR_AVERAGE_DOWN,1,1,0.7496495787720969,0.7496495787720969,9.0,0.43451365461516667,8.0,0.5001992436712391,8,0.9347128982864058,0.5222968137087536,1.0,0,0,0,84.08,SUCCESS,BULLISH,average_down,0,88138.95,88100.67,0.043450293851339424,282.442322023248
2025-12-21T05:55:33.770706+00:00,btc-updown-15m-1766295900,TRADE,DOWN,DIR_EMERGENCY,1,1,0.2500547091946309,0.2500547091946309,9.0,0.43451365461516667,9.0,0.4724054065071715,9,0.9069190611223381,0.837728449898957,0.0,0,0,0,83.83,SUCCESS,BULLISH,emergency,0,88138.95,88100.67,0.043450293851339424,265.42792771516577
2025-12-21T05:55:39.289743+00:00,btc-updown-15m-1766295900,TRADE,UP,DIR_AVERAGE_DOWN,1,1,0.7900892183283451,0.7900892183283451,10.0,0.47007121098648447,9.0,0.4724054065071715,9,0.942476617493656,0.5177104425570963,1.0,0,0,0,83.04,SUCCESS,BULLISH,average_down,0,88138.94,88100.67,0.04343894319986905,274.5205118306911
2025-12-21T05:55:50.207161+00:00,btc-updown-15m-1766295900,TRADE,DOWN,DIR_EMERGENCY,1,1,0.21007893476654887,0.21007893476654887,10.0,0.47007121098648447,10.0,0.44617275933310924,10,0.9162439703195937,0.837560296804063,0.0,0,0,0,82.83,SUCCESS,BULLISH,emergency,0,88138.95,88100.67,0.043450293851339424,269.2509819237434
2025-12-21T05:55:55.665472+00:00,btc-updown-15m-1766295900,TRADE,UP,DIR_AVERAGE_DOWN,1,1,0.8104044764805224,0.8104044764805224,11.0,0.5010105987586697,10.0,0.44617275933310924,10,0.947183358091779,0.52816641908221,1.0,0,0,0,82.02,SUCCESS,BULLISH,average_down,0,88138.95,88100.67,0.043450293851339424,248.9955592889012
2025-12-21T05:56:17.616289+00:00,btc-updown-15m-1766295900,TRADE,DOWN,DIR_EMERGENCY,1,1,0.1700180041306369,0.1700180041306369,11.0,0.5010105987586697,11.0,0.42106778158742997,11,0.9220783803460997,0.8571378161929035,0.0,0,0,0,81.85,SUCCESS,BULLISH,emergency,0,88138.95,88100.67,0.043450293851339424,6773.306950264665
2025-12-21T05:56:28.661503+00:00,btc-updown-15m-1766295900,TRADE,UP,DIR_AVERAGE_DOWN,1,1,0.8203066818834887,0.8203066818834887,12.0,0.527618605685738,11.0,0.42106778158742997,11,0.948686387273168,0.5644497399951519,1.0,0,0,0,81.03,SUCCESS,BULLISH,average_down,0,88138.94,88100.67,0.04343894319986905,6280.928834911918
2025-12-21T05:56:34.126007+00:00,btc-updown-15m-1766295900,TRADE,DOWN,DIR_EMERGENCY,1,1,0.23009179598272467,0.23009179598272467,12.0,0.527618605685738,12.0,0.4051531161203712,12,0.9327717218061092,0.8067393383266892,0.0,0,0,0,80.80,SUCCESS,BULLISH,emergency,0,88138.95,88100.67,0.043450293851339424,6066.613873643604
2025-12-21T05:56:39.586844+00:00,btc-updown-15m-1766295900,TRADE,UP,DIR_AVERAGE_DOWN,1,1,0.8002169500446957,0.8002169500446957,13.0,0.5485877090979655,12.0,0.4051531161203712,12,0.9537408252183367,0.5551100973799596,1.0,0,0,0,80.00,SUCCESS,BULLISH,average_down,0,88138.94,88100.67,0.04343894319986905,5737.434437323255
2025-12-21T05:56:45.042197+00:00,btc-updown-15m-1766295900,TRADE,DOWN,DIR_EMERGENCY,1,1,0.210102680054964,0.210102680054964,13.0,0.5485877090979655,13.0,0.39014923642303223,13,0.9387369455209977,0.7964197082270295,0.0,0,0,0,79.79,SUCCESS,BULLISH,emergency,0,88138.95,88100.67,0.043450293851339424,6570.679826188703
2025-12-21T05:56:50.592160+00:00,btc-updown-15m-1766295900,TRADE,UP,DIR_AVERAGE_DOWN,1,1,0.8502363183865056,0.8502363183865056,14.0,0.5701340383328612,13.0,0.39014923642303223,13,0.9602832747558935,0.5163174281733848,1.0,0,0,0,78.94,SUCCESS,BULLISH,average_down,0,88138.95,88100.67,0.043450293851339424,6721.031396925835
2025-12-21T05:57:01.547184+00:00,btc-updown-15m-1766295900,TRADE,DOWN,DIR_EMERGENCY,1,1,0.15001027436062334,0.15001027436062334,14.0,0.5701340383328612,14.0,0.3729964534185744,14,0.9431304917514356,0.7961731154799017,0.0,0,0,0,78.79,SUCCESS,BULLISH,emergency,0,88138.95,88100.67,0.043450293851339424,7130.937389946191
2025-12-21T06:00:02.451425+00:00,btc-updown-15m-1766295900,RESOLUTION,UP,MARKET_END,28,28,1.0000,13.2038,14,0.5701,14,0.3730,14,0.9431,0.7962,0.00,0.0000,0.0000,0.7966,92.79,RESOLVED,,,,,,,
2025-12-21T06:00:15.258101+00:00,btc-updown-15m-1766296800,TRADE,UP,DIR_AVERAGE_DOWN,1,1,0.410138893146634,0.410138893146634,1.0,0.410138893146634,0.0,0.0,0,0,0.0,1.0,0,0,0,92.38,SUCCESS,BULLISH,average_down,0,88126.3,88126.3,0.0,0.21387003580697883
2025-12-21T06:00:36.934084+00:00,btc-updown-15m-1766296800,TRADE,UP,DIR_AVERAGE_DOWN,1,1,0.3201205752373167,0.3201205752373167,2.0,0.36512973419197536,0.0,0.0,0,0,0.0,2.0,0,0,0,92.06,SUCCESS,BULLISH,average_down,0,88114.55,88126.3,-0.013333136645927491,78.09312168451994
2025-12-21T06:10:03.344329+00:00,btc-updown-15m-1766296800,TRADE,DOWN,DIR_EMERGENCY,2,2,0.4301963417704688,0.8603926835409376,2.0,0.36512973419197536,2.0,0.4301963417704688,2,0.7953260759624441,0.4093478480751118,0.0,0,0,0,91.20,SUCCESS,BULLISH,emergency,0,88140.4,88126.3,0.015999763975103085,2649.9694640816183
2025-12-21T06:10:08.751538+00:00,btc-updown-15m-1766296800,TRADE,UP,DIR_AVERAGE_DOWN,1,1,0.6101372398990995,0.6101372398990995,3.0,0.4467989027610167,2.0,0.4301963417704688,2,0.8769952445314855,0.24600951093702905,1.0,0,0,0,90.59,SUCCESS,BULLISH,average_down,0,88140.41,88126.3,0.016011111325450612,2858.9661469921
2025-12-21T06:10:19.567000+00:00,btc-updown-15m-1766296800,TRADE,DOWN,DIR_EMERGENCY,1,1,0.42007173234309797,0.42007173234309797,3.0,0.4467989027610167,3.0,0.4268214719613452,3,0.8736203747223619,0.3791388758329144,0.0,0,0,0,90.17,SUCCESS,BULLISH,emergency,0,88140.4,88126.3,0.015999763975103085,3063.352608130372
2025-12-21T06:10:24.997795+00:00,btc-updown-15m-1766296800,TRADE,UP,DIR_AVERAGE_DOWN,1,1,0.6402729339734771,0.6402729339734771,4.0,0.4951674105641318,3.0,0.4268214719613452,3,0.921988882525477,0.23403335242356915,1.0,0,0,0,89.53,SUCCESS,BULLISH,average_down,0,88140.4,88126.3,0.015999763975103085,3063.352608130372
2025-12-21T06:10:30.501769+00:00,btc-updown-15m-1766296800,TRADE,DOWN,DIR_EMERGENCY,1,1,0.3599957545997717,0.3599957545997717,4.0,0.4951674105641318,4.0,0.4101150426209518,4,0.9052824531850836,0.3788701872596656,0.0,0,0,0,89.17,SUCCESS,BULLISH,emergency,0,88140.4,88126.3,0.015999763975103085,3034.9612680721048
2025-12-21T06:10:35.916159+00:00,btc-updown-15m-1766296800,TRADE,UP,DIR_AVERAGE_DOWN,1,1,0.6201685747308653,0.6201685747308653,5.0,0.5201676433974785,4.0,0.4101150426209518,4,0.9302826860184302,0.2788692559262791,1.0,0,0,0,88.55,SUCCESS,BULLISH,average_down,0,88140.41,88126.3,0.016011111325450612,2917.0851399241024
2025-12-21T06:10:41.325309+00:00,btc-updown-15m-1766296800,TRADE,DOWN,DIR_EMERGENCY,1,1,0.37009567990504266,0.37009567990504266,5.0,0.5201676433974785,5.0,0.4021111700777699,5,0.9222788134752484,0.38860593262375787,0.0,0,0,0,88.18,SUCCESS,BULLISH,emergency,0,88140.41,88126.3,0.016011111325450612,2930.3149145076914
2025-12-21T06:10:46.853452+00:00,btc-updown-15m-1766296800,TRADE,UP,DIR_AVERAGE_DOWN,1,1,0.6301329009913088,0.6301329009913088,6.0,0.5384951863297835,5.0,0.4021111700777699,5,0.9406063564075535,0.2969682179622324,1.0,0,0,0,87.55,SUCCESS,BULLISH,average_down,0,88140.41,88126.3,0.016011111325450612,2884.6497599854733
2025-12-21T06:10:52.547208+00:00,btc-updown-15m-1766296800,TRADE,DOWN,DIR_EMERGENCY,1,1,0.38007427100837393,0.38007427100837393,6.0,0.5384951863297835,6.0,0.39843835356620394,6,0.9369335398959875,0.37839876062407507,0.0,0,0,0,87.17,SUCCESS,BULLISH,emergency,0,88140.4,88126.3,0.015999763975103085,2893.4975452773906
2025-12-21T06:10:57.977157+00:00,btc-updown-15m-1766296800,TRADE,UP,DIR_AVERAGE_DOWN,1,1,0.6200014066703355,0.6200014066703355,7.0,0.5501389320927196,6.0,0.39843835356620394,6,0.9485772856589235,0.3085362860464589,1.0,0,0,0,86.55,SUCCESS,BULLISH,average_down,0,88140.41,88126.3,0.016011111325450612,2957.116299944537
2025-12-21T06:11:03.381745+00:00,btc-updown-15m-1766296800,TRADE,DOWN,DIR_EMERGENCY,1,1,0.3501028030999867,0.3501028030999867,7.0,0.5501389320927196,7.0,0.3915332749281729,7,0.9416722070208925,0.40829455085375255,0.0,0,0,0,86.20,SUCCESS,BULLISH,emergency,0,88140.41,88126.3,0.016011111325450612,3030.133403361443
2025-12-21T06:15:02.511324+00:00,btc-updown-15m-1766296800,RESOLUTION,DOWN,MARKET_END,14,14,1.0000,6.5917,7,0.5501,7,0.3915,7,0.9417,0.4083,0.00,0.0000,0.0000,0.4088,93.19,RESOLVED,,,,,,,
2025-12-21T06:15:09.626469+00:00,btc-updown-15m-1766297700,TRADE,UP,DIR_AVERAGE_DOWN,1,1,0.5000031584899052,0.5000031584899052,1.0,0.5000031584899052,0.0,0.0,0,0,0.0,1.0,0,0,0,92.70,SUCCESS,BULLISH,average_down,0,88178.75,88178.75,0.0,2.77777803539171e-08
2025-12-21T06:22:35.118001+00:00,btc-updown-15m-1766297700,TRADE,UP,DIR_AVERAGE_DOWN,1,1,0.21005876420708733,0.21005876420708733,2.0,0.35503096134849627,0.0,0.0,0,0,0.0,2.0,0,0,0,92.49,SUCCESS,BULLISH,average_down,0,88162.06,88178.75,-0.018927462682338237,93.61457722542887
2025-12-21T06:22:45.933246+00:00,btc-updown-15m-1766297700,TRADE,UP,DIR_AVERAGE_DOWN,1,1,0.14005297267433509,0.14005297267433509,3.0,0.2833716317904425,0.0,0.0,0,0,0.0,3.0,0,0,0,92.35,SUCCESS,BULLISH,average_down,0,88147.22,88178.75,-0.03575691422252962,184.50936031987948
2025-12-21T06:22:51.345345+00:00,btc-updown-15m-1766297700,TRADE,UP,DIR_ACCUMULATE,1,1,0.15001408639494418,0.15001408639494418,4.0,0.25003224544156794,0.0,0.0,0,0,0.0,4.0,0,0,0,92.20,SUCCESS,BULLISH,accumulate,0,88147.22,88178.75,-0.03575691422252962,184.51008870166436
2025-12-21T06:22:56.766130+00:00,btc-updown-15m-1766297700,TRADE,UP,DIR_ACCUMULATE,1,1,0.1400668803398129,0.1400668803398129,5.0,0.2280391724212169,0.0,0.0,0,0,0.0,5.0,0,0,0,92.06,SUCCESS,BULLISH,accumulate,0,88147.21,88178.75,-0.035768254823292,186.65086972108142
2025-12-21T06:23:02.201097+00:00,btc-updown-15m-1766297700,TRADE,UP,DIR_ACCUMULATE,1,1,0.1400653768222594,0.1400653768222594,6.0,0.213376873154724,0.0,0.0,0,0,0.0,6.0,0,0,0,91.92,SUCCESS,BULLISH,accumulate,0,88147.22,88178.75,-0.03575691422252962,186.88088422421467
2025-12-21T06:23:07.919034+00:00,btc-updown-15m-1766297700,TRADE,DOWN,DIR_REBALANCE,5,5,0.8702612663432583,4.351306331716291,6.0,0.213376873154724,5.0,0.8702612663432582,5,1.0836381394979822,-0.4181906974899108,1.0,0,0,0,87.57,SUCCESS,BULLISH,rebalance,0,88147.22,88178.75,-0.03575691422252962,186.49127095414366
2025-12-21T06:23:13.333181+00:00,btc-updown-15m-1766297700,TRADE,UP,DIR_AVERAGE_DOWN,1,1,0.14001868454387761,0.14001868454387761,7.0,0.2028971319246031,5.0,0.8702612663432582,5,1.0731583982678612,-0.36579199133930596,2.0,0,0,0,87.43,SUCCESS,BULLISH,average_down,0,88147.21,88178.75,-0.035768254823292,186.55050001238257
2025-12-21T06:23:45.945548+00:00,btc-updown-15m-1766297700,TRADE,UP,DIR_AVERAGE_DOWN,1,1,0.12001821080473604,0.12001821080473604,8.0,0.19253726678461971,5.0,0.8702612663432582,5,1.062798533127878,-0.3139926656393899,3.0,0,0,0,87.31,SUCCESS,BULLISH,average_down,0,88147.22,88178.75,-0.03575691422252962,5633.48075193166
2025-12-21T06:23:51.490816+00:00,btc-updown-15m-1766297700,TRADE,UP,DIR_ACCUMULATE,1,1,0.14001138611269182,0.14001138611269182,9.0,0.18670105782107216,5.0,0.8702612663432582,5,1.0569623241643304,-0.28481162082165223,4.0,0,0,0,87.17,SUCCESS,BULLISH,accumulate,0,88147.21,88178.75,-0.035768254823292,5807.498863538536
2025-12-21T06:23:56.963650+00:00,btc-updown-15m-1766297700,TRADE,UP,DIR_ACCUMULATE,1,1,0.1400370546475681,0.1400370546475681,10.0,0.18203465750372178,5.0,0.8702612663432582,5,1.05229592384698,-0.26147961923490004,5.0,0,0,0,87.03,SUCCESS,BULLISH,accumulate,0,88147.21,88178.75,-0.035768254823292,4601.50592493291
2025-12-21T06:24:02.440008+00:00,btc-updown-15m-1766297700,TRADE,UP,DIR_ACCUMULATE,1,1,0.11004626250946638,0.11004626250946638,11.0,0.17549025795878948,5.0,0.8702612663432582,5,1.0457515243020477,-0.22875762151023826,6.0,0,0,0,86.92,SUCCESS,BULLISH,accumulate,0,88147.21,88178.75,-0.035768254823292,4391.759025779343
2025-12-21T06:24:07.891256+00:00,btc-updown-15m-1766297700,TRADE,DOWN,DIR_REBALANCE,5,5,0.9201986181297293,4.600993090648647,11.0,0.17549025795878948,10.0,0.8952299422364938,10,1.0707202001952831,-0.7072020019528313,1.0,0,0,0,82.32,SUCCESS,BULLISH,rebalance,0,88147.22,88178.75,-0.03575691422252962,4331.834284713792
2025-12-21T06:24:18.957270+00:00,btc-updown-15m-1766297700,TRADE,UP,DIR_AVERAGE_DOWN,1,1,0.1800048464684777,0.1800048464684777,12.0,0.17586647366793015,10.0,0.8952299422364938,10,1.0710964159044238,-0.7109641590442384,2.0,0,0,0,82.14,SUCCESS,BULLISH,average_down,0,88147.21,88178.75,-0.035768254823292,5096.201365218226
2025-12-21T06:30:04.490405+00:00,btc-updown-15m-1766297700,RESOLUTION,DOWN,MARKET_END,22,22,1.0000,11.0627,12,0.1759,10,0.8952,10,1.0711,-0.7110,0.17,0.0000,0.0000,-1.0627,92.13,RESOLVED,,,,,,,
2025-12-21T06:30:11.647009+00:00,btc-updown-15m-1766298600,TRADE,UP,DIR_AVERAGE_DOWN,1,1,0.6098069532198903,0.6098069532198903,1.0,0.6098069532198903,0.0,0.0,0,0,0.0,1.0,0,0,0,91.53,SUCCESS,BULLISH,average_down,0,88170.91,88170.91,0.0,0.009945102139471172
2025-12-21T06:31:11.460375+00:00,btc-updown-15m-1766298600,TRADE,UP,DIR_AVERAGE_DOWN,1,1,0.5100661283259001,0.5100661283259001,2.0,0.5599365407728952,0.0,0.0,0,0,0.0,2.0,0,0,0,91.02,SUCCESS,BULLISH,average_down,0,88162.01,88170.91,-0.010094032147347385,62.564804081994424
2025-12-21T06:31:54.925327+00:00,btc-updown-15m-1766298600,TRADE,UP,DIR_AVERAGE_DOWN,1,1,0.33006176091877537,0.33006176091877537,3.0,0.4833116141548553,0.0,0.0,0,0,0.0,3.0,0,0,0,90.69,SUCCESS,BULLISH,average_down,0,88146.14,88170.91,-0.028093165875234895,170.15982316966162
2025-12-21T06:32:00.353549+00:00,btc-updown-15m-1766298600,TRADE,UP,DIR_ACCUMULATE,1,1,0.3301022189686489,0.3301022189686489,4.0,0.4450092653583037,0.0,0.0,0,0,0.0,4.0,0,0,0,90.36,SUCCESS,BULLISH,accumulate,0,88141.16,88170.91,-0.03374128723407754,206.5934160812293
2025-12-21T06:32:11.190338+00:00,btc-updown-15m-1766298600,TRADE,UP,DIR_ACCUMULATE,1,1,0.3799287596369128,0.3799287596369128,5.0,0.4319931642140255,0.0,0.0,0,0,0.0,5.0,0,0,0,89.98,SUCCESS,BULLISH,accumulate,0,88141.16,88170.91,-0.03374128723407754,279.0550935185994
2025-12-21T06:32:16.589515+00:00,btc-updown-15m-1766298600,TRADE,UP,DIR_ACCUMULATE,1,1,0.3700652933767679,0.3700652933767679,6.0,0.42167185240781596,0.0,0.0,0,0,0.0,6.0,0,0,0,89.61,SUCCESS,BULLISH,accumulate,0,88141.16,88170.91,-0.03374128723407754,275.4563538512376
2025-12-21T06:32:22.001874+00:00,btc-updown-15m-1766298600,TRADE,DOWN,DIR_REBALANCE,5,5,0.6402986624891059,3.2014933124455296,6.0,0.42167185240781596,5.0,0.6402986624891059,5,1.0619705148969218,-0.30985257448460923,1.0,0,0,0,86.40,SUCCESS,BULLISH,rebalance,0,88141.15,88170.91,-0.03375262884324241,278.6574698284407
2025-12-21T06:32:27.446810+00:00,btc-updown-15m-1766298600,TRADE,UP,DIR_AVERAGE_DOWN,1,1,0.38013781395337837,0.38013781395337837,7.0,0.4157384183428963,5.0,0.6402986624891059,5,1.0560370808320023,-0.2801854041600116,2.0,0,0,0,86.02,SUCCESS,BULLISH,average_down,0,88141.15,88170.91,-0.03375262884324241,287.7347020405948
2025-12-21T06:35:48.495795+00:00,btc-updown-15m-1766298600,TRADE,UP,DIR_AVERAGE_DOWN,1,1,0.32011882848563666,0.32011882848563666,8.0,0.40378596961073887,5.0,0.6402986624891059,5,1.0440846320998447,-0.2204231604992235,3.0,0,0,0,85.70,SUCCESS,BULLISH,average_down,0,88150.83,88170.91,-0.022773951181860035,129.26272613601995
2025-12-21T06:35:54.011514+00:00,btc-updown-15m-1766298600,TRADE,UP,DIR_ACCUMULATE,1,1,0.3000725950968222,0.3000725950968222,9.0,0.3922622613314148,5.0,0.6402986624891059,5,1.0325609238205207,-0.16280461910260335,4.0,0,0,0,85.40,SUCCESS,BULLISH,accumulate,0,88150.83,88170.91,-0.022773951181860035,134.18982062866652
2025-12-21T06:35:59.415280+00:00,btc-updown-15m-1766298600,TRADE,UP,DIR_ACCUMULATE,1,1,0.30009350217860925,0.30009350217860925,10.0,0.38304538541613425,5.0,0.6402986624891059,5,1.0233440479052403,-0.11672023952620125,5.0,0,0,0,85.10,SUCCESS,BULLISH,accumulate,0,88150.83,88170.91,-0.022773951181860035,134.41983794507013
2025-12-21T06:36:04.808277+00:00,btc-updown-15m-1766298600,TRADE,UP,DIR_ACCUMULATE,1,1,0.30002808233414774,0.30002808233414774,11.0,0.37549835786322644,5.0,0.6402986624891059,5,1.0157970203523323,-0.07898510176166162,6.0,0,0,0,84.80,SUCCESS,BULLISH,accumulate,0,88150.83,88170.91,-0.022773951181860035,139.82693163263477
2025-12-21T06:36:10.234134+00:00,btc-updown-15m-1766298600,TRADE,DOWN,DIR_REBALANCE,5,5,0.720056815496474,3.60028407748237,11.0,0.37549835786322644,10.0,0.6801777389927899,10,1.0556760968560164,-0.5567609685601638,1.0,0,0,0,81.20,SUCCESS,BULLISH,rebalance,0,88150.83,88170.91,-0.022773951181860035,141.79635218634795
2025-12-21T06:36:15.768526+00:00,btc-updown-15m-1766298600,TRADE,UP,DIR_AVERAGE_DOWN,1,1,0.30008278108866177,0.30008278108866177,12.0,0.36921372646534606,10.0,0.6801777389927899,10,1.049391465458136,-0.49391465458135997,2.0,0,0,0,80.90,SUCCESS,BULLISH,average_down,0,88150.84,88170.91,-0.022762609572711662,142.37901502261195
2025-12-21T06:39:15.076892+00:00,btc-updown-15m-1766298600,TRADE,UP,DIR_AVERAGE_DOWN,1,1,0.27003618029969556,0.27003618029969556,13.0,0.36158468445260367,10.0,0.6801777389927899,10,1.0417624234453935,-0.41762423445393493,3.0,0,0,0,80.63,SUCCESS,BULLISH,average_down,0,88150.83,88170.91,-0.022773951181860035,3004.614959717661
2025-12-21T06:39:20.494793+00:00,btc-updown-15m-1766298600,TRADE,UP,DIR_ACCUMULATE,1,1,0.12001369315367819,0.12001369315367819,14.0,0.3443296136455376,10.0,0.6801777389927899,10,1.0245073526383275,-0.24507352638327484,4.0,0,0,0,80.51,SUCCESS,BULLISH,accumulate,0,88142.02,88170.91,-0.032765908846806066,177.84154045463404
2025-12-21T06:39:26.024072+00:00,btc-updown-15m-1766298600,TRADE,UP,DIR_ACCUMULATE,1,1,0.17001617606410702,0.17001617606410702,15.0,0.3327087178067755,10.0,0.6801777389927899,10,1.0128864567995655,-0.1288645679956546,5.0,0,0,0,80.34,SUCCESS,BULLISH,accumulate,0,88142.02,88170.91,-0.032765908846806066,176.99032917819574
2025-12-21T06:45:04.245105+00:00,btc-updown-15m-1766298600,RESOLUTION,DOWN,MARKET_END,25,25,1.0000,11.7924,15,0.3327,10,0.6802,10,1.0129,-0.1289,0.33,0.0000,0.0000,-1.7925,90.34,RESOLVED,,,,,,,
2025-12-21T06:45:16.942871+00:00,btc-updown-15m-1766299500,TRADE,DOWN,DIR_AVERAGE_DOWN,1,1,0.44006846477970285,0.44006846477970285,0.0,0.0,1.0,0.44006846477970285,0,0,0.0,1.0,0,0,0,89.90,SUCCESS,BEARISH,average_down,1,88112.15,88112.14,1.134917389903515e-05,1.723540038958781
2025-12-21T06:46:05.984308+00:00,btc-updown-15m-1766299500,TRADE,DOWN,DIR_AVERAGE_DOWN,1,1,0.3600254041632507,0.3600254041632507,0.0,0.0,2.0,0.40004693447147677,0,0,0.0,2.0,0,0,0,89.54,SUCCESS,BEARISH,average_down,1,88124.06,88112.14,0.01352821529473493,138.71798593328805
2025-12-21T06:46:11.398535+00:00,btc-updown-15m-1766299500,TRADE,DOWN,DIR_AVERAGE_DOWN,1,1,0.32003036728850576,0.32003036728850576,0.0,0.0,3.0,0.3733747454104865,0,0,0.0,3.0,0,0,0,89.22,SUCCESS,BEARISH,average_down,1,88128.94,88112.14,0.019066612160370762,185.10122739817558
2025-12-21T06:46:22.301674+00:00,btc-updown-15m-1766299500,TRADE,DOWN,DIR_ACCUMULATE,1,1,0.32008159993319046,0.32008159993319046,0.0,0.0,4.0,0.3600514590411625,0,0,0.0,4.0,0,0,0,88.90,SUCCESS,BEARISH,accumulate,1,88128.93,88112.14,0.019055262986455213,184.29771118056047
2025-12-21T06:46:33.151302+00:00,btc-updown-15m-1766299500,TRADE,DOWN,DIR_ACCUMULATE,1,1,0.37015800753701766,0.37015800753701766,0.0,0.0,5.0,0.3620727687403335,0,0,0.0,5.0,0,0,0,88.53,SUCCESS,BEARISH,accumulate,1,88128.94,88112.14,0.019066612160370762,185.643251254501
2025-12-21T06:46:38.580445+00:00,btc-updown-15m-1766299500,TRADE,DOWN,DIR_ACCUMULATE,1,1,0.3400884612977468,0.3400884612977468,0.0,0.0,6.0,0.3584087174999024,0,0,0.0,6.0,0,0,0,88.19,SUCCESS,BEARISH,accumulate,1,88128.93,88112.14,0.019055262986455213,187.23602077312987
2025-12-21T06:46:44.003086+00:00,btc-updown-15m-1766299500,TRADE,UP,DIR_REBALANCE,5,5,0.6702521247959018,3.351260623979509,5.0,0.6702521247959018,6.0,0.3584087174999024,5,1.0286608422958041,-0.14330421147902062,1.0,0,0,0,84.84,SUCCESS,BEARISH,rebalance,1,88128.93,88112.14,0.019055262986455213,187.76720219107014
2025-12-21T06:46:49.439697+00:00,btc-updown-15m-1766299500,TRADE,DOWN,DIR_AVERAGE_DOWN,1,1,0.33015258016503723,0.33015258016503723,5.0,0.6702521247959018,7.0,0.3543721264520645,5,1.0246242512479662,-0.12312125623983095,2.0,0,0,0,84.51,SUCCESS,BEARISH,average_down,1,88128.93,88112.14,0.019055262986455213,188.0312933095983
2025-12-21T06:55:00.963708+00:00,btc-updown-15m-1766299500,TRADE,UP,DIR_EMERGENCY,2,2,0.25010437622355036,0.5002087524471007,7.0,0.5502099109180871,7.0,0.3543721264520645,7,0.9045820373701516,0.6679257384089385,0.0,0,0,0,84.01,SUCCESS,BEARISH,emergency,1,88098.08,88112.14,-0.015956938510400122,2246.4324687724215
2025-12-21T06:55:22.824804+00:00,btc-updown-15m-1766299500,TRADE,DOWN,DIR_AVERAGE_DOWN,1,1,0.8500377282371574,0.8500377282371574,7.0,0.5502099109180871,8.0,0.4163303266752011,7,0.9665402375932882,0.23421833684698246,1.0,0,0,0,83.16,SUCCESS,BEARISH,average_down,1,88098.09,88112.14,-0.01594558933650109,2123.821509040324
2025-12-21T06:55:28.304993+00:00,btc-updown-15m-1766299500,TRADE,UP,DIR_EMERGENCY,1,1,0.18004208576569916,0.18004208576569916,8.0,0.5039389327740386,8.0,0.4163303266752011,8,0.9202692594492397,0.6378459244060828,0.0,0,0,0,82.98,SUCCESS,BEARISH,emergency,1,88098.09,88112.14,-0.01594558933650109,2059.805784597707
2025-12-21T06:55:33.890686+00:00,btc-updown-15m-1766299500,TRADE,DOWN,DIR_AVERAGE_DOWN,1,1,0.829700416634185,0.829700416634185,8.0,0.5039389327740386,9.0,0.4622603366706437,8,0.9661992694446823,0.2704058444425419,1.0,0,0,0,82.15,SUCCESS,BEARISH,average_down,1,88098.08,88112.14,-0.015956938510400122,2025.0002933243027
2025-12-21T06:55:39.365274+00:00,btc-updown-15m-1766299500,TRADE,UP,DIR_EMERGENCY,1,1,0.20005660315338553,0.20005660315338553,9.0,0.4701742294828549,9.0,0.4622603366706437,9,0.9324345661534986,0.6080889046185124,0.0,0,0,0,81.95,SUCCESS,BEARISH,emergency,1,88098.09,88112.14,-0.01594558933650109,2037.2882659748732
2025-12-21T06:55:44.837950+00:00,btc-updown-15m-1766299500,TRADE,DOWN,DIR_AVERAGE_DOWN,1,1,0.8102465674453132,0.8102465674453132,9.0,0.4701742294828549,10.0,0.49705895974811065,9,0.9672331892309656,0.29490129692130984,1.0,0,0,0,81.14,SUCCESS,BEARISH,average_down,1,88098.09,88112.14,-0.01594558933650109,2104.5987560359235
2025-12-21T06:55:50.297248+00:00,btc-updown-15m-1766299500,TRADE,UP,DIR_EMERGENCY,1,1,0.20003045252592444,0.20003045252592444,10.0,0.4431598517871619,10.0,0.49705895974811065,10,0.9402188115352725,0.5978118846472746,0.0,0,0,0,80.94,SUCCESS,BEARISH,emergency,1,88098.08,88112.14,-0.015956938510400122,2073.221340603787
2025-12-21T06:55:55.770298+00:00,btc-updown-15m-1766299500,TRADE,DOWN,DIR_AVERAGE_DOWN,1,1,0.8103578703844526,0.8103578703844526,10.0,0.4431598517871619,11.0,0.525540678896869,10,0.9687005306840308,0.31299469315969164,1.0,0,0,0,80.13,SUCCESS,BEARISH,average_down,1,88098.08,88112.14,-0.015956938510400122,2090.084693007865
2025-12-21T06:56:01.238476+00:00,btc-updown-15m-1766299500,TRADE,UP,DIR_EMERGENCY,1,1,0.1900490779046413,0.1900490779046413,11.0,0.42014978143420545,11.0,0.525540678896869,11,0.9456904603310744,0.5974049363581816,0.0,0,0,0,79.94,SUCCESS,BEARISH,emergency,1,88098.09,88112.14,-0.01594558933650109,2076.128792177422
2025-12-21T06:56:06.726537+00:00,btc-updown-15m-1766299500,TRADE,DOWN,DIR_AVERAGE_DOWN,1,1,0.8500167835333146,0.8500167835333146,11.0,0.42014978143420545,12.0,0.5525803542832395,11,0.9727301357174449,0.29996850710810574,1.0,0,0,0,79.09,SUCCESS,BEARISH,average_down,1,88098.08,88112.14,-0.015956938510400122,2127.080214538496
2025-12-21T06:56:12.191051+00:00,btc-updown-15m-1766299500,TRADE,UP,DIR_EMERGENCY,1,1,0.14996830375869044,0.14996830375869044,12.0,0.39763465829457917,12.0,0.5525803542832395,12,0.9502150125778186,0.5974198490661768,0.0,0,0,0,78.94,SUCCESS,BEARISH,emergency,1,88098.09,88112.14,-0.01594558933650109,2063.5840924831773
2025-12-21T07:00:02.606677+00:00,btc-updown-15m-1766299500,RESOLUTION,UP,MARKET_END,24,24,1.0000,11.4026,12,0.3976,12,0.5526,12,0.9502,0.5974,0.00,0.0000,0.0000,0.5976,90.94,RESOLVED,,,,,,,
2025-12-21T07:00:09.615216+00:00,btc-updown-15m-1766300400,TRADE,DOWN,DIR_AVERAGE_DOWN,1,1,0.4101249387786285,0.4101249387786285,0.0,0.0,1.0,0.4101249387786285,0,0,0.0,1.0,0,0,0,90.53,SUCCESS,BEARISH,average_down,1,88100.83,88100.83,0.0,0.1867853133240877
2025-12-21T07:02:31.480219+00:00,btc-updown-15m-1766300400,TRADE,DOWN,DIR_AVERAGE_DOWN,1,1,0.3199060418793966,0.3199060418793966,0.0,0.0,2.0,0.36501549032901254,0,0,0.0,2.0,0,0,0,90.21,SUCCESS,BEARISH,average_down,1,88113.17,88100.83,0.014006678484182848,98.27941758853956
2025-12-21T07:02:47.900461+00:00,btc-updown-15m-1766300400,TRADE,DOWN,DIR_AVERAGE_DOWN,1,1,0.1500232854357294,0.1500232854357294,0.0,0.0,3.0,0.2933514220312515,0,0,0.0,3.0,0,0,0,90.06,SUCCESS,BEARISH,average_down,1,88136.4,88100.83,0.040374193977505586,243.74464733703715
2025-12-21T07:02:53.410009+00:00,btc-updown-15m-1766300400,TRADE,DOWN,DIR_ACCUMULATE,1,1,0.1500410487155455,0.1500410487155455,0.0,0.0,4.0,0.257523828702325,0,0,0.0,4.0,0,0,0,89.91,SUCCESS,BEARISH,accumulate,1,88136.4,88100.83,0.040374193977505586,240.9273853530893
2025-12-21T07:02:58.984079+00:00,btc-updown-15m-1766300400,TRADE,DOWN,DIR_ACCUMULATE,1,1,0.12000829208206693,0.12000829208206693,0.0,0.0,5.0,0.23002072137827337,0,0,0.0,5.0,0,0,0,89.79,SUCCESS,BEARISH,accumulate,1,88148.39,88100.83,0.053983600381514764,372.61340356498823
2025-12-21T07:03:04.401504+00:00,btc-updown-15m-1766300400,TRADE,DOWN,DIR_ACCUMULATE,1,1,0.13004217264111848,0.13004217264111848,0.0,0.0,6.0,0.21335762992208088,0,0,0.0,6.0,0,0,0,89.66,SUCCESS,BEARISH,accumulate,1,88148.4,88100.83,0.0539949510123712,372.8144676043967
2025-12-21T07:03:09.826064+00:00,btc-updown-15m-1766300400,TRADE,UP,DIR_REBALANCE,5,5,0.8703986046049494,4.351993023024747,5.0,0.8703986046049493,6.0,0.21335762992208088,5,1.0837562345270302,-0.4187811726351509,1.0,0,0,0,85.31,SUCCESS,BEARISH,rebalance,1,88148.39,88100.83,0.053983600381514764,373.42094691760235
2025-12-21T07:03:15.249966+00:00,btc-updown-15m-1766300400,TRADE,DOWN,DIR_AVERAGE_DOWN,1,1,0.15003536538084228,0.15003536538084228,5.0,0.8703986046049493,7.0,0.2043115921304754,5,1.0747101967354247,-0.37355098367712336,2.0,0,0,0,85.16,SUCCESS,BEARISH,average_down,1,88148.4,88100.83,0.0539949510123712,373.62192507717657
2025-12-21T07:04:09.792706+00:00,btc-updown-15m-1766300400,TRADE,UP,DIR_AVERAGE_DOWN,1,1,0.7200406201132694,0.7200406201132694,6.0,0.8453389405230026,7.0,0.2043115921304754,6,1.049650532653478,-0.2979031959208678,1.0,0,0,0,84.44,SUCCESS,BULLISH,average_down,2,88126.5,88100.83,0.029137069423748056,230.38469819794267
2025-12-21T07:04:42.497665+00:00,btc-updown-15m-1766300400,TRADE,UP,DIR_AVERAGE_DOWN,1,1,0.6302937758481277,0.6302937758481277,7.0,0.8146182027123062,7.0,0.2043115921304754,7,1.0189297948427816,-0.13250856389947097,0.0,0,0,0,83.81,SUCCESS,BULLISH,average_down,2,88112.81,88100.83,0.01359805577313622,114.69048986125706
2025-12-21T07:15:01.710578+00:00,btc-updown-15m-1766300400,RESOLUTION,DOWN,MARKET_END,14,14,1.0000,7.1325,7,0.8146,7,0.2043,7,1.0189,-0.1325,0.00,0.0000,0.0000,-0.1323,90.80,RESOLVED,,,,,,,
2025-12-21T07:15:08.975913+00:00,btc-updown-15m-1766301300,TRADE,UP,DIR_AVERAGE_DOWN,1,1,0.5100793009893896,0.5100793009893896,1.0,0.5100793009893896,0.0,0.0,0,0,0.0,1.0,0,0,0,90.30,SUCCESS,BULLISH,average_down,2,88116.15,88116.15,0.0,0.01090158319175406
2025-12-21T07:15:41.575394+00:00,btc-updown-15m-1766301300,TRADE,UP,DIR_AVERAGE_DOWN,1,1,0.4198027061966951,0.4198027061966951,2.0,0.46494100359304236,0.0,0.0,0,0,0.0,2.0,0,0,0,89.88,SUCCESS,BULLISH,average_down,2,88103.65,88116.15,-0.014185821781818658,106.33906424017017
2025-12-21T07:25:04.640284+00:00,btc-updown-15m-1766301300,TRADE,DOWN,DIR_EMERGENCY,2,2,0.4301992884933503,0.8603985769867006,2.0,0.46494100359304236,2.0,0.4301992884933503,2,0.8951402920863927,0.20971941582721465,0.0,0,0,0,89.02,SUCCESS,BULLISH,emergency,2,88115.5,88116.15,-0.0007376627326479645,100.97009190835338
2025-12-21T07:25:10.082337+00:00,btc-updown-15m-1766301300,TRADE,UP,DIR_AVERAGE_DOWN,1,1,0.5601436280478979,0.5601436280478979,3.0,0.49667521174466084,2.0,0.4301992884933503,2,0.9268745002380112,0.14625099952397758,1.0,0,0,0,88.46,SUCCESS,BULLISH,average_down,2,88115.5,88116.15,-0.0007376627326479645,100.43521221864103
2025-12-21T07:25:15.509418+00:00,btc-updown-15m-1766301300,TRADE,DOWN,DIR_EMERGENCY,1,1,0.44015371000820774,0.44015371000820774,3.0,0.49667521174466084,3.0,0.4335174289983028,3,0.9301926407429637,0.20942207777110888,0.0,0,0,0,88.02,SUCCESS,BULLISH,emergency,2,88115.5,88116.15,-0.0007376627326479645,105.74848460385905
2025-12-21T07:25:20.974014+00:00,btc-updown-15m-1766301300,TRADE,UP,DIR_AVERAGE_DOWN,1,1,0.5602503189376515,0.5602503189376515,4.0,0.5125689885429086,3.0,0.4335174289983028,3,0.9460864175412114,0.1617407473763659,1.0,0,0,0,87.46,SUCCESS,BULLISH,average_down,2,88115.51,88116.15,-0.0007263140752284547,99.7866297847377
2025-12-21T07:25:26.532873+00:00,btc-updown-15m-1766301300,TRADE,DOWN,DIR_EMERGENCY,1,1,0.4601532225290106,0.4601532225290106,4.0,0.5125689885429086,4.0,0.44017637738097976,4,0.9527453659238883,0.18901853630444698,0.0,0,0,0,87.00,SUCCESS,BULLISH,emergency,2,88115.51,88116.15,-0.0007263140752284547,96.70778888956039
2025-12-21T07:25:31.982723+00:00,btc-updown-15m-1766301300,TRADE,UP,DIR_AVERAGE_DOWN,1,1,0.5500695908548233,0.5500695908548233,5.0,0.5200691090052916,4.0,0.44017637738097976,4,0.9602454863862713,0.1590180544549149,1.0,0,0,0,86.45,SUCCESS,BULLISH,average_down,2,88115.5,88116.15,-0.0007376627326479645,96.54375742236626
2025-12-21T07:25:37.417756+00:00,btc-updown-15m-1766301300,TRADE,DOWN,DIR_EMERGENCY,1,1,0.4600306782365014,0.4600306782365014,5.0,0.5200691090052916,5.0,0.44414723755208413,5,0.9642163465573756,0.17891826721312176,0.0,0,0,0,85.99,SUCCESS,BULLISH,emergency,2,88115.5,88116.15,-0.0007376627326479645,97.89760851079541
2025-12-21T07:25:48.371979+00:00,btc-updown-15m-1766301300,TRADE,UP,DIR_AVERAGE_DOWN,1,1,0.5602065135602903,0.5602065135602903,6.0,0.5267586764311246,5.0,0.44414723755208413,5,0.9709059139832088,0.145470430083956,1.0,0,0,0,85.43,SUCCESS,BULLISH,average_down,2,88115.5,88116.15,-0.0007376627326479645,94.1309417050965
2025-12-21T07:25:53.843872+00:00,btc-updown-15m-1766301300,TRADE,DOWN,DIR_EMERGENCY,1,1,0.46001453529333197,0.46001453529333197,6.0,0.5267586764311246,6.0,0.44679178717562545,6,0.97355046360675,0.1586972183594999,0.0,0,0,0,84.97,SUCCESS,BULLISH,emergency,2,88115.51,88116.15,-0.0007263140752284547,93.59893508131415
2025-12-21T07:26:04.871928+00:00,btc-updown-15m-1766301300,TRADE,UP,DIR_AVERAGE_DOWN,1,1,0.5901888897730095,0.5901888897730095,7.0,0.5358201354799653,6.0,0.44679178717562545,6,0.9826119226555907,0.10432846406645568,1.0,0,0,0,84.38,SUCCESS,BULLISH,average_down,2,88115.5,88116.15,-0.0007376627326479645,92.83263436017329
2025-12-21T07:26:10.356105+00:00,btc-updown-15m-1766301300,TRADE,DOWN,DIR_EMERGENCY,1,1,0.4100412123497595,0.4100412123497595,7.0,0.5358201354799653,7.0,0.4415417050576446,7,0.9773618405376099,0.15846711623673082,0.0,0,0,0,83.97,SUCCESS,BULLISH,emergency,2,88115.5,88116.15,-0.0007376627326479645,92.22382050558296
2025-12-21T07:26:15.840786+00:00,btc-updown-15m-1766301300,TRADE,UP,DIR_AVERAGE_DOWN,1,1,0.5902768296546006,0.5902768296546006,8.0,0.5426272222517947,7.0,0.4415417050576446,7,0.9841689273094394,0.11081750883392427,1.0,0,0,0,83.38,SUCCESS,BULLISH,average_down,2,88115.5,88116.15,-0.0007376627326479645,90.96063555621632
2025-12-21T07:26:21.335163+00:00,btc-updown-15m-1766301300,TRADE,DOWN,DIR_EMERGENCY,1,1,0.4401622848592879,0.4401622848592879,8.0,0.5426272222517947,8.0,0.44136927753285005,8,0.9839964997846448,0.1280280017228419,0.0,0,0,0,82.94,SUCCESS,BULLISH,emergency,2,88115.51,88116.15,-0.0007263140752284547,94.41765213919939
2025-12-21T07:26:26.835576+00:00,btc-updown-15m-1766301300,TRADE,UP,DIR_AVERAGE_DOWN,1,1,0.6002730779513511,0.6002730779513511,9.0,0.5490323173295232,8.0,0.44136927753285005,8,0.9904015948623732,0.0767872411010142,1.0,0,0,0,82.34,SUCCESS,BULLISH,average_down,2,88115.5,88116.15,-0.0007376627326479645,96.3430131446774
2025-12-21T07:26:32.325554+00:00,btc-updown-15m-1766301300,TRADE,DOWN,DIR_EMERGENCY,1,1,0.390187469159991,0.390187469159991,9.0,0.5490323173295232,9.0,0.4356824099358657,9,0.9847147272653889,0.1375674546115,0.0,0,0,0,81.95,SUCCESS,BULLISH,emergency,2,88115.5,88116.15,-0.0007376627326479645,101.43849728422563
2025-12-21T07:26:43.238502+00:00,btc-updown-15m-1766301300,TRADE,UP,DIR_AVERAGE_DOWN,1,1,0.5901053311755066,0.5901053311755066,10.0,0.5531396187141215,9.0,0.4356824099358657,9,0.9888220286499873,0.10060174215011475,1.0,0,0,0,81.36,SUCCESS,BULLISH,average_down,2,88115.5,88116.15,-0.0007376627326479645,97.04919280385845
2025-12-21T07:26:59.636672+00:00,btc-updown-15m-1766301300,TRADE,DOWN,DIR_EMERGENCY,1,1,0.39001643569923744,0.39001643569923744,10.0,0.5531396187141215,10.0,0.4311158125122029,10,0.9842554312263244,0.15744568773675582,0.0,0,0,0,80.97,SUCCESS,BULLISH,emergency,2,88115.51,88116.15,-0.0007263140752284547,100.01772779943668
2025-12-21T07:27:10.585098+00:00,btc-updown-15m-1766301300,TRADE,UP,DIR_AVERAGE_DOWN,1,1,0.6101827300784552,0.6101827300784552,11.0,0.5583253561108792,10.0,0.4311158125122029,10,0.9894411686230821,0.10558831376917932,1.0,0,0,0,80.36,SUCCESS,BULLISH,average_down,2,88115.51,88116.15,-0.0007263140752284547,99.33768222170487
2025-12-21T07:27:21.676199+00:00,btc-updown-15m-1766301300,TRADE,DOWN,DIR_EMERGENCY,1,1,0.12000013112868607,0.12000013112868607,11.0,0.5583253561108792,11.0,0.40283256875006496,11,0.9611579248609441,0.427262826529615,0.0,0,0,0,80.24,SUCCESS,BULLISH,emergency,2,88124.29,88116.15,0.009237807144319649,45.329102581530314
2025-12-21T07:27:32.719480+00:00,btc-updown-15m-1766301300,TRADE,UP,DIR_AVERAGE_DOWN,1,1,0.8403295553129768,0.8403295553129768,12.0,0.5818257060443873,11.0,0.40283256875006496,11,0.9846582747944523,0.1687589772610243,1.0,0,0,0,79.40,SUCCESS,BULLISH,average_down,2,88124.29,88116.15,0.009237807144319649,45.936036157547775
2025-12-21T07:27:38.261841+00:00,btc-updown-15m-1766301300,TRADE,DOWN,DIR_EMERGENCY,1,1,0.16007681335578774,0.16007681335578774,12.0,0.5818257060443873,12.0,0.38260292246720856,12,0.9644286285115959,0.4268564578608487,0.0,0,0,0,79.24,SUCCESS,BULLISH,emergency,2,88124.3,88116.15,0.009249155801755672,45.82358649592275
2025-12-21T07:27:43.731485+00:00,btc-updown-15m-1766301300,TRADE,UP,DIR_AVERAGE_DOWN,1,1,0.8702131909145839,0.8702131909145839,13.0,0.6040093587267101,12.0,0.38260292246720856,12,0.9866122811939186,0.16065262567297633,1.0,0,0,0,78.37,SUCCESS,BULLISH,average_down,2,88124.3,88116.15,0.009249155801755672,45.64957727143781
2025-12-21T07:27:49.189359+00:00,btc-updown-15m-1766301300,TRADE,DOWN,DIR_EMERGENCY,1,1,0.16003883665059188,0.16003883665059188,13.0,0.6040093587267101,13.0,0.36548260817362266,13,0.9694919669003328,0.3966044302956737,0.0,0,0,0,78.21,SUCCESS,BULLISH,emergency,2,88124.29,88116.15,0.009237807144319649,45.502766088606805
2025-12-21T07:27:54.670337+00:00,btc-updown-15m-1766301300,TRADE,UP,DIR_AVERAGE_DOWN,1,1,0.8501593966922615,0.8501593966922615,14.0,0.621591504295678,13.0,0.36548260817362266,13,0.9870741124693007,0.16803653789909145,1.0,0,0,0,77.36,SUCCESS,BULLISH,average_down,2,88124.3,88116.15,0.009249155801755672,44.95144886537667
2025-12-21T07:28:00.278329+00:00,btc-updown-15m-1766301300,TRADE,DOWN,DIR_EMERGENCY,1,1,0.30014166451369945,0.30014166451369945,14.0,0.621591504295678,14.0,0.3608153979121996,14,0.9824069022078776,0.24630336908971318,0.0,0,0,0,77.06,SUCCESS,BULLISH,emergency,2,88124.29,88116.15,0.009237807144319649,44.717466106361904
2025-12-21T07:28:05.790766+00:00,btc-updown-15m-1766301300,TRADE,UP,DIR_AVERAGE_DOWN,1,1,0.4400326111848727,0.4400326111848727,15.0,0.609487578088291,14.0,0.3608153979121996,14,0.9703029760004906,0.41575833599313095,1.0,0,0,0,76.62,SUCCESS,BULLISH,average_down,2,88118.73,88116.15,0.0029279536157693527,15.87093507125443
2025-12-21T07:28:11.236878+00:00,btc-updown-15m-1766301300,TRADE,DOWN,DIR_EMERGENCY,1,1,0.5500270294415387,0.5500270294415387,15.0,0.609487578088291,15.0,0.3734295066808222,15,0.9829170847691132,0.2562437284633018,0.0,0,0,0,76.07,SUCCESS,BULLISH,emergency,2,88118.73,88116.15,0.0029279536157693527,15.819431540105908
2025-12-21T07:30:01.818891+00:00,btc-updown-15m-1766301300,RESOLUTION,DOWN,MARKET_END,30,30,1.0000,14.7438,15,0.6095,15,0.3734,15,0.9829,0.2562,0.00,0.0000,0.0000,0.2562,91.06,RESOLVED,,,,,,,
2025-12-21T07:30:09.023775+00:00,btc-updown-15m-1766302200,TRADE,UP,DIR_AVERAGE_DOWN,1,1,0.49008207487654354,0.49008207487654354,1.0,0.49008207487654354,0.0,0.0,0,0,0.0,1.0,0,0,0,90.58,SUCCESS,BULLISH,average_down,2,88109.12,88109.12,0.0,0.23521314243819744
2025-12-21T07:31:14.424499+00:00,btc-updown-15m-1766302200,TRADE,UP,DIR_AVERAGE_DOWN,1,1,0.4101692115196335,0.4101692115196335,2.0,0.4501256431980885,0.0,0.0,0,0,0.0,2.0,0,0,0,90.17,SUCCESS,BULLISH,average_down,2,88096.24,88109.12,-0.01461823702244456,118.41515976172313
2025-12-21T07:40:05.522608+00:00,btc-updown-15m-1766302200,TRADE,DOWN,DIR_EMERGENCY,2,2,0.3600272385043702,0.7200544770087404,2.0,0.4501256431980885,2.0,0.3600272385043702,2,0.8101528817024587,0.3796942365950826,0.0,0,0,0,89.45,SUCCESS,BULLISH,emergency,2,88114.98,88109.12,0.006650843862701821,913.4093479348679
2025-12-21T07:40:11.025957+00:00,btc-updown-15m-1766302200,TRADE,UP,DIR_AVERAGE_DOWN,1,1,0.6102470894884076,0.6102470894884076,3.0,0.5034994586281948,2.0,0.3600272385043702,2,0.863526697132565,0.27294660573486995,1.0,0,0,0,88.83,SUCCESS,BULLISH,average_down,2,88114.98,88109.12,0.006650843862701821,861.8544410615519
2025-12-21T07:40:16.500804+00:00,btc-updown-15m-1766302200,TRADE,DOWN,DIR_EMERGENCY,1,1,0.2899763048227553,0.2899763048227553,3.0,0.5034994586281948,3.0,0.33667692727716525,3,0.84017638590536,0.4794708422839199,0.0,0,0,0,88.54,SUCCESS,BULLISH,emergency,2,88114.97,88109.12,0.006639494299802133,944.3011616199661
2025-12-21T07:40:21.964946+00:00,btc-updown-15m-1766302200,TRADE,UP,DIR_AVERAGE_DOWN,1,1,0.770050439297191,0.770050439297191,4.0,0.5701372037954439,3.0,0.33667692727716525,3,0.9068141310726091,0.2795576067821727,1.0,0,0,0,87.77,SUCCESS,BULLISH,average_down,2,88114.98,88109.12,0.006650843862701821,1023.7829202906705
2025-12-21T07:40:27.539294+00:00,btc-updown-15m-1766302200,TRADE,DOWN,DIR_EMERGENCY,1,1,0.29002222832994307,0.29002222832994307,4.0,0.5701372037954439,4.0,0.32501325254035973,4,0.8951504563358036,0.41939817465678564,0.0,0,0,0,87.48,SUCCESS,BULLISH,emergency,2,88114.97,88109.12,0.006639494299802133,1051.3585874230284
2025-12-21T07:40:33.023544+00:00,btc-updown-15m-1766302200,TRADE,UP,DIR_AVERAGE_DOWN,1,1,0.7200007041789369,0.7200007041789369,5.0,0.6001099038721425,4.0,0.32501325254035973,4,0.9251231564125022,0.2995073743499912,1.0,0,0,0,86.76,SUCCESS,BULLISH,average_down,2,88114.98,88109.12,0.006650843862701821,1085.8442562193698
2025-12-21T07:40:38.512832+00:00,btc-updown-15m-1766302200,TRADE,DOWN,DIR_EMERGENCY,1,1,0.32013829456223103,0.32013829456223103,5.0,0.6001099038721425,5.0,0.324038260944734,5,0.9241481648168764,0.37925917591561775,0.0,0,0,0,86.44,SUCCESS,BULLISH,emergency,2,88114.97,88109.12,0.006639494299802133,1096.4203326907118
2025-12-21T07:40:49.497017+00:00,btc-updown-15m-1766302200,TRADE,UP,DIR_AVERAGE_DOWN,1,1,0.6797788574030124,0.6797788574030124,6.0,0.6133880627939541,5.0,0.324038260944734,5,0.9374263237386881,0.3128683813065597,1.0,0,0,0,85.76,SUCCESS,BULLISH,average_down,2,88114.97,88109.12,0.006639494299802133,1132.9229089715507
2025-12-21T07:40:55.068316+00:00,btc-updown-15m-1766302200,TRADE,DOWN,DIR_EMERGENCY,1,1,0.3101344914392666,0.3101344914392666,6.0,0.6133880627939541,6.0,0.3217209660271561,6,0.9351090288211101,0.3893458270733392,0.0,0,0,0,85.45,SUCCESS,BULLISH,emergency,2,88114.97,88109.12,0.006639494299802133,1125.3447442610877
2025-12-21T07:41:05.992993+00:00,btc-updown-15m-1766302200,TRADE,UP,DIR_AVERAGE_DOWN,1,1,0.7000506880702219,0.7000506880702219,7.0,0.625768437833421,6.0,0.3217209660271561,6,0.947489403860577,0.31506357683653796,1.0,0,0,0,84.75,SUCCESS,BULLISH,average_down,2,88114.98,88109.12,0.006650843862701821,1074.5595486555578
2025-12-21T07:41:11.451618+00:00,btc-updown-15m-1766302200,TRADE,DOWN,DIR_EMERGENCY,1,1,0.3101391162836782,0.3101391162836782,7.0,0.625768437833421,7.0,0.3200664160638021,7,0.945834853897223,0.37915602271943905,0.0,0,0,0,84.44,SUCCESS,BULLISH,emergency,2,88114.97,88109.12,0.006639494299802133,1087.6880853750824
2025-12-21T07:41:28.015301+00:00,btc-updown-15m-1766302200,TRADE,UP,DIR_AVERAGE_DOWN,1,1,0.7403263847090292,0.7403263847090292,8.0,0.640088181192872,7.0,0.3200664160638021,7,0.9601545972566741,0.2789178192032815,1.0,0,0,0,83.70,SUCCESS,BULLISH,average_down,2,88114.98,88109.12,0.006650843862701821,1247.6290398510778
2025-12-21T07:41:33.505490+00:00,btc-updown-15m-1766302200,TRADE,DOWN,DIR_EMERGENCY,1,1,0.1800175834326059,0.1800175834326059,8.0,0.640088181192872,8.0,0.3025603119849026,8,0.9426484931777745,0.4588120545778036,0.0,0,0,0,83.52,SUCCESS,BULLISH,emergency,2,88114.97,88109.12,0.006639494299802133,1302.1690454361196
2025-12-21T07:41:44.432653+00:00,btc-updown-15m-1766302200,TRADE,UP,DIR_AVERAGE_DOWN,1,1,0.7901600568154478,0.7901600568154478,9.0,0.6567628340398248,8.0,0.3025603119849026,8,0.9593231460247273,0.3254148318021812,1.0,0,0,0,82.73,SUCCESS,BULLISH,average_down,2,88114.98,88109.12,0.006650843862701821,1408.3236393126906
2025-12-21T07:41:50.010497+00:00,btc-updown-15m-1766302200,TRADE,DOWN,DIR_EMERGENCY,1,1,0.20000916470582433,0.20000916470582433,9.0,0.6567628340398248,9.0,0.29116574006500495,9,0.9479285741048298,0.468642833056532,0.0,0,0,0,82.53,SUCCESS,BULLISH,emergency,2,88115.58,88109.12,0.00733181763704643,238.61199479861472
2025-12-21T07:41:55.509473+00:00,btc-updown-15m-1766302200,TRADE,UP,DIR_AVERAGE_DOWN,1,1,0.820192195597876,0.820192195597876,10.0,0.67310577019563,9.0,0.29116574006500495,9,0.964271510260635,0.3215564076542854,1.0,0,0,0,81.71,SUCCESS,BULLISH,average_down,2,88115.58,88109.12,0.00733181763704643,239.68400342383458
2025-12-21T07:42:00.984888+00:00,btc-updown-15m-1766302200,TRADE,DOWN,DIR_EMERGENCY,1,1,0.19003098178448619,0.19003098178448619,10.0,0.67310577019563,10.0,0.2810522642369531,10,0.9541580344325831,0.4584196556741693,0.0,0,0,0,81.52,SUCCESS,BULLISH,emergency,2,88115.59,88109.12,0.007343167199946117,244.83571523251442
2025-12-21T07:42:06.459131+00:00,btc-updown-15m-1766302200,TRADE,UP,DIR_AVERAGE_DOWN,1,1,0.8703239427009571,0.8703239427009571,11.0,0.6910346949688416,10.0,0.2810522642369531,10,0.9720869592057948,0.279130407942052,1.0,0,0,0,80.65,SUCCESS,BULLISH,average_down,2,88118.73,88109.12,0.010906929952314338,128.2998479894883
2025-12-21T07:42:11.938322+00:00,btc-updown-15m-1766302200,TRADE,DOWN,DIR_EMERGENCY,1,1,0.11000037505120452,0.11000037505120452,11.0,0.6910346949688416,11.0,0.26550209249279416,11,0.9565367874616357,0.478095337922007,0.0,0,0,0,80.54,SUCCESS,BULLISH,emergency,2,88118.73,88109.12,0.010906929952314338,127.72452836810729
2025-12-21T07:42:39.494719+00:00,btc-updown-15m-1766302200,TRADE,UP,DIR_AVERAGE_DOWN,1,1,0.8703952545431579,0.8703952545431579,12.0,0.7059814082667013,11.0,0.26550209249279416,11,0.9714835007594955,0.31368149164554926,1.0,0,0,0,79.67,SUCCESS,BULLISH,average_down,2,88118.72,88109.12,0.01089558038941465,113.40761819755784
2025-12-21T07:42:45.061420+00:00,btc-updown-15m-1766302200,TRADE,DOWN,DIR_EMERGENCY,1,1,0.09002145554093455,0.09002145554093455,12.0,0.7059814082667013,12.0,0.2508787060801392,12,0.9568601143468405,0.5176786278379142,0.0,0,0,0,79.58,SUCCESS,BULLISH,emergency,2,88130.53,88109.12,0.024299414180965026,161.63872905925643
2025-12-21T07:43:34.491706+00:00,btc-updown-15m-1766302200,TRADE,UP,DIR_AVERAGE_DOWN,1,1,0.19009240653086448,0.19009240653086448,13.0,0.6662976389024061,12.0,0.2508787060801392,12,0.9171763449825453,0.9938838602094564,1.0,0,0,0,79.39,SUCCESS,BULLISH,average_down,2,88096.66,88109.12,-0.014141555380409941,39.52689575828996
2025-12-21T07:45:02.311238+00:00,btc-updown-15m-1766302200,RESOLUTION,UP,MARKET_END,25,25,1.0000,11.6724,13,0.6663,12,0.2509,12,0.9172,0.9939,0.08,0.0000,0.0000,1.3273,92.39,RESOLVED,,,,,,,
2025-12-21T07:45:09.448948+00:00,btc-updown-15m-1766303100,TRADE,DOWN,DIR_AVERAGE_DOWN,1,1,0.4700063369240891,0.4700063369240891,0.0,0.0,1.0,0.4700063369240891,0,0,0.0,1.0,0,0,0,91.92,SUCCESS,BEARISH,average_down,3,88063.42,88063.42,0.0,0.12675023593203882
2025-12-21T07:47:30.903835+00:00,btc-updown-15m-1766303100,TRADE,DOWN,DIR_AVERAGE_DOWN,1,1,0.35012042135897514,0.35012042135897514,0.0,0.0,2.0,0.4100633791415321,0,0,0.0,2.0,0,0,0,91.57,SUCCESS,BEARISH,average_down,3,88072.45,88063.42,0.01025397378389215,58.232446043912375
2025-12-21T07:48:42.077619+00:00,btc-updown-15m-1766303100,TRADE,DOWN,DIR_AVERAGE_DOWN,1,1,0.31014429468810467,0.31014429468810467,0.0,0.0,3.0,0.37675701765705627,0,0,0.0,3.0,0,0,0,91.26,SUCCESS,BEARISH,average_down,3,88087.25,88063.42,0.027060043773001034,3860.276419480431
2025-12-21T07:48:47.492360+00:00,btc-updown-15m-1766303100,TRADE,DOWN,DIR_ACCUMULATE,1,1,0.31008610548251403,0.31008610548251403,0.0,0.0,4.0,0.3600892896134207,0,0,0.0,4.0,0,0,0,90.95,SUCCESS,BEARISH,accumulate,3,88087.25,88063.42,0.027060043773001034,3929.322383966756
2025-12-21T07:48:53.129156+00:00,btc-updown-15m-1766303100,TRADE,DOWN,DIR_ACCUMULATE,1,1,0.30010268550915115,0.30010268550915115,0.0,0.0,5.0,0.34809196879256676,0,0,0.0,5.0,0,0,0,90.65,SUCCESS,BEARISH,accumulate,3,88087.25,88063.42,0.027060043773001034,3929.322383966756
2025-12-21T07:48:58.548515+00:00,btc-updown-15m-1766303100,TRADE,DOWN,DIR_ACCUMULATE,1,1,0.2600880920707362,0.2600880920707362,0.0,0.0,6.0,0.33342465600559495,0,0,0.0,6.0,0,0,0,90.39,SUCCESS,BEARISH,accumulate,3,88093.05,88063.42,0.03364620633630247,282.24906725334057
2025-12-21T07:49:09.392620+00:00,btc-updown-15m-1766303100,TRADE,UP,DIR_REBALANCE,5,5,0.8503392946335516,4.251696473167758,5.0,0.8503392946335516,6.0,0.33342465600559495,5,1.1837639506391466,-0.9188197531957332,1.0,0,0,0,86.14,SUCCESS,BEARISH,rebalance,3,88104.85,88063.42,0.04704564051680887,316.5192741077309
2025-12-21T07:49:14.832330+00:00,btc-updown-15m-1766303100,TRADE,DOWN,DIR_AVERAGE_DOWN,1,1,0.20997193645677922,0.20997193645677922,5.0,0.8503392946335516,7.0,0.315788553212907,5,1.1661278478464587,-0.8306392392322937,2.0,0,0,0,85.93,SUCCESS,BEARISH,average_down,3,88104.86,88063.42,0.047056995969498264,320.7951522710555
2025-12-21T07:49:52.972500+00:00,btc-updown-15m-1766303100,TRADE,DOWN,DIR_AVERAGE_DOWN,1,1,0.17008072088968032,0.17008072088968032,5.0,0.8503392946335516,8.0,0.2975750741725037,5,1.1479143688060554,-0.7395718440302768,3.0,0,0,0,85.76,SUCCESS,BEARISH,average_down,3,88100.05,88063.42,0.041595023223041594,200.81317912981638
2025-12-21T07:49:58.400567+00:00,btc-updown-15m-1766303100,TRADE,DOWN,DIR_ACCUMULATE,1,1,0.15002284846228112,0.15002284846228112,5.0,0.8503392946335516,9.0,0.2811803824269234,5,1.131519677060475,-0.6575983853023748,4.0,0,0,0,85.61,SUCCESS,BEARISH,accumulate,3,88108.9,88063.42,0.051644598858409003,251.0884152443588
2025-12-21T07:50:03.816298+00:00,btc-updown-15m-1766303100,TRADE,DOWN,DIR_ACCUMULATE,1,1,0.11001907262096311,0.11001907262096311,5.0,0.8503392946335516,10.0,0.26406425144632734,5,1.114403546079879,-0.5720177303993945,5.0,0,0,0,85.50,SUCCESS,BEARISH,accumulate,3,88127.4,88063.42,0.07265218634479098,386.3658939164736
2025-12-21T07:50:09.231147+00:00,btc-updown-15m-1766303100,TRADE,DOWN,DIR_ACCUMULATE,1,1,0.11000445906599744,0.11000445906599744,5.0,0.8503392946335516,11.0,0.2500588157753883,5,1.10039811040894,-0.5019905520446999,6.0,0,0,0,85.39,SUCCESS,BEARISH,accumulate,3,88127.4,88063.42,0.07265218634479098,386.3667263452665
2025-12-21T07:50:14.669850+00:00,btc-updown-15m-1766303100,TRADE,UP,DIR_REBALANCE,5,2,0.9002627009863021,1.8005254019726042,7.0,0.8646031250200518,11.0,0.2500588157753883,7,1.1146619407954401,-0.8026335855680808,4.0,0,0,0,83.59,SUCCESS,BEARISH,rebalance,3,88127.41,88063.42,0.0726635417974969,385.0617003472309
2025-12-21T07:50:20.083815+00:00,btc-updown-15m-1766303100,TRADE,DOWN,DIR_ACCUMULATE,1,1,0.11002102038707352,0.11002102038707352,7.0,0.8646031250200518,12.0,0.23838899949302872,7,1.1029921245130805,-0.7209448715915634,5.0,0,0,0,83.48,SUCCESS,BEARISH,accumulate,3,88127.4,88063.42,0.07265218634479098,409.71994639152473
2025-12-21T07:50:25.494534+00:00,btc-updown-15m-1766303100,TRADE,DOWN,DIR_ACCUMULATE,1,1,0.11004664372862465,0.11004664372862465,7.0,0.8646031250200518,13.0,0.22851651058807457,7,1.0931196356081263,-0.6518374492568841,6.0,0,0,0,83.37,SUCCESS,BEARISH,accumulate,3,88127.41,88063.42,0.0726635417974969,411.51451439602937
2025-12-21T07:50:31.025056+00:00,btc-updown-15m-1766303100,TRADE,UP,DIR_REBALANCE,5,5,0.9001648462243911,4.500824231121955,12.0,0.8794205088551932,13.0,0.22851651058807457,12,1.1079370194432678,-1.295244233319214,1.0,0,0,0,78.87,SUCCESS,BULLISH,rebalance,4,88127.41,88063.42,0.0726635417974969,411.6866349673123
2025-12-21T08:00:03.232883+00:00,btc-updown-15m-1766303100,RESOLUTION,DOWN,MARKET_END,25,25,1.0000,13.5238,12,0.8794,13,0.2285,12,1.1079,-1.2952,0.08,0.0000,0.0000,-0.5233,91.87,RESOLVED,,,,,,,
2025-12-21T08:00:10.424111+00:00,btc-updown-15m-1766304000,TRADE,UP,DIR_AVERAGE_DOWN,1,1,0.490017008773935,0.490017008773935,1.0,0.490017008773935,0.0,0.0,0,0,0.0,1.0,0,0,0,91.38,SUCCESS,BULLISH,average_down,4,88174.78,88174.78,0.0,0.059977104670598885
2025-12-21T08:01:42.727894+00:00,btc-updown-15m-1766304000,TRADE,UP,DIR_AVERAGE_DOWN,1,1,0.43001810705518395,0.43001810705518395,2.0,0.46001755791455945,0.0,0.0,0,0,0.0,2.0,0,0,0,90.95,SUCCESS,BULLISH,average_down,4,88174.29,88174.78,-0.0005557144571330245,4.399206654701383
2025-12-21T08:04:20.597026+00:00,btc-updown-15m-1766304000,TRADE,UP,DIR_AVERAGE_DOWN,1,1,0.38004761026501216,0.38004761026501216,3.0,0.43336090869804367,0.0,0.0,0,0,0.0,3.0,0,0,0,90.57,SUCCESS,BULLISH,average_down,4,88165.27,88174.78,-0.01078539691280745,57.19522255778781
2025-12-21T08:04:26.194079+00:00,btc-updown-15m-1766304000,TRADE,UP,DIR_ACCUMULATE,1,1,0.3700215411146616,0.3700215411146616,4.0,0.41752606680219817,0.0,0.0,0,0,0.0,4.0,0,0,0,90.20,SUCCESS,BULLISH,accumulate,4,88165.26,88174.78,-0.010796738024187954,57.432310780375325
2025-12-21T08:04:31.681807+00:00,btc-updown-15m-1766304000,TRADE,UP,DIR_ACCUMULATE,1,1,0.35006670680891655,0.35006670680891655,5.0,0.40403419480354186,0.0,0.0,0,0,0.0,5.0,0,0,0,89.85,SUCCESS,BULLISH,accumulate,4,88165.26,88174.78,-0.010796738024187954,735.2667943808412
2025-12-21T08:04:37.191498+00:00,btc-updown-15m-1766304000,TRADE,UP,DIR_ACCUMULATE,1,1,0.35017480060017503,0.35017480060017503,6.0,0.39505762910298076,0.0,0.0,0,0,0.0,6.0,0,0,0,89.50,SUCCESS,BULLISH,accumulate,4,88165.27,88174.78,-0.01078539691280745,729.2846411042326
2025-12-21T08:04:42.639074+00:00,btc-updown-15m-1766304000,TRADE,DOWN,DIR_REBALANCE,5,5,0.640118058182694,3.20059029091347,6.0,0.39505762910298076,5.0,0.640118058182694,5,1.0351756872856748,-0.17587843642837386,1.0,0,0,0,86.30,SUCCESS,BULLISH,rebalance,4,88165.26,88174.78,-0.010796738024187954,1567.4654068732873
2025-12-21T08:04:48.454618+00:00,btc-updown-15m-1766304000,TRADE,UP,DIR_AVERAGE_DOWN,1,1,0.35994239223405866,0.35994239223405866,7.0,0.39004116669313477,5.0,0.640118058182694,5,1.0301592248758287,-0.15079612437914336,2.0,0,0,0,85.94,SUCCESS,BULLISH,average_down,4,88165.27,88174.78,-0.01078539691280745,1627.9614361090219
2025-12-21T08:08:07.762635+00:00,btc-updown-15m-1766304000,TRADE,UP,DIR_AVERAGE_DOWN,1,1,0.2900652545033403,0.2900652545033403,8.0,0.37754417766941045,5.0,0.640118058182694,5,1.0176622358521044,-0.08831117926052179,3.0,0,0,0,85.65,SUCCESS,BULLISH,average_down,4,88161.28,88174.78,-0.015310500349419642,142.98323317343932
2025-12-21T08:08:13.341919+00:00,btc-updown-15m-1766304000,TRADE,UP,DIR_ACCUMULATE,1,1,0.270055324519288,0.270055324519288,9.0,0.3656009717638413,5.0,0.640118058182694,5,1.0057190299465353,-0.028595149732676406,4.0,0,0,0,85.38,SUCCESS,BULLISH,accumulate,4,88155.96,88174.78,-0.02134397159821939,192.5712157209398
2025-12-21T08:08:18.818923+00:00,btc-updown-15m-1766304000,TRADE,UP,DIR_ACCUMULATE,1,1,0.20008376433975583,0.20008376433975583,10.0,0.34904925102143275,5.0,0.640118058182694,5,0.9891673092041267,0.05416345397936673,5.0,0,0,0,85.18,SUCCESS,BULLISH,accumulate,4,88148.21,88174.78,-0.03013333290992326,257.70707972093055
2025-12-21T08:08:24.284246+00:00,btc-updown-15m-1766304000,TRADE,UP,DIR_ACCUMULATE,1,1,0.17003270675572169,0.17003270675572169,11.0,0.33277501972454987,5.0,0.640118058182694,5,0.9728930779072438,0.13553461046378112,6.0,0,0,0,85.01,SUCCESS,BULLISH,accumulate,4,88141.88,88174.78,-0.03731225640709756,274.45561507403244
2025-12-21T08:08:29.777959+00:00,btc-updown-15m-1766304000,TRADE,DOWN,DIR_REBALANCE,5,5,0.8000728611679799,4.000364305839899,11.0,0.33277501972454987,10.0,0.720095459675337,10,1.0528704793998869,-0.5287047939988687,1.0,0,0,0,81.01,SUCCESS,BULLISH,rebalance,4,88141.87,88174.78,-0.037323597518478066,298.4996876902862
2025-12-21T08:08:35.294760+00:00,btc-updown-15m-1766304000,TRADE,UP,DIR_AVERAGE_DOWN,1,1,0.20003083681328207,0.20003083681328207,12.0,0.32171300448194423,10.0,0.720095459675337,10,1.0418084641572811,-0.4180846415728112,2.0,0,0,0,80.81,SUCCESS,BULLISH,average_down,4,88141.87,88174.78,-0.037323597518478066,285.29981325874365
2025-12-21T08:15:00.636268+00:00,btc-updown-15m-1766304000,RESOLUTION,UP,MARKET_END,22,22,1.0000,11.0615,12,0.3217,10,0.7201,10,1.0418,-0.4181,0.17,0.0000,0.0000,0.9386,92.81,RESOLVED,,,,,,,
2025-12-21T08:15:08.514918+00:00,btc-updown-15m-1766304900,TRADE,UP,DIR_AVERAGE_DOWN,1,1,0.5002282357142984,0.5002282357142984,1.0,0.5002282357142984,0.0,0.0,0,0,0.0,1.0,0,0,0,92.31,SUCCESS,BULLISH,average_down,4,88157.49,88157.49,0.0,3.7026928502972745e-08
2025-12-21T08:15:19.460258+00:00,btc-updown-15m-1766304900,TRADE,UP,DIR_AVERAGE_DOWN,1,1,0.42005105361580264,0.42005105361580264,2.0,0.46013964466505053,0.0,0.0,0,0,0.0,2.0,0,0,0,91.89,SUCCESS,BULLISH,average_down,4,88144.49,88157.49,-0.01474633635780692,121.28239181449312
2025-12-21T08:25:01.084415+00:00,btc-updown-15m-1766304900,TRADE,DOWN,DIR_EMERGENCY,2,2,0.05002303081823711,0.10004606163647423,2.0,0.46013964466505053,2.0,0.05002303081823711,2,0.5101626754832876,0.9796746490334247,0.0,0,0,0,91.79,SUCCESS,BULLISH,emergency,4,88229.95,88157.49,0.08219381019127456,141.52895332765632
2025-12-21T08:30:03.086006+00:00,btc-updown-15m-1766304900,RESOLUTION,UP,MARKET_END,4,4,1.0000,1.0203,2,0.4601,2,0.0500,2,0.5102,0.9797,0.00,0.0000,0.0000,0.9797,93.79,RESOLVED,,,,,,,
2025-12-21T08:30:10.466306+00:00,btc-updown-15m-1766305800,TRADE,UP,DIR_AVERAGE_DOWN,1,1,0.42005243373513723,0.42005243373513723,1.0,0.42005243373513723,0.0,0.0,0,0,0.0,1.0,0,0,0,93.37,SUCCESS,BULLISH,average_down,4,88251.19,88251.19,0.0,0.12993137082604822
2025-12-21T08:30:27.019159+00:00,btc-updown-15m-1766305800,TRADE,UP,DIR_AVERAGE_DOWN,1,1,0.3600998855081062,0.3600998855081062,2.0,0.3900761596216217,0.0,0.0,0,0,0.0,2.0,0,0,0,93.01,SUCCESS,BULLISH,average_down,4,88239.99,88251.19,-0.012691046998909692,110.83760346893564
2025-12-21T08:40:02.985593+00:00,btc-updown-15m-1766305800,TRADE,DOWN,DIR_EMERGENCY,2,2,0.03000662172444192,0.06001324344888384,2.0,0.3900761596216217,2.0,0.03000662172444192,2,0.4200827813460636,1.1598344373078728,0.0,0,0,0,92.95,SUCCESS,BULLISH,emergency,4,88391.27,88251.19,0.15872873782212085,639.4057740755753
2025-12-21T08:45:04.853624+00:00,btc-updown-15m-1766305800,RESOLUTION,DOWN,MARKET_END,4,4,1.0000,0.8402,2,0.3901,2,0.0300,2,0.4201,1.1598,0.00,0.0000,0.0000,1.1598,94.95,RESOLVED,,,,,,,
2025-12-21T08:45:11.873011+00:00,btc-updown-15m-1766306700,TRADE,UP,DIR_AVERAGE_DOWN,1,1,0.5102541309212112,0.5102541309212112,1.0,0.5102541309212112,0.0,0.0,0,0,0.0,1.0,0,0,0,94.44,SUCCESS,BULLISH,average_down,4,88623.25,88623.25,0.0,0.0014500704949488886
2025-12-21T08:45:17.311380+00:00,btc-updown-15m-1766306700,TRADE,UP,DIR_AVERAGE_DOWN,1,1,0.45018300911835396,0.45018300911835396,2.0,0.4802185700197826,0.0,0.0,0,0,0.0,2.0,0,0,0,93.99,SUCCESS,BULLISH,average_down,4,88603.93,88623.25,-0.021800148380935008,110.45761847034021
2025-12-21T08:45:33.562485+00:00,btc-updown-15m-1766306700,TRADE,UP,DIR_AVERAGE_DOWN,1,1,0.32001680593541687,0.32001680593541687,3.0,0.42681798199166066,0.0,0.0,0,0,0.0,3.0,0,0,0,93.67,SUCCESS,BULLISH,average_down,4,88551.73,88623.25,-0.08070117040393358,409.7655645189808
2025-12-21T08:45:38.989520+00:00,btc-updown-15m-1766306700,TRADE,UP,DIR_ACCUMULATE,1,1,0.3101340702130439,0.3101340702130439,4.0,0.3976470040470065,0.0,0.0,0,0,0.0,4.0,0,0,0,93.36,SUCCESS,BULLISH,accumulate,4,88539.88,88623.25,-0.09407237942638681,533.1905819040463
2025-12-21T08:45:44.439949+00:00,btc-updown-15m-1766306700,TRADE,UP,DIR_ACCUMULATE,1,1,0.3900659639738375,0.3900659639738375,5.0,0.39613079603237267,0.0,0.0,0,0,0.0,5.0,0,0,0,92.97,SUCCESS,BULLISH,accumulate,4,88564.78,88623.25,-0.06597591489817983,377.0970692424236
2025-12-21T08:45:55.494756+00:00,btc-updown-15m-1766306700,TRADE,UP,DIR_ACCUMULATE,1,1,0.43014200807541875,0.43014200807541875,6.0,0.4017993313728803,0.0,0.0,0,0,0.0,6.0,0,0,0,92.54,SUCCESS,BULLISH,accumulate,4,88585.62,88623.25,-0.04246064097175928,233.52322189034163
2025-12-21T08:46:00.934373+00:00,btc-updown-15m-1766306700,TRADE,DOWN,DIR_REBALANCE,5,5,0.5701837292508423,2.850918646254211,6.0,0.4017993313728803,5.0,0.5701837292508423,5,0.9719830606237225,0.14008469688138736,1.0,0,0,0,89.69,SUCCESS,BULLISH,rebalance,4,88597.64,88623.25,-0.028897608697492565,154.6722172322294
2025-12-21T08:46:06.390388+00:00,btc-updown-15m-1766306700,TRADE,UP,DIR_AVERAGE_DOWN,1,1,0.45003356610367345,0.45003356610367345,7.0,0.40868993633442224,5.0,0.5701837292508423,5,0.9788736655852646,0.10563167207367719,2.0,0,0,0,89.24,SUCCESS,BULLISH,average_down,4,88589.14,88623.25,-0.038488771287444976,195.02116687684378
2025-12-21T08:46:44.571152+00:00,btc-updown-15m-1766306700,TRADE,UP,DIR_AVERAGE_DOWN,1,1,0.3100571320790009,0.3100571320790009,8.0,0.3963608358024946,5.0,0.5701837292508423,5,0.9665445650533369,0.16727717473331571,3.0,0,0,0,88.93,SUCCESS,BULLISH,average_down,4,88549.17,88623.25,-0.08358980290161075,479.80664662367127
2025-12-21T08:46:50.018346+00:00,btc-updown-15m-1766306700,TRADE,UP,DIR_ACCUMULATE,1,1,0.35010463673766234,0.35010463673766234,9.0,0.39122125812862435,5.0,0.5701837292508423,5,0.9614049873794666,0.1929750631026672,4.0,0,0,0,88.58,SUCCESS,BULLISH,accumulate,4,88549.17,88623.25,-0.08358980290161075,479.80691490769186
2025-12-21T08:46:55.480842+00:00,btc-updown-15m-1766306700,TRADE,UP,DIR_ACCUMULATE,1,1,0.3500329896388403,0.3500329896388403,10.0,0.38710243127964594,5.0,0.5701837292508423,5,0.9572861605304882,0.21356919734755897,5.0,0,0,0,88.23,SUCCESS,BULLISH,accumulate,4,88555.04,88623.25,-0.0769662588542018,427.42876392706705
2025-12-21T08:47:00.923817+00:00,btc-updown-15m-1766306700,TRADE,UP,DIR_ACCUMULATE,1,1,0.3300970247247053,0.3300970247247053,11.0,0.38192012159283323,5.0,0.5701837292508423,5,0.9521038508436754,0.23948074578162282,6.0,0,0,0,87.90,SUCCESS,BULLISH,accumulate,4,88555.05,88623.25,-0.07695497513349724,433.91951129089875
2025-12-21T08:47:06.357322+00:00,btc-updown-15m-1766306700,TRADE,DOWN,DIR_REBALANCE,5,5,0.6202768563065114,3.101384281532557,11.0,0.38192012159283323,10.0,0.5952302927786768,10,0.97715041437151,0.22849585628490043,1.0,0,0,0,84.79,SUCCESS,BULLISH,rebalance,4,88569.05,88623.25,-0.061157766161810914,336.78768500510387
2025-12-21T08:47:17.455262+00:00,btc-updown-15m-1766306700,TRADE,DOWN,DIR_AVERAGE_DOWN,1,1,0.5301188755247845,0.5301188755247845,11.0,0.38192012159283323,11.0,0.589311073028323,11,0.9712311946211563,0.31645685916728117,0.0,0,0,0,84.26,SUCCESS,BEARISH,average_down,5,88594.55,88623.25,-0.03238427839195368,176.75822837912094
2025-12-21T09:00:00.091641+00:00,btc-updown-15m-1766306700,RESOLUTION,UP,MARKET_END,22,22,1.0000,10.6835,11,0.3819,11,0.5893,11,0.9712,0.3165,0.00,0.0000,0.0000,0.3165,95.27,RESOLVED,,,,,,,
2025-12-21T09:00:07.592722+00:00,btc-updown-15m-1766307600,TRADE,DOWN,DIR_AVERAGE_DOWN,1,1,0.35002113995711875,0.35002113995711875,0.0,0.0,1.0,0.35002113995711875,0,0,0.0,1.0,0,0,0,94.91,SUCCESS,BEARISH,average_down,5,88598.72,88598.72,0.0,0.21540619555269966
2025-12-21T09:00:18.577926+00:00,btc-updown-15m-1766307600,TRADE,DOWN,DIR_AVERAGE_DOWN,1,1,0.3101395734782406,0.3101395734782406,0.0,0.0,2.0,0.33008035671767966,0,0,0.0,2.0,0,0,0,94.60,SUCCESS,BEARISH,average_down,5,88613.16,88598.72,0.01629820385667234,96.90961609572047
2025-12-21T09:00:45.705922+00:00,btc-updown-15m-1766307600,TRADE,DOWN,DIR_AVERAGE_DOWN,1,1,0.27008514544261325,0.27008514544261325,0.0,0.0,3.0,0.31008195295932417,0,0,0.0,3.0,0,0,0,94.33,SUCCESS,BEARISH,average_down,5,88616.34,88598.72,0.01988742049546014,121.01103274222203
2025-12-21T09:00:56.528572+00:00,btc-updown-15m-1766307600,TRADE,DOWN,DIR_ACCUMULATE,1,1,0.2201095876995572,0.2201095876995572,0.0,0.0,4.0,0.2875888616443824,0,0,0.0,4.0,0,0,0,94.11,SUCCESS,BEARISH,accumulate,5,88654.0,88598.72,0.06239367792220795,382.49714902541785
2025-12-21T09:01:02.070862+00:00,btc-updown-15m-1766307600,TRADE,DOWN,DIR_ACCUMULATE,1,1,0.22010783088051553,0.22010783088051553,0.0,0.0,5.0,0.27409265549160905,0,0,0.0,5.0,0,0,0,93.89,SUCCESS,BEARISH,accumulate,5,88663.02,88598.72,0.07257441191024307,471.71669192350674
2025-12-21T09:01:12.940073+00:00,btc-updown-15m-1766307600,TRADE,DOWN,DIR_ACCUMULATE,1,1,0.20002355886936535,0.20002355886936535,0.0,0.0,6.0,0.26174780605456843,0,0,0.0,6.0,0,0,0,93.69,SUCCESS,BEARISH,accumulate,5,88697.2,88598.72,0.11115284735490076,696.0900658917169
2025-12-21T09:01:18.380983+00:00,btc-updown-15m-1766307600,TRADE,UP,DIR_REBALANCE,5,4,0.8002033109630153,3.2008132438520613,4.0,0.8002033109630153,6.0,0.26174780605456843,4,1.0619511170175837,-0.24780446807033485,2.0,0,0,0,90.49,SUCCESS,BEARISH,rebalance,5,88676.67,88598.72,0.08798095502959534,510.7256767801814
2025-12-21T09:01:23.904449+00:00,btc-updown-15m-1766307600,TRADE,DOWN,DIR_AVERAGE_DOWN,1,1,0.24005841980987624,0.24005841980987624,4.0,0.8002033109630153,7.0,0.25864932230532667,4,1.0588526332683421,-0.23541053307336846,3.0,0,0,0,90.25,SUCCESS,BEARISH,average_down,5,88666.4,88598.72,0.07638936544454933,431.9642171442939
2025-12-21T09:05:35.646187+00:00,btc-updown-15m-1766307600,TRADE,UP,DIR_ACCUMULATE,1,1,0.780134467073868,0.780134467073868,5.0,0.7961895421851859,7.0,0.25864932230532667,5,1.0548388644905127,-0.27419432245256337,2.0,0,0,0,89.47,SUCCESS,BULLISH,accumulate,6,88640.0,88598.72,0.04659209523568606,267.92096736496904
2025-12-21T09:05:52.023360+00:00,btc-updown-15m-1766307600,TRADE,UP,DIR_AVERAGE_DOWN,1,1,0.6300717516197594,0.6300717516197594,6.0,0.7685032437576148,7.0,0.25864932230532667,6,1.0271525660629415,-0.16291539637764885,1.0,0,0,0,88.84,SUCCESS,BULLISH,average_down,6,88579.99,88598.72,-0.02114026026560646,126.6768497249925
2025-12-21T09:05:57.454685+00:00,btc-updown-15m-1766307600,TRADE,UP,DIR_AVERAGE_DOWN,1,1,0.5302587788788434,0.5302587788788434,7.0,0.7344683202035045,7.0,0.25864932230532667,7,0.9931176425088312,0.048176502438181834,0.0,0,0,0,88.31,SUCCESS,BULLISH,average_down,6,88542.48,88598.72,-0.06347721502071954,392.49447102614977
2025-12-21T09:07:21.001873+00:00,btc-updown-15m-1766307600,TRADE,DOWN,DIR_AVERAGE_DOWN,1,1,0.4600166141291262,0.4600166141291262,7.0,0.7344683202035045,8.0,0.2838202337833016,7,1.018288553986806,-0.12801987790764247,1.0,0,0,0,87.85,SUCCESS,BEARISH,average_down,7,88545.3,88598.72,-0.060294324793855096,448.4437198920149
2025-12-21T09:09:09.348657+00:00,btc-updown-15m-1766307600,TRADE,DOWN,DIR_AVERAGE_DOWN,1,1,0.4101429374867561,0.4101429374867561,7.0,0.7344683202035045,9.0,0.29785608975035216,7,1.0323244099538567,-0.2262708696769966,2.0,0,0,0,87.44,SUCCESS,BEARISH,average_down,7,88558.0,88598.72,-0.04596003192822781,289.12994608049644
2025-12-21T09:09:25.865065+00:00,btc-updown-15m-1766307600,TRADE,DOWN,DIR_AVERAGE_DOWN,1,1,0.31001169515796173,0.31001169515796173,7.0,0.7344683202035045,10.0,0.2990716502911131,7,1.0335399704946175,-0.2347797934623228,3.0,0,0,0,87.13,SUCCESS,BEARISH,average_down,7,88588.64,88598.72,-0.011377139534297726,95.90820456075156
2025-12-21T09:09:31.400164+00:00,btc-updown-15m-1766307600,TRADE,DOWN,DIR_ACCUMULATE,1,1,0.28009662097991844,0.28009662097991844,7.0,0.7344683202035045,11.0,0.297346647626459,7,1.0318149678299635,-0.2227047748097446,4.0,0,0,0,86.85,SUCCESS,BEARISH,accumulate,7,88588.64,88598.72,-0.011377139534297726,102.02403040754639
2025-12-21T09:09:44.664520+00:00,btc-updown-15m-1766307600,TRADE,DOWN,DIR_ACCUMULATE,1,1,0.2700046971890525,0.2700046971890525,7.0,0.7344683202035045,12.0,0.29506815175667517,7,1.0295364719601796,-0.20675530372125728,5.0,0,0,0,86.58,SUCCESS,BEARISH,accumulate,7,88597.51,88598.72,-0.0013657082179137608,11.491696434525538
2025-12-21T09:09:57.204406+00:00,btc-updown-15m-1766307600,TRADE,DOWN,DIR_ACCUMULATE,1,1,0.3200603652250812,0.3200603652250812,7.0,0.7344683202035045,13.0,0.29699062971578327,7,1.0314589499192879,-0.22021264943501517,6.0,0,0,0,86.26,SUCCESS,BEARISH,accumulate,7,88585.37,88598.72,-0.015067937776082794,116.43910907100744
2025-12-21T09:15:01.401024+00:00,btc-updown-15m-1766307600,RESOLUTION,DOWN,MARKET_END,20,20,1.0000,9.0022,7,0.7345,13,0.2970,7,1.0315,-0.2202,0.46,0.0000,0.0000,3.9978,99.27,RESOLVED,,,,,,,
2025-12-21T09:15:09.947124+00:00,btc-updown-15m-1766308500,TRADE,DOWN,DIR_AVERAGE_DOWN,1,1,0.5800663564545542,0.5800663564545542,0.0,0.0,1.0,0.5800663564545542,0,0,0.0,1.0,0,0,0,98.68,SUCCESS,BEARISH,average_down,7,88681.85,88681.85,0.0,0.014202849718390904
2025-12-21T09:16:15.657988+00:00,btc-updown-15m-1766308500,TRADE,DOWN,DIR_AVERAGE_DOWN,1,1,0.4800740254667675,0.4800740254667675,0.0,0.0,2.0,0.5300701909606609,0,0,0.0,2.0,0,0,0,98.20,SUCCESS,BEARISH,average_down,7,88737.74,88681.85,0.06302304248276216,394.1353958822622
2025-12-21T09:16:43.298659+00:00,btc-updown-15m-1766308500,TRADE,DOWN,DIR_AVERAGE_DOWN,1,1,0.4201497353331101,0.4201497353331101,0.0,0.0,3.0,0.4934300390848106,0,0,0.0,3.0,0,0,0,97.78,SUCCESS,BEARISH,average_down,7,88733.09,88681.85,0.05777957947425621,317.4198071976494
2025-12-21T09:16:48.921029+00:00,btc-updown-15m-1766308500,TRADE,DOWN,DIR_ACCUMULATE,1,1,0.45009888793802527,0.45009888793802527,0.0,0.0,4.0,0.48259725129811426,0,0,0.0,4.0,0,0,0,97.33,SUCCESS,BEARISH,accumulate,7,88733.09,88681.85,0.05777957947425621,317.036834588817
2025-12-21T09:16:54.445408+00:00,btc-updown-15m-1766308500,TRADE,DOWN,DIR_ACCUMULATE,1,1,0.450112233822901,0.450112233822901,0.0,0.0,5.0,0.4761002478030716,0,0,0.0,5.0,0,0,0,96.88,SUCCESS,BEARISH,accumulate,7,88733.08,88681.85,0.057768303209727714,320.4235611365022
2025-12-21T09:17:00.071409+00:00,btc-updown-15m-1766308500,TRADE,UP,DIR_ACCUMULATE,1,1,0.5500462701306803,0.5500462701306803,1.0,0.5500462701306803,5.0,0.4761002478030716,1,1.026146517933752,-0.02614651793375189,4.0,0,0,0,96.33,SUCCESS,BULLISH,accumulate,8,88733.08,88681.85,0.057768303209727714,320.93742308244515
2025-12-21T09:17:05.581990+00:00,btc-updown-15m-1766308500,TRADE,UP,DIR_ACCUMULATE,1,1,0.590229532332238,0.590229532332238,2.0,0.5701379012314591,5.0,0.4761002478030716,2,1.0462381490345307,-0.09247629806906144,3.0,0,0,0,95.74,SUCCESS,BULLISH,accumulate,8,88733.88,88681.85,0.058670404372483026,335.00905437746246
2025-12-21T09:17:11.197683+00:00,btc-updown-15m-1766308500,TRADE,UP,DIR_ACCUMULATE,1,1,0.5897112672723158,0.5897112672723158,3.0,0.5766623565784114,5.0,0.4761002478030716,3,1.052762604381483,-0.15828781314444917,2.0,0,0,0,95.15,SUCCESS,BULLISH,accumulate,8,88733.88,88681.85,0.058670404372483026,312.4513927062521
2025-12-21T09:19:08.896758+00:00,btc-updown-15m-1766308500,TRADE,UP,DIR_AVERAGE_DOWN,1,1,0.520141219852906,0.520141219852906,4.0,0.562532072397035,5.0,0.4761002478030716,4,1.0386323202001067,-0.1545292808004266,1.0,0,0,0,94.63,SUCCESS,BULLISH,average_down,8,88720.75,88681.85,0.04386466903881028,358.5155958476609
2025-12-21T09:19:54.038524+00:00,btc-updown-15m-1766308500,TRADE,UP,DIR_AVERAGE_DOWN,1,1,0.4401197378191855,0.4401197378191855,5.0,0.5380496054814651,5.0,0.4761002478030716,5,1.0141498532845366,-0.07074926642268276,0.0,0,0,0,94.19,SUCCESS,BULLISH,average_down,8,88688.36,88681.85,0.007340848211888635,47.55632137472795
2025-12-21T09:29:17.560831+00:00,btc-updown-15m-1766308500,TRADE,UP,DIR_AVERAGE_DOWN,1,1,0.1300557118039424,0.1300557118039424,6.0,0.47005062320187796,5.0,0.4761002478030716,5,0.9461508710049495,0.2692456449752523,1.0,0,0,0,94.06,SUCCESS,BULLISH,average_down,8,88674.44,88681.85,-0.0083557120199945,73.65574431467986
2025-12-21T09:30:02.339013+00:00,btc-updown-15m-1766308500,RESOLUTION,UP,MARKET_END,11,11,1.0000,5.2008,6,0.4701,5,0.4761,5,0.9462,0.2692,0.17,0.0000,0.0000,0.7992,100.07,RESOLVED,,,,,,,
2025-12-21T09:30:09.913804+00:00,btc-updown-15m-1766309400,TRADE,UP,DIR_AVERAGE_DOWN,1,1,0.4901233784796661,0.4901233784796661,1.0,0.4901233784796661,0.0,0.0,0,0,0.0,1.0,0,0,0,99.57,SUCCESS,BULLISH,average_down,8,88643.85,88643.85,0.0,0.22405342194338065
2025-12-21T09:40:12.096120+00:00,btc-updown-15m-1766309400,TRADE,DOWN,DIR_EMERGENCY,1,1,0.029990405379527983,0.029990405379527983,1.0,0.4901233784796661,1.0,0.029990405379527983,1,0.520113783859194,0.47988621614080595,0.0,0,0,0,99.54,SUCCESS,BULLISH,emergency,8,88836.98,88643.85,0.21787185461821673,595.7214056844952
2025-12-21T09:45:01.051351+00:00,btc-updown-15m-1766309400,RESOLUTION,UP,MARKET_END,2,2,1.0000,0.5201,1,0.4901,1,0.0300,1,0.5201,0.4799,0.00,0.0000,0.0000,0.4799,100.55,RESOLVED,,,,,,,
2025-12-21T10:30:09.532643+00:00,btc-updown-15m-1766313000,TRADE,UP,DIR_AVERAGE_DOWN,1,1,0.510088158408553,0.510088158408553,1.0,0.510088158408553,0.0,0.0,0,0,0.0,1.0,0,0,0,99.48991184159145,SUCCESS,BULLISH,average_down,0,88750.0,88756.94,-0.007819106877729593,48.70565702843904
2025-12-21T10:31:55.409492+00:00,btc-updown-15m-1766313000,TRADE,UP,DIR_AVERAGE_DOWN,1,1,0.4401463560947127,0.4401463560947127,2.0,0.4751172572516329,0.0,0.0,0,0,0.0,2.0,0,0,0,99.04976548549674,SUCCESS,BULLISH,average_down,0,88727.17,88756.94,-0.033541039157055294,244.8119217545836
2025-12-21T10:32:06.495249+00:00,btc-updown-15m-1766313000,TRADE,UP,DIR_AVERAGE_DOWN,1,1,0.38015473082381684,0.38015473082381684,3.0,0.4434630817756942,0.0,0.0,0,0,0.0,3.0,0,0,0,98.66961075467292,SUCCESS,BULLISH,average_down,0,88725.38,88756.94,-0.03555778286182204,288.5259579029498
2025-12-21T10:32:12.108291+00:00,btc-updown-15m-1766313000,TRADE,UP,DIR_ACCUMULATE,1,1,0.3901347425407658,0.3901347425407658,4.0,0.4301309969669621,0.0,0.0,0,0,0.0,4.0,0,0,0,98.27947601213215,SUCCESS,BULLISH,accumulate,0,88725.38,88756.94,-0.03555778286182204,286.93704058775006
2025-12-21T10:32:23.192229+00:00,btc-updown-15m-1766313000,TRADE,UP,DIR_ACCUMULATE,1,1,0.3700786229961746,0.3700786229961746,5.0,0.4181205221728046,0.0,0.0,0,0,0.0,5.0,0,0,0,97.90939738913598,SUCCESS,BULLISH,accumulate,0,88725.37,88756.94,-0.03556904958644021,289.67587304864793
2025-12-21T10:32:28.787803+00:00,btc-updown-15m-1766313000,TRADE,UP,DIR_ACCUMULATE,1,1,0.36003553856308484,0.36003553856308484,6.0,0.4084396915711846,0.0,0.0,0,0,0.0,6.0,0,0,0,97.5493618505729,SUCCESS,BULLISH,accumulate,0,88725.38,88756.94,-0.03555778286182204,291.50380028796747
2025-12-21T10:32:39.878883+00:00,btc-updown-15m-1766313000,TRADE,DOWN,DIR_REBALANCE,5,5,0.6501104648208865,3.2505523241044325,6.0,0.4084396915711846,5.0,0.6501104648208865,5,1.0585501563920712,-0.29275078196035587,1.0,0,0,0,94.29880952646846,SUCCESS,BULLISH,rebalance,0,88725.38,88756.94,-0.03555778286182204,290.6430862963459
2025-12-21T10:32:50.986759+00:00,btc-updown-15m-1766313000,TRADE,UP,DIR_AVERAGE_DOWN,1,1,0.31988241887156427,0.31988241887156427,7.0,0.395788652614096,5.0,0.6501104648208865,5,1.0458991174349825,-0.2294955871749127,2.0,0,0,0,93.9789271075969,SUCCESS,BULLISH,average_down,0,88716.0,88756.94,-0.04612597054382714,434.52911815256454
2025-12-21T10:33:24.554949+00:00,btc-updown-15m-1766313000,TRADE,UP,DIR_AVERAGE_DOWN,1,1,0.24001125928264877,0.24001125928264877,8.0,0.3763164784476651,5.0,0.6501104648208865,5,1.0264269432685516,-0.13213471634275775,3.0,0,0,0,93.73891584831425,SUCCESS,BULLISH,average_down,0,88696.08,88756.94,-0.06856928596231526,645.2786064793765
2025-12-21T10:33:41.311044+00:00,btc-updown-15m-1766313000,TRADE,DOWN,DIR_ACCUMULATE,1,1,0.7800327398894507,0.7800327398894507,8.0,0.3763164784476651,6.0,0.6717641773323139,6,1.0480806557799789,-0.2884839346798733,2.0,0,0,0,92.9588831084248,SUCCESS,BEARISH,accumulate,1,88690.84,88756.94,-0.07447304965674326,682.1215611397657
2025-12-21T10:37:02.160688+00:00,btc-updown-15m-1766313000,TRADE,DOWN,DIR_AVERAGE_DOWN,1,1,0.42019620568450394,0.42019620568450394,8.0,0.3763164784476651,7.0,0.635825895668341,7,1.012142374116006,-0.08499661881204235,1.0,0,0,0,92.5386869027403,SUCCESS,BEARISH,average_down,1,88775.19,88756.94,0.020561772409008243,81.03626271718147
2025-12-21T10:38:37.326727+00:00,btc-updown-15m-1766313000,TRADE,DOWN,DIR_AVERAGE_DOWN,1,1,0.3701094954792351,0.3701094954792351,8.0,0.3763164784476651,8.0,0.6026113456447028,8,0.9789278240923678,0.16857740726105774,0.0,0,0,0,92.16857740726105,SUCCESS,BEARISH,average_down,1,88799.85,88756.94,0.048345515291540575,254.96105789869404
2025-12-21T10:39:11.596094+00:00,btc-updown-15m-1766313000,TRADE,DOWN,DIR_AVERAGE_DOWN,1,1,0.32008616840869664,0.32008616840869664,8.0,0.3763164784476651,9.0,0.5712196592851465,8,0.9475361377328115,0.4197108981375077,1.0,0,0,0,91.84849123885236,SUCCESS,BEARISH,average_down,1,88804.29,88756.94,0.05334794101733483,257.34078071490535
2025-12-21T10:40:02.095746+00:00,btc-updown-15m-1766313000,TRADE,UP,DIR_EMERGENCY,1,1,0.5401195866406732,0.5401195866406732,9.0,0.39451682380244374,9.0,0.5712196592851465,9,0.9657364830875903,0.3083716522116873,0.0,0,0,0,91.30837165221169,SUCCESS,BEARISH,emergency,1,88759.52,88756.94,0.0029068149487823107,16.170982502071833
2025-12-21T10:40:07.679409+00:00,btc-updown-15m-1766313000,TRADE,DOWN,DIR_AVERAGE_DOWN,1,1,0.500164364022394,0.500164364022394,9.0,0.39451682380244374,10.0,0.5641141297588713,9,0.9586309535613151,0.372321417948164,1.0,0,0,0,90.8082072881893,SUCCESS,BEARISH,average_down,1,88759.53,88756.94,0.002918081673384084,16.332329690123345
2025-12-21T10:40:13.226566+00:00,btc-updown-15m-1766313000,TRADE,UP,DIR_EMERGENCY,1,1,0.640206561955118,0.640206561955118,10.0,0.4190857976177112,10.0,0.5641141297588713,10,0.9831999273765826,0.16800072623417428,0.0,0,0,0,90.16800072623417,SUCCESS,BEARISH,emergency,1,88771.61,88756.94,0.016528284999458357,87.67301813986926
2025-12-21T10:40:18.930448+00:00,btc-updown-15m-1766313000,TRADE,DOWN,DIR_AVERAGE_DOWN,1,1,0.38016649385410994,0.38016649385410994,10.0,0.4190857976177112,11.0,0.547391617403893,10,0.9664774150216042,0.33522584978395775,1.0,0,0,0,89.78783423238006,SUCCESS,BEARISH,average_down,1,88780.0,88756.94,0.025981066945297653,138.42233636969777
2025-12-21T10:41:04.048138+00:00,btc-updown-15m-1766313000,TRADE,UP,DIR_EMERGENCY,1,1,0.5201797949161244,0.5201797949161244,11.0,0.42827616100847604,11.0,0.547391617403893,11,0.9756677784123691,0.26765443746394024,0.0,0,0,0,89.26765443746395,SUCCESS,BEARISH,emergency,1,88760.0,88756.94,0.0034476177299461556,22.849239864631947
2025-12-21T10:41:09.883666+00:00,btc-updown-15m-1766313000,TRADE,DOWN,DIR_AVERAGE_DOWN,1,1,0.49001474596420813,0.49001474596420813,11.0,0.42827616100847604,12.0,0.5426102114505859,11,0.970886372459062,0.3202499029503185,1.0,0,0,0,88.77763969149974,SUCCESS,BEARISH,average_down,1,88760.0,88756.94,0.0034476177299461556,24.13651637871187
2025-12-21T10:41:15.589450+00:00,btc-updown-15m-1766313000,TRADE,UP,DIR_EMERGENCY,1,1,0.47000547389981495,0.47000547389981495,12.0,0.43175360374942096,12.0,0.5426102114505859,12,0.9743638152000068,0.30763421759991827,0.0,0,0,0,88.30763421759993,SUCCESS,BEARISH,emergency,1,88751.14,88756.94,-0.006534700272455214,45.71182966488549
2025-12-21T10:41:21.278678+00:00,btc-updown-15m-1766313000,TRADE,DOWN,DIR_AVERAGE_DOWN,1,1,0.4001840959739463,0.4001840959739463,12.0,0.43175360374942096,13.0,0.5316543564139213,12,0.9634079601633423,0.4391044780398925,1.0,0,0,0,87.90745012162598,SUCCESS,BEARISH,average_down,1,88768.28,88756.94,0.012776465705100363,81.41187584856384
2025-12-21T10:41:55.059483+00:00,btc-updown-15m-1766313000,TRADE,UP,DIR_EMERGENCY,1,1,0.6303056198923113,0.6303056198923113,13.0,0.4470268357604125,13.0,0.5316543564139213,13,0.9786811921743339,0.2771445017336591,0.0,0,0,0,87.27714450173367,SUCCESS,BEARISH,emergency,1,88780.0,88756.94,0.025981066945297653,157.96828288578652
2025-12-21T10:42:00.668060+00:00,btc-updown-15m-1766313000,TRADE,DOWN,DIR_AVERAGE_DOWN,1,1,0.3600546623311808,0.3600546623311808,13.0,0.4470268357604125,14.0,0.5193972354080113,13,0.9664240711684238,0.436487074810491,1.0,0,0,0,86.9170898394025,SUCCESS,BEARISH,average_down,1,88780.0,88756.94,0.025981066945297653,159.18574308569686
2025-12-21T10:42:06.334260+00:00,btc-updown-15m-1766313000,TRADE,UP,DIR_EMERGENCY,1,1,0.5902940070423225,0.5902940070423225,14.0,0.45726020513769183,14.0,0.5193972354080113,14,0.9766574405457031,0.3267958323601561,0.0,0,0,0,86.32679583236018,SUCCESS,BEARISH,emergency,1,88764.47,88756.94,0.008483843629578528,50.555237829689275
2025-12-21T10:42:11.896933+00:00,btc-updown-15m-1766313000,TRADE,DOWN,DIR_AVERAGE_DOWN,1,1,0.4400729379595411,0.4400729379595411,14.0,0.45726020513769183,15.0,0.5141089489114467,14,0.9713691540491385,0.40083184331206123,1.0,0,0,0,85.88672289440063,SUCCESS,BEARISH,average_down,1,88764.46,88756.94,0.008472576904976754,50.40120954030901
2025-12-21T10:42:17.585187+00:00,btc-updown-15m-1766313000,TRADE,UP,DIR_EMERGENCY,1,1,0.5801274758548315,0.5801274758548315,15.0,0.46545135651883446,15.0,0.5141089489114467,15,0.979560305430281,0.3065954185457842,0.0,0,0,0,85.3065954185458,SUCCESS,BEARISH,emergency,1,88764.47,88756.94,0.008483843629578528,50.70720661616865
2025-12-21T10:45:00.936815+00:00,btc-updown-15m-1766313000,RESOLUTION,DOWN,MARKET_END,30,30,1.0000,14.6934,15,0.4655,15,0.5141,15,0.9796,0.3066,0.00,0.0000,0.0000,0.3066,100.31,RESOLVED
2025-12-21T12:30:09.643203+00:00,btc-updown-15m-1766320200,TRADE,UP,DIR_AVERAGE_DOWN,1,1,0.50015983298646,0.50015983298646,1.0,0.50015983298646,0.0,0.0,0,0,0.0,1.0,0,0,0,99.49984016701355,SUCCESS,BULLISH,average_down,0,88830.43,88830.42,1.1257404833570876e-05,0.7302967433402215
2025-12-21T12:33:35.612092+00:00,btc-updown-15m-1766320200,TRADE,UP,DIR_AVERAGE_DOWN,1,1,0.41000948195594417,0.41000948195594417,2.0,0.4550846574712021,0.0,0.0,0,0,0.0,2.0,0,0,0,99.0898306850576,SUCCESS,BULLISH,average_down,0,88814.02,88830.42,-0.01846214393672143,100.27987634062781
2025-12-21T12:33:46.870924+00:00,btc-updown-15m-1766320200,TRADE,UP,DIR_AVERAGE_DOWN,1,1,0.28005493540639953,0.28005493540639953,3.0,0.39674141678293456,0.0,0.0,0,0,0.0,3.0,0,0,0,98.80977574965121,SUCCESS,BULLISH,average_down,0,88780.01,88830.42,-0.05674857779576355,394.8866550051483
2025-12-21T12:33:58.284173+00:00,btc-updown-15m-1766320200,TRADE,UP,DIR_ACCUMULATE,1,1,0.3700012259506823,0.3700012259506823,4.0,0.3900563690748715,0.0,0.0,0,0,0.0,4.0,0,0,0,98.43977452370052,SUCCESS,BULLISH,accumulate,0,88789.66,88830.42,-0.045885182125666814,259.6697607373425
2025-12-21T12:34:03.826660+00:00,btc-updown-15m-1766320200,TRADE,UP,DIR_ACCUMULATE,1,1,0.3600440796438652,0.3600440796438652,5.0,0.3840539111886702,0.0,0.0,0,0,0.0,5.0,0,0,0,98.07973044405665,SUCCESS,BULLISH,accumulate,0,88789.66,88830.42,-0.045885182125666814,259.6685872227402
2025-12-21T12:34:09.267311+00:00,btc-updown-15m-1766320200,TRADE,UP,DIR_ACCUMULATE,1,1,0.33008031129447973,0.33008031129447973,6.0,0.3750583112063051,0.0,0.0,0,0,0.0,6.0,0,0,0,97.74965013276217,SUCCESS,BULLISH,accumulate,0,88771.12,88830.42,-0.06675641069805019,373.0929644705622
2025-12-21T12:34:14.817969+00:00,btc-updown-15m-1766320200,TRADE,DOWN,DIR_REBALANCE,5,5,0.7103151808694426,3.551575904347213,6.0,0.3750583112063051,5.0,0.7103151808694426,5,1.0853734920757476,-0.42686746037873813,1.0,0,0,0,94.19807422841495,SUCCESS,BULLISH,rebalance,0,88771.12,88830.42,-0.06675641069805019,373.09749191905706
2025-12-21T12:34:20.359425+00:00,btc-updown-15m-1766320200,TRADE,UP,DIR_AVERAGE_DOWN,1,1,0.2899704248838641,0.2899704248838641,7.0,0.3629028988745278,5.0,0.7103151808694426,5,1.0732180797439703,-0.3660903987198516,2.0,0,0,0,93.90810380353109,SUCCESS,BULLISH,average_down,0,88776.27,88830.42,-0.06095884720571419,319.56500707640697
2025-12-21T12:36:46.584634+00:00,btc-updown-15m-1766320200,TRADE,UP,DIR_AVERAGE_DOWN,1,1,0.2600314372627964,0.2600314372627964,8.0,0.3500439661730614,5.0,0.7103151808694426,5,1.060359147042504,-0.30179573521252,3.0,0,0,0,93.6480723662683,SUCCESS,BULLISH,average_down,0,88778.35,88830.42,-0.05861730699910282,271.8977009993428
2025-12-21T12:36:52.148454+00:00,btc-updown-15m-1766320200,TRADE,UP,DIR_ACCUMULATE,1,1,0.22006456606220748,0.22006456606220748,9.0,0.33560181060518873,5.0,0.7103151808694426,5,1.0459169914746314,-0.22958495737315676,4.0,0,0,0,93.42800780020609,SUCCESS,BULLISH,accumulate,0,88778.35,88830.42,-0.05861730699910282,274.8664300018676
2025-12-21T12:36:57.900363+00:00,btc-updown-15m-1766320200,TRADE,UP,DIR_ACCUMULATE,1,1,0.21006699679745336,0.21006699679745336,10.0,0.3230483292244152,5.0,0.7103151808694426,5,1.0333635100938579,-0.16681755046928926,5.0,0,0,0,93.21794080340864,SUCCESS,BULLISH,accumulate,0,88778.34,88830.42,-0.058628564403952775,282.0209549426398
2025-12-21T12:37:03.472462+00:00,btc-updown-15m-1766320200,TRADE,UP,DIR_ACCUMULATE,1,1,0.25000001315554105,0.25000001315554105,11.0,0.31640757321815394,5.0,0.7103151808694426,5,1.0267227540875965,-0.1336137704379825,6.0,0,0,0,92.9679407902531,SUCCESS,BULLISH,accumulate,0,88776.26,88830.42,-0.060970104610564145,319.55051842156394
2025-12-21T12:37:09.098493+00:00,btc-updown-15m-1766320200,TRADE,DOWN,DIR_REBALANCE,5,5,0.7703446691071181,3.85172334553559,11.0,0.31640757321815394,10.0,0.7403299249882803,10,1.0567374982064344,-0.5673749820643437,1.0,0,0,0,89.1162174447175,SUCCESS,BULLISH,rebalance,0,88776.26,88830.42,-0.060970104610564145,323.0240051045055
2025-12-21T12:37:14.680407+00:00,btc-updown-15m-1766320200,TRADE,UP,DIR_AVERAGE_DOWN,1,1,0.2600393250678187,0.2600393250678187,12.0,0.31171021920562597,10.0,0.7403299249882803,10,1.0520401441939062,-0.5204014419390623,2.0,0,0,0,88.85617811964968,SUCCESS,BULLISH,average_down,0,88778.34,88830.42,-0.058628564403952775,306.94918339667663
2025-12-21T12:37:20.334372+00:00,btc-updown-15m-1766320200,TRADE,DOWN,DIR_AVERAGE_DOWN,1,1,0.7597861510244796,0.7597861510244796,12.0,0.31171021920562597,11.0,0.7420986728097531,11,1.053808892015379,-0.5918978121691687,1.0,0,0,0,88.0963919686252,SUCCESS,BEARISH,average_down,1,88778.34,88830.42,-0.058628564403952775,293.44356431883773
2025-12-21T12:45:01.045042+00:00,btc-updown-15m-1766320200,RESOLUTION,DOWN,MARKET_END,23,23,1.0000,11.9036,12,0.3117,11,0.7421,11,1.0538,-0.5919,0.08,0.0000,0.0000,-0.9036,99.10,RESOLVED
2025-12-21T12:45:10.464880+00:00,btc-updown-15m-1766321100,TRADE,DOWN,DIR_AVERAGE_DOWN,1,1,0.5502548538415827,0.5502548538415827,0.0,0.0,1.0,0.5502548538415827,0,0,0.0,1.0,0,0,0,98.54613711478362,SUCCESS,BEARISH,average_down,1,88550.0,88572.6,-0.02551579156534393,119.62233964009775
2025-12-21T12:45:26.971847+00:00,btc-updown-15m-1766321100,TRADE,DOWN,DIR_AVERAGE_DOWN,1,1,0.47014651665676865,0.47014651665676865,0.0,0.0,2.0,0.5102006852491756,0,0,0.0,2.0,0,0,0,98.07599059812685,SUCCESS,BEARISH,average_down,1,88571.67,88572.6,-0.0010499861130954346,4.508849783603684
2025-12-21T12:45:38.149633+00:00,btc-updown-15m-1766321100,TRADE,DOWN,DIR_AVERAGE_DOWN,1,1,0.3701680677701811,0.3701680677701811,0.0,0.0,3.0,0.4635231460895108,0,0,0.0,3.0,0,0,0,97.70582253035667,SUCCESS,BEARISH,average_down,1,88606.88,88572.6,0.03870271393184668,159.61124958364917
2025-12-21T12:45:43.731542+00:00,btc-updown-15m-1766321100,TRADE,DOWN,DIR_ACCUMULATE,1,1,0.31009369622560806,0.31009369622560806,0.0,0.0,4.0,0.4251657836235351,0,0,0.0,4.0,0,0,0,97.39572883413106,SUCCESS,BEARISH,accumulate,1,88628.15,88572.6,0.06271691245372536,311.41131744722526
2025-12-21T12:45:49.373046+00:00,btc-updown-15m-1766321100,TRADE,DOWN,DIR_ACCUMULATE,1,1,0.33005115147671843,0.33005115147671843,0.0,0.0,5.0,0.40614285719417176,0,0,0.0,5.0,0,0,0,97.06567768265434,SUCCESS,BEARISH,accumulate,1,88628.14,88572.6,0.06270562228047229,311.3542139131911
2025-12-21T12:46:00.447962+00:00,btc-updown-15m-1766321100,TRADE,DOWN,DIR_ACCUMULATE,1,1,0.39001242272273884,0.39001242272273884,0.0,0.0,6.0,0.4034544514489329,0,0,0.0,6.0,0,0,0,96.6756652599316,SUCCESS,BEARISH,accumulate,1,88617.23,88572.6,0.05038804325490061,275.89833685901783
2025-12-21T12:46:05.971639+00:00,btc-updown-15m-1766321100,TRADE,UP,DIR_REBALANCE,5,5,0.610115880991052,3.05057940495526,5.0,0.610115880991052,6.0,0.4034544514489329,5,1.013570332439985,-0.06785166219992478,1.0,0,0,0,93.62508585497635,SUCCESS,BEARISH,rebalance,1,88592.4,88572.6,0.022354543052804543,114.70428260370069
2025-12-21T12:46:17.110698+00:00,btc-updown-15m-1766321100,TRADE,DOWN,DIR_AVERAGE_DOWN,1,1,0.44002832538531617,0.44002832538531617,5.0,0.610115880991052,7.0,0.40867929058270197,5,1.018795171573754,-0.09397585786876994,2.0,0,0,0,93.18505752959103,SUCCESS,BEARISH,average_down,1,88592.41,88572.6,0.022365833226074057,121.58526408727924
2025-12-21T12:46:28.245535+00:00,btc-updown-15m-1766321100,TRADE,DOWN,DIR_AVERAGE_DOWN,1,1,0.37003311793945637,0.37003311793945637,5.0,0.610115880991052,8.0,0.40384851900229624,5,1.0139643999933483,-0.06982199996674154,3.0,0,0,0,92.81502441165158,SUCCESS,BEARISH,average_down,1,88604.83,88572.6,0.036388228413748634,187.5460650321767
2025-12-21T12:46:33.792107+00:00,btc-updown-15m-1766321100,TRADE,DOWN,DIR_ACCUMULATE,1,1,0.37003458966116853,0.37003458966116853,5.0,0.610115880991052,9.0,0.4000914157421709,5,1.0102072967332227,-0.051036483666113686,4.0,0,0,0,92.4449898219904,SUCCESS,BEARISH,accumulate,1,88612.18,88572.6,0.04468650575910292,231.11223603807593
2025-12-21T12:46:44.927528+00:00,btc-updown-15m-1766321100,TRADE,DOWN,DIR_ACCUMULATE,1,1,0.34013886264345616,0.34013886264345616,5.0,0.610115880991052,10.0,0.39409616043229945,5,1.0042120414233513,-0.02106020711675649,5.0,0,0,0,92.10485095934695,SUCCESS,BEARISH,accumulate,1,88619.29,88572.6,0.05271381894625174,283.3457933956194
2025-12-21T12:46:56.190123+00:00,btc-updown-15m-1766321100,TRADE,DOWN,DIR_ACCUMULATE,1,1,0.3600983915825869,0.3600983915825869,5.0,0.610115880991052,11.0,0.3910054541732347,5,1.0011213351642867,-0.005606675821433482,6.0,0,0,0,91.74475256776437,SUCCESS,BEARISH,accumulate,1,88619.29,88572.6,0.05271381894625174,281.5461245855533
2025-12-21T12:47:07.355579+00:00,btc-updown-15m-1766321100,TRADE,UP,DIR_REBALANCE,5,5,0.5801109473033285,2.9005547365166424,10.0,0.5951134141471902,11.0,0.3910054541732347,10,0.986118868320425,0.13881131679575054,1.0,0,0,0,88.84419783124773,SUCCESS,BEARISH,rebalance,1,88596.18,88572.6,0.026622228544704786,138.1515053867759
2025-12-21T12:47:12.968394+00:00,btc-updown-15m-1766321100,TRADE,DOWN,DIR_AVERAGE_DOWN,1,1,0.44017198666014373,0.44017198666014373,10.0,0.5951134141471902,12.0,0.3951026652138105,10,0.9902160793610006,0.09783920638999355,2.0,0,0,0,88.40402584458758,SUCCESS,BEARISH,average_down,1,88596.17,88572.6,0.026610938371451703,137.71884627369678
2025-12-21T12:47:24.122533+00:00,btc-updown-15m-1766321100,TRADE,DOWN,DIR_AVERAGE_DOWN,1,1,0.37015555019091556,0.37015555019091556,10.0,0.5951134141471902,13.0,0.3931836563658955,10,0.9882970705130857,0.11702929486914315,3.0,0,0,0,88.03387029439666,SUCCESS,BEARISH,average_down,1,88619.29,88572.6,0.05271381894625174,241.58255883829239
2025-12-21T12:47:35.150750+00:00,btc-updown-15m-1766321100,TRADE,DOWN,DIR_ACCUMULATE,1,1,0.3401072068384125,0.3401072068384125,10.0,0.5951134141471902,14.0,0.3893924813996467,10,0.9845058955468369,0.15494104453163127,4.0,0,0,0,87.69376308755825,SUCCESS,BEARISH,accumulate,1,88619.28,88572.6,0.052702528772998664,247.95312997745123
2025-12-21T12:47:40.652878+00:00,btc-updown-15m-1766321100,TRADE,DOWN,DIR_ACCUMULATE,1,1,0.3399528253058222,0.3399528253058222,10.0,0.5951134141471902,15.0,0.3860965043267251,10,0.9812099184739154,0.18790081526084634,5.0,0,0,0,87.35381026225242,SUCCESS,BEARISH,accumulate,1,88619.29,88572.6,0.05271381894625174,243.65231576596673
2025-12-21T12:48:02.974000+00:00,btc-updown-15m-1766321100,TRADE,UP,DIR_ACCUMULATE,1,1,0.6900218240336177,0.6900218240336177,11.0,0.6037414514095928,15.0,0.3860965043267251,11,0.9898379557363179,0.11178248690050263,4.0,0,0,0,86.6637884382188,SUCCESS,BULLISH,accumulate,2,88614.42,88572.6,0.04721550456912457,218.99828906562888
2025-12-21T12:48:08.590234+00:00,btc-updown-15m-1766321100,TRADE,UP,DIR_ACCUMULATE,1,1,0.6400878854789764,0.6400878854789764,12.0,0.6067703209153748,15.0,0.3860965043267251,12,0.9928668252420998,0.08559809709480248,3.0,0,0,0,86.02370055273983,SUCCESS,BULLISH,accumulate,2,88612.19,88572.6,0.044697795932372435,217.0901533576323
2025-12-21T12:48:14.203104+00:00,btc-updown-15m-1766321100,TRADE,UP,DIR_ACCUMULATE,1,1,0.6501579637052449,0.6501579637052449,13.0,0.6101078318992109,15.0,0.3860965043267251,13,0.9962043362259361,0.049343629062831074,2.0,0,0,0,85.37354258903459,SUCCESS,BULLISH,accumulate,2,88616.61,88572.6,0.04968805251284794,238.1764965162994
2025-12-21T12:51:44.663866+00:00,btc-updown-15m-1766321100,TRADE,UP,DIR_AVERAGE_DOWN,1,1,0.570236806281986,0.570236806281986,14.0,0.6072599014979805,15.0,0.3860965043267251,14,0.9933564058247055,0.09301031845412266,1.0,0,0,0,84.8033057827526,SUCCESS,BULLISH,average_down,2,88594.99,88572.6,0.025278697926897728,149.39960134390768
2025-12-21T12:55:10.445240+00:00,btc-updown-15m-1766321100,TRADE,UP,DIR_EMERGENCY,1,1,0.6103017992807883,0.6103017992807883,15.0,0.6074626946835011,15.0,0.3860965043267251,15,0.9935591990102262,0.09661201484660764,0.0,0,0,0,84.19300398347181,SUCCESS,BULLISH,emergency,2,88580.01,88572.6,0.008366018384905648,36.99653600849354
2025-12-21T13:00:05.392194+00:00,btc-updown-15m-1766321100,RESOLUTION,UP,MARKET_END,30,30,1.0000,14.9034,15,0.6075,15,0.3861,15,0.9936,0.0966,0.00,0.0000,0.0000,0.0966,99.19,RESOLVED
2025-12-21T13:00:13.917482+00:00,btc-updown-15m-1766322000,TRADE,DOWN,DIR_AVERAGE_DOWN,1,1,0.36007267878372395,0.36007267878372395,0.0,0.0,1.0,0.36007267878372395,0,0,0.0,1.0,0,0,0,98.83293130468809,SUCCESS,BEARISH,average_down,3,88674.43,88638.01,0.041088467577282316,159.29398934147002
2025-12-21T13:10:03.528131+00:00,btc-updown-15m-1766322000,TRADE,UP,DIR_EMERGENCY,1,1,0.030000035510737075,0.030000035510737075,1.0,0.030000035510737075,1.0,0.36007267878372395,1,0.39007271429446105,0.6099272857055389,0.0,0,0,0,98.80293126917735,SUCCESS,BEARISH,emergency,3,88398.99,88638.01,-0.26965858100829376,1160.0665874739734
2025-12-21T13:15:04.408692+00:00,btc-updown-15m-1766322000,RESOLUTION,DOWN,MARKET_END,2,2,1.0000,0.3901,1,0.0300,1,0.3601,1,0.3901,0.6099,0.00,0.0000,0.0000,0.6099,99.80,RESOLVED
2025-12-21T13:15:13.090204+00:00,btc-updown-15m-1766322900,TRADE,DOWN,DIR_AVERAGE_DOWN,1,1,0.520033563666276,0.520033563666276,0.0,0.0,1.0,0.520033563666276,0,0,0.0,1.0,0,0,0,99.28289770551108,SUCCESS,BEARISH,average_down,3,88307.27,88350.0,-0.048364459535932006,210.1339277623493
2025-12-21T13:25:03.242900+00:00,btc-updown-15m-1766322900,TRADE,UP,DIR_EMERGENCY,1,1,0.3700642196380657,0.3700642196380657,1.0,0.3700642196380657,1.0,0.520033563666276,1,0.8900977833043416,0.10990221669565836,0.0,0,0,0,98.91283348587301,SUCCESS,BEARISH,emergency,3,88326.66,88350.0,-0.026417657045836453,114.03524422621997
2025-12-21T13:25:08.909821+00:00,btc-updown-15m-1766322900,TRADE,DOWN,DIR_AVERAGE_DOWN,1,1,0.7502112588543561,0.7502112588543561,1.0,0.3700642196380657,2.0,0.635122411260316,1,1.0051866308983817,-0.005186630898381672,1.0,0,0,0,98.16262222701866,SUCCESS,BEARISH,average_down,3,88297.16,88350.0,-0.05980758347481212,254.07839051968435
2025-12-21T13:25:14.362978+00:00,btc-updown-15m-1766322900,TRADE,UP,DIR_EMERGENCY,1,1,0.2400112587801327,0.2400112587801327,2.0,0.3050377392090992,2.0,0.635122411260316,2,0.9401601504694153,0.11967969906116949,0.0,0,0,0,97.92261096823853,SUCCESS,BEARISH,emergency,3,88279.9,88350.0,-0.07934352009055554,350.29908064081076
2025-12-21T13:25:19.923333+00:00,btc-updown-15m-1766322900,TRADE,DOWN,DIR_AVERAGE_DOWN,1,1,0.7902415834297002,0.7902415834297002,2.0,0.3050377392090992,3.0,0.686828801983444,2,0.9918665411925431,0.016266917614913723,1.0,0,0,0,97.13236938480883,SUCCESS,BEARISH,average_down,3,88282.96,88350.0,-0.07588002263723101,331.12350416515005
2025-12-21T13:25:25.594635+00:00,btc-updown-15m-1766322900,TRADE,UP,DIR_EMERGENCY,1,1,0.23003580522920497,0.23003580522920497,3.0,0.28003709454913445,3.0,0.686828801983444,3,0.9668658965325785,0.09940231040226455,0.0,0,0,0,96.90233357957962,SUCCESS,BEARISH,emergency,3,88279.01,88350.0,-0.08035087719298838,345.46408015416375
2025-12-21T13:25:31.249636+00:00,btc-updown-15m-1766322900,TRADE,DOWN,DIR_AVERAGE_DOWN,1,1,0.7998581299462499,0.7998581299462499,3.0,0.28003709454913445,4.0,0.7150861339741454,3,0.9951232285232798,0.014630314430160496,1.0,0,0,0,96.10247544963337,SUCCESS,BEARISH,average_down,3,88279.01,88350.0,-0.08035087719298838,341.24862628441775
2025-12-21T13:25:36.859959+00:00,btc-updown-15m-1766322900,TRADE,UP,DIR_EMERGENCY,1,1,0.22990701676239614,0.22990701676239614,4.0,0.2675045751024499,4.0,0.7150861339741454,4,0.9825907090765953,0.06963716369361883,0.0,0,0,0,95.87256843287098,SUCCESS,BEARISH,emergency,3,88279.01,88350.0,-0.08035087719298838,326.8251664250461
2025-12-21T13:25:42.638556+00:00,btc-updown-15m-1766322900,TRADE,DOWN,DIR_AVERAGE_DOWN,1,1,0.7700447584579834,0.7700447584579834,4.0,0.2675045751024499,5.0,0.726077858870913,4,0.993582433973363,0.025670264106548046,1.0,0,0,0,95.10252367441299,SUCCESS,BEARISH,average_down,3,88284.1,88350.0,-0.07458970005658651,279.98016136179274
2025-12-21T13:25:48.259529+00:00,btc-updown-15m-1766322900,TRADE,UP,DIR_EMERGENCY,1,1,0.2900758300317853,0.2900758300317853,5.0,0.27201882608831696,5.0,0.726077858870913,5,0.99809668495923,0.009516575203850075,0.0,0,0,0,94.81244784438121,SUCCESS,BEARISH,emergency,3,88293.91,88350.0,-0.06348613469156368,225.44860017197243
2025-12-21T13:25:53.818688+00:00,btc-updown-15m-1766322900,TRADE,DOWN,DIR_AVERAGE_DOWN,1,1,0.6702295718498573,0.6702295718498573,5.0,0.27201882608831696,6.0,0.7167698110340704,5,0.9887886371223874,0.05605681438806298,1.0,0,0,0,94.14221827253135,SUCCESS,BEARISH,average_down,3,88302.97,88350.0,-0.05323146576117582,208.503102180282
2025-12-21T13:25:59.359151+00:00,btc-updown-15m-1766322900,TRADE,UP,DIR_EMERGENCY,1,1,0.3100250455366888,0.3100250455366888,6.0,0.2783531959963789,6.0,0.7167698110340704,6,0.9951230070304493,0.02926195781730412,0.0,0,0,0,93.83219322699466,SUCCESS,BEARISH,emergency,3,88310.11,88350.0,-0.04514997170345152,183.93406229319277
2025-12-21T13:26:04.858186+00:00,btc-updown-15m-1766322900,TRADE,DOWN,DIR_AVERAGE_DOWN,1,1,0.7703482041223637,0.7703482041223637,6.0,0.2783531959963789,7.0,0.724423867189541,6,1.0027770631859199,-0.016662379115519155,1.0,0,0,0,93.06184502287229,SUCCESS,BEARISH,average_down,3,88294.52,88350.0,-0.06279569892472657,264.380509675945
2025-12-21T13:26:10.433983+00:00,btc-updown-15m-1766322900,TRADE,UP,DIR_EMERGENCY,1,1,0.24010053572264428,0.24010053572264428,7.0,0.27288853024298826,7.0,0.724423867189541,7,0.9973123974325293,0.01881321797229485,0.0,0,0,0,92.82174448714964,SUCCESS,BEARISH,emergency,3,88294.53,88350.0,-0.06278438030560404,239.19495455056457
2025-12-21T13:26:16.085033+00:00,btc-updown-15m-1766322900,TRADE,DOWN,DIR_AVERAGE_DOWN,1,1,0.7403599211360199,0.7403599211360199,7.0,0.27288853024298826,8.0,0.7264158739328508,7,0.999304404175839,0.004869170769127074,1.0,0,0,0,92.08138456601363,SUCCESS,BEARISH,average_down,3,88297.33,88350.0,-0.05961516694963016,245.30326443509537
2025-12-21T13:26:21.641032+00:00,btc-updown-15m-1766322900,TRADE,UP,DIR_EMERGENCY,1,1,0.2400101327372947,0.2400101327372947,8.0,0.2687787305547766,8.0,0.7264158739328508,8,0.9951946044876274,0.03844316409898063,0.0,0,0,0,91.84137443327633,SUCCESS,BEARISH,emergency,3,88297.34,88350.0,-0.05960384833050763,247.1440135789332
2025-12-21T13:26:27.236716+00:00,btc-updown-15m-1766322900,TRADE,DOWN,DIR_AVERAGE_DOWN,1,1,0.8100705852851698,0.8100705852851698,8.0,0.2687787305547766,9.0,0.7357108418608863,8,1.0044895724156628,-0.03591657932530268,1.0,0,0,0,91.03130384799115,SUCCESS,BEARISH,average_down,3,88293.03,88350.0,-0.06448217317487398,280.70144455458393
2025-12-21T13:26:32.923381+00:00,btc-updown-15m-1766322900,TRADE,UP,DIR_EMERGENCY,1,1,0.27004827625688077,0.27004827625688077,9.0,0.26891979118834375,9.0,0.7357108418608863,9,1.00463063304923,-0.041675697443070536,0.0,0,0,0,90.76125557173427,SUCCESS,BEARISH,emergency,3,88300.72,88350.0,-0.05577815506508074,241.6874933762976
2025-12-21T13:26:43.953525+00:00,btc-updown-15m-1766322900,TRADE,DOWN,DIR_AVERAGE_DOWN,1,1,0.8003595262679547,0.8003595262679547,9.0,0.26891979118834375,10.0,0.7421757103015931,9,1.0110955014899368,-0.09985951340943089,1.0,0,0,0,89.96089604546631,SUCCESS,BEARISH,average_down,3,88300.72,88350.0,-0.05577815506508074,344.6746555260615
2025-12-21T13:26:49.580156+00:00,btc-updown-15m-1766322900,TRADE,UP,DIR_EMERGENCY,1,1,0.22004935920204052,0.22004935920204052,10.0,0.26403274798971343,10.0,0.7421757103015931,10,1.0062084582913067,-0.06208458291306673,0.0,0,0,0,89.74084668626428,SUCCESS,BEARISH,emergency,3,88300.72,88350.0,-0.05577815506508074,343.74849520686314
2025-12-21T13:27:00.522265+00:00,btc-updown-15m-1766322900,TRADE,DOWN,DIR_AVERAGE_DOWN,1,1,0.7803093423230648,0.7803093423230648,10.0,0.26403274798971343,11.0,0.7456424041217269,10,1.0096751521114404,-0.09675152111440433,1.0,0,0,0,88.96053734394121,SUCCESS,BEARISH,average_down,3,88300.72,88350.0,-0.05577815506508074,317.6039260441186
2025-12-21T13:27:05.996337+00:00,btc-updown-15m-1766322900,TRADE,UP,DIR_EMERGENCY,1,1,0.2300428943190909,0.2300428943190909,11.0,0.2609427612923841,11.0,0.7456424041217269,11,1.006585165414111,-0.07243681955522008,0.0,0,0,0,88.73049444962211,SUCCESS,BEARISH,emergency,3,88305.13,88350.0,-0.050786644029423136,316.1698048591454
2025-12-21T13:27:11.565398+00:00,btc-updown-15m-1766322900,TRADE,DOWN,DIR_AVERAGE_DOWN,1,1,0.7903100273341014,0.7903100273341014,11.0,0.2609427612923841,12.0,0.7493647060560914,11,1.0103074673484755,-0.11338214083323095,1.0,0,0,0,87.94018442228801,SUCCESS,BEARISH,average_down,3,88305.12,88350.0,-0.05079796264856215,316.59829386171776
2025-12-21T13:27:17.045777+00:00,btc-updown-15m-1766322900,TRADE,UP,DIR_EMERGENCY,1,1,0.19004066486622015,0.19004066486622015,12.0,0.2550342532568704,12.0,0.7493647060560914,12,1.0043989593129619,-0.052787511755542305,0.0,0,0,0,87.7501437574218,SUCCESS,BEARISH,emergency,3,88305.13,88350.0,-0.050786644029423136,325.52957639726145
2025-12-21T13:27:22.542690+00:00,btc-updown-15m-1766322900,TRADE,DOWN,DIR_AVERAGE_DOWN,1,1,0.7801302952800709,0.7801302952800709,12.0,0.2550342532568704,13.0,0.7517312898425513,12,1.0067655430994218,-0.08118651719306147,1.0,0,0,0,86.97001346214172,SUCCESS,BEARISH,average_down,3,88305.13,88350.0,-0.050786644029423136,312.4350901576293
2025-12-21T13:27:28.035673+00:00,btc-updown-15m-1766322900,TRADE,UP,DIR_EMERGENCY,1,1,0.07000315505084259,0.07000315505084259,13.0,0.24080109185640675,13.0,0.7517312898425513,13,0.9925323816989581,0.097079037913545,0.0,0,0,0,86.90001030709088,SUCCESS,BEARISH,emergency,3,88231.32,88350.0,-0.13432937181663046,187.91940905980906
2025-12-21T13:30:03.451493+00:00,btc-updown-15m-1766322900,RESOLUTION,DOWN,MARKET_END,26,26,1.0000,12.9029,13,0.2408,13,0.7517,13,0.9925,0.0971,0.00,0.0000,0.0000,0.0971,99.90,RESOLVED
2025-12-21T13:30:28.426621+00:00,btc-updown-15m-1766323800,TRADE,DOWN,DIR_AVERAGE_DOWN,1,1,0.620199900744864,0.620199900744864,0.0,0.0,1.0,0.620199900744864,0,0,0.0,1.0,0,0,0,99.27981040634602,SUCCESS,BEARISH,average_down,3,88108.3,88212.34,-0.11794268239567571,214.27634999477925
2025-12-21T13:30:33.846802+00:00,btc-updown-15m-1766323800,TRADE,DOWN,DIR_AVERAGE_DOWN,1,1,0.5502079500913769,0.5502079500913769,0.0,0.0,2.0,0.5852039254181205,0,0,0.0,2.0,0,0,0,98.72960245625464,SUCCESS,BEARISH,average_down,3,88165.26,88212.34,-0.05337121767771011,121.92654425907031
2025-12-21T13:40:01.488661+00:00,btc-updown-15m-1766323800,TRADE,UP,DIR_EMERGENCY,2,2,0.030000678661791357,0.060001357323582714,2.0,0.030000678661791357,2.0,0.5852039254181205,2,0.6152046040799118,0.7695907918401763,0.0,0,0,0,98.66960109893105,SUCCESS,BEARISH,emergency,3,87912.96,88212.34,-0.33938562337195693,1385.5651524017499
2025-12-21T13:45:01.925624+00:00,btc-updown-15m-1766323800,RESOLUTION,DOWN,MARKET_END,4,4,1.0000,1.2304,2,0.0300,2,0.5852,2,0.6152,0.7696,0.00,0.0000,0.0000,0.7696,100.67,RESOLVED
2025-12-21T13:45:10.475132+00:00,btc-updown-15m-1766324700,TRADE,DOWN,DIR_AVERAGE_DOWN,1,1,0.5000273146542883,0.5000273146542883,0.0,0.0,1.0,0.5000273146542883,0,0,0.0,1.0,0,0,0,100.16957378427676,SUCCESS,BEARISH,average_down,3,87894.41,87934.72,-0.045840823738334154,188.45339961397906
2025-12-21T13:45:15.978838+00:00,btc-updown-15m-1766324700,TRADE,DOWN,DIR_AVERAGE_DOWN,1,1,0.4500435053259538,0.4500435053259538,0.0,0.0,2.0,0.47503540999012106,0,0,0.0,2.0,0,0,0,99.71953027895081,SUCCESS,BEARISH,average_down,3,87935.42,87934.72,0.0007960450661548586,3.204133871659922
2025-12-21T13:55:10.470602+00:00,btc-updown-15m-1766324700,TRADE,UP,DIR_EMERGENCY,2,2,0.07000003873598228,0.14000007747196455,2.0,0.07000003873598228,2.0,0.47503540999012106,2,0.5450354487261033,0.9099291025477934,0.0,0,0,0,99.57953020147885,SUCCESS,BEARISH,emergency,3,87708.93,87934.72,-0.25677002212551325,1002.3064309727145
2025-12-21T14:00:02.398249+00:00,btc-updown-15m-1766324700,RESOLUTION,DOWN,MARKET_END,4,4,1.0000,1.0901,2,0.0700,2,0.4750,2,0.5450,0.9099,0.00,0.0000,0.0000,0.9099,101.58,RESOLVED
2025-12-21T14:00:11.583564+00:00,btc-updown-15m-1766325600,TRADE,DOWN,DIR_AVERAGE_DOWN,1,1,0.4801095525110753,0.4801095525110753,0.0,0.0,1.0,0.4801095525110753,0,0,0.0,1.0,0,0,0,101.09942064896777,SUCCESS,BEARISH,average_down,3,87671.05,87670.1,0.0010836077522406037,4.052852556471061
2025-12-21T14:01:12.353967+00:00,btc-updown-15m-1766325600,TRADE,DOWN,DIR_AVERAGE_DOWN,1,1,0.27007421003517923,0.27007421003517923,0.0,0.0,2.0,0.37509188127312726,0,0,0.0,2.0,0,0,0,100.82934643893259,SUCCESS,BEARISH,average_down,3,87813.85,87670.1,0.1639669625105937,532.2364317987048
2025-12-21T14:01:40.207515+00:00,btc-updown-15m-1766325600,TRADE,UP,DIR_AVERAGE_DOWN,1,1,0.7600134135477535,0.7600134135477535,1.0,0.7600134135477535,2.0,0.37509188127312726,1,1.1351052948208809,-0.13510529482088085,1.0,0,0,0,100.06933302538484,SUCCESS,BULLISH,average_down,4,87804.19,87670.1,0.1529483826298778,339.44463629182377
2025-12-21T14:15:04.487502+00:00,btc-updown-15m-1766325600,RESOLUTION,UP,MARKET_END,3,3,1.0000,1.5102,1,0.7600,2,0.3751,1,1.1351,-0.1351,0.50,0.0000,0.0000,-0.5102,101.07,RESOLVED
2025-12-21T14:15:14.110331+00:00,btc-updown-15m-1766326500,TRADE,UP,DIR_AVERAGE_DOWN,1,1,0.5402489660905075,0.5402489660905075,1.0,0.5402489660905075,0.0,0.0,0,0,0.0,1.0,0,0,0,100.52908405929433,SUCCESS,BULLISH,average_down,4,87892.97,87887.27,0.006485580903806762,31.797388415902653
2025-12-21T14:25:02.699486+00:00,btc-updown-15m-1766326500,TRADE,DOWN,DIR_EMERGENCY,1,1,0.12004383899633332,0.12004383899633332,1.0,0.5402489660905075,1.0,0.12004383899633332,1,0.6602928050868409,0.33970719491315915,0.0,0,0,0,100.409040220298,SUCCESS,BULLISH,emergency,4,87973.82,87887.27,0.0984784258289089,454.69081593071047
2025-12-21T14:25:13.668109+00:00,btc-updown-15m-1766326500,TRADE,UP,DIR_AVERAGE_DOWN,1,1,0.7903640970612799,0.7903640970612799,2.0,0.6653065315758937,1.0,0.12004383899633332,1,0.785350370572227,0.214649629427773,1.0,0,0,0,99.61867612323671,SUCCESS,BULLISH,average_down,4,87947.59,87887.27,0.0686333754592587,337.8899223918685
2025-12-21T14:25:19.223637+00:00,btc-updown-15m-1766326500,TRADE,DOWN,DIR_EMERGENCY,1,1,0.22007058230957557,0.22007058230957557,2.0,0.6653065315758937,2.0,0.17005721065295445,2,0.8353637422288481,0.32927251554230375,0.0,0,0,0,99.39860554092714,SUCCESS,BULLISH,emergency,4,87947.58,87887.27,0.0686219972471527,341.53440302056146
2025-12-21T14:25:24.768403+00:00,btc-updown-15m-1766326500,TRADE,UP,DIR_AVERAGE_DOWN,1,1,0.8201004129942264,0.8201004129942264,3.0,0.7169044920486712,2.0,0.17005721065295445,2,0.8869617027016257,0.22607659459674867,1.0,0,0,0,98.57850512793291,SUCCESS,BULLISH,average_down,4,87947.59,87887.27,0.0686333754592587,362.53987542616426
2025-12-21T14:25:30.289742+00:00,btc-updown-15m-1766326500,TRADE,DOWN,DIR_EMERGENCY,1,1,0.18006371892548956,0.18006371892548956,3.0,0.7169044920486712,3.0,0.17339271341046616,3,0.8902972054591374,0.3291083836225879,0.0,0,0,0,98.39844140900742,SUCCESS,BULLISH,emergency,4,87947.58,87887.27,0.0686219972471527,382.249402216779
2025-12-21T14:25:35.923538+00:00,btc-updown-15m-1766326500,TRADE,UP,DIR_AVERAGE_DOWN,1,1,0.7501795936726399,0.7501795936726399,4.0,0.7252232674546635,3.0,0.17339271341046616,3,0.8986159808651296,0.30415205740461115,1.0,0,0,0,97.64826181533478,SUCCESS,BULLISH,average_down,4,87927.83,87887.27,0.04615002832605641,293.3091419392575
2025-12-21T14:25:47.155699+00:00,btc-updown-15m-1766326500,TRADE,DOWN,DIR_EMERGENCY,1,1,0.34000617049565857,0.34000617049565857,4.0,0.7252232674546635,4.0,0.21504607768176426,4,0.9402693451364277,0.23892261945428928,0.0,0,0,0,97.30825564483912,SUCCESS,BULLISH,emergency,4,87910.39,87887.27,0.026306426402817315,181.71556640703298
2025-12-21T14:25:52.687206+00:00,btc-updown-15m-1766326500,TRADE,UP,DIR_AVERAGE_DOWN,1,1,0.6801391680050475,0.6801391680050475,5.0,0.7162064475647403,4.0,0.21504607768176426,4,0.9312525252465045,0.2749898990139821,1.0,0,0,0,96.62811647683408,SUCCESS,BULLISH,average_down,4,87900.13,87887.27,0.014632380775965145,99.32497119599672
2025-12-21T14:25:58.130879+00:00,btc-updown-15m-1766326500,TRADE,DOWN,DIR_EMERGENCY,1,1,0.3801444783826534,0.3801444783826534,5.0,0.7162064475647403,5.0,0.24806575782194207,5,0.9642722053866823,0.17863897306658827,0.0,0,0,0,96.24797199845143,SUCCESS,BULLISH,emergency,4,87900.13,87887.27,0.014632380775965145,97.87088757571055
2025-12-21T14:26:09.096068+00:00,btc-updown-15m-1766326500,TRADE,UP,DIR_AVERAGE_DOWN,1,1,0.6903005411089423,0.6903005411089423,6.0,0.711888796488774,5.0,0.24806575782194207,5,0.9599545543107161,0.2002272284464196,1.0,0,0,0,95.5576714573425,SUCCESS,BULLISH,average_down,4,87912.4,87887.27,0.028593447037312803,72.42676353987862
2025-12-21T14:26:14.649778+00:00,btc-updown-15m-1766326500,TRADE,DOWN,DIR_EMERGENCY,1,1,0.4101830090806578,0.4101830090806578,6.0,0.711888796488774,6.0,0.2750852996983947,6,0.9869740961871687,0.07815542287698785,0.0,0,0,0,95.14748844826184,SUCCESS,BULLISH,emergency,4,87900.13,87887.27,0.014632380775965145,37.680926231368204
2025-12-21T14:26:20.277974+00:00,btc-updown-15m-1766326500,TRADE,UP,DIR_AVERAGE_DOWN,1,1,0.5902182544040346,0.5902182544040346,7.0,0.6945072904766684,6.0,0.2750852996983947,6,0.969592590175063,0.1824444589496217,1.0,0,0,0,94.5572701938578,SUCCESS,BULLISH,average_down,4,87889.56,87887.27,0.002605610573628692,7.288561307936726
2025-12-21T14:26:31.434930+00:00,btc-updown-15m-1766326500,TRADE,DOWN,DIR_EMERGENCY,1,1,0.4500365827949004,0.4500365827949004,7.0,0.6945072904766684,7.0,0.30007834014075263,7,0.994585630617421,0.03790058567805299,0.0,0,0,0,94.10723361106291,SUCCESS,BULLISH,emergency,4,87892.53,87887.27,0.005984939570878423,15.281090911033136
2025-12-21T14:26:42.664341+00:00,btc-updown-15m-1766326500,TRADE,UP,DIR_AVERAGE_DOWN,1,1,0.44013190287116377,0.44013190287116377,8.0,0.6627103670259803,7.0,0.30007834014075263,7,0.9627887071667329,0.2604790498328695,1.0,0,0,0,93.66710170819175,SUCCESS,BULLISH,average_down,4,87862.23,87887.27,-0.028491043128325805,75.55523815463575
2025-12-21T14:27:44.074060+00:00,btc-updown-15m-1766326500,TRADE,DOWN,DIR_EMERGENCY,1,1,0.5800122684875371,0.5800122684875371,8.0,0.6627103670259803,8.0,0.3350700811841007,8,0.9977804482100809,0.017756414319352487,0.0,0,0,0,93.08708943970422,SUCCESS,BEARISH,emergency,5,87862.22,87887.27,-0.02850242134043179,126.45816687714239
2025-12-21T14:27:49.571217+00:00,btc-updown-15m-1766326500,TRADE,DOWN,DIR_AVERAGE_DOWN,1,1,0.5001900472437729,0.5001900472437729,8.0,0.6627103670259803,9.0,0.3534167440796198,8,1.0161271111056,-0.12901688884480045,1.0,0,0,0,92.58689939246044,SUCCESS,BEARISH,average_down,5,87874.0,87887.27,-0.015098887472558966,67.41943044091153
2025-12-21T14:28:06.237791+00:00,btc-updown-15m-1766326500,TRADE,UP,DIR_EMERGENCY,1,1,0.570118680985773,0.570118680985773,9.0,0.6524224019104017,9.0,0.3534167440796198,9,1.0058391459900216,-0.05255231391019399,0.0,0,0,0,92.01678071147467,SUCCESS,BEARISH,emergency,5,87887.98,87887.27,0.0008078530599390001,3.7520071797915096
2025-12-21T14:28:11.828353+00:00,btc-updown-15m-1766326500,TRADE,DOWN,DIR_AVERAGE_DOWN,1,1,0.4001729671122298,0.4001729671122298,9.0,0.6524224019104017,10.0,0.35809236638288083,9,1.0105147682932825,-0.09463291463954215,1.0,0,0,0,91.61660774436244,SUCCESS,BEARISH,average_down,5,87887.99,87887.27,0.0008192312720615444,3.9268556024738013
2025-12-21T14:28:17.350454+00:00,btc-updown-15m-1766326500,TRADE,UP,DIR_EMERGENCY,1,1,0.600238661314367,0.600238661314367,10.0,0.6472040278507982,10.0,0.35809236638288083,10,1.005296394233679,-0.052963942336790026,0.0,0,0,0,91.01636908304808,SUCCESS,BEARISH,emergency,5,87887.99,87887.27,0.0008192312720615444,3.881816649181827
2025-12-21T14:28:22.805241+00:00,btc-updown-15m-1766326500,TRADE,DOWN,DIR_AVERAGE_DOWN,1,1,0.45014412924414665,0.45014412924414665,10.0,0.6472040278507982,11.0,0.36646070846117773,10,1.013664736311976,-0.13664736311975956,1.0,0,0,0,90.56622495380392,SUCCESS,BEARISH,average_down,5,87887.99,87887.27,0.0008192312720615444,4.0612673004952535
2025-12-21T14:28:28.357805+00:00,btc-updown-15m-1766326500,TRADE,UP,DIR_EMERGENCY,1,1,0.5702238920092507,0.5702238920092507,11.0,0.6402058336833848,11.0,0.36646070846117773,11,1.0066665421445626,-0.07333196359018901,0.0,0,0,0,89.99600106179467,SUCCESS,BEARISH,emergency,5,87887.98,87887.27,0.0008078530599390001,4.003506012218816
2025-12-21T14:28:33.951222+00:00,btc-updown-15m-1766326500,TRADE,DOWN,DIR_AVERAGE_DOWN,1,1,0.3300316511406912,0.3300316511406912,11.0,0.6402058336833848,12.0,0.36342495368447053,11,1.0036307873678554,-0.039938661046409196,1.0,0,0,0,89.66596941065399,SUCCESS,BEARISH,average_down,5,87895.23,87887.27,0.009057056841100936,47.45439014113605
2025-12-21T14:30:02.827010+00:00,btc-updown-15m-1766326500,RESOLUTION,UP,MARKET_END,23,23,1.0000,11.4034,11,0.6402,12,0.3634,11,1.0036,-0.0399,0.08,0.0000,0.0000,-0.4034,100.67,RESOLVED
2025-12-21T14:30:11.309149+00:00,btc-updown-15m-1766327400,TRADE,DOWN,DIR_AVERAGE_DOWN,1,1,0.520050750226856,0.520050750226856,0.0,0.0,1.0,0.520050750226856,0,0,0.0,1.0,0,0,0,100.14591866042713,SUCCESS,BEARISH,average_down,5,87890.96,87908.55,-0.020009430254504832,106.89061973614712
2025-12-21T14:30:55.091084+00:00,btc-updown-15m-1766327400,TRADE,DOWN,DIR_AVERAGE_DOWN,1,1,0.4201958821223366,0.4201958821223366,0.0,0.0,2.0,0.4701233161745963,0,0,0.0,2.0,0,0,0,99.72572277830479,SUCCESS,BEARISH,average_down,5,87959.55,87908.55,0.05801483473450535,277.48757299841895
2025-12-21T14:31:22.574906+00:00,btc-updown-15m-1766327400,TRADE,DOWN,DIR_AVERAGE_DOWN,1,1,0.32012617461954074,0.32012617461954074,0.0,0.0,3.0,0.42012426898957783,0,0,0.0,3.0,0,0,0,99.40559660368524,SUCCESS,BEARISH,average_down,5,88013.21,87908.55,0.1190555412414418,578.7130205108155
2025-12-21T14:31:33.696432+00:00,btc-updown-15m-1766327400,TRADE,DOWN,DIR_ACCUMULATE,1,1,0.3000211948966613,0.3000211948966613,0.0,0.0,4.0,0.3900985004663487,0,0,0.0,4.0,0,0,0,99.10557540878858,SUCCESS,BEARISH,accumulate,5,88007.8,87908.55,0.11290141857646382,510.6860930630098
2025-12-21T14:31:44.860744+00:00,btc-updown-15m-1766327400,TRADE,DOWN,DIR_ACCUMULATE,1,1,0.2900301902762917,0.2900301902762917,0.0,0.0,5.0,0.3700848384283373,0,0,0.0,5.0,0,0,0,98.81554521851228,SUCCESS,BEARISH,accumulate,5,88015.65,87908.55,0.12183115294245128,561.2294847801728
2025-12-21T14:31:55.734382+00:00,btc-updown-15m-1766327400,TRADE,DOWN,DIR_ACCUMULATE,1,1,0.3001348065233124,0.3001348065233124,0.0,0.0,6.0,0.3584264997774998,0,0,0.0,6.0,0,0,0,98.51541041198897,SUCCESS,BEARISH,accumulate,5,88019.01,87908.55,0.12565330676025466,557.6730219459151
2025-12-21T14:32:01.255342+00:00,btc-updown-15m-1766327400,TRADE,UP,DIR_REBALANCE,5,5,0.6896888201957353,3.4484441009786764,5.0,0.6896888201957353,6.0,0.3584264997774998,5,1.0481153199732351,-0.24057659986617574,1.0,0,0,0,95.06696631101029,SUCCESS,BEARISH,rebalance,5,88002.9,87908.55,0.10732744425882496,478.9134727856765
2025-12-21T14:32:06.897824+00:00,btc-updown-15m-1766327400,TRADE,DOWN,DIR_AVERAGE_DOWN,1,1,0.32013713061152993,0.32013713061152993,5.0,0.6896888201957353,7.0,0.35295658989664697,5,1.0426454100923823,-0.2132270504619116,2.0,0,0,0,94.74682918039876,SUCCESS,BEARISH,average_down,5,88003.99,87908.55,0.1085673691580652,443.7833127861956
2025-12-21T14:32:23.728508+00:00,btc-updown-15m-1766327400,TRADE,DOWN,DIR_AVERAGE_DOWN,1,1,0.2800150594309756,0.2800150594309756,5.0,0.6896888201957353,8.0,0.3438388985884381,5,1.0335277187841734,-0.16763859392086689,3.0,0,0,0,94.46681412096778,SUCCESS,BEARISH,average_down,5,88018.38,87908.55,0.12493665291942792,471.5275719754414
2025-12-21T14:32:29.275435+00:00,btc-updown-15m-1766327400,TRADE,DOWN,DIR_ACCUMULATE,1,1,0.28000100744598494,0.28000100744598494,5.0,0.6896888201957353,9.0,0.33674579957260997,5,1.0264346197683452,-0.1321730988417258,4.0,0,0,0,94.1868131135218,SUCCESS,BEARISH,accumulate,5,88019.1,87908.55,0.12575568588038696,471.13759506942523
2025-12-21T14:32:34.811414+00:00,btc-updown-15m-1766327400,TRADE,DOWN,DIR_ACCUMULATE,1,1,0.23006425352015933,0.23006425352015933,5.0,0.6896888201957353,10.0,0.3260776449673649,5,1.0157664651631002,-0.07883232581550104,5.0,0,0,0,93.95674886000164,SUCCESS,BEARISH,accumulate,5,88049.05,87908.55,0.1598251819646667,719.3868358723599
2025-12-21T14:32:40.265480+00:00,btc-updown-15m-1766327400,TRADE,DOWN,DIR_ACCUMULATE,1,1,0.24000260388016997,0.24000260388016997,5.0,0.6896888201957353,11.0,0.31825264123216535,5,1.0079414614279005,-0.03970730713950266,6.0,0,0,0,93.71674625612147,SUCCESS,BEARISH,accumulate,5,88039.16,87908.55,0.14857485420928973,671.4992345055076
2025-12-21T14:32:45.776095+00:00,btc-updown-15m-1766327400,TRADE,UP,DIR_REBALANCE,5,5,0.7303483453198126,3.651741726599063,10.0,0.710018582757774,11.0,0.31825264123216535,10,1.0282712239899392,-0.282712239899392,1.0,0,0,0,90.06500452952241,SUCCESS,BEARISH,rebalance,5,88026.14,87908.55,0.13376400816529962,697.5774471410638
2025-12-21T14:32:51.298798+00:00,btc-updown-15m-1766327400,TRADE,DOWN,DIR_AVERAGE_DOWN,1,1,0.2700078404384254,0.2700078404384254,10.0,0.710018582757774,12.0,0.31423224116602033,10,1.0242508239237944,-0.24250823923794407,2.0,0,0,0,89.79499668908399,SUCCESS,BEARISH,average_down,5,88026.14,87908.55,0.13376400816529962,716.1517484746655
2025-12-21T14:33:35.346965+00:00,btc-updown-15m-1766327400,TRADE,DOWN,DIR_AVERAGE_DOWN,1,1,0.24010051191752177,0.24010051191752177,10.0,0.710018582757774,13.0,0.3085298004545974,10,1.0185483832123714,-0.185483832123714,3.0,0,0,0,89.55489617716647,SUCCESS,BEARISH,average_down,5,88026.14,87908.55,0.13376400816529962,1176.6741377868843
2025-12-21T14:33:40.982481+00:00,btc-updown-15m-1766327400,TRADE,DOWN,DIR_ACCUMULATE,1,1,0.3000970467790065,0.3000970467790065,10.0,0.710018582757774,14.0,0.3079274609063409,10,1.0179460436641148,-0.17946043664114786,4.0,0,0,0,89.25479913038747,SUCCESS,BEARISH,accumulate,5,88000.01,87908.55,0.10403993695720364,831.9411491126473
2025-12-21T14:33:46.406655+00:00,btc-updown-15m-1766327400,TRADE,DOWN,DIR_ACCUMULATE,1,1,0.29003309853844805,0.29003309853844805,10.0,0.710018582757774,15.0,0.306734503415148,10,1.016753086172922,-0.16753086172921927,5.0,0,0,0,88.96476603184902,SUCCESS,BEARISH,accumulate,5,88000.01,87908.55,0.10403993695720364,644.2097769834888
2025-12-21T14:45:02.366127+00:00,btc-updown-15m-1766327400,RESOLUTION,UP,MARKET_END,25,25,1.0000,11.7012,10,0.7100,15,0.3067,10,1.0168,-0.1675,0.33,0.0000,0.0000,-1.7012,98.96,RESOLVED
2025-12-21T14:45:10.914079+00:00,btc-updown-15m-1766328300,TRADE,DOWN,DIR_AVERAGE_DOWN,1,1,0.5202009586943308,0.5202009586943308,0.0,0.0,1.0,0.5202009586943308,0,0,0.0,1.0,0,0,0,98.44456507315469,SUCCESS,BEARISH,average_down,5,88050.58,88050.57,1.1357109891237853e-05,0.04351538096635577
2025-12-21T14:49:07.881488+00:00,btc-updown-15m-1766328300,TRADE,DOWN,DIR_AVERAGE_DOWN,1,1,0.46017347526346114,0.46017347526346114,0.0,0.0,2.0,0.490187216978896,0,0,0.0,2.0,0,0,0,97.98439159789123,SUCCESS,BEARISH,average_down,5,88052.9,88050.57,0.0026462066060301418,34.02144495070717
2025-12-21T14:49:35.520554+00:00,btc-updown-15m-1766328300,TRADE,DOWN,DIR_AVERAGE_DOWN,1,1,0.4101487827904232,0.4101487827904232,0.0,0.0,3.0,0.4635077389160718,0,0,0.0,3.0,0,0,0,97.5742428151008,SUCCESS,BEARISH,average_down,5,88079.43,88050.57,0.03277661916326723,285.3903935984614
2025-12-21T14:49:41.099844+00:00,btc-updown-15m-1766328300,TRADE,DOWN,DIR_ACCUMULATE,1,1,0.5101729567497465,0.5101729567497465,0.0,0.0,4.0,0.47517404337449043,0,0,0.0,4.0,0,0,0,97.06406985835106,SUCCESS,BEARISH,accumulate,5,88056.87,88050.57,0.007154979235214897,44.31387504310018
2025-12-21T14:49:52.084548+00:00,btc-updown-15m-1766328300,TRADE,DOWN,DIR_ACCUMULATE,1,1,0.5302610461042775,0.5302610461042775,0.0,0.0,5.0,0.4861914439204479,0,0,0.0,5.0,0,0,0,96.53380881224679,SUCCESS,BEARISH,accumulate,5,88041.88,88050.57,-0.009869328500658574,56.29495666202979
2025-12-21T14:50:03.253548+00:00,btc-updown-15m-1766328300,TRADE,DOWN,DIR_ACCUMULATE,1,1,0.5501083728934569,0.5501083728934569,0.0,0.0,6.0,0.49684426541594934,0,0,0.0,6.0,0,0,0,95.98370043935333,SUCCESS,BEARISH,accumulate,5,88041.89,88050.57,-0.009857971390767335,56.42234070075581
2025-12-21T14:50:08.739810+00:00,btc-updown-15m-1766328300,TRADE,UP,DIR_REBALANCE,5,5,0.3900548421165388,1.950274210582694,5.0,0.3900548421165388,6.0,0.49684426541594934,5,0.8868991075324881,0.5655044623375594,1.0,0,0,0,94.03342622877064,SUCCESS,BEARISH,rebalance,5,88033.08,88050.57,-0.01986358521018687,116.43196470127197
2025-12-21T14:50:14.428980+00:00,btc-updown-15m-1766328300,TRADE,DOWN,DIR_AVERAGE_DOWN,1,1,0.6902087042918071,0.6902087042918071,5.0,0.3900548421165388,7.0,0.5244677566839291,5,0.9145225988004679,0.42738700599766033,2.0,0,0,0,93.34321752447883,SUCCESS,BEARISH,average_down,5,88013.13,88050.57,-0.04252101945507261,242.27290232527415
2025-12-21T14:54:35.688149+00:00,btc-updown-15m-1766328300,TRADE,DOWN,DIR_AVERAGE_DOWN,1,1,0.49002482155416677,0.49002482155416677,5.0,0.3900548421165388,8.0,0.5201623897927088,5,0.9102172319092476,0.4489138404537618,3.0,0,0,0,92.85319270292466,SUCCESS,BEARISH,average_down,5,88050.43,88050.57,-0.00015899953857649056,0.8967745640633563
2025-12-21T14:54:41.297092+00:00,btc-updown-15m-1766328300,TRADE,DOWN,DIR_ACCUMULATE,1,1,0.3400857443615875,0.3400857443615875,5.0,0.3900548421165388,9.0,0.5001538736336953,5,0.8902087157502341,0.5489564212488296,4.0,0,0,0,92.51310695856307,SUCCESS,BEARISH,accumulate,5,88079.99,88050.57,0.03341261731752362,156.5839346207341
2025-12-21T14:54:52.309078+00:00,btc-updown-15m-1766328300,TRADE,DOWN,DIR_ACCUMULATE,1,1,0.43013871021853084,0.43013871021853084,5.0,0.3900548421165388,10.0,0.4931523572921789,5,0.8832071994087176,0.5839640029564119,5.0,0,0,0,92.08296824834454,SUCCESS,BEARISH,accumulate,5,88079.99,88050.57,0.03341261731752362,159.06506742703718
2025-12-21T14:54:57.868768+00:00,btc-updown-15m-1766328300,TRADE,DOWN,DIR_ACCUMULATE,1,1,0.4100485218392716,0.4100485218392716,5.0,0.3900548421165388,11.0,0.4855974631600964,5,0.8756523052766352,0.6217384736168241,6.0,0,0,0,91.67291972650527,SUCCESS,BEARISH,accumulate,5,88068.69,88050.57,0.020579083133698443,94.78019453987204
2025-12-21T14:55:03.346344+00:00,btc-updown-15m-1766328300,TRADE,UP,DIR_EMERGENCY,6,6,0.5000954743675947,3.0005728462055683,11.0,0.4500770051625693,11.0,0.4855974631600964,11,0.9356744683226657,0.7075808484506778,0.0,0,0,0,88.6723468802997,SUCCESS,BEARISH,emergency,5,88051.58,88050.57,0.001147068099609987,4.961704330476484
2025-12-21T14:55:08.900502+00:00,btc-updown-15m-1766328300,TRADE,DOWN,DIR_AVERAGE_DOWN,1,1,0.5402406028132956,0.5402406028132956,11.0,0.4500770051625693,12.0,0.4901510581311963,11,0.9402280632937656,0.6574913037685781,1.0,0,0,0,88.1321062774864,SUCCESS,BEARISH,average_down,5,88051.58,88050.57,0.001147068099609987,4.955563145878096
2025-12-21T14:55:14.500544+00:00,btc-updown-15m-1766328300,TRADE,UP,DIR_EMERGENCY,1,1,0.4999507536832095,0.4999507536832095,12.0,0.45423315087262267,12.0,0.4901510581311963,12,0.944384209003819,0.6673894919541716,0.0,0,0,0,87.63215552380319,SUCCESS,BEARISH,emergency,5,88042.01,88050.57,-0.009721686072006375,42.46066019268416
2025-12-21T14:55:19.988975+00:00,btc-updown-15m-1766328300,TRADE,DOWN,DIR_AVERAGE_DOWN,1,1,0.49018531057599435,0.49018531057599435,12.0,0.45423315087262267,13.0,0.49015369293464234,12,0.944386843807265,0.6673578743128199,1.0,0,0,0,87.1419702132272,SUCCESS,BEARISH,average_down,5,88045.84,88050.57,-0.005371912981381582,23.942227391910826
2025-12-21T14:55:25.667104+00:00,btc-updown-15m-1766328300,TRADE,UP,DIR_EMERGENCY,1,1,0.5800979846901574,0.5800979846901574,13.0,0.4639150611662792,13.0,0.49015369293464234,13,0.9540687541009215,0.5971061966880203,0.0,0,0,0,86.56187222853704,SUCCESS,BEARISH,emergency,5,88052.57,88050.57,0.002271421979437498,10.398005703941676
2025-12-21T14:55:31.148268+00:00,btc-updown-15m-1766328300,TRADE,DOWN,DIR_AVERAGE_DOWN,1,1,0.44000464915655746,0.44000464915655746,13.0,0.4639150611662792,14.0,0.4865716183790648,13,0.9504866795453439,0.6436731659105288,1.0,0,0,0,86.12186757938048,SUCCESS,BEARISH,average_down,5,88061.4,88050.57,0.012299750018639508,55.92865935206253
2025-12-21T14:55:47.771220+00:00,btc-updown-15m-1766328300,TRADE,UP,DIR_EMERGENCY,1,1,0.5300605785274293,0.5300605785274293,14.0,0.4686397409777899,14.0,0.4865716183790648,14,0.9552113593568548,0.6270409690040335,0.0,0,0,0,85.59180700085305,SUCCESS,BEARISH,emergency,5,88061.39,88050.57,0.012288392908748271,57.68522511357537
2025-12-21T14:55:53.352716+00:00,btc-updown-15m-1766328300,TRADE,DOWN,DIR_AVERAGE_DOWN,1,1,0.47019852407120943,0.47019852407120943,14.0,0.4686397409777899,15.0,0.4854800787585411,14,0.954119819736331,0.6423225236913663,1.0,0,0,0,85.12160847678184,SUCCESS,BEARISH,average_down,5,88061.39,88050.57,0.012288392908748271,58.09918190423342
2025-12-21T14:55:58.928953+00:00,btc-updown-15m-1766328300,TRADE,UP,DIR_EMERGENCY,1,1,0.5701686089471948,0.5701686089471948,15.0,0.4754083321757502,15.0,0.4854800787585411,15,0.9608884109342912,0.5866738359856316,0.0,0,0,0,84.55143986783465,SUCCESS,BEARISH,emergency,5,88061.4,88050.57,0.012299750018639508,63.76395281225525
2025-12-21T15:00:04.705040+00:00,btc-updown-15m-1766328300,RESOLUTION,UP,MARKET_END,30,30,1.0000,14.4133,15,0.4754,15,0.4855,15,0.9609,0.5867,0.00,0.0000,0.0000,0.5867,99.55,RESOLVED
2025-12-21T15:00:13.442839+00:00,btc-updown-15m-1766329200,TRADE,DOWN,DIR_AVERAGE_DOWN,1,1,0.5100756031603288,0.5100756031603288,0.0,0.0,1.0,0.5100756031603288,0,0,0.0,1.0,0,0,0,99.04136426467431,SUCCESS,BEARISH,average_down,5,88067.1,88065.18,0.0021802033448552606,11.162173424271097
2025-12-21T15:10:06.024126+00:00,btc-updown-15m-1766329200,TRADE,UP,DIR_EMERGENCY,1,1,0.050014834306118784,0.050014834306118784,1.0,0.050014834306118784,1.0,0.5100756031603288,1,0.5600904374664476,0.4399095625335524,0.0,0,0,0,98.99134943036819,SUCCESS,BEARISH,emergency,5,87969.72,88065.18,-0.10839698505129026,16518.04297023797
2025-12-21T15:12:26.327962+00:00,btc-updown-15m-1766329200,TRADE,DOWN,DIR_AVERAGE_DOWN,1,1,0.8403198565317449,0.8403198565317449,1.0,0.050014834306118784,2.0,0.6751977298460369,1,0.7252125641521556,0.2747874358478444,1.0,0,0,0,98.15102957383644,SUCCESS,BEARISH,average_down,5,88031.71,88065.18,-0.03800594059989046,139.68478141376735
2025-12-21T15:12:31.953271+00:00,btc-updown-15m-1766329200,TRADE,UP,DIR_EMERGENCY,1,1,0.17005610486611875,0.17005610486611875,2.0,0.11003546958611876,2.0,0.6751977298460369,2,0.7852331994321556,0.4295336011356887,0.0,0,0,0,97.98097346897032,SUCCESS,BEARISH,emergency,5,88031.71,88065.18,-0.03800594059989046,139.1791637794807
2025-12-21T15:12:37.554406+00:00,btc-updown-15m-1766329200,TRADE,DOWN,DIR_AVERAGE_DOWN,1,1,0.8701064671072537,0.8701064671072537,2.0,0.11003546958611876,3.0,0.7401673089331092,2,0.850202778519228,0.299594442961544,1.0,0,0,0,97.11086700186307,SUCCESS,BEARISH,average_down,5,88031.72,88065.18,-0.03799458537414203,139.18387491028534
2025-12-21T15:12:43.242266+00:00,btc-updown-15m-1766329200,TRADE,UP,DIR_EMERGENCY,1,1,0.1400034708316278,0.1400034708316278,3.0,0.12002480333462177,3.0,0.7401673089331092,3,0.860192112267731,0.41942366319680713,0.0,0,0,0,96.97086353103144,SUCCESS,BEARISH,emergency,5,88031.71,88065.18,-0.03800594059989046,139.3628746778514
2025-12-21T15:15:04.498780+00:00,btc-updown-15m-1766329200,RESOLUTION,DOWN,MARKET_END,6,6,1.0000,2.5806,3,0.1200,3,0.7402,3,0.8602,0.4194,0.00,0.0000,0.0000,0.4194,99.97,RESOLVED
2025-12-21T15:15:18.924962+00:00,btc-updown-15m-1766330100,TRADE,DOWN,DIR_AVERAGE_DOWN,1,1,0.4700787744587404,0.4700787744587404,0.0,0.0,1.0,0.4700787744587404,0,0,0.0,1.0,0,0,0,99.5007847565727,SUCCESS,BEARISH,average_down,5,87939.49,87943.53,-0.004593856989813346,30.334384192428537
2025-12-21T15:15:24.607297+00:00,btc-updown-15m-1766330100,TRADE,DOWN,DIR_AVERAGE_DOWN,1,1,0.4100756749188268,0.4100756749188268,0.0,0.0,2.0,0.44007722468878363,0,0,0.0,2.0,0,0,0,99.09070908165387,SUCCESS,BEARISH,average_down,5,87970.53,87943.53,0.030701519486424984,152.5315476308806
2025-12-21T15:25:06.761276+00:00,btc-updown-15m-1766330100,TRADE,UP,DIR_EMERGENCY,2,2,0.1300307972468983,0.2600615944937966,2.0,0.1300307972468983,2.0,0.44007722468878363,2,0.570108021935682,0.859783956128636,0.0,0,0,0,98.83064748716008,SUCCESS,BEARISH,emergency,5,87874.21,87943.53,-0.07882330854810177,382.4086797498059
2025-12-21T15:25:12.557437+00:00,btc-updown-15m-1766330100,TRADE,DOWN,DIR_AVERAGE_DOWN,1,1,0.8403165196742389,0.8403165196742389,2.0,0.1300307972468983,3.0,0.5734903230172687,2,0.7035211202641669,0.5929577594716662,1.0,0,0,0,97.99033096748585,SUCCESS,BEARISH,average_down,5,87881.5,87943.53,-0.0705338982867743,313.25824314256903
2025-12-21T15:25:18.159388+00:00,btc-updown-15m-1766330100,TRADE,UP,DIR_EMERGENCY,1,1,0.17004547386268298,0.17004547386268298,3.0,0.1433690227854932,3.0,0.5734903230172687,3,0.7168593458027619,0.8494219625917143,0.0,0,0,0,97.82028549362316,SUCCESS,BEARISH,emergency,5,87881.49,87943.53,-0.07054526921991146,308.5451458075605
2025-12-21T15:25:23.796975+00:00,btc-updown-15m-1766330100,TRADE,DOWN,DIR_AVERAGE_DOWN,1,1,0.8503857552406885,0.8503857552406885,3.0,0.1433690227854932,4.0,0.6427141810731236,3,0.7860832038586169,0.6417503884241494,1.0,0,0,0,96.96989973838247,SUCCESS,BEARISH,average_down,5,87881.49,87943.53,-0.07054526921991146,308.8622903177239
2025-12-21T15:25:29.570160+00:00,btc-updown-15m-1766330100,TRADE,UP,DIR_EMERGENCY,1,1,0.15003508005489163,0.15003508005489163,4.0,0.1450355371028428,4.0,0.6427141810731236,4,0.7877497181759664,0.8490011272961344,0.0,0,0,0,96.81986465832757,SUCCESS,BEARISH,emergency,5,87882.22,87943.53,-0.06971519110046831,318.7717877929991
2025-12-21T15:25:40.937323+00:00,btc-updown-15m-1766330100,TRADE,DOWN,DIR_AVERAGE_DOWN,1,1,0.8400208804682158,0.8400208804682158,4.0,0.1450355371028428,5.0,0.6821755209521421,4,0.8272110580549848,0.6911557677800606,1.0,0,0,0,95.97984377785936,SUCCESS,BEARISH,average_down,5,87882.78,87943.53,-0.06907841884445622,306.7061095514573
2025-12-21T15:25:46.469850+00:00,btc-updown-15m-1766330100,TRADE,UP,DIR_EMERGENCY,1,1,0.1500299044380873,0.1500299044380873,5.0,0.1460344105698917,5.0,0.6821755209521421,5,0.8282099315220337,0.8589503423898315,0.0,0,0,0,95.82981387342127,SUCCESS,BEARISH,emergency,5,87882.78,87943.53,-0.06907841884445622,340.5981253214343
2025-12-21T15:26:08.872351+00:00,btc-updown-15m-1766330100,TRADE,DOWN,DIR_AVERAGE_DOWN,1,1,0.8203557975260899,0.8203557975260899,5.0,0.1460344105698917,6.0,0.7052055670478,5,0.8512399776176918,0.7438001119115412,1.0,0,0,0,95.00945807589518,SUCCESS,BEARISH,average_down,5,87887.79,87943.53,-0.06338158133975887,407.8415344507709
2025-12-21T15:26:14.404551+00:00,btc-updown-15m-1766330100,TRADE,UP,DIR_EMERGENCY,1,1,0.2000319327931134,0.2000319327931134,6.0,0.15503399760709533,6.0,0.7052055670478,6,0.8602395646548954,0.8385626120706278,0.0,0,0,0,94.80942614310207,SUCCESS,BEARISH,emergency,5,87900.0,87943.53,-0.04949767197200162,231.28446092042287
2025-12-21T15:26:20.178477+00:00,btc-updown-15m-1766330100,TRADE,DOWN,DIR_AVERAGE_DOWN,1,1,0.7803007766350216,0.7803007766350216,6.0,0.15503399760709533,7.0,0.7159334541316887,6,0.8709674517387841,0.7741952895672954,1.0,0,0,0,94.02912536646706,SUCCESS,BEARISH,average_down,5,87899.99,87943.53,-0.049509042905138786,227.8774326384754
2025-12-21T15:26:25.784516+00:00,btc-updown-15m-1766330100,TRADE,UP,DIR_EMERGENCY,1,1,0.21006980610694598,0.21006980610694598,7.0,0.16289625596421684,7.0,0.7159334541316887,7,0.8788297100959056,0.8481920293286608,0.0,0,0,0,93.81905556036011,SUCCESS,BEARISH,emergency,5,87900.0,87943.53,-0.04949767197200162,225.6841548368679
2025-12-21T15:26:31.267017+00:00,btc-updown-15m-1766330100,TRADE,DOWN,DIR_AVERAGE_DOWN,1,1,0.8301209361298687,0.8301209361298687,7.0,0.16289625596421684,8.0,0.7302068893814613,7,0.8931031453456781,0.748277982580253,1.0,0,0,0,92.98893462423024,SUCCESS,BEARISH,average_down,5,87899.99,87943.53,-0.049509042905138786,206.6050733912977
2025-12-21T15:26:36.863664+00:00,btc-updown-15m-1766330100,TRADE,UP,DIR_EMERGENCY,1,1,0.11003177353778545,0.11003177353778545,8.0,0.1562881956609129,8.0,0.7302068893814613,8,0.8864950850423742,0.9080393196610066,0.0,0,0,0,92.87890285069246,SUCCESS,BEARISH,emergency,5,87882.79,87943.53,-0.06906704791131904,278.205034822647
2025-12-21T15:30:01.753895+00:00,btc-updown-15m-1766330100,RESOLUTION,DOWN,MARKET_END,16,16,1.0000,7.0920,8,0.1563,8,0.7302,8,0.8865,0.9080,0.00,0.0000,0.0000,0.9080,100.88,RESOLVED
2025-12-21T18:00:07.247599+00:00,btc-updown-15m-1766340000,TRADE,UP,DIR_AVERAGE_DOWN,1,1,0.4301615759025649,0.4301615759025649,1.0,0.4301615759025649,0.0,0.0,0,0,0.0,1.0,0,0,0,99.56983842409744,SUCCESS,BULLISH,average_down,0,88306.18,88324.14,-0.020334191762304624,2318.1544260647847
2025-12-21T18:01:07.503477+00:00,btc-updown-15m-1766340000,TRADE,UP,DIR_AVERAGE_DOWN,1,1,0.3301494029290929,0.3301494029290929,2.0,0.3801554894158289,0.0,0.0,0,0,0.0,2.0,0,0,0,99.23968902116835,SUCCESS,BULLISH,average_down,0,88284.0,88324.14,-0.04544623927275082,362.50103078153865
2025-12-21T18:01:24.155783+00:00,btc-updown-15m-1766340000,TRADE,UP,DIR_AVERAGE_DOWN,1,1,0.25010558194151733,0.25010558194151733,3.0,0.3368055202577251,0.0,0.0,0,0,0.0,3.0,0,0,0,98.98958343922683,SUCCESS,BULLISH,average_down,0,88258.01,88324.14,-0.07487194327621492,518.4519783461569
2025-12-21T18:01:29.702520+00:00,btc-updown-15m-1766340000,TRADE,UP,DIR_ACCUMULATE,1,1,0.2500038644568312,0.2500038644568312,4.0,0.3151051063075016,0.0,0.0,0,0,0.0,4.0,0,0,0,98.73957957477,SUCCESS,BULLISH,accumulate,0,88258.01,88324.14,-0.07487194327621492,518.5710660241849
2025-12-21T18:01:35.279960+00:00,btc-updown-15m-1766340000,TRADE,UP,DIR_ACCUMULATE,1,1,0.23005773085254808,0.23005773085254808,5.0,0.2980956312165109,0.0,0.0,0,0,0.0,5.0,0,0,0,98.50952184391745,SUCCESS,BULLISH,accumulate,0,88258.01,88324.14,-0.07487194327621492,518.3433946219918
2025-12-21T18:01:40.811502+00:00,btc-updown-15m-1766340000,TRADE,UP,DIR_ACCUMULATE,1,1,0.2200464363103699,0.2200464363103699,6.0,0.2850874320654874,0.0,0.0,0,0,0.0,6.0,0,0,0,98.28947540760709,SUCCESS,BULLISH,accumulate,0,88258.0,88324.14,-0.0748832652092615,518.6509136823086
2025-12-21T18:01:46.207478+00:00,btc-updown-15m-1766340000,TRADE,DOWN,DIR_REBALANCE,5,5,0.7703737035412412,3.8518685177062064,6.0,0.2850874320654874,5.0,0.7703737035412412,5,1.0554611356067287,-0.2773056780336436,1.0,0,0,0,94.43760688990088,SUCCESS,BEARISH,rebalance,1,88258.01,88324.14,-0.07487194327621492,525.0637204975831
2025-12-21T18:15:01.252016+00:00,btc-updown-15m-1766340000,RESOLUTION,DOWN,MARKET_END,11,11,1.0000,5.5624,6,0.2851,5,0.7704,5,1.0555,-0.2773,0.17,0.0000,0.0000,-0.5624,99.44,RESOLVED
2025-12-21T18:15:10.180545+00:00,btc-updown-15m-1766340900,TRADE,DOWN,DIR_AVERAGE_DOWN,1,1,0.5102290566276114,0.5102290566276114,0.0,0.0,1.0,0.5102290566276114,0,0,0.0,1.0,0,0,0,98.92737783327327,SUCCESS,BEARISH,average_down,1,87968.98,87986.61,-0.02003713974206377,112.61295834370603
2025-12-21T18:15:37.457814+00:00,btc-updown-15m-1766340900,TRADE,DOWN,DIR_AVERAGE_DOWN,1,1,0.44001330270222433,0.44001330270222433,0.0,0.0,2.0,0.47512117966491785,0,0,0.0,2.0,0,0,0,98.48736453057104,SUCCESS,BEARISH,average_down,1,87982.9,87986.61,-0.0042165506774342176,22.91719204379374
2025-12-21T18:15:53.771892+00:00,btc-updown-15m-1766340900,TRADE,DOWN,DIR_AVERAGE_DOWN,1,1,0.39018885351199584,0.39018885351199584,0.0,0.0,3.0,0.4468104042806105,0,0,0.0,3.0,0,0,0,98.09717567705904,SUCCESS,BEARISH,average_down,1,88007.07,87986.61,0.023253538237245876,120.77976501821354
2025-12-21T18:15:59.276076+00:00,btc-updown-15m-1766340900,TRADE,DOWN,DIR_ACCUMULATE,1,1,0.40011682094513534,0.40011682094513534,0.0,0.0,4.0,0.4351370084467417,0,0,0.0,4.0,0,0,0,97.69705885611391,SUCCESS,BEARISH,accumulate,1,88007.07,87986.61,0.023253538237245876,121.12835801068084
2025-12-21T18:16:04.713718+00:00,btc-updown-15m-1766340900,TRADE,DOWN,DIR_ACCUMULATE,1,1,0.41000337969071954,0.41000337969071954,0.0,0.0,5.0,0.4301102826955373,0,0,0.0,5.0,0,0,0,97.28705547642319,SUCCESS,BEARISH,accumulate,1,88004.43,87986.61,0.020253081690489536,113.44248449214201
2025-12-21T18:16:10.233917+00:00,btc-updown-15m-1766340900,TRADE,DOWN,DIR_ACCUMULATE,1,1,0.38003383006723596,0.38003383006723596,0.0,0.0,6.0,0.42176420725748703,0,0,0.0,6.0,0,0,0,96.90702164635596,SUCCESS,BEARISH,accumulate,1,88007.08,87986.61,0.02326490360294727,129.79383936764364
2025-12-21T18:16:15.725770+00:00,btc-updown-15m-1766340900,TRADE,UP,DIR_REBALANCE,5,5,0.6600758500004862,3.3003792500024307,5.0,0.6600758500004862,6.0,0.42176420725748703,5,1.0818400572579732,-0.4092002862898658,1.0,0,0,0,93.60664239635352,SUCCESS,BEARISH,rebalance,1,88011.68,87986.61,0.02849297182831846,167.0590528345294
2025-12-21T18:16:21.186655+00:00,btc-updown-15m-1766340900,TRADE,DOWN,DIR_AVERAGE_DOWN,1,1,0.38001524430212785,0.38001524430212785,5.0,0.6600758500004862,7.0,0.41580006969243577,5,1.075875919692922,-0.3793795984646098,2.0,0,0,0,93.22662715205139,SUCCESS,BEARISH,average_down,1,88020.19,87986.61,0.038164898045284106,237.9981574921815
2025-12-21T18:16:26.630851+00:00,btc-updown-15m-1766340900,TRADE,DOWN,DIR_AVERAGE_DOWN,1,1,0.34000756542285326,0.34000756542285326,5.0,0.6600758500004862,8.0,0.40632600665873797,5,1.0664018566592242,-0.3320092832961208,3.0,0,0,0,92.88661958662854,SUCCESS,BEARISH,average_down,1,88020.77,87986.61,0.0388240892563124,194.5843346400501
2025-12-21T18:16:32.171797+00:00,btc-updown-15m-1766340900,TRADE,DOWN,DIR_ACCUMULATE,1,1,0.320056267189364,0.320056267189364,5.0,0.6600758500004862,9.0,0.39674048005102974,5,1.0568163300515159,-0.28408165025757937,4.0,0,0,0,92.56656331943918,SUCCESS,BEARISH,accumulate,1,88032.74,87986.61,0.05242843200801196,254.45572613670774
2025-12-21T18:16:37.645982+00:00,btc-updown-15m-1766340900,TRADE,DOWN,DIR_ACCUMULATE,1,1,0.28010181222029334,0.28010181222029334,5.0,0.6600758500004862,10.0,0.3850766132679561,5,1.0451524632684424,-0.22576231634221178,5.0,0,0,0,92.28646150721889,SUCCESS,BEARISH,accumulate,1,88044.96,87986.61,0.06631690890239528,324.93211994492276
2025-12-21T18:16:48.500554+00:00,btc-updown-15m-1766340900,TRADE,DOWN,DIR_ACCUMULATE,1,1,0.31009740035272,0.31009740035272,5.0,0.6600758500004862,11.0,0.37826032118475283,5,1.038336171185239,-0.1916808559261951,6.0,0,0,0,91.97636410686617,SUCCESS,BEARISH,accumulate,1,88045.83,87986.61,0.06730569571892946,330.09780023448815
2025-12-21T18:16:53.911698+00:00,btc-updown-15m-1766340900,TRADE,UP,DIR_REBALANCE,5,5,0.7300766858399597,3.650383429199798,10.0,0.6950762679202229,11.0,0.37826032118475283,10,1.0733365891049758,-0.7333658910497576,1.0,0,0,0,88.32598067766638,SUCCESS,BEARISH,rebalance,1,88045.83,87986.61,0.06730569571892946,328.89908437927454
2025-12-21T18:16:59.372163+00:00,btc-updown-15m-1766340900,TRADE,DOWN,DIR_AVERAGE_DOWN,1,1,0.2801128692430249,0.2801128692430249,10.0,0.6950762679202229,12.0,0.3700813668562755,10,1.0651576347764984,-0.6515763477649839,2.0,0,0,0,88.04586780842335,SUCCESS,BEARISH,average_down,1,88045.84,87986.61,0.06731706108463086,331.2043675639968
2025-12-21T18:17:04.811317+00:00,btc-updown-15m-1766340900,TRADE,UP,DIR_AVERAGE_DOWN,1,1,0.75036225221269,0.75036225221269,11.0,0.7001022664922654,12.0,0.3700813668562755,11,1.0701836333485408,-0.7720199668339491,1.0,0,0,0,87.29550555621066,SUCCESS,BULLISH,average_down,2,88060.0,87986.61,0.08341041892624278,390.1166305667642
2025-12-21T18:30:03.919812+00:00,btc-updown-15m-1766340900,RESOLUTION,UP,MARKET_END,23,23,1.0000,12.1421,11,0.7001,12,0.3701,11,1.0702,-0.7720,0.08,0.0000,0.0000,-1.1421,98.30,RESOLVED
2025-12-21T18:30:12.727655+00:00,btc-updown-15m-1766341800,TRADE,UP,DIR_AVERAGE_DOWN,1,1,0.5101710730871667,0.5101710730871667,1.0,0.5101710730871667,0.0,0.0,0,0,0.0,1.0,0,0,0,97.78533448312349,SUCCESS,BULLISH,average_down,2,88126.25,88126.25,0.0,0.023291728945702
2025-12-21T18:40:02.577716+00:00,btc-updown-15m-1766341800,TRADE,DOWN,DIR_EMERGENCY,1,1,0.020003741492744597,0.020003741492744597,1.0,0.5101710730871667,1.0,0.020003741492744597,1,0.5301748145799113,0.46982518542008866,0.0,0,0,0,97.76533074163075,SUCCESS,BULLISH,emergency,2,88272.82,88126.25,0.16631820825237315,1116.377612364691
2025-12-21T18:45:04.585689+00:00,btc-updown-15m-1766341800,RESOLUTION,UP,MARKET_END,2,2,1.0000,0.5302,1,0.5102,1,0.0200,1,0.5302,0.4698,0.00,0.0000,0.0000,0.4698,98.77,RESOLVED
2025-12-21T18:45:13.247796+00:00,btc-updown-15m-1766342700,TRADE,UP,DIR_AVERAGE_DOWN,1,1,0.4801687691544171,0.4801687691544171,1.0,0.4801687691544171,0.0,0.0,0,0,0.0,1.0,0,0,0,98.28516197247633,SUCCESS,BULLISH,average_down,2,88278.53,88278.53,0.0,2.384303349537682e-08
2025-12-21T18:55:03.773464+00:00,btc-updown-15m-1766342700,TRADE,DOWN,DIR_EMERGENCY,1,1,0.04000770155864219,0.04000770155864219,1.0,0.4801687691544171,1.0,0.04000770155864219,1,0.5201764707130593,0.4798235292869407,0.0,0,0,0,98.2451542709177,SUCCESS,BULLISH,emergency,2,88374.73,88278.53,0.10897326903834613,164.13253906025906
2025-12-21T19:00:05.387605+00:00,btc-updown-15m-1766342700,RESOLUTION,UP,MARKET_END,2,2,1.0000,0.5202,1,0.4802,1,0.0400,1,0.5202,0.4798,0.00,0.0000,0.0000,0.4798,99.25,RESOLVED
2025-12-21T19:00:13.634835+00:00,btc-updown-15m-1766343600,TRADE,UP,DIR_AVERAGE_DOWN,1,1,0.6300858597653325,0.6300858597653325,1.0,0.6300858597653325,0.0,0.0,0,0,0.0,1.0,0,0,0,98.61506841115236,SUCCESS,BULLISH,average_down,2,88499.99,88445.09,0.062072411255400084,357.04513105518856
2025-12-21T19:00:57.035658+00:00,btc-updown-15m-1766343600,TRADE,UP,DIR_AVERAGE_DOWN,1,1,0.5400781555213249,0.5400781555213249,2.0,0.5850820076433287,0.0,0.0,0,0,0.0,2.0,0,0,0,98.07499025563104,SUCCESS,BULLISH,average_down,2,88476.1,88445.09,0.035061301876689044,199.93464813905348
2025-12-21T19:02:34.880628+00:00,btc-updown-15m-1766343600,TRADE,UP,DIR_AVERAGE_DOWN,1,1,0.470202281387843,0.470202281387843,3.0,0.5467887655581668,0.0,0.0,0,0,0.0,3.0,0,0,0,97.6047879742432,SUCCESS,BULLISH,average_down,2,88456.06,88445.09,0.012403175800941763,61.594527757380504
2025-12-21T19:02:45.816645+00:00,btc-updown-15m-1766343600,TRADE,UP,DIR_ACCUMULATE,1,1,0.4801002597967677,0.4801002597967677,4.0,0.530116639117817,0.0,0.0,0,0,0.0,4.0,0,0,0,97.12468771444642,SUCCESS,BULLISH,accumulate,2,88456.07,88445.09,0.012414482251089888,67.83087447197435
2025-12-21T19:02:51.228763+00:00,btc-updown-15m-1766343600,TRADE,UP,DIR_ACCUMULATE,1,1,0.47004132428754025,0.47004132428754025,5.0,0.5181015761517617,0.0,0.0,0,0,0.0,5.0,0,0,0,96.65464639015889,SUCCESS,BULLISH,accumulate,2,88456.06,88445.09,0.012403175800941763,68.91038135255427
2025-12-21T19:02:56.651151+00:00,btc-updown-15m-1766343600,TRADE,UP,DIR_ACCUMULATE,1,1,0.4500157521756065,0.4500157521756065,6.0,0.5067539388224024,0.0,0.0,0,0,0.0,6.0,0,0,0,96.20463063798329,SUCCESS,BULLISH,accumulate,2,88446.0,88445.09,0.0010288869625249887,6.284991303728573
2025-12-21T19:03:02.065953+00:00,btc-updown-15m-1766343600,TRADE,DOWN,DIR_REBALANCE,5,5,0.5801147486662112,2.900573743331056,6.0,0.5067539388224024,5.0,0.5801147486662112,5,1.0868686874886135,-0.4343434374430677,1.0,0,0,0,93.30405689465223,SUCCESS,BULLISH,rebalance,2,88446.0,88445.09,0.0010288869625249887,7.713452481629669
2025-12-21T19:03:07.565994+00:00,btc-updown-15m-1766343600,TRADE,UP,DIR_AVERAGE_DOWN,1,1,0.5301932434200316,0.5301932434200316,7.0,0.510102410907778,5.0,0.5801147486662112,5,1.0902171595739891,-0.4510857978699456,2.0,0,0,0,92.7738636512322,SUCCESS,BULLISH,average_down,2,88462.82,88445.09,0.020046336093965736,124.63589229001683
2025-12-21T19:03:34.597860+00:00,btc-updown-15m-1766343600,TRADE,UP,DIR_AVERAGE_DOWN,1,1,0.4101534375128914,0.4101534375128914,8.0,0.49760878923341717,5.0,0.5801147486662112,5,1.0777235378996284,-0.3886176894981419,3.0,0,0,0,92.36371021371932,SUCCESS,BULLISH,average_down,2,88440.0,88445.09,-0.005754983120031318,33.62825250291939
2025-12-21T19:03:39.999679+00:00,btc-updown-15m-1766343600,TRADE,UP,DIR_ACCUMULATE,1,1,0.4101196178630505,0.4101196178630505,9.0,0.48788777019226537,5.0,0.5801147486662112,5,1.0680025188584765,-0.3400125942923826,4.0,0,0,0,91.95359059585627,SUCCESS,BULLISH,accumulate,2,88440.01,88445.09,-0.0057436766698996475,33.448146966166675
2025-12-21T19:03:45.409965+00:00,btc-updown-15m-1766343600,TRADE,UP,DIR_ACCUMULATE,1,1,0.31015026780403204,0.31015026780403204,10.0,0.47011401995344204,5.0,0.5801147486662112,5,1.0502287686196532,-0.251143843098266,5.0,0,0,0,91.64344032805224,SUCCESS,BULLISH,accumulate,2,88408.93,88445.09,-0.040884123697543295,231.4513646474158
2025-12-21T19:03:50.826235+00:00,btc-updown-15m-1766343600,TRADE,UP,DIR_ACCUMULATE,1,1,0.29987700987704524,0.29987700987704524,11.0,0.4546379281283151,5.0,0.5801147486662112,5,1.0347526767945263,-0.17376338397263158,6.0,0,0,0,91.34356331817519,SUCCESS,BULLISH,accumulate,2,88408.93,88445.09,-0.040884123697543295,231.45039875658856
2025-12-21T19:03:56.234685+00:00,btc-updown-15m-1766343600,TRADE,DOWN,DIR_REBALANCE,5,2,0.7702253364448947,1.5404506728897893,11.0,0.4546379281283151,7.0,0.6344320594601207,7,1.0890699875884358,-0.6234899131190503,4.0,0,0,0,89.8031126452854,SUCCESS,BULLISH,rebalance,2,88402.74,88445.09,-0.047882816332700064,259.29314279741857
2025-12-21T19:04:07.034918+00:00,btc-updown-15m-1766343600,TRADE,UP,DIR_ACCUMULATE,1,1,0.24008905679316367,0.24008905679316367,12.0,0.43675885551705246,7.0,0.6344320594601207,7,1.0711909149771732,-0.4983364048402126,5.0,0,0,0,89.56302358849223,SUCCESS,BULLISH,accumulate,2,88405.11,88445.09,-0.04520318765009559,250.96605482403754
2025-12-21T19:04:12.539785+00:00,btc-updown-15m-1766343600,TRADE,UP,DIR_ACCUMULATE,1,1,0.22000486318621343,0.22000486318621343,13.0,0.4200854714916033,7.0,0.6344320594601207,7,1.054517530951724,-0.3816227166620685,6.0,0,0,0,89.34301872530601,SUCCESS,BULLISH,accumulate,2,88370.7,88445.09,-0.08410868257355995,178.76749703434126
2025-12-21T19:04:23.373120+00:00,btc-updown-15m-1766343600,TRADE,DOWN,DIR_REBALANCE,5,5,0.8300552490983992,4.150276245491996,13.0,0.4200854714916033,12.0,0.7159417218094034,12,1.1360271933010067,-1.6323263196120799,1.0,0,0,0,85.19274247981402,SUCCESS,BULLISH,rebalance,2,88364.65,88445.09,-0.09094908490680753,193.381644330601
2025-12-21T19:04:28.796569+00:00,btc-updown-15m-1766343600,TRADE,UP,DIR_AVERAGE_DOWN,1,1,0.21004687705460598,0.21004687705460598,14.0,0.40508271474610347,12.0,0.7159417218094034,12,1.1210244365555069,-1.4522932386660825,2.0,0,0,0,84.9826956027594,SUCCESS,BULLISH,average_down,2,88368.07,88445.09,-0.08708227895973596,185.09171277074546
2025-12-21T19:04:45.182512+00:00,btc-updown-15m-1766343600,TRADE,DOWN,DIR_AVERAGE_DOWN,1,1,0.7703049396336873,0.7703049396336873,14.0,0.40508271474610347,13.0,0.7201235077958869,13,1.1252062225419903,-1.6276808930458742,1.0,0,0,0,84.21239066312572,SUCCESS,BEARISH,average_down,3,88381.67,88445.09,-0.0717055067726182,142.08023906123006
2025-12-21T19:05:12.430594+00:00,btc-updown-15m-1766343600,TRADE,DOWN,DIR_AVERAGE_DOWN,1,1,0.6202877429471623,0.6202877429471623,14.0,0.40508271474610347,14.0,0.7129923817352637,14,1.118075096481367,-1.6530513507391387,0.0,0,0,0,83.59210292017856,SUCCESS,BEARISH,average_down,3,88428.65,88445.09,-0.018587804026206915,93.06730781060959
2025-12-21T19:15:02.644612+00:00,btc-updown-15m-1766343600,RESOLUTION,DOWN,MARKET_END,28,28,1.0000,15.6531,14,0.4051,14,0.7130,14,1.1181,-1.6531,0.00,0.0000,0.0000,-1.6531,97.59,RESOLVED
2025-12-21T19:15:16.302638+00:00,btc-updown-15m-1766344500,TRADE,DOWN,DIR_AVERAGE_DOWN,1,1,0.5298726079047792,0.5298726079047792,0.0,0.0,1.0,0.5298726079047792,0,0,0.0,1.0,0,0,0,97.06223031227378,SUCCESS,BEARISH,average_down,3,88389.99,88379.28,0.012118224995730224,53.29674371598241
2025-12-21T19:15:54.110835+00:00,btc-updown-15m-1766344500,TRADE,DOWN,DIR_AVERAGE_DOWN,1,1,0.47016871739940974,0.47016871739940974,0.0,0.0,2.0,0.5000206626520944,0,0,0.0,2.0,0,0,0,96.59206159487438,SUCCESS,BEARISH,average_down,3,88389.99,88379.28,0.012118224995730224,49.72379468260592
2025-12-21T19:25:06.393296+00:00,btc-updown-15m-1766344500,TRADE,UP,DIR_EMERGENCY,2,2,0.36014288610638806,0.7202857722127761,2.0,0.36014288610638806,2.0,0.5000206626520944,2,0.8601635487584824,0.2796729024830351,0.0,0,0,0,95.8717758226616,SUCCESS,BEARISH,emergency,3,88363.5,88379.28,-0.01785486371918716,186.54334260857752
2025-12-21T19:25:11.967648+00:00,btc-updown-15m-1766344500,TRADE,DOWN,DIR_AVERAGE_DOWN,1,1,0.6903442033226582,0.6903442033226582,2.0,0.36014288610638806,3.0,0.5634618428756157,2,0.9236047289820037,0.15279054203599252,1.0,0,0,0,95.18143161933895,SUCCESS,BEARISH,average_down,3,88363.51,88379.28,-0.017843548849916038,183.8475785250635
2025-12-21T19:25:17.425282+00:00,btc-updown-15m-1766344500,TRADE,UP,DIR_EMERGENCY,1,1,0.24009365451214115,0.24009365451214115,3.0,0.3201264755749724,3.0,0.5634618428756157,3,0.8835883184505882,0.3492350446482355,0.0,0,0,0,94.94133796482681,SUCCESS,BEARISH,emergency,3,88363.51,88379.28,-0.017843548849916038,2826.3498782770134
2025-12-21T19:25:22.900025+00:00,btc-updown-15m-1766344500,TRADE,DOWN,DIR_AVERAGE_DOWN,1,1,0.7701918645597707,0.7701918645597707,3.0,0.3201264755749724,4.0,0.6151443482966545,3,0.935270823871627,0.1941875283851191,1.0,0,0,0,94.17114610026704,SUCCESS,BEARISH,average_down,3,88363.5,88379.28,-0.01785486371918716,2671.4870765360183
2025-12-21T19:25:28.376933+00:00,btc-updown-15m-1766344500,TRADE,UP,DIR_EMERGENCY,1,1,0.29009091082894,0.29009091082894,4.0,0.3126175843884643,4.0,0.6151443482966545,4,0.9277619326851189,0.28895226925952455,0.0,0,0,0,93.8810551894381,SUCCESS,BEARISH,emergency,3,88363.5,88379.28,-0.01785486371918716,2675.15160120577
2025-12-21T19:25:39.505481+00:00,btc-updown-15m-1766344500,TRADE,DOWN,DIR_AVERAGE_DOWN,1,1,0.7903040672300826,0.7903040672300826,4.0,0.3126175843884643,5.0,0.6501762920833402,4,0.9627938764718045,0.1488244941127821,1.0,0,0,0,93.09075112220802,SUCCESS,BEARISH,average_down,3,88363.5,88379.28,-0.01785486371918716,2316.749245628147
2025-12-21T19:25:56.106752+00:00,btc-updown-15m-1766344500,TRADE,UP,DIR_EMERGENCY,1,1,0.18995421824542588,0.18995421824542588,5.0,0.2880849111598566,5.0,0.6501762920833402,5,0.9382612032431967,0.30869398378401636,0.0,0,0,0,92.90079690396259,SUCCESS,BEARISH,emergency,3,88363.5,88379.28,-0.01785486371918716,2543.9943828605246
2025-12-21T19:26:01.560983+00:00,btc-updown-15m-1766344500,TRADE,DOWN,DIR_AVERAGE_DOWN,1,1,0.8101047823284377,0.8101047823284377,5.0,0.2880849111598566,6.0,0.6768310404575231,5,0.9649159516173798,0.17542024191310124,1.0,0,0,0,92.09069212163415,SUCCESS,BEARISH,average_down,3,88363.5,88379.28,-0.01785486371918716,2836.9698075524293
2025-12-21T19:26:06.994111+00:00,btc-updown-15m-1766344500,TRADE,UP,DIR_EMERGENCY,1,1,0.23000921112598757,0.23000921112598757,6.0,0.27840562782087847,6.0,0.6768310404575231,6,0.9552366682784015,0.2685799903295911,0.0,0,0,0,91.86068291050816,SUCCESS,BEARISH,emergency,3,88363.5,88379.28,-0.01785486371918716,3027.2190032898548
2025-12-21T19:26:12.458192+00:00,btc-updown-15m-1766344500,TRADE,DOWN,DIR_AVERAGE_DOWN,1,1,0.8003106336924868,0.8003106336924868,6.0,0.27840562782087847,7.0,0.6944709823482321,6,0.9728766101691106,0.16274033898533613,1.0,0,0,0,91.06037227681567,SUCCESS,BEARISH,average_down,3,88363.5,88379.28,-0.01785486371918716,3086.8100579284082
2025-12-21T19:26:17.922262+00:00,btc-updown-15m-1766344500,TRADE,UP,DIR_EMERGENCY,1,1,0.2200992569434346,0.2200992569434346,7.0,0.2700761462669579,7.0,0.6944709823482321,7,0.9645471286151901,0.24817009969366932,0.0,0,0,0,90.84027301987224,SUCCESS,BEARISH,emergency,3,88363.51,88379.28,-0.017843548849916038,3001.9826228604525
2025-12-21T19:26:23.501176+00:00,btc-updown-15m-1766344500,TRADE,DOWN,DIR_AVERAGE_DOWN,1,1,0.7901038329447965,0.7901038329447965,7.0,0.2700761462669579,8.0,0.7064250886728027,7,0.9765012349397606,0.1644913554216758,1.0,0,0,0,90.05016918692745,SUCCESS,BEARISH,average_down,3,88363.5,88379.28,-0.01785486371918716,3399.5554908874365
2025-12-21T19:26:28.936140+00:00,btc-updown-15m-1766344500,TRADE,UP,DIR_EMERGENCY,1,1,0.22008049308411612,0.22008049308411612,8.0,0.26382668961910266,8.0,0.7064250886728027,8,0.9702517782919053,0.23798577366475726,0.0,0,0,0,89.83008869384334,SUCCESS,BEARISH,emergency,3,88363.5,88379.28,-0.01785486371918716,3155.436680730534
2025-12-21T19:26:34.485762+00:00,btc-updown-15m-1766344500,TRADE,DOWN,DIR_AVERAGE_DOWN,1,1,0.8300145958558118,0.8300145958558118,8.0,0.26382668961910266,9.0,0.7201572561375815,8,0.9839839457566841,0.12812843394652695,1.0,0,0,0,89.00007409798752,SUCCESS,BEARISH,average_down,3,88363.5,88379.28,-0.01785486371918716,3067.8603311079446
2025-12-21T19:26:39.952264+00:00,btc-updown-15m-1766344500,TRADE,UP,DIR_EMERGENCY,1,1,0.18001073820355926,0.18001073820355926,9.0,0.25451380612848673,9.0,0.7201572561375815,9,0.9746710622660683,0.2279604396053857,0.0,0,0,0,88.82006335978396,SUCCESS,BEARISH,emergency,3,88363.51,88379.28,-0.017843548849916038,3026.128544948408
2025-12-21T19:26:56.346118+00:00,btc-updown-15m-1766344500,TRADE,DOWN,DIR_AVERAGE_DOWN,1,1,0.8102858948747591,0.8102858948747591,9.0,0.25451380612848673,10.0,0.7291701200112992,9,0.983683926139786,0.14684466474192648,1.0,0,0,0,88.0097774649092,SUCCESS,BEARISH,average_down,3,88363.5,88379.28,-0.01785486371918716,3034.801821809069
2025-12-21T19:27:02.162844+00:00,btc-updown-15m-1766344500,TRADE,UP,DIR_EMERGENCY,1,1,0.2500440623450498,0.2500440623450498,10.0,0.25406683175014305,10.0,0.7291701200112992,10,0.9832369517614423,0.16763048238557676,0.0,0,0,0,87.75973340256415,SUCCESS,BEARISH,emergency,3,88363.5,88379.28,-0.01785486371918716,3055.2384286221745
2025-12-21T19:27:07.628928+00:00,btc-updown-15m-1766344500,TRADE,DOWN,DIR_AVERAGE_DOWN,1,1,0.7800363804408743,0.7800363804408743,10.0,0.25406683175014305,11.0,0.733794325504897,10,0.98786115725504,0.12138842744960021,1.0,0,0,0,86.97969702212328,SUCCESS,BEARISH,average_down,3,88363.5,88379.28,-0.01785486371918716,3107.187722014915
2025-12-21T19:27:13.082806+00:00,btc-updown-15m-1766344500,TRADE,UP,DIR_EMERGENCY,1,1,0.23009682155895422,0.23009682155895422,11.0,0.25188773991458047,11.0,0.733794325504897,11,0.9856820654194774,0.15749728038574806,0.0,0,0,0,86.74960020056432,SUCCESS,BEARISH,emergency,3,88363.51,88379.28,-0.017843548849916038,3245.4528810586867
2025-12-21T19:27:18.545562+00:00,btc-updown-15m-1766344500,TRADE,DOWN,DIR_AVERAGE_DOWN,1,1,0.7798418948806706,0.7798418948806706,11.0,0.25188773991458047,12.0,0.7376316229528781,11,0.9895193628674586,0.11528700845795581,1.0,0,0,0,85.96975830568364,SUCCESS,BEARISH,average_down,3,88363.5,88379.28,-0.01785486371918716,2839.0581183303298
2025-12-21T19:27:24.112018+00:00,btc-updown-15m-1766344500,TRADE,UP,DIR_EMERGENCY,1,1,0.24004074429540725,0.24004074429540725,12.0,0.25090049027964934,12.0,0.7376316229528781,12,0.9885321132325274,0.13761464120967082,0.0,0,0,0,85.72971756138823,SUCCESS,BEARISH,emergency,3,88363.5,88379.28,-0.01785486371918716,2826.9465101495034
2025-12-21T19:27:34.568896+00:00,btc-updown-15m-1766344500,TRADE,DOWN,DIR_AVERAGE_DOWN,1,1,0.8300763850616347,0.8300763850616347,12.0,0.25090049027964934,13.0,0.7447427584997055,12,0.9956432487793548,0.05228101464774193,1.0,0,0,0,84.8996411763266,SUCCESS,BEARISH,average_down,3,88363.5,88379.28,-0.01785486371918716,3015.814345599727
2025-12-21T19:27:40.162349+00:00,btc-updown-15m-1766344500,TRADE,UP,DIR_EMERGENCY,1,1,0.16004167444499448,0.16004167444499448,13.0,0.2439113506000605,13.0,0.7447427584997055,13,0.988654109099766,0.14749658170304158,0.0,0,0,0,84.7395995018816,SUCCESS,BEARISH,emergency,3,88363.5,88379.28,-0.01785486371918716,2959.3790750750127
2025-12-21T19:27:51.064106+00:00,btc-updown-15m-1766344500,TRADE,DOWN,DIR_AVERAGE_DOWN,1,1,0.8500686279888419,0.8500686279888419,13.0,0.2439113506000605,14.0,0.7522660348917867,13,0.9961773854918472,0.049693988605986394,1.0,0,0,0,83.88953087389275,SUCCESS,BEARISH,average_down,3,88363.5,88379.28,-0.01785486371918716,3015.814345599727
2025-12-21T19:28:02.043841+00:00,btc-updown-15m-1766344500,TRADE,UP,DIR_EMERGENCY,1,1,0.1800679673585821,0.1800679673585821,14.0,0.23935110893995493,14.0,0.7522660348917867,14,0.9916171438317416,0.11735998635561762,0.0,0,0,0,83.70946290653417,SUCCESS,BEARISH,emergency,3,88363.5,88379.28,-0.01785486371918716,2470.829845987585
2025-12-21T19:28:07.482412+00:00,btc-updown-15m-1766344500,TRADE,DOWN,DIR_AVERAGE_DOWN,1,1,0.880274243192058,0.880274243192058,14.0,0.23935110893995493,15.0,0.7607999154451381,14,1.000151024385093,-0.002114341391302954,1.0,0,0,0,82.82918866334211,SUCCESS,BEARISH,average_down,3,88363.51,88379.28,-0.017843548849916038,2352.891454005173
2025-12-21T19:28:12.938095+00:00,btc-updown-15m-1766344500,TRADE,UP,DIR_EMERGENCY,1,1,0.11005497634446228,0.11005497634446228,15.0,0.2307313667669221,15.0,0.7607999154451381,15,0.9915312822120602,0.12703076681909675,0.0,0,0,0,82.71913368699765,SUCCESS,BEARISH,emergency,3,88363.51,88379.28,-0.017843548849916038,2379.2662022374234
2025-12-21T19:30:03.072727+00:00,btc-updown-15m-1766344500,RESOLUTION,DOWN,MARKET_END,30,30,1.0000,14.8730,15,0.2307,15,0.7608,15,0.9915,0.1270,0.00,0.0000,0.0000,0.1270,97.72,RESOLVED
2025-12-21T19:30:11.615602+00:00,btc-updown-15m-1766345400,TRADE,DOWN,DIR_AVERAGE_DOWN,1,1,0.5500639152582497,0.5500639152582497,0.0,0.0,1.0,0.5500639152582497,0,0,0.0,1.0,0,0,0,97.1690697717394,SUCCESS,BEARISH,average_down,3,88349.63,88358.45,-0.009982067363101586,99.69829957868967
2025-12-21T19:39:31.829205+00:00,btc-updown-15m-1766345400,TRADE,DOWN,DIR_AVERAGE_DOWN,1,1,0.480119295938601,0.480119295938601,0.0,0.0,2.0,0.5150916055984254,0,0,0.0,2.0,0,0,0,96.6889504758008,SUCCESS,BEARISH,average_down,3,88362.98,88358.45,0.0051268441218681815,22.840119556611747
2025-12-21T19:39:42.630101+00:00,btc-updown-15m-1766345400,TRADE,DOWN,DIR_AVERAGE_DOWN,1,1,0.3801350749794692,0.3801350749794692,0.0,0.0,3.0,0.4701060953921066,0,0,0.0,3.0,0,0,0,96.30881540082133,SUCCESS,BEARISH,average_down,3,88379.48,88358.45,0.023800779665101454,85.5554605061611
2025-12-21T19:39:48.185660+00:00,btc-updown-15m-1766345400,TRADE,DOWN,DIR_ACCUMULATE,1,1,0.4001440747030837,0.4001440747030837,0.0,0.0,4.0,0.4526155902198509,0,0,0.0,4.0,0,0,0,95.90867132611825,SUCCESS,BEARISH,accumulate,3,88370.65,88358.45,0.013807394765296459,52.061217466176494
2025-12-21T19:39:53.603284+00:00,btc-updown-15m-1766345400,TRADE,DOWN,DIR_ACCUMULATE,1,1,0.41019229168856597,0.41019229168856597,0.0,0.0,5.0,0.4441309305135939,0,0,0.0,5.0,0,0,0,95.49847903442969,SUCCESS,BEARISH,accumulate,3,88370.65,88358.45,0.013807394765296459,51.44160119856816
2025-12-21T19:39:59.051695+00:00,btc-updown-15m-1766345400,TRADE,DOWN,DIR_ACCUMULATE,1,1,0.4499214301901288,0.4499214301901288,0.0,0.0,6.0,0.4450960137930164,0,0,0.0,6.0,0,0,0,95.04855760423956,SUCCESS,BEARISH,accumulate,3,88370.64,88358.45,0.013796077228609519,52.34891349581718
2025-12-21T19:40:04.468629+00:00,btc-updown-15m-1766345400,TRADE,UP,DIR_EMERGENCY,6,6,0.6100550480002622,3.6603302880015733,6.0,0.6100550480002622,6.0,0.4450960137930164,6,1.0551510617932787,-0.330906370759672,0.0,0,0,0,91.38822731623799,SUCCESS,BEARISH,emergency,3,88370.65,88358.45,0.013807394765296459,53.36120189160229
2025-12-21T19:40:09.921046+00:00,btc-updown-15m-1766345400,TRADE,DOWN,DIR_AVERAGE_DOWN,1,1,0.3999770368224296,0.3999770368224296,6.0,0.6100550480002622,7.0,0.4386504456543611,6,1.0487054936546234,-0.2922329619277404,1.0,0,0,0,90.98825027941555,SUCCESS,BEARISH,average_down,3,88370.64,88358.45,0.013796077228609519,55.17836106619404
2025-12-21T19:40:15.392439+00:00,btc-updown-15m-1766345400,TRADE,UP,DIR_EMERGENCY,1,1,0.6203056783729002,0.6203056783729002,7.0,0.611519423767782,7.0,0.4386504456543611,7,1.050169869422143,-0.35118908595500153,0.0,0,0,0,90.36794460104265,SUCCESS,BEARISH,emergency,3,88370.64,88358.45,0.013796077228609519,55.126967151200546
2025-12-21T19:40:20.833843+00:00,btc-updown-15m-1766345400,TRADE,DOWN,DIR_AVERAGE_DOWN,1,1,0.41012884784051695,0.41012884784051695,7.0,0.611519423767782,8.0,0.43508524592763065,7,1.0466046696954128,-0.3262326878678894,1.0,0,0,0,89.95781575320214,SUCCESS,BEARISH,average_down,3,88370.64,88358.45,0.013796077228609519,54.63570716345269
2025-12-21T19:40:26.333369+00:00,btc-updown-15m-1766345400,TRADE,UP,DIR_EMERGENCY,1,1,0.6201728955905239,0.6201728955905239,8.0,0.6126011077456247,8.0,0.43508524592763065,8,1.0476863536732552,-0.38149082938604195,0.0,0,0,0,89.33764285761161,SUCCESS,BEARISH,emergency,3,88370.64,88358.45,0.013796077228609519,54.85529684588414
2025-12-21T19:40:42.858188+00:00,btc-updown-15m-1766345400,TRADE,DOWN,DIR_AVERAGE_DOWN,1,1,0.5001916327041073,0.5001916327041073,8.0,0.6126011077456247,9.0,0.4423192889027947,8,1.0549203966484195,-0.4393631731873562,1.0,0,0,0,88.83745122490751,SUCCESS,BEARISH,average_down,3,88360.2,88358.45,0.0019805689212520137,13.964832594801788
2025-12-21T19:45:00.895253+00:00,btc-updown-15m-1766345400,RESOLUTION,UP,MARKET_END,17,17,1.0000,8.8817,8,0.6126,9,0.4423,8,1.0549,-0.4394,0.11,0.0000,0.0000,-0.8817,96.84,RESOLVED
2025-12-21T19:45:09.382011+00:00,btc-updown-15m-1766346300,TRADE,UP,DIR_AVERAGE_DOWN,1,1,0.48016862933154497,0.48016862933154497,1.0,0.48016862933154497,0.0,0.0,0,0,0.0,1.0,0,0,0,96.35728259557597,SUCCESS,BULLISH,average_down,4,88420.94,88420.95,-1.1309536930740181e-05,1.968501885730827
2025-12-21T19:45:20.307791+00:00,btc-updown-15m-1766346300,TRADE,UP,DIR_AVERAGE_DOWN,1,1,0.42015447699791786,0.42015447699791786,2.0,0.4501615531647314,0.0,0.0,0,0,0.0,2.0,0,0,0,95.93712811857804,SUCCESS,BULLISH,average_down,4,88411.1,88420.95,-0.01113989388260505,84.49935828129854
2025-12-21T19:46:31.241117+00:00,btc-updown-15m-1766346300,TRADE,UP,DIR_AVERAGE_DOWN,1,1,0.36004568893147215,0.36004568893147215,3.0,0.420122931753645,0.0,0.0,0,0,0.0,3.0,0,0,0,95.57708242964657,SUCCESS,BULLISH,average_down,4,88392.89,88420.95,-0.03173456064427907,270.4533680570839
2025-12-21T19:46:36.649834+00:00,btc-updown-15m-1766346300,TRADE,UP,DIR_ACCUMULATE,1,1,0.2900107934032711,0.2900107934032711,4.0,0.38759489716605156,0.0,0.0,0,0,0.0,4.0,0,0,0,95.2870716362433,SUCCESS,BULLISH,accumulate,4,88374.2,88420.95,-0.052872085178908394,338.23368714098166
2025-12-21T19:46:47.471868+00:00,btc-updown-15m-1766346300,TRADE,UP,DIR_ACCUMULATE,1,1,0.3199512109312215,0.3199512109312215,5.0,0.37406615991908554,0.0,0.0,0,0,0.0,5.0,0,0,0,94.96712042531207,SUCCESS,BULLISH,accumulate,4,88374.2,88420.95,-0.052872085178908394,337.1280834367932
2025-12-21T19:46:58.300911+00:00,btc-updown-15m-1766346300,TRADE,UP,DIR_ACCUMULATE,1,1,0.340103394923507,0.340103394923507,6.0,0.36840569908648907,0.0,0.0,0,0,0.0,6.0,0,0,0,94.62701703038857,SUCCESS,BULLISH,accumulate,4,88374.2,88420.95,-0.052872085178908394,338.9664934112011
2025-12-21T19:47:03.697087+00:00,btc-updown-15m-1766346300,TRADE,DOWN,DIR_REBALANCE,5,5,0.730141811734038,3.65070905867019,6.0,0.36840569908648907,5.0,0.730141811734038,5,1.0985475108205272,-0.49273755410263576,1.0,0,0,0,90.97630797171838,SUCCESS,BULLISH,rebalance,4,88373.49,88420.95,-0.053675062301402385,353.74272134600005
2025-12-21T19:47:14.677899+00:00,btc-updown-15m-1766346300,TRADE,UP,DIR_AVERAGE_DOWN,1,1,0.2800625644285222,0.2800625644285222,7.0,0.3557852512782081,5.0,0.730141811734038,5,1.0859270630122462,-0.42963531506123087,2.0,0,0,0,90.69624540728987,SUCCESS,BULLISH,average_down,4,88373.18,88420.95,-0.054025657946452824,357.4673303598524
2025-12-21T19:49:20.033694+00:00,btc-updown-15m-1766346300,TRADE,UP,DIR_AVERAGE_DOWN,1,1,0.2100296376518411,0.2100296376518411,8.0,0.33756579957491223,5.0,0.730141811734038,5,1.0677076113089503,-0.33853805654475155,3.0,0,0,0,90.48621576963802,SUCCESS,BULLISH,average_down,4,88360.0,88420.95,-0.06893162762896926,553.8457923943965
2025-12-21T19:49:25.544250+00:00,btc-updown-15m-1766346300,TRADE,UP,DIR_ACCUMULATE,1,1,0.22990803960169112,0.22990803960169112,9.0,0.32560382624455436,5.0,0.730141811734038,5,1.0557456379785923,-0.27872818989296166,4.0,0,0,0,90.25630773003633,SUCCESS,BULLISH,accumulate,4,88360.0,88420.95,-0.06893162762896926,553.1601909192445
2025-12-21T19:49:31.057124+00:00,btc-updown-15m-1766346300,TRADE,UP,DIR_ACCUMULATE,1,1,0.2500712242785288,0.2500712242785288,10.0,0.3180505660479518,5.0,0.730141811734038,5,1.04819237778199,-0.24096188890994963,5.0,0,0,0,90.0062365057578,SUCCESS,BULLISH,accumulate,4,88359.99,88420.95,-0.0689429371659,548.4053689868017
2025-12-21T19:49:36.458472+00:00,btc-updown-15m-1766346300,TRADE,DOWN,DIR_ACCUMULATE,1,1,0.7200166549872555,0.7200166549872555,10.0,0.3180505660479518,6.0,0.7284542856095743,6,1.046504851657526,-0.2790291099451556,4.0,0,0,0,89.28621985077054,SUCCESS,BEARISH,accumulate,5,88373.19,88420.95,-0.05401434840950562,257.7382097185288
2025-12-21T19:49:41.957109+00:00,btc-updown-15m-1766346300,TRADE,DOWN,DIR_ACCUMULATE,1,1,0.7000468583986877,0.7000468583986877,10.0,0.3180505660479518,7.0,0.7243960817223047,7,1.0424466477702565,-0.2971265343917957,3.0,0,0,0,88.58617299237184,SUCCESS,BEARISH,accumulate,5,88373.19,88420.95,-0.05401434840950562,262.3462574697284
2025-12-21T19:49:47.363968+00:00,btc-updown-15m-1766346300,TRADE,DOWN,DIR_ACCUMULATE,1,1,0.7000780592213164,0.7000780592213164,10.0,0.3180505660479518,8.0,0.7213563289096812,8,1.039406894957633,-0.31525515966106354,2.0,0,0,0,87.88609493315053,SUCCESS,BEARISH,accumulate,5,88373.18,88420.95,-0.054025657946452824,262.3993815325897
2025-12-21T19:49:58.327631+00:00,btc-updown-15m-1766346300,TRADE,DOWN,DIR_AVERAGE_DOWN,1,1,0.590096300773823,0.590096300773823,10.0,0.3180505660479518,9.0,0.7067718813390302,9,1.024822447386982,-0.22340202648283825,1.0,0,0,0,87.29599863237671,SUCCESS,BEARISH,average_down,5,88391.16,88420.95,-0.03369111053431749,142.74701703145567
2025-12-21T19:50:31.344283+00:00,btc-updown-15m-1766346300,TRADE,DOWN,DIR_AVERAGE_DOWN,1,1,0.5001114583098366,0.5001114583098366,10.0,0.3180505660479518,10.0,0.6861058390361109,10,1.0041564050840628,-0.041564050840627864,0.0,0,0,0,86.79588717406688,SUCCESS,BEARISH,average_down,5,88427.77,88420.95,0.00771310419081336,24.99685153704506
2025-12-21T19:51:09.485777+00:00,btc-updown-15m-1766346300,TRADE,DOWN,DIR_AVERAGE_DOWN,1,1,0.4301556802747842,0.4301556802747842,10.0,0.3180505660479518,11.0,0.6628376427850812,10,0.980888208833033,0.1911179116696704,1.0,0,0,0,86.3657314937921,SUCCESS,BEARISH,average_down,5,88427.77,88420.95,0.00771310419081336,28.48878526570537
2025-12-21T19:51:42.320505+00:00,btc-updown-15m-1766346300,TRADE,DOWN,DIR_AVERAGE_DOWN,1,1,0.2600725933784783,0.2600725933784783,10.0,0.3180505660479518,12.0,0.6292738886678643,10,0.9473244547158161,0.5267554528418394,2.0,0,0,0,86.10565890041362,SUCCESS,BEARISH,average_down,5,88460.0,88420.95,0.044163741737679715,273.33916927070055
2025-12-21T19:51:59.062925+00:00,btc-updown-15m-1766346300,TRADE,DOWN,DIR_AVERAGE_DOWN,1,1,0.1400527498469558,0.1400527498469558,10.0,0.3180505660479518,13.0,0.5916414933739482,10,0.9096920594219,0.9030794057809999,3.0,0,0,0,85.96560615056666,SUCCESS,BEARISH,average_down,5,88506.95,88420.95,0.09726201765531811,239.9760367297068
2025-12-21T19:52:04.675910+00:00,btc-updown-15m-1766346300,TRADE,DOWN,DIR_ACCUMULATE,1,1,0.17008016917685417,0.17008016917685417,10.0,0.3180505660479518,14.0,0.5615299702170129,10,0.8795805362649647,1.2041946373503531,4.0,0,0,0,85.7955259813898,SUCCESS,BEARISH,accumulate,5,88523.43,88420.95,0.11590013452693726,303.10059058792893
2025-12-21T19:52:10.230995+00:00,btc-updown-15m-1766346300,TRADE,DOWN,DIR_ACCUMULATE,1,1,0.1700637682856133,0.1700637682856133,10.0,0.3180505660479518,15.0,0.5354322234215864,10,0.8534827894695382,1.4651721053046185,5.0,0,0,0,85.62546221310419,SUCCESS,BEARISH,accumulate,5,88492.36,88420.95,0.08076140326472797,346.44191100305636
2025-12-21T20:00:01.887938+00:00,btc-updown-15m-1766346300,RESOLUTION,UP,MARKET_END,25,25,1.0000,11.2120,10,0.3181,15,0.5354,10,0.8535,1.4652,0.33,0.0000,0.0000,-1.2120,95.63,RESOLVED
2025-12-21T20:00:10.144992+00:00,btc-updown-15m-1766347200,TRADE,DOWN,DIR_AVERAGE_DOWN,1,1,0.530018635500709,0.530018635500709,0.0,0.0,1.0,0.530018635500709,0,0,0.0,1.0,0,0,0,95.09544357760348,SUCCESS,BEARISH,average_down,5,88484.01,88484.01,0.0,0.013962658709804298
2025-12-21T20:10:02.227045+00:00,btc-updown-15m-1766347200,TRADE,UP,DIR_EMERGENCY,1,1,0.030005172274793542,0.030005172274793542,1.0,0.030005172274793542,1.0,0.530018635500709,1,0.5600238077755025,0.43997619222449746,0.0,0,0,0,95.06543840532868,SUCCESS,BEARISH,emergency,5,88379.64,88484.01,-0.11795351499100837,891.9774800286762
2025-12-21T20:15:00.789756+00:00,btc-updown-15m-1766347200,RESOLUTION,DOWN,MARKET_END,2,2,1.0000,0.5600,1,0.0300,1,0.5300,1,0.5600,0.4400,0.00,0.0000,0.0000,0.4400,96.07,RESOLVED
2025-12-21T20:15:09.101629+00:00,btc-updown-15m-1766348100,TRADE,DOWN,DIR_AVERAGE_DOWN,1,1,0.5101836969784315,0.5101836969784315,0.0,0.0,1.0,0.5101836969784315,0,0,0.0,1.0,0,0,0,95.55525470835025,SUCCESS,BEARISH,average_down,5,88313.63,88312.32,0.0014833717424677232,14.335588129541176
2025-12-21T20:16:57.709073+00:00,btc-updown-15m-1766348100,TRADE,DOWN,DIR_AVERAGE_DOWN,1,1,0.4400628930571304,0.4400628930571304,0.0,0.0,2.0,0.47512329501778094,0,0,0.0,2.0,0,0,0,95.11519181529312,SUCCESS,BEARISH,average_down,5,88322.01,88312.32,0.010972421514900499,116.54347807372537
2025-12-21T20:25:04.900652+00:00,btc-updown-15m-1766348100,TRADE,UP,DIR_EMERGENCY,2,2,0.39012572047498156,0.7802514409499631,2.0,0.39012572047498156,2.0,0.47512329501778094,2,0.8652490154927626,0.2695019690144749,0.0,0,0,0,94.33494037434315,SUCCESS,BEARISH,emergency,5,88307.77,88312.32,-0.005152169029194239,1049.5500746506889
2025-12-21T20:25:10.411698+00:00,btc-updown-15m-1766348100,TRADE,DOWN,DIR_AVERAGE_DOWN,1,1,0.6400656607925314,0.6400656607925314,2.0,0.39012572047498156,3.0,0.5301040836093645,2,0.920229804084346,0.15954039183130808,1.0,0,0,0,93.69487471355062,SUCCESS,BEARISH,average_down,5,88307.77,88312.32,-0.005152169029194239,1067.014669129311
2025-12-21T20:25:15.874479+00:00,btc-updown-15m-1766348100,TRADE,UP,DIR_EMERGENCY,1,1,0.37983997963271127,0.37983997963271127,3.0,0.3866971401942248,3.0,0.5301040836093645,3,0.9168012238035892,0.24959632858923242,0.0,0,0,0,93.31503473391791,SUCCESS,BEARISH,emergency,5,88307.77,88312.32,-0.005152169029194239,1040.8262677779653
2025-12-21T20:25:21.472953+00:00,btc-updown-15m-1766348100,TRADE,DOWN,DIR_AVERAGE_DOWN,1,1,0.6501626859551559,0.6501626859551559,3.0,0.3866971401942248,4.0,0.5601187341958123,3,0.946815874390037,0.159552376829889,1.0,0,0,0,92.66487204796276,SUCCESS,BEARISH,average_down,5,88307.78,88312.32,-0.0051408455807843674,1057.7335499235146
2025-12-21T20:25:26.929874+00:00,btc-updown-15m-1766348100,TRADE,UP,DIR_EMERGENCY,1,1,0.3800090163249549,0.3800090163249549,4.0,0.38502510922690736,4.0,0.5601187341958123,4,0.9451438434227196,0.21942462630912152,0.0,0,0,0,92.28486303163781,SUCCESS,BEARISH,emergency,5,88307.77,88312.32,-0.005152169029194239,1039.840294854168
2025-12-21T20:25:32.387369+00:00,btc-updown-15m-1766348100,TRADE,DOWN,DIR_AVERAGE_DOWN,1,1,0.6500742988113735,0.6500742988113735,4.0,0.38502510922690736,5.0,0.5781098471189245,4,0.9631349563458319,0.14746017461667238,1.0,0,0,0,91.63478873282644,SUCCESS,BEARISH,average_down,5,88307.78,88312.32,-0.0051408455807843674,1057.1981241489386
2025-12-21T20:25:43.319678+00:00,btc-updown-15m-1766348100,TRADE,UP,DIR_EMERGENCY,1,1,0.370075834085423,0.370075834085423,5.0,0.38203525419861045,5.0,0.5781098471189245,5,0.960145101317535,0.19927449341232473,0.0,0,0,0,91.26471289874101,SUCCESS,BEARISH,emergency,5,88307.78,88312.32,-0.0051408455807843674,1063.2213193279995
2025-12-21T20:25:48.794556+00:00,btc-updown-15m-1766348100,TRADE,DOWN,DIR_AVERAGE_DOWN,1,1,0.6600161973956491,0.6600161973956491,5.0,0.38203525419861045,6.0,0.5917609054983787,5,0.9737961596969891,0.13101920151505464,1.0,0,0,0,90.60469670134536,SUCCESS,BEARISH,average_down,5,88307.77,88312.32,-0.005152169029194239,1094.3784610625876
2025-12-21T20:25:54.242575+00:00,btc-updown-15m-1766348100,TRADE,UP,DIR_EMERGENCY,1,1,0.3600117300400081,0.3600117300400081,6.0,0.3783646668388434,6.0,0.5917609054983787,6,0.9701255723372221,0.17924656597666755,0.0,0,0,0,90.24468497130535,SUCCESS,BEARISH,emergency,5,88307.77,88312.32,-0.005152169029194239,1076.6711073035997
2025-12-21T20:25:59.807049+00:00,btc-updown-15m-1766348100,TRADE,DOWN,DIR_AVERAGE_DOWN,1,1,0.6502532534078527,0.6502532534078527,6.0,0.3783646668388434,7.0,0.600116955199732,6,0.9784816220385754,0.12911026776854784,1.0,0,0,0,89.59443171789749,SUCCESS,BEARISH,average_down,5,88307.78,88312.32,-0.0051408455807843674,1115.5789198060486
2025-12-21T20:26:05.287032+00:00,btc-updown-15m-1766348100,TRADE,UP,DIR_EMERGENCY,1,1,0.3701285639344899,0.3701285639344899,7.0,0.37718808070965004,7.0,0.600116955199732,7,0.977305035909382,0.15886474863432598,0.0,0,0,0,89.224303153963,SUCCESS,BEARISH,emergency,5,88307.77,88312.32,-0.005152169029194239,941.4180740087857
2025-12-21T20:26:16.179972+00:00,btc-updown-15m-1766348100,TRADE,DOWN,DIR_AVERAGE_DOWN,1,1,0.44013528604424196,0.44013528604424196,7.0,0.37718808070965004,8.0,0.5801192465552958,7,0.9573073272649458,0.2988487091453792,1.0,0,0,0,88.78416786791877,SUCCESS,BEARISH,average_down,5,88321.02,88312.32,0.009851400121746422,82.2059801670306
2025-12-21T20:26:21.630883+00:00,btc-updown-15m-1766348100,TRADE,UP,DIR_EMERGENCY,1,1,0.5801644303527391,0.5801644303527391,8.0,0.4025601244150362,8.0,0.5801192465552958,8,0.982679370970332,0.13856503223734418,0.0,0,0,0,88.20400343756603,SUCCESS,BEARISH,emergency,5,88321.02,88312.32,0.009851400121746422,82.50897925486451
2025-12-21T20:26:27.078955+00:00,btc-updown-15m-1766348100,TRADE,DOWN,DIR_AVERAGE_DOWN,1,1,0.45011329100761044,0.45011329100761044,8.0,0.4025601244150362,9.0,0.5656741403833307,8,0.9682342647983669,0.2541258816130645,1.0,0,0,0,87.75389014655842,SUCCESS,BEARISH,average_down,5,88321.02,88312.32,0.009851400121746422,82.86643276763277
2025-12-21T20:26:38.065964+00:00,btc-updown-15m-1766348100,TRADE,UP,DIR_EMERGENCY,1,1,0.5801430196335305,0.5801430196335305,9.0,0.4222915572170911,9.0,0.5656741403833307,9,0.9879656976004219,0.1083087215962033,0.0,0,0,0,87.1737471269249,SUCCESS,BEARISH,emergency,5,88321.02,88312.32,0.009851400121746422,84.72788231029003
2025-12-21T20:26:43.534924+00:00,btc-updown-15m-1766348100,TRADE,DOWN,DIR_AVERAGE_DOWN,1,1,0.44005746713985194,0.44005746713985194,9.0,0.4222915572170911,10.0,0.5531124730589829,9,0.975404030276074,0.22136372751533373,1.0,0,0,0,86.73368965978504,SUCCESS,BEARISH,average_down,5,88321.01,88312.32,0.009840076673320071,82.61665646495473
2025-12-21T20:26:48.965216+00:00,btc-updown-15m-1766348100,TRADE,UP,DIR_EMERGENCY,1,1,0.5700947797378784,0.5700947797378784,10.0,0.4370718794691698,10.0,0.5531124730589829,10,0.9901843525281527,0.09815647471847266,0.0,0,0,0,86.16359488004717,SUCCESS,BEARISH,emergency,5,88321.02,88312.32,0.009851400121746422,82.86646434614805
2025-12-21T20:26:54.518100+00:00,btc-updown-15m-1766348100,TRADE,DOWN,DIR_AVERAGE_DOWN,1,1,0.43014704621825295,0.43014704621825295,10.0,0.4370718794691698,11.0,0.5419337978916438,10,0.9790056773608136,0.20994322639186436,1.0,0,0,0,85.73344783382892,SUCCESS,BEARISH,average_down,5,88321.02,88312.32,0.009851400121746422,83.01591672630641
2025-12-21T20:26:59.967122+00:00,btc-updown-15m-1766348100,TRADE,UP,DIR_EMERGENCY,1,1,0.5801778011444576,0.5801778011444576,11.0,0.4500815087123778,11.0,0.5419337978916438,11,0.9920153066040216,0.08783162735576244,0.0,0,0,0,85.15327003268446,SUCCESS,BEARISH,emergency,5,88321.02,88312.32,0.009851400121746422,83.0685457427045
2025-12-21T20:27:10.972276+00:00,btc-updown-15m-1766348100,TRADE,DOWN,DIR_AVERAGE_DOWN,1,1,0.2900637806018136,0.2900637806018136,11.0,0.4500815087123778,12.0,0.5209446297841579,11,0.9710261384965357,0.31871247653810686,1.0,0,0,0,84.86320625208265,SUCCESS,BEARISH,average_down,5,88328.21,88312.32,0.01799295953271233,183.90902361778708
2025-12-21T20:27:43.876183+00:00,btc-updown-15m-1766348100,TRADE,UP,DIR_EMERGENCY,1,1,0.5100913763374544,0.5100913763374544,12.0,0.45508233101446754,12.0,0.5209446297841579,12,0.9760269607986254,0.28767647041649536,0.0,0,0,0,84.35311487574519,SUCCESS,BEARISH,emergency,5,88321.1,88312.32,0.009941987709074833,78.12319023415073
2025-12-21T20:28:00.251573+00:00,btc-updown-15m-1766348100,TRADE,DOWN,DIR_AVERAGE_DOWN,1,1,0.7001327234625667,0.7001327234625667,12.0,0.45508233101446754,13.0,0.5347283292978816,12,0.9898106603123491,0.1222720762518108,1.0,0,0,0,83.65298215228262,SUCCESS,BEARISH,average_down,5,88298.97,88312.32,-0.015116803635105295,97.53466195814084
2025-12-21T20:28:05.717719+00:00,btc-updown-15m-1766348100,TRADE,UP,DIR_EMERGENCY,1,1,0.30008767540142417,0.30008767540142417,13.0,0.4431596651980796,13.0,0.5347283292978816,13,0.9778879944959612,0.2874560715525044,0.0,0,0,0,83.35289447688119,SUCCESS,BEARISH,emergency,5,88298.97,88312.32,-0.015116803635105295,90.00136984464032
2025-12-21T20:28:22.176098+00:00,btc-updown-15m-1766348100,TRADE,DOWN,DIR_AVERAGE_DOWN,1,1,0.7700959739162384,0.7700959739162384,13.0,0.4431596651980796,14.0,0.5515403039134786,13,0.9946999691115582,0.06890040154974308,1.0,0,0,0,82.58279850296495,SUCCESS,BEARISH,average_down,5,88298.98,88312.32,-0.01510548018669542,92.1746630577097
2025-12-21T20:28:27.773939+00:00,btc-updown-15m-1766348100,TRADE,UP,DIR_EMERGENCY,1,1,0.26010095476427203,0.26010095476427203,14.0,0.43008404302423614,14.0,0.5515403039134786,14,0.9816243469377148,0.25725914287199236,0.0,0,0,0,82.32269754820068,SUCCESS,BEARISH,emergency,5,88298.97,88312.32,-0.015116803635105295,92.28774963714531
2025-12-21T20:29:06.323241+00:00,btc-updown-15m-1766348100,TRADE,DOWN,DIR_AVERAGE_DOWN,1,1,0.8800511741669846,0.8800511741669846,14.0,0.43008404302423614,15.0,0.5734410285970456,14,1.0035250716212818,-0.04935100269794512,1.0,0,0,0,81.4426463740337,SUCCESS,BEARISH,average_down,5,88298.97,88312.32,-0.015116803635105295,2813.0780456440734
2025-12-21T20:29:11.776344+00:00,btc-updown-15m-1766348100,TRADE,UP,DIR_EMERGENCY,1,1,0.09004299850939995,0.09004299850939995,15.0,0.4074146400565804,15.0,0.5734410285970456,15,0.9808556686536261,0.28716497019560916,0.0,0,0,0,81.3526033755243,SUCCESS,BEARISH,emergency,5,88298.98,88312.32,-0.01510548018669542,2703.087489391187
2025-12-21T20:30:01.339440+00:00,btc-updown-15m-1766348100,RESOLUTION,DOWN,MARKET_END,30,30,1.0000,14.7128,15,0.4074,15,0.5734,15,0.9809,0.2872,0.00,0.0000,0.0000,0.2872,96.35,RESOLVED
2025-12-21T20:30:09.661771+00:00,btc-updown-15m-1766349000,TRADE,DOWN,DIR_AVERAGE_DOWN,1,1,0.4301295913819539,0.4301295913819539,0.0,0.0,1.0,0.4301295913819539,0,0,0.0,1.0,0,0,0,95.92247378414234,SUCCESS,BEARISH,average_down,5,88291.75,88291.74,1.1326087802507132e-05,0.2738383428934227
2025-12-21T20:33:41.195588+00:00,btc-updown-15m-1766349000,TRADE,DOWN,DIR_AVERAGE_DOWN,1,1,0.3801710961774026,0.3801710961774026,0.0,0.0,2.0,0.40515034377967823,0,0,0.0,2.0,0,0,0,95.54230268796493,SUCCESS,BEARISH,average_down,5,88304.4,88291.74,0.014338827165473168,69.63270514359706
2025-12-21T20:35:08.481545+00:00,btc-updown-15m-1766349000,TRADE,DOWN,DIR_AVERAGE_DOWN,1,1,0.25998045545544785,0.25998045545544785,0.0,0.0,3.0,0.35676038100493473,0,0,0.0,3.0,0,0,0,95.28232223250949,SUCCESS,BEARISH,average_down,5,88319.77,88291.74,0.031747024127057454,126.48206029061758
2025-12-21T20:35:14.069881+00:00,btc-updown-15m-1766349000,TRADE,DOWN,DIR_ACCUMULATE,1,1,0.2800738429517156,0.2800738429517156,0.0,0.0,4.0,0.33758874649162995,0,0,0.0,4.0,0,0,0,95.00224838955776,SUCCESS,BEARISH,accumulate,5,88319.77,88291.74,0.031747024127057454,126.29774043162382
2025-12-21T20:35:24.992038+00:00,btc-updown-15m-1766349000,TRADE,DOWN,DIR_ACCUMULATE,1,1,0.30011912512321604,0.30011912512321604,0.0,0.0,5.0,0.33009482221794717,0,0,0.0,5.0,0,0,0,94.70212926443455,SUCCESS,BEARISH,accumulate,5,88319.76,88291.74,0.03173569803923846,124.27608387950809
2025-12-21T20:35:30.453060+00:00,btc-updown-15m-1766349000,TRADE,DOWN,DIR_ACCUMULATE,1,1,0.2900951350111989,0.2900951350111989,0.0,0.0,6.0,0.3234282076834891,0,0,0.0,6.0,0,0,0,94.41203412942335,SUCCESS,BEARISH,accumulate,5,88319.77,88291.74,0.031747024127057454,143.18038000012407
2025-12-21T20:35:35.916554+00:00,btc-updown-15m-1766349000,TRADE,UP,DIR_REBALANCE,5,5,0.7301225721647189,3.6506128608235944,5.0,0.7301225721647189,6.0,0.3234282076834891,5,1.053550779848208,-0.26775389924104,1.0,0,0,0,90.76142126859975,SUCCESS,BEARISH,rebalance,5,88319.77,88291.74,0.031747024127057454,142.3293719223225
2025-12-21T20:35:41.393369+00:00,btc-updown-15m-1766349000,TRADE,DOWN,DIR_AVERAGE_DOWN,1,1,0.30010367369991414,0.30010367369991414,5.0,0.7301225721647189,7.0,0.3200961314001213,5,1.0502187035648403,-0.2510935178242013,2.0,0,0,0,90.46131759489984,SUCCESS,BEARISH,average_down,5,88319.76,88291.74,0.03173569803923846,147.84456612349356
2025-12-21T20:37:36.488192+00:00,btc-updown-15m-1766349000,TRADE,DOWN,DIR_AVERAGE_DOWN,1,1,0.24005962620142718,0.24005962620142718,5.0,0.7301225721647189,8.0,0.3100915682502845,5,1.0402141404150034,-0.20107070207501687,3.0,0,0,0,90.22125796869841,SUCCESS,BEARISH,average_down,5,88314.74,88291.74,0.02605000195941319,106.57615122383316
2025-12-21T20:37:41.919162+00:00,btc-updown-15m-1766349000,TRADE,DOWN,DIR_ACCUMULATE,1,1,0.3000846431971345,0.3000846431971345,5.0,0.7301225721647189,9.0,0.3089796876888234,5,1.0391022598535422,-0.19551129926771105,4.0,0,0,0,89.92117332550127,SUCCESS,BEARISH,accumulate,5,88314.74,88291.74,0.02605000195941319,107.08602180051854
2025-12-21T20:37:52.865267+00:00,btc-updown-15m-1766349000,TRADE,DOWN,DIR_ACCUMULATE,1,1,0.31014177321278064,0.31014177321278064,5.0,0.7301225721647189,10.0,0.30909589624121914,5,1.039218468405938,-0.19609234202969006,5.0,0,0,0,89.6110315522885,SUCCESS,BEARISH,accumulate,5,88307.39,88291.74,0.017725327420202816,68.4793786574173
2025-12-21T20:37:58.315745+00:00,btc-updown-15m-1766349000,TRADE,DOWN,DIR_ACCUMULATE,1,1,0.32002211020189913,0.32002211020189913,5.0,0.7301225721647189,11.0,0.31008918841946276,5,1.0402117605841816,-0.20105880292090816,6.0,0,0,0,89.29100944208659,SUCCESS,BEARISH,accumulate,5,88307.4,88291.74,0.017736653508005323,68.91802277235722
2025-12-21T20:38:03.806906+00:00,btc-updown-15m-1766349000,TRADE,UP,DIR_REBALANCE,5,5,0.7300280500046925,3.6501402500234628,10.0,0.7300753110847057,11.0,0.31008918841946276,10,1.0401644995041686,-0.4016449950416856,1.0,0,0,0,85.64086919206312,SUCCESS,BEARISH,rebalance,5,88307.39,88291.74,0.017725327420202816,69.03130773143911
2025-12-21T20:38:09.265621+00:00,btc-updown-15m-1766349000,TRADE,DOWN,DIR_AVERAGE_DOWN,1,1,0.2700269681809732,0.2700269681809732,10.0,0.7300753110847057,12.0,0.3067506700662553,10,1.036825981150961,-0.3682598115096103,2.0,0,0,0,85.37084222388215,SUCCESS,BEARISH,average_down,5,88307.39,88291.74,0.017725327420202816,68.31988391971065
2025-12-21T20:38:31.191292+00:00,btc-updown-15m-1766349000,TRADE,DOWN,DIR_AVERAGE_DOWN,1,1,0.22000283881865204,0.22000283881865204,10.0,0.7300753110847057,13.0,0.3000777599702858,10,1.0301530710549915,-0.3015307105499154,3.0,0,0,0,85.15083938506349,SUCCESS,BEARISH,average_down,5,88314.72,88291.74,0.026027349783791693,102.03464944659808
2025-12-21T20:38:36.647581+00:00,btc-updown-15m-1766349000,TRADE,DOWN,DIR_ACCUMULATE,1,1,0.2200018397435471,0.2200018397435471,10.0,0.7300753110847057,14.0,0.29435805138266163,10,1.0244333624673674,-0.2443336246736738,4.0,0,0,0,84.93083754531995,SUCCESS,BEARISH,accumulate,5,88314.72,88291.74,0.026027349783791693,120.94146774664152
2025-12-21T20:38:42.188274+00:00,btc-updown-15m-1766349000,TRADE,DOWN,DIR_ACCUMULATE,1,1,0.21006511927001978,0.21006511927001978,10.0,0.7300753110847057,15.0,0.2887385225751522,10,1.0188138336598578,-0.18813833659857782,5.0,0,0,0,84.72077242604993,SUCCESS,BEARISH,accumulate,5,88314.71,88291.74,0.026016023695989186,120.21443705724894
2025-12-21T20:40:09.930699+00:00,btc-updown-15m-1766349000,TRADE,UP,DIR_EMERGENCY,5,5,0.6002805465650746,3.001402732825373,15.0,0.686810389578162,15.0,0.2887385225751522,15,0.9755489121533142,0.3667663177002872,0.0,0,0,0,81.71936969322456,SUCCESS,BEARISH,emergency,5,88297.8,88291.74,0.0068636092119123155,34.2291057092117
2025-12-21T20:45:00.396879+00:00,btc-updown-15m-1766349000,RESOLUTION,DOWN,MARKET_END,30,30,1.0000,14.6332,15,0.6868,15,0.2887,15,0.9755,0.3668,0.00,0.0000,0.0000,0.3668,96.72,RESOLVED
2025-12-21T20:45:08.701303+00:00,btc-updown-15m-1766349900,TRADE,DOWN,DIR_AVERAGE_DOWN,1,1,0.5001457306892272,0.5001457306892272,0.0,0.0,1.0,0.5001457306892272,0,0,0.0,1.0,0,0,0,96.21922396253534,SUCCESS,BEARISH,average_down,5,88291.66,88291.66,0.0,0.20861056444493517
2025-12-21T20:55:03.104876+00:00,btc-updown-15m-1766349900,TRADE,UP,DIR_EMERGENCY,1,1,0.030013831775657203,0.030013831775657203,1.0,0.030013831775657203,1.0,0.5001457306892272,1,0.5301595624648844,0.4698404375351156,0.0,0,0,0,96.18921013075968,SUCCESS,BEARISH,emergency,5,88232.82,88291.66,-0.06664276104900112,777.3156814313745
2025-12-21T21:00:04.386022+00:00,btc-updown-15m-1766349900,RESOLUTION,DOWN,MARKET_END,2,2,1.0000,0.5302,1,0.0300,1,0.5001,1,0.5302,0.4698,0.00,0.0000,0.0000,0.4698,97.19,RESOLVED
2025-12-21T21:00:12.565950+00:00,btc-updown-15m-1766350800,TRADE,DOWN,DIR_AVERAGE_DOWN,1,1,0.47018160712467616,0.47018160712467616,0.0,0.0,1.0,0.47018160712467616,0,0,0.0,1.0,0,0,0,96.719028523635,SUCCESS,BEARISH,average_down,5,88230.97,88230.96,1.1333890048075313e-05,1.6701718139421269
2025-12-21T21:04:49.791168+00:00,btc-updown-15m-1766350800,TRADE,DOWN,DIR_AVERAGE_DOWN,1,1,0.39005082425496546,0.39005082425496546,0.0,0.0,2.0,0.43011621568982084,0,0,0.0,2.0,0,0,0,96.32897769938003,SUCCESS,BEARISH,average_down,5,88239.78,88230.96,0.0099964910276307,53.45945004357788
2025-12-21T21:06:22.614868+00:00,btc-updown-15m-1766350800,TRADE,DOWN,DIR_AVERAGE_DOWN,1,1,0.34000864461041275,0.34000864461041275,0.0,0.0,3.0,0.40008035866335145,0,0,0.0,3.0,0,0,0,95.98896905476963,SUCCESS,BEARISH,average_down,5,88249.99,88230.96,0.021568392772785012,85.2857391459963
2025-12-21T21:06:28.076882+00:00,btc-updown-15m-1766350800,TRADE,DOWN,DIR_ACCUMULATE,1,1,0.3500302071585919,0.3500302071585919,0.0,0.0,4.0,0.38756782078716157,0,0,0.0,4.0,0,0,0,95.63893884761103,SUCCESS,BEARISH,accumulate,5,88252.73,88230.96,0.02467387864757396,107.26896909706107
2025-12-21T21:06:39.288839+00:00,btc-updown-15m-1766350800,TRADE,DOWN,DIR_ACCUMULATE,1,1,0.3801398173299929,0.3801398173299929,0.0,0.0,5.0,0.3860822200957278,0,0,0.0,5.0,0,0,0,95.25879903028104,SUCCESS,BEARISH,accumulate,5,88252.73,88230.96,0.02467387864757396,111.12454853809484
2025-12-21T21:06:44.739363+00:00,btc-updown-15m-1766350800,TRADE,DOWN,DIR_ACCUMULATE,1,1,0.3800200119045313,0.3800200119045313,0.0,0.0,6.0,0.3850718520638617,0,0,0.0,6.0,0,0,0,94.8787790183765,SUCCESS,BEARISH,accumulate,5,88252.72,88230.96,0.024662544757525884,111.44771417329113
2025-12-21T21:06:55.727920+00:00,btc-updown-15m-1766350800,TRADE,UP,DIR_REBALANCE,5,5,0.8201185773504509,4.1005928867522545,5.0,0.8201185773504509,6.0,0.3850718520638617,5,1.2051904294143125,-1.0259521470715627,1.0,0,0,0,90.77818613162425,SUCCESS,BEARISH,rebalance,5,88276.08,88230.96,0.05113851192370041,306.5074322510958
2025-12-21T21:07:01.273324+00:00,btc-updown-15m-1766350800,TRADE,DOWN,DIR_AVERAGE_DOWN,1,1,0.2000784154463712,0.2000784154463712,5.0,0.8201185773504509,7.0,0.35864421826136306,5,1.178762795611814,-0.8938139780590704,2.0,0,0,0,90.57810771617788,SUCCESS,BEARISH,average_down,5,88275.08,88230.96,0.05000512291829913,304.2980005097699
2025-12-21T21:08:07.106966+00:00,btc-updown-15m-1766350800,TRADE,DOWN,DIR_AVERAGE_DOWN,1,1,0.180075222436088,0.180075222436088,5.0,0.8201185773504509,8.0,0.3363230937832037,5,1.1564416711336545,-0.7822083556682724,3.0,0,0,0,90.3980324937418,SUCCESS,BEARISH,average_down,5,88267.53,88230.96,0.04144803592751618,184.14601605123133
2025-12-21T21:08:12.557791+00:00,btc-updown-15m-1766350800,TRADE,DOWN,DIR_ACCUMULATE,1,1,0.17003907619485473,0.17003907619485473,5.0,0.8201185773504509,9.0,0.3178470918289427,5,1.1379656691793936,-0.6898283458969678,4.0,0,0,0,90.22799341754694,SUCCESS,BEARISH,accumulate,5,88267.54,88230.96,0.041459369817564255,184.2030040218176
2025-12-21T21:08:18.013718+00:00,btc-updown-15m-1766350800,TRADE,DOWN,DIR_ACCUMULATE,1,1,0.16005726219882074,0.16005726219882074,5.0,0.8201185773504509,10.0,0.3020681088659305,5,1.1221866862163814,-0.610933431081907,5.0,0,0,0,90.06793615534812,SUCCESS,BEARISH,accumulate,5,88267.54,88230.96,0.041459369817564255,190.55114046283603
2025-12-21T21:08:23.586788+00:00,btc-updown-15m-1766350800,TRADE,DOWN,DIR_ACCUMULATE,1,1,0.17002379473522863,0.17002379473522863,5.0,0.8201185773504509,11.0,0.290064080308594,5,1.110182657659045,-0.550913288295225,6.0,0,0,0,89.89791236061289,SUCCESS,BEARISH,accumulate,5,88267.54,88230.96,0.041459369817564255,199.26581118627394
2025-12-21T21:08:29.075683+00:00,btc-updown-15m-1766350800,TRADE,UP,DIR_REBALANCE,5,5,0.8800809053613188,4.400404526806594,10.0,0.850099741355885,11.0,0.290064080308594,10,1.140163821664479,-1.4016382166447894,1.0,0,0,0,85.4975078338063,SUCCESS,BEARISH,rebalance,5,88279.98,88230.96,0.0555587290447588,246.25967633057078
2025-12-21T21:08:40.162717+00:00,btc-updown-15m-1766350800,TRADE,DOWN,DIR_AVERAGE_DOWN,1,1,0.12000150838733149,0.12000150838733149,10.0,0.850099741355885,12.0,0.27589219931515546,10,1.1259919406710404,-1.2599194067104036,2.0,0,0,0,85.37750632541896,SUCCESS,BEARISH,average_down,5,88279.98,88230.96,0.0555587290447588,239.83386042029
2025-12-21T21:15:04.403192+00:00,btc-updown-15m-1766350800,RESOLUTION,UP,MARKET_END,22,22,1.0000,11.8117,10,0.8501,12,0.2759,10,1.1260,-1.2599,0.17,0.0000,0.0000,-1.8117,95.38,RESOLVED
2025-12-21T21:15:12.813555+00:00,btc-updown-15m-1766351700,TRADE,DOWN,DIR_AVERAGE_DOWN,1,1,0.5001362901606696,0.5001362901606696,0.0,0.0,1.0,0.5001362901606696,0,0,0.0,1.0,0,0,0,94.8773700352583,SUCCESS,BEARISH,average_down,5,88261.33,88267.32,-0.006786203546233463,43.7569896251086
2025-12-21T21:16:07.328267+00:00,btc-updown-15m-1766351700,TRADE,DOWN,DIR_AVERAGE_DOWN,1,1,0.30011540974487355,0.30011540974487355,0.0,0.0,2.0,0.40012584995277156,0,0,0.0,2.0,0,0,0,94.57725462551342,SUCCESS,BEARISH,average_down,5,88306.89,88267.32,0.04482972860169815,195.57998556135323
2025-12-21T21:16:40.303836+00:00,btc-updown-15m-1766351700,TRADE,DOWN,DIR_AVERAGE_DOWN,1,1,0.27011695243366984,0.27011695243366984,0.0,0.0,3.0,0.3567895507797377,0,0,0.0,3.0,0,0,0,94.30713767307975,SUCCESS,BEARISH,average_down,5,88306.89,88267.32,0.04482972860169815,194.9464031172273
2025-12-21T21:16:45.802958+00:00,btc-updown-15m-1766351700,TRADE,DOWN,DIR_ACCUMULATE,1,1,0.2801388466300768,0.2801388466300768,0.0,0.0,4.0,0.33762687474232245,0,0,0.0,4.0,0,0,0,94.02699882644967,SUCCESS,BEARISH,accumulate,5,88306.89,88267.32,0.04482972860169815,194.67667189953585
2025-12-21T21:16:51.217264+00:00,btc-updown-15m-1766351700,TRADE,DOWN,DIR_ACCUMULATE,1,1,0.2900365757690509,0.2900365757690509,0.0,0.0,5.0,0.32810881494766814,0,0,0.0,5.0,0,0,0,93.73696225068062,SUCCESS,BEARISH,accumulate,5,88306.9,88267.32,0.04484105782297139,195.72236653838354
2025-12-21T21:16:56.631227+00:00,btc-updown-15m-1766351700,TRADE,DOWN,DIR_ACCUMULATE,1,1,0.2200062545754427,0.2200062545754427,0.0,0.0,6.0,0.3100917215522972,0,0,0.0,6.0,0,0,0,93.51695599610518,SUCCESS,BEARISH,accumulate,5,88315.73,88267.32,0.0548447602124874,243.86803931209747
2025-12-21T21:17:02.039591+00:00,btc-updown-15m-1766351700,TRADE,UP,DIR_REBALANCE,5,5,0.7701290022619125,3.8506450113095623,5.0,0.7701290022619125,6.0,0.3100917215522972,5,1.0802207238142096,-0.4011036190710482,1.0,0,0,0,89.66631098479562,SUCCESS,BEARISH,rebalance,5,88315.72,88267.32,0.054833430991214155,329.40498223193566
2025-12-21T21:17:07.562902+00:00,btc-updown-15m-1766351700,TRADE,DOWN,DIR_AVERAGE_DOWN,1,1,0.24003058086391188,0.24003058086391188,5.0,0.7701290022619125,7.0,0.30008298716824217,5,1.0702119894301547,-0.3510599471507736,2.0,0,0,0,89.4262804039317,SUCCESS,BEARISH,average_down,5,88315.73,88267.32,0.0548447602124874,329.4926644495362
2025-12-21T21:18:39.687323+00:00,btc-updown-15m-1766351700,TRADE,DOWN,DIR_AVERAGE_DOWN,1,1,0.21004266959682477,0.21004266959682477,5.0,0.7701290022619125,8.0,0.288827947471815,5,1.0589569497337274,-0.29478474866863724,3.0,0,0,0,89.21623773433487,SUCCESS,BEARISH,average_down,5,88329.52,88267.32,0.07046775635648288,485.97384589503383
2025-12-21T21:18:45.109817+00:00,btc-updown-15m-1766351700,TRADE,DOWN,DIR_ACCUMULATE,1,1,0.14001271374504304,0.14001271374504304,5.0,0.7701290022619125,9.0,0.27229292150217366,5,1.0424219237640862,-0.21210961882043078,4.0,0,0,0,89.07622502058983,SUCCESS,BEARISH,accumulate,5,88338.35,88267.32,0.0804714587459989,511.5865165396267
2025-12-21T21:18:50.526339+00:00,btc-updown-15m-1766351700,TRADE,DOWN,DIR_ACCUMULATE,1,1,0.16001072662418364,0.16001072662418364,5.0,0.7701290022619125,10.0,0.2610647020143747,5,1.031193704276287,-0.15596852138143547,5.0,0,0,0,88.91621429396565,SUCCESS,BEARISH,accumulate,5,88338.34,88267.32,0.08046012952470916,511.92326544889835
2025-12-21T21:18:55.943119+00:00,btc-updown-15m-1766351700,TRADE,DOWN,DIR_ACCUMULATE,1,1,0.1600134031326267,0.1600134031326267,5.0,0.7701290022619125,11.0,0.2518782202978521,5,1.0220072225597647,-0.11003611279882364,6.0,0,0,0,88.75620089083303,SUCCESS,BEARISH,accumulate,5,88338.35,88267.32,0.0804714587459989,513.7989061008883
2025-12-21T21:19:01.369228+00:00,btc-updown-15m-1766351700,TRADE,UP,DIR_REBALANCE,5,5,0.8502930302897564,4.251465151448782,10.0,0.8102110162758344,11.0,0.2518782202978521,10,1.0620892365736865,-0.6208923657368648,1.0,0,0,0,84.50473573938424,SUCCESS,BEARISH,rebalance,5,88338.35,88267.32,0.0804714587459989,512.4756196131683
2025-12-21T21:19:06.766055+00:00,btc-updown-15m-1766351700,TRADE,DOWN,DIR_AVERAGE_DOWN,1,1,0.16002757847989743,0.16002757847989743,10.0,0.8102110162758344,12.0,0.2442240001463559,10,1.0544350164221903,-0.5443501642219029,2.0,0,0,0,84.34470816090435,SUCCESS,BEARISH,average_down,5,88338.34,88267.32,0.08046012952470916,514.1325165896029
2025-12-21T21:19:28.476931+00:00,btc-updown-15m-1766351700,TRADE,DOWN,DIR_AVERAGE_DOWN,1,1,0.14003736137765474,0.14003736137765474,10.0,0.8102110162758344,13.0,0.23620964331799427,10,1.0464206595938286,-0.4642065959382857,3.0,0,0,0,84.2046707995267,SUCCESS,BEARISH,average_down,5,88338.34,88267.32,0.08046012952470916,512.8155436913007
2025-12-21T21:19:33.894937+00:00,btc-updown-15m-1766351700,TRADE,DOWN,DIR_ACCUMULATE,1,1,0.11005294045481201,0.11005294045481201,10.0,0.8102110162758344,14.0,0.2271984502563384,10,1.0374094665321727,-0.37409466532172697,4.0,0,0,0,84.09461785907189,SUCCESS,BEARISH,accumulate,5,88342.68,88267.32,0.08537701155986839,569.9397788949652
2025-12-21T21:19:39.317344+00:00,btc-updown-15m-1766351700,TRADE,DOWN,DIR_ACCUMULATE,1,1,0.12002823963955464,0.12002823963955464,10.0,0.8102110162758344,15.0,0.2200537695485528,10,1.0302647858243872,-0.30264785824387186,5.0,0,0,0,83.97458961943234,SUCCESS,BEARISH,accumulate,5,88342.69,88267.32,0.08538834078115812,655.0431807846895
2025-12-21T21:30:04.037112+00:00,btc-updown-15m-1766351700,RESOLUTION,UP,MARKET_END,25,25,1.0000,11.4029,10,0.8102,15,0.2201,10,1.0303,-0.3026,0.33,0.0000,0.0000,-1.4029,93.97,RESOLVED
2025-12-21T21:30:12.309028+00:00,btc-updown-15m-1766352600,TRADE,DOWN,DIR_AVERAGE_DOWN,1,1,0.5202143381808856,0.5202143381808856,0.0,0.0,1.0,0.5202143381808856,0,0,0.0,1.0,0,0,0,93.45437528125144,SUCCESS,BEARISH,average_down,5,88341.59,88341.6,-1.131969537490064e-05,0.09368268207492364
2025-12-21T21:31:12.149311+00:00,btc-updown-15m-1766352600,TRADE,DOWN,DIR_AVERAGE_DOWN,1,1,0.43008433003187163,0.43008433003187163,0.0,0.0,2.0,0.4751493341063786,0,0,0.0,2.0,0,0,0,93.02429095121957,SUCCESS,BEARISH,average_down,5,88352.1,88341.6,0.011885680132576272,68.54809780378409
2025-12-21T21:32:39.111817+00:00,btc-updown-15m-1766352600,TRADE,DOWN,DIR_AVERAGE_DOWN,1,1,0.3700391241940597,0.3700391241940597,0.0,0.0,3.0,0.440112597468939,0,0,0.0,3.0,0,0,0,92.6542518270255,SUCCESS,BEARISH,average_down,5,88365.18,88341.6,0.026691841669142503,130.02714171436298
2025-12-21T21:32:44.498168+00:00,btc-updown-15m-1766352600,TRADE,DOWN,DIR_ACCUMULATE,1,1,0.38004224181856744,0.38004224181856744,0.0,0.0,4.0,0.4250950085563461,0,0,0.0,4.0,0,0,0,92.27420958520693,SUCCESS,BEARISH,accumulate,5,88365.18,88341.6,0.026691841669142503,130.2083114610963
2025-12-21T21:32:49.897008+00:00,btc-updown-15m-1766352600,TRADE,DOWN,DIR_ACCUMULATE,1,1,0.380168168835167,0.380168168835167,0.0,0.0,5.0,0.41610964061211025,0,0,0.0,5.0,0,0,0,91.89404141637176,SUCCESS,BEARISH,accumulate,5,88365.18,88341.6,0.026691841669142503,131.12169479891332
2025-12-21T21:32:55.297399+00:00,btc-updown-15m-1766352600,TRADE,DOWN,DIR_ACCUMULATE,1,1,0.4400453082987547,0.4400453082987547,0.0,0.0,6.0,0.4200989185598843,0,0,0.0,6.0,0,0,0,91.45399610807301,SUCCESS,BEARISH,accumulate,5,88357.47,88341.6,0.017964356543231436,91.46624626170228
2025-12-21T21:33:06.288229+00:00,btc-updown-15m-1766352600,TRADE,UP,DIR_REBALANCE,5,5,0.6200586671264201,3.1002933356321005,5.0,0.6200586671264201,6.0,0.4200989185598843,5,1.0401575856863043,-0.2007879284315217,1.0,0,0,0,88.35370277244091,SUCCESS,BEARISH,rebalance,5,88356.6,88341.6,0.01697954304653753,92.46190363218228
2025-12-21T21:33:11.703134+00:00,btc-updown-15m-1766352600,TRADE,DOWN,DIR_AVERAGE_DOWN,1,1,0.39003708616929345,0.39003708616929345,5.0,0.6200586671264201,7.0,0.4158043710755142,5,1.0358630382019343,-0.1793151910096713,2.0,0,0,0,87.96366568627161,SUCCESS,BEARISH,average_down,5,88356.6,88341.6,0.01697954304653753,92.38370974927136
2025-12-21T21:33:44.267547+00:00,btc-updown-15m-1766352600,TRADE,DOWN,DIR_AVERAGE_DOWN,1,1,0.34014901538214465,0.34014901538214465,5.0,0.6200586671264201,8.0,0.406347451613843,5,1.026406118740263,-0.13203059370131554,3.0,0,0,0,87.62351667088947,SUCCESS,BEARISH,average_down,5,88362.55,88341.6,0.023714761788327456,173.78164767359658
2025-12-21T21:33:49.813195+00:00,btc-updown-15m-1766352600,TRADE,DOWN,DIR_ACCUMULATE,1,1,0.34016581184355554,0.34016581184355554,5.0,0.6200586671264201,9.0,0.39899393608381106,5,1.0190526032102312,-0.09526301605115584,4.0,0,0,0,87.28335085904591,SUCCESS,BEARISH,accumulate,5,88364.17,88341.6,0.025548552437348236,167.6711699458862
2025-12-21T21:33:55.336960+00:00,btc-updown-15m-1766352600,TRADE,DOWN,DIR_ACCUMULATE,1,1,0.34010919338764206,0.34010919338764206,5.0,0.6200586671264201,10.0,0.39310546181419415,5,1.0131641289406144,-0.0658206447030718,5.0,0,0,0,86.94324166565826,SUCCESS,BEARISH,accumulate,5,88364.17,88341.6,0.025548552437348236,167.5226119242617
2025-12-21T21:34:06.386545+00:00,btc-updown-15m-1766352600,TRADE,DOWN,DIR_ACCUMULATE,1,1,0.360051850607636,0.360051850607636,5.0,0.6200586671264201,11.0,0.39010058806814346,5,1.0101592551945635,-0.05079627597281755,6.0,0,0,0,86.58318981505063,SUCCESS,BEARISH,accumulate,5,88364.17,88341.6,0.025548552437348236,156.4375461716243
2025-12-21T21:34:11.891474+00:00,btc-updown-15m-1766352600,TRADE,UP,DIR_REBALANCE,5,5,0.6600646763617554,3.3003233818087767,10.0,0.6400616717440878,11.0,0.39010058806814346,10,1.0301622598122313,-0.30162259812231307,1.0,0,0,0,83.28286643324185,SUCCESS,BEARISH,rebalance,5,88364.18,88341.6,0.025559872132706666,158.15583327075137
2025-12-21T21:34:17.302282+00:00,btc-updown-15m-1766352600,TRADE,DOWN,DIR_AVERAGE_DOWN,1,1,0.37002640313112267,0.37002640313112267,10.0,0.6400616717440878,12.0,0.3884277393233917,10,1.0284894110674796,-0.284894110674796,2.0,0,0,0,82.91284003011073,SUCCESS,BEARISH,average_down,5,88364.17,88341.6,0.025548552437348236,158.26382437279398
2025-12-21T21:40:07.830565+00:00,btc-updown-15m-1766352600,TRADE,UP,DIR_EMERGENCY,2,2,0.04000011043898339,0.08000022087796678,12.0,0.5400514115265703,12.0,0.3884277393233917,12,0.928479150849962,0.8582501898004558,0.0,0,0,0,82.83283980923277,SUCCESS,BEARISH,emergency,5,88277.22,88341.6,-0.07287619875574436,414.3862538581487
2025-12-21T21:45:00.218857+00:00,btc-updown-15m-1766352600,RESOLUTION,DOWN,MARKET_END,24,24,1.0000,11.1417,12,0.5401,12,0.3884,12,0.9285,0.8583,0.00,0.0000,0.0000,0.8583,94.83,RESOLVED
2025-12-21T21:45:08.457943+00:00,btc-updown-15m-1766353500,TRADE,DOWN,DIR_AVERAGE_DOWN,1,1,0.510176715501432,0.510176715501432,0.0,0.0,1.0,0.510176715501432,0,0,0.0,1.0,0,0,0,94.32266309373134,SUCCESS,BEARISH,average_down,5,88227.37,88235.27,-0.008953335780588342,56.96826480535226
2025-12-21T21:45:35.635273+00:00,btc-updown-15m-1766353500,TRADE,DOWN,DIR_AVERAGE_DOWN,1,1,0.37003334140794275,0.37003334140794275,0.0,0.0,2.0,0.44010502845468735,0,0,0.0,2.0,0,0,0,93.95262975232339,SUCCESS,BEARISH,average_down,5,88240.73,88235.27,0.006188001691377893,34.36423058420538
2025-12-21T21:55:01.276957+00:00,btc-updown-15m-1766353500,TRADE,UP,DIR_EMERGENCY,2,2,0.09001753913390223,0.18003507826780446,2.0,0.09001753913390223,2.0,0.44010502845468735,2,0.5301225675885896,0.9397548648228209,0.0,0,0,0,93.77259467405558,SUCCESS,BEARISH,emergency,5,88158.74,88235.27,-0.08673402370729849,389.7701369481918
2025-12-21T22:00:02.999950+00:00,btc-updown-15m-1766353500,RESOLUTION,DOWN,MARKET_END,4,4,1.0000,1.0602,2,0.0900,2,0.4401,2,0.5301,0.9398,0.00,0.0000,0.0000,0.9398,95.77,RESOLVED
2025-12-21T22:00:11.307048+00:00,btc-updown-15m-1766354400,TRADE,DOWN,DIR_AVERAGE_DOWN,1,1,0.5900820896281861,0.5900820896281861,0.0,0.0,1.0,0.5900820896281861,0,0,0.0,1.0,0,0,0,95.1825125844274,SUCCESS,BEARISH,average_down,5,88140.0,88162.86,-0.02592928586935653,159.53604226973056
2025-12-21T22:02:21.964795+00:00,btc-updown-15m-1766354400,TRADE,DOWN,DIR_AVERAGE_DOWN,1,1,0.48021424682006447,0.48021424682006447,0.0,0.0,2.0,0.5351481682241253,0,0,0.0,2.0,0,0,0,94.70229833760733,SUCCESS,BEARISH,average_down,5,88156.24,88162.86,-0.007508830816054905,42.33662399639844
2025-12-21T22:02:38.273569+00:00,btc-updown-15m-1766354400,TRADE,DOWN,DIR_AVERAGE_DOWN,1,1,0.42016807480443696,0.42016807480443696,0.0,0.0,3.0,0.49682147041756247,0,0,0.0,3.0,0,0,0,94.2821302628029,SUCCESS,BEARISH,average_down,5,88164.42,88162.86,0.0017694525790085207,9.160953429855125
2025-12-21T22:02:43.676420+00:00,btc-updown-15m-1766354400,TRADE,DOWN,DIR_ACCUMULATE,1,1,0.4200508962666567,0.4200508962666567,0.0,0.0,4.0,0.47762882687983604,0,0,0.0,4.0,0,0,0,93.86207936653624,SUCCESS,BEARISH,accumulate,5,88164.42,88162.86,0.0017694525790085207,9.215732300179004
2025-12-21T22:02:49.062684+00:00,btc-updown-15m-1766354400,TRADE,DOWN,DIR_ACCUMULATE,1,1,0.39000834987083766,0.39000834987083766,0.0,0.0,5.0,0.4601047314780364,0,0,0.0,5.0,0,0,0,93.4720710166654,SUCCESS,BEARISH,accumulate,5,88172.25,88162.86,0.010650743408278065,54.414397347105144
2025-12-21T22:02:54.466290+00:00,btc-updown-15m-1766354400,TRADE,DOWN,DIR_ACCUMULATE,1,1,0.400011440041445,0.400011440041445,0.0,0.0,6.0,0.45008918290527117,0,0,0.0,6.0,0,0,0,93.07205957662396,SUCCESS,BEARISH,accumulate,5,88172.24,88162.86,0.010639400763546754,53.98716122834421
2025-12-21T22:02:59.971909+00:00,btc-updown-15m-1766354400,TRADE,UP,DIR_REBALANCE,5,5,0.6102635624947341,3.0513178124736706,5.0,0.6102635624947341,6.0,0.45008918290527117,5,1.0603527454000052,-0.3017637270000262,1.0,0,0,0,90.02074176415029,SUCCESS,BEARISH,rebalance,5,88172.25,88162.86,0.010650743408278065,53.5507443714529
2025-12-21T22:03:05.444332+00:00,btc-updown-15m-1766354400,TRADE,DOWN,DIR_AVERAGE_DOWN,1,1,0.4302129788176628,0.4302129788176628,5.0,0.6102635624947341,7.0,0.44724972517847,5,1.057513287673204,-0.28756643836602036,2.0,0,0,0,89.59052878533262,SUCCESS,BEARISH,average_down,5,88173.99,88162.86,0.012624363592565687,67.46526487501957
2025-12-21T22:03:10.931875+00:00,btc-updown-15m-1766354400,TRADE,DOWN,DIR_AVERAGE_DOWN,1,1,0.360152802187244,0.360152802187244,5.0,0.6102635624947341,8.0,0.43636260980456676,5,1.0466261722993009,-0.23313086149650442,3.0,0,0,0,89.23037598314538,SUCCESS,BEARISH,average_down,5,88185.75,88162.86,0.025963313803566965,128.4400988351415
2025-12-21T22:03:21.944986+00:00,btc-updown-15m-1766354400,TRADE,DOWN,DIR_ACCUMULATE,1,1,0.45004757932343875,0.45004757932343875,5.0,0.6102635624947341,9.0,0.4378831619733303,5,1.0481467244680645,-0.24073362234032225,4.0,0,0,0,88.78032840382194,SUCCESS,BEARISH,accumulate,5,88174.0,88162.86,0.012635706237296995,68.08612332634841
2025-12-21T22:03:27.487380+00:00,btc-updown-15m-1766354400,TRADE,DOWN,DIR_ACCUMULATE,1,1,0.49011066665224395,0.49011066665224395,5.0,0.6102635624947341,10.0,0.44310591244122166,5,1.053369474935956,-0.2668473746797795,5.0,0,0,0,88.2902177371697,SUCCESS,BEARISH,accumulate,5,88165.17,88162.86,0.0026201509343023485,13.919725635789131
2025-12-21T22:03:38.426823+00:00,btc-updown-15m-1766354400,TRADE,DOWN,DIR_ACCUMULATE,1,1,0.38012919627253694,0.38012919627253694,5.0,0.6102635624947341,11.0,0.4373807564258867,5,1.0476443189206208,-0.2382215946031041,6.0,0,0,0,87.91008854089716,SUCCESS,BEARISH,accumulate,5,88167.38,88162.86,0.005126875421242091,29.318497189303727
2025-12-21T22:03:43.903393+00:00,btc-updown-15m-1766354400,TRADE,UP,DIR_REBALANCE,5,5,0.6301681554578408,3.1508407772892038,10.0,0.6202158589762874,11.0,0.4373807564258867,10,1.057596615402174,-0.5759661540217409,1.0,0,0,0,84.75924776360796,SUCCESS,BEARISH,rebalance,5,88167.38,88162.86,0.005126875421242091,30.462103639080595
2025-12-21T22:03:49.460572+00:00,btc-updown-15m-1766354400,TRADE,DOWN,DIR_AVERAGE_DOWN,1,1,0.3800277815389415,0.3800277815389415,10.0,0.6202158589762874,12.0,0.4326013418519746,10,1.052817200828262,-0.5281720082826191,2.0,0,0,0,84.37921998206902,SUCCESS,BEARISH,average_down,5,88167.38,88162.86,0.005126875421242091,30.509656996414744
2025-12-21T22:04:33.543082+00:00,btc-updown-15m-1766354400,TRADE,DOWN,DIR_AVERAGE_DOWN,1,1,0.2900503890469268,0.2900503890469268,10.0,0.6202158589762874,13.0,0.421635883943894,10,1.0418517429201815,-0.41851742920181456,3.0,0,0,0,84.08916959302209,SUCCESS,BEARISH,average_down,5,88187.03,88162.86,0.027415172329933776,146.05342982278472
2025-12-21T22:04:49.889655+00:00,btc-updown-15m-1766354400,TRADE,DOWN,DIR_ACCUMULATE,1,1,0.36011237223155024,0.36011237223155024,10.0,0.6202158589762874,14.0,0.41724134739301233,10,1.0374572063692997,-0.3745720636929972,4.0,0,0,0,83.72905722079054,SUCCESS,BEARISH,accumulate,5,88175.74,88162.86,0.014609326421584617,70.57484929962114
2025-12-21T22:04:55.378213+00:00,btc-updown-15m-1766354400,TRADE,DOWN,DIR_ACCUMULATE,1,1,0.3600456470451303,0.3600456470451303,10.0,0.6202158589762874,15.0,0.41342830070315356,10,1.033644159679441,-0.3364415967944101,5.0,0,0,0,83.36901157374541,SUCCESS,BEARISH,accumulate,5,88175.75,88162.86,0.014620669066315928,69.7784294699014
2025-12-21T22:15:03.101382+00:00,btc-updown-15m-1766354400,RESOLUTION,UP,MARKET_END,25,25,1.0000,12.4036,10,0.6202,15,0.4134,10,1.0336,-0.3364,0.33,0.0000,0.0000,-2.4036,93.37,RESOLVED
2025-12-21T22:15:16.591981+00:00,btc-updown-15m-1766355300,TRADE,DOWN,DIR_AVERAGE_DOWN,1,1,0.47021169261028806,0.47021169261028806,0.0,0.0,1.0,0.47021169261028806,0,0,0.0,1.0,0,0,0,92.89879988113512,SUCCESS,BEARISH,average_down,5,88389.22,88370.59,0.02108167434437708,138.014434555022
2025-12-21T22:15:32.795350+00:00,btc-updown-15m-1766355300,TRADE,DOWN,DIR_AVERAGE_DOWN,1,1,0.3800718601003806,0.3800718601003806,0.0,0.0,2.0,0.42514177635533434,0,0,0.0,2.0,0,0,0,92.51872802103473,SUCCESS,BEARISH,average_down,5,88422.9,88370.59,0.05919390150048526,143.58135969134958
2025-12-21T22:15:48.988483+00:00,btc-updown-15m-1766355300,TRADE,DOWN,DIR_AVERAGE_DOWN,1,1,0.30009675033264377,0.30009675033264377,0.0,0.0,3.0,0.38346010101443745,0,0,0.0,3.0,0,0,0,92.21863127070209,SUCCESS,BEARISH,average_down,5,88440.93,88370.59,0.07959661692877291,198.7359070593545
2025-12-21T22:15:59.859919+00:00,btc-updown-15m-1766355300,TRADE,DOWN,DIR_ACCUMULATE,1,1,0.2600024405666876,0.2600024405666876,0.0,0.0,4.0,0.3525956859025,0,0,0.0,4.0,0,0,0,91.9586288301354,SUCCESS,BEARISH,accumulate,5,88469.99,88370.59,0.11248086043106505,292.9914438761186
2025-12-21T22:16:05.272130+00:00,btc-updown-15m-1766355300,TRADE,DOWN,DIR_ACCUMULATE,1,1,0.2900609504084068,0.2900609504084068,0.0,0.0,5.0,0.3400887388036814,0,0,0.0,5.0,0,0,0,91.668567879727,SUCCESS,BEARISH,accumulate,5,88450.43,88370.59,0.09034679976675103,230.48322843455543
2025-12-21T22:16:10.786771+00:00,btc-updown-15m-1766355300,TRADE,DOWN,DIR_ACCUMULATE,1,1,0.30005065010458787,0.30005065010458787,0.0,0.0,6.0,0.3334157240204991,0,0,0.0,6.0,0,0,0,91.3685172296224,SUCCESS,BEARISH,accumulate,5,88450.44,88370.59,0.09035811574869627,226.90058514030795
2025-12-21T22:16:16.193245+00:00,btc-updown-15m-1766355300,TRADE,UP,DIR_REBALANCE,5,5,0.7202028838617016,3.601014419308508,5.0,0.7202028838617016,6.0,0.3334157240204991,5,1.0536186078822007,-0.2680930394110037,1.0,0,0,0,87.76750281031389,SUCCESS,BEARISH,rebalance,5,88450.43,88370.59,0.09034679976675103,223.6028994336403
2025-12-21T22:16:21.616795+00:00,btc-updown-15m-1766355300,TRADE,DOWN,DIR_AVERAGE_DOWN,1,1,0.3000897354935181,0.3000897354935181,5.0,0.7202028838617016,7.0,0.32865486851664466,5,1.0488577523783462,-0.2442887618917311,2.0,0,0,0,87.46741307482037,SUCCESS,BEARISH,average_down,5,88450.43,88370.59,0.09034679976675103,221.10891587970673
2025-12-21T22:25:07.523606+00:00,btc-updown-15m-1766355300,TRADE,UP,DIR_EMERGENCY,2,2,0.020006760989394242,0.040013521978788484,7.0,0.520146848755328,7.0,0.32865486851664466,7,0.8488017172719726,1.0583879790961916,0.0,0,0,0,87.42739955284158,SUCCESS,BEARISH,emergency,5,88262.0,88370.59,-0.12288024782905321,345.8621508221796
2025-12-21T22:26:28.824701+00:00,btc-updown-15m-1766355300,TRADE,DOWN,DIR_AVERAGE_DOWN,1,1,0.7802057284539039,0.7802057284539039,7.0,0.520146848755328,8.0,0.3850987260088021,7,0.9052455747641301,0.663280976651089,1.0,0,0,0,86.64719382438767,SUCCESS,BEARISH,average_down,5,88340.0,88370.59,-0.03461558873828556,202.75119768452834
2025-12-21T22:26:34.241578+00:00,btc-updown-15m-1766355300,TRADE,UP,DIR_EMERGENCY,1,1,0.2800349841199352,0.2800349841199352,8.0,0.490132865675904,8.0,0.3850987260088021,8,0.875231591684706,0.9981472665223521,0.0,0,0,0,86.36715884026773,SUCCESS,BEARISH,emergency,5,88343.79,88370.59,-0.03032683158503628,171.9764134139618
2025-12-21T22:26:39.644912+00:00,btc-updown-15m-1766355300,TRADE,DOWN,DIR_AVERAGE_DOWN,1,1,0.7696195013823094,0.7696195013823094,8.0,0.490132865675904,9.0,0.42782325660585846,8,0.9179561222817625,0.6563510217459001,1.0,0,0,0,85.59753933888543,SUCCESS,BEARISH,average_down,5,88343.78,88370.59,-0.030338147566965068,173.18567688272447
2025-12-21T22:26:45.073647+00:00,btc-updown-15m-1766355300,TRADE,UP,DIR_EMERGENCY,1,1,0.23004954887851647,0.23004954887851647,9.0,0.4612347193650831,9.0,0.42782325660585846,9,0.8890579759709416,0.9984782162615256,0.0,0,0,0,85.36748979000691,SUCCESS,BEARISH,emergency,5,88343.79,88370.59,-0.03032683158503628,177.6269134049496
2025-12-21T22:26:50.465136+00:00,btc-updown-15m-1766355300,TRADE,DOWN,DIR_AVERAGE_DOWN,1,1,0.8401532880759937,0.8401532880759937,9.0,0.4612347193650831,10.0,0.46905625975287196,9,0.930290979117955,0.627381187938405,1.0,0,0,0,84.52733650193092,SUCCESS,BEARISH,average_down,5,88343.79,88370.59,-0.03032683158503628,178.026527190763
2025-12-21T22:26:55.862281+00:00,btc-updown-15m-1766355300,TRADE,UP,DIR_EMERGENCY,1,1,0.130019641147923,0.130019641147923,10.0,0.4281132115433671,10.0,0.46905625975287196,10,0.897169471296239,1.0283052870376097,0.0,0,0,0,84.397316860783,SUCCESS,BEARISH,emergency,5,88341.53,88370.59,-0.032884243502275666,193.29717798775314
2025-12-21T22:27:22.933459+00:00,btc-updown-15m-1766355300,TRADE,DOWN,DIR_AVERAGE_DOWN,1,1,0.8203930564903396,0.8203930564903396,10.0,0.4281132115433671,11.0,0.5009959685471872,10,0.9291091800905543,0.7089081990944568,1.0,0,0,0,83.57692380429265,SUCCESS,BEARISH,average_down,5,88348.76,88370.59,-0.0247027885634822,134.68698718395302
2025-12-21T22:27:28.350580+00:00,btc-updown-15m-1766355300,TRADE,UP,DIR_EMERGENCY,1,1,0.13000476232575425,0.13000476232575425,11.0,0.401012443432675,11.0,0.5009959685471872,11,0.9020084119798621,1.0779074682215164,0.0,0,0,0,83.4469190419669,SUCCESS,BEARISH,emergency,5,88333.99,88370.59,-0.041416493881042626,192.68144411447932
2025-12-21T22:27:39.182078+00:00,btc-updown-15m-1766355300,TRADE,DOWN,DIR_AVERAGE_DOWN,1,1,0.7802290399188931,0.7802290399188931,11.0,0.401012443432675,12.0,0.5242653911614961,11,0.925277834594171,0.8219438194641189,1.0,0,0,0,82.666690002048,SUCCESS,BEARISH,average_down,5,88349.9,88370.59,-0.023412766622925487,110.49967475178593
2025-12-21T22:27:44.595117+00:00,btc-updown-15m-1766355300,TRADE,UP,DIR_EMERGENCY,1,1,0.24008090435554344,0.24008090435554344,12.0,0.38760148184291404,12.0,0.5242653911614961,12,0.9118668730044102,1.057597523947078,0.0,0,0,0,82.42660909769246,SUCCESS,BEARISH,emergency,5,88349.9,88370.59,-0.023412766622925487,108.06338564954173
2025-12-21T22:27:49.988393+00:00,btc-updown-15m-1766355300,TRADE,DOWN,DIR_AVERAGE_DOWN,1,1,0.7903922425994554,0.7903922425994554,12.0,0.38760148184291404,13.0,0.5447366874259545,12,0.9323381692688686,0.8119419687735769,1.0,0,0,0,81.63621685509301,SUCCESS,BEARISH,average_down,5,88349.89,88370.59,-0.023424082604854273,108.11536030473268
2025-12-21T22:27:55.399729+00:00,btc-updown-15m-1766355300,TRADE,UP,DIR_EMERGENCY,1,1,0.22002515622811644,0.22002515622811644,13.0,0.37471099525716034,13.0,0.5447366874259545,13,0.9194476826831148,1.0471801251195072,0.0,0,0,0,81.41619169886489,SUCCESS,BEARISH,emergency,5,88349.9,88370.59,-0.023412766622925487,101.67441279334534
2025-12-21T22:28:00.826757+00:00,btc-updown-15m-1766355300,TRADE,DOWN,DIR_AVERAGE_DOWN,1,1,0.8102561044338631,0.8102561044338631,13.0,0.37471099525716034,14.0,0.5637023600693765,13,0.9384133553265368,0.8006263807550216,1.0,0,0,0,80.60593559443103,SUCCESS,BEARISH,average_down,5,88349.89,88370.59,-0.023424082604854273,101.55962235412997
2025-12-21T22:28:06.264927+00:00,btc-updown-15m-1766355300,TRADE,UP,DIR_EMERGENCY,1,1,0.19009109197992985,0.19009109197992985,14.0,0.3615238593087868,14.0,0.5637023600693765,14,0.9252262193781633,1.0468329287057139,0.0,0,0,0,80.41584450245111,SUCCESS,BEARISH,emergency,5,88349.89,88370.59,-0.023424082604854273,102.35524583038423
2025-12-21T22:28:11.661301+00:00,btc-updown-15m-1766355300,TRADE,DOWN,DIR_AVERAGE_DOWN,1,1,0.8402353375235198,0.8402353375235198,14.0,0.3615238593087868,15.0,0.5821378918996527,14,0.9436617512084395,0.7887354830818465,1.0,0,0,0,79.57560916492758,SUCCESS,BEARISH,average_down,5,88349.9,88370.59,-0.023412766622925487,100.02918846120727
2025-12-21T22:28:22.510792+00:00,btc-updown-15m-1766355300,TRADE,UP,DIR_EMERGENCY,1,1,0.18003713285179293,0.18003713285179293,15.0,0.34942474421165387,15.0,0.5821378918996527,15,0.9315626361113065,1.0265604583304022,0.0,0,0,0,79.39557203207579,SUCCESS,BEARISH,emergency,5,88349.9,88370.59,-0.023412766622925487,105.6559261565161
2025-12-21T22:30:05.380737+00:00,btc-updown-15m-1766355300,RESOLUTION,UP,MARKET_END,30,30,1.0000,13.9734,15,0.3494,15,0.5821,15,0.9316,1.0266,0.00,0.0000,0.0000,1.0266,94.40,RESOLVED
2025-12-21T22:30:13.400492+00:00,btc-updown-15m-1766356200,TRADE,DOWN,DIR_AVERAGE_DOWN,1,1,0.4501362803147627,0.4501362803147627,0.0,0.0,1.0,0.4501362803147627,0,0,0.0,1.0,0,0,0,93.94543575176102,SUCCESS,BEARISH,average_down,5,88376.99,88357.8,0.021718512683659312,168.56389321859987
2025-12-21T22:30:35.188319+00:00,btc-updown-15m-1766356200,TRADE,DOWN,DIR_AVERAGE_DOWN,1,1,0.3100219660899376,0.3100219660899376,0.0,0.0,2.0,0.38007912320235016,0,0,0.0,2.0,0,0,0,93.63541378567109,SUCCESS,BEARISH,average_down,5,88412.25,88357.8,0.06162444062663069,493.8136511783926
2025-12-21T22:30:51.485552+00:00,btc-updown-15m-1766356200,TRADE,DOWN,DIR_AVERAGE_DOWN,1,1,0.26006245779219844,0.26006245779219844,0.0,0.0,3.0,0.3400735680656329,0,0,0.0,3.0,0,0,0,93.37535132787889,SUCCESS,BEARISH,average_down,5,88425.48,88357.8,0.0765976518202049,594.9237499925972
2025-12-21T22:30:56.942789+00:00,btc-updown-15m-1766356200,TRADE,DOWN,DIR_ACCUMULATE,1,1,0.21001343014305607,0.21001343014305607,0.0,0.0,4.0,0.3075585335849887,0,0,0.0,4.0,0,0,0,93.16533789773584,SUCCESS,BEARISH,accumulate,5,88439.99,88357.8,0.09301951836736805,684.3107425531846
2025-12-21T22:31:07.876496+00:00,btc-updown-15m-1766356200,TRADE,DOWN,DIR_ACCUMULATE,1,1,0.23005815385908396,0.23005815385908396,0.0,0.0,5.0,0.29205845763980776,0,0,0.0,5.0,0,0,0,92.93527974387675,SUCCESS,BEARISH,accumulate,5,88440.0,88357.8,0.09303083598731192,703.8354789958497
2025-12-21T22:31:13.325369+00:00,btc-updown-15m-1766356200,TRADE,DOWN,DIR_ACCUMULATE,1,1,0.27006973535026735,0.27006973535026735,0.0,0.0,6.0,0.288393670591551,0,0,0.0,6.0,0,0,0,92.66521000852649,SUCCESS,BEARISH,accumulate,5,88434.59,88357.8,0.08690800359446885,651.5508242247882
2025-12-21T22:31:18.728403+00:00,btc-updown-15m-1766356200,TRADE,UP,DIR_REBALANCE,5,5,0.6700054116452167,3.3500270582260834,5.0,0.6700054116452167,6.0,0.288393670591551,5,0.9583990822367676,0.2080045888161619,1.0,0,0,0,89.3151829503004,SUCCESS,BEARISH,rebalance,5,88412.25,88357.8,0.06162444062663069,432.28492998800084
2025-12-21T22:31:24.158798+00:00,btc-updown-15m-1766356200,TRADE,DOWN,DIR_AVERAGE_DOWN,1,1,0.3901828764579286,0.3901828764579286,5.0,0.6700054116452167,7.0,0.30293498571531924,5,0.972940397360536,0.13529801319732027,2.0,0,0,0,88.92500007384247,SUCCESS,BEARISH,average_down,5,88400.0,88357.8,0.047760356188131764,328.88384855358277
2025-12-21T22:38:04.058354+00:00,btc-updown-15m-1766356200,TRADE,DOWN,DIR_AVERAGE_DOWN,1,1,0.25003204558724945,0.25003204558724945,5.0,0.6700054116452167,8.0,0.29632211819931054,5,0.9663275298445272,0.16836235077736406,3.0,0,0,0,88.67496802825522,SUCCESS,BEARISH,average_down,5,88398.45,88357.8,0.04600612509591024,304.86865464318345
2025-12-21T22:38:09.575518+00:00,btc-updown-15m-1766356200,TRADE,DOWN,DIR_ACCUMULATE,1,1,0.2500334466339021,0.2500334466339021,5.0,0.6700054116452167,9.0,0.2911789324698207,5,0.9611843441150374,0.19407827942481304,4.0,0,0,0,88.42493458162132,SUCCESS,BEARISH,accumulate,5,88398.46,88357.8,0.04601744271587058,273.24043402242756
2025-12-21T22:38:15.023311+00:00,btc-updown-15m-1766356200,TRADE,DOWN,DIR_ACCUMULATE,1,1,0.23998415683637678,0.23998415683637678,5.0,0.6700054116452167,10.0,0.28605945490647633,5,0.956064866551693,0.2196756672415351,5.0,0,0,0,88.18495042478494,SUCCESS,BEARISH,accumulate,5,88398.45,88357.8,0.04600612509591024,271.9113207858064
2025-12-21T22:38:20.458164+00:00,btc-updown-15m-1766356200,TRADE,DOWN,DIR_ACCUMULATE,1,1,0.2500935145232379,0.2500935145232379,5.0,0.6700054116452167,11.0,0.28278982396254554,5,0.9527952356077622,0.23602382196118876,6.0,0,0,0,87.9348569102617,SUCCESS,BEARISH,accumulate,5,88398.45,88357.8,0.04600612509591024,274.5856476170531
2025-12-21T22:38:25.910978+00:00,btc-updown-15m-1766356200,TRADE,UP,DIR_REBALANCE,5,5,0.750256522663457,3.7512826133172847,10.0,0.7101309671543368,11.0,0.28278982396254554,10,0.9929207911168823,0.07079208883117749,1.0,0,0,0,84.18357429694441,SUCCESS,BEARISH,rebalance,5,88398.46,88357.8,0.04601744271587058,276.77709290798566
2025-12-21T22:38:31.518153+00:00,btc-updown-15m-1766356200,TRADE,DOWN,DIR_AVERAGE_DOWN,1,1,0.2600514241061479,0.2600514241061479,10.0,0.7101309671543368,12.0,0.28089495730784575,10,0.9910259244621825,0.08974075537817483,2.0,0,0,0,83.92352287283826,SUCCESS,BEARISH,average_down,5,88398.46,88357.8,0.04601744271587058,276.76959121776406
2025-12-21T22:39:20.721823+00:00,btc-updown-15m-1766356200,TRADE,DOWN,DIR_AVERAGE_DOWN,1,1,0.23000390400469523,0.23000390400469523,10.0,0.7101309671543368,13.0,0.27698026089991107,10,0.9871112280542478,0.1288877194575222,3.0,0,0,0,83.69351896883357,SUCCESS,BEARISH,average_down,5,88398.46,88357.8,0.04601744271587058,6745.800628201416
2025-12-21T22:39:26.281777+00:00,btc-updown-15m-1766356200,TRADE,DOWN,DIR_ACCUMULATE,1,1,0.22000717837268632,0.22000717837268632,10.0,0.7101309671543368,14.0,0.2729107550051093,10,0.9830417221594461,0.16958277840553926,4.0,0,0,0,83.47351179046089,SUCCESS,BEARISH,accumulate,5,88398.45,88357.8,0.04600612509591024,6531.028361790152
2025-12-21T22:39:31.746116+00:00,btc-updown-15m-1766356200,TRADE,DOWN,DIR_ACCUMULATE,1,1,0.2400978097882052,0.2400978097882052,10.0,0.7101309671543368,15.0,0.27072322532398235,10,0.9808541924783192,0.19145807521680824,5.0,0,0,0,83.23341398067268,SUCCESS,BEARISH,accumulate,5,88398.45,88357.8,0.04600612509591024,6713.416374529986
2025-12-21T22:40:04.583747+00:00,btc-updown-15m-1766356200,TRADE,UP,DIR_EMERGENCY,5,5,0.6001938816595888,3.000969408297944,15.0,0.6734852719894208,15.0,0.27072322532398235,15,0.9442084973134031,0.8368725402989541,0.0,0,0,0,80.23244457237473,SUCCESS,BEARISH,emergency,5,88364.09,88357.8,0.007118782948413832,48.097559438377225
2025-12-21T22:45:00.225219+00:00,btc-updown-15m-1766356200,RESOLUTION,UP,MARKET_END,30,30,1.0000,14.1631,15,0.6735,15,0.2707,15,0.9442,0.8369,0.00,0.0000,0.0000,0.8369,95.23,RESOLVED
2025-12-21T22:45:13.774077+00:00,btc-updown-15m-1766357100,TRADE,DOWN,DIR_AVERAGE_DOWN,1,1,0.5601832040192718,0.5601832040192718,0.0,0.0,1.0,0.5601832040192718,0,0,0.0,1.0,0,0,0,94.67226136835546,SUCCESS,BEARISH,average_down,5,88378.26,88378.26,0.0,0.2139444931808187
2025-12-21T22:45:30.073627+00:00,btc-updown-15m-1766357100,TRADE,DOWN,DIR_AVERAGE_DOWN,1,1,0.5001033580471356,0.5001033580471356,0.0,0.0,2.0,0.5301432810332036,0,0,0.0,2.0,0,0,0,94.17215801030832,SUCCESS,BEARISH,average_down,5,88378.27,88378.26,1.1314999875889418e-05,0.2895010362733186
2025-12-21T22:46:56.584832+00:00,btc-updown-15m-1766357100,TRADE,DOWN,DIR_AVERAGE_DOWN,1,1,0.3201009845877361,0.3201009845877361,0.0,0.0,3.0,0.46012918221804777,0,0,0.0,3.0,0,0,0,93.85205702572058,SUCCESS,BEARISH,average_down,5,88435.92,88378.26,0.06524228922362071,549.6636433673439
2025-12-21T22:47:18.250182+00:00,btc-updown-15m-1766357100,TRADE,DOWN,DIR_ACCUMULATE,1,1,0.4602183002655708,0.4602183002655708,0.0,0.0,4.0,0.46015146172992855,0,0,0.0,4.0,0,0,0,93.39183872545502,SUCCESS,BEARISH,accumulate,5,88401.05,88378.26,0.025786884693145294,172.93731071041742
2025-12-21T22:47:23.675003+00:00,btc-updown-15m-1766357100,TRADE,DOWN,DIR_ACCUMULATE,1,1,0.47019088139184667,0.47019088139184667,0.0,0.0,5.0,0.46215934566231215,0,0,0.0,5.0,0,0,0,92.92164784406317,SUCCESS,BEARISH,accumulate,5,88401.04,88378.26,0.025775569693269405,172.86060028671432
2025-12-21T22:47:29.088558+00:00,btc-updown-15m-1766357100,TRADE,DOWN,DIR_ACCUMULATE,1,1,0.4799926512860164,0.4799926512860164,0.0,0.0,6.0,0.46513156326626287,0,0,0.0,6.0,0,0,0,92.44165519277716,SUCCESS,BEARISH,accumulate,5,88401.04,88378.26,0.025775569693269405,159.0109994988653
2025-12-21T22:47:34.518699+00:00,btc-updown-15m-1766357100,TRADE,UP,DIR_REBALANCE,5,5,0.5401835517577604,2.700917758788802,5.0,0.5401835517577604,6.0,0.46513156326626287,5,1.0053151150240234,-0.02657557512011688,1.0,0,0,0,89.74073743398836,SUCCESS,BEARISH,rebalance,5,88401.05,88378.26,0.025786884693145294,158.36936277445636
2025-12-21T22:47:45.432698+00:00,btc-updown-15m-1766357100,TRADE,DOWN,DIR_AVERAGE_DOWN,1,1,0.4902093321769257,0.4902093321769257,5.0,0.5401835517577604,7.0,0.46871410168207184,5,1.0088976534398322,-0.04448826719916088,2.0,0,0,0,89.25052810181143,SUCCESS,BEARISH,average_down,5,88401.04,88378.26,0.025775569693269405,168.9623443266705
2025-12-21T22:49:07.041275+00:00,btc-updown-15m-1766357100,TRADE,DOWN,DIR_AVERAGE_DOWN,1,1,0.4399796246380055,0.4399796246380055,5.0,0.5401835517577604,8.0,0.4651222920515635,5,1.005305843809324,-0.026529219046620423,3.0,0,0,0,88.81054847717343,SUCCESS,BEARISH,average_down,5,88389.92,88378.26,0.013193289843003804,91.45799073165699
2025-12-21T22:49:12.494615+00:00,btc-updown-15m-1766357100,TRADE,DOWN,DIR_ACCUMULATE,1,1,0.45018299052134964,0.45018299052134964,5.0,0.5401835517577604,9.0,0.4634623696593175,5,1.0036459214170779,-0.018229607085389343,4.0,0,0,0,88.36036548665207,SUCCESS,BEARISH,accumulate,5,88389.92,88378.26,0.013193289843003804,91.38882653390738
2025-12-21T22:49:23.316853+00:00,btc-updown-15m-1766357100,TRADE,DOWN,DIR_ACCUMULATE,1,1,0.46004363996321523,0.46004363996321523,5.0,0.5401835517577604,10.0,0.4631204966897073,5,1.0033040484474678,-0.016520242237338945,5.0,0,0,0,87.90032184668885,SUCCESS,BEARISH,accumulate,5,88389.91,88378.26,0.01318197484314438,91.05567875536158
2025-12-21T22:49:28.707628+00:00,btc-updown-15m-1766357100,TRADE,DOWN,DIR_ACCUMULATE,1,1,0.43018221392472167,0.43018221392472167,5.0,0.5401835517577604,11.0,0.46012610734743586,5,1.0003096591051963,-0.001548295525981569,6.0,0,0,0,87.47013963276413,SUCCESS,BEARISH,accumulate,5,88392.19,88378.26,0.015761794812443206,109.893588047645
2025-12-21T22:49:34.190701+00:00,btc-updown-15m-1766357100,TRADE,UP,DIR_REBALANCE,5,3,0.6001322559524028,1.8003967678572086,8.0,0.5626643158307514,11.0,0.46012610734743586,8,1.0227904231781872,-0.18232338542549797,3.0,0,0,0,85.66974286490692,SUCCESS,BEARISH,rebalance,5,88402.11,88378.26,0.02698627467886992,180.28361726248292
2025-12-21T22:49:39.607304+00:00,btc-updown-15m-1766357100,TRADE,DOWN,DIR_ACCUMULATE,1,1,0.4001889205705018,0.4001889205705018,8.0,0.5626643158307514,12.0,0.4551313417826914,8,1.0177956576134428,-0.14236526090754253,4.0,0,0,0,85.26955394433642,SUCCESS,BEARISH,accumulate,5,88402.11,88378.26,0.02698627467886992,176.42422500547633
2025-12-21T22:49:45.105447+00:00,btc-updown-15m-1766357100,TRADE,DOWN,DIR_ACCUMULATE,1,1,0.3801320416819595,0.3801320416819595,8.0,0.5626643158307514,13.0,0.44936216485186586,8,1.0120264806826174,-0.09621184546093886,5.0,0,0,0,84.88942190265446,SUCCESS,BEARISH,accumulate,5,88408.84,88378.26,0.03460126958824687,214.6874288780856
2025-12-21T22:49:50.522643+00:00,btc-updown-15m-1766357100,TRADE,DOWN,DIR_ACCUMULATE,1,1,0.32002841993652426,0.32002841993652426,8.0,0.5626643158307514,14.0,0.44012404021505575,8,1.002788356045807,-0.022306848366456578,6.0,0,0,0,84.56939348271794,SUCCESS,BEARISH,accumulate,5,88415.16,88378.26,0.04175234950315692,270.3538003676157
2025-12-21T22:50:01.727758+00:00,btc-updown-15m-1766357100,TRADE,UP,DIR_REBALANCE,5,5,0.699995627880022,3.49997813940011,13.0,0.6154840512343169,14.0,0.44012404021505575,13,1.0556080914493726,-0.7229051888418441,1.0,0,0,0,81.06941534331783,SUCCESS,BEARISH,rebalance,5,88420.0,88378.26,0.0472288094379831,321.8715719932128
2025-12-21T22:50:07.125035+00:00,btc-updown-15m-1766357100,TRADE,DOWN,DIR_AVERAGE_DOWN,1,1,0.31012193002664457,0.31012193002664457,13.0,0.6154840512343169,15.0,0.43145723286916166,13,1.0469412841034786,-0.6102366933452223,2.0,0,0,0,80.75929341329119,SUCCESS,BEARISH,average_down,5,88420.0,88378.26,0.0472288094379831,316.9731501039455
2025-12-21T23:00:04.957699+00:00,btc-updown-15m-1766357100,RESOLUTION,UP,MARKET_END,28,28,1.0000,14.4732,13,0.6155,15,0.4315,13,1.0469,-0.6102,0.13,0.0000,0.0000,-1.4732,93.76,RESOLVED
2025-12-21T23:00:13.438073+00:00,btc-updown-15m-1766358000,TRADE,DOWN,DIR_AVERAGE_DOWN,1,1,0.38003429569805364,0.38003429569805364,0.0,0.0,1.0,0.38003429569805364,0,0,0.0,1.0,0,0,0,93.37925911759314,SUCCESS,BEARISH,average_down,5,88531.38,88483.63,0.053964784220538874,283.7557852201745
2025-12-21T23:01:23.815105+00:00,btc-updown-15m-1766358000,TRADE,DOWN,DIR_AVERAGE_DOWN,1,1,0.29009512590518055,0.29009512590518055,0.0,0.0,2.0,0.3350647108016171,0,0,0.0,2.0,0,0,0,93.08916399168795,SUCCESS,BEARISH,average_down,5,88553.48,88483.63,0.07894115555610824,412.632670140022
2025-12-21T23:01:34.722460+00:00,btc-updown-15m-1766358000,TRADE,DOWN,DIR_AVERAGE_DOWN,1,1,0.2600351571540049,0.2600351571540049,0.0,0.0,3.0,0.31005485958574636,0,0,0.0,3.0,0,0,0,92.82912883453395,SUCCESS,BEARISH,average_down,5,88585.98,88483.63,0.11567111340254832,697.7084816712639
2025-12-21T23:01:40.124241+00:00,btc-updown-15m-1766358000,TRADE,DOWN,DIR_ACCUMULATE,1,1,0.2200084609084184,0.2200084609084184,0.0,0.0,4.0,0.2875432599164144,0,0,0.0,4.0,0,0,0,92.60912037362553,SUCCESS,BEARISH,accumulate,5,88585.98,88483.63,0.11567111340254832,697.7048841494508
2025-12-21T23:01:45.676965+00:00,btc-updown-15m-1766358000,TRADE,DOWN,DIR_ACCUMULATE,1,1,0.22010014436273595,0.22010014436273595,0.0,0.0,5.0,0.2740546368056787,0,0,0.0,5.0,0,0,0,92.3890202292628,SUCCESS,BEARISH,accumulate,5,88599.99,88483.63,0.1315045506157473,820.4932110315763
2025-12-21T23:01:51.069406+00:00,btc-updown-15m-1766358000,TRADE,DOWN,DIR_ACCUMULATE,1,1,0.21000996588364448,0.21000996588364448,0.0,0.0,6.0,0.26338052498533965,0,0,0.0,6.0,0,0,0,92.17901026337915,SUCCESS,BEARISH,accumulate,5,88600.0,88483.63,0.13151585214123263,815.1447794321663
2025-12-21T23:01:56.466916+00:00,btc-updown-15m-1766358000,TRADE,UP,DIR_REBALANCE,5,5,0.820190357806991,4.100951789034955,5.0,0.820190357806991,6.0,0.26338052498533965,5,1.0835708827923307,-0.41785441396165357,1.0,0,0,0,88.0780584743442,SUCCESS,BEARISH,rebalance,5,88626.81,88483.63,0.16181524198317024,1167.4456616083853
2025-12-21T23:02:01.867071+00:00,btc-updown-15m-1766358000,TRADE,DOWN,DIR_AVERAGE_DOWN,1,1,0.15003721782188723,0.15003721782188723,5.0,0.820190357806991,7.0,0.24718862396198932,5,1.0673789817689803,-0.33689490884490136,2.0,0,0,0,87.92802125652231,SUCCESS,BEARISH,average_down,5,88659.52,88483.63,0.198782531864933,1118.9282478203513
2025-12-21T23:02:12.904113+00:00,btc-updown-15m-1766358000,TRADE,DOWN,DIR_AVERAGE_DOWN,1,1,0.10003268363013731,0.10003268363013731,5.0,0.820190357806991,8.0,0.2287941314205078,5,1.0489844892274989,-0.24492244613749437,3.0,0,0,0,87.82798857289218,SUCCESS,BEARISH,average_down,5,88800.98,88483.63,0.3586539114636134,990.9468268785433
2025-12-21T23:02:18.310560+00:00,btc-updown-15m-1766358000,TRADE,DOWN,DIR_ACCUMULATE,1,1,0.17000002515867518,0.17000002515867518,5.0,0.820190357806991,9.0,0.22226145294697083,5,1.0424518107539618,-0.2122590537698088,4.0,0,0,0,87.65798854773351,SUCCESS,BEARISH,accumulate,5,88693.73,88483.63,0.23744505057036117,882.7868092720106
2025-12-21T23:02:23.715189+00:00,btc-updown-15m-1766358000,TRADE,DOWN,DIR_ACCUMULATE,1,1,0.1400272063568496,0.1400272063568496,5.0,0.820190357806991,10.0,0.21403802828795873,5,1.0342283860949497,-0.17114193047474857,5.0,0,0,0,87.51796134137666,SUCCESS,BEARISH,accumulate,5,88705.11,88483.63,0.2503061865793661,895.0239505686136
2025-12-21T23:02:34.636268+00:00,btc-updown-15m-1766358000,TRADE,DOWN,DIR_ACCUMULATE,1,1,0.12000827280440232,0.12000827280440232,5.0,0.820190357806991,11.0,0.20548986869854452,5,1.0256802265055356,-0.12840113252767793,6.0,0,0,0,87.39795306857226,SUCCESS,BEARISH,accumulate,5,88747.91,88483.63,0.29867671568175813,723.0935702695019
2025-12-21T23:02:40.052262+00:00,btc-updown-15m-1766358000,TRADE,UP,DIR_REBALANCE,5,5,0.8700265640239006,4.350132820119502,10.0,0.8451084609154457,11.0,0.20548986869854452,10,1.0505983296139902,-0.5059832961399024,1.0,0,0,0,83.04782024845277,SUCCESS,BEARISH,rebalance,5,88729.65,88483.63,0.2780401301347939,655.7576364350647
2025-12-21T23:02:50.987503+00:00,btc-updown-15m-1766358000,TRADE,DOWN,DIR_AVERAGE_DOWN,1,1,0.1200032326732332,0.1200032326732332,10.0,0.8451084609154457,12.0,0.1983659823631019,10,1.0434744432785477,-0.4347444327854766,2.0,0,0,0,82.92781701577954,SUCCESS,BEARISH,average_down,5,88762.01,88483.63,0.31461186662435764,619.8850494809135
2025-12-21T23:04:44.896542+00:00,btc-updown-15m-1766358000,TRADE,DOWN,DIR_AVERAGE_DOWN,1,1,0.10000861282742989,0.10000861282742989,10.0,0.8451084609154457,13.0,0.19080003086035793,10,1.0359084917758037,-0.35908491775803686,3.0,0,0,0,82.82780840295212,SUCCESS,BEARISH,average_down,5,88746.56,88483.63,0.29715100974043784,1287.4882686557614
2025-12-21T23:04:50.436799+00:00,btc-updown-15m-1766358000,TRADE,DOWN,DIR_ACCUMULATE,1,1,0.12004188122125772,0.12004188122125772,10.0,0.8451084609154457,14.0,0.1857458773147079,10,1.0308543382301536,-0.308543382301536,4.0,0,0,0,82.70776652173086,SUCCESS,BEARISH,accumulate,5,88718.42,88483.63,0.26534851700816703,1091.3581461488263
2025-12-21T23:04:55.824857+00:00,btc-updown-15m-1766358000,TRADE,DOWN,DIR_ACCUMULATE,1,1,0.12002647281038607,0.12002647281038607,10.0,0.8451084609154457,15.0,0.18136458368108646,10,1.0264730445965322,-0.26473044596532214,5.0,0,0,0,82.58774004892048,SUCCESS,BEARISH,accumulate,5,88708.84,88483.63,0.25452165558758366,1031.0999172003974
2025-12-21T23:15:05.377996+00:00,btc-updown-15m-1766358000,RESOLUTION,UP,MARKET_END,25,25,1.0000,11.1716,10,0.8451,15,0.1814,10,1.0265,-0.2647,0.33,0.0000,0.0000,-1.1716,92.59,RESOLVED
2025-12-21T23:15:13.827788+00:00,btc-updown-15m-1766358900,TRADE,DOWN,DIR_AVERAGE_DOWN,1,1,0.5300180515630922,0.5300180515630922,0.0,0.0,1.0,0.5300180515630922,0,0,0.0,1.0,0,0,0,92.05772199735739,SUCCESS,BEARISH,average_down,5,88534.2,88521.7,0.014120831389365545,65.61131311175465
2025-12-21T23:15:35.623388+00:00,btc-updown-15m-1766358900,TRADE,DOWN,DIR_AVERAGE_DOWN,1,1,0.4001707758395737,0.4001707758395737,0.0,0.0,2.0,0.465094413701333,0,0,0.0,2.0,0,0,0,91.65755122151782,SUCCESS,BEARISH,average_down,5,88569.64,88521.7,0.05415621254449737,252.95071803741064
2025-12-21T23:15:41.053402+00:00,btc-updown-15m-1766358900,TRADE,DOWN,DIR_AVERAGE_DOWN,1,1,0.34000229559473644,0.34000229559473644,0.0,0.0,3.0,0.4233970409991341,0,0,0.0,3.0,0,0,0,91.31754892592308,SUCCESS,BEARISH,average_down,5,88592.82,88521.7,0.08034188227294539,386.5944871163867
2025-12-21T23:15:57.343099+00:00,btc-updown-15m-1766358900,TRADE,DOWN,DIR_ACCUMULATE,1,1,0.2900945613641962,0.2900945613641962,0.0,0.0,4.0,0.3900714210903996,0,0,0.0,4.0,0,0,0,91.02745436455888,SUCCESS,BEARISH,accumulate,5,88627.07,88521.7,0.11903296027980699,584.7536008059944
2025-12-21T23:16:13.796156+00:00,btc-updown-15m-1766358900,TRADE,DOWN,DIR_ACCUMULATE,1,1,0.2600804713852708,0.2600804713852708,0.0,0.0,5.0,0.36407323114937384,0,0,0.0,5.0,0,0,0,90.76737389317361,SUCCESS,BEARISH,accumulate,5,88642.37,88521.7,0.13631685790037726,763.0935169950849
2025-12-21T23:16:19.212689+00:00,btc-updown-15m-1766358900,TRADE,DOWN,DIR_ACCUMULATE,1,1,0.25008675650185974,0.25008675650185974,0.0,0.0,6.0,0.34507548537478816,0,0,0.0,6.0,0,0,0,90.51728713667175,SUCCESS,BEARISH,accumulate,5,88649.99,88521.7,0.1449249167153457,793.3722656926777
2025-12-21T23:16:24.636501+00:00,btc-updown-15m-1766358900,TRADE,UP,DIR_REBALANCE,5,5,0.5801103405981678,2.900551702990839,5.0,0.5801103405981678,6.0,0.34507548537478816,5,0.925185825972956,0.3740708701352202,1.0,0,0,0,87.61673543368092,SUCCESS,BEARISH,rebalance,5,88575.55,88521.7,0.06083254162539335,142.41968868376017
2025-12-21T23:16:30.079367+00:00,btc-updown-15m-1766358900,TRADE,DOWN,DIR_AVERAGE_DOWN,1,1,0.37007575094264133,0.37007575094264133,5.0,0.5801103405981678,7.0,0.34864695188448147,5,0.9287572924826493,0.35621353758675367,2.0,0,0,0,87.24665968273827,SUCCESS,BEARISH,average_down,5,88588.12,88521.7,0.07503244967053078,173.53377182460864
2025-12-21T23:16:35.477169+00:00,btc-updown-15m-1766358900,TRADE,DOWN,DIR_AVERAGE_DOWN,1,1,0.330023507084605,0.330023507084605,5.0,0.5801103405981678,8.0,0.34631902128449693,5,0.9264293618826647,0.36785319058667665,3.0,0,0,0,86.91663617565366,SUCCESS,BEARISH,average_down,5,88603.91,88521.7,0.09286988388158655,211.41111228963894
2025-12-21T23:16:40.889255+00:00,btc-updown-15m-1766358900,TRADE,DOWN,DIR_ACCUMULATE,1,1,0.3500855055640839,0.3500855055640839,5.0,0.5801103405981678,9.0,0.34673751953778437,5,0.9268478601359522,0.3657606993202389,4.0,0,0,0,86.56655067008958,SUCCESS,BEARISH,accumulate,5,88601.43,88521.7,0.0900683109339246,205.8600862606915
2025-12-21T23:16:46.303047+00:00,btc-updown-15m-1766358900,TRADE,DOWN,DIR_ACCUMULATE,1,1,0.3301017574110231,0.3301017574110231,5.0,0.5801103405981678,10.0,0.34507394332510827,5,0.925184283923276,0.37407858038361996,5.0,0,0,0,86.23644891267855,SUCCESS,BEARISH,accumulate,5,88603.32,88521.7,0.09220338064001245,204.88578317166952
2025-12-21T23:16:51.740125+00:00,btc-updown-15m-1766358900,TRADE,DOWN,DIR_ACCUMULATE,1,1,0.3301248605426783,0.3301248605426783,5.0,0.5801103405981678,11.0,0.34371493579943285,5,0.9238252763976007,0.3808736180119965,6.0,0,0,0,85.90632405213587,SUCCESS,BEARISH,accumulate,5,88603.32,88521.7,0.09220338064001245,200.51590407884646
2025-12-21T23:16:57.154874+00:00,btc-updown-15m-1766358900,TRADE,UP,DIR_REBALANCE,5,1,0.6902163377529826,0.6902163377529826,6.0,0.5984613401239702,11.0,0.34371493579943285,6,0.9421762759234031,0.34694234445958116,5.0,0,0,0,85.21610771438289,SUCCESS,BEARISH,rebalance,5,88603.31,88521.7,0.09219208397489043,200.52177957088423
2025-12-21T23:17:18.848543+00:00,btc-updown-15m-1766358900,TRADE,DOWN,DIR_ACCUMULATE,1,1,0.30005456070161346,0.30005456070161346,6.0,0.5984613401239702,12.0,0.3400765712079479,6,0.9385379113319181,0.36877253200849136,6.0,0,0,0,84.91605315368128,SUCCESS,BEARISH,accumulate,5,88616.99,88521.7,0.10764592184742063,214.91985164305038
2025-12-21T23:17:24.343250+00:00,btc-updown-15m-1766358900,TRADE,UP,DIR_REBALANCE,5,5,0.720162486703156,3.60081243351578,11.0,0.6537800431145092,12.0,0.3400765712079479,11,0.9938566143224571,0.06757724245297203,1.0,0,0,0,81.31524072016549,SUCCESS,BEARISH,rebalance,5,88613.44,88521.7,0.10363560573283753,391.1134167512188
2025-12-21T23:17:29.741639+00:00,btc-updown-15m-1766358900,TRADE,DOWN,DIR_AVERAGE_DOWN,1,1,0.2901287264753175,0.2901287264753175,11.0,0.6537800431145092,13.0,0.33623442930543784,11,0.9900144724199471,0.10984080338058178,2.0,0,0,0,81.02511199369017,SUCCESS,BEARISH,average_down,5,88613.45,88521.7,0.1036469023979431,416.3256306197352
2025-12-21T23:20:29.678898+00:00,btc-updown-15m-1766358900,TRADE,DOWN,DIR_AVERAGE_DOWN,1,1,0.2600015614261055,0.2600015614261055,11.0,0.6537800431145092,14.0,0.3307892244569141,11,0.9845692675714233,0.16973805671434405,3.0,0,0,0,80.76511043226407,SUCCESS,BEARISH,average_down,5,88595.5,88521.7,0.08336938852281747,306.0962850948403
2025-12-21T23:20:35.233576+00:00,btc-updown-15m-1766358900,TRADE,DOWN,DIR_ACCUMULATE,1,1,0.26004268161490185,0.26004268161490185,11.0,0.6537800431145092,15.0,0.3260727882674466,11,0.9798528313819559,0.2216188547984852,4.0,0,0,0,80.50506775064916,SUCCESS,BEARISH,accumulate,5,88595.51,88521.7,0.08338068518792305,305.7738556345424
2025-12-22T02:45:08.444235+00:00,btc-updown-15m-1766371500,TRADE,UP,DIR_AVERAGE_DOWN,1,1,0.5402361423188715,0.5402361423188715,1.0,0.5402361423188715,0.0,0.0,0,0,0.0,1.0,0,0,0,99.45976385768112,SUCCESS,BULLISH,average_down,0,88404.91,88385.87,0.021541904831629932,135.35829998612158
2025-12-22T02:55:33.560211+00:00,btc-updown-15m-1766371500,TRADE,DOWN,DIR_EMERGENCY,1,1,0.030011095199136213,0.030011095199136213,1.0,0.5402361423188715,1.0,0.030011095199136213,1,0.5702472375180078,0.42975276248199223,0.0,0,0,0,99.42975276248198,SUCCESS,BULLISH,emergency,0,88514.59,88385.87,0.1456341381263783,1230.122768803875
2025-12-22T03:00:08.385288+00:00,btc-updown-15m-1766372400,TRADE,UP,DIR_AVERAGE_DOWN,5,5,0.4900897046756096,2.4504485233780477,5.0,0.4900897046756095,0.0,0.0,0,0,0.0,5.0,0,0,0,97.54955147662196,SUCCESS,BULLISH,average_down,0,88479.08,88458.27,0.02352521703171187,133.6876192040791
2025-12-22T03:00:13.842177+00:00,btc-updown-15m-1766372400,TRADE,UP,DIR_ACCUMULATE,5,5,0.489902652356464,2.44951326178232,10.0,0.48999617851603683,0.0,0.0,0,0,0.0,10.0,0,0,0,95.10003821483964,SUCCESS,BULLISH,accumulate,0,88491.35,88458.27,0.03739616431567308,239.9759668712723
2025-12-22T03:00:19.264580+00:00,btc-updown-15m-1766372400,TRADE,DOWN,DIR_REBALANCE,5,5,0.520033716669282,2.60016858334641,10.0,0.48999617851603683,5.0,0.520033716669282,5,1.0100298951853188,-0.050149475926594134,5.0,0,0,0,92.49986963149323,SUCCESS,BULLISH,rebalance,0,88491.35,88458.27,0.03739616431567308,243.59841925133796
2025-12-22T03:00:24.690698+00:00,btc-updown-15m-1766372400,TRADE,UP,DIR_ACCUMULATE,5,5,0.4901497812948922,2.4507489064744608,15.0,0.4900473794423219,5.0,0.520033716669282,5,1.010081096111604,-0.05040548055802008,10.0,0,0,0,90.04912072501877,SUCCESS,BULLISH,accumulate,0,88491.34,88458.27,0.03738485955014995,244.97221578404324
2025-12-22T03:00:30.083559+00:00,btc-updown-15m-1766372400,TRADE,DOWN,DIR_REBALANCE,5,5,0.5201286390845101,2.600643195422551,15.0,0.4900473794423219,10.0,0.520081177876896,10,1.0101285573192178,-0.10128557319217801,5.0,0,0,0,87.44847752959622,SUCCESS,BULLISH,rebalance,0,88491.35,88458.27,0.03739616431567308,246.65562613395784
2025-12-22T03:07:25.162275+00:00,btc-updown-15m-1766372400,TRADE,DOWN,DIR_ACCUMULATE,5,5,0.7303337051813175,3.6516685259065875,15.0,0.4900473794423219,15.0,0.5901653536450365,15,1.0802127330873583,-1.2031909963103748,0.0,0,0,0,83.79680900368963,SUCCESS,BEARISH,accumulate,1,88418.4,88458.27,-0.045072100098735704,262.6091749142087
2025-12-22T03:15:00.916126+00:00,btc-updown-15m-1766372400,RESOLUTION,UP,MARKET_END,30,30,1.0000,16.2032,15,0.4900,15,0.5902,15,1.0802,-1.2032,0.00,0.0000,0.0000,-1.2032,98.80,RESOLVED
2025-12-22T03:15:09.394857+00:00,btc-updown-15m-1766373300,TRADE,UP,DIR_AVERAGE_DOWN,5,5,0.4902266953197274,2.451133476598637,5.0,0.4902266953197274,0.0,0.0,0,0,0.0,5.0,0,0,0,96.34567552709099,SUCCESS,BULLISH,average_down,2,88580.16,88583.78,-0.004086526901420715,18.180666900277622
2025-12-22T03:15:14.810848+00:00,btc-updown-15m-1766373300,TRADE,UP,DIR_ACCUMULATE,5,5,0.49003531465742434,2.4501765732871217,10.0,0.4901310049885758,0.0,0.0,0,0,0.0,10.0,0,0,0,93.89549895380387,SUCCESS,BULLISH,accumulate,2,88583.28,88583.78,-0.0005644374173240293,2.3333589964452726
2025-12-22T03:15:20.254179+00:00,btc-updown-15m-1766373300,TRADE,DOWN,DIR_REBALANCE,5,5,0.5102425834147883,2.5512129170739417,10.0,0.4901310049885758,5.0,0.5102425834147883,5,1.0003735884033642,-0.0018679420168210559,5.0,0,0,0,91.34428603672993,SUCCESS,BULLISH,rebalance,2,88589.49,88583.78,0.006445875305847643,27.620088994454495
2025-12-22T03:15:25.669342+00:00,btc-updown-15m-1766373300,TRADE,UP,DIR_ACCUMULATE,5,5,0.5000281329935005,2.5001406649675024,15.0,0.49343004765688403,5.0,0.5102425834147883,5,1.0036726310716724,-0.01836315535836186,10.0,0,0,0,88.84414537176242,SUCCESS,BULLISH,accumulate,2,88599.27,88583.78,0.01748627118870434,73.8378112810751
2025-12-22T03:15:31.237395+00:00,btc-updown-15m-1766373300,TRADE,DOWN,DIR_REBALANCE,5,5,0.5000786393266298,2.5003931966331487,15.0,0.49343004765688403,10.0,0.505160611370709,10,0.998590659027593,0.014093409724069694,5.0,0,0,0,86.34375217512927,SUCCESS,BULLISH,rebalance,2,88599.28,88583.78,0.01749755993704491,71.394029952051
2025-12-22T03:26:21.861918+00:00,btc-updown-15m-1766373300,TRADE,DOWN,DIR_EMERGENCY,5,5,0.020000392201202373,0.10000196100601186,15.0,0.49343004765688403,15.0,0.3434405383142068,15,0.8368705859710908,2.4469412104336383,0.0,0,0,0,86.24375021412325,SUCCESS,BULLISH,emergency,2,88752.23,88583.78,0.19015896589646217,945.891129245896
2025-12-22T03:30:01.008668+00:00,btc-updown-15m-1766373300,RESOLUTION,UP,MARKET_END,30,30,1.0000,12.5531,15,0.4934,15,0.3434,15,0.8369,2.4469,0.00,0.0000,0.0000,2.4469,101.24,RESOLVED
2025-12-22T03:30:09.101808+00:00,btc-updown-15m-1766374200,TRADE,UP,DIR_AVERAGE_DOWN,5,2,0.5102131984105166,1.0204263968210332,2.0,0.5102131984105166,0.0,0.0,0,0,0.0,2.0,0,0,0,100.22332381730222,SUCCESS,BULLISH,average_down,2,88821.48,88771.6,0.0561891415722935,233.35529808623912
2025-12-22T03:30:52.769868+00:00,btc-updown-15m-1766374200,TRADE,UP,DIR_AVERAGE_DOWN,5,5,0.40011654878174374,2.0005827439087187,7.0,0.4315727343899645,0.0,0.0,0,0,0.0,7.0,0,0,0,98.2227410733935,SUCCESS,BULLISH,average_down,2,88754.01,88771.6,-0.019814895754961113,82.60746220610919
2025-12-22T03:30:58.187311+00:00,btc-updown-15m-1766374200,TRADE,DOWN,DIR_REBALANCE,5,5,0.5401147480638844,2.700573740319422,7.0,0.4315727343899645,5.0,0.5401147480638844,5,0.9716874824538488,0.1415625877307558,2.0,0,0,0,95.52216733307407,SUCCESS,BULLISH,rebalance,2,88762.66,88771.6,-0.010070788405303416,48.8116661072549
2025-12-22T03:31:03.649142+00:00,btc-updown-15m-1766374200,TRADE,UP,DIR_AVERAGE_DOWN,5,5,0.46015354159389704,2.3007677079694853,12.0,0.44348140405826975,5.0,0.5401147480638844,5,0.9835961521221541,0.08201923938922939,7.0,0,0,0,93.22139962510458,SUCCESS,BULLISH,average_down,2,88762.16,88771.6,-0.010634031604705026,51.583153141025626
2025-12-22T03:31:09.089490+00:00,btc-updown-15m-1766374200,TRADE,DOWN,DIR_REBALANCE,5,5,0.5902720726033195,2.9513603630165974,12.0,0.44348140405826975,10.0,0.5651934103336019,10,1.0086748143918718,-0.08674814391871788,2.0,0,0,0,90.27003926208798,SUCCESS,BULLISH,rebalance,2,88749.58,88771.6,-0.02480523050165151,124.10094597124254
2025-12-22T03:31:14.517290+00:00,btc-updown-15m-1766374200,TRADE,UP,DIR_AVERAGE_DOWN,3,3,0.3901480155905521,1.1704440467716564,15.0,0.43281472636472623,10.0,0.5651934103336019,10,0.9980081366983282,0.019918633016717813,5.0,0,0,0,89.09959521531633,SUCCESS,BULLISH,average_down,2,88743.6,88771.6,-0.03154161916649018,163.95932732006366
2025-12-22T03:34:54.274636+00:00,btc-updown-15m-1766374200,TRADE,DOWN,DIR_ACCUMULATE,5,5,0.72013521275973,3.60067606379865,15.0,0.43281472636472623,15.0,0.616840677808978,15,1.0496554041737043,-0.7448310626055643,0.0,0,0,0,85.49891915151768,SUCCESS,BEARISH,accumulate,3,88716.13,88771.6,-0.06248620054161597,45.37160355172455
2025-12-22T03:45:04.947810+00:00,btc-updown-15m-1766374200,RESOLUTION,DOWN,MARKET_END,30,30,1.0000,15.7448,15,0.4328,15,0.6168,15,1.0497,-0.7448,0.00,0.0000,0.0000,-0.7448,100.50,RESOLVED
2025-12-22T03:45:12.948071+00:00,btc-updown-15m-1766375100,TRADE,DOWN,DIR_AVERAGE_DOWN,5,5,0.5200356398564011,2.6001781992820057,0.0,0.0,5.0,0.5200356398564011,0,0,0.0,5.0,0,0,0,97.89874095223567,SUCCESS,BEARISH,average_down,3,88731.84,88711.41,0.023029732026571343,135.61500597667577
2025-12-22T03:45:18.489484+00:00,btc-updown-15m-1766375100,TRADE,DOWN,DIR_ACCUMULATE,5,5,0.5200799299596184,2.600399649798092,0.0,0.0,10.0,0.5200577849080098,0,0,0.0,10.0,0,0,0,95.29834130243758,SUCCESS,BEARISH,accumulate,3,88720.29,88711.41,0.010009986314037963,55.48667660907996
2025-12-22T03:45:23.895613+00:00,btc-updown-15m-1766375100,TRADE,UP,DIR_REBALANCE,5,5,0.580279578717336,2.9013978935866804,5.0,0.580279578717336,10.0,0.5200577849080098,5,1.100337363625346,-0.5016868181267298,5.0,0,0,0,92.3969434088509,SUCCESS,BEARISH,rebalance,3,88760.0,88711.41,0.054773112049505815,309.5257564442772
2025-12-22T03:45:29.357741+00:00,btc-updown-15m-1766375100,TRADE,DOWN,DIR_ACCUMULATE,5,5,0.4301742453556289,2.1508712267781447,5.0,0.580279578717336,15.0,0.4900966050572162,5,1.0703761837745522,-0.3518809188727612,10.0,0,0,0,90.24607218207275,SUCCESS,BEARISH,accumulate,3,88759.99,88711.41,0.054761839542401304,305.62845900302125
2025-12-22T03:45:34.773076+00:00,btc-updown-15m-1766375100,TRADE,UP,DIR_REBALANCE,5,5,0.5901446640688656,2.950723320344328,10.0,0.5852121213931009,15.0,0.4900966050572162,10,1.075308726450317,-0.7530872645031694,5.0,0,0,0,87.29534886172843,SUCCESS,BEARISH,rebalance,3,88759.99,88711.41,0.054761839542401304,307.8248036877563
2025-12-22T03:45:56.548788+00:00,btc-updown-15m-1766375100,TRADE,UP,DIR_ACCUMULATE,5,5,0.619701341408007,3.098506707040035,15.0,0.5967085280647363,15.0,0.4900966050572162,15,1.0868051331219526,-1.302076996829289,0.0,0,0,0,84.1968421546884,SUCCESS,BULLISH,accumulate,4,88767.61,88711.41,0.0633514899605328,373.9882721749447
2025-12-22T04:00:05.388978+00:00,btc-updown-15m-1766375100,RESOLUTION,UP,MARKET_END,30,30,1.0000,16.3021,15,0.5967,15,0.4901,15,1.0868,-1.3021,0.00,0.0000,0.0000,-1.3021,99.20,RESOLVED
2025-12-22T04:00:13.802219+00:00,btc-updown-15m-1766376000,TRADE,UP,DIR_AVERAGE_DOWN,5,5,0.570001748585997,2.850008742929985,5.0,0.570001748585997,0.0,0.0,0,0,0.0,5.0,0,0,0,96.34683341175841,SUCCESS,BULLISH,average_down,4,88800.0,88774.12,0.029152640431698625,150.4156710767964
2025-12-22T04:00:19.240369+00:00,btc-updown-15m-1766376000,TRADE,UP,DIR_ACCUMULATE,5,1,0.4900026908085051,0.4900026908085051,6.0,0.5566685722897483,0.0,0.0,0,0,0.0,6.0,0,0,0,95.8568307209499,SUCCESS,BULLISH,accumulate,4,88808.58,88774.12,0.03881761936925582,190.7178790050244
2025-12-22T04:00:24.666398+00:00,btc-updown-15m-1766376000,TRADE,DOWN,DIR_REBALANCE,5,5,0.5200059237853382,2.600029618926691,6.0,0.5566685722897483,5.0,0.5200059237853382,5,1.0766744960750865,-0.38337248037543237,1.0,0,0,0,93.2568011020232,SUCCESS,BULLISH,rebalance,4,88797.57,88774.12,0.02641535618715414,124.64247677209501
2025-12-22T04:00:30.304454+00:00,btc-updown-15m-1766376000,TRADE,UP,DIR_AVERAGE_DOWN,5,5,0.5102510496856567,2.5512552484282836,11.0,0.5355696983787976,5.0,0.5200059237853382,5,1.055575622164136,-0.2778781108206796,6.0,0,0,0,90.70554585359491,SUCCESS,BULLISH,average_down,4,88803.79,88774.12,0.03342190268965579,158.47210897906498
2025-12-22T04:00:35.867643+00:00,btc-updown-15m-1766376000,TRADE,DOWN,DIR_REBALANCE,5,5,0.46018222074991,2.30091110374955,11.0,0.5355696983787976,10.0,0.4900940722676241,10,1.0256637706464218,-0.2566377064642178,1.0,0,0,0,88.40463474984536,SUCCESS,BULLISH,rebalance,4,88803.78,88774.12,0.03341063814544542,161.48782901560256
2025-12-22T04:00:41.291719+00:00,btc-updown-15m-1766376000,TRADE,UP,DIR_AVERAGE_DOWN,4,4,0.569786133762518,2.279144535050072,15.0,0.5446940811477897,10.0,0.4900940722676241,10,1.0347881534154137,-0.3478815341541375,5.0,0,0,0,86.12549021479529,SUCCESS,BULLISH,average_down,4,88811.1,88774.12,0.041656284511759144,200.55696911147948
2025-12-22T04:06:42.296837+00:00,btc-updown-15m-1766376000,TRADE,DOWN,DIR_ACCUMULATE,5,5,0.7400810326546602,3.700405163273301,15.0,0.5446940811477897,15.0,0.5734230590633028,15,1.1181171402110925,-1.7717571031663881,0.0,0,0,0,82.42508505152199,SUCCESS,BEARISH,accumulate,5,88726.37,88774.12,-0.05378819863266457,309.4138516212506
2025-12-22T04:15:03.160220+00:00,btc-updown-15m-1766376000,RESOLUTION,UP,MARKET_END,30,30,1.0000,16.7718,15,0.5447,15,0.5734,15,1.1181,-1.7718,0.00,0.0000,0.0000,-1.7718,97.43,RESOLVED
2025-12-22T04:15:11.239003+00:00,btc-updown-15m-1766376900,TRADE,DOWN,DIR_AVERAGE_DOWN,5,5,0.50021367820334,2.5010683910167,0.0,0.0,5.0,0.50021367820334,0,0,0.0,5.0,0,0,0,94.92401666050529,SUCCESS,BEARISH,average_down,5,88797.01,88777.92,0.021503094463123835,109.45485181604927
2025-12-22T04:15:16.671377+00:00,btc-updown-15m-1766376900,TRADE,DOWN,DIR_ACCUMULATE,5,5,0.4601436582187457,2.3007182910937285,0.0,0.0,10.0,0.4801786682110428,0,0,0.0,10.0,0,0,0,92.62329836941156,SUCCESS,BEARISH,accumulate,5,88797.01,88777.92,0.021503094463123835,111.69311858122917
2025-12-22T04:15:22.113976+00:00,btc-updown-15m-1766376900,TRADE,UP,DIR_REBALANCE,5,5,0.5500880497144609,2.7504402485723043,5.0,0.5500880497144609,10.0,0.4801786682110428,5,1.0302667179255036,-0.15133358962751808,5.0,0,0,0,89.87285812083925,SUCCESS,BEARISH,rebalance,5,88797.01,88777.92,0.021503094463123835,111.836048321805
2025-12-22T04:15:27.541685+00:00,btc-updown-15m-1766376900,TRADE,DOWN,DIR_ACCUMULATE,5,5,0.42019816017771167,2.1009908008885585,5.0,0.5500880497144609,15.0,0.46018516553326577,5,1.0102732152477267,-0.05136607623863365,10.0,0,0,0,87.7718673199507,SUCCESS,BEARISH,accumulate,5,88805.99,88777.92,0.03161822218858809,161.95441212199503
2025-12-22T04:15:32.950176+00:00,btc-updown-15m-1766376900,TRADE,UP,DIR_REBALANCE,5,5,0.5901158217637767,2.950579108818884,10.0,0.5701019357391188,15.0,0.46018516553326577,10,1.0302871012723847,-0.30287101272384653,5.0,0,0,0,84.82128821113182,SUCCESS,BEARISH,rebalance,5,88806.0,88777.92,0.03162948625063726,163.04078625426752
2025-12-22T04:30:00.941390+00:00,btc-updown-15m-1766376900,RESOLUTION,UP,MARKET_END,25,25,1.0000,12.6038,10,0.5701,15,0.4602,10,1.0303,-0.3029,0.33,0.0000,0.0000,-2.6038,94.82,RESOLVED
2025-12-22T04:30:09.181471+00:00,btc-updown-15m-1766377800,TRADE,DOWN,DIR_AVERAGE_DOWN,5,5,0.5201531112866393,2.6007655564331964,0.0,0.0,5.0,0.5201531112866393,0,0,0.0,5.0,0,0,0,92.22052265469861,SUCCESS,BEARISH,average_down,5,88950.42,88948.35,0.0023271932531547046,11.226971342304035
2025-12-22T04:30:14.723091+00:00,btc-updown-15m-1766377800,TRADE,DOWN,DIR_ACCUMULATE,5,5,0.5900331664720666,2.950165832360333,0.0,0.0,10.0,0.555093138879353,0,0,0.0,10.0,0,0,0,89.27035682233829,SUCCESS,BEARISH,accumulate,5,88934.59,88948.35,-0.015469651769829694,71.91874368319874
2025-12-22T04:30:20.168182+00:00,btc-updown-15m-1766377800,TRADE,UP,DIR_REBALANCE,5,5,0.4302067225582322,2.151033612791161,5.0,0.43020672255823217,10.0,0.555093138879353,5,0.9852998614375852,0.07350069281207405,5.0,0,0,0,87.11932320954712,SUCCESS,BEARISH,rebalance,5,88934.59,88948.35,-0.015469651769829694,71.82722124224571
2025-12-22T04:30:25.578687+00:00,btc-updown-15m-1766377800,TRADE,DOWN,DIR_ACCUMULATE,5,5,0.6200984941764828,3.100492470882414,5.0,0.43020672255823217,15.0,0.5767615906450629,5,1.0069683132032952,-0.03484156601647581,10.0,0,0,0,84.0188307386647,SUCCESS,BEARISH,accumulate,5,88920.07,88948.35,-0.03179373198041204,157.10530064553643
2025-12-22T04:30:31.111580+00:00,btc-updown-15m-1766377800,TRADE,UP,DIR_REBALANCE,5,5,0.3400733580679216,1.700366790339608,10.0,0.38514004031307686,15.0,0.5767615906450629,10,0.9619016309581399,0.3809836904186015,5.0,0,0,0,82.31846394832509,SUCCESS,BEARISH,rebalance,5,88907.76,88948.35,-0.04563322422508237,230.03033249627455
2025-12-22T04:40:02.762074+00:00,btc-updown-15m-1766377800,TRADE,UP,DIR_EMERGENCY,5,5,0.39000757914595946,1.9500378957297972,15.0,0.386762553257371,15.0,0.5767615906450629,15,0.963524143902434,0.5471378414634898,0.0,0,0,0,80.3684260525953,SUCCESS,BEARISH,emergency,5,88940.01,88948.35,-0.009376227889568562,47.70770318124028
2025-12-22T04:45:04.954968+00:00,btc-updown-15m-1766377800,RESOLUTION,UP,MARKET_END,30,30,1.0000,14.4529,15,0.3868,15,0.5768,15,0.9635,0.5471,0.00,0.0000,0.0000,0.5471,95.37,RESOLVED
2025-12-22T04:45:13.715790+00:00,btc-updown-15m-1766378700,TRADE,DOWN,DIR_AVERAGE_DOWN,5,5,0.5401835158151648,2.7009175790758237,0.0,0.0,5.0,0.5401835158151648,0,0,0.0,5.0,0,0,0,92.66750847351948,SUCCESS,BEARISH,average_down,5,89001.94,89001.94,0.0,0.014283891778598153
2025-12-22T04:45:19.344009+00:00,btc-updown-15m-1766378700,TRADE,DOWN,DIR_ACCUMULATE,5,5,0.5701535658603657,2.8507678293018284,0.0,0.0,10.0,0.5551685408377652,0,0,0.0,10.0,0,0,0,89.81674064421765,SUCCESS,BEARISH,accumulate,5,89001.94,89001.94,0.0,0.014495894032896849
2025-12-22T04:45:30.192982+00:00,btc-updown-15m-1766378700,TRADE,UP,DIR_REBALANCE,5,3,0.47003612184757904,1.410108365542737,3.0,0.47003612184757904,10.0,0.5551685408377652,3,1.0252046626853444,-0.07561398805603314,7.0,0,0,0,88.4066322786749,SUCCESS,BEARISH,rebalance,5,89001.94,89001.94,0.0,0.014709624446533547
2025-12-22T04:45:35.728620+00:00,btc-updown-15m-1766378700,TRADE,UP,DIR_REBALANCE,5,5,0.48003865858036654,2.400193292901833,8.0,0.47628770730557124,10.0,0.5551685408377652,8,1.0314562481433365,-0.2516499851466918,2.0,0,0,0,86.00643898577307,SUCCESS,BEARISH,rebalance,5,89001.94,89001.94,0.0,0.015455039664118127
2025-12-22T04:45:41.174608+00:00,btc-updown-15m-1766378700,TRADE,DOWN,DIR_AVERAGE_DOWN,5,5,0.5402347081427612,2.701173540713806,8.0,0.47628770730557124,15.0,0.5501905966060971,8,1.0264783039116683,-0.21182643129334622,7.0,0,0,0,83.30526544505926,SUCCESS,BEARISH,average_down,5,89001.94,89001.94,0.0,0.09799833902931707
2025-12-22T04:45:46.639185+00:00,btc-updown-15m-1766378700,TRADE,UP,DIR_REBALANCE,5,5,0.4800743437240316,2.4003717186201583,13.0,0.477744105928056,15.0,0.5501905966060971,13,1.0279347025341532,-0.3631511329439916,2.0,0,0,0,80.9048937264391,SUCCESS,BEARISH,rebalance,5,89001.94,89001.94,0.0,0.09385163131471076
2025-12-22T04:55:05.944807+00:00,btc-updown-15m-1766378700,TRADE,UP,DIR_EMERGENCY,2,2,0.2501005381251294,0.5002010762502588,15.0,0.44739163022099915,15.0,0.5501905966060971,15,0.9975822268270963,0.03626659759355555,0.0,0,0,0,80.40469265018884,SUCCESS,BEARISH,emergency,5,88964.3,89001.94,-0.042291212978053536,212.23760202358758
2025-12-22T05:00:04.090976+00:00,btc-updown-15m-1766378700,RESOLUTION,DOWN,MARKET_END,30,30,1.0000,14.9637,15,0.4474,15,0.5502,15,0.9976,0.0363,0.00,0.0000,0.0000,0.0363,95.40,RESOLVED
2025-12-22T05:00:17.863421+00:00,btc-updown-15m-1766379600,TRADE,DOWN,DIR_AVERAGE_DOWN,5,5,0.4501112925791774,2.250556462895887,0.0,0.0,5.0,0.45011129257917737,0,0,0.0,5.0,0,0,0,93.15413618729295,SUCCESS,BEARISH,average_down,5,88920.01,88904.99,0.016894439783401948,101.27001869861753
2025-12-22T05:00:23.337083+00:00,btc-updown-15m-1766379600,TRADE,DOWN,DIR_ACCUMULATE,5,3,0.44013548807294806,1.3204064642188442,0.0,0.0,8.0,0.4463703658893414,0,0,0.0,8.0,0,0,0,91.8337297230741,SUCCESS,BEARISH,accumulate,5,88920.01,88904.99,0.016894439783401948,99.18746292775906
2025-12-22T05:00:28.802425+00:00,btc-updown-15m-1766379600,TRADE,UP,DIR_REBALANCE,5,5,0.560000961308566,2.8000048065428302,5.0,0.560000961308566,8.0,0.4463703658893414,5,1.0063713271979076,-0.03185663598953781,3.0,0,0,0,89.03372491653127,SUCCESS,BEARISH,rebalance,5,88920.02,88904.99,0.016905687745984603,99.03905366999257
2025-12-22T05:00:34.403787+00:00,btc-updown-15m-1766379600,TRADE,DOWN,DIR_ACCUMULATE,5,5,0.46015878486396006,2.3007939243198003,5.0,0.560000961308566,13.0,0.4516736039565024,5,1.0116745652650685,-0.058372826325342464,8.0,0,0,0,86.73293099221146,SUCCESS,BEARISH,accumulate,5,88920.02,88904.99,0.016905687745984603,101.15783580828342
2025-12-22T05:00:39.835512+00:00,btc-updown-15m-1766379600,TRADE,UP,DIR_REBALANCE,5,5,0.5301808454358382,2.650904227179191,10.0,0.5450909033722022,13.0,0.4516736039565024,10,0.9967645073287046,0.032354926712954146,3.0,0,0,0,84.08202676503227,SUCCESS,BEARISH,rebalance,5,88931.45,88904.99,0.029762108965978005,186.58828308622887
2025-12-22T05:00:45.296793+00:00,btc-updown-15m-1766379600,TRADE,DOWN,DIR_ACCUMULATE,2,2,0.45019633677501547,0.9003926735500309,10.0,0.5450909033722022,15.0,0.45147663499897084,10,0.9965675383711731,0.03432461628826933,5.0,0,0,0,83.18163409148224,SUCCESS,BEARISH,accumulate,5,88931.45,88904.99,0.029762108965978005,183.32392341174688
2025-12-22T05:10:04.269758+00:00,btc-updown-15m-1766379600,TRADE,UP,DIR_EMERGENCY,5,5,0.2900188353107119,1.4500941765535593,15.0,0.46006688068503876,15.0,0.45147663499897084,15,0.9115435156840096,1.3268472647398561,0.0,0,0,0,81.73153991492867,SUCCESS,BEARISH,emergency,5,88877.84,88904.99,-0.030538218383477384,233.07932600677236
2025-12-22T05:15:02.273977+00:00,btc-updown-15m-1766379600,RESOLUTION,DOWN,MARKET_END,30,30,1.0000,13.6732,15,0.4601,15,0.4515,15,0.9115,1.3268,0.00,0.0000,0.0000,1.3268,96.73,RESOLVED
2025-12-22T05:15:10.553822+00:00,btc-updown-15m-1766380500,TRADE,DOWN,DIR_AVERAGE_DOWN,5,5,0.45000256317513887,2.2500128158756945,0.0,0.0,5.0,0.45000256317513887,0,0,0.0,5.0,0,0,0,94.48152709905298,SUCCESS,BEARISH,average_down,5,88831.16,88831.17,-1.1257309787500617e-05,0.041219100538128356
2025-12-22T05:15:15.971592+00:00,btc-updown-15m-1766380500,TRADE,DOWN,DIR_ACCUMULATE,5,5,0.42992257379297677,2.149612868964884,0.0,0.0,10.0,0.43996256848405785,0,0,0.0,10.0,0,0,0,92.3319142300881,SUCCESS,BEARISH,accumulate,5,88839.02,88831.17,0.00883698818782396,68.9814927050386
2025-12-22T05:15:21.460086+00:00,btc-updown-15m-1766380500,TRADE,UP,DIR_REBALANCE,5,5,0.540141536176037,2.700707680880185,5.0,0.540141536176037,10.0,0.43996256848405785,5,0.9801041046600949,0.0994794766995255,5.0,0,0,0,89.63120654920792,SUCCESS,BEARISH,rebalance,5,88839.01,88831.17,0.008825730878020079,68.29556589970375
2025-12-22T05:15:26.906060+00:00,btc-updown-15m-1766380500,TRADE,DOWN,DIR_ACCUMULATE,5,5,0.47998432644685873,2.3999216322342938,5.0,0.540141536176037,15.0,0.4533031544716581,5,0.993444690647695,0.03277654676152486,10.0,0,0,0,87.23128491697362,SUCCESS,BEARISH,accumulate,5,88839.02,88831.17,0.00883698818782396,68.51328580906194
2025-12-22T05:15:32.385677+00:00,btc-updown-15m-1766380500,TRADE,UP,DIR_REBALANCE,5,5,0.520214925058593,2.601074625292965,10.0,0.5301782306173151,15.0,0.4533031544716581,10,0.9834813850889732,0.16518614911026797,5.0,0,0,0,84.63021029168065,SUCCESS,BEARISH,rebalance,5,88835.39,88831.17,0.004750584732815254,35.51841976859958
2025-12-22T05:25:05.983945+00:00,btc-updown-15m-1766380500,TRADE,UP,DIR_EMERGENCY,5,5,0.3901148574354972,1.9505742871774858,15.0,0.48349043955670906,15.0,0.4533031544716581,15,0.9367935940283671,0.9480960895744928,0.0,0,0,0,82.67963600450317,SUCCESS,BEARISH,emergency,5,88811.29,88831.17,-0.022379531869280406,174.9409218774479
2025-12-22T05:30:04.598302+00:00,btc-updown-15m-1766380500,RESOLUTION,DOWN,MARKET_END,30,30,1.0000,14.0519,15,0.4835,15,0.4533,15,0.9368,0.9481,0.00,0.0000,0.0000,0.9481,97.68,RESOLVED
2025-12-22T05:30:13.135576+00:00,btc-updown-15m-1766381400,TRADE,DOWN,DIR_AVERAGE_DOWN,5,5,0.5102075166540836,2.5510375832704177,0.0,0.0,5.0,0.5102075166540836,0,0,0.0,5.0,0,0,0,95.12859842123275,SUCCESS,BEARISH,average_down,5,88785.44,88797.72,-0.013829183902468256,95.07469952268691
2025-12-22T05:30:18.568508+00:00,btc-updown-15m-1766381400,TRADE,DOWN,DIR_ACCUMULATE,5,5,0.520242929192424,2.60121464596212,0.0,0.0,10.0,0.5152252229232538,0,0,0.0,10.0,0,0,0,92.52738377527064,SUCCESS,BEARISH,accumulate,5,88785.45,88797.72,-0.01381792235206498,93.84702363093476
2025-12-22T05:30:24.032063+00:00,btc-updown-15m-1766381400,TRADE,UP,DIR_REBALANCE,5,5,0.4701283351955479,2.3506416759777395,5.0,0.4701283351955479,10.0,0.5152252229232538,5,0.9853535581188018,0.07323220940599118,5.0,0,0,0,90.1767420992929,SUCCESS,BEARISH,rebalance,5,88778.01,88797.72,-0.02219651585649542,156.48670097195802
2025-12-22T05:30:29.645505+00:00,btc-updown-15m-1766381400,TRADE,DOWN,DIR_ACCUMULATE,5,5,0.4802379919724345,2.4011899598621724,5.0,0.4701283351955479,15.0,0.503562812606314,5,0.973691147801862,0.13154426099069028,10.0,0,0,0,87.77555213943072,SUCCESS,BEARISH,accumulate,5,88786.01,88797.72,-0.013187275529153681,90.9831298153204
2025-12-22T05:30:35.184338+00:00,btc-updown-15m-1766381400,TRADE,UP,DIR_REBALANCE,5,5,0.5201087826704206,2.600543913352103,10.0,0.49511855893298423,15.0,0.503562812606314,10,0.9986813715392981,0.013186284607018539,5.0,0,0,0,85.17500822607862,SUCCESS,BEARISH,rebalance,5,88786.01,88797.72,-0.013187275529153681,91.8545373624977
2025-12-22T05:45:04.400083+00:00,btc-updown-15m-1766381400,RESOLUTION,UP,MARKET_END,25,25,1.0000,12.5046,10,0.4951,15,0.5036,10,0.9987,0.0132,0.33,0.0000,0.0000,-2.5046,95.18,RESOLVED
2025-12-22T05:45:12.687762+00:00,btc-updown-15m-1766382300,TRADE,DOWN,DIR_AVERAGE_DOWN,5,5,0.5301606291662312,2.650803145831156,0.0,0.0,5.0,0.5301606291662312,0,0,0.0,5.0,0,0,0,92.52420508024746,SUCCESS,BEARISH,average_down,5,88912.99,88917.19,-0.004723496097882861,58.23014428508128
2025-12-22T05:45:23.738270+00:00,btc-updown-15m-1766382300,TRADE,DOWN,DIR_ACCUMULATE,5,5,0.5102457216557468,2.551228608278734,0.0,0.0,10.0,0.520203175410989,0,0,0.0,10.0,0,0,0,89.97297647196872,SUCCESS,BEARISH,accumulate,5,88912.99,88917.19,-0.004723496097882861,59.26354440236789
2025-12-22T05:45:29.241064+00:00,btc-updown-15m-1766382300,TRADE,UP,DIR_REBALANCE,5,5,0.5301151918594712,2.650575959297356,5.0,0.5301151918594712,10.0,0.520203175410989,5,1.0503183672704601,-0.25159183635230065,5.0,0,0,0,87.32240051267136,SUCCESS,BEARISH,rebalance,5,88912.99,88917.19,-0.004723496097882861,59.14103483522087
2025-12-22T05:45:34.695185+00:00,btc-updown-15m-1766382300,TRADE,DOWN,DIR_ACCUMULATE,5,5,0.4701961159551964,2.3509805797759817,5.0,0.5301151918594712,15.0,0.5035341555923915,5,1.0336493474518627,-0.16824673725931327,10.0,0,0,0,84.97141993289539,SUCCESS,BEARISH,accumulate,5,88917.06,88917.19,-0.00014620345065409355,1.0625080570011192
2025-12-22T05:45:45.842377+00:00,btc-updown-15m-1766382300,TRADE,UP,DIR_REBALANCE,5,5,0.5301699823125394,2.6508499115626973,10.0,0.5301425870860054,15.0,0.5035341555923915,10,1.0336767426783968,-0.3367674267839682,5.0,0,0,0,82.32057002133268,SUCCESS,BEARISH,rebalance,5,88921.83,88917.19,0.005218338546235456,31.292548651096308
2025-12-22T05:55:04.090005+00:00,btc-updown-15m-1766382300,TRADE,UP,DIR_EMERGENCY,5,3,0.6400510406656624,1.9201531219969872,13.0,0.5555060763736185,15.0,0.5035341555923915,13,1.05904023196601,-0.7675230155581292,2.0,0,0,0,80.4004168993357,SUCCESS,BEARISH,emergency,5,88929.08,88917.19,0.013371992524729377,74.02733183451377
2025-12-22T05:55:37.366881+00:00,btc-updown-15m-1766382300,TRADE,UP,DIR_EMERGENCY,2,2,0.6397221695439597,1.2794443390879193,15.0,0.5667348887963307,15.0,0.5035341555923915,15,1.0702690443887222,-1.0540356658308325,0.0,0,0,0,79.12097256024778,SUCCESS,BEARISH,emergency,5,88926.4,88917.19,0.010357952157498285,52.81483801852981
2025-12-22T06:00:01.799404+00:00,btc-updown-15m-1766382300,RESOLUTION,DOWN,MARKET_END,30,30,1.0000,16.0540,15,0.5667,15,0.5035,15,1.0703,-1.0540,0.00,0.0000,0.0000,-1.0540,94.12,RESOLVED
2025-12-22T06:00:10.694169+00:00,btc-updown-15m-1766383200,TRADE,DOWN,DIR_AVERAGE_DOWN,5,5,0.480125076250784,2.4006253812539198,0.0,0.0,5.0,0.48012507625078393,0,0,0.0,5.0,0,0,0,91.72034717899386,SUCCESS,BEARISH,average_down,5,88849.67,88831.34,0.020634609361968138,99.61121238357475
2025-12-22T06:00:16.220739+00:00,btc-updown-15m-1766383200,TRADE,DOWN,DIR_ACCUMULATE,5,5,0.5000162606846628,2.500081303423314,0.0,0.0,10.0,0.49007066846772335,0,0,0.0,10.0,0,0,0,89.22026587557055,SUCCESS,BEARISH,accumulate,5,88837.84,88831.34,0.007317237362399352,35.51991910799087
2025-12-22T06:00:21.714750+00:00,btc-updown-15m-1766383200,TRADE,UP,DIR_REBALANCE,5,3,0.4800660257834193,1.4401980773502578,3.0,0.4800660257834193,10.0,0.49007066846772335,3,0.9701366942511427,0.08958991724657195,7.0,0,0,0,87.78006779822029,SUCCESS,BEARISH,rebalance,5,88831.92,88831.34,0.0006529227184929848,3.569574087908783
2025-12-22T06:00:27.184552+00:00,btc-updown-15m-1766383200,TRADE,UP,DIR_REBALANCE,5,5,0.5002078320827269,2.5010391604136344,8.0,0.49265465472048653,10.0,0.49007066846772335,8,0.9827253231882098,0.13819741449432144,2.0,0,0,0,85.27902863780665,SUCCESS,BEARISH,rebalance,5,88831.91,88831.34,0.0006416654302490371,3.92940676854982
2025-12-22T06:00:32.686541+00:00,btc-updown-15m-1766383200,TRADE,DOWN,DIR_AVERAGE_DOWN,5,5,0.5000539639524457,2.5002698197622286,8.0,0.49265465472048653,15.0,0.49339843362929753,8,0.986053088349784,0.11157529320172799,7.0,0,0,0,82.77875881804442,SUCCESS,BEARISH,average_down,5,88831.92,88831.34,0.0006529227184929848,3.8920760759172377
2025-12-22T06:00:38.178937+00:00,btc-updown-15m-1766383200,TRADE,UP,DIR_REBALANCE,5,1,0.48984624448684566,0.48984624448684566,9.0,0.4923426091389709,15.0,0.49339843362929753,9,0.9857410427682685,0.12833061508558385,6.0,0,0,0,82.28891257355758,SUCCESS,BEARISH,rebalance,5,88831.91,88831.34,0.0006416654302490371,3.8898177937184992
2025-12-22T06:00:43.651801+00:00,btc-updown-15m-1766383200,TRADE,UP,DIR_REBALANCE,5,5,0.47010178157248506,2.3505089078624253,14.0,0.4843994564366545,15.0,0.49339843362929753,14,0.9777978900659521,0.3108295390766709,1.0,0,0,0,79.93840366569516,SUCCESS,BEARISH,rebalance,5,88820.61,88831.34,-0.012079070292079266,70.11769400056305
2025-12-22T06:10:04.946542+00:00,btc-updown-15m-1766383200,TRADE,UP,DIR_EMERGENCY,1,1,0.2601037605697175,0.2601037605697175,15.0,0.46944641004552534,15.0,0.49339843362929753,15,0.9628448436748229,0.5573273448776561,0.0,0,0,0,79.67829990512544,SUCCESS,BEARISH,emergency,5,88804.23,88831.34,-0.030518508445330873,249.8442046431605
2025-12-22T06:15:02.235672+00:00,btc-updown-15m-1766383200,RESOLUTION,DOWN,MARKET_END,30,30,1.0000,14.4427,15,0.4694,15,0.4934,15,0.9628,0.5573,0.00,0.0000,0.0000,0.5573,94.68,RESOLVED
2025-12-22T06:15:10.446621+00:00,btc-updown-15m-1766384100,TRADE,DOWN,DIR_AVERAGE_DOWN,5,5,0.490066072606128,2.45033036303064,0.0,0.0,5.0,0.490066072606128,0,0,0.0,5.0,0,0,0,92.2279695420948,SUCCESS,BEARISH,average_down,5,88752.75,88752.75,0.0,0.0900003866485448
2025-12-22T06:15:15.907059+00:00,btc-updown-15m-1766384100,TRADE,DOWN,DIR_ACCUMULATE,5,5,0.4702224493015079,2.3511122465075394,0.0,0.0,10.0,0.48014426095381796,0,0,0.0,10.0,0,0,0,89.87685729558726,SUCCESS,BEARISH,accumulate,5,88752.75,88752.75,0.0,0.08861213553202855
2025-12-22T06:15:21.427588+00:00,btc-updown-15m-1766384100,TRADE,UP,DIR_REBALANCE,5,5,0.5201448889416772,2.600724444708386,5.0,0.5201448889416772,10.0,0.48014426095381796,5,1.0002891498954951,-0.0014457494774755553,5.0,0,0,0,87.27613285087887,SUCCESS,BEARISH,rebalance,5,88752.75,88752.75,0.0,0.08912496900184598
2025-12-22T06:15:26.928009+00:00,btc-updown-15m-1766384100,TRADE,DOWN,DIR_ACCUMULATE,5,5,0.4901900033633974,2.450950016816987,5.0,0.5201448889416772,15.0,0.4834928417570111,5,1.0036377306986883,-0.018188653493441675,10.0,0,0,0,84.82518283406188,SUCCESS,BEARISH,accumulate,5,88752.76,88752.75,1.1267256501642272e-05,0.09933208076852112
2025-12-22T06:15:32.402745+00:00,btc-updown-15m-1766384100,TRADE,UP,DIR_REBALANCE,5,5,0.59018975775688,2.9509487887844,10.0,0.5551673233492787,15.0,0.4834928417570111,10,1.0386601651062897,-0.3866016510628967,5.0,0,0,0,81.87423404527748,SUCCESS,BEARISH,rebalance,5,88763.19,88752.75,0.011763015793879433,44.15276300359577
2025-12-22T06:30:02.086808+00:00,btc-updown-15m-1766384100,RESOLUTION,UP,MARKET_END,25,25,1.0000,12.8041,10,0.5552,15,0.4835,10,1.0387,-0.3866,0.33,0.0000,0.0000,-2.8041,91.87,RESOLVED
2025-12-22T06:30:10.806474+00:00,btc-updown-15m-1766385000,TRADE,DOWN,DIR_AVERAGE_DOWN,5,5,0.3999114186587379,1.9995570932936895,0.0,0.0,5.0,0.3999114186587379,0,0,0.0,5.0,0,0,0,89.87467695198379,SUCCESS,BEARISH,average_down,5,88874.12,88839.14,0.03937453694395952,239.08236205366117
2025-12-22T06:30:16.374811+00:00,btc-updown-15m-1766385000,TRADE,DOWN,DIR_ACCUMULATE,5,5,0.3800132576999062,1.900066288499531,0.0,0.0,10.0,0.389962338179322,0,0,0.0,10.0,0,0,0,87.97461066348426,SUCCESS,BEARISH,accumulate,5,88874.12,88839.14,0.03937453694395952,224.1132939807905
2025-12-22T06:30:21.845855+00:00,btc-updown-15m-1766385000,TRADE,UP,DIR_REBALANCE,5,5,0.6402848969645997,3.2014244848229985,5.0,0.6402848969645997,10.0,0.389962338179322,5,1.0302472351439218,-0.151236175719609,5.0,0,0,0,84.77318617866126,SUCCESS,BEARISH,rebalance,5,88874.11,88839.14,0.03936328064409579,225.33152569384677
2025-12-22T06:30:27.315975+00:00,btc-updown-15m-1766385000,TRADE,DOWN,DIR_ACCUMULATE,5,5,0.3701037305874069,1.8505186529370345,5.0,0.6402848969645997,15.0,0.3833428023153503,5,1.02362769927995,-0.11813849639975005,10.0,0,0,0,82.92266752572422,SUCCESS,BEARISH,accumulate,5,88874.11,88839.14,0.03936328064409579,225.33520538875962
2025-12-22T06:30:32.849760+00:00,btc-updown-15m-1766385000,TRADE,UP,DIR_REBALANCE,5,5,0.6301676742387078,3.150838371193539,10.0,0.6352262856016537,15.0,0.3833428023153503,10,1.018569087917004,-0.18569087917003957,5.0,0,0,0,79.77182915453068,SUCCESS,BEARISH,rebalance,5,88874.11,88839.14,0.03936328064409579,225.4414185957014
2025-12-22T06:40:06.019871+00:00,btc-updown-15m-1766385000,TRADE,UP,DIR_EMERGENCY,5,1,0.6197068879874799,0.6197068879874799,11.0,0.6338154312730925,15.0,0.3833428023153503,11,1.0171582335884428,-0.188740569472871,4.0,0,0,0,79.1521222665432,SUCCESS,BEARISH,emergency,5,88848.96,88839.14,0.011053686471984065,73.6015453566745
2025-12-22T06:40:11.630674+00:00,btc-updown-15m-1766385000,TRADE,UP,DIR_EMERGENCY,4,1,0.6301464501136741,0.6301464501136741,12.0,0.6335096828431409,15.0,0.3833428023153503,12,1.0168524851584912,-0.20222982190189498,3.0,0,0,0,78.52197581642953,SUCCESS,BEARISH,emergency,5,88848.95,88839.14,0.011042430172103953,73.36648909606194
2025-12-22T06:45:02.916740+00:00,btc-updown-15m-1766385000,RESOLUTION,UP,MARKET_END,27,27,1.0000,13.3523,12,0.6335,15,0.3833,12,1.0169,-0.2022,0.20,0.0000,0.0000,-1.3523,90.52,RESOLVED
2025-12-22T06:45:11.207808+00:00,btc-updown-15m-1766385900,TRADE,DOWN,DIR_AVERAGE_DOWN,5,5,0.6601770192679416,3.300885096339708,0.0,0.0,5.0,0.6601770192679416,0,0,0.0,5.0,0,0,0,87.22109072008982,SUCCESS,BEARISH,average_down,5,88940.0,88970.01,-0.0337304671540385,200.35145575645655
2025-12-22T06:45:16.677206+00:00,btc-updown-15m-1766385900,TRADE,DOWN,DIR_ACCUMULATE,5,5,0.6603004354690952,3.3015021773454762,0.0,0.0,10.0,0.6602387273685184,0,0,0.0,10.0,0,0,0,83.91958854274435,SUCCESS,BEARISH,accumulate,5,88926.12,88970.01,-0.049331229703131904,299.11984274223227
2025-12-22T06:45:22.218543+00:00,btc-updown-15m-1766385900,TRADE,UP,DIR_REBALANCE,5,5,0.35000543006378004,1.7500271503189002,5.0,0.35000543006378004,10.0,0.6602387273685184,5,1.0102441574322985,-0.051220787161492254,5.0,0,0,0,82.16956139242545,SUCCESS,BEARISH,rebalance,5,88926.12,88970.01,-0.049331229703131904,308.204779777238
2025-12-22T06:45:27.711185+00:00,btc-updown-15m-1766385900,TRADE,DOWN,DIR_ACCUMULATE,5,5,0.6600564498518926,3.300282249259463,5.0,0.35000543006378004,15.0,0.6601779681963098,5,1.0101833982600898,-0.050916991300449244,10.0,0,0,0,78.86927914316598,SUCCESS,BEARISH,accumulate,5,88926.13,88970.01,-0.0493199899606509,307.4813419179556
2025-12-22T06:45:33.363724+00:00,btc-updown-15m-1766385900,TRADE,UP,DIR_REBALANCE,5,5,0.3600365557601929,1.8001827788009646,10.0,0.35502099291198647,15.0,0.6601779681963098,10,1.0151989611082963,-0.15198961108296327,5.0,0,0,0,77.06909636436502,SUCCESS,BEARISH,rebalance,5,88926.12,88970.01,-0.049331229703131904,314.76066337710995
2025-12-22T06:55:01.144049+00:00,btc-updown-15m-1766385900,TRADE,UP,DIR_EMERGENCY,5,5,0.4100642573276211,2.0503212866381055,15.0,0.37336874771719797,15.0,0.6601779681963098,15,1.0335467159135079,-0.5032007387026183,0.0,0,0,0,75.01877507772691,SUCCESS,BEARISH,emergency,5,88956.93,88970.01,-0.014701583151448164,87.07471121482247
2025-12-22T07:00:03.761021+00:00,btc-updown-15m-1766385900,RESOLUTION,DOWN,MARKET_END,30,30,1.0000,15.5032,15,0.3734,15,0.6602,15,1.0335,-0.5032,0.00,0.0000,0.0000,-0.5032,90.02,RESOLVED
2025-12-22T07:00:18.081232+00:00,btc-updown-15m-1766386800,TRADE,DOWN,DIR_AVERAGE_DOWN,5,5,0.5801949828556953,2.900974914278476,0.0,0.0,5.0,0.5801949828556953,0,0,0.0,5.0,0,0,0,87.11780016344844,SUCCESS,BEARISH,average_down,5,88904.11,88909.26,-0.005792422521562073,35.515865789381
2025-12-22T07:00:23.598852+00:00,btc-updown-15m-1766386800,TRADE,DOWN,DIR_ACCUMULATE,5,2,0.5801052166551142,1.1602104333102283,0.0,0.0,7.0,0.580169335369815,0,0,0.0,7.0,0,0,0,85.95758973013821,SUCCESS,BEARISH,accumulate,5,88901.11,88909.26,-0.009166649233155445,55.729048769097886
2025-12-22T07:00:29.077111+00:00,btc-updown-15m-1766386800,TRADE,UP,DIR_REBALANCE,5,5,0.4301332207833498,2.150666103916749,5.0,0.4301332207833498,7.0,0.580169335369815,5,1.0103025561531647,-0.05151278076582333,2.0,0,0,0,83.80692362622146,SUCCESS,BEARISH,rebalance,5,88895.55,88909.26,-0.015420216071972538,94.00820149429524
2025-12-22T07:00:34.706487+00:00,btc-updown-15m-1766386800,TRADE,DOWN,DIR_AVERAGE_DOWN,5,2,0.5800650489389975,1.160130097877995,5.0,0.4301332207833498,9.0,0.5801461606074111,5,1.010279381390761,-0.0513969069538045,4.0,0,0,0,82.64679352834347,SUCCESS,BEARISH,average_down,5,88900.93,88909.26,-0.009369102835859556,57.135525011691286
2025-12-22T07:00:40.188777+00:00,btc-updown-15m-1766386800,TRADE,DOWN,DIR_ACCUMULATE,5,5,0.5600841972707318,2.800420986353659,5.0,0.4301332207833498,14.0,0.5729811737014542,5,1.003114394484804,-0.015571972424019975,9.0,0,0,0,79.84637254198981,SUCCESS,BEARISH,accumulate,5,88900.93,88909.26,-0.009369102835859556,58.148844478799944
2025-12-22T07:00:45.709000+00:00,btc-updown-15m-1766386800,TRADE,UP,DIR_REBALANCE,5,5,0.5402623940046266,2.701311970023133,10.0,0.48519780739398827,14.0,0.5729811737014542,10,1.0581789810954425,-0.5817898109544251,4.0,0,0,0,77.14506057196668,SUCCESS,BEARISH,rebalance,5,88920.0,88909.26,0.01207973162751016,71.42423665897779
2025-12-22T07:00:51.208534+00:00,btc-updown-15m-1766386800,TRADE,DOWN,DIR_ACCUMULATE,1,1,0.4000990478643431,0.4000990478643431,10.0,0.48519780739398827,15.0,0.5614556986456467,10,1.046653506039635,-0.4665350603963492,5.0,0,0,0,76.74496152410234,SUCCESS,BEARISH,accumulate,5,88935.87,88909.26,0.029929390931833853,172.80973286653068
2025-12-22T07:15:00.776064+00:00,btc-updown-15m-1766386800,RESOLUTION,UP,MARKET_END,25,25,1.0000,13.2738,10,0.4852,15,0.5615,10,1.0467,-0.4665,0.33,0.0000,0.0000,-3.2738,86.74,RESOLVED
2025-12-22T07:15:09.158266+00:00,btc-updown-15m-1766387700,TRADE,DOWN,DIR_AVERAGE_DOWN,5,1,0.4800583144032451,0.4800583144032451,0.0,0.0,1.0,0.4800583144032451,0,0,0.0,1.0,0,0,0,86.26490320969909,SUCCESS,BEARISH,average_down,5,89165.91,89148.08,0.02000043074399555,152.24355681176914
2025-12-22T07:25:33.519450+00:00,btc-updown-15m-1766387700,TRADE,UP,DIR_EMERGENCY,1,1,0.35005495079198307,0.35005495079198307,1.0,0.35005495079198307,1.0,0.4800583144032451,1,0.8301132651952281,0.1698867348047719,0.0,0,0,0,85.9148482589071,SUCCESS,BEARISH,emergency,5,89119.1,89148.08,-0.032507710766172336,0.0
2025-12-22T07:25:39.100135+00:00,btc-updown-15m-1766387700,TRADE,DOWN,DIR_AVERAGE_DOWN,5,5,0.6797677431699065,3.3988387158495326,1.0,0.35005495079198307,6.0,0.6464828383754629,1,0.9965377891674461,0.003462210832553936,5.0,0,0,0,82.51600954305756,SUCCESS,BEARISH,average_down,5,89119.1,89148.08,-0.032507710766172336,0.0
2025-12-22T07:25:44.657453+00:00,btc-updown-15m-1766387700,TRADE,UP,DIR_EMERGENCY,5,5,0.32012550926213124,1.600627546310656,6.0,0.32511374951710653,6.0,0.6464828383754629,6,0.9715965878925694,0.1704204726445835,0.0,0,0,0,80.9153819967469,SUCCESS,BEARISH,emergency,5,89129.36,89148.08,-0.020998769687469616,0.0
2025-12-22T07:25:50.160278+00:00,btc-updown-15m-1766387700,TRADE,DOWN,DIR_AVERAGE_DOWN,5,5,0.7403312299151026,3.7016561495755127,6.0,0.32511374951710653,11.0,0.6891411981662082,6,1.0142549476833147,-0.0855296860998882,5.0,0,0,0,77.21372584717139,SUCCESS,BEARISH,average_down,5,89118.93,89148.08,-0.032698404721681874,189.31535643597113
2025-12-22T07:25:55.775638+00:00,btc-updown-15m-1766387700,TRADE,UP,DIR_EMERGENCY,5,5,0.2600431362658638,1.3002156813293189,11.0,0.2955361980392689,11.0,0.6891411981662082,11,0.9846773962054771,0.1685486417397517,0.0,0,0,0,75.91351016584207,SUCCESS,BEARISH,emergency,5,89118.94,89148.08,-0.03268718743017171,193.92596634363576
2025-12-22T07:26:01.332482+00:00,btc-updown-15m-1766387700,TRADE,DOWN,DIR_AVERAGE_DOWN,4,4,0.7702847439150796,3.0811389756603185,11.0,0.2955361980392689,15.0,0.7107794770325739,11,1.0063156750718427,-0.06947242579026991,4.0,0,0,0,72.83237119018175,SUCCESS,BEARISH,average_down,5,89118.94,89148.08,-0.03268718743017171,197.78514293118508
2025-12-22T07:26:06.865703+00:00,btc-updown-15m-1766387700,TRADE,UP,DIR_EMERGENCY,4,4,0.2500291340171467,1.0001165360685869,15.0,0.28340098096670296,15.0,0.7107794770325739,15,0.9941804579992769,0.08729313001084649,0.0,0,0,0,71.83225465411316,SUCCESS,BEARISH,emergency,5,89118.94,89148.08,-0.03268718743017171,205.7478618318492
2025-12-22T07:30:00.148733+00:00,btc-updown-15m-1766387700,RESOLUTION,DOWN,MARKET_END,30,30,1.0000,14.9127,15,0.2834,15,0.7108,15,0.9942,0.0873,0.00,0.0000,0.0000,0.0873,86.83,RESOLVED
2025-12-22T07:30:08.498714+00:00,btc-updown-15m-1766388600,TRADE,DOWN,DIR_AVERAGE_DOWN,5,5,0.48006398259543975,2.400319912977199,0.0,0.0,5.0,0.48006398259543975,0,0,0.0,5.0,0,0,0,84.43193474113596,SUCCESS,BEARISH,average_down,5,89112.49,89111.24,0.00140274111324228,10.436249777549662
2025-12-22T07:30:13.982030+00:00,btc-updown-15m-1766388600,TRADE,DOWN,DIR_ACCUMULATE,5,5,0.47021994499907405,2.35109972499537,0.0,0.0,10.0,0.4751419637972569,0,0,0.0,10.0,0,0,0,82.0808350161406,SUCCESS,BEARISH,accumulate,5,89116.45,89111.24,0.0058466249599846785,42.081621803658436
2025-12-22T07:30:19.470545+00:00,btc-updown-15m-1766388600,TRADE,UP,DIR_REBALANCE,5,5,0.5200178137073951,2.6000890685369753,5.0,0.5200178137073951,10.0,0.4751419637972569,5,0.995159777504652,0.02420111247673995,5.0,0,0,0,79.48074594760362,SUCCESS,BEARISH,rebalance,5,89116.46,89111.24,0.005857846888901067,44.495714470841015
2025-12-22T07:30:25.084163+00:00,btc-updown-15m-1766388600,TRADE,DOWN,DIR_ACCUMULATE,5,5,0.48987472994111864,2.4493736497055933,5.0,0.5200178137073951,15.0,0.4800528858452109,5,1.000070699552606,-0.00035349776303039704,10.0,0,0,0,77.03137229789803,SUCCESS,BEARISH,accumulate,5,89116.45,89111.24,0.0058466249599846785,45.868710927887435
2025-12-22T07:30:30.893737+00:00,btc-updown-15m-1766388600,TRADE,UP,DIR_REBALANCE,5,5,0.5200897996335193,2.6004489981675967,10.0,0.5200538066704572,15.0,0.4800528858452109,10,1.000106692515668,-0.0010669251566808313,5.0,0,0,0,74.43092329973044,SUCCESS,BEARISH,rebalance,5,89116.45,89111.24,0.0058466249599846785,82.23466979415805
2025-12-22T07:40:01.372849+00:00,btc-updown-15m-1766388600,TRADE,UP,DIR_EMERGENCY,5,5,0.29001930903839834,1.4500965451919918,15.0,0.44337564079310426,15.0,0.4800528858452109,15,0.9234285266383151,1.1485721004252736,0.0,0,0,0,72.98082675453844,SUCCESS,BEARISH,emergency,5,89080.01,89111.24,-0.035046083973256884,60.69384993665304
2025-12-22T07:45:01.940828+00:00,btc-updown-15m-1766388600,RESOLUTION,UP,MARKET_END,30,30,1.0000,13.8514,15,0.4434,15,0.4801,15,0.9234,1.1486,0.00,0.0000,0.0000,1.1486,87.98,RESOLVED
