timestamp,market_slug,event_type,trade_side,trade_mode,size_requested,size_filled,price,cost,pos_up_size,pos_up_avg_price,pos_down_size,pos_down_avg_price,pos_hedged_pairs,pos_pair_cost,pos_locked_profit,pos_imbalance,pnl_min,pnl_max,pnl_realized,balance_after,status
2025-12-22T13:08:57.430390+00:00,btc-updown-15m-1766408400,TRADE,UP,ACCUM,1,1,0.2400,0.2400,1,0.2400,0,0.0000,0,0.0000,0.0000,1.00,-0.2400,0.7600,0.0000,99.76,SUCCESS
2025-12-22T13:09:02.878848+00:00,btc-updown-15m-1766408400,TRADE,DOWN,ACCUM,1,1,0.9002,0.9002,1,0.2400,1,0.9002,1,1.1402,-0.1402,0.00,-0.1402,-0.1402,0.0000,98.86,SUCCESS
2025-12-22T13:09:08.289978+00:00,btc-updown-15m-1766408400,TRADE,UP,ACCUM,1,1,0.1700,0.1700,2,0.2050,1,0.9002,1,1.1052,-0.1052,0.50,-0.3102,0.6898,0.0000,98.69,SUCCESS
2025-12-22T13:09:30.148942+00:00,btc-updown-15m-1766408400,TRADE,DOWN,ACCUM,1,1,0.8302,0.8302,2,0.2050,2,0.8652,2,1.0702,-0.1404,0.00,-0.1404,-0.1404,0.0000,97.86,SUCCESS
2025-12-22T13:09:35.678581+00:00,btc-updown-15m-1766408400,TRADE,UP,ACCUM,1,1,0.2000,0.2000,3,0.2034,2,0.8652,2,1.0685,-0.1371,0.33,-0.3404,0.6596,0.0000,97.66,SUCCESS
2025-12-22T13:09:41.173154+00:00,btc-updown-15m-1766408400,TRADE,DOWN,ACCUM,1,1,0.8201,0.8201,3,0.2034,3,0.8502,3,1.0535,-0.1606,0.00,-0.1606,-0.1606,0.0000,96.84,SUCCESS
2025-12-22T13:09:52.043463+00:00,btc-updown-15m-1766408400,TRADE,UP,ACCUM,1,1,0.2200,0.2200,4,0.2075,3,0.8502,3,1.0577,-0.1731,0.25,-0.3806,0.6194,0.0000,96.62,SUCCESS
2025-12-22T13:09:57.477483+00:00,btc-updown-15m-1766408400,TRADE,DOWN,ACCUM,1,1,0.7702,0.7702,4,0.2075,4,0.8302,4,1.0377,-0.1508,0.00,-0.1508,-0.1508,0.0000,95.85,SUCCESS
2025-12-22T13:10:02.996485+00:00,btc-updown-15m-1766408400,TRADE,UP,ACCUM,1,1,0.1899,0.1899,5,0.2040,4,0.8302,4,1.0342,-0.1367,0.20,-0.3407,0.6593,0.0000,95.66,SUCCESS
2025-12-22T13:10:08.418690+00:00,btc-updown-15m-1766408400,TRADE,DOWN,ACCUM,1,1,0.8602,0.8602,5,0.2040,5,0.8362,5,1.0402,-0.2009,0.00,-0.2009,-0.2009,0.0000,94.80,SUCCESS
2025-12-22T13:10:19.249876+00:00,btc-updown-15m-1766408400,TRADE,UP,ACCUM,1,1,0.1500,0.1500,6,0.1950,5,0.8362,5,1.0312,-0.1559,0.17,-0.3509,0.6491,0.0000,94.65,SUCCESS
2025-12-22T13:10:24.786379+00:00,btc-updown-15m-1766408400,TRADE,DOWN,ACCUM,1,1,0.8604,0.8604,6,0.1950,6,0.8402,6,1.0352,-0.2113,0.00,-0.2113,-0.2113,0.0000,93.79,SUCCESS
2025-12-22T13:10:30.212657+00:00,btc-updown-15m-1766408400,TRADE,UP,ACCUM,1,1,0.3001,0.3001,7,0.2100,6,0.8402,6,1.0502,-0.3014,0.14,-0.5114,0.4886,0.0000,93.49,SUCCESS
2025-12-22T13:10:35.839521+00:00,btc-updown-15m-1766408400,TRADE,DOWN,ACCUM,1,1,0.7103,0.7103,7,0.2100,7,0.8216,7,1.0317,-0.2217,0.00,-0.2217,-0.2217,0.0000,92.78,SUCCESS
2025-12-22T13:10:41.254219+00:00,btc-updown-15m-1766408400,TRADE,UP,ACCUM,1,1,0.3701,0.3701,8,0.2300,7,0.8216,7,1.0517,-0.3617,0.12,-0.5918,0.4082,0.0000,92.41,SUCCESS
2025-12-22T13:10:46.671576+00:00,btc-updown-15m-1766408400,TRADE,DOWN,ACCUM,1,1,0.7002,0.7002,8,0.2300,8,0.8065,8,1.0365,-0.2920,0.00,-0.2920,-0.2920,0.0000,91.71,SUCCESS
2025-12-22T13:10:52.066725+00:00,btc-updown-15m-1766408400,TRADE,UP,ACCUM,1,1,0.1800,0.1800,9,0.2245,8,0.8065,8,1.0309,-0.2475,0.11,-0.4720,0.5280,0.0000,91.53,SUCCESS
2025-12-22T13:10:57.609664+00:00,btc-updown-15m-1766408400,TRADE,DOWN,ACCUM,1,1,0.9302,0.9302,9,0.2245,9,0.8202,9,1.0447,-0.4022,0.00,-0.4022,-0.4022,0.0000,90.60,SUCCESS
2025-12-22T13:11:03.028959+00:00,btc-updown-15m-1766408400,TRADE,UP,ACCUM,1,1,0.1199,0.1199,10,0.2140,9,0.8202,9,1.0342,-0.3081,0.10,-0.5222,0.4778,0.0000,90.48,SUCCESS
2025-12-22T13:11:08.450485+00:00,btc-updown-15m-1766408400,TRADE,DOWN,ACCUM,1,1,0.9001,0.9001,10,0.2140,10,0.8282,10,1.0422,-0.4222,0.00,-0.4222,-0.4222,0.0000,89.58,SUCCESS
2025-12-22T13:11:13.888512+00:00,btc-updown-15m-1766408400,TRADE,UP,ACCUM,1,1,0.1600,0.1600,11,0.2091,10,0.8282,10,1.0373,-0.3731,0.09,-0.5823,0.4177,0.0000,89.42,SUCCESS
2025-12-22T13:11:24.715515+00:00,btc-updown-15m-1766408400,TRADE,DOWN,ACCUM,1,1,0.8601,0.8601,11,0.2091,11,0.8311,11,1.0402,-0.4423,0.00,-0.4423,-0.4423,0.0000,88.56,SUCCESS
2025-12-22T13:11:30.113383+00:00,btc-updown-15m-1766408400,TRADE,UP,ACCUM,1,1,0.1500,0.1500,12,0.2042,11,0.8311,11,1.0353,-0.3882,0.08,-0.5924,0.4076,0.0000,88.41,SUCCESS
2025-12-22T13:11:35.556725+00:00,btc-updown-15m-1766408400,TRADE,DOWN,ACCUM,1,1,0.8601,0.8601,12,0.2042,12,0.8335,12,1.0377,-0.4524,0.00,-0.4524,-0.4524,0.0000,87.55,SUCCESS
2025-12-22T13:11:41.104551+00:00,btc-updown-15m-1766408400,TRADE,UP,ACCUM,1,1,0.2700,0.2700,13,0.2093,12,0.8335,12,1.0428,-0.5132,0.08,-0.7225,0.2775,0.0000,87.28,SUCCESS
2025-12-22T13:11:46.525810+00:00,btc-updown-15m-1766408400,TRADE,DOWN,ACCUM,1,1,0.6503,0.6503,13,0.2093,13,0.8194,13,1.0287,-0.3727,0.00,-0.3727,-0.3727,0.0000,86.63,SUCCESS
2025-12-22T13:11:52.077029+00:00,btc-updown-15m-1766408400,TRADE,UP,ACCUM,1,1,0.3001,0.3001,14,0.2157,13,0.8194,13,1.0352,-0.4571,0.07,-0.6729,0.3271,0.0000,86.33,SUCCESS
2025-12-22T13:11:57.622935+00:00,btc-updown-15m-1766408400,TRADE,DOWN,ACCUM,1,1,0.7203,0.7203,14,0.2157,14,0.8123,14,1.0281,-0.3932,0.00,-0.3932,-0.3932,0.0000,85.61,SUCCESS
2025-12-22T13:12:03.055358+00:00,btc-updown-15m-1766408400,TRADE,UP,ACCUM,1,1,0.3801,0.3801,15,0.2267,14,0.8123,14,1.0390,-0.5465,0.07,-0.7732,0.2268,0.0000,85.23,SUCCESS
2025-12-22T13:12:08.489403+00:00,btc-updown-15m-1766408400,TRADE,DOWN,ACCUM,1,1,0.7304,0.7304,15,0.2267,15,0.8069,15,1.0336,-0.5036,0.00,-0.5036,-0.5036,0.0000,84.50,SUCCESS
2025-12-22T13:15:04.767979+00:00,btc-updown-15m-1766408400,RESOLUTION,DOWN,BINANCE_FALLBACK,30,30,1.0000,15.5036,15,0.2267,15,0.8069,15,1.0336,-0.5036,0.00,0.0000,0.0000,-0.5036,99.50,RESOLVED
2025-12-22T13:23:55.283930+00:00,btc-updown-15m-1766409300,TRADE,UP,ACCUM,1,1,0.1700,0.1700,1,0.1700,0,0.0000,0,0.0000,0.0000,1.00,-0.1700,0.8300,0.0000,99.33,SUCCESS
2025-12-22T13:24:00.685913+00:00,btc-updown-15m-1766409300,TRADE,DOWN,ACCUM,1,1,0.8601,0.8601,1,0.1700,1,0.8601,1,1.0301,-0.0301,0.00,-0.0301,-0.0301,0.0000,98.47,SUCCESS
2025-12-22T13:24:06.109314+00:00,btc-updown-15m-1766409300,TRADE,UP,ACCUM,1,1,0.1200,0.1200,2,0.1450,1,0.8601,1,1.0051,-0.0051,0.50,-0.1502,0.8498,0.0000,98.35,SUCCESS
2025-12-22T13:24:11.527482+00:00,btc-updown-15m-1766409300,TRADE,DOWN,ACCUM,1,1,0.8903,0.8903,2,0.1450,2,0.8752,2,1.0202,-0.0405,0.00,-0.0405,-0.0405,0.0000,97.46,SUCCESS
2025-12-22T13:24:17.128050+00:00,btc-updown-15m-1766409300,TRADE,UP,ACCUM,1,1,0.1201,0.1201,3,0.1367,2,0.8752,2,1.0119,-0.0238,0.33,-0.1605,0.8395,0.0000,97.34,SUCCESS
2025-12-22T13:24:22.541139+00:00,btc-updown-15m-1766409300,TRADE,DOWN,ACCUM,1,1,0.9101,0.9101,3,0.1367,3,0.8868,3,1.0235,-0.0706,0.00,-0.0706,-0.0706,0.0000,96.43,SUCCESS
2025-12-22T13:24:27.967784+00:00,btc-updown-15m-1766409300,TRADE,UP,ACCUM,1,1,0.1100,0.1100,4,0.1300,3,0.8868,3,1.0169,-0.0506,0.25,-0.1806,0.8194,0.0000,96.32,SUCCESS
2025-12-22T13:24:33.505983+00:00,btc-updown-15m-1766409300,TRADE,DOWN,ACCUM,1,1,0.9102,0.9102,4,0.1300,4,0.8927,4,1.0227,-0.0908,0.00,-0.0908,-0.0908,0.0000,95.41,SUCCESS
2025-12-22T13:24:39.027972+00:00,btc-updown-15m-1766409300,TRADE,UP,ACCUM,1,1,0.1000,0.1000,5,0.1240,4,0.8927,4,1.0167,-0.0668,0.20,-0.1909,0.8091,0.0000,95.31,SUCCESS
2025-12-22T13:24:44.434239+00:00,btc-updown-15m-1766409300,TRADE,DOWN,ACCUM,1,1,0.9204,0.9204,5,0.1240,5,0.8982,5,1.0223,-0.1113,0.00,-0.1113,-0.1113,0.0000,94.39,SUCCESS
2025-12-22T13:24:49.934132+00:00,btc-updown-15m-1766409300,TRADE,UP,ACCUM,1,1,0.0900,0.0900,6,0.1184,5,0.8982,5,1.0166,-0.0830,0.17,-0.2013,0.7987,0.0000,94.30,SUCCESS
2025-12-22T13:24:55.380754+00:00,btc-updown-15m-1766409300,TRADE,DOWN,ACCUM,1,1,0.9301,0.9301,6,0.1184,6,0.9036,6,1.0219,-0.1315,0.00,-0.1315,-0.1315,0.0000,93.36,SUCCESS
2025-12-22T13:25:06.222377+00:00,btc-updown-15m-1766409300,TRADE,UP,ACCUM,1,1,0.0700,0.0700,7,0.1115,6,0.9036,6,1.0150,-0.0900,0.14,-0.2015,0.7985,0.0000,93.29,SUCCESS
2025-12-22T13:25:17.098622+00:00,btc-updown-15m-1766409300,TRADE,DOWN,ACCUM,1,1,0.8701,0.8701,7,0.1115,7,0.8988,7,1.0102,-0.0716,0.00,-0.0716,-0.0716,0.0000,92.42,SUCCESS
2025-12-22T13:25:22.524440+00:00,btc-updown-15m-1766409300,TRADE,UP,ACCUM,1,1,0.1300,0.1300,8,0.1138,7,0.8988,7,1.0126,-0.0879,0.12,-0.2016,0.7984,0.0000,92.29,SUCCESS
2025-12-22T13:25:27.941412+00:00,btc-updown-15m-1766409300,TRADE,DOWN,ACCUM,1,1,0.8102,0.8102,8,0.1138,8,0.8877,8,1.0015,-0.0118,0.00,-0.0118,-0.0118,0.0000,91.48,SUCCESS
2025-12-22T13:25:33.350421+00:00,btc-updown-15m-1766409300,TRADE,UP,ACCUM,1,1,0.2801,0.2801,9,0.1323,8,0.8877,8,1.0200,-0.1596,0.11,-0.2919,0.7081,0.0000,91.20,SUCCESS
2025-12-22T13:25:44.175174+00:00,btc-updown-15m-1766409300,TRADE,DOWN,ACCUM,1,1,0.7901,0.7901,9,0.1323,9,0.8769,9,1.0091,-0.0820,0.00,-0.0820,-0.0820,0.0000,90.41,SUCCESS
2025-12-22T13:26:00.467693+00:00,btc-updown-15m-1766409300,TRADE,UP,ACCUM,1,1,0.1500,0.1500,10,0.1340,9,0.8769,9,1.0109,-0.0980,0.10,-0.2320,0.7680,0.0000,90.26,SUCCESS
2025-12-22T13:26:06.043734+00:00,btc-updown-15m-1766409300,TRADE,DOWN,ACCUM,1,1,0.7701,0.7701,10,0.1340,10,0.8662,10,1.0002,-0.0021,0.00,-0.0021,-0.0021,0.0000,89.49,SUCCESS
2025-12-22T13:26:16.871235+00:00,btc-updown-15m-1766409300,TRADE,UP,ACCUM,1,1,0.1801,0.1801,11,0.1382,10,0.8662,10,1.0044,-0.0439,0.09,-0.1821,0.8179,0.0000,89.31,SUCCESS
2025-12-22T13:26:22.277291+00:00,btc-updown-15m-1766409300,TRADE,DOWN,ACCUM,1,1,0.8802,0.8802,11,0.1382,11,0.8674,11,1.0057,-0.0624,0.00,-0.0624,-0.0624,0.0000,88.43,SUCCESS
2025-12-22T13:26:27.791928+00:00,btc-updown-15m-1766409300,TRADE,UP,ACCUM,1,1,0.1401,0.1401,12,0.1384,11,0.8674,11,1.0058,-0.0640,0.08,-0.2024,0.7976,0.0000,88.29,SUCCESS
2025-12-22T13:26:38.591410+00:00,btc-updown-15m-1766409300,TRADE,DOWN,ACCUM,1,1,0.9103,0.9103,12,0.1384,12,0.8710,12,1.0094,-0.1127,0.00,-0.1127,-0.1127,0.0000,87.38,SUCCESS
2025-12-22T13:26:44.017814+00:00,btc-updown-15m-1766409300,TRADE,UP,ACCUM,1,1,0.2601,0.2601,13,0.1477,12,0.8710,12,1.0188,-0.2251,0.08,-0.3728,0.6272,0.0000,87.12,SUCCESS
2025-12-22T13:26:49.444261+00:00,btc-updown-15m-1766409300,TRADE,DOWN,ACCUM,1,1,0.7300,0.7300,13,0.1477,13,0.8602,13,1.0079,-0.1028,0.00,-0.1028,-0.1028,0.0000,86.39,SUCCESS
2025-12-22T13:26:54.978033+00:00,btc-updown-15m-1766409300,TRADE,UP,ACCUM,1,1,0.2701,0.2701,14,0.1565,13,0.8602,13,1.0167,-0.2165,0.07,-0.3729,0.6271,0.0000,86.12,SUCCESS
2025-12-22T13:27:00.500936+00:00,btc-updown-15m-1766409300,TRADE,DOWN,ACCUM,1,1,0.8001,0.8001,14,0.1565,14,0.8559,14,1.0124,-0.1730,0.00,-0.1730,-0.1730,0.0000,85.32,SUCCESS
2025-12-22T13:27:05.946972+00:00,btc-updown-15m-1766409300,TRADE,UP,ACCUM,1,1,0.2299,0.2299,15,0.1614,14,0.8559,14,1.0173,-0.2416,0.07,-0.4030,0.5970,0.0000,85.09,SUCCESS
2025-12-22T13:27:11.456218+00:00,btc-updown-15m-1766409300,TRADE,DOWN,ACCUM,1,1,0.7300,0.7300,15,0.1614,15,0.8475,15,1.0089,-0.1330,0.00,-0.1330,-0.1330,0.0000,84.36,SUCCESS
2025-12-22T13:30:04.302253+00:00,btc-updown-15m-1766409300,RESOLUTION,DOWN,BINANCE_FALLBACK,30,30,1.0000,15.1330,15,0.1614,15,0.8475,15,1.0089,-0.1330,0.00,0.0000,0.0000,-0.1330,99.36,RESOLVED
2025-12-22T13:39:03.037723+00:00,btc-updown-15m-1766410200,TRADE,UP,ACCUM,1,1,0.0500,0.0500,1,0.0500,0,0.0000,0,0.0000,0.0000,1.00,-0.0500,0.9500,0.0000,99.31,SUCCESS
2025-12-22T13:39:08.475689+00:00,btc-updown-15m-1766410200,TRADE,DOWN,ACCUM,1,1,0.9502,0.9502,1,0.0500,1,0.9502,1,1.0002,-0.0002,0.00,-0.0002,-0.0002,0.0000,98.36,SUCCESS
2025-12-22T13:39:13.908741+00:00,btc-updown-15m-1766410200,TRADE,UP,ACCUM,1,1,0.0600,0.0600,2,0.0550,1,0.9502,1,1.0052,-0.0052,0.50,-0.0602,0.9398,0.0000,98.30,SUCCESS
2025-12-22T13:39:19.348876+00:00,btc-updown-15m-1766410200,TRADE,DOWN,ACCUM,1,1,0.9502,0.9502,2,0.0550,2,0.9502,2,1.0052,-0.0104,0.00,-0.0104,-0.0104,0.0000,97.35,SUCCESS
2025-12-22T13:39:24.749952+00:00,btc-updown-15m-1766410200,TRADE,UP,ACCUM,1,1,0.0800,0.0800,3,0.0633,2,0.9502,2,1.0135,-0.0271,0.33,-0.0904,0.9096,0.0000,97.27,SUCCESS
2025-12-22T13:39:30.203361+00:00,btc-updown-15m-1766410200,TRADE,DOWN,ACCUM,1,1,0.9504,0.9504,3,0.0633,3,0.9503,3,1.0136,-0.0408,0.00,-0.0408,-0.0408,0.0000,96.32,SUCCESS
2025-12-22T13:39:35.868187+00:00,btc-updown-15m-1766410200,TRADE,UP,ACCUM,1,1,0.0600,0.0600,4,0.0625,3,0.9503,3,1.0128,-0.0384,0.25,-0.1009,0.8991,0.0000,96.26,SUCCESS
2025-12-22T13:39:41.299853+00:00,btc-updown-15m-1766410200,TRADE,DOWN,ACCUM,1,1,0.9503,0.9503,4,0.0625,4,0.9503,4,1.0128,-0.0512,0.00,-0.0512,-0.0512,0.0000,95.31,SUCCESS
2025-12-22T13:39:46.733337+00:00,btc-updown-15m-1766410200,TRADE,UP,ACCUM,1,1,0.0500,0.0500,5,0.0600,4,0.9503,4,1.0103,-0.0412,0.20,-0.1012,0.8988,0.0000,95.26,SUCCESS
2025-12-22T13:45:04.120888+00:00,btc-updown-15m-1766410200,RESOLUTION,DOWN,BINANCE_FALLBACK,9,9,1.0000,4.1012,5,0.0600,4,0.9503,4,1.0103,-0.0412,0.20,0.0000,0.0000,-0.1012,99.26,RESOLVED
2025-12-22T13:54:07.595960+00:00,btc-updown-15m-1766411100,TRADE,DOWN,ACCUM,1,1,0.1201,0.1201,0,0.0000,1,0.1201,0,0.0000,0.0000,1.00,-0.1201,0.8799,0.0000,99.14,SUCCESS
2025-12-22T13:54:18.470728+00:00,btc-updown-15m-1766411100,TRADE,UP,ACCUM,1,1,0.9096,0.9096,1,0.9096,1,0.1201,1,1.0297,-0.0297,0.00,-0.0297,-0.0297,0.0000,98.23,SUCCESS
2025-12-22T13:54:23.892558+00:00,btc-updown-15m-1766411100,TRADE,DOWN,ACCUM,1,1,0.1801,0.1801,1,0.9096,2,0.1501,1,1.0597,-0.0597,0.50,-0.2097,0.7903,0.0000,98.05,SUCCESS
2025-12-22T13:54:29.321278+00:00,btc-updown-15m-1766411100,TRADE,UP,ACCUM,1,1,0.8401,0.8401,2,0.8749,2,0.1501,2,1.0249,-0.0499,0.00,-0.0499,-0.0499,0.0000,97.21,SUCCESS
2025-12-22T13:54:40.416141+00:00,btc-updown-15m-1766411100,TRADE,DOWN,ACCUM,1,1,0.1399,0.1399,2,0.8749,3,0.1467,2,1.0216,-0.0431,0.33,-0.1898,0.8102,0.0000,97.07,SUCCESS
2025-12-22T13:54:51.467979+00:00,btc-updown-15m-1766411100,TRADE,UP,ACCUM,1,1,0.9401,0.9401,3,0.8966,3,0.1467,3,1.0433,-0.1299,0.00,-0.1299,-0.1299,0.0000,96.13,SUCCESS
2025-12-22T13:54:56.886811+00:00,btc-updown-15m-1766411100,TRADE,DOWN,ACCUM,1,1,0.0800,0.0800,3,0.8966,4,0.1300,3,1.0266,-0.0799,0.25,-0.2099,0.7901,0.0000,96.05,SUCCESS
2025-12-22T14:00:01.851501+00:00,btc-updown-15m-1766411100,RESOLUTION,DOWN,BINANCE_FALLBACK,7,7,1.0000,3.2099,3,0.8966,4,0.1300,3,1.0266,-0.0799,0.25,0.0000,0.0000,0.7901,100.05,RESOLVED
2025-12-22T14:08:59.298829+00:00,btc-updown-15m-1766412000,TRADE,DOWN,ACCUM,1,1,0.1700,0.1700,0,0.0000,1,0.1700,0,0.0000,0.0000,1.00,-0.1700,0.8300,0.0000,99.88,SUCCESS
2025-12-22T14:09:04.693254+00:00,btc-updown-15m-1766412000,TRADE,UP,ACCUM,1,1,0.8501,0.8501,1,0.8501,1,0.1700,1,1.0202,-0.0202,0.00,-0.0202,-0.0202,0.0000,99.03,SUCCESS
2025-12-22T14:09:10.083528+00:00,btc-updown-15m-1766412000,TRADE,DOWN,ACCUM,1,1,0.1400,0.1400,1,0.8501,2,0.1550,1,1.0052,-0.0052,0.50,-0.1602,0.8398,0.0000,98.89,SUCCESS
2025-12-22T14:09:15.486328+00:00,btc-updown-15m-1766412000,TRADE,UP,ACCUM,1,1,0.8601,0.8601,2,0.8551,2,0.1550,2,1.0102,-0.0203,0.00,-0.0203,-0.0203,0.0000,98.03,SUCCESS
2025-12-22T14:09:20.896702+00:00,btc-updown-15m-1766412000,TRADE,DOWN,ACCUM,1,1,0.1401,0.1401,2,0.8551,3,0.1500,2,1.0052,-0.0104,0.33,-0.1604,0.8396,0.0000,97.89,SUCCESS
2025-12-22T14:09:26.305128+00:00,btc-updown-15m-1766412000,TRADE,UP,ACCUM,1,1,0.8703,0.8703,3,0.8602,3,0.1500,3,1.0102,-0.0307,0.00,-0.0307,-0.0307,0.0000,97.02,SUCCESS
2025-12-22T14:09:31.713830+00:00,btc-updown-15m-1766412000,TRADE,DOWN,ACCUM,1,1,0.2100,0.2100,3,0.8602,4,0.1650,3,1.0252,-0.0757,0.25,-0.2407,0.7593,0.0000,96.81,SUCCESS
2025-12-22T14:09:37.121718+00:00,btc-updown-15m-1766412000,TRADE,UP,ACCUM,1,1,0.7702,0.7702,4,0.8377,4,0.1650,4,1.0027,-0.0110,0.00,-0.0110,-0.0110,0.0000,96.04,SUCCESS
2025-12-22T14:09:42.557635+00:00,btc-updown-15m-1766412000,TRADE,DOWN,ACCUM,1,1,0.1900,0.1900,4,0.8377,5,0.1700,4,1.0077,-0.0309,0.20,-0.2010,0.7990,0.0000,95.85,SUCCESS
2025-12-22T14:09:53.423373+00:00,btc-updown-15m-1766412000,TRADE,UP,ACCUM,1,1,0.6703,0.6703,5,0.8042,5,0.1700,5,0.9743,0.1287,0.00,0.1287,0.1287,0.0000,95.18,SUCCESS
2025-12-22T14:10:04.275765+00:00,btc-updown-15m-1766412000,TRADE,DOWN,ACCUM,1,1,0.2301,0.2301,5,0.8042,6,0.1800,5,0.9843,0.0787,0.17,-0.1014,0.8986,0.0000,94.95,SUCCESS
2025-12-22T14:10:09.661897+00:00,btc-updown-15m-1766412000,TRADE,UP,ACCUM,1,1,0.7802,0.7802,6,0.8002,6,0.1800,6,0.9803,0.1185,0.00,0.1185,0.1185,0.0000,94.17,SUCCESS
2025-12-22T14:10:15.084559+00:00,btc-updown-15m-1766412000,TRADE,DOWN,ACCUM,1,1,0.1901,0.1901,6,0.8002,7,0.1815,6,0.9817,0.1098,0.14,-0.0716,0.9284,0.0000,93.98,SUCCESS
2025-12-22T14:10:26.178518+00:00,btc-updown-15m-1766412000,TRADE,UP,ACCUM,1,1,0.8304,0.8304,7,0.8045,7,0.1815,7,0.9860,0.0980,0.00,0.0980,0.0980,0.0000,93.15,SUCCESS
2025-12-22T14:10:31.597176+00:00,btc-updown-15m-1766412000,TRADE,DOWN,ACCUM,1,1,0.1900,0.1900,7,0.8045,8,0.1825,7,0.9871,0.0905,0.12,-0.0920,0.9080,0.0000,92.96,SUCCESS
2025-12-22T14:10:42.704578+00:00,btc-updown-15m-1766412000,TRADE,UP,ACCUM,1,1,0.8002,0.8002,8,0.8040,8,0.1825,8,0.9865,0.1077,0.00,0.1077,0.1077,0.0000,92.16,SUCCESS
2025-12-22T14:10:53.692603+00:00,btc-updown-15m-1766412000,TRADE,DOWN,ACCUM,1,1,0.2201,0.2201,8,0.8040,9,0.1867,8,0.9907,0.0743,0.11,-0.1124,0.8876,0.0000,91.94,SUCCESS
2025-12-22T14:11:04.522744+00:00,btc-updown-15m-1766412000,TRADE,UP,ACCUM,1,1,0.8001,0.8001,9,0.8036,9,0.1867,9,0.9903,0.0875,0.00,0.0875,0.0875,0.0000,91.14,SUCCESS
2025-12-22T14:11:10.069029+00:00,btc-updown-15m-1766412000,TRADE,DOWN,ACCUM,1,1,0.1700,0.1700,9,0.8036,10,0.1850,9,0.9886,0.1025,0.10,-0.0825,0.9175,0.0000,90.97,SUCCESS
2025-12-22T14:11:15.538994+00:00,btc-updown-15m-1766412000,TRADE,UP,ACCUM,1,1,0.8003,0.8003,10,0.8032,10,0.1850,10,0.9883,0.1172,0.00,0.1172,0.1172,0.0000,90.17,SUCCESS
2025-12-22T14:11:21.090879+00:00,btc-updown-15m-1766412000,TRADE,DOWN,ACCUM,1,1,0.2001,0.2001,10,0.8032,11,0.1864,10,0.9896,0.1036,0.09,-0.0828,0.9172,0.0000,89.97,SUCCESS
2025-12-22T14:11:31.875961+00:00,btc-updown-15m-1766412000,TRADE,UP,ACCUM,1,1,0.8603,0.8603,11,0.8084,11,0.1864,11,0.9948,0.0569,0.00,0.0569,0.0569,0.0000,89.11,SUCCESS
2025-12-22T14:11:37.374469+00:00,btc-updown-15m-1766412000,TRADE,DOWN,ACCUM,1,1,0.1501,0.1501,11,0.8084,12,0.1834,11,0.9918,0.0902,0.08,-0.0932,0.9068,0.0000,88.96,SUCCESS
2025-12-22T14:11:42.801887+00:00,btc-updown-15m-1766412000,TRADE,UP,ACCUM,1,1,0.8802,0.8802,12,0.8144,12,0.1834,12,0.9978,0.0266,0.00,0.0266,0.0266,0.0000,88.08,SUCCESS
2025-12-22T14:11:53.643968+00:00,btc-updown-15m-1766412000,TRADE,DOWN,ACCUM,1,1,0.1300,0.1300,12,0.8144,13,0.1793,12,0.9937,0.0759,0.08,-0.1034,0.8966,0.0000,87.95,SUCCESS
2025-12-22T14:11:59.159612+00:00,btc-updown-15m-1766412000,TRADE,UP,ACCUM,1,1,0.8798,0.8798,13,0.8194,13,0.1793,13,0.9987,0.0168,0.00,0.0168,0.0168,0.0000,87.07,SUCCESS
2025-12-22T14:12:10.104918+00:00,btc-updown-15m-1766412000,TRADE,DOWN,ACCUM,1,1,0.1200,0.1200,13,0.8194,14,0.1750,13,0.9945,0.0718,0.07,-0.1033,0.8967,0.0000,86.95,SUCCESS
2025-12-22T14:12:20.933458+00:00,btc-updown-15m-1766412000,TRADE,UP,ACCUM,1,1,0.9304,0.9304,14,0.8274,14,0.1750,14,1.0024,-0.0337,0.00,-0.0337,-0.0337,0.0000,86.02,SUCCESS
2025-12-22T14:12:26.329638+00:00,btc-updown-15m-1766412000,TRADE,DOWN,ACCUM,1,1,0.0800,0.0800,14,0.8274,15,0.1687,14,0.9961,0.0550,0.07,-0.1137,0.8863,0.0000,85.94,SUCCESS
2025-12-22T14:12:31.728593+00:00,btc-updown-15m-1766412000,TRADE,UP,ACCUM,1,1,0.9199,0.9199,15,0.8335,15,0.1687,15,1.0022,-0.0336,0.00,-0.0336,-0.0336,0.0000,85.02,SUCCESS
2025-12-22T14:15:03.179379+00:00,btc-updown-15m-1766412000,RESOLUTION,DOWN,BINANCE_FALLBACK,30,30,1.0000,15.0336,15,0.8335,15,0.1687,15,1.0022,-0.0336,0.00,0.0000,0.0000,-0.0336,100.02,RESOLVED
2025-12-22T14:23:54.706052+00:00,btc-updown-15m-1766412900,TRADE,DOWN,ACCUM,1,1,0.1200,0.1200,0,0.0000,1,0.1200,0,0.0000,0.0000,1.00,-0.1200,0.8800,0.0000,99.90,SUCCESS
2025-12-22T14:24:00.156980+00:00,btc-updown-15m-1766412900,TRADE,UP,ACCUM,1,1,0.8904,0.8904,1,0.8904,1,0.1200,1,1.0104,-0.0104,0.00,-0.0104,-0.0104,0.0000,99.01,SUCCESS
2025-12-22T14:24:05.617199+00:00,btc-updown-15m-1766412900,TRADE,DOWN,ACCUM,1,1,0.1000,0.1000,1,0.8904,2,0.1100,1,1.0004,-0.0004,0.50,-0.1105,0.8895,0.0000,98.91,SUCCESS
2025-12-22T14:24:11.038943+00:00,btc-updown-15m-1766412900,TRADE,UP,ACCUM,1,1,0.9002,0.9002,2,0.8953,2,0.1100,2,1.0053,-0.0107,0.00,-0.0107,-0.0107,0.0000,98.01,SUCCESS
2025-12-22T14:24:16.631647+00:00,btc-updown-15m-1766412900,TRADE,DOWN,ACCUM,1,1,0.1201,0.1201,2,0.8953,3,0.1134,2,1.0087,-0.0173,0.33,-0.1307,0.8693,0.0000,97.89,SUCCESS
2025-12-22T14:24:22.208577+00:00,btc-updown-15m-1766412900,TRADE,UP,ACCUM,1,1,0.8497,0.8497,3,0.8801,3,0.1134,3,0.9935,0.0196,0.00,0.0196,0.0196,0.0000,97.04,SUCCESS
2025-12-22T14:24:33.168069+00:00,btc-updown-15m-1766412900,TRADE,DOWN,ACCUM,1,1,0.2001,0.2001,3,0.8801,4,0.1351,3,1.0151,-0.0454,0.25,-0.1805,0.8195,0.0000,96.84,SUCCESS
2025-12-22T14:24:38.611867+00:00,btc-updown-15m-1766412900,TRADE,UP,ACCUM,1,1,0.8101,0.8101,4,0.8626,4,0.1351,4,0.9976,0.0094,0.00,0.0094,0.0094,0.0000,96.03,SUCCESS
2025-12-22T14:24:44.026690+00:00,btc-updown-15m-1766412900,TRADE,DOWN,ACCUM,1,1,0.2800,0.2800,4,0.8626,5,0.1640,4,1.0266,-0.1065,0.20,-0.2706,0.7294,0.0000,95.75,SUCCESS
2025-12-22T14:24:49.456527+00:00,btc-updown-15m-1766412900,TRADE,UP,ACCUM,1,1,0.5500,0.5500,5,0.8001,5,0.1640,5,0.9641,0.1794,0.00,0.1794,0.1794,0.0000,95.20,SUCCESS
2025-12-22T14:24:54.902102+00:00,btc-updown-15m-1766412900,TRADE,DOWN,ACCUM,1,1,0.4500,0.4500,5,0.8001,6,0.2117,5,1.0118,-0.0589,0.17,-0.2706,0.7294,0.0000,94.75,SUCCESS
2025-12-22T14:25:00.329061+00:00,btc-updown-15m-1766412900,TRADE,UP,ACCUM,1,1,0.4901,0.4901,6,0.7484,6,0.2117,6,0.9601,0.2393,0.00,0.2393,0.2393,0.0000,94.26,SUCCESS
2025-12-22T14:25:05.882447+00:00,btc-updown-15m-1766412900,TRADE,DOWN,ACCUM,1,1,0.4201,0.4201,6,0.7484,7,0.2415,6,0.9899,0.0606,0.14,-0.1809,0.8191,0.0000,93.84,SUCCESS
2025-12-22T14:25:11.283922+00:00,btc-updown-15m-1766412900,TRADE,UP,ACCUM,1,1,0.6102,0.6102,7,0.7287,7,0.2415,7,0.9702,0.2089,0.00,0.2089,0.2089,0.0000,93.23,SUCCESS
2025-12-22T14:25:16.690540+00:00,btc-updown-15m-1766412900,TRADE,DOWN,ACCUM,1,1,0.3801,0.3801,7,0.7287,8,0.2588,7,0.9875,0.0876,0.12,-0.1712,0.8288,0.0000,92.85,SUCCESS
2025-12-22T14:25:27.664620+00:00,btc-updown-15m-1766412900,TRADE,UP,ACCUM,1,1,0.6099,0.6099,8,0.7138,8,0.2588,8,0.9726,0.2190,0.00,0.2190,0.2190,0.0000,92.24,SUCCESS
2025-12-22T14:25:43.927793+00:00,btc-updown-15m-1766412900,TRADE,DOWN,ACCUM,1,1,0.4502,0.4502,8,0.7138,9,0.2801,8,0.9939,0.0489,0.11,-0.2312,0.7688,0.0000,91.79,SUCCESS
2025-12-22T14:25:49.332452+00:00,btc-updown-15m-1766412900,TRADE,UP,ACCUM,1,1,0.5500,0.5500,9,0.6956,9,0.2801,9,0.9757,0.2188,0.00,0.2188,0.2188,0.0000,91.24,SUCCESS
2025-12-22T14:26:00.196228+00:00,btc-updown-15m-1766412900,TRADE,DOWN,ACCUM,1,1,0.4602,0.4602,9,0.6956,10,0.2981,9,0.9937,0.0567,0.10,-0.2414,0.7586,0.0000,90.78,SUCCESS
2025-12-22T14:26:05.755218+00:00,btc-updown-15m-1766412900,TRADE,UP,ACCUM,1,1,0.6102,0.6102,10,0.6871,10,0.2981,10,0.9852,0.1483,0.00,0.1483,0.1483,0.0000,90.17,SUCCESS
2025-12-22T14:26:11.273947+00:00,btc-updown-15m-1766412900,TRADE,DOWN,ACCUM,1,1,0.4001,0.4001,10,0.6871,11,0.3074,10,0.9944,0.0556,0.09,-0.2517,0.7483,0.0000,89.77,SUCCESS
2025-12-22T14:26:16.688894+00:00,btc-updown-15m-1766412900,TRADE,UP,ACCUM,1,1,0.6002,0.6002,11,0.6792,11,0.3074,11,0.9865,0.1481,0.00,0.1481,0.1481,0.0000,89.17,SUCCESS
2025-12-22T14:26:22.261780+00:00,btc-updown-15m-1766412900,TRADE,DOWN,ACCUM,1,1,0.4101,0.4101,11,0.6792,12,0.3159,11,0.9951,0.0539,0.08,-0.2620,0.7380,0.0000,88.76,SUCCESS
2025-12-22T14:26:27.673425+00:00,btc-updown-15m-1766412900,TRADE,UP,ACCUM,1,1,0.6300,0.6300,12,0.6751,12,0.3159,12,0.9910,0.1080,0.00,0.1080,0.1080,0.0000,88.13,SUCCESS
2025-12-22T14:26:38.518693+00:00,btc-updown-15m-1766412900,TRADE,DOWN,ACCUM,1,1,0.4501,0.4501,12,0.6751,13,0.3262,12,1.0013,-0.0159,0.08,-0.3421,0.6579,0.0000,87.68,SUCCESS
2025-12-22T14:26:49.394688+00:00,btc-updown-15m-1766412900,TRADE,UP,ACCUM,1,1,0.6201,0.6201,13,0.6709,13,0.3262,13,0.9971,0.0378,0.00,0.0378,0.0378,0.0000,87.06,SUCCESS
2025-12-22T14:26:54.868751+00:00,btc-updown-15m-1766412900,TRADE,DOWN,ACCUM,1,1,0.3900,0.3900,13,0.6709,14,0.3308,13,1.0016,-0.0214,0.07,-0.3522,0.6478,0.0000,86.67,SUCCESS
2025-12-22T14:27:05.709991+00:00,btc-updown-15m-1766412900,TRADE,UP,ACCUM,1,1,0.7902,0.7902,14,0.6794,14,0.3308,14,1.0102,-0.1425,0.00,-0.1425,-0.1425,0.0000,85.88,SUCCESS
2025-12-22T14:27:11.187018+00:00,btc-updown-15m-1766412900,TRADE,DOWN,ACCUM,1,1,0.2801,0.2801,14,0.6794,15,0.3274,14,1.0068,-0.0952,0.07,-0.4226,0.5774,0.0000,85.60,SUCCESS
2025-12-22T14:27:16.653296+00:00,btc-updown-15m-1766412900,TRADE,UP,ACCUM,1,1,0.7402,0.7402,15,0.6834,15,0.3274,15,1.0109,-0.1628,0.00,-0.1628,-0.1628,0.0000,84.86,SUCCESS
2025-12-22T14:30:01.367049+00:00,btc-updown-15m-1766412900,RESOLUTION,DOWN,BINANCE_FALLBACK,30,30,1.0000,15.1628,15,0.6834,15,0.3274,15,1.0109,-0.1628,0.00,0.0000,0.0000,-0.1628,99.86,RESOLVED
2025-12-22T14:38:55.007382+00:00,btc-updown-15m-1766413800,TRADE,UP,ACCUM,1,1,0.0600,0.0600,1,0.0600,0,0.0000,0,0.0000,0.0000,1.00,-0.0600,0.9400,0.0000,99.80,SUCCESS
2025-12-22T14:39:34.232876+00:00,btc-updown-15m-1766413800,TRADE,DOWN,ACCUM,1,1,0.9503,0.9503,1,0.0600,1,0.9503,1,1.0103,-0.0103,0.00,-0.0103,-0.0103,0.0000,98.85,SUCCESS
2025-12-22T14:39:45.319452+00:00,btc-updown-15m-1766413800,TRADE,UP,ACCUM,1,1,0.0600,0.0600,2,0.0600,1,0.9503,1,1.0103,-0.0103,0.50,-0.0703,0.9297,0.0000,98.79,SUCCESS
2025-12-22T14:39:50.939346+00:00,btc-updown-15m-1766413800,TRADE,DOWN,ACCUM,1,1,0.9403,0.9403,2,0.0600,2,0.9453,2,1.0053,-0.0106,0.00,-0.0106,-0.0106,0.0000,97.85,SUCCESS
2025-12-22T14:39:56.478009+00:00,btc-updown-15m-1766413800,TRADE,UP,ACCUM,1,1,0.0600,0.0600,3,0.0600,2,0.9453,2,1.0053,-0.0106,0.33,-0.0706,0.9294,0.0000,97.79,SUCCESS
2025-12-22T14:40:02.096361+00:00,btc-updown-15m-1766413800,TRADE,DOWN,ACCUM,1,1,0.9402,0.9402,3,0.0600,3,0.9436,3,1.0036,-0.0108,0.00,-0.0108,-0.0108,0.0000,96.85,SUCCESS
2025-12-22T14:40:18.674232+00:00,btc-updown-15m-1766413800,TRADE,UP,ACCUM,1,1,0.0600,0.0600,4,0.0600,3,0.9436,3,1.0036,-0.0108,0.25,-0.0708,0.9292,0.0000,96.79,SUCCESS
2025-12-22T14:40:29.801203+00:00,btc-updown-15m-1766413800,TRADE,DOWN,ACCUM,1,1,0.9400,0.9400,4,0.0600,4,0.9427,4,1.0027,-0.0108,0.00,-0.0108,-0.0108,0.0000,95.85,SUCCESS
2025-12-22T14:40:35.301034+00:00,btc-updown-15m-1766413800,TRADE,UP,ACCUM,1,1,0.0600,0.0600,5,0.0600,4,0.9427,4,1.0027,-0.0108,0.20,-0.0708,0.9292,0.0000,95.79,SUCCESS
2025-12-22T14:45:05.363452+00:00,btc-updown-15m-1766413800,RESOLUTION,DOWN,BINANCE_FALLBACK,9,9,1.0000,4.0708,5,0.0600,4,0.9427,4,1.0027,-0.0108,0.20,0.0000,0.0000,-0.0708,99.79,RESOLVED
2025-12-22T14:54:02.156986+00:00,btc-updown-15m-1766414700,TRADE,DOWN,ACCUM,1,1,0.0900,0.0900,0,0.0000,1,0.0900,0,0.0000,0.0000,1.00,-0.0900,0.9100,0.0000,99.70,SUCCESS
2025-12-22T14:54:07.596369+00:00,btc-updown-15m-1766414700,TRADE,UP,ACCUM,1,1,0.9103,0.9103,1,0.9103,1,0.0900,1,1.0003,-0.0003,0.00,-0.0003,-0.0003,0.0000,98.78,SUCCESS
2025-12-22T14:54:13.014503+00:00,btc-updown-15m-1766414700,TRADE,DOWN,ACCUM,1,1,0.0900,0.0900,1,0.9103,2,0.0900,1,1.0003,-0.0003,0.50,-0.0903,0.9097,0.0000,98.69,SUCCESS
2025-12-22T14:54:18.397546+00:00,btc-updown-15m-1766414700,TRADE,UP,ACCUM,1,1,0.9301,0.9301,2,0.9202,2,0.0900,2,1.0102,-0.0205,0.00,-0.0205,-0.0205,0.0000,97.76,SUCCESS
2025-12-22T14:54:23.769713+00:00,btc-updown-15m-1766414700,TRADE,DOWN,ACCUM,1,1,0.0800,0.0800,2,0.9202,3,0.0867,2,1.0069,-0.0138,0.33,-0.1005,0.8995,0.0000,97.68,SUCCESS
2025-12-22T14:56:01.899734+00:00,btc-updown-15m-1766414700,TRADE,UP,ACCUM,1,1,0.9503,0.9503,3,0.9303,3,0.0867,3,1.0169,-0.0508,0.00,-0.0508,-0.0508,0.0000,96.73,SUCCESS
2025-12-22T14:56:18.378626+00:00,btc-updown-15m-1766414700,TRADE,DOWN,ACCUM,1,1,0.0300,0.0300,3,0.9303,4,0.0725,3,1.0028,-0.0083,0.25,-0.0808,0.9192,0.0000,96.70,SUCCESS
2025-12-22T15:00:02.382106+00:00,btc-updown-15m-1766414700,RESOLUTION,DOWN,BINANCE_FALLBACK,7,7,1.0000,3.0808,3,0.9303,4,0.0725,3,1.0028,-0.0083,0.25,0.0000,0.0000,0.9192,100.70,RESOLVED
2025-12-22T15:08:55.783506+00:00,btc-updown-15m-1766415600,TRADE,DOWN,ACCUM,1,1,0.4301,0.4301,0,0.0000,1,0.4301,0,0.0000,0.0000,1.00,-0.4301,0.5699,0.0000,100.27,SUCCESS
2025-12-22T15:09:01.214542+00:00,btc-updown-15m-1766415600,TRADE,UP,ACCUM,1,1,0.6201,0.6201,1,0.6201,1,0.4301,1,1.0502,-0.0502,0.00,-0.0502,-0.0502,0.0000,99.65,SUCCESS
2025-12-22T15:09:06.628316+00:00,btc-updown-15m-1766415600,TRADE,DOWN,ACCUM,1,1,0.3800,0.3800,1,0.6201,2,0.4051,1,1.0252,-0.0252,0.50,-0.4302,0.5698,0.0000,99.27,SUCCESS
2025-12-22T15:09:12.027761+00:00,btc-updown-15m-1766415600,TRADE,UP,ACCUM,1,1,0.6500,0.6500,2,0.6351,2,0.4051,2,1.0401,-0.0803,0.00,-0.0803,-0.0803,0.0000,98.62,SUCCESS
2025-12-22T15:09:17.525377+00:00,btc-updown-15m-1766415600,TRADE,DOWN,ACCUM,1,1,0.3200,0.3200,2,0.6351,3,0.3767,2,1.0118,-0.0236,0.33,-0.4003,0.5997,0.0000,98.30,SUCCESS
2025-12-22T15:09:22.935884+00:00,btc-updown-15m-1766415600,TRADE,UP,ACCUM,1,1,0.6701,0.6701,3,0.6467,3,0.3767,3,1.0235,-0.0704,0.00,-0.0704,-0.0704,0.0000,97.63,SUCCESS
2025-12-22T15:09:28.462985+00:00,btc-updown-15m-1766415600,TRADE,DOWN,ACCUM,1,1,0.3401,0.3401,3,0.6467,4,0.3676,3,1.0143,-0.0429,0.25,-0.4105,0.5895,0.0000,97.29,SUCCESS
2025-12-22T15:09:33.879460+00:00,btc-updown-15m-1766415600,TRADE,UP,ACCUM,1,1,0.6902,0.6902,4,0.6576,4,0.3676,4,1.0252,-0.1007,0.00,-0.1007,-0.1007,0.0000,96.60,SUCCESS
2025-12-22T15:09:39.305773+00:00,btc-updown-15m-1766415600,TRADE,DOWN,ACCUM,1,1,0.3201,0.3201,4,0.6576,5,0.3581,4,1.0157,-0.0627,0.20,-0.4208,0.5792,0.0000,96.28,SUCCESS
2025-12-22T15:09:44.709015+00:00,btc-updown-15m-1766415600,TRADE,UP,ACCUM,1,1,0.6903,0.6903,5,0.6642,5,0.3581,5,1.0222,-0.1111,0.00,-0.1111,-0.1111,0.0000,95.59,SUCCESS
2025-12-22T15:09:50.140075+00:00,btc-updown-15m-1766415600,TRADE,DOWN,ACCUM,1,1,0.3402,0.3402,5,0.6642,6,0.3551,5,1.0192,-0.0962,0.17,-0.4513,0.5487,0.0000,95.25,SUCCESS
2025-12-22T15:09:55.549689+00:00,btc-updown-15m-1766415600,TRADE,UP,ACCUM,1,1,0.6602,0.6602,6,0.6635,6,0.3551,6,1.0186,-0.1115,0.00,-0.1115,-0.1115,0.0000,94.59,SUCCESS
2025-12-22T15:10:00.986829+00:00,btc-updown-15m-1766415600,TRADE,DOWN,ACCUM,1,1,0.3201,0.3201,6,0.6635,7,0.3501,6,1.0136,-0.0815,0.14,-0.4316,0.5684,0.0000,94.27,SUCCESS
2025-12-22T15:10:06.396969+00:00,btc-updown-15m-1766415600,TRADE,UP,ACCUM,1,1,0.7402,0.7402,7,0.6745,7,0.3501,7,1.0245,-0.1718,0.00,-0.1718,-0.1718,0.0000,93.53,SUCCESS
2025-12-22T15:10:11.805976+00:00,btc-updown-15m-1766415600,TRADE,DOWN,ACCUM,1,1,0.1800,0.1800,7,0.6745,8,0.3288,7,1.0033,-0.0230,0.12,-0.3518,0.6482,0.0000,93.35,SUCCESS
2025-12-22T15:10:17.204549+00:00,btc-updown-15m-1766415600,TRADE,UP,ACCUM,1,1,0.9100,0.9100,8,0.7039,8,0.3288,8,1.0327,-0.2618,0.00,-0.2618,-0.2618,0.0000,92.44,SUCCESS
2025-12-22T15:10:28.176973+00:00,btc-updown-15m-1766415600,TRADE,DOWN,ACCUM,1,1,0.1000,0.1000,8,0.7039,9,0.3034,8,1.0073,-0.0584,0.11,-0.3618,0.6382,0.0000,92.34,SUCCESS
2025-12-22T15:10:33.602351+00:00,btc-updown-15m-1766415600,TRADE,UP,ACCUM,1,1,0.8902,0.8902,9,0.7246,9,0.3034,9,1.0280,-0.2520,0.00,-0.2520,-0.2520,0.0000,91.45,SUCCESS
2025-12-22T15:10:39.147101+00:00,btc-updown-15m-1766415600,TRADE,DOWN,ACCUM,1,1,0.1200,0.1200,9,0.7246,10,0.2851,9,1.0097,-0.0870,0.10,-0.3720,0.6280,0.0000,91.33,SUCCESS
2025-12-22T15:10:50.075007+00:00,btc-updown-15m-1766415600,TRADE,UP,ACCUM,1,1,0.9001,0.9001,10,0.7422,10,0.2851,10,1.0272,-0.2722,0.00,-0.2722,-0.2722,0.0000,90.43,SUCCESS
2025-12-22T15:10:55.515634+00:00,btc-updown-15m-1766415600,TRADE,DOWN,ACCUM,1,1,0.1301,0.1301,10,0.7422,11,0.2710,10,1.0131,-0.1313,0.09,-0.4022,0.5978,0.0000,90.30,SUCCESS
2025-12-22T15:11:06.476820+00:00,btc-updown-15m-1766415600,TRADE,UP,ACCUM,1,1,0.7400,0.7400,11,0.7420,11,0.2710,11,1.0129,-0.1423,0.00,-0.1423,-0.1423,0.0000,89.56,SUCCESS
2025-12-22T15:11:12.050367+00:00,btc-updown-15m-1766415600,TRADE,DOWN,ACCUM,1,1,0.2801,0.2801,11,0.7420,12,0.2717,11,1.0137,-0.1506,0.08,-0.4223,0.5777,0.0000,89.28,SUCCESS
2025-12-22T15:11:17.618364+00:00,btc-updown-15m-1766415600,TRADE,UP,ACCUM,1,1,0.6102,0.6102,12,0.7310,12,0.2717,12,1.0027,-0.0325,0.00,-0.0325,-0.0325,0.0000,88.67,SUCCESS
2025-12-22T15:11:28.585817+00:00,btc-updown-15m-1766415600,TRADE,DOWN,ACCUM,1,1,0.3402,0.3402,12,0.7310,13,0.2770,12,1.0080,-0.0957,0.08,-0.3727,0.6273,0.0000,88.33,SUCCESS
2025-12-22T15:11:34.018313+00:00,btc-updown-15m-1766415600,TRADE,UP,ACCUM,1,1,0.6501,0.6501,13,0.7248,13,0.2770,13,1.0018,-0.0228,0.00,-0.0228,-0.0228,0.0000,87.68,SUCCESS
2025-12-22T15:11:44.816395+00:00,btc-updown-15m-1766415600,TRADE,DOWN,ACCUM,1,1,0.4400,0.4400,13,0.7248,14,0.2886,13,1.0134,-0.1742,0.07,-0.4629,0.5371,0.0000,87.24,SUCCESS
2025-12-22T15:11:50.211894+00:00,btc-updown-15m-1766415600,TRADE,UP,ACCUM,1,1,0.5402,0.5402,14,0.7116,14,0.2886,14,1.0002,-0.0031,0.00,-0.0031,-0.0031,0.0000,86.70,SUCCESS
2025-12-22T15:12:01.148177+00:00,btc-updown-15m-1766415600,TRADE,DOWN,ACCUM,1,1,0.3901,0.3901,14,0.7116,15,0.2954,14,1.0070,-0.0978,0.07,-0.3932,0.6068,0.0000,86.31,SUCCESS
2025-12-22T15:12:06.589266+00:00,btc-updown-15m-1766415600,TRADE,UP,ACCUM,1,1,0.5198,0.5198,15,0.6988,15,0.2954,15,0.9942,0.0870,0.00,0.0870,0.0870,0.0000,85.79,SUCCESS
2025-12-22T15:15:03.754685+00:00,btc-updown-15m-1766415600,RESOLUTION,DOWN,BINANCE_FALLBACK,30,30,1.0000,14.9130,15,0.6988,15,0.2954,15,0.9942,0.0870,0.00,0.0000,0.0000,0.0870,100.79,RESOLVED
2025-12-22T15:23:54.060377+00:00,btc-updown-15m-1766416500,TRADE,UP,ACCUM,1,1,0.2901,0.2901,1,0.2901,0,0.0000,0,0.0000,0.0000,1.00,-0.2901,0.7099,0.0000,100.50,SUCCESS
2025-12-22T15:23:59.468079+00:00,btc-updown-15m-1766416500,TRADE,DOWN,ACCUM,1,1,0.7298,0.7298,1,0.2901,1,0.7298,1,1.0199,-0.0199,0.00,-0.0199,-0.0199,0.0000,99.77,SUCCESS
2025-12-22T15:24:04.871812+00:00,btc-updown-15m-1766416500,TRADE,UP,ACCUM,1,1,0.2901,0.2901,2,0.2901,1,0.7298,1,1.0199,-0.0199,0.50,-0.3100,0.6900,0.0000,99.48,SUCCESS
2025-12-22T15:24:15.636422+00:00,btc-updown-15m-1766416500,TRADE,DOWN,ACCUM,1,1,0.8300,0.8300,2,0.2901,2,0.7799,2,1.0700,-0.1400,0.00,-0.1400,-0.1400,0.0000,98.65,SUCCESS
2025-12-22T15:24:21.077945+00:00,btc-updown-15m-1766416500,TRADE,UP,ACCUM,1,1,0.3001,0.3001,3,0.2934,2,0.7799,2,1.0733,-0.1466,0.33,-0.4401,0.5599,0.0000,98.35,SUCCESS
2025-12-22T15:24:26.465570+00:00,btc-updown-15m-1766416500,TRADE,DOWN,ACCUM,1,1,0.7300,0.7300,3,0.2934,3,0.7633,3,1.0567,-0.1701,0.00,-0.1701,-0.1701,0.0000,97.62,SUCCESS
2025-12-22T15:24:32.037556+00:00,btc-updown-15m-1766416500,TRADE,UP,ACCUM,1,1,0.3902,0.3902,4,0.3176,3,0.7633,3,1.0809,-0.2427,0.25,-0.5603,0.4397,0.0000,97.23,SUCCESS
2025-12-22T15:24:37.442149+00:00,btc-updown-15m-1766416500,TRADE,DOWN,ACCUM,1,1,0.6002,0.6002,4,0.3176,4,0.7225,4,1.0401,-0.1604,0.00,-0.1604,-0.1604,0.0000,96.63,SUCCESS
2025-12-22T15:24:42.817891+00:00,btc-updown-15m-1766416500,TRADE,UP,ACCUM,1,1,0.4101,0.4101,5,0.3361,4,0.7225,4,1.0586,-0.2344,0.20,-0.5706,0.4294,0.0000,96.22,SUCCESS
2025-12-22T15:24:48.226808+00:00,btc-updown-15m-1766416500,TRADE,DOWN,ACCUM,1,1,0.5901,0.5901,5,0.3361,5,0.6960,5,1.0321,-0.1607,0.00,-0.1607,-0.1607,0.0000,95.63,SUCCESS
2025-12-22T15:24:53.631911+00:00,btc-updown-15m-1766416500,TRADE,UP,ACCUM,1,1,0.4300,0.4300,6,0.3518,5,0.6960,5,1.0478,-0.2389,0.17,-0.5907,0.4093,0.0000,95.20,SUCCESS
2025-12-22T15:25:04.486694+00:00,btc-updown-15m-1766416500,TRADE,DOWN,ACCUM,1,1,0.5200,0.5200,6,0.3518,6,0.6667,6,1.0185,-0.1107,0.00,-0.1107,-0.1107,0.0000,94.68,SUCCESS
2025-12-22T15:25:09.879601+00:00,btc-updown-15m-1766416500,TRADE,DOWN,ACCUM,1,1,0.4501,0.4501,6,0.3518,7,0.6357,6,0.9875,0.0749,0.14,-0.5609,0.4391,0.0000,94.23,SUCCESS
2025-12-22T15:25:15.302814+00:00,btc-updown-15m-1766416500,TRADE,UP,ACCUM,1,1,0.5400,0.5400,7,0.3787,7,0.6357,7,1.0144,-0.1009,0.00,-0.1009,-0.1009,0.0000,93.69,SUCCESS
2025-12-22T15:25:20.696390+00:00,btc-updown-15m-1766416500,TRADE,UP,ACCUM,1,1,0.4802,0.4802,8,0.3914,7,0.6357,7,1.0271,-0.1897,0.12,-0.5811,0.4189,0.0000,93.21,SUCCESS
2025-12-22T15:25:26.120722+00:00,btc-updown-15m-1766416500,TRADE,DOWN,ACCUM,1,1,0.4800,0.4800,8,0.3914,8,0.6163,8,1.0076,-0.0611,0.00,-0.0611,-0.0611,0.0000,92.73,SUCCESS
2025-12-22T15:25:42.402541+00:00,btc-updown-15m-1766416500,TRADE,UP,ACCUM,1,1,0.4800,0.4800,9,0.4012,8,0.6163,8,1.0175,-0.1399,0.11,-0.5411,0.4589,0.0000,92.25,SUCCESS
2025-12-22T15:25:47.828718+00:00,btc-updown-15m-1766416500,TRADE,DOWN,ACCUM,1,1,0.4502,0.4502,9,0.4012,9,0.5978,9,0.9990,0.0087,0.00,0.0087,0.0087,0.0000,91.80,SUCCESS
2025-12-22T15:25:58.642856+00:00,btc-updown-15m-1766416500,TRADE,DOWN,ACCUM,1,1,0.3701,0.3701,9,0.4012,10,0.5750,9,0.9763,0.2137,0.10,-0.3614,0.6386,0.0000,91.43,SUCCESS
2025-12-22T15:26:04.032506+00:00,btc-updown-15m-1766416500,TRADE,UP,ACCUM,1,1,0.4900,0.4900,10,0.4101,10,0.5750,10,0.9851,0.1486,0.00,0.1486,0.1486,0.0000,90.94,SUCCESS
2025-12-22T15:26:14.858076+00:00,btc-updown-15m-1766416500,TRADE,UP,ACCUM,1,1,0.4099,0.4099,11,0.4101,10,0.5750,10,0.9851,0.1488,0.09,-0.2613,0.7387,0.0000,90.53,SUCCESS
2025-12-22T15:26:20.234624+00:00,btc-updown-15m-1766416500,TRADE,DOWN,ACCUM,1,1,0.5900,0.5900,11,0.4101,11,0.5764,11,0.9865,0.1487,0.00,0.1487,0.1487,0.0000,89.94,SUCCESS
2025-12-22T15:26:25.626778+00:00,btc-updown-15m-1766416500,TRADE,UP,ACCUM,1,1,0.3700,0.3700,12,0.4067,11,0.5764,11,0.9831,0.1855,0.08,-0.2213,0.7787,0.0000,89.57,SUCCESS
2025-12-22T15:26:31.022132+00:00,btc-updown-15m-1766416500,TRADE,DOWN,ACCUM,1,1,0.6701,0.6701,12,0.4067,12,0.5842,12,0.9909,0.1086,0.00,0.1086,0.1086,0.0000,88.90,SUCCESS
2025-12-22T15:26:36.589560+00:00,btc-updown-15m-1766416500,TRADE,UP,ACCUM,1,1,0.3100,0.3100,13,0.3993,12,0.5842,12,0.9835,0.1979,0.08,-0.2014,0.7986,0.0000,88.59,SUCCESS
2025-12-22T15:26:41.980462+00:00,btc-updown-15m-1766416500,TRADE,DOWN,ACCUM,1,1,0.7601,0.7601,13,0.3993,13,0.5977,13,0.9970,0.0385,0.00,0.0385,0.0385,0.0000,87.83,SUCCESS
2025-12-22T15:26:52.793877+00:00,btc-updown-15m-1766416500,TRADE,UP,ACCUM,1,1,0.2800,0.2800,14,0.3908,13,0.5977,13,0.9885,0.1493,0.07,-0.2415,0.7585,0.0000,87.55,SUCCESS
2025-12-22T15:27:04.064127+00:00,btc-updown-15m-1766416500,TRADE,DOWN,ACCUM,1,1,0.7202,0.7202,14,0.3908,14,0.6065,14,0.9973,0.0384,0.00,0.0384,0.0384,0.0000,86.83,SUCCESS
2025-12-22T15:27:09.500561+00:00,btc-updown-15m-1766416500,TRADE,UP,ACCUM,1,1,0.2701,0.2701,15,0.3827,14,0.6065,14,0.9892,0.1510,0.07,-0.2317,0.7683,0.0000,86.56,SUCCESS
2025-12-22T15:27:14.914342+00:00,btc-updown-15m-1766416500,TRADE,DOWN,ACCUM,1,1,0.5802,0.5802,15,0.3827,15,0.6047,15,0.9875,0.1881,0.00,0.1881,0.1881,0.0000,85.98,SUCCESS
2025-12-22T15:30:02.311749+00:00,btc-updown-15m-1766416500,RESOLUTION,DOWN,BINANCE_FALLBACK,30,30,1.0000,14.8119,15,0.3827,15,0.6047,15,0.9875,0.1881,0.00,0.0000,0.0000,0.1881,100.98,RESOLVED
2025-12-22T15:38:55.374326+00:00,btc-updown-15m-1766417400,TRADE,UP,ACCUM,1,1,0.1401,0.1401,1,0.1401,0,0.0000,0,0.0000,0.0000,1.00,-0.1401,0.8599,0.0000,100.84,SUCCESS
2025-12-22T15:39:00.820368+00:00,btc-updown-15m-1766417400,TRADE,DOWN,ACCUM,1,1,0.8503,0.8503,1,0.1401,1,0.8503,1,0.9903,0.0097,0.00,0.0097,0.0097,0.0000,99.99,SUCCESS
2025-12-22T15:39:11.748844+00:00,btc-updown-15m-1766417400,TRADE,UP,ACCUM,1,1,0.1200,0.1200,2,0.1300,1,0.8503,1,0.9803,0.0197,0.50,-0.1104,0.8896,0.0000,99.87,SUCCESS
2025-12-22T15:39:17.180918+00:00,btc-updown-15m-1766417400,TRADE,DOWN,ACCUM,1,1,0.8501,0.8501,2,0.1300,2,0.8502,2,0.9802,0.0395,0.00,0.0395,0.0395,0.0000,99.02,SUCCESS
2025-12-22T15:39:22.797220+00:00,btc-updown-15m-1766417400,TRADE,UP,ACCUM,1,1,0.1400,0.1400,3,0.1334,2,0.8502,2,0.9836,0.0329,0.33,-0.1005,0.8995,0.0000,98.88,SUCCESS
2025-12-22T15:39:28.214441+00:00,btc-updown-15m-1766417400,TRADE,DOWN,ACCUM,1,1,0.8904,0.8904,3,0.1334,3,0.8636,3,0.9970,0.0091,0.00,0.0091,0.0091,0.0000,97.99,SUCCESS
2025-12-22T15:39:33.721385+00:00,btc-updown-15m-1766417400,TRADE,UP,ACCUM,1,1,0.1200,0.1200,4,0.1300,3,0.8636,3,0.9936,0.0191,0.25,-0.1110,0.8890,0.0000,97.87,SUCCESS
2025-12-22T15:39:39.265055+00:00,btc-updown-15m-1766417400,TRADE,DOWN,ACCUM,1,1,0.8797,0.8797,4,0.1300,4,0.8676,4,0.9977,0.0094,0.00,0.0094,0.0094,0.0000,96.99,SUCCESS
2025-12-22T15:39:44.860090+00:00,btc-updown-15m-1766417400,TRADE,UP,ACCUM,1,1,0.1300,0.1300,5,0.1300,4,0.8676,4,0.9977,0.0093,0.20,-0.1207,0.8793,0.0000,96.86,SUCCESS
2025-12-22T15:39:55.676210+00:00,btc-updown-15m-1766417400,TRADE,DOWN,ACCUM,1,1,0.9104,0.9104,5,0.1300,5,0.8762,5,1.0062,-0.0311,0.00,-0.0311,-0.0311,0.0000,95.95,SUCCESS
2025-12-22T15:40:01.061219+00:00,btc-updown-15m-1766417400,TRADE,UP,ACCUM,1,1,0.0900,0.0900,6,0.1234,5,0.8762,5,0.9995,0.0023,0.17,-0.1210,0.8790,0.0000,95.86,SUCCESS
2025-12-22T15:40:06.642023+00:00,btc-updown-15m-1766417400,TRADE,DOWN,ACCUM,1,1,0.9401,0.9401,6,0.1234,6,0.8868,6,1.0102,-0.0612,0.00,-0.0612,-0.0612,0.0000,94.92,SUCCESS
2025-12-22T15:40:22.928613+00:00,btc-updown-15m-1766417400,TRADE,UP,ACCUM,1,1,0.0900,0.0900,7,0.1186,6,0.8868,6,1.0054,-0.0326,0.14,-0.1512,0.8488,0.0000,94.83,SUCCESS
2025-12-22T15:40:28.316307+00:00,btc-updown-15m-1766417400,TRADE,DOWN,ACCUM,1,1,0.9303,0.9303,7,0.1186,7,0.8931,7,1.0116,-0.0815,0.00,-0.0815,-0.0815,0.0000,93.90,SUCCESS
2025-12-22T15:40:39.142855+00:00,btc-updown-15m-1766417400,TRADE,UP,ACCUM,1,1,0.1400,0.1400,8,0.1213,7,0.8931,7,1.0143,-0.1002,0.12,-0.2215,0.7785,0.0000,93.76,SUCCESS
2025-12-22T15:40:44.566577+00:00,btc-updown-15m-1766417400,TRADE,DOWN,ACCUM,1,1,0.8503,0.8503,8,0.1213,8,0.8877,8,1.0090,-0.0718,0.00,-0.0718,-0.0718,0.0000,92.91,SUCCESS
2025-12-22T15:40:49.985521+00:00,btc-updown-15m-1766417400,TRADE,UP,ACCUM,1,1,0.2600,0.2600,9,0.1367,8,0.8877,8,1.0244,-0.1951,0.11,-0.3318,0.6682,0.0000,92.65,SUCCESS
2025-12-22T15:40:55.387860+00:00,btc-updown-15m-1766417400,TRADE,DOWN,ACCUM,1,1,0.7701,0.7701,9,0.1367,9,0.8746,9,1.0113,-0.1019,0.00,-0.1019,-0.1019,0.0000,91.88,SUCCESS
2025-12-22T15:41:00.796998+00:00,btc-updown-15m-1766417400,TRADE,UP,ACCUM,1,1,0.2700,0.2700,10,0.1500,9,0.8746,9,1.0247,-0.2219,0.10,-0.3719,0.6281,0.0000,91.61,SUCCESS
2025-12-22T15:41:06.227961+00:00,btc-updown-15m-1766417400,TRADE,DOWN,ACCUM,1,1,0.6403,0.6403,10,0.1500,10,0.8512,10,1.0012,-0.0122,0.00,-0.0122,-0.0122,0.0000,90.97,SUCCESS
2025-12-22T15:41:11.668576+00:00,btc-updown-15m-1766417400,TRADE,UP,ACCUM,1,1,0.2600,0.2600,11,0.1600,10,0.8512,10,1.0112,-0.1122,0.09,-0.2722,0.7278,0.0000,90.71,SUCCESS
2025-12-22T15:41:27.883903+00:00,btc-updown-15m-1766417400,TRADE,DOWN,ACCUM,1,1,0.7100,0.7100,11,0.1600,11,0.8384,11,0.9984,0.0178,0.00,0.0178,0.0178,0.0000,90.00,SUCCESS
2025-12-22T15:41:33.279741+00:00,btc-updown-15m-1766417400,TRADE,UP,ACCUM,1,1,0.2501,0.2501,12,0.1675,11,0.8384,11,1.0059,-0.0648,0.08,-0.2323,0.7677,0.0000,89.75,SUCCESS
2025-12-22T15:41:44.097773+00:00,btc-updown-15m-1766417400,TRADE,DOWN,ACCUM,1,1,0.8996,0.8996,12,0.1675,12,0.8435,12,1.0110,-0.1319,0.00,-0.1319,-0.1319,0.0000,88.85,SUCCESS
2025-12-22T15:41:49.657139+00:00,btc-updown-15m-1766417400,TRADE,UP,ACCUM,1,1,0.1500,0.1500,13,0.1662,12,0.8435,12,1.0096,-0.1157,0.08,-0.2819,0.7181,0.0000,88.70,SUCCESS
2025-12-22T15:41:55.055324+00:00,btc-updown-15m-1766417400,TRADE,DOWN,ACCUM,1,1,0.8704,0.8704,13,0.1662,13,0.8455,13,1.0117,-0.1523,0.00,-0.1523,-0.1523,0.0000,87.83,SUCCESS
2025-12-22T15:42:00.650460+00:00,btc-updown-15m-1766417400,TRADE,UP,ACCUM,1,1,0.0700,0.0700,14,0.1593,13,0.8455,13,1.0048,-0.0630,0.07,-0.2223,0.7777,0.0000,87.76,SUCCESS
2025-12-22T15:42:06.258379+00:00,btc-updown-15m-1766417400,TRADE,DOWN,ACCUM,1,1,0.9403,0.9403,14,0.1593,14,0.8523,14,1.0116,-0.1627,0.00,-0.1627,-0.1627,0.0000,86.82,SUCCESS
2025-12-22T15:42:11.869970+00:00,btc-updown-15m-1766417400,TRADE,UP,ACCUM,1,1,0.0800,0.0800,15,0.1540,14,0.8523,14,1.0063,-0.0887,0.07,-0.2427,0.7573,0.0000,86.74,SUCCESS
2025-12-22T15:42:22.922992+00:00,btc-updown-15m-1766417400,TRADE,DOWN,ACCUM,1,1,0.9502,0.9502,15,0.1540,15,0.8588,15,1.0129,-0.1929,0.00,-0.1929,-0.1929,0.0000,85.79,SUCCESS
2025-12-22T15:45:04.318592+00:00,btc-updown-15m-1766417400,RESOLUTION,DOWN,BINANCE_FALLBACK,30,30,1.0000,15.1929,15,0.1540,15,0.8588,15,1.0129,-0.1929,0.00,0.0000,0.0000,-0.1929,100.79,RESOLVED
2025-12-22T15:53:57.778584+00:00,btc-updown-15m-1766418300,TRADE,DOWN,ACCUM,1,1,0.1701,0.1701,0,0.0000,1,0.1701,0,0.0000,0.0000,1.00,-0.1701,0.8299,0.0000,100.62,SUCCESS
2025-12-22T15:54:03.184893+00:00,btc-updown-15m-1766418300,TRADE,UP,ACCUM,1,1,0.8503,0.8503,1,0.8503,1,0.1701,1,1.0204,-0.0204,0.00,-0.0204,-0.0204,0.0000,99.77,SUCCESS
2025-12-22T15:54:08.768668+00:00,btc-updown-15m-1766418300,TRADE,DOWN,ACCUM,1,1,0.1900,0.1900,1,0.8503,2,0.1801,1,1.0304,-0.0304,0.50,-0.2104,0.7896,0.0000,99.58,SUCCESS
2025-12-22T15:54:14.173108+00:00,btc-updown-15m-1766418300,TRADE,UP,ACCUM,1,1,0.8403,0.8403,2,0.8453,2,0.1801,2,1.0254,-0.0508,0.00,-0.0508,-0.0508,0.0000,98.74,SUCCESS
2025-12-22T15:54:19.590227+00:00,btc-updown-15m-1766418300,TRADE,DOWN,ACCUM,1,1,0.1300,0.1300,2,0.8453,3,0.1634,2,1.0087,-0.0174,0.33,-0.1808,0.8192,0.0000,98.61,SUCCESS
2025-12-22T15:54:25.001082+00:00,btc-updown-15m-1766418300,TRADE,UP,ACCUM,1,1,0.8804,0.8804,3,0.8570,3,0.1634,3,1.0204,-0.0612,0.00,-0.0612,-0.0612,0.0000,97.73,SUCCESS
2025-12-22T15:54:30.589337+00:00,btc-updown-15m-1766418300,TRADE,DOWN,ACCUM,1,1,0.0900,0.0900,3,0.8570,4,0.1450,3,1.0021,-0.0062,0.25,-0.1512,0.8488,0.0000,97.64,SUCCESS
2025-12-22T15:54:35.983388+00:00,btc-updown-15m-1766418300,TRADE,UP,ACCUM,1,1,0.8902,0.8902,4,0.8653,4,0.1450,4,1.0103,-0.0414,0.00,-0.0414,-0.0414,0.0000,96.75,SUCCESS
2025-12-22T15:54:52.480730+00:00,btc-updown-15m-1766418300,TRADE,DOWN,ACCUM,1,1,0.0900,0.0900,4,0.8653,5,0.1340,4,0.9993,0.0026,0.20,-0.1314,0.8686,0.0000,96.66,SUCCESS
2025-12-22T15:55:03.322869+00:00,btc-updown-15m-1766418300,TRADE,UP,ACCUM,1,1,0.8901,0.8901,5,0.8703,5,0.1340,5,1.0043,-0.0215,0.00,-0.0215,-0.0215,0.0000,95.76,SUCCESS
2025-12-22T15:55:08.743795+00:00,btc-updown-15m-1766418300,TRADE,DOWN,ACCUM,1,1,0.1000,0.1000,5,0.8703,6,0.1284,5,0.9986,0.0068,0.17,-0.1215,0.8785,0.0000,95.66,SUCCESS
2025-12-22T15:55:14.158207+00:00,btc-updown-15m-1766418300,TRADE,UP,ACCUM,1,1,0.9202,0.9202,6,0.8786,6,0.1284,6,1.0069,-0.0417,0.00,-0.0417,-0.0417,0.0000,94.74,SUCCESS
2025-12-22T15:55:19.567111+00:00,btc-updown-15m-1766418300,TRADE,DOWN,ACCUM,1,1,0.0700,0.0700,6,0.8786,7,0.1200,6,0.9986,0.0083,0.14,-0.1117,0.8883,0.0000,94.67,SUCCESS
2025-12-22T15:55:25.131348+00:00,btc-updown-15m-1766418300,TRADE,UP,ACCUM,1,1,0.9502,0.9502,7,0.8888,7,0.1200,7,1.0088,-0.0619,0.00,-0.0619,-0.0619,0.0000,93.72,SUCCESS
2025-12-22T15:55:30.548745+00:00,btc-updown-15m-1766418300,TRADE,DOWN,ACCUM,1,1,0.0500,0.0500,7,0.8888,8,0.1113,7,1.0001,-0.0006,0.12,-0.1119,0.8881,0.0000,93.67,SUCCESS
2025-12-22T16:00:03.911804+00:00,btc-updown-15m-1766418300,RESOLUTION,DOWN,BINANCE_FALLBACK,15,15,1.0000,7.1119,7,0.8888,8,0.1113,7,1.0001,-0.0006,0.12,0.0000,0.0000,0.8881,101.67,RESOLVED
2025-12-22T16:08:55.725402+00:00,btc-updown-15m-1766419200,TRADE,DOWN,ACCUM,1,1,0.3401,0.3401,0,0.0000,1,0.3401,0,0.0000,0.0000,1.00,-0.3401,0.6599,0.0000,101.33,SUCCESS
2025-12-22T16:09:01.118305+00:00,btc-updown-15m-1766419200,TRADE,UP,ACCUM,1,1,0.6801,0.6801,1,0.6801,1,0.3401,1,1.0202,-0.0202,0.00,-0.0202,-0.0202,0.0000,100.65,SUCCESS
2025-12-22T16:09:06.543601+00:00,btc-updown-15m-1766419200,TRADE,DOWN,ACCUM,1,1,0.2600,0.2600,1,0.6801,2,0.3001,1,0.9802,0.0198,0.50,-0.2803,0.7197,0.0000,100.39,SUCCESS
2025-12-22T16:09:11.959630+00:00,btc-updown-15m-1766419200,TRADE,UP,ACCUM,1,1,0.7700,0.7700,2,0.7251,2,0.3001,2,1.0251,-0.0503,0.00,-0.0503,-0.0503,0.0000,99.62,SUCCESS
2025-12-22T16:09:17.506366+00:00,btc-updown-15m-1766419200,TRADE,DOWN,ACCUM,1,1,0.2300,0.2300,2,0.7251,3,0.2767,2,1.0018,-0.0036,0.33,-0.2803,0.7197,0.0000,99.39,SUCCESS
2025-12-22T16:09:22.958337+00:00,btc-updown-15m-1766419200,TRADE,UP,ACCUM,1,1,0.7703,0.7703,3,0.7401,3,0.2767,3,1.0169,-0.0506,0.00,-0.0506,-0.0506,0.0000,98.62,SUCCESS
2025-12-22T16:09:28.362862+00:00,btc-updown-15m-1766419200,TRADE,DOWN,ACCUM,1,1,0.2901,0.2901,3,0.7401,4,0.2801,3,1.0202,-0.0606,0.25,-0.3407,0.6593,0.0000,98.33,SUCCESS
2025-12-22T16:09:39.520973+00:00,btc-updown-15m-1766419200,TRADE,UP,ACCUM,1,1,0.6203,0.6203,4,0.7102,4,0.2801,4,0.9902,0.0390,0.00,0.0390,0.0390,0.0000,97.71,SUCCESS
2025-12-22T16:09:44.928247+00:00,btc-updown-15m-1766419200,TRADE,DOWN,ACCUM,1,1,0.4402,0.4402,4,0.7102,5,0.3121,4,1.0223,-0.0891,0.20,-0.4012,0.5988,0.0000,97.27,SUCCESS
2025-12-22T16:09:50.377945+00:00,btc-updown-15m-1766419200,TRADE,UP,ACCUM,1,1,0.6000,0.6000,5,0.6881,5,0.3121,5,1.0002,-0.0011,0.00,-0.0011,-0.0011,0.0000,96.67,SUCCESS
2025-12-22T16:09:55.773935+00:00,btc-updown-15m-1766419200,TRADE,DOWN,ACCUM,1,1,0.4001,0.4001,5,0.6881,6,0.3268,5,1.0149,-0.0744,0.17,-0.4012,0.5988,0.0000,96.27,SUCCESS
2025-12-22T16:10:01.376571+00:00,btc-updown-15m-1766419200,TRADE,UP,ACCUM,1,1,0.6100,0.6100,6,0.6751,6,0.3268,6,1.0019,-0.0112,0.00,-0.0112,-0.0112,0.0000,95.66,SUCCESS
2025-12-22T16:10:06.899609+00:00,btc-updown-15m-1766419200,TRADE,DOWN,ACCUM,1,1,0.4101,0.4101,6,0.6751,7,0.3387,6,1.0138,-0.0827,0.14,-0.4214,0.5786,0.0000,95.25,SUCCESS
2025-12-22T16:10:12.316470+00:00,btc-updown-15m-1766419200,TRADE,UP,ACCUM,1,1,0.6701,0.6701,7,0.6744,7,0.3387,7,1.0131,-0.0915,0.00,-0.0915,-0.0915,0.0000,94.58,SUCCESS
2025-12-22T16:10:23.263124+00:00,btc-updown-15m-1766419200,TRADE,DOWN,ACCUM,1,1,0.3001,0.3001,7,0.6744,8,0.3338,7,1.0082,-0.0577,0.12,-0.3916,0.6084,0.0000,94.28,SUCCESS
2025-12-22T16:10:28.664434+00:00,btc-updown-15m-1766419200,TRADE,UP,ACCUM,1,1,0.7304,0.7304,8,0.6814,8,0.3338,8,1.0152,-0.1219,0.00,-0.1219,-0.1219,0.0000,93.55,SUCCESS
2025-12-22T16:10:34.076360+00:00,btc-updown-15m-1766419200,TRADE,DOWN,ACCUM,1,1,0.2899,0.2899,8,0.6814,9,0.3290,8,1.0104,-0.0829,0.11,-0.4119,0.5881,0.0000,93.26,SUCCESS
2025-12-22T16:10:50.546119+00:00,btc-updown-15m-1766419200,TRADE,UP,ACCUM,1,1,0.7801,0.7801,9,0.6924,9,0.3290,9,1.0213,-0.1920,0.00,-0.1920,-0.1920,0.0000,92.48,SUCCESS
2025-12-22T16:10:55.957730+00:00,btc-updown-15m-1766419200,TRADE,DOWN,ACCUM,1,1,0.1601,0.1601,9,0.6924,10,0.3121,9,1.0044,-0.0400,0.10,-0.3520,0.6480,0.0000,92.32,SUCCESS
2025-12-22T16:11:06.906574+00:00,btc-updown-15m-1766419200,TRADE,UP,ACCUM,1,1,0.8603,0.8603,10,0.7092,10,0.3121,10,1.0212,-0.2123,0.00,-0.2123,-0.2123,0.0000,91.46,SUCCESS
2025-12-22T16:11:12.310092+00:00,btc-updown-15m-1766419200,TRADE,DOWN,ACCUM,1,1,0.1000,0.1000,10,0.7092,11,0.2928,10,1.0020,-0.0195,0.09,-0.3123,0.6877,0.0000,91.36,SUCCESS
2025-12-22T16:11:17.874579+00:00,btc-updown-15m-1766419200,TRADE,UP,ACCUM,1,1,0.9204,0.9204,11,0.7284,11,0.2928,11,1.0212,-0.2327,0.00,-0.2327,-0.2327,0.0000,90.44,SUCCESS
2025-12-22T16:11:23.272767+00:00,btc-updown-15m-1766419200,TRADE,DOWN,ACCUM,1,1,0.1000,0.1000,11,0.7284,12,0.2767,11,1.0051,-0.0561,0.08,-0.3328,0.6672,0.0000,90.34,SUCCESS
2025-12-22T16:11:28.690027+00:00,btc-updown-15m-1766419200,TRADE,UP,ACCUM,1,1,0.9302,0.9302,12,0.7452,12,0.2767,12,1.0219,-0.2630,0.00,-0.2630,-0.2630,0.0000,89.41,SUCCESS
2025-12-22T16:11:34.097918+00:00,btc-updown-15m-1766419200,TRADE,DOWN,ACCUM,1,1,0.0800,0.0800,12,0.7452,13,0.2616,12,1.0068,-0.0814,0.08,-0.3430,0.6570,0.0000,89.33,SUCCESS
2025-12-22T16:11:39.643606+00:00,btc-updown-15m-1766419200,TRADE,UP,ACCUM,1,1,0.9504,0.9504,13,0.7610,13,0.2616,13,1.0226,-0.2934,0.00,-0.2934,-0.2934,0.0000,88.38,SUCCESS
2025-12-22T16:11:45.110768+00:00,btc-updown-15m-1766419200,TRADE,DOWN,ACCUM,1,1,0.0500,0.0500,13,0.7610,14,0.2465,13,1.0075,-0.0969,0.07,-0.3434,0.6566,0.0000,88.33,SUCCESS
2025-12-22T16:15:00.840807+00:00,btc-updown-15m-1766419200,RESOLUTION,DOWN,BINANCE_FALLBACK,27,27,1.0000,13.3434,13,0.7610,14,0.2465,13,1.0075,-0.0969,0.07,0.0000,0.0000,0.6566,102.33,RESOLVED
2025-12-22T16:23:56.201332+00:00,btc-updown-15m-1766420100,TRADE,DOWN,ACCUM,1,1,0.2500,0.2500,0,0.0000,1,0.2500,0,0.0000,0.0000,1.00,-0.2500,0.7500,0.0000,102.08,SUCCESS
2025-12-22T16:24:12.668533+00:00,btc-updown-15m-1766420100,TRADE,UP,ACCUM,1,1,0.7703,0.7703,1,0.7703,1,0.2500,1,1.0203,-0.0203,0.00,-0.0203,-0.0203,0.0000,101.31,SUCCESS
2025-12-22T16:24:18.288012+00:00,btc-updown-15m-1766420100,TRADE,DOWN,ACCUM,1,1,0.2200,0.2200,1,0.7703,2,0.2350,1,1.0053,-0.0053,0.50,-0.2403,0.7597,0.0000,101.09,SUCCESS
2025-12-22T16:24:23.750380+00:00,btc-updown-15m-1766420100,TRADE,UP,ACCUM,1,1,0.7700,0.7700,2,0.7702,2,0.2350,2,1.0052,-0.0104,0.00,-0.0104,-0.0104,0.0000,100.32,SUCCESS
2025-12-22T16:24:29.279197+00:00,btc-updown-15m-1766420100,TRADE,DOWN,ACCUM,1,1,0.2001,0.2001,2,0.7702,3,0.2234,2,0.9935,0.0129,0.33,-0.2105,0.7895,0.0000,100.12,SUCCESS
2025-12-22T16:24:34.744831+00:00,btc-updown-15m-1766420100,TRADE,UP,ACCUM,1,1,0.8203,0.8203,3,0.7869,3,0.2234,3,1.0103,-0.0308,0.00,-0.0308,-0.0308,0.0000,99.30,SUCCESS
2025-12-22T16:24:40.233724+00:00,btc-updown-15m-1766420100,TRADE,DOWN,ACCUM,1,1,0.2001,0.2001,3,0.7869,4,0.2175,3,1.0044,-0.0133,0.25,-0.2308,0.7692,0.0000,99.10,SUCCESS
2025-12-22T16:24:45.686072+00:00,btc-updown-15m-1766420100,TRADE,UP,ACCUM,1,1,0.7902,0.7902,4,0.7877,4,0.2175,4,1.0053,-0.0210,0.00,-0.0210,-0.0210,0.0000,98.31,SUCCESS
2025-12-22T16:24:51.440679+00:00,btc-updown-15m-1766420100,TRADE,DOWN,ACCUM,1,1,0.2001,0.2001,4,0.7877,5,0.2140,4,1.0018,-0.0071,0.20,-0.2211,0.7789,0.0000,98.11,SUCCESS
2025-12-22T16:25:07.780506+00:00,btc-updown-15m-1766420100,TRADE,UP,ACCUM,1,1,0.9301,0.9301,5,0.8162,5,0.2140,5,1.0302,-0.1512,0.00,-0.1512,-0.1512,0.0000,97.18,SUCCESS
2025-12-22T16:25:13.320703+00:00,btc-updown-15m-1766420100,TRADE,DOWN,ACCUM,1,1,0.0900,0.0900,5,0.8162,6,0.1934,5,1.0096,-0.0479,0.17,-0.2413,0.7587,0.0000,97.09,SUCCESS
2025-12-22T16:25:24.362376+00:00,btc-updown-15m-1766420100,TRADE,UP,ACCUM,1,1,0.8501,0.8501,6,0.8218,6,0.1934,6,1.0152,-0.0913,0.00,-0.0913,-0.0913,0.0000,96.24,SUCCESS
2025-12-22T16:25:30.421929+00:00,btc-updown-15m-1766420100,TRADE,DOWN,ACCUM,1,1,0.1400,0.1400,6,0.8218,7,0.1858,6,1.0076,-0.0456,0.14,-0.2314,0.7686,0.0000,96.10,SUCCESS
2025-12-22T16:25:35.883720+00:00,btc-updown-15m-1766420100,TRADE,UP,ACCUM,1,1,0.8604,0.8604,7,0.8273,7,0.1858,7,1.0131,-0.0917,0.00,-0.0917,-0.0917,0.0000,95.24,SUCCESS
2025-12-22T16:25:53.774296+00:00,btc-updown-15m-1766420100,TRADE,DOWN,ACCUM,1,1,0.0900,0.0900,7,0.8273,8,0.1738,7,1.0011,-0.0080,0.12,-0.1818,0.8182,0.0000,95.15,SUCCESS
2025-12-22T16:27:00.680328+00:00,btc-updown-15m-1766420100,TRADE,UP,ACCUM,1,1,0.9301,0.9301,8,0.8402,8,0.1738,8,1.0140,-0.1119,0.00,-0.1119,-0.1119,0.0000,94.22,SUCCESS
2025-12-22T16:27:06.266377+00:00,btc-updown-15m-1766420100,TRADE,DOWN,ACCUM,1,1,0.0600,0.0600,8,0.8402,9,0.1612,8,1.0013,-0.0107,0.11,-0.1719,0.8281,0.0000,94.16,SUCCESS
2025-12-22T16:30:03.184401+00:00,btc-updown-15m-1766420100,RESOLUTION,DOWN,BINANCE_FALLBACK,17,17,1.0000,8.1719,8,0.8402,9,0.1612,8,1.0013,-0.0107,0.11,0.0000,0.0000,0.8281,103.16,RESOLVED
2025-12-22T16:53:54.808370+00:00,btc-updown-15m-1766421900,TRADE,DOWN,ACCUM,1,1,0.3501,0.3501,0,0.0000,1,0.3501,0,0.0000,0.0000,1.00,-0.3501,0.6499,0.0000,99.65,SUCCESS
2025-12-22T16:54:00.205920+00:00,btc-updown-15m-1766421900,TRADE,UP,ACCUM,1,1,0.6603,0.6603,1,0.6603,1,0.3501,1,1.0104,-0.0104,0.00,-0.0104,-0.0104,0.0000,98.99,SUCCESS
2025-12-22T16:54:05.606587+00:00,btc-updown-15m-1766421900,TRADE,DOWN,ACCUM,1,1,0.3301,0.3301,1,0.6603,2,0.3401,1,1.0004,-0.0004,0.50,-0.3405,0.6595,0.0000,98.66,SUCCESS
2025-12-22T16:54:16.526699+00:00,btc-updown-15m-1766421900,TRADE,UP,ACCUM,1,1,0.6701,0.6701,2,0.6652,2,0.3401,2,1.0053,-0.0106,0.00,-0.0106,-0.0106,0.0000,97.99,SUCCESS
2025-12-22T16:54:22.040085+00:00,btc-updown-15m-1766421900,TRADE,DOWN,ACCUM,1,1,0.3301,0.3301,2,0.6652,3,0.3367,2,1.0020,-0.0039,0.33,-0.3407,0.6593,0.0000,97.66,SUCCESS
2025-12-22T16:54:27.436420+00:00,btc-updown-15m-1766421900,TRADE,UP,ACCUM,1,1,0.6703,0.6703,3,0.6669,3,0.3367,3,1.0037,-0.0110,0.00,-0.0110,-0.0110,0.0000,96.99,SUCCESS
2025-12-22T16:54:32.940099+00:00,btc-updown-15m-1766421900,TRADE,DOWN,ACCUM,1,1,0.3402,0.3402,3,0.6669,4,0.3376,3,1.0045,-0.0136,0.25,-0.3512,0.6488,0.0000,96.65,SUCCESS
2025-12-22T16:54:38.537583+00:00,btc-updown-15m-1766421900,TRADE,UP,ACCUM,1,1,0.6703,0.6703,4,0.6678,4,0.3376,4,1.0054,-0.0214,0.00,-0.0214,-0.0214,0.0000,95.98,SUCCESS
2025-12-22T16:54:44.050980+00:00,btc-updown-15m-1766421900,TRADE,DOWN,ACCUM,1,1,0.3401,0.3401,4,0.6678,5,0.3381,4,1.0059,-0.0235,0.20,-0.3616,0.6384,0.0000,95.64,SUCCESS
2025-12-22T16:54:49.444191+00:00,btc-updown-15m-1766421900,TRADE,UP,ACCUM,1,1,0.6201,0.6201,5,0.6582,5,0.3381,5,0.9963,0.0183,0.00,0.0183,0.0183,0.0000,95.02,SUCCESS
2025-12-22T16:54:54.845680+00:00,btc-updown-15m-1766421900,TRADE,DOWN,ACCUM,1,1,0.3900,0.3900,5,0.6582,6,0.3468,5,1.0050,-0.0249,0.17,-0.3717,0.6283,0.0000,94.63,SUCCESS
2025-12-22T16:55:00.262404+00:00,btc-updown-15m-1766421900,TRADE,UP,ACCUM,1,1,0.5802,0.5802,6,0.6452,6,0.3468,6,0.9920,0.0481,0.00,0.0481,0.0481,0.0000,94.05,SUCCESS
2025-12-22T16:55:05.659861+00:00,btc-updown-15m-1766421900,TRADE,DOWN,ACCUM,1,1,0.4402,0.4402,6,0.6452,7,0.3601,6,1.0053,-0.0320,0.14,-0.3921,0.6079,0.0000,93.61,SUCCESS
2025-12-22T16:55:11.068854+00:00,btc-updown-15m-1766421900,TRADE,UP,ACCUM,1,1,0.5602,0.5602,7,0.6331,7,0.3601,7,0.9932,0.0477,0.00,0.0477,0.0477,0.0000,93.05,SUCCESS
2025-12-22T16:55:21.882250+00:00,btc-updown-15m-1766421900,TRADE,DOWN,ACCUM,1,1,0.4502,0.4502,7,0.6331,8,0.3714,7,1.0044,-0.0311,0.12,-0.4025,0.5975,0.0000,92.60,SUCCESS
2025-12-22T16:55:27.407378+00:00,btc-updown-15m-1766421900,TRADE,UP,ACCUM,1,1,0.5001,0.5001,8,0.6165,8,0.3714,8,0.9878,0.0974,0.00,0.0974,0.0974,0.0000,92.10,SUCCESS
2025-12-22T16:55:32.941905+00:00,btc-updown-15m-1766421900,TRADE,UP,ACCUM,1,1,0.4799,0.4799,9,0.6013,8,0.3714,8,0.9727,0.2188,0.11,-0.3825,0.6175,0.0000,91.62,SUCCESS
2025-12-22T16:55:38.368191+00:00,btc-updown-15m-1766421900,TRADE,DOWN,ACCUM,1,1,0.5501,0.5501,9,0.6013,9,0.3912,9,0.9925,0.0674,0.00,0.0674,0.0674,0.0000,91.07,SUCCESS
2025-12-22T16:55:43.761618+00:00,btc-updown-15m-1766421900,TRADE,UP,ACCUM,1,1,0.4702,0.4702,10,0.5882,9,0.3912,9,0.9794,0.1853,0.10,-0.4028,0.5972,0.0000,90.60,SUCCESS
2025-12-22T16:55:49.374063+00:00,btc-updown-15m-1766421900,TRADE,DOWN,ACCUM,1,1,0.4601,0.4601,10,0.5882,10,0.3981,10,0.9863,0.1370,0.00,0.1370,0.1370,0.0000,90.14,SUCCESS
2025-12-22T16:55:54.773913+00:00,btc-updown-15m-1766421900,TRADE,DOWN,ACCUM,1,1,0.4401,0.4401,10,0.5882,11,0.4019,10,0.9901,0.0989,0.09,-0.3031,0.6969,0.0000,89.70,SUCCESS
2025-12-22T16:56:00.179991+00:00,btc-updown-15m-1766421900,TRADE,UP,ACCUM,1,1,0.6502,0.6502,11,0.5938,11,0.4019,11,0.9957,0.0468,0.00,0.0468,0.0468,0.0000,89.05,SUCCESS
2025-12-22T16:56:11.017832+00:00,btc-updown-15m-1766421900,TRADE,DOWN,ACCUM,1,1,0.3100,0.3100,11,0.5938,12,0.3943,11,0.9881,0.1310,0.08,-0.2633,0.7367,0.0000,88.74,SUCCESS
2025-12-22T16:56:21.809167+00:00,btc-updown-15m-1766421900,TRADE,UP,ACCUM,1,1,0.6603,0.6603,12,0.5994,12,0.3943,12,0.9936,0.0765,0.00,0.0765,0.0765,0.0000,88.08,SUCCESS
2025-12-22T16:56:27.220205+00:00,btc-updown-15m-1766421900,TRADE,DOWN,ACCUM,1,1,0.3500,0.3500,12,0.5994,13,0.3909,12,0.9902,0.1173,0.08,-0.2736,0.7264,0.0000,87.73,SUCCESS
2025-12-22T16:56:32.635833+00:00,btc-updown-15m-1766421900,TRADE,UP,ACCUM,1,1,0.6401,0.6401,13,0.6025,13,0.3909,13,0.9934,0.0863,0.00,0.0863,0.0863,0.0000,87.09,SUCCESS
2025-12-22T16:56:38.029117+00:00,btc-updown-15m-1766421900,TRADE,DOWN,ACCUM,1,1,0.3301,0.3301,13,0.6025,14,0.3865,13,0.9890,0.1428,0.07,-0.2437,0.7563,0.0000,86.76,SUCCESS
2025-12-22T16:56:43.440567+00:00,btc-updown-15m-1766421900,TRADE,UP,ACCUM,1,1,0.7301,0.7301,14,0.6116,14,0.3865,14,0.9981,0.0261,0.00,0.0261,0.0261,0.0000,86.03,SUCCESS
2025-12-22T16:56:48.839206+00:00,btc-updown-15m-1766421900,TRADE,DOWN,ACCUM,1,1,0.4000,0.4000,14,0.6116,15,0.3874,14,0.9990,0.0136,0.07,-0.3739,0.6261,0.0000,85.63,SUCCESS
2025-12-22T16:56:54.249759+00:00,btc-updown-15m-1766421900,TRADE,UP,ACCUM,1,1,0.6101,0.6101,15,0.6115,15,0.3874,15,0.9989,0.0161,0.00,0.0161,0.0161,0.0000,85.02,SUCCESS
2025-12-22T17:00:05.211141+00:00,btc-updown-15m-1766421900,RESOLUTION,DOWN,BINANCE_FALLBACK,30,30,1.0000,14.9839,15,0.6115,15,0.3874,15,0.9989,0.0161,0.00,0.0000,0.0000,0.0161,100.02,RESOLVED
2025-12-22T17:08:54.830024+00:00,btc-updown-15m-1766422800,TRADE,UP,ACCUM,1,1,0.0400,0.0400,1,0.0400,0,0.0000,0,0.0000,0.0000,1.00,-0.0400,0.9600,0.0000,99.98,SUCCESS
2025-12-22T17:15:04.268899+00:00,btc-updown-15m-1766422800,RESOLUTION,DOWN,BINANCE_FALLBACK,1,1,1.0000,0.0400,1,0.0400,0,0.0000,0,0.0000,0.0000,1.00,0.0000,0.0000,-0.0400,99.98,RESOLVED
2025-12-22T17:23:54.617062+00:00,btc-updown-15m-1766423700,TRADE,DOWN,ACCUM,1,1,0.4901,0.4901,0,0.0000,1,0.4901,0,0.0000,0.0000,1.00,-0.4901,0.5099,0.0000,99.49,SUCCESS
2025-12-22T17:24:05.476713+00:00,btc-updown-15m-1766423700,TRADE,UP,ACCUM,1,1,0.5802,0.5802,1,0.5802,1,0.4901,1,1.0704,-0.0704,0.00,-0.0704,-0.0704,0.0000,98.91,SUCCESS
2025-12-22T17:24:11.050908+00:00,btc-updown-15m-1766423700,TRADE,DOWN,ACCUM,1,1,0.3901,0.3901,1,0.5802,2,0.4401,1,1.0204,-0.0204,0.50,-0.4605,0.5395,0.0000,98.52,SUCCESS
2025-12-22T17:24:21.884348+00:00,btc-updown-15m-1766423700,TRADE,UP,ACCUM,1,1,0.6302,0.6302,2,0.6052,2,0.4401,2,1.0453,-0.0906,0.00,-0.0906,-0.0906,0.0000,97.89,SUCCESS
2025-12-22T17:24:27.331309+00:00,btc-updown-15m-1766423700,TRADE,DOWN,ACCUM,1,1,0.3801,0.3801,2,0.6052,3,0.4201,2,1.0253,-0.0506,0.33,-0.4708,0.5292,0.0000,97.51,SUCCESS
2025-12-22T17:24:32.737558+00:00,btc-updown-15m-1766423700,TRADE,UP,ACCUM,1,1,0.6102,0.6102,3,0.6069,3,0.4201,3,1.0270,-0.0810,0.00,-0.0810,-0.0810,0.0000,96.90,SUCCESS
2025-12-22T17:24:43.653579+00:00,btc-updown-15m-1766423700,TRADE,DOWN,ACCUM,1,1,0.3101,0.3101,3,0.6069,4,0.3926,3,0.9995,0.0016,0.25,-0.3910,0.6090,0.0000,96.59,SUCCESS
2025-12-22T17:24:54.453391+00:00,btc-updown-15m-1766423700,TRADE,UP,ACCUM,1,1,0.6803,0.6803,4,0.6252,4,0.3926,4,1.0178,-0.0713,0.00,-0.0713,-0.0713,0.0000,95.90,SUCCESS
2025-12-22T17:24:59.862713+00:00,btc-updown-15m-1766423700,TRADE,DOWN,ACCUM,1,1,0.3000,0.3000,4,0.6252,5,0.3741,4,0.9993,0.0027,0.20,-0.3714,0.6286,0.0000,95.60,SUCCESS
2025-12-22T17:25:05.433631+00:00,btc-updown-15m-1766423700,TRADE,UP,ACCUM,1,1,0.5300,0.5300,5,0.6062,5,0.3741,5,0.9803,0.0986,0.00,0.0986,0.0986,0.0000,95.07,SUCCESS
2025-12-22T17:25:16.353574+00:00,btc-updown-15m-1766423700,TRADE,DOWN,ACCUM,1,1,0.4301,0.4301,5,0.6062,6,0.3834,5,0.9896,0.0520,0.17,-0.3314,0.6686,0.0000,94.64,SUCCESS
2025-12-22T17:25:21.738807+00:00,btc-updown-15m-1766423700,TRADE,UP,ACCUM,1,1,0.5401,0.5401,6,0.5952,6,0.3834,6,0.9786,0.1285,0.00,0.1285,0.1285,0.0000,94.10,SUCCESS
2025-12-22T17:25:27.149016+00:00,btc-updown-15m-1766423700,TRADE,DOWN,ACCUM,1,1,0.4002,0.4002,6,0.5952,7,0.3858,6,0.9810,0.1141,0.14,-0.2717,0.7283,0.0000,93.70,SUCCESS
2025-12-22T17:25:32.751277+00:00,btc-updown-15m-1766423700,TRADE,UP,ACCUM,1,1,0.5801,0.5801,7,0.5930,7,0.3858,7,0.9788,0.1482,0.00,0.1482,0.1482,0.0000,93.12,SUCCESS
2025-12-22T17:25:38.174974+00:00,btc-updown-15m-1766423700,TRADE,DOWN,ACCUM,1,1,0.4300,0.4300,7,0.5930,8,0.3913,7,0.9843,0.1096,0.12,-0.2818,0.7182,0.0000,92.69,SUCCESS
2025-12-22T17:25:43.585239+00:00,btc-updown-15m-1766423700,TRADE,UP,ACCUM,1,1,0.5701,0.5701,8,0.5901,8,0.3913,8,0.9815,0.1482,0.00,0.1482,0.1482,0.0000,92.12,SUCCESS
2025-12-22T17:25:49.008039+00:00,btc-updown-15m-1766423700,TRADE,DOWN,ACCUM,1,1,0.4202,0.4202,8,0.5901,9,0.3945,8,0.9847,0.1225,0.11,-0.2720,0.7280,0.0000,91.70,SUCCESS
2025-12-22T17:25:54.538066+00:00,btc-updown-15m-1766423700,TRADE,UP,ACCUM,1,1,0.7702,0.7702,9,0.6101,9,0.3945,9,1.0047,-0.0422,0.00,-0.0422,-0.0422,0.0000,90.93,SUCCESS
2025-12-22T17:25:59.942654+00:00,btc-updown-15m-1766423700,TRADE,DOWN,ACCUM,1,1,0.2401,0.2401,9,0.6101,10,0.3791,9,0.9892,0.0969,0.10,-0.2822,0.7178,0.0000,90.69,SUCCESS
2025-12-22T17:26:05.437621+00:00,btc-updown-15m-1766423700,TRADE,UP,ACCUM,1,1,0.7002,0.7002,10,0.6191,10,0.3791,10,0.9982,0.0176,0.00,0.0176,0.0176,0.0000,89.99,SUCCESS
2025-12-22T17:26:16.268241+00:00,btc-updown-15m-1766423700,TRADE,DOWN,ACCUM,1,1,0.3801,0.3801,10,0.6191,11,0.3792,10,0.9983,0.0167,0.09,-0.3625,0.6375,0.0000,89.61,SUCCESS
2025-12-22T17:26:21.661541+00:00,btc-updown-15m-1766423700,TRADE,UP,ACCUM,1,1,0.6303,0.6303,11,0.6202,11,0.3792,11,0.9993,0.0072,0.00,0.0072,0.0072,0.0000,88.98,SUCCESS
2025-12-22T17:26:27.052304+00:00,btc-updown-15m-1766423700,TRADE,DOWN,ACCUM,1,1,0.4202,0.4202,11,0.6202,12,0.3826,11,1.0028,-0.0304,0.08,-0.4130,0.5870,0.0000,88.56,SUCCESS
2025-12-22T17:26:32.579253+00:00,btc-updown-15m-1766423700,TRADE,UP,ACCUM,1,1,0.6302,0.6302,12,0.6210,12,0.3826,12,1.0036,-0.0432,0.00,-0.0432,-0.0432,0.0000,87.93,SUCCESS
2025-12-22T17:26:37.982974+00:00,btc-updown-15m-1766423700,TRADE,DOWN,ACCUM,1,1,0.2701,0.2701,12,0.6210,13,0.3739,12,0.9949,0.0607,0.08,-0.3132,0.6868,0.0000,87.66,SUCCESS
2025-12-22T17:26:43.487098+00:00,btc-updown-15m-1766423700,TRADE,UP,ACCUM,1,1,0.7603,0.7603,13,0.6317,13,0.3739,13,1.0057,-0.0736,0.00,-0.0736,-0.0736,0.0000,86.90,SUCCESS
2025-12-22T17:26:48.881152+00:00,btc-updown-15m-1766423700,TRADE,DOWN,ACCUM,1,1,0.2401,0.2401,13,0.6317,14,0.3644,13,0.9961,0.0508,0.07,-0.3136,0.6864,0.0000,86.66,SUCCESS
2025-12-22T17:26:54.379145+00:00,btc-updown-15m-1766423700,TRADE,UP,ACCUM,1,1,0.7801,0.7801,14,0.6423,14,0.3644,14,1.0067,-0.0938,0.00,-0.0938,-0.0938,0.0000,85.88,SUCCESS
2025-12-22T17:27:05.306929+00:00,btc-updown-15m-1766423700,TRADE,DOWN,ACCUM,1,1,0.1100,0.1100,14,0.6423,15,0.3474,14,0.9897,0.1436,0.07,-0.2038,0.7962,0.0000,85.77,SUCCESS
2025-12-22T17:27:10.711182+00:00,btc-updown-15m-1766423700,TRADE,UP,ACCUM,1,1,0.9404,0.9404,15,0.6622,15,0.3474,15,1.0096,-0.1442,0.00,-0.1442,-0.1442,0.0000,84.83,SUCCESS
2025-12-22T17:30:01.638120+00:00,btc-updown-15m-1766423700,RESOLUTION,DOWN,BINANCE_FALLBACK,30,30,1.0000,15.1442,15,0.6622,15,0.3474,15,1.0096,-0.1442,0.00,0.0000,0.0000,-0.1442,99.83,RESOLVED
2025-12-22T17:38:53.343426+00:00,btc-updown-15m-1766424600,TRADE,DOWN,ACCUM,1,1,0.3500,0.3500,0,0.0000,1,0.3500,0,0.0000,0.0000,1.00,-0.3500,0.6500,0.0000,99.48,SUCCESS
2025-12-22T17:38:58.762771+00:00,btc-updown-15m-1766424600,TRADE,UP,ACCUM,1,1,0.7303,0.7303,1,0.7303,1,0.3500,1,1.0804,-0.0804,0.00,-0.0804,-0.0804,0.0000,98.75,SUCCESS
2025-12-22T17:39:04.159351+00:00,btc-updown-15m-1766424600,TRADE,DOWN,ACCUM,1,1,0.2599,0.2599,1,0.7303,2,0.3050,1,1.0353,-0.0353,0.50,-0.3403,0.6597,0.0000,98.49,SUCCESS
2025-12-22T17:39:09.548995+00:00,btc-updown-15m-1766424600,TRADE,UP,ACCUM,1,1,0.7502,0.7502,2,0.7403,2,0.3050,2,1.0453,-0.0905,0.00,-0.0905,-0.0905,0.0000,97.74,SUCCESS
2025-12-22T17:39:14.965128+00:00,btc-updown-15m-1766424600,TRADE,DOWN,ACCUM,1,1,0.2400,0.2400,2,0.7403,3,0.2833,2,1.0236,-0.0472,0.33,-0.3305,0.6695,0.0000,97.50,SUCCESS
2025-12-22T17:39:20.374428+00:00,btc-updown-15m-1766424600,TRADE,UP,ACCUM,1,1,0.8304,0.8304,3,0.7703,3,0.2833,3,1.0536,-0.1609,0.00,-0.1609,-0.1609,0.0000,96.67,SUCCESS
2025-12-22T17:39:25.915902+00:00,btc-updown-15m-1766424600,TRADE,DOWN,ACCUM,1,1,0.1801,0.1801,3,0.7703,4,0.2575,3,1.0278,-0.0835,0.25,-0.3410,0.6590,0.0000,96.49,SUCCESS
2025-12-22T17:39:31.550650+00:00,btc-updown-15m-1766424600,TRADE,UP,ACCUM,1,1,0.8604,0.8604,4,0.7928,4,0.2575,4,1.0503,-0.2013,0.00,-0.2013,-0.2013,0.0000,95.63,SUCCESS
2025-12-22T17:39:36.947201+00:00,btc-updown-15m-1766424600,TRADE,DOWN,ACCUM,1,1,0.1701,0.1701,4,0.7928,5,0.2400,4,1.0328,-0.1314,0.20,-0.3714,0.6286,0.0000,95.46,SUCCESS
2025-12-22T17:39:42.354221+00:00,btc-updown-15m-1766424600,TRADE,UP,ACCUM,1,1,0.8803,0.8803,5,0.8103,5,0.2400,5,1.0503,-0.2517,0.00,-0.2517,-0.2517,0.0000,94.58,SUCCESS
2025-12-22T17:39:47.738607+00:00,btc-updown-15m-1766424600,TRADE,DOWN,ACCUM,1,1,0.1100,0.1100,5,0.8103,6,0.2184,5,1.0287,-0.1433,0.17,-0.3617,0.6383,0.0000,94.47,SUCCESS
2025-12-22T17:39:53.208162+00:00,btc-updown-15m-1766424600,TRADE,UP,ACCUM,1,1,0.9204,0.9204,6,0.8287,6,0.2184,6,1.0470,-0.2821,0.00,-0.2821,-0.2821,0.0000,93.55,SUCCESS
2025-12-22T17:39:58.615996+00:00,btc-updown-15m-1766424600,TRADE,DOWN,ACCUM,1,1,0.1000,0.1000,6,0.8287,7,0.2014,6,1.0301,-0.1807,0.14,-0.3821,0.6179,0.0000,93.45,SUCCESS
2025-12-22T17:40:04.164364+00:00,btc-updown-15m-1766424600,TRADE,UP,ACCUM,1,1,0.9400,0.9400,7,0.8446,7,0.2014,7,1.0460,-0.3222,0.00,-0.3222,-0.3222,0.0000,92.51,SUCCESS
2025-12-22T17:40:09.543198+00:00,btc-updown-15m-1766424600,TRADE,DOWN,ACCUM,1,1,0.0500,0.0500,7,0.8446,8,0.1825,7,1.0271,-0.1897,0.12,-0.3722,0.6278,0.0000,92.46,SUCCESS
2025-12-22T17:40:20.382006+00:00,btc-updown-15m-1766424600,TRADE,UP,ACCUM,1,1,0.9403,0.9403,8,0.8565,8,0.1825,8,1.0391,-0.3125,0.00,-0.3125,-0.3125,0.0000,91.52,SUCCESS
2025-12-22T17:40:25.760316+00:00,btc-updown-15m-1766424600,TRADE,DOWN,ACCUM,1,1,0.0700,0.0700,8,0.8565,9,0.1700,8,1.0266,-0.2125,0.11,-0.3825,0.6175,0.0000,91.45,SUCCESS
2025-12-22T17:40:31.152584+00:00,btc-updown-15m-1766424600,TRADE,UP,ACCUM,1,1,0.9103,0.9103,9,0.8625,9,0.1700,9,1.0325,-0.2928,0.00,-0.2928,-0.2928,0.0000,90.54,SUCCESS
2025-12-22T17:40:36.549944+00:00,btc-updown-15m-1766424600,TRADE,DOWN,ACCUM,1,1,0.1000,0.1000,9,0.8625,10,0.1630,9,1.0255,-0.2298,0.10,-0.3928,0.6072,0.0000,90.44,SUCCESS
2025-12-22T17:40:41.965330+00:00,btc-updown-15m-1766424600,TRADE,UP,ACCUM,1,1,0.9101,0.9101,10,0.8673,10,0.1630,10,1.0303,-0.3030,0.00,-0.3030,-0.3030,0.0000,89.53,SUCCESS
2025-12-22T17:40:47.356712+00:00,btc-updown-15m-1766424600,TRADE,DOWN,ACCUM,1,1,0.0900,0.0900,10,0.8673,11,0.1564,10,1.0237,-0.2366,0.09,-0.3930,0.6070,0.0000,89.44,SUCCESS
2025-12-22T17:40:52.736916+00:00,btc-updown-15m-1766424600,TRADE,UP,ACCUM,1,1,0.8903,0.8903,11,0.8694,11,0.1564,11,1.0258,-0.2833,0.00,-0.2833,-0.2833,0.0000,88.55,SUCCESS
2025-12-22T17:40:58.125800+00:00,btc-updown-15m-1766424600,TRADE,DOWN,ACCUM,1,1,0.1200,0.1200,11,0.8694,12,0.1534,11,1.0227,-0.2500,0.08,-0.4034,0.5966,0.0000,88.43,SUCCESS
2025-12-22T17:41:03.536316+00:00,btc-updown-15m-1766424600,TRADE,UP,ACCUM,1,1,0.9200,0.9200,12,0.8736,12,0.1534,12,1.0269,-0.3234,0.00,-0.3234,-0.3234,0.0000,87.51,SUCCESS
2025-12-22T17:41:19.927501+00:00,btc-updown-15m-1766424600,TRADE,DOWN,ACCUM,1,1,0.0400,0.0400,12,0.8736,13,0.1446,12,1.0182,-0.2187,0.08,-0.3634,0.6366,0.0000,87.47,SUCCESS
2025-12-22T17:44:03.716384+00:00,btc-updown-15m-1766424600,TRADE,UP,ACCUM,1,1,0.9500,0.9500,13,0.8795,13,0.1446,13,1.0241,-0.3134,0.00,-0.3134,-0.3134,0.0000,86.52,SUCCESS
2025-12-22T17:44:09.132805+00:00,btc-updown-15m-1766424600,TRADE,DOWN,ACCUM,1,1,0.0500,0.0500,13,0.8795,14,0.1379,13,1.0173,-0.2255,0.07,-0.3634,0.6366,0.0000,86.47,SUCCESS
2025-12-22T17:44:47.256918+00:00,btc-updown-15m-1766424600,TRADE,UP,ACCUM,1,1,0.8404,0.8404,14,0.8767,14,0.1379,14,1.0146,-0.2038,0.00,-0.2038,-0.2038,0.0000,85.63,SUCCESS
2025-12-22T17:44:52.650197+00:00,btc-updown-15m-1766424600,TRADE,DOWN,ACCUM,1,1,0.1000,0.1000,14,0.8767,15,0.1354,14,1.0120,-0.1685,0.07,-0.3039,0.6961,0.0000,85.53,SUCCESS
2025-12-22T17:44:58.212294+00:00,btc-updown-15m-1766424600,TRADE,UP,ACCUM,1,1,0.2000,0.2000,15,0.8316,15,0.1354,15,0.9669,0.4961,0.00,0.4961,0.4961,0.0000,85.33,SUCCESS
2025-12-22T17:45:03.468696+00:00,btc-updown-15m-1766424600,RESOLUTION,DOWN,BINANCE_FALLBACK,30,30,1.0000,14.5039,15,0.8316,15,0.1354,15,0.9669,0.4961,0.00,0.0000,0.0000,0.4961,100.33,RESOLVED
2025-12-22T17:54:03.132410+00:00,btc-updown-15m-1766425500,TRADE,DOWN,ACCUM,1,1,0.4201,0.4201,0,0.0000,1,0.4201,0,0.0000,0.0000,1.00,-0.4201,0.5799,0.0000,99.91,SUCCESS
2025-12-22T17:54:14.220155+00:00,btc-updown-15m-1766425500,TRADE,UP,ACCUM,1,1,0.5902,0.5902,1,0.5902,1,0.4201,1,1.0104,-0.0104,0.00,-0.0104,-0.0104,0.0000,99.32,SUCCESS
2025-12-22T17:54:19.621906+00:00,btc-updown-15m-1766425500,TRADE,DOWN,ACCUM,1,1,0.4400,0.4400,1,0.5902,2,0.4301,1,1.0203,-0.0203,0.50,-0.4504,0.5496,0.0000,98.88,SUCCESS
2025-12-22T17:54:30.551904+00:00,btc-updown-15m-1766425500,TRADE,UP,ACCUM,1,1,0.5502,0.5502,2,0.5702,2,0.4301,2,1.0003,-0.0006,0.00,-0.0006,-0.0006,0.0000,98.33,SUCCESS
2025-12-22T17:54:35.934254+00:00,btc-updown-15m-1766425500,TRADE,UP,ACCUM,1,1,0.4102,0.4102,3,0.5169,2,0.4301,2,0.9469,0.1061,0.33,-0.4107,0.5893,0.0000,97.92,SUCCESS
2025-12-22T17:54:41.311635+00:00,btc-updown-15m-1766425500,TRADE,DOWN,ACCUM,1,1,0.5700,0.5700,3,0.5169,3,0.4767,3,0.9936,0.0192,0.00,0.0192,0.0192,0.0000,97.35,SUCCESS
2025-12-22T17:54:46.715729+00:00,btc-updown-15m-1766425500,TRADE,UP,ACCUM,1,1,0.4000,0.4000,4,0.4877,3,0.4767,3,0.9644,0.1069,0.25,-0.3808,0.6192,0.0000,96.95,SUCCESS
2025-12-22T17:54:52.140673+00:00,btc-updown-15m-1766425500,TRADE,DOWN,ACCUM,1,1,0.6201,0.6201,4,0.4877,4,0.5126,4,1.0002,-0.0008,0.00,-0.0008,-0.0008,0.0000,96.33,SUCCESS
2025-12-22T17:54:57.786240+00:00,btc-updown-15m-1766425500,TRADE,UP,ACCUM,1,1,0.3900,0.3900,5,0.4681,4,0.5126,4,0.9807,0.0773,0.20,-0.3908,0.6092,0.0000,95.94,SUCCESS
2025-12-22T17:55:03.325209+00:00,btc-updown-15m-1766425500,TRADE,DOWN,ACCUM,1,1,0.6502,0.6502,5,0.4681,5,0.5401,5,1.0082,-0.0411,0.00,-0.0411,-0.0411,0.0000,95.29,SUCCESS
2025-12-22T17:55:08.723746+00:00,btc-updown-15m-1766425500,TRADE,UP,ACCUM,1,1,0.3599,0.3599,6,0.4501,5,0.5401,5,0.9902,0.0491,0.17,-0.4010,0.5990,0.0000,94.93,SUCCESS
2025-12-22T17:55:14.251980+00:00,btc-updown-15m-1766425500,TRADE,DOWN,ACCUM,1,1,0.6503,0.6503,6,0.4501,6,0.5585,6,1.0085,-0.0513,0.00,-0.0513,-0.0513,0.0000,94.28,SUCCESS
2025-12-22T17:55:19.656848+00:00,btc-updown-15m-1766425500,TRADE,UP,ACCUM,1,1,0.3700,0.3700,7,0.4386,6,0.5585,6,0.9971,0.0173,0.14,-0.4213,0.5787,0.0000,93.91,SUCCESS
2025-12-22T17:55:30.458374+00:00,btc-updown-15m-1766425500,TRADE,DOWN,ACCUM,1,1,0.6402,0.6402,7,0.4386,7,0.5701,7,1.0088,-0.0615,0.00,-0.0615,-0.0615,0.0000,93.27,SUCCESS
2025-12-22T17:55:35.858844+00:00,btc-updown-15m-1766425500,TRADE,DOWN,ACCUM,1,1,0.4002,0.4002,7,0.4386,8,0.5489,7,0.9875,0.0872,0.12,-0.4617,0.5383,0.0000,92.87,SUCCESS
2025-12-22T17:55:41.345977+00:00,btc-updown-15m-1766425500,TRADE,UP,ACCUM,1,1,0.6601,0.6601,8,0.4663,8,0.5489,8,1.0152,-0.1218,0.00,-0.1218,-0.1218,0.0000,92.21,SUCCESS
2025-12-22T17:55:46.774568+00:00,btc-updown-15m-1766425500,TRADE,DOWN,ACCUM,1,1,0.3401,0.3401,8,0.4663,9,0.5257,8,0.9920,0.0639,0.11,-0.4618,0.5382,0.0000,91.87,SUCCESS
2025-12-22T17:55:57.624621+00:00,btc-updown-15m-1766425500,TRADE,UP,ACCUM,1,1,0.6601,0.6601,9,0.4879,9,0.5257,9,1.0135,-0.1219,0.00,-0.1219,-0.1219,0.0000,91.21,SUCCESS
2025-12-22T17:56:03.002529+00:00,btc-updown-15m-1766425500,TRADE,DOWN,ACCUM,1,1,0.3601,0.3601,9,0.4879,10,0.5091,9,0.9970,0.0271,0.10,-0.4821,0.5179,0.0000,90.85,SUCCESS
2025-12-22T17:56:08.416400+00:00,btc-updown-15m-1766425500,TRADE,UP,ACCUM,1,1,0.6398,0.6398,10,0.5030,10,0.5091,10,1.0122,-0.1218,0.00,-0.1218,-0.1218,0.0000,90.21,SUCCESS
2025-12-22T17:56:13.826253+00:00,btc-updown-15m-1766425500,TRADE,DOWN,ACCUM,1,1,0.3900,0.3900,10,0.5030,11,0.4983,10,1.0014,-0.0135,0.09,-0.5118,0.4882,0.0000,89.82,SUCCESS
2025-12-22T17:56:19.204167+00:00,btc-updown-15m-1766425500,TRADE,UP,ACCUM,1,1,0.6101,0.6101,11,0.5128,11,0.4983,11,1.0111,-0.1219,0.00,-0.1219,-0.1219,0.0000,89.21,SUCCESS
2025-12-22T17:56:24.606199+00:00,btc-updown-15m-1766425500,TRADE,DOWN,ACCUM,1,1,0.3801,0.3801,11,0.5128,12,0.4885,11,1.0012,-0.0135,0.08,-0.5020,0.4980,0.0000,88.83,SUCCESS
2025-12-22T17:56:35.623172+00:00,btc-updown-15m-1766425500,TRADE,UP,ACCUM,1,1,0.5202,0.5202,12,0.5134,12,0.4885,12,1.0019,-0.0222,0.00,-0.0222,-0.0222,0.0000,88.31,SUCCESS
2025-12-22T17:56:46.868336+00:00,btc-updown-15m-1766425500,TRADE,UP,ACCUM,1,1,0.4901,0.4901,13,0.5116,12,0.4885,12,1.0001,-0.0007,0.08,-0.5124,0.4876,0.0000,87.82,SUCCESS
2025-12-22T17:56:57.711113+00:00,btc-updown-15m-1766425500,TRADE,DOWN,ACCUM,1,1,0.6201,0.6201,13,0.5116,13,0.4986,13,1.0102,-0.1324,0.00,-0.1324,-0.1324,0.0000,87.20,SUCCESS
2025-12-22T17:57:03.107178+00:00,btc-updown-15m-1766425500,TRADE,UP,ACCUM,1,1,0.3699,0.3699,14,0.5015,13,0.4986,13,1.0001,-0.0008,0.07,-0.5023,0.4977,0.0000,86.83,SUCCESS
2025-12-22T17:57:13.927010+00:00,btc-updown-15m-1766425500,TRADE,DOWN,ACCUM,1,1,0.6501,0.6501,14,0.5015,14,0.5094,14,1.0109,-0.1524,0.00,-0.1524,-0.1524,0.0000,86.18,SUCCESS
2025-12-22T17:57:19.319859+00:00,btc-updown-15m-1766425500,TRADE,UP,ACCUM,1,1,0.3702,0.3702,15,0.4927,14,0.5094,14,1.0021,-0.0298,0.07,-0.5226,0.4774,0.0000,85.81,SUCCESS
2025-12-22T17:57:24.714102+00:00,btc-updown-15m-1766425500,TRADE,DOWN,ACCUM,1,1,0.7102,0.7102,15,0.4927,15,0.5228,15,1.0155,-0.2328,0.00,-0.2328,-0.2328,0.0000,85.10,SUCCESS
2025-12-22T18:00:01.015249+00:00,btc-updown-15m-1766425500,RESOLUTION,DOWN,BINANCE_FALLBACK,30,30,1.0000,15.2328,15,0.4927,15,0.5228,15,1.0155,-0.2328,0.00,0.0000,0.0000,-0.2328,100.10,RESOLVED
2025-12-22T18:08:56.621249+00:00,btc-updown-15m-1766426400,TRADE,UP,ACCUM,1,1,0.4601,0.4601,1,0.4601,0,0.0000,0,0.0000,0.0000,1.00,-0.4601,0.5399,0.0000,99.64,SUCCESS
2025-12-22T18:09:02.064925+00:00,btc-updown-15m-1766426400,TRADE,DOWN,ACCUM,1,1,0.6002,0.6002,1,0.4601,1,0.6002,1,1.0603,-0.0603,0.00,-0.0603,-0.0603,0.0000,99.03,SUCCESS
2025-12-22T18:09:07.497749+00:00,btc-updown-15m-1766426400,TRADE,UP,ACCUM,1,1,0.4599,0.4599,2,0.4600,1,0.6002,1,1.0602,-0.0602,0.50,-0.5202,0.4798,0.0000,98.58,SUCCESS
2025-12-22T18:09:13.018901+00:00,btc-updown-15m-1766426400,TRADE,DOWN,ACCUM,1,1,0.5602,0.5602,2,0.4600,2,0.5802,2,1.0402,-0.0804,0.00,-0.0804,-0.0804,0.0000,98.01,SUCCESS
2025-12-22T18:09:18.420683+00:00,btc-updown-15m-1766426400,TRADE,DOWN,ACCUM,1,1,0.4901,0.4901,2,0.4600,3,0.5501,2,1.0101,-0.0203,0.33,-0.5704,0.4296,0.0000,97.52,SUCCESS
2025-12-22T18:09:23.854085+00:00,btc-updown-15m-1766426400,TRADE,UP,ACCUM,1,1,0.4401,0.4401,3,0.4534,3,0.5501,3,1.0035,-0.0105,0.00,-0.0105,-0.0105,0.0000,97.08,SUCCESS
2025-12-22T18:09:29.289610+00:00,btc-updown-15m-1766426400,TRADE,UP,ACCUM,1,1,0.4200,0.4200,4,0.4450,3,0.5501,3,0.9952,0.0145,0.25,-0.4305,0.5695,0.0000,96.66,SUCCESS
2025-12-22T18:09:34.824718+00:00,btc-updown-15m-1766426400,TRADE,DOWN,ACCUM,1,1,0.5701,0.5701,4,0.4450,4,0.5551,4,1.0001,-0.0006,0.00,-0.0006,-0.0006,0.0000,96.09,SUCCESS
2025-12-22T18:09:40.212339+00:00,btc-updown-15m-1766426400,TRADE,DOWN,ACCUM,1,1,0.4601,0.4601,4,0.4450,5,0.5361,4,0.9811,0.0754,0.20,-0.4607,0.5393,0.0000,95.63,SUCCESS
2025-12-22T18:09:45.621555+00:00,btc-updown-15m-1766426400,TRADE,UP,ACCUM,1,1,0.5501,0.5501,5,0.4660,5,0.5361,5,1.0022,-0.0108,0.00,-0.0108,-0.0108,0.0000,95.08,SUCCESS
2025-12-22T18:10:07.300790+00:00,btc-updown-15m-1766426400,TRADE,UP,ACCUM,1,1,0.3601,0.3601,6,0.4484,5,0.5361,5,0.9845,0.0775,0.17,-0.3709,0.6291,0.0000,94.72,SUCCESS
2025-12-22T18:10:12.809232+00:00,btc-updown-15m-1766426400,TRADE,DOWN,ACCUM,1,1,0.6900,0.6900,6,0.4484,6,0.5618,6,1.0101,-0.0609,0.00,-0.0609,-0.0609,0.0000,94.03,SUCCESS
2025-12-22T18:10:18.214019+00:00,btc-updown-15m-1766426400,TRADE,UP,ACCUM,1,1,0.3001,0.3001,7,0.4272,6,0.5618,6,0.9890,0.0663,0.14,-0.3609,0.6391,0.0000,93.73,SUCCESS
2025-12-22T18:10:23.723096+00:00,btc-updown-15m-1766426400,TRADE,DOWN,ACCUM,1,1,0.7000,0.7000,7,0.4272,7,0.5815,7,1.0087,-0.0610,0.00,-0.0610,-0.0610,0.0000,93.03,SUCCESS
2025-12-22T18:10:34.487403+00:00,btc-updown-15m-1766426400,TRADE,UP,ACCUM,1,1,0.2701,0.2701,8,0.4076,7,0.5815,7,0.9891,0.0765,0.12,-0.3311,0.6689,0.0000,92.76,SUCCESS
2025-12-22T18:10:39.855048+00:00,btc-updown-15m-1766426400,TRADE,DOWN,ACCUM,1,1,0.7303,0.7303,8,0.4076,8,0.6001,8,1.0077,-0.0614,0.00,-0.0614,-0.0614,0.0000,92.03,SUCCESS
2025-12-22T18:10:45.258531+00:00,btc-updown-15m-1766426400,TRADE,UP,ACCUM,1,1,0.2801,0.2801,9,0.3934,8,0.6001,8,0.9935,0.0519,0.11,-0.3415,0.6585,0.0000,91.75,SUCCESS
2025-12-22T18:10:50.651952+00:00,btc-updown-15m-1766426400,TRADE,DOWN,ACCUM,1,1,0.7301,0.7301,9,0.3934,9,0.6146,9,1.0080,-0.0716,0.00,-0.0716,-0.0716,0.0000,91.02,SUCCESS
2025-12-22T18:10:56.058099+00:00,btc-updown-15m-1766426400,TRADE,UP,ACCUM,1,1,0.2500,0.2500,10,0.3791,9,0.6146,9,0.9936,0.0574,0.10,-0.3216,0.6784,0.0000,90.77,SUCCESS
2025-12-22T18:11:01.443940+00:00,btc-updown-15m-1766426400,TRADE,DOWN,ACCUM,1,1,0.7803,0.7803,10,0.3791,10,0.6311,10,1.0102,-0.1020,0.00,-0.1020,-0.1020,0.0000,89.99,SUCCESS
2025-12-22T18:11:12.236434+00:00,btc-updown-15m-1766426400,TRADE,UP,ACCUM,1,1,0.3201,0.3201,11,0.3737,10,0.6311,10,1.0048,-0.0484,0.09,-0.4221,0.5779,0.0000,89.67,SUCCESS
2025-12-22T18:11:23.088353+00:00,btc-updown-15m-1766426400,TRADE,DOWN,ACCUM,1,1,0.1000,0.1000,11,0.3737,11,0.5828,11,0.9566,0.4779,0.00,0.4779,0.4779,0.0000,89.57,SUCCESS
2025-12-22T18:11:28.488439+00:00,btc-updown-15m-1766426400,TRADE,DOWN,ACCUM,1,1,0.0900,0.0900,11,0.3737,12,0.5418,11,0.9155,0.9297,0.08,0.3879,1.3879,0.0000,89.48,SUCCESS
2025-12-22T18:11:39.329226+00:00,btc-updown-15m-1766426400,TRADE,UP,ACCUM,1,1,0.9397,0.9397,12,0.4209,12,0.5418,12,0.9627,0.4481,0.00,0.4481,0.4481,0.0000,88.54,SUCCESS
2025-12-22T18:11:44.743581+00:00,btc-updown-15m-1766426400,TRADE,DOWN,ACCUM,1,1,0.0500,0.0500,12,0.4209,13,0.5040,12,0.9248,0.9021,0.08,0.3981,1.3981,0.0000,88.49,SUCCESS
2025-12-22T18:11:50.186385+00:00,btc-updown-15m-1766426400,TRADE,UP,ACCUM,1,1,0.9505,0.9505,13,0.4616,13,0.5040,13,0.9656,0.4477,0.00,0.4477,0.4477,0.0000,87.54,SUCCESS
2025-12-22T18:11:55.608572+00:00,btc-updown-15m-1766426400,TRADE,DOWN,ACCUM,1,1,0.0400,0.0400,13,0.4616,14,0.4708,13,0.9324,0.8785,0.07,0.4077,1.4077,0.0000,87.50,SUCCESS
2025-12-22T18:12:01.016867+00:00,btc-updown-15m-1766426400,TRADE,UP,ACCUM,1,1,0.9405,0.9405,14,0.4958,14,0.4708,14,0.9666,0.4672,0.00,0.4672,0.4672,0.0000,86.56,SUCCESS
2025-12-22T18:12:06.396606+00:00,btc-updown-15m-1766426400,TRADE,DOWN,ACCUM,1,1,0.0700,0.0700,14,0.4958,15,0.4441,14,0.9399,0.8413,0.07,0.3972,1.3972,0.0000,86.49,SUCCESS
2025-12-22T18:12:17.230174+00:00,btc-updown-15m-1766426400,TRADE,UP,ACCUM,1,1,0.9300,0.9300,15,0.5248,15,0.4441,15,0.9689,0.4672,0.00,0.4672,0.4672,0.0000,85.56,SUCCESS
2025-12-22T18:15:05.440997+00:00,btc-updown-15m-1766426400,RESOLUTION,DOWN,BINANCE_FALLBACK,30,30,1.0000,14.5328,15,0.5248,15,0.4441,15,0.9689,0.4672,0.00,0.0000,0.0000,0.4672,100.56,RESOLVED
2025-12-22T18:23:55.566363+00:00,btc-updown-15m-1766427300,TRADE,UP,ACCUM,1,1,0.4598,0.4598,1,0.4598,0,0.0000,0,0.0000,0.0000,1.00,-0.4598,0.5402,0.0000,100.10,SUCCESS
2025-12-22T18:24:00.987560+00:00,btc-updown-15m-1766427300,TRADE,DOWN,ACCUM,1,1,0.4101,0.4101,1,0.4598,1,0.4101,1,0.8699,0.1301,0.00,0.1301,0.1301,0.0000,99.69,SUCCESS
2025-12-22T18:24:06.412725+00:00,btc-updown-15m-1766427300,TRADE,DOWN,ACCUM,1,1,0.4301,0.4301,1,0.4598,2,0.4201,1,0.8799,0.1201,0.50,-0.3000,0.7000,0.0000,99.26,SUCCESS
2025-12-22T18:24:11.811443+00:00,btc-updown-15m-1766427300,TRADE,UP,ACCUM,1,1,0.5500,0.5500,2,0.5049,2,0.4201,2,0.9250,0.1500,0.00,0.1500,0.1500,0.0000,98.71,SUCCESS
2025-12-22T18:24:22.729200+00:00,btc-updown-15m-1766427300,TRADE,DOWN,ACCUM,1,1,0.4300,0.4300,2,0.5049,3,0.4234,2,0.9283,0.1434,0.33,-0.2800,0.7200,0.0000,98.28,SUCCESS
2025-12-22T18:24:28.143190+00:00,btc-updown-15m-1766427300,TRADE,UP,ACCUM,1,1,0.6101,0.6101,3,0.5400,3,0.4234,3,0.9634,0.1099,0.00,0.1099,0.1099,0.0000,97.67,SUCCESS
2025-12-22T18:24:33.556330+00:00,btc-updown-15m-1766427300,TRADE,DOWN,ACCUM,1,1,0.4002,0.4002,3,0.5400,4,0.4176,3,0.9576,0.1273,0.25,-0.2903,0.7097,0.0000,97.27,SUCCESS
2025-12-22T18:24:38.964701+00:00,btc-updown-15m-1766427300,TRADE,UP,ACCUM,1,1,0.6102,0.6102,4,0.5575,4,0.4176,4,0.9751,0.0995,0.00,0.0995,0.0995,0.0000,96.66,SUCCESS
2025-12-22T18:24:44.383587+00:00,btc-updown-15m-1766427300,TRADE,DOWN,ACCUM,1,1,0.4900,0.4900,4,0.5575,5,0.4321,4,0.9896,0.0415,0.20,-0.3905,0.6095,0.0000,96.17,SUCCESS
2025-12-22T18:24:49.790352+00:00,btc-updown-15m-1766427300,TRADE,UP,ACCUM,1,1,0.5602,0.5602,5,0.5581,5,0.4321,5,0.9902,0.0492,0.00,0.0492,0.0492,0.0000,95.61,SUCCESS
2025-12-22T18:24:55.291750+00:00,btc-updown-15m-1766427300,TRADE,DOWN,ACCUM,1,1,0.4601,0.4601,5,0.5581,6,0.4368,5,0.9948,0.0259,0.17,-0.4109,0.5891,0.0000,95.15,SUCCESS
2025-12-22T18:25:06.234532+00:00,btc-updown-15m-1766427300,TRADE,UP,ACCUM,1,1,0.5602,0.5602,6,0.5584,6,0.4368,6,0.9952,0.0289,0.00,0.0289,0.0289,0.0000,94.59,SUCCESS
2025-12-22T18:25:11.616322+00:00,btc-updown-15m-1766427300,TRADE,DOWN,ACCUM,1,1,0.4402,0.4402,6,0.5584,7,0.4372,6,0.9957,0.0260,0.14,-0.4112,0.5888,0.0000,94.15,SUCCESS
2025-12-22T18:25:33.414871+00:00,btc-updown-15m-1766427300,TRADE,UP,ACCUM,1,1,0.6002,0.6002,7,0.5644,7,0.4372,7,1.0016,-0.0114,0.00,-0.0114,-0.0114,0.0000,93.55,SUCCESS
2025-12-22T18:25:38.806937+00:00,btc-updown-15m-1766427300,TRADE,DOWN,ACCUM,1,1,0.4101,0.4101,7,0.5644,8,0.4338,7,0.9982,0.0123,0.12,-0.4216,0.5784,0.0000,93.14,SUCCESS
2025-12-22T18:25:44.188986+00:00,btc-updown-15m-1766427300,TRADE,UP,ACCUM,1,1,0.5901,0.5901,8,0.5676,8,0.4338,8,1.0015,-0.0116,0.00,-0.0116,-0.0116,0.0000,92.55,SUCCESS
2025-12-22T18:25:49.585843+00:00,btc-updown-15m-1766427300,TRADE,DOWN,ACCUM,1,1,0.3199,0.3199,8,0.5676,9,0.4212,8,0.9888,0.0897,0.11,-0.3315,0.6685,0.0000,92.23,SUCCESS
2025-12-22T18:25:54.964805+00:00,btc-updown-15m-1766427300,TRADE,UP,ACCUM,1,1,0.7302,0.7302,9,0.5857,9,0.4212,9,1.0069,-0.0618,0.00,-0.0618,-0.0618,0.0000,91.50,SUCCESS
2025-12-22T18:26:00.355896+00:00,btc-updown-15m-1766427300,TRADE,DOWN,ACCUM,1,1,0.3100,0.3100,9,0.5857,10,0.4101,9,0.9957,0.0383,0.10,-0.3718,0.6282,0.0000,91.19,SUCCESS
2025-12-22T18:26:05.760611+00:00,btc-updown-15m-1766427300,TRADE,UP,ACCUM,1,1,0.6302,0.6302,10,0.5901,10,0.4101,10,1.0002,-0.0020,0.00,-0.0020,-0.0020,0.0000,90.56,SUCCESS
2025-12-22T18:26:11.162017+00:00,btc-updown-15m-1766427300,TRADE,DOWN,ACCUM,1,1,0.3201,0.3201,10,0.5901,11,0.4019,10,0.9920,0.0798,0.09,-0.3221,0.6779,0.0000,90.24,SUCCESS
2025-12-22T18:26:16.566254+00:00,btc-updown-15m-1766427300,TRADE,UP,ACCUM,1,1,0.7002,0.7002,11,0.6001,11,0.4019,11,1.0020,-0.0222,0.00,-0.0222,-0.0222,0.0000,89.54,SUCCESS
2025-12-22T18:26:22.065654+00:00,btc-updown-15m-1766427300,TRADE,DOWN,ACCUM,1,1,0.2101,0.2101,11,0.6001,12,0.3859,11,0.9860,0.1536,0.08,-0.2323,0.7677,0.0000,89.33,SUCCESS
2025-12-22T18:26:27.459544+00:00,btc-updown-15m-1766427300,TRADE,UP,ACCUM,1,1,0.8302,0.8302,12,0.6193,12,0.3859,12,1.0052,-0.0625,0.00,-0.0625,-0.0625,0.0000,88.50,SUCCESS
2025-12-22T18:26:32.943355+00:00,btc-updown-15m-1766427300,TRADE,DOWN,ACCUM,1,1,0.1801,0.1801,12,0.6193,13,0.3701,12,0.9894,0.1275,0.08,-0.2426,0.7574,0.0000,88.32,SUCCESS
2025-12-22T18:26:38.332745+00:00,btc-updown-15m-1766427300,TRADE,UP,ACCUM,1,1,0.8604,0.8604,13,0.6378,13,0.3701,13,1.0079,-0.1030,0.00,-0.1030,-0.1030,0.0000,87.46,SUCCESS
2025-12-22T18:26:43.757608+00:00,btc-updown-15m-1766427300,TRADE,DOWN,ACCUM,1,1,0.1400,0.1400,13,0.6378,14,0.3536,13,0.9915,0.1106,0.07,-0.2430,0.7570,0.0000,87.32,SUCCESS
2025-12-22T18:26:49.260295+00:00,btc-updown-15m-1766427300,TRADE,UP,ACCUM,1,1,0.8803,0.8803,14,0.6552,14,0.3536,14,1.0088,-0.1233,0.00,-0.1233,-0.1233,0.0000,86.44,SUCCESS
2025-12-22T18:26:54.662058+00:00,btc-updown-15m-1766427300,TRADE,DOWN,ACCUM,1,1,0.1401,0.1401,14,0.6552,15,0.3394,14,0.9946,0.0761,0.07,-0.2633,0.7367,0.0000,86.30,SUCCESS
2025-12-22T18:27:00.062778+00:00,btc-updown-15m-1766427300,TRADE,UP,ACCUM,1,1,0.8803,0.8803,15,0.6702,15,0.3394,15,1.0096,-0.1436,0.00,-0.1436,-0.1436,0.0000,85.42,SUCCESS
2025-12-22T18:30:01.204303+00:00,btc-updown-15m-1766427300,RESOLUTION,DOWN,BINANCE_FALLBACK,30,30,1.0000,15.1436,15,0.6702,15,0.3394,15,1.0096,-0.1436,0.00,0.0000,0.0000,-0.1436,100.42,RESOLVED
2025-12-22T18:38:57.639310+00:00,btc-updown-15m-1766428200,TRADE,UP,ACCUM,1,1,0.4801,0.4801,1,0.4801,0,0.0000,0,0.0000,0.0000,1.00,-0.4801,0.5199,0.0000,99.94,SUCCESS
2025-12-22T18:39:03.061927+00:00,btc-updown-15m-1766428200,TRADE,DOWN,ACCUM,1,1,0.5702,0.5702,1,0.4801,1,0.5702,1,1.0503,-0.0503,0.00,-0.0503,-0.0503,0.0000,99.37,SUCCESS
2025-12-22T18:39:08.466170+00:00,btc-updown-15m-1766428200,TRADE,UP,ACCUM,1,1,0.3401,0.3401,2,0.4101,1,0.5702,1,0.9803,0.0197,0.50,-0.3903,0.6097,0.0000,99.03,SUCCESS
2025-12-22T18:39:13.885508+00:00,btc-updown-15m-1766428200,TRADE,DOWN,ACCUM,1,1,0.6900,0.6900,2,0.4101,2,0.6301,2,1.0402,-0.0804,0.00,-0.0804,-0.0804,0.0000,98.34,SUCCESS
2025-12-22T18:39:19.295278+00:00,btc-updown-15m-1766428200,TRADE,UP,ACCUM,1,1,0.3301,0.3301,3,0.3834,2,0.6301,2,1.0135,-0.0271,0.33,-0.4105,0.5895,0.0000,98.01,SUCCESS
2025-12-22T18:39:24.833185+00:00,btc-updown-15m-1766428200,TRADE,DOWN,ACCUM,1,1,0.6999,0.6999,3,0.3834,3,0.6534,3,1.0368,-0.1103,0.00,-0.1103,-0.1103,0.0000,97.31,SUCCESS
2025-12-22T18:39:30.255636+00:00,btc-updown-15m-1766428200,TRADE,UP,ACCUM,1,1,0.3201,0.3201,4,0.3676,3,0.6534,3,1.0209,-0.0628,0.25,-0.4304,0.5696,0.0000,96.99,SUCCESS
2025-12-22T18:39:41.075664+00:00,btc-updown-15m-1766428200,TRADE,DOWN,ACCUM,1,1,0.7002,0.7002,4,0.3676,4,0.6651,4,1.0327,-0.1307,0.00,-0.1307,-0.1307,0.0000,96.29,SUCCESS
2025-12-22T18:39:46.479628+00:00,btc-updown-15m-1766428200,TRADE,UP,ACCUM,1,1,0.3501,0.3501,5,0.3641,4,0.6651,4,1.0292,-0.1167,0.20,-0.4808,0.5192,0.0000,95.94,SUCCESS
2025-12-22T18:39:51.998278+00:00,btc-updown-15m-1766428200,TRADE,DOWN,ACCUM,1,1,0.7203,0.7203,5,0.3641,5,0.6761,5,1.0402,-0.2011,0.00,-0.2011,-0.2011,0.0000,95.22,SUCCESS
2025-12-22T18:39:57.404557+00:00,btc-updown-15m-1766428200,TRADE,UP,ACCUM,1,1,0.2800,0.2800,6,0.3501,5,0.6761,5,1.0262,-0.1310,0.17,-0.4811,0.5189,0.0000,94.94,SUCCESS
2025-12-22T18:40:24.554538+00:00,btc-updown-15m-1766428200,TRADE,DOWN,ACCUM,1,1,0.8202,0.8202,6,0.3501,6,0.7001,6,1.0502,-0.3013,0.00,-0.3013,-0.3013,0.0000,94.12,SUCCESS
2025-12-22T18:40:29.970384+00:00,btc-updown-15m-1766428200,TRADE,UP,ACCUM,1,1,0.1900,0.1900,7,0.3272,6,0.7001,6,1.0274,-0.1641,0.14,-0.4914,0.5086,0.0000,93.93,SUCCESS
2025-12-22T18:40:35.663694+00:00,btc-updown-15m-1766428200,TRADE,DOWN,ACCUM,1,1,0.8202,0.8202,7,0.3272,7,0.7173,7,1.0445,-0.3116,0.00,-0.3116,-0.3116,0.0000,93.11,SUCCESS
2025-12-22T18:40:41.067993+00:00,btc-updown-15m-1766428200,TRADE,UP,ACCUM,1,1,0.2701,0.2701,8,0.3201,7,0.7173,7,1.0374,-0.2616,0.12,-0.5817,0.4183,0.0000,92.84,SUCCESS
2025-12-22T18:40:46.481794+00:00,btc-updown-15m-1766428200,TRADE,DOWN,ACCUM,1,1,0.8002,0.8002,8,0.3201,8,0.7277,8,1.0477,-0.3819,0.00,-0.3819,-0.3819,0.0000,92.04,SUCCESS
2025-12-22T18:40:57.268918+00:00,btc-updown-15m-1766428200,TRADE,UP,ACCUM,1,1,0.2200,0.2200,9,0.3090,8,0.7277,8,1.0366,-0.2930,0.11,-0.6020,0.3980,0.0000,91.82,SUCCESS
2025-12-22T18:41:02.666594+00:00,btc-updown-15m-1766428200,TRADE,DOWN,ACCUM,1,1,0.8000,0.8000,9,0.3090,9,0.7357,9,1.0447,-0.4020,0.00,-0.4020,-0.4020,0.0000,91.02,SUCCESS
2025-12-22T18:41:08.068708+00:00,btc-updown-15m-1766428200,TRADE,UP,ACCUM,1,1,0.2201,0.2201,10,0.3001,9,0.7357,9,1.0358,-0.3219,0.10,-0.6220,0.3780,0.0000,90.80,SUCCESS
2025-12-22T18:41:13.621605+00:00,btc-updown-15m-1766428200,TRADE,DOWN,ACCUM,1,1,0.8004,0.8004,10,0.3001,10,0.7422,10,1.0422,-0.4224,0.00,-0.4224,-0.4224,0.0000,90.00,SUCCESS
2025-12-22T18:41:19.073372+00:00,btc-updown-15m-1766428200,TRADE,UP,ACCUM,1,1,0.2200,0.2200,11,0.2928,10,0.7422,10,1.0350,-0.3496,0.09,-0.6424,0.3576,0.0000,89.78,SUCCESS
2025-12-22T18:41:24.460978+00:00,btc-updown-15m-1766428200,TRADE,DOWN,ACCUM,1,1,0.7203,0.7203,11,0.2928,11,0.7402,11,1.0330,-0.3627,0.00,-0.3627,-0.3627,0.0000,89.06,SUCCESS
2025-12-22T18:41:29.882117+00:00,btc-updown-15m-1766428200,TRADE,UP,ACCUM,1,1,0.2900,0.2900,12,0.2926,11,0.7402,11,1.0327,-0.3601,0.08,-0.6527,0.3473,0.0000,88.77,SUCCESS
2025-12-22T18:41:35.294998+00:00,btc-updown-15m-1766428200,TRADE,DOWN,ACCUM,1,1,0.6503,0.6503,12,0.2926,12,0.7327,12,1.0252,-0.3030,0.00,-0.3030,-0.3030,0.0000,88.12,SUCCESS
2025-12-22T18:41:40.817063+00:00,btc-updown-15m-1766428200,TRADE,UP,ACCUM,1,1,0.3901,0.3901,13,0.3001,12,0.7327,12,1.0328,-0.3930,0.08,-0.6931,0.3069,0.0000,87.73,SUCCESS
2025-12-22T18:41:46.241039+00:00,btc-updown-15m-1766428200,TRADE,DOWN,ACCUM,1,1,0.5601,0.5601,13,0.3001,13,0.7194,13,1.0195,-0.2532,0.00,-0.2532,-0.2532,0.0000,87.17,SUCCESS
2025-12-22T18:41:51.689793+00:00,btc-updown-15m-1766428200,TRADE,DOWN,ACCUM,1,1,0.4599,0.4599,13,0.3001,14,0.7009,13,1.0009,-0.0122,0.07,-0.7131,0.2869,0.0000,86.71,SUCCESS
2025-12-22T18:41:57.204977+00:00,btc-updown-15m-1766428200,TRADE,UP,ACCUM,1,1,0.5202,0.5202,14,0.3158,14,0.7009,14,1.0167,-0.2333,0.00,-0.2333,-0.2333,0.0000,86.19,SUCCESS
2025-12-22T18:42:02.603345+00:00,btc-updown-15m-1766428200,TRADE,DOWN,ACCUM,1,1,0.4302,0.4302,14,0.3158,15,0.6828,14,0.9986,0.0194,0.07,-0.6634,0.3366,0.0000,85.76,SUCCESS
2025-12-22T18:42:08.020273+00:00,btc-updown-15m-1766428200,TRADE,UP,ACCUM,1,1,0.6102,0.6102,15,0.3354,15,0.6828,15,1.0182,-0.2736,0.00,-0.2736,-0.2736,0.0000,85.15,SUCCESS
2025-12-22T18:45:04.082869+00:00,btc-updown-15m-1766428200,RESOLUTION,DOWN,BINANCE_FALLBACK,30,30,1.0000,15.2736,15,0.3354,15,0.6828,15,1.0182,-0.2736,0.00,0.0000,0.0000,-0.2736,100.15,RESOLVED
2025-12-22T18:53:53.840630+00:00,btc-updown-15m-1766429100,TRADE,UP,ACCUM,1,1,0.1600,0.1600,1,0.1600,0,0.0000,0,0.0000,0.0000,1.00,-0.1600,0.8400,0.0000,99.99,SUCCESS
2025-12-22T18:53:59.263204+00:00,btc-updown-15m-1766429100,TRADE,DOWN,ACCUM,1,1,0.8601,0.8601,1,0.1600,1,0.8601,1,1.0201,-0.0201,0.00,-0.0201,-0.0201,0.0000,99.13,SUCCESS
2025-12-22T18:54:04.663406+00:00,btc-updown-15m-1766429100,TRADE,UP,ACCUM,1,1,0.1500,0.1500,2,0.1550,1,0.8601,1,1.0151,-0.0151,0.50,-0.1701,0.8299,0.0000,98.98,SUCCESS
2025-12-22T18:54:20.913334+00:00,btc-updown-15m-1766429100,TRADE,DOWN,ACCUM,1,1,0.8502,0.8502,2,0.1550,2,0.8552,2,1.0102,-0.0204,0.00,-0.0204,-0.0204,0.0000,98.12,SUCCESS
2025-12-22T18:54:26.449577+00:00,btc-updown-15m-1766429100,TRADE,UP,ACCUM,1,1,0.1700,0.1700,3,0.1600,2,0.8552,2,1.0152,-0.0304,0.33,-0.1904,0.8096,0.0000,97.95,SUCCESS
2025-12-22T18:54:31.850695+00:00,btc-updown-15m-1766429100,TRADE,DOWN,ACCUM,1,1,0.8501,0.8501,3,0.1600,3,0.8535,3,1.0135,-0.0404,0.00,-0.0404,-0.0404,0.0000,97.10,SUCCESS
2025-12-22T18:54:37.267933+00:00,btc-updown-15m-1766429100,TRADE,UP,ACCUM,1,1,0.1800,0.1800,4,0.1650,3,0.8535,3,1.0185,-0.0554,0.25,-0.2204,0.7796,0.0000,96.92,SUCCESS
2025-12-22T18:54:53.618045+00:00,btc-updown-15m-1766429100,TRADE,DOWN,ACCUM,1,1,0.8102,0.8102,4,0.1650,4,0.8426,4,1.0077,-0.0306,0.00,-0.0306,-0.0306,0.0000,96.11,SUCCESS
2025-12-22T18:54:59.042979+00:00,btc-updown-15m-1766429100,TRADE,UP,ACCUM,1,1,0.2000,0.2000,5,0.1720,4,0.8426,4,1.0147,-0.0586,0.20,-0.2307,0.7693,0.0000,95.91,SUCCESS
2025-12-22T18:55:04.447284+00:00,btc-updown-15m-1766429100,TRADE,DOWN,ACCUM,1,1,0.8401,0.8401,5,0.1720,5,0.8421,5,1.0142,-0.0708,0.00,-0.0708,-0.0708,0.0000,95.07,SUCCESS
2025-12-22T18:55:09.840870+00:00,btc-updown-15m-1766429100,TRADE,UP,ACCUM,1,1,0.1800,0.1800,6,0.1734,5,0.8421,5,1.0155,-0.0774,0.17,-0.2508,0.7492,0.0000,94.89,SUCCESS
2025-12-22T18:55:15.260422+00:00,btc-updown-15m-1766429100,TRADE,DOWN,ACCUM,1,1,0.8403,0.8403,6,0.1734,6,0.8418,6,1.0152,-0.0911,0.00,-0.0911,-0.0911,0.0000,94.05,SUCCESS
2025-12-22T18:55:20.818683+00:00,btc-updown-15m-1766429100,TRADE,UP,ACCUM,1,1,0.1701,0.1701,7,0.1729,6,0.8418,6,1.0147,-0.0883,0.14,-0.2612,0.7388,0.0000,93.88,SUCCESS
2025-12-22T18:55:31.653688+00:00,btc-updown-15m-1766429100,TRADE,DOWN,ACCUM,1,1,0.7902,0.7902,7,0.1729,7,0.8345,7,1.0073,-0.0514,0.00,-0.0514,-0.0514,0.0000,93.09,SUCCESS
2025-12-22T18:55:37.181596+00:00,btc-updown-15m-1766429100,TRADE,UP,ACCUM,1,1,0.1901,0.1901,8,0.1750,7,0.8345,7,1.0095,-0.0664,0.12,-0.2415,0.7585,0.0000,92.90,SUCCESS
2025-12-22T18:55:42.566787+00:00,btc-updown-15m-1766429100,TRADE,DOWN,ACCUM,1,1,0.8098,0.8098,8,0.1750,8,0.8314,8,1.0064,-0.0512,0.00,-0.0512,-0.0512,0.0000,92.09,SUCCESS
2025-12-22T18:55:47.984843+00:00,btc-updown-15m-1766429100,TRADE,UP,ACCUM,1,1,0.1901,0.1901,9,0.1767,8,0.8314,8,1.0081,-0.0646,0.11,-0.2413,0.7587,0.0000,91.90,SUCCESS
2025-12-22T18:55:53.397840+00:00,btc-updown-15m-1766429100,TRADE,DOWN,ACCUM,1,1,0.8202,0.8202,9,0.1767,9,0.8301,9,1.0068,-0.0615,0.00,-0.0615,-0.0615,0.0000,91.08,SUCCESS
2025-12-22T18:56:09.576013+00:00,btc-updown-15m-1766429100,TRADE,UP,ACCUM,1,1,0.1701,0.1701,10,0.1760,9,0.8301,9,1.0062,-0.0555,0.10,-0.2315,0.7685,0.0000,90.91,SUCCESS
2025-12-22T18:56:14.991499+00:00,btc-updown-15m-1766429100,TRADE,DOWN,ACCUM,1,1,0.8404,0.8404,10,0.1760,10,0.8312,10,1.0072,-0.0719,0.00,-0.0719,-0.0719,0.0000,90.07,SUCCESS
2025-12-22T18:56:20.368692+00:00,btc-updown-15m-1766429100,TRADE,UP,ACCUM,1,1,0.1500,0.1500,11,0.1737,10,0.8312,10,1.0048,-0.0483,0.09,-0.2220,0.7780,0.0000,89.92,SUCCESS
2025-12-22T18:56:25.786240+00:00,btc-updown-15m-1766429100,TRADE,DOWN,ACCUM,1,1,0.9100,0.9100,11,0.1737,11,0.8383,11,1.0120,-0.1320,0.00,-0.1320,-0.1320,0.0000,89.01,SUCCESS
2025-12-22T18:56:31.168354+00:00,btc-updown-15m-1766429100,TRADE,UP,ACCUM,1,1,0.0900,0.0900,12,0.1667,11,0.8383,11,1.0050,-0.0553,0.08,-0.2220,0.7780,0.0000,88.92,SUCCESS
2025-12-22T18:56:47.367883+00:00,btc-updown-15m-1766429100,TRADE,DOWN,ACCUM,1,1,0.8804,0.8804,12,0.1667,12,0.8418,12,1.0085,-0.1024,0.00,-0.1024,-0.1024,0.0000,88.04,SUCCESS
2025-12-22T18:56:58.263018+00:00,btc-updown-15m-1766429100,TRADE,UP,ACCUM,1,1,0.1101,0.1101,13,0.1623,12,0.8418,12,1.0042,-0.0501,0.08,-0.2124,0.7876,0.0000,87.93,SUCCESS
2025-12-22T18:57:03.645771+00:00,btc-updown-15m-1766429100,TRADE,DOWN,ACCUM,1,1,0.9204,0.9204,13,0.1623,13,0.8479,13,1.0102,-0.1329,0.00,-0.1329,-0.1329,0.0000,87.01,SUCCESS
2025-12-22T18:57:09.157809+00:00,btc-updown-15m-1766429100,TRADE,UP,ACCUM,1,1,0.0800,0.0800,14,0.1565,13,0.8479,13,1.0043,-0.0564,0.07,-0.2129,0.7871,0.0000,86.93,SUCCESS
2025-12-22T18:57:14.558013+00:00,btc-updown-15m-1766429100,TRADE,DOWN,ACCUM,1,1,0.9302,0.9302,14,0.1565,14,0.8538,14,1.0102,-0.1430,0.00,-0.1430,-0.1430,0.0000,86.00,SUCCESS
2025-12-22T18:57:19.946286+00:00,btc-updown-15m-1766429100,TRADE,UP,ACCUM,1,1,0.0800,0.0800,15,0.1514,14,0.8538,14,1.0051,-0.0717,0.07,-0.2231,0.7769,0.0000,85.92,SUCCESS
2025-12-22T18:57:25.493503+00:00,btc-updown-15m-1766429100,TRADE,DOWN,ACCUM,1,1,0.9304,0.9304,15,0.1514,15,0.8589,15,1.0102,-0.1534,0.00,-0.1534,-0.1534,0.0000,84.99,SUCCESS
2025-12-22T19:00:01.933053+00:00,btc-updown-15m-1766429100,RESOLUTION,DOWN,BINANCE_FALLBACK,30,30,1.0000,15.1534,15,0.1514,15,0.8589,15,1.0102,-0.1534,0.00,0.0000,0.0000,-0.1534,99.99,RESOLVED
2025-12-22T19:08:56.410619+00:00,btc-updown-15m-1766430000,TRADE,UP,ACCUM,1,1,0.0400,0.0400,1,0.0400,0,0.0000,0,0.0000,0.0000,1.00,-0.0400,0.9600,0.0000,99.95,SUCCESS
2025-12-22T19:09:07.446025+00:00,btc-updown-15m-1766430000,TRADE,DOWN,ACCUM,1,1,0.9502,0.9502,1,0.0400,1,0.9502,1,0.9902,0.0098,0.00,0.0098,0.0098,0.0000,99.00,SUCCESS
2025-12-22T19:09:12.852887+00:00,btc-updown-15m-1766430000,TRADE,UP,ACCUM,1,1,0.0600,0.0600,2,0.0500,1,0.9502,1,1.0003,-0.0003,0.50,-0.0503,0.9497,0.0000,98.94,SUCCESS
2025-12-22T19:09:18.242985+00:00,btc-updown-15m-1766430000,TRADE,DOWN,ACCUM,1,1,0.9503,0.9503,2,0.0500,2,0.9503,2,1.0003,-0.0006,0.00,-0.0006,-0.0006,0.0000,97.99,SUCCESS
2025-12-22T19:09:23.746125+00:00,btc-updown-15m-1766430000,TRADE,UP,ACCUM,1,1,0.0600,0.0600,3,0.0533,2,0.9503,2,1.0036,-0.0073,0.33,-0.0606,0.9394,0.0000,97.93,SUCCESS
2025-12-22T19:09:29.134827+00:00,btc-updown-15m-1766430000,TRADE,DOWN,ACCUM,1,1,0.9503,0.9503,3,0.0533,3,0.9503,3,1.0036,-0.0109,0.00,-0.0109,-0.0109,0.0000,96.98,SUCCESS
2025-12-22T19:09:34.527878+00:00,btc-updown-15m-1766430000,TRADE,UP,ACCUM,1,1,0.0700,0.0700,4,0.0575,3,0.9503,3,1.0078,-0.0234,0.25,-0.0809,0.9191,0.0000,96.91,SUCCESS
2025-12-22T19:09:39.953464+00:00,btc-updown-15m-1766430000,TRADE,DOWN,ACCUM,1,1,0.9402,0.9402,4,0.0575,4,0.9478,4,1.0053,-0.0211,0.00,-0.0211,-0.0211,0.0000,95.97,SUCCESS
2025-12-22T19:09:45.342602+00:00,btc-updown-15m-1766430000,TRADE,UP,ACCUM,1,1,0.1000,0.1000,5,0.0660,4,0.9478,4,1.0138,-0.0551,0.20,-0.1211,0.8789,0.0000,95.87,SUCCESS
2025-12-22T19:09:50.755630+00:00,btc-updown-15m-1766430000,TRADE,DOWN,ACCUM,1,1,0.9103,0.9103,5,0.0660,5,0.9403,5,1.0063,-0.0314,0.00,-0.0314,-0.0314,0.0000,94.96,SUCCESS
2025-12-22T19:09:56.173201+00:00,btc-updown-15m-1766430000,TRADE,UP,ACCUM,1,1,0.0900,0.0900,6,0.0700,5,0.9403,5,1.0103,-0.0514,0.17,-0.1214,0.8786,0.0000,94.87,SUCCESS
2025-12-22T19:10:07.014044+00:00,btc-updown-15m-1766430000,TRADE,DOWN,ACCUM,1,1,0.9305,0.9305,6,0.0700,6,0.9386,6,1.0086,-0.0519,0.00,-0.0519,-0.0519,0.0000,93.94,SUCCESS
2025-12-22T19:10:12.418964+00:00,btc-updown-15m-1766430000,TRADE,UP,ACCUM,1,1,0.0900,0.0900,7,0.0729,6,0.9386,6,1.0115,-0.0690,0.14,-0.1419,0.8581,0.0000,93.85,SUCCESS
2025-12-22T19:15:00.623076+00:00,btc-updown-15m-1766430000,RESOLUTION,DOWN,BINANCE_FALLBACK,13,13,1.0000,6.1419,7,0.0729,6,0.9386,6,1.0115,-0.0690,0.14,0.0000,0.0000,-0.1419,99.85,RESOLVED
2025-12-22T19:24:12.794727+00:00,btc-updown-15m-1766430900,TRADE,DOWN,ACCUM,1,1,0.3301,0.3301,0,0.0000,1,0.3301,0,0.0000,0.0000,1.00,-0.3301,0.6699,0.0000,99.52,SUCCESS
2025-12-22T19:24:18.295693+00:00,btc-updown-15m-1766430900,TRADE,UP,ACCUM,1,1,0.6600,0.6600,1,0.6600,1,0.3301,1,0.9901,0.0099,0.00,0.0099,0.0099,0.0000,98.86,SUCCESS
2025-12-22T19:24:23.701248+00:00,btc-updown-15m-1766430900,TRADE,DOWN,ACCUM,1,1,0.3301,0.3301,1,0.6600,2,0.3301,1,0.9901,0.0099,0.50,-0.3202,0.6798,0.0000,98.53,SUCCESS
2025-12-22T19:24:29.200850+00:00,btc-updown-15m-1766430900,TRADE,UP,ACCUM,1,1,0.6903,0.6903,2,0.6752,2,0.3301,2,1.0052,-0.0105,0.00,-0.0105,-0.0105,0.0000,97.84,SUCCESS
2025-12-22T19:24:40.031802+00:00,btc-updown-15m-1766430900,TRADE,DOWN,ACCUM,1,1,0.2901,0.2901,2,0.6752,3,0.3167,2,0.9919,0.0162,0.33,-0.3006,0.6994,0.0000,97.55,SUCCESS
2025-12-22T19:24:45.544757+00:00,btc-updown-15m-1766430900,TRADE,UP,ACCUM,1,1,0.6701,0.6701,3,0.6735,3,0.3167,3,0.9902,0.0293,0.00,0.0293,0.0293,0.0000,96.88,SUCCESS
2025-12-22T19:24:50.945382+00:00,btc-updown-15m-1766430900,TRADE,DOWN,ACCUM,1,1,0.3301,0.3301,3,0.6735,4,0.3201,3,0.9936,0.0193,0.25,-0.3008,0.6992,0.0000,96.55,SUCCESS
2025-12-22T19:24:56.328175+00:00,btc-updown-15m-1766430900,TRADE,UP,ACCUM,1,1,0.6903,0.6903,4,0.6777,4,0.3201,4,0.9978,0.0089,0.00,0.0089,0.0089,0.0000,95.86,SUCCESS
2025-12-22T19:25:01.839728+00:00,btc-updown-15m-1766430900,TRADE,DOWN,ACCUM,1,1,0.2900,0.2900,4,0.6777,5,0.3141,4,0.9918,0.0329,0.20,-0.2811,0.7189,0.0000,95.57,SUCCESS
2025-12-22T19:25:12.628137+00:00,btc-updown-15m-1766430900,TRADE,UP,ACCUM,1,1,0.6102,0.6102,5,0.6642,5,0.3141,5,0.9783,0.1087,0.00,0.1087,0.1087,0.0000,94.96,SUCCESS
2025-12-22T19:25:18.045928+00:00,btc-updown-15m-1766430900,TRADE,DOWN,ACCUM,1,1,0.4701,0.4701,5,0.6642,6,0.3401,5,1.0043,-0.0214,0.17,-0.3614,0.6386,0.0000,94.49,SUCCESS
2025-12-22T19:25:23.431862+00:00,btc-updown-15m-1766430900,TRADE,UP,ACCUM,1,1,0.5300,0.5300,6,0.6418,6,0.3401,6,0.9819,0.1085,0.00,0.1085,0.1085,0.0000,93.96,SUCCESS
2025-12-22T19:25:28.832965+00:00,btc-updown-15m-1766430900,TRADE,UP,ACCUM,1,1,0.4801,0.4801,7,0.6187,6,0.3401,6,0.9588,0.2472,0.14,-0.3715,0.6285,0.0000,93.48,SUCCESS
2025-12-22T19:25:34.207607+00:00,btc-updown-15m-1766430900,TRADE,DOWN,ACCUM,1,1,0.6302,0.6302,7,0.6187,7,0.3815,7,1.0003,-0.0018,0.00,-0.0018,-0.0018,0.0000,92.85,SUCCESS
2025-12-22T19:25:39.612176+00:00,btc-updown-15m-1766430900,TRADE,UP,ACCUM,1,1,0.4102,0.4102,8,0.5927,7,0.3815,7,0.9742,0.1807,0.12,-0.4120,0.5880,0.0000,92.44,SUCCESS
2025-12-22T19:25:45.120765+00:00,btc-updown-15m-1766430900,TRADE,DOWN,ACCUM,1,1,0.7604,0.7604,8,0.5927,8,0.4289,8,1.0215,-0.1723,0.00,-0.1723,-0.1723,0.0000,91.68,SUCCESS
2025-12-22T19:25:50.532200+00:00,btc-updown-15m-1766430900,TRADE,UP,ACCUM,1,1,0.2501,0.2501,9,0.5546,8,0.4289,8,0.9835,0.1322,0.11,-0.4224,0.5776,0.0000,91.43,SUCCESS
2025-12-22T19:25:55.937881+00:00,btc-updown-15m-1766430900,TRADE,DOWN,ACCUM,1,1,0.7801,0.7801,9,0.5546,9,0.4679,9,1.0225,-0.2026,0.00,-0.2026,-0.2026,0.0000,90.65,SUCCESS
2025-12-22T19:26:06.873689+00:00,btc-updown-15m-1766430900,TRADE,UP,ACCUM,1,1,0.2400,0.2400,10,0.5231,9,0.4679,9,0.9911,0.0805,0.10,-0.4426,0.5574,0.0000,90.41,SUCCESS
2025-12-22T19:26:12.282960+00:00,btc-updown-15m-1766430900,TRADE,DOWN,ACCUM,1,1,0.7901,0.7901,10,0.5231,10,0.5001,10,1.0233,-0.2327,0.00,-0.2327,-0.2327,0.0000,89.62,SUCCESS
2025-12-22T19:26:17.733398+00:00,btc-updown-15m-1766430900,TRADE,UP,ACCUM,1,1,0.1701,0.1701,11,0.4910,10,0.5001,10,0.9912,0.0882,0.09,-0.4028,0.5972,0.0000,89.45,SUCCESS
2025-12-22T19:26:23.319036+00:00,btc-updown-15m-1766430900,TRADE,DOWN,ACCUM,1,1,0.8401,0.8401,11,0.4910,11,0.5310,11,1.0221,-0.2429,0.00,-0.2429,-0.2429,0.0000,88.61,SUCCESS
2025-12-22T19:26:28.743724+00:00,btc-updown-15m-1766430900,TRADE,UP,ACCUM,1,1,0.1901,0.1901,12,0.4660,11,0.5310,11,0.9970,0.0330,0.08,-0.4329,0.5671,0.0000,88.42,SUCCESS
2025-12-22T19:26:39.752831+00:00,btc-updown-15m-1766430900,TRADE,DOWN,ACCUM,1,1,0.8198,0.8198,12,0.4660,12,0.5551,12,1.0211,-0.2527,0.00,-0.2527,-0.2527,0.0000,87.60,SUCCESS
2025-12-22T19:26:56.072092+00:00,btc-updown-15m-1766430900,TRADE,UP,ACCUM,1,1,0.2000,0.2000,13,0.4455,12,0.5551,12,1.0006,-0.0073,0.08,-0.4528,0.5472,0.0000,87.40,SUCCESS
2025-12-22T19:27:06.882773+00:00,btc-updown-15m-1766430900,TRADE,DOWN,ACCUM,1,1,0.8501,0.8501,13,0.4455,13,0.5778,13,1.0233,-0.3029,0.00,-0.3029,-0.3029,0.0000,86.55,SUCCESS
2025-12-22T19:27:12.311797+00:00,btc-updown-15m-1766430900,TRADE,UP,ACCUM,1,1,0.0800,0.0800,14,0.4194,13,0.5778,13,0.9972,0.0365,0.07,-0.3829,0.6171,0.0000,86.47,SUCCESS
2025-12-22T19:27:17.877764+00:00,btc-updown-15m-1766430900,TRADE,DOWN,ACCUM,1,1,0.9096,0.9096,14,0.4194,14,0.6015,14,1.0209,-0.2925,0.00,-0.2925,-0.2925,0.0000,85.56,SUCCESS
2025-12-22T19:27:23.270360+00:00,btc-updown-15m-1766430900,TRADE,UP,ACCUM,1,1,0.0700,0.0700,15,0.3961,14,0.6015,14,0.9976,0.0336,0.07,-0.3625,0.6375,0.0000,85.49,SUCCESS
2025-12-22T19:27:28.685576+00:00,btc-updown-15m-1766430900,TRADE,DOWN,ACCUM,1,1,0.9402,0.9402,15,0.3961,15,0.6241,15,1.0202,-0.3027,0.00,-0.3027,-0.3027,0.0000,84.55,SUCCESS
2025-12-22T19:30:00.617031+00:00,btc-updown-15m-1766430900,RESOLUTION,DOWN,BINANCE_FALLBACK,30,30,1.0000,15.3027,15,0.3961,15,0.6241,15,1.0202,-0.3027,0.00,0.0000,0.0000,-0.3027,99.55,RESOLVED
2025-12-22T19:38:56.661157+00:00,btc-updown-15m-1766431800,TRADE,DOWN,ACCUM,1,1,0.4402,0.4402,0,0.0000,1,0.4402,0,0.0000,0.0000,1.00,-0.4402,0.5598,0.0000,99.11,SUCCESS
2025-12-22T19:39:02.060497+00:00,btc-updown-15m-1766431800,TRADE,UP,ACCUM,1,1,0.5601,0.5601,1,0.5601,1,0.4402,1,1.0003,-0.0003,0.00,-0.0003,-0.0003,0.0000,98.55,SUCCESS
2025-12-22T19:39:07.449158+00:00,btc-updown-15m-1766431800,TRADE,UP,ACCUM,1,1,0.4702,0.4702,2,0.5151,1,0.4402,1,0.9553,0.0447,0.50,-0.4705,0.5295,0.0000,98.08,SUCCESS
2025-12-22T19:39:12.851846+00:00,btc-updown-15m-1766431800,TRADE,DOWN,ACCUM,1,1,0.5402,0.5402,2,0.5151,2,0.4902,2,1.0053,-0.0106,0.00,-0.0106,-0.0106,0.0000,97.54,SUCCESS
2025-12-22T19:39:18.364362+00:00,btc-updown-15m-1766431800,TRADE,UP,ACCUM,1,1,0.4401,0.4401,3,0.4901,2,0.4902,2,0.9803,0.0394,0.33,-0.4507,0.5493,0.0000,97.10,SUCCESS
2025-12-22T19:39:23.769133+00:00,btc-updown-15m-1766431800,TRADE,DOWN,ACCUM,1,1,0.5502,0.5502,3,0.4901,3,0.5102,3,1.0003,-0.0009,0.00,-0.0009,-0.0009,0.0000,96.55,SUCCESS
2025-12-22T19:39:29.346052+00:00,btc-updown-15m-1766431800,TRADE,UP,ACCUM,1,1,0.4001,0.4001,4,0.4676,3,0.5102,3,0.9778,0.0666,0.25,-0.4010,0.5990,0.0000,96.15,SUCCESS
2025-12-22T19:39:40.171812+00:00,btc-updown-15m-1766431800,TRADE,DOWN,ACCUM,1,1,0.6401,0.6401,4,0.4676,4,0.5426,4,1.0103,-0.0411,0.00,-0.0411,-0.0411,0.0000,95.51,SUCCESS
2025-12-22T19:39:51.022663+00:00,btc-updown-15m-1766431800,TRADE,UP,ACCUM,1,1,0.2800,0.2800,5,0.4301,4,0.5426,4,0.9727,0.1090,0.20,-0.3211,0.6789,0.0000,95.23,SUCCESS
2025-12-22T19:39:56.510595+00:00,btc-updown-15m-1766431800,TRADE,DOWN,ACCUM,1,1,0.6897,0.6897,5,0.4301,5,0.5721,5,1.0022,-0.0108,0.00,-0.0108,-0.0108,0.0000,94.54,SUCCESS
2025-12-22T19:40:07.438920+00:00,btc-updown-15m-1766431800,TRADE,UP,ACCUM,1,1,0.2500,0.2500,6,0.4001,5,0.5721,5,0.9721,0.1393,0.17,-0.2608,0.7392,0.0000,94.29,SUCCESS
2025-12-22T19:40:12.944195+00:00,btc-updown-15m-1766431800,TRADE,DOWN,ACCUM,1,1,0.7901,0.7901,6,0.4001,6,0.6084,6,1.0085,-0.0509,0.00,-0.0509,-0.0509,0.0000,93.50,SUCCESS
2025-12-22T19:40:18.570840+00:00,btc-updown-15m-1766431800,TRADE,UP,ACCUM,1,1,0.2100,0.2100,7,0.3729,6,0.6084,6,0.9813,0.1120,0.14,-0.2609,0.7391,0.0000,93.29,SUCCESS
2025-12-22T19:40:24.133723+00:00,btc-updown-15m-1766431800,TRADE,DOWN,ACCUM,1,1,0.8202,0.8202,7,0.3729,7,0.6387,7,1.0116,-0.0811,0.00,-0.0811,-0.0811,0.0000,92.47,SUCCESS
2025-12-22T19:40:29.594585+00:00,btc-updown-15m-1766431800,TRADE,UP,ACCUM,1,1,0.2100,0.2100,8,0.3526,7,0.6387,7,0.9912,0.0614,0.12,-0.2911,0.7089,0.0000,92.26,SUCCESS
2025-12-22T19:40:34.981080+00:00,btc-updown-15m-1766431800,TRADE,DOWN,ACCUM,1,1,0.8002,0.8002,8,0.3526,8,0.6588,8,1.0114,-0.0913,0.00,-0.0913,-0.0913,0.0000,91.46,SUCCESS
2025-12-22T19:40:40.386597+00:00,btc-updown-15m-1766431800,TRADE,UP,ACCUM,1,1,0.2001,0.2001,9,0.3356,8,0.6588,8,0.9945,0.0442,0.11,-0.2914,0.7086,0.0000,91.26,SUCCESS
2025-12-22T19:40:45.789822+00:00,btc-updown-15m-1766431800,TRADE,DOWN,ACCUM,1,1,0.8403,0.8403,9,0.3356,9,0.6790,9,1.0146,-0.1317,0.00,-0.1317,-0.1317,0.0000,90.42,SUCCESS
2025-12-22T19:40:51.314704+00:00,btc-updown-15m-1766431800,TRADE,UP,ACCUM,1,1,0.1600,0.1600,10,0.3181,9,0.6790,9,0.9971,0.0264,0.10,-0.2917,0.7083,0.0000,90.26,SUCCESS
2025-12-22T19:41:07.523785+00:00,btc-updown-15m-1766431800,TRADE,DOWN,ACCUM,1,1,0.9502,0.9502,10,0.3181,10,0.7061,10,1.0242,-0.2419,0.00,-0.2419,-0.2419,0.0000,89.31,SUCCESS
2025-12-22T19:41:18.372708+00:00,btc-updown-15m-1766431800,TRADE,UP,ACCUM,1,1,0.0600,0.0600,11,0.2946,10,0.7061,10,1.0007,-0.0073,0.09,-0.3019,0.6981,0.0000,89.25,SUCCESS
2025-12-22T19:41:23.791601+00:00,btc-updown-15m-1766431800,TRADE,DOWN,ACCUM,1,1,0.9503,0.9503,11,0.2946,11,0.7283,11,1.0229,-0.2522,0.00,-0.2522,-0.2522,0.0000,88.29,SUCCESS
2025-12-22T19:41:29.303736+00:00,btc-updown-15m-1766431800,TRADE,UP,ACCUM,1,1,0.0700,0.0700,12,0.2759,11,0.7283,11,1.0042,-0.0464,0.08,-0.3222,0.6778,0.0000,88.22,SUCCESS
2025-12-22T19:41:40.108760+00:00,btc-updown-15m-1766431800,TRADE,DOWN,ACCUM,1,1,0.9404,0.9404,12,0.2759,12,0.7460,12,1.0219,-0.2627,0.00,-0.2627,-0.2627,0.0000,87.28,SUCCESS
2025-12-22T19:41:50.925195+00:00,btc-updown-15m-1766431800,TRADE,UP,ACCUM,1,1,0.0900,0.0900,13,0.2616,12,0.7460,12,1.0076,-0.0911,0.08,-0.3527,0.6473,0.0000,87.19,SUCCESS
2025-12-22T19:41:56.325485+00:00,btc-updown-15m-1766431800,TRADE,DOWN,ACCUM,1,1,0.9402,0.9402,13,0.2616,13,0.7609,13,1.0225,-0.2929,0.00,-0.2929,-0.2929,0.0000,86.25,SUCCESS
2025-12-22T19:42:01.724534+00:00,btc-updown-15m-1766431800,TRADE,UP,ACCUM,1,1,0.0800,0.0800,14,0.2486,13,0.7609,13,1.0096,-0.1243,0.07,-0.3729,0.6271,0.0000,86.17,SUCCESS
2025-12-22T19:42:34.304591+00:00,btc-updown-15m-1766431800,TRADE,DOWN,ACCUM,1,1,0.9503,0.9503,14,0.2486,14,0.7745,14,1.0231,-0.3233,0.00,-0.3233,-0.3233,0.0000,85.22,SUCCESS
2025-12-22T19:42:39.689227+00:00,btc-updown-15m-1766431800,TRADE,UP,ACCUM,1,1,0.0500,0.0500,15,0.2354,14,0.7745,14,1.0099,-0.1379,0.07,-0.3733,0.6267,0.0000,85.17,SUCCESS
2025-12-22T19:45:01.116471+00:00,btc-updown-15m-1766431800,RESOLUTION,DOWN,BINANCE_FALLBACK,29,29,1.0000,14.3733,15,0.2354,14,0.7745,14,1.0099,-0.1379,0.07,0.0000,0.0000,-0.3733,99.17,RESOLVED
2025-12-22T19:54:07.399166+00:00,btc-updown-15m-1766432700,TRADE,UP,ACCUM,1,1,0.1000,0.1000,1,0.1000,0,0.0000,0,0.0000,0.0000,1.00,-0.1000,0.9000,0.0000,99.07,SUCCESS
2025-12-22T19:54:12.821282+00:00,btc-updown-15m-1766432700,TRADE,DOWN,ACCUM,1,1,0.9099,0.9099,1,0.1000,1,0.9099,1,1.0100,-0.0100,0.00,-0.0100,-0.0100,0.0000,98.16,SUCCESS
2025-12-22T19:54:18.209961+00:00,btc-updown-15m-1766432700,TRADE,UP,ACCUM,1,1,0.1100,0.1100,2,0.1050,1,0.9099,1,1.0149,-0.0149,0.50,-0.1200,0.8800,0.0000,98.05,SUCCESS
2025-12-22T19:54:23.608134+00:00,btc-updown-15m-1766432700,TRADE,DOWN,ACCUM,1,1,0.9397,0.9397,2,0.1050,2,0.9248,2,1.0298,-0.0597,0.00,-0.0597,-0.0597,0.0000,97.11,SUCCESS
2025-12-22T19:54:29.139594+00:00,btc-updown-15m-1766432700,TRADE,UP,ACCUM,1,1,0.0700,0.0700,3,0.0934,2,0.9248,2,1.0182,-0.0363,0.33,-0.1297,0.8703,0.0000,97.04,SUCCESS
2025-12-22T19:54:34.608473+00:00,btc-updown-15m-1766432700,TRADE,DOWN,ACCUM,1,1,0.9504,0.9504,3,0.0934,3,0.9333,3,1.0267,-0.0801,0.00,-0.0801,-0.0801,0.0000,96.09,SUCCESS
2025-12-22T19:54:45.404652+00:00,btc-updown-15m-1766432700,TRADE,UP,ACCUM,1,1,0.0500,0.0500,4,0.0825,3,0.9333,3,1.0159,-0.0476,0.25,-0.1301,0.8699,0.0000,96.04,SUCCESS
2025-12-22T19:54:56.202159+00:00,btc-updown-15m-1766432700,TRADE,DOWN,ACCUM,1,1,0.9402,0.9402,4,0.0825,4,0.9351,4,1.0176,-0.0703,0.00,-0.0703,-0.0703,0.0000,95.10,SUCCESS
2025-12-22T19:55:01.611276+00:00,btc-updown-15m-1766432700,TRADE,UP,ACCUM,1,1,0.0800,0.0800,5,0.0820,4,0.9351,4,1.0171,-0.0683,0.20,-0.1503,0.8497,0.0000,95.02,SUCCESS
2025-12-22T20:00:05.478374+00:00,btc-updown-15m-1766432700,RESOLUTION,DOWN,BINANCE_FALLBACK,9,9,1.0000,4.1503,5,0.0820,4,0.9351,4,1.0171,-0.0683,0.20,0.0000,0.0000,-0.1503,99.02,RESOLVED
2025-12-22T20:08:57.664024+00:00,btc-updown-15m-1766433600,TRADE,DOWN,ACCUM,1,1,0.1200,0.1200,0,0.0000,1,0.1200,0,0.0000,0.0000,1.00,-0.1200,0.8800,0.0000,98.90,SUCCESS
2025-12-22T20:09:03.071837+00:00,btc-updown-15m-1766433600,TRADE,UP,ACCUM,1,1,0.8901,0.8901,1,0.8901,1,0.1200,1,1.0101,-0.0101,0.00,-0.0101,-0.0101,0.0000,98.01,SUCCESS
2025-12-22T20:09:08.451838+00:00,btc-updown-15m-1766433600,TRADE,DOWN,ACCUM,1,1,0.1100,0.1100,1,0.8901,2,0.1150,1,1.0051,-0.0051,0.50,-0.1201,0.8799,0.0000,97.90,SUCCESS
2025-12-22T20:09:13.836689+00:00,btc-updown-15m-1766433600,TRADE,UP,ACCUM,1,1,0.9001,0.9001,2,0.8951,2,0.1150,2,1.0101,-0.0202,0.00,-0.0202,-0.0202,0.0000,97.00,SUCCESS
2025-12-22T20:09:24.746554+00:00,btc-updown-15m-1766433600,TRADE,DOWN,ACCUM,1,1,0.2501,0.2501,2,0.8951,3,0.1600,2,1.0551,-0.1103,0.33,-0.2703,0.7297,0.0000,96.75,SUCCESS
2025-12-22T20:09:41.077297+00:00,btc-updown-15m-1766433600,TRADE,UP,ACCUM,1,1,0.7801,0.7801,3,0.8568,3,0.1600,3,1.0168,-0.0504,0.00,-0.0504,-0.0504,0.0000,95.97,SUCCESS
2025-12-22T20:09:51.869665+00:00,btc-updown-15m-1766433600,TRADE,DOWN,ACCUM,1,1,0.2001,0.2001,3,0.8568,4,0.1700,3,1.0268,-0.0804,0.25,-0.2505,0.7495,0.0000,95.77,SUCCESS
2025-12-22T20:09:57.247713+00:00,btc-updown-15m-1766433600,TRADE,UP,ACCUM,1,1,0.8103,0.8103,4,0.8452,4,0.1700,4,1.0152,-0.0608,0.00,-0.0608,-0.0608,0.0000,94.96,SUCCESS
2025-12-22T20:10:02.652191+00:00,btc-updown-15m-1766433600,TRADE,DOWN,ACCUM,1,1,0.2000,0.2000,4,0.8452,5,0.1760,4,1.0212,-0.0848,0.20,-0.2608,0.7392,0.0000,94.76,SUCCESS
2025-12-22T20:10:08.034619+00:00,btc-updown-15m-1766433600,TRADE,UP,ACCUM,1,1,0.7900,0.7900,5,0.8341,5,0.1760,5,1.0102,-0.0508,0.00,-0.0508,-0.0508,0.0000,93.97,SUCCESS
2025-12-22T20:10:13.531944+00:00,btc-updown-15m-1766433600,TRADE,DOWN,ACCUM,1,1,0.1801,0.1801,5,0.8341,6,0.1767,5,1.0108,-0.0542,0.17,-0.2309,0.7691,0.0000,93.79,SUCCESS
2025-12-22T20:10:29.714107+00:00,btc-updown-15m-1766433600,TRADE,UP,ACCUM,1,1,0.8203,0.8203,6,0.8318,6,0.1767,6,1.0085,-0.0512,0.00,-0.0512,-0.0512,0.0000,92.97,SUCCESS
2025-12-22T20:10:35.125164+00:00,btc-updown-15m-1766433600,TRADE,DOWN,ACCUM,1,1,0.1801,0.1801,6,0.8318,7,0.1772,6,1.0090,-0.0541,0.14,-0.2312,0.7688,0.0000,92.79,SUCCESS
2025-12-22T20:10:40.618057+00:00,btc-updown-15m-1766433600,TRADE,UP,ACCUM,1,1,0.8400,0.8400,7,0.8330,7,0.1772,7,1.0102,-0.0712,0.00,-0.0712,-0.0712,0.0000,91.95,SUCCESS
2025-12-22T20:10:46.169403+00:00,btc-updown-15m-1766433600,TRADE,DOWN,ACCUM,1,1,0.1500,0.1500,7,0.8330,8,0.1738,7,1.0068,-0.0475,0.12,-0.2213,0.7787,0.0000,91.80,SUCCESS
2025-12-22T20:10:57.151352+00:00,btc-updown-15m-1766433600,TRADE,UP,ACCUM,1,1,0.8604,0.8604,8,0.8364,8,0.1738,8,1.0102,-0.0816,0.00,-0.0816,-0.0816,0.0000,90.94,SUCCESS
2025-12-22T20:11:02.549881+00:00,btc-updown-15m-1766433600,TRADE,DOWN,ACCUM,1,1,0.0800,0.0800,8,0.8364,9,0.1634,8,0.9998,0.0017,0.11,-0.1616,0.8384,0.0000,90.86,SUCCESS
2025-12-22T20:11:13.396246+00:00,btc-updown-15m-1766433600,TRADE,UP,ACCUM,1,1,0.9103,0.9103,9,0.8446,9,0.1634,9,1.0080,-0.0719,0.00,-0.0719,-0.0719,0.0000,89.95,SUCCESS
2025-12-22T20:11:18.860618+00:00,btc-updown-15m-1766433600,TRADE,DOWN,ACCUM,1,1,0.1201,0.1201,9,0.8446,10,0.1590,9,1.0037,-0.0329,0.10,-0.1920,0.8080,0.0000,89.83,SUCCESS
2025-12-22T20:11:29.708012+00:00,btc-updown-15m-1766433600,TRADE,UP,ACCUM,1,1,0.9301,0.9301,10,0.8532,10,0.1590,10,1.0122,-0.1221,0.00,-0.1221,-0.1221,0.0000,88.90,SUCCESS
2025-12-22T20:11:40.613388+00:00,btc-updown-15m-1766433600,TRADE,DOWN,ACCUM,1,1,0.1400,0.1400,10,0.8532,11,0.1573,10,1.0105,-0.1048,0.09,-0.2621,0.7379,0.0000,88.76,SUCCESS
2025-12-22T20:11:46.032513+00:00,btc-updown-15m-1766433600,TRADE,UP,ACCUM,1,1,0.8703,0.8703,11,0.8547,11,0.1573,11,1.0120,-0.1324,0.00,-0.1324,-0.1324,0.0000,87.89,SUCCESS
2025-12-22T20:11:51.639910+00:00,btc-updown-15m-1766433600,TRADE,DOWN,ACCUM,1,1,0.1301,0.1301,11,0.8547,12,0.1550,11,1.0098,-0.1074,0.08,-0.2624,0.7376,0.0000,87.76,SUCCESS
2025-12-22T20:11:57.063325+00:00,btc-updown-15m-1766433600,TRADE,UP,ACCUM,1,1,0.9399,0.9399,12,0.8618,12,0.1550,12,1.0169,-0.2023,0.00,-0.2023,-0.2023,0.0000,86.82,SUCCESS
2025-12-22T20:12:02.486599+00:00,btc-updown-15m-1766433600,TRADE,DOWN,ACCUM,1,1,0.0700,0.0700,12,0.8618,13,0.1485,12,1.0103,-0.1238,0.08,-0.2723,0.7277,0.0000,86.75,SUCCESS
2025-12-22T20:12:07.941889+00:00,btc-updown-15m-1766433600,TRADE,UP,ACCUM,1,1,0.8303,0.8303,13,0.8594,13,0.1485,13,1.0079,-0.1026,0.00,-0.1026,-0.1026,0.0000,85.92,SUCCESS
2025-12-22T20:12:13.386638+00:00,btc-updown-15m-1766433600,TRADE,DOWN,ACCUM,1,1,0.1300,0.1300,13,0.8594,14,0.1472,13,1.0066,-0.0854,0.07,-0.2326,0.7674,0.0000,85.79,SUCCESS
2025-12-22T20:12:18.778111+00:00,btc-updown-15m-1766433600,TRADE,UP,ACCUM,1,1,0.8901,0.8901,14,0.8616,14,0.1472,14,1.0088,-0.1227,0.00,-0.1227,-0.1227,0.0000,84.90,SUCCESS
2025-12-22T20:12:29.739780+00:00,btc-updown-15m-1766433600,TRADE,DOWN,ACCUM,1,1,0.2000,0.2000,14,0.8616,15,0.1507,14,1.0123,-0.1720,0.07,-0.3227,0.6773,0.0000,84.70,SUCCESS
2025-12-22T20:12:40.639898+00:00,btc-updown-15m-1766433600,TRADE,UP,ACCUM,1,1,0.8102,0.8102,15,0.8582,15,0.1507,15,1.0089,-0.1329,0.00,-0.1329,-0.1329,0.0000,83.89,SUCCESS
2025-12-22T20:15:02.128901+00:00,btc-updown-15m-1766433600,RESOLUTION,DOWN,BINANCE_FALLBACK,30,30,1.0000,15.1329,15,0.8582,15,0.1507,15,1.0089,-0.1329,0.00,0.0000,0.0000,-0.1329,98.89,RESOLVED
2025-12-22T20:23:58.047208+00:00,btc-updown-15m-1766434500,TRADE,UP,ACCUM,1,1,0.2100,0.2100,1,0.2100,0,0.0000,0,0.0000,0.0000,1.00,-0.2100,0.7900,0.0000,98.68,SUCCESS
2025-12-22T20:24:03.439939+00:00,btc-updown-15m-1766434500,TRADE,DOWN,ACCUM,1,1,0.8101,0.8101,1,0.2100,1,0.8101,1,1.0201,-0.0201,0.00,-0.0201,-0.0201,0.0000,97.87,SUCCESS
2025-12-22T20:24:08.845471+00:00,btc-updown-15m-1766434500,TRADE,UP,ACCUM,1,1,0.2200,0.2200,2,0.2150,1,0.8101,1,1.0251,-0.0251,0.50,-0.2402,0.7598,0.0000,97.65,SUCCESS
2025-12-22T20:24:14.238726+00:00,btc-updown-15m-1766434500,TRADE,DOWN,ACCUM,1,1,0.8401,0.8401,2,0.2150,2,0.8251,2,1.0401,-0.0802,0.00,-0.0802,-0.0802,0.0000,96.81,SUCCESS
2025-12-22T20:24:19.764337+00:00,btc-updown-15m-1766434500,TRADE,UP,ACCUM,1,1,0.1999,0.1999,3,0.2100,2,0.8251,2,1.0351,-0.0702,0.33,-0.2802,0.7198,0.0000,96.61,SUCCESS
2025-12-22T20:24:25.217462+00:00,btc-updown-15m-1766434500,TRADE,DOWN,ACCUM,1,1,0.7901,0.7901,3,0.2100,3,0.8134,3,1.0234,-0.0703,0.00,-0.0703,-0.0703,0.0000,95.82,SUCCESS
2025-12-22T20:24:36.021094+00:00,btc-updown-15m-1766434500,TRADE,UP,ACCUM,1,1,0.2900,0.2900,4,0.2300,3,0.8134,3,1.0434,-0.1303,0.25,-0.3604,0.6396,0.0000,95.53,SUCCESS
2025-12-22T20:24:46.867226+00:00,btc-updown-15m-1766434500,TRADE,DOWN,ACCUM,1,1,0.8300,0.8300,4,0.2300,4,0.8176,4,1.0476,-0.1904,0.00,-0.1904,-0.1904,0.0000,94.70,SUCCESS
2025-12-22T20:24:52.271799+00:00,btc-updown-15m-1766434500,TRADE,UP,ACCUM,1,1,0.1801,0.1801,5,0.2200,4,0.8176,4,1.0376,-0.1504,0.20,-0.3705,0.6295,0.0000,94.52,SUCCESS
2025-12-22T20:24:57.686376+00:00,btc-updown-15m-1766434500,TRADE,DOWN,ACCUM,1,1,0.8403,0.8403,5,0.2200,5,0.8221,5,1.0422,-0.2108,0.00,-0.2108,-0.2108,0.0000,93.68,SUCCESS
2025-12-22T20:25:03.091314+00:00,btc-updown-15m-1766434500,TRADE,UP,ACCUM,1,1,0.1100,0.1100,6,0.2017,5,0.8221,5,1.0238,-0.1192,0.17,-0.3208,0.6792,0.0000,93.57,SUCCESS
2025-12-22T20:25:08.502182+00:00,btc-updown-15m-1766434500,TRADE,DOWN,ACCUM,1,1,0.9202,0.9202,6,0.2017,6,0.8385,6,1.0402,-0.2411,0.00,-0.2411,-0.2411,0.0000,92.65,SUCCESS
2025-12-22T20:25:13.917839+00:00,btc-updown-15m-1766434500,TRADE,UP,ACCUM,1,1,0.0800,0.0800,7,0.1843,6,0.8385,6,1.0228,-0.1368,0.14,-0.3211,0.6789,0.0000,92.57,SUCCESS
2025-12-22T20:25:19.330099+00:00,btc-updown-15m-1766434500,TRADE,DOWN,ACCUM,1,1,0.9404,0.9404,7,0.1843,7,0.8530,7,1.0374,-0.2615,0.00,-0.2615,-0.2615,0.0000,91.63,SUCCESS
2025-12-22T20:25:24.812357+00:00,btc-updown-15m-1766434500,TRADE,UP,ACCUM,1,1,0.0900,0.0900,8,0.1725,7,0.8530,7,1.0256,-0.1790,0.12,-0.3515,0.6485,0.0000,91.54,SUCCESS
2025-12-22T20:25:30.239748+00:00,btc-updown-15m-1766434500,TRADE,DOWN,ACCUM,1,1,0.9104,0.9104,8,0.1725,8,0.8602,8,1.0327,-0.2619,0.00,-0.2619,-0.2619,0.0000,90.63,SUCCESS
2025-12-22T20:25:35.639663+00:00,btc-updown-15m-1766434500,TRADE,UP,ACCUM,1,1,0.1201,0.1201,9,0.1667,8,0.8602,8,1.0269,-0.2152,0.11,-0.3819,0.6181,0.0000,90.51,SUCCESS
2025-12-22T20:25:41.061068+00:00,btc-updown-15m-1766434500,TRADE,DOWN,ACCUM,1,1,0.8800,0.8800,9,0.1667,9,0.8624,9,1.0291,-0.2619,0.00,-0.2619,-0.2619,0.0000,89.63,SUCCESS
2025-12-22T20:25:46.569671+00:00,btc-updown-15m-1766434500,TRADE,UP,ACCUM,1,1,0.1300,0.1300,10,0.1630,9,0.8624,9,1.0254,-0.2289,0.10,-0.3919,0.6081,0.0000,89.50,SUCCESS
2025-12-22T20:25:51.952850+00:00,btc-updown-15m-1766434500,TRADE,DOWN,ACCUM,1,1,0.8902,0.8902,10,0.1630,10,0.8652,10,1.0282,-0.2821,0.00,-0.2821,-0.2821,0.0000,88.61,SUCCESS
2025-12-22T20:25:57.488089+00:00,btc-updown-15m-1766434500,TRADE,UP,ACCUM,1,1,0.1300,0.1300,11,0.1600,10,0.8652,10,1.0252,-0.2521,0.09,-0.4121,0.5879,0.0000,88.48,SUCCESS
2025-12-22T20:26:08.317614+00:00,btc-updown-15m-1766434500,TRADE,DOWN,ACCUM,1,1,0.8703,0.8703,11,0.1600,11,0.8657,11,1.0257,-0.2825,0.00,-0.2825,-0.2825,0.0000,87.61,SUCCESS
2025-12-22T20:26:13.864830+00:00,btc-updown-15m-1766434500,TRADE,UP,ACCUM,1,1,0.1101,0.1101,12,0.1559,11,0.8657,11,1.0215,-0.2367,0.08,-0.3925,0.6075,0.0000,87.50,SUCCESS
2025-12-22T20:26:19.291505+00:00,btc-updown-15m-1766434500,TRADE,DOWN,ACCUM,1,1,0.9305,0.9305,12,0.1559,12,0.8711,12,1.0269,-0.3230,0.00,-0.3230,-0.3230,0.0000,86.57,SUCCESS
2025-12-22T20:26:30.250739+00:00,btc-updown-15m-1766434500,TRADE,UP,ACCUM,1,1,0.1000,0.1000,13,0.1516,12,0.8711,12,1.0226,-0.2714,0.08,-0.4230,0.5770,0.0000,86.47,SUCCESS
2025-12-22T20:26:35.669478+00:00,btc-updown-15m-1766434500,TRADE,DOWN,ACCUM,1,1,0.9503,0.9503,13,0.1516,13,0.8772,13,1.0287,-0.3733,0.00,-0.3733,-0.3733,0.0000,85.52,SUCCESS
2025-12-22T20:26:41.203550+00:00,btc-updown-15m-1766434500,TRADE,UP,ACCUM,1,1,0.0600,0.0600,14,0.1450,13,0.8772,13,1.0222,-0.2883,0.07,-0.4333,0.5667,0.0000,85.46,SUCCESS
2025-12-22T20:27:08.376806+00:00,btc-updown-15m-1766434500,TRADE,DOWN,ACCUM,1,1,0.9502,0.9502,14,0.1450,14,0.8824,14,1.0274,-0.3835,0.00,-0.3835,-0.3835,0.0000,84.51,SUCCESS
2025-12-22T20:27:13.778006+00:00,btc-updown-15m-1766434500,TRADE,UP,ACCUM,1,1,0.0900,0.0900,15,0.1414,14,0.8824,14,1.0237,-0.3322,0.07,-0.4735,0.5265,0.0000,84.42,SUCCESS
2025-12-22T20:27:19.189100+00:00,btc-updown-15m-1766434500,TRADE,DOWN,ACCUM,1,1,0.9301,0.9301,15,0.1414,15,0.8856,15,1.0269,-0.4036,0.00,-0.4036,-0.4036,0.0000,83.49,SUCCESS
2025-12-22T20:30:00.718736+00:00,btc-updown-15m-1766434500,RESOLUTION,DOWN,BINANCE_FALLBACK,30,30,1.0000,15.4036,15,0.1414,15,0.8856,15,1.0269,-0.4036,0.00,0.0000,0.0000,-0.4036,98.49,RESOLVED
2025-12-22T20:38:55.879557+00:00,btc-updown-15m-1766435400,TRADE,DOWN,ACCUM,1,1,0.3701,0.3701,0,0.0000,1,0.3701,0,0.0000,0.0000,1.00,-0.3701,0.6299,0.0000,98.12,SUCCESS
2025-12-22T20:39:01.322531+00:00,btc-updown-15m-1766435400,TRADE,UP,ACCUM,1,1,0.6600,0.6600,1,0.6600,1,0.3701,1,1.0302,-0.0302,0.00,-0.0302,-0.0302,0.0000,97.46,SUCCESS
2025-12-22T20:39:06.720333+00:00,btc-updown-15m-1766435400,TRADE,DOWN,ACCUM,1,1,0.3301,0.3301,1,0.6600,2,0.3501,1,1.0102,-0.0102,0.50,-0.3603,0.6397,0.0000,97.13,SUCCESS
2025-12-22T20:39:17.549594+00:00,btc-updown-15m-1766435400,TRADE,UP,ACCUM,1,1,0.7702,0.7702,2,0.7151,2,0.3501,2,1.0652,-0.1305,0.00,-0.1305,-0.1305,0.0000,96.36,SUCCESS
2025-12-22T20:39:22.946733+00:00,btc-updown-15m-1766435400,TRADE,DOWN,ACCUM,1,1,0.2901,0.2901,2,0.7151,3,0.3301,2,1.0452,-0.0905,0.33,-0.4206,0.5794,0.0000,96.07,SUCCESS
2025-12-22T20:39:33.871005+00:00,btc-updown-15m-1766435400,TRADE,UP,ACCUM,1,1,0.7603,0.7603,3,0.7302,3,0.3301,3,1.0603,-0.1809,0.00,-0.1809,-0.1809,0.0000,95.31,SUCCESS
2025-12-22T20:39:39.309973+00:00,btc-updown-15m-1766435400,TRADE,DOWN,ACCUM,1,1,0.2501,0.2501,3,0.7302,4,0.3101,3,1.0403,-0.1209,0.25,-0.4310,0.5690,0.0000,95.06,SUCCESS
2025-12-22T20:39:44.727320+00:00,btc-updown-15m-1766435400,TRADE,UP,ACCUM,1,1,0.7702,0.7702,4,0.7402,4,0.3101,4,1.0503,-0.2012,0.00,-0.2012,-0.2012,0.0000,94.29,SUCCESS
2025-12-22T20:39:50.264787+00:00,btc-updown-15m-1766435400,TRADE,DOWN,ACCUM,1,1,0.2300,0.2300,4,0.7402,5,0.2941,4,1.0343,-0.1372,0.20,-0.4313,0.5687,0.0000,94.06,SUCCESS
2025-12-22T20:39:55.656066+00:00,btc-updown-15m-1766435400,TRADE,UP,ACCUM,1,1,0.7098,0.7098,5,0.7341,5,0.2941,5,1.0282,-0.1410,0.00,-0.1410,-0.1410,0.0000,93.35,SUCCESS
2025-12-22T20:40:01.072074+00:00,btc-updown-15m-1766435400,TRADE,DOWN,ACCUM,1,1,0.2701,0.2701,5,0.7341,6,0.2901,5,1.0242,-0.1210,0.17,-0.4111,0.5889,0.0000,93.08,SUCCESS
2025-12-22T20:40:06.454237+00:00,btc-updown-15m-1766435400,TRADE,UP,ACCUM,1,1,0.7300,0.7300,6,0.7334,6,0.2901,6,1.0235,-0.1411,0.00,-0.1411,-0.1411,0.0000,92.35,SUCCESS
2025-12-22T20:40:17.505603+00:00,btc-updown-15m-1766435400,TRADE,DOWN,ACCUM,1,1,0.3101,0.3101,6,0.7334,7,0.2930,6,1.0264,-0.1583,0.14,-0.4512,0.5488,0.0000,92.04,SUCCESS
2025-12-22T20:40:22.939105+00:00,btc-updown-15m-1766435400,TRADE,UP,ACCUM,1,1,0.7100,0.7100,7,0.7301,7,0.2930,7,1.0230,-0.1612,0.00,-0.1612,-0.1612,0.0000,91.33,SUCCESS
2025-12-22T20:40:28.403384+00:00,btc-updown-15m-1766435400,TRADE,DOWN,ACCUM,1,1,0.2100,0.2100,7,0.7301,8,0.2826,7,1.0127,-0.0887,0.12,-0.3712,0.6288,0.0000,91.12,SUCCESS
2025-12-22T20:40:33.916481+00:00,btc-updown-15m-1766435400,TRADE,UP,ACCUM,1,1,0.8200,0.8200,8,0.7413,8,0.2826,8,1.0239,-0.1912,0.00,-0.1912,-0.1912,0.0000,90.30,SUCCESS
2025-12-22T20:40:50.148457+00:00,btc-updown-15m-1766435400,TRADE,DOWN,ACCUM,1,1,0.2300,0.2300,8,0.7413,9,0.2767,8,1.0181,-0.1445,0.11,-0.4212,0.5788,0.0000,90.07,SUCCESS
2025-12-22T20:40:55.622381+00:00,btc-updown-15m-1766435400,TRADE,UP,ACCUM,1,1,0.8301,0.8301,9,0.7512,9,0.2767,9,1.0279,-0.2514,0.00,-0.2514,-0.2514,0.0000,89.24,SUCCESS
2025-12-22T20:41:01.030857+00:00,btc-updown-15m-1766435400,TRADE,DOWN,ACCUM,1,1,0.0600,0.0600,9,0.7512,10,0.2551,9,1.0063,-0.0563,0.10,-0.3114,0.6886,0.0000,89.18,SUCCESS
2025-12-22T20:41:06.455698+00:00,btc-updown-15m-1766435400,TRADE,UP,ACCUM,1,1,0.9502,0.9502,10,0.7711,10,0.2551,10,1.0262,-0.2616,0.00,-0.2616,-0.2616,0.0000,88.23,SUCCESS
2025-12-22T20:41:11.872730+00:00,btc-updown-15m-1766435400,TRADE,DOWN,ACCUM,1,1,0.0700,0.0700,10,0.7711,11,0.2383,10,1.0093,-0.0934,0.09,-0.3317,0.6683,0.0000,88.16,SUCCESS
2025-12-22T20:41:17.383566+00:00,btc-updown-15m-1766435400,TRADE,UP,ACCUM,1,1,0.9301,0.9301,11,0.7855,11,0.2383,11,1.0238,-0.2618,0.00,-0.2618,-0.2618,0.0000,87.23,SUCCESS
2025-12-22T20:41:22.847947+00:00,btc-updown-15m-1766435400,TRADE,DOWN,ACCUM,1,1,0.0700,0.0700,11,0.7855,12,0.2242,11,1.0098,-0.1076,0.08,-0.3318,0.6682,0.0000,87.16,SUCCESS
2025-12-22T20:41:28.242452+00:00,btc-updown-15m-1766435400,TRADE,UP,ACCUM,1,1,0.9401,0.9401,12,0.7984,12,0.2242,12,1.0227,-0.2719,0.00,-0.2719,-0.2719,0.0000,86.21,SUCCESS
2025-12-22T20:41:33.748533+00:00,btc-updown-15m-1766435400,TRADE,DOWN,ACCUM,1,1,0.0600,0.0600,12,0.7984,13,0.2116,12,1.0100,-0.1204,0.08,-0.3320,0.6680,0.0000,86.15,SUCCESS
2025-12-22T20:41:44.789226+00:00,btc-updown-15m-1766435400,TRADE,UP,ACCUM,1,1,0.9502,0.9502,13,0.8101,13,0.2116,13,1.0217,-0.2822,0.00,-0.2822,-0.2822,0.0000,85.20,SUCCESS
2025-12-22T20:41:50.203101+00:00,btc-updown-15m-1766435400,TRADE,DOWN,ACCUM,1,1,0.0600,0.0600,13,0.8101,14,0.2008,13,1.0109,-0.1414,0.07,-0.3422,0.6578,0.0000,85.14,SUCCESS
2025-12-22T20:41:55.717680+00:00,btc-updown-15m-1766435400,TRADE,UP,ACCUM,1,1,0.9501,0.9501,14,0.8201,14,0.2008,14,1.0209,-0.2923,0.00,-0.2923,-0.2923,0.0000,84.19,SUCCESS
2025-12-22T20:42:06.518955+00:00,btc-updown-15m-1766435400,TRADE,DOWN,ACCUM,1,1,0.0400,0.0400,14,0.8201,15,0.1901,14,1.0102,-0.1422,0.07,-0.3323,0.6677,0.0000,84.15,SUCCESS
2025-12-22T20:45:01.181739+00:00,btc-updown-15m-1766435400,RESOLUTION,DOWN,BINANCE_FALLBACK,29,29,1.0000,14.3323,14,0.8201,15,0.1901,14,1.0102,-0.1422,0.07,0.0000,0.0000,0.6677,99.15,RESOLVED
2025-12-22T20:53:57.879671+00:00,btc-updown-15m-1766436300,TRADE,UP,ACCUM,1,1,0.2001,0.2001,1,0.2001,0,0.0000,0,0.0000,0.0000,1.00,-0.2001,0.7999,0.0000,98.95,SUCCESS
2025-12-22T20:54:03.327974+00:00,btc-updown-15m-1766436300,TRADE,DOWN,ACCUM,1,1,0.8203,0.8203,1,0.2001,1,0.8203,1,1.0204,-0.0204,0.00,-0.0204,-0.0204,0.0000,98.13,SUCCESS
2025-12-22T20:54:08.917070+00:00,btc-updown-15m-1766436300,TRADE,UP,ACCUM,1,1,0.1800,0.1800,2,0.1901,1,0.8203,1,1.0104,-0.0104,0.50,-0.2004,0.7996,0.0000,97.95,SUCCESS
2025-12-22T20:54:14.471129+00:00,btc-updown-15m-1766436300,TRADE,DOWN,ACCUM,1,1,0.7501,0.7501,2,0.1901,2,0.7852,2,0.9753,0.0494,0.00,0.0494,0.0494,0.0000,97.20,SUCCESS
2025-12-22T20:54:25.280832+00:00,btc-updown-15m-1766436300,TRADE,UP,ACCUM,1,1,0.2401,0.2401,3,0.2067,2,0.7852,2,0.9920,0.0161,0.33,-0.1907,0.8093,0.0000,96.96,SUCCESS
2025-12-22T20:54:30.701967+00:00,btc-updown-15m-1766436300,TRADE,DOWN,ACCUM,1,1,0.8400,0.8400,3,0.2067,3,0.8035,3,1.0102,-0.0307,0.00,-0.0307,-0.0307,0.0000,96.12,SUCCESS
2025-12-22T20:54:36.091966+00:00,btc-updown-15m-1766436300,TRADE,UP,ACCUM,1,1,0.1601,0.1601,4,0.1951,3,0.8035,3,0.9986,0.0043,0.25,-0.1908,0.8092,0.0000,95.96,SUCCESS
2025-12-22T20:54:41.631762+00:00,btc-updown-15m-1766436300,TRADE,DOWN,ACCUM,1,1,0.8702,0.8702,4,0.1951,4,0.8202,4,1.0153,-0.0610,0.00,-0.0610,-0.0610,0.0000,95.09,SUCCESS
2025-12-22T20:54:47.059779+00:00,btc-updown-15m-1766436300,TRADE,UP,ACCUM,1,1,0.1400,0.1400,5,0.1841,4,0.8202,4,1.0042,-0.0169,0.20,-0.2010,0.7990,0.0000,94.95,SUCCESS
2025-12-22T20:54:52.467240+00:00,btc-updown-15m-1766436300,TRADE,DOWN,ACCUM,1,1,0.8303,0.8303,5,0.1841,5,0.8222,5,1.0063,-0.0313,0.00,-0.0313,-0.0313,0.0000,94.12,SUCCESS
2025-12-22T20:55:03.286787+00:00,btc-updown-15m-1766436300,TRADE,UP,ACCUM,1,1,0.2701,0.2701,6,0.1984,5,0.8222,5,1.0206,-0.1031,0.17,-0.3015,0.6985,0.0000,93.85,SUCCESS
2025-12-22T20:55:14.116118+00:00,btc-updown-15m-1766436300,TRADE,DOWN,ACCUM,1,1,0.8403,0.8403,6,0.1984,6,0.8252,6,1.0236,-0.1417,0.00,-0.1417,-0.1417,0.0000,93.01,SUCCESS
2025-12-22T20:55:19.526694+00:00,btc-updown-15m-1766436300,TRADE,UP,ACCUM,1,1,0.1401,0.1401,7,0.1901,6,0.8252,6,1.0153,-0.0917,0.14,-0.2818,0.7182,0.0000,92.87,SUCCESS
2025-12-22T20:55:25.067939+00:00,btc-updown-15m-1766436300,TRADE,DOWN,ACCUM,1,1,0.8402,0.8402,7,0.1901,7,0.8274,7,1.0174,-0.1220,0.00,-0.1220,-0.1220,0.0000,92.03,SUCCESS
2025-12-22T20:55:30.463779+00:00,btc-updown-15m-1766436300,TRADE,UP,ACCUM,1,1,0.2500,0.2500,8,0.1976,7,0.8274,7,1.0249,-0.1744,0.12,-0.3720,0.6280,0.0000,91.78,SUCCESS
2025-12-22T20:55:35.882372+00:00,btc-updown-15m-1766436300,TRADE,DOWN,ACCUM,1,1,0.7702,0.7702,8,0.1976,8,0.8202,8,1.0178,-0.1423,0.00,-0.1423,-0.1423,0.0000,91.01,SUCCESS
2025-12-22T20:55:41.310408+00:00,btc-updown-15m-1766436300,TRADE,UP,ACCUM,1,1,0.2200,0.2200,9,0.2001,8,0.8202,8,1.0203,-0.1622,0.11,-0.3623,0.6377,0.0000,90.79,SUCCESS
2025-12-22T20:55:46.957524+00:00,btc-updown-15m-1766436300,TRADE,DOWN,ACCUM,1,1,0.7301,0.7301,9,0.2001,9,0.8102,9,1.0103,-0.0924,0.00,-0.0924,-0.0924,0.0000,90.06,SUCCESS
2025-12-22T20:55:52.359327+00:00,btc-updown-15m-1766436300,TRADE,UP,ACCUM,1,1,0.3101,0.3101,10,0.2111,9,0.8102,9,1.0213,-0.1914,0.10,-0.4025,0.5975,0.0000,89.75,SUCCESS
2025-12-22T20:55:57.877914+00:00,btc-updown-15m-1766436300,TRADE,DOWN,ACCUM,1,1,0.6700,0.6700,10,0.2111,10,0.7962,10,1.0073,-0.0725,0.00,-0.0725,-0.0725,0.0000,89.08,SUCCESS
2025-12-22T20:56:03.288224+00:00,btc-updown-15m-1766436300,TRADE,UP,ACCUM,1,1,0.4000,0.4000,11,0.2282,10,0.7962,10,1.0244,-0.2443,0.09,-0.4726,0.5274,0.0000,88.68,SUCCESS
2025-12-22T20:56:08.679040+00:00,btc-updown-15m-1766436300,TRADE,DOWN,ACCUM,1,1,0.4700,0.4700,11,0.2282,11,0.7665,11,0.9948,0.0574,0.00,0.0574,0.0574,0.0000,88.21,SUCCESS
2025-12-22T20:56:14.098422+00:00,btc-updown-15m-1766436300,TRADE,DOWN,ACCUM,1,1,0.3602,0.3602,11,0.2282,12,0.7327,11,0.9609,0.4299,0.08,-0.3027,0.6973,0.0000,87.85,SUCCESS
2025-12-22T20:56:19.508857+00:00,btc-updown-15m-1766436300,TRADE,UP,ACCUM,1,1,0.6603,0.6603,12,0.2642,12,0.7327,12,0.9969,0.0370,0.00,0.0370,0.0370,0.0000,87.19,SUCCESS
2025-12-22T20:56:24.903784+00:00,btc-updown-15m-1766436300,TRADE,DOWN,ACCUM,1,1,0.3401,0.3401,12,0.2642,13,0.7025,12,0.9667,0.3994,0.08,-0.3031,0.6969,0.0000,86.85,SUCCESS
2025-12-22T20:56:30.321689+00:00,btc-updown-15m-1766436300,TRADE,UP,ACCUM,1,1,0.6901,0.6901,13,0.2970,13,0.7025,13,0.9995,0.0068,0.00,0.0068,0.0068,0.0000,86.16,SUCCESS
2025-12-22T20:56:35.716728+00:00,btc-updown-15m-1766436300,TRADE,DOWN,ACCUM,1,1,0.3101,0.3101,13,0.2970,14,0.6744,13,0.9715,0.3711,0.07,-0.3033,0.6967,0.0000,85.85,SUCCESS
2025-12-22T20:56:41.122260+00:00,btc-updown-15m-1766436300,TRADE,UP,ACCUM,1,1,0.6500,0.6500,14,0.3222,14,0.6744,14,0.9967,0.0467,0.00,0.0467,0.0467,0.0000,85.20,SUCCESS
2025-12-22T20:56:51.931012+00:00,btc-updown-15m-1766436300,TRADE,DOWN,ACCUM,1,1,0.4301,0.4301,14,0.3222,15,0.6582,14,0.9804,0.2748,0.07,-0.3834,0.6166,0.0000,84.77,SUCCESS
2025-12-22T20:56:57.311689+00:00,btc-updown-15m-1766436300,TRADE,UP,ACCUM,1,1,0.6199,0.6199,15,0.3421,15,0.6582,15,1.0002,-0.0033,0.00,-0.0033,-0.0033,0.0000,84.15,SUCCESS
2025-12-22T21:00:03.541497+00:00,btc-updown-15m-1766436300,RESOLUTION,DOWN,BINANCE_FALLBACK,30,30,1.0000,15.0033,15,0.3421,15,0.6582,15,1.0002,-0.0033,0.00,0.0000,0.0000,-0.0033,99.15,RESOLVED
2025-12-22T21:08:58.004404+00:00,btc-updown-15m-1766437200,TRADE,DOWN,ACCUM,1,1,0.2601,0.2601,0,0.0000,1,0.2601,0,0.0000,0.0000,1.00,-0.2601,0.7399,0.0000,98.89,SUCCESS
2025-12-22T21:09:14.514991+00:00,btc-updown-15m-1766437200,TRADE,UP,ACCUM,1,1,0.8002,0.8002,1,0.8002,1,0.2601,1,1.0603,-0.0603,0.00,-0.0603,-0.0603,0.0000,98.09,SUCCESS
2025-12-22T21:09:25.347546+00:00,btc-updown-15m-1766437200,TRADE,DOWN,ACCUM,1,1,0.2100,0.2100,1,0.8002,2,0.2351,1,1.0353,-0.0353,0.50,-0.2703,0.7297,0.0000,97.88,SUCCESS
2025-12-22T21:09:30.746098+00:00,btc-updown-15m-1766437200,TRADE,UP,ACCUM,1,1,0.7700,0.7700,2,0.7851,2,0.2351,2,1.0202,-0.0404,0.00,-0.0404,-0.0404,0.0000,97.11,SUCCESS
2025-12-22T21:09:36.145359+00:00,btc-updown-15m-1766437200,TRADE,DOWN,ACCUM,1,1,0.3200,0.3200,2,0.7851,3,0.2634,2,1.0485,-0.0970,0.33,-0.3604,0.6396,0.0000,96.79,SUCCESS
2025-12-22T21:09:46.953901+00:00,btc-updown-15m-1766437200,TRADE,UP,ACCUM,1,1,0.7201,0.7201,3,0.7634,3,0.2634,3,1.0268,-0.0805,0.00,-0.0805,-0.0805,0.0000,96.07,SUCCESS
2025-12-22T21:09:52.380228+00:00,btc-updown-15m-1766437200,TRADE,DOWN,ACCUM,1,1,0.2501,0.2501,3,0.7634,4,0.2601,3,1.0235,-0.0705,0.25,-0.3305,0.6695,0.0000,95.82,SUCCESS
2025-12-22T21:09:57.883422+00:00,btc-updown-15m-1766437200,TRADE,UP,ACCUM,1,1,0.7802,0.7802,4,0.7676,4,0.2601,4,1.0277,-0.1108,0.00,-0.1108,-0.1108,0.0000,95.04,SUCCESS
2025-12-22T21:10:08.699712+00:00,btc-updown-15m-1766437200,TRADE,DOWN,ACCUM,1,1,0.3501,0.3501,4,0.7676,5,0.2781,4,1.0457,-0.1828,0.20,-0.4609,0.5391,0.0000,94.69,SUCCESS
2025-12-22T21:10:19.515994+00:00,btc-updown-15m-1766437200,TRADE,UP,ACCUM,1,1,0.6400,0.6400,5,0.7421,5,0.2781,5,1.0202,-0.1010,0.00,-0.1010,-0.1010,0.0000,94.05,SUCCESS
2025-12-22T21:10:24.928162+00:00,btc-updown-15m-1766437200,TRADE,DOWN,ACCUM,1,1,0.3601,0.3601,5,0.7421,6,0.2918,5,1.0339,-0.1693,0.17,-0.4611,0.5389,0.0000,93.69,SUCCESS
2025-12-22T21:10:30.457026+00:00,btc-updown-15m-1766437200,TRADE,UP,ACCUM,1,1,0.6201,0.6201,6,0.7218,6,0.2918,6,1.0135,-0.0812,0.00,-0.0812,-0.0812,0.0000,93.07,SUCCESS
2025-12-22T21:10:35.928136+00:00,btc-updown-15m-1766437200,TRADE,DOWN,ACCUM,1,1,0.3599,0.3599,6,0.7218,7,0.3015,6,1.0233,-0.1396,0.14,-0.4411,0.5589,0.0000,92.71,SUCCESS
2025-12-22T21:10:41.343704+00:00,btc-updown-15m-1766437200,TRADE,UP,ACCUM,1,1,0.6402,0.6402,7,0.7101,7,0.3015,7,1.0116,-0.0813,0.00,-0.0813,-0.0813,0.0000,92.07,SUCCESS
2025-12-22T21:10:52.167976+00:00,btc-updown-15m-1766437200,TRADE,DOWN,ACCUM,1,1,0.4101,0.4101,7,0.7101,8,0.3151,7,1.0252,-0.1763,0.12,-0.4914,0.5086,0.0000,91.66,SUCCESS
2025-12-22T21:11:08.519450+00:00,btc-updown-15m-1766437200,TRADE,UP,ACCUM,1,1,0.5902,0.5902,8,0.6951,8,0.3151,8,1.0102,-0.0816,0.00,-0.0816,-0.0816,0.0000,91.07,SUCCESS
2025-12-22T21:11:14.038031+00:00,btc-updown-15m-1766437200,TRADE,DOWN,ACCUM,1,1,0.4502,0.4502,8,0.6951,9,0.3301,8,1.0252,-0.2018,0.11,-0.5319,0.4681,0.0000,90.62,SUCCESS
2025-12-22T21:11:24.939494+00:00,btc-updown-15m-1766437200,TRADE,UP,ACCUM,1,1,0.5302,0.5302,9,0.6768,9,0.3301,9,1.0069,-0.0620,0.00,-0.0620,-0.0620,0.0000,90.09,SUCCESS
2025-12-22T21:11:30.353663+00:00,btc-updown-15m-1766437200,TRADE,UP,ACCUM,1,1,0.3999,0.3999,10,0.6491,9,0.3301,9,0.9792,0.1872,0.10,-0.4619,0.5381,0.0000,89.69,SUCCESS
2025-12-22T21:11:35.790367+00:00,btc-updown-15m-1766437200,TRADE,DOWN,ACCUM,1,1,0.6202,0.6202,10,0.6491,10,0.3591,10,1.0082,-0.0822,0.00,-0.0822,-0.0822,0.0000,89.07,SUCCESS
2025-12-22T21:11:41.280290+00:00,btc-updown-15m-1766437200,TRADE,UP,ACCUM,1,1,0.4200,0.4200,11,0.6283,10,0.3591,10,0.9874,0.1261,0.09,-0.5022,0.4978,0.0000,88.65,SUCCESS
2025-12-22T21:11:52.237662+00:00,btc-updown-15m-1766437200,TRADE,DOWN,ACCUM,1,1,0.6903,0.6903,11,0.6283,11,0.3892,11,1.0175,-0.1925,0.00,-0.1925,-0.1925,0.0000,87.96,SUCCESS
2025-12-22T21:12:03.046674+00:00,btc-updown-15m-1766437200,TRADE,UP,ACCUM,1,1,0.3201,0.3201,12,0.6026,11,0.3892,11,0.9918,0.0900,0.08,-0.5126,0.4874,0.0000,87.64,SUCCESS
2025-12-22T21:12:08.480717+00:00,btc-updown-15m-1766437200,TRADE,DOWN,ACCUM,1,1,0.5401,0.5401,12,0.6026,12,0.4018,12,1.0044,-0.0526,0.00,-0.0526,-0.0526,0.0000,87.10,SUCCESS
2025-12-22T21:12:13.890453+00:00,btc-updown-15m-1766437200,TRADE,UP,ACCUM,1,1,0.4900,0.4900,13,0.5940,12,0.4018,12,0.9957,0.0513,0.08,-0.5427,0.4573,0.0000,86.61,SUCCESS
2025-12-22T21:12:24.712968+00:00,btc-updown-15m-1766437200,TRADE,DOWN,ACCUM,1,1,0.4502,0.4502,13,0.5940,13,0.4055,13,0.9995,0.0071,0.00,0.0071,0.0071,0.0000,86.16,SUCCESS
2025-12-22T21:12:30.118673+00:00,btc-updown-15m-1766437200,TRADE,UP,ACCUM,1,1,0.4602,0.4602,14,0.5844,13,0.4055,13,0.9899,0.1313,0.07,-0.4531,0.5469,0.0000,85.70,SUCCESS
2025-12-22T21:12:35.493896+00:00,btc-updown-15m-1766437200,TRADE,DOWN,ACCUM,1,1,0.6402,0.6402,14,0.5844,14,0.4223,14,1.0067,-0.0933,0.00,-0.0933,-0.0933,0.0000,85.06,SUCCESS
2025-12-22T21:12:40.915693+00:00,btc-updown-15m-1766437200,TRADE,UP,ACCUM,1,1,0.3800,0.3800,15,0.5708,14,0.4223,14,0.9930,0.0975,0.07,-0.4733,0.5267,0.0000,84.68,SUCCESS
2025-12-22T21:12:46.311168+00:00,btc-updown-15m-1766437200,TRADE,DOWN,ACCUM,1,1,0.6400,0.6400,15,0.5708,15,0.4368,15,1.0076,-0.1133,0.00,-0.1133,-0.1133,0.0000,84.04,SUCCESS
2025-12-22T21:15:02.147611+00:00,btc-updown-15m-1766437200,RESOLUTION,DOWN,BINANCE_FALLBACK,30,30,1.0000,15.1133,15,0.5708,15,0.4368,15,1.0076,-0.1133,0.00,0.0000,0.0000,-0.1133,99.04,RESOLVED
2025-12-22T21:23:56.809213+00:00,btc-updown-15m-1766438100,TRADE,DOWN,ACCUM,1,1,0.1900,0.1900,0,0.0000,1,0.1900,0,0.0000,0.0000,1.00,-0.1900,0.8100,0.0000,98.85,SUCCESS
2025-12-22T21:24:07.663215+00:00,btc-updown-15m-1766438100,TRADE,UP,ACCUM,1,1,0.8202,0.8202,1,0.8202,1,0.1900,1,1.0102,-0.0102,0.00,-0.0102,-0.0102,0.0000,98.03,SUCCESS
2025-12-22T21:24:13.094952+00:00,btc-updown-15m-1766438100,TRADE,DOWN,ACCUM,1,1,0.2200,0.2200,1,0.8202,2,0.2050,1,1.0252,-0.0252,0.50,-0.2302,0.7698,0.0000,97.81,SUCCESS
2025-12-22T21:24:18.516503+00:00,btc-updown-15m-1766438100,TRADE,UP,ACCUM,1,1,0.8102,0.8102,2,0.8152,2,0.2050,2,1.0202,-0.0404,0.00,-0.0404,-0.0404,0.0000,97.00,SUCCESS
2025-12-22T21:24:23.912523+00:00,btc-updown-15m-1766438100,TRADE,DOWN,ACCUM,1,1,0.1400,0.1400,2,0.8152,3,0.1834,2,0.9985,0.0029,0.33,-0.1804,0.8196,0.0000,96.86,SUCCESS
2025-12-22T21:24:29.319205+00:00,btc-updown-15m-1766438100,TRADE,UP,ACCUM,1,1,0.8800,0.8800,3,0.8368,3,0.1834,3,1.0201,-0.0604,0.00,-0.0604,-0.0604,0.0000,95.98,SUCCESS
2025-12-22T21:24:34.732378+00:00,btc-updown-15m-1766438100,TRADE,DOWN,ACCUM,1,1,0.1301,0.1301,3,0.8368,4,0.1700,3,1.0068,-0.0205,0.25,-0.1905,0.8095,0.0000,95.85,SUCCESS
2025-12-22T21:24:40.128547+00:00,btc-updown-15m-1766438100,TRADE,UP,ACCUM,1,1,0.8802,0.8802,4,0.8476,4,0.1700,4,1.0177,-0.0707,0.00,-0.0707,-0.0707,0.0000,94.97,SUCCESS
2025-12-22T21:24:45.597673+00:00,btc-updown-15m-1766438100,TRADE,DOWN,ACCUM,1,1,0.1400,0.1400,4,0.8476,5,0.1640,4,1.0117,-0.0467,0.20,-0.2107,0.7893,0.0000,94.83,SUCCESS
2025-12-22T21:24:50.997115+00:00,btc-updown-15m-1766438100,TRADE,UP,ACCUM,1,1,0.8704,0.8704,5,0.8522,5,0.1640,5,1.0162,-0.0811,0.00,-0.0811,-0.0811,0.0000,93.96,SUCCESS
2025-12-22T21:24:56.411616+00:00,btc-updown-15m-1766438100,TRADE,DOWN,ACCUM,1,1,0.1301,0.1301,5,0.8522,6,0.1584,5,1.0106,-0.0528,0.17,-0.2111,0.7889,0.0000,93.83,SUCCESS
2025-12-22T21:25:01.825148+00:00,btc-updown-15m-1766438100,TRADE,UP,ACCUM,1,1,0.8903,0.8903,6,0.8585,6,0.1584,6,1.0169,-0.1015,0.00,-0.1015,-0.1015,0.0000,92.94,SUCCESS
2025-12-22T21:25:12.731305+00:00,btc-updown-15m-1766438100,TRADE,DOWN,ACCUM,1,1,0.1501,0.1501,6,0.8585,7,0.1572,6,1.0157,-0.0944,0.14,-0.2515,0.7485,0.0000,92.79,SUCCESS
2025-12-22T21:25:18.149550+00:00,btc-updown-15m-1766438100,TRADE,UP,ACCUM,1,1,0.8604,0.8604,7,0.8588,7,0.1572,7,1.0160,-0.1120,0.00,-0.1120,-0.1120,0.0000,91.93,SUCCESS
2025-12-22T21:25:23.646500+00:00,btc-updown-15m-1766438100,TRADE,DOWN,ACCUM,1,1,0.1401,0.1401,7,0.8588,8,0.1550,7,1.0139,-0.0970,0.12,-0.2520,0.7480,0.0000,91.79,SUCCESS
2025-12-22T21:25:29.061947+00:00,btc-updown-15m-1766438100,TRADE,UP,ACCUM,1,1,0.8804,0.8804,8,0.8615,8,0.1550,8,1.0166,-0.1325,0.00,-0.1325,-0.1325,0.0000,90.91,SUCCESS
2025-12-22T21:25:45.266713+00:00,btc-updown-15m-1766438100,TRADE,DOWN,ACCUM,1,1,0.1000,0.1000,8,0.8615,9,0.1489,8,1.0104,-0.0835,0.11,-0.2325,0.7675,0.0000,90.81,SUCCESS
2025-12-22T21:25:50.665570+00:00,btc-updown-15m-1766438100,TRADE,UP,ACCUM,1,1,0.9200,0.9200,9,0.8680,9,0.1489,9,1.0169,-0.1525,0.00,-0.1525,-0.1525,0.0000,89.89,SUCCESS
2025-12-22T21:25:56.122635+00:00,btc-updown-15m-1766438100,TRADE,DOWN,ACCUM,1,1,0.0900,0.0900,9,0.8680,10,0.1430,9,1.0111,-0.0995,0.10,-0.2425,0.7575,0.0000,89.80,SUCCESS
2025-12-22T21:26:01.526051+00:00,btc-updown-15m-1766438100,TRADE,UP,ACCUM,1,1,0.9202,0.9202,10,0.8732,10,0.1430,10,1.0163,-0.1627,0.00,-0.1627,-0.1627,0.0000,88.88,SUCCESS
2025-12-22T21:26:06.952682+00:00,btc-updown-15m-1766438100,TRADE,DOWN,ACCUM,1,1,0.1000,0.1000,10,0.8732,11,0.1391,10,1.0124,-0.1236,0.09,-0.2627,0.7373,0.0000,88.78,SUCCESS
2025-12-22T21:26:12.354318+00:00,btc-updown-15m-1766438100,TRADE,UP,ACCUM,1,1,0.9303,0.9303,11,0.8784,11,0.1391,11,1.0175,-0.1930,0.00,-0.1930,-0.1930,0.0000,87.85,SUCCESS
2025-12-22T21:26:17.795189+00:00,btc-updown-15m-1766438100,TRADE,DOWN,ACCUM,1,1,0.1100,0.1100,11,0.8784,12,0.1367,11,1.0151,-0.1663,0.08,-0.3030,0.6970,0.0000,87.73,SUCCESS
2025-12-22T21:26:34.060783+00:00,btc-updown-15m-1766438100,TRADE,UP,ACCUM,1,1,0.8200,0.8200,12,0.8736,12,0.1367,12,1.0103,-0.1231,0.00,-0.1231,-0.1231,0.0000,86.91,SUCCESS
2025-12-22T21:26:39.459870+00:00,btc-updown-15m-1766438100,TRADE,DOWN,ACCUM,1,1,0.1700,0.1700,12,0.8736,13,0.1393,12,1.0128,-0.1538,0.08,-0.2931,0.7069,0.0000,86.74,SUCCESS
2025-12-22T21:26:44.884053+00:00,btc-updown-15m-1766438100,TRADE,UP,ACCUM,1,1,0.9301,0.9301,13,0.8779,13,0.1393,13,1.0172,-0.2232,0.00,-0.2232,-0.2232,0.0000,85.81,SUCCESS
2025-12-22T21:26:50.301247+00:00,btc-updown-15m-1766438100,TRADE,DOWN,ACCUM,1,1,0.0600,0.0600,13,0.8779,14,0.1336,13,1.0115,-0.1496,0.07,-0.2832,0.7168,0.0000,85.75,SUCCESS
2025-12-22T21:26:55.726095+00:00,btc-updown-15m-1766438100,TRADE,UP,ACCUM,1,1,0.9504,0.9504,14,0.8831,14,0.1336,14,1.0167,-0.2336,0.00,-0.2336,-0.2336,0.0000,84.80,SUCCESS
2025-12-22T21:27:01.148884+00:00,btc-updown-15m-1766438100,TRADE,DOWN,ACCUM,1,1,0.0600,0.0600,14,0.8831,15,0.1287,14,1.0118,-0.1649,0.07,-0.2936,0.7064,0.0000,84.74,SUCCESS
2025-12-22T21:30:00.511673+00:00,btc-updown-15m-1766438100,RESOLUTION,DOWN,BINANCE_FALLBACK,29,29,1.0000,14.2936,14,0.8831,15,0.1287,14,1.0118,-0.1649,0.07,0.0000,0.0000,0.7064,99.74,RESOLVED
2025-12-22T21:39:01.634169+00:00,btc-updown-15m-1766439000,TRADE,DOWN,ACCUM,1,1,0.0900,0.0900,0,0.0000,1,0.0900,0,0.0000,0.0000,1.00,-0.0900,0.9100,0.0000,99.65,SUCCESS
2025-12-22T21:39:07.072938+00:00,btc-updown-15m-1766439000,TRADE,UP,ACCUM,1,1,0.9302,0.9302,1,0.9302,1,0.0900,1,1.0202,-0.0202,0.00,-0.0202,-0.0202,0.0000,98.72,SUCCESS
2025-12-22T21:39:12.465970+00:00,btc-updown-15m-1766439000,TRADE,DOWN,ACCUM,1,1,0.1100,0.1100,1,0.9302,2,0.1000,1,1.0302,-0.0302,0.50,-0.1303,0.8697,0.0000,98.61,SUCCESS
2025-12-22T21:39:40.000824+00:00,btc-updown-15m-1766439000,TRADE,UP,ACCUM,1,1,0.9500,0.9500,2,0.9401,2,0.1000,2,1.0401,-0.0803,0.00,-0.0803,-0.0803,0.0000,97.66,SUCCESS
2025-12-22T21:39:45.399806+00:00,btc-updown-15m-1766439000,TRADE,DOWN,ACCUM,1,1,0.0500,0.0500,2,0.9401,3,0.0834,2,1.0235,-0.0469,0.33,-0.1303,0.8697,0.0000,97.61,SUCCESS
2025-12-22T21:39:56.439244+00:00,btc-updown-15m-1766439000,TRADE,UP,ACCUM,1,1,0.9502,0.9502,3,0.9435,3,0.0834,3,1.0268,-0.0805,0.00,-0.0805,-0.0805,0.0000,96.66,SUCCESS
2025-12-22T21:40:01.860779+00:00,btc-updown-15m-1766439000,TRADE,DOWN,ACCUM,1,1,0.0500,0.0500,3,0.9435,4,0.0750,3,1.0185,-0.0555,0.25,-0.1305,0.8695,0.0000,96.61,SUCCESS
2025-12-22T21:45:01.221941+00:00,btc-updown-15m-1766439000,RESOLUTION,DOWN,BINANCE_FALLBACK,7,7,1.0000,3.1305,3,0.9435,4,0.0750,3,1.0185,-0.0555,0.25,0.0000,0.0000,0.8695,100.61,RESOLVED
2025-12-22T21:54:02.128251+00:00,btc-updown-15m-1766439900,TRADE,UP,ACCUM,1,1,0.0200,0.0200,1,0.0200,0,0.0000,0,0.0000,0.0000,1.00,-0.0200,0.9800,0.0000,100.59,SUCCESS
2025-12-22T22:00:05.503080+00:00,btc-updown-15m-1766439900,RESOLUTION,DOWN,BINANCE_FALLBACK,1,1,1.0000,0.0200,1,0.0200,0,0.0000,0,0.0000,0.0000,1.00,0.0000,0.0000,-0.0200,100.59,RESOLVED
2025-12-22T22:08:55.012424+00:00,btc-updown-15m-1766440800,TRADE,UP,ACCUM,1,1,0.1201,0.1201,1,0.1201,0,0.0000,0,0.0000,0.0000,1.00,-0.1201,0.8799,0.0000,100.47,SUCCESS
2025-12-22T22:09:05.831544+00:00,btc-updown-15m-1766440800,TRADE,DOWN,ACCUM,1,1,0.8901,0.8901,1,0.1201,1,0.8901,1,1.0101,-0.0101,0.00,-0.0101,-0.0101,0.0000,99.58,SUCCESS
2025-12-22T22:09:11.220958+00:00,btc-updown-15m-1766440800,TRADE,UP,ACCUM,1,1,0.1500,0.1500,2,0.1350,1,0.8901,1,1.0251,-0.0251,0.50,-0.1601,0.8399,0.0000,99.43,SUCCESS
2025-12-22T22:09:16.803349+00:00,btc-updown-15m-1766440800,TRADE,DOWN,ACCUM,1,1,0.8601,0.8601,2,0.1350,2,0.8751,2,1.0101,-0.0203,0.00,-0.0203,-0.0203,0.0000,98.57,SUCCESS
2025-12-22T22:09:22.202576+00:00,btc-updown-15m-1766440800,TRADE,UP,ACCUM,1,1,0.1801,0.1801,3,0.1500,2,0.8751,2,1.0251,-0.0503,0.33,-0.2003,0.7997,0.0000,98.39,SUCCESS
2025-12-22T22:09:27.685990+00:00,btc-updown-15m-1766440800,TRADE,DOWN,ACCUM,1,1,0.8901,0.8901,3,0.1500,3,0.8801,3,1.0302,-0.0905,0.00,-0.0905,-0.0905,0.0000,97.50,SUCCESS
2025-12-22T22:09:33.074155+00:00,btc-updown-15m-1766440800,TRADE,UP,ACCUM,1,1,0.1200,0.1200,4,0.1425,3,0.8801,3,1.0226,-0.0679,0.25,-0.2105,0.7895,0.0000,97.38,SUCCESS
2025-12-22T22:09:43.969566+00:00,btc-updown-15m-1766440800,TRADE,DOWN,ACCUM,1,1,0.9003,0.9003,4,0.1425,4,0.8852,4,1.0277,-0.1107,0.00,-0.1107,-0.1107,0.0000,96.48,SUCCESS
2025-12-22T22:09:49.363550+00:00,btc-updown-15m-1766440800,TRADE,UP,ACCUM,1,1,0.1100,0.1100,5,0.1360,4,0.8852,4,1.0212,-0.0847,0.20,-0.2208,0.7792,0.0000,96.37,SUCCESS
2025-12-22T22:09:54.858737+00:00,btc-updown-15m-1766440800,TRADE,DOWN,ACCUM,1,1,0.9404,0.9404,5,0.1360,5,0.8962,5,1.0322,-0.1611,0.00,-0.1611,-0.1611,0.0000,95.43,SUCCESS
2025-12-22T22:10:00.284446+00:00,btc-updown-15m-1766440800,TRADE,UP,ACCUM,1,1,0.0900,0.0900,6,0.1284,5,0.8962,5,1.0246,-0.1228,0.17,-0.2511,0.7489,0.0000,95.34,SUCCESS
2025-12-22T22:10:05.782474+00:00,btc-updown-15m-1766440800,TRADE,DOWN,ACCUM,1,1,0.9102,0.9102,6,0.1284,6,0.8985,6,1.0269,-0.1613,0.00,-0.1613,-0.1613,0.0000,94.43,SUCCESS
2025-12-22T22:10:11.192338+00:00,btc-updown-15m-1766440800,TRADE,UP,ACCUM,1,1,0.1000,0.1000,7,0.1243,6,0.8985,6,1.0228,-0.1370,0.14,-0.2613,0.7387,0.0000,94.33,SUCCESS
2025-12-22T22:10:16.714583+00:00,btc-updown-15m-1766440800,TRADE,DOWN,ACCUM,1,1,0.9404,0.9404,7,0.1243,7,0.9045,7,1.0288,-0.2018,0.00,-0.2018,-0.2018,0.0000,93.39,SUCCESS
2025-12-22T22:10:22.119228+00:00,btc-updown-15m-1766440800,TRADE,UP,ACCUM,1,1,0.0800,0.0800,8,0.1188,7,0.9045,7,1.0233,-0.1630,0.12,-0.2818,0.7182,0.0000,93.31,SUCCESS
2025-12-22T22:10:27.642885+00:00,btc-updown-15m-1766440800,TRADE,DOWN,ACCUM,1,1,0.9201,0.9201,8,0.1188,8,0.9065,8,1.0252,-0.2018,0.00,-0.2018,-0.2018,0.0000,92.39,SUCCESS
2025-12-22T22:10:33.274676+00:00,btc-updown-15m-1766440800,TRADE,UP,ACCUM,1,1,0.0900,0.0900,9,0.1156,8,0.9065,8,1.0220,-0.1763,0.11,-0.2919,0.7081,0.0000,92.30,SUCCESS
2025-12-22T22:10:49.500369+00:00,btc-updown-15m-1766440800,TRADE,DOWN,ACCUM,1,1,0.8803,0.8803,9,0.1156,9,0.9035,9,1.0191,-0.1722,0.00,-0.1722,-0.1722,0.0000,91.42,SUCCESS
2025-12-22T22:10:54.898713+00:00,btc-updown-15m-1766440800,TRADE,UP,ACCUM,1,1,0.1701,0.1701,10,0.1210,9,0.9035,9,1.0246,-0.2212,0.10,-0.3422,0.6578,0.0000,91.25,SUCCESS
2025-12-22T22:11:00.308208+00:00,btc-updown-15m-1766440800,TRADE,DOWN,ACCUM,1,1,0.8202,0.8202,10,0.1210,10,0.8952,10,1.0162,-0.1625,0.00,-0.1625,-0.1625,0.0000,90.43,SUCCESS
2025-12-22T22:11:05.729265+00:00,btc-updown-15m-1766440800,TRADE,UP,ACCUM,1,1,0.2601,0.2601,11,0.1337,10,0.8952,10,1.0289,-0.2889,0.09,-0.4226,0.5774,0.0000,90.17,SUCCESS
2025-12-22T22:11:11.133525+00:00,btc-updown-15m-1766440800,TRADE,DOWN,ACCUM,1,1,0.7601,0.7601,11,0.1337,11,0.8829,11,1.0166,-0.1827,0.00,-0.1827,-0.1827,0.0000,89.41,SUCCESS
2025-12-22T22:11:16.529612+00:00,btc-updown-15m-1766440800,TRADE,UP,ACCUM,1,1,0.2501,0.2501,12,0.1434,11,0.8829,11,1.0263,-0.2894,0.08,-0.4328,0.5672,0.0000,89.16,SUCCESS
2025-12-22T22:11:21.939188+00:00,btc-updown-15m-1766440800,TRADE,DOWN,ACCUM,1,1,0.7701,0.7701,12,0.1434,12,0.8735,12,1.0169,-0.2029,0.00,-0.2029,-0.2029,0.0000,88.39,SUCCESS
2025-12-22T22:11:32.699772+00:00,btc-updown-15m-1766440800,TRADE,UP,ACCUM,1,1,0.2301,0.2301,13,0.1500,12,0.8735,12,1.0236,-0.2829,0.08,-0.4330,0.5670,0.0000,88.16,SUCCESS
2025-12-22T22:11:43.552391+00:00,btc-updown-15m-1766440800,TRADE,DOWN,ACCUM,1,1,0.7803,0.7803,13,0.1500,13,0.8664,13,1.0164,-0.2133,0.00,-0.2133,-0.2133,0.0000,87.38,SUCCESS
2025-12-22T22:11:48.948436+00:00,btc-updown-15m-1766440800,TRADE,UP,ACCUM,1,1,0.2201,0.2201,14,0.1550,13,0.8664,13,1.0214,-0.2783,0.07,-0.4333,0.5667,0.0000,87.16,SUCCESS
2025-12-22T22:11:54.424790+00:00,btc-updown-15m-1766440800,TRADE,DOWN,ACCUM,1,1,0.8003,0.8003,14,0.1550,14,0.8616,14,1.0167,-0.2336,0.00,-0.2336,-0.2336,0.0000,86.36,SUCCESS
2025-12-22T22:11:59.910512+00:00,btc-updown-15m-1766440800,TRADE,UP,ACCUM,1,1,0.2101,0.2101,15,0.1587,14,0.8616,14,1.0204,-0.2850,0.07,-0.4437,0.5563,0.0000,86.15,SUCCESS
2025-12-22T22:12:05.483325+00:00,btc-updown-15m-1766440800,TRADE,DOWN,ACCUM,1,1,0.8104,0.8104,15,0.1587,15,0.8582,15,1.0169,-0.2541,0.00,-0.2541,-0.2541,0.0000,85.34,SUCCESS
2025-12-22T22:15:01.685994+00:00,btc-updown-15m-1766440800,RESOLUTION,DOWN,BINANCE_FALLBACK,30,30,1.0000,15.2541,15,0.1587,15,0.8582,15,1.0169,-0.2541,0.00,0.0000,0.0000,-0.2541,100.34,RESOLVED
2025-12-22T22:23:56.741506+00:00,btc-updown-15m-1766441700,TRADE,DOWN,ACCUM,1,1,0.0600,0.0600,0,0.0000,1,0.0600,0,0.0000,0.0000,1.00,-0.0600,0.9400,0.0000,100.28,SUCCESS
2025-12-22T22:24:02.244734+00:00,btc-updown-15m-1766441700,TRADE,UP,ACCUM,1,1,0.9505,0.9505,1,0.9505,1,0.0600,1,1.0105,-0.0105,0.00,-0.0105,-0.0105,0.0000,99.33,SUCCESS
2025-12-22T22:24:07.753850+00:00,btc-updown-15m-1766441700,TRADE,DOWN,ACCUM,1,1,0.0800,0.0800,1,0.9505,2,0.0700,1,1.0205,-0.0205,0.50,-0.0905,0.9095,0.0000,99.25,SUCCESS
2025-12-22T22:24:13.131571+00:00,btc-updown-15m-1766441700,TRADE,UP,ACCUM,1,1,0.9503,0.9503,2,0.9504,2,0.0700,2,1.0204,-0.0408,0.00,-0.0408,-0.0408,0.0000,98.30,SUCCESS
2025-12-22T22:24:18.569872+00:00,btc-updown-15m-1766441700,TRADE,DOWN,ACCUM,1,1,0.0600,0.0600,2,0.9504,3,0.0667,2,1.0171,-0.0341,0.33,-0.1008,0.8992,0.0000,98.24,SUCCESS
2025-12-22T22:24:24.085961+00:00,btc-updown-15m-1766441700,TRADE,UP,ACCUM,1,1,0.9502,0.9502,3,0.9503,3,0.0667,3,1.0170,-0.0510,0.00,-0.0510,-0.0510,0.0000,97.29,SUCCESS
2025-12-22T22:24:29.506445+00:00,btc-updown-15m-1766441700,TRADE,DOWN,ACCUM,1,1,0.0800,0.0800,3,0.9503,4,0.0700,3,1.0203,-0.0610,0.25,-0.1310,0.8690,0.0000,97.21,SUCCESS
2025-12-22T22:24:34.900182+00:00,btc-updown-15m-1766441700,TRADE,UP,ACCUM,1,1,0.9101,0.9101,4,0.9403,4,0.0700,4,1.0103,-0.0412,0.00,-0.0412,-0.0412,0.0000,96.30,SUCCESS
2025-12-22T22:24:40.299619+00:00,btc-updown-15m-1766441700,TRADE,DOWN,ACCUM,1,1,0.0900,0.0900,4,0.9403,5,0.0740,4,1.0143,-0.0572,0.20,-0.1312,0.8688,0.0000,96.21,SUCCESS
2025-12-22T22:24:45.708969+00:00,btc-updown-15m-1766441700,TRADE,UP,ACCUM,1,1,0.9404,0.9404,5,0.9403,5,0.0740,5,1.0143,-0.0716,0.00,-0.0716,-0.0716,0.0000,95.27,SUCCESS
2025-12-22T22:24:56.533319+00:00,btc-updown-15m-1766441700,TRADE,DOWN,ACCUM,1,1,0.0800,0.0800,5,0.9403,6,0.0750,5,1.0153,-0.0766,0.17,-0.1516,0.8484,0.0000,95.19,SUCCESS
2025-12-22T22:25:01.960833+00:00,btc-updown-15m-1766441700,TRADE,UP,ACCUM,1,1,0.8700,0.8700,6,0.9286,6,0.0750,6,1.0036,-0.0216,0.00,-0.0216,-0.0216,0.0000,94.32,SUCCESS
2025-12-22T22:25:07.598551+00:00,btc-updown-15m-1766441700,TRADE,DOWN,ACCUM,1,1,0.0900,0.0900,6,0.9286,7,0.0772,6,1.0057,-0.0345,0.14,-0.1116,0.8884,0.0000,94.23,SUCCESS
2025-12-22T22:25:18.364401+00:00,btc-updown-15m-1766441700,TRADE,UP,ACCUM,1,1,0.9300,0.9300,7,0.9288,7,0.0772,7,1.0060,-0.0417,0.00,-0.0417,-0.0417,0.0000,93.30,SUCCESS
2025-12-22T22:25:29.224573+00:00,btc-updown-15m-1766441700,TRADE,DOWN,ACCUM,1,1,0.0800,0.0800,7,0.9288,8,0.0775,7,1.0063,-0.0442,0.12,-0.1217,0.8783,0.0000,93.22,SUCCESS
2025-12-22T22:25:34.752645+00:00,btc-updown-15m-1766441700,TRADE,UP,ACCUM,1,1,0.9405,0.9405,8,0.9302,8,0.0775,8,1.0078,-0.0621,0.00,-0.0621,-0.0621,0.0000,92.28,SUCCESS
2025-12-22T22:25:40.276059+00:00,btc-updown-15m-1766441700,TRADE,DOWN,ACCUM,1,1,0.0500,0.0500,8,0.9302,9,0.0745,8,1.0047,-0.0377,0.11,-0.1121,0.8879,0.0000,92.23,SUCCESS
2025-12-22T22:25:45.764785+00:00,btc-updown-15m-1766441700,TRADE,UP,ACCUM,1,1,0.9503,0.9503,9,0.9325,9,0.0745,9,1.0069,-0.0625,0.00,-0.0625,-0.0625,0.0000,91.28,SUCCESS
2025-12-22T22:25:51.208653+00:00,btc-updown-15m-1766441700,TRADE,DOWN,ACCUM,1,1,0.0600,0.0600,9,0.9325,10,0.0730,9,1.0055,-0.0494,0.10,-0.1225,0.8775,0.0000,91.22,SUCCESS
2025-12-22T22:25:56.605149+00:00,btc-updown-15m-1766441700,TRADE,UP,ACCUM,1,1,0.9504,0.9504,10,0.9343,10,0.0730,10,1.0073,-0.0729,0.00,-0.0729,-0.0729,0.0000,90.27,SUCCESS
2025-12-22T22:26:07.421963+00:00,btc-updown-15m-1766441700,TRADE,DOWN,ACCUM,1,1,0.0500,0.0500,10,0.9343,11,0.0709,10,1.0052,-0.0520,0.09,-0.1229,0.8771,0.0000,90.22,SUCCESS
2025-12-22T22:26:34.785106+00:00,btc-updown-15m-1766441700,TRADE,UP,ACCUM,1,1,0.9300,0.9300,11,0.9339,11,0.0709,11,1.0048,-0.0529,0.00,-0.0529,-0.0529,0.0000,89.29,SUCCESS
2025-12-22T22:26:40.184321+00:00,btc-updown-15m-1766441700,TRADE,DOWN,ACCUM,1,1,0.0300,0.0300,11,0.9339,12,0.0675,11,1.0014,-0.0154,0.08,-0.0829,0.9171,0.0000,89.26,SUCCESS
2025-12-22T22:30:54.934451+00:00,btc-updown-15m-1766441700,RESOLUTION,DOWN,BINANCE_FALLBACK,23,23,1.0000,11.0829,11,0.9339,12,0.0675,11,1.0014,-0.0154,0.08,0.0000,0.0000,0.9171,101.26,RESOLVED
2025-12-22T22:39:02.983316+00:00,btc-updown-15m-1766442600,TRADE,UP,ACCUM,1,1,0.1100,0.1100,1,0.1100,0,0.0000,0,0.0000,0.0000,1.00,-0.1100,0.8900,0.0000,101.15,SUCCESS
2025-12-22T22:39:08.389092+00:00,btc-updown-15m-1766442600,TRADE,DOWN,ACCUM,1,1,0.8903,0.8903,1,0.1100,1,0.8903,1,1.0004,-0.0004,0.00,-0.0004,-0.0004,0.0000,100.26,SUCCESS
2025-12-22T22:39:13.793162+00:00,btc-updown-15m-1766442600,TRADE,UP,ACCUM,1,1,0.1201,0.1201,2,0.1151,1,0.8903,1,1.0054,-0.0054,0.50,-0.1204,0.8796,0.0000,100.14,SUCCESS
2025-12-22T22:39:19.188924+00:00,btc-updown-15m-1766442600,TRADE,DOWN,ACCUM,1,1,0.8702,0.8702,2,0.1151,2,0.8803,2,0.9953,0.0093,0.00,0.0093,0.0093,0.0000,99.27,SUCCESS
2025-12-22T22:39:24.590614+00:00,btc-updown-15m-1766442600,TRADE,UP,ACCUM,1,1,0.1400,0.1400,3,0.1234,2,0.8803,2,1.0037,-0.0073,0.33,-0.1307,0.8693,0.0000,99.13,SUCCESS
2025-12-22T22:39:46.268102+00:00,btc-updown-15m-1766442600,TRADE,DOWN,ACCUM,1,1,0.8903,0.8903,3,0.1234,3,0.8836,3,1.0070,-0.0210,0.00,-0.0210,-0.0210,0.0000,98.24,SUCCESS
2025-12-22T22:39:51.691707+00:00,btc-updown-15m-1766442600,TRADE,UP,ACCUM,1,1,0.1200,0.1200,4,0.1225,3,0.8836,3,1.0062,-0.0185,0.25,-0.1410,0.8590,0.0000,98.12,SUCCESS
2025-12-22T22:40:02.575230+00:00,btc-updown-15m-1766442600,TRADE,DOWN,ACCUM,1,1,0.8198,0.8198,4,0.1225,4,0.8676,4,0.9902,0.0393,0.00,0.0393,0.0393,0.0000,97.30,SUCCESS
2025-12-22T22:40:07.989065+00:00,btc-updown-15m-1766442600,TRADE,UP,ACCUM,1,1,0.1901,0.1901,5,0.1360,4,0.8676,4,1.0037,-0.0148,0.20,-0.1508,0.8492,0.0000,97.11,SUCCESS
2025-12-22T22:40:13.381879+00:00,btc-updown-15m-1766442600,TRADE,DOWN,ACCUM,1,1,0.8997,0.8997,5,0.1360,5,0.8741,5,1.0101,-0.0505,0.00,-0.0505,-0.0505,0.0000,96.21,SUCCESS
2025-12-22T22:40:18.783833+00:00,btc-updown-15m-1766442600,TRADE,UP,ACCUM,1,1,0.1000,0.1000,6,0.1300,5,0.8741,5,1.0041,-0.0205,0.17,-0.1505,0.8495,0.0000,96.11,SUCCESS
2025-12-22T22:40:24.220493+00:00,btc-updown-15m-1766442600,TRADE,DOWN,ACCUM,1,1,0.9202,0.9202,6,0.1300,6,0.8817,6,1.0118,-0.0707,0.00,-0.0707,-0.0707,0.0000,95.19,SUCCESS
2025-12-22T22:40:35.303215+00:00,btc-updown-15m-1766442600,TRADE,UP,ACCUM,1,1,0.0900,0.0900,7,0.1243,6,0.8817,6,1.0061,-0.0364,0.14,-0.1607,0.8393,0.0000,95.10,SUCCESS
2025-12-22T22:40:40.793734+00:00,btc-updown-15m-1766442600,TRADE,DOWN,ACCUM,1,1,0.9201,0.9201,7,0.1243,7,0.8872,7,1.0115,-0.0808,0.00,-0.0808,-0.0808,0.0000,94.18,SUCCESS
2025-12-22T22:40:51.730876+00:00,btc-updown-15m-1766442600,TRADE,UP,ACCUM,1,1,0.0700,0.0700,8,0.1175,7,0.8872,7,1.0048,-0.0333,0.12,-0.1509,0.8491,0.0000,94.11,SUCCESS
2025-12-22T22:40:57.115427+00:00,btc-updown-15m-1766442600,TRADE,DOWN,ACCUM,1,1,0.9504,0.9504,8,0.1175,8,0.8951,8,1.0127,-0.1013,0.00,-0.1013,-0.1013,0.0000,93.16,SUCCESS
2025-12-22T22:41:02.650768+00:00,btc-updown-15m-1766442600,TRADE,UP,ACCUM,1,1,0.0500,0.0500,9,0.1100,8,0.8951,8,1.0052,-0.0413,0.11,-0.1513,0.8487,0.0000,93.11,SUCCESS
2025-12-22T22:41:29.750544+00:00,btc-updown-15m-1766442600,TRADE,DOWN,ACCUM,1,1,0.9500,0.9500,9,0.1100,9,0.9012,9,1.0113,-0.1013,0.00,-0.1013,-0.1013,0.0000,92.16,SUCCESS
2025-12-22T22:41:40.518759+00:00,btc-updown-15m-1766442600,TRADE,UP,ACCUM,1,1,0.0700,0.0700,10,0.1060,9,0.9012,9,1.0073,-0.0653,0.10,-0.1713,0.8287,0.0000,92.09,SUCCESS
2025-12-22T22:41:45.947000+00:00,btc-updown-15m-1766442600,TRADE,DOWN,ACCUM,1,1,0.9397,0.9397,10,0.1060,10,0.9051,10,1.0111,-0.1111,0.00,-0.1111,-0.1111,0.0000,91.15,SUCCESS
2025-12-22T22:41:51.363061+00:00,btc-updown-15m-1766442600,TRADE,UP,ACCUM,1,1,0.0800,0.0800,11,0.1037,10,0.9051,10,1.0087,-0.0874,0.09,-0.1911,0.8089,0.0000,91.07,SUCCESS
2025-12-22T22:42:02.257856+00:00,btc-updown-15m-1766442600,TRADE,DOWN,ACCUM,1,1,0.9002,0.9002,11,0.1037,11,0.9046,11,1.0083,-0.0912,0.00,-0.0912,-0.0912,0.0000,90.17,SUCCESS
2025-12-22T22:42:07.878174+00:00,btc-updown-15m-1766442600,TRADE,UP,ACCUM,1,1,0.0900,0.0900,12,0.1025,11,0.9046,11,1.0072,-0.0787,0.08,-0.1813,0.8187,0.0000,90.08,SUCCESS
2025-12-22T22:42:13.288354+00:00,btc-updown-15m-1766442600,TRADE,DOWN,ACCUM,1,1,0.9102,0.9102,12,0.1025,12,0.9051,12,1.0076,-0.0914,0.00,-0.0914,-0.0914,0.0000,89.17,SUCCESS
2025-12-22T22:42:18.697091+00:00,btc-updown-15m-1766442600,TRADE,UP,ACCUM,1,1,0.1100,0.1100,13,0.1031,12,0.9051,12,1.0082,-0.0984,0.08,-0.2015,0.7985,0.0000,89.06,SUCCESS
2025-12-22T22:42:24.090063+00:00,btc-updown-15m-1766442600,TRADE,DOWN,ACCUM,1,1,0.9001,0.9001,13,0.1031,13,0.9047,13,1.0078,-0.1016,0.00,-0.1016,-0.1016,0.0000,88.16,SUCCESS
2025-12-22T22:42:29.494943+00:00,btc-updown-15m-1766442600,TRADE,UP,ACCUM,1,1,0.1200,0.1200,14,0.1043,13,0.9047,13,1.0090,-0.1173,0.07,-0.2216,0.7784,0.0000,88.04,SUCCESS
2025-12-22T22:42:34.904181+00:00,btc-updown-15m-1766442600,TRADE,DOWN,ACCUM,1,1,0.8500,0.8500,14,0.1043,14,0.9008,14,1.0051,-0.0716,0.00,-0.0716,-0.0716,0.0000,87.19,SUCCESS
2025-12-22T22:42:56.465483+00:00,btc-updown-15m-1766442600,TRADE,UP,ACCUM,1,1,0.1801,0.1801,15,0.1094,14,0.9008,14,1.0102,-0.1423,0.07,-0.2516,0.7484,0.0000,87.01,SUCCESS
2025-12-22T22:43:01.862435+00:00,btc-updown-15m-1766442600,TRADE,DOWN,ACCUM,1,1,0.8004,0.8004,15,0.1094,15,0.8941,15,1.0035,-0.0520,0.00,-0.0520,-0.0520,0.0000,86.20,SUCCESS
2025-12-22T22:45:02.930381+00:00,btc-updown-15m-1766442600,RESOLUTION,DOWN,BINANCE_FALLBACK,30,30,1.0000,15.0520,15,0.1094,15,0.8941,15,1.0035,-0.0520,0.00,0.0000,0.0000,-0.0520,101.20,RESOLVED
2025-12-22T22:53:53.575975+00:00,btc-updown-15m-1766443500,TRADE,DOWN,ACCUM,1,1,0.0200,0.0200,0,0.0000,1,0.0200,0,0.0000,0.0000,1.00,-0.0200,0.9800,0.0000,101.18,SUCCESS
2025-12-22T23:00:04.087337+00:00,btc-updown-15m-1766443500,RESOLUTION,DOWN,BINANCE_FALLBACK,1,1,1.0000,0.0200,0,0.0000,1,0.0200,0,0.0000,0.0000,1.00,0.0000,0.0000,0.9800,102.18,RESOLVED
2025-12-22T23:08:53.628880+00:00,btc-updown-15m-1766444400,TRADE,DOWN,ACCUM,1,1,0.4102,0.4102,0,0.0000,1,0.4102,0,0.0000,0.0000,1.00,-0.4102,0.5898,0.0000,101.77,SUCCESS
2025-12-22T23:08:59.150101+00:00,btc-updown-15m-1766444400,TRADE,UP,ACCUM,1,1,0.6001,0.6001,1,0.6001,1,0.4102,1,1.0103,-0.0103,0.00,-0.0103,-0.0103,0.0000,101.17,SUCCESS
2025-12-22T23:09:04.560912+00:00,btc-updown-15m-1766444400,TRADE,UP,ACCUM,1,1,0.4801,0.4801,2,0.5401,1,0.4102,1,0.9503,0.0497,0.50,-0.4904,0.5096,0.0000,100.69,SUCCESS
2025-12-22T23:09:09.946090+00:00,btc-updown-15m-1766444400,TRADE,DOWN,ACCUM,1,1,0.5402,0.5402,2,0.5401,2,0.4752,2,1.0153,-0.0305,0.00,-0.0305,-0.0305,0.0000,100.15,SUCCESS
2025-12-22T23:09:15.348673+00:00,btc-updown-15m-1766444400,TRADE,UP,ACCUM,1,1,0.4902,0.4902,3,0.5235,2,0.4752,2,0.9986,0.0027,0.33,-0.5208,0.4792,0.0000,99.66,SUCCESS
2025-12-22T23:09:20.978170+00:00,btc-updown-15m-1766444400,TRADE,DOWN,ACCUM,1,1,0.5102,0.5102,3,0.5235,3,0.4868,3,1.0103,-0.0310,0.00,-0.0310,-0.0310,0.0000,99.15,SUCCESS
2025-12-22T23:09:26.378996+00:00,btc-updown-15m-1766444400,TRADE,DOWN,ACCUM,1,1,0.4602,0.4602,3,0.5235,4,0.4802,3,1.0036,-0.0109,0.25,-0.4911,0.5089,0.0000,98.69,SUCCESS
2025-12-22T23:09:31.768188+00:00,btc-updown-15m-1766444400,TRADE,UP,ACCUM,1,1,0.5101,0.5101,4,0.5201,4,0.4802,4,1.0003,-0.0012,0.00,-0.0012,-0.0012,0.0000,98.18,SUCCESS
2025-12-22T23:09:37.194776+00:00,btc-updown-15m-1766444400,TRADE,DOWN,ACCUM,1,1,0.4901,0.4901,4,0.5201,5,0.4822,4,1.0023,-0.0092,0.20,-0.4913,0.5087,0.0000,97.69,SUCCESS
2025-12-22T23:09:42.707343+00:00,btc-updown-15m-1766444400,TRADE,UP,ACCUM,1,1,0.4902,0.4902,5,0.5142,5,0.4822,5,0.9963,0.0185,0.00,0.0185,0.0185,0.0000,97.20,SUCCESS
2025-12-22T23:10:20.945351+00:00,btc-updown-15m-1766444400,TRADE,UP,ACCUM,1,1,0.4900,0.4900,6,0.5101,5,0.4822,5,0.9923,0.0385,0.17,-0.4716,0.5284,0.0000,96.71,SUCCESS
2025-12-22T23:10:26.364226+00:00,btc-updown-15m-1766444400,TRADE,DOWN,ACCUM,1,1,0.5101,0.5101,6,0.5101,6,0.4868,6,0.9969,0.0183,0.00,0.0183,0.0183,0.0000,96.20,SUCCESS
2025-12-22T23:10:37.177887+00:00,btc-updown-15m-1766444400,TRADE,UP,ACCUM,1,1,0.4700,0.4700,7,0.5044,6,0.4868,6,0.9912,0.0527,0.14,-0.4517,0.5483,0.0000,95.73,SUCCESS
2025-12-22T23:10:42.565753+00:00,btc-updown-15m-1766444400,TRADE,DOWN,ACCUM,1,1,0.5202,0.5202,7,0.5044,7,0.4916,7,0.9960,0.0281,0.00,0.0281,0.0281,0.0000,95.21,SUCCESS
2025-12-22T23:10:53.385562+00:00,btc-updown-15m-1766444400,TRADE,UP,ACCUM,1,1,0.4701,0.4701,8,0.5001,7,0.4916,7,0.9917,0.0581,0.12,-0.4421,0.5579,0.0000,94.74,SUCCESS
2025-12-22T23:10:59.038917+00:00,btc-updown-15m-1766444400,TRADE,DOWN,ACCUM,1,1,0.5402,0.5402,8,0.5001,8,0.4977,8,0.9978,0.0177,0.00,0.0177,0.0177,0.0000,94.20,SUCCESS
2025-12-22T23:11:09.818710+00:00,btc-updown-15m-1766444400,TRADE,UP,ACCUM,1,1,0.2900,0.2900,9,0.4768,8,0.4977,8,0.9744,0.2045,0.11,-0.2723,0.7277,0.0000,93.91,SUCCESS
2025-12-22T23:11:15.226667+00:00,btc-updown-15m-1766444400,TRADE,DOWN,ACCUM,1,1,0.7604,0.7604,9,0.4768,9,0.5268,9,1.0036,-0.0327,0.00,-0.0327,-0.0327,0.0000,93.15,SUCCESS
2025-12-22T23:11:26.037839+00:00,btc-updown-15m-1766444400,TRADE,UP,ACCUM,1,1,0.2500,0.2500,10,0.4541,9,0.5268,9,0.9810,0.1714,0.10,-0.2827,0.7173,0.0000,92.90,SUCCESS
2025-12-22T23:11:31.422311+00:00,btc-updown-15m-1766444400,TRADE,DOWN,ACCUM,1,1,0.7802,0.7802,10,0.4541,10,0.5522,10,1.0063,-0.0629,0.00,-0.0629,-0.0629,0.0000,92.12,SUCCESS
2025-12-22T23:11:36.823688+00:00,btc-updown-15m-1766444400,TRADE,UP,ACCUM,1,1,0.1900,0.1900,11,0.4301,10,0.5522,10,0.9823,0.1771,0.09,-0.2530,0.7470,0.0000,91.93,SUCCESS
2025-12-22T23:11:42.229168+00:00,btc-updown-15m-1766444400,TRADE,DOWN,ACCUM,1,1,0.8501,0.8501,11,0.4301,11,0.5793,11,1.0094,-0.1030,0.00,-0.1030,-0.1030,0.0000,91.08,SUCCESS
2025-12-22T23:11:47.618657+00:00,btc-updown-15m-1766444400,TRADE,UP,ACCUM,1,1,0.1500,0.1500,12,0.4068,11,0.5793,11,0.9860,0.1537,0.08,-0.2531,0.7469,0.0000,90.93,SUCCESS
2025-12-22T23:11:58.525464+00:00,btc-updown-15m-1766444400,TRADE,DOWN,ACCUM,1,1,0.9301,0.9301,12,0.4068,12,0.6085,12,1.0153,-0.1832,0.00,-0.1832,-0.1832,0.0000,90.00,SUCCESS
2025-12-22T23:12:03.934838+00:00,btc-updown-15m-1766444400,TRADE,UP,ACCUM,1,1,0.0700,0.0700,13,0.3809,12,0.6085,12,0.9894,0.1276,0.08,-0.2533,0.7467,0.0000,89.93,SUCCESS
2025-12-22T23:12:09.345849+00:00,btc-updown-15m-1766444400,TRADE,DOWN,ACCUM,1,1,0.9401,0.9401,13,0.3809,13,0.6340,13,1.0149,-0.1933,0.00,-0.1933,-0.1933,0.0000,88.99,SUCCESS
2025-12-22T23:12:14.750291+00:00,btc-updown-15m-1766444400,TRADE,UP,ACCUM,1,1,0.0700,0.0700,14,0.3587,13,0.6340,13,0.9927,0.0953,0.07,-0.2634,0.7366,0.0000,88.92,SUCCESS
2025-12-22T23:12:20.142212+00:00,btc-updown-15m-1766444400,TRADE,DOWN,ACCUM,1,1,0.9000,0.9000,14,0.3587,14,0.6530,14,1.0117,-0.1634,0.00,-0.1634,-0.1634,0.0000,88.02,SUCCESS
2025-12-22T23:12:25.581209+00:00,btc-updown-15m-1766444400,TRADE,UP,ACCUM,1,1,0.1000,0.1000,15,0.3414,14,0.6530,14,0.9944,0.0780,0.07,-0.2634,0.7366,0.0000,87.92,SUCCESS
2025-12-22T23:12:31.081436+00:00,btc-updown-15m-1766444400,TRADE,DOWN,ACCUM,1,1,0.8200,0.8200,15,0.3414,15,0.6641,15,1.0056,-0.0834,0.00,-0.0834,-0.0834,0.0000,87.10,SUCCESS
2025-12-22T23:15:01.896373+00:00,btc-updown-15m-1766444400,RESOLUTION,DOWN,BINANCE_FALLBACK,30,30,1.0000,15.0834,15,0.3414,15,0.6641,15,1.0056,-0.0834,0.00,0.0000,0.0000,-0.0834,102.10,RESOLVED
2025-12-22T23:24:01.558691+00:00,btc-updown-15m-1766445300,TRADE,UP,ACCUM,1,1,0.1200,0.1200,1,0.1200,0,0.0000,0,0.0000,0.0000,1.00,-0.1200,0.8800,0.0000,101.98,SUCCESS
2025-12-22T23:24:06.953582+00:00,btc-updown-15m-1766445300,TRADE,DOWN,ACCUM,1,1,0.8904,0.8904,1,0.1200,1,0.8904,1,1.0104,-0.0104,0.00,-0.0104,-0.0104,0.0000,101.09,SUCCESS
2025-12-22T23:24:12.350690+00:00,btc-updown-15m-1766445300,TRADE,UP,ACCUM,1,1,0.1101,0.1101,2,0.1150,1,0.8904,1,1.0054,-0.0054,0.50,-0.1205,0.8795,0.0000,100.98,SUCCESS
2025-12-22T23:24:17.837938+00:00,btc-updown-15m-1766445300,TRADE,DOWN,ACCUM,1,1,0.9001,0.9001,2,0.1150,2,0.8952,2,1.0103,-0.0205,0.00,-0.0205,-0.0205,0.0000,100.08,SUCCESS
2025-12-22T23:24:23.228059+00:00,btc-updown-15m-1766445300,TRADE,UP,ACCUM,1,1,0.1000,0.1000,3,0.1100,2,0.8952,2,1.0053,-0.0105,0.33,-0.1205,0.8795,0.0000,99.98,SUCCESS
2025-12-22T23:24:28.600232+00:00,btc-updown-15m-1766445300,TRADE,DOWN,ACCUM,1,1,0.9004,0.9004,3,0.1100,3,0.8969,3,1.0070,-0.0209,0.00,-0.0209,-0.0209,0.0000,99.08,SUCCESS
2025-12-22T23:24:33.988995+00:00,btc-updown-15m-1766445300,TRADE,UP,ACCUM,1,1,0.1100,0.1100,4,0.1100,3,0.8969,3,1.0070,-0.0209,0.25,-0.1309,0.8691,0.0000,98.97,SUCCESS
2025-12-22T23:24:39.390104+00:00,btc-updown-15m-1766445300,TRADE,DOWN,ACCUM,1,1,0.7604,0.7604,4,0.1100,4,0.8628,4,0.9728,0.1087,0.00,0.1087,0.1087,0.0000,98.21,SUCCESS
2025-12-22T23:24:44.781972+00:00,btc-updown-15m-1766445300,TRADE,UP,ACCUM,1,1,0.1701,0.1701,5,0.1220,4,0.8628,4,0.9848,0.0607,0.20,-0.0614,0.9386,0.0000,98.04,SUCCESS
2025-12-22T23:24:50.154917+00:00,btc-updown-15m-1766445300,TRADE,DOWN,ACCUM,1,1,0.8602,0.8602,5,0.1220,5,0.8623,5,0.9843,0.0785,0.00,0.0785,0.0785,0.0000,97.18,SUCCESS
2025-12-22T23:24:55.524416+00:00,btc-updown-15m-1766445300,TRADE,UP,ACCUM,1,1,0.1700,0.1700,6,0.1300,5,0.8623,5,0.9923,0.0385,0.17,-0.0915,0.9085,0.0000,97.01,SUCCESS
2025-12-22T23:25:00.980316+00:00,btc-updown-15m-1766445300,TRADE,DOWN,ACCUM,1,1,0.8601,0.8601,6,0.1300,6,0.8619,6,0.9919,0.0484,0.00,0.0484,0.0484,0.0000,96.15,SUCCESS
2025-12-22T23:25:06.507714+00:00,btc-updown-15m-1766445300,TRADE,UP,ACCUM,1,1,0.1500,0.1500,7,0.1329,6,0.8619,6,0.9948,0.0313,0.14,-0.1016,0.8984,0.0000,96.00,SUCCESS
2025-12-22T23:25:11.902849+00:00,btc-updown-15m-1766445300,TRADE,DOWN,ACCUM,1,1,0.7903,0.7903,7,0.1329,7,0.8517,7,0.9846,0.1080,0.00,0.1080,0.1080,0.0000,95.21,SUCCESS
2025-12-22T23:25:22.674302+00:00,btc-updown-15m-1766445300,TRADE,UP,ACCUM,1,1,0.1600,0.1600,8,0.1363,7,0.8517,7,0.9880,0.0843,0.12,-0.0520,0.9480,0.0000,95.05,SUCCESS
2025-12-22T23:25:33.484343+00:00,btc-updown-15m-1766445300,TRADE,DOWN,ACCUM,1,1,0.9001,0.9001,8,0.1363,8,0.8577,8,0.9940,0.0479,0.00,0.0479,0.0479,0.0000,94.15,SUCCESS
2025-12-22T23:25:38.887594+00:00,btc-updown-15m-1766445300,TRADE,UP,ACCUM,1,1,0.1900,0.1900,9,0.1423,8,0.8577,8,1.0000,0.0002,0.11,-0.1421,0.8579,0.0000,93.96,SUCCESS
2025-12-22T23:25:49.799419+00:00,btc-updown-15m-1766445300,TRADE,DOWN,ACCUM,1,1,0.8701,0.8701,9,0.1423,9,0.8591,9,1.0014,-0.0122,0.00,-0.0122,-0.0122,0.0000,93.09,SUCCESS
2025-12-22T23:25:55.340150+00:00,btc-updown-15m-1766445300,TRADE,UP,ACCUM,1,1,0.1200,0.1200,10,0.1400,9,0.8591,9,0.9991,0.0078,0.10,-0.1322,0.8678,0.0000,92.97,SUCCESS
2025-12-22T23:26:00.832935+00:00,btc-updown-15m-1766445300,TRADE,DOWN,ACCUM,1,1,0.8997,0.8997,10,0.1400,10,0.8632,10,1.0032,-0.0319,0.00,-0.0319,-0.0319,0.0000,92.07,SUCCESS
2025-12-22T23:26:06.219224+00:00,btc-updown-15m-1766445300,TRADE,UP,ACCUM,1,1,0.0900,0.0900,11,0.1355,10,0.8632,10,0.9986,0.0136,0.09,-0.1219,0.8781,0.0000,91.98,SUCCESS
2025-12-22T23:26:11.603504+00:00,btc-updown-15m-1766445300,TRADE,DOWN,ACCUM,1,1,0.8603,0.8603,11,0.1355,11,0.8629,11,0.9984,0.0178,0.00,0.0178,0.0178,0.0000,91.12,SUCCESS
2025-12-22T23:26:16.984336+00:00,btc-updown-15m-1766445300,TRADE,UP,ACCUM,1,1,0.1401,0.1401,12,0.1359,11,0.8629,11,0.9988,0.0136,0.08,-0.1223,0.8777,0.0000,90.98,SUCCESS
2025-12-22T23:26:27.898875+00:00,btc-updown-15m-1766445300,TRADE,DOWN,ACCUM,1,1,0.7903,0.7903,12,0.1359,12,0.8569,12,0.9927,0.0874,0.00,0.0874,0.0874,0.0000,90.19,SUCCESS
2025-12-22T23:26:33.297944+00:00,btc-updown-15m-1766445300,TRADE,UP,ACCUM,1,1,0.2100,0.2100,13,0.1416,12,0.8569,12,0.9984,0.0190,0.08,-0.1226,0.8774,0.0000,89.98,SUCCESS
2025-12-22T23:26:38.740245+00:00,btc-updown-15m-1766445300,TRADE,DOWN,ACCUM,1,1,0.7902,0.7902,13,0.1416,13,0.8517,13,0.9933,0.0872,0.00,0.0872,0.0872,0.0000,89.19,SUCCESS
2025-12-22T23:26:49.593964+00:00,btc-updown-15m-1766445300,TRADE,UP,ACCUM,1,1,0.3401,0.3401,14,0.1557,13,0.8517,13,1.0075,-0.0971,0.07,-0.2529,0.7471,0.0000,88.85,SUCCESS
2025-12-22T23:26:55.003440+00:00,btc-updown-15m-1766445300,TRADE,DOWN,ACCUM,1,1,0.6401,0.6401,14,0.1557,14,0.8366,14,0.9924,0.1070,0.00,0.1070,0.1070,0.0000,88.21,SUCCESS
2025-12-22T23:27:11.430021+00:00,btc-updown-15m-1766445300,TRADE,UP,ACCUM,1,1,0.3800,0.3800,15,0.1707,14,0.8366,14,1.0073,-0.1023,0.07,-0.2730,0.7270,0.0000,87.83,SUCCESS
2025-12-22T23:27:16.864603+00:00,btc-updown-15m-1766445300,TRADE,DOWN,ACCUM,1,1,0.6903,0.6903,15,0.1707,15,0.8269,15,0.9976,0.0367,0.00,0.0367,0.0367,0.0000,87.14,SUCCESS
2025-12-22T23:30:03.449724+00:00,btc-updown-15m-1766445300,RESOLUTION,DOWN,BINANCE_FALLBACK,30,30,1.0000,14.9633,15,0.1707,15,0.8269,15,0.9976,0.0367,0.00,0.0000,0.0000,0.0367,102.14,RESOLVED
2025-12-22T23:38:58.562707+00:00,btc-updown-15m-1766446200,TRADE,UP,ACCUM,1,1,0.0400,0.0400,1,0.0400,0,0.0000,0,0.0000,0.0000,1.00,-0.0400,0.9600,0.0000,102.10,SUCCESS
2025-12-22T23:39:14.888183+00:00,btc-updown-15m-1766446200,TRADE,DOWN,ACCUM,1,1,0.9501,0.9501,1,0.0400,1,0.9501,1,0.9901,0.0099,0.00,0.0099,0.0099,0.0000,101.15,SUCCESS
2025-12-22T23:39:25.716127+00:00,btc-updown-15m-1766446200,TRADE,UP,ACCUM,1,1,0.0500,0.0500,2,0.0450,1,0.9501,1,0.9951,0.0049,0.50,-0.0401,0.9599,0.0000,101.10,SUCCESS
2025-12-22T23:45:02.118508+00:00,btc-updown-15m-1766446200,RESOLUTION,DOWN,BINANCE_FALLBACK,3,3,1.0000,1.0401,2,0.0450,1,0.9501,1,0.9951,0.0049,0.50,0.0000,0.0000,-0.0401,102.10,RESOLVED
2025-12-22T23:53:57.153306+00:00,btc-updown-15m-1766447100,TRADE,UP,ACCUM,1,1,0.4501,0.4501,1,0.4501,0,0.0000,0,0.0000,0.0000,1.00,-0.4501,0.5499,0.0000,101.65,SUCCESS
2025-12-22T23:54:02.593092+00:00,btc-updown-15m-1766447100,TRADE,DOWN,ACCUM,1,1,0.5801,0.5801,1,0.4501,1,0.5801,1,1.0302,-0.0302,0.00,-0.0302,-0.0302,0.0000,101.07,SUCCESS
2025-12-22T23:54:08.016867+00:00,btc-updown-15m-1766447100,TRADE,UP,ACCUM,1,1,0.4602,0.4602,2,0.4552,1,0.5801,1,1.0353,-0.0353,0.50,-0.4904,0.5096,0.0000,100.61,SUCCESS
2025-12-22T23:54:13.540435+00:00,btc-updown-15m-1766447100,TRADE,DOWN,ACCUM,1,1,0.3300,0.3300,2,0.4552,2,0.4550,2,0.9102,0.1796,0.00,0.1796,0.1796,0.0000,100.28,SUCCESS
2025-12-22T23:54:18.933409+00:00,btc-updown-15m-1766447100,TRADE,DOWN,ACCUM,1,1,0.3400,0.3400,2,0.4552,3,0.4167,2,0.8719,0.2562,0.33,-0.1605,0.8395,0.0000,99.94,SUCCESS
2025-12-22T23:54:24.434255+00:00,btc-updown-15m-1766447100,TRADE,UP,ACCUM,1,1,0.8201,0.8201,3,0.5768,3,0.4167,3,0.9935,0.0194,0.00,0.0194,0.0194,0.0000,99.12,SUCCESS
2025-12-22T23:54:29.838328+00:00,btc-updown-15m-1766447100,TRADE,DOWN,ACCUM,1,1,0.1500,0.1500,3,0.5768,4,0.3500,3,0.9269,0.2194,0.25,-0.1306,0.8694,0.0000,98.97,SUCCESS
2025-12-22T23:54:35.217899+00:00,btc-updown-15m-1766447100,TRADE,UP,ACCUM,1,1,0.8703,0.8703,4,0.6502,4,0.3500,4,1.0002,-0.0010,0.00,-0.0010,-0.0010,0.0000,98.10,SUCCESS
2025-12-22T23:54:46.150748+00:00,btc-updown-15m-1766447100,TRADE,DOWN,ACCUM,1,1,0.1300,0.1300,4,0.6502,5,0.3060,4,0.9562,0.1750,0.20,-0.1310,0.8690,0.0000,97.97,SUCCESS
2025-12-22T23:54:51.560075+00:00,btc-updown-15m-1766447100,TRADE,UP,ACCUM,1,1,0.8904,0.8904,5,0.6982,5,0.3060,5,1.0043,-0.0214,0.00,-0.0214,-0.0214,0.0000,97.08,SUCCESS
2025-12-22T23:54:56.957464+00:00,btc-updown-15m-1766447100,TRADE,DOWN,ACCUM,1,1,0.1400,0.1400,5,0.6982,6,0.2784,5,0.9766,0.1169,0.17,-0.1614,0.8386,0.0000,96.94,SUCCESS
2025-12-22T23:55:02.366787+00:00,btc-updown-15m-1766447100,TRADE,UP,ACCUM,1,1,0.9003,0.9003,6,0.7319,6,0.2784,6,1.0103,-0.0617,0.00,-0.0617,-0.0617,0.0000,96.04,SUCCESS
2025-12-22T23:55:07.796857+00:00,btc-updown-15m-1766447100,TRADE,DOWN,ACCUM,1,1,0.1200,0.1200,6,0.7319,7,0.2557,6,0.9877,0.0740,0.14,-0.1817,0.8183,0.0000,95.92,SUCCESS
2025-12-22T23:55:13.299471+00:00,btc-updown-15m-1766447100,TRADE,UP,ACCUM,1,1,0.8801,0.8801,7,0.7531,7,0.2557,7,1.0088,-0.0618,0.00,-0.0618,-0.0618,0.0000,95.04,SUCCESS
2025-12-22T23:55:24.152855+00:00,btc-updown-15m-1766447100,TRADE,DOWN,ACCUM,1,1,0.1300,0.1300,7,0.7531,8,0.2400,7,0.9931,0.0482,0.12,-0.1919,0.8081,0.0000,94.91,SUCCESS
2025-12-22T23:55:34.980432+00:00,btc-updown-15m-1766447100,TRADE,UP,ACCUM,1,1,0.8600,0.8600,8,0.7665,8,0.2400,8,1.0065,-0.0519,0.00,-0.0519,-0.0519,0.0000,94.05,SUCCESS
2025-12-22T23:55:40.391169+00:00,btc-updown-15m-1766447100,TRADE,DOWN,ACCUM,1,1,0.2100,0.2100,8,0.7665,9,0.2367,8,1.0032,-0.0252,0.11,-0.2619,0.7381,0.0000,93.84,SUCCESS
2025-12-22T23:55:45.772821+00:00,btc-updown-15m-1766447100,TRADE,UP,ACCUM,1,1,0.7801,0.7801,9,0.7680,9,0.2367,9,1.0047,-0.0420,0.00,-0.0420,-0.0420,0.0000,93.06,SUCCESS
2025-12-22T23:55:51.192197+00:00,btc-updown-15m-1766447100,TRADE,DOWN,ACCUM,1,1,0.2300,0.2300,9,0.7680,10,0.2360,9,1.0040,-0.0360,0.10,-0.2721,0.7279,0.0000,92.83,SUCCESS
2025-12-22T23:55:56.601768+00:00,btc-updown-15m-1766447100,TRADE,UP,ACCUM,1,1,0.7801,0.7801,10,0.7692,10,0.2360,10,1.0052,-0.0522,0.00,-0.0522,-0.0522,0.0000,92.05,SUCCESS
2025-12-22T23:56:01.991782+00:00,btc-updown-15m-1766447100,TRADE,DOWN,ACCUM,1,1,0.1901,0.1901,10,0.7692,11,0.2319,10,1.0010,-0.0104,0.09,-0.2422,0.7578,0.0000,91.86,SUCCESS
2025-12-22T23:56:07.382928+00:00,btc-updown-15m-1766447100,TRADE,UP,ACCUM,1,1,0.8201,0.8201,11,0.7738,11,0.2319,11,1.0057,-0.0623,0.00,-0.0623,-0.0623,0.0000,91.04,SUCCESS
2025-12-22T23:56:12.796516+00:00,btc-updown-15m-1766447100,TRADE,DOWN,ACCUM,1,1,0.2001,0.2001,11,0.7738,12,0.2292,11,1.0030,-0.0332,0.08,-0.2624,0.7376,0.0000,90.84,SUCCESS
2025-12-22T23:56:18.309363+00:00,btc-updown-15m-1766447100,TRADE,UP,ACCUM,1,1,0.8202,0.8202,12,0.7777,12,0.2292,12,1.0069,-0.0826,0.00,-0.0826,-0.0826,0.0000,90.02,SUCCESS
2025-12-22T23:56:23.717853+00:00,btc-updown-15m-1766447100,TRADE,DOWN,ACCUM,1,1,0.1901,0.1901,12,0.7777,13,0.2262,12,1.0039,-0.0465,0.08,-0.2727,0.7273,0.0000,89.83,SUCCESS
2025-12-22T23:56:29.120598+00:00,btc-updown-15m-1766447100,TRADE,UP,ACCUM,1,1,0.8203,0.8203,13,0.7810,13,0.2262,13,1.0072,-0.0930,0.00,-0.0930,-0.0930,0.0000,89.01,SUCCESS
2025-12-22T23:56:39.910066+00:00,btc-updown-15m-1766447100,TRADE,DOWN,ACCUM,1,1,0.1801,0.1801,13,0.7810,14,0.2229,13,1.0039,-0.0502,0.07,-0.2731,0.7269,0.0000,88.82,SUCCESS
2025-12-22T23:56:50.732427+00:00,btc-updown-15m-1766447100,TRADE,UP,ACCUM,1,1,0.9202,0.9202,14,0.7909,14,0.2229,14,1.0138,-0.1933,0.00,-0.1933,-0.1933,0.0000,87.90,SUCCESS
2025-12-22T23:56:56.284575+00:00,btc-updown-15m-1766447100,TRADE,DOWN,ACCUM,1,1,0.1100,0.1100,14,0.7909,15,0.2154,14,1.0063,-0.0880,0.07,-0.3034,0.6966,0.0000,87.79,SUCCESS
2025-12-22T23:57:01.688621+00:00,btc-updown-15m-1766447100,TRADE,UP,ACCUM,1,1,0.9002,0.9002,15,0.7982,15,0.2154,15,1.0136,-0.2035,0.00,-0.2035,-0.2035,0.0000,86.89,SUCCESS
2025-12-23T00:00:03.415385+00:00,btc-updown-15m-1766447100,RESOLUTION,DOWN,BINANCE_FALLBACK,30,30,1.0000,15.2035,15,0.7982,15,0.2154,15,1.0136,-0.2035,0.00,0.0000,0.0000,-0.2035,101.89,RESOLVED
2025-12-23T00:08:58.694836+00:00,btc-updown-15m-1766448000,TRADE,UP,ACCUM,1,1,0.1400,0.1400,1,0.1400,0,0.0000,0,0.0000,0.0000,1.00,-0.1400,0.8600,0.0000,101.75,SUCCESS
2025-12-23T00:09:04.090998+00:00,btc-updown-15m-1766448000,TRADE,DOWN,ACCUM,1,1,0.9003,0.9003,1,0.1400,1,0.9003,1,1.0404,-0.0404,0.00,-0.0404,-0.0404,0.0000,100.85,SUCCESS
2025-12-23T00:09:09.486688+00:00,btc-updown-15m-1766448000,TRADE,UP,ACCUM,1,1,0.1200,0.1200,2,0.1300,1,0.9003,1,1.0304,-0.0304,0.50,-0.1604,0.8396,0.0000,100.73,SUCCESS
2025-12-23T00:09:14.901446+00:00,btc-updown-15m-1766448000,TRADE,DOWN,ACCUM,1,1,0.9004,0.9004,2,0.1300,2,0.9004,2,1.0304,-0.0608,0.00,-0.0608,-0.0608,0.0000,99.83,SUCCESS
2025-12-23T00:09:20.321494+00:00,btc-updown-15m-1766448000,TRADE,UP,ACCUM,1,1,0.1200,0.1200,3,0.1267,2,0.9004,2,1.0270,-0.0541,0.33,-0.1808,0.8192,0.0000,99.71,SUCCESS
2025-12-23T00:09:25.824763+00:00,btc-updown-15m-1766448000,TRADE,DOWN,ACCUM,1,1,0.9004,0.9004,3,0.1267,3,0.9004,3,1.0270,-0.0811,0.00,-0.0811,-0.0811,0.0000,98.81,SUCCESS
2025-12-23T00:09:31.228582+00:00,btc-updown-15m-1766448000,TRADE,UP,ACCUM,1,1,0.1101,0.1101,4,0.1225,3,0.9004,3,1.0229,-0.0687,0.25,-0.1912,0.8088,0.0000,98.70,SUCCESS
2025-12-23T00:09:36.612951+00:00,btc-updown-15m-1766448000,TRADE,DOWN,ACCUM,1,1,0.9103,0.9103,4,0.1225,4,0.9028,4,1.0254,-0.1015,0.00,-0.1015,-0.1015,0.0000,97.79,SUCCESS
2025-12-23T00:09:47.427875+00:00,btc-updown-15m-1766448000,TRADE,UP,ACCUM,1,1,0.1800,0.1800,5,0.1340,4,0.9028,4,1.0369,-0.1475,0.20,-0.2815,0.7185,0.0000,97.61,SUCCESS
2025-12-23T00:09:52.837178+00:00,btc-updown-15m-1766448000,TRADE,DOWN,ACCUM,1,1,0.7301,0.7301,5,0.1340,5,0.8683,5,1.0023,-0.0116,0.00,-0.0116,-0.0116,0.0000,96.88,SUCCESS
2025-12-23T00:09:58.242163+00:00,btc-updown-15m-1766448000,TRADE,UP,ACCUM,1,1,0.2600,0.2600,6,0.1550,5,0.8683,5,1.0233,-0.1166,0.17,-0.2716,0.7284,0.0000,96.62,SUCCESS
2025-12-23T00:10:03.635036+00:00,btc-updown-15m-1766448000,TRADE,DOWN,ACCUM,1,1,0.8201,0.8201,6,0.1550,6,0.8603,6,1.0153,-0.0917,0.00,-0.0917,-0.0917,0.0000,95.80,SUCCESS
2025-12-23T00:10:09.135152+00:00,btc-updown-15m-1766448000,TRADE,UP,ACCUM,1,1,0.1701,0.1701,7,0.1572,6,0.8603,6,1.0174,-0.1046,0.14,-0.2618,0.7382,0.0000,95.63,SUCCESS
2025-12-23T00:10:20.087859+00:00,btc-updown-15m-1766448000,TRADE,DOWN,ACCUM,1,1,0.9104,0.9104,7,0.1572,7,0.8674,7,1.0246,-0.1722,0.00,-0.1722,-0.1722,0.0000,94.72,SUCCESS
2025-12-23T00:10:25.707001+00:00,btc-updown-15m-1766448000,TRADE,UP,ACCUM,1,1,0.1200,0.1200,8,0.1525,7,0.8674,7,1.0200,-0.1397,0.12,-0.2923,0.7077,0.0000,94.60,SUCCESS
2025-12-23T00:10:31.230982+00:00,btc-updown-15m-1766448000,TRADE,DOWN,ACCUM,1,1,0.8804,0.8804,8,0.1525,8,0.8691,8,1.0216,-0.1727,0.00,-0.1727,-0.1727,0.0000,93.72,SUCCESS
2025-12-23T00:10:47.523859+00:00,btc-updown-15m-1766448000,TRADE,UP,ACCUM,1,1,0.1000,0.1000,9,0.1467,8,0.8691,8,1.0158,-0.1260,0.11,-0.2727,0.7273,0.0000,93.62,SUCCESS
2025-12-23T00:10:53.023555+00:00,btc-updown-15m-1766448000,TRADE,DOWN,ACCUM,1,1,0.9402,0.9402,9,0.1467,9,0.8770,9,1.0237,-0.2129,0.00,-0.2129,-0.2129,0.0000,92.68,SUCCESS
2025-12-23T00:10:58.421008+00:00,btc-updown-15m-1766448000,TRADE,UP,ACCUM,1,1,0.0800,0.0800,10,0.1400,9,0.8770,9,1.0170,-0.1529,0.10,-0.2929,0.7071,0.0000,92.60,SUCCESS
2025-12-23T00:11:20.046204+00:00,btc-updown-15m-1766448000,TRADE,DOWN,ACCUM,1,1,0.9402,0.9402,10,0.1400,10,0.8833,10,1.0233,-0.2332,0.00,-0.2332,-0.2332,0.0000,91.66,SUCCESS
2025-12-23T00:11:25.476415+00:00,btc-updown-15m-1766448000,TRADE,UP,ACCUM,1,1,0.0600,0.0600,11,0.1328,10,0.8833,10,1.0160,-0.1604,0.09,-0.2932,0.7068,0.0000,91.60,SUCCESS
2025-12-23T00:11:30.876630+00:00,btc-updown-15m-1766448000,TRADE,DOWN,ACCUM,1,1,0.9504,0.9504,11,0.1328,11,0.8894,11,1.0221,-0.2435,0.00,-0.2435,-0.2435,0.0000,90.65,SUCCESS
2025-12-23T00:11:52.492124+00:00,btc-updown-15m-1766448000,TRADE,UP,ACCUM,1,1,0.0600,0.0600,12,0.1267,11,0.8894,11,1.0161,-0.1768,0.08,-0.3035,0.6965,0.0000,90.59,SUCCESS
2025-12-23T00:12:03.404601+00:00,btc-updown-15m-1766448000,TRADE,DOWN,ACCUM,1,1,0.8902,0.8902,12,0.1267,12,0.8895,12,1.0161,-0.1938,0.00,-0.1938,-0.1938,0.0000,89.70,SUCCESS
2025-12-23T00:12:14.216437+00:00,btc-updown-15m-1766448000,TRADE,UP,ACCUM,1,1,0.0700,0.0700,13,0.1223,12,0.8895,12,1.0118,-0.1414,0.08,-0.2638,0.7362,0.0000,89.63,SUCCESS
2025-12-23T00:12:19.608482+00:00,btc-updown-15m-1766448000,TRADE,DOWN,ACCUM,1,1,0.9402,0.9402,13,0.1223,13,0.8934,13,1.0157,-0.2040,0.00,-0.2040,-0.2040,0.0000,88.69,SUCCESS
2025-12-23T00:12:25.012865+00:00,btc-updown-15m-1766448000,TRADE,UP,ACCUM,1,1,0.0400,0.0400,14,0.1164,13,0.8934,13,1.0098,-0.1275,0.07,-0.2440,0.7560,0.0000,88.65,SUCCESS
2025-12-23T00:15:03.432767+00:00,btc-updown-15m-1766448000,RESOLUTION,DOWN,BINANCE_FALLBACK,27,27,1.0000,13.2440,14,0.1164,13,0.8934,13,1.0098,-0.1275,0.07,0.0000,0.0000,-0.2440,101.65,RESOLVED
2025-12-23T00:23:58.148428+00:00,btc-updown-15m-1766448900,TRADE,DOWN,ACCUM,1,1,0.4900,0.4900,0,0.0000,1,0.4900,0,0.0000,0.0000,1.00,-0.4900,0.5100,0.0000,101.16,SUCCESS
2025-12-23T00:24:03.572472+00:00,btc-updown-15m-1766448900,TRADE,UP,ACCUM,1,1,0.5601,0.5601,1,0.5601,1,0.4900,1,1.0501,-0.0501,0.00,-0.0501,-0.0501,0.0000,100.60,SUCCESS
2025-12-23T00:24:08.966116+00:00,btc-updown-15m-1766448900,TRADE,DOWN,ACCUM,1,1,0.4101,0.4101,1,0.5601,2,0.4501,1,1.0102,-0.0102,0.50,-0.4603,0.5397,0.0000,100.19,SUCCESS
2025-12-23T00:24:14.468184+00:00,btc-updown-15m-1766448900,TRADE,UP,ACCUM,1,1,0.6301,0.6301,2,0.5951,2,0.4501,2,1.0452,-0.0904,0.00,-0.0904,-0.0904,0.0000,99.56,SUCCESS
2025-12-23T00:24:19.901780+00:00,btc-updown-15m-1766448900,TRADE,DOWN,ACCUM,1,1,0.3701,0.3701,2,0.5951,3,0.4234,2,1.0185,-0.0371,0.33,-0.4605,0.5395,0.0000,99.19,SUCCESS
2025-12-23T00:24:25.346592+00:00,btc-updown-15m-1766448900,TRADE,UP,ACCUM,1,1,0.6400,0.6400,3,0.6101,3,0.4234,3,1.0335,-0.1005,0.00,-0.1005,-0.1005,0.0000,98.55,SUCCESS
2025-12-23T00:24:30.851872+00:00,btc-updown-15m-1766448900,TRADE,DOWN,ACCUM,1,1,0.3501,0.3501,3,0.6101,4,0.4051,3,1.0152,-0.0456,0.25,-0.4507,0.5493,0.0000,98.20,SUCCESS
2025-12-23T00:24:36.340530+00:00,btc-updown-15m-1766448900,TRADE,UP,ACCUM,1,1,0.6602,0.6602,4,0.6226,4,0.4051,4,1.0277,-0.1109,0.00,-0.1109,-0.1109,0.0000,97.54,SUCCESS
2025-12-23T00:24:41.869921+00:00,btc-updown-15m-1766448900,TRADE,DOWN,ACCUM,1,1,0.3602,0.3602,4,0.6226,5,0.3961,4,1.0187,-0.0749,0.20,-0.4711,0.5289,0.0000,97.18,SUCCESS
2025-12-23T00:24:47.269956+00:00,btc-updown-15m-1766448900,TRADE,UP,ACCUM,1,1,0.6702,0.6702,5,0.6321,5,0.3961,5,1.0283,-0.1413,0.00,-0.1413,-0.1413,0.0000,96.51,SUCCESS
2025-12-23T00:24:52.699197+00:00,btc-updown-15m-1766448900,TRADE,DOWN,ACCUM,1,1,0.3400,0.3400,5,0.6321,6,0.3868,5,1.0189,-0.0945,0.17,-0.4813,0.5187,0.0000,96.17,SUCCESS
2025-12-23T00:24:58.216233+00:00,btc-updown-15m-1766448900,TRADE,UP,ACCUM,1,1,0.6801,0.6801,6,0.6401,6,0.3868,6,1.0269,-0.1614,0.00,-0.1614,-0.1614,0.0000,95.49,SUCCESS
2025-12-23T00:25:03.612520+00:00,btc-updown-15m-1766448900,TRADE,DOWN,ACCUM,1,1,0.3201,0.3201,6,0.6401,7,0.3772,6,1.0174,-0.1042,0.14,-0.4815,0.5185,0.0000,95.17,SUCCESS
2025-12-23T00:25:09.022022+00:00,btc-updown-15m-1766448900,TRADE,UP,ACCUM,1,1,0.6602,0.6602,7,0.6430,7,0.3772,7,1.0202,-0.1416,0.00,-0.1416,-0.1416,0.0000,94.51,SUCCESS
2025-12-23T00:25:14.422060+00:00,btc-updown-15m-1766448900,TRADE,DOWN,ACCUM,1,1,0.3202,0.3202,7,0.6430,8,0.3701,7,1.0131,-0.0917,0.12,-0.4618,0.5382,0.0000,94.19,SUCCESS
2025-12-23T00:25:19.812632+00:00,btc-updown-15m-1766448900,TRADE,UP,ACCUM,1,1,0.7001,0.7001,8,0.6501,8,0.3701,8,1.0202,-0.1619,0.00,-0.1619,-0.1619,0.0000,93.49,SUCCESS
2025-12-23T00:25:25.199630+00:00,btc-updown-15m-1766448900,TRADE,DOWN,ACCUM,1,1,0.3101,0.3101,8,0.6501,9,0.3634,8,1.0136,-0.1085,0.11,-0.4720,0.5280,0.0000,93.18,SUCCESS
2025-12-23T00:25:36.029020+00:00,btc-updown-15m-1766448900,TRADE,UP,ACCUM,1,1,0.7001,0.7001,9,0.6557,9,0.3634,9,1.0191,-0.1721,0.00,-0.1721,-0.1721,0.0000,92.48,SUCCESS
2025-12-23T00:25:41.641206+00:00,btc-updown-15m-1766448900,TRADE,DOWN,ACCUM,1,1,0.3301,0.3301,9,0.6557,10,0.3601,9,1.0158,-0.1421,0.10,-0.5022,0.4978,0.0000,92.15,SUCCESS
2025-12-23T00:25:47.038277+00:00,btc-updown-15m-1766448900,TRADE,UP,ACCUM,1,1,0.6700,0.6700,10,0.6571,10,0.3601,10,1.0172,-0.1722,0.00,-0.1722,-0.1722,0.0000,91.48,SUCCESS
2025-12-23T00:25:52.423077+00:00,btc-updown-15m-1766448900,TRADE,DOWN,ACCUM,1,1,0.3402,0.3402,10,0.6571,11,0.3583,10,1.0154,-0.1541,0.09,-0.5124,0.4876,0.0000,91.14,SUCCESS
2025-12-23T00:26:03.237142+00:00,btc-updown-15m-1766448900,TRADE,UP,ACCUM,1,1,0.7201,0.7201,11,0.6628,11,0.3583,11,1.0211,-0.2325,0.00,-0.2325,-0.2325,0.0000,90.42,SUCCESS
2025-12-23T00:26:08.660121+00:00,btc-updown-15m-1766448900,TRADE,DOWN,ACCUM,1,1,0.3000,0.3000,11,0.6628,12,0.3534,11,1.0163,-0.1791,0.08,-0.5325,0.4675,0.0000,90.12,SUCCESS
2025-12-23T00:26:14.175414+00:00,btc-updown-15m-1766448900,TRADE,UP,ACCUM,1,1,0.7302,0.7302,12,0.6685,12,0.3534,12,1.0219,-0.2627,0.00,-0.2627,-0.2627,0.0000,89.39,SUCCESS
2025-12-23T00:26:19.613814+00:00,btc-updown-15m-1766448900,TRADE,DOWN,ACCUM,1,1,0.2800,0.2800,12,0.6685,13,0.3478,12,1.0162,-0.1949,0.08,-0.5427,0.4573,0.0000,89.11,SUCCESS
2025-12-23T00:26:25.015204+00:00,btc-updown-15m-1766448900,TRADE,UP,ACCUM,1,1,0.7402,0.7402,13,0.6740,13,0.3478,13,1.0218,-0.2829,0.00,-0.2829,-0.2829,0.0000,88.37,SUCCESS
2025-12-23T00:26:30.389199+00:00,btc-updown-15m-1766448900,TRADE,DOWN,ACCUM,1,1,0.2700,0.2700,13,0.6740,14,0.3422,13,1.0162,-0.2107,0.07,-0.5529,0.4471,0.0000,88.10,SUCCESS
2025-12-23T00:26:35.810764+00:00,btc-updown-15m-1766448900,TRADE,UP,ACCUM,1,1,0.7402,0.7402,14,0.6787,14,0.3422,14,1.0209,-0.2931,0.00,-0.2931,-0.2931,0.0000,87.36,SUCCESS
2025-12-23T00:26:41.302973+00:00,btc-updown-15m-1766448900,TRADE,DOWN,ACCUM,1,1,0.2600,0.2600,14,0.6787,15,0.3368,14,1.0155,-0.2163,0.07,-0.5531,0.4469,0.0000,87.10,SUCCESS
2025-12-23T00:26:46.714842+00:00,btc-updown-15m-1766448900,TRADE,UP,ACCUM,1,1,0.7303,0.7303,15,0.6821,15,0.3368,15,1.0189,-0.2834,0.00,-0.2834,-0.2834,0.0000,86.37,SUCCESS
2025-12-23T00:30:02.976640+00:00,btc-updown-15m-1766448900,RESOLUTION,DOWN,BINANCE_FALLBACK,30,30,1.0000,15.2834,15,0.6821,15,0.3368,15,1.0189,-0.2834,0.00,0.0000,0.0000,-0.2834,101.37,RESOLVED
2025-12-23T00:40:35.136962+00:00,btc-updown-15m-1766449800,TRADE,DOWN,ACCUM,1,1,0.0200,0.0200,0,0.0000,1,0.0200,0,0.0000,0.0000,1.00,-0.0200,0.9800,0.0000,101.35,SUCCESS
2025-12-23T00:41:40.013707+00:00,btc-updown-15m-1766449800,TRADE,UP,ACCUM,1,1,0.9404,0.9404,1,0.9404,1,0.0200,1,0.9604,0.0396,0.00,0.0396,0.0396,0.0000,100.41,SUCCESS
2025-12-23T00:41:45.422926+00:00,btc-updown-15m-1766449800,TRADE,DOWN,ACCUM,1,1,0.0600,0.0600,1,0.9404,2,0.0400,1,0.9804,0.0196,0.50,-0.0204,0.9796,0.0000,100.35,SUCCESS
2025-12-23T00:41:50.826394+00:00,btc-updown-15m-1766449800,TRADE,UP,ACCUM,1,1,0.9502,0.9502,2,0.9453,2,0.0400,2,0.9853,0.0293,0.00,0.0293,0.0293,0.0000,99.40,SUCCESS
2025-12-23T00:42:01.766500+00:00,btc-updown-15m-1766449800,TRADE,DOWN,ACCUM,1,1,0.0500,0.0500,2,0.9453,3,0.0433,2,0.9887,0.0226,0.33,-0.0207,0.9793,0.0000,99.35,SUCCESS
2025-12-23T00:45:01.244057+00:00,btc-updown-15m-1766449800,RESOLUTION,DOWN,BINANCE_FALLBACK,5,5,1.0000,2.0207,2,0.9453,3,0.0433,2,0.9887,0.0226,0.33,0.0000,0.0000,0.9793,102.35,RESOLVED
2025-12-23T00:53:56.900870+00:00,btc-updown-15m-1766450700,TRADE,DOWN,ACCUM,1,1,0.2301,0.2301,0,0.0000,1,0.2301,0,0.0000,0.0000,1.00,-0.2301,0.7699,0.0000,102.12,SUCCESS
2025-12-23T00:54:07.708799+00:00,btc-updown-15m-1766450700,TRADE,UP,ACCUM,1,1,0.7697,0.7697,1,0.7697,1,0.2301,1,0.9998,0.0002,0.00,0.0002,0.0002,0.0000,101.35,SUCCESS
2025-12-23T00:54:18.544799+00:00,btc-updown-15m-1766450700,TRADE,DOWN,ACCUM,1,1,0.2300,0.2300,1,0.7697,2,0.2300,1,0.9998,0.0002,0.50,-0.2298,0.7702,0.0000,101.12,SUCCESS
2025-12-23T00:54:23.926208+00:00,btc-updown-15m-1766450700,TRADE,UP,ACCUM,1,1,0.7998,0.7998,2,0.7848,2,0.2300,2,1.0148,-0.0296,0.00,-0.0296,-0.0296,0.0000,100.32,SUCCESS
2025-12-23T00:54:29.314659+00:00,btc-updown-15m-1766450700,TRADE,DOWN,ACCUM,1,1,0.1701,0.1701,2,0.7848,3,0.2101,2,0.9948,0.0104,0.33,-0.1997,0.8003,0.0000,100.15,SUCCESS
2025-12-23T00:54:34.708074+00:00,btc-updown-15m-1766450700,TRADE,UP,ACCUM,1,1,0.8401,0.8401,3,0.8032,3,0.2101,3,1.0133,-0.0398,0.00,-0.0398,-0.0398,0.0000,99.31,SUCCESS
2025-12-23T00:54:40.128945+00:00,btc-updown-15m-1766450700,TRADE,DOWN,ACCUM,1,1,0.1700,0.1700,3,0.8032,4,0.2000,3,1.0032,-0.0097,0.25,-0.2098,0.7902,0.0000,99.14,SUCCESS
2025-12-23T00:54:45.551364+00:00,btc-updown-15m-1766450700,TRADE,UP,ACCUM,1,1,0.8801,0.8801,4,0.8224,4,0.2000,4,1.0225,-0.0899,0.00,-0.0899,-0.0899,0.0000,98.26,SUCCESS
2025-12-23T00:54:51.034661+00:00,btc-updown-15m-1766450700,TRADE,DOWN,ACCUM,1,1,0.1300,0.1300,4,0.8224,5,0.1860,4,1.0085,-0.0339,0.20,-0.2199,0.7801,0.0000,98.13,SUCCESS
2025-12-23T00:54:56.422255+00:00,btc-updown-15m-1766450700,TRADE,UP,ACCUM,1,1,0.8802,0.8802,5,0.8340,5,0.1860,5,1.0200,-0.1001,0.00,-0.1001,-0.1001,0.0000,97.25,SUCCESS
2025-12-23T00:55:07.349502+00:00,btc-updown-15m-1766450700,TRADE,DOWN,ACCUM,1,1,0.1600,0.1600,5,0.8340,6,0.1817,5,1.0157,-0.0784,0.17,-0.2602,0.7398,0.0000,97.09,SUCCESS
2025-12-23T00:55:12.794092+00:00,btc-updown-15m-1766450700,TRADE,UP,ACCUM,1,1,0.8500,0.8500,6,0.8367,6,0.1817,6,1.0184,-0.1102,0.00,-0.1102,-0.1102,0.0000,96.24,SUCCESS
2025-12-23T00:55:18.309629+00:00,btc-updown-15m-1766450700,TRADE,DOWN,ACCUM,1,1,0.1400,0.1400,6,0.8367,7,0.1758,6,1.0124,-0.0745,0.14,-0.2502,0.7498,0.0000,96.10,SUCCESS
2025-12-23T00:55:23.729321+00:00,btc-updown-15m-1766450700,TRADE,UP,ACCUM,1,1,0.8902,0.8902,7,0.8443,7,0.1758,7,1.0201,-0.1404,0.00,-0.1404,-0.1404,0.0000,95.21,SUCCESS
2025-12-23T00:55:29.114373+00:00,btc-updown-15m-1766450700,TRADE,DOWN,ACCUM,1,1,0.1100,0.1100,7,0.8443,8,0.1675,7,1.0118,-0.0829,0.12,-0.2504,0.7496,0.0000,95.10,SUCCESS
2025-12-23T00:55:34.513298+00:00,btc-updown-15m-1766450700,TRADE,UP,ACCUM,1,1,0.8801,0.8801,8,0.8488,8,0.1675,8,1.0163,-0.1306,0.00,-0.1306,-0.1306,0.0000,94.22,SUCCESS
2025-12-23T00:55:39.923255+00:00,btc-updown-15m-1766450700,TRADE,DOWN,ACCUM,1,1,0.1200,0.1200,8,0.8488,9,0.1623,8,1.0110,-0.0884,0.11,-0.2506,0.7494,0.0000,94.10,SUCCESS
2025-12-23T00:55:45.335913+00:00,btc-updown-15m-1766450700,TRADE,UP,ACCUM,1,1,0.8901,0.8901,9,0.8534,9,0.1623,9,1.0156,-0.1407,0.00,-0.1407,-0.1407,0.0000,93.21,SUCCESS
2025-12-23T00:55:50.943713+00:00,btc-updown-15m-1766450700,TRADE,DOWN,ACCUM,1,1,0.1101,0.1101,9,0.8534,10,0.1570,9,1.0104,-0.0937,0.10,-0.2508,0.7492,0.0000,93.10,SUCCESS
2025-12-23T00:55:56.459014+00:00,btc-updown-15m-1766450700,TRADE,UP,ACCUM,1,1,0.8700,0.8700,10,0.8550,10,0.1570,10,1.0121,-0.1208,0.00,-0.1208,-0.1208,0.0000,92.23,SUCCESS
2025-12-23T00:56:02.003312+00:00,btc-updown-15m-1766450700,TRADE,DOWN,ACCUM,1,1,0.1300,0.1300,10,0.8550,11,0.1546,10,1.0096,-0.0962,0.09,-0.2508,0.7492,0.0000,92.10,SUCCESS
2025-12-23T00:56:07.460856+00:00,btc-updown-15m-1766450700,TRADE,UP,ACCUM,1,1,0.8802,0.8802,11,0.8573,11,0.1546,11,1.0119,-0.1311,0.00,-0.1311,-0.1311,0.0000,91.22,SUCCESS
2025-12-23T00:56:12.953807+00:00,btc-updown-15m-1766450700,TRADE,DOWN,ACCUM,1,1,0.1300,0.1300,11,0.8573,12,0.1525,11,1.0099,-0.1085,0.08,-0.2611,0.7389,0.0000,91.09,SUCCESS
2025-12-23T00:56:18.397185+00:00,btc-updown-15m-1766450700,TRADE,UP,ACCUM,1,1,0.9000,0.9000,12,0.8609,12,0.1525,12,1.0134,-0.1611,0.00,-0.1611,-0.1611,0.0000,90.19,SUCCESS
2025-12-23T00:56:23.781317+00:00,btc-updown-15m-1766450700,TRADE,DOWN,ACCUM,1,1,0.1100,0.1100,12,0.8609,13,0.1493,12,1.0102,-0.1219,0.08,-0.2711,0.7289,0.0000,90.08,SUCCESS
2025-12-23T00:56:29.183151+00:00,btc-updown-15m-1766450700,TRADE,UP,ACCUM,1,1,0.8602,0.8602,13,0.8608,13,0.1493,13,1.0101,-0.1314,0.00,-0.1314,-0.1314,0.0000,89.22,SUCCESS
2025-12-23T00:56:34.554434+00:00,btc-updown-15m-1766450700,TRADE,DOWN,ACCUM,1,1,0.1300,0.1300,13,0.8608,14,0.1479,13,1.0087,-0.1135,0.07,-0.2614,0.7386,0.0000,89.09,SUCCESS
2025-12-23T00:56:39.951065+00:00,btc-updown-15m-1766450700,TRADE,UP,ACCUM,1,1,0.8303,0.8303,14,0.8587,14,0.1479,14,1.0065,-0.0917,0.00,-0.0917,-0.0917,0.0000,88.25,SUCCESS
2025-12-23T00:56:45.349724+00:00,btc-updown-15m-1766450700,TRADE,DOWN,ACCUM,1,1,0.1801,0.1801,14,0.8587,15,0.1500,14,1.0087,-0.1217,0.07,-0.2718,0.7282,0.0000,88.07,SUCCESS
2025-12-23T00:57:01.548849+00:00,btc-updown-15m-1766450700,TRADE,UP,ACCUM,1,1,0.8302,0.8302,15,0.8568,15,0.1500,15,1.0068,-0.1019,0.00,-0.1019,-0.1019,0.0000,87.24,SUCCESS
2025-12-23T01:00:03.450008+00:00,btc-updown-15m-1766450700,RESOLUTION,DOWN,BINANCE_FALLBACK,30,30,1.0000,15.1019,15,0.8568,15,0.1500,15,1.0068,-0.1019,0.00,0.0000,0.0000,-0.1019,102.24,RESOLVED
2025-12-23T01:08:57.997919+00:00,btc-updown-15m-1766451600,TRADE,UP,ACCUM,1,1,0.2500,0.2500,1,0.2500,0,0.0000,0,0.0000,0.0000,1.00,-0.2500,0.7500,0.0000,101.99,SUCCESS
2025-12-23T01:09:03.401403+00:00,btc-updown-15m-1766451600,TRADE,DOWN,ACCUM,1,1,0.7701,0.7701,1,0.2500,1,0.7701,1,1.0201,-0.0201,0.00,-0.0201,-0.0201,0.0000,101.22,SUCCESS
2025-12-23T01:09:08.811124+00:00,btc-updown-15m-1766451600,TRADE,UP,ACCUM,1,1,0.2800,0.2800,2,0.2650,1,0.7701,1,1.0351,-0.0351,0.50,-0.3002,0.6998,0.0000,100.94,SUCCESS
2025-12-23T01:09:14.442145+00:00,btc-updown-15m-1766451600,TRADE,DOWN,ACCUM,1,1,0.7703,0.7703,2,0.2650,2,0.7702,2,1.0352,-0.0704,0.00,-0.0704,-0.0704,0.0000,100.17,SUCCESS
2025-12-23T01:09:25.224100+00:00,btc-updown-15m-1766451600,TRADE,UP,ACCUM,1,1,0.2300,0.2300,3,0.2534,2,0.7702,2,1.0235,-0.0471,0.33,-0.3005,0.6995,0.0000,99.94,SUCCESS
2025-12-23T01:09:30.622922+00:00,btc-updown-15m-1766451600,TRADE,DOWN,ACCUM,1,1,0.8003,0.8003,3,0.2534,3,0.7802,3,1.0336,-0.1007,0.00,-0.1007,-0.1007,0.0000,99.14,SUCCESS
2025-12-23T01:09:36.119199+00:00,btc-updown-15m-1766451600,TRADE,UP,ACCUM,1,1,0.2601,0.2601,4,0.2550,3,0.7802,3,1.0353,-0.1058,0.25,-0.3608,0.6392,0.0000,98.88,SUCCESS
2025-12-23T01:09:41.536492+00:00,btc-updown-15m-1766451600,TRADE,DOWN,ACCUM,1,1,0.7903,0.7903,4,0.2550,4,0.7827,4,1.0378,-0.1511,0.00,-0.1511,-0.1511,0.0000,98.09,SUCCESS
2025-12-23T01:09:52.415978+00:00,btc-updown-15m-1766451600,TRADE,UP,ACCUM,1,1,0.1801,0.1801,5,0.2400,4,0.7827,4,1.0228,-0.0912,0.20,-0.3312,0.6688,0.0000,97.91,SUCCESS
2025-12-23T01:10:03.216414+00:00,btc-updown-15m-1766451600,TRADE,DOWN,ACCUM,1,1,0.8402,0.8402,5,0.2400,5,0.7942,5,1.0343,-0.1714,0.00,-0.1714,-0.1714,0.0000,97.07,SUCCESS
2025-12-23T01:10:08.782471+00:00,btc-updown-15m-1766451600,TRADE,UP,ACCUM,1,1,0.0900,0.0900,6,0.2150,5,0.7942,5,1.0093,-0.0464,0.17,-0.2615,0.7385,0.0000,96.98,SUCCESS
2025-12-23T01:10:14.172755+00:00,btc-updown-15m-1766451600,TRADE,DOWN,ACCUM,1,1,0.9500,0.9500,6,0.2150,6,0.8202,6,1.0352,-0.2115,0.00,-0.2115,-0.2115,0.0000,96.03,SUCCESS
2025-12-23T01:10:19.699969+00:00,btc-updown-15m-1766451600,TRADE,UP,ACCUM,1,1,0.0700,0.0700,7,0.1943,6,0.8202,6,1.0145,-0.0872,0.14,-0.2815,0.7185,0.0000,95.96,SUCCESS
2025-12-23T01:10:25.122777+00:00,btc-updown-15m-1766451600,TRADE,DOWN,ACCUM,1,1,0.9203,0.9203,7,0.1943,7,0.8345,7,1.0288,-0.2018,0.00,-0.2018,-0.2018,0.0000,95.04,SUCCESS
2025-12-23T01:10:30.525056+00:00,btc-updown-15m-1766451600,TRADE,UP,ACCUM,1,1,0.1000,0.1000,8,0.1825,7,0.8345,7,1.0170,-0.1193,0.12,-0.3018,0.6982,0.0000,94.94,SUCCESS
2025-12-23T01:10:41.321855+00:00,btc-updown-15m-1766451600,TRADE,DOWN,ACCUM,1,1,0.9302,0.9302,8,0.1825,8,0.8465,8,1.0290,-0.2321,0.00,-0.2321,-0.2321,0.0000,94.01,SUCCESS
2025-12-23T01:10:46.812675+00:00,btc-updown-15m-1766451600,TRADE,UP,ACCUM,1,1,0.0700,0.0700,9,0.1700,8,0.8465,8,1.0165,-0.1321,0.11,-0.3021,0.6979,0.0000,93.94,SUCCESS
2025-12-23T01:10:52.420244+00:00,btc-updown-15m-1766451600,TRADE,DOWN,ACCUM,1,1,0.9501,0.9501,9,0.1700,9,0.8580,9,1.0280,-0.2523,0.00,-0.2523,-0.2523,0.0000,92.99,SUCCESS
2025-12-23T01:10:57.824620+00:00,btc-updown-15m-1766451600,TRADE,UP,ACCUM,1,1,0.0700,0.0700,10,0.1600,9,0.8580,9,1.0180,-0.1622,0.10,-0.3223,0.6777,0.0000,92.92,SUCCESS
2025-12-23T01:11:08.596965+00:00,btc-updown-15m-1766451600,TRADE,DOWN,ACCUM,1,1,0.9502,0.9502,10,0.1600,10,0.8672,10,1.0272,-0.2725,0.00,-0.2725,-0.2725,0.0000,91.97,SUCCESS
2025-12-23T01:11:19.440738+00:00,btc-updown-15m-1766451600,TRADE,UP,ACCUM,1,1,0.0600,0.0600,11,0.1509,10,0.8672,10,1.0182,-0.1815,0.09,-0.3325,0.6675,0.0000,91.91,SUCCESS
2025-12-23T01:15:02.178933+00:00,btc-updown-15m-1766451600,RESOLUTION,DOWN,BINANCE_FALLBACK,21,21,1.0000,10.3325,11,0.1509,10,0.8672,10,1.0182,-0.1815,0.09,0.0000,0.0000,-0.3325,101.91,RESOLVED
2025-12-23T01:23:57.930707+00:00,btc-updown-15m-1766452500,TRADE,UP,ACCUM,1,1,0.4602,0.4602,1,0.4602,0,0.0000,0,0.0000,0.0000,1.00,-0.4602,0.5398,0.0000,101.45,SUCCESS
2025-12-23T01:24:03.311075+00:00,btc-updown-15m-1766452500,TRADE,DOWN,ACCUM,1,1,0.5498,0.5498,1,0.4602,1,0.5498,1,1.0100,-0.0100,0.00,-0.0100,-0.0100,0.0000,100.90,SUCCESS
2025-12-23T01:24:08.720472+00:00,btc-updown-15m-1766452500,TRADE,UP,ACCUM,1,1,0.4102,0.4102,2,0.4352,1,0.5498,1,0.9850,0.0150,0.50,-0.4202,0.5798,0.0000,100.49,SUCCESS
2025-12-23T01:24:14.143639+00:00,btc-updown-15m-1766452500,TRADE,DOWN,ACCUM,1,1,0.6203,0.6203,2,0.4352,2,0.5850,2,1.0202,-0.0404,0.00,-0.0404,-0.0404,0.0000,99.87,SUCCESS
2025-12-23T01:24:19.556166+00:00,btc-updown-15m-1766452500,TRADE,UP,ACCUM,1,1,0.4002,0.4002,3,0.4235,2,0.5850,2,1.0085,-0.0171,0.33,-0.4406,0.5594,0.0000,99.47,SUCCESS
2025-12-23T01:24:25.077996+00:00,btc-updown-15m-1766452500,TRADE,DOWN,ACCUM,1,1,0.5801,0.5801,3,0.4235,3,0.5834,3,1.0069,-0.0207,0.00,-0.0207,-0.0207,0.0000,98.89,SUCCESS
2025-12-23T01:24:35.861234+00:00,btc-updown-15m-1766452500,TRADE,UP,ACCUM,1,1,0.4401,0.4401,4,0.4277,3,0.5834,3,1.0110,-0.0331,0.25,-0.4608,0.5392,0.0000,98.45,SUCCESS
2025-12-23T01:24:46.740467+00:00,btc-updown-15m-1766452500,TRADE,DOWN,ACCUM,1,1,0.5701,0.5701,4,0.4277,4,0.5801,4,1.0077,-0.0309,0.00,-0.0309,-0.0309,0.0000,97.88,SUCCESS
2025-12-23T01:24:52.138295+00:00,btc-updown-15m-1766452500,TRADE,UP,ACCUM,1,1,0.3900,0.3900,5,0.4201,4,0.5801,4,1.0002,-0.0008,0.20,-0.4209,0.5791,0.0000,97.49,SUCCESS
2025-12-23T01:24:57.539066+00:00,btc-updown-15m-1766452500,TRADE,DOWN,ACCUM,1,1,0.6703,0.6703,5,0.4201,5,0.5981,5,1.0182,-0.0912,0.00,-0.0912,-0.0912,0.0000,96.82,SUCCESS
2025-12-23T01:25:02.931987+00:00,btc-updown-15m-1766452500,TRADE,UP,ACCUM,1,1,0.3400,0.3400,6,0.4068,5,0.5981,5,1.0049,-0.0244,0.17,-0.4312,0.5688,0.0000,96.48,SUCCESS
2025-12-23T01:25:08.338370+00:00,btc-updown-15m-1766452500,TRADE,DOWN,ACCUM,1,1,0.6701,0.6701,6,0.4068,6,0.6101,6,1.0169,-0.1013,0.00,-0.1013,-0.1013,0.0000,95.81,SUCCESS
2025-12-23T01:25:13.740100+00:00,btc-updown-15m-1766452500,TRADE,UP,ACCUM,1,1,0.3401,0.3401,7,0.3973,6,0.6101,6,1.0073,-0.0441,0.14,-0.4413,0.5587,0.0000,95.47,SUCCESS
2025-12-23T01:25:19.237388+00:00,btc-updown-15m-1766452500,TRADE,DOWN,ACCUM,1,1,0.6703,0.6703,7,0.3973,7,0.6187,7,1.0159,-0.1116,0.00,-0.1116,-0.1116,0.0000,94.80,SUCCESS
2025-12-23T01:25:24.772206+00:00,btc-updown-15m-1766452500,TRADE,UP,ACCUM,1,1,0.3401,0.3401,8,0.3901,7,0.6187,7,1.0088,-0.0616,0.12,-0.4517,0.5483,0.0000,94.46,SUCCESS
2025-12-23T01:25:30.173833+00:00,btc-updown-15m-1766452500,TRADE,DOWN,ACCUM,1,1,0.6801,0.6801,8,0.3901,8,0.6264,8,1.0165,-0.1318,0.00,-0.1318,-0.1318,0.0000,93.78,SUCCESS
2025-12-23T01:25:35.561597+00:00,btc-updown-15m-1766452500,TRADE,UP,ACCUM,1,1,0.3202,0.3202,9,0.3823,8,0.6264,8,1.0087,-0.0696,0.11,-0.4520,0.5480,0.0000,93.46,SUCCESS
2025-12-23T01:25:46.376883+00:00,btc-updown-15m-1766452500,TRADE,DOWN,ACCUM,1,1,0.7000,0.7000,9,0.3823,9,0.6346,9,1.0169,-0.1520,0.00,-0.1520,-0.1520,0.0000,92.76,SUCCESS
2025-12-23T01:25:51.787247+00:00,btc-updown-15m-1766452500,TRADE,UP,ACCUM,1,1,0.3101,0.3101,10,0.3751,9,0.6346,9,1.0097,-0.0869,0.10,-0.4620,0.5380,0.0000,92.45,SUCCESS
2025-12-23T01:25:57.179864+00:00,btc-updown-15m-1766452500,TRADE,DOWN,ACCUM,1,1,0.7202,0.7202,10,0.3751,10,0.6431,10,1.0182,-0.1823,0.00,-0.1823,-0.1823,0.0000,91.73,SUCCESS
2025-12-23T01:26:02.604185+00:00,btc-updown-15m-1766452500,TRADE,UP,ACCUM,1,1,0.2901,0.2901,11,0.3674,10,0.6431,10,1.0105,-0.1050,0.09,-0.4724,0.5276,0.0000,91.44,SUCCESS
2025-12-23T01:26:08.015728+00:00,btc-updown-15m-1766452500,TRADE,DOWN,ACCUM,1,1,0.7501,0.7501,11,0.3674,11,0.6528,11,1.0202,-0.2224,0.00,-0.2224,-0.2224,0.0000,90.69,SUCCESS
2025-12-23T01:26:13.401529+00:00,btc-updown-15m-1766452500,TRADE,UP,ACCUM,1,1,0.2700,0.2700,12,0.3593,11,0.6528,11,1.0121,-0.1332,0.08,-0.4924,0.5076,0.0000,90.42,SUCCESS
2025-12-23T01:26:18.855463+00:00,btc-updown-15m-1766452500,TRADE,DOWN,ACCUM,1,1,0.7603,0.7603,12,0.3593,12,0.6618,12,1.0211,-0.2527,0.00,-0.2527,-0.2527,0.0000,89.66,SUCCESS
2025-12-23T01:26:24.257024+00:00,btc-updown-15m-1766452500,TRADE,UP,ACCUM,1,1,0.2601,0.2601,13,0.3516,12,0.6618,12,1.0134,-0.1612,0.08,-0.5129,0.4871,0.0000,89.40,SUCCESS
2025-12-23T01:26:29.631381+00:00,btc-updown-15m-1766452500,TRADE,DOWN,ACCUM,1,1,0.7303,0.7303,13,0.3516,13,0.6671,13,1.0187,-0.2432,0.00,-0.2432,-0.2432,0.0000,88.67,SUCCESS
2025-12-23T01:26:35.061539+00:00,btc-updown-15m-1766452500,TRADE,UP,ACCUM,1,1,0.2801,0.2801,14,0.3465,13,0.6671,13,1.0136,-0.1767,0.07,-0.5233,0.4767,0.0000,88.39,SUCCESS
2025-12-23T01:26:40.483853+00:00,btc-updown-15m-1766452500,TRADE,DOWN,ACCUM,1,1,0.6902,0.6902,14,0.3465,14,0.6687,14,1.0152,-0.2134,0.00,-0.2134,-0.2134,0.0000,87.70,SUCCESS
2025-12-23T01:26:51.399440+00:00,btc-updown-15m-1766452500,TRADE,UP,ACCUM,1,1,0.3201,0.3201,15,0.3448,14,0.6687,14,1.0135,-0.1888,0.07,-0.5335,0.4665,0.0000,87.38,SUCCESS
2025-12-23T01:26:56.828331+00:00,btc-updown-15m-1766452500,TRADE,DOWN,ACCUM,1,1,0.7103,0.7103,15,0.3448,15,0.6715,15,1.0163,-0.2439,0.00,-0.2439,-0.2439,0.0000,86.67,SUCCESS
2025-12-23T01:30:03.988805+00:00,btc-updown-15m-1766452500,RESOLUTION,DOWN,BINANCE_FALLBACK,30,30,1.0000,15.2439,15,0.3448,15,0.6715,15,1.0163,-0.2439,0.00,0.0000,0.0000,-0.2439,101.67,RESOLVED
2025-12-23T01:38:58.209992+00:00,btc-updown-15m-1766453400,TRADE,UP,ACCUM,1,1,0.1800,0.1800,1,0.1800,0,0.0000,0,0.0000,0.0000,1.00,-0.1800,0.8200,0.0000,101.49,SUCCESS
2025-12-23T01:39:03.728020+00:00,btc-updown-15m-1766453400,TRADE,DOWN,ACCUM,1,1,0.8704,0.8704,1,0.1800,1,0.8704,1,1.0504,-0.0504,0.00,-0.0504,-0.0504,0.0000,100.62,SUCCESS
2025-12-23T01:39:14.530931+00:00,btc-updown-15m-1766453400,TRADE,UP,ACCUM,1,1,0.1500,0.1500,2,0.1650,1,0.8704,1,1.0354,-0.0354,0.50,-0.2004,0.7996,0.0000,100.47,SUCCESS
2025-12-23T01:39:19.937339+00:00,btc-updown-15m-1766453400,TRADE,DOWN,ACCUM,1,1,0.9204,0.9204,2,0.1650,2,0.8954,2,1.0604,-0.1208,0.00,-0.1208,-0.1208,0.0000,99.55,SUCCESS
2025-12-23T01:39:25.335789+00:00,btc-updown-15m-1766453400,TRADE,UP,ACCUM,1,1,0.0800,0.0800,3,0.1367,2,0.8954,2,1.0320,-0.0641,0.33,-0.2008,0.7992,0.0000,99.47,SUCCESS
2025-12-23T01:39:30.736624+00:00,btc-updown-15m-1766453400,TRADE,DOWN,ACCUM,1,1,0.9204,0.9204,3,0.1367,3,0.9037,3,1.0404,-0.1212,0.00,-0.1212,-0.1212,0.0000,98.55,SUCCESS
2025-12-23T01:39:41.601099+00:00,btc-updown-15m-1766453400,TRADE,UP,ACCUM,1,1,0.0700,0.0700,4,0.1200,3,0.9037,3,1.0237,-0.0712,0.25,-0.1912,0.8088,0.0000,98.48,SUCCESS
2025-12-23T01:39:46.997002+00:00,btc-updown-15m-1766453400,TRADE,DOWN,ACCUM,1,1,0.9401,0.9401,4,0.1200,4,0.9128,4,1.0328,-0.1313,0.00,-0.1313,-0.1313,0.0000,97.54,SUCCESS
2025-12-23T01:39:52.451574+00:00,btc-updown-15m-1766453400,TRADE,UP,ACCUM,1,1,0.0600,0.0600,5,0.1080,4,0.9128,4,1.0208,-0.0833,0.20,-0.1913,0.8087,0.0000,97.48,SUCCESS
2025-12-23T01:40:30.434613+00:00,btc-updown-15m-1766453400,TRADE,DOWN,ACCUM,1,1,0.9304,0.9304,5,0.1080,5,0.9163,5,1.0244,-0.1218,0.00,-0.1218,-0.1218,0.0000,96.55,SUCCESS
2025-12-23T01:40:35.906177+00:00,btc-updown-15m-1766453400,TRADE,UP,ACCUM,1,1,0.1201,0.1201,6,0.1100,5,0.9163,5,1.0264,-0.1318,0.17,-0.2418,0.7582,0.0000,96.43,SUCCESS
2025-12-23T01:40:41.307586+00:00,btc-updown-15m-1766453400,TRADE,DOWN,ACCUM,1,1,0.8701,0.8701,6,0.1100,6,0.9086,6,1.0187,-0.1120,0.00,-0.1120,-0.1120,0.0000,95.56,SUCCESS
2025-12-23T01:40:46.705346+00:00,btc-updown-15m-1766453400,TRADE,UP,ACCUM,1,1,0.0900,0.0900,7,0.1072,6,0.9086,6,1.0158,-0.0948,0.14,-0.2020,0.7980,0.0000,95.47,SUCCESS
2025-12-23T01:40:52.132319+00:00,btc-updown-15m-1766453400,TRADE,DOWN,ACCUM,1,1,0.9504,0.9504,7,0.1072,7,0.9146,7,1.0218,-0.1524,0.00,-0.1524,-0.1524,0.0000,94.52,SUCCESS
2025-12-23T01:40:57.552735+00:00,btc-updown-15m-1766453400,TRADE,UP,ACCUM,1,1,0.0600,0.0600,8,0.1013,7,0.9146,7,1.0159,-0.1111,0.12,-0.2124,0.7876,0.0000,94.46,SUCCESS
2025-12-23T01:41:08.385910+00:00,btc-updown-15m-1766453400,TRADE,DOWN,ACCUM,1,1,0.9401,0.9401,8,0.1013,8,0.9178,8,1.0191,-0.1524,0.00,-0.1524,-0.1524,0.0000,93.52,SUCCESS
2025-12-23T01:41:13.779219+00:00,btc-updown-15m-1766453400,TRADE,UP,ACCUM,1,1,0.0800,0.0800,9,0.0989,8,0.9178,8,1.0167,-0.1335,0.11,-0.2324,0.7676,0.0000,93.44,SUCCESS
2025-12-23T01:41:19.233325+00:00,btc-updown-15m-1766453400,TRADE,DOWN,ACCUM,1,1,0.9304,0.9304,9,0.0989,9,0.9192,9,1.0181,-0.1628,0.00,-0.1628,-0.1628,0.0000,92.51,SUCCESS
2025-12-23T01:41:30.156910+00:00,btc-updown-15m-1766453400,TRADE,UP,ACCUM,1,1,0.0700,0.0700,10,0.0960,9,0.9192,9,1.0152,-0.1368,0.10,-0.2328,0.7672,0.0000,92.44,SUCCESS
2025-12-23T01:41:35.592466+00:00,btc-updown-15m-1766453400,TRADE,DOWN,ACCUM,1,1,0.9401,0.9401,10,0.0960,10,0.9213,10,1.0173,-0.1730,0.00,-0.1730,-0.1730,0.0000,91.50,SUCCESS
2025-12-23T01:41:41.082333+00:00,btc-updown-15m-1766453400,TRADE,UP,ACCUM,1,1,0.0900,0.0900,11,0.0955,10,0.9213,10,1.0167,-0.1675,0.09,-0.2630,0.7370,0.0000,91.41,SUCCESS
2025-12-23T01:41:46.498236+00:00,btc-updown-15m-1766453400,TRADE,DOWN,ACCUM,1,1,0.9503,0.9503,11,0.0955,11,0.9239,11,1.0194,-0.2133,0.00,-0.2133,-0.2133,0.0000,90.45,SUCCESS
2025-12-23T01:41:51.900961+00:00,btc-updown-15m-1766453400,TRADE,UP,ACCUM,1,1,0.0600,0.0600,12,0.0925,11,0.9239,11,1.0164,-0.1808,0.08,-0.2733,0.7267,0.0000,90.39,SUCCESS
2025-12-23T01:41:57.289621+00:00,btc-updown-15m-1766453400,TRADE,DOWN,ACCUM,1,1,0.9403,0.9403,12,0.0925,12,0.9253,12,1.0178,-0.2136,0.00,-0.2136,-0.2136,0.0000,89.45,SUCCESS
2025-12-23T01:42:02.700265+00:00,btc-updown-15m-1766453400,TRADE,UP,ACCUM,1,1,0.0600,0.0600,13,0.0900,12,0.9253,12,1.0153,-0.1836,0.08,-0.2736,0.7264,0.0000,89.39,SUCCESS
2025-12-23T01:45:02.071149+00:00,btc-updown-15m-1766453400,RESOLUTION,DOWN,BINANCE_FALLBACK,25,25,1.0000,12.2736,13,0.0900,12,0.9253,12,1.0153,-0.1836,0.08,0.0000,0.0000,-0.2736,101.39,RESOLVED
2025-12-23T01:54:01.582511+00:00,btc-updown-15m-1766454300,TRADE,UP,ACCUM,1,1,0.4901,0.4901,1,0.4901,0,0.0000,0,0.0000,0.0000,1.00,-0.4901,0.5099,0.0000,100.90,SUCCESS
2025-12-23T01:54:06.994023+00:00,btc-updown-15m-1766454300,TRADE,DOWN,ACCUM,1,1,0.5201,0.5201,1,0.4901,1,0.5201,1,1.0102,-0.0102,0.00,-0.0102,-0.0102,0.0000,100.38,SUCCESS
2025-12-23T01:54:17.780662+00:00,btc-updown-15m-1766454300,TRADE,UP,ACCUM,1,1,0.4902,0.4902,2,0.4901,1,0.5201,1,1.0102,-0.0102,0.50,-0.5004,0.4996,0.0000,99.89,SUCCESS
2025-12-23T01:54:23.183293+00:00,btc-updown-15m-1766454300,TRADE,DOWN,ACCUM,1,1,0.5001,0.5001,2,0.4901,2,0.5101,2,1.0002,-0.0004,0.00,-0.0004,-0.0004,0.0000,99.39,SUCCESS
2025-12-23T01:54:28.584739+00:00,btc-updown-15m-1766454300,TRADE,DOWN,ACCUM,1,1,0.4401,0.4401,2,0.4901,3,0.4868,2,0.9769,0.0462,0.33,-0.4406,0.5594,0.0000,98.95,SUCCESS
2025-12-23T01:54:33.988848+00:00,btc-updown-15m-1766454300,TRADE,UP,ACCUM,1,1,0.5700,0.5700,3,0.5168,3,0.4868,3,1.0035,-0.0106,0.00,-0.0106,-0.0106,0.0000,98.38,SUCCESS
2025-12-23T01:54:39.545061+00:00,btc-updown-15m-1766454300,TRADE,DOWN,ACCUM,1,1,0.4101,0.4101,3,0.5168,4,0.4676,3,0.9844,0.0469,0.25,-0.4207,0.5793,0.0000,97.97,SUCCESS
2025-12-23T01:54:44.956409+00:00,btc-updown-15m-1766454300,TRADE,UP,ACCUM,1,1,0.5701,0.5701,4,0.5301,4,0.4676,4,0.9977,0.0092,0.00,0.0092,0.0092,0.0000,97.40,SUCCESS
2025-12-23T01:55:01.307386+00:00,btc-updown-15m-1766454300,TRADE,DOWN,ACCUM,1,1,0.2701,0.2701,4,0.5301,5,0.4281,4,0.9582,0.1673,0.20,-0.2608,0.7392,0.0000,97.13,SUCCESS
2025-12-23T01:55:06.700836+00:00,btc-updown-15m-1766454300,TRADE,UP,ACCUM,1,1,0.7303,0.7303,5,0.5701,5,0.4281,5,0.9982,0.0089,0.00,0.0089,0.0089,0.0000,96.40,SUCCESS
2025-12-23T01:55:12.096905+00:00,btc-updown-15m-1766454300,TRADE,DOWN,ACCUM,1,1,0.2400,0.2400,5,0.5701,6,0.3967,5,0.9669,0.1656,0.17,-0.2312,0.7688,0.0000,96.16,SUCCESS
2025-12-23T01:55:17.516087+00:00,btc-updown-15m-1766454300,TRADE,UP,ACCUM,1,1,0.7301,0.7301,6,0.5968,6,0.3967,6,0.9935,0.0387,0.00,0.0387,0.0387,0.0000,95.43,SUCCESS
2025-12-23T01:55:28.331846+00:00,btc-updown-15m-1766454300,TRADE,DOWN,ACCUM,1,1,0.3701,0.3701,6,0.5968,7,0.3929,6,0.9897,0.0615,0.14,-0.3314,0.6686,0.0000,95.06,SUCCESS
2025-12-23T01:55:33.729010+00:00,btc-updown-15m-1766454300,TRADE,UP,ACCUM,1,1,0.6401,0.6401,7,0.6030,7,0.3929,7,0.9959,0.0286,0.00,0.0286,0.0286,0.0000,94.42,SUCCESS
2025-12-23T01:55:39.259264+00:00,btc-updown-15m-1766454300,TRADE,DOWN,ACCUM,1,1,0.4202,0.4202,7,0.6030,8,0.3963,7,0.9993,0.0047,0.12,-0.3917,0.6083,0.0000,94.00,SUCCESS
2025-12-23T01:55:44.658136+00:00,btc-updown-15m-1766454300,TRADE,UP,ACCUM,1,1,0.6399,0.6399,8,0.6076,8,0.3963,8,1.0039,-0.0316,0.00,-0.0316,-0.0316,0.0000,93.36,SUCCESS
2025-12-23T01:55:50.044273+00:00,btc-updown-15m-1766454300,TRADE,DOWN,ACCUM,1,1,0.1600,0.1600,8,0.6076,9,0.3701,8,0.9777,0.1785,0.11,-0.1916,0.8084,0.0000,93.20,SUCCESS
2025-12-23T01:55:55.463013+00:00,btc-updown-15m-1766454300,TRADE,UP,ACCUM,1,1,0.8303,0.8303,9,0.6323,9,0.3701,9,1.0024,-0.0219,0.00,-0.0219,-0.0219,0.0000,92.37,SUCCESS
2025-12-23T01:56:00.857616+00:00,btc-updown-15m-1766454300,TRADE,DOWN,ACCUM,1,1,0.3001,0.3001,9,0.6323,10,0.3631,9,0.9954,0.0411,0.10,-0.3220,0.6780,0.0000,92.07,SUCCESS
2025-12-23T01:56:06.290479+00:00,btc-updown-15m-1766454300,TRADE,UP,ACCUM,1,1,0.7101,0.7101,10,0.6401,10,0.3631,10,1.0032,-0.0321,0.00,-0.0321,-0.0321,0.0000,91.36,SUCCESS
2025-12-23T01:56:11.693109+00:00,btc-updown-15m-1766454300,TRADE,DOWN,ACCUM,1,1,0.3101,0.3101,10,0.6401,11,0.3583,10,0.9984,0.0161,0.09,-0.3422,0.6578,0.0000,91.05,SUCCESS
2025-12-23T01:56:17.086148+00:00,btc-updown-15m-1766454300,TRADE,UP,ACCUM,1,1,0.7103,0.7103,11,0.6465,11,0.3583,11,1.0048,-0.0525,0.00,-0.0525,-0.0525,0.0000,90.34,SUCCESS
2025-12-23T01:56:27.993631+00:00,btc-updown-15m-1766454300,TRADE,DOWN,ACCUM,1,1,0.3001,0.3001,11,0.6465,12,0.3534,11,0.9999,0.0009,0.08,-0.3526,0.6474,0.0000,90.04,SUCCESS
2025-12-23T01:56:33.399057+00:00,btc-updown-15m-1766454300,TRADE,UP,ACCUM,1,1,0.6903,0.6903,12,0.6501,12,0.3534,12,1.0036,-0.0428,0.00,-0.0428,-0.0428,0.0000,89.35,SUCCESS
2025-12-23T01:56:44.306658+00:00,btc-updown-15m-1766454300,TRADE,DOWN,ACCUM,1,1,0.3001,0.3001,12,0.6501,13,0.3493,12,0.9995,0.0064,0.08,-0.3429,0.6571,0.0000,89.05,SUCCESS
2025-12-23T01:56:55.192465+00:00,btc-updown-15m-1766454300,TRADE,UP,ACCUM,1,1,0.7702,0.7702,13,0.6594,13,0.3493,13,1.0087,-0.1131,0.00,-0.1131,-0.1131,0.0000,88.28,SUCCESS
2025-12-23T01:57:00.714838+00:00,btc-updown-15m-1766454300,TRADE,DOWN,ACCUM,1,1,0.2201,0.2201,13,0.6594,14,0.3401,13,0.9995,0.0069,0.07,-0.3332,0.6668,0.0000,88.06,SUCCESS
2025-12-23T01:57:06.221817+00:00,btc-updown-15m-1766454300,TRADE,UP,ACCUM,1,1,0.8104,0.8104,14,0.6702,14,0.3401,14,1.0103,-0.1436,0.00,-0.1436,-0.1436,0.0000,87.25,SUCCESS
2025-12-23T01:57:11.615360+00:00,btc-updown-15m-1766454300,TRADE,DOWN,ACCUM,1,1,0.2300,0.2300,14,0.6702,15,0.3327,14,1.0029,-0.0408,0.07,-0.3736,0.6264,0.0000,87.02,SUCCESS
2025-12-23T01:57:17.034290+00:00,btc-updown-15m-1766454300,TRADE,UP,ACCUM,1,1,0.7801,0.7801,15,0.6775,15,0.3327,15,1.0102,-0.1537,0.00,-0.1537,-0.1537,0.0000,86.24,SUCCESS
2025-12-23T02:00:03.134072+00:00,btc-updown-15m-1766454300,RESOLUTION,DOWN,BINANCE_FALLBACK,30,30,1.0000,15.1537,15,0.6775,15,0.3327,15,1.0102,-0.1537,0.00,0.0000,0.0000,-0.1537,101.24,RESOLVED
2025-12-23T02:08:57.957801+00:00,btc-updown-15m-1766455200,TRADE,DOWN,ACCUM,1,1,0.1401,0.1401,0,0.0000,1,0.1401,0,0.0000,0.0000,1.00,-0.1401,0.8599,0.0000,101.10,SUCCESS
2025-12-23T02:09:03.464939+00:00,btc-updown-15m-1766455200,TRADE,UP,ACCUM,1,1,0.8904,0.8904,1,0.8904,1,0.1401,1,1.0304,-0.0304,0.00,-0.0304,-0.0304,0.0000,100.21,SUCCESS
2025-12-23T02:09:08.853324+00:00,btc-updown-15m-1766455200,TRADE,DOWN,ACCUM,1,1,0.0900,0.0900,1,0.8904,2,0.1150,1,1.0054,-0.0054,0.50,-0.1204,0.8796,0.0000,100.12,SUCCESS
2025-12-23T02:09:19.694439+00:00,btc-updown-15m-1766455200,TRADE,UP,ACCUM,1,1,0.9301,0.9301,2,0.9102,2,0.1150,2,1.0253,-0.0506,0.00,-0.0506,-0.0506,0.0000,99.19,SUCCESS
2025-12-23T02:09:25.119335+00:00,btc-updown-15m-1766455200,TRADE,DOWN,ACCUM,1,1,0.0900,0.0900,2,0.9102,3,0.1067,2,1.0169,-0.0339,0.33,-0.1406,0.8594,0.0000,99.10,SUCCESS
2025-12-23T02:09:30.525523+00:00,btc-updown-15m-1766455200,TRADE,UP,ACCUM,1,1,0.9203,0.9203,3,0.9136,3,0.1067,3,1.0203,-0.0609,0.00,-0.0609,-0.0609,0.0000,98.18,SUCCESS
2025-12-23T02:09:36.060165+00:00,btc-updown-15m-1766455200,TRADE,DOWN,ACCUM,1,1,0.0900,0.0900,3,0.9136,4,0.1025,3,1.0161,-0.0483,0.25,-0.1509,0.8491,0.0000,98.09,SUCCESS
2025-12-23T02:09:41.455035+00:00,btc-updown-15m-1766455200,TRADE,UP,ACCUM,1,1,0.9203,0.9203,4,0.9153,4,0.1025,4,1.0178,-0.0712,0.00,-0.0712,-0.0712,0.0000,97.17,SUCCESS
2025-12-23T02:09:57.690885+00:00,btc-updown-15m-1766455200,TRADE,DOWN,ACCUM,1,1,0.1201,0.1201,4,0.9153,5,0.1060,4,1.0213,-0.0852,0.20,-0.1913,0.8087,0.0000,97.05,SUCCESS
2025-12-23T02:10:08.485146+00:00,btc-updown-15m-1766455200,TRADE,UP,ACCUM,1,1,0.8903,0.8903,5,0.9103,5,0.1060,5,1.0163,-0.0815,0.00,-0.0815,-0.0815,0.0000,96.16,SUCCESS
2025-12-23T02:10:13.908969+00:00,btc-updown-15m-1766455200,TRADE,DOWN,ACCUM,1,1,0.1100,0.1100,5,0.9103,6,0.1067,5,1.0170,-0.0848,0.17,-0.1915,0.8085,0.0000,96.05,SUCCESS
2025-12-23T02:10:19.305017+00:00,btc-updown-15m-1766455200,TRADE,UP,ACCUM,1,1,0.8502,0.8502,6,0.9003,6,0.1067,6,1.0070,-0.0417,0.00,-0.0417,-0.0417,0.0000,95.20,SUCCESS
2025-12-23T02:10:24.698589+00:00,btc-updown-15m-1766455200,TRADE,DOWN,ACCUM,1,1,0.1601,0.1601,6,0.9003,7,0.1143,6,1.0146,-0.0874,0.14,-0.2018,0.7982,0.0000,95.04,SUCCESS
2025-12-23T02:10:30.205649+00:00,btc-updown-15m-1766455200,TRADE,UP,ACCUM,1,1,0.7700,0.7700,7,0.8817,7,0.1143,7,0.9960,0.0282,0.00,0.0282,0.0282,0.0000,94.27,SUCCESS
2025-12-23T02:10:35.606457+00:00,btc-updown-15m-1766455200,TRADE,DOWN,ACCUM,1,1,0.2501,0.2501,7,0.8817,8,0.1313,7,1.0129,-0.0906,0.12,-0.2219,0.7781,0.0000,94.02,SUCCESS
2025-12-23T02:10:40.987441+00:00,btc-updown-15m-1766455200,TRADE,UP,ACCUM,1,1,0.7803,0.7803,8,0.8690,8,0.1313,8,1.0003,-0.0022,0.00,-0.0022,-0.0022,0.0000,93.24,SUCCESS
2025-12-23T02:10:46.383883+00:00,btc-updown-15m-1766455200,TRADE,DOWN,ACCUM,1,1,0.2500,0.2500,8,0.8690,9,0.1445,8,1.0135,-0.1077,0.11,-0.2522,0.7478,0.0000,92.99,SUCCESS
2025-12-23T02:10:51.768105+00:00,btc-updown-15m-1766455200,TRADE,UP,ACCUM,1,1,0.7703,0.7703,9,0.8580,9,0.1445,9,1.0025,-0.0224,0.00,-0.0224,-0.0224,0.0000,92.22,SUCCESS
2025-12-23T02:10:57.247672+00:00,btc-updown-15m-1766455200,TRADE,DOWN,ACCUM,1,1,0.2400,0.2400,9,0.8580,10,0.1540,9,1.0120,-0.1084,0.10,-0.2624,0.7376,0.0000,91.98,SUCCESS
2025-12-23T02:11:02.765899+00:00,btc-updown-15m-1766455200,TRADE,UP,ACCUM,1,1,0.8601,0.8601,10,0.8582,10,0.1540,10,1.0123,-0.1226,0.00,-0.1226,-0.1226,0.0000,91.12,SUCCESS
2025-12-23T02:11:08.162543+00:00,btc-updown-15m-1766455200,TRADE,DOWN,ACCUM,1,1,0.1300,0.1300,10,0.8582,11,0.1519,10,1.0101,-0.1007,0.09,-0.2526,0.7474,0.0000,90.99,SUCCESS
2025-12-23T02:11:13.565198+00:00,btc-updown-15m-1766455200,TRADE,UP,ACCUM,1,1,0.9202,0.9202,11,0.8639,11,0.1519,11,1.0157,-0.1727,0.00,-0.1727,-0.1727,0.0000,90.07,SUCCESS
2025-12-23T02:11:19.088533+00:00,btc-updown-15m-1766455200,TRADE,DOWN,ACCUM,1,1,0.0700,0.0700,11,0.8639,12,0.1450,11,1.0089,-0.0977,0.08,-0.2428,0.7572,0.0000,90.00,SUCCESS
2025-12-23T02:11:24.482813+00:00,btc-updown-15m-1766455200,TRADE,UP,ACCUM,1,1,0.9501,0.9501,12,0.8710,12,0.1450,12,1.0161,-0.1929,0.00,-0.1929,-0.1929,0.0000,89.05,SUCCESS
2025-12-23T02:11:29.889062+00:00,btc-updown-15m-1766455200,TRADE,DOWN,ACCUM,1,1,0.0600,0.0600,12,0.8710,13,0.1385,12,1.0095,-0.1144,0.08,-0.2529,0.7471,0.0000,88.99,SUCCESS
2025-12-23T02:11:56.879159+00:00,btc-updown-15m-1766455200,TRADE,UP,ACCUM,1,1,0.9505,0.9505,13,0.8772,13,0.1385,13,1.0156,-0.2034,0.00,-0.2034,-0.2034,0.0000,88.04,SUCCESS
2025-12-23T02:12:02.302769+00:00,btc-updown-15m-1766455200,TRADE,DOWN,ACCUM,1,1,0.0700,0.0700,13,0.8772,14,0.1336,13,1.0108,-0.1398,0.07,-0.2734,0.7266,0.0000,87.97,SUCCESS
2025-12-23T02:12:07.853776+00:00,btc-updown-15m-1766455200,TRADE,UP,ACCUM,1,1,0.9402,0.9402,14,0.8817,14,0.1336,14,1.0153,-0.2136,0.00,-0.2136,-0.2136,0.0000,87.03,SUCCESS
2025-12-23T02:12:13.277057+00:00,btc-updown-15m-1766455200,TRADE,DOWN,ACCUM,1,1,0.0500,0.0500,14,0.8817,15,0.1280,14,1.0097,-0.1356,0.07,-0.2636,0.7364,0.0000,86.98,SUCCESS
2025-12-23T02:12:24.109634+00:00,btc-updown-15m-1766455200,TRADE,UP,ACCUM,1,1,0.9204,0.9204,15,0.8842,15,0.1280,15,1.0123,-0.1840,0.00,-0.1840,-0.1840,0.0000,86.06,SUCCESS
2025-12-23T02:15:00.966041+00:00,btc-updown-15m-1766455200,RESOLUTION,DOWN,BINANCE_FALLBACK,30,30,1.0000,15.1840,15,0.8842,15,0.1280,15,1.0123,-0.1840,0.00,0.0000,0.0000,-0.1840,101.06,RESOLVED
2025-12-23T02:23:56.835557+00:00,btc-updown-15m-1766456100,TRADE,DOWN,ACCUM,1,1,0.0600,0.0600,0,0.0000,1,0.0600,0,0.0000,0.0000,1.00,-0.0600,0.9400,0.0000,101.00,SUCCESS
2025-12-23T02:24:02.222005+00:00,btc-updown-15m-1766456100,TRADE,UP,ACCUM,1,1,0.9502,0.9502,1,0.9502,1,0.0600,1,1.0102,-0.0102,0.00,-0.0102,-0.0102,0.0000,100.05,SUCCESS
2025-12-23T02:24:07.721910+00:00,btc-updown-15m-1766456100,TRADE,DOWN,ACCUM,1,1,0.0600,0.0600,1,0.9502,2,0.0600,1,1.0102,-0.0102,0.50,-0.0702,0.9298,0.0000,99.99,SUCCESS
2025-12-23T02:30:01.199918+00:00,btc-updown-15m-1766456100,RESOLUTION,DOWN,BINANCE_FALLBACK,3,3,1.0000,1.0702,1,0.9502,2,0.0600,1,1.0102,-0.0102,0.50,0.0000,0.0000,0.9298,101.99,RESOLVED
2025-12-23T02:38:57.212934+00:00,btc-updown-15m-1766457000,TRADE,UP,ACCUM,1,1,0.0200,0.0200,1,0.0200,0,0.0000,0,0.0000,0.0000,1.00,-0.0200,0.9800,0.0000,101.97,SUCCESS
2025-12-23T02:45:01.377755+00:00,btc-updown-15m-1766457000,RESOLUTION,DOWN,BINANCE_FALLBACK,1,1,1.0000,0.0200,1,0.0200,0,0.0000,0,0.0000,0.0000,1.00,0.0000,0.0000,-0.0200,101.97,RESOLVED
2025-12-23T02:53:56.531720+00:00,btc-updown-15m-1766457900,TRADE,DOWN,ACCUM,1,1,0.3898,0.3898,0,0.0000,1,0.3898,0,0.0000,0.0000,1.00,-0.3898,0.6102,0.0000,101.58,SUCCESS
2025-12-23T02:54:02.050860+00:00,btc-updown-15m-1766457900,TRADE,UP,ACCUM,1,1,0.6102,0.6102,1,0.6102,1,0.3898,1,1.0000,0.0000,0.00,0.0000,0.0000,0.0000,100.97,SUCCESS
2025-12-23T02:54:07.681663+00:00,btc-updown-15m-1766457900,TRADE,DOWN,ACCUM,1,1,0.4201,0.4201,1,0.6102,2,0.4050,1,1.0151,-0.0151,0.50,-0.4201,0.5799,0.0000,100.55,SUCCESS
2025-12-23T02:54:13.073581+00:00,btc-updown-15m-1766457900,TRADE,UP,ACCUM,1,1,0.5502,0.5502,2,0.5802,2,0.4050,2,0.9851,0.0298,0.00,0.0298,0.0298,0.0000,100.00,SUCCESS
2025-12-23T02:54:23.986644+00:00,btc-updown-15m-1766457900,TRADE,UP,ACCUM,1,1,0.4101,0.4101,3,0.5235,2,0.4050,2,0.9284,0.1431,0.33,-0.3804,0.6196,0.0000,99.59,SUCCESS
2025-12-23T02:54:29.502539+00:00,btc-updown-15m-1766457900,TRADE,DOWN,ACCUM,1,1,0.6400,0.6400,3,0.5235,3,0.4833,3,1.0068,-0.0204,0.00,-0.0204,-0.0204,0.0000,98.95,SUCCESS
2025-12-23T02:54:34.895232+00:00,btc-updown-15m-1766457900,TRADE,UP,ACCUM,1,1,0.3101,0.3101,4,0.4701,3,0.4833,3,0.9534,0.1397,0.25,-0.3304,0.6696,0.0000,98.64,SUCCESS
2025-12-23T02:54:40.319349+00:00,btc-updown-15m-1766457900,TRADE,DOWN,ACCUM,1,1,0.7403,0.7403,4,0.4701,4,0.5476,4,1.0177,-0.0707,0.00,-0.0707,-0.0707,0.0000,97.90,SUCCESS
2025-12-23T02:54:51.342800+00:00,btc-updown-15m-1766457900,TRADE,UP,ACCUM,1,1,0.3001,0.3001,5,0.4361,4,0.5476,4,0.9837,0.0653,0.20,-0.3709,0.6291,0.0000,97.60,SUCCESS
2025-12-23T02:54:56.950693+00:00,btc-updown-15m-1766457900,TRADE,DOWN,ACCUM,1,1,0.7303,0.7303,5,0.4361,5,0.5841,5,1.0202,-0.1012,0.00,-0.1012,-0.1012,0.0000,96.87,SUCCESS
2025-12-23T02:55:02.360663+00:00,btc-updown-15m-1766457900,TRADE,UP,ACCUM,1,1,0.3201,0.3201,6,0.4168,5,0.5841,5,1.0009,-0.0045,0.17,-0.4213,0.5787,0.0000,96.55,SUCCESS
2025-12-23T02:55:07.757396+00:00,btc-updown-15m-1766457900,TRADE,DOWN,ACCUM,1,1,0.7101,0.7101,6,0.4168,6,0.6051,6,1.0219,-0.1314,0.00,-0.1314,-0.1314,0.0000,95.84,SUCCESS
2025-12-23T02:55:18.631810+00:00,btc-updown-15m-1766457900,TRADE,UP,ACCUM,1,1,0.3801,0.3801,7,0.4116,6,0.6051,6,1.0167,-0.0999,0.14,-0.5115,0.4885,0.0000,95.46,SUCCESS
2025-12-23T02:55:24.026392+00:00,btc-updown-15m-1766457900,TRADE,DOWN,ACCUM,1,1,0.5800,0.5800,7,0.4116,7,0.6015,7,1.0131,-0.0915,0.00,-0.0915,-0.0915,0.0000,94.88,SUCCESS
2025-12-23T02:55:34.980775+00:00,btc-updown-15m-1766457900,TRADE,UP,ACCUM,1,1,0.4601,0.4601,8,0.4176,7,0.6015,7,1.0191,-0.1340,0.12,-0.5516,0.4484,0.0000,94.41,SUCCESS
2025-12-23T02:55:40.377040+00:00,btc-updown-15m-1766457900,TRADE,DOWN,ACCUM,1,1,0.6103,0.6103,8,0.4176,8,0.6026,8,1.0202,-0.1619,0.00,-0.1619,-0.1619,0.0000,93.80,SUCCESS
2025-12-23T02:55:45.783564+00:00,btc-updown-15m-1766457900,TRADE,UP,ACCUM,1,1,0.4102,0.4102,9,0.4168,8,0.6026,8,1.0194,-0.1553,0.11,-0.5721,0.4279,0.0000,93.39,SUCCESS
2025-12-23T02:55:51.160212+00:00,btc-updown-15m-1766457900,TRADE,DOWN,ACCUM,1,1,0.5997,0.5997,9,0.4168,9,0.6023,9,1.0191,-0.1718,0.00,-0.1718,-0.1718,0.0000,92.79,SUCCESS
2025-12-23T02:55:56.665085+00:00,btc-updown-15m-1766457900,TRADE,UP,ACCUM,1,1,0.3902,0.3902,10,0.4141,9,0.6023,9,1.0164,-0.1479,0.10,-0.5620,0.4380,0.0000,92.40,SUCCESS
2025-12-23T02:56:02.070083+00:00,btc-updown-15m-1766457900,TRADE,DOWN,ACCUM,1,1,0.6301,0.6301,10,0.4141,10,0.6051,10,1.0192,-0.1921,0.00,-0.1921,-0.1921,0.0000,91.77,SUCCESS
2025-12-23T02:56:12.976432+00:00,btc-updown-15m-1766457900,TRADE,UP,ACCUM,1,1,0.2701,0.2701,11,0.4010,10,0.6051,10,1.0061,-0.0612,0.09,-0.4622,0.5378,0.0000,91.50,SUCCESS
2025-12-23T02:56:18.366381+00:00,btc-updown-15m-1766457900,TRADE,DOWN,ACCUM,1,1,0.7702,0.7702,11,0.4010,11,0.6201,11,1.0211,-0.2324,0.00,-0.2324,-0.2324,0.0000,90.73,SUCCESS
2025-12-23T02:56:23.883008+00:00,btc-updown-15m-1766457900,TRADE,UP,ACCUM,1,1,0.2400,0.2400,12,0.3876,11,0.6201,11,1.0077,-0.0848,0.08,-0.4724,0.5276,0.0000,90.49,SUCCESS
2025-12-23T02:56:29.287976+00:00,btc-updown-15m-1766457900,TRADE,DOWN,ACCUM,1,1,0.7603,0.7603,12,0.3876,12,0.6318,12,1.0194,-0.2327,0.00,-0.2327,-0.2327,0.0000,89.73,SUCCESS
2025-12-23T02:56:40.101962+00:00,btc-updown-15m-1766457900,TRADE,UP,ACCUM,1,1,0.2500,0.2500,13,0.3770,12,0.6318,12,1.0088,-0.1057,0.08,-0.4828,0.5172,0.0000,89.48,SUCCESS
2025-12-23T02:56:45.502063+00:00,btc-updown-15m-1766457900,TRADE,DOWN,ACCUM,1,1,0.7403,0.7403,13,0.3770,13,0.6401,13,1.0172,-0.2230,0.00,-0.2230,-0.2230,0.0000,88.74,SUCCESS
2025-12-23T02:56:51.031666+00:00,btc-updown-15m-1766457900,TRADE,UP,ACCUM,1,1,0.2700,0.2700,14,0.3694,13,0.6401,13,1.0095,-0.1237,0.07,-0.4931,0.5069,0.0000,88.47,SUCCESS
2025-12-23T02:56:56.441255+00:00,btc-updown-15m-1766457900,TRADE,DOWN,ACCUM,1,1,0.7501,0.7501,14,0.3694,14,0.6480,14,1.0174,-0.2432,0.00,-0.2432,-0.2432,0.0000,87.72,SUCCESS
2025-12-23T02:57:01.952509+00:00,btc-updown-15m-1766457900,TRADE,UP,ACCUM,1,1,0.2499,0.2499,15,0.3614,14,0.6480,14,1.0094,-0.1317,0.07,-0.4931,0.5069,0.0000,87.47,SUCCESS
2025-12-23T02:57:12.845242+00:00,btc-updown-15m-1766457900,TRADE,DOWN,ACCUM,1,1,0.8002,0.8002,15,0.3614,15,0.6581,15,1.0196,-0.2933,0.00,-0.2933,-0.2933,0.0000,86.67,SUCCESS
2025-12-23T03:00:04.168825+00:00,btc-updown-15m-1766457900,RESOLUTION,DOWN,BINANCE_FALLBACK,30,30,1.0000,15.2933,15,0.3614,15,0.6581,15,1.0196,-0.2933,0.00,0.0000,0.0000,-0.2933,101.67,RESOLVED
2025-12-23T03:08:53.435738+00:00,btc-updown-15m-1766458800,TRADE,UP,ACCUM,1,1,0.0300,0.0300,1,0.0300,0,0.0000,0,0.0000,0.0000,1.00,-0.0300,0.9700,0.0000,101.64,SUCCESS
2025-12-23T03:09:15.040234+00:00,btc-updown-15m-1766458800,TRADE,DOWN,ACCUM,1,1,0.9203,0.9203,1,0.0300,1,0.9203,1,0.9503,0.0497,0.00,0.0497,0.0497,0.0000,100.72,SUCCESS
2025-12-23T03:09:20.417747+00:00,btc-updown-15m-1766458800,TRADE,UP,ACCUM,1,1,0.0900,0.0900,2,0.0600,1,0.9203,1,0.9803,0.0197,0.50,-0.0403,0.9597,0.0000,100.63,SUCCESS
2025-12-23T03:09:31.430492+00:00,btc-updown-15m-1766458800,TRADE,DOWN,ACCUM,1,1,0.9100,0.9100,2,0.0600,2,0.9152,2,0.9752,0.0496,0.00,0.0496,0.0496,0.0000,99.72,SUCCESS
2025-12-23T03:09:36.839522+00:00,btc-updown-15m-1766458800,TRADE,UP,ACCUM,1,1,0.1000,0.1000,3,0.0733,2,0.9152,2,0.9885,0.0230,0.33,-0.0504,0.9496,0.0000,99.62,SUCCESS
2025-12-23T03:09:42.351557+00:00,btc-updown-15m-1766458800,TRADE,DOWN,ACCUM,1,1,0.9202,0.9202,3,0.0733,3,0.9168,3,0.9902,0.0295,0.00,0.0295,0.0295,0.0000,98.70,SUCCESS
2025-12-23T03:09:47.759362+00:00,btc-updown-15m-1766458800,TRADE,UP,ACCUM,1,1,0.0700,0.0700,4,0.0725,3,0.9168,3,0.9893,0.0320,0.25,-0.0406,0.9594,0.0000,98.63,SUCCESS
2025-12-23T03:09:58.772944+00:00,btc-updown-15m-1766458800,TRADE,DOWN,ACCUM,1,1,0.9201,0.9201,4,0.0725,4,0.9177,4,0.9902,0.0393,0.00,0.0393,0.0393,0.0000,97.71,SUCCESS
2025-12-23T03:10:04.281199+00:00,btc-updown-15m-1766458800,TRADE,UP,ACCUM,1,1,0.0800,0.0800,5,0.0740,4,0.9177,4,0.9917,0.0333,0.20,-0.0407,0.9593,0.0000,97.63,SUCCESS
2025-12-23T03:10:53.018360+00:00,btc-updown-15m-1766458800,TRADE,DOWN,ACCUM,1,1,0.9503,0.9503,5,0.0740,5,0.9242,5,0.9982,0.0090,0.00,0.0090,0.0090,0.0000,96.68,SUCCESS
2025-12-23T03:11:03.965672+00:00,btc-updown-15m-1766458800,TRADE,UP,ACCUM,1,1,0.0800,0.0800,6,0.0750,5,0.9242,5,0.9992,0.0040,0.17,-0.0710,0.9290,0.0000,96.60,SUCCESS
2025-12-23T03:11:20.269075+00:00,btc-updown-15m-1766458800,TRADE,DOWN,ACCUM,1,1,0.9504,0.9504,6,0.0750,6,0.9286,6,1.0036,-0.0214,0.00,-0.0214,-0.0214,0.0000,95.65,SUCCESS
2025-12-23T03:11:25.763006+00:00,btc-updown-15m-1766458800,TRADE,UP,ACCUM,1,1,0.0700,0.0700,7,0.0743,6,0.9286,6,1.0029,-0.0171,0.14,-0.0914,0.9086,0.0000,95.58,SUCCESS
2025-12-23T03:11:36.565344+00:00,btc-updown-15m-1766458800,TRADE,DOWN,ACCUM,1,1,0.9504,0.9504,7,0.0743,7,0.9317,7,1.0060,-0.0418,0.00,-0.0418,-0.0418,0.0000,94.63,SUCCESS
2025-12-23T03:11:41.987346+00:00,btc-updown-15m-1766458800,TRADE,UP,ACCUM,1,1,0.0700,0.0700,8,0.0738,7,0.9317,7,1.0054,-0.0381,0.12,-0.1118,0.8882,0.0000,94.56,SUCCESS
2025-12-23T03:12:52.317533+00:00,btc-updown-15m-1766458800,TRADE,DOWN,ACCUM,1,1,0.9503,0.9503,8,0.0738,8,0.9340,8,1.0078,-0.0622,0.00,-0.0622,-0.0622,0.0000,93.61,SUCCESS
2025-12-23T03:12:57.705294+00:00,btc-updown-15m-1766458800,TRADE,UP,ACCUM,1,1,0.0400,0.0400,9,0.0700,8,0.9340,8,1.0040,-0.0321,0.11,-0.1022,0.8978,0.0000,93.57,SUCCESS
2025-12-23T03:13:03.221003+00:00,btc-updown-15m-1766458800,TRADE,DOWN,ACCUM,1,1,0.9003,0.9003,9,0.0700,9,0.9303,9,1.0003,-0.0024,0.00,-0.0024,-0.0024,0.0000,92.67,SUCCESS
2025-12-23T03:13:08.631148+00:00,btc-updown-15m-1766458800,TRADE,UP,ACCUM,1,1,0.1300,0.1300,10,0.0760,9,0.9303,9,1.0063,-0.0564,0.10,-0.1324,0.8676,0.0000,92.54,SUCCESS
2025-12-23T03:13:14.045911+00:00,btc-updown-15m-1766458800,TRADE,DOWN,ACCUM,1,1,0.8700,0.8700,10,0.0760,10,0.9242,10,1.0002,-0.0024,0.00,-0.0024,-0.0024,0.0000,91.67,SUCCESS
2025-12-23T03:13:24.815645+00:00,btc-updown-15m-1766458800,TRADE,UP,ACCUM,1,1,0.1301,0.1301,11,0.0809,10,0.9242,10,1.0052,-0.0516,0.09,-0.1325,0.8675,0.0000,91.54,SUCCESS
2025-12-23T03:13:30.205924+00:00,btc-updown-15m-1766458800,TRADE,DOWN,ACCUM,1,1,0.9204,0.9204,11,0.0809,11,0.9239,11,1.0048,-0.0529,0.00,-0.0529,-0.0529,0.0000,90.62,SUCCESS
2025-12-23T03:13:35.593375+00:00,btc-updown-15m-1766458800,TRADE,UP,ACCUM,1,1,0.0600,0.0600,12,0.0792,11,0.9239,11,1.0031,-0.0337,0.08,-0.1129,0.8871,0.0000,90.56,SUCCESS
2025-12-23T03:13:41.093921+00:00,btc-updown-15m-1766458800,TRADE,DOWN,ACCUM,1,1,0.9405,0.9405,12,0.0792,12,0.9253,12,1.0044,-0.0534,0.00,-0.0534,-0.0534,0.0000,89.62,SUCCESS
2025-12-23T03:13:46.502138+00:00,btc-updown-15m-1766458800,TRADE,UP,ACCUM,1,1,0.0500,0.0500,13,0.0769,12,0.9253,12,1.0022,-0.0264,0.08,-0.1034,0.8966,0.0000,89.57,SUCCESS
2025-12-23T03:15:02.501203+00:00,btc-updown-15m-1766458800,RESOLUTION,DOWN,BINANCE_FALLBACK,25,25,1.0000,12.1034,13,0.0769,12,0.9253,12,1.0022,-0.0264,0.08,0.0000,0.0000,-0.1034,101.57,RESOLVED
2025-12-23T03:23:54.252696+00:00,btc-updown-15m-1766459700,TRADE,DOWN,ACCUM,1,1,0.1200,0.1200,0,0.0000,1,0.1200,0,0.0000,0.0000,1.00,-0.1200,0.8800,0.0000,101.45,SUCCESS
2025-12-23T03:23:59.770811+00:00,btc-updown-15m-1766459700,TRADE,UP,ACCUM,1,1,0.8704,0.8704,1,0.8704,1,0.1200,1,0.9904,0.0096,0.00,0.0096,0.0096,0.0000,100.58,SUCCESS
2025-12-23T03:24:05.176992+00:00,btc-updown-15m-1766459700,TRADE,DOWN,ACCUM,1,1,0.1300,0.1300,1,0.8704,2,0.1250,1,0.9954,0.0046,0.50,-0.1204,0.8796,0.0000,100.45,SUCCESS
2025-12-23T03:24:15.984709+00:00,btc-updown-15m-1766459700,TRADE,UP,ACCUM,1,1,0.8502,0.8502,2,0.8603,2,0.1250,2,0.9853,0.0294,0.00,0.0294,0.0294,0.0000,99.60,SUCCESS
2025-12-23T03:24:21.392816+00:00,btc-updown-15m-1766459700,TRADE,DOWN,ACCUM,1,1,0.1800,0.1800,2,0.8603,3,0.1434,2,1.0036,-0.0073,0.33,-0.1506,0.8494,0.0000,99.42,SUCCESS
2025-12-23T03:24:26.789787+00:00,btc-updown-15m-1766459700,TRADE,UP,ACCUM,1,1,0.8102,0.8102,3,0.8436,3,0.1434,3,0.9869,0.0392,0.00,0.0392,0.0392,0.0000,98.61,SUCCESS
2025-12-23T03:24:37.692267+00:00,btc-updown-15m-1766459700,TRADE,DOWN,ACCUM,1,1,0.2900,0.2900,3,0.8436,4,0.1800,3,1.0236,-0.0708,0.25,-0.2508,0.7492,0.0000,98.32,SUCCESS
2025-12-23T03:24:43.117387+00:00,btc-updown-15m-1766459700,TRADE,UP,ACCUM,1,1,0.6698,0.6698,4,0.8001,4,0.1800,4,0.9801,0.0794,0.00,0.0794,0.0794,0.0000,97.65,SUCCESS
2025-12-23T03:24:48.529121+00:00,btc-updown-15m-1766459700,TRADE,DOWN,ACCUM,1,1,0.4801,0.4801,4,0.8001,5,0.2400,4,1.0402,-0.1606,0.20,-0.4007,0.5993,0.0000,97.17,SUCCESS
2025-12-23T03:24:53.927648+00:00,btc-updown-15m-1766459700,TRADE,UP,ACCUM,1,1,0.4400,0.4400,5,0.7281,5,0.2400,5,0.9681,0.1593,0.00,0.1593,0.1593,0.0000,96.73,SUCCESS
2025-12-23T03:24:59.458693+00:00,btc-updown-15m-1766459700,TRADE,UP,ACCUM,1,1,0.3300,0.3300,6,0.6617,5,0.2400,5,0.9018,0.4911,0.17,-0.1707,0.8293,0.0000,96.40,SUCCESS
2025-12-23T03:25:04.988912+00:00,btc-updown-15m-1766459700,TRADE,DOWN,ACCUM,1,1,0.6400,0.6400,6,0.6617,6,0.3067,6,0.9684,0.1893,0.00,0.1893,0.1893,0.0000,95.76,SUCCESS
2025-12-23T03:25:10.408093+00:00,btc-updown-15m-1766459700,TRADE,DOWN,ACCUM,1,1,0.4402,0.4402,6,0.6617,7,0.3258,6,0.9875,0.0749,0.14,-0.2509,0.7491,0.0000,95.32,SUCCESS
2025-12-23T03:25:15.817587+00:00,btc-updown-15m-1766459700,TRADE,UP,ACCUM,1,1,0.5100,0.5100,7,0.6401,7,0.3258,7,0.9658,0.2391,0.00,0.2391,0.2391,0.0000,94.81,SUCCESS
2025-12-23T03:25:21.375799+00:00,btc-updown-15m-1766459700,TRADE,UP,ACCUM,1,1,0.4900,0.4900,8,0.6213,7,0.3258,7,0.9471,0.3704,0.12,-0.2510,0.7490,0.0000,94.32,SUCCESS
2025-12-23T03:25:26.773743+00:00,btc-updown-15m-1766459700,TRADE,DOWN,ACCUM,1,1,0.2400,0.2400,8,0.6213,8,0.3151,8,0.9364,0.5090,0.00,0.5090,0.5090,0.0000,94.08,SUCCESS
2025-12-23T03:25:32.187005+00:00,btc-updown-15m-1766459700,TRADE,DOWN,ACCUM,1,1,0.3001,0.3001,8,0.6213,9,0.3134,8,0.9347,0.5223,0.11,0.2089,1.2089,0.0000,93.78,SUCCESS
2025-12-23T03:25:37.671820+00:00,btc-updown-15m-1766459700,TRADE,UP,ACCUM,1,1,0.8301,0.8301,9,0.6445,9,0.3134,9,0.9579,0.3787,0.00,0.3787,0.3787,0.0000,92.95,SUCCESS
2025-12-23T03:25:43.050077+00:00,btc-updown-15m-1766459700,TRADE,DOWN,ACCUM,1,1,0.1800,0.1800,9,0.6445,10,0.3001,9,0.9446,0.4988,0.10,0.1987,1.1987,0.0000,92.77,SUCCESS
2025-12-23T03:25:48.459012+00:00,btc-updown-15m-1766459700,TRADE,UP,ACCUM,1,1,0.8400,0.8400,10,0.6641,10,0.3001,10,0.9641,0.3587,0.00,0.3587,0.3587,0.0000,91.93,SUCCESS
2025-12-23T03:25:53.996575+00:00,btc-updown-15m-1766459700,TRADE,DOWN,ACCUM,1,1,0.1800,0.1800,10,0.6641,11,0.2891,10,0.9532,0.4679,0.09,0.1787,1.1787,0.0000,91.75,SUCCESS
2025-12-23T03:25:59.594355+00:00,btc-updown-15m-1766459700,TRADE,UP,ACCUM,1,1,0.7801,0.7801,11,0.6746,11,0.2891,11,0.9638,0.3986,0.00,0.3986,0.3986,0.0000,90.97,SUCCESS
2025-12-23T03:26:05.101119+00:00,btc-updown-15m-1766459700,TRADE,DOWN,ACCUM,1,1,0.3101,0.3101,11,0.6746,12,0.2909,11,0.9655,0.3794,0.08,0.0885,1.0885,0.0000,90.66,SUCCESS
2025-12-23T03:26:10.510600+00:00,btc-updown-15m-1766459700,TRADE,UP,ACCUM,1,1,0.7098,0.7098,12,0.6775,12,0.2909,12,0.9684,0.3787,0.00,0.3787,0.3787,0.0000,89.95,SUCCESS
2025-12-23T03:26:21.338542+00:00,btc-updown-15m-1766459700,TRADE,DOWN,ACCUM,1,1,0.3501,0.3501,12,0.6775,13,0.2954,12,0.9730,0.3240,0.08,0.0286,1.0286,0.0000,89.60,SUCCESS
2025-12-23T03:26:26.763845+00:00,btc-updown-15m-1766459700,TRADE,UP,ACCUM,1,1,0.6601,0.6601,13,0.6762,13,0.2954,13,0.9717,0.3684,0.00,0.3684,0.3684,0.0000,88.94,SUCCESS
2025-12-23T03:26:32.153505+00:00,btc-updown-15m-1766459700,TRADE,DOWN,ACCUM,1,1,0.3300,0.3300,13,0.6762,14,0.2979,13,0.9741,0.3364,0.07,0.0384,1.0384,0.0000,88.61,SUCCESS
2025-12-23T03:26:37.580602+00:00,btc-updown-15m-1766459700,TRADE,UP,ACCUM,1,1,0.6801,0.6801,14,0.6765,14,0.2979,14,0.9744,0.3584,0.00,0.3584,0.3584,0.0000,87.93,SUCCESS
2025-12-23T03:26:42.981432+00:00,btc-updown-15m-1766459700,TRADE,DOWN,ACCUM,1,1,0.2500,0.2500,14,0.6765,15,0.2947,14,0.9712,0.4031,0.07,0.1084,1.1084,0.0000,87.68,SUCCESS
2025-12-23T03:26:48.387897+00:00,btc-updown-15m-1766459700,TRADE,UP,ACCUM,1,1,0.8201,0.8201,15,0.6861,15,0.2947,15,0.9808,0.2883,0.00,0.2883,0.2883,0.0000,86.86,SUCCESS
2025-12-23T03:30:05.209906+00:00,btc-updown-15m-1766459700,RESOLUTION,DOWN,BINANCE_FALLBACK,30,30,1.0000,14.7117,15,0.6861,15,0.2947,15,0.9808,0.2883,0.00,0.0000,0.0000,0.2883,101.86,RESOLVED
2025-12-23T03:38:54.086041+00:00,btc-updown-15m-1766460600,TRADE,DOWN,ACCUM,1,1,0.2901,0.2901,0,0.0000,1,0.2901,0,0.0000,0.0000,1.00,-0.2901,0.7099,0.0000,101.57,SUCCESS
2025-12-23T03:39:05.081949+00:00,btc-updown-15m-1766460600,TRADE,UP,ACCUM,1,1,0.7500,0.7500,1,0.7500,1,0.2901,1,1.0402,-0.0402,0.00,-0.0402,-0.0402,0.0000,100.82,SUCCESS
2025-12-23T03:39:10.547246+00:00,btc-updown-15m-1766460600,TRADE,DOWN,ACCUM,1,1,0.2500,0.2500,1,0.7500,2,0.2700,1,1.0201,-0.0201,0.50,-0.2901,0.7099,0.0000,100.57,SUCCESS
2025-12-23T03:39:15.950883+00:00,btc-updown-15m-1766460600,TRADE,UP,ACCUM,1,1,0.8204,0.8204,2,0.7852,2,0.2700,2,1.0553,-0.1105,0.00,-0.1105,-0.1105,0.0000,99.75,SUCCESS
2025-12-23T03:39:26.772054+00:00,btc-updown-15m-1766460600,TRADE,DOWN,ACCUM,1,1,0.1900,0.1900,2,0.7852,3,0.2434,2,1.0286,-0.0571,0.33,-0.3005,0.6995,0.0000,99.56,SUCCESS
2025-12-23T03:39:32.171784+00:00,btc-updown-15m-1766460600,TRADE,UP,ACCUM,1,1,0.7902,0.7902,3,0.7869,3,0.2434,3,1.0302,-0.0907,0.00,-0.0907,-0.0907,0.0000,98.77,SUCCESS
2025-12-23T03:39:37.569833+00:00,btc-updown-15m-1766460600,TRADE,DOWN,ACCUM,1,1,0.2600,0.2600,3,0.7869,4,0.2475,3,1.0344,-0.1032,0.25,-0.3507,0.6493,0.0000,98.51,SUCCESS
2025-12-23T03:39:42.993104+00:00,btc-updown-15m-1766460600,TRADE,UP,ACCUM,1,1,0.8002,0.8002,4,0.7902,4,0.2475,4,1.0377,-0.1509,0.00,-0.1509,-0.1509,0.0000,97.71,SUCCESS
2025-12-23T03:39:59.245884+00:00,btc-updown-15m-1766460600,TRADE,DOWN,ACCUM,1,1,0.1300,0.1300,4,0.7902,5,0.2240,4,1.0142,-0.0568,0.20,-0.2808,0.7192,0.0000,97.58,SUCCESS
2025-12-23T03:40:04.652567+00:00,btc-updown-15m-1766460600,TRADE,UP,ACCUM,1,1,0.9003,0.9003,5,0.8122,5,0.2240,5,1.0362,-0.1812,0.00,-0.1812,-0.1812,0.0000,96.68,SUCCESS
2025-12-23T03:40:20.954911+00:00,btc-updown-15m-1766460600,TRADE,DOWN,ACCUM,1,1,0.1300,0.1300,5,0.8122,6,0.2084,5,1.0206,-0.1029,0.17,-0.3112,0.6888,0.0000,96.55,SUCCESS
2025-12-23T03:40:31.866122+00:00,btc-updown-15m-1766460600,TRADE,UP,ACCUM,1,1,0.9304,0.9304,6,0.8319,6,0.2084,6,1.0403,-0.2416,0.00,-0.2416,-0.2416,0.0000,95.62,SUCCESS
2025-12-23T03:40:37.288084+00:00,btc-updown-15m-1766460600,TRADE,DOWN,ACCUM,1,1,0.0700,0.0700,6,0.8319,7,0.1886,6,1.0205,-0.1231,0.14,-0.3117,0.6883,0.0000,95.55,SUCCESS
2025-12-23T03:40:42.709430+00:00,btc-updown-15m-1766460600,TRADE,UP,ACCUM,1,1,0.9405,0.9405,7,0.8474,7,0.1886,7,1.0360,-0.2521,0.00,-0.2521,-0.2521,0.0000,94.61,SUCCESS
2025-12-23T03:40:48.117566+00:00,btc-updown-15m-1766460600,TRADE,DOWN,ACCUM,1,1,0.0500,0.0500,7,0.8474,8,0.1713,7,1.0187,-0.1309,0.12,-0.3022,0.6978,0.0000,94.56,SUCCESS
2025-12-23T03:45:03.749012+00:00,btc-updown-15m-1766460600,RESOLUTION,DOWN,BINANCE_FALLBACK,15,15,1.0000,7.3022,7,0.8474,8,0.1713,7,1.0187,-0.1309,0.12,0.0000,0.0000,0.6978,102.56,RESOLVED
2025-12-23T03:53:58.419953+00:00,btc-updown-15m-1766461500,TRADE,UP,ACCUM,1,1,0.1000,0.1000,1,0.1000,0,0.0000,0,0.0000,0.0000,1.00,-0.1000,0.9000,0.0000,102.46,SUCCESS
2025-12-23T03:54:03.974863+00:00,btc-updown-15m-1766461500,TRADE,DOWN,ACCUM,1,1,0.9402,0.9402,1,0.1000,1,0.9402,1,1.0402,-0.0402,0.00,-0.0402,-0.0402,0.0000,101.52,SUCCESS
2025-12-23T03:54:09.385458+00:00,btc-updown-15m-1766461500,TRADE,UP,ACCUM,1,1,0.0800,0.0800,2,0.0900,1,0.9402,1,1.0302,-0.0302,0.50,-0.1202,0.8798,0.0000,101.44,SUCCESS
2025-12-23T03:54:14.915068+00:00,btc-updown-15m-1766461500,TRADE,DOWN,ACCUM,1,1,0.9298,0.9298,2,0.0900,2,0.9350,2,1.0250,-0.0500,0.00,-0.0500,-0.0500,0.0000,100.51,SUCCESS
2025-12-23T03:54:20.559917+00:00,btc-updown-15m-1766461500,TRADE,UP,ACCUM,1,1,0.1300,0.1300,3,0.1033,2,0.9350,2,1.0383,-0.0767,0.33,-0.1800,0.8200,0.0000,100.38,SUCCESS
2025-12-23T03:54:31.375013+00:00,btc-updown-15m-1766461500,TRADE,DOWN,ACCUM,1,1,0.9004,0.9004,3,0.1033,3,0.9235,3,1.0268,-0.0805,0.00,-0.0805,-0.0805,0.0000,99.48,SUCCESS
2025-12-23T03:54:36.769251+00:00,btc-updown-15m-1766461500,TRADE,UP,ACCUM,1,1,0.1500,0.1500,4,0.1150,3,0.9235,3,1.0385,-0.1155,0.25,-0.2305,0.7695,0.0000,99.33,SUCCESS
2025-12-23T03:54:42.265404+00:00,btc-updown-15m-1766461500,TRADE,DOWN,ACCUM,1,1,0.9003,0.9003,4,0.1150,4,0.9177,4,1.0327,-0.1308,0.00,-0.1308,-0.1308,0.0000,98.43,SUCCESS
2025-12-23T03:54:58.513707+00:00,btc-updown-15m-1766461500,TRADE,UP,ACCUM,1,1,0.0900,0.0900,5,0.1100,4,0.9177,4,1.0277,-0.1108,0.20,-0.2208,0.7792,0.0000,98.34,SUCCESS
2025-12-23T03:55:03.902164+00:00,btc-updown-15m-1766461500,TRADE,DOWN,ACCUM,1,1,0.9404,0.9404,5,0.1100,5,0.9222,5,1.0323,-0.1613,0.00,-0.1613,-0.1613,0.0000,97.39,SUCCESS
2025-12-23T03:55:09.316383+00:00,btc-updown-15m-1766461500,TRADE,UP,ACCUM,1,1,0.0600,0.0600,6,0.1017,5,0.9222,5,1.0239,-0.1196,0.17,-0.2213,0.7787,0.0000,97.33,SUCCESS
2025-12-23T03:55:14.813402+00:00,btc-updown-15m-1766461500,TRADE,DOWN,ACCUM,1,1,0.9502,0.9502,6,0.1017,6,0.9269,6,1.0286,-0.1715,0.00,-0.1715,-0.1715,0.0000,96.38,SUCCESS
2025-12-23T03:55:25.622027+00:00,btc-updown-15m-1766461500,TRADE,UP,ACCUM,1,1,0.0600,0.0600,7,0.0957,6,0.9269,6,1.0226,-0.1358,0.14,-0.2315,0.7685,0.0000,96.32,SUCCESS
2025-12-23T03:55:36.527567+00:00,btc-updown-15m-1766461500,TRADE,DOWN,ACCUM,1,1,0.9500,0.9500,7,0.0957,7,0.9302,7,1.0259,-0.1815,0.00,-0.1815,-0.1815,0.0000,95.37,SUCCESS
2025-12-23T03:55:41.918601+00:00,btc-updown-15m-1766461500,TRADE,UP,ACCUM,1,1,0.0600,0.0600,8,0.0913,7,0.9302,7,1.0215,-0.1503,0.12,-0.2415,0.7585,0.0000,95.31,SUCCESS
2025-12-23T03:55:47.311291+00:00,btc-updown-15m-1766461500,TRADE,DOWN,ACCUM,1,1,0.9402,0.9402,8,0.0913,8,0.9315,8,1.0227,-0.1817,0.00,-0.1817,-0.1817,0.0000,94.37,SUCCESS
2025-12-23T03:55:52.713979+00:00,btc-updown-15m-1766461500,TRADE,UP,ACCUM,1,1,0.0500,0.0500,9,0.0867,8,0.9315,8,1.0181,-0.1451,0.11,-0.2318,0.7682,0.0000,94.32,SUCCESS
2025-12-23T03:56:08.903780+00:00,btc-updown-15m-1766461500,TRADE,DOWN,ACCUM,1,1,0.8901,0.8901,9,0.0867,9,0.9269,9,1.0135,-0.1219,0.00,-0.1219,-0.1219,0.0000,93.43,SUCCESS
2025-12-23T03:56:14.333061+00:00,btc-updown-15m-1766461500,TRADE,UP,ACCUM,1,1,0.1000,0.1000,10,0.0880,9,0.9269,9,1.0149,-0.1339,0.10,-0.2219,0.7781,0.0000,93.33,SUCCESS
2025-12-23T03:56:19.764128+00:00,btc-updown-15m-1766461500,TRADE,DOWN,ACCUM,1,1,0.9004,0.9004,10,0.0880,10,0.9242,10,1.0122,-0.1224,0.00,-0.1224,-0.1224,0.0000,92.43,SUCCESS
2025-12-23T03:56:25.189908+00:00,btc-updown-15m-1766461500,TRADE,UP,ACCUM,1,1,0.1000,0.1000,11,0.0891,10,0.9242,10,1.0133,-0.1333,0.09,-0.2224,0.7776,0.0000,92.33,SUCCESS
2025-12-23T03:56:36.083866+00:00,btc-updown-15m-1766461500,TRADE,DOWN,ACCUM,1,1,0.9204,0.9204,11,0.0891,11,0.9239,11,1.0130,-0.1428,0.00,-0.1428,-0.1428,0.0000,91.41,SUCCESS
2025-12-23T03:56:41.552215+00:00,btc-updown-15m-1766461500,TRADE,UP,ACCUM,1,1,0.0700,0.0700,12,0.0875,11,0.9239,11,1.0114,-0.1254,0.08,-0.2129,0.7871,0.0000,91.34,SUCCESS
2025-12-23T03:56:46.960461+00:00,btc-updown-15m-1766461500,TRADE,DOWN,ACCUM,1,1,0.9402,0.9402,12,0.0875,12,0.9252,12,1.0128,-0.1530,0.00,-0.1530,-0.1530,0.0000,90.40,SUCCESS
2025-12-23T03:56:57.779014+00:00,btc-updown-15m-1766461500,TRADE,UP,ACCUM,1,1,0.0800,0.0800,13,0.0869,12,0.9252,12,1.0122,-0.1461,0.08,-0.2331,0.7669,0.0000,90.32,SUCCESS
2025-12-23T03:57:08.613299+00:00,btc-updown-15m-1766461500,TRADE,DOWN,ACCUM,1,1,0.9403,0.9403,13,0.0869,13,0.9264,13,1.0133,-0.1733,0.00,-0.1733,-0.1733,0.0000,89.38,SUCCESS
2025-12-23T03:57:14.034630+00:00,btc-updown-15m-1766461500,TRADE,UP,ACCUM,1,1,0.0700,0.0700,14,0.0857,13,0.9264,13,1.0121,-0.1576,0.07,-0.2433,0.7567,0.0000,89.31,SUCCESS
2025-12-23T03:57:19.439210+00:00,btc-updown-15m-1766461500,TRADE,DOWN,ACCUM,1,1,0.9502,0.9502,14,0.0857,14,0.9281,14,1.0138,-0.1936,0.00,-0.1936,-0.1936,0.0000,88.36,SUCCESS
2025-12-23T03:57:24.863704+00:00,btc-updown-15m-1766461500,TRADE,UP,ACCUM,1,1,0.0800,0.0800,15,0.0853,14,0.9281,14,1.0134,-0.1882,0.07,-0.2736,0.7264,0.0000,88.28,SUCCESS
2025-12-23T03:57:30.254384+00:00,btc-updown-15m-1766461500,TRADE,DOWN,ACCUM,1,1,0.9402,0.9402,15,0.0853,15,0.9289,15,1.0142,-0.2137,0.00,-0.2137,-0.2137,0.0000,87.34,SUCCESS
2025-12-23T04:00:02.245534+00:00,btc-updown-15m-1766461500,RESOLUTION,DOWN,BINANCE_FALLBACK,30,30,1.0000,15.2137,15,0.0853,15,0.9289,15,1.0142,-0.2137,0.00,0.0000,0.0000,-0.2137,102.34,RESOLVED
2025-12-23T04:08:58.274882+00:00,btc-updown-15m-1766462400,TRADE,DOWN,ACCUM,1,1,0.4902,0.4902,0,0.0000,1,0.4902,0,0.0000,0.0000,1.00,-0.4902,0.5098,0.0000,101.85,SUCCESS
2025-12-23T04:09:03.677864+00:00,btc-updown-15m-1766462400,TRADE,UP,ACCUM,1,1,0.5402,0.5402,1,0.5402,1,0.4902,1,1.0304,-0.0304,0.00,-0.0304,-0.0304,0.0000,101.31,SUCCESS
2025-12-23T04:09:09.080146+00:00,btc-updown-15m-1766462400,TRADE,DOWN,ACCUM,1,1,0.4602,0.4602,1,0.5402,2,0.4752,1,1.0154,-0.0154,0.50,-0.4906,0.5094,0.0000,100.85,SUCCESS
2025-12-23T04:09:14.720469+00:00,btc-updown-15m-1766462400,TRADE,UP,ACCUM,1,1,0.5302,0.5302,2,0.5352,2,0.4752,2,1.0104,-0.0209,0.00,-0.0209,-0.0209,0.0000,100.32,SUCCESS
2025-12-23T04:09:20.256487+00:00,btc-updown-15m-1766462400,TRADE,DOWN,ACCUM,1,1,0.4801,0.4801,2,0.5352,3,0.4768,2,1.0121,-0.0241,0.33,-0.5010,0.4990,0.0000,99.84,SUCCESS
2025-12-23T04:09:31.028320+00:00,btc-updown-15m-1766462400,TRADE,UP,ACCUM,1,1,0.5602,0.5602,3,0.5435,3,0.4768,3,1.0204,-0.0612,0.00,-0.0612,-0.0612,0.0000,99.28,SUCCESS
2025-12-23T04:09:36.536447+00:00,btc-updown-15m-1766462400,TRADE,DOWN,ACCUM,1,1,0.3801,0.3801,3,0.5435,4,0.4527,3,0.9962,0.0114,0.25,-0.4413,0.5587,0.0000,98.90,SUCCESS
2025-12-23T04:09:41.940912+00:00,btc-updown-15m-1766462400,TRADE,UP,ACCUM,1,1,0.7504,0.7504,4,0.5953,4,0.4527,4,1.0479,-0.1917,0.00,-0.1917,-0.1917,0.0000,98.15,SUCCESS
2025-12-23T04:09:47.448486+00:00,btc-updown-15m-1766462400,TRADE,DOWN,ACCUM,1,1,0.2001,0.2001,4,0.5953,5,0.4021,4,0.9974,0.0104,0.20,-0.3917,0.6083,0.0000,97.95,SUCCESS
2025-12-23T04:09:52.860439+00:00,btc-updown-15m-1766462400,TRADE,UP,ACCUM,1,1,0.8001,0.8001,5,0.6362,5,0.4021,5,1.0384,-0.1919,0.00,-0.1919,-0.1919,0.0000,97.15,SUCCESS
2025-12-23T04:09:58.250712+00:00,btc-updown-15m-1766462400,TRADE,DOWN,ACCUM,1,1,0.1901,0.1901,5,0.6362,6,0.3668,5,1.0030,-0.0152,0.17,-0.3820,0.6180,0.0000,96.96,SUCCESS
2025-12-23T04:10:03.682331+00:00,btc-updown-15m-1766462400,TRADE,UP,ACCUM,1,1,0.8404,0.8404,6,0.6703,6,0.3668,6,1.0371,-0.2224,0.00,-0.2224,-0.2224,0.0000,96.12,SUCCESS
2025-12-23T04:10:09.093874+00:00,btc-updown-15m-1766462400,TRADE,DOWN,ACCUM,1,1,0.1301,0.1301,6,0.6703,7,0.3330,6,1.0032,-0.0194,0.14,-0.3524,0.6476,0.0000,95.99,SUCCESS
2025-12-23T04:10:14.503954+00:00,btc-updown-15m-1766462400,TRADE,UP,ACCUM,1,1,0.9203,0.9203,7,0.7060,7,0.3330,7,1.0390,-0.2727,0.00,-0.2727,-0.2727,0.0000,95.07,SUCCESS
2025-12-23T04:10:25.334484+00:00,btc-updown-15m-1766462400,TRADE,DOWN,ACCUM,1,1,0.0400,0.0400,7,0.7060,8,0.2964,7,1.0023,-0.0163,0.12,-0.3127,0.6873,0.0000,95.03,SUCCESS
2025-12-23T04:15:03.340964+00:00,btc-updown-15m-1766462400,RESOLUTION,DOWN,BINANCE_FALLBACK,15,15,1.0000,7.3127,7,0.7060,8,0.2964,7,1.0023,-0.0163,0.12,0.0000,0.0000,0.6873,103.03,RESOLVED
2025-12-23T04:38:58.201020+00:00,btc-updown-15m-1766464200,TRADE,UP,ACCUM,1,1,0.0500,0.0500,1,0.0500,0,0.0000,0,0.0000,0.0000,1.00,-0.0500,0.9500,0.0000,99.95,SUCCESS
2025-12-23T04:45:01.827447+00:00,btc-updown-15m-1766464200,RESOLUTION,DOWN,BINANCE_FALLBACK,1,1,1.0000,0.0500,1,0.0500,0,0.0000,0,0.0000,0.0000,1.00,0.0000,0.0000,-0.0500,99.95,RESOLVED
2025-12-23T04:53:57.074391+00:00,btc-updown-15m-1766465100,TRADE,UP,ACCUM,1,1,0.1301,0.1301,1,0.1301,0,0.0000,0,0.0000,0.0000,1.00,-0.1301,0.8699,0.0000,99.82,SUCCESS
2025-12-23T04:54:02.487940+00:00,btc-updown-15m-1766465100,TRADE,DOWN,ACCUM,1,1,0.8802,0.8802,1,0.1301,1,0.8802,1,1.0102,-0.0102,0.00,-0.0102,-0.0102,0.0000,98.94,SUCCESS
2025-12-23T04:54:07.899187+00:00,btc-updown-15m-1766465100,TRADE,UP,ACCUM,1,1,0.1301,0.1301,2,0.1301,1,0.8802,1,1.0103,-0.0103,0.50,-0.1403,0.8597,0.0000,98.81,SUCCESS
2025-12-23T04:54:13.300046+00:00,btc-updown-15m-1766465100,TRADE,DOWN,ACCUM,1,1,0.8700,0.8700,2,0.1301,2,0.8751,2,1.0052,-0.0103,0.00,-0.0103,-0.0103,0.0000,97.94,SUCCESS
2025-12-23T04:54:18.712429+00:00,btc-updown-15m-1766465100,TRADE,UP,ACCUM,1,1,0.1501,0.1501,3,0.1367,2,0.8751,2,1.0118,-0.0237,0.33,-0.1604,0.8396,0.0000,97.79,SUCCESS
2025-12-23T04:54:29.532438+00:00,btc-updown-15m-1766465100,TRADE,DOWN,ACCUM,1,1,0.8703,0.8703,3,0.1367,3,0.8735,3,1.0102,-0.0307,0.00,-0.0307,-0.0307,0.0000,96.92,SUCCESS
2025-12-23T04:54:34.939250+00:00,btc-updown-15m-1766465100,TRADE,UP,ACCUM,1,1,0.1300,0.1300,4,0.1351,3,0.8735,3,1.0086,-0.0257,0.25,-0.1607,0.8393,0.0000,96.79,SUCCESS
2025-12-23T04:54:45.835830+00:00,btc-updown-15m-1766465100,TRADE,DOWN,ACCUM,1,1,0.9103,0.9103,4,0.1351,4,0.8827,4,1.0178,-0.0710,0.00,-0.0710,-0.0710,0.0000,95.88,SUCCESS
2025-12-23T04:54:51.334175+00:00,btc-updown-15m-1766465100,TRADE,UP,ACCUM,1,1,0.0900,0.0900,5,0.1261,4,0.8827,4,1.0088,-0.0350,0.20,-0.1611,0.8389,0.0000,95.79,SUCCESS
2025-12-23T04:54:56.740340+00:00,btc-updown-15m-1766465100,TRADE,DOWN,ACCUM,1,1,0.9098,0.9098,5,0.1261,5,0.8881,5,1.0142,-0.0709,0.00,-0.0709,-0.0709,0.0000,94.88,SUCCESS
2025-12-23T04:55:02.138637+00:00,btc-updown-15m-1766465100,TRADE,UP,ACCUM,1,1,0.0800,0.0800,6,0.1184,5,0.8881,5,1.0065,-0.0325,0.17,-0.1509,0.8491,0.0000,94.80,SUCCESS
2025-12-23T04:55:07.532255+00:00,btc-updown-15m-1766465100,TRADE,DOWN,ACCUM,1,1,0.8903,0.8903,6,0.1184,6,0.8885,6,1.0069,-0.0412,0.00,-0.0412,-0.0412,0.0000,93.91,SUCCESS
2025-12-23T04:55:13.042537+00:00,btc-updown-15m-1766465100,TRADE,UP,ACCUM,1,1,0.1000,0.1000,7,0.1158,6,0.8885,6,1.0042,-0.0255,0.14,-0.1412,0.8588,0.0000,93.81,SUCCESS
2025-12-23T04:55:23.828467+00:00,btc-updown-15m-1766465100,TRADE,DOWN,ACCUM,1,1,0.9504,0.9504,7,0.1158,7,0.8973,7,1.0131,-0.0916,0.00,-0.0916,-0.0916,0.0000,92.86,SUCCESS
2025-12-23T04:55:29.246861+00:00,btc-updown-15m-1766465100,TRADE,UP,ACCUM,1,1,0.0600,0.0600,8,0.1088,7,0.8973,7,1.0061,-0.0428,0.12,-0.1516,0.8484,0.0000,92.80,SUCCESS
2025-12-23T05:00:00.303978+00:00,btc-updown-15m-1766465100,RESOLUTION,DOWN,BINANCE_FALLBACK,15,15,1.0000,7.1516,8,0.1088,7,0.8973,7,1.0061,-0.0428,0.12,0.0000,0.0000,-0.1516,99.80,RESOLVED
2025-12-23T05:08:55.215626+00:00,btc-updown-15m-1766466000,TRADE,UP,ACCUM,1,1,0.3702,0.3702,1,0.3702,0,0.0000,0,0.0000,0.0000,1.00,-0.3702,0.6298,0.0000,99.43,SUCCESS
2025-12-23T05:09:00.726244+00:00,btc-updown-15m-1766466000,TRADE,DOWN,ACCUM,1,1,0.5001,0.5001,1,0.3702,1,0.5001,1,0.8703,0.1297,0.00,0.1297,0.1297,0.0000,98.93,SUCCESS
2025-12-23T05:09:11.618185+00:00,btc-updown-15m-1766466000,TRADE,DOWN,ACCUM,1,1,0.4101,0.4101,1,0.3702,2,0.4551,1,0.8253,0.1747,0.50,-0.2804,0.7196,0.0000,98.52,SUCCESS
2025-12-23T05:09:17.031145+00:00,btc-updown-15m-1766466000,TRADE,UP,ACCUM,1,1,0.7801,0.7801,2,0.5751,2,0.4551,2,1.0303,-0.0606,0.00,-0.0606,-0.0606,0.0000,97.74,SUCCESS
2025-12-23T05:09:22.501205+00:00,btc-updown-15m-1766466000,TRADE,DOWN,ACCUM,1,1,0.2700,0.2700,2,0.5751,3,0.3934,2,0.9686,0.0628,0.33,-0.3306,0.6694,0.0000,97.47,SUCCESS
2025-12-23T05:09:27.899518+00:00,btc-updown-15m-1766466000,TRADE,UP,ACCUM,1,1,0.8104,0.8104,3,0.6536,3,0.3934,3,1.0470,-0.1410,0.00,-0.1410,-0.1410,0.0000,96.66,SUCCESS
2025-12-23T05:09:33.281110+00:00,btc-updown-15m-1766466000,TRADE,DOWN,ACCUM,1,1,0.3101,0.3101,3,0.6536,4,0.3726,3,1.0262,-0.0785,0.25,-0.4511,0.5489,0.0000,96.35,SUCCESS
2025-12-23T05:09:38.662700+00:00,btc-updown-15m-1766466000,TRADE,UP,ACCUM,1,1,0.7601,0.7601,4,0.6802,4,0.3726,4,1.0528,-0.2112,0.00,-0.2112,-0.2112,0.0000,95.59,SUCCESS
2025-12-23T05:09:44.050544+00:00,btc-updown-15m-1766466000,TRADE,DOWN,ACCUM,1,1,0.2001,0.2001,4,0.6802,5,0.3381,4,1.0183,-0.0732,0.20,-0.4113,0.5887,0.0000,95.39,SUCCESS
2025-12-23T05:09:49.448619+00:00,btc-updown-15m-1766466000,TRADE,UP,ACCUM,1,1,0.8004,0.8004,5,0.7042,5,0.3381,5,1.0423,-0.2117,0.00,-0.2117,-0.2117,0.0000,94.59,SUCCESS
2025-12-23T05:09:54.858263+00:00,btc-updown-15m-1766466000,TRADE,DOWN,ACCUM,1,1,0.2900,0.2900,5,0.7042,6,0.3301,5,1.0343,-0.1716,0.17,-0.5017,0.4983,0.0000,94.30,SUCCESS
2025-12-23T05:10:00.250840+00:00,btc-updown-15m-1766466000,TRADE,UP,ACCUM,1,1,0.7403,0.7403,6,0.7102,6,0.3301,6,1.0403,-0.2420,0.00,-0.2420,-0.2420,0.0000,93.56,SUCCESS
2025-12-23T05:10:05.655835+00:00,btc-updown-15m-1766466000,TRADE,DOWN,ACCUM,1,1,0.2501,0.2501,6,0.7102,7,0.3187,6,1.0289,-0.1734,0.14,-0.4920,0.5080,0.0000,93.31,SUCCESS
2025-12-23T05:10:11.046073+00:00,btc-updown-15m-1766466000,TRADE,UP,ACCUM,1,1,0.6903,0.6903,7,0.7074,7,0.3187,7,1.0261,-0.1824,0.00,-0.1824,-0.1824,0.0000,92.62,SUCCESS
2025-12-23T05:10:16.441371+00:00,btc-updown-15m-1766466000,TRADE,DOWN,ACCUM,1,1,0.3101,0.3101,7,0.7074,8,0.3176,7,1.0250,-0.1749,0.12,-0.4925,0.5075,0.0000,92.31,SUCCESS
2025-12-23T05:10:21.847530+00:00,btc-updown-15m-1766466000,TRADE,UP,ACCUM,1,1,0.7303,0.7303,8,0.7103,8,0.3176,8,1.0278,-0.2227,0.00,-0.2227,-0.2227,0.0000,91.58,SUCCESS
2025-12-23T05:10:27.246345+00:00,btc-updown-15m-1766466000,TRADE,DOWN,ACCUM,1,1,0.3301,0.3301,8,0.7103,9,0.3190,8,1.0292,-0.2339,0.11,-0.5529,0.4471,0.0000,91.25,SUCCESS
2025-12-23T05:10:32.643994+00:00,btc-updown-15m-1766466000,TRADE,UP,ACCUM,1,1,0.7202,0.7202,9,0.7114,9,0.3190,9,1.0303,-0.2730,0.00,-0.2730,-0.2730,0.0000,90.53,SUCCESS
2025-12-23T05:10:38.119353+00:00,btc-updown-15m-1766466000,TRADE,DOWN,ACCUM,1,1,0.2801,0.2801,9,0.7114,10,0.3151,9,1.0265,-0.2381,0.10,-0.5532,0.4468,0.0000,90.25,SUCCESS
2025-12-23T05:10:54.302104+00:00,btc-updown-15m-1766466000,TRADE,UP,ACCUM,1,1,0.5001,0.5001,10,0.6902,10,0.3151,10,1.0053,-0.0533,0.00,-0.0533,-0.0533,0.0000,89.75,SUCCESS
2025-12-23T05:10:59.698692+00:00,btc-updown-15m-1766466000,TRADE,DOWN,ACCUM,1,1,0.4902,0.4902,10,0.6902,11,0.3310,10,1.0212,-0.2125,0.09,-0.5435,0.4565,0.0000,89.25,SUCCESS
2025-12-23T05:11:05.080391+00:00,btc-updown-15m-1766466000,TRADE,UP,ACCUM,1,1,0.5902,0.5902,11,0.6811,11,0.3310,11,1.0122,-0.1337,0.00,-0.1337,-0.1337,0.0000,88.66,SUCCESS
2025-12-23T05:11:10.481893+00:00,btc-updown-15m-1766466000,TRADE,DOWN,ACCUM,1,1,0.3301,0.3301,11,0.6811,12,0.3309,11,1.0121,-0.1328,0.08,-0.4638,0.5362,0.0000,88.33,SUCCESS
2025-12-23T05:11:15.976457+00:00,btc-updown-15m-1766466000,TRADE,UP,ACCUM,1,1,0.6601,0.6601,12,0.6794,12,0.3309,12,1.0103,-0.1239,0.00,-0.1239,-0.1239,0.0000,87.67,SUCCESS
2025-12-23T05:11:21.375025+00:00,btc-updown-15m-1766466000,TRADE,DOWN,ACCUM,1,1,0.3101,0.3101,12,0.6794,13,0.3293,12,1.0087,-0.1046,0.08,-0.4340,0.5660,0.0000,87.36,SUCCESS
2025-12-23T05:11:26.761578+00:00,btc-updown-15m-1766466000,TRADE,UP,ACCUM,1,1,0.7303,0.7303,13,0.6833,13,0.3293,13,1.0126,-0.1643,0.00,-0.1643,-0.1643,0.0000,86.63,SUCCESS
2025-12-23T05:11:37.762211+00:00,btc-updown-15m-1766466000,TRADE,DOWN,ACCUM,1,1,0.2401,0.2401,13,0.6833,14,0.3230,13,1.0063,-0.0815,0.07,-0.4044,0.5956,0.0000,86.39,SUCCESS
2025-12-23T05:11:43.139807+00:00,btc-updown-15m-1766466000,TRADE,UP,ACCUM,1,1,0.7401,0.7401,14,0.6874,14,0.3230,14,1.0103,-0.1446,0.00,-0.1446,-0.1446,0.0000,85.65,SUCCESS
2025-12-23T05:11:48.535109+00:00,btc-updown-15m-1766466000,TRADE,DOWN,ACCUM,1,1,0.2601,0.2601,14,0.6874,15,0.3188,14,1.0061,-0.0859,0.07,-0.4047,0.5953,0.0000,85.39,SUCCESS
2025-12-23T05:11:54.039332+00:00,btc-updown-15m-1766466000,TRADE,UP,ACCUM,1,1,0.8002,0.8002,15,0.6949,15,0.3188,15,1.0137,-0.2049,0.00,-0.2049,-0.2049,0.0000,84.59,SUCCESS
2025-12-23T05:15:05.504202+00:00,btc-updown-15m-1766466000,RESOLUTION,DOWN,BINANCE_FALLBACK,30,30,1.0000,15.2049,15,0.6949,15,0.3188,15,1.0137,-0.2049,0.00,0.0000,0.0000,-0.2049,99.59,RESOLVED
2025-12-23T05:23:54.546260+00:00,btc-updown-15m-1766466900,TRADE,DOWN,ACCUM,1,1,0.0500,0.0500,0,0.0000,1,0.0500,0,0.0000,0.0000,1.00,-0.0500,0.9500,0.0000,99.54,SUCCESS
2025-12-23T05:30:04.679775+00:00,btc-updown-15m-1766466900,RESOLUTION,DOWN,BINANCE_FALLBACK,1,1,1.0000,0.0500,0,0.0000,1,0.0500,0,0.0000,0.0000,1.00,0.0000,0.0000,0.9500,100.54,RESOLVED
2025-12-23T05:39:16.589849+00:00,btc-updown-15m-1766467800,TRADE,UP,ACCUM,1,1,0.0500,0.0500,1,0.0500,0,0.0000,0,0.0000,0.0000,1.00,-0.0500,0.9500,0.0000,100.49,SUCCESS
2025-12-23T05:45:05.466014+00:00,btc-updown-15m-1766467800,RESOLUTION,DOWN,BINANCE_FALLBACK,1,1,1.0000,0.0500,1,0.0500,0,0.0000,0,0.0000,0.0000,1.00,0.0000,0.0000,-0.0500,100.49,RESOLVED
2025-12-23T05:53:54.662185+00:00,btc-updown-15m-1766468700,TRADE,DOWN,ACCUM,1,1,0.3001,0.3001,0,0.0000,1,0.3001,0,0.0000,0.0000,1.00,-0.3001,0.6999,0.0000,100.19,SUCCESS
2025-12-23T05:54:00.173357+00:00,btc-updown-15m-1766468700,TRADE,UP,ACCUM,1,1,0.6700,0.6700,1,0.6700,1,0.3001,1,0.9701,0.0299,0.00,0.0299,0.0299,0.0000,99.52,SUCCESS
2025-12-23T05:54:05.575559+00:00,btc-updown-15m-1766468700,TRADE,DOWN,ACCUM,1,1,0.3600,0.3600,1,0.6700,2,0.3301,1,1.0001,-0.0001,0.50,-0.3302,0.6698,0.0000,99.16,SUCCESS
2025-12-23T05:54:11.133059+00:00,btc-updown-15m-1766468700,TRADE,UP,ACCUM,1,1,0.6503,0.6503,2,0.6601,2,0.3301,2,0.9902,0.0196,0.00,0.0196,0.0196,0.0000,98.51,SUCCESS
2025-12-23T05:54:16.522874+00:00,btc-updown-15m-1766468700,TRADE,DOWN,ACCUM,1,1,0.3801,0.3801,2,0.6601,3,0.3468,2,1.0069,-0.0138,0.33,-0.3606,0.6394,0.0000,98.13,SUCCESS
2025-12-23T05:54:21.920466+00:00,btc-updown-15m-1766468700,TRADE,UP,ACCUM,1,1,0.6402,0.6402,3,0.6535,3,0.3468,3,1.0003,-0.0008,0.00,-0.0008,-0.0008,0.0000,97.49,SUCCESS
2025-12-23T05:54:27.341130+00:00,btc-updown-15m-1766468700,TRADE,DOWN,ACCUM,1,1,0.3701,0.3701,3,0.6535,4,0.3526,3,1.0061,-0.0183,0.25,-0.3709,0.6291,0.0000,97.12,SUCCESS
2025-12-23T05:54:32.741187+00:00,btc-updown-15m-1766468700,TRADE,UP,ACCUM,1,1,0.6603,0.6603,4,0.6552,4,0.3526,4,1.0078,-0.0311,0.00,-0.0311,-0.0311,0.0000,96.46,SUCCESS
2025-12-23T05:54:38.278988+00:00,btc-updown-15m-1766468700,TRADE,DOWN,ACCUM,1,1,0.3501,0.3501,4,0.6552,5,0.3521,4,1.0073,-0.0291,0.20,-0.3812,0.6188,0.0000,96.11,SUCCESS
2025-12-23T05:54:43.693832+00:00,btc-updown-15m-1766468700,TRADE,UP,ACCUM,1,1,0.6503,0.6503,5,0.6542,5,0.3521,5,1.0063,-0.0315,0.00,-0.0315,-0.0315,0.0000,95.46,SUCCESS
2025-12-23T05:54:49.124990+00:00,btc-updown-15m-1766468700,TRADE,DOWN,ACCUM,1,1,0.3700,0.3700,5,0.6542,6,0.3551,5,1.0093,-0.0465,0.17,-0.4015,0.5985,0.0000,95.09,SUCCESS
2025-12-23T05:54:54.529471+00:00,btc-updown-15m-1766468700,TRADE,UP,ACCUM,1,1,0.6703,0.6703,6,0.6569,6,0.3551,6,1.0120,-0.0718,0.00,-0.0718,-0.0718,0.0000,94.42,SUCCESS
2025-12-23T05:54:59.925211+00:00,btc-updown-15m-1766468700,TRADE,DOWN,ACCUM,1,1,0.3701,0.3701,6,0.6569,7,0.3572,6,1.0141,-0.0847,0.14,-0.4419,0.5581,0.0000,94.05,SUCCESS
2025-12-23T05:55:05.325128+00:00,btc-updown-15m-1766468700,TRADE,UP,ACCUM,1,1,0.6502,0.6502,7,0.6559,7,0.3572,7,1.0132,-0.0921,0.00,-0.0921,-0.0921,0.0000,93.40,SUCCESS
2025-12-23T05:55:10.748094+00:00,btc-updown-15m-1766468700,TRADE,DOWN,ACCUM,1,1,0.3700,0.3700,7,0.6559,8,0.3588,7,1.0148,-0.1033,0.12,-0.4621,0.5379,0.0000,93.03,SUCCESS
2025-12-23T05:55:16.157621+00:00,btc-updown-15m-1766468700,TRADE,UP,ACCUM,1,1,0.6303,0.6303,8,0.6527,8,0.3588,8,1.0116,-0.0924,0.00,-0.0924,-0.0924,0.0000,92.40,SUCCESS
2025-12-23T05:55:21.765183+00:00,btc-updown-15m-1766468700,TRADE,DOWN,ACCUM,1,1,0.3702,0.3702,8,0.6527,9,0.3601,8,1.0128,-0.1025,0.11,-0.4626,0.5374,0.0000,92.03,SUCCESS
2025-12-23T05:55:27.158251+00:00,btc-updown-15m-1766468700,TRADE,UP,ACCUM,1,1,0.5602,0.5602,9,0.6424,9,0.3601,9,1.0025,-0.0228,0.00,-0.0228,-0.0228,0.0000,91.47,SUCCESS
2025-12-23T05:55:32.549156+00:00,btc-updown-15m-1766468700,TRADE,DOWN,ACCUM,1,1,0.4101,0.4101,9,0.6424,10,0.3651,9,1.0075,-0.0678,0.10,-0.4329,0.5671,0.0000,91.06,SUCCESS
2025-12-23T05:55:37.949221+00:00,btc-updown-15m-1766468700,TRADE,UP,ACCUM,1,1,0.5502,0.5502,10,0.6332,10,0.3651,10,0.9983,0.0168,0.00,0.0168,0.0168,0.0000,90.51,SUCCESS
2025-12-23T05:55:48.844360+00:00,btc-updown-15m-1766468700,TRADE,UP,ACCUM,1,1,0.4802,0.4802,11,0.6193,10,0.3651,10,0.9844,0.1560,0.09,-0.4633,0.5367,0.0000,90.03,SUCCESS
2025-12-23T05:55:54.239335+00:00,btc-updown-15m-1766468700,TRADE,DOWN,ACCUM,1,1,0.4502,0.4502,11,0.6193,11,0.3728,11,0.9921,0.0865,0.00,0.0865,0.0865,0.0000,89.58,SUCCESS
2025-12-23T05:55:59.628464+00:00,btc-updown-15m-1766468700,TRADE,DOWN,ACCUM,1,1,0.4802,0.4802,11,0.6193,12,0.3818,11,1.0011,-0.0119,0.08,-0.3937,0.6063,0.0000,89.10,SUCCESS
2025-12-23T05:56:05.032462+00:00,btc-updown-15m-1766468700,TRADE,UP,ACCUM,1,1,0.6000,0.6000,12,0.6177,12,0.3818,12,0.9995,0.0063,0.00,0.0063,0.0063,0.0000,88.50,SUCCESS
2025-12-23T05:56:10.429263+00:00,btc-updown-15m-1766468700,TRADE,DOWN,ACCUM,1,1,0.3501,0.3501,12,0.6177,13,0.3793,12,0.9970,0.0355,0.08,-0.3438,0.6562,0.0000,88.15,SUCCESS
2025-12-23T05:56:15.810310+00:00,btc-updown-15m-1766468700,TRADE,UP,ACCUM,1,1,0.6698,0.6698,13,0.6217,13,0.3793,13,1.0010,-0.0136,0.00,-0.0136,-0.0136,0.0000,87.48,SUCCESS
2025-12-23T05:56:26.631887+00:00,btc-updown-15m-1766468700,TRADE,DOWN,ACCUM,1,1,0.3000,0.3000,13,0.6217,14,0.3737,13,0.9954,0.0601,0.07,-0.3136,0.6864,0.0000,87.18,SUCCESS
2025-12-23T05:56:32.123469+00:00,btc-updown-15m-1766468700,TRADE,UP,ACCUM,1,1,0.6803,0.6803,14,0.6259,14,0.3737,14,0.9996,0.0061,0.00,0.0061,0.0061,0.0000,86.50,SUCCESS
2025-12-23T05:56:37.516372+00:00,btc-updown-15m-1766468700,TRADE,DOWN,ACCUM,1,1,0.4100,0.4100,14,0.6259,15,0.3761,14,1.0020,-0.0278,0.07,-0.4039,0.5961,0.0000,86.09,SUCCESS
2025-12-23T05:56:42.926507+00:00,btc-updown-15m-1766468700,TRADE,UP,ACCUM,1,1,0.5001,0.5001,15,0.6175,15,0.3761,15,0.9936,0.0960,0.00,0.0960,0.0960,0.0000,85.59,SUCCESS
2025-12-23T06:00:00.760989+00:00,btc-updown-15m-1766468700,RESOLUTION,DOWN,BINANCE_FALLBACK,30,30,1.0000,14.9040,15,0.6175,15,0.3761,15,0.9936,0.0960,0.00,0.0000,0.0000,0.0960,100.59,RESOLVED
2025-12-23T06:09:01.706798+00:00,btc-updown-15m-1766469600,TRADE,UP,ACCUM,1,1,0.4501,0.4501,1,0.4501,0,0.0000,0,0.0000,0.0000,1.00,-0.4501,0.5499,0.0000,100.14,SUCCESS
2025-12-23T06:09:12.648308+00:00,btc-updown-15m-1766469600,TRADE,DOWN,ACCUM,1,1,0.5301,0.5301,1,0.4501,1,0.5301,1,0.9802,0.0198,0.00,0.0198,0.0198,0.0000,99.61,SUCCESS
2025-12-23T06:09:28.840634+00:00,btc-updown-15m-1766469600,TRADE,DOWN,ACCUM,1,1,0.4801,0.4801,1,0.4501,2,0.5051,1,0.9552,0.0448,0.50,-0.4603,0.5397,0.0000,99.13,SUCCESS
2025-12-23T06:09:34.355009+00:00,btc-updown-15m-1766469600,TRADE,UP,ACCUM,1,1,0.5401,0.5401,2,0.4951,2,0.5051,2,1.0002,-0.0004,0.00,-0.0004,-0.0004,0.0000,98.59,SUCCESS
2025-12-23T06:09:45.165076+00:00,btc-updown-15m-1766469600,TRADE,DOWN,ACCUM,1,1,0.4002,0.4002,2,0.4951,3,0.4702,2,0.9652,0.0695,0.33,-0.4006,0.5994,0.0000,98.19,SUCCESS
2025-12-23T06:09:50.569663+00:00,btc-updown-15m-1766469600,TRADE,UP,ACCUM,1,1,0.5399,0.5399,3,0.5100,3,0.4702,3,0.9802,0.0595,0.00,0.0595,0.0595,0.0000,97.65,SUCCESS
2025-12-23T06:09:55.981818+00:00,btc-updown-15m-1766469600,TRADE,DOWN,ACCUM,1,1,0.4601,0.4601,3,0.5100,4,0.4676,3,0.9776,0.0671,0.25,-0.4005,0.5995,0.0000,97.19,SUCCESS
2025-12-23T06:10:01.374314+00:00,btc-updown-15m-1766469600,TRADE,UP,ACCUM,1,1,0.5800,0.5800,4,0.5275,4,0.4676,4,0.9951,0.0194,0.00,0.0194,0.0194,0.0000,96.61,SUCCESS
2025-12-23T06:10:17.636579+00:00,btc-updown-15m-1766469600,TRADE,UP,ACCUM,1,1,0.3801,0.3801,5,0.4980,4,0.4676,4,0.9657,0.1373,0.20,-0.3607,0.6393,0.0000,96.23,SUCCESS
2025-12-23T06:10:23.036471+00:00,btc-updown-15m-1766469600,TRADE,DOWN,ACCUM,1,1,0.7302,0.7302,5,0.4980,5,0.5202,5,1.0182,-0.0909,0.00,-0.0909,-0.0909,0.0000,95.50,SUCCESS
2025-12-23T06:10:33.879249+00:00,btc-updown-15m-1766469600,TRADE,UP,ACCUM,1,1,0.2201,0.2201,6,0.4517,5,0.5202,5,0.9719,0.1407,0.17,-0.3110,0.6890,0.0000,95.28,SUCCESS
2025-12-23T06:10:50.082998+00:00,btc-updown-15m-1766469600,TRADE,DOWN,ACCUM,1,1,0.7801,0.7801,6,0.4517,6,0.5635,6,1.0152,-0.0912,0.00,-0.0912,-0.0912,0.0000,94.50,SUCCESS
2025-12-23T06:11:00.956552+00:00,btc-updown-15m-1766469600,TRADE,UP,ACCUM,1,1,0.1901,0.1901,7,0.4143,6,0.5635,6,0.9778,0.1331,0.14,-0.2812,0.7188,0.0000,94.31,SUCCESS
2025-12-23T06:11:06.334307+00:00,btc-updown-15m-1766469600,TRADE,DOWN,ACCUM,1,1,0.8203,0.8203,7,0.4143,7,0.6002,7,1.0145,-0.1015,0.00,-0.1015,-0.1015,0.0000,93.49,SUCCESS
2025-12-23T06:11:11.735489+00:00,btc-updown-15m-1766469600,TRADE,UP,ACCUM,1,1,0.1900,0.1900,8,0.3863,7,0.6002,7,0.9865,0.0948,0.12,-0.2915,0.7085,0.0000,93.30,SUCCESS
2025-12-23T06:11:17.239170+00:00,btc-updown-15m-1766469600,TRADE,DOWN,ACCUM,1,1,0.8402,0.8402,8,0.3863,8,0.6302,8,1.0165,-0.1317,0.00,-0.1317,-0.1317,0.0000,92.46,SUCCESS
2025-12-23T06:11:22.665010+00:00,btc-updown-15m-1766469600,TRADE,UP,ACCUM,1,1,0.1901,0.1901,9,0.3645,8,0.6302,8,0.9947,0.0427,0.11,-0.3218,0.6782,0.0000,92.27,SUCCESS
2025-12-23T06:11:28.041874+00:00,btc-updown-15m-1766469600,TRADE,DOWN,ACCUM,1,1,0.8101,0.8101,9,0.3645,9,0.6502,9,1.0147,-0.1319,0.00,-0.1319,-0.1319,0.0000,91.46,SUCCESS
2025-12-23T06:11:33.454172+00:00,btc-updown-15m-1766469600,TRADE,UP,ACCUM,1,1,0.1500,0.1500,10,0.3430,9,0.6502,9,0.9932,0.0612,0.10,-0.2819,0.7181,0.0000,91.31,SUCCESS
2025-12-23T06:11:38.988184+00:00,btc-updown-15m-1766469600,TRADE,DOWN,ACCUM,1,1,0.8703,0.8703,10,0.3430,10,0.6722,10,1.0152,-0.1522,0.00,-0.1522,-0.1522,0.0000,90.44,SUCCESS
2025-12-23T06:11:44.398833+00:00,btc-updown-15m-1766469600,TRADE,UP,ACCUM,1,1,0.1400,0.1400,11,0.3246,10,0.6722,10,0.9968,0.0324,0.09,-0.2922,0.7078,0.0000,90.30,SUCCESS
2025-12-23T06:11:49.908401+00:00,btc-updown-15m-1766469600,TRADE,DOWN,ACCUM,1,1,0.8802,0.8802,11,0.3246,11,0.6911,11,1.0157,-0.1724,0.00,-0.1724,-0.1724,0.0000,89.42,SUCCESS
2025-12-23T06:11:55.426757+00:00,btc-updown-15m-1766469600,TRADE,UP,ACCUM,1,1,0.1599,0.1599,12,0.3109,11,0.6911,11,1.0019,-0.0214,0.08,-0.3323,0.6677,0.0000,89.26,SUCCESS
2025-12-23T06:12:00.845157+00:00,btc-updown-15m-1766469600,TRADE,DOWN,ACCUM,1,1,0.8603,0.8603,12,0.3109,12,0.7052,12,1.0160,-0.1926,0.00,-0.1926,-0.1926,0.0000,88.40,SUCCESS
2025-12-23T06:12:11.794581+00:00,btc-updown-15m-1766469600,TRADE,UP,ACCUM,1,1,0.0800,0.0800,13,0.2931,12,0.7052,12,0.9983,0.0205,0.08,-0.2726,0.7274,0.0000,88.32,SUCCESS
2025-12-23T06:12:17.207563+00:00,btc-updown-15m-1766469600,TRADE,DOWN,ACCUM,1,1,0.9404,0.9404,13,0.2931,13,0.7233,13,1.0164,-0.2130,0.00,-0.2130,-0.2130,0.0000,87.38,SUCCESS
2025-12-23T06:12:22.594670+00:00,btc-updown-15m-1766469600,TRADE,UP,ACCUM,1,1,0.0700,0.0700,14,0.2772,13,0.7233,13,1.0005,-0.0059,0.07,-0.2830,0.7170,0.0000,87.31,SUCCESS
2025-12-23T06:15:00.583154+00:00,btc-updown-15m-1766469600,RESOLUTION,DOWN,BINANCE_FALLBACK,27,27,1.0000,13.2830,14,0.2772,13,0.7233,13,1.0005,-0.0059,0.07,0.0000,0.0000,-0.2830,100.31,RESOLVED
2025-12-23T06:23:55.979825+00:00,btc-updown-15m-1766470500,TRADE,UP,ACCUM,1,1,0.0700,0.0700,1,0.0700,0,0.0000,0,0.0000,0.0000,1.00,-0.0700,0.9300,0.0000,100.24,SUCCESS
2025-12-23T06:30:01.531492+00:00,btc-updown-15m-1766470500,RESOLUTION,DOWN,BINANCE_FALLBACK,1,1,1.0000,0.0700,1,0.0700,0,0.0000,0,0.0000,0.0000,1.00,0.0000,0.0000,-0.0700,100.24,RESOLVED
2025-12-23T06:38:56.583707+00:00,btc-updown-15m-1766471400,TRADE,DOWN,ACCUM,1,1,0.3501,0.3501,0,0.0000,1,0.3501,0,0.0000,0.0000,1.00,-0.3501,0.6499,0.0000,99.89,SUCCESS
2025-12-23T06:39:01.994592+00:00,btc-updown-15m-1766471400,TRADE,UP,ACCUM,1,1,0.7202,0.7202,1,0.7202,1,0.3501,1,1.0703,-0.0703,0.00,-0.0703,-0.0703,0.0000,99.17,SUCCESS
2025-12-23T06:39:07.508474+00:00,btc-updown-15m-1766471400,TRADE,DOWN,ACCUM,1,1,0.3201,0.3201,1,0.7202,2,0.3351,1,1.0553,-0.0553,0.50,-0.3904,0.6096,0.0000,98.85,SUCCESS
2025-12-23T06:39:12.908722+00:00,btc-updown-15m-1766471400,TRADE,UP,ACCUM,1,1,0.6901,0.6901,2,0.7052,2,0.3351,2,1.0402,-0.0804,0.00,-0.0804,-0.0804,0.0000,98.16,SUCCESS
2025-12-23T06:39:18.319256+00:00,btc-updown-15m-1766471400,TRADE,DOWN,ACCUM,1,1,0.2301,0.2301,2,0.7052,3,0.3001,2,1.0052,-0.0105,0.33,-0.3105,0.6895,0.0000,97.93,SUCCESS
2025-12-23T06:39:23.822273+00:00,btc-updown-15m-1766471400,TRADE,UP,ACCUM,1,1,0.7603,0.7603,3,0.7236,3,0.3001,3,1.0236,-0.0709,0.00,-0.0709,-0.0709,0.0000,97.17,SUCCESS
2025-12-23T06:39:29.234251+00:00,btc-updown-15m-1766471400,TRADE,DOWN,ACCUM,1,1,0.2101,0.2101,3,0.7236,4,0.2776,3,1.0011,-0.0034,0.25,-0.2809,0.7191,0.0000,96.96,SUCCESS
2025-12-23T06:39:34.766056+00:00,btc-updown-15m-1766471400,TRADE,UP,ACCUM,1,1,0.8198,0.8198,4,0.7476,4,0.2776,4,1.0252,-0.1008,0.00,-0.1008,-0.1008,0.0000,96.14,SUCCESS
2025-12-23T06:39:40.160912+00:00,btc-updown-15m-1766471400,TRADE,DOWN,ACCUM,1,1,0.2100,0.2100,4,0.7476,5,0.2641,4,1.0117,-0.0467,0.20,-0.3108,0.6892,0.0000,95.93,SUCCESS
2025-12-23T06:39:45.569365+00:00,btc-updown-15m-1766471400,TRADE,UP,ACCUM,1,1,0.7304,0.7304,5,0.7442,5,0.2641,5,1.0082,-0.0411,0.00,-0.0411,-0.0411,0.0000,95.20,SUCCESS
2025-12-23T06:39:50.969513+00:00,btc-updown-15m-1766471400,TRADE,DOWN,ACCUM,1,1,0.2601,0.2601,5,0.7442,6,0.2634,5,1.0076,-0.0378,0.17,-0.3012,0.6988,0.0000,94.94,SUCCESS
2025-12-23T06:39:56.384196+00:00,btc-updown-15m-1766471400,TRADE,UP,ACCUM,1,1,0.8001,0.8001,6,0.7535,6,0.2634,6,1.0169,-0.1013,0.00,-0.1013,-0.1013,0.0000,94.14,SUCCESS
2025-12-23T06:40:01.870033+00:00,btc-updown-15m-1766471400,TRADE,DOWN,ACCUM,1,1,0.2099,0.2099,6,0.7535,7,0.2558,6,1.0092,-0.0555,0.14,-0.3112,0.6888,0.0000,93.93,SUCCESS
2025-12-23T06:40:07.286437+00:00,btc-updown-15m-1766471400,TRADE,UP,ACCUM,1,1,0.8499,0.8499,7,0.7673,7,0.2558,7,1.0230,-0.1612,0.00,-0.1612,-0.1612,0.0000,93.08,SUCCESS
2025-12-23T06:40:12.710131+00:00,btc-updown-15m-1766471400,TRADE,DOWN,ACCUM,1,1,0.1801,0.1801,7,0.7673,8,0.2463,7,1.0136,-0.0949,0.12,-0.3412,0.6588,0.0000,92.90,SUCCESS
2025-12-23T06:40:18.106557+00:00,btc-updown-15m-1766471400,TRADE,UP,ACCUM,1,1,0.8802,0.8802,8,0.7814,8,0.2463,8,1.0277,-0.2214,0.00,-0.2214,-0.2214,0.0000,92.01,SUCCESS
2025-12-23T06:40:23.529826+00:00,btc-updown-15m-1766471400,TRADE,DOWN,ACCUM,1,1,0.2001,0.2001,8,0.7814,9,0.2412,8,1.0225,-0.1803,0.11,-0.4215,0.5785,0.0000,91.81,SUCCESS
2025-12-23T06:40:39.920574+00:00,btc-updown-15m-1766471400,TRADE,UP,ACCUM,1,1,0.8500,0.8500,9,0.7890,9,0.2412,9,1.0302,-0.2715,0.00,-0.2715,-0.2715,0.0000,90.96,SUCCESS
2025-12-23T06:40:45.324771+00:00,btc-updown-15m-1766471400,TRADE,DOWN,ACCUM,1,1,0.1800,0.1800,9,0.7890,10,0.2350,9,1.0241,-0.2165,0.10,-0.4515,0.5485,0.0000,90.78,SUCCESS
2025-12-23T06:40:50.742744+00:00,btc-updown-15m-1766471400,TRADE,UP,ACCUM,1,1,0.8403,0.8403,10,0.7941,10,0.2350,10,1.0292,-0.2919,0.00,-0.2919,-0.2919,0.0000,89.94,SUCCESS
2025-12-23T06:40:56.132963+00:00,btc-updown-15m-1766471400,TRADE,DOWN,ACCUM,1,1,0.1901,0.1901,10,0.7941,11,0.2310,10,1.0251,-0.2510,0.09,-0.4820,0.5180,0.0000,89.75,SUCCESS
2025-12-23T06:41:01.669510+00:00,btc-updown-15m-1766471400,TRADE,UP,ACCUM,1,1,0.8201,0.8201,11,0.7965,11,0.2310,11,1.0275,-0.3021,0.00,-0.3021,-0.3021,0.0000,88.93,SUCCESS
2025-12-23T06:41:07.084872+00:00,btc-updown-15m-1766471400,TRADE,DOWN,ACCUM,1,1,0.1900,0.1900,11,0.7965,12,0.2275,11,1.0241,-0.2646,0.08,-0.4921,0.5079,0.0000,88.74,SUCCESS
2025-12-23T06:41:12.616771+00:00,btc-updown-15m-1766471400,TRADE,UP,ACCUM,1,1,0.9201,0.9201,12,0.8068,12,0.2275,12,1.0344,-0.4122,0.00,-0.4122,-0.4122,0.0000,87.82,SUCCESS
2025-12-23T06:41:18.121527+00:00,btc-updown-15m-1766471400,TRADE,DOWN,ACCUM,1,1,0.1000,0.1000,12,0.8068,13,0.2177,12,1.0245,-0.2945,0.08,-0.5122,0.4878,0.0000,87.72,SUCCESS
2025-12-23T06:41:23.536792+00:00,btc-updown-15m-1766471400,TRADE,UP,ACCUM,1,1,0.9204,0.9204,13,0.8155,13,0.2177,13,1.0333,-0.4326,0.00,-0.4326,-0.4326,0.0000,86.80,SUCCESS
2025-12-23T06:41:34.465154+00:00,btc-updown-15m-1766471400,TRADE,DOWN,ACCUM,1,1,0.0500,0.0500,13,0.8155,14,0.2057,13,1.0213,-0.2769,0.07,-0.4826,0.5174,0.0000,86.75,SUCCESS
2025-12-23T06:41:39.885296+00:00,btc-updown-15m-1766471400,TRADE,UP,ACCUM,1,1,0.9402,0.9402,14,0.8245,14,0.2057,14,1.0302,-0.4228,0.00,-0.4228,-0.4228,0.0000,85.81,SUCCESS
2025-12-23T06:41:50.817294+00:00,btc-updown-15m-1766471400,TRADE,DOWN,ACCUM,1,1,0.0800,0.0800,14,0.8245,15,0.1974,14,1.0218,-0.3055,0.07,-0.5029,0.4971,0.0000,85.73,SUCCESS
2025-12-23T06:42:13.066009+00:00,btc-updown-15m-1766471400,TRADE,UP,ACCUM,1,1,0.9504,0.9504,15,0.8329,15,0.1974,15,1.0302,-0.4533,0.00,-0.4533,-0.4533,0.0000,84.78,SUCCESS
2025-12-23T06:45:04.372184+00:00,btc-updown-15m-1766471400,RESOLUTION,DOWN,BINANCE_FALLBACK,30,30,1.0000,15.4533,15,0.8329,15,0.1974,15,1.0302,-0.4533,0.00,0.0000,0.0000,-0.4533,99.78,RESOLVED
2025-12-23T06:53:53.972795+00:00,btc-updown-15m-1766472300,TRADE,DOWN,ACCUM,1,1,0.0400,0.0400,0,0.0000,1,0.0400,0,0.0000,0.0000,1.00,-0.0400,0.9600,0.0000,99.74,SUCCESS
2025-12-23T06:55:26.326944+00:00,btc-updown-15m-1766472300,TRADE,UP,ACCUM,1,1,0.9504,0.9504,1,0.9504,1,0.0400,1,0.9904,0.0096,0.00,0.0096,0.0096,0.0000,98.79,SUCCESS
2025-12-23T06:55:31.737233+00:00,btc-updown-15m-1766472300,TRADE,DOWN,ACCUM,1,1,0.0600,0.0600,1,0.9504,2,0.0500,1,1.0004,-0.0004,0.50,-0.0504,0.9496,0.0000,98.73,SUCCESS
2025-12-23T06:55:37.169942+00:00,btc-updown-15m-1766472300,TRADE,UP,ACCUM,1,1,0.9501,0.9501,2,0.9503,2,0.0500,2,1.0003,-0.0006,0.00,-0.0006,-0.0006,0.0000,97.78,SUCCESS
2025-12-23T06:55:42.774494+00:00,btc-updown-15m-1766472300,TRADE,DOWN,ACCUM,1,1,0.0600,0.0600,2,0.9503,3,0.0533,2,1.0036,-0.0073,0.33,-0.0606,0.9394,0.0000,97.72,SUCCESS
2025-12-23T07:00:02.914353+00:00,btc-updown-15m-1766472300,RESOLUTION,DOWN,BINANCE_FALLBACK,5,5,1.0000,2.0606,2,0.9503,3,0.0533,2,1.0036,-0.0073,0.33,0.0000,0.0000,0.9394,100.72,RESOLVED
2025-12-23T07:08:57.773162+00:00,btc-updown-15m-1766473200,TRADE,DOWN,ACCUM,1,1,0.0900,0.0900,0,0.0000,1,0.0900,0,0.0000,0.0000,1.00,-0.0900,0.9100,0.0000,100.63,SUCCESS
2025-12-23T07:09:03.193323+00:00,btc-updown-15m-1766473200,TRADE,UP,ACCUM,1,1,0.9201,0.9201,1,0.9201,1,0.0900,1,1.0101,-0.0101,0.00,-0.0101,-0.0101,0.0000,99.71,SUCCESS
2025-12-23T07:09:08.567187+00:00,btc-updown-15m-1766473200,TRADE,DOWN,ACCUM,1,1,0.1100,0.1100,1,0.9201,2,0.1000,1,1.0201,-0.0201,0.50,-0.1201,0.8799,0.0000,99.60,SUCCESS
2025-12-23T07:09:13.993767+00:00,btc-updown-15m-1766473200,TRADE,UP,ACCUM,1,1,0.8802,0.8802,2,0.9001,2,0.1000,2,1.0002,-0.0003,0.00,-0.0003,-0.0003,0.0000,98.72,SUCCESS
2025-12-23T07:09:19.387410+00:00,btc-updown-15m-1766473200,TRADE,DOWN,ACCUM,1,1,0.1300,0.1300,2,0.9001,3,0.1100,2,1.0102,-0.0204,0.33,-0.1304,0.8696,0.0000,98.59,SUCCESS
2025-12-23T07:09:30.219985+00:00,btc-updown-15m-1766473200,TRADE,UP,ACCUM,1,1,0.8602,0.8602,3,0.8868,3,0.1100,3,0.9969,0.0094,0.00,0.0094,0.0094,0.0000,97.73,SUCCESS
2025-12-23T07:09:35.616576+00:00,btc-updown-15m-1766473200,TRADE,DOWN,ACCUM,1,1,0.1401,0.1401,3,0.8868,4,0.1175,3,1.0044,-0.0132,0.25,-0.1307,0.8693,0.0000,97.59,SUCCESS
2025-12-23T07:09:41.141670+00:00,btc-updown-15m-1766473200,TRADE,UP,ACCUM,1,1,0.9197,0.9197,4,0.8951,4,0.1175,4,1.0126,-0.0504,0.00,-0.0504,-0.0504,0.0000,96.67,SUCCESS
2025-12-23T07:09:46.652248+00:00,btc-updown-15m-1766473200,TRADE,DOWN,ACCUM,1,1,0.0800,0.0800,4,0.8951,5,0.1100,4,1.0051,-0.0204,0.20,-0.1304,0.8696,0.0000,96.59,SUCCESS
2025-12-23T07:09:52.027741+00:00,btc-updown-15m-1766473200,TRADE,UP,ACCUM,1,1,0.9400,0.9400,5,0.9041,5,0.1100,5,1.0141,-0.0704,0.00,-0.0704,-0.0704,0.0000,95.65,SUCCESS
2025-12-23T07:09:57.437518+00:00,btc-updown-15m-1766473200,TRADE,DOWN,ACCUM,1,1,0.0700,0.0700,5,0.9041,6,0.1034,5,1.0074,-0.0371,0.17,-0.1405,0.8595,0.0000,95.58,SUCCESS
2025-12-23T07:10:02.864800+00:00,btc-updown-15m-1766473200,TRADE,UP,ACCUM,1,1,0.9501,0.9501,6,0.9117,6,0.1034,6,1.0151,-0.0906,0.00,-0.0906,-0.0906,0.0000,94.63,SUCCESS
2025-12-23T07:10:13.739430+00:00,btc-updown-15m-1766473200,TRADE,DOWN,ACCUM,1,1,0.0800,0.0800,6,0.9117,7,0.1000,6,1.0118,-0.0706,0.14,-0.1706,0.8294,0.0000,94.55,SUCCESS
2025-12-23T07:10:19.128649+00:00,btc-updown-15m-1766473200,TRADE,UP,ACCUM,1,1,0.9401,0.9401,7,0.9158,7,0.1000,7,1.0158,-0.1107,0.00,-0.1107,-0.1107,0.0000,93.61,SUCCESS
2025-12-23T07:10:24.534125+00:00,btc-updown-15m-1766473200,TRADE,DOWN,ACCUM,1,1,0.0500,0.0500,7,0.9158,8,0.0938,7,1.0096,-0.0669,0.12,-0.1607,0.8393,0.0000,93.56,SUCCESS
2025-12-23T07:10:40.977342+00:00,btc-updown-15m-1766473200,TRADE,UP,ACCUM,1,1,0.9501,0.9501,8,0.9201,8,0.0938,8,1.0139,-0.1108,0.00,-0.1108,-0.1108,0.0000,92.61,SUCCESS
2025-12-23T07:10:46.581813+00:00,btc-updown-15m-1766473200,TRADE,DOWN,ACCUM,1,1,0.0600,0.0600,8,0.9201,9,0.0900,8,1.0101,-0.0808,0.11,-0.1708,0.8292,0.0000,92.55,SUCCESS
2025-12-23T07:11:13.886923+00:00,btc-updown-15m-1766473200,TRADE,UP,ACCUM,1,1,0.9501,0.9501,9,0.9234,9,0.0900,9,1.0134,-0.1209,0.00,-0.1209,-0.1209,0.0000,91.60,SUCCESS
2025-12-23T07:11:19.290495+00:00,btc-updown-15m-1766473200,TRADE,DOWN,ACCUM,1,1,0.0600,0.0600,9,0.9234,10,0.0870,9,1.0104,-0.0939,0.10,-0.1809,0.8191,0.0000,91.54,SUCCESS
2025-12-23T07:12:08.073957+00:00,btc-updown-15m-1766473200,TRADE,UP,ACCUM,1,1,0.9403,0.9403,10,0.9251,10,0.0870,10,1.0121,-0.1212,0.00,-0.1212,-0.1212,0.0000,90.60,SUCCESS
2025-12-23T07:12:13.475971+00:00,btc-updown-15m-1766473200,TRADE,DOWN,ACCUM,1,1,0.0800,0.0800,10,0.9251,11,0.0864,10,1.0115,-0.1148,0.09,-0.2012,0.7988,0.0000,90.52,SUCCESS
2025-12-23T07:12:18.996602+00:00,btc-updown-15m-1766473200,TRADE,UP,ACCUM,1,1,0.8200,0.8200,11,0.9155,11,0.0864,11,1.0019,-0.0212,0.00,-0.0212,-0.0212,0.0000,89.70,SUCCESS
2025-12-23T07:12:24.460177+00:00,btc-updown-15m-1766473200,TRADE,DOWN,ACCUM,1,1,0.2601,0.2601,11,0.9155,12,0.1009,11,1.0164,-0.1804,0.08,-0.2813,0.7187,0.0000,89.44,SUCCESS
2025-12-23T07:12:29.993410+00:00,btc-updown-15m-1766473200,TRADE,UP,ACCUM,1,1,0.6503,0.6503,12,0.8934,12,0.1009,12,0.9943,0.0684,0.00,0.0684,0.0684,0.0000,88.79,SUCCESS
2025-12-23T07:12:35.405029+00:00,btc-updown-15m-1766473200,TRADE,DOWN,ACCUM,1,1,0.2201,0.2201,12,0.8934,13,0.1100,12,1.0035,-0.0416,0.08,-0.1516,0.8484,0.0000,88.57,SUCCESS
2025-12-23T07:12:40.907972+00:00,btc-updown-15m-1766473200,TRADE,UP,ACCUM,1,1,0.6902,0.6902,13,0.8778,13,0.1100,13,0.9878,0.1582,0.00,0.1582,0.1582,0.0000,87.88,SUCCESS
2025-12-23T07:12:46.297675+00:00,btc-updown-15m-1766473200,TRADE,DOWN,ACCUM,1,1,0.2301,0.2301,13,0.8778,14,0.1186,13,0.9964,0.0467,0.07,-0.0719,0.9281,0.0000,87.65,SUCCESS
2025-12-23T07:12:51.668137+00:00,btc-updown-15m-1766473200,TRADE,UP,ACCUM,1,1,0.7602,0.7602,14,0.8694,14,0.1186,14,0.9880,0.1679,0.00,0.1679,0.1679,0.0000,86.89,SUCCESS
2025-12-23T07:12:57.057356+00:00,btc-updown-15m-1766473200,TRADE,DOWN,ACCUM,1,1,0.2401,0.2401,14,0.8694,15,0.1267,14,0.9961,0.0545,0.07,-0.0722,0.9278,0.0000,86.65,SUCCESS
2025-12-23T07:13:02.438080+00:00,btc-updown-15m-1766473200,TRADE,UP,ACCUM,1,1,0.8600,0.8600,15,0.8688,15,0.1267,15,0.9955,0.0678,0.00,0.0678,0.0678,0.0000,85.79,SUCCESS
2025-12-23T07:15:03.605896+00:00,btc-updown-15m-1766473200,RESOLUTION,DOWN,BINANCE_FALLBACK,30,30,1.0000,14.9322,15,0.8688,15,0.1267,15,0.9955,0.0678,0.00,0.0000,0.0000,0.0678,100.79,RESOLVED
2025-12-23T07:23:56.066112+00:00,btc-updown-15m-1766474100,TRADE,DOWN,ACCUM,1,1,0.0600,0.0600,0,0.0000,1,0.0600,0,0.0000,0.0000,1.00,-0.0600,0.9400,0.0000,100.73,SUCCESS
2025-12-23T07:24:01.486388+00:00,btc-updown-15m-1766474100,TRADE,UP,ACCUM,1,1,0.9404,0.9404,1,0.9404,1,0.0600,1,1.0004,-0.0004,0.00,-0.0004,-0.0004,0.0000,99.79,SUCCESS
2025-12-23T07:24:06.913535+00:00,btc-updown-15m-1766474100,TRADE,DOWN,ACCUM,1,1,0.0600,0.0600,1,0.9404,2,0.0600,1,1.0004,-0.0004,0.50,-0.0604,0.9396,0.0000,99.73,SUCCESS
2025-12-23T07:24:12.350558+00:00,btc-updown-15m-1766474100,TRADE,UP,ACCUM,1,1,0.9502,0.9502,2,0.9453,2,0.0600,2,1.0053,-0.0106,0.00,-0.0106,-0.0106,0.0000,98.78,SUCCESS
2025-12-23T07:24:17.767177+00:00,btc-updown-15m-1766474100,TRADE,DOWN,ACCUM,1,1,0.0500,0.0500,2,0.9453,3,0.0567,2,1.0020,-0.0039,0.33,-0.0606,0.9394,0.0000,98.73,SUCCESS
2025-12-23T07:24:50.490541+00:00,btc-updown-15m-1766474100,TRADE,UP,ACCUM,1,1,0.9104,0.9104,3,0.9337,3,0.0567,3,0.9903,0.0290,0.00,0.0290,0.0290,0.0000,97.82,SUCCESS
2025-12-23T07:25:01.312070+00:00,btc-updown-15m-1766474100,TRADE,DOWN,ACCUM,1,1,0.0600,0.0600,3,0.9337,4,0.0575,3,0.9912,0.0265,0.25,-0.0310,0.9690,0.0000,97.76,SUCCESS
2025-12-23T07:25:12.135939+00:00,btc-updown-15m-1766474100,TRADE,UP,ACCUM,1,1,0.9504,0.9504,4,0.9378,4,0.0575,4,0.9954,0.0186,0.00,0.0186,0.0186,0.0000,96.81,SUCCESS
2025-12-23T07:25:17.533734+00:00,btc-updown-15m-1766474100,TRADE,DOWN,ACCUM,1,1,0.0500,0.0500,4,0.9378,5,0.0560,4,0.9939,0.0246,0.20,-0.0314,0.9686,0.0000,96.76,SUCCESS
2025-12-23T07:25:33.827818+00:00,btc-updown-15m-1766474100,TRADE,UP,ACCUM,1,1,0.9403,0.9403,5,0.9383,5,0.0560,5,0.9943,0.0283,0.00,0.0283,0.0283,0.0000,95.82,SUCCESS
2025-12-23T07:25:39.238583+00:00,btc-updown-15m-1766474100,TRADE,DOWN,ACCUM,1,1,0.0700,0.0700,5,0.9383,6,0.0583,5,0.9967,0.0166,0.17,-0.0418,0.9582,0.0000,95.75,SUCCESS
2025-12-23T07:25:44.651119+00:00,btc-updown-15m-1766474100,TRADE,UP,ACCUM,1,1,0.9504,0.9504,6,0.9404,6,0.0583,6,0.9987,0.0078,0.00,0.0078,0.0078,0.0000,94.80,SUCCESS
2025-12-23T07:25:50.102593+00:00,btc-updown-15m-1766474100,TRADE,DOWN,ACCUM,1,1,0.0500,0.0500,6,0.9404,7,0.0572,6,0.9975,0.0149,0.14,-0.0422,0.9578,0.0000,94.75,SUCCESS
2025-12-23T07:30:00.852220+00:00,btc-updown-15m-1766474100,RESOLUTION,DOWN,BINANCE_FALLBACK,13,13,1.0000,6.0422,6,0.9404,7,0.0572,6,0.9975,0.0149,0.14,0.0000,0.0000,0.9578,101.75,RESOLVED
2025-12-23T07:38:55.393443+00:00,btc-updown-15m-1766475000,TRADE,UP,ACCUM,1,1,0.1500,0.1500,1,0.1500,0,0.0000,0,0.0000,0.0000,1.00,-0.1500,0.8500,0.0000,101.60,SUCCESS
2025-12-23T07:39:00.799450+00:00,btc-updown-15m-1766475000,TRADE,DOWN,ACCUM,1,1,0.8704,0.8704,1,0.1500,1,0.8704,1,1.0205,-0.0205,0.00,-0.0205,-0.0205,0.0000,100.73,SUCCESS
2025-12-23T07:39:06.206637+00:00,btc-updown-15m-1766475000,TRADE,UP,ACCUM,1,1,0.1400,0.1400,2,0.1450,1,0.8704,1,1.0154,-0.0154,0.50,-0.1605,0.8395,0.0000,100.59,SUCCESS
2025-12-23T07:39:11.724333+00:00,btc-updown-15m-1766475000,TRADE,DOWN,ACCUM,1,1,0.8500,0.8500,2,0.1450,2,0.8602,2,1.0053,-0.0105,0.00,-0.0105,-0.0105,0.0000,99.74,SUCCESS
2025-12-23T07:39:17.124465+00:00,btc-updown-15m-1766475000,TRADE,UP,ACCUM,1,1,0.1600,0.1600,3,0.1500,2,0.8602,2,1.0103,-0.0205,0.33,-0.1705,0.8295,0.0000,99.58,SUCCESS
2025-12-23T07:39:33.483531+00:00,btc-updown-15m-1766475000,TRADE,DOWN,ACCUM,1,1,0.8703,0.8703,3,0.1500,3,0.8636,3,1.0136,-0.0409,0.00,-0.0409,-0.0409,0.0000,98.71,SUCCESS
2025-12-23T07:39:38.914969+00:00,btc-updown-15m-1766475000,TRADE,UP,ACCUM,1,1,0.1600,0.1600,4,0.1525,3,0.8636,3,1.0161,-0.0484,0.25,-0.2009,0.7991,0.0000,98.55,SUCCESS
2025-12-23T07:39:44.418226+00:00,btc-updown-15m-1766475000,TRADE,DOWN,ACCUM,1,1,0.9201,0.9201,4,0.1525,4,0.8777,4,1.0302,-0.1210,0.00,-0.1210,-0.1210,0.0000,97.63,SUCCESS
2025-12-23T07:39:49.877616+00:00,btc-updown-15m-1766475000,TRADE,UP,ACCUM,1,1,0.0900,0.0900,5,0.1400,4,0.8777,4,1.0178,-0.0710,0.20,-0.2110,0.7890,0.0000,97.54,SUCCESS
2025-12-23T07:39:55.278829+00:00,btc-updown-15m-1766475000,TRADE,DOWN,ACCUM,1,1,0.9299,0.9299,5,0.1400,5,0.8882,5,1.0282,-0.1410,0.00,-0.1410,-0.1410,0.0000,96.61,SUCCESS
2025-12-23T07:40:06.114990+00:00,btc-updown-15m-1766475000,TRADE,UP,ACCUM,1,1,0.1000,0.1000,6,0.1334,5,0.8882,5,1.0215,-0.1077,0.17,-0.2410,0.7590,0.0000,96.51,SUCCESS
2025-12-23T07:40:11.507421+00:00,btc-updown-15m-1766475000,TRADE,DOWN,ACCUM,1,1,0.9004,0.9004,6,0.1334,6,0.8902,6,1.0236,-0.1414,0.00,-0.1414,-0.1414,0.0000,95.61,SUCCESS
2025-12-23T07:40:22.437592+00:00,btc-updown-15m-1766475000,TRADE,UP,ACCUM,1,1,0.1100,0.1100,7,0.1300,6,0.8902,6,1.0202,-0.1215,0.14,-0.2515,0.7485,0.0000,95.50,SUCCESS
2025-12-23T07:40:33.355244+00:00,btc-updown-15m-1766475000,TRADE,DOWN,ACCUM,1,1,0.9202,0.9202,7,0.1300,7,0.8945,7,1.0245,-0.1717,0.00,-0.1717,-0.1717,0.0000,94.58,SUCCESS
2025-12-23T07:40:38.779957+00:00,btc-updown-15m-1766475000,TRADE,UP,ACCUM,1,1,0.1000,0.1000,8,0.1263,7,0.8945,7,1.0208,-0.1454,0.12,-0.2717,0.7283,0.0000,94.48,SUCCESS
2025-12-23T07:40:44.301864+00:00,btc-updown-15m-1766475000,TRADE,DOWN,ACCUM,1,1,0.8003,0.8003,8,0.1263,8,0.8827,8,1.0090,-0.0720,0.00,-0.0720,-0.0720,0.0000,93.68,SUCCESS
2025-12-23T07:40:49.782813+00:00,btc-updown-15m-1766475000,TRADE,UP,ACCUM,1,1,0.1600,0.1600,9,0.1300,8,0.8827,8,1.0127,-0.1020,0.11,-0.2320,0.7680,0.0000,93.52,SUCCESS
2025-12-23T07:40:55.229240+00:00,btc-updown-15m-1766475000,TRADE,DOWN,ACCUM,1,1,0.8601,0.8601,9,0.1300,9,0.8802,9,1.0102,-0.0921,0.00,-0.0921,-0.0921,0.0000,92.66,SUCCESS
2025-12-23T07:41:00.751559+00:00,btc-updown-15m-1766475000,TRADE,UP,ACCUM,1,1,0.1201,0.1201,10,0.1290,9,0.8802,9,1.0092,-0.0831,0.10,-0.2121,0.7879,0.0000,92.54,SUCCESS
2025-12-23T07:41:06.147528+00:00,btc-updown-15m-1766475000,TRADE,DOWN,ACCUM,1,1,0.8503,0.8503,10,0.1290,10,0.8772,10,1.0062,-0.0625,0.00,-0.0625,-0.0625,0.0000,91.69,SUCCESS
2025-12-23T07:41:11.577200+00:00,btc-updown-15m-1766475000,TRADE,UP,ACCUM,1,1,0.1601,0.1601,11,0.1318,10,0.8772,10,1.0091,-0.0907,0.09,-0.2225,0.7775,0.0000,91.53,SUCCESS
2025-12-23T07:41:17.076021+00:00,btc-updown-15m-1766475000,TRADE,DOWN,ACCUM,1,1,0.9004,0.9004,11,0.1318,11,0.8793,11,1.0112,-0.1229,0.00,-0.1229,-0.1229,0.0000,90.63,SUCCESS
2025-12-23T07:41:22.610194+00:00,btc-updown-15m-1766475000,TRADE,UP,ACCUM,1,1,0.1200,0.1200,12,0.1309,11,0.8793,11,1.0102,-0.1121,0.08,-0.2430,0.7570,0.0000,90.51,SUCCESS
2025-12-23T07:41:28.233995+00:00,btc-updown-15m-1766475000,TRADE,DOWN,ACCUM,1,1,0.9103,0.9103,12,0.1309,12,0.8819,12,1.0128,-0.1532,0.00,-0.1532,-0.1532,0.0000,89.59,SUCCESS
2025-12-23T07:41:33.666066+00:00,btc-updown-15m-1766475000,TRADE,UP,ACCUM,1,1,0.1200,0.1200,13,0.1300,12,0.8819,12,1.0119,-0.1432,0.08,-0.2733,0.7267,0.0000,89.47,SUCCESS
2025-12-23T07:41:39.065211+00:00,btc-updown-15m-1766475000,TRADE,DOWN,ACCUM,1,1,0.8900,0.8900,13,0.1300,13,0.8825,13,1.0126,-0.1633,0.00,-0.1633,-0.1633,0.0000,88.58,SUCCESS
2025-12-23T07:41:44.474899+00:00,btc-updown-15m-1766475000,TRADE,UP,ACCUM,1,1,0.2101,0.2101,14,0.1358,13,0.8825,13,1.0183,-0.2376,0.07,-0.3734,0.6266,0.0000,88.37,SUCCESS
2025-12-23T07:41:49.876739+00:00,btc-updown-15m-1766475000,TRADE,DOWN,ACCUM,1,1,0.8004,0.8004,14,0.1358,14,0.8767,14,1.0124,-0.1738,0.00,-0.1738,-0.1738,0.0000,87.57,SUCCESS
2025-12-23T07:42:06.246455+00:00,btc-updown-15m-1766475000,TRADE,UP,ACCUM,1,1,0.0900,0.0900,15,0.1327,14,0.8767,14,1.0094,-0.1311,0.07,-0.2638,0.7362,0.0000,87.48,SUCCESS
2025-12-23T07:42:11.765297+00:00,btc-updown-15m-1766475000,TRADE,DOWN,ACCUM,1,1,0.9104,0.9104,15,0.1327,15,0.8789,15,1.0116,-0.1742,0.00,-0.1742,-0.1742,0.0000,86.57,SUCCESS
2025-12-23T07:45:04.312187+00:00,btc-updown-15m-1766475000,RESOLUTION,DOWN,BINANCE_FALLBACK,30,30,1.0000,15.1742,15,0.1327,15,0.8789,15,1.0116,-0.1742,0.00,0.0000,0.0000,-0.1742,101.57,RESOLVED
2025-12-23T07:53:53.965187+00:00,btc-updown-15m-1766475900,TRADE,DOWN,ACCUM,1,1,0.0300,0.0300,0,0.0000,1,0.0300,0,0.0000,0.0000,1.00,-0.0300,0.9700,0.0000,101.54,SUCCESS
2025-12-23T07:54:32.005190+00:00,btc-updown-15m-1766475900,TRADE,UP,ACCUM,1,1,0.9301,0.9301,1,0.9301,1,0.0300,1,0.9601,0.0399,0.00,0.0399,0.0399,0.0000,100.61,SUCCESS
2025-12-23T07:54:42.889128+00:00,btc-updown-15m-1766475900,TRADE,DOWN,ACCUM,1,1,0.0800,0.0800,1,0.9301,2,0.0550,1,0.9851,0.0149,0.50,-0.0401,0.9599,0.0000,100.53,SUCCESS
2025-12-23T07:54:48.281290+00:00,btc-updown-15m-1766475900,TRADE,UP,ACCUM,1,1,0.9502,0.9502,2,0.9401,2,0.0550,2,0.9952,0.0097,0.00,0.0097,0.0097,0.0000,99.58,SUCCESS
2025-12-23T07:54:53.657286+00:00,btc-updown-15m-1766475900,TRADE,DOWN,ACCUM,1,1,0.0600,0.0600,2,0.9401,3,0.0567,2,0.9968,0.0063,0.33,-0.0503,0.9497,0.0000,99.52,SUCCESS
2025-12-23T07:55:09.837449+00:00,btc-updown-15m-1766475900,TRADE,UP,ACCUM,1,1,0.9504,0.9504,3,0.9436,3,0.0567,3,1.0003,-0.0008,0.00,-0.0008,-0.0008,0.0000,98.57,SUCCESS
2025-12-23T07:55:15.243703+00:00,btc-updown-15m-1766475900,TRADE,DOWN,ACCUM,1,1,0.0700,0.0700,3,0.9436,4,0.0600,3,1.0036,-0.0108,0.25,-0.0708,0.9292,0.0000,98.50,SUCCESS
2025-12-23T07:55:20.640370+00:00,btc-updown-15m-1766475900,TRADE,UP,ACCUM,1,1,0.9501,0.9501,4,0.9452,4,0.0600,4,1.0052,-0.0208,0.00,-0.0208,-0.0208,0.0000,97.55,SUCCESS
2025-12-23T07:55:26.031838+00:00,btc-updown-15m-1766475900,TRADE,DOWN,ACCUM,1,1,0.0400,0.0400,4,0.9452,5,0.0560,4,1.0012,-0.0048,0.20,-0.0608,0.9392,0.0000,97.51,SUCCESS
2025-12-23T07:57:30.598717+00:00,btc-updown-15m-1766475900,TRADE,UP,ACCUM,1,1,0.9405,0.9405,5,0.9442,5,0.0560,5,1.0003,-0.0013,0.00,-0.0013,-0.0013,0.0000,96.57,SUCCESS
2025-12-23T07:57:36.135292+00:00,btc-updown-15m-1766475900,TRADE,DOWN,ACCUM,1,1,0.0900,0.0900,5,0.9442,6,0.0617,5,1.0059,-0.0297,0.17,-0.0914,0.9086,0.0000,96.48,SUCCESS
2025-12-23T07:57:41.547473+00:00,btc-updown-15m-1766475900,TRADE,UP,ACCUM,1,1,0.9202,0.9202,6,0.9402,6,0.0617,6,1.0019,-0.0116,0.00,-0.0116,-0.0116,0.0000,95.56,SUCCESS
2025-12-23T07:57:46.948737+00:00,btc-updown-15m-1766475900,TRADE,DOWN,ACCUM,1,1,0.0900,0.0900,6,0.9402,7,0.0657,6,1.0060,-0.0359,0.14,-0.1016,0.8984,0.0000,95.47,SUCCESS
2025-12-23T07:57:57.907664+00:00,btc-updown-15m-1766475900,TRADE,UP,ACCUM,1,1,0.8703,0.8703,7,0.9303,7,0.0657,7,0.9960,0.0281,0.00,0.0281,0.0281,0.0000,94.60,SUCCESS
2025-12-23T07:58:08.927992+00:00,btc-updown-15m-1766475900,TRADE,DOWN,ACCUM,1,1,0.1600,0.1600,7,0.9303,8,0.0775,7,1.0078,-0.0544,0.12,-0.1319,0.8681,0.0000,94.44,SUCCESS
2025-12-23T07:58:14.328825+00:00,btc-updown-15m-1766475900,TRADE,UP,ACCUM,1,1,0.8902,0.8902,8,0.9252,8,0.0775,8,1.0028,-0.0222,0.00,-0.0222,-0.0222,0.0000,93.55,SUCCESS
2025-12-23T07:58:19.727377+00:00,btc-updown-15m-1766475900,TRADE,DOWN,ACCUM,1,1,0.0700,0.0700,8,0.9252,9,0.0767,8,1.0019,-0.0155,0.11,-0.0922,0.9078,0.0000,93.48,SUCCESS
2025-12-23T07:58:30.518788+00:00,btc-updown-15m-1766475900,TRADE,UP,ACCUM,1,1,0.9405,0.9405,9,0.9269,9,0.0767,9,1.0036,-0.0326,0.00,-0.0326,-0.0326,0.0000,92.54,SUCCESS
2025-12-23T07:58:52.233538+00:00,btc-updown-15m-1766475900,TRADE,DOWN,ACCUM,1,1,0.0300,0.0300,9,0.9269,10,0.0720,9,0.9990,0.0094,0.10,-0.0627,0.9373,0.0000,92.51,SUCCESS
2025-12-23T08:00:03.226740+00:00,btc-updown-15m-1766475900,RESOLUTION,DOWN,BINANCE_FALLBACK,19,19,1.0000,9.0627,9,0.9269,10,0.0720,9,0.9990,0.0094,0.10,0.0000,0.0000,0.9373,102.51,RESOLVED
2025-12-23T08:08:54.158539+00:00,btc-updown-15m-1766476800,TRADE,DOWN,ACCUM,1,1,0.2900,0.2900,0,0.0000,1,0.2900,0,0.0000,0.0000,1.00,-0.2900,0.7100,0.0000,102.22,SUCCESS
2025-12-23T08:08:59.540749+00:00,btc-updown-15m-1766476800,TRADE,UP,ACCUM,1,1,0.7000,0.7000,1,0.7000,1,0.2900,1,0.9901,0.0099,0.00,0.0099,0.0099,0.0000,101.52,SUCCESS
2025-12-23T08:09:04.938412+00:00,btc-updown-15m-1766476800,TRADE,DOWN,ACCUM,1,1,0.2801,0.2801,1,0.7000,2,0.2851,1,0.9851,0.0149,0.50,-0.2702,0.7298,0.0000,101.24,SUCCESS
2025-12-23T08:09:10.438323+00:00,btc-updown-15m-1766476800,TRADE,UP,ACCUM,1,1,0.6801,0.6801,2,0.6901,2,0.2851,2,0.9751,0.0497,0.00,0.0497,0.0497,0.0000,100.56,SUCCESS
2025-12-23T08:09:15.872043+00:00,btc-updown-15m-1766476800,TRADE,DOWN,ACCUM,1,1,0.3201,0.3201,2,0.6901,3,0.2967,2,0.9868,0.0264,0.33,-0.2704,0.7296,0.0000,100.24,SUCCESS
2025-12-23T08:09:21.405535+00:00,btc-updown-15m-1766476800,TRADE,UP,ACCUM,1,1,0.7003,0.7003,3,0.6935,3,0.2967,3,0.9902,0.0293,0.00,0.0293,0.0293,0.0000,99.54,SUCCESS
2025-12-23T08:09:26.800219+00:00,btc-updown-15m-1766476800,TRADE,DOWN,ACCUM,1,1,0.2900,0.2900,3,0.6935,4,0.2950,3,0.9885,0.0344,0.25,-0.2607,0.7393,0.0000,99.25,SUCCESS
2025-12-23T08:09:37.701730+00:00,btc-updown-15m-1766476800,TRADE,UP,ACCUM,1,1,0.7998,0.7998,4,0.7201,4,0.2950,4,1.0151,-0.0604,0.00,-0.0604,-0.0604,0.0000,98.45,SUCCESS
2025-12-23T08:09:43.108805+00:00,btc-updown-15m-1766476800,TRADE,DOWN,ACCUM,1,1,0.1501,0.1501,4,0.7201,5,0.2660,4,0.9861,0.0556,0.20,-0.2105,0.7895,0.0000,98.30,SUCCESS
2025-12-23T08:09:48.524794+00:00,btc-updown-15m-1766476800,TRADE,UP,ACCUM,1,1,0.8403,0.8403,5,0.7441,5,0.2660,5,1.0102,-0.0508,0.00,-0.0508,-0.0508,0.0000,97.46,SUCCESS
2025-12-23T08:09:53.923830+00:00,btc-updown-15m-1766476800,TRADE,DOWN,ACCUM,1,1,0.1601,0.1601,5,0.7441,6,0.2484,5,0.9925,0.0375,0.17,-0.2109,0.7891,0.0000,97.30,SUCCESS
2025-12-23T08:09:59.345752+00:00,btc-updown-15m-1766476800,TRADE,UP,ACCUM,1,1,0.8301,0.8301,6,0.7584,6,0.2484,6,1.0068,-0.0409,0.00,-0.0409,-0.0409,0.0000,96.47,SUCCESS
2025-12-23T08:10:04.851126+00:00,btc-updown-15m-1766476800,TRADE,DOWN,ACCUM,1,1,0.1400,0.1400,6,0.7584,7,0.2329,6,0.9913,0.0519,0.14,-0.1810,0.8190,0.0000,96.33,SUCCESS
2025-12-23T08:10:10.367935+00:00,btc-updown-15m-1766476800,TRADE,UP,ACCUM,1,1,0.8104,0.8104,7,0.7659,7,0.2329,7,0.9988,0.0087,0.00,0.0087,0.0087,0.0000,95.52,SUCCESS
2025-12-23T08:10:15.776516+00:00,btc-updown-15m-1766476800,TRADE,DOWN,ACCUM,1,1,0.2000,0.2000,7,0.7659,8,0.2288,7,0.9947,0.0374,0.12,-0.1914,0.8086,0.0000,95.32,SUCCESS
2025-12-23T08:10:21.148532+00:00,btc-updown-15m-1766476800,TRADE,UP,ACCUM,1,1,0.8503,0.8503,8,0.7764,8,0.2288,8,1.0052,-0.0417,0.00,-0.0417,-0.0417,0.0000,94.47,SUCCESS
2025-12-23T08:10:26.594349+00:00,btc-updown-15m-1766476800,TRADE,DOWN,ACCUM,1,1,0.1401,0.1401,8,0.7764,9,0.2189,8,0.9953,0.0372,0.11,-0.1817,0.8183,0.0000,94.33,SUCCESS
2025-12-23T08:10:42.915900+00:00,btc-updown-15m-1766476800,TRADE,UP,ACCUM,1,1,0.9200,0.9200,9,0.7924,9,0.2189,9,1.0113,-0.1017,0.00,-0.1017,-0.1017,0.0000,93.41,SUCCESS
2025-12-23T08:10:48.328799+00:00,btc-updown-15m-1766476800,TRADE,DOWN,ACCUM,1,1,0.0900,0.0900,9,0.7924,10,0.2060,9,0.9984,0.0143,0.10,-0.1918,0.8082,0.0000,93.32,SUCCESS
2025-12-23T08:10:53.879093+00:00,btc-updown-15m-1766476800,TRADE,UP,ACCUM,1,1,0.9304,0.9304,10,0.8062,10,0.2060,10,1.0122,-0.1221,0.00,-0.1221,-0.1221,0.0000,92.39,SUCCESS
2025-12-23T08:10:59.284369+00:00,btc-updown-15m-1766476800,TRADE,DOWN,ACCUM,1,1,0.0700,0.0700,10,0.8062,11,0.1937,10,0.9998,0.0015,0.09,-0.1921,0.8079,0.0000,92.32,SUCCESS
2025-12-23T08:11:04.684157+00:00,btc-updown-15m-1766476800,TRADE,UP,ACCUM,1,1,0.9203,0.9203,11,0.8165,11,0.1937,11,1.0102,-0.1124,0.00,-0.1124,-0.1124,0.0000,91.40,SUCCESS
2025-12-23T08:11:10.087461+00:00,btc-updown-15m-1766476800,TRADE,DOWN,ACCUM,1,1,0.1601,0.1601,11,0.8165,12,0.1909,11,1.0074,-0.0816,0.08,-0.2724,0.7276,0.0000,91.24,SUCCESS
2025-12-23T08:11:15.483096+00:00,btc-updown-15m-1766476800,TRADE,UP,ACCUM,1,1,0.7703,0.7703,12,0.8127,12,0.1909,12,1.0036,-0.0427,0.00,-0.0427,-0.0427,0.0000,90.47,SUCCESS
2025-12-23T08:11:31.728148+00:00,btc-updown-15m-1766476800,TRADE,DOWN,ACCUM,1,1,0.2001,0.2001,12,0.8127,13,0.1916,12,1.0043,-0.0513,0.08,-0.2428,0.7572,0.0000,90.27,SUCCESS
2025-12-23T08:11:37.137820+00:00,btc-updown-15m-1766476800,TRADE,UP,ACCUM,1,1,0.8902,0.8902,13,0.8186,13,0.1916,13,1.0102,-0.1331,0.00,-0.1331,-0.1331,0.0000,89.38,SUCCESS
2025-12-23T08:11:48.064767+00:00,btc-updown-15m-1766476800,TRADE,DOWN,ACCUM,1,1,0.1200,0.1200,13,0.8186,14,0.1865,13,1.0051,-0.0666,0.07,-0.2531,0.7469,0.0000,89.26,SUCCESS
2025-12-23T08:11:53.469344+00:00,btc-updown-15m-1766476800,TRADE,UP,ACCUM,1,1,0.9003,0.9003,14,0.8245,14,0.1865,14,1.0110,-0.1533,0.00,-0.1533,-0.1533,0.0000,88.36,SUCCESS
2025-12-23T08:12:04.390274+00:00,btc-updown-15m-1766476800,TRADE,DOWN,ACCUM,1,1,0.1100,0.1100,14,0.8245,15,0.1814,14,1.0059,-0.0820,0.07,-0.2634,0.7366,0.0000,88.25,SUCCESS
2025-12-23T08:12:09.810256+00:00,btc-updown-15m-1766476800,TRADE,UP,ACCUM,1,1,0.8703,0.8703,15,0.8275,15,0.1814,15,1.0089,-0.1337,0.00,-0.1337,-0.1337,0.0000,87.38,SUCCESS
2025-12-23T08:15:00.587362+00:00,btc-updown-15m-1766476800,RESOLUTION,DOWN,BINANCE_FALLBACK,30,30,1.0000,15.1337,15,0.8275,15,0.1814,15,1.0089,-0.1337,0.00,0.0000,0.0000,-0.1337,102.38,RESOLVED
2025-12-23T08:23:54.983440+00:00,btc-updown-15m-1766477700,TRADE,UP,ACCUM,1,1,0.3201,0.3201,1,0.3201,0,0.0000,0,0.0000,0.0000,1.00,-0.3201,0.6799,0.0000,102.06,SUCCESS
2025-12-23T08:24:00.499728+00:00,btc-updown-15m-1766477700,TRADE,DOWN,ACCUM,1,1,0.6800,0.6800,1,0.3201,1,0.6800,1,1.0002,-0.0002,0.00,-0.0002,-0.0002,0.0000,101.38,SUCCESS
2025-12-23T08:24:05.943243+00:00,btc-updown-15m-1766477700,TRADE,UP,ACCUM,1,1,0.3201,0.3201,2,0.3201,1,0.6800,1,1.0002,-0.0002,0.50,-0.3203,0.6797,0.0000,101.06,SUCCESS
2025-12-23T08:24:11.452840+00:00,btc-updown-15m-1766477700,TRADE,DOWN,ACCUM,1,1,0.6503,0.6503,2,0.3201,2,0.6652,2,0.9853,0.0294,0.00,0.0294,0.0294,0.0000,100.41,SUCCESS
2025-12-23T08:24:16.912787+00:00,btc-updown-15m-1766477700,TRADE,UP,ACCUM,1,1,0.3501,0.3501,3,0.3301,2,0.6652,2,0.9953,0.0094,0.33,-0.3207,0.6793,0.0000,100.06,SUCCESS
2025-12-23T08:24:22.327449+00:00,btc-updown-15m-1766477700,TRADE,DOWN,ACCUM,1,1,0.6901,0.6901,3,0.3301,3,0.6735,3,1.0036,-0.0109,0.00,-0.0109,-0.0109,0.0000,99.37,SUCCESS
2025-12-23T08:24:27.732485+00:00,btc-updown-15m-1766477700,TRADE,UP,ACCUM,1,1,0.3100,0.3100,4,0.3251,3,0.6735,3,0.9986,0.0042,0.25,-0.3209,0.6791,0.0000,99.06,SUCCESS
2025-12-23T08:24:38.560791+00:00,btc-updown-15m-1766477700,TRADE,DOWN,ACCUM,1,1,0.6603,0.6603,4,0.3251,4,0.6702,4,0.9953,0.0188,0.00,0.0188,0.0188,0.0000,98.40,SUCCESS
2025-12-23T08:24:44.079649+00:00,btc-updown-15m-1766477700,TRADE,UP,ACCUM,1,1,0.4001,0.4001,5,0.3401,4,0.6702,4,1.0103,-0.0411,0.20,-0.3812,0.6188,0.0000,98.00,SUCCESS
2025-12-23T08:24:49.489877+00:00,btc-updown-15m-1766477700,TRADE,DOWN,ACCUM,1,1,0.6303,0.6303,5,0.3401,5,0.6622,5,1.0023,-0.0115,0.00,-0.0115,-0.0115,0.0000,97.37,SUCCESS
2025-12-23T08:24:54.995855+00:00,btc-updown-15m-1766477700,TRADE,UP,ACCUM,1,1,0.3802,0.3802,6,0.3468,5,0.6622,5,1.0090,-0.0449,0.17,-0.3917,0.6083,0.0000,96.99,SUCCESS
2025-12-23T08:25:00.401792+00:00,btc-updown-15m-1766477700,TRADE,DOWN,ACCUM,1,1,0.5901,0.5901,6,0.3468,6,0.6502,6,0.9970,0.0183,0.00,0.0183,0.0183,0.0000,96.40,SUCCESS
2025-12-23T08:25:16.656386+00:00,btc-updown-15m-1766477700,TRADE,DOWN,ACCUM,1,1,0.3101,0.3101,6,0.3468,7,0.6016,6,0.9484,0.3097,0.14,-0.2918,0.7082,0.0000,96.09,SUCCESS
2025-12-23T08:25:27.447989+00:00,btc-updown-15m-1766477700,TRADE,UP,ACCUM,1,1,0.7602,0.7602,7,0.4058,7,0.6016,7,1.0074,-0.0520,0.00,-0.0520,-0.0520,0.0000,95.33,SUCCESS
2025-12-23T08:25:38.351787+00:00,btc-updown-15m-1766477700,TRADE,DOWN,ACCUM,1,1,0.2000,0.2000,7,0.4058,8,0.5514,7,0.9572,0.2994,0.12,-0.2520,0.7480,0.0000,95.13,SUCCESS
2025-12-23T08:25:43.761411+00:00,btc-updown-15m-1766477700,TRADE,UP,ACCUM,1,1,0.8203,0.8203,8,0.4576,8,0.5514,8,1.0090,-0.0723,0.00,-0.0723,-0.0723,0.0000,94.31,SUCCESS
2025-12-23T08:25:49.142253+00:00,btc-updown-15m-1766477700,TRADE,DOWN,ACCUM,1,1,0.1900,0.1900,8,0.4576,9,0.5112,8,0.9689,0.2489,0.11,-0.2623,0.7377,0.0000,94.12,SUCCESS
2025-12-23T08:25:54.586338+00:00,btc-updown-15m-1766477700,TRADE,UP,ACCUM,1,1,0.7802,0.7802,9,0.4935,9,0.5112,9,1.0047,-0.0425,0.00,-0.0425,-0.0425,0.0000,93.33,SUCCESS
2025-12-23T08:26:05.601268+00:00,btc-updown-15m-1766477700,TRADE,DOWN,ACCUM,1,1,0.2601,0.2601,9,0.4935,10,0.4861,9,0.9796,0.1835,0.10,-0.3027,0.6973,0.0000,93.07,SUCCESS
2025-12-23T08:26:11.190589+00:00,btc-updown-15m-1766477700,TRADE,UP,ACCUM,1,1,0.5501,0.5501,10,0.4991,10,0.4861,10,0.9853,0.1473,0.00,0.1473,0.1473,0.0000,92.52,SUCCESS
2025-12-23T08:26:16.607529+00:00,btc-updown-15m-1766477700,TRADE,DOWN,ACCUM,1,1,0.4900,0.4900,10,0.4991,11,0.4865,10,0.9856,0.1437,0.09,-0.3428,0.6572,0.0000,92.03,SUCCESS
2025-12-23T08:26:22.010943+00:00,btc-updown-15m-1766477700,TRADE,UP,ACCUM,1,1,0.5401,0.5401,11,0.5029,11,0.4865,11,0.9893,0.1172,0.00,0.1172,0.1172,0.0000,91.49,SUCCESS
2025-12-23T08:26:27.503959+00:00,btc-updown-15m-1766477700,TRADE,DOWN,ACCUM,1,1,0.4602,0.4602,11,0.5029,12,0.4843,11,0.9872,0.1413,0.08,-0.3430,0.6570,0.0000,91.03,SUCCESS
2025-12-23T08:26:38.309549+00:00,btc-updown-15m-1766477700,TRADE,UP,ACCUM,1,1,0.5700,0.5700,12,0.5085,12,0.4843,12,0.9928,0.0869,0.00,0.0869,0.0869,0.0000,90.46,SUCCESS
2025-12-23T08:26:43.713356+00:00,btc-updown-15m-1766477700,TRADE,DOWN,ACCUM,1,1,0.4602,0.4602,12,0.5085,13,0.4824,12,0.9909,0.1092,0.08,-0.3732,0.6268,0.0000,90.00,SUCCESS
2025-12-23T08:26:54.519019+00:00,btc-updown-15m-1766477700,TRADE,UP,ACCUM,1,1,0.5703,0.5703,13,0.5132,13,0.4824,13,0.9957,0.0565,0.00,0.0565,0.0565,0.0000,89.43,SUCCESS
2025-12-23T08:26:59.930341+00:00,btc-updown-15m-1766477700,TRADE,DOWN,ACCUM,1,1,0.4002,0.4002,13,0.5132,14,0.4766,13,0.9898,0.1329,0.07,-0.3437,0.6563,0.0000,89.03,SUCCESS
2025-12-23T08:27:10.744590+00:00,btc-updown-15m-1766477700,TRADE,UP,ACCUM,1,1,0.7502,0.7502,14,0.5301,14,0.4766,14,1.0067,-0.0939,0.00,-0.0939,-0.0939,0.0000,88.28,SUCCESS
2025-12-23T08:27:16.129188+00:00,btc-updown-15m-1766477700,TRADE,DOWN,ACCUM,1,1,0.2101,0.2101,14,0.5301,15,0.4588,14,0.9889,0.1548,0.07,-0.3040,0.6960,0.0000,88.07,SUCCESS
2025-12-23T08:27:21.540398+00:00,btc-updown-15m-1766477700,TRADE,UP,ACCUM,1,1,0.8200,0.8200,15,0.5495,15,0.4588,15,1.0083,-0.1240,0.00,-0.1240,-0.1240,0.0000,87.25,SUCCESS
2025-12-23T08:30:02.863789+00:00,btc-updown-15m-1766477700,RESOLUTION,DOWN,BINANCE_FALLBACK,30,30,1.0000,15.1240,15,0.5495,15,0.4588,15,1.0083,-0.1240,0.00,0.0000,0.0000,-0.1240,102.25,RESOLVED
