timestamp,market_slug,event_type,trade_side,trade_mode,size_requested,size_filled,price,cost,pos_up_size,pos_up_avg_price,pos_down_size,pos_down_avg_price,pos_hedged_pairs,pos_pair_cost,pos_locked_profit,pos_imbalance,pnl_min,pnl_max,pnl_realized,balance_after,status,bias,action,flip_count,btc_price,btc_strike,btc_change_pct,btc_zscore
2025-12-20T15:50:56.657972+00:00,btc-updown-15m-1766245500,TRADE,UP,DIR_AVERAGE_DOWN,5,5,0.760095628971177,3.800478144855885,5.0,0.760095628971177,0.0,0.0,0,0.0,0.0,5.0,0.0,0.0,0.0,96.19952185514413,SUCCESS,BULLISH,average_down,0.0,88206.61,88206.61,0.0,1.7354008314787917e-08
2025-12-20T15:50:57.074847+00:00,btc-updown-15m-1766245500,TRADE,UP,DIR_ACCUMULATE,5,2,0.7703346868936933,1.5406693737873869,7.0,0.763021074091896,0.0,0.0,0,0.0,0.0,7.0,0.0,0.0,0.0,94.65885248135672,SUCCESS,BULLISH,accumulate,0.0,88206.61,88206.61,0.0,1.7354008314787917e-08
2025-12-20T15:50:57.511393+00:00,btc-updown-15m-1766245500,TRADE,DOWN,DIR_REBALANCE,5,5,0.2400257371783191,1.2001286858915958,7.0,0.763021074091896,5.0,0.2400257371783191,5,1.003046811270215,-0.0152340563510755,2.0,0.0,0.0,0.0,93.45872379546512,SUCCESS,BULLISH,rebalance,0.0,88206.61,88206.61,0.0,1.7220065801270913e-08
2025-12-20T15:50:57.905156+00:00,btc-updown-15m-1766245500,TRADE,UP,DIR_AVERAGE_DOWN,5,3,0.7700084344520756,2.310025303356227,10.0,0.7651172821999499,5.0,0.2400257371783191,5,1.005143019378269,-0.0257150968913455,5.0,0.0,0.0,0.0,91.1486984921089,SUCCESS,BULLISH,average_down,0.0,88206.61,88206.61,0.0,1.7220065801270913e-08
2025-12-20T15:50:58.291396+00:00,btc-updown-15m-1766245500,TRADE,UP,DIR_ACCUMULATE,5,1,0.7801609525819108,0.7801609525819108,11.0,0.7664848885983099,5.0,0.2400257371783191,5,1.006510625776629,-0.0325531288831448,6.0,0.0,0.0,0.0,90.368537539527,SUCCESS,BULLISH,accumulate,0.0,88206.61,88206.61,0.0,1.7089176538615008e-08
2025-12-20T15:50:58.879755+00:00,btc-updown-15m-1766245500,TRADE,DOWN,DIR_REBALANCE,5,5,0.2500032564858509,1.2500162824292549,11.0,0.7664848885983099,10.0,0.245014496832085,10,1.0114993854303949,-0.1149938543039486,1.0,0.0,0.0,0.0,89.11852125709774,SUCCESS,BULLISH,rebalance,0.0,88206.6,88206.61,-1.133701884106113e-05,3.004329757246184
2025-12-20T15:50:59.276225+00:00,btc-updown-15m-1766245500,TRADE,UP,DIR_AVERAGE_DOWN,4,4,0.7600112715279438,3.040045086111775,15.0,0.7647585907128789,10.0,0.245014496832085,10,1.009773087544964,-0.0977308754496397,5.0,0.0,0.0,0.0,86.07847617098597,SUCCESS,BULLISH,average_down,0.0,88206.6,88206.61,-1.133701884106113e-05,2.690525634551845
2025-12-20T15:58:05.890147+00:00,btc-updown-15m-1766245500,TRADE,UP,DIR_AVERAGE_DOWN,5,5,0.8800736797853517,4.400368398926759,5.0,0.8800736797853517,0.0,0.0,0,0.0,0.0,5.0,0.0,0.0,0.0,95.59963160107324,SUCCESS,BULLISH,average_down,0.0,88193.61,88193.61,0.0,4.1661009506446873e-08
2025-12-20T15:58:06.326637+00:00,btc-updown-15m-1766245500,TRADE,DOWN,DIR_EMERGENCY,5,5,0.1300605709993446,0.6503028549967231,5.0,0.8800736797853517,5.0,0.1300605709993446,5,1.0101342507846962,-0.050671253923481,0.0,0.0,0.0,0.0,94.94932874607652,SUCCESS,BULLISH,emergency,0.0,88193.6,88193.61,-1.1338689951302946e-05,1.0936965766107865
2025-12-20T15:58:15.209246+00:00,btc-updown-15m-1766245500,TRADE,UP,DIR_AVERAGE_DOWN,5,1,0.8202844043422696,0.8202844043422696,6.0,0.8701088005448381,5.0,0.1300605709993446,5,1.0001693715441826,-0.000846857720913,1.0,0.0,0.0,0.0,94.12904434173424,SUCCESS,BULLISH,average_down,0.0,88193.6,88193.61,-1.1338689951302946e-05,3.920675532518505
2025-12-20T15:58:15.776157+00:00,btc-updown-15m-1766245500,TRADE,DOWN,DIR_EMERGENCY,1,1,0.1800799667461812,0.1800799667461812,6.0,0.8701088005448381,6.0,0.1383971369571507,6,1.008505937501989,-0.0510356250119334,0.0,0.0,0.0,0.0,93.94896437498808,SUCCESS,BULLISH,emergency,0.0,88193.6,88193.61,-1.1338689951302946e-05,3.92738163326717
2025-12-20T15:58:16.186977+00:00,btc-updown-15m-1766245500,TRADE,UP,DIR_AVERAGE_DOWN,5,5,0.780062497406567,3.900312487032835,11.0,0.829178662754715,6.0,0.1383971369571507,6,0.9675757997118656,0.1945452017288058,5.0,0.0,0.0,0.0,90.04865188795523,SUCCESS,BULLISH,average_down,0.0,88193.6,88193.61,-1.1338689951302946e-05,3.934076304149596
2025-12-20T15:58:16.768577+00:00,btc-updown-15m-1766245500,TRADE,DOWN,DIR_EMERGENCY,5,5,0.1600115460193168,0.800057730096584,11.0,0.829178662754715,11.0,0.1482218683490444,11,0.9774005311037594,0.2485941578586471,0.0,0.0,0.0,0.0,89.24859415785865,SUCCESS,BULLISH,emergency,0.0,88193.6,88193.61,-1.1338689951302946e-05,3.934076304149596
2025-12-20T15:58:17.151248+00:00,btc-updown-15m-1766245500,TRADE,UP,DIR_AVERAGE_DOWN,4,4,0.8502167117762166,3.4008668471048664,15.0,0.8347888091604487,11.0,0.1482218683490444,11,0.9830106775094932,0.1868825473955757,4.0,0.0,0.0,0.0,85.84772731075378,SUCCESS,BULLISH,average_down,0.0,88193.61,88193.61,0.0,1.4662562212772562e-08
2025-12-20T15:58:17.539489+00:00,btc-updown-15m-1766245500,TRADE,DOWN,DIR_EMERGENCY,4,4,0.190041615144256,0.7601664605770243,15.0,0.8347888091604487,15.0,0.1593738008277675,15,0.9941626099882164,0.087560850176756,0.0,0.0,0.0,0.0,85.08756085017676,SUCCESS,BULLISH,emergency,0.0,88193.6,88193.61,-1.1338689951302946e-05,3.611894091216163
2025-12-20T16:00:00.336521+00:00,btc-updown-15m-1766245500,RESOLUTION,UP,MARKET_END,30,30,1.0,14.9124,15.0,0.8348,15.0,0.1594,15,0.9942,0.0876,0.0,0.0,0.0,0.087,100.09,RESOLVED,,,,,,,
2025-12-20T16:00:02.683231+00:00,btc-updown-15m-1766246400,TRADE,UP,DIR_AVERAGE_DOWN,5,5,0.500169034920437,2.5008451746021847,5.0,0.500169034920437,0.0,0.0,0,0.0,0.0,5.0,0.0,0.0,0.0,97.59,SUCCESS,BULLISH,average_down,0.0,88184.8,88184.8,0.0,0.0887063430585202
2025-12-20T16:00:03.093790+00:00,btc-updown-15m-1766246400,TRADE,UP,DIR_ACCUMULATE,5,5,0.5000238856562166,2.500119428281083,10.0,0.5000964602883268,0.0,0.0,0,0.0,0.0,10.0,0.0,0.0,0.0,95.09,SUCCESS,BULLISH,accumulate,0.0,88185.28,88184.8,0.0005443114913181,3.14469984706094
2025-12-20T16:00:03.488558+00:00,btc-updown-15m-1766246400,TRADE,DOWN,DIR_REBALANCE,5,5,0.3901876112778764,1.950938056389382,10.0,0.5000964602883268,5.0,0.3901876112778764,5,0.8902840715662033,0.5485796421689837,5.0,0.0,0.0,0.0,93.14,SUCCESS,BULLISH,rebalance,0.0,88185.28,88184.8,0.0005443114913181,3.190860338942183
2025-12-20T16:00:03.906287+00:00,btc-updown-15m-1766246400,TRADE,UP,DIR_ACCUMULATE,5,5,0.6100720427739632,3.050360213869816,15.0,0.5367549877835389,5.0,0.3901876112778764,5,0.9269425990614152,0.3652870046929235,10.0,0.0,0.0,0.0,90.08,SUCCESS,BULLISH,accumulate,0.0,88185.28,88184.8,0.0005443114913181,3.197122050075237
2025-12-20T16:00:04.504567+00:00,btc-updown-15m-1766246400,TRADE,DOWN,DIR_REBALANCE,5,5,0.3700162438383367,1.850081219191684,15.0,0.5367549877835389,10.0,0.3801019275581065,10,0.9168569153416456,0.8314308465835452,5.0,0.0,0.0,0.0,88.23,SUCCESS,BULLISH,rebalance,0.0,88198.01,88184.8,0.0149799058341027,80.20885648747829
2025-12-20T16:10:00.454547+00:00,btc-updown-15m-1766246400,TRADE,DOWN,DIR_EMERGENCY,5,5,0.2000376650219764,1.000188325109882,15.0,0.5367549877835389,15.0,0.3200805067127298,15,0.8568354944962687,2.147467582555969,0.0,0.0,0.0,0.0,87.23,SUCCESS,BULLISH,emergency,0.0,88205.19,88184.8,0.023121898558481,182.0671466399393
2025-12-20T16:15:00.456044+00:00,btc-updown-15m-1766246400,RESOLUTION,DOWN,MARKET_END,30,30,1.0,12.8525,15.0,0.5368,15.0,0.3201,15,0.8568,2.1475,0.0,0.0,0.0,2.1475,102.24,RESOLVED,,,,,,,
2025-12-20T16:15:03.062911+00:00,btc-updown-15m-1766247300,TRADE,UP,DIR_AVERAGE_DOWN,5,4,0.4802310922256598,1.9209243689026396,4.0,0.4802310922256598,0.0,0.0,0,0.0,0.0,4.0,0.0,0.0,0.0,100.31,SUCCESS,BULLISH,average_down,0.0,88191.85,88191.85,0.0,0.1369710242097707
2025-12-20T16:15:03.514883+00:00,btc-updown-15m-1766247300,TRADE,UP,DIR_ACCUMULATE,5,5,0.4800229264113491,2.400114632056745,9.0,0.4801154445510427,0.0,0.0,0,0.0,0.0,9.0,0.0,0.0,0.0,97.91,SUCCESS,BULLISH,accumulate,0.0,88191.85,88191.85,0.0,0.1377079438226103
2025-12-20T16:15:03.946624+00:00,btc-updown-15m-1766247300,TRADE,DOWN,DIR_REBALANCE,5,5,0.5400221200362725,2.7001106001813624,9.0,0.4801154445510427,5.0,0.5400221200362725,5,1.0201375645873152,-0.1006878229365759,4.0,0.0,0.0,0.0,95.21,SUCCESS,BULLISH,rebalance,0.0,88191.85,88191.85,0.0,0.1377079438226103
2025-12-20T16:15:04.561537+00:00,btc-updown-15m-1766247300,TRADE,UP,DIR_ACCUMULATE,5,5,0.480123903742634,2.40061951871317,14.0,0.4801184656908967,5.0,0.5400221200362725,5,1.0201405857271693,-0.1007029286358462,9.0,0.0,0.0,0.0,92.81,SUCCESS,BULLISH,accumulate,0.0,88191.84,88191.85,-1.1338916248285102e-05,0.025971554704934
2025-12-20T16:15:05.134313+00:00,btc-updown-15m-1766247300,TRADE,DOWN,DIR_REBALANCE,5,5,0.5302193321532462,2.651096660766231,14.0,0.4801184656908967,10.0,0.5351207260947592,10,1.015239191785656,-0.1523919178565602,4.0,0.0,0.0,0.0,90.16,SUCCESS,BULLISH,rebalance,0.0,88191.84,88191.85,-1.1338916248285102e-05,0.0250379576255818
2025-12-20T16:15:05.571281+00:00,btc-updown-15m-1766247300,TRADE,UP,DIR_ACCUMULATE,1,1,0.4800747657000043,0.4800747657000043,15.0,0.4801155523581705,10.0,0.5351207260947592,10,1.01523627845293,-0.1523627845292985,5.0,0.0,0.0,0.0,89.68,SUCCESS,BULLISH,accumulate,0.0,88191.84,88191.85,-1.1338916248285102e-05,0.0317318560273792
2025-12-20T16:25:01.040448+00:00,btc-updown-15m-1766247300,TRADE,DOWN,DIR_EMERGENCY,5,5,0.5902601803437434,2.951300901718717,15.0,0.4801155523581705,15.0,0.553500544177754,15,1.0336160965359245,-0.5042414480388668,0.0,0.0,0.0,0.0,86.73,SUCCESS,BULLISH,emergency,0.0,88195.2,88191.85,0.0037985369396279,713.3870234328268
2025-12-20T16:30:00.282856+00:00,btc-updown-15m-1766247300,RESOLUTION,DOWN,MARKET_END,30,30,1.0,15.5042,15.0,0.4801,15.0,0.5535,15,1.0336,-0.5042,0.0,0.0,0.0,-0.5042,101.73,RESOLVED,,,,,,,
2025-12-20T16:30:03.883000+00:00,btc-updown-15m-1766248200,TRADE,UP,DIR_AVERAGE_DOWN,5,5,0.4800550304047014,2.400275152023507,5.0,0.4800550304047014,0.0,0.0,0,0.0,0.0,5.0,0.0,0.0,0.0,99.33,SUCCESS,BULLISH,average_down,0.0,88181.71,88181.71,0.0,3.625045835507761e-08
2025-12-20T16:30:04.302957+00:00,btc-updown-15m-1766248200,TRADE,UP,DIR_ACCUMULATE,5,5,0.4801313112719879,2.40065655635994,10.0,0.4800931708383446,0.0,0.0,0,0.0,0.0,10.0,0.0,0.0,0.0,96.93,SUCCESS,BULLISH,accumulate,0.0,88181.71,88181.71,0.0,3.572786160319299e-08
2025-12-20T16:30:04.780421+00:00,btc-updown-15m-1766248200,TRADE,DOWN,DIR_REBALANCE,5,5,0.5302528506975199,2.6512642534876,10.0,0.4800931708383446,5.0,0.5302528506975199,5,1.0103460215358646,-0.051730107679323,5.0,0.0,0.0,0.0,94.28,SUCCESS,BULLISH,rebalance,0.0,88181.71,88181.71,0.0,0.0118666874057845
2025-12-20T16:30:05.194235+00:00,btc-updown-15m-1766248200,TRADE,UP,DIR_ACCUMULATE,5,5,0.4801763173764893,2.4008815868824467,15.0,0.4801208863510595,5.0,0.5302528506975199,5,1.0103737370485797,-0.0518686852428973,10.0,0.0,0.0,0.0,91.88,SUCCESS,BULLISH,accumulate,0.0,88181.71,88181.71,0.0,0.0118666874057845
2025-12-20T16:30:05.619880+00:00,btc-updown-15m-1766248200,TRADE,DOWN,DIR_REBALANCE,5,1,0.5299783963267065,0.5299783963267065,15.0,0.4801208863510595,6.0,0.5302071083023844,6,1.0103279946534438,-0.0619679679206628,9.0,0.0,0.0,0.0,91.35,SUCCESS,BULLISH,rebalance,0.0,88181.71,88181.71,0.0,0.0118666874057845
2025-12-20T16:30:06.457763+00:00,btc-updown-15m-1766248200,TRADE,DOWN,DIR_REBALANCE,5,5,0.5201903903932614,2.600951951966307,15.0,0.4801208863510595,11.0,0.5256540547073285,11,1.005774941058388,-0.0635243516422685,4.0,0.0,0.0,0.0,88.75,SUCCESS,BULLISH,rebalance,0.0,88181.7,88181.71,-1.1340220108357191e-05,1.5783954873981405
2025-12-20T16:35:01.360532+00:00,btc-updown-15m-1766248200,TRADE,DOWN,DIR_ACCUMULATE,4,4,0.75035942065672,3.00143768262688,15.0,0.4801208863510595,15.0,0.5855754856271662,15,1.0656963719782258,-0.9854455796733864,0.0,0.0,0.0,0.0,85.74,SUCCESS,BEARISH,accumulate,1.0,88134.83,88181.71,-0.0531629518184719,407.5222274895907
2025-12-20T16:45:00.123322+00:00,btc-updown-15m-1766248200,RESOLUTION,UP,MARKET_END,30,30,1.0,15.9854,15.0,0.4801,15.0,0.5856,15,1.0657,-0.9854,0.0,0.0,0.0,-0.9855,100.75,RESOLVED,,,,,,,
2025-12-20T16:45:02.212688+00:00,btc-updown-15m-1766249100,TRADE,DOWN,DIR_AVERAGE_DOWN,5,5,0.4501755211656313,2.2508776058281565,0.0,0.0,5.0,0.4501755211656313,0,0.0,0.0,5.0,0.0,0.0,0.0,98.49,SUCCESS,BEARISH,average_down,1.0,88138.66,88138.66,0.0,3.671626737678895e-08
2025-12-20T16:45:02.627105+00:00,btc-updown-15m-1766249100,TRADE,DOWN,DIR_ACCUMULATE,5,5,0.4500416144213856,2.250208072106928,0.0,0.0,10.0,0.4501085677935085,0,0.0,0.0,10.0,0.0,0.0,0.0,96.24,SUCCESS,BEARISH,accumulate,1.0,88138.66,88138.66,0.0,0.0105967912866207
2025-12-20T16:45:03.081736+00:00,btc-updown-15m-1766249100,TRADE,UP,DIR_REBALANCE,5,5,0.5501406948645028,2.750703474322514,5.0,0.5501406948645028,10.0,0.4501085677935085,5,1.0002492626580113,-0.0012463132900564,5.0,0.0,0.0,0.0,93.49,SUCCESS,BEARISH,rebalance,1.0,88138.66,88138.66,0.0,0.0105967912866207
2025-12-20T16:45:03.554819+00:00,btc-updown-15m-1766249100,TRADE,DOWN,DIR_ACCUMULATE,5,5,0.4602133405863102,2.3010667029315512,5.0,0.5501406948645028,15.0,0.453476825391109,5,1.003617520255612,-0.0180876012780595,10.0,0.0,0.0,0.0,91.19,SUCCESS,BEARISH,accumulate,1.0,88138.66,88138.66,0.0,3.24823252420543e-08
2025-12-20T16:45:04.098594+00:00,btc-updown-15m-1766249100,TRADE,UP,DIR_REBALANCE,5,5,0.5398190184873555,2.699095092436777,10.0,0.5449798566759292,15.0,0.453476825391109,10,0.9984566820670382,0.015433179329618,5.0,0.0,0.0,0.0,88.49,SUCCESS,BEARISH,rebalance,1.0,88138.66,88138.66,0.0,0.0080587213194235
2025-12-20T16:55:00.912866+00:00,btc-updown-15m-1766249100,TRADE,UP,DIR_EMERGENCY,5,2,0.6801803007690408,1.3603606015380816,12.0,0.5675132640247811,15.0,0.453476825391109,12,1.02099008941589,-0.2518810729906811,3.0,0.0,0.0,0.0,87.13,SUCCESS,BEARISH,emergency,1.0,88149.73,88138.66,0.0125597552765068,2353.6094476026083
2025-12-20T16:55:01.377678+00:00,btc-updown-15m-1766249100,TRADE,UP,DIR_EMERGENCY,3,3,0.6801358261944564,2.040407478583369,15.0,0.5900377764587162,15.0,0.453476825391109,15,1.0435146018498254,-0.6527190277473804,0.0,0.0,0.0,0.0,85.09,SUCCESS,BEARISH,emergency,1.0,88149.72,88138.66,0.0125484095174554,2334.2461825854207
2025-12-20T17:00:00.252985+00:00,btc-updown-15m-1766249100,RESOLUTION,UP,MARKET_END,30,30,1.0,15.6527,15.0,0.59,15.0,0.4535,15,1.0435,-0.6527,0.0,0.0,0.0,-0.6525,100.09,RESOLVED,,,,,,,
2025-12-20T17:00:02.548664+00:00,btc-updown-15m-1766250000,TRADE,DOWN,DIR_AVERAGE_DOWN,5,5,0.4900817328002949,2.4504086640014746,0.0,0.0,5.0,0.4900817328002949,0,0.0,0.0,5.0,0.0,0.0,0.0,97.64,SUCCESS,BEARISH,average_down,1.0,88179.61,88179.61,0.0,0.1804793559555135
2025-12-20T17:00:02.981363+00:00,btc-updown-15m-1766250000,TRADE,DOWN,DIR_ACCUMULATE,5,5,0.4600722011973726,2.300361005986863,0.0,0.0,10.0,0.4750769669988338,0,0.0,0.0,10.0,0.0,0.0,0.0,95.34,SUCCESS,BEARISH,accumulate,1.0,88179.61,88179.61,0.0,0.1803528808489315
2025-12-20T17:00:03.467466+00:00,btc-updown-15m-1766250000,TRADE,UP,DIR_REBALANCE,5,5,0.5500655840380925,2.7503279201904625,5.0,0.5500655840380925,10.0,0.4750769669988338,5,1.0251425510369263,-0.1257127551846315,5.0,0.0,0.0,0.0,92.59,SUCCESS,BEARISH,rebalance,1.0,88179.61,88179.61,0.0,0.181185438686853
2025-12-20T17:00:03.919540+00:00,btc-updown-15m-1766250000,TRADE,DOWN,DIR_ACCUMULATE,5,5,0.3200008207824848,1.6000041039124242,5.0,0.5500655840380925,15.0,0.4233849182600508,5,0.9734505022981432,0.1327474885092838,10.0,0.0,0.0,0.0,90.99,SUCCESS,BEARISH,accumulate,1.0,88179.6,88179.61,-1.1340490159529296e-05,0.2689254700788192
2025-12-20T17:00:04.315770+00:00,btc-updown-15m-1766250000,TRADE,UP,DIR_REBALANCE,5,5,0.6902249811978132,3.451124905989066,10.0,0.6201452826179528,15.0,0.4233849182600508,10,1.0435302008780036,-0.4353020087800363,5.0,0.0,0.0,0.0,87.54,SUCCESS,BEARISH,rebalance,1.0,88179.61,88179.61,0.0,0.1808628970535862
2025-12-20T17:10:00.456755+00:00,btc-updown-15m-1766250000,TRADE,UP,DIR_EMERGENCY,5,5,0.8701723457817105,4.350861728908553,15.0,0.7034876370058721,15.0,0.4233849182600508,15,1.126872555265923,-1.9030883289888436,0.0,0.0,0.0,0.0,83.19,SUCCESS,BEARISH,emergency,1.0,88195.92,88179.61,0.0184963394598793,115.06402173624676
2025-12-20T17:15:00.121335+00:00,btc-updown-15m-1766250000,RESOLUTION,UP,MARKET_END,30,30,1.0,16.9031,15.0,0.7035,15.0,0.4234,15,1.1269,-1.9031,0.0,0.0,0.0,-1.9031,98.19,RESOLVED,,,,,,,
2025-12-20T17:15:02.488438+00:00,btc-updown-15m-1766250900,TRADE,DOWN,DIR_AVERAGE_DOWN,5,5,0.5101921412062231,2.550960706031116,0.0,0.0,5.0,0.5101921412062231,0,0.0,0.0,5.0,0.0,0.0,0.0,95.64,SUCCESS,BEARISH,average_down,1.0,88164.99,88164.99,0.0,0.1315221388412832
2025-12-20T17:15:02.898791+00:00,btc-updown-15m-1766250900,TRADE,DOWN,DIR_ACCUMULATE,5,4,0.5001337681349768,2.000535072539907,0.0,0.0,9.0,0.5057217531745581,0,0.0,0.0,9.0,0.0,0.0,0.0,93.64,SUCCESS,BEARISH,accumulate,1.0,88164.99,88164.99,0.0,0.1314596718270848
2025-12-20T17:15:03.298273+00:00,btc-updown-15m-1766250900,TRADE,UP,DIR_REBALANCE,5,5,0.5101797051006804,2.5508985255034022,5.0,0.5101797051006804,9.0,0.5057217531745581,5,1.0159014582752386,-0.0795072913761929,4.0,0.0,0.0,0.0,91.09,SUCCESS,BEARISH,rebalance,1.0,88164.99,88164.99,0.0,0.0063289341226976
2025-12-20T17:15:03.691417+00:00,btc-updown-15m-1766250900,TRADE,DOWN,DIR_ACCUMULATE,5,5,0.5102505649999696,2.551252824999848,5.0,0.5101797051006804,14.0,0.5073391859693479,5,1.0175188910700284,-0.0875944553501417,9.0,0.0,0.0,0.0,88.54,SUCCESS,BEARISH,accumulate,1.0,88164.99,88164.99,0.0,0.0063197013245144
2025-12-20T17:15:04.207466+00:00,btc-updown-15m-1766250900,TRADE,UP,DIR_REBALANCE,5,5,0.5000952282663818,2.5004761413319088,10.0,0.5051374666835311,14.0,0.5073391859693479,10,1.012476652652879,-0.12476652652879,4.0,0.0,0.0,0.0,86.03,SUCCESS,BEARISH,rebalance,1.0,88164.99,88164.99,0.0,0.0062257961359356
2025-12-20T17:15:05.001278+00:00,btc-updown-15m-1766250900,TRADE,DOWN,DIR_ACCUMULATE,1,1,0.5100575627609503,0.5100575627609503,10.0,0.5051374666835311,15.0,0.5075204110887881,10,1.0126578777723192,-0.1265787777231919,5.0,0.0,0.0,0.0,85.52,SUCCESS,BEARISH,accumulate,1.0,88164.99,88164.99,0.0,0.0062531229672545
2025-12-20T17:19:19.705224+00:00,btc-updown-15m-1766250900,TRADE,UP,DIR_ACCUMULATE,5,5,0.7102627307416137,3.5513136537080685,15.0,0.573512554702892,15.0,0.5075204110887881,15,1.08103296579168,-1.2154944868751991,0.0,0.0,0.0,0.0,81.97,SUCCESS,BULLISH,accumulate,2.0,88209.97,88164.99,0.0510179834421757,374.358701096296
2025-12-20T17:30:00.190477+00:00,btc-updown-15m-1766250900,RESOLUTION,DOWN,MARKET_END,30,30,1.0,16.2155,15.0,0.5735,15.0,0.5075,15,1.081,-1.2155,0.0,0.0,0.0,-1.215,96.97,RESOLVED,,,,,,,
2025-12-20T17:30:02.479034+00:00,btc-updown-15m-1766251800,TRADE,UP,DIR_AVERAGE_DOWN,5,5,0.4701990746535875,2.3509953732679376,5.0,0.4701990746535875,0.0,0.0,0,0.0,0.0,5.0,0.0,0.0,0.0,94.62,SUCCESS,BULLISH,average_down,2.0,88245.3,88245.3,0.0,0.0069556473252815
2025-12-20T17:30:02.902105+00:00,btc-updown-15m-1766251800,TRADE,UP,DIR_ACCUMULATE,5,5,0.4700722380014797,2.350361190007398,10.0,0.4701356563275336,0.0,0.0,0,0.0,0.0,10.0,0.0,0.0,0.0,92.27,SUCCESS,BULLISH,accumulate,2.0,88245.3,88245.3,0.0,0.0069556473252815
2025-12-20T17:30:03.512520+00:00,btc-updown-15m-1766251800,TRADE,DOWN,DIR_REBALANCE,5,1,0.5401355610804593,0.5401355610804593,10.0,0.4701356563275336,1.0,0.5401355610804593,1,1.0102712174079929,-0.0102712174079928,9.0,0.0,0.0,0.0,91.73,SUCCESS,BULLISH,rebalance,2.0,88245.3,88245.3,0.0,0.0069467466267462
2025-12-20T17:30:03.905716+00:00,btc-updown-15m-1766251800,TRADE,DOWN,DIR_REBALANCE,5,5,0.5400262134593808,2.7001310672969043,10.0,0.4701356563275336,6.0,0.5400444380628939,6,1.0101800943904276,-0.0610805663425653,4.0,0.0,0.0,0.0,89.03,SUCCESS,BULLISH,rebalance,2.0,88245.3,88245.3,0.0,0.0070998371330461
2025-12-20T17:30:04.305308+00:00,btc-updown-15m-1766251800,TRADE,UP,DIR_ACCUMULATE,5,5,0.4701489328530328,2.3507446642651644,15.0,0.4701400818360334,6.0,0.5400444380628939,6,1.0101845198989272,-0.0611071193935632,9.0,0.0,0.0,0.0,86.68,SUCCESS,BULLISH,accumulate,2.0,88245.3,88245.3,0.0,0.0070907285957332
2025-12-20T17:30:04.712395+00:00,btc-updown-15m-1766251800,TRADE,DOWN,DIR_REBALANCE,5,5,0.539846575924035,2.6992328796201748,15.0,0.4701400818360334,11.0,0.539954500727049,11,1.0100945825630825,-0.1110404081939049,4.0,0.0,0.0,0.0,83.98,SUCCESS,BULLISH,rebalance,2.0,88245.3,88245.3,0.0,0.0071181600101915
2025-12-20T17:40:00.739577+00:00,btc-updown-15m-1766251800,TRADE,DOWN,DIR_EMERGENCY,4,2,0.9195457728034334,1.8390915456068668,15.0,0.4701400818360334,13.0,0.5983531579695697,13,1.068493239805603,-0.8904121174728399,2.0,0.0,0.0,0.0,82.14,SUCCESS,BEARISH,emergency,3.0,88183.57,88245.3,-0.0699527340266234,2812.071836310489
2025-12-20T17:40:01.148165+00:00,btc-updown-15m-1766251800,TRADE,DOWN,DIR_EMERGENCY,2,2,0.9204475412909828,1.8408950825819657,15.0,0.4701400818360334,15.0,0.6412990757457581,15,1.1114391575817917,-1.671587363726872,0.0,0.0,0.0,0.0,80.3,SUCCESS,BEARISH,emergency,3.0,88183.57,88245.3,-0.0699527340266234,2812.071836310489
2025-12-20T17:45:00.106820+00:00,btc-updown-15m-1766251800,RESOLUTION,DOWN,MARKET_END,30,30,1.0,16.6716,15.0,0.4701,15.0,0.6413,15,1.1114,-1.6716,0.0,0.0,0.0,-1.6716,95.3,RESOLVED,,,,,,,
2025-12-20T17:45:02.932937+00:00,btc-updown-15m-1766252700,TRADE,DOWN,DIR_AVERAGE_DOWN,5,5,0.5001934120311198,2.500967060155599,0.0,0.0,5.0,0.5001934120311198,0,0.0,0.0,5.0,0.0,0.0,0.0,92.8,SUCCESS,BEARISH,average_down,3.0,88203.4,88203.4,0.0,0.1228303188132559
2025-12-20T17:45:03.319736+00:00,btc-updown-15m-1766252700,TRADE,DOWN,DIR_ACCUMULATE,5,5,0.5001492756737042,2.500746378368521,0.0,0.0,10.0,0.500171343852412,0,0.0,0.0,10.0,0.0,0.0,0.0,90.3,SUCCESS,BEARISH,accumulate,3.0,88203.4,88203.4,0.0,0.1227448880473872
2025-12-20T17:45:03.717450+00:00,btc-updown-15m-1766252700,TRADE,UP,DIR_REBALANCE,5,5,0.5100314606643332,2.550157303321666,5.0,0.5100314606643332,10.0,0.500171343852412,5,1.0102028045167453,-0.0510140225837263,5.0,0.0,0.0,0.0,87.75,SUCCESS,BEARISH,rebalance,3.0,88203.4,88203.4,0.0,0.1227448880473872
2025-12-20T17:45:04.161264+00:00,btc-updown-15m-1766252700,TRADE,DOWN,DIR_ACCUMULATE,5,5,0.5001877140317893,2.5009385701589464,5.0,0.5100314606643332,15.0,0.500176800578871,5,1.0102082612432044,-0.0510413062160219,10.0,0.0,0.0,0.0,85.25,SUCCESS,BEARISH,accumulate,3.0,88203.4,88203.4,0.0,0.1227448880473872
2025-12-20T17:45:04.587394+00:00,btc-updown-15m-1766252700,TRADE,UP,DIR_REBALANCE,5,5,0.5101055506542144,2.550527753271072,10.0,0.5100685056592738,15.0,0.500176800578871,10,1.010245306238145,-0.102453062381449,5.0,0.0,0.0,0.0,82.7,SUCCESS,BEARISH,rebalance,3.0,88203.4,88203.4,0.0,0.1226596352943066
2025-12-20T17:55:00.772833+00:00,btc-updown-15m-1766252700,TRADE,UP,DIR_EMERGENCY,5,5,0.4100222460081492,2.0501112300407462,15.0,0.4767197524422323,15.0,0.500176800578871,15,0.9768965530211032,0.3465517046834498,0.0,0.0,0.0,0.0,80.65,SUCCESS,BEARISH,emergency,3.0,88181.8,88203.4,-0.0244888519036582,183.11388850305403
2025-12-20T19:46:11.942809+00:00,btc-updown-15m-1766259900,TRADE,DOWN,DIR_AVERAGE_DOWN,1,1,0.6300775729061175,0.6300775729061175,0.0,0.0,1.0,0.6300775729061175,0,0.0,0.0,1.0,0.0,0.0,0.0,99.37,SUCCESS,BEARISH,average_down,0.0,88221.05,88223.2,-0.0024370006982224,17.37952041396296
2025-12-20T19:48:00.713314+00:00,btc-updown-15m-1766259900,TRADE,DOWN,DIR_AVERAGE_DOWN,1,1,0.4800767421967223,0.4800767421967223,0.0,0.0,2.0,0.55507715755142,0,0.0,0.0,2.0,0.0,0.0,0.0,98.89,SUCCESS,BEARISH,average_down,0.0,88230.79,88223.2,0.0086031792090929,67.4485426824022
2025-12-20T20:00:05.604861+00:00,btc-updown-15m-1766260800,TRADE,DOWN,DIR_AVERAGE_DOWN,1,1,0.5001356551111695,0.5001356551111695,0.0,0.0,1.0,0.5001356551111695,0,0.0,0.0,1.0,0.0,0.0,0.0,99.5,SUCCESS,BEARISH,average_down,0.0,88215.28,88215.28,0.0,0.1097134146441009
2025-12-20T20:05:21.437481+00:00,btc-updown-15m-1766260800,TRADE,UP,DIR_AVERAGE_DOWN,5,5,0.3800256672263198,1.900128336131599,5.0,0.3800256672263198,0.0,0.0,0,0.0,0.0,5.0,0.0,0.0,0.0,98.1,SUCCESS,BULLISH,average_down,0.0,88211.17,88211.17,0.0,0.0
2025-12-20T20:05:26.818198+00:00,btc-updown-15m-1766260800,TRADE,UP,DIR_ACCUMULATE,5,5,0.3800964596991427,1.9004822984957133,10.0,0.3800610634627312,0.0,0.0,0,0.0,0.0,10.0,0.0,0.0,0.0,96.2,SUCCESS,BULLISH,accumulate,0.0,88211.18,88211.17,1.1336432783695431e-05,2.2677868380553634
2025-12-20T20:05:32.233077+00:00,btc-updown-15m-1766260800,TRADE,DOWN,DIR_REBALANCE,5,5,0.640158367762205,3.200791838811025,10.0,0.3800610634627312,5.0,0.640158367762205,5,1.0202194312249362,-0.1010971561246809,5.0,0.0,0.0,0.0,93.0,SUCCESS,BULLISH,rebalance,0.0,88211.17,88211.17,0.0,3.672343912568202e-08
2025-12-20T20:05:37.631018+00:00,btc-updown-15m-1766260800,TRADE,UP,DIR_ACCUMULATE,5,5,0.3601172061591117,1.8005860307955588,15.0,0.3734131110281914,5.0,0.640158367762205,5,1.0135714787903964,-0.0678573939519822,10.0,0.0,0.0,0.0,91.2,SUCCESS,BULLISH,accumulate,0.0,88211.17,88211.17,0.0,3.86982594824382e-08
2025-12-20T20:05:43.037314+00:00,btc-updown-15m-1766260800,TRADE,DOWN,DIR_REBALANCE,5,5,0.6500254507817971,3.2501272539089854,15.0,0.3734131110281914,10.0,0.645091909272001,10,1.0185050203001924,-0.1850502030019241,5.0,0.0,0.0,0.0,87.95,SUCCESS,BULLISH,rebalance,0.0,88211.17,88211.17,0.0,4.005948129565158e-08
2025-12-20T20:15:11.632998+00:00,btc-updown-15m-1766261700,TRADE,UP,DIR_AVERAGE_DOWN,1,1,0.4700966818214908,0.4700966818214908,1.0,0.4700966818214908,0.0,0.0,0,0.0,0.0,1.0,0.0,0.0,0.0,99.53,SUCCESS,BULLISH,average_down,0.0,88260.94,88260.94,0.0,0.1473328632864242
2025-12-20T20:20:11.355899+00:00,btc-updown-15m-1766261700,TRADE,UP,DIR_AVERAGE_DOWN,5,5,0.5100485907987687,2.550242953993844,5.0,0.5100485907987687,0.0,0.0,0,0.0,0.0,5.0,0.0,0.0,0.0,97.45,SUCCESS,BULLISH,average_down,0.0,88263.85,88263.86,-1.1329665385992989e-05,1.5811387749648809
2025-12-20T20:20:16.776673+00:00,btc-updown-15m-1766261700,TRADE,UP,DIR_ACCUMULATE,5,5,0.4601476187866113,2.3007380939330564,10.0,0.48509810479269,0.0,0.0,0,0.0,0.0,10.0,0.0,0.0,0.0,95.15,SUCCESS,BULLISH,accumulate,0.0,88263.85,88263.86,-1.1329665385992989e-05,1.4529662701938022
2025-12-20T20:20:22.211673+00:00,btc-updown-15m-1766261700,TRADE,DOWN,DIR_REBALANCE,5,5,0.5501613942195587,2.750806971097793,10.0,0.48509810479269,5.0,0.5501613942195587,5,1.0352594990122488,-0.1762974950612439,5.0,0.0,0.0,0.0,92.4,SUCCESS,BULLISH,rebalance,0.0,88263.86,88263.86,0.0,0.0196446265577481
2025-12-20T20:20:27.597472+00:00,btc-updown-15m-1766261700,TRADE,UP,DIR_ACCUMULATE,5,5,0.4501431305118886,2.2507156525594434,15.0,0.4734464466990896,5.0,0.5501613942195587,5,1.0236078409186482,-0.118039204593241,10.0,0.0,0.0,0.0,90.15,SUCCESS,BULLISH,accumulate,0.0,88263.85,88263.86,-1.1329665385992989e-05,1.9148541363564868
2025-12-20T20:20:33.010819+00:00,btc-updown-15m-1766261700,TRADE,DOWN,DIR_REBALANCE,5,5,0.5400106275860136,2.700053137930068,15.0,0.4734464466990896,10.0,0.5450860109027861,10,1.0185324576018755,-0.1853245760187571,5.0,0.0,0.0,0.0,87.45,SUCCESS,BULLISH,rebalance,0.0,88263.86,88263.86,0.0,0.0149416048761681
2025-12-20T20:25:05.612311+00:00,btc-updown-15m-1766261700,TRADE,DOWN,DIR_EMERGENCY,5,5,0.2700689186392225,1.3503445931961129,15.0,0.4734464466990896,15.0,0.4534136468149315,15,0.9268600935140212,1.0970985972896818,0.0,0.0,0.0,0.0,86.1,SUCCESS,BULLISH,emergency,0.0,88277.59,88263.86,0.0155556305831128,2234.8598288478606
2025-12-20T20:30:05.292019+00:00,btc-updown-15m-1766261700,RESOLUTION,DOWN,MARKET_END,30,30,1.0,13.9029,15.0,0.4734,15.0,0.4534,15,0.9269,1.0971,0.0,0.0,0.0,1.0971,101.1,RESOLVED,,,,,,,
2025-12-20T20:30:12.507083+00:00,btc-updown-15m-1766262600,TRADE,UP,DIR_AVERAGE_DOWN,5,5,0.4700849188840917,2.350424594420459,5.0,0.4700849188840917,0.0,0.0,0,0.0,0.0,5.0,0.0,0.0,0.0,98.75,SUCCESS,BULLISH,average_down,0.0,88271.33,88271.33,0.0,0.0166058860395338
2025-12-20T20:30:18.020283+00:00,btc-updown-15m-1766262600,TRADE,UP,DIR_ACCUMULATE,5,3,0.4801562229173356,1.4404686687520067,8.0,0.4738616578965582,0.0,0.0,0,0.0,0.0,8.0,0.0,0.0,0.0,97.31,SUCCESS,BULLISH,accumulate,0.0,88271.32,88271.33,-1.1328706608092697e-05,1.510060646470449
2025-12-20T20:30:23.426024+00:00,btc-updown-15m-1766262600,TRADE,DOWN,DIR_REBALANCE,5,1,0.530260287946775,0.530260287946775,8.0,0.4738616578965582,1.0,0.530260287946775,1,1.0041219458433333,-0.0041219458433332,7.0,0.0,0.0,0.0,96.78,SUCCESS,BULLISH,rebalance,0.0,88271.32,88271.33,-1.1328706608092697e-05,1.5188990967834664
2025-12-20T20:30:28.843303+00:00,btc-updown-15m-1766262600,TRADE,DOWN,DIR_REBALANCE,5,5,0.5301072733038966,2.650536366519483,8.0,0.4738616578965582,6.0,0.5301327757443763,6,1.0039944336409343,-0.0239666018456072,2.0,0.0,0.0,0.0,94.13,SUCCESS,BULLISH,rebalance,0.0,88271.33,88271.33,0.0,0.0124879096722018
2025-12-20T20:30:34.236776+00:00,btc-updown-15m-1766262600,TRADE,UP,DIR_AVERAGE_DOWN,5,5,0.5000480468896454,2.5002402344482277,13.0,0.4839333459708225,6.0,0.5301327757443763,6,1.014066121715199,-0.0843967302911936,7.0,0.0,0.0,0.0,91.63,SUCCESS,BULLISH,average_down,0.0,88271.32,88271.33,-1.1328706608092697e-05,1.4024292525322903
2025-12-20T20:30:39.657161+00:00,btc-updown-15m-1766262600,TRADE,DOWN,DIR_REBALANCE,5,5,0.5300751511082199,2.6503757555410994,13.0,0.4839333459708225,11.0,0.5301065827279415,11,1.014039928698764,-0.1544392156864042,2.0,0.0,0.0,0.0,88.97,SUCCESS,BULLISH,rebalance,0.0,88271.32,88271.33,-1.1328706608092697e-05,1.457737929673226
2025-12-20T20:30:45.087584+00:00,btc-updown-15m-1766262600,TRADE,UP,DIR_AVERAGE_DOWN,2,2,0.5001616549570826,1.0003233099141653,15.0,0.4860971205023239,11.0,0.5301065827279415,11,1.0162037032302655,-0.1782407355329209,4.0,0.0,0.0,0.0,87.97,SUCCESS,BULLISH,average_down,0.0,88271.33,88271.33,0.0,0.0107018676824282
2025-12-20T20:45:02.149644+00:00,btc-updown-15m-1766262600,RESOLUTION,UP,MARKET_END,26,26,1.0,13.1226,15.0,0.4861,11.0,0.5301,11,1.0162,-0.1782,0.27,0.0,0.0,1.8774,102.97,RESOLVED,,,,,,,
2025-12-20T20:45:09.788189+00:00,btc-updown-15m-1766263500,TRADE,UP,DIR_AVERAGE_DOWN,5,5,0.5299992247281284,2.6499961236406424,5.0,0.5299992247281284,0.0,0.0,0,0.0,0.0,5.0,0.0,0.0,0.0,100.32,SUCCESS,BULLISH,average_down,0.0,88230.25,88230.25,0.0,3.08465965018774e-08
2025-12-20T20:45:15.162574+00:00,btc-updown-15m-1766263500,TRADE,UP,DIR_ACCUMULATE,5,5,0.5401941876652356,2.7009709383261784,10.0,0.535096706196682,0.0,0.0,0,0.0,0.0,10.0,0.0,0.0,0.0,97.62,SUCCESS,BULLISH,accumulate,0.0,88230.24,88230.25,-1.1333981253324468e-05,1.9621416045357916
2025-12-20T20:45:20.562177+00:00,btc-updown-15m-1766263500,TRADE,DOWN,DIR_REBALANCE,5,3,0.4701584206805041,1.4104752620415124,10.0,0.535096706196682,3.0,0.4701584206805041,3,1.005255126877186,-0.0157653806315583,7.0,0.0,0.0,0.0,96.21,SUCCESS,BULLISH,rebalance,0.0,88230.24,88230.25,-1.1333981253324468e-05,1.9151595738606928
2025-12-20T20:45:25.950025+00:00,btc-updown-15m-1766263500,TRADE,DOWN,DIR_REBALANCE,5,5,0.4700173626581689,2.350086813290845,10.0,0.535096706196682,8.0,0.4700702594165446,8,1.0051669656132267,-0.0413357249058137,2.0,0.0,0.0,0.0,93.86,SUCCESS,BULLISH,rebalance,0.0,88230.25,88230.25,0.0,3.0290371411584934e-08
2025-12-20T20:45:31.360510+00:00,btc-updown-15m-1766263500,TRADE,UP,DIR_AVERAGE_DOWN,5,5,0.5402068638593878,2.701034319296939,15.0,0.5368000920842507,8.0,0.4700702594165446,8,1.0068703515007953,-0.0549628120063623,7.0,0.0,0.0,0.0,91.16,SUCCESS,BULLISH,average_down,0.0,88230.25,88230.25,0.0,0.0153315444240417
2025-12-20T20:45:36.791858+00:00,btc-updown-15m-1766263500,TRADE,DOWN,DIR_REBALANCE,5,5,0.4700283865726861,2.3501419328634308,15.0,0.5368000920842507,13.0,0.470054154476599,13,1.0068542465608497,-0.0891052052910454,2.0,0.0,0.0,0.0,88.81,SUCCESS,BULLISH,rebalance,0.0,88230.25,88230.25,0.0,0.0147421010140377
2025-12-20T20:55:01.643201+00:00,btc-updown-15m-1766263500,TRADE,DOWN,DIR_EMERGENCY,2,2,0.1100399146818804,0.2200798293637608,15.0,0.5368000920842507,15.0,0.4220522558373032,15,0.958852347921554,0.6172147811766909,0.0,0.0,0.0,0.0,88.59,SUCCESS,BULLISH,emergency,0.0,88271.6,88230.25,0.0468660125070549,393.2540159393938
2025-12-20T21:00:01.620623+00:00,btc-updown-15m-1766263500,RESOLUTION,UP,MARKET_END,30,30,1.0,14.3828,15.0,0.5368,15.0,0.4221,15,0.9589,0.6172,0.0,0.0,0.0,0.6172,103.59,RESOLVED,,,,,,,
2025-12-20T21:00:09.903995+00:00,btc-updown-15m-1766264400,TRADE,UP,DIR_AVERAGE_DOWN,5,5,0.490020375969235,2.450101879846175,5.0,0.490020375969235,0.0,0.0,0,0.0,0.0,5.0,0.0,0.0,0.0,101.14,SUCCESS,BULLISH,average_down,0.0,88271.6,88271.6,0.0,0.00836265744464
2025-12-20T21:00:15.321559+00:00,btc-updown-15m-1766264400,TRADE,UP,DIR_ACCUMULATE,5,5,0.4802089771114651,2.401044885557325,10.0,0.48511467654035,0.0,0.0,0,0.0,0.0,10.0,0.0,0.0,0.0,98.74,SUCCESS,BULLISH,accumulate,0.0,88271.6,88271.6,0.0,0.008098243547868
2025-12-20T21:00:20.740619+00:00,btc-updown-15m-1766264400,TRADE,DOWN,DIR_REBALANCE,5,5,0.5200015832953891,2.6000079164769456,10.0,0.48511467654035,5.0,0.5200015832953891,5,1.0051162598357393,-0.0255812991786963,5.0,0.0,0.0,0.0,96.14,SUCCESS,BULLISH,rebalance,0.0,88271.59,88271.6,-1.1328671972993834e-05,1.768776748749711
2025-12-20T21:00:26.156217+00:00,btc-updown-15m-1766264400,TRADE,UP,DIR_ACCUMULATE,5,3,0.4700805125675302,1.4102415377025903,13.0,0.4816452540850839,5.0,0.5200015832953891,5,1.001646837380473,-0.0082341869023649,8.0,0.0,0.0,0.0,94.73,SUCCESS,BULLISH,accumulate,0.0,88271.6,88271.6,0.0,3.1995292257429324e-08
2025-12-20T21:00:31.566631+00:00,btc-updown-15m-1766264400,TRADE,DOWN,DIR_REBALANCE,5,5,0.5300033986088412,2.650016993044206,13.0,0.4816452540850839,10.0,0.5250024909521152,10,1.0066477450371991,-0.0664774503719911,3.0,0.0,0.0,0.0,92.08,SUCCESS,BULLISH,rebalance,0.0,88271.59,88271.6,-1.1328671972993834e-05,1.7525490966948138
2025-12-20T21:00:42.447519+00:00,btc-updown-15m-1766264400,TRADE,UP,DIR_ACCUMULATE,2,2,0.4801155124511906,0.9602310249023812,15.0,0.4814412885338981,10.0,0.5250024909521152,10,1.0064437794860133,-0.0644377948601326,5.0,0.0,0.0,0.0,91.12,SUCCESS,BULLISH,accumulate,0.0,88271.6,88271.6,0.0,3.1999484417150045e-08
2025-12-20T21:10:05.613504+00:00,btc-updown-15m-1766264400,TRADE,DOWN,DIR_EMERGENCY,5,5,0.0900156486265766,0.4500782431328834,15.0,0.4814412885338981,15.0,0.3800068768436023,15,0.8614481653775005,2.078277519337493,0.0,0.0,0.0,0.0,90.67,SUCCESS,BULLISH,emergency,0.0,88320.55,88271.6,0.0554538492561561,633.641071669457
2025-12-20T21:15:00.903554+00:00,btc-updown-15m-1766264400,RESOLUTION,DOWN,MARKET_END,30,30,1.0,12.9217,15.0,0.4814,15.0,0.38,15,0.8614,2.0783,0.0,0.0,0.0,2.0783,105.67,RESOLVED,,,,,,,
2025-12-20T21:15:08.506319+00:00,btc-updown-15m-1766265300,TRADE,UP,DIR_AVERAGE_DOWN,5,5,0.479837547945531,2.399187739727655,5.0,0.479837547945531,0.0,0.0,0,0.0,0.0,5.0,0.0,0.0,0.0,103.27,SUCCESS,BULLISH,average_down,0.0,88304.26,88304.26,0.0,0.0895742294047497
2025-12-20T21:15:14.138883+00:00,btc-updown-15m-1766265300,TRADE,UP,DIR_ACCUMULATE,5,5,0.4800545949416165,2.400272974708083,10.0,0.4799460714435738,0.0,0.0,0,0.0,0.0,10.0,0.0,0.0,0.0,100.87,SUCCESS,BULLISH,accumulate,0.0,88304.25,88304.26,-1.1324481961302106e-05,0.244665226059998
2025-12-20T21:15:19.564542+00:00,btc-updown-15m-1766265300,TRADE,DOWN,DIR_REBALANCE,5,5,0.5702163404242935,2.8510817021214674,10.0,0.4799460714435738,5.0,0.5702163404242935,5,1.0501624118678672,-0.2508120593393359,5.0,0.0,0.0,0.0,98.02,SUCCESS,BULLISH,rebalance,0.0,88304.26,88304.26,0.0,0.0892161385274713
2025-12-20T21:15:24.960946+00:00,btc-updown-15m-1766265300,TRADE,UP,DIR_ACCUMULATE,5,5,0.4300805199312315,2.1504025996561578,15.0,0.4633242209394597,5.0,0.5702163404242935,5,1.0335405613637532,-0.1677028068187658,10.0,0.0,0.0,0.0,95.87,SUCCESS,BULLISH,accumulate,0.0,88304.26,88304.26,0.0,0.0904797137631697
2025-12-20T21:15:30.477614+00:00,btc-updown-15m-1766265300,TRADE,DOWN,DIR_REBALANCE,5,5,0.5601883733187311,2.8009418665936554,15.0,0.4633242209394597,10.0,0.5652023568715123,10,1.028526577810972,-0.2852657781097201,5.0,0.0,0.0,0.0,93.07,SUCCESS,BULLISH,rebalance,0.0,88304.25,88304.26,-1.1324481961302106e-05,0.2436795367111663
2025-12-20T21:25:01.553806+00:00,btc-updown-15m-1766265300,TRADE,DOWN,DIR_EMERGENCY,5,5,0.2100068452386696,1.0500342261933484,15.0,0.4633242209394597,15.0,0.4468038529938981,15,0.9101280739333578,1.3480788909996329,0.0,0.0,0.0,0.0,92.02,SUCCESS,BULLISH,emergency,0.0,88336.75,88304.26,0.0367932419115513,270.56236557027773
2025-12-20T21:30:02.378207+00:00,btc-updown-15m-1766265300,RESOLUTION,DOWN,MARKET_END,30,30,1.0,13.6519,15.0,0.4633,15.0,0.4468,15,0.9101,1.3481,0.0,0.0,0.0,1.3481,107.02,RESOLVED,,,,,,,
2025-12-20T21:30:15.049754+00:00,btc-updown-15m-1766266200,TRADE,UP,DIR_AVERAGE_DOWN,5,5,0.4700740739556647,2.350370369778324,5.0,0.4700740739556647,0.0,0.0,0,0.0,0.0,5.0,0.0,0.0,0.0,104.67,SUCCESS,BULLISH,average_down,0.0,88296.28,88296.27,1.1325506722720347e-05,2.3400475424925182
2025-12-20T21:30:20.471576+00:00,btc-updown-15m-1766266200,TRADE,UP,DIR_ACCUMULATE,5,5,0.4701669666366606,2.3508348331833027,10.0,0.4701205202961626,0.0,0.0,0,0.0,0.0,10.0,0.0,0.0,0.0,102.32,SUCCESS,BULLISH,accumulate,0.0,88296.27,88296.27,0.0,2.4460689378695924e-08
2025-12-20T21:30:31.264472+00:00,btc-updown-15m-1766266200,TRADE,DOWN,DIR_REBALANCE,5,5,0.5300957123563775,2.650478561781888,10.0,0.4701205202961626,5.0,0.5300957123563775,5,1.00021623265254,-0.0010811632627005,5.0,0.0,0.0,0.0,99.67,SUCCESS,BULLISH,rebalance,0.0,88296.27,88296.27,0.0,0.0064211671869919
2025-12-20T21:30:36.676975+00:00,btc-updown-15m-1766266200,TRADE,UP,DIR_ACCUMULATE,5,5,0.4800746337706727,2.4003731688533634,15.0,0.4734385581209993,5.0,0.5300957123563775,5,1.0035342704773769,-0.0176713523868843,10.0,0.0,0.0,0.0,97.27,SUCCESS,BULLISH,accumulate,0.0,88296.28,88296.27,1.1325506722720347e-05,2.265982919513879
2025-12-20T21:30:42.060799+00:00,btc-updown-15m-1766266200,TRADE,DOWN,DIR_REBALANCE,5,5,0.5401977941643971,2.700988970821985,15.0,0.4734385581209993,10.0,0.5351467532603873,10,1.0085853113813863,-0.0858531138138651,5.0,0.0,0.0,0.0,94.56,SUCCESS,BULLISH,rebalance,0.0,88296.28,88296.27,1.1325506722720347e-05,2.4047714612258733
2025-12-20T21:40:01.265918+00:00,btc-updown-15m-1766266200,TRADE,DOWN,DIR_EMERGENCY,5,5,0.5201809191743999,2.600904595872,15.0,0.4734385581209993,15.0,0.5301581418983915,15,1.0035967000193908,-0.0539505002908624,0.0,0.0,0.0,0.0,91.96,SUCCESS,BULLISH,emergency,0.0,88296.28,88296.27,1.1325506722720347e-05,1.6333062662811837
2025-12-20T21:45:00.970050+00:00,btc-updown-15m-1766266200,RESOLUTION,DOWN,MARKET_END,30,30,1.0,15.054,15.0,0.4734,15.0,0.5302,15,1.0036,-0.054,0.0,0.0,0.0,-0.054,106.96,RESOLVED,,,,,,,
2025-12-20T21:45:08.241720+00:00,btc-updown-15m-1766267100,TRADE,UP,DIR_AVERAGE_DOWN,5,5,0.5201973138487525,2.600986569243762,5.0,0.5201973138487525,0.0,0.0,0,0.0,0.0,5.0,0.0,0.0,0.0,104.36,SUCCESS,BULLISH,average_down,0.0,88290.6,88290.6,0.0,3.5928433934219536e-08
2025-12-20T21:45:13.891928+00:00,btc-updown-15m-1766267100,TRADE,UP,DIR_ACCUMULATE,5,5,0.5201195331041005,2.6005976655205028,10.0,0.5201584234764265,0.0,0.0,0,0.0,0.0,10.0,0.0,0.0,0.0,101.76,SUCCESS,BULLISH,accumulate,0.0,88290.6,88290.6,0.0,0.0090949467763548
2025-12-20T21:45:19.295394+00:00,btc-updown-15m-1766267100,TRADE,DOWN,DIR_REBALANCE,5,5,0.500229776906669,2.501148884533345,10.0,0.5201584234764265,5.0,0.500229776906669,5,1.0203882003830955,-0.1019410019154776,5.0,0.0,0.0,0.0,99.26,SUCCESS,BULLISH,rebalance,0.0,88290.6,88290.6,0.0,3.3218707550894265e-08
2025-12-20T21:45:24.697547+00:00,btc-updown-15m-1766267100,TRADE,UP,DIR_ACCUMULATE,5,5,0.5100459095212007,2.550229547606003,15.0,0.5167875854913512,5.0,0.500229776906669,5,1.01701736239802,-0.0850868119901004,10.0,0.0,0.0,0.0,96.71,SUCCESS,BULLISH,accumulate,0.0,88290.59,88290.6,-1.1326234060379276e-05,1.615283026245684
2025-12-20T21:45:30.094060+00:00,btc-updown-15m-1766267100,TRADE,DOWN,DIR_REBALANCE,5,5,0.5001706981019952,2.500853490509976,15.0,0.5167875854913512,10.0,0.5002002375043321,10,1.0169878229956832,-0.1698782299568324,5.0,0.0,0.0,0.0,94.21,SUCCESS,BULLISH,rebalance,0.0,88290.59,88290.6,-1.1326234060379276e-05,1.678482789959671
2025-12-20T22:00:03.921526+00:00,btc-updown-15m-1766267100,RESOLUTION,DOWN,MARKET_END,25,25,1.0,12.7538,15.0,0.5168,10.0,0.5002,10,1.017,-0.1699,0.33,0.0,0.0,-2.754,104.21,RESOLVED,,,,,,,
2025-12-20T22:00:12.025948+00:00,btc-updown-15m-1766268000,TRADE,DOWN,DIR_AVERAGE_DOWN,5,5,0.3400864589507398,1.7004322947536994,0.0,0.0,5.0,0.3400864589507398,0,0.0,0.0,5.0,0.0,0.0,0.0,102.51,SUCCESS,BEARISH,average_down,1.0,88229.07,88229.07,0.0,0.258431769261111
2025-12-20T22:00:22.964887+00:00,btc-updown-15m-1766268000,TRADE,DOWN,DIR_ACCUMULATE,5,5,0.3700499412840884,1.850249706420442,0.0,0.0,10.0,0.3550682001174141,0,0.0,0.0,10.0,0.0,0.0,0.0,100.66,SUCCESS,BEARISH,accumulate,1.0,88229.08,88229.07,1.1334132837126482e-05,0.2025451304036498
2025-12-20T22:00:28.400876+00:00,btc-updown-15m-1766268000,TRADE,UP,DIR_REBALANCE,5,5,0.6500448236595905,3.2502241182979525,5.0,0.6500448236595905,10.0,0.3550682001174141,5,1.0051130237770045,-0.0255651188850225,5.0,0.0,0.0,0.0,97.41,SUCCESS,BEARISH,rebalance,1.0,88229.08,88229.07,1.1334132837126482e-05,0.1935713089970155
2025-12-20T22:00:39.229312+00:00,btc-updown-15m-1766268000,TRADE,DOWN,DIR_ACCUMULATE,5,5,0.2700285786922002,1.3501428934610014,5.0,0.6500448236595905,15.0,0.3267216596423428,5,0.9767664833019334,0.116167583490333,10.0,0.0,0.0,0.0,96.06,SUCCESS,BEARISH,accumulate,1.0,88240.0,88229.07,0.0123882071974611,70.02071594679322
2025-12-20T22:00:44.635944+00:00,btc-updown-15m-1766268000,TRADE,UP,DIR_REBALANCE,5,5,0.7503612259688226,3.751806129844113,10.0,0.7002030248142066,15.0,0.3267216596423428,10,1.0269246844565494,-0.2692468445654938,5.0,0.0,0.0,0.0,92.31,SUCCESS,BEARISH,rebalance,1.0,88248.77,88229.07,0.0223282417008329,130.28062347536516
2025-12-20T22:11:03.105535+00:00,btc-updown-15m-1766268000,TRADE,UP,DIR_EMERGENCY,5,5,0.5901298322166111,2.950649161083056,15.0,0.6635119606150081,15.0,0.3267216596423428,15,0.990233620257351,0.1464956961397356,0.0,0.0,0.0,0.0,89.36,SUCCESS,BEARISH,emergency,1.0,88218.56,88229.07,-0.0119121736180709,129.5409233018743
2025-12-20T22:15:00.039935+00:00,btc-updown-15m-1766268000,RESOLUTION,UP,MARKET_END,30,30,1.0,14.8535,15.0,0.6635,15.0,0.3267,15,0.9902,0.1465,0.0,0.0,0.0,0.147,104.36,RESOLVED,,,,,,,
2025-12-20T22:15:07.783501+00:00,btc-updown-15m-1766268900,TRADE,DOWN,DIR_AVERAGE_DOWN,5,5,0.4701006128967707,2.3505030644838536,0.0,0.0,5.0,0.4701006128967707,0,0.0,0.0,5.0,0.0,0.0,0.0,102.01,SUCCESS,BEARISH,average_down,1.0,88180.49,88180.49,0.0,0.2177074780083871
2025-12-20T22:15:13.178899+00:00,btc-updown-15m-1766268900,TRADE,DOWN,DIR_ACCUMULATE,5,3,0.4602279078818295,1.3806837236454883,0.0,0.0,8.0,0.4663983485161678,0,0.0,0.0,8.0,0.0,0.0,0.0,100.63,SUCCESS,BEARISH,accumulate,1.0,88180.48,88180.49,-1.1340377003250068e-05,0.2950338743647124
2025-12-20T22:15:18.577656+00:00,btc-updown-15m-1766268900,TRADE,UP,DIR_REBALANCE,5,5,0.5801007556732363,2.9005037783661813,5.0,0.5801007556732363,8.0,0.4663983485161678,5,1.046499104189404,-0.2324955209470203,3.0,0.0,0.0,0.0,97.73,SUCCESS,BEARISH,rebalance,1.0,88180.49,88180.49,0.0,0.2228802559220322
2025-12-20T22:15:23.992119+00:00,btc-updown-15m-1766268900,TRADE,DOWN,DIR_ACCUMULATE,5,5,0.4400824023963087,2.200412011981544,5.0,0.5801007556732363,13.0,0.4562768307777604,5,1.0363775864509963,-0.1818879322549826,8.0,0.0,0.0,0.0,95.52,SUCCESS,BEARISH,accumulate,1.0,88180.48,88180.49,-1.1340377003250068e-05,0.3024663789065844
2025-12-20T22:15:29.541287+00:00,btc-updown-15m-1766268900,TRADE,UP,DIR_REBALANCE,5,5,0.5802534003328081,2.9012670016640407,10.0,0.5801770780030222,13.0,0.4562768307777604,10,1.0364539087807825,-0.3645390878078247,3.0,0.0,0.0,0.0,92.62,SUCCESS,BEARISH,rebalance,1.0,88180.49,88180.49,0.0,0.2297517641496722
2025-12-20T22:15:35.047229+00:00,btc-updown-15m-1766268900,TRADE,DOWN,DIR_ACCUMULATE,2,2,0.440108546123429,0.8802170922468581,10.0,0.5801770780030222,15.0,0.4541210594905162,10,1.0342981374935385,-0.3429813749353849,5.0,0.0,0.0,0.0,91.74,SUCCESS,BEARISH,accumulate,1.0,88180.49,88180.49,0.0,0.2522972219320814
2025-12-20T22:25:04.323536+00:00,btc-updown-15m-1766268900,TRADE,UP,DIR_EMERGENCY,5,5,0.2800508954986501,1.4002544774932506,15.0,0.4801350171682315,15.0,0.4541210594905162,15,0.9342560766587478,0.9861588501187836,0.0,0.0,0.0,0.0,90.34,SUCCESS,BEARISH,emergency,1.0,88154.07,88180.49,-0.029961276014681,6546.179178911026
2025-12-20T22:30:04.118083+00:00,btc-updown-15m-1766268900,RESOLUTION,UP,MARKET_END,30,30,1.0,14.0138,15.0,0.4801,15.0,0.4541,15,0.9343,0.9862,0.0,0.0,0.0,0.9862,105.34,RESOLVED,,,,,,,
2025-12-20T22:30:17.420224+00:00,btc-updown-15m-1766269800,TRADE,DOWN,DIR_AVERAGE_DOWN,5,5,0.4401031656246136,2.200515828123068,0.0,0.0,5.0,0.4401031656246136,0,0.0,0.0,5.0,0.0,0.0,0.0,103.14,SUCCESS,BEARISH,average_down,1.0,88225.91,88211.65,0.01616566519276,77.06891902939307
2025-12-20T22:30:22.822943+00:00,btc-updown-15m-1766269800,TRADE,DOWN,DIR_ACCUMULATE,5,5,0.480229349020126,2.40114674510063,0.0,0.0,10.0,0.4601662573223698,0,0.0,0.0,10.0,0.0,0.0,0.0,100.74,SUCCESS,BEARISH,accumulate,1.0,88219.14,88211.65,0.0084909419560854,41.50540799882703
2025-12-20T22:30:28.231877+00:00,btc-updown-15m-1766269800,TRADE,UP,DIR_REBALANCE,5,5,0.5300071293701353,2.6500356468506765,5.0,0.5300071293701353,10.0,0.4601662573223698,5,0.9901733866925052,0.0491330665374745,5.0,0.0,0.0,0.0,98.09,SUCCESS,BEARISH,rebalance,1.0,88219.15,88211.65,0.0085022783271824,41.540989473947896
2025-12-20T22:30:33.645362+00:00,btc-updown-15m-1766269800,TRADE,DOWN,DIR_ACCUMULATE,5,5,0.4299115008941319,2.14955750447066,5.0,0.5300071293701353,15.0,0.4500813385129572,5,0.9800884678830925,0.0995576605845377,10.0,0.0,0.0,0.0,95.94,SUCCESS,BEARISH,accumulate,1.0,88219.14,88211.65,0.0084909419560854,41.73957405826086
2025-12-20T22:30:39.052833+00:00,btc-updown-15m-1766269800,TRADE,UP,DIR_REBALANCE,5,5,0.6300365078539799,3.1501825392698994,10.0,0.5800218186120576,15.0,0.4500813385129572,10,1.0301031571250148,-0.3010315712501477,5.0,0.0,0.0,0.0,92.79,SUCCESS,BEARISH,rebalance,1.0,88219.15,88211.65,0.0085022783271824,40.12916925518042
2025-12-20T22:45:03.748838+00:00,btc-updown-15m-1766269800,RESOLUTION,UP,MARKET_END,25,25,1.0,12.5514,10.0,0.58,15.0,0.4501,10,1.0301,-0.301,0.33,0.0,0.0,-2.5514,102.79,RESOLVED,,,,,,,
2025-12-20T22:45:11.513426+00:00,btc-updown-15m-1766270700,TRADE,UP,DIR_AVERAGE_DOWN,5,5,0.5001413377185041,2.5007066885925204,5.0,0.5001413377185041,0.0,0.0,0,0.0,0.0,5.0,0.0,0.0,0.0,100.29,SUCCESS,BULLISH,average_down,2.0,88255.62,88255.62,0.0,0.3468174433019458
2025-12-20T22:45:16.919610+00:00,btc-updown-15m-1766270700,TRADE,UP,DIR_ACCUMULATE,5,4,0.5102511696811954,2.0410046787247818,9.0,0.5046345963685891,0.0,0.0,0,0.0,0.0,9.0,0.0,0.0,0.0,98.25,SUCCESS,BULLISH,accumulate,2.0,88255.62,88255.62,0.0,0.2170058057785025
2025-12-20T22:45:22.426194+00:00,btc-updown-15m-1766270700,TRADE,DOWN,DIR_REBALANCE,5,5,0.510131119337624,2.55065559668812,9.0,0.5046345963685891,5.0,0.510131119337624,5,1.014765715706213,-0.0738285785310655,4.0,0.0,0.0,0.0,95.7,SUCCESS,BULLISH,rebalance,2.0,88255.63,88255.62,1.133072319849232e-05,2.148871208203557
2025-12-20T22:45:28.204651+00:00,btc-updown-15m-1766270700,TRADE,UP,DIR_ACCUMULATE,5,5,0.5000882885686112,2.500441442843056,14.0,0.5030109150114541,5.0,0.510131119337624,5,1.013142034349078,-0.06571017174539,9.0,0.0,0.0,0.0,93.2,SUCCESS,BULLISH,accumulate,2.0,88255.63,88255.62,1.133072319849232e-05,2.013777430563172
2025-12-20T22:45:33.618446+00:00,btc-updown-15m-1766270700,TRADE,DOWN,DIR_REBALANCE,5,5,0.510000587301317,2.5500029365065853,14.0,0.5030109150114541,10.0,0.5100658533194705,10,1.0130767683309243,-0.1307676833092452,4.0,0.0,0.0,0.0,90.65,SUCCESS,BULLISH,rebalance,2.0,88255.63,88255.62,1.133072319849232e-05,1.585628605436033
2025-12-20T22:45:39.043187+00:00,btc-updown-15m-1766270700,TRADE,UP,DIR_ACCUMULATE,1,1,0.500004141636375,0.500004141636375,15.0,0.5028104634531155,10.0,0.5100658533194705,10,1.012876316772586,-0.1287631677258605,5.0,0.0,0.0,0.0,90.15,SUCCESS,BULLISH,accumulate,2.0,88255.63,88255.62,1.133072319849232e-05,1.620185231753819
2025-12-20T22:55:06.248090+00:00,btc-updown-15m-1766270700,TRADE,DOWN,DIR_EMERGENCY,5,2,0.0400136548939348,0.0800273097878696,15.0,0.5028104634531155,12.0,0.4317238202485479,12,0.9345342837016636,0.7855885955800384,3.0,0.0,0.0,0.0,90.07,SUCCESS,BULLISH,emergency,2.0,88322.09,88255.62,0.0753153170302369,433.8419552433986
2025-12-20T22:55:11.709675+00:00,btc-updown-15m-1766270700,TRADE,DOWN,DIR_EMERGENCY,3,3,0.0300140754757563,0.0900422264272691,15.0,0.5028104634531155,15.0,0.3513818712939896,15,0.8541923347471052,2.1871149787934216,0.0,0.0,0.0,0.0,89.98,SUCCESS,BULLISH,emergency,2.0,88322.1,88255.62,0.0753266477534354,433.137245612381
2025-12-20T23:00:02.356869+00:00,btc-updown-15m-1766270700,RESOLUTION,UP,MARKET_END,30,30,1.0,12.8129,15.0,0.5028,15.0,0.3514,15,0.8542,2.1871,0.0,0.0,0.0,2.187,104.98,RESOLVED,,,,,,,
2025-12-20T23:00:10.273081+00:00,btc-updown-15m-1766271600,TRADE,UP,DIR_AVERAGE_DOWN,5,5,0.400082931976342,2.00041465988171,5.0,0.400082931976342,0.0,0.0,0,0.0,0.0,5.0,0.0,0.0,0.0,102.98,SUCCESS,BULLISH,average_down,2.0,88252.78,88252.78,0.0,0.1508199565653419
2025-12-20T23:00:15.655383+00:00,btc-updown-15m-1766271600,TRADE,UP,DIR_ACCUMULATE,5,5,0.3801113349468614,1.900556674734307,10.0,0.3900971334616017,0.0,0.0,0,0.0,0.0,10.0,0.0,0.0,0.0,101.08,SUCCESS,BULLISH,accumulate,2.0,88252.79,88252.78,1.1331087807954955e-05,0.1975254775848045
2025-12-20T23:00:26.595709+00:00,btc-updown-15m-1766271600,TRADE,DOWN,DIR_REBALANCE,5,5,0.6002887719789004,3.001443859894502,10.0,0.3900971334616017,5.0,0.6002887719789004,5,0.990385905440502,0.0480704727974895,5.0,0.0,0.0,0.0,98.08,SUCCESS,BULLISH,rebalance,2.0,88253.39,88252.78,0.000691196356648,3.604418703503569
2025-12-20T23:00:32.008735+00:00,btc-updown-15m-1766271600,TRADE,UP,DIR_ACCUMULATE,5,5,0.4201589220880061,2.1007946104400306,15.0,0.4001177296704031,5.0,0.6002887719789004,5,1.0004065016493036,-0.0020325082465177,10.0,0.0,0.0,0.0,95.98,SUCCESS,BULLISH,accumulate,2.0,88255.18,88252.78,0.0027194610753272,13.99409002763423
2025-12-20T23:00:37.431309+00:00,btc-updown-15m-1766271600,TRADE,DOWN,DIR_REBALANCE,5,4,0.5400152620246625,2.16006104809865,15.0,0.4001177296704031,9.0,0.5735005453325724,9,0.9736182750029756,0.2374355249732196,6.0,0.0,0.0,0.0,93.82,SUCCESS,BULLISH,rebalance,2.0,88269.24,88252.78,0.0186509705416717,99.0116563170401
2025-12-20T23:00:42.818581+00:00,btc-updown-15m-1766271600,TRADE,DOWN,DIR_REBALANCE,5,3,0.5401501617254815,1.6204504851764443,15.0,0.4001177296704031,12.0,0.5651629494307997,12,0.9652806791012029,0.4166318507855657,3.0,0.0,0.0,0.0,92.2,SUCCESS,BULLISH,rebalance,2.0,88269.24,88252.78,0.0186509705416717,99.19602095489036
2025-12-20T23:10:02.496679+00:00,btc-updown-15m-1766271600,TRADE,DOWN,DIR_EMERGENCY,3,3,0.2401092322883772,0.7203276968651317,15.0,0.4001177296704031,15.0,0.5001522060023152,15,0.9002699356727184,1.495950964909224,0.0,0.0,0.0,0.0,91.47,SUCCESS,BULLISH,emergency,2.0,88308.43,88252.78,0.0630575036842966,340.7662454626223
2025-12-20T23:15:00.426212+00:00,btc-updown-15m-1766271600,RESOLUTION,DOWN,MARKET_END,30,30,1.0,13.504,15.0,0.4001,15.0,0.5002,15,0.9003,1.496,0.0,0.0,0.0,1.496,106.47,RESOLVED,,,,,,,
2025-12-20T23:15:07.758339+00:00,btc-updown-15m-1766272500,TRADE,UP,DIR_AVERAGE_DOWN,5,5,0.4798164648656625,2.3990823243283126,5.0,0.4798164648656625,0.0,0.0,0,0.0,0.0,5.0,0.0,0.0,0.0,104.08,SUCCESS,BULLISH,average_down,2.0,88330.33,88330.33,0.0,0.1669868980463351
2025-12-20T23:15:13.164699+00:00,btc-updown-15m-1766272500,TRADE,UP,DIR_ACCUMULATE,5,5,0.4701987725667988,2.350993862833994,10.0,0.4750076187162307,0.0,0.0,0,0.0,0.0,10.0,0.0,0.0,0.0,101.72,SUCCESS,BULLISH,accumulate,2.0,88330.33,88330.33,0.0,0.164077748163038
2025-12-20T23:15:23.986248+00:00,btc-updown-15m-1766272500,TRADE,DOWN,DIR_REBALANCE,5,5,0.5300208784847132,2.6501043924235663,10.0,0.4750076187162307,5.0,0.5300208784847132,5,1.005028497200944,-0.02514248600472,5.0,0.0,0.0,0.0,99.07,SUCCESS,BULLISH,rebalance,2.0,88330.33,88330.33,0.0,0.1683434730279344
2025-12-20T23:15:29.402128+00:00,btc-updown-15m-1766272500,TRADE,UP,DIR_ACCUMULATE,5,5,0.4801780641894336,2.4008903209471684,15.0,0.4767311005406316,5.0,0.5300208784847132,5,1.006751979025345,-0.0337598951267248,10.0,0.0,0.0,0.0,96.67,SUCCESS,BULLISH,accumulate,2.0,88330.33,88330.33,0.0,0.1720625207499493
2025-12-20T23:15:34.808319+00:00,btc-updown-15m-1766272500,TRADE,DOWN,DIR_REBALANCE,5,5,0.5400598365319152,2.700299182659576,15.0,0.4767311005406316,10.0,0.5350403575083142,10,1.011771458048946,-0.1177145804894586,5.0,0.0,0.0,0.0,93.97,SUCCESS,BULLISH,rebalance,2.0,88330.33,88330.33,0.0,0.168339578997398
2025-12-20T23:30:03.880278+00:00,btc-updown-15m-1766272500,RESOLUTION,UP,MARKET_END,25,25,1.0,12.5014,15.0,0.4767,10.0,0.535,10,1.0118,-0.1177,0.33,0.0,0.0,2.4986,108.97,RESOLVED,,,,,,,
2025-12-20T23:30:11.389649+00:00,btc-updown-15m-1766273400,TRADE,DOWN,DIR_AVERAGE_DOWN,5,5,0.5101464145225008,2.550732072612504,0.0,0.0,5.0,0.5101464145225008,0,0.0,0.0,5.0,0.0,0.0,0.0,106.42,SUCCESS,BEARISH,average_down,3.0,88284.17,88284.17,0.0,0.0128934116640103
2025-12-20T23:30:16.847223+00:00,btc-updown-15m-1766273400,TRADE,DOWN,DIR_ACCUMULATE,5,5,0.5100446101747355,2.550223050873677,0.0,0.0,10.0,0.510095512348618,0,0.0,0.0,10.0,0.0,0.0,0.0,103.87,SUCCESS,BEARISH,accumulate,3.0,88284.18,88284.17,1.1327058967379214e-05,1.63761628607956
2025-12-20T23:30:22.290538+00:00,btc-updown-15m-1766273400,TRADE,UP,DIR_REBALANCE,5,5,0.6002223475324359,3.001111737662179,5.0,0.6002223475324359,10.0,0.510095512348618,5,1.110317859881054,-0.5515892994052696,5.0,0.0,0.0,0.0,100.87,SUCCESS,BEARISH,rebalance,3.0,88299.99,88284.17,0.0179194072957892,143.4905678784932
2025-12-20T23:30:27.709651+00:00,btc-updown-15m-1766273400,TRADE,DOWN,DIR_ACCUMULATE,5,5,0.4001490643915128,2.000745321957564,5.0,0.6002223475324359,15.0,0.4734466963629163,5,1.0736690438953522,-0.3683452194767611,10.0,0.0,0.0,0.0,98.87,SUCCESS,BEARISH,accumulate,3.0,88299.99,88284.17,0.0179194072957892,143.39643624117616
2025-12-20T23:30:38.516929+00:00,btc-updown-15m-1766273400,TRADE,UP,DIR_REBALANCE,5,5,0.6402798838733432,3.201399419366716,10.0,0.6202511157028895,15.0,0.4734466963629163,10,1.093697812065806,-0.9369781206580584,5.0,0.0,0.0,0.0,95.67,SUCCESS,BEARISH,rebalance,3.0,88300.0,88284.17,0.0179307343547566,144.85997788294242
2025-12-20T23:45:03.549901+00:00,btc-updown-15m-1766273400,RESOLUTION,UP,MARKET_END,25,25,1.0,13.3042,10.0,0.6203,15.0,0.4734,10,1.0937,-0.937,0.33,0.0,0.0,-3.3042,105.67,RESOLVED,,,,,,,
2025-12-20T23:45:10.720714+00:00,btc-updown-15m-1766274300,TRADE,DOWN,DIR_AVERAGE_DOWN,5,5,0.5202318481791429,2.6011592408957145,0.0,0.0,5.0,0.5202318481791429,0,0.0,0.0,5.0,0.0,0.0,0.0,103.07,SUCCESS,BEARISH,average_down,3.0,88321.07,88321.07,0.0,0.0622390057316263
2025-12-20T23:45:21.734981+00:00,btc-updown-15m-1766274300,TRADE,DOWN,DIR_ACCUMULATE,5,5,0.5000738971508912,2.5003694857544563,0.0,0.0,10.0,0.5101528726650171,0,0.0,0.0,10.0,0.0,0.0,0.0,100.57,SUCCESS,BEARISH,accumulate,3.0,88321.07,88321.07,0.0,0.0622147543492847
2025-12-20T23:45:27.150219+00:00,btc-updown-15m-1766274300,TRADE,UP,DIR_REBALANCE,5,5,0.5201125785681905,2.6005628928409523,5.0,0.5201125785681905,10.0,0.5101528726650171,5,1.0302654512332077,-0.1513272561660383,5.0,0.0,0.0,0.0,97.97,SUCCESS,BEARISH,rebalance,3.0,88321.07,88321.07,0.0,0.0625461470135471
2025-12-20T23:45:38.179123+00:00,btc-updown-15m-1766274300,TRADE,DOWN,DIR_ACCUMULATE,5,5,0.4601539803440581,2.3007699017202903,5.0,0.5201125785681905,15.0,0.4934865752246974,5,1.013599153792888,-0.0679957689644394,10.0,0.0,0.0,0.0,95.67,SUCCESS,BEARISH,accumulate,3.0,88321.08,88321.07,1.1322326591787564e-05,0.2252111447085335
2025-12-20T23:45:43.585133+00:00,btc-updown-15m-1766274300,TRADE,UP,DIR_REBALANCE,5,5,0.6202211022822435,3.1011055114112174,10.0,0.5701668404252169,15.0,0.4934865752246974,10,1.0636534156499144,-0.6365341564991445,5.0,0.0,0.0,0.0,92.57,SUCCESS,BEARISH,rebalance,3.0,88333.79,88321.07,0.0144019994322833,73.03520831725446
2025-12-21T00:00:02.424876+00:00,btc-updown-15m-1766274300,RESOLUTION,DOWN,MARKET_END,25,25,1.0,13.104,10.0,0.5702,15.0,0.4935,10,1.0637,-0.6365,0.33,0.0,0.0,1.8955,107.57,RESOLVED,,,,,,,
2025-12-21T00:00:10.102701+00:00,btc-updown-15m-1766275200,TRADE,UP,DIR_AVERAGE_DOWN,5,5,0.5000435911365373,2.5002179556826865,5.0,0.5000435911365373,0.0,0.0,0,0.0,0.0,5.0,0.0,0.0,0.0,105.06,SUCCESS,BULLISH,average_down,4.0,88374.87,88374.87,0.0,0.0083696292159195
2025-12-21T00:00:15.507842+00:00,btc-updown-15m-1766275200,TRADE,UP,DIR_ACCUMULATE,5,5,0.5200715564809544,2.600357782404772,10.0,0.5100575738087458,0.0,0.0,0,0.0,0.0,10.0,0.0,0.0,0.0,102.46,SUCCESS,BULLISH,accumulate,4.0,88388.0,88374.87,0.0148571647121004,123.42711350102186
2025-12-21T00:00:20.954987+00:00,btc-updown-15m-1766275200,TRADE,DOWN,DIR_REBALANCE,5,5,0.4800903483716031,2.400451741858016,10.0,0.5100575738087458,5.0,0.4800903483716031,5,0.990147922180349,0.0492603890982551,5.0,0.0,0.0,0.0,100.06,SUCCESS,BULLISH,rebalance,4.0,88388.0,88374.87,0.0148571647121004,124.71374669014828
2025-12-21T00:00:26.357025+00:00,btc-updown-15m-1766275200,TRADE,UP,DIR_ACCUMULATE,5,5,0.6401528786966932,3.200764393483466,15.0,0.5534226754380617,5.0,0.4800903483716031,5,1.0335130238096648,-0.167565119048324,10.0,0.0,0.0,0.0,96.86,SUCCESS,BULLISH,accumulate,4.0,88389.99,88374.87,0.0171089360584178,134.16652059404618
2025-12-21T00:00:31.749041+00:00,btc-updown-15m-1766275200,TRADE,DOWN,DIR_REBALANCE,5,5,0.3700267021068933,1.8501335105344667,15.0,0.5534226754380617,10.0,0.4250585252392483,10,0.97848120067731,0.2151879932268996,5.0,0.0,0.0,0.0,95.01,SUCCESS,BULLISH,rebalance,4.0,88392.54,88374.87,0.0199943717031756,155.028473076016
2025-12-21T00:15:03.026212+00:00,btc-updown-15m-1766275200,RESOLUTION,UP,MARKET_END,25,25,1.0,12.5519,15.0,0.5534,10.0,0.4251,10,0.9785,0.2152,0.33,0.0,0.0,2.448,110.01,RESOLVED,,,,,,,
2025-12-21T00:15:10.167540+00:00,btc-updown-15m-1766276100,TRADE,DOWN,DIR_AVERAGE_DOWN,5,5,0.5002090380476512,2.501045190238256,0.0,0.0,5.0,0.5002090380476512,0,0.0,0.0,5.0,0.0,0.0,0.0,107.51,SUCCESS,BEARISH,average_down,5.0,88326.48,88326.48,0.0,3.2859390682557574e-08
2025-12-21T00:15:15.572863+00:00,btc-updown-15m-1766276100,TRADE,DOWN,DIR_ACCUMULATE,5,5,0.5000964493087849,2.5004822465439247,0.0,0.0,10.0,0.500152743678218,0,0.0,0.0,10.0,0.0,0.0,0.0,105.01,SUCCESS,BEARISH,accumulate,5.0,88326.49,88326.48,1.1321633115361583e-05,1.809473350568588
2025-12-21T00:15:20.967446+00:00,btc-updown-15m-1766276100,TRADE,UP,DIR_REBALANCE,5,5,0.5100597089915152,2.550298544957576,5.0,0.5100597089915152,10.0,0.500152743678218,5,1.0102124526697334,-0.0510622633486668,5.0,0.0,0.0,0.0,102.46,SUCCESS,BEARISH,rebalance,5.0,88326.48,88326.48,0.0,0.0090705287779641
2025-12-21T00:15:26.385882+00:00,btc-updown-15m-1766276100,TRADE,DOWN,DIR_ACCUMULATE,5,5,0.5001026275029501,2.5005131375147505,5.0,0.5100597089915152,15.0,0.500136038286462,5,1.0101957472779772,-0.0509787363898861,10.0,0.0,0.0,0.0,99.96,SUCCESS,BEARISH,accumulate,5.0,88326.48,88326.48,0.0,0.0089341100367341
2025-12-21T00:15:31.800025+00:00,btc-updown-15m-1766276100,TRADE,UP,DIR_REBALANCE,5,5,0.5100279722578605,2.5501398612893023,10.0,0.5100438406246879,15.0,0.500136038286462,10,1.01017987891115,-0.1017987891115002,5.0,0.0,0.0,0.0,97.41,SUCCESS,BEARISH,rebalance,5.0,88326.48,88326.48,0.0,3.3629773686775036e-08
2025-12-21T00:30:00.686543+00:00,btc-updown-15m-1766276100,RESOLUTION,DOWN,MARKET_END,25,25,1.0,12.6025,10.0,0.51,15.0,0.5001,10,1.0102,-0.1018,0.33,0.0,0.0,2.3975,112.41,RESOLVED,,,,,,,
2025-12-21T00:30:07.921059+00:00,btc-updown-15m-1766277000,TRADE,UP,DIR_AVERAGE_DOWN,5,5,0.5701984406412476,2.850992203206238,5.0,0.5701984406412476,0.0,0.0,0,0.0,0.0,5.0,0.0,0.0,0.0,109.56,SUCCESS,BULLISH,average_down,6.0,88420.0,88420.0,0.0,0.1535021854034269
2025-12-21T00:30:13.467192+00:00,btc-updown-15m-1766277000,TRADE,UP,DIR_ACCUMULATE,5,5,0.4801781421005273,2.4008907105026367,10.0,0.5251882913708874,0.0,0.0,0,0.0,0.0,10.0,0.0,0.0,0.0,107.16,SUCCESS,BULLISH,accumulate,6.0,88420.0,88420.0,0.0,0.14857845358487
2025-12-21T00:30:18.937210+00:00,btc-updown-15m-1766277000,TRADE,DOWN,DIR_REBALANCE,5,5,0.5300954439308251,2.650477219654125,10.0,0.5251882913708874,5.0,0.5300954439308251,5,1.0552837353017126,-0.276418676508563,5.0,0.0,0.0,0.0,104.51,SUCCESS,BULLISH,rebalance,6.0,88420.0,88420.0,0.0,0.1460098033643264
2025-12-21T00:30:24.336725+00:00,btc-updown-15m-1766277000,TRADE,UP,DIR_ACCUMULATE,5,5,0.5302570252452222,2.651285126226111,15.0,0.526877869328999,5.0,0.5300954439308251,5,1.056973313259824,-0.2848665662991201,10.0,0.0,0.0,0.0,101.86,SUCCESS,BULLISH,accumulate,6.0,88420.0,88420.0,0.0,0.1439173305505783
2025-12-21T00:30:29.759725+00:00,btc-updown-15m-1766277000,TRADE,DOWN,DIR_REBALANCE,5,5,0.4701568432411027,2.350784216205513,15.0,0.526877869328999,10.0,0.500126143585964,10,1.0270040129149631,-0.2700401291496312,5.0,0.0,0.0,0.0,99.51,SUCCESS,BULLISH,rebalance,6.0,88420.0,88420.0,0.0,0.1430294791434647
2025-12-21T00:36:25.426261+00:00,btc-updown-15m-1766277000,TRADE,DOWN,DIR_ACCUMULATE,5,5,0.7701024489762915,3.8505122448814575,15.0,0.526877869328999,15.0,0.5901182453827398,15,1.1169961147117389,-1.7549417206760831,0.0,0.0,0.0,0.0,95.66,SUCCESS,BEARISH,accumulate,7.0,88366.43,88420.0,-0.0605858403076306,435.1019073949465
2025-12-21T00:45:01.163585+00:00,btc-updown-15m-1766277000,RESOLUTION,UP,MARKET_END,30,30,1.0,16.7549,15.0,0.5269,15.0,0.5901,15,1.117,-1.7549,0.0,0.0,0.0,-1.7549,110.66,RESOLVED,,,,,,,
2025-12-21T00:45:08.933536+00:00,btc-updown-15m-1766277900,TRADE,DOWN,DIR_AVERAGE_DOWN,5,5,0.4402194978726802,2.201097489363401,0.0,0.0,5.0,0.4402194978726802,0,0.0,0.0,5.0,0.0,0.0,0.0,108.45,SUCCESS,BEARISH,average_down,7.0,88339.99,88339.99,0.0,0.1032276491342459
2025-12-21T00:45:14.369726+00:00,btc-updown-15m-1766277900,TRADE,DOWN,DIR_ACCUMULATE,5,5,0.4701165586506615,2.350582793253308,0.0,0.0,10.0,0.4551680282616709,0,0.0,0.0,10.0,0.0,0.0,0.0,106.1,SUCCESS,BEARISH,accumulate,7.0,88340.0,88339.99,1.131990166034806e-05,0.0027917470229547
2025-12-21T00:45:19.771652+00:00,btc-updown-15m-1766277900,TRADE,UP,DIR_REBALANCE,5,5,0.5500362746090657,2.7501813730453284,5.0,0.5500362746090657,10.0,0.4551680282616709,5,1.0052043028707365,-0.0260215143536823,5.0,0.0,0.0,0.0,103.35,SUCCESS,BEARISH,rebalance,7.0,88339.99,88339.99,0.0,0.1009123272347258
2025-12-21T00:45:25.174616+00:00,btc-updown-15m-1766277900,TRADE,DOWN,DIR_ACCUMULATE,5,5,0.4800563319825111,2.400281659912556,5.0,0.5500362746090657,15.0,0.4634641295019509,5,1.0135004041110167,-0.0675020205550835,10.0,0.0,0.0,0.0,100.95,SUCCESS,BEARISH,accumulate,7.0,88339.99,88339.99,0.0,0.1046351200505773
2025-12-21T00:45:30.587743+00:00,btc-updown-15m-1766277900,TRADE,UP,DIR_REBALANCE,5,5,0.5401650062768261,2.7008250313841304,10.0,0.5451006404429458,15.0,0.4634641295019509,10,1.0085647699448967,-0.0856476994489674,5.0,0.0,0.0,0.0,98.25,SUCCESS,BEARISH,rebalance,7.0,88340.0,88339.99,1.131990166034806e-05,0.0088899620688237
2025-12-21T00:55:02.583918+00:00,btc-updown-15m-1766277900,TRADE,UP,DIR_EMERGENCY,5,5,0.6002283503571505,3.0011417517857524,15.0,0.5634765437476807,15.0,0.4634641295019509,15,1.0269406732496318,-0.4041100987444768,0.0,0.0,0.0,0.0,95.25,SUCCESS,BEARISH,emergency,7.0,88342.0,88339.99,0.0022753002349159,66.75456533259215
2025-12-21T01:00:05.130886+00:00,btc-updown-15m-1766277900,RESOLUTION,DOWN,MARKET_END,30,30,1.0,15.4041,15.0,0.5635,15.0,0.4635,15,1.0269,-0.4041,0.0,0.0,0.0,-0.405,110.25,RESOLVED,,,,,,,
2025-12-21T01:00:12.329287+00:00,btc-updown-15m-1766278800,TRADE,DOWN,DIR_AVERAGE_DOWN,5,5,0.6700287176064295,3.3501435880321475,0.0,0.0,5.0,0.6700287176064295,0,0.0,0.0,5.0,0.0,0.0,0.0,106.9,SUCCESS,BEARISH,average_down,7.0,88373.47,88373.47,0.0,0.0453172154829207
2025-12-21T01:00:17.737854+00:00,btc-updown-15m-1766278800,TRADE,DOWN,DIR_ACCUMULATE,5,5,0.6700483955581941,3.3502419777909704,0.0,0.0,10.0,0.6700385565823118,0,0.0,0.0,10.0,0.0,0.0,0.0,103.55,SUCCESS,BEARISH,accumulate,7.0,88373.47,88373.47,0.0,0.0366247653526923
2025-12-21T01:00:23.167562+00:00,btc-updown-15m-1766278800,TRADE,UP,DIR_REBALANCE,5,5,0.3400385149886198,1.700192574943099,5.0,0.3400385149886198,10.0,0.6700385565823118,5,1.0100770715709315,-0.0503853578546587,5.0,0.0,0.0,0.0,101.85,SUCCESS,BEARISH,rebalance,7.0,88373.47,88373.47,0.0,0.010931370354174
2025-12-21T01:00:28.581092+00:00,btc-updown-15m-1766278800,TRADE,DOWN,DIR_ACCUMULATE,5,5,0.670039360139987,3.350196800699935,5.0,0.3400385149886198,15.0,0.6700388244348702,5,1.01007733942349,-0.0503866971174504,10.0,0.0,0.0,0.0,98.5,SUCCESS,BEARISH,accumulate,7.0,88369.05,88373.47,-0.0050015010160835,38.857629561045854
2025-12-21T01:00:33.987060+00:00,btc-updown-15m-1766278800,TRADE,UP,DIR_REBALANCE,5,3,0.3400357944541947,1.0201073833625842,8.0,0.3400374947882104,15.0,0.6700388244348702,8,1.0100763192230806,-0.0806105537846448,7.0,0.0,0.0,0.0,97.48,SUCCESS,BEARISH,rebalance,7.0,88359.85,88373.47,-0.0154118651219595,103.44972763141988
2025-12-21T01:00:39.389496+00:00,btc-updown-15m-1766278800,TRADE,UP,DIR_REBALANCE,5,5,0.3401500263353109,1.7007501316765548,13.0,0.3400807761524798,15.0,0.6700388244348702,13,1.01011960058735,-0.1315548076355508,2.0,0.0,0.0,0.0,95.78,SUCCESS,BEARISH,rebalance,7.0,88359.86,88373.47,-0.0154005495088068,103.98682085804532
2025-12-21T01:10:05.206951+00:00,btc-updown-15m-1766278800,TRADE,UP,DIR_EMERGENCY,2,2,0.0400181076194328,0.0800362152388657,15.0,0.3000724203480736,15.0,0.6700388244348702,15,0.9701112447829436,0.4483313282558437,0.0,0.0,0.0,0.0,95.7,SUCCESS,BEARISH,emergency,7.0,88338.46,88373.47,-0.0396159616681281,293.8071514747118
2025-12-21T01:15:03.731348+00:00,btc-updown-15m-1766278800,RESOLUTION,DOWN,MARKET_END,30,30,1.0,14.5517,15.0,0.3001,15.0,0.67,15,0.9701,0.4483,0.0,0.0,0.0,0.4483,110.7,RESOLVED,,,,,,,
2025-12-21T01:15:10.781898+00:00,btc-updown-15m-1766279700,TRADE,DOWN,DIR_AVERAGE_DOWN,5,5,0.4500944754028494,2.250472377014247,0.0,0.0,5.0,0.4500944754028494,0,0.0,0.0,5.0,0.0,0.0,0.0,108.45,SUCCESS,BEARISH,average_down,7.0,88300.65,88300.65,0.0,0.1165534293064557
2025-12-21T01:15:16.180202+00:00,btc-updown-15m-1766279700,TRADE,DOWN,DIR_ACCUMULATE,5,5,0.4300055805969085,2.150027902984543,0.0,0.0,10.0,0.4400500279998789,0,0.0,0.0,10.0,0.0,0.0,0.0,106.3,SUCCESS,BEARISH,accumulate,7.0,88300.64,88300.65,-1.1324944940678592e-05,1.674386820182593
2025-12-21T01:15:21.605076+00:00,btc-updown-15m-1766279700,TRADE,UP,DIR_REBALANCE,5,5,0.6001879660890702,3.000939830445351,5.0,0.6001879660890702,10.0,0.4400500279998789,5,1.0402379940889492,-0.2011899704447461,5.0,0.0,0.0,0.0,103.3,SUCCESS,BEARISH,rebalance,7.0,88300.65,88300.65,0.0,2.465227917932264e-08
2025-12-21T01:15:27.072082+00:00,btc-updown-15m-1766279700,TRADE,DOWN,DIR_ACCUMULATE,5,5,0.410098989461994,2.05049494730997,5.0,0.6001879660890702,15.0,0.4300663484872506,5,1.0302543145763208,-0.1512715728816038,10.0,0.0,0.0,0.0,101.25,SUCCESS,BEARISH,accumulate,7.0,88300.65,88300.65,0.0,0.0078143910793924
2025-12-21T01:15:32.497642+00:00,btc-updown-15m-1766279700,TRADE,UP,DIR_REBALANCE,5,5,0.6000109299106956,3.000054649553478,10.0,0.6000994479998829,15.0,0.4300663484872506,10,1.0301657964871336,-0.3016579648713358,5.0,0.0,0.0,0.0,98.25,SUCCESS,BEARISH,rebalance,7.0,88300.64,88300.65,-1.1324944940678592e-05,2.4224897707302926
2025-12-21T01:25:04.077913+00:00,btc-updown-15m-1766279700,TRADE,UP,DIR_EMERGENCY,5,5,0.5000917123313141,2.5004585616565707,15.0,0.5667635361103599,15.0,0.4300663484872506,15,0.9968298845976103,0.047551731035843,0.0,0.0,0.0,0.0,95.75,SUCCESS,BEARISH,emergency,7.0,88293.72,88300.65,-0.0078481868479937,88.28827817989021
2025-12-21T01:30:00.089229+00:00,btc-updown-15m-1766279700,RESOLUTION,DOWN,MARKET_END,30,30,1.0,14.9524,15.0,0.5668,15.0,0.4301,15,0.9968,0.0476,0.0,0.0,0.0,0.0465,110.75,RESOLVED,,,,,,,
2025-12-21T01:30:07.312233+00:00,btc-updown-15m-1766280600,TRADE,DOWN,DIR_AVERAGE_DOWN,5,5,0.5700750668463714,2.850375334231857,0.0,0.0,5.0,0.5700750668463714,0,0.0,0.0,5.0,0.0,0.0,0.0,107.89,SUCCESS,BEARISH,average_down,7.0,88275.44,88275.44,0.0,0.2471271630405571
2025-12-21T01:30:12.850851+00:00,btc-updown-15m-1766280600,TRADE,DOWN,DIR_ACCUMULATE,5,5,0.5001742904405609,2.5008714522028046,0.0,0.0,10.0,0.5351246786434661,0,0.0,0.0,10.0,0.0,0.0,0.0,105.39,SUCCESS,BEARISH,accumulate,7.0,88275.44,88275.44,0.0,0.2469106416325199
2025-12-21T01:30:18.371626+00:00,btc-updown-15m-1766280600,TRADE,UP,DIR_REBALANCE,5,5,0.4497850870513755,2.248925435256877,5.0,0.4497850870513755,10.0,0.5351246786434661,5,0.9849097656948416,0.0754511715257921,5.0,0.0,0.0,0.0,103.14,SUCCESS,BEARISH,rebalance,7.0,88267.1,88275.44,-0.0094477014218184,81.64223963558327
2025-12-21T01:30:23.784451+00:00,btc-updown-15m-1766280600,TRADE,DOWN,DIR_ACCUMULATE,5,5,0.6402641338344826,3.2013206691724125,5.0,0.4497850870513755,15.0,0.5701711637071383,5,1.0199562507585138,-0.099781253792569,10.0,0.0,0.0,0.0,99.94,SUCCESS,BEARISH,accumulate,7.0,88267.1,88275.44,-0.0094477014218184,82.197240743339
2025-12-21T01:30:34.603619+00:00,btc-updown-15m-1766280600,TRADE,UP,DIR_REBALANCE,5,5,0.3501349719219269,1.7506748596096346,10.0,0.3999600294866512,15.0,0.5701711637071383,10,0.9701311931937896,0.2986880680621051,5.0,0.0,0.0,0.0,98.19,SUCCESS,BEARISH,rebalance,7.0,88267.1,88275.44,-0.0094477014218184,80.23347606391498
2025-12-21T01:45:03.380285+00:00,btc-updown-15m-1766280600,RESOLUTION,DOWN,MARKET_END,25,25,1.0,12.5522,10.0,0.4,15.0,0.5702,10,0.9701,0.2987,0.33,0.0,0.0,2.4478,113.2,RESOLVED,,,,,,,
2025-12-21T01:45:11.085165+00:00,btc-updown-15m-1766281500,TRADE,DOWN,DIR_AVERAGE_DOWN,5,1,0.460148526585362,0.460148526585362,0.0,0.0,1.0,0.460148526585362,0,0.0,0.0,1.0,0.0,0.0,0.0,112.73,SUCCESS,BEARISH,average_down,7.0,88106.87,88106.87,0.0,0.2703370098311347
2025-12-21T01:45:38.127135+00:00,btc-updown-15m-1766281500,TRADE,DOWN,DIR_AVERAGE_DOWN,5,5,0.4101824650375373,2.050912325187687,0.0,0.0,6.0,0.4185101419621748,0,0.0,0.0,6.0,0.0,0.0,0.0,110.68,SUCCESS,BEARISH,average_down,7.0,88115.39,88106.87,0.0096700745356225,56.31480017157792
2025-12-21T01:45:43.530254+00:00,btc-updown-15m-1766281500,TRADE,UP,DIR_REBALANCE,5,5,0.640164254174341,3.200821270871705,5.0,0.640164254174341,6.0,0.4185101419621748,5,1.058674396136516,-0.2933719806825796,1.0,0.0,0.0,0.0,107.48,SUCCESS,BEARISH,rebalance,7.0,88124.19,88106.87,0.0196579449480012,114.71983652253104
2025-12-21T01:45:48.985398+00:00,btc-updown-15m-1766281500,TRADE,DOWN,DIR_AVERAGE_DOWN,5,5,0.3701598763872938,1.850799381936469,5.0,0.640164254174341,11.0,0.3965327485190471,5,1.036697002693388,-0.1834850134669396,6.0,0.0,0.0,0.0,105.63,SUCCESS,BEARISH,average_down,7.0,88124.2,88106.87,0.0196692948007365,113.54317284904025
2025-12-21T01:45:54.388553+00:00,btc-updown-15m-1766281500,TRADE,UP,DIR_REBALANCE,5,5,0.6602162242167414,3.301081121083707,10.0,0.6501902391955412,11.0,0.3965327485190471,10,1.0467229877145885,-0.4672298771458827,1.0,0.0,0.0,0.0,102.33,SUCCESS,BEARISH,rebalance,7.0,88124.2,88106.87,0.0196692948007365,114.20075261712589
2025-12-21T01:45:59.777529+00:00,btc-updown-15m-1766281500,TRADE,DOWN,DIR_AVERAGE_DOWN,4,4,0.360138468344947,1.440553873379788,10.0,0.6501902391955412,15.0,0.386827607139287,10,1.037017846334828,-0.3701784633482807,5.0,0.0,0.0,0.0,100.89,SUCCESS,BEARISH,average_down,7.0,88124.2,88106.87,0.0196692948007365,107.690650002799
2025-12-21T01:55:51.427466+00:00,btc-updown-15m-1766281500,TRADE,UP,DIR_EMERGENCY,5,5,0.5701106528165926,2.8505532640829627,15.0,0.6234970437358917,15.0,0.386827607139287,15,1.0103246508751786,-0.1548697631276796,0.0,0.0,0.0,0.0,98.04,SUCCESS,BEARISH,emergency,7.0,88108.23,88106.87,0.0015435799728223,15.008596839668796
2025-12-21T02:00:03.726987+00:00,btc-updown-15m-1766281500,RESOLUTION,UP,MARKET_END,30,30,1.0,15.1549,15.0,0.6235,15.0,0.3868,15,1.0103,-0.1549,0.0,0.0,0.0,-0.1545,113.04,RESOLVED,,,,,,,
2025-12-21T02:00:11.290100+00:00,btc-updown-15m-1766282400,TRADE,DOWN,DIR_AVERAGE_DOWN,5,5,0.4400495812550613,2.2002479062753064,0.0,0.0,5.0,0.4400495812550613,0,0.0,0.0,5.0,0.0,0.0,0.0,110.84,SUCCESS,BEARISH,average_down,7.0,88027.06,88027.06,0.0,0.0709001023193735
2025-12-21T02:00:16.689574+00:00,btc-updown-15m-1766282400,TRADE,DOWN,DIR_ACCUMULATE,5,5,0.3400824019376413,1.7004120096882067,0.0,0.0,10.0,0.3900659915963513,0,0.0,0.0,10.0,0.0,0.0,0.0,109.14,SUCCESS,BEARISH,accumulate,7.0,88033.39,88027.06,0.0071909705947259,39.80430008630445
2025-12-21T02:00:22.104770+00:00,btc-updown-15m-1766282400,TRADE,UP,DIR_REBALANCE,5,5,0.6400235001592806,3.2001175007964027,5.0,0.6400235001592806,10.0,0.3900659915963513,5,1.0300894917556318,-0.150447458778159,5.0,0.0,0.0,0.0,105.94,SUCCESS,BEARISH,rebalance,7.0,88034.51,88027.06,0.0084633066241188,46.27678848098984
2025-12-21T02:00:27.567663+00:00,btc-updown-15m-1766282400,TRADE,DOWN,DIR_ACCUMULATE,5,5,0.3600212465346528,1.8001062326732642,5.0,0.6400235001592806,15.0,0.3800510765757851,5,1.0200745767350656,-0.1003728836753281,10.0,0.0,0.0,0.0,104.14,SUCCESS,BEARISH,accumulate,7.0,88034.51,88027.06,0.0084633066241188,46.994220700796426
2025-12-21T02:00:33.103643+00:00,btc-updown-15m-1766282400,TRADE,UP,DIR_REBALANCE,5,5,0.6603118355372424,3.301559177686212,10.0,0.6501676678482614,15.0,0.3800510765757851,10,1.0302187444240465,-0.3021874442404648,5.0,0.0,0.0,0.0,100.84,SUCCESS,BEARISH,rebalance,7.0,88041.68,88027.06,0.0166085292408895,114.79505804792385
2025-12-21T02:05:04.608930+00:00,btc-updown-15m-1766282400,TRADE,UP,DIR_ACCUMULATE,5,2,0.7403477815613625,1.480695563122725,12.0,0.6651976868004449,15.0,0.3800510765757851,12,1.04524876337623,-0.5429851605147595,3.0,0.0,0.0,0.0,99.36,SUCCESS,BULLISH,accumulate,8.0,88068.0,88027.06,0.0465084259317559,298.58892251976573
2025-12-21T02:05:10.020338+00:00,btc-updown-15m-1766282400,TRADE,UP,DIR_ACCUMULATE,3,3,0.7603207545230426,2.280962263569128,15.0,0.6842223003449645,15.0,0.3800510765757851,15,1.0642733769207495,-0.9641006538112428,0.0,0.0,0.0,0.0,97.07,SUCCESS,BULLISH,accumulate,8.0,88068.01,88027.06,0.0465197860748695,298.6598508934771
2025-12-21T02:15:03.049128+00:00,btc-updown-15m-1766282400,RESOLUTION,DOWN,MARKET_END,30,30,1.0,15.9641,15.0,0.6842,15.0,0.3801,15,1.0643,-0.9641,0.0,0.0,0.0,-0.9641,112.08,RESOLVED,,,,,,,
2025-12-21T02:15:10.374293+00:00,btc-updown-15m-1766283300,TRADE,UP,DIR_AVERAGE_DOWN,5,3,0.5100187765441754,1.5300563296325262,3.0,0.5100187765441754,0.0,0.0,0,0.0,0.0,3.0,0.0,0.0,0.0,110.54,SUCCESS,BULLISH,average_down,8.0,88003.59,88003.59,0.0,0.0112202292822835
2025-12-21T02:15:15.806795+00:00,btc-updown-15m-1766283300,TRADE,UP,DIR_ACCUMULATE,5,2,0.5101823983621817,1.0203647967243634,5.0,0.5100842252713779,0.0,0.0,0,0.0,0.0,5.0,0.0,0.0,0.0,109.52,SUCCESS,BULLISH,accumulate,8.0,88003.59,88003.59,0.0,0.0112999525118121
2025-12-21T02:15:21.206441+00:00,btc-updown-15m-1766283300,TRADE,UP,DIR_ACCUMULATE,5,5,0.5202393895726272,2.601196947863136,10.0,0.5151618074220025,0.0,0.0,0,0.0,0.0,10.0,0.0,0.0,0.0,106.92,SUCCESS,BULLISH,accumulate,8.0,88003.59,88003.59,0.0,0.0015416148119757
2025-12-21T02:15:26.709727+00:00,btc-updown-15m-1766283300,TRADE,DOWN,DIR_REBALANCE,5,5,0.530105774433517,2.6505288721675853,10.0,0.5151618074220025,5.0,0.530105774433517,5,1.0452675818555195,-0.2263379092775974,5.0,0.0,0.0,0.0,104.27,SUCCESS,BULLISH,rebalance,8.0,88000.01,88003.59,-0.0040680158616276,31.7419056334193
2025-12-21T02:15:32.096493+00:00,btc-updown-15m-1766283300,TRADE,UP,DIR_ACCUMULATE,5,5,0.4900792085958337,2.4503960429791687,15.0,0.5068009411466129,5.0,0.530105774433517,5,1.03690671558013,-0.1845335779006496,10.0,0.0,0.0,0.0,101.82,SUCCESS,BULLISH,accumulate,8.0,88000.0,88003.59,-0.0040793790344195,34.02296017950506
2025-12-21T02:15:37.504098+00:00,btc-updown-15m-1766283300,TRADE,DOWN,DIR_REBALANCE,5,5,0.5402623324874316,2.701311662437158,15.0,0.5068009411466129,10.0,0.5351840534604744,10,1.0419849946070872,-0.4198499460708715,5.0,0.0,0.0,0.0,99.12,SUCCESS,BULLISH,rebalance,8.0,88000.0,88003.59,-0.0040793790344195,33.000913381007656
2025-12-21T02:30:00.558305+00:00,btc-updown-15m-1766283300,RESOLUTION,DOWN,MARKET_END,25,25,1.0,12.9539,15.0,0.5068,10.0,0.5352,10,1.042,-0.4198,0.33,0.0,0.0,-2.954,109.12,RESOLVED,,,,,,,
2025-12-21T02:30:07.955160+00:00,btc-updown-15m-1766284200,TRADE,DOWN,DIR_AVERAGE_DOWN,5,5,0.4501465176439441,2.25073258821972,0.0,0.0,5.0,0.450146517643944,0,0.0,0.0,5.0,0.0,0.0,0.0,106.87,SUCCESS,BEARISH,average_down,9.0,87955.12,87955.12,0.0,0.2322701901200002
2025-12-21T02:30:13.380520+00:00,btc-updown-15m-1766284200,TRADE,DOWN,DIR_ACCUMULATE,5,5,0.4802365902146728,2.401182951073364,0.0,0.0,10.0,0.4651915539293084,0,0.0,0.0,10.0,0.0,0.0,0.0,104.47,SUCCESS,BEARISH,accumulate,9.0,87955.11,87955.12,-1.1369434769415711e-05,0.1494444248951212
2025-12-21T02:30:24.210568+00:00,btc-updown-15m-1766284200,TRADE,UP,DIR_REBALANCE,5,5,0.5402160055291574,2.701080027645787,5.0,0.5402160055291574,10.0,0.4651915539293084,5,1.0054075594584655,-0.0270377972923285,5.0,0.0,0.0,0.0,101.77,SUCCESS,BEARISH,rebalance,9.0,87955.12,87955.12,0.0,0.2176909684710559
2025-12-21T02:30:29.619980+00:00,btc-updown-15m-1766284200,TRADE,DOWN,DIR_ACCUMULATE,5,5,0.500236124877795,2.501180624388975,5.0,0.5402160055291574,15.0,0.4768730775788039,5,1.017089083107961,-0.0854454155398065,10.0,0.0,0.0,0.0,99.27,SUCCESS,BEARISH,accumulate,9.0,87955.12,87955.12,0.0,2.8203723336162872e-08
2025-12-21T02:30:40.559364+00:00,btc-updown-15m-1766284200,TRADE,UP,DIR_REBALANCE,5,5,0.4801580374063223,2.4007901870316117,10.0,0.5101870214677399,15.0,0.4768730775788039,10,0.9870600990465438,0.129399009534562,5.0,0.0,0.0,0.0,96.87,SUCCESS,BEARISH,rebalance,9.0,87945.35,87955.12,-0.0111079377755263,100.87392889238454
2025-12-21T02:33:24.297689+00:00,btc-updown-15m-1766284200,TRADE,UP,DIR_ACCUMULATE,5,5,0.7201919711945058,3.6009598559725293,15.0,0.5801886713766619,15.0,0.4768730775788039,15,1.0570617489554657,-0.8559262343319851,0.0,0.0,0.0,0.0,93.26,SUCCESS,BULLISH,accumulate,10.0,88000.0,87955.12,0.0510260232718739,336.4559945097037
2025-12-21T02:45:01.890325+00:00,btc-updown-15m-1766284200,RESOLUTION,DOWN,MARKET_END,30,30,1.0,15.8559,15.0,0.5802,15.0,0.4769,15,1.0571,-0.8559,0.0,0.0,0.0,-0.8565,108.27,RESOLVED,,,,,,,
2025-12-21T02:45:09.331650+00:00,btc-updown-15m-1766285100,TRADE,UP,DIR_AVERAGE_DOWN,5,5,0.5301523787158072,2.650761893579036,5.0,0.5301523787158072,0.0,0.0,0,0.0,0.0,5.0,0.0,0.0,0.0,105.61,SUCCESS,BULLISH,average_down,10.0,87948.06,87948.06,0.0,0.0120027644664434
2025-12-21T02:45:14.837974+00:00,btc-updown-15m-1766285100,TRADE,UP,DIR_ACCUMULATE,5,5,0.5302397349163644,2.6511986745818223,10.0,0.5301960568160858,0.0,0.0,0,0.0,0.0,10.0,0.0,0.0,0.0,102.96,SUCCESS,BULLISH,accumulate,10.0,87948.07,87948.06,1.1370347463392854e-05,2.0816661591429595
2025-12-21T02:45:20.346834+00:00,btc-updown-15m-1766285100,TRADE,DOWN,DIR_REBALANCE,5,5,0.4800473598987886,2.400236799493943,10.0,0.5301960568160858,5.0,0.4800473598987886,5,1.0102434167148744,-0.0512170835743719,5.0,0.0,0.0,0.0,100.56,SUCCESS,BULLISH,rebalance,10.0,87948.07,87948.06,1.1370347463392854e-05,1.8952938658296583
2025-12-21T02:45:25.776119+00:00,btc-updown-15m-1766285100,TRADE,UP,DIR_ACCUMULATE,5,5,0.5101991656057842,2.550995828028921,15.0,0.5235304264126519,5.0,0.4800473598987886,5,1.0035777863114406,-0.0178889315572028,10.0,0.0,0.0,0.0,98.01,SUCCESS,BULLISH,accumulate,10.0,87944.15,87948.06,-0.00444580585405,47.172157241329685
2025-12-21T02:45:31.299384+00:00,btc-updown-15m-1766285100,TRADE,DOWN,DIR_REBALANCE,5,4,0.5002292203860387,2.0009168815441547,15.0,0.5235304264126519,9.0,0.4890170756708997,9,1.0125475020835517,-0.1129275187519653,6.0,0.0,0.0,0.0,96.01,SUCCESS,BULLISH,rebalance,10.0,87944.14,87948.06,-0.0044571762014969,47.99331321932963
2025-12-21T02:45:36.771926+00:00,btc-updown-15m-1766285100,TRADE,DOWN,DIR_REBALANCE,5,5,0.5700769054335475,2.850384527167737,15.0,0.5235304264126519,14.0,0.5179670148718454,14,1.0414974412844973,-0.580964177982962,1.0,0.0,0.0,0.0,93.16,SUCCESS,BULLISH,rebalance,10.0,87920.11,87948.06,-0.0317801211305821,166.9815936487091
2025-12-21T02:51:32.278668+00:00,btc-updown-15m-1766285100,TRADE,DOWN,DIR_AVERAGE_DOWN,1,1,0.2401113162586268,0.2401113162586268,15.0,0.5235304264126519,15.0,0.4994433016309641,15,1.022973728043616,-0.3446059206542395,0.0,0.0,0.0,0.0,92.92,SUCCESS,BEARISH,average_down,11.0,87985.49,87948.06,0.0425592105158517,123.63841357323577
2025-12-21T03:00:02.314192+00:00,btc-updown-15m-1766285100,RESOLUTION,UP,MARKET_END,30,30,1.0,15.3446,15.0,0.5235,15.0,0.4994,15,1.023,-0.3446,0.0,0.0,0.0,-0.3446,107.92,RESOLVED,,,,,,,
2025-12-21T03:00:09.311860+00:00,btc-updown-15m-1766286000,TRADE,DOWN,DIR_AVERAGE_DOWN,5,5,0.4802387201502054,2.401193600751027,0.0,0.0,5.0,0.4802387201502053,0,0.0,0.0,5.0,0.0,0.0,0.0,105.52,SUCCESS,BEARISH,average_down,11.0,87943.76,87943.76,0.0,0.0113016243787862
2025-12-21T03:00:14.710182+00:00,btc-updown-15m-1766286000,TRADE,DOWN,DIR_ACCUMULATE,5,3,0.4900575902978025,1.4701727708934076,0.0,0.0,8.0,0.4839207964555543,0,0.0,0.0,8.0,0.0,0.0,0.0,104.05,SUCCESS,BEARISH,accumulate,11.0,87943.75,87943.76,-1.1370903398673553e-05,1.835637477069318
2025-12-21T03:00:20.211483+00:00,btc-updown-15m-1766286000,TRADE,UP,DIR_REBALANCE,5,2,0.5400092876175651,1.08001857523513,2.0,0.5400092876175651,8.0,0.4839207964555543,2,1.0239300840731194,-0.0478601681462387,6.0,0.0,0.0,0.0,102.97,SUCCESS,BEARISH,rebalance,11.0,87943.75,87943.76,-1.1370903398673553e-05,1.807232590010023
2025-12-21T03:00:25.593242+00:00,btc-updown-15m-1766286000,TRADE,UP,DIR_REBALANCE,5,5,0.5498951371701051,2.749475685850525,7.0,0.5470706087265221,8.0,0.4839207964555543,7,1.0309914051820763,-0.2169398362745358,1.0,0.0,0.0,0.0,100.22,SUCCESS,BEARISH,rebalance,11.0,87943.75,87943.76,-1.1370903398673553e-05,2.0703650884066684
2025-12-21T03:00:31.111330+00:00,btc-updown-15m-1766286000,TRADE,DOWN,DIR_AVERAGE_DOWN,5,1,0.4700929716398185,0.4700929716398185,7.0,0.5470706087265221,9.0,0.4823843714760281,7,1.02945498020255,-0.2061848614178507,2.0,0.0,0.0,0.0,99.75,SUCCESS,BEARISH,average_down,11.0,87943.75,87943.76,-1.1370903398673553e-05,2.144760963407159
2025-12-21T03:01:57.802833+00:00,btc-updown-15m-1766286000,TRADE,DOWN,DIR_AVERAGE_DOWN,5,5,0.359982872827775,1.799914364138875,7.0,0.5470706087265221,14.0,0.4386695505302234,7,0.9857401592567456,0.0998188852027806,7.0,0.0,0.0,0.0,97.95,SUCCESS,BEARISH,average_down,11.0,87961.33,87943.76,0.0199786772819435,168.77694423287952
2025-12-21T03:02:03.205847+00:00,btc-updown-15m-1766286000,TRADE,UP,DIR_REBALANCE,5,5,0.7302010286781356,3.651005143390678,12.0,0.6233749503730278,14.0,0.4386695505302234,12,1.0620445009032513,-0.7445340108390157,2.0,0.0,0.0,0.0,94.3,SUCCESS,BEARISH,rebalance,11.0,87980.0,87943.76,0.0412081539383865,332.9035047421017
2025-12-21T03:02:08.730352+00:00,btc-updown-15m-1766286000,TRADE,DOWN,DIR_AVERAGE_DOWN,1,1,0.2600458141359288,0.2600458141359288,12.0,0.6233749503730278,15.0,0.4267613014372705,12,1.0501362518102983,-0.6016350217235802,3.0,0.0,0.0,0.0,94.04,SUCCESS,BEARISH,average_down,11.0,87979.99,87943.76,0.0411967830349879,335.0268695295369
2025-12-21T03:15:05.106899+00:00,btc-updown-15m-1766286000,RESOLUTION,UP,MARKET_END,27,27,1.0,13.8819,12.0,0.6234,15.0,0.4268,12,1.0501,-0.6016,0.2,0.0,0.0,-1.8828,106.04,RESOLVED,,,,,,,
2025-12-21T03:15:12.143434+00:00,btc-updown-15m-1766286900,TRADE,UP,DIR_AVERAGE_DOWN,5,5,0.5000603492508948,2.500301746254474,5.0,0.5000603492508948,0.0,0.0,0,0.0,0.0,5.0,0.0,0.0,0.0,103.54,SUCCESS,BULLISH,average_down,12.0,88025.27,88025.27,0.0,0.0158205740030392
2025-12-21T03:15:17.543817+00:00,btc-updown-15m-1766286900,TRADE,UP,DIR_ACCUMULATE,5,5,0.5102234674367769,2.551117337183885,10.0,0.505141908343836,0.0,0.0,0,0.0,0.0,10.0,0.0,0.0,0.0,100.98,SUCCESS,BULLISH,accumulate,12.0,88025.28,88025.27,1.1360374122977764e-05,1.5919745756689827
2025-12-21T03:15:22.978366+00:00,btc-updown-15m-1766286900,TRADE,DOWN,DIR_REBALANCE,5,5,0.5101250057406974,2.550625028703487,10.0,0.505141908343836,5.0,0.5101250057406974,5,1.0152669140845334,-0.076334570422667,5.0,0.0,0.0,0.0,98.43,SUCCESS,BULLISH,rebalance,12.0,88025.28,88025.27,1.1360374122977764e-05,1.5322618056705692
2025-12-21T03:15:28.500531+00:00,btc-updown-15m-1766286900,TRADE,UP,DIR_ACCUMULATE,5,5,0.5001174835424036,2.500587417712018,15.0,0.5034671000766918,5.0,0.5101250057406974,5,1.0135921058173891,-0.0679605290869456,10.0,0.0,0.0,0.0,95.93,SUCCESS,BULLISH,accumulate,12.0,88025.27,88025.27,0.0,0.0154848816794619
2025-12-21T03:15:39.413317+00:00,btc-updown-15m-1766286900,TRADE,DOWN,DIR_REBALANCE,5,5,0.5302538781995927,2.6512693909979634,15.0,0.5034671000766918,10.0,0.5201894419701449,10,1.0236565420468366,-0.2365654204683664,5.0,0.0,0.0,0.0,93.28,SUCCESS,BULLISH,rebalance,12.0,88025.27,88025.27,0.0,3.5614959958230826e-08
2025-12-21T03:25:03.883012+00:00,btc-updown-15m-1766286900,TRADE,DOWN,DIR_EMERGENCY,5,2,0.0600003275901463,0.1200006551802927,15.0,0.5034671000766918,12.0,0.4434912562401452,12,0.9469583563168372,0.6364997241979546,3.0,0.0,0.0,0.0,93.16,SUCCESS,BULLISH,emergency,12.0,88092.63,88025.27,0.0765234801324671,11458.717950801738
2025-12-21T03:25:09.285034+00:00,btc-updown-15m-1766286900,TRADE,DOWN,DIR_EMERGENCY,3,3,0.0700254734415312,0.2100764203245936,15.0,0.5034671000766918,15.0,0.3687980996804224,15,0.8722651997571143,1.9160220036432865,0.0,0.0,0.0,0.0,92.95,SUCCESS,BULLISH,emergency,12.0,88092.63,88025.27,0.0765234801324671,11587.229305055103
2025-12-21T03:30:02.288349+00:00,btc-updown-15m-1766286900,RESOLUTION,DOWN,MARKET_END,30,30,1.0,13.084,15.0,0.5035,15.0,0.3688,15,0.8723,1.916,0.0,0.0,0.0,1.9155,107.96,RESOLVED,,,,,,,
2025-12-21T03:30:09.635096+00:00,btc-updown-15m-1766287800,TRADE,UP,DIR_AVERAGE_DOWN,5,5,0.5101195423003227,2.550597711501614,5.0,0.5101195423003227,0.0,0.0,0,0.0,0.0,5.0,0.0,0.0,0.0,105.4,SUCCESS,BULLISH,average_down,12.0,88062.86,88062.86,0.0,0.235778347216436
2025-12-21T03:30:15.071530+00:00,btc-updown-15m-1766287800,TRADE,UP,DIR_ACCUMULATE,5,5,0.5101931025460728,2.550965512730364,10.0,0.5101563224231978,0.0,0.0,0,0.0,0.0,10.0,0.0,0.0,0.0,102.85,SUCCESS,BULLISH,accumulate,12.0,88062.87,88062.86,1.1355524899783304e-05,0.3410222334432333
2025-12-21T03:30:20.474843+00:00,btc-updown-15m-1766287800,TRADE,DOWN,DIR_REBALANCE,5,5,0.5000724401486283,2.500362200743141,10.0,0.5101563224231978,5.0,0.5000724401486283,5,1.010228762571826,-0.0511438128591301,5.0,0.0,0.0,0.0,100.35,SUCCESS,BULLISH,rebalance,12.0,88062.87,88062.86,1.1355524899783304e-05,0.339519872810243
2025-12-21T03:30:25.886537+00:00,btc-updown-15m-1766287800,TRADE,UP,DIR_ACCUMULATE,5,5,0.5801565647322128,2.900782823661064,15.0,0.5334897365262028,5.0,0.5000724401486283,5,1.033562176674831,-0.1678108833741554,10.0,0.0,0.0,0.0,97.45,SUCCESS,BULLISH,accumulate,12.0,88070.71,88062.86,0.0089140870510063,71.93208033291052
2025-12-21T03:30:31.300381+00:00,btc-updown-15m-1766287800,TRADE,DOWN,DIR_REBALANCE,5,5,0.3901422006373699,1.950711003186849,15.0,0.5334897365262028,10.0,0.445107320392999,10,0.9785970569192018,0.2140294308079815,5.0,0.0,0.0,0.0,95.5,SUCCESS,BULLISH,rebalance,12.0,88077.01,88062.86,0.0160680677416043,131.45222592184683
2025-12-21T03:40:04.559087+00:00,btc-updown-15m-1766287800,TRADE,DOWN,DIR_EMERGENCY,5,5,0.6403146986181498,3.2015734930907493,15.0,0.5334897365262028,15.0,0.5101764464680493,15,1.0436661829942522,-0.6549927449137827,0.0,0.0,0.0,0.0,92.3,SUCCESS,BULLISH,emergency,12.0,88057.57,88062.86,-0.006007072675125,35.59040150943074
2025-12-21T03:45:00.479215+00:00,btc-updown-15m-1766287800,RESOLUTION,UP,MARKET_END,30,30,1.0,15.655,15.0,0.5335,15.0,0.5102,15,1.0437,-0.655,0.0,0.0,0.0,-0.6555,107.3,RESOLVED,,,,,,,
2025-12-21T03:45:07.627174+00:00,btc-updown-15m-1766288700,TRADE,UP,DIR_AVERAGE_DOWN,5,5,0.5201258704785444,2.600629352392722,5.0,0.5201258704785444,0.0,0.0,0,0.0,0.0,5.0,0.0,0.0,0.0,104.7,SUCCESS,BULLISH,average_down,12.0,88049.25,88049.25,0.0,0.1339531185831214
2025-12-21T03:45:13.247046+00:00,btc-updown-15m-1766288700,TRADE,UP,DIR_ACCUMULATE,5,5,0.5201180550640292,2.6005902753201458,10.0,0.5201219627712869,0.0,0.0,0,0.0,0.0,10.0,0.0,0.0,0.0,102.1,SUCCESS,BULLISH,accumulate,12.0,88049.25,88049.25,0.0,0.1322373228488777
2025-12-21T03:45:18.752224+00:00,btc-updown-15m-1766288700,TRADE,DOWN,DIR_REBALANCE,5,5,0.5000342730497719,2.5001713652488595,10.0,0.5201219627712869,5.0,0.5000342730497719,5,1.0201562358210587,-0.1007811791052937,5.0,0.0,0.0,0.0,99.6,SUCCESS,BULLISH,rebalance,12.0,88049.25,88049.25,0.0,0.1323884950404703
2025-12-21T03:45:24.190794+00:00,btc-updown-15m-1766288700,TRADE,UP,DIR_ACCUMULATE,5,5,0.5500302684505488,2.750151342252744,15.0,0.5300913979977075,5.0,0.5000342730497719,5,1.030125671047479,-0.1506283552373966,10.0,0.0,0.0,0.0,96.84,SUCCESS,BULLISH,accumulate,12.0,88049.25,88049.25,0.0,0.129096479408493
2025-12-21T03:45:29.576996+00:00,btc-updown-15m-1766288700,TRADE,DOWN,DIR_REBALANCE,5,2,0.4701675347109113,0.9403350694218228,15.0,0.5300913979977075,7.0,0.4915009192386689,7,1.0215923172363763,-0.1511462206546343,8.0,0.0,0.0,0.0,95.9,SUCCESS,BULLISH,rebalance,12.0,88049.25,88049.25,0.0,0.1281878063131673
2025-12-21T03:45:34.982598+00:00,btc-updown-15m-1766288700,TRADE,DOWN,DIR_REBALANCE,5,5,0.46010564929717,2.3005282464858503,15.0,0.5300913979977075,12.0,0.4784195567630444,12,1.008510954760752,-0.1021314571290243,3.0,0.0,0.0,0.0,93.6,SUCCESS,BULLISH,rebalance,12.0,88049.24,88049.25,-1.1357280152597904e-05,0.1874189132937365
2025-12-21T03:55:01.217154+00:00,btc-updown-15m-1766288700,TRADE,DOWN,DIR_EMERGENCY,3,3,0.4702330429579065,1.4106991288737196,15.0,0.5300913979977075,15.0,0.4767822540020168,15,1.0068736519997243,-0.103104779995865,0.0,0.0,0.0,0.0,92.19,SUCCESS,BULLISH,emergency,12.0,88051.67,88049.25,0.0027484617983665,453.6586512372168
2025-12-21T04:00:03.024238+00:00,btc-updown-15m-1766288700,RESOLUTION,UP,MARKET_END,30,30,1.0,15.1031,15.0,0.5301,15.0,0.4768,15,1.0069,-0.1031,0.0,0.0,0.0,-0.1035,107.19,RESOLVED,,,,,,,
2025-12-21T04:00:15.933482+00:00,btc-updown-15m-1766289600,TRADE,UP,DIR_AVERAGE_DOWN,5,5,0.5400737348570293,2.700368674285146,5.0,0.5400737348570293,0.0,0.0,0,0.0,0.0,5.0,0.0,0.0,0.0,104.49,SUCCESS,BULLISH,average_down,12.0,88070.91,88070.65,0.0002952175327527,34.48020485299413
2025-12-21T04:00:21.571792+00:00,btc-updown-15m-1766289600,TRADE,UP,DIR_ACCUMULATE,5,5,0.5700227513428706,2.850113756714353,10.0,0.5550482430999499,0.0,0.0,0,0.0,0.0,10.0,0.0,0.0,0.0,101.64,SUCCESS,BULLISH,accumulate,12.0,88079.57,88070.65,0.0101282322771693,91.08337522998085
2025-12-21T04:00:26.969491+00:00,btc-updown-15m-1766289600,TRADE,DOWN,DIR_REBALANCE,5,5,0.4300300560258979,2.1501502801294894,10.0,0.5550482430999499,5.0,0.4300300560258979,5,0.9850782991258478,0.0746085043707611,5.0,0.0,0.0,0.0,99.49,SUCCESS,BULLISH,rebalance,12.0,88079.57,88070.65,0.0101282322771693,92.01707591258804
2025-12-21T04:00:32.396175+00:00,btc-updown-15m-1766289600,TRADE,UP,DIR_ACCUMULATE,5,5,0.6002934989230626,3.001467494615313,15.0,0.5701299950409875,5.0,0.4300300560258979,5,1.000160051066885,-0.0008002553344266,10.0,0.0,0.0,0.0,96.49,SUCCESS,BULLISH,accumulate,12.0,88079.56,88070.65,0.0101168777566686,93.12242411591652
2025-12-21T04:00:37.813717+00:00,btc-updown-15m-1766289600,TRADE,DOWN,DIR_REBALANCE,5,4,0.4302049022125817,1.720819608850327,15.0,0.5701299950409875,9.0,0.4301077654422018,9,1.0002377604831894,-0.0021398443487041,6.0,0.0,0.0,0.0,94.77,SUCCESS,BULLISH,rebalance,12.0,88079.57,88070.65,0.0101282322771693,92.94595806566502
2025-12-21T04:00:43.230035+00:00,btc-updown-15m-1766289600,TRADE,DOWN,DIR_REBALANCE,5,5,0.4400963771125789,2.2004818855628945,15.0,0.5701299950409875,14.0,0.4336751267530507,14,1.0038051217940382,-0.0532717051165354,1.0,0.0,0.0,0.0,92.57,SUCCESS,BULLISH,rebalance,12.0,88079.56,88070.65,0.0101168777566686,93.1268091383364
2025-12-21T04:10:00.652030+00:00,btc-updown-15m-1766289600,TRADE,DOWN,DIR_EMERGENCY,1,1,0.1499322369038933,0.1499322369038933,15.0,0.5701299950409875,15.0,0.4147589340964402,15,0.9848889291374278,0.2266660629385836,0.0,0.0,0.0,0.0,92.42,SUCCESS,BULLISH,emergency,12.0,88109.89,88070.65,0.0445551384030948,541.0634619501873
2025-12-21T04:15:02.187738+00:00,btc-updown-15m-1766289600,RESOLUTION,UP,MARKET_END,30,30,1.0,14.7733,15.0,0.5701,15.0,0.4148,15,0.9849,0.2267,0.0,0.0,0.0,0.2265,107.41,RESOLVED,,,,,,,
2025-12-21T04:15:09.382620+00:00,btc-updown-15m-1766290500,TRADE,UP,DIR_AVERAGE_DOWN,5,5,0.5802897785014997,2.9014488925074984,5.0,0.5802897785014997,0.0,0.0,0,0.0,0.0,5.0,0.0,0.0,0.0,104.52,SUCCESS,BULLISH,average_down,12.0,88089.84,88089.84,0.0,0.2470638120605942
2025-12-21T04:15:14.771064+00:00,btc-updown-15m-1766290500,TRADE,UP,DIR_ACCUMULATE,5,5,0.5800696937755192,2.900348468877596,10.0,0.5801797361385095,0.0,0.0,0,0.0,0.0,10.0,0.0,0.0,0.0,101.62,SUCCESS,BULLISH,accumulate,12.0,88089.84,88089.84,0.0,0.2449202704821437
2025-12-21T04:15:20.174643+00:00,btc-updown-15m-1766290500,TRADE,DOWN,DIR_REBALANCE,5,5,0.4301719505238014,2.150859752619007,10.0,0.5801797361385095,5.0,0.4301719505238014,5,1.010351686662311,-0.051758433311555,5.0,0.0,0.0,0.0,99.47,SUCCESS,BULLISH,rebalance,12.0,88089.84,88089.84,0.0,0.2459873991903082
2025-12-21T04:15:25.584353+00:00,btc-updown-15m-1766290500,TRADE,UP,DIR_ACCUMULATE,5,5,0.5801143985550811,2.900571992775405,15.0,0.5801579569440333,5.0,0.4301719505238014,5,1.010329907467835,-0.0516495373391734,10.0,0.0,0.0,0.0,96.57,SUCCESS,BULLISH,accumulate,12.0,88089.84,88089.84,0.0,0.247602632853424
2025-12-21T04:15:31.207474+00:00,btc-updown-15m-1766290500,TRADE,DOWN,DIR_REBALANCE,5,5,0.4500556937117303,2.250278468558652,15.0,0.5801579569440333,10.0,0.4401138221177659,10,1.0202717790617992,-0.2027177906179922,5.0,0.0,0.0,0.0,94.32,SUCCESS,BULLISH,rebalance,12.0,88089.84,88089.84,0.0,0.2496901273969126
2025-12-21T04:25:01.880169+00:00,btc-updown-15m-1766290500,TRADE,DOWN,DIR_EMERGENCY,5,5,0.0800086173419645,0.4000430867098225,15.0,0.5801579569440333,15.0,0.3200787538591654,15,0.9002367108031988,1.4964493379520185,0.0,0.0,0.0,0.0,93.92,SUCCESS,BULLISH,emergency,12.0,88110.65,88089.84,0.0236236097148066,154.12268283446366
2025-12-21T04:30:04.151022+00:00,btc-updown-15m-1766290500,RESOLUTION,DOWN,MARKET_END,30,30,1.0,13.5036,15.0,0.5802,15.0,0.3201,15,0.9002,1.4964,0.0,0.0,0.0,1.4964,108.91,RESOLVED,,,,,,,
2025-12-21T04:30:11.164568+00:00,btc-updown-15m-1766291400,TRADE,UP,DIR_AVERAGE_DOWN,5,5,0.5000119104641908,2.500059552320954,5.0,0.5000119104641908,0.0,0.0,0,0.0,0.0,5.0,0.0,0.0,0.0,106.42,SUCCESS,BULLISH,average_down,12.0,88119.45,88119.45,0.0,0.0159248147988028
2025-12-21T04:30:16.576811+00:00,btc-updown-15m-1766291400,TRADE,UP,DIR_ACCUMULATE,5,5,0.5000366511565321,2.50018325578266,10.0,0.5000242808103614,0.0,0.0,0,0.0,0.0,10.0,0.0,0.0,0.0,103.92,SUCCESS,BULLISH,accumulate,12.0,88119.45,88119.45,0.0,0.0147647174217877
2025-12-21T04:30:21.968265+00:00,btc-updown-15m-1766291400,TRADE,DOWN,DIR_REBALANCE,5,5,0.5202246911023616,2.601123455511808,10.0,0.5000242808103614,5.0,0.5202246911023616,5,1.020248971912723,-0.101244859563615,5.0,0.0,0.0,0.0,101.31,SUCCESS,BULLISH,rebalance,12.0,88119.46,88119.45,1.134823243825651e-05,2.194490808211689
2025-12-21T04:30:27.365650+00:00,btc-updown-15m-1766291400,TRADE,UP,DIR_ACCUMULATE,5,5,0.5100468165365939,2.550234082682969,15.0,0.5033651260524389,5.0,0.5202246911023616,5,1.0235898171548006,-0.1179490857740028,10.0,0.0,0.0,0.0,98.76,SUCCESS,BULLISH,accumulate,12.0,88119.45,88119.45,0.0,2.4962514269719134e-08
2025-12-21T04:30:32.772717+00:00,btc-updown-15m-1766291400,TRADE,DOWN,DIR_REBALANCE,5,5,0.5100710262696208,2.550355131348104,15.0,0.5033651260524389,10.0,0.5151478586859912,10,1.0185129847384302,-0.1851298473843021,5.0,0.0,0.0,0.0,96.21,SUCCESS,BULLISH,rebalance,12.0,88119.45,88119.45,0.0,2.4822758128766583e-08
2025-12-21T04:45:03.711132+00:00,btc-updown-15m-1766291400,RESOLUTION,DOWN,MARKET_END,25,25,1.0,12.702,15.0,0.5034,10.0,0.5151,10,1.0185,-0.1851,0.33,0.0,0.0,-2.702,106.21,RESOLVED,,,,,,,
2025-12-21T04:45:10.870932+00:00,btc-updown-15m-1766292300,TRADE,UP,DIR_AVERAGE_DOWN,5,5,0.5397303528405447,2.698651764202724,5.0,0.5397303528405447,0.0,0.0,0,0.0,0.0,5.0,0.0,0.0,0.0,103.52,SUCCESS,BULLISH,average_down,12.0,88079.79,88079.79,0.0,1.7550642642828088e-08
2025-12-21T04:45:21.652256+00:00,btc-updown-15m-1766292300,TRADE,UP,DIR_ACCUMULATE,5,5,0.5001602441084609,2.5008012205423045,10.0,0.5199452984745028,0.0,0.0,0,0.0,0.0,10.0,0.0,0.0,0.0,101.01,SUCCESS,BULLISH,accumulate,12.0,88079.79,88079.79,0.0,1.870077621585563e-08
2025-12-21T04:45:27.097806+00:00,btc-updown-15m-1766292300,TRADE,DOWN,DIR_REBALANCE,5,5,0.5100003239753238,2.550001619876619,10.0,0.5199452984745028,5.0,0.5100003239753238,5,1.0299456224498265,-0.1497281122491323,5.0,0.0,0.0,0.0,98.46,SUCCESS,BULLISH,rebalance,12.0,88079.78,88079.79,-1.1353342230676652e-05,2.904020056568916
2025-12-21T04:45:37.988991+00:00,btc-updown-15m-1766292300,TRADE,UP,DIR_ACCUMULATE,5,5,0.4701029831812216,2.3505149159061083,15.0,0.5033311933767425,5.0,0.5100003239753238,5,1.0133315173520665,-0.0666575867603314,10.0,0.0,0.0,0.0,96.11,SUCCESS,BULLISH,accumulate,12.0,88079.78,88079.79,-1.1353342230676652e-05,2.112885543533397
2025-12-21T04:45:43.500570+00:00,btc-updown-15m-1766292300,TRADE,DOWN,DIR_REBALANCE,5,5,0.6001529077823079,3.00076453891154,15.0,0.5033311933767425,10.0,0.5550766158788158,10,1.0584078092555584,-0.5840780925555844,5.0,0.0,0.0,0.0,93.11,SUCCESS,BULLISH,rebalance,12.0,88070.5,88079.79,-0.0105472549378167,73.1043873968667
2025-12-21T04:55:03.169654+00:00,btc-updown-15m-1766292300,TRADE,DOWN,DIR_EMERGENCY,5,5,0.6101697757818463,3.0508488789092314,15.0,0.5033311933767425,15.0,0.5734410025131594,15,1.076772195889902,-1.1515829383485288,0.0,0.0,0.0,0.0,90.06,SUCCESS,BULLISH,emergency,12.0,88073.89,88079.79,-0.0066984719196017,42.01492405922606
2025-12-21T05:00:02.318083+00:00,btc-updown-15m-1766292300,RESOLUTION,UP,MARKET_END,30,30,1.0,16.1516,15.0,0.5033,15.0,0.5734,15,1.0768,-1.1516,0.0,0.0,0.0,-1.1516,105.06,RESOLVED,,,,,,,
2025-12-21T05:00:09.397041+00:00,btc-updown-15m-1766293200,TRADE,UP,DIR_AVERAGE_DOWN,5,1,0.5501158322889724,0.5501158322889724,1.0,0.5501158322889724,0.0,0.0,0,0.0,0.0,1.0,0.0,0.0,0.0,104.51,SUCCESS,BULLISH,average_down,12.0,88065.82,88065.82,0.0,0.0103643321216901
2025-12-21T05:00:47.205889+00:00,btc-updown-15m-1766293200,TRADE,UP,DIR_AVERAGE_DOWN,5,2,0.4101822432693219,0.8203644865386439,3.0,0.4568267729425388,0.0,0.0,0,0.0,0.0,3.0,0.0,0.0,0.0,103.69,SUCCESS,BULLISH,average_down,12.0,88055.92,88065.82,-0.0112415918003247,133.2577670431096
2025-12-21T05:00:52.638144+00:00,btc-updown-15m-1766293200,TRADE,UP,DIR_ACCUMULATE,5,5,0.3801618333024024,1.900809166512012,8.0,0.4089111856674535,0.0,0.0,0,0.0,0.0,8.0,0.0,0.0,0.0,101.79,SUCCESS,BULLISH,accumulate,12.0,88055.91,88065.82,-0.0112529469435514,134.4357010644003
2025-12-21T05:00:58.245305+00:00,btc-updown-15m-1766293200,TRADE,DOWN,DIR_REBALANCE,5,5,0.6300841958802551,3.150420979401276,8.0,0.4089111856674535,5.0,0.6300841958802551,5,1.0389953815477089,-0.1949769077385432,3.0,0.0,0.0,0.0,98.64,SUCCESS,BULLISH,rebalance,12.0,88055.91,88065.82,-0.0112529469435514,135.21001871809156
2025-12-21T05:01:09.181574+00:00,btc-updown-15m-1766293200,TRADE,UP,DIR_ACCUMULATE,5,5,0.3901118243932789,1.950559121966395,13.0,0.4016806621004634,5.0,0.6300841958802551,5,1.0317648579807184,-0.1588242899035918,8.0,0.0,0.0,0.0,96.69,SUCCESS,BULLISH,accumulate,12.0,88055.92,88065.82,-0.0112415918003247,132.7300030531701
2025-12-21T05:01:14.589945+00:00,btc-updown-15m-1766293200,TRADE,DOWN,DIR_REBALANCE,5,5,0.6302035490072564,3.151017745036282,13.0,0.4016806621004634,10.0,0.6301438724437558,10,1.0318245345442192,-0.3182453454421918,3.0,0.0,0.0,0.0,93.54,SUCCESS,BULLISH,rebalance,12.0,88055.92,88065.82,-0.0112415918003247,132.64306415861392
2025-12-21T05:01:20.022081+00:00,btc-updown-15m-1766293200,TRADE,UP,DIR_ACCUMULATE,2,2,0.3798610471862432,0.7597220943724864,15.0,0.3987713801119007,10.0,0.6301438724437558,10,1.0289152525556564,-0.2891525255565641,5.0,0.0,0.0,0.0,92.78,SUCCESS,BULLISH,accumulate,12.0,88055.92,88065.82,-0.0112415918003247,129.90077231245988
2025-12-21T05:10:04.986271+00:00,btc-updown-15m-1766293200,TRADE,DOWN,DIR_EMERGENCY,5,5,0.190074029533186,0.95037014766593,15.0,0.3987713801119007,15.0,0.4834539248068992,15,0.8822253049187999,1.7666204262180014,0.0,0.0,0.0,0.0,91.83,SUCCESS,BULLISH,emergency,12.0,88073.83,88065.82,0.0090954697293396,1124.9764172735968
2025-12-21T05:15:01.458875+00:00,btc-updown-15m-1766293200,RESOLUTION,UP,MARKET_END,30,30,1.0,13.2334,15.0,0.3988,15.0,0.4835,15,0.8822,1.7666,0.0,0.0,0.0,1.7655,106.82,RESOLVED,,,,,,,
2025-12-21T05:15:08.968441+00:00,btc-updown-15m-1766294100,TRADE,UP,DIR_AVERAGE_DOWN,5,5,0.6302448107875382,3.1512240539376912,5.0,0.6302448107875382,0.0,0.0,0,0.0,0.0,5.0,0.0,0.0,0.0,103.68,SUCCESS,BULLISH,average_down,12.0,88118.0,88118.0,0.0,0.1569544765527775
2025-12-21T05:15:14.371282+00:00,btc-updown-15m-1766294100,TRADE,UP,DIR_ACCUMULATE,5,5,0.6800934391350612,3.4004671956753056,10.0,0.6551691249612996,0.0,0.0,0,0.0,0.0,10.0,0.0,0.0,0.0,100.28,SUCCESS,BULLISH,accumulate,12.0,88129.83,88118.0,0.0134251798724457,69.5923275112963
2025-12-21T05:15:19.770543+00:00,btc-updown-15m-1766294100,TRADE,DOWN,DIR_REBALANCE,5,5,0.3200350391472301,1.6001751957361507,10.0,0.6551691249612996,5.0,0.3200350391472301,5,0.9752041641085298,0.1239791794573508,5.0,0.0,0.0,0.0,98.68,SUCCESS,BULLISH,rebalance,12.0,88140.0,88118.0,0.0249665221634626,134.0092610958758
2025-12-21T05:15:25.320298+00:00,btc-updown-15m-1766294100,TRADE,UP,DIR_ACCUMULATE,5,4,0.7203160327571717,2.881264131028687,14.0,0.6737825271886917,5.0,0.3200350391472301,5,0.993817566335922,0.0309121683203905,9.0,0.0,0.0,0.0,95.79,SUCCESS,BULLISH,accumulate,12.0,88139.99,88118.0,0.0249551737443033,136.18216557540663
2025-12-21T05:15:30.733603+00:00,btc-updown-15m-1766294100,TRADE,DOWN,DIR_REBALANCE,5,2,0.2600554227142796,0.5201108454285592,14.0,0.6737825271886917,7.0,0.3028980058806728,7,0.9766805330693644,0.1632362685144482,7.0,0.0,0.0,0.0,95.27,SUCCESS,BULLISH,rebalance,12.0,88150.01,88118.0,0.0363262897478321,195.8535834989881
2025-12-21T05:15:36.162579+00:00,btc-updown-15m-1766294100,TRADE,DOWN,DIR_REBALANCE,5,5,0.2700637235651837,1.3503186178259188,14.0,0.6737825271886917,12.0,0.2892170549158857,12,0.9629995821045774,0.4440050147450716,2.0,0.0,0.0,0.0,93.92,SUCCESS,BULLISH,rebalance,12.0,88150.01,88118.0,0.0363262897478321,188.2459645501376
2025-12-21T05:15:41.565409+00:00,btc-updown-15m-1766294100,TRADE,UP,DIR_AVERAGE_DOWN,1,1,0.7201080443173784,0.7201080443173784,15.0,0.6768708949972707,12.0,0.2892170549158857,12,0.9660879499131564,0.406944601042122,3.0,0.0,0.0,0.0,93.2,SUCCESS,BULLISH,average_down,12.0,88150.0,88118.0,0.0363149413286729,187.30436815614237
2025-12-21T05:20:03.275873+00:00,btc-updown-15m-1766294100,TRADE,DOWN,DIR_ACCUMULATE,3,3,0.7999026528105436,2.3997079584316308,15.0,0.6768708949972707,15.0,0.3913541744948173,15,1.068225069492088,-1.023376042381321,0.0,0.0,0.0,0.0,90.8,SUCCESS,BEARISH,accumulate,13.0,88063.43,88118.0,-0.0619283233845604,427.8421972301946
2025-12-21T05:30:00.746907+00:00,btc-updown-15m-1766294100,RESOLUTION,DOWN,MARKET_END,30,30,1.0,16.0234,15.0,0.6769,15.0,0.3914,15,1.0682,-1.0234,0.0,0.0,0.0,-1.0234,105.8,RESOLVED,,,,,,,
2025-12-21T05:45:05.364198+00:00,btc-updown-15m-1766295900,TRADE,UP,DIR_AVERAGE_DOWN,1,1,0.4301300277419419,0.4301300277419419,1.0,0.4301300277419419,0.0,0.0,0,0.0,0.0,1.0,0.0,0.0,0.0,91.56,SUCCESS,BULLISH,average_down,0.0,88100.67,88100.67,0.0,0.5773502691896257
2025-12-21T05:48:04.587883+00:00,btc-updown-15m-1766295900,TRADE,UP,DIR_AVERAGE_DOWN,1,1,0.3700654132416938,0.3700654132416938,2.0,0.4000977204918178,0.0,0.0,0,0.0,0.0,2.0,0.0,0.0,0.0,91.19,SUCCESS,BULLISH,average_down,0.0,88101.03,88100.67,0.000408623453148,2.831346779988667
2025-12-21T05:48:15.594861+00:00,btc-updown-15m-1766295900,TRADE,UP,DIR_AVERAGE_DOWN,1,1,0.3001014053717042,0.3001014053717042,3.0,0.36676561545178,0.0,0.0,0,0.0,0.0,3.0,0.0,0.0,0.0,90.89,SUCCESS,BULLISH,average_down,0.0,88101.03,88100.67,0.000408623453148,2.837622848020143
2025-12-21T05:48:26.404462+00:00,btc-updown-15m-1766295900,TRADE,UP,DIR_ACCUMULATE,1,1,0.3300805581427293,0.3300805581427293,4.0,0.3575943511245173,0.0,0.0,0,0.0,0.0,4.0,0.0,0.0,0.0,90.56,SUCCESS,BULLISH,accumulate,0.0,88101.04,88100.67,0.0004199741046184,2.9481610285514552
2025-12-21T05:48:31.906496+00:00,btc-updown-15m-1766295900,TRADE,UP,DIR_ACCUMULATE,1,1,0.3200404572268427,0.3200404572268427,5.0,0.3500835723449824,0.0,0.0,0,0.0,0.0,5.0,0.0,0.0,0.0,90.24,SUCCESS,BULLISH,accumulate,0.0,88101.03,88100.67,0.000408623453148,2.8773997253269274
2025-12-21T05:48:37.296804+00:00,btc-updown-15m-1766295900,TRADE,UP,DIR_ACCUMULATE,1,1,0.3301637861983911,0.3301637861983911,6.0,0.3467636079872171,0.0,0.0,0,0.0,0.0,6.0,0.0,0.0,0.0,89.91,SUCCESS,BULLISH,accumulate,0.0,88101.03,88100.67,0.000408623453148,2.871112617490128
2025-12-21T05:48:42.696911+00:00,btc-updown-15m-1766295900,TRADE,DOWN,DIR_REBALANCE,5,5,0.7003083484673743,3.5015417423368715,6.0,0.3467636079872171,5.0,0.7003083484673743,5,1.0470719564545914,-0.2353597822729569,1.0,0.0,0.0,0.0,86.41,SUCCESS,BULLISH,rebalance,0.0,88101.03,88100.67,0.000408623453148,2.8711415110788043
2025-12-21T05:48:48.081805+00:00,btc-updown-15m-1766295900,TRADE,UP,DIR_AVERAGE_DOWN,1,1,0.3100714654825232,0.3100714654825232,7.0,0.3415218733436895,5.0,0.7003083484673743,5,1.0418302218110638,-0.2091511090553188,2.0,0.0,0.0,0.0,86.1,SUCCESS,BULLISH,average_down,0.0,88101.03,88100.67,0.000408623453148,2.8730370696661227
2025-12-21T05:55:00.811397+00:00,btc-updown-15m-1766295900,TRADE,DOWN,DIR_EMERGENCY,2,2,0.1500041632528041,0.3000083265056082,7.0,0.3415218733436895,7.0,0.5430785812632114,7,0.8846004546069008,0.8077968177516941,0.0,0.0,0.0,0.0,85.8,SUCCESS,BULLISH,emergency,0.0,88138.94,88100.67,0.043438943199869,299.8753130440843
2025-12-21T05:55:17.393793+00:00,btc-updown-15m-1766295900,TRADE,UP,DIR_AVERAGE_DOWN,1,1,0.7703201993585768,0.7703201993585768,8.0,0.3951216640955504,7.0,0.5430785812632114,7,0.9382002453587618,0.4325982824886675,1.0,0.0,0.0,0.0,85.03,SUCCESS,BULLISH,average_down,0.0,88138.95,88100.67,0.0434502938513394,292.5865567086921
2025-12-21T05:55:22.837675+00:00,btc-updown-15m-1766295900,TRADE,DOWN,DIR_EMERGENCY,1,1,0.2000438805274335,0.2000438805274335,8.0,0.3951216640955504,8.0,0.5001992436712391,8,0.8953209077667895,0.8374327378656838,0.0,0.0,0.0,0.0,84.83,SUCCESS,BULLISH,emergency,0.0,88138.95,88100.67,0.0434502938513394,281.4145709041514
2025-12-21T05:55:28.318856+00:00,btc-updown-15m-1766295900,TRADE,UP,DIR_AVERAGE_DOWN,1,1,0.7496495787720969,0.7496495787720969,9.0,0.4345136546151666,8.0,0.5001992436712391,8,0.9347128982864058,0.5222968137087536,1.0,0.0,0.0,0.0,84.08,SUCCESS,BULLISH,average_down,0.0,88138.95,88100.67,0.0434502938513394,282.442322023248
2025-12-21T05:55:33.770706+00:00,btc-updown-15m-1766295900,TRADE,DOWN,DIR_EMERGENCY,1,1,0.2500547091946309,0.2500547091946309,9.0,0.4345136546151666,9.0,0.4724054065071715,9,0.906919061122338,0.837728449898957,0.0,0.0,0.0,0.0,83.83,SUCCESS,BULLISH,emergency,0.0,88138.95,88100.67,0.0434502938513394,265.42792771516577
2025-12-21T05:55:39.289743+00:00,btc-updown-15m-1766295900,TRADE,UP,DIR_AVERAGE_DOWN,1,1,0.7900892183283451,0.7900892183283451,10.0,0.4700712109864844,9.0,0.4724054065071715,9,0.942476617493656,0.5177104425570963,1.0,0.0,0.0,0.0,83.04,SUCCESS,BULLISH,average_down,0.0,88138.94,88100.67,0.043438943199869,274.5205118306911
2025-12-21T05:55:50.207161+00:00,btc-updown-15m-1766295900,TRADE,DOWN,DIR_EMERGENCY,1,1,0.2100789347665488,0.2100789347665488,10.0,0.4700712109864844,10.0,0.4461727593331092,10,0.9162439703195936,0.837560296804063,0.0,0.0,0.0,0.0,82.83,SUCCESS,BULLISH,emergency,0.0,88138.95,88100.67,0.0434502938513394,269.2509819237434
2025-12-21T05:55:55.665472+00:00,btc-updown-15m-1766295900,TRADE,UP,DIR_AVERAGE_DOWN,1,1,0.8104044764805224,0.8104044764805224,11.0,0.5010105987586697,10.0,0.4461727593331092,10,0.947183358091779,0.52816641908221,1.0,0.0,0.0,0.0,82.02,SUCCESS,BULLISH,average_down,0.0,88138.95,88100.67,0.0434502938513394,248.9955592889012
2025-12-21T05:56:17.616289+00:00,btc-updown-15m-1766295900,TRADE,DOWN,DIR_EMERGENCY,1,1,0.1700180041306369,0.1700180041306369,11.0,0.5010105987586697,11.0,0.4210677815874299,11,0.9220783803460996,0.8571378161929035,0.0,0.0,0.0,0.0,81.85,SUCCESS,BULLISH,emergency,0.0,88138.95,88100.67,0.0434502938513394,6773.306950264665
2025-12-21T05:56:28.661503+00:00,btc-updown-15m-1766295900,TRADE,UP,DIR_AVERAGE_DOWN,1,1,0.8203066818834887,0.8203066818834887,12.0,0.527618605685738,11.0,0.4210677815874299,11,0.948686387273168,0.5644497399951519,1.0,0.0,0.0,0.0,81.03,SUCCESS,BULLISH,average_down,0.0,88138.94,88100.67,0.043438943199869,6280.928834911918
2025-12-21T05:56:34.126007+00:00,btc-updown-15m-1766295900,TRADE,DOWN,DIR_EMERGENCY,1,1,0.2300917959827246,0.2300917959827246,12.0,0.527618605685738,12.0,0.4051531161203712,12,0.9327717218061092,0.8067393383266892,0.0,0.0,0.0,0.0,80.8,SUCCESS,BULLISH,emergency,0.0,88138.95,88100.67,0.0434502938513394,6066.613873643604
2025-12-21T05:56:39.586844+00:00,btc-updown-15m-1766295900,TRADE,UP,DIR_AVERAGE_DOWN,1,1,0.8002169500446957,0.8002169500446957,13.0,0.5485877090979655,12.0,0.4051531161203712,12,0.9537408252183368,0.5551100973799596,1.0,0.0,0.0,0.0,80.0,SUCCESS,BULLISH,average_down,0.0,88138.94,88100.67,0.043438943199869,5737.434437323255
2025-12-21T05:56:45.042197+00:00,btc-updown-15m-1766295900,TRADE,DOWN,DIR_EMERGENCY,1,1,0.210102680054964,0.210102680054964,13.0,0.5485877090979655,13.0,0.3901492364230322,13,0.9387369455209976,0.7964197082270295,0.0,0.0,0.0,0.0,79.79,SUCCESS,BULLISH,emergency,0.0,88138.95,88100.67,0.0434502938513394,6570.679826188703
2025-12-21T05:56:50.592160+00:00,btc-updown-15m-1766295900,TRADE,UP,DIR_AVERAGE_DOWN,1,1,0.8502363183865056,0.8502363183865056,14.0,0.5701340383328612,13.0,0.3901492364230322,13,0.9602832747558936,0.5163174281733848,1.0,0.0,0.0,0.0,78.94,SUCCESS,BULLISH,average_down,0.0,88138.95,88100.67,0.0434502938513394,6721.031396925835
2025-12-21T05:57:01.547184+00:00,btc-updown-15m-1766295900,TRADE,DOWN,DIR_EMERGENCY,1,1,0.1500102743606233,0.1500102743606233,14.0,0.5701340383328612,14.0,0.3729964534185744,14,0.9431304917514356,0.7961731154799017,0.0,0.0,0.0,0.0,78.79,SUCCESS,BULLISH,emergency,0.0,88138.95,88100.67,0.0434502938513394,7130.937389946191
2025-12-21T06:00:02.451425+00:00,btc-updown-15m-1766295900,RESOLUTION,UP,MARKET_END,28,28,1.0,13.2038,14.0,0.5701,14.0,0.373,14,0.9431,0.7962,0.0,0.0,0.0,0.7966,92.79,RESOLVED,,,,,,,
2025-12-21T06:00:15.258101+00:00,btc-updown-15m-1766296800,TRADE,UP,DIR_AVERAGE_DOWN,1,1,0.410138893146634,0.410138893146634,1.0,0.410138893146634,0.0,0.0,0,0.0,0.0,1.0,0.0,0.0,0.0,92.38,SUCCESS,BULLISH,average_down,0.0,88126.3,88126.3,0.0,0.2138700358069788
2025-12-21T06:00:36.934084+00:00,btc-updown-15m-1766296800,TRADE,UP,DIR_AVERAGE_DOWN,1,1,0.3201205752373167,0.3201205752373167,2.0,0.3651297341919753,0.0,0.0,0,0.0,0.0,2.0,0.0,0.0,0.0,92.06,SUCCESS,BULLISH,average_down,0.0,88114.55,88126.3,-0.0133331366459274,78.09312168451994
2025-12-21T06:10:03.344329+00:00,btc-updown-15m-1766296800,TRADE,DOWN,DIR_EMERGENCY,2,2,0.4301963417704688,0.8603926835409376,2.0,0.3651297341919753,2.0,0.4301963417704688,2,0.7953260759624441,0.4093478480751118,0.0,0.0,0.0,0.0,91.2,SUCCESS,BULLISH,emergency,0.0,88140.4,88126.3,0.015999763975103,2649.9694640816183
2025-12-21T06:10:08.751538+00:00,btc-updown-15m-1766296800,TRADE,UP,DIR_AVERAGE_DOWN,1,1,0.6101372398990995,0.6101372398990995,3.0,0.4467989027610167,2.0,0.4301963417704688,2,0.8769952445314855,0.246009510937029,1.0,0.0,0.0,0.0,90.59,SUCCESS,BULLISH,average_down,0.0,88140.41,88126.3,0.0160111113254506,2858.9661469921
2025-12-21T06:10:19.567000+00:00,btc-updown-15m-1766296800,TRADE,DOWN,DIR_EMERGENCY,1,1,0.4200717323430979,0.4200717323430979,3.0,0.4467989027610167,3.0,0.4268214719613452,3,0.8736203747223619,0.3791388758329144,0.0,0.0,0.0,0.0,90.17,SUCCESS,BULLISH,emergency,0.0,88140.4,88126.3,0.015999763975103,3063.352608130372
2025-12-21T06:10:24.997795+00:00,btc-updown-15m-1766296800,TRADE,UP,DIR_AVERAGE_DOWN,1,1,0.6402729339734771,0.6402729339734771,4.0,0.4951674105641318,3.0,0.4268214719613452,3,0.921988882525477,0.2340333524235691,1.0,0.0,0.0,0.0,89.53,SUCCESS,BULLISH,average_down,0.0,88140.4,88126.3,0.015999763975103,3063.352608130372
2025-12-21T06:10:30.501769+00:00,btc-updown-15m-1766296800,TRADE,DOWN,DIR_EMERGENCY,1,1,0.3599957545997717,0.3599957545997717,4.0,0.4951674105641318,4.0,0.4101150426209518,4,0.9052824531850836,0.3788701872596656,0.0,0.0,0.0,0.0,89.17,SUCCESS,BULLISH,emergency,0.0,88140.4,88126.3,0.015999763975103,3034.9612680721048
2025-12-21T06:10:35.916159+00:00,btc-updown-15m-1766296800,TRADE,UP,DIR_AVERAGE_DOWN,1,1,0.6201685747308653,0.6201685747308653,5.0,0.5201676433974785,4.0,0.4101150426209518,4,0.9302826860184302,0.2788692559262791,1.0,0.0,0.0,0.0,88.55,SUCCESS,BULLISH,average_down,0.0,88140.41,88126.3,0.0160111113254506,2917.0851399241024
2025-12-21T06:10:41.325309+00:00,btc-updown-15m-1766296800,TRADE,DOWN,DIR_EMERGENCY,1,1,0.3700956799050426,0.3700956799050426,5.0,0.5201676433974785,5.0,0.4021111700777699,5,0.9222788134752484,0.3886059326237578,0.0,0.0,0.0,0.0,88.18,SUCCESS,BULLISH,emergency,0.0,88140.41,88126.3,0.0160111113254506,2930.314914507692
2025-12-21T06:10:46.853452+00:00,btc-updown-15m-1766296800,TRADE,UP,DIR_AVERAGE_DOWN,1,1,0.6301329009913088,0.6301329009913088,6.0,0.5384951863297835,5.0,0.4021111700777699,5,0.9406063564075536,0.2969682179622324,1.0,0.0,0.0,0.0,87.55,SUCCESS,BULLISH,average_down,0.0,88140.41,88126.3,0.0160111113254506,2884.6497599854733
2025-12-21T06:10:52.547208+00:00,btc-updown-15m-1766296800,TRADE,DOWN,DIR_EMERGENCY,1,1,0.3800742710083739,0.3800742710083739,6.0,0.5384951863297835,6.0,0.3984383535662039,6,0.9369335398959876,0.378398760624075,0.0,0.0,0.0,0.0,87.17,SUCCESS,BULLISH,emergency,0.0,88140.4,88126.3,0.015999763975103,2893.4975452773906
2025-12-21T06:10:57.977157+00:00,btc-updown-15m-1766296800,TRADE,UP,DIR_AVERAGE_DOWN,1,1,0.6200014066703355,0.6200014066703355,7.0,0.5501389320927196,6.0,0.3984383535662039,6,0.9485772856589236,0.3085362860464589,1.0,0.0,0.0,0.0,86.55,SUCCESS,BULLISH,average_down,0.0,88140.41,88126.3,0.0160111113254506,2957.116299944537
2025-12-21T06:11:03.381745+00:00,btc-updown-15m-1766296800,TRADE,DOWN,DIR_EMERGENCY,1,1,0.3501028030999867,0.3501028030999867,7.0,0.5501389320927196,7.0,0.3915332749281729,7,0.9416722070208924,0.4082945508537525,0.0,0.0,0.0,0.0,86.2,SUCCESS,BULLISH,emergency,0.0,88140.41,88126.3,0.0160111113254506,3030.133403361443
2025-12-21T06:15:02.511324+00:00,btc-updown-15m-1766296800,RESOLUTION,DOWN,MARKET_END,14,14,1.0,6.5917,7.0,0.5501,7.0,0.3915,7,0.9417,0.4083,0.0,0.0,0.0,0.4088,93.19,RESOLVED,,,,,,,
2025-12-21T06:15:09.626469+00:00,btc-updown-15m-1766297700,TRADE,UP,DIR_AVERAGE_DOWN,1,1,0.5000031584899052,0.5000031584899052,1.0,0.5000031584899052,0.0,0.0,0,0.0,0.0,1.0,0.0,0.0,0.0,92.7,SUCCESS,BULLISH,average_down,0.0,88178.75,88178.75,0.0,2.77777803539171e-08
2025-12-21T06:22:35.118001+00:00,btc-updown-15m-1766297700,TRADE,UP,DIR_AVERAGE_DOWN,1,1,0.2100587642070873,0.2100587642070873,2.0,0.3550309613484962,0.0,0.0,0,0.0,0.0,2.0,0.0,0.0,0.0,92.49,SUCCESS,BULLISH,average_down,0.0,88162.06,88178.75,-0.0189274626823382,93.61457722542887
2025-12-21T06:22:45.933246+00:00,btc-updown-15m-1766297700,TRADE,UP,DIR_AVERAGE_DOWN,1,1,0.140052972674335,0.140052972674335,3.0,0.2833716317904425,0.0,0.0,0,0.0,0.0,3.0,0.0,0.0,0.0,92.35,SUCCESS,BULLISH,average_down,0.0,88147.22,88178.75,-0.0357569142225296,184.50936031987948
2025-12-21T06:22:51.345345+00:00,btc-updown-15m-1766297700,TRADE,UP,DIR_ACCUMULATE,1,1,0.1500140863949441,0.1500140863949441,4.0,0.2500322454415679,0.0,0.0,0,0.0,0.0,4.0,0.0,0.0,0.0,92.2,SUCCESS,BULLISH,accumulate,0.0,88147.22,88178.75,-0.0357569142225296,184.5100887016644
2025-12-21T06:22:56.766130+00:00,btc-updown-15m-1766297700,TRADE,UP,DIR_ACCUMULATE,1,1,0.1400668803398129,0.1400668803398129,5.0,0.2280391724212169,0.0,0.0,0,0.0,0.0,5.0,0.0,0.0,0.0,92.06,SUCCESS,BULLISH,accumulate,0.0,88147.21,88178.75,-0.035768254823292,186.65086972108145
2025-12-21T06:23:02.201097+00:00,btc-updown-15m-1766297700,TRADE,UP,DIR_ACCUMULATE,1,1,0.1400653768222594,0.1400653768222594,6.0,0.213376873154724,0.0,0.0,0,0.0,0.0,6.0,0.0,0.0,0.0,91.92,SUCCESS,BULLISH,accumulate,0.0,88147.22,88178.75,-0.0357569142225296,186.88088422421467
2025-12-21T06:23:07.919034+00:00,btc-updown-15m-1766297700,TRADE,DOWN,DIR_REBALANCE,5,5,0.8702612663432583,4.351306331716291,6.0,0.213376873154724,5.0,0.8702612663432582,5,1.0836381394979822,-0.4181906974899108,1.0,0.0,0.0,0.0,87.57,SUCCESS,BULLISH,rebalance,0.0,88147.22,88178.75,-0.0357569142225296,186.4912709541437
2025-12-21T06:23:13.333181+00:00,btc-updown-15m-1766297700,TRADE,UP,DIR_AVERAGE_DOWN,1,1,0.1400186845438776,0.1400186845438776,7.0,0.2028971319246031,5.0,0.8702612663432582,5,1.0731583982678612,-0.3657919913393059,2.0,0.0,0.0,0.0,87.43,SUCCESS,BULLISH,average_down,0.0,88147.21,88178.75,-0.035768254823292,186.55050001238257
2025-12-21T06:23:45.945548+00:00,btc-updown-15m-1766297700,TRADE,UP,DIR_AVERAGE_DOWN,1,1,0.120018210804736,0.120018210804736,8.0,0.1925372667846197,5.0,0.8702612663432582,5,1.062798533127878,-0.3139926656393899,3.0,0.0,0.0,0.0,87.31,SUCCESS,BULLISH,average_down,0.0,88147.22,88178.75,-0.0357569142225296,5633.48075193166
2025-12-21T06:23:51.490816+00:00,btc-updown-15m-1766297700,TRADE,UP,DIR_ACCUMULATE,1,1,0.1400113861126918,0.1400113861126918,9.0,0.1867010578210721,5.0,0.8702612663432582,5,1.0569623241643304,-0.2848116208216522,4.0,0.0,0.0,0.0,87.17,SUCCESS,BULLISH,accumulate,0.0,88147.21,88178.75,-0.035768254823292,5807.498863538536
2025-12-21T06:23:56.963650+00:00,btc-updown-15m-1766297700,TRADE,UP,DIR_ACCUMULATE,1,1,0.1400370546475681,0.1400370546475681,10.0,0.1820346575037217,5.0,0.8702612663432582,5,1.05229592384698,-0.2614796192349,5.0,0.0,0.0,0.0,87.03,SUCCESS,BULLISH,accumulate,0.0,88147.21,88178.75,-0.035768254823292,4601.50592493291
2025-12-21T06:24:02.440008+00:00,btc-updown-15m-1766297700,TRADE,UP,DIR_ACCUMULATE,1,1,0.1100462625094663,0.1100462625094663,11.0,0.1754902579587894,5.0,0.8702612663432582,5,1.0457515243020477,-0.2287576215102382,6.0,0.0,0.0,0.0,86.92,SUCCESS,BULLISH,accumulate,0.0,88147.21,88178.75,-0.035768254823292,4391.759025779343
2025-12-21T06:24:07.891256+00:00,btc-updown-15m-1766297700,TRADE,DOWN,DIR_REBALANCE,5,5,0.9201986181297293,4.600993090648647,11.0,0.1754902579587894,10.0,0.8952299422364938,10,1.0707202001952831,-0.7072020019528313,1.0,0.0,0.0,0.0,82.32,SUCCESS,BULLISH,rebalance,0.0,88147.22,88178.75,-0.0357569142225296,4331.834284713792
2025-12-21T06:24:18.957270+00:00,btc-updown-15m-1766297700,TRADE,UP,DIR_AVERAGE_DOWN,1,1,0.1800048464684777,0.1800048464684777,12.0,0.1758664736679301,10.0,0.8952299422364938,10,1.0710964159044238,-0.7109641590442384,2.0,0.0,0.0,0.0,82.14,SUCCESS,BULLISH,average_down,0.0,88147.21,88178.75,-0.035768254823292,5096.201365218226
2025-12-21T06:30:04.490405+00:00,btc-updown-15m-1766297700,RESOLUTION,DOWN,MARKET_END,22,22,1.0,11.0627,12.0,0.1759,10.0,0.8952,10,1.0711,-0.711,0.17,0.0,0.0,-1.0627,92.13,RESOLVED,,,,,,,
2025-12-21T06:30:11.647009+00:00,btc-updown-15m-1766298600,TRADE,UP,DIR_AVERAGE_DOWN,1,1,0.6098069532198903,0.6098069532198903,1.0,0.6098069532198903,0.0,0.0,0,0.0,0.0,1.0,0.0,0.0,0.0,91.53,SUCCESS,BULLISH,average_down,0.0,88170.91,88170.91,0.0,0.0099451021394711
2025-12-21T06:31:11.460375+00:00,btc-updown-15m-1766298600,TRADE,UP,DIR_AVERAGE_DOWN,1,1,0.5100661283259001,0.5100661283259001,2.0,0.5599365407728952,0.0,0.0,0,0.0,0.0,2.0,0.0,0.0,0.0,91.02,SUCCESS,BULLISH,average_down,0.0,88162.01,88170.91,-0.0100940321473473,62.56480408199442
2025-12-21T06:31:54.925327+00:00,btc-updown-15m-1766298600,TRADE,UP,DIR_AVERAGE_DOWN,1,1,0.3300617609187753,0.3300617609187753,3.0,0.4833116141548553,0.0,0.0,0,0.0,0.0,3.0,0.0,0.0,0.0,90.69,SUCCESS,BULLISH,average_down,0.0,88146.14,88170.91,-0.0280931658752348,170.15982316966162
2025-12-21T06:32:00.353549+00:00,btc-updown-15m-1766298600,TRADE,UP,DIR_ACCUMULATE,1,1,0.3301022189686489,0.3301022189686489,4.0,0.4450092653583037,0.0,0.0,0,0.0,0.0,4.0,0.0,0.0,0.0,90.36,SUCCESS,BULLISH,accumulate,0.0,88141.16,88170.91,-0.0337412872340775,206.5934160812293
2025-12-21T06:32:11.190338+00:00,btc-updown-15m-1766298600,TRADE,UP,DIR_ACCUMULATE,1,1,0.3799287596369128,0.3799287596369128,5.0,0.4319931642140255,0.0,0.0,0,0.0,0.0,5.0,0.0,0.0,0.0,89.98,SUCCESS,BULLISH,accumulate,0.0,88141.16,88170.91,-0.0337412872340775,279.0550935185994
2025-12-21T06:32:16.589515+00:00,btc-updown-15m-1766298600,TRADE,UP,DIR_ACCUMULATE,1,1,0.3700652933767679,0.3700652933767679,6.0,0.4216718524078159,0.0,0.0,0,0.0,0.0,6.0,0.0,0.0,0.0,89.61,SUCCESS,BULLISH,accumulate,0.0,88141.16,88170.91,-0.0337412872340775,275.4563538512376
2025-12-21T06:32:22.001874+00:00,btc-updown-15m-1766298600,TRADE,DOWN,DIR_REBALANCE,5,5,0.6402986624891059,3.2014933124455296,6.0,0.4216718524078159,5.0,0.6402986624891059,5,1.0619705148969218,-0.3098525744846092,1.0,0.0,0.0,0.0,86.4,SUCCESS,BULLISH,rebalance,0.0,88141.15,88170.91,-0.0337526288432424,278.6574698284407
2025-12-21T06:32:27.446810+00:00,btc-updown-15m-1766298600,TRADE,UP,DIR_AVERAGE_DOWN,1,1,0.3801378139533783,0.3801378139533783,7.0,0.4157384183428963,5.0,0.6402986624891059,5,1.0560370808320023,-0.2801854041600116,2.0,0.0,0.0,0.0,86.02,SUCCESS,BULLISH,average_down,0.0,88141.15,88170.91,-0.0337526288432424,287.7347020405948
2025-12-21T06:35:48.495795+00:00,btc-updown-15m-1766298600,TRADE,UP,DIR_AVERAGE_DOWN,1,1,0.3201188284856366,0.3201188284856366,8.0,0.4037859696107388,5.0,0.6402986624891059,5,1.0440846320998447,-0.2204231604992235,3.0,0.0,0.0,0.0,85.7,SUCCESS,BULLISH,average_down,0.0,88150.83,88170.91,-0.02277395118186,129.26272613601995
2025-12-21T06:35:54.011514+00:00,btc-updown-15m-1766298600,TRADE,UP,DIR_ACCUMULATE,1,1,0.3000725950968222,0.3000725950968222,9.0,0.3922622613314148,5.0,0.6402986624891059,5,1.032560923820521,-0.1628046191026033,4.0,0.0,0.0,0.0,85.4,SUCCESS,BULLISH,accumulate,0.0,88150.83,88170.91,-0.02277395118186,134.18982062866652
2025-12-21T06:35:59.415280+00:00,btc-updown-15m-1766298600,TRADE,UP,DIR_ACCUMULATE,1,1,0.3000935021786092,0.3000935021786092,10.0,0.3830453854161342,5.0,0.6402986624891059,5,1.0233440479052405,-0.1167202395262012,5.0,0.0,0.0,0.0,85.1,SUCCESS,BULLISH,accumulate,0.0,88150.83,88170.91,-0.02277395118186,134.41983794507013
2025-12-21T06:36:04.808277+00:00,btc-updown-15m-1766298600,TRADE,UP,DIR_ACCUMULATE,1,1,0.3000280823341477,0.3000280823341477,11.0,0.3754983578632264,5.0,0.6402986624891059,5,1.0157970203523323,-0.0789851017616616,6.0,0.0,0.0,0.0,84.8,SUCCESS,BULLISH,accumulate,0.0,88150.83,88170.91,-0.02277395118186,139.82693163263477
2025-12-21T06:36:10.234134+00:00,btc-updown-15m-1766298600,TRADE,DOWN,DIR_REBALANCE,5,5,0.720056815496474,3.60028407748237,11.0,0.3754983578632264,10.0,0.6801777389927899,10,1.0556760968560164,-0.5567609685601638,1.0,0.0,0.0,0.0,81.2,SUCCESS,BULLISH,rebalance,0.0,88150.83,88170.91,-0.02277395118186,141.79635218634797
2025-12-21T06:36:15.768526+00:00,btc-updown-15m-1766298600,TRADE,UP,DIR_AVERAGE_DOWN,1,1,0.3000827810886617,0.3000827810886617,12.0,0.369213726465346,10.0,0.6801777389927899,10,1.049391465458136,-0.4939146545813599,2.0,0.0,0.0,0.0,80.9,SUCCESS,BULLISH,average_down,0.0,88150.84,88170.91,-0.0227626095727116,142.37901502261195
2025-12-21T06:39:15.076892+00:00,btc-updown-15m-1766298600,TRADE,UP,DIR_AVERAGE_DOWN,1,1,0.2700361802996955,0.2700361802996955,13.0,0.3615846844526036,10.0,0.6801777389927899,10,1.0417624234453935,-0.4176242344539349,3.0,0.0,0.0,0.0,80.63,SUCCESS,BULLISH,average_down,0.0,88150.83,88170.91,-0.02277395118186,3004.614959717661
2025-12-21T06:39:20.494793+00:00,btc-updown-15m-1766298600,TRADE,UP,DIR_ACCUMULATE,1,1,0.1200136931536781,0.1200136931536781,14.0,0.3443296136455376,10.0,0.6801777389927899,10,1.0245073526383277,-0.2450735263832748,4.0,0.0,0.0,0.0,80.51,SUCCESS,BULLISH,accumulate,0.0,88142.02,88170.91,-0.032765908846806,177.84154045463404
2025-12-21T06:39:26.024072+00:00,btc-updown-15m-1766298600,TRADE,UP,DIR_ACCUMULATE,1,1,0.170016176064107,0.170016176064107,15.0,0.3327087178067755,10.0,0.6801777389927899,10,1.0128864567995657,-0.1288645679956546,5.0,0.0,0.0,0.0,80.34,SUCCESS,BULLISH,accumulate,0.0,88142.02,88170.91,-0.032765908846806,176.99032917819574
2025-12-21T06:45:04.245105+00:00,btc-updown-15m-1766298600,RESOLUTION,DOWN,MARKET_END,25,25,1.0,11.7924,15.0,0.3327,10.0,0.6802,10,1.0129,-0.1289,0.33,0.0,0.0,-1.7925,90.34,RESOLVED,,,,,,,
2025-12-21T06:45:16.942871+00:00,btc-updown-15m-1766299500,TRADE,DOWN,DIR_AVERAGE_DOWN,1,1,0.4400684647797028,0.4400684647797028,0.0,0.0,1.0,0.4400684647797028,0,0.0,0.0,1.0,0.0,0.0,0.0,89.9,SUCCESS,BEARISH,average_down,1.0,88112.15,88112.14,1.134917389903515e-05,1.723540038958781
2025-12-21T06:46:05.984308+00:00,btc-updown-15m-1766299500,TRADE,DOWN,DIR_AVERAGE_DOWN,1,1,0.3600254041632507,0.3600254041632507,0.0,0.0,2.0,0.4000469344714767,0,0.0,0.0,2.0,0.0,0.0,0.0,89.54,SUCCESS,BEARISH,average_down,1.0,88124.06,88112.14,0.0135282152947349,138.71798593328805
2025-12-21T06:46:11.398535+00:00,btc-updown-15m-1766299500,TRADE,DOWN,DIR_AVERAGE_DOWN,1,1,0.3200303672885057,0.3200303672885057,0.0,0.0,3.0,0.3733747454104865,0,0.0,0.0,3.0,0.0,0.0,0.0,89.22,SUCCESS,BEARISH,average_down,1.0,88128.94,88112.14,0.0190666121603707,185.1012273981756
2025-12-21T06:46:22.301674+00:00,btc-updown-15m-1766299500,TRADE,DOWN,DIR_ACCUMULATE,1,1,0.3200815999331904,0.3200815999331904,0.0,0.0,4.0,0.3600514590411625,0,0.0,0.0,4.0,0.0,0.0,0.0,88.9,SUCCESS,BEARISH,accumulate,1.0,88128.93,88112.14,0.0190552629864552,184.29771118056047
2025-12-21T06:46:33.151302+00:00,btc-updown-15m-1766299500,TRADE,DOWN,DIR_ACCUMULATE,1,1,0.3701580075370176,0.3701580075370176,0.0,0.0,5.0,0.3620727687403335,0,0.0,0.0,5.0,0.0,0.0,0.0,88.53,SUCCESS,BEARISH,accumulate,1.0,88128.94,88112.14,0.0190666121603707,185.643251254501
2025-12-21T06:46:38.580445+00:00,btc-updown-15m-1766299500,TRADE,DOWN,DIR_ACCUMULATE,1,1,0.3400884612977468,0.3400884612977468,0.0,0.0,6.0,0.3584087174999024,0,0.0,0.0,6.0,0.0,0.0,0.0,88.19,SUCCESS,BEARISH,accumulate,1.0,88128.93,88112.14,0.0190552629864552,187.23602077312987
2025-12-21T06:46:44.003086+00:00,btc-updown-15m-1766299500,TRADE,UP,DIR_REBALANCE,5,5,0.6702521247959018,3.351260623979509,5.0,0.6702521247959018,6.0,0.3584087174999024,5,1.028660842295804,-0.1433042114790206,1.0,0.0,0.0,0.0,84.84,SUCCESS,BEARISH,rebalance,1.0,88128.93,88112.14,0.0190552629864552,187.7672021910701
2025-12-21T06:46:49.439697+00:00,btc-updown-15m-1766299500,TRADE,DOWN,DIR_AVERAGE_DOWN,1,1,0.3301525801650372,0.3301525801650372,5.0,0.6702521247959018,7.0,0.3543721264520645,5,1.0246242512479662,-0.1231212562398309,2.0,0.0,0.0,0.0,84.51,SUCCESS,BEARISH,average_down,1.0,88128.93,88112.14,0.0190552629864552,188.0312933095983
2025-12-21T06:55:00.963708+00:00,btc-updown-15m-1766299500,TRADE,UP,DIR_EMERGENCY,2,2,0.2501043762235503,0.5002087524471007,7.0,0.5502099109180871,7.0,0.3543721264520645,7,0.9045820373701516,0.6679257384089385,0.0,0.0,0.0,0.0,84.01,SUCCESS,BEARISH,emergency,1.0,88098.08,88112.14,-0.0159569385104001,2246.432468772421
2025-12-21T06:55:22.824804+00:00,btc-updown-15m-1766299500,TRADE,DOWN,DIR_AVERAGE_DOWN,1,1,0.8500377282371574,0.8500377282371574,7.0,0.5502099109180871,8.0,0.4163303266752011,7,0.9665402375932882,0.2342183368469824,1.0,0.0,0.0,0.0,83.16,SUCCESS,BEARISH,average_down,1.0,88098.09,88112.14,-0.015945589336501,2123.821509040324
2025-12-21T06:55:28.304993+00:00,btc-updown-15m-1766299500,TRADE,UP,DIR_EMERGENCY,1,1,0.1800420857656991,0.1800420857656991,8.0,0.5039389327740386,8.0,0.4163303266752011,8,0.9202692594492397,0.6378459244060828,0.0,0.0,0.0,0.0,82.98,SUCCESS,BEARISH,emergency,1.0,88098.09,88112.14,-0.015945589336501,2059.805784597707
2025-12-21T06:55:33.890686+00:00,btc-updown-15m-1766299500,TRADE,DOWN,DIR_AVERAGE_DOWN,1,1,0.829700416634185,0.829700416634185,8.0,0.5039389327740386,9.0,0.4622603366706437,8,0.9661992694446824,0.2704058444425419,1.0,0.0,0.0,0.0,82.15,SUCCESS,BEARISH,average_down,1.0,88098.08,88112.14,-0.0159569385104001,2025.000293324303
2025-12-21T06:55:39.365274+00:00,btc-updown-15m-1766299500,TRADE,UP,DIR_EMERGENCY,1,1,0.2000566031533855,0.2000566031533855,9.0,0.4701742294828549,9.0,0.4622603366706437,9,0.9324345661534986,0.6080889046185124,0.0,0.0,0.0,0.0,81.95,SUCCESS,BEARISH,emergency,1.0,88098.09,88112.14,-0.015945589336501,2037.2882659748727
2025-12-21T06:55:44.837950+00:00,btc-updown-15m-1766299500,TRADE,DOWN,DIR_AVERAGE_DOWN,1,1,0.8102465674453132,0.8102465674453132,9.0,0.4701742294828549,10.0,0.4970589597481106,9,0.9672331892309656,0.2949012969213098,1.0,0.0,0.0,0.0,81.14,SUCCESS,BEARISH,average_down,1.0,88098.09,88112.14,-0.015945589336501,2104.5987560359235
2025-12-21T06:55:50.297248+00:00,btc-updown-15m-1766299500,TRADE,UP,DIR_EMERGENCY,1,1,0.2000304525259244,0.2000304525259244,10.0,0.4431598517871619,10.0,0.4970589597481106,10,0.9402188115352724,0.5978118846472746,0.0,0.0,0.0,0.0,80.94,SUCCESS,BEARISH,emergency,1.0,88098.08,88112.14,-0.0159569385104001,2073.221340603787
2025-12-21T06:55:55.770298+00:00,btc-updown-15m-1766299500,TRADE,DOWN,DIR_AVERAGE_DOWN,1,1,0.8103578703844526,0.8103578703844526,10.0,0.4431598517871619,11.0,0.525540678896869,10,0.9687005306840308,0.3129946931596916,1.0,0.0,0.0,0.0,80.13,SUCCESS,BEARISH,average_down,1.0,88098.08,88112.14,-0.0159569385104001,2090.084693007865
2025-12-21T06:56:01.238476+00:00,btc-updown-15m-1766299500,TRADE,UP,DIR_EMERGENCY,1,1,0.1900490779046413,0.1900490779046413,11.0,0.4201497814342054,11.0,0.525540678896869,11,0.9456904603310744,0.5974049363581816,0.0,0.0,0.0,0.0,79.94,SUCCESS,BEARISH,emergency,1.0,88098.09,88112.14,-0.015945589336501,2076.128792177422
2025-12-21T06:56:06.726537+00:00,btc-updown-15m-1766299500,TRADE,DOWN,DIR_AVERAGE_DOWN,1,1,0.8500167835333146,0.8500167835333146,11.0,0.4201497814342054,12.0,0.5525803542832395,11,0.9727301357174448,0.2999685071081057,1.0,0.0,0.0,0.0,79.09,SUCCESS,BEARISH,average_down,1.0,88098.08,88112.14,-0.0159569385104001,2127.080214538496
2025-12-21T06:56:12.191051+00:00,btc-updown-15m-1766299500,TRADE,UP,DIR_EMERGENCY,1,1,0.1499683037586904,0.1499683037586904,12.0,0.3976346582945791,12.0,0.5525803542832395,12,0.9502150125778186,0.5974198490661768,0.0,0.0,0.0,0.0,78.94,SUCCESS,BEARISH,emergency,1.0,88098.09,88112.14,-0.015945589336501,2063.5840924831773
2025-12-21T07:00:02.606677+00:00,btc-updown-15m-1766299500,RESOLUTION,UP,MARKET_END,24,24,1.0,11.4026,12.0,0.3976,12.0,0.5526,12,0.9502,0.5974,0.0,0.0,0.0,0.5976,90.94,RESOLVED,,,,,,,
2025-12-21T07:00:09.615216+00:00,btc-updown-15m-1766300400,TRADE,DOWN,DIR_AVERAGE_DOWN,1,1,0.4101249387786285,0.4101249387786285,0.0,0.0,1.0,0.4101249387786285,0,0.0,0.0,1.0,0.0,0.0,0.0,90.53,SUCCESS,BEARISH,average_down,1.0,88100.83,88100.83,0.0,0.1867853133240877
2025-12-21T07:02:31.480219+00:00,btc-updown-15m-1766300400,TRADE,DOWN,DIR_AVERAGE_DOWN,1,1,0.3199060418793966,0.3199060418793966,0.0,0.0,2.0,0.3650154903290125,0,0.0,0.0,2.0,0.0,0.0,0.0,90.21,SUCCESS,BEARISH,average_down,1.0,88113.17,88100.83,0.0140066784841828,98.27941758853956
2025-12-21T07:02:47.900461+00:00,btc-updown-15m-1766300400,TRADE,DOWN,DIR_AVERAGE_DOWN,1,1,0.1500232854357294,0.1500232854357294,0.0,0.0,3.0,0.2933514220312515,0,0.0,0.0,3.0,0.0,0.0,0.0,90.06,SUCCESS,BEARISH,average_down,1.0,88136.4,88100.83,0.0403741939775055,243.74464733703715
2025-12-21T07:02:53.410009+00:00,btc-updown-15m-1766300400,TRADE,DOWN,DIR_ACCUMULATE,1,1,0.1500410487155455,0.1500410487155455,0.0,0.0,4.0,0.257523828702325,0,0.0,0.0,4.0,0.0,0.0,0.0,89.91,SUCCESS,BEARISH,accumulate,1.0,88136.4,88100.83,0.0403741939775055,240.9273853530893
2025-12-21T07:02:58.984079+00:00,btc-updown-15m-1766300400,TRADE,DOWN,DIR_ACCUMULATE,1,1,0.1200082920820669,0.1200082920820669,0.0,0.0,5.0,0.2300207213782733,0,0.0,0.0,5.0,0.0,0.0,0.0,89.79,SUCCESS,BEARISH,accumulate,1.0,88148.39,88100.83,0.0539836003815147,372.6134035649882
2025-12-21T07:03:04.401504+00:00,btc-updown-15m-1766300400,TRADE,DOWN,DIR_ACCUMULATE,1,1,0.1300421726411184,0.1300421726411184,0.0,0.0,6.0,0.2133576299220808,0,0.0,0.0,6.0,0.0,0.0,0.0,89.66,SUCCESS,BEARISH,accumulate,1.0,88148.4,88100.83,0.0539949510123712,372.8144676043967
2025-12-21T07:03:09.826064+00:00,btc-updown-15m-1766300400,TRADE,UP,DIR_REBALANCE,5,5,0.8703986046049494,4.351993023024747,5.0,0.8703986046049493,6.0,0.2133576299220808,5,1.0837562345270302,-0.4187811726351509,1.0,0.0,0.0,0.0,85.31,SUCCESS,BEARISH,rebalance,1.0,88148.39,88100.83,0.0539836003815147,373.4209469176024
2025-12-21T07:03:15.249966+00:00,btc-updown-15m-1766300400,TRADE,DOWN,DIR_AVERAGE_DOWN,1,1,0.1500353653808422,0.1500353653808422,5.0,0.8703986046049493,7.0,0.2043115921304754,5,1.074710196735425,-0.3735509836771233,2.0,0.0,0.0,0.0,85.16,SUCCESS,BEARISH,average_down,1.0,88148.4,88100.83,0.0539949510123712,373.62192507717657
2025-12-21T07:04:09.792706+00:00,btc-updown-15m-1766300400,TRADE,UP,DIR_AVERAGE_DOWN,1,1,0.7200406201132694,0.7200406201132694,6.0,0.8453389405230026,7.0,0.2043115921304754,6,1.049650532653478,-0.2979031959208678,1.0,0.0,0.0,0.0,84.44,SUCCESS,BULLISH,average_down,2.0,88126.5,88100.83,0.029137069423748,230.38469819794267
2025-12-21T07:04:42.497665+00:00,btc-updown-15m-1766300400,TRADE,UP,DIR_AVERAGE_DOWN,1,1,0.6302937758481277,0.6302937758481277,7.0,0.8146182027123062,7.0,0.2043115921304754,7,1.0189297948427816,-0.1325085638994709,0.0,0.0,0.0,0.0,83.81,SUCCESS,BULLISH,average_down,2.0,88112.81,88100.83,0.0135980557731362,114.69048986125706
2025-12-21T07:15:01.710578+00:00,btc-updown-15m-1766300400,RESOLUTION,DOWN,MARKET_END,14,14,1.0,7.1325,7.0,0.8146,7.0,0.2043,7,1.0189,-0.1325,0.0,0.0,0.0,-0.1323,90.8,RESOLVED,,,,,,,
2025-12-21T07:15:08.975913+00:00,btc-updown-15m-1766301300,TRADE,UP,DIR_AVERAGE_DOWN,1,1,0.5100793009893896,0.5100793009893896,1.0,0.5100793009893896,0.0,0.0,0,0.0,0.0,1.0,0.0,0.0,0.0,90.3,SUCCESS,BULLISH,average_down,2.0,88116.15,88116.15,0.0,0.010901583191754
2025-12-21T07:15:41.575394+00:00,btc-updown-15m-1766301300,TRADE,UP,DIR_AVERAGE_DOWN,1,1,0.4198027061966951,0.4198027061966951,2.0,0.4649410035930423,0.0,0.0,0,0.0,0.0,2.0,0.0,0.0,0.0,89.88,SUCCESS,BULLISH,average_down,2.0,88103.65,88116.15,-0.0141858217818186,106.33906424017016
2025-12-21T07:25:04.640284+00:00,btc-updown-15m-1766301300,TRADE,DOWN,DIR_EMERGENCY,2,2,0.4301992884933503,0.8603985769867006,2.0,0.4649410035930423,2.0,0.4301992884933503,2,0.8951402920863927,0.2097194158272146,0.0,0.0,0.0,0.0,89.02,SUCCESS,BULLISH,emergency,2.0,88115.5,88116.15,-0.0007376627326479,100.97009190835338
2025-12-21T07:25:10.082337+00:00,btc-updown-15m-1766301300,TRADE,UP,DIR_AVERAGE_DOWN,1,1,0.5601436280478979,0.5601436280478979,3.0,0.4966752117446608,2.0,0.4301992884933503,2,0.9268745002380112,0.1462509995239775,1.0,0.0,0.0,0.0,88.46,SUCCESS,BULLISH,average_down,2.0,88115.5,88116.15,-0.0007376627326479,100.43521221864104
2025-12-21T07:25:15.509418+00:00,btc-updown-15m-1766301300,TRADE,DOWN,DIR_EMERGENCY,1,1,0.4401537100082077,0.4401537100082077,3.0,0.4966752117446608,3.0,0.4335174289983028,3,0.9301926407429636,0.2094220777711088,0.0,0.0,0.0,0.0,88.02,SUCCESS,BULLISH,emergency,2.0,88115.5,88116.15,-0.0007376627326479,105.74848460385904
2025-12-21T07:25:20.974014+00:00,btc-updown-15m-1766301300,TRADE,UP,DIR_AVERAGE_DOWN,1,1,0.5602503189376515,0.5602503189376515,4.0,0.5125689885429086,3.0,0.4335174289983028,3,0.9460864175412114,0.1617407473763659,1.0,0.0,0.0,0.0,87.46,SUCCESS,BULLISH,average_down,2.0,88115.51,88116.15,-0.0007263140752284,99.7866297847377
2025-12-21T07:25:26.532873+00:00,btc-updown-15m-1766301300,TRADE,DOWN,DIR_EMERGENCY,1,1,0.4601532225290106,0.4601532225290106,4.0,0.5125689885429086,4.0,0.4401763773809797,4,0.9527453659238884,0.1890185363044469,0.0,0.0,0.0,0.0,87.0,SUCCESS,BULLISH,emergency,2.0,88115.51,88116.15,-0.0007263140752284,96.7077888895604
2025-12-21T07:25:31.982723+00:00,btc-updown-15m-1766301300,TRADE,UP,DIR_AVERAGE_DOWN,1,1,0.5500695908548233,0.5500695908548233,5.0,0.5200691090052916,4.0,0.4401763773809797,4,0.9602454863862712,0.1590180544549149,1.0,0.0,0.0,0.0,86.45,SUCCESS,BULLISH,average_down,2.0,88115.5,88116.15,-0.0007376627326479,96.54375742236626
2025-12-21T07:25:37.417756+00:00,btc-updown-15m-1766301300,TRADE,DOWN,DIR_EMERGENCY,1,1,0.4600306782365014,0.4600306782365014,5.0,0.5200691090052916,5.0,0.4441472375520841,5,0.9642163465573756,0.1789182672131217,0.0,0.0,0.0,0.0,85.99,SUCCESS,BULLISH,emergency,2.0,88115.5,88116.15,-0.0007376627326479,97.8976085107954
2025-12-21T07:25:48.371979+00:00,btc-updown-15m-1766301300,TRADE,UP,DIR_AVERAGE_DOWN,1,1,0.5602065135602903,0.5602065135602903,6.0,0.5267586764311246,5.0,0.4441472375520841,5,0.9709059139832088,0.145470430083956,1.0,0.0,0.0,0.0,85.43,SUCCESS,BULLISH,average_down,2.0,88115.5,88116.15,-0.0007376627326479,94.1309417050965
2025-12-21T07:25:53.843872+00:00,btc-updown-15m-1766301300,TRADE,DOWN,DIR_EMERGENCY,1,1,0.4600145352933319,0.4600145352933319,6.0,0.5267586764311246,6.0,0.4467917871756254,6,0.97355046360675,0.1586972183594999,0.0,0.0,0.0,0.0,84.97,SUCCESS,BULLISH,emergency,2.0,88115.51,88116.15,-0.0007263140752284,93.59893508131417
2025-12-21T07:26:04.871928+00:00,btc-updown-15m-1766301300,TRADE,UP,DIR_AVERAGE_DOWN,1,1,0.5901888897730095,0.5901888897730095,7.0,0.5358201354799653,6.0,0.4467917871756254,6,0.9826119226555908,0.1043284640664556,1.0,0.0,0.0,0.0,84.38,SUCCESS,BULLISH,average_down,2.0,88115.5,88116.15,-0.0007376627326479,92.83263436017327
2025-12-21T07:26:10.356105+00:00,btc-updown-15m-1766301300,TRADE,DOWN,DIR_EMERGENCY,1,1,0.4100412123497595,0.4100412123497595,7.0,0.5358201354799653,7.0,0.4415417050576446,7,0.97736184053761,0.1584671162367308,0.0,0.0,0.0,0.0,83.97,SUCCESS,BULLISH,emergency,2.0,88115.5,88116.15,-0.0007376627326479,92.22382050558296
2025-12-21T07:26:15.840786+00:00,btc-updown-15m-1766301300,TRADE,UP,DIR_AVERAGE_DOWN,1,1,0.5902768296546006,0.5902768296546006,8.0,0.5426272222517947,7.0,0.4415417050576446,7,0.9841689273094394,0.1108175088339242,1.0,0.0,0.0,0.0,83.38,SUCCESS,BULLISH,average_down,2.0,88115.5,88116.15,-0.0007376627326479,90.96063555621632
2025-12-21T07:26:21.335163+00:00,btc-updown-15m-1766301300,TRADE,DOWN,DIR_EMERGENCY,1,1,0.4401622848592879,0.4401622848592879,8.0,0.5426272222517947,8.0,0.44136927753285,8,0.9839964997846448,0.1280280017228419,0.0,0.0,0.0,0.0,82.94,SUCCESS,BULLISH,emergency,2.0,88115.51,88116.15,-0.0007263140752284,94.4176521391994
2025-12-21T07:26:26.835576+00:00,btc-updown-15m-1766301300,TRADE,UP,DIR_AVERAGE_DOWN,1,1,0.6002730779513511,0.6002730779513511,9.0,0.5490323173295232,8.0,0.44136927753285,8,0.9904015948623732,0.0767872411010142,1.0,0.0,0.0,0.0,82.34,SUCCESS,BULLISH,average_down,2.0,88115.5,88116.15,-0.0007376627326479,96.3430131446774
2025-12-21T07:26:32.325554+00:00,btc-updown-15m-1766301300,TRADE,DOWN,DIR_EMERGENCY,1,1,0.390187469159991,0.390187469159991,9.0,0.5490323173295232,9.0,0.4356824099358657,9,0.9847147272653888,0.1375674546115,0.0,0.0,0.0,0.0,81.95,SUCCESS,BULLISH,emergency,2.0,88115.5,88116.15,-0.0007376627326479,101.43849728422563
2025-12-21T07:26:43.238502+00:00,btc-updown-15m-1766301300,TRADE,UP,DIR_AVERAGE_DOWN,1,1,0.5901053311755066,0.5901053311755066,10.0,0.5531396187141215,9.0,0.4356824099358657,9,0.9888220286499873,0.1006017421501147,1.0,0.0,0.0,0.0,81.36,SUCCESS,BULLISH,average_down,2.0,88115.5,88116.15,-0.0007376627326479,97.04919280385845
2025-12-21T07:26:59.636672+00:00,btc-updown-15m-1766301300,TRADE,DOWN,DIR_EMERGENCY,1,1,0.3900164356992374,0.3900164356992374,10.0,0.5531396187141215,10.0,0.4311158125122029,10,0.9842554312263244,0.1574456877367558,0.0,0.0,0.0,0.0,80.97,SUCCESS,BULLISH,emergency,2.0,88115.51,88116.15,-0.0007263140752284,100.01772779943668
2025-12-21T07:27:10.585098+00:00,btc-updown-15m-1766301300,TRADE,UP,DIR_AVERAGE_DOWN,1,1,0.6101827300784552,0.6101827300784552,11.0,0.5583253561108792,10.0,0.4311158125122029,10,0.989441168623082,0.1055883137691793,1.0,0.0,0.0,0.0,80.36,SUCCESS,BULLISH,average_down,2.0,88115.51,88116.15,-0.0007263140752284,99.33768222170488
2025-12-21T07:27:21.676199+00:00,btc-updown-15m-1766301300,TRADE,DOWN,DIR_EMERGENCY,1,1,0.120000131128686,0.120000131128686,11.0,0.5583253561108792,11.0,0.4028325687500649,11,0.961157924860944,0.427262826529615,0.0,0.0,0.0,0.0,80.24,SUCCESS,BULLISH,emergency,2.0,88124.29,88116.15,0.0092378071443196,45.32910258153032
2025-12-21T07:27:32.719480+00:00,btc-updown-15m-1766301300,TRADE,UP,DIR_AVERAGE_DOWN,1,1,0.8403295553129768,0.8403295553129768,12.0,0.5818257060443873,11.0,0.4028325687500649,11,0.9846582747944524,0.1687589772610243,1.0,0.0,0.0,0.0,79.4,SUCCESS,BULLISH,average_down,2.0,88124.29,88116.15,0.0092378071443196,45.936036157547775
2025-12-21T07:27:38.261841+00:00,btc-updown-15m-1766301300,TRADE,DOWN,DIR_EMERGENCY,1,1,0.1600768133557877,0.1600768133557877,12.0,0.5818257060443873,12.0,0.3826029224672085,12,0.964428628511596,0.4268564578608487,0.0,0.0,0.0,0.0,79.24,SUCCESS,BULLISH,emergency,2.0,88124.3,88116.15,0.0092491558017556,45.82358649592275
2025-12-21T07:27:43.731485+00:00,btc-updown-15m-1766301300,TRADE,UP,DIR_AVERAGE_DOWN,1,1,0.8702131909145839,0.8702131909145839,13.0,0.6040093587267101,12.0,0.3826029224672085,12,0.9866122811939186,0.1606526256729763,1.0,0.0,0.0,0.0,78.37,SUCCESS,BULLISH,average_down,2.0,88124.3,88116.15,0.0092491558017556,45.64957727143781
2025-12-21T07:27:49.189359+00:00,btc-updown-15m-1766301300,TRADE,DOWN,DIR_EMERGENCY,1,1,0.1600388366505918,0.1600388366505918,13.0,0.6040093587267101,13.0,0.3654826081736226,13,0.9694919669003328,0.3966044302956737,0.0,0.0,0.0,0.0,78.21,SUCCESS,BULLISH,emergency,2.0,88124.29,88116.15,0.0092378071443196,45.502766088606805
2025-12-21T07:27:54.670337+00:00,btc-updown-15m-1766301300,TRADE,UP,DIR_AVERAGE_DOWN,1,1,0.8501593966922615,0.8501593966922615,14.0,0.621591504295678,13.0,0.3654826081736226,13,0.9870741124693008,0.1680365378990914,1.0,0.0,0.0,0.0,77.36,SUCCESS,BULLISH,average_down,2.0,88124.3,88116.15,0.0092491558017556,44.95144886537667
2025-12-21T07:28:00.278329+00:00,btc-updown-15m-1766301300,TRADE,DOWN,DIR_EMERGENCY,1,1,0.3001416645136994,0.3001416645136994,14.0,0.621591504295678,14.0,0.3608153979121996,14,0.9824069022078776,0.2463033690897131,0.0,0.0,0.0,0.0,77.06,SUCCESS,BULLISH,emergency,2.0,88124.29,88116.15,0.0092378071443196,44.717466106361904
2025-12-21T07:28:05.790766+00:00,btc-updown-15m-1766301300,TRADE,UP,DIR_AVERAGE_DOWN,1,1,0.4400326111848727,0.4400326111848727,15.0,0.609487578088291,14.0,0.3608153979121996,14,0.9703029760004906,0.4157583359931309,1.0,0.0,0.0,0.0,76.62,SUCCESS,BULLISH,average_down,2.0,88118.73,88116.15,0.0029279536157693,15.87093507125443
2025-12-21T07:28:11.236878+00:00,btc-updown-15m-1766301300,TRADE,DOWN,DIR_EMERGENCY,1,1,0.5500270294415387,0.5500270294415387,15.0,0.609487578088291,15.0,0.3734295066808222,15,0.9829170847691132,0.2562437284633018,0.0,0.0,0.0,0.0,76.07,SUCCESS,BULLISH,emergency,2.0,88118.73,88116.15,0.0029279536157693,15.819431540105908
2025-12-21T07:30:01.818891+00:00,btc-updown-15m-1766301300,RESOLUTION,DOWN,MARKET_END,30,30,1.0,14.7438,15.0,0.6095,15.0,0.3734,15,0.9829,0.2562,0.0,0.0,0.0,0.2562,91.06,RESOLVED,,,,,,,
2025-12-21T07:30:09.023775+00:00,btc-updown-15m-1766302200,TRADE,UP,DIR_AVERAGE_DOWN,1,1,0.4900820748765435,0.4900820748765435,1.0,0.4900820748765435,0.0,0.0,0,0.0,0.0,1.0,0.0,0.0,0.0,90.58,SUCCESS,BULLISH,average_down,2.0,88109.12,88109.12,0.0,0.2352131424381974
2025-12-21T07:31:14.424499+00:00,btc-updown-15m-1766302200,TRADE,UP,DIR_AVERAGE_DOWN,1,1,0.4101692115196335,0.4101692115196335,2.0,0.4501256431980885,0.0,0.0,0,0.0,0.0,2.0,0.0,0.0,0.0,90.17,SUCCESS,BULLISH,average_down,2.0,88096.24,88109.12,-0.0146182370224445,118.41515976172312
2025-12-21T07:40:05.522608+00:00,btc-updown-15m-1766302200,TRADE,DOWN,DIR_EMERGENCY,2,2,0.3600272385043702,0.7200544770087404,2.0,0.4501256431980885,2.0,0.3600272385043702,2,0.8101528817024587,0.3796942365950826,0.0,0.0,0.0,0.0,89.45,SUCCESS,BULLISH,emergency,2.0,88114.98,88109.12,0.0066508438627018,913.409347934868
2025-12-21T07:40:11.025957+00:00,btc-updown-15m-1766302200,TRADE,UP,DIR_AVERAGE_DOWN,1,1,0.6102470894884076,0.6102470894884076,3.0,0.5034994586281948,2.0,0.3600272385043702,2,0.863526697132565,0.2729466057348699,1.0,0.0,0.0,0.0,88.83,SUCCESS,BULLISH,average_down,2.0,88114.98,88109.12,0.0066508438627018,861.8544410615519
2025-12-21T07:40:16.500804+00:00,btc-updown-15m-1766302200,TRADE,DOWN,DIR_EMERGENCY,1,1,0.2899763048227553,0.2899763048227553,3.0,0.5034994586281948,3.0,0.3366769272771652,3,0.84017638590536,0.4794708422839199,0.0,0.0,0.0,0.0,88.54,SUCCESS,BULLISH,emergency,2.0,88114.97,88109.12,0.0066394942998021,944.301161619966
2025-12-21T07:40:21.964946+00:00,btc-updown-15m-1766302200,TRADE,UP,DIR_AVERAGE_DOWN,1,1,0.770050439297191,0.770050439297191,4.0,0.5701372037954439,3.0,0.3366769272771652,3,0.9068141310726092,0.2795576067821727,1.0,0.0,0.0,0.0,87.77,SUCCESS,BULLISH,average_down,2.0,88114.98,88109.12,0.0066508438627018,1023.7829202906704
2025-12-21T07:40:27.539294+00:00,btc-updown-15m-1766302200,TRADE,DOWN,DIR_EMERGENCY,1,1,0.290022228329943,0.290022228329943,4.0,0.5701372037954439,4.0,0.3250132525403597,4,0.8951504563358036,0.4193981746567856,0.0,0.0,0.0,0.0,87.48,SUCCESS,BULLISH,emergency,2.0,88114.97,88109.12,0.0066394942998021,1051.3585874230284
2025-12-21T07:40:33.023544+00:00,btc-updown-15m-1766302200,TRADE,UP,DIR_AVERAGE_DOWN,1,1,0.7200007041789369,0.7200007041789369,5.0,0.6001099038721425,4.0,0.3250132525403597,4,0.9251231564125022,0.2995073743499912,1.0,0.0,0.0,0.0,86.76,SUCCESS,BULLISH,average_down,2.0,88114.98,88109.12,0.0066508438627018,1085.8442562193698
2025-12-21T07:40:38.512832+00:00,btc-updown-15m-1766302200,TRADE,DOWN,DIR_EMERGENCY,1,1,0.320138294562231,0.320138294562231,5.0,0.6001099038721425,5.0,0.324038260944734,5,0.9241481648168764,0.3792591759156177,0.0,0.0,0.0,0.0,86.44,SUCCESS,BULLISH,emergency,2.0,88114.97,88109.12,0.0066394942998021,1096.4203326907118
2025-12-21T07:40:49.497017+00:00,btc-updown-15m-1766302200,TRADE,UP,DIR_AVERAGE_DOWN,1,1,0.6797788574030124,0.6797788574030124,6.0,0.6133880627939541,5.0,0.324038260944734,5,0.937426323738688,0.3128683813065597,1.0,0.0,0.0,0.0,85.76,SUCCESS,BULLISH,average_down,2.0,88114.97,88109.12,0.0066394942998021,1132.922908971551
2025-12-21T07:40:55.068316+00:00,btc-updown-15m-1766302200,TRADE,DOWN,DIR_EMERGENCY,1,1,0.3101344914392666,0.3101344914392666,6.0,0.6133880627939541,6.0,0.3217209660271561,6,0.93510902882111,0.3893458270733392,0.0,0.0,0.0,0.0,85.45,SUCCESS,BULLISH,emergency,2.0,88114.97,88109.12,0.0066394942998021,1125.3447442610875
2025-12-21T07:41:05.992993+00:00,btc-updown-15m-1766302200,TRADE,UP,DIR_AVERAGE_DOWN,1,1,0.7000506880702219,0.7000506880702219,7.0,0.625768437833421,6.0,0.3217209660271561,6,0.947489403860577,0.3150635768365379,1.0,0.0,0.0,0.0,84.75,SUCCESS,BULLISH,average_down,2.0,88114.98,88109.12,0.0066508438627018,1074.5595486555578
2025-12-21T07:41:11.451618+00:00,btc-updown-15m-1766302200,TRADE,DOWN,DIR_EMERGENCY,1,1,0.3101391162836782,0.3101391162836782,7.0,0.625768437833421,7.0,0.3200664160638021,7,0.945834853897223,0.379156022719439,0.0,0.0,0.0,0.0,84.44,SUCCESS,BULLISH,emergency,2.0,88114.97,88109.12,0.0066394942998021,1087.6880853750824
2025-12-21T07:41:28.015301+00:00,btc-updown-15m-1766302200,TRADE,UP,DIR_AVERAGE_DOWN,1,1,0.7403263847090292,0.7403263847090292,8.0,0.640088181192872,7.0,0.3200664160638021,7,0.960154597256674,0.2789178192032815,1.0,0.0,0.0,0.0,83.7,SUCCESS,BULLISH,average_down,2.0,88114.98,88109.12,0.0066508438627018,1247.6290398510778
2025-12-21T07:41:33.505490+00:00,btc-updown-15m-1766302200,TRADE,DOWN,DIR_EMERGENCY,1,1,0.1800175834326059,0.1800175834326059,8.0,0.640088181192872,8.0,0.3025603119849026,8,0.9426484931777744,0.4588120545778036,0.0,0.0,0.0,0.0,83.52,SUCCESS,BULLISH,emergency,2.0,88114.97,88109.12,0.0066394942998021,1302.1690454361196
2025-12-21T07:41:44.432653+00:00,btc-updown-15m-1766302200,TRADE,UP,DIR_AVERAGE_DOWN,1,1,0.7901600568154478,0.7901600568154478,9.0,0.6567628340398248,8.0,0.3025603119849026,8,0.9593231460247272,0.3254148318021812,1.0,0.0,0.0,0.0,82.73,SUCCESS,BULLISH,average_down,2.0,88114.98,88109.12,0.0066508438627018,1408.3236393126906
2025-12-21T07:41:50.010497+00:00,btc-updown-15m-1766302200,TRADE,DOWN,DIR_EMERGENCY,1,1,0.2000091647058243,0.2000091647058243,9.0,0.6567628340398248,9.0,0.2911657400650049,9,0.9479285741048298,0.468642833056532,0.0,0.0,0.0,0.0,82.53,SUCCESS,BULLISH,emergency,2.0,88115.58,88109.12,0.0073318176370464,238.61199479861472
2025-12-21T07:41:55.509473+00:00,btc-updown-15m-1766302200,TRADE,UP,DIR_AVERAGE_DOWN,1,1,0.820192195597876,0.820192195597876,10.0,0.67310577019563,9.0,0.2911657400650049,9,0.964271510260635,0.3215564076542854,1.0,0.0,0.0,0.0,81.71,SUCCESS,BULLISH,average_down,2.0,88115.58,88109.12,0.0073318176370464,239.68400342383455
2025-12-21T07:42:00.984888+00:00,btc-updown-15m-1766302200,TRADE,DOWN,DIR_EMERGENCY,1,1,0.1900309817844861,0.1900309817844861,10.0,0.67310577019563,10.0,0.2810522642369531,10,0.9541580344325832,0.4584196556741693,0.0,0.0,0.0,0.0,81.52,SUCCESS,BULLISH,emergency,2.0,88115.59,88109.12,0.0073431671999461,244.8357152325144
2025-12-21T07:42:06.459131+00:00,btc-updown-15m-1766302200,TRADE,UP,DIR_AVERAGE_DOWN,1,1,0.8703239427009571,0.8703239427009571,11.0,0.6910346949688416,10.0,0.2810522642369531,10,0.9720869592057948,0.279130407942052,1.0,0.0,0.0,0.0,80.65,SUCCESS,BULLISH,average_down,2.0,88118.73,88109.12,0.0109069299523143,128.2998479894883
2025-12-21T07:42:11.938322+00:00,btc-updown-15m-1766302200,TRADE,DOWN,DIR_EMERGENCY,1,1,0.1100003750512045,0.1100003750512045,11.0,0.6910346949688416,11.0,0.2655020924927941,11,0.9565367874616356,0.478095337922007,0.0,0.0,0.0,0.0,80.54,SUCCESS,BULLISH,emergency,2.0,88118.73,88109.12,0.0109069299523143,127.72452836810729
2025-12-21T07:42:39.494719+00:00,btc-updown-15m-1766302200,TRADE,UP,DIR_AVERAGE_DOWN,1,1,0.8703952545431579,0.8703952545431579,12.0,0.7059814082667013,11.0,0.2655020924927941,11,0.9714835007594956,0.3136814916455492,1.0,0.0,0.0,0.0,79.67,SUCCESS,BULLISH,average_down,2.0,88118.72,88109.12,0.0108955803894146,113.40761819755784
2025-12-21T07:42:45.061420+00:00,btc-updown-15m-1766302200,TRADE,DOWN,DIR_EMERGENCY,1,1,0.0900214555409345,0.0900214555409345,12.0,0.7059814082667013,12.0,0.2508787060801392,12,0.9568601143468404,0.5176786278379142,0.0,0.0,0.0,0.0,79.58,SUCCESS,BULLISH,emergency,2.0,88130.53,88109.12,0.024299414180965,161.63872905925643
2025-12-21T07:43:34.491706+00:00,btc-updown-15m-1766302200,TRADE,UP,DIR_AVERAGE_DOWN,1,1,0.1900924065308644,0.1900924065308644,13.0,0.6662976389024061,12.0,0.2508787060801392,12,0.9171763449825452,0.9938838602094564,1.0,0.0,0.0,0.0,79.39,SUCCESS,BULLISH,average_down,2.0,88096.66,88109.12,-0.0141415553804099,39.52689575828996
2025-12-21T07:45:02.311238+00:00,btc-updown-15m-1766302200,RESOLUTION,UP,MARKET_END,25,25,1.0,11.6724,13.0,0.6663,12.0,0.2509,12,0.9172,0.9939,0.08,0.0,0.0,1.3273,92.39,RESOLVED,,,,,,,
2025-12-21T07:45:09.448948+00:00,btc-updown-15m-1766303100,TRADE,DOWN,DIR_AVERAGE_DOWN,1,1,0.4700063369240891,0.4700063369240891,0.0,0.0,1.0,0.4700063369240891,0,0.0,0.0,1.0,0.0,0.0,0.0,91.92,SUCCESS,BEARISH,average_down,3.0,88063.42,88063.42,0.0,0.1267502359320388
2025-12-21T07:47:30.903835+00:00,btc-updown-15m-1766303100,TRADE,DOWN,DIR_AVERAGE_DOWN,1,1,0.3501204213589751,0.3501204213589751,0.0,0.0,2.0,0.4100633791415321,0,0.0,0.0,2.0,0.0,0.0,0.0,91.57,SUCCESS,BEARISH,average_down,3.0,88072.45,88063.42,0.0102539737838921,58.232446043912375
2025-12-21T07:48:42.077619+00:00,btc-updown-15m-1766303100,TRADE,DOWN,DIR_AVERAGE_DOWN,1,1,0.3101442946881046,0.3101442946881046,0.0,0.0,3.0,0.3767570176570562,0,0.0,0.0,3.0,0.0,0.0,0.0,91.26,SUCCESS,BEARISH,average_down,3.0,88087.25,88063.42,0.027060043773001,3860.276419480431
2025-12-21T07:48:47.492360+00:00,btc-updown-15m-1766303100,TRADE,DOWN,DIR_ACCUMULATE,1,1,0.310086105482514,0.310086105482514,0.0,0.0,4.0,0.3600892896134207,0,0.0,0.0,4.0,0.0,0.0,0.0,90.95,SUCCESS,BEARISH,accumulate,3.0,88087.25,88063.42,0.027060043773001,3929.322383966756
2025-12-21T07:48:53.129156+00:00,btc-updown-15m-1766303100,TRADE,DOWN,DIR_ACCUMULATE,1,1,0.3001026855091511,0.3001026855091511,0.0,0.0,5.0,0.3480919687925667,0,0.0,0.0,5.0,0.0,0.0,0.0,90.65,SUCCESS,BEARISH,accumulate,3.0,88087.25,88063.42,0.027060043773001,3929.322383966756
2025-12-21T07:48:58.548515+00:00,btc-updown-15m-1766303100,TRADE,DOWN,DIR_ACCUMULATE,1,1,0.2600880920707362,0.2600880920707362,0.0,0.0,6.0,0.3334246560055949,0,0.0,0.0,6.0,0.0,0.0,0.0,90.39,SUCCESS,BEARISH,accumulate,3.0,88093.05,88063.42,0.0336462063363024,282.24906725334057
2025-12-21T07:49:09.392620+00:00,btc-updown-15m-1766303100,TRADE,UP,DIR_REBALANCE,5,5,0.8503392946335516,4.251696473167758,5.0,0.8503392946335516,6.0,0.3334246560055949,5,1.1837639506391466,-0.9188197531957332,1.0,0.0,0.0,0.0,86.14,SUCCESS,BEARISH,rebalance,3.0,88104.85,88063.42,0.0470456405168088,316.5192741077309
2025-12-21T07:49:14.832330+00:00,btc-updown-15m-1766303100,TRADE,DOWN,DIR_AVERAGE_DOWN,1,1,0.2099719364567792,0.2099719364567792,5.0,0.8503392946335516,7.0,0.315788553212907,5,1.1661278478464587,-0.8306392392322937,2.0,0.0,0.0,0.0,85.93,SUCCESS,BEARISH,average_down,3.0,88104.86,88063.42,0.0470569959694982,320.7951522710555
2025-12-21T07:49:52.972500+00:00,btc-updown-15m-1766303100,TRADE,DOWN,DIR_AVERAGE_DOWN,1,1,0.1700807208896803,0.1700807208896803,5.0,0.8503392946335516,8.0,0.2975750741725037,5,1.1479143688060554,-0.7395718440302768,3.0,0.0,0.0,0.0,85.76,SUCCESS,BEARISH,average_down,3.0,88100.05,88063.42,0.0415950232230415,200.8131791298164
2025-12-21T07:49:58.400567+00:00,btc-updown-15m-1766303100,TRADE,DOWN,DIR_ACCUMULATE,1,1,0.1500228484622811,0.1500228484622811,5.0,0.8503392946335516,9.0,0.2811803824269234,5,1.131519677060475,-0.6575983853023748,4.0,0.0,0.0,0.0,85.61,SUCCESS,BEARISH,accumulate,3.0,88108.9,88063.42,0.051644598858409,251.0884152443588
2025-12-21T07:50:03.816298+00:00,btc-updown-15m-1766303100,TRADE,DOWN,DIR_ACCUMULATE,1,1,0.1100190726209631,0.1100190726209631,5.0,0.8503392946335516,10.0,0.2640642514463273,5,1.114403546079879,-0.5720177303993945,5.0,0.0,0.0,0.0,85.5,SUCCESS,BEARISH,accumulate,3.0,88127.4,88063.42,0.0726521863447909,386.3658939164736
2025-12-21T07:50:09.231147+00:00,btc-updown-15m-1766303100,TRADE,DOWN,DIR_ACCUMULATE,1,1,0.1100044590659974,0.1100044590659974,5.0,0.8503392946335516,11.0,0.2500588157753883,5,1.10039811040894,-0.5019905520446999,6.0,0.0,0.0,0.0,85.39,SUCCESS,BEARISH,accumulate,3.0,88127.4,88063.42,0.0726521863447909,386.3667263452665
2025-12-21T07:50:14.669850+00:00,btc-updown-15m-1766303100,TRADE,UP,DIR_REBALANCE,5,2,0.9002627009863021,1.8005254019726042,7.0,0.8646031250200518,11.0,0.2500588157753883,7,1.11466194079544,-0.8026335855680808,4.0,0.0,0.0,0.0,83.59,SUCCESS,BEARISH,rebalance,3.0,88127.41,88063.42,0.0726635417974969,385.0617003472309
2025-12-21T07:50:20.083815+00:00,btc-updown-15m-1766303100,TRADE,DOWN,DIR_ACCUMULATE,1,1,0.1100210203870735,0.1100210203870735,7.0,0.8646031250200518,12.0,0.2383889994930287,7,1.1029921245130805,-0.7209448715915634,5.0,0.0,0.0,0.0,83.48,SUCCESS,BEARISH,accumulate,3.0,88127.4,88063.42,0.0726521863447909,409.71994639152473
2025-12-21T07:50:25.494534+00:00,btc-updown-15m-1766303100,TRADE,DOWN,DIR_ACCUMULATE,1,1,0.1100466437286246,0.1100466437286246,7.0,0.8646031250200518,13.0,0.2285165105880745,7,1.0931196356081263,-0.6518374492568841,6.0,0.0,0.0,0.0,83.37,SUCCESS,BEARISH,accumulate,3.0,88127.41,88063.42,0.0726635417974969,411.51451439602937
2025-12-21T07:50:31.025056+00:00,btc-updown-15m-1766303100,TRADE,UP,DIR_REBALANCE,5,5,0.9001648462243911,4.500824231121955,12.0,0.8794205088551932,13.0,0.2285165105880745,12,1.1079370194432678,-1.295244233319214,1.0,0.0,0.0,0.0,78.87,SUCCESS,BULLISH,rebalance,4.0,88127.41,88063.42,0.0726635417974969,411.6866349673123
2025-12-21T08:00:03.232883+00:00,btc-updown-15m-1766303100,RESOLUTION,DOWN,MARKET_END,25,25,1.0,13.5238,12.0,0.8794,13.0,0.2285,12,1.1079,-1.2952,0.08,0.0,0.0,-0.5233,91.87,RESOLVED,,,,,,,
2025-12-21T08:00:10.424111+00:00,btc-updown-15m-1766304000,TRADE,UP,DIR_AVERAGE_DOWN,1,1,0.490017008773935,0.490017008773935,1.0,0.490017008773935,0.0,0.0,0,0.0,0.0,1.0,0.0,0.0,0.0,91.38,SUCCESS,BULLISH,average_down,4.0,88174.78,88174.78,0.0,0.0599771046705988
2025-12-21T08:01:42.727894+00:00,btc-updown-15m-1766304000,TRADE,UP,DIR_AVERAGE_DOWN,1,1,0.4300181070551839,0.4300181070551839,2.0,0.4600175579145594,0.0,0.0,0,0.0,0.0,2.0,0.0,0.0,0.0,90.95,SUCCESS,BULLISH,average_down,4.0,88174.29,88174.78,-0.000555714457133,4.399206654701383
2025-12-21T08:04:20.597026+00:00,btc-updown-15m-1766304000,TRADE,UP,DIR_AVERAGE_DOWN,1,1,0.3800476102650121,0.3800476102650121,3.0,0.4333609086980436,0.0,0.0,0,0.0,0.0,3.0,0.0,0.0,0.0,90.57,SUCCESS,BULLISH,average_down,4.0,88165.27,88174.78,-0.0107853969128074,57.19522255778781
2025-12-21T08:04:26.194079+00:00,btc-updown-15m-1766304000,TRADE,UP,DIR_ACCUMULATE,1,1,0.3700215411146616,0.3700215411146616,4.0,0.4175260668021981,0.0,0.0,0,0.0,0.0,4.0,0.0,0.0,0.0,90.2,SUCCESS,BULLISH,accumulate,4.0,88165.26,88174.78,-0.0107967380241879,57.432310780375325
2025-12-21T08:04:31.681807+00:00,btc-updown-15m-1766304000,TRADE,UP,DIR_ACCUMULATE,1,1,0.3500667068089165,0.3500667068089165,5.0,0.4040341948035418,0.0,0.0,0,0.0,0.0,5.0,0.0,0.0,0.0,89.85,SUCCESS,BULLISH,accumulate,4.0,88165.26,88174.78,-0.0107967380241879,735.2667943808412
2025-12-21T08:04:37.191498+00:00,btc-updown-15m-1766304000,TRADE,UP,DIR_ACCUMULATE,1,1,0.350174800600175,0.350174800600175,6.0,0.3950576291029807,0.0,0.0,0,0.0,0.0,6.0,0.0,0.0,0.0,89.5,SUCCESS,BULLISH,accumulate,4.0,88165.27,88174.78,-0.0107853969128074,729.2846411042326
2025-12-21T08:04:42.639074+00:00,btc-updown-15m-1766304000,TRADE,DOWN,DIR_REBALANCE,5,5,0.640118058182694,3.20059029091347,6.0,0.3950576291029807,5.0,0.640118058182694,5,1.0351756872856748,-0.1758784364283738,1.0,0.0,0.0,0.0,86.3,SUCCESS,BULLISH,rebalance,4.0,88165.26,88174.78,-0.0107967380241879,1567.4654068732873
2025-12-21T08:04:48.454618+00:00,btc-updown-15m-1766304000,TRADE,UP,DIR_AVERAGE_DOWN,1,1,0.3599423922340586,0.3599423922340586,7.0,0.3900411666931347,5.0,0.640118058182694,5,1.030159224875829,-0.1507961243791433,2.0,0.0,0.0,0.0,85.94,SUCCESS,BULLISH,average_down,4.0,88165.27,88174.78,-0.0107853969128074,1627.961436109022
2025-12-21T08:08:07.762635+00:00,btc-updown-15m-1766304000,TRADE,UP,DIR_AVERAGE_DOWN,1,1,0.2900652545033403,0.2900652545033403,8.0,0.3775441776694104,5.0,0.640118058182694,5,1.0176622358521044,-0.0883111792605217,3.0,0.0,0.0,0.0,85.65,SUCCESS,BULLISH,average_down,4.0,88161.28,88174.78,-0.0153105003494196,142.98323317343932
2025-12-21T08:08:13.341919+00:00,btc-updown-15m-1766304000,TRADE,UP,DIR_ACCUMULATE,1,1,0.270055324519288,0.270055324519288,9.0,0.3656009717638413,5.0,0.640118058182694,5,1.0057190299465353,-0.0285951497326764,4.0,0.0,0.0,0.0,85.38,SUCCESS,BULLISH,accumulate,4.0,88155.96,88174.78,-0.0213439715982193,192.5712157209398
2025-12-21T08:08:18.818923+00:00,btc-updown-15m-1766304000,TRADE,UP,DIR_ACCUMULATE,1,1,0.2000837643397558,0.2000837643397558,10.0,0.3490492510214327,5.0,0.640118058182694,5,0.9891673092041268,0.0541634539793667,5.0,0.0,0.0,0.0,85.18,SUCCESS,BULLISH,accumulate,4.0,88148.21,88174.78,-0.0301333329099232,257.7070797209305
2025-12-21T08:08:24.284246+00:00,btc-updown-15m-1766304000,TRADE,UP,DIR_ACCUMULATE,1,1,0.1700327067557216,0.1700327067557216,11.0,0.3327750197245498,5.0,0.640118058182694,5,0.9728930779072438,0.1355346104637811,6.0,0.0,0.0,0.0,85.01,SUCCESS,BULLISH,accumulate,4.0,88141.88,88174.78,-0.0373122564070975,274.45561507403244
2025-12-21T08:08:29.777959+00:00,btc-updown-15m-1766304000,TRADE,DOWN,DIR_REBALANCE,5,5,0.8000728611679799,4.000364305839899,11.0,0.3327750197245498,10.0,0.720095459675337,10,1.0528704793998869,-0.5287047939988687,1.0,0.0,0.0,0.0,81.01,SUCCESS,BULLISH,rebalance,4.0,88141.87,88174.78,-0.037323597518478,298.4996876902862
2025-12-21T08:08:35.294760+00:00,btc-updown-15m-1766304000,TRADE,UP,DIR_AVERAGE_DOWN,1,1,0.200030836813282,0.200030836813282,12.0,0.3217130044819442,10.0,0.720095459675337,10,1.0418084641572811,-0.4180846415728112,2.0,0.0,0.0,0.0,80.81,SUCCESS,BULLISH,average_down,4.0,88141.87,88174.78,-0.037323597518478,285.29981325874365
2025-12-21T08:15:00.636268+00:00,btc-updown-15m-1766304000,RESOLUTION,UP,MARKET_END,22,22,1.0,11.0615,12.0,0.3217,10.0,0.7201,10,1.0418,-0.4181,0.17,0.0,0.0,0.9386,92.81,RESOLVED,,,,,,,
2025-12-21T08:15:08.514918+00:00,btc-updown-15m-1766304900,TRADE,UP,DIR_AVERAGE_DOWN,1,1,0.5002282357142984,0.5002282357142984,1.0,0.5002282357142984,0.0,0.0,0,0.0,0.0,1.0,0.0,0.0,0.0,92.31,SUCCESS,BULLISH,average_down,4.0,88157.49,88157.49,0.0,3.7026928502972745e-08
2025-12-21T08:15:19.460258+00:00,btc-updown-15m-1766304900,TRADE,UP,DIR_AVERAGE_DOWN,1,1,0.4200510536158026,0.4200510536158026,2.0,0.4601396446650505,0.0,0.0,0,0.0,0.0,2.0,0.0,0.0,0.0,91.89,SUCCESS,BULLISH,average_down,4.0,88144.49,88157.49,-0.0147463363578069,121.28239181449312
2025-12-21T08:25:01.084415+00:00,btc-updown-15m-1766304900,TRADE,DOWN,DIR_EMERGENCY,2,2,0.0500230308182371,0.1000460616364742,2.0,0.4601396446650505,2.0,0.0500230308182371,2,0.5101626754832876,0.9796746490334248,0.0,0.0,0.0,0.0,91.79,SUCCESS,BULLISH,emergency,4.0,88229.95,88157.49,0.0821938101912745,141.52895332765632
2025-12-21T08:30:03.086006+00:00,btc-updown-15m-1766304900,RESOLUTION,UP,MARKET_END,4,4,1.0,1.0203,2.0,0.4601,2.0,0.05,2,0.5102,0.9797,0.0,0.0,0.0,0.9797,93.79,RESOLVED,,,,,,,
2025-12-21T08:30:10.466306+00:00,btc-updown-15m-1766305800,TRADE,UP,DIR_AVERAGE_DOWN,1,1,0.4200524337351372,0.4200524337351372,1.0,0.4200524337351372,0.0,0.0,0,0.0,0.0,1.0,0.0,0.0,0.0,93.37,SUCCESS,BULLISH,average_down,4.0,88251.19,88251.19,0.0,0.1299313708260482
2025-12-21T08:30:27.019159+00:00,btc-updown-15m-1766305800,TRADE,UP,DIR_AVERAGE_DOWN,1,1,0.3600998855081062,0.3600998855081062,2.0,0.3900761596216217,0.0,0.0,0,0.0,0.0,2.0,0.0,0.0,0.0,93.01,SUCCESS,BULLISH,average_down,4.0,88239.99,88251.19,-0.0126910469989096,110.83760346893564
2025-12-21T08:40:02.985593+00:00,btc-updown-15m-1766305800,TRADE,DOWN,DIR_EMERGENCY,2,2,0.0300066217244419,0.0600132434488838,2.0,0.3900761596216217,2.0,0.0300066217244419,2,0.4200827813460636,1.1598344373078728,0.0,0.0,0.0,0.0,92.95,SUCCESS,BULLISH,emergency,4.0,88391.27,88251.19,0.1587287378221208,639.4057740755753
2025-12-21T08:45:04.853624+00:00,btc-updown-15m-1766305800,RESOLUTION,DOWN,MARKET_END,4,4,1.0,0.8402,2.0,0.3901,2.0,0.03,2,0.4201,1.1598,0.0,0.0,0.0,1.1598,94.95,RESOLVED,,,,,,,
2025-12-21T08:45:11.873011+00:00,btc-updown-15m-1766306700,TRADE,UP,DIR_AVERAGE_DOWN,1,1,0.5102541309212112,0.5102541309212112,1.0,0.5102541309212112,0.0,0.0,0,0.0,0.0,1.0,0.0,0.0,0.0,94.44,SUCCESS,BULLISH,average_down,4.0,88623.25,88623.25,0.0,0.0014500704949488
2025-12-21T08:45:17.311380+00:00,btc-updown-15m-1766306700,TRADE,UP,DIR_AVERAGE_DOWN,1,1,0.4501830091183539,0.4501830091183539,2.0,0.4802185700197826,0.0,0.0,0,0.0,0.0,2.0,0.0,0.0,0.0,93.99,SUCCESS,BULLISH,average_down,4.0,88603.93,88623.25,-0.021800148380935,110.4576184703402
2025-12-21T08:45:33.562485+00:00,btc-updown-15m-1766306700,TRADE,UP,DIR_AVERAGE_DOWN,1,1,0.3200168059354168,0.3200168059354168,3.0,0.4268179819916606,0.0,0.0,0,0.0,0.0,3.0,0.0,0.0,0.0,93.67,SUCCESS,BULLISH,average_down,4.0,88551.73,88623.25,-0.0807011704039335,409.7655645189808
2025-12-21T08:45:38.989520+00:00,btc-updown-15m-1766306700,TRADE,UP,DIR_ACCUMULATE,1,1,0.3101340702130439,0.3101340702130439,4.0,0.3976470040470065,0.0,0.0,0,0.0,0.0,4.0,0.0,0.0,0.0,93.36,SUCCESS,BULLISH,accumulate,4.0,88539.88,88623.25,-0.0940723794263868,533.1905819040463
2025-12-21T08:45:44.439949+00:00,btc-updown-15m-1766306700,TRADE,UP,DIR_ACCUMULATE,1,1,0.3900659639738375,0.3900659639738375,5.0,0.3961307960323726,0.0,0.0,0,0.0,0.0,5.0,0.0,0.0,0.0,92.97,SUCCESS,BULLISH,accumulate,4.0,88564.78,88623.25,-0.0659759148981798,377.0970692424236
2025-12-21T08:45:55.494756+00:00,btc-updown-15m-1766306700,TRADE,UP,DIR_ACCUMULATE,1,1,0.4301420080754187,0.4301420080754187,6.0,0.4017993313728803,0.0,0.0,0,0.0,0.0,6.0,0.0,0.0,0.0,92.54,SUCCESS,BULLISH,accumulate,4.0,88585.62,88623.25,-0.0424606409717592,233.52322189034163
2025-12-21T08:46:00.934373+00:00,btc-updown-15m-1766306700,TRADE,DOWN,DIR_REBALANCE,5,5,0.5701837292508423,2.850918646254211,6.0,0.4017993313728803,5.0,0.5701837292508423,5,0.9719830606237224,0.1400846968813873,1.0,0.0,0.0,0.0,89.69,SUCCESS,BULLISH,rebalance,4.0,88597.64,88623.25,-0.0288976086974925,154.6722172322294
2025-12-21T08:46:06.390388+00:00,btc-updown-15m-1766306700,TRADE,UP,DIR_AVERAGE_DOWN,1,1,0.4500335661036734,0.4500335661036734,7.0,0.4086899363344222,5.0,0.5701837292508423,5,0.9788736655852646,0.1056316720736771,2.0,0.0,0.0,0.0,89.24,SUCCESS,BULLISH,average_down,4.0,88589.14,88623.25,-0.0384887712874449,195.02116687684375
2025-12-21T08:46:44.571152+00:00,btc-updown-15m-1766306700,TRADE,UP,DIR_AVERAGE_DOWN,1,1,0.3100571320790009,0.3100571320790009,8.0,0.3963608358024946,5.0,0.5701837292508423,5,0.9665445650533367,0.1672771747333157,3.0,0.0,0.0,0.0,88.93,SUCCESS,BULLISH,average_down,4.0,88549.17,88623.25,-0.0835898029016107,479.80664662367127
2025-12-21T08:46:50.018346+00:00,btc-updown-15m-1766306700,TRADE,UP,DIR_ACCUMULATE,1,1,0.3501046367376623,0.3501046367376623,9.0,0.3912212581286243,5.0,0.5701837292508423,5,0.9614049873794666,0.1929750631026672,4.0,0.0,0.0,0.0,88.58,SUCCESS,BULLISH,accumulate,4.0,88549.17,88623.25,-0.0835898029016107,479.8069149076919
2025-12-21T08:46:55.480842+00:00,btc-updown-15m-1766306700,TRADE,UP,DIR_ACCUMULATE,1,1,0.3500329896388403,0.3500329896388403,10.0,0.3871024312796459,5.0,0.5701837292508423,5,0.9572861605304882,0.2135691973475589,5.0,0.0,0.0,0.0,88.23,SUCCESS,BULLISH,accumulate,4.0,88555.04,88623.25,-0.0769662588542018,427.4287639270671
2025-12-21T08:47:00.923817+00:00,btc-updown-15m-1766306700,TRADE,UP,DIR_ACCUMULATE,1,1,0.3300970247247053,0.3300970247247053,11.0,0.3819201215928332,5.0,0.5701837292508423,5,0.9521038508436754,0.2394807457816228,6.0,0.0,0.0,0.0,87.9,SUCCESS,BULLISH,accumulate,4.0,88555.05,88623.25,-0.0769549751334972,433.9195112908988
2025-12-21T08:47:06.357322+00:00,btc-updown-15m-1766306700,TRADE,DOWN,DIR_REBALANCE,5,5,0.6202768563065114,3.101384281532557,11.0,0.3819201215928332,10.0,0.5952302927786768,10,0.97715041437151,0.2284958562849004,1.0,0.0,0.0,0.0,84.79,SUCCESS,BULLISH,rebalance,4.0,88569.05,88623.25,-0.0611577661618109,336.78768500510387
2025-12-21T08:47:17.455262+00:00,btc-updown-15m-1766306700,TRADE,DOWN,DIR_AVERAGE_DOWN,1,1,0.5301188755247845,0.5301188755247845,11.0,0.3819201215928332,11.0,0.589311073028323,11,0.9712311946211564,0.3164568591672811,0.0,0.0,0.0,0.0,84.26,SUCCESS,BEARISH,average_down,5.0,88594.55,88623.25,-0.0323842783919536,176.75822837912094
2025-12-21T09:00:00.091641+00:00,btc-updown-15m-1766306700,RESOLUTION,UP,MARKET_END,22,22,1.0,10.6835,11.0,0.3819,11.0,0.5893,11,0.9712,0.3165,0.0,0.0,0.0,0.3165,95.27,RESOLVED,,,,,,,
2025-12-21T09:00:07.592722+00:00,btc-updown-15m-1766307600,TRADE,DOWN,DIR_AVERAGE_DOWN,1,1,0.3500211399571187,0.3500211399571187,0.0,0.0,1.0,0.3500211399571187,0,0.0,0.0,1.0,0.0,0.0,0.0,94.91,SUCCESS,BEARISH,average_down,5.0,88598.72,88598.72,0.0,0.2154061955526996
2025-12-21T09:00:18.577926+00:00,btc-updown-15m-1766307600,TRADE,DOWN,DIR_AVERAGE_DOWN,1,1,0.3101395734782406,0.3101395734782406,0.0,0.0,2.0,0.3300803567176796,0,0.0,0.0,2.0,0.0,0.0,0.0,94.6,SUCCESS,BEARISH,average_down,5.0,88613.16,88598.72,0.0162982038566723,96.90961609572048
2025-12-21T09:00:45.705922+00:00,btc-updown-15m-1766307600,TRADE,DOWN,DIR_AVERAGE_DOWN,1,1,0.2700851454426132,0.2700851454426132,0.0,0.0,3.0,0.3100819529593241,0,0.0,0.0,3.0,0.0,0.0,0.0,94.33,SUCCESS,BEARISH,average_down,5.0,88616.34,88598.72,0.0198874204954601,121.01103274222204
2025-12-21T09:00:56.528572+00:00,btc-updown-15m-1766307600,TRADE,DOWN,DIR_ACCUMULATE,1,1,0.2201095876995572,0.2201095876995572,0.0,0.0,4.0,0.2875888616443824,0,0.0,0.0,4.0,0.0,0.0,0.0,94.11,SUCCESS,BEARISH,accumulate,5.0,88654.0,88598.72,0.0623936779222079,382.49714902541785
2025-12-21T09:01:02.070862+00:00,btc-updown-15m-1766307600,TRADE,DOWN,DIR_ACCUMULATE,1,1,0.2201078308805155,0.2201078308805155,0.0,0.0,5.0,0.274092655491609,0,0.0,0.0,5.0,0.0,0.0,0.0,93.89,SUCCESS,BEARISH,accumulate,5.0,88663.02,88598.72,0.072574411910243,471.71669192350674
2025-12-21T09:01:12.940073+00:00,btc-updown-15m-1766307600,TRADE,DOWN,DIR_ACCUMULATE,1,1,0.2000235588693653,0.2000235588693653,0.0,0.0,6.0,0.2617478060545684,0,0.0,0.0,6.0,0.0,0.0,0.0,93.69,SUCCESS,BEARISH,accumulate,5.0,88697.2,88598.72,0.1111528473549007,696.0900658917169
2025-12-21T09:01:18.380983+00:00,btc-updown-15m-1766307600,TRADE,UP,DIR_REBALANCE,5,4,0.8002033109630153,3.2008132438520613,4.0,0.8002033109630153,6.0,0.2617478060545684,4,1.0619511170175835,-0.2478044680703348,2.0,0.0,0.0,0.0,90.49,SUCCESS,BEARISH,rebalance,5.0,88676.67,88598.72,0.0879809550295953,510.7256767801814
2025-12-21T09:01:23.904449+00:00,btc-updown-15m-1766307600,TRADE,DOWN,DIR_AVERAGE_DOWN,1,1,0.2400584198098762,0.2400584198098762,4.0,0.8002033109630153,7.0,0.2586493223053266,4,1.058852633268342,-0.2354105330733684,3.0,0.0,0.0,0.0,90.25,SUCCESS,BEARISH,average_down,5.0,88666.4,88598.72,0.0763893654445493,431.9642171442939
2025-12-21T09:05:35.646187+00:00,btc-updown-15m-1766307600,TRADE,UP,DIR_ACCUMULATE,1,1,0.780134467073868,0.780134467073868,5.0,0.7961895421851859,7.0,0.2586493223053266,5,1.054838864490513,-0.2741943224525633,2.0,0.0,0.0,0.0,89.47,SUCCESS,BULLISH,accumulate,6.0,88640.0,88598.72,0.046592095235686,267.92096736496904
2025-12-21T09:05:52.023360+00:00,btc-updown-15m-1766307600,TRADE,UP,DIR_AVERAGE_DOWN,1,1,0.6300717516197594,0.6300717516197594,6.0,0.7685032437576148,7.0,0.2586493223053266,6,1.0271525660629417,-0.1629153963776488,1.0,0.0,0.0,0.0,88.84,SUCCESS,BULLISH,average_down,6.0,88579.99,88598.72,-0.0211402602656064,126.6768497249925
2025-12-21T09:05:57.454685+00:00,btc-updown-15m-1766307600,TRADE,UP,DIR_AVERAGE_DOWN,1,1,0.5302587788788434,0.5302587788788434,7.0,0.7344683202035045,7.0,0.2586493223053266,7,0.9931176425088312,0.0481765024381818,0.0,0.0,0.0,0.0,88.31,SUCCESS,BULLISH,average_down,6.0,88542.48,88598.72,-0.0634772150207195,392.49447102614977
2025-12-21T09:07:21.001873+00:00,btc-updown-15m-1766307600,TRADE,DOWN,DIR_AVERAGE_DOWN,1,1,0.4600166141291262,0.4600166141291262,7.0,0.7344683202035045,8.0,0.2838202337833016,7,1.018288553986806,-0.1280198779076424,1.0,0.0,0.0,0.0,87.85,SUCCESS,BEARISH,average_down,7.0,88545.3,88598.72,-0.060294324793855,448.4437198920149
2025-12-21T09:09:09.348657+00:00,btc-updown-15m-1766307600,TRADE,DOWN,DIR_AVERAGE_DOWN,1,1,0.4101429374867561,0.4101429374867561,7.0,0.7344683202035045,9.0,0.2978560897503521,7,1.0323244099538569,-0.2262708696769966,2.0,0.0,0.0,0.0,87.44,SUCCESS,BEARISH,average_down,7.0,88558.0,88598.72,-0.0459600319282278,289.12994608049644
2025-12-21T09:09:25.865065+00:00,btc-updown-15m-1766307600,TRADE,DOWN,DIR_AVERAGE_DOWN,1,1,0.3100116951579617,0.3100116951579617,7.0,0.7344683202035045,10.0,0.2990716502911131,7,1.0335399704946175,-0.2347797934623228,3.0,0.0,0.0,0.0,87.13,SUCCESS,BEARISH,average_down,7.0,88588.64,88598.72,-0.0113771395342977,95.90820456075156
2025-12-21T09:09:31.400164+00:00,btc-updown-15m-1766307600,TRADE,DOWN,DIR_ACCUMULATE,1,1,0.2800966209799184,0.2800966209799184,7.0,0.7344683202035045,11.0,0.297346647626459,7,1.0318149678299635,-0.2227047748097446,4.0,0.0,0.0,0.0,86.85,SUCCESS,BEARISH,accumulate,7.0,88588.64,88598.72,-0.0113771395342977,102.0240304075464
2025-12-21T09:09:44.664520+00:00,btc-updown-15m-1766307600,TRADE,DOWN,DIR_ACCUMULATE,1,1,0.2700046971890525,0.2700046971890525,7.0,0.7344683202035045,12.0,0.2950681517566751,7,1.0295364719601796,-0.2067553037212572,5.0,0.0,0.0,0.0,86.58,SUCCESS,BEARISH,accumulate,7.0,88597.51,88598.72,-0.0013657082179137,11.491696434525538
2025-12-21T09:09:57.204406+00:00,btc-updown-15m-1766307600,TRADE,DOWN,DIR_ACCUMULATE,1,1,0.3200603652250812,0.3200603652250812,7.0,0.7344683202035045,13.0,0.2969906297157832,7,1.031458949919288,-0.2202126494350151,6.0,0.0,0.0,0.0,86.26,SUCCESS,BEARISH,accumulate,7.0,88585.37,88598.72,-0.0150679377760827,116.43910907100744
2025-12-21T09:15:01.401024+00:00,btc-updown-15m-1766307600,RESOLUTION,DOWN,MARKET_END,20,20,1.0,9.0022,7.0,0.7345,13.0,0.297,7,1.0315,-0.2202,0.46,0.0,0.0,3.9978,99.27,RESOLVED,,,,,,,
2025-12-21T09:15:09.947124+00:00,btc-updown-15m-1766308500,TRADE,DOWN,DIR_AVERAGE_DOWN,1,1,0.5800663564545542,0.5800663564545542,0.0,0.0,1.0,0.5800663564545542,0,0.0,0.0,1.0,0.0,0.0,0.0,98.68,SUCCESS,BEARISH,average_down,7.0,88681.85,88681.85,0.0,0.0142028497183909
2025-12-21T09:16:15.657988+00:00,btc-updown-15m-1766308500,TRADE,DOWN,DIR_AVERAGE_DOWN,1,1,0.4800740254667675,0.4800740254667675,0.0,0.0,2.0,0.5300701909606609,0,0.0,0.0,2.0,0.0,0.0,0.0,98.2,SUCCESS,BEARISH,average_down,7.0,88737.74,88681.85,0.0630230424827621,394.1353958822622
2025-12-21T09:16:43.298659+00:00,btc-updown-15m-1766308500,TRADE,DOWN,DIR_AVERAGE_DOWN,1,1,0.4201497353331101,0.4201497353331101,0.0,0.0,3.0,0.4934300390848106,0,0.0,0.0,3.0,0.0,0.0,0.0,97.78,SUCCESS,BEARISH,average_down,7.0,88733.09,88681.85,0.0577795794742562,317.4198071976494
2025-12-21T09:16:48.921029+00:00,btc-updown-15m-1766308500,TRADE,DOWN,DIR_ACCUMULATE,1,1,0.4500988879380252,0.4500988879380252,0.0,0.0,4.0,0.4825972512981142,0,0.0,0.0,4.0,0.0,0.0,0.0,97.33,SUCCESS,BEARISH,accumulate,7.0,88733.09,88681.85,0.0577795794742562,317.036834588817
2025-12-21T09:16:54.445408+00:00,btc-updown-15m-1766308500,TRADE,DOWN,DIR_ACCUMULATE,1,1,0.450112233822901,0.450112233822901,0.0,0.0,5.0,0.4761002478030716,0,0.0,0.0,5.0,0.0,0.0,0.0,96.88,SUCCESS,BEARISH,accumulate,7.0,88733.08,88681.85,0.0577683032097277,320.4235611365022
2025-12-21T09:17:00.071409+00:00,btc-updown-15m-1766308500,TRADE,UP,DIR_ACCUMULATE,1,1,0.5500462701306803,0.5500462701306803,1.0,0.5500462701306803,5.0,0.4761002478030716,1,1.026146517933752,-0.0261465179337518,4.0,0.0,0.0,0.0,96.33,SUCCESS,BULLISH,accumulate,8.0,88733.08,88681.85,0.0577683032097277,320.93742308244515
2025-12-21T09:17:05.581990+00:00,btc-updown-15m-1766308500,TRADE,UP,DIR_ACCUMULATE,1,1,0.590229532332238,0.590229532332238,2.0,0.5701379012314591,5.0,0.4761002478030716,2,1.0462381490345307,-0.0924762980690614,3.0,0.0,0.0,0.0,95.74,SUCCESS,BULLISH,accumulate,8.0,88733.88,88681.85,0.058670404372483,335.00905437746246
2025-12-21T09:17:11.197683+00:00,btc-updown-15m-1766308500,TRADE,UP,DIR_ACCUMULATE,1,1,0.5897112672723158,0.5897112672723158,3.0,0.5766623565784114,5.0,0.4761002478030716,3,1.052762604381483,-0.1582878131444491,2.0,0.0,0.0,0.0,95.15,SUCCESS,BULLISH,accumulate,8.0,88733.88,88681.85,0.058670404372483,312.4513927062521
2025-12-21T09:19:08.896758+00:00,btc-updown-15m-1766308500,TRADE,UP,DIR_AVERAGE_DOWN,1,1,0.520141219852906,0.520141219852906,4.0,0.562532072397035,5.0,0.4761002478030716,4,1.0386323202001069,-0.1545292808004266,1.0,0.0,0.0,0.0,94.63,SUCCESS,BULLISH,average_down,8.0,88720.75,88681.85,0.0438646690388102,358.5155958476609
2025-12-21T09:19:54.038524+00:00,btc-updown-15m-1766308500,TRADE,UP,DIR_AVERAGE_DOWN,1,1,0.4401197378191855,0.4401197378191855,5.0,0.5380496054814651,5.0,0.4761002478030716,5,1.0141498532845366,-0.0707492664226827,0.0,0.0,0.0,0.0,94.19,SUCCESS,BULLISH,average_down,8.0,88688.36,88681.85,0.0073408482118886,47.55632137472795
2025-12-21T09:29:17.560831+00:00,btc-updown-15m-1766308500,TRADE,UP,DIR_AVERAGE_DOWN,1,1,0.1300557118039424,0.1300557118039424,6.0,0.4700506232018779,5.0,0.4761002478030716,5,0.9461508710049495,0.2692456449752523,1.0,0.0,0.0,0.0,94.06,SUCCESS,BULLISH,average_down,8.0,88674.44,88681.85,-0.0083557120199945,73.65574431467986
2025-12-21T09:30:02.339013+00:00,btc-updown-15m-1766308500,RESOLUTION,UP,MARKET_END,11,11,1.0,5.2008,6.0,0.4701,5.0,0.4761,5,0.9462,0.2692,0.17,0.0,0.0,0.7992,100.07,RESOLVED,,,,,,,
2025-12-21T09:30:09.913804+00:00,btc-updown-15m-1766309400,TRADE,UP,DIR_AVERAGE_DOWN,1,1,0.4901233784796661,0.4901233784796661,1.0,0.4901233784796661,0.0,0.0,0,0.0,0.0,1.0,0.0,0.0,0.0,99.57,SUCCESS,BULLISH,average_down,8.0,88643.85,88643.85,0.0,0.2240534219433806
2025-12-21T09:40:12.096120+00:00,btc-updown-15m-1766309400,TRADE,DOWN,DIR_EMERGENCY,1,1,0.0299904053795279,0.0299904053795279,1.0,0.4901233784796661,1.0,0.0299904053795279,1,0.520113783859194,0.4798862161408059,0.0,0.0,0.0,0.0,99.54,SUCCESS,BULLISH,emergency,8.0,88836.98,88643.85,0.2178718546182167,595.7214056844952
2025-12-21T09:45:01.051351+00:00,btc-updown-15m-1766309400,RESOLUTION,UP,MARKET_END,2,2,1.0,0.5201,1.0,0.4901,1.0,0.03,1,0.5201,0.4799,0.0,0.0,0.0,0.4799,100.55,RESOLVED,,,,,,,
2025-12-21T10:30:09.532643+00:00,btc-updown-15m-1766313000,TRADE,UP,DIR_AVERAGE_DOWN,1,1,0.510088158408553,0.510088158408553,1.0,0.510088158408553,0.0,0.0,0,0.0,0.0,1.0,0.0,0.0,0.0,99.48991184159144,SUCCESS,BULLISH,average_down,0.0,88750.0,88756.94,-0.0078191068777295,48.70565702843904
2025-12-21T10:31:55.409492+00:00,btc-updown-15m-1766313000,TRADE,UP,DIR_AVERAGE_DOWN,1,1,0.4401463560947127,0.4401463560947127,2.0,0.4751172572516329,0.0,0.0,0,0.0,0.0,2.0,0.0,0.0,0.0,99.04976548549674,SUCCESS,BULLISH,average_down,0.0,88727.17,88756.94,-0.0335410391570552,244.8119217545836
2025-12-21T10:32:06.495249+00:00,btc-updown-15m-1766313000,TRADE,UP,DIR_AVERAGE_DOWN,1,1,0.3801547308238168,0.3801547308238168,3.0,0.4434630817756942,0.0,0.0,0,0.0,0.0,3.0,0.0,0.0,0.0,98.66961075467292,SUCCESS,BULLISH,average_down,0.0,88725.38,88756.94,-0.035557782861822,288.5259579029498
2025-12-21T10:32:12.108291+00:00,btc-updown-15m-1766313000,TRADE,UP,DIR_ACCUMULATE,1,1,0.3901347425407658,0.3901347425407658,4.0,0.4301309969669621,0.0,0.0,0,0.0,0.0,4.0,0.0,0.0,0.0,98.27947601213216,SUCCESS,BULLISH,accumulate,0.0,88725.38,88756.94,-0.035557782861822,286.93704058775006
2025-12-21T10:32:23.192229+00:00,btc-updown-15m-1766313000,TRADE,UP,DIR_ACCUMULATE,1,1,0.3700786229961746,0.3700786229961746,5.0,0.4181205221728046,0.0,0.0,0,0.0,0.0,5.0,0.0,0.0,0.0,97.90939738913598,SUCCESS,BULLISH,accumulate,0.0,88725.37,88756.94,-0.0355690495864402,289.675873048648
2025-12-21T10:32:28.787803+00:00,btc-updown-15m-1766313000,TRADE,UP,DIR_ACCUMULATE,1,1,0.3600355385630848,0.3600355385630848,6.0,0.4084396915711846,0.0,0.0,0,0.0,0.0,6.0,0.0,0.0,0.0,97.5493618505729,SUCCESS,BULLISH,accumulate,0.0,88725.38,88756.94,-0.035557782861822,291.50380028796747
2025-12-21T10:32:39.878883+00:00,btc-updown-15m-1766313000,TRADE,DOWN,DIR_REBALANCE,5,5,0.6501104648208865,3.2505523241044325,6.0,0.4084396915711846,5.0,0.6501104648208865,5,1.0585501563920712,-0.2927507819603558,1.0,0.0,0.0,0.0,94.29880952646846,SUCCESS,BULLISH,rebalance,0.0,88725.38,88756.94,-0.035557782861822,290.6430862963459
2025-12-21T10:32:50.986759+00:00,btc-updown-15m-1766313000,TRADE,UP,DIR_AVERAGE_DOWN,1,1,0.3198824188715642,0.3198824188715642,7.0,0.395788652614096,5.0,0.6501104648208865,5,1.0458991174349823,-0.2294955871749127,2.0,0.0,0.0,0.0,93.9789271075969,SUCCESS,BULLISH,average_down,0.0,88716.0,88756.94,-0.0461259705438271,434.5291181525645
2025-12-21T10:33:24.554949+00:00,btc-updown-15m-1766313000,TRADE,UP,DIR_AVERAGE_DOWN,1,1,0.2400112592826487,0.2400112592826487,8.0,0.3763164784476651,5.0,0.6501104648208865,5,1.0264269432685516,-0.1321347163427577,3.0,0.0,0.0,0.0,93.73891584831424,SUCCESS,BULLISH,average_down,0.0,88696.08,88756.94,-0.0685692859623152,645.2786064793765
2025-12-21T10:33:41.311044+00:00,btc-updown-15m-1766313000,TRADE,DOWN,DIR_ACCUMULATE,1,1,0.7800327398894507,0.7800327398894507,8.0,0.3763164784476651,6.0,0.6717641773323139,6,1.0480806557799789,-0.2884839346798733,2.0,0.0,0.0,0.0,92.9588831084248,SUCCESS,BEARISH,accumulate,1.0,88690.84,88756.94,-0.0744730496567432,682.1215611397657
2025-12-21T10:37:02.160688+00:00,btc-updown-15m-1766313000,TRADE,DOWN,DIR_AVERAGE_DOWN,1,1,0.4201962056845039,0.4201962056845039,8.0,0.3763164784476651,7.0,0.635825895668341,7,1.012142374116006,-0.0849966188120423,1.0,0.0,0.0,0.0,92.5386869027403,SUCCESS,BEARISH,average_down,1.0,88775.19,88756.94,0.0205617724090082,81.03626271718147
2025-12-21T10:38:37.326727+00:00,btc-updown-15m-1766313000,TRADE,DOWN,DIR_AVERAGE_DOWN,1,1,0.3701094954792351,0.3701094954792351,8.0,0.3763164784476651,8.0,0.6026113456447028,8,0.9789278240923678,0.1685774072610577,0.0,0.0,0.0,0.0,92.16857740726104,SUCCESS,BEARISH,average_down,1.0,88799.85,88756.94,0.0483455152915405,254.96105789869404
2025-12-21T10:39:11.596094+00:00,btc-updown-15m-1766313000,TRADE,DOWN,DIR_AVERAGE_DOWN,1,1,0.3200861684086966,0.3200861684086966,8.0,0.3763164784476651,9.0,0.5712196592851465,8,0.9475361377328116,0.4197108981375077,1.0,0.0,0.0,0.0,91.84849123885236,SUCCESS,BEARISH,average_down,1.0,88804.29,88756.94,0.0533479410173348,257.3407807149053
2025-12-21T10:40:02.095746+00:00,btc-updown-15m-1766313000,TRADE,UP,DIR_EMERGENCY,1,1,0.5401195866406732,0.5401195866406732,9.0,0.3945168238024437,9.0,0.5712196592851465,9,0.9657364830875904,0.3083716522116873,0.0,0.0,0.0,0.0,91.30837165221168,SUCCESS,BEARISH,emergency,1.0,88759.52,88756.94,0.0029068149487823,16.170982502071833
2025-12-21T10:40:07.679409+00:00,btc-updown-15m-1766313000,TRADE,DOWN,DIR_AVERAGE_DOWN,1,1,0.500164364022394,0.500164364022394,9.0,0.3945168238024437,10.0,0.5641141297588713,9,0.9586309535613152,0.372321417948164,1.0,0.0,0.0,0.0,90.8082072881893,SUCCESS,BEARISH,average_down,1.0,88759.53,88756.94,0.002918081673384,16.332329690123345
2025-12-21T10:40:13.226566+00:00,btc-updown-15m-1766313000,TRADE,UP,DIR_EMERGENCY,1,1,0.640206561955118,0.640206561955118,10.0,0.4190857976177112,10.0,0.5641141297588713,10,0.9831999273765826,0.1680007262341742,0.0,0.0,0.0,0.0,90.16800072623415,SUCCESS,BEARISH,emergency,1.0,88771.61,88756.94,0.0165282849994583,87.67301813986926
2025-12-21T10:40:18.930448+00:00,btc-updown-15m-1766313000,TRADE,DOWN,DIR_AVERAGE_DOWN,1,1,0.3801664938541099,0.3801664938541099,10.0,0.4190857976177112,11.0,0.547391617403893,10,0.9664774150216042,0.3352258497839577,1.0,0.0,0.0,0.0,89.78783423238006,SUCCESS,BEARISH,average_down,1.0,88780.0,88756.94,0.0259810669452976,138.42233636969775
2025-12-21T10:41:04.048138+00:00,btc-updown-15m-1766313000,TRADE,UP,DIR_EMERGENCY,1,1,0.5201797949161244,0.5201797949161244,11.0,0.428276161008476,11.0,0.547391617403893,11,0.9756677784123692,0.2676544374639402,0.0,0.0,0.0,0.0,89.26765443746395,SUCCESS,BEARISH,emergency,1.0,88760.0,88756.94,0.0034476177299461,22.849239864631947
2025-12-21T10:41:09.883666+00:00,btc-updown-15m-1766313000,TRADE,DOWN,DIR_AVERAGE_DOWN,1,1,0.4900147459642081,0.4900147459642081,11.0,0.428276161008476,12.0,0.5426102114505859,11,0.970886372459062,0.3202499029503185,1.0,0.0,0.0,0.0,88.77763969149974,SUCCESS,BEARISH,average_down,1.0,88760.0,88756.94,0.0034476177299461,24.13651637871187
2025-12-21T10:41:15.589450+00:00,btc-updown-15m-1766313000,TRADE,UP,DIR_EMERGENCY,1,1,0.4700054738998149,0.4700054738998149,12.0,0.4317536037494209,12.0,0.5426102114505859,12,0.9743638152000068,0.3076342175999182,0.0,0.0,0.0,0.0,88.30763421759993,SUCCESS,BEARISH,emergency,1.0,88751.14,88756.94,-0.0065347002724552,45.71182966488549
2025-12-21T10:41:21.278678+00:00,btc-updown-15m-1766313000,TRADE,DOWN,DIR_AVERAGE_DOWN,1,1,0.4001840959739463,0.4001840959739463,12.0,0.4317536037494209,13.0,0.5316543564139213,12,0.9634079601633424,0.4391044780398925,1.0,0.0,0.0,0.0,87.90745012162598,SUCCESS,BEARISH,average_down,1.0,88768.28,88756.94,0.0127764657051003,81.41187584856384
2025-12-21T10:41:55.059483+00:00,btc-updown-15m-1766313000,TRADE,UP,DIR_EMERGENCY,1,1,0.6303056198923113,0.6303056198923113,13.0,0.4470268357604125,13.0,0.5316543564139213,13,0.978681192174334,0.2771445017336591,0.0,0.0,0.0,0.0,87.27714450173367,SUCCESS,BEARISH,emergency,1.0,88780.0,88756.94,0.0259810669452976,157.96828288578652
2025-12-21T10:42:00.668060+00:00,btc-updown-15m-1766313000,TRADE,DOWN,DIR_AVERAGE_DOWN,1,1,0.3600546623311808,0.3600546623311808,13.0,0.4470268357604125,14.0,0.5193972354080113,13,0.9664240711684238,0.436487074810491,1.0,0.0,0.0,0.0,86.9170898394025,SUCCESS,BEARISH,average_down,1.0,88780.0,88756.94,0.0259810669452976,159.18574308569686
2025-12-21T10:42:06.334260+00:00,btc-updown-15m-1766313000,TRADE,UP,DIR_EMERGENCY,1,1,0.5902940070423225,0.5902940070423225,14.0,0.4572602051376918,14.0,0.5193972354080113,14,0.9766574405457032,0.3267958323601561,0.0,0.0,0.0,0.0,86.32679583236018,SUCCESS,BEARISH,emergency,1.0,88764.47,88756.94,0.0084838436295785,50.55523782968928
2025-12-21T10:42:11.896933+00:00,btc-updown-15m-1766313000,TRADE,DOWN,DIR_AVERAGE_DOWN,1,1,0.4400729379595411,0.4400729379595411,14.0,0.4572602051376918,15.0,0.5141089489114467,14,0.9713691540491384,0.4008318433120612,1.0,0.0,0.0,0.0,85.88672289440063,SUCCESS,BEARISH,average_down,1.0,88764.46,88756.94,0.0084725769049767,50.40120954030901
2025-12-21T10:42:17.585187+00:00,btc-updown-15m-1766313000,TRADE,UP,DIR_EMERGENCY,1,1,0.5801274758548315,0.5801274758548315,15.0,0.4654513565188344,15.0,0.5141089489114467,15,0.979560305430281,0.3065954185457842,0.0,0.0,0.0,0.0,85.3065954185458,SUCCESS,BEARISH,emergency,1.0,88764.47,88756.94,0.0084838436295785,50.70720661616865
2025-12-21T10:45:00.936815+00:00,btc-updown-15m-1766313000,RESOLUTION,DOWN,MARKET_END,30,30,1.0,14.6934,15.0,0.4655,15.0,0.5141,15,0.9796,0.3066,0.0,0.0,0.0,0.3066,100.31,RESOLVED,,,,,,,
2025-12-21T12:30:09.643203+00:00,btc-updown-15m-1766320200,TRADE,UP,DIR_AVERAGE_DOWN,1,1,0.50015983298646,0.50015983298646,1.0,0.50015983298646,0.0,0.0,0,0.0,0.0,1.0,0.0,0.0,0.0,99.49984016701356,SUCCESS,BULLISH,average_down,0.0,88830.43,88830.42,1.1257404833570876e-05,0.7302967433402215
2025-12-21T12:33:35.612092+00:00,btc-updown-15m-1766320200,TRADE,UP,DIR_AVERAGE_DOWN,1,1,0.4100094819559441,0.4100094819559441,2.0,0.4550846574712021,0.0,0.0,0,0.0,0.0,2.0,0.0,0.0,0.0,99.0898306850576,SUCCESS,BULLISH,average_down,0.0,88814.02,88830.42,-0.0184621439367214,100.2798763406278
2025-12-21T12:33:46.870924+00:00,btc-updown-15m-1766320200,TRADE,UP,DIR_AVERAGE_DOWN,1,1,0.2800549354063995,0.2800549354063995,3.0,0.3967414167829345,0.0,0.0,0,0.0,0.0,3.0,0.0,0.0,0.0,98.8097757496512,SUCCESS,BULLISH,average_down,0.0,88780.01,88830.42,-0.0567485777957635,394.8866550051483
2025-12-21T12:33:58.284173+00:00,btc-updown-15m-1766320200,TRADE,UP,DIR_ACCUMULATE,1,1,0.3700012259506823,0.3700012259506823,4.0,0.3900563690748715,0.0,0.0,0,0.0,0.0,4.0,0.0,0.0,0.0,98.43977452370052,SUCCESS,BULLISH,accumulate,0.0,88789.66,88830.42,-0.0458851821256668,259.6697607373425
2025-12-21T12:34:03.826660+00:00,btc-updown-15m-1766320200,TRADE,UP,DIR_ACCUMULATE,1,1,0.3600440796438652,0.3600440796438652,5.0,0.3840539111886702,0.0,0.0,0,0.0,0.0,5.0,0.0,0.0,0.0,98.07973044405664,SUCCESS,BULLISH,accumulate,0.0,88789.66,88830.42,-0.0458851821256668,259.6685872227402
2025-12-21T12:34:09.267311+00:00,btc-updown-15m-1766320200,TRADE,UP,DIR_ACCUMULATE,1,1,0.3300803112944797,0.3300803112944797,6.0,0.3750583112063051,0.0,0.0,0,0.0,0.0,6.0,0.0,0.0,0.0,97.74965013276216,SUCCESS,BULLISH,accumulate,0.0,88771.12,88830.42,-0.0667564106980501,373.0929644705622
2025-12-21T12:34:14.817969+00:00,btc-updown-15m-1766320200,TRADE,DOWN,DIR_REBALANCE,5,5,0.7103151808694426,3.551575904347213,6.0,0.3750583112063051,5.0,0.7103151808694426,5,1.0853734920757476,-0.4268674603787381,1.0,0.0,0.0,0.0,94.19807422841497,SUCCESS,BULLISH,rebalance,0.0,88771.12,88830.42,-0.0667564106980501,373.09749191905706
2025-12-21T12:34:20.359425+00:00,btc-updown-15m-1766320200,TRADE,UP,DIR_AVERAGE_DOWN,1,1,0.2899704248838641,0.2899704248838641,7.0,0.3629028988745278,5.0,0.7103151808694426,5,1.0732180797439703,-0.3660903987198516,2.0,0.0,0.0,0.0,93.90810380353108,SUCCESS,BULLISH,average_down,0.0,88776.27,88830.42,-0.0609588472057141,319.56500707640697
2025-12-21T12:36:46.584634+00:00,btc-updown-15m-1766320200,TRADE,UP,DIR_AVERAGE_DOWN,1,1,0.2600314372627964,0.2600314372627964,8.0,0.3500439661730614,5.0,0.7103151808694426,5,1.060359147042504,-0.30179573521252,3.0,0.0,0.0,0.0,93.6480723662683,SUCCESS,BULLISH,average_down,0.0,88778.35,88830.42,-0.0586173069991028,271.8977009993428
2025-12-21T12:36:52.148454+00:00,btc-updown-15m-1766320200,TRADE,UP,DIR_ACCUMULATE,1,1,0.2200645660622074,0.2200645660622074,9.0,0.3356018106051887,5.0,0.7103151808694426,5,1.0459169914746314,-0.2295849573731567,4.0,0.0,0.0,0.0,93.42800780020607,SUCCESS,BULLISH,accumulate,0.0,88778.35,88830.42,-0.0586173069991028,274.8664300018676
2025-12-21T12:36:57.900363+00:00,btc-updown-15m-1766320200,TRADE,UP,DIR_ACCUMULATE,1,1,0.2100669967974533,0.2100669967974533,10.0,0.3230483292244152,5.0,0.7103151808694426,5,1.033363510093858,-0.1668175504692892,5.0,0.0,0.0,0.0,93.21794080340864,SUCCESS,BULLISH,accumulate,0.0,88778.34,88830.42,-0.0586285644039527,282.0209549426398
2025-12-21T12:37:03.472462+00:00,btc-updown-15m-1766320200,TRADE,UP,DIR_ACCUMULATE,1,1,0.250000013155541,0.250000013155541,11.0,0.3164075732181539,5.0,0.7103151808694426,5,1.0267227540875965,-0.1336137704379825,6.0,0.0,0.0,0.0,92.9679407902531,SUCCESS,BULLISH,accumulate,0.0,88776.26,88830.42,-0.0609701046105641,319.55051842156394
2025-12-21T12:37:09.098493+00:00,btc-updown-15m-1766320200,TRADE,DOWN,DIR_REBALANCE,5,5,0.7703446691071181,3.85172334553559,11.0,0.3164075732181539,10.0,0.7403299249882803,10,1.0567374982064344,-0.5673749820643437,1.0,0.0,0.0,0.0,89.1162174447175,SUCCESS,BULLISH,rebalance,0.0,88776.26,88830.42,-0.0609701046105641,323.0240051045055
2025-12-21T12:37:14.680407+00:00,btc-updown-15m-1766320200,TRADE,UP,DIR_AVERAGE_DOWN,1,1,0.2600393250678187,0.2600393250678187,12.0,0.3117102192056259,10.0,0.7403299249882803,10,1.0520401441939062,-0.5204014419390623,2.0,0.0,0.0,0.0,88.85617811964968,SUCCESS,BULLISH,average_down,0.0,88778.34,88830.42,-0.0586285644039527,306.94918339667663
2025-12-21T12:37:20.334372+00:00,btc-updown-15m-1766320200,TRADE,DOWN,DIR_AVERAGE_DOWN,1,1,0.7597861510244796,0.7597861510244796,12.0,0.3117102192056259,11.0,0.7420986728097531,11,1.053808892015379,-0.5918978121691687,1.0,0.0,0.0,0.0,88.0963919686252,SUCCESS,BEARISH,average_down,1.0,88778.34,88830.42,-0.0586285644039527,293.44356431883773
2025-12-21T12:45:01.045042+00:00,btc-updown-15m-1766320200,RESOLUTION,DOWN,MARKET_END,23,23,1.0,11.9036,12.0,0.3117,11.0,0.7421,11,1.0538,-0.5919,0.08,0.0,0.0,-0.9036,99.1,RESOLVED,,,,,,,
2025-12-21T12:45:10.464880+00:00,btc-updown-15m-1766321100,TRADE,DOWN,DIR_AVERAGE_DOWN,1,1,0.5502548538415827,0.5502548538415827,0.0,0.0,1.0,0.5502548538415827,0,0.0,0.0,1.0,0.0,0.0,0.0,98.54613711478362,SUCCESS,BEARISH,average_down,1.0,88550.0,88572.6,-0.0255157915653439,119.62233964009776
2025-12-21T12:45:26.971847+00:00,btc-updown-15m-1766321100,TRADE,DOWN,DIR_AVERAGE_DOWN,1,1,0.4701465166567686,0.4701465166567686,0.0,0.0,2.0,0.5102006852491756,0,0.0,0.0,2.0,0.0,0.0,0.0,98.07599059812684,SUCCESS,BEARISH,average_down,1.0,88571.67,88572.6,-0.0010499861130954,4.508849783603684
2025-12-21T12:45:38.149633+00:00,btc-updown-15m-1766321100,TRADE,DOWN,DIR_AVERAGE_DOWN,1,1,0.3701680677701811,0.3701680677701811,0.0,0.0,3.0,0.4635231460895108,0,0.0,0.0,3.0,0.0,0.0,0.0,97.70582253035668,SUCCESS,BEARISH,average_down,1.0,88606.88,88572.6,0.0387027139318466,159.61124958364917
2025-12-21T12:45:43.731542+00:00,btc-updown-15m-1766321100,TRADE,DOWN,DIR_ACCUMULATE,1,1,0.310093696225608,0.310093696225608,0.0,0.0,4.0,0.4251657836235351,0,0.0,0.0,4.0,0.0,0.0,0.0,97.39572883413106,SUCCESS,BEARISH,accumulate,1.0,88628.15,88572.6,0.0627169124537253,311.41131744722526
2025-12-21T12:45:49.373046+00:00,btc-updown-15m-1766321100,TRADE,DOWN,DIR_ACCUMULATE,1,1,0.3300511514767184,0.3300511514767184,0.0,0.0,5.0,0.4061428571941717,0,0.0,0.0,5.0,0.0,0.0,0.0,97.06567768265434,SUCCESS,BEARISH,accumulate,1.0,88628.14,88572.6,0.0627056222804722,311.3542139131911
2025-12-21T12:46:00.447962+00:00,btc-updown-15m-1766321100,TRADE,DOWN,DIR_ACCUMULATE,1,1,0.3900124227227388,0.3900124227227388,0.0,0.0,6.0,0.4034544514489329,0,0.0,0.0,6.0,0.0,0.0,0.0,96.6756652599316,SUCCESS,BEARISH,accumulate,1.0,88617.23,88572.6,0.0503880432549006,275.89833685901783
2025-12-21T12:46:05.971639+00:00,btc-updown-15m-1766321100,TRADE,UP,DIR_REBALANCE,5,5,0.610115880991052,3.05057940495526,5.0,0.610115880991052,6.0,0.4034544514489329,5,1.013570332439985,-0.0678516621999247,1.0,0.0,0.0,0.0,93.62508585497636,SUCCESS,BEARISH,rebalance,1.0,88592.4,88572.6,0.0223545430528045,114.70428260370068
2025-12-21T12:46:17.110698+00:00,btc-updown-15m-1766321100,TRADE,DOWN,DIR_AVERAGE_DOWN,1,1,0.4400283253853161,0.4400283253853161,5.0,0.610115880991052,7.0,0.4086792905827019,5,1.018795171573754,-0.0939758578687699,2.0,0.0,0.0,0.0,93.18505752959103,SUCCESS,BEARISH,average_down,1.0,88592.41,88572.6,0.022365833226074,121.58526408727924
2025-12-21T12:46:28.245535+00:00,btc-updown-15m-1766321100,TRADE,DOWN,DIR_AVERAGE_DOWN,1,1,0.3700331179394563,0.3700331179394563,5.0,0.610115880991052,8.0,0.4038485190022962,5,1.0139643999933483,-0.0698219999667415,3.0,0.0,0.0,0.0,92.81502441165158,SUCCESS,BEARISH,average_down,1.0,88604.83,88572.6,0.0363882284137486,187.5460650321767
2025-12-21T12:46:33.792107+00:00,btc-updown-15m-1766321100,TRADE,DOWN,DIR_ACCUMULATE,1,1,0.3700345896611685,0.3700345896611685,5.0,0.610115880991052,9.0,0.4000914157421709,5,1.0102072967332227,-0.0510364836661136,4.0,0.0,0.0,0.0,92.4449898219904,SUCCESS,BEARISH,accumulate,1.0,88612.18,88572.6,0.0446865057591029,231.11223603807596
2025-12-21T12:46:44.927528+00:00,btc-updown-15m-1766321100,TRADE,DOWN,DIR_ACCUMULATE,1,1,0.3401388626434561,0.3401388626434561,5.0,0.610115880991052,10.0,0.3940961604322994,5,1.0042120414233513,-0.0210602071167564,5.0,0.0,0.0,0.0,92.10485095934696,SUCCESS,BEARISH,accumulate,1.0,88619.29,88572.6,0.0527138189462517,283.3457933956194
2025-12-21T12:46:56.190123+00:00,btc-updown-15m-1766321100,TRADE,DOWN,DIR_ACCUMULATE,1,1,0.3600983915825869,0.3600983915825869,5.0,0.610115880991052,11.0,0.3910054541732347,5,1.0011213351642867,-0.0056066758214334,6.0,0.0,0.0,0.0,91.74475256776437,SUCCESS,BEARISH,accumulate,1.0,88619.29,88572.6,0.0527138189462517,281.5461245855533
2025-12-21T12:47:07.355579+00:00,btc-updown-15m-1766321100,TRADE,UP,DIR_REBALANCE,5,5,0.5801109473033285,2.9005547365166424,10.0,0.5951134141471902,11.0,0.3910054541732347,10,0.986118868320425,0.1388113167957505,1.0,0.0,0.0,0.0,88.84419783124773,SUCCESS,BEARISH,rebalance,1.0,88596.18,88572.6,0.0266222285447047,138.1515053867759
2025-12-21T12:47:12.968394+00:00,btc-updown-15m-1766321100,TRADE,DOWN,DIR_AVERAGE_DOWN,1,1,0.4401719866601437,0.4401719866601437,10.0,0.5951134141471902,12.0,0.3951026652138105,10,0.9902160793610006,0.0978392063899935,2.0,0.0,0.0,0.0,88.40402584458758,SUCCESS,BEARISH,average_down,1.0,88596.17,88572.6,0.0266109383714517,137.71884627369678
2025-12-21T12:47:24.122533+00:00,btc-updown-15m-1766321100,TRADE,DOWN,DIR_AVERAGE_DOWN,1,1,0.3701555501909155,0.3701555501909155,10.0,0.5951134141471902,13.0,0.3931836563658955,10,0.9882970705130856,0.1170292948691431,3.0,0.0,0.0,0.0,88.03387029439666,SUCCESS,BEARISH,average_down,1.0,88619.29,88572.6,0.0527138189462517,241.5825588382924
2025-12-21T12:47:35.150750+00:00,btc-updown-15m-1766321100,TRADE,DOWN,DIR_ACCUMULATE,1,1,0.3401072068384125,0.3401072068384125,10.0,0.5951134141471902,14.0,0.3893924813996467,10,0.9845058955468368,0.1549410445316312,4.0,0.0,0.0,0.0,87.69376308755825,SUCCESS,BEARISH,accumulate,1.0,88619.28,88572.6,0.0527025287729986,247.95312997745123
2025-12-21T12:47:40.652878+00:00,btc-updown-15m-1766321100,TRADE,DOWN,DIR_ACCUMULATE,1,1,0.3399528253058222,0.3399528253058222,10.0,0.5951134141471902,15.0,0.3860965043267251,10,0.9812099184739154,0.1879008152608463,5.0,0.0,0.0,0.0,87.35381026225242,SUCCESS,BEARISH,accumulate,1.0,88619.29,88572.6,0.0527138189462517,243.65231576596676
2025-12-21T12:48:02.974000+00:00,btc-updown-15m-1766321100,TRADE,UP,DIR_ACCUMULATE,1,1,0.6900218240336177,0.6900218240336177,11.0,0.6037414514095928,15.0,0.3860965043267251,11,0.989837955736318,0.1117824869005026,4.0,0.0,0.0,0.0,86.6637884382188,SUCCESS,BULLISH,accumulate,2.0,88614.42,88572.6,0.0472155045691245,218.99828906562888
2025-12-21T12:48:08.590234+00:00,btc-updown-15m-1766321100,TRADE,UP,DIR_ACCUMULATE,1,1,0.6400878854789764,0.6400878854789764,12.0,0.6067703209153748,15.0,0.3860965043267251,12,0.9928668252420998,0.0855980970948024,3.0,0.0,0.0,0.0,86.02370055273983,SUCCESS,BULLISH,accumulate,2.0,88612.19,88572.6,0.0446977959323724,217.0901533576323
2025-12-21T12:48:14.203104+00:00,btc-updown-15m-1766321100,TRADE,UP,DIR_ACCUMULATE,1,1,0.6501579637052449,0.6501579637052449,13.0,0.6101078318992109,15.0,0.3860965043267251,13,0.996204336225936,0.049343629062831,2.0,0.0,0.0,0.0,85.37354258903459,SUCCESS,BULLISH,accumulate,2.0,88616.61,88572.6,0.0496880525128479,238.1764965162994
2025-12-21T12:51:44.663866+00:00,btc-updown-15m-1766321100,TRADE,UP,DIR_AVERAGE_DOWN,1,1,0.570236806281986,0.570236806281986,14.0,0.6072599014979805,15.0,0.3860965043267251,14,0.9933564058247056,0.0930103184541226,1.0,0.0,0.0,0.0,84.8033057827526,SUCCESS,BULLISH,average_down,2.0,88594.99,88572.6,0.0252786979268977,149.39960134390768
2025-12-21T12:55:10.445240+00:00,btc-updown-15m-1766321100,TRADE,UP,DIR_EMERGENCY,1,1,0.6103017992807883,0.6103017992807883,15.0,0.6074626946835011,15.0,0.3860965043267251,15,0.9935591990102262,0.0966120148466076,0.0,0.0,0.0,0.0,84.19300398347181,SUCCESS,BULLISH,emergency,2.0,88580.01,88572.6,0.0083660183849056,36.99653600849354
2025-12-21T13:00:05.392194+00:00,btc-updown-15m-1766321100,RESOLUTION,UP,MARKET_END,30,30,1.0,14.9034,15.0,0.6075,15.0,0.3861,15,0.9936,0.0966,0.0,0.0,0.0,0.0966,99.19,RESOLVED,,,,,,,
2025-12-21T13:00:13.917482+00:00,btc-updown-15m-1766322000,TRADE,DOWN,DIR_AVERAGE_DOWN,1,1,0.3600726787837239,0.3600726787837239,0.0,0.0,1.0,0.3600726787837239,0,0.0,0.0,1.0,0.0,0.0,0.0,98.83293130468807,SUCCESS,BEARISH,average_down,3.0,88674.43,88638.01,0.0410884675772823,159.29398934147002
2025-12-21T13:10:03.528131+00:00,btc-updown-15m-1766322000,TRADE,UP,DIR_EMERGENCY,1,1,0.030000035510737,0.030000035510737,1.0,0.030000035510737,1.0,0.3600726787837239,1,0.390072714294461,0.6099272857055389,0.0,0.0,0.0,0.0,98.80293126917736,SUCCESS,BEARISH,emergency,3.0,88398.99,88638.01,-0.2696585810082937,1160.0665874739734
2025-12-21T13:15:04.408692+00:00,btc-updown-15m-1766322000,RESOLUTION,DOWN,MARKET_END,2,2,1.0,0.3901,1.0,0.03,1.0,0.3601,1,0.3901,0.6099,0.0,0.0,0.0,0.6099,99.8,RESOLVED,,,,,,,
2025-12-21T13:15:13.090204+00:00,btc-updown-15m-1766322900,TRADE,DOWN,DIR_AVERAGE_DOWN,1,1,0.520033563666276,0.520033563666276,0.0,0.0,1.0,0.520033563666276,0,0.0,0.0,1.0,0.0,0.0,0.0,99.28289770551108,SUCCESS,BEARISH,average_down,3.0,88307.27,88350.0,-0.048364459535932,210.1339277623493
2025-12-21T13:25:03.242900+00:00,btc-updown-15m-1766322900,TRADE,UP,DIR_EMERGENCY,1,1,0.3700642196380657,0.3700642196380657,1.0,0.3700642196380657,1.0,0.520033563666276,1,0.8900977833043416,0.1099022166956583,0.0,0.0,0.0,0.0,98.912833485873,SUCCESS,BEARISH,emergency,3.0,88326.66,88350.0,-0.0264176570458364,114.03524422621996
2025-12-21T13:25:08.909821+00:00,btc-updown-15m-1766322900,TRADE,DOWN,DIR_AVERAGE_DOWN,1,1,0.7502112588543561,0.7502112588543561,1.0,0.3700642196380657,2.0,0.635122411260316,1,1.0051866308983817,-0.0051866308983816,1.0,0.0,0.0,0.0,98.16262222701866,SUCCESS,BEARISH,average_down,3.0,88297.16,88350.0,-0.0598075834748121,254.07839051968435
2025-12-21T13:25:14.362978+00:00,btc-updown-15m-1766322900,TRADE,UP,DIR_EMERGENCY,1,1,0.2400112587801327,0.2400112587801327,2.0,0.3050377392090992,2.0,0.635122411260316,2,0.9401601504694151,0.1196796990611694,0.0,0.0,0.0,0.0,97.92261096823852,SUCCESS,BEARISH,emergency,3.0,88279.9,88350.0,-0.0793435200905555,350.2990806408108
2025-12-21T13:25:19.923333+00:00,btc-updown-15m-1766322900,TRADE,DOWN,DIR_AVERAGE_DOWN,1,1,0.7902415834297002,0.7902415834297002,2.0,0.3050377392090992,3.0,0.686828801983444,2,0.9918665411925432,0.0162669176149137,1.0,0.0,0.0,0.0,97.13236938480884,SUCCESS,BEARISH,average_down,3.0,88282.96,88350.0,-0.075880022637231,331.12350416515005
2025-12-21T13:25:25.594635+00:00,btc-updown-15m-1766322900,TRADE,UP,DIR_EMERGENCY,1,1,0.2300358052292049,0.2300358052292049,3.0,0.2800370945491344,3.0,0.686828801983444,3,0.9668658965325784,0.0994023104022645,0.0,0.0,0.0,0.0,96.90233357957962,SUCCESS,BEARISH,emergency,3.0,88279.01,88350.0,-0.0803508771929883,345.4640801541637
2025-12-21T13:25:31.249636+00:00,btc-updown-15m-1766322900,TRADE,DOWN,DIR_AVERAGE_DOWN,1,1,0.7998581299462499,0.7998581299462499,3.0,0.2800370945491344,4.0,0.7150861339741454,3,0.9951232285232798,0.0146303144301604,1.0,0.0,0.0,0.0,96.10247544963336,SUCCESS,BEARISH,average_down,3.0,88279.01,88350.0,-0.0803508771929883,341.2486262844177
2025-12-21T13:25:36.859959+00:00,btc-updown-15m-1766322900,TRADE,UP,DIR_EMERGENCY,1,1,0.2299070167623961,0.2299070167623961,4.0,0.2675045751024499,4.0,0.7150861339741454,4,0.9825907090765952,0.0696371636936188,0.0,0.0,0.0,0.0,95.87256843287098,SUCCESS,BEARISH,emergency,3.0,88279.01,88350.0,-0.0803508771929883,326.8251664250461
2025-12-21T13:25:42.638556+00:00,btc-updown-15m-1766322900,TRADE,DOWN,DIR_AVERAGE_DOWN,1,1,0.7700447584579834,0.7700447584579834,4.0,0.2675045751024499,5.0,0.726077858870913,4,0.993582433973363,0.025670264106548,1.0,0.0,0.0,0.0,95.102523674413,SUCCESS,BEARISH,average_down,3.0,88284.1,88350.0,-0.0745897000565865,279.98016136179274
2025-12-21T13:25:48.259529+00:00,btc-updown-15m-1766322900,TRADE,UP,DIR_EMERGENCY,1,1,0.2900758300317853,0.2900758300317853,5.0,0.2720188260883169,5.0,0.726077858870913,5,0.99809668495923,0.00951657520385,0.0,0.0,0.0,0.0,94.8124478443812,SUCCESS,BEARISH,emergency,3.0,88293.91,88350.0,-0.0634861346915636,225.44860017197243
2025-12-21T13:25:53.818688+00:00,btc-updown-15m-1766322900,TRADE,DOWN,DIR_AVERAGE_DOWN,1,1,0.6702295718498573,0.6702295718498573,5.0,0.2720188260883169,6.0,0.7167698110340704,5,0.9887886371223874,0.0560568143880629,1.0,0.0,0.0,0.0,94.14221827253137,SUCCESS,BEARISH,average_down,3.0,88302.97,88350.0,-0.0532314657611758,208.503102180282
2025-12-21T13:25:59.359151+00:00,btc-updown-15m-1766322900,TRADE,UP,DIR_EMERGENCY,1,1,0.3100250455366888,0.3100250455366888,6.0,0.2783531959963789,6.0,0.7167698110340704,6,0.9951230070304492,0.0292619578173041,0.0,0.0,0.0,0.0,93.83219322699466,SUCCESS,BEARISH,emergency,3.0,88310.11,88350.0,-0.0451499717034515,183.9340622931928
2025-12-21T13:26:04.858186+00:00,btc-updown-15m-1766322900,TRADE,DOWN,DIR_AVERAGE_DOWN,1,1,0.7703482041223637,0.7703482041223637,6.0,0.2783531959963789,7.0,0.724423867189541,6,1.00277706318592,-0.0166623791155191,1.0,0.0,0.0,0.0,93.06184502287228,SUCCESS,BEARISH,average_down,3.0,88294.52,88350.0,-0.0627956989247265,264.380509675945
2025-12-21T13:26:10.433983+00:00,btc-updown-15m-1766322900,TRADE,UP,DIR_EMERGENCY,1,1,0.2401005357226442,0.2401005357226442,7.0,0.2728885302429882,7.0,0.724423867189541,7,0.9973123974325292,0.0188132179722948,0.0,0.0,0.0,0.0,92.82174448714964,SUCCESS,BEARISH,emergency,3.0,88294.53,88350.0,-0.062784380305604,239.19495455056455
2025-12-21T13:26:16.085033+00:00,btc-updown-15m-1766322900,TRADE,DOWN,DIR_AVERAGE_DOWN,1,1,0.7403599211360199,0.7403599211360199,7.0,0.2728885302429882,8.0,0.7264158739328508,7,0.999304404175839,0.004869170769127,1.0,0.0,0.0,0.0,92.08138456601364,SUCCESS,BEARISH,average_down,3.0,88297.33,88350.0,-0.0596151669496301,245.30326443509537
2025-12-21T13:26:21.641032+00:00,btc-updown-15m-1766322900,TRADE,UP,DIR_EMERGENCY,1,1,0.2400101327372947,0.2400101327372947,8.0,0.2687787305547766,8.0,0.7264158739328508,8,0.9951946044876274,0.0384431640989806,0.0,0.0,0.0,0.0,91.84137443327631,SUCCESS,BEARISH,emergency,3.0,88297.34,88350.0,-0.0596038483305076,247.1440135789332
2025-12-21T13:26:27.236716+00:00,btc-updown-15m-1766322900,TRADE,DOWN,DIR_AVERAGE_DOWN,1,1,0.8100705852851698,0.8100705852851698,8.0,0.2687787305547766,9.0,0.7357108418608863,8,1.0044895724156628,-0.0359165793253026,1.0,0.0,0.0,0.0,91.03130384799115,SUCCESS,BEARISH,average_down,3.0,88293.03,88350.0,-0.0644821731748739,280.701444554584
2025-12-21T13:26:32.923381+00:00,btc-updown-15m-1766322900,TRADE,UP,DIR_EMERGENCY,1,1,0.2700482762568807,0.2700482762568807,9.0,0.2689197911883437,9.0,0.7357108418608863,9,1.00463063304923,-0.0416756974430705,0.0,0.0,0.0,0.0,90.76125557173428,SUCCESS,BEARISH,emergency,3.0,88300.72,88350.0,-0.0557781550650807,241.6874933762976
2025-12-21T13:26:43.953525+00:00,btc-updown-15m-1766322900,TRADE,DOWN,DIR_AVERAGE_DOWN,1,1,0.8003595262679547,0.8003595262679547,9.0,0.2689197911883437,10.0,0.7421757103015931,9,1.0110955014899368,-0.0998595134094308,1.0,0.0,0.0,0.0,89.96089604546631,SUCCESS,BEARISH,average_down,3.0,88300.72,88350.0,-0.0557781550650807,344.6746555260615
2025-12-21T13:26:49.580156+00:00,btc-updown-15m-1766322900,TRADE,UP,DIR_EMERGENCY,1,1,0.2200493592020405,0.2200493592020405,10.0,0.2640327479897134,10.0,0.7421757103015931,10,1.006208458291307,-0.0620845829130667,0.0,0.0,0.0,0.0,89.74084668626428,SUCCESS,BEARISH,emergency,3.0,88300.72,88350.0,-0.0557781550650807,343.74849520686314
2025-12-21T13:27:00.522265+00:00,btc-updown-15m-1766322900,TRADE,DOWN,DIR_AVERAGE_DOWN,1,1,0.7803093423230648,0.7803093423230648,10.0,0.2640327479897134,11.0,0.7456424041217269,10,1.0096751521114404,-0.0967515211144043,1.0,0.0,0.0,0.0,88.96053734394121,SUCCESS,BEARISH,average_down,3.0,88300.72,88350.0,-0.0557781550650807,317.6039260441186
2025-12-21T13:27:05.996337+00:00,btc-updown-15m-1766322900,TRADE,UP,DIR_EMERGENCY,1,1,0.2300428943190909,0.2300428943190909,11.0,0.2609427612923841,11.0,0.7456424041217269,11,1.006585165414111,-0.07243681955522,0.0,0.0,0.0,0.0,88.73049444962211,SUCCESS,BEARISH,emergency,3.0,88305.13,88350.0,-0.0507866440294231,316.1698048591454
2025-12-21T13:27:11.565398+00:00,btc-updown-15m-1766322900,TRADE,DOWN,DIR_AVERAGE_DOWN,1,1,0.7903100273341014,0.7903100273341014,11.0,0.2609427612923841,12.0,0.7493647060560914,11,1.0103074673484755,-0.1133821408332309,1.0,0.0,0.0,0.0,87.94018442228801,SUCCESS,BEARISH,average_down,3.0,88305.12,88350.0,-0.0507979626485621,316.59829386171776
2025-12-21T13:27:17.045777+00:00,btc-updown-15m-1766322900,TRADE,UP,DIR_EMERGENCY,1,1,0.1900406648662201,0.1900406648662201,12.0,0.2550342532568704,12.0,0.7493647060560914,12,1.004398959312962,-0.0527875117555423,0.0,0.0,0.0,0.0,87.7501437574218,SUCCESS,BEARISH,emergency,3.0,88305.13,88350.0,-0.0507866440294231,325.52957639726145
2025-12-21T13:27:22.542690+00:00,btc-updown-15m-1766322900,TRADE,DOWN,DIR_AVERAGE_DOWN,1,1,0.7801302952800709,0.7801302952800709,12.0,0.2550342532568704,13.0,0.7517312898425513,12,1.0067655430994218,-0.0811865171930614,1.0,0.0,0.0,0.0,86.97001346214172,SUCCESS,BEARISH,average_down,3.0,88305.13,88350.0,-0.0507866440294231,312.4350901576293
2025-12-21T13:27:28.035673+00:00,btc-updown-15m-1766322900,TRADE,UP,DIR_EMERGENCY,1,1,0.0700031550508425,0.0700031550508425,13.0,0.2408010918564067,13.0,0.7517312898425513,13,0.992532381698958,0.097079037913545,0.0,0.0,0.0,0.0,86.90001030709088,SUCCESS,BEARISH,emergency,3.0,88231.32,88350.0,-0.1343293718166304,187.91940905980903
2025-12-21T13:30:03.451493+00:00,btc-updown-15m-1766322900,RESOLUTION,DOWN,MARKET_END,26,26,1.0,12.9029,13.0,0.2408,13.0,0.7517,13,0.9925,0.0971,0.0,0.0,0.0,0.0971,99.9,RESOLVED,,,,,,,
2025-12-21T13:30:28.426621+00:00,btc-updown-15m-1766323800,TRADE,DOWN,DIR_AVERAGE_DOWN,1,1,0.620199900744864,0.620199900744864,0.0,0.0,1.0,0.620199900744864,0,0.0,0.0,1.0,0.0,0.0,0.0,99.27981040634602,SUCCESS,BEARISH,average_down,3.0,88108.3,88212.34,-0.1179426823956757,214.27634999477925
2025-12-21T13:30:33.846802+00:00,btc-updown-15m-1766323800,TRADE,DOWN,DIR_AVERAGE_DOWN,1,1,0.5502079500913769,0.5502079500913769,0.0,0.0,2.0,0.5852039254181205,0,0.0,0.0,2.0,0.0,0.0,0.0,98.72960245625464,SUCCESS,BEARISH,average_down,3.0,88165.26,88212.34,-0.0533712176777101,121.92654425907033
2025-12-21T13:40:01.488661+00:00,btc-updown-15m-1766323800,TRADE,UP,DIR_EMERGENCY,2,2,0.0300006786617913,0.0600013573235827,2.0,0.0300006786617913,2.0,0.5852039254181205,2,0.6152046040799118,0.7695907918401763,0.0,0.0,0.0,0.0,98.66960109893104,SUCCESS,BEARISH,emergency,3.0,87912.96,88212.34,-0.3393856233719569,1385.56515240175
2025-12-21T13:45:01.925624+00:00,btc-updown-15m-1766323800,RESOLUTION,DOWN,MARKET_END,4,4,1.0,1.2304,2.0,0.03,2.0,0.5852,2,0.6152,0.7696,0.0,0.0,0.0,0.7696,100.67,RESOLVED,,,,,,,
2025-12-21T13:45:10.475132+00:00,btc-updown-15m-1766324700,TRADE,DOWN,DIR_AVERAGE_DOWN,1,1,0.5000273146542883,0.5000273146542883,0.0,0.0,1.0,0.5000273146542883,0,0.0,0.0,1.0,0.0,0.0,0.0,100.16957378427676,SUCCESS,BEARISH,average_down,3.0,87894.41,87934.72,-0.0458408237383341,188.45339961397903
2025-12-21T13:45:15.978838+00:00,btc-updown-15m-1766324700,TRADE,DOWN,DIR_AVERAGE_DOWN,1,1,0.4500435053259538,0.4500435053259538,0.0,0.0,2.0,0.475035409990121,0,0.0,0.0,2.0,0.0,0.0,0.0,99.7195302789508,SUCCESS,BEARISH,average_down,3.0,87935.42,87934.72,0.0007960450661548,3.204133871659922
2025-12-21T13:55:10.470602+00:00,btc-updown-15m-1766324700,TRADE,UP,DIR_EMERGENCY,2,2,0.0700000387359822,0.1400000774719645,2.0,0.0700000387359822,2.0,0.475035409990121,2,0.5450354487261033,0.9099291025477934,0.0,0.0,0.0,0.0,99.57953020147885,SUCCESS,BEARISH,emergency,3.0,87708.93,87934.72,-0.2567700221255132,1002.3064309727145
2025-12-21T14:00:02.398249+00:00,btc-updown-15m-1766324700,RESOLUTION,DOWN,MARKET_END,4,4,1.0,1.0901,2.0,0.07,2.0,0.475,2,0.545,0.9099,0.0,0.0,0.0,0.9099,101.58,RESOLVED,,,,,,,
2025-12-21T14:00:11.583564+00:00,btc-updown-15m-1766325600,TRADE,DOWN,DIR_AVERAGE_DOWN,1,1,0.4801095525110753,0.4801095525110753,0.0,0.0,1.0,0.4801095525110753,0,0.0,0.0,1.0,0.0,0.0,0.0,101.09942064896777,SUCCESS,BEARISH,average_down,3.0,87671.05,87670.1,0.0010836077522406,4.052852556471061
2025-12-21T14:01:12.353967+00:00,btc-updown-15m-1766325600,TRADE,DOWN,DIR_AVERAGE_DOWN,1,1,0.2700742100351792,0.2700742100351792,0.0,0.0,2.0,0.3750918812731272,0,0.0,0.0,2.0,0.0,0.0,0.0,100.8293464389326,SUCCESS,BEARISH,average_down,3.0,87813.85,87670.1,0.1639669625105937,532.2364317987048
2025-12-21T14:01:40.207515+00:00,btc-updown-15m-1766325600,TRADE,UP,DIR_AVERAGE_DOWN,1,1,0.7600134135477535,0.7600134135477535,1.0,0.7600134135477535,2.0,0.3750918812731272,1,1.1351052948208809,-0.1351052948208808,1.0,0.0,0.0,0.0,100.06933302538484,SUCCESS,BULLISH,average_down,4.0,87804.19,87670.1,0.1529483826298778,339.44463629182377
2025-12-21T14:15:04.487502+00:00,btc-updown-15m-1766325600,RESOLUTION,UP,MARKET_END,3,3,1.0,1.5102,1.0,0.76,2.0,0.3751,1,1.1351,-0.1351,0.5,0.0,0.0,-0.5102,101.07,RESOLVED,,,,,,,
2025-12-21T14:15:14.110331+00:00,btc-updown-15m-1766326500,TRADE,UP,DIR_AVERAGE_DOWN,1,1,0.5402489660905075,0.5402489660905075,1.0,0.5402489660905075,0.0,0.0,0,0.0,0.0,1.0,0.0,0.0,0.0,100.52908405929432,SUCCESS,BULLISH,average_down,4.0,87892.97,87887.27,0.0064855809038067,31.797388415902653
2025-12-21T14:25:02.699486+00:00,btc-updown-15m-1766326500,TRADE,DOWN,DIR_EMERGENCY,1,1,0.1200438389963333,0.1200438389963333,1.0,0.5402489660905075,1.0,0.1200438389963333,1,0.6602928050868409,0.3397071949131591,0.0,0.0,0.0,0.0,100.409040220298,SUCCESS,BULLISH,emergency,4.0,87973.82,87887.27,0.0984784258289089,454.69081593071047
2025-12-21T14:25:13.668109+00:00,btc-updown-15m-1766326500,TRADE,UP,DIR_AVERAGE_DOWN,1,1,0.7903640970612799,0.7903640970612799,2.0,0.6653065315758937,1.0,0.1200438389963333,1,0.785350370572227,0.214649629427773,1.0,0.0,0.0,0.0,99.61867612323672,SUCCESS,BULLISH,average_down,4.0,87947.59,87887.27,0.0686333754592587,337.8899223918685
2025-12-21T14:25:19.223637+00:00,btc-updown-15m-1766326500,TRADE,DOWN,DIR_EMERGENCY,1,1,0.2200705823095755,0.2200705823095755,2.0,0.6653065315758937,2.0,0.1700572106529544,2,0.8353637422288481,0.3292725155423037,0.0,0.0,0.0,0.0,99.39860554092714,SUCCESS,BULLISH,emergency,4.0,87947.58,87887.27,0.0686219972471527,341.53440302056146
2025-12-21T14:25:24.768403+00:00,btc-updown-15m-1766326500,TRADE,UP,DIR_AVERAGE_DOWN,1,1,0.8201004129942264,0.8201004129942264,3.0,0.7169044920486712,2.0,0.1700572106529544,2,0.8869617027016257,0.2260765945967486,1.0,0.0,0.0,0.0,98.57850512793291,SUCCESS,BULLISH,average_down,4.0,87947.59,87887.27,0.0686333754592587,362.53987542616426
2025-12-21T14:25:30.289742+00:00,btc-updown-15m-1766326500,TRADE,DOWN,DIR_EMERGENCY,1,1,0.1800637189254895,0.1800637189254895,3.0,0.7169044920486712,3.0,0.1733927134104661,3,0.8902972054591374,0.3291083836225879,0.0,0.0,0.0,0.0,98.39844140900742,SUCCESS,BULLISH,emergency,4.0,87947.58,87887.27,0.0686219972471527,382.249402216779
2025-12-21T14:25:35.923538+00:00,btc-updown-15m-1766326500,TRADE,UP,DIR_AVERAGE_DOWN,1,1,0.7501795936726399,0.7501795936726399,4.0,0.7252232674546635,3.0,0.1733927134104661,3,0.8986159808651296,0.3041520574046111,1.0,0.0,0.0,0.0,97.64826181533478,SUCCESS,BULLISH,average_down,4.0,87927.83,87887.27,0.0461500283260564,293.3091419392575
2025-12-21T14:25:47.155699+00:00,btc-updown-15m-1766326500,TRADE,DOWN,DIR_EMERGENCY,1,1,0.3400061704956585,0.3400061704956585,4.0,0.7252232674546635,4.0,0.2150460776817642,4,0.9402693451364276,0.2389226194542892,0.0,0.0,0.0,0.0,97.30825564483912,SUCCESS,BULLISH,emergency,4.0,87910.39,87887.27,0.0263064264028173,181.71556640703295
2025-12-21T14:25:52.687206+00:00,btc-updown-15m-1766326500,TRADE,UP,DIR_AVERAGE_DOWN,1,1,0.6801391680050475,0.6801391680050475,5.0,0.7162064475647403,4.0,0.2150460776817642,4,0.9312525252465044,0.2749898990139821,1.0,0.0,0.0,0.0,96.62811647683408,SUCCESS,BULLISH,average_down,4.0,87900.13,87887.27,0.0146323807759651,99.32497119599672
2025-12-21T14:25:58.130879+00:00,btc-updown-15m-1766326500,TRADE,DOWN,DIR_EMERGENCY,1,1,0.3801444783826534,0.3801444783826534,5.0,0.7162064475647403,5.0,0.248065757821942,5,0.9642722053866823,0.1786389730665882,0.0,0.0,0.0,0.0,96.24797199845143,SUCCESS,BULLISH,emergency,4.0,87900.13,87887.27,0.0146323807759651,97.87088757571055
2025-12-21T14:26:09.096068+00:00,btc-updown-15m-1766326500,TRADE,UP,DIR_AVERAGE_DOWN,1,1,0.6903005411089423,0.6903005411089423,6.0,0.711888796488774,5.0,0.248065757821942,5,0.959954554310716,0.2002272284464196,1.0,0.0,0.0,0.0,95.5576714573425,SUCCESS,BULLISH,average_down,4.0,87912.4,87887.27,0.0285934470373128,72.42676353987862
2025-12-21T14:26:14.649778+00:00,btc-updown-15m-1766326500,TRADE,DOWN,DIR_EMERGENCY,1,1,0.4101830090806578,0.4101830090806578,6.0,0.711888796488774,6.0,0.2750852996983947,6,0.9869740961871688,0.0781554228769878,0.0,0.0,0.0,0.0,95.14748844826184,SUCCESS,BULLISH,emergency,4.0,87900.13,87887.27,0.0146323807759651,37.68092623136821
2025-12-21T14:26:20.277974+00:00,btc-updown-15m-1766326500,TRADE,UP,DIR_AVERAGE_DOWN,1,1,0.5902182544040346,0.5902182544040346,7.0,0.6945072904766684,6.0,0.2750852996983947,6,0.969592590175063,0.1824444589496217,1.0,0.0,0.0,0.0,94.5572701938578,SUCCESS,BULLISH,average_down,4.0,87889.56,87887.27,0.0026056105736286,7.288561307936726
2025-12-21T14:26:31.434930+00:00,btc-updown-15m-1766326500,TRADE,DOWN,DIR_EMERGENCY,1,1,0.4500365827949004,0.4500365827949004,7.0,0.6945072904766684,7.0,0.3000783401407526,7,0.994585630617421,0.0379005856780529,0.0,0.0,0.0,0.0,94.10723361106292,SUCCESS,BULLISH,emergency,4.0,87892.53,87887.27,0.0059849395708784,15.281090911033136
2025-12-21T14:26:42.664341+00:00,btc-updown-15m-1766326500,TRADE,UP,DIR_AVERAGE_DOWN,1,1,0.4401319028711637,0.4401319028711637,8.0,0.6627103670259803,7.0,0.3000783401407526,7,0.9627887071667328,0.2604790498328695,1.0,0.0,0.0,0.0,93.66710170819177,SUCCESS,BULLISH,average_down,4.0,87862.23,87887.27,-0.0284910431283258,75.55523815463575
2025-12-21T14:27:44.074060+00:00,btc-updown-15m-1766326500,TRADE,DOWN,DIR_EMERGENCY,1,1,0.5800122684875371,0.5800122684875371,8.0,0.6627103670259803,8.0,0.3350700811841007,8,0.9977804482100808,0.0177564143193524,0.0,0.0,0.0,0.0,93.08708943970422,SUCCESS,BEARISH,emergency,5.0,87862.22,87887.27,-0.0285024213404317,126.4581668771424
2025-12-21T14:27:49.571217+00:00,btc-updown-15m-1766326500,TRADE,DOWN,DIR_AVERAGE_DOWN,1,1,0.5001900472437729,0.5001900472437729,8.0,0.6627103670259803,9.0,0.3534167440796198,8,1.0161271111056,-0.1290168888448004,1.0,0.0,0.0,0.0,92.58689939246044,SUCCESS,BEARISH,average_down,5.0,87874.0,87887.27,-0.0150988874725589,67.41943044091153
2025-12-21T14:28:06.237791+00:00,btc-updown-15m-1766326500,TRADE,UP,DIR_EMERGENCY,1,1,0.570118680985773,0.570118680985773,9.0,0.6524224019104017,9.0,0.3534167440796198,9,1.0058391459900216,-0.0525523139101939,0.0,0.0,0.0,0.0,92.01678071147468,SUCCESS,BEARISH,emergency,5.0,87887.98,87887.27,0.000807853059939,3.7520071797915096
2025-12-21T14:28:11.828353+00:00,btc-updown-15m-1766326500,TRADE,DOWN,DIR_AVERAGE_DOWN,1,1,0.4001729671122298,0.4001729671122298,9.0,0.6524224019104017,10.0,0.3580923663828808,9,1.0105147682932825,-0.0946329146395421,1.0,0.0,0.0,0.0,91.61660774436244,SUCCESS,BEARISH,average_down,5.0,87887.99,87887.27,0.0008192312720615,3.926855602473801
2025-12-21T14:28:17.350454+00:00,btc-updown-15m-1766326500,TRADE,UP,DIR_EMERGENCY,1,1,0.600238661314367,0.600238661314367,10.0,0.6472040278507982,10.0,0.3580923663828808,10,1.005296394233679,-0.05296394233679,0.0,0.0,0.0,0.0,91.01636908304808,SUCCESS,BEARISH,emergency,5.0,87887.99,87887.27,0.0008192312720615,3.881816649181827
2025-12-21T14:28:22.805241+00:00,btc-updown-15m-1766326500,TRADE,DOWN,DIR_AVERAGE_DOWN,1,1,0.4501441292441466,0.4501441292441466,10.0,0.6472040278507982,11.0,0.3664607084611777,10,1.013664736311976,-0.1366473631197595,1.0,0.0,0.0,0.0,90.56622495380392,SUCCESS,BEARISH,average_down,5.0,87887.99,87887.27,0.0008192312720615,4.0612673004952535
2025-12-21T14:28:28.357805+00:00,btc-updown-15m-1766326500,TRADE,UP,DIR_EMERGENCY,1,1,0.5702238920092507,0.5702238920092507,11.0,0.6402058336833848,11.0,0.3664607084611777,11,1.0066665421445626,-0.073331963590189,0.0,0.0,0.0,0.0,89.99600106179467,SUCCESS,BEARISH,emergency,5.0,87887.98,87887.27,0.000807853059939,4.003506012218816
2025-12-21T14:28:33.951222+00:00,btc-updown-15m-1766326500,TRADE,DOWN,DIR_AVERAGE_DOWN,1,1,0.3300316511406912,0.3300316511406912,11.0,0.6402058336833848,12.0,0.3634249536844705,11,1.0036307873678554,-0.0399386610464091,1.0,0.0,0.0,0.0,89.66596941065399,SUCCESS,BEARISH,average_down,5.0,87895.23,87887.27,0.0090570568411009,47.45439014113605
2025-12-21T14:30:02.827010+00:00,btc-updown-15m-1766326500,RESOLUTION,UP,MARKET_END,23,23,1.0,11.4034,11.0,0.6402,12.0,0.3634,11,1.0036,-0.0399,0.08,0.0,0.0,-0.4034,100.67,RESOLVED,,,,,,,
2025-12-21T14:30:11.309149+00:00,btc-updown-15m-1766327400,TRADE,DOWN,DIR_AVERAGE_DOWN,1,1,0.520050750226856,0.520050750226856,0.0,0.0,1.0,0.520050750226856,0,0.0,0.0,1.0,0.0,0.0,0.0,100.14591866042711,SUCCESS,BEARISH,average_down,5.0,87890.96,87908.55,-0.0200094302545048,106.89061973614712
2025-12-21T14:30:55.091084+00:00,btc-updown-15m-1766327400,TRADE,DOWN,DIR_AVERAGE_DOWN,1,1,0.4201958821223366,0.4201958821223366,0.0,0.0,2.0,0.4701233161745963,0,0.0,0.0,2.0,0.0,0.0,0.0,99.7257227783048,SUCCESS,BEARISH,average_down,5.0,87959.55,87908.55,0.0580148347345053,277.4875729984189
2025-12-21T14:31:22.574906+00:00,btc-updown-15m-1766327400,TRADE,DOWN,DIR_AVERAGE_DOWN,1,1,0.3201261746195407,0.3201261746195407,0.0,0.0,3.0,0.4201242689895778,0,0.0,0.0,3.0,0.0,0.0,0.0,99.40559660368524,SUCCESS,BEARISH,average_down,5.0,88013.21,87908.55,0.1190555412414418,578.7130205108155
2025-12-21T14:31:33.696432+00:00,btc-updown-15m-1766327400,TRADE,DOWN,DIR_ACCUMULATE,1,1,0.3000211948966613,0.3000211948966613,0.0,0.0,4.0,0.3900985004663487,0,0.0,0.0,4.0,0.0,0.0,0.0,99.10557540878858,SUCCESS,BEARISH,accumulate,5.0,88007.8,87908.55,0.1129014185764638,510.6860930630098
2025-12-21T14:31:44.860744+00:00,btc-updown-15m-1766327400,TRADE,DOWN,DIR_ACCUMULATE,1,1,0.2900301902762917,0.2900301902762917,0.0,0.0,5.0,0.3700848384283373,0,0.0,0.0,5.0,0.0,0.0,0.0,98.81554521851228,SUCCESS,BEARISH,accumulate,5.0,88015.65,87908.55,0.1218311529424512,561.2294847801728
2025-12-21T14:31:55.734382+00:00,btc-updown-15m-1766327400,TRADE,DOWN,DIR_ACCUMULATE,1,1,0.3001348065233124,0.3001348065233124,0.0,0.0,6.0,0.3584264997774998,0,0.0,0.0,6.0,0.0,0.0,0.0,98.51541041198897,SUCCESS,BEARISH,accumulate,5.0,88019.01,87908.55,0.1256533067602546,557.6730219459151
2025-12-21T14:32:01.255342+00:00,btc-updown-15m-1766327400,TRADE,UP,DIR_REBALANCE,5,5,0.6896888201957353,3.4484441009786764,5.0,0.6896888201957353,6.0,0.3584264997774998,5,1.0481153199732351,-0.2405765998661757,1.0,0.0,0.0,0.0,95.06696631101028,SUCCESS,BEARISH,rebalance,5.0,88002.9,87908.55,0.1073274442588249,478.9134727856765
2025-12-21T14:32:06.897824+00:00,btc-updown-15m-1766327400,TRADE,DOWN,DIR_AVERAGE_DOWN,1,1,0.3201371306115299,0.3201371306115299,5.0,0.6896888201957353,7.0,0.3529565898966469,5,1.0426454100923823,-0.2132270504619116,2.0,0.0,0.0,0.0,94.74682918039876,SUCCESS,BEARISH,average_down,5.0,88003.99,87908.55,0.1085673691580652,443.7833127861956
2025-12-21T14:32:23.728508+00:00,btc-updown-15m-1766327400,TRADE,DOWN,DIR_AVERAGE_DOWN,1,1,0.2800150594309756,0.2800150594309756,5.0,0.6896888201957353,8.0,0.3438388985884381,5,1.0335277187841734,-0.1676385939208668,3.0,0.0,0.0,0.0,94.46681412096778,SUCCESS,BEARISH,average_down,5.0,88018.38,87908.55,0.1249366529194279,471.5275719754414
2025-12-21T14:32:29.275435+00:00,btc-updown-15m-1766327400,TRADE,DOWN,DIR_ACCUMULATE,1,1,0.2800010074459849,0.2800010074459849,5.0,0.6896888201957353,9.0,0.3367457995726099,5,1.0264346197683452,-0.1321730988417258,4.0,0.0,0.0,0.0,94.1868131135218,SUCCESS,BEARISH,accumulate,5.0,88019.1,87908.55,0.1257556858803869,471.1375950694252
2025-12-21T14:32:34.811414+00:00,btc-updown-15m-1766327400,TRADE,DOWN,DIR_ACCUMULATE,1,1,0.2300642535201593,0.2300642535201593,5.0,0.6896888201957353,10.0,0.3260776449673649,5,1.0157664651631002,-0.078832325815501,5.0,0.0,0.0,0.0,93.95674886000164,SUCCESS,BEARISH,accumulate,5.0,88049.05,87908.55,0.1598251819646667,719.3868358723599
2025-12-21T14:32:40.265480+00:00,btc-updown-15m-1766327400,TRADE,DOWN,DIR_ACCUMULATE,1,1,0.2400026038801699,0.2400026038801699,5.0,0.6896888201957353,11.0,0.3182526412321653,5,1.0079414614279003,-0.0397073071395026,6.0,0.0,0.0,0.0,93.71674625612148,SUCCESS,BEARISH,accumulate,5.0,88039.16,87908.55,0.1485748542092897,671.4992345055076
2025-12-21T14:32:45.776095+00:00,btc-updown-15m-1766327400,TRADE,UP,DIR_REBALANCE,5,5,0.7303483453198126,3.651741726599063,10.0,0.710018582757774,11.0,0.3182526412321653,10,1.0282712239899392,-0.282712239899392,1.0,0.0,0.0,0.0,90.06500452952241,SUCCESS,BEARISH,rebalance,5.0,88026.14,87908.55,0.1337640081652996,697.5774471410638
2025-12-21T14:32:51.298798+00:00,btc-updown-15m-1766327400,TRADE,DOWN,DIR_AVERAGE_DOWN,1,1,0.2700078404384254,0.2700078404384254,10.0,0.710018582757774,12.0,0.3142322411660203,10,1.0242508239237944,-0.242508239237944,2.0,0.0,0.0,0.0,89.79499668908399,SUCCESS,BEARISH,average_down,5.0,88026.14,87908.55,0.1337640081652996,716.1517484746655
2025-12-21T14:33:35.346965+00:00,btc-updown-15m-1766327400,TRADE,DOWN,DIR_AVERAGE_DOWN,1,1,0.2401005119175217,0.2401005119175217,10.0,0.710018582757774,13.0,0.3085298004545974,10,1.0185483832123714,-0.185483832123714,3.0,0.0,0.0,0.0,89.55489617716647,SUCCESS,BEARISH,average_down,5.0,88026.14,87908.55,0.1337640081652996,1176.6741377868843
2025-12-21T14:33:40.982481+00:00,btc-updown-15m-1766327400,TRADE,DOWN,DIR_ACCUMULATE,1,1,0.3000970467790065,0.3000970467790065,10.0,0.710018582757774,14.0,0.3079274609063409,10,1.0179460436641148,-0.1794604366411478,4.0,0.0,0.0,0.0,89.25479913038747,SUCCESS,BEARISH,accumulate,5.0,88000.01,87908.55,0.1040399369572036,831.9411491126473
2025-12-21T14:33:46.406655+00:00,btc-updown-15m-1766327400,TRADE,DOWN,DIR_ACCUMULATE,1,1,0.290033098538448,0.290033098538448,10.0,0.710018582757774,15.0,0.306734503415148,10,1.016753086172922,-0.1675308617292192,5.0,0.0,0.0,0.0,88.96476603184902,SUCCESS,BEARISH,accumulate,5.0,88000.01,87908.55,0.1040399369572036,644.2097769834888
2025-12-21T14:45:02.366127+00:00,btc-updown-15m-1766327400,RESOLUTION,UP,MARKET_END,25,25,1.0,11.7012,10.0,0.71,15.0,0.3067,10,1.0168,-0.1675,0.33,0.0,0.0,-1.7012,98.96,RESOLVED,,,,,,,
2025-12-21T14:45:10.914079+00:00,btc-updown-15m-1766328300,TRADE,DOWN,DIR_AVERAGE_DOWN,1,1,0.5202009586943308,0.5202009586943308,0.0,0.0,1.0,0.5202009586943308,0,0.0,0.0,1.0,0.0,0.0,0.0,98.44456507315468,SUCCESS,BEARISH,average_down,5.0,88050.58,88050.57,1.1357109891237852e-05,0.0435153809663557
2025-12-21T14:49:07.881488+00:00,btc-updown-15m-1766328300,TRADE,DOWN,DIR_AVERAGE_DOWN,1,1,0.4601734752634611,0.4601734752634611,0.0,0.0,2.0,0.490187216978896,0,0.0,0.0,2.0,0.0,0.0,0.0,97.98439159789125,SUCCESS,BEARISH,average_down,5.0,88052.9,88050.57,0.0026462066060301,34.02144495070717
2025-12-21T14:49:35.520554+00:00,btc-updown-15m-1766328300,TRADE,DOWN,DIR_AVERAGE_DOWN,1,1,0.4101487827904232,0.4101487827904232,0.0,0.0,3.0,0.4635077389160718,0,0.0,0.0,3.0,0.0,0.0,0.0,97.5742428151008,SUCCESS,BEARISH,average_down,5.0,88079.43,88050.57,0.0327766191632672,285.3903935984614
2025-12-21T14:49:41.099844+00:00,btc-updown-15m-1766328300,TRADE,DOWN,DIR_ACCUMULATE,1,1,0.5101729567497465,0.5101729567497465,0.0,0.0,4.0,0.4751740433744904,0,0.0,0.0,4.0,0.0,0.0,0.0,97.06406985835106,SUCCESS,BEARISH,accumulate,5.0,88056.87,88050.57,0.0071549792352148,44.31387504310018
2025-12-21T14:49:52.084548+00:00,btc-updown-15m-1766328300,TRADE,DOWN,DIR_ACCUMULATE,1,1,0.5302610461042775,0.5302610461042775,0.0,0.0,5.0,0.4861914439204479,0,0.0,0.0,5.0,0.0,0.0,0.0,96.5338088122468,SUCCESS,BEARISH,accumulate,5.0,88041.88,88050.57,-0.0098693285006585,56.29495666202979
2025-12-21T14:50:03.253548+00:00,btc-updown-15m-1766328300,TRADE,DOWN,DIR_ACCUMULATE,1,1,0.5501083728934569,0.5501083728934569,0.0,0.0,6.0,0.4968442654159493,0,0.0,0.0,6.0,0.0,0.0,0.0,95.98370043935331,SUCCESS,BEARISH,accumulate,5.0,88041.89,88050.57,-0.0098579713907673,56.42234070075581
2025-12-21T14:50:08.739810+00:00,btc-updown-15m-1766328300,TRADE,UP,DIR_REBALANCE,5,5,0.3900548421165388,1.950274210582694,5.0,0.3900548421165388,6.0,0.4968442654159493,5,0.8868991075324881,0.5655044623375594,1.0,0.0,0.0,0.0,94.03342622877064,SUCCESS,BEARISH,rebalance,5.0,88033.08,88050.57,-0.0198635852101868,116.43196470127197
2025-12-21T14:50:14.428980+00:00,btc-updown-15m-1766328300,TRADE,DOWN,DIR_AVERAGE_DOWN,1,1,0.6902087042918071,0.6902087042918071,5.0,0.3900548421165388,7.0,0.5244677566839291,5,0.914522598800468,0.4273870059976603,2.0,0.0,0.0,0.0,93.34321752447885,SUCCESS,BEARISH,average_down,5.0,88013.13,88050.57,-0.0425210194550726,242.27290232527412
2025-12-21T14:54:35.688149+00:00,btc-updown-15m-1766328300,TRADE,DOWN,DIR_AVERAGE_DOWN,1,1,0.4900248215541667,0.4900248215541667,5.0,0.3900548421165388,8.0,0.5201623897927088,5,0.9102172319092476,0.4489138404537618,3.0,0.0,0.0,0.0,92.85319270292466,SUCCESS,BEARISH,average_down,5.0,88050.43,88050.57,-0.0001589995385764,0.8967745640633563
2025-12-21T14:54:41.297092+00:00,btc-updown-15m-1766328300,TRADE,DOWN,DIR_ACCUMULATE,1,1,0.3400857443615875,0.3400857443615875,5.0,0.3900548421165388,9.0,0.5001538736336953,5,0.8902087157502341,0.5489564212488296,4.0,0.0,0.0,0.0,92.51310695856309,SUCCESS,BEARISH,accumulate,5.0,88079.99,88050.57,0.0334126173175236,156.5839346207341
2025-12-21T14:54:52.309078+00:00,btc-updown-15m-1766328300,TRADE,DOWN,DIR_ACCUMULATE,1,1,0.4301387102185308,0.4301387102185308,5.0,0.3900548421165388,10.0,0.4931523572921789,5,0.8832071994087176,0.5839640029564119,5.0,0.0,0.0,0.0,92.08296824834454,SUCCESS,BEARISH,accumulate,5.0,88079.99,88050.57,0.0334126173175236,159.06506742703718
2025-12-21T14:54:57.868768+00:00,btc-updown-15m-1766328300,TRADE,DOWN,DIR_ACCUMULATE,1,1,0.4100485218392716,0.4100485218392716,5.0,0.3900548421165388,11.0,0.4855974631600964,5,0.8756523052766352,0.6217384736168241,6.0,0.0,0.0,0.0,91.67291972650528,SUCCESS,BEARISH,accumulate,5.0,88068.69,88050.57,0.0205790831336984,94.78019453987204
2025-12-21T14:55:03.346344+00:00,btc-updown-15m-1766328300,TRADE,UP,DIR_EMERGENCY,6,6,0.5000954743675947,3.0005728462055683,11.0,0.4500770051625693,11.0,0.4855974631600964,11,0.9356744683226657,0.7075808484506778,0.0,0.0,0.0,0.0,88.6723468802997,SUCCESS,BEARISH,emergency,5.0,88051.58,88050.57,0.0011470680996099,4.961704330476484
2025-12-21T14:55:08.900502+00:00,btc-updown-15m-1766328300,TRADE,DOWN,DIR_AVERAGE_DOWN,1,1,0.5402406028132956,0.5402406028132956,11.0,0.4500770051625693,12.0,0.4901510581311963,11,0.9402280632937656,0.6574913037685781,1.0,0.0,0.0,0.0,88.1321062774864,SUCCESS,BEARISH,average_down,5.0,88051.58,88050.57,0.0011470680996099,4.955563145878096
2025-12-21T14:55:14.500544+00:00,btc-updown-15m-1766328300,TRADE,UP,DIR_EMERGENCY,1,1,0.4999507536832095,0.4999507536832095,12.0,0.4542331508726226,12.0,0.4901510581311963,12,0.944384209003819,0.6673894919541716,0.0,0.0,0.0,0.0,87.63215552380319,SUCCESS,BEARISH,emergency,5.0,88042.01,88050.57,-0.0097216860720063,42.46066019268416
2025-12-21T14:55:19.988975+00:00,btc-updown-15m-1766328300,TRADE,DOWN,DIR_AVERAGE_DOWN,1,1,0.4901853105759943,0.4901853105759943,12.0,0.4542331508726226,13.0,0.4901536929346423,12,0.944386843807265,0.6673578743128199,1.0,0.0,0.0,0.0,87.1419702132272,SUCCESS,BEARISH,average_down,5.0,88045.84,88050.57,-0.0053719129813815,23.942227391910823
2025-12-21T14:55:25.667104+00:00,btc-updown-15m-1766328300,TRADE,UP,DIR_EMERGENCY,1,1,0.5800979846901574,0.5800979846901574,13.0,0.4639150611662792,13.0,0.4901536929346423,13,0.9540687541009216,0.5971061966880203,0.0,0.0,0.0,0.0,86.56187222853704,SUCCESS,BEARISH,emergency,5.0,88052.57,88050.57,0.0022714219794374,10.398005703941676
2025-12-21T14:55:31.148268+00:00,btc-updown-15m-1766328300,TRADE,DOWN,DIR_AVERAGE_DOWN,1,1,0.4400046491565574,0.4400046491565574,13.0,0.4639150611662792,14.0,0.4865716183790648,13,0.950486679545344,0.6436731659105288,1.0,0.0,0.0,0.0,86.12186757938048,SUCCESS,BEARISH,average_down,5.0,88061.4,88050.57,0.0122997500186395,55.92865935206253
2025-12-21T14:55:47.771220+00:00,btc-updown-15m-1766328300,TRADE,UP,DIR_EMERGENCY,1,1,0.5300605785274293,0.5300605785274293,14.0,0.4686397409777899,14.0,0.4865716183790648,14,0.9552113593568548,0.6270409690040335,0.0,0.0,0.0,0.0,85.59180700085305,SUCCESS,BEARISH,emergency,5.0,88061.39,88050.57,0.0122883929087482,57.68522511357537
2025-12-21T14:55:53.352716+00:00,btc-updown-15m-1766328300,TRADE,DOWN,DIR_AVERAGE_DOWN,1,1,0.4701985240712094,0.4701985240712094,14.0,0.4686397409777899,15.0,0.4854800787585411,14,0.954119819736331,0.6423225236913663,1.0,0.0,0.0,0.0,85.12160847678184,SUCCESS,BEARISH,average_down,5.0,88061.39,88050.57,0.0122883929087482,58.09918190423342
2025-12-21T14:55:58.928953+00:00,btc-updown-15m-1766328300,TRADE,UP,DIR_EMERGENCY,1,1,0.5701686089471948,0.5701686089471948,15.0,0.4754083321757502,15.0,0.4854800787585411,15,0.9608884109342912,0.5866738359856316,0.0,0.0,0.0,0.0,84.55143986783465,SUCCESS,BEARISH,emergency,5.0,88061.4,88050.57,0.0122997500186395,63.76395281225525
2025-12-21T15:00:04.705040+00:00,btc-updown-15m-1766328300,RESOLUTION,UP,MARKET_END,30,30,1.0,14.4133,15.0,0.4754,15.0,0.4855,15,0.9609,0.5867,0.0,0.0,0.0,0.5867,99.55,RESOLVED,,,,,,,
2025-12-21T15:00:13.442839+00:00,btc-updown-15m-1766329200,TRADE,DOWN,DIR_AVERAGE_DOWN,1,1,0.5100756031603288,0.5100756031603288,0.0,0.0,1.0,0.5100756031603288,0,0.0,0.0,1.0,0.0,0.0,0.0,99.04136426467431,SUCCESS,BEARISH,average_down,5.0,88067.1,88065.18,0.0021802033448552,11.162173424271096
2025-12-21T15:10:06.024126+00:00,btc-updown-15m-1766329200,TRADE,UP,DIR_EMERGENCY,1,1,0.0500148343061187,0.0500148343061187,1.0,0.0500148343061187,1.0,0.5100756031603288,1,0.5600904374664476,0.4399095625335524,0.0,0.0,0.0,0.0,98.9913494303682,SUCCESS,BEARISH,emergency,5.0,87969.72,88065.18,-0.1083969850512902,16518.04297023797
2025-12-21T15:12:26.327962+00:00,btc-updown-15m-1766329200,TRADE,DOWN,DIR_AVERAGE_DOWN,1,1,0.8403198565317449,0.8403198565317449,1.0,0.0500148343061187,2.0,0.6751977298460369,1,0.7252125641521556,0.2747874358478444,1.0,0.0,0.0,0.0,98.15102957383644,SUCCESS,BEARISH,average_down,5.0,88031.71,88065.18,-0.0380059405998904,139.68478141376735
2025-12-21T15:12:31.953271+00:00,btc-updown-15m-1766329200,TRADE,UP,DIR_EMERGENCY,1,1,0.1700561048661187,0.1700561048661187,2.0,0.1100354695861187,2.0,0.6751977298460369,2,0.7852331994321556,0.4295336011356887,0.0,0.0,0.0,0.0,97.98097346897032,SUCCESS,BEARISH,emergency,5.0,88031.71,88065.18,-0.0380059405998904,139.1791637794807
2025-12-21T15:12:37.554406+00:00,btc-updown-15m-1766329200,TRADE,DOWN,DIR_AVERAGE_DOWN,1,1,0.8701064671072537,0.8701064671072537,2.0,0.1100354695861187,3.0,0.7401673089331092,2,0.850202778519228,0.299594442961544,1.0,0.0,0.0,0.0,97.11086700186308,SUCCESS,BEARISH,average_down,5.0,88031.72,88065.18,-0.037994585374142,139.18387491028534
2025-12-21T15:12:43.242266+00:00,btc-updown-15m-1766329200,TRADE,UP,DIR_EMERGENCY,1,1,0.1400034708316278,0.1400034708316278,3.0,0.1200248033346217,3.0,0.7401673089331092,3,0.860192112267731,0.4194236631968071,0.0,0.0,0.0,0.0,96.97086353103144,SUCCESS,BEARISH,emergency,5.0,88031.71,88065.18,-0.0380059405998904,139.3628746778514
2025-12-21T15:15:04.498780+00:00,btc-updown-15m-1766329200,RESOLUTION,DOWN,MARKET_END,6,6,1.0,2.5806,3.0,0.12,3.0,0.7402,3,0.8602,0.4194,0.0,0.0,0.0,0.4194,99.97,RESOLVED,,,,,,,
2025-12-21T15:15:18.924962+00:00,btc-updown-15m-1766330100,TRADE,DOWN,DIR_AVERAGE_DOWN,1,1,0.4700787744587404,0.4700787744587404,0.0,0.0,1.0,0.4700787744587404,0,0.0,0.0,1.0,0.0,0.0,0.0,99.5007847565727,SUCCESS,BEARISH,average_down,5.0,87939.49,87943.53,-0.0045938569898133,30.334384192428537
2025-12-21T15:15:24.607297+00:00,btc-updown-15m-1766330100,TRADE,DOWN,DIR_AVERAGE_DOWN,1,1,0.4100756749188268,0.4100756749188268,0.0,0.0,2.0,0.4400772246887836,0,0.0,0.0,2.0,0.0,0.0,0.0,99.09070908165388,SUCCESS,BEARISH,average_down,5.0,87970.53,87943.53,0.0307015194864249,152.5315476308806
2025-12-21T15:25:06.761276+00:00,btc-updown-15m-1766330100,TRADE,UP,DIR_EMERGENCY,2,2,0.1300307972468983,0.2600615944937966,2.0,0.1300307972468983,2.0,0.4400772246887836,2,0.570108021935682,0.859783956128636,0.0,0.0,0.0,0.0,98.83064748716008,SUCCESS,BEARISH,emergency,5.0,87874.21,87943.53,-0.0788233085481017,382.4086797498059
2025-12-21T15:25:12.557437+00:00,btc-updown-15m-1766330100,TRADE,DOWN,DIR_AVERAGE_DOWN,1,1,0.8403165196742389,0.8403165196742389,2.0,0.1300307972468983,3.0,0.5734903230172687,2,0.7035211202641669,0.5929577594716662,1.0,0.0,0.0,0.0,97.99033096748585,SUCCESS,BEARISH,average_down,5.0,87881.5,87943.53,-0.0705338982867743,313.25824314256903
2025-12-21T15:25:18.159388+00:00,btc-updown-15m-1766330100,TRADE,UP,DIR_EMERGENCY,1,1,0.1700454738626829,0.1700454738626829,3.0,0.1433690227854932,3.0,0.5734903230172687,3,0.7168593458027619,0.8494219625917143,0.0,0.0,0.0,0.0,97.82028549362316,SUCCESS,BEARISH,emergency,5.0,87881.49,87943.53,-0.0705452692199114,308.5451458075605
2025-12-21T15:25:23.796975+00:00,btc-updown-15m-1766330100,TRADE,DOWN,DIR_AVERAGE_DOWN,1,1,0.8503857552406885,0.8503857552406885,3.0,0.1433690227854932,4.0,0.6427141810731236,3,0.7860832038586169,0.6417503884241494,1.0,0.0,0.0,0.0,96.96989973838248,SUCCESS,BEARISH,average_down,5.0,87881.49,87943.53,-0.0705452692199114,308.8622903177239
2025-12-21T15:25:29.570160+00:00,btc-updown-15m-1766330100,TRADE,UP,DIR_EMERGENCY,1,1,0.1500350800548916,0.1500350800548916,4.0,0.1450355371028428,4.0,0.6427141810731236,4,0.7877497181759664,0.8490011272961344,0.0,0.0,0.0,0.0,96.81986465832756,SUCCESS,BEARISH,emergency,5.0,87882.22,87943.53,-0.0697151911004683,318.7717877929991
2025-12-21T15:25:40.937323+00:00,btc-updown-15m-1766330100,TRADE,DOWN,DIR_AVERAGE_DOWN,1,1,0.8400208804682158,0.8400208804682158,4.0,0.1450355371028428,5.0,0.6821755209521421,4,0.8272110580549848,0.6911557677800606,1.0,0.0,0.0,0.0,95.97984377785936,SUCCESS,BEARISH,average_down,5.0,87882.78,87943.53,-0.0690784188444562,306.7061095514573
2025-12-21T15:25:46.469850+00:00,btc-updown-15m-1766330100,TRADE,UP,DIR_EMERGENCY,1,1,0.1500299044380873,0.1500299044380873,5.0,0.1460344105698917,5.0,0.6821755209521421,5,0.8282099315220337,0.8589503423898315,0.0,0.0,0.0,0.0,95.82981387342129,SUCCESS,BEARISH,emergency,5.0,87882.78,87943.53,-0.0690784188444562,340.5981253214343
2025-12-21T15:26:08.872351+00:00,btc-updown-15m-1766330100,TRADE,DOWN,DIR_AVERAGE_DOWN,1,1,0.8203557975260899,0.8203557975260899,5.0,0.1460344105698917,6.0,0.7052055670478,5,0.8512399776176918,0.7438001119115412,1.0,0.0,0.0,0.0,95.00945807589518,SUCCESS,BEARISH,average_down,5.0,87887.79,87943.53,-0.0633815813397588,407.8415344507709
2025-12-21T15:26:14.404551+00:00,btc-updown-15m-1766330100,TRADE,UP,DIR_EMERGENCY,1,1,0.2000319327931134,0.2000319327931134,6.0,0.1550339976070953,6.0,0.7052055670478,6,0.8602395646548954,0.8385626120706278,0.0,0.0,0.0,0.0,94.80942614310209,SUCCESS,BEARISH,emergency,5.0,87900.0,87943.53,-0.0494976719720016,231.28446092042287
2025-12-21T15:26:20.178477+00:00,btc-updown-15m-1766330100,TRADE,DOWN,DIR_AVERAGE_DOWN,1,1,0.7803007766350216,0.7803007766350216,6.0,0.1550339976070953,7.0,0.7159334541316887,6,0.8709674517387841,0.7741952895672954,1.0,0.0,0.0,0.0,94.02912536646706,SUCCESS,BEARISH,average_down,5.0,87899.99,87943.53,-0.0495090429051387,227.8774326384754
2025-12-21T15:26:25.784516+00:00,btc-updown-15m-1766330100,TRADE,UP,DIR_EMERGENCY,1,1,0.2100698061069459,0.2100698061069459,7.0,0.1628962559642168,7.0,0.7159334541316887,7,0.8788297100959056,0.8481920293286608,0.0,0.0,0.0,0.0,93.81905556036013,SUCCESS,BEARISH,emergency,5.0,87900.0,87943.53,-0.0494976719720016,225.6841548368679
2025-12-21T15:26:31.267017+00:00,btc-updown-15m-1766330100,TRADE,DOWN,DIR_AVERAGE_DOWN,1,1,0.8301209361298687,0.8301209361298687,7.0,0.1628962559642168,8.0,0.7302068893814613,7,0.8931031453456781,0.748277982580253,1.0,0.0,0.0,0.0,92.98893462423024,SUCCESS,BEARISH,average_down,5.0,87899.99,87943.53,-0.0495090429051387,206.6050733912977
2025-12-21T15:26:36.863664+00:00,btc-updown-15m-1766330100,TRADE,UP,DIR_EMERGENCY,1,1,0.1100317735377854,0.1100317735377854,8.0,0.1562881956609129,8.0,0.7302068893814613,8,0.8864950850423742,0.9080393196610066,0.0,0.0,0.0,0.0,92.87890285069246,SUCCESS,BEARISH,emergency,5.0,87882.79,87943.53,-0.069067047911319,278.205034822647
2025-12-21T15:30:01.753895+00:00,btc-updown-15m-1766330100,RESOLUTION,DOWN,MARKET_END,16,16,1.0,7.092,8.0,0.1563,8.0,0.7302,8,0.8865,0.908,0.0,0.0,0.0,0.908,100.88,RESOLVED,,,,,,,
2025-12-21T18:00:07.247599+00:00,btc-updown-15m-1766340000,TRADE,UP,DIR_AVERAGE_DOWN,1,1,0.4301615759025649,0.4301615759025649,1.0,0.4301615759025649,0.0,0.0,0,0.0,0.0,1.0,0.0,0.0,0.0,99.56983842409744,SUCCESS,BULLISH,average_down,0.0,88306.18,88324.14,-0.0203341917623046,2318.1544260647847
2025-12-21T18:01:07.503477+00:00,btc-updown-15m-1766340000,TRADE,UP,DIR_AVERAGE_DOWN,1,1,0.3301494029290929,0.3301494029290929,2.0,0.3801554894158289,0.0,0.0,0,0.0,0.0,2.0,0.0,0.0,0.0,99.23968902116836,SUCCESS,BULLISH,average_down,0.0,88284.0,88324.14,-0.0454462392727508,362.50103078153865
2025-12-21T18:01:24.155783+00:00,btc-updown-15m-1766340000,TRADE,UP,DIR_AVERAGE_DOWN,1,1,0.2501055819415173,0.2501055819415173,3.0,0.3368055202577251,0.0,0.0,0,0.0,0.0,3.0,0.0,0.0,0.0,98.98958343922683,SUCCESS,BULLISH,average_down,0.0,88258.01,88324.14,-0.0748719432762149,518.4519783461569
2025-12-21T18:01:29.702520+00:00,btc-updown-15m-1766340000,TRADE,UP,DIR_ACCUMULATE,1,1,0.2500038644568312,0.2500038644568312,4.0,0.3151051063075016,0.0,0.0,0,0.0,0.0,4.0,0.0,0.0,0.0,98.73957957477,SUCCESS,BULLISH,accumulate,0.0,88258.01,88324.14,-0.0748719432762149,518.5710660241849
2025-12-21T18:01:35.279960+00:00,btc-updown-15m-1766340000,TRADE,UP,DIR_ACCUMULATE,1,1,0.230057730852548,0.230057730852548,5.0,0.2980956312165109,0.0,0.0,0,0.0,0.0,5.0,0.0,0.0,0.0,98.50952184391744,SUCCESS,BULLISH,accumulate,0.0,88258.01,88324.14,-0.0748719432762149,518.3433946219918
2025-12-21T18:01:40.811502+00:00,btc-updown-15m-1766340000,TRADE,UP,DIR_ACCUMULATE,1,1,0.2200464363103699,0.2200464363103699,6.0,0.2850874320654874,0.0,0.0,0,0.0,0.0,6.0,0.0,0.0,0.0,98.28947540760709,SUCCESS,BULLISH,accumulate,0.0,88258.0,88324.14,-0.0748832652092615,518.6509136823086
2025-12-21T18:01:46.207478+00:00,btc-updown-15m-1766340000,TRADE,DOWN,DIR_REBALANCE,5,5,0.7703737035412412,3.8518685177062064,6.0,0.2850874320654874,5.0,0.7703737035412412,5,1.0554611356067287,-0.2773056780336436,1.0,0.0,0.0,0.0,94.43760688990088,SUCCESS,BEARISH,rebalance,1.0,88258.01,88324.14,-0.0748719432762149,525.0637204975831
2025-12-21T18:15:01.252016+00:00,btc-updown-15m-1766340000,RESOLUTION,DOWN,MARKET_END,11,11,1.0,5.5624,6.0,0.2851,5.0,0.7704,5,1.0555,-0.2773,0.17,0.0,0.0,-0.5624,99.44,RESOLVED,,,,,,,
2025-12-21T18:15:10.180545+00:00,btc-updown-15m-1766340900,TRADE,DOWN,DIR_AVERAGE_DOWN,1,1,0.5102290566276114,0.5102290566276114,0.0,0.0,1.0,0.5102290566276114,0,0.0,0.0,1.0,0.0,0.0,0.0,98.92737783327328,SUCCESS,BEARISH,average_down,1.0,87968.98,87986.61,-0.0200371397420637,112.61295834370604
2025-12-21T18:15:37.457814+00:00,btc-updown-15m-1766340900,TRADE,DOWN,DIR_AVERAGE_DOWN,1,1,0.4400133027022243,0.4400133027022243,0.0,0.0,2.0,0.4751211796649178,0,0.0,0.0,2.0,0.0,0.0,0.0,98.48736453057104,SUCCESS,BEARISH,average_down,1.0,87982.9,87986.61,-0.0042165506774342,22.91719204379374
2025-12-21T18:15:53.771892+00:00,btc-updown-15m-1766340900,TRADE,DOWN,DIR_AVERAGE_DOWN,1,1,0.3901888535119958,0.3901888535119958,0.0,0.0,3.0,0.4468104042806105,0,0.0,0.0,3.0,0.0,0.0,0.0,98.09717567705904,SUCCESS,BEARISH,average_down,1.0,88007.07,87986.61,0.0232535382372458,120.77976501821354
2025-12-21T18:15:59.276076+00:00,btc-updown-15m-1766340900,TRADE,DOWN,DIR_ACCUMULATE,1,1,0.4001168209451353,0.4001168209451353,0.0,0.0,4.0,0.4351370084467417,0,0.0,0.0,4.0,0.0,0.0,0.0,97.69705885611393,SUCCESS,BEARISH,accumulate,1.0,88007.07,87986.61,0.0232535382372458,121.12835801068084
2025-12-21T18:16:04.713718+00:00,btc-updown-15m-1766340900,TRADE,DOWN,DIR_ACCUMULATE,1,1,0.4100033796907195,0.4100033796907195,0.0,0.0,5.0,0.4301102826955373,0,0.0,0.0,5.0,0.0,0.0,0.0,97.2870554764232,SUCCESS,BEARISH,accumulate,1.0,88004.43,87986.61,0.0202530816904895,113.442484492142
2025-12-21T18:16:10.233917+00:00,btc-updown-15m-1766340900,TRADE,DOWN,DIR_ACCUMULATE,1,1,0.3800338300672359,0.3800338300672359,0.0,0.0,6.0,0.421764207257487,0,0.0,0.0,6.0,0.0,0.0,0.0,96.90702164635596,SUCCESS,BEARISH,accumulate,1.0,88007.08,87986.61,0.0232649036029472,129.79383936764364
2025-12-21T18:16:15.725770+00:00,btc-updown-15m-1766340900,TRADE,UP,DIR_REBALANCE,5,5,0.6600758500004862,3.3003792500024307,5.0,0.6600758500004862,6.0,0.421764207257487,5,1.0818400572579732,-0.4092002862898658,1.0,0.0,0.0,0.0,93.60664239635352,SUCCESS,BEARISH,rebalance,1.0,88011.68,87986.61,0.0284929718283184,167.0590528345294
2025-12-21T18:16:21.186655+00:00,btc-updown-15m-1766340900,TRADE,DOWN,DIR_AVERAGE_DOWN,1,1,0.3800152443021278,0.3800152443021278,5.0,0.6600758500004862,7.0,0.4158000696924357,5,1.075875919692922,-0.3793795984646098,2.0,0.0,0.0,0.0,93.2266271520514,SUCCESS,BEARISH,average_down,1.0,88020.19,87986.61,0.0381648980452841,237.9981574921815
2025-12-21T18:16:26.630851+00:00,btc-updown-15m-1766340900,TRADE,DOWN,DIR_AVERAGE_DOWN,1,1,0.3400075654228532,0.3400075654228532,5.0,0.6600758500004862,8.0,0.4063260066587379,5,1.0664018566592242,-0.3320092832961208,3.0,0.0,0.0,0.0,92.88661958662854,SUCCESS,BEARISH,average_down,1.0,88020.77,87986.61,0.0388240892563124,194.5843346400501
2025-12-21T18:16:32.171797+00:00,btc-updown-15m-1766340900,TRADE,DOWN,DIR_ACCUMULATE,1,1,0.320056267189364,0.320056267189364,5.0,0.6600758500004862,9.0,0.3967404800510297,5,1.056816330051516,-0.2840816502575793,4.0,0.0,0.0,0.0,92.56656331943918,SUCCESS,BEARISH,accumulate,1.0,88032.74,87986.61,0.0524284320080119,254.4557261367077
2025-12-21T18:16:37.645982+00:00,btc-updown-15m-1766340900,TRADE,DOWN,DIR_ACCUMULATE,1,1,0.2801018122202933,0.2801018122202933,5.0,0.6600758500004862,10.0,0.3850766132679561,5,1.0451524632684424,-0.2257623163422117,5.0,0.0,0.0,0.0,92.28646150721887,SUCCESS,BEARISH,accumulate,1.0,88044.96,87986.61,0.0663169089023952,324.9321199449228
2025-12-21T18:16:48.500554+00:00,btc-updown-15m-1766340900,TRADE,DOWN,DIR_ACCUMULATE,1,1,0.31009740035272,0.31009740035272,5.0,0.6600758500004862,11.0,0.3782603211847528,5,1.038336171185239,-0.1916808559261951,6.0,0.0,0.0,0.0,91.97636410686616,SUCCESS,BEARISH,accumulate,1.0,88045.83,87986.61,0.0673056957189294,330.09780023448815
2025-12-21T18:16:53.911698+00:00,btc-updown-15m-1766340900,TRADE,UP,DIR_REBALANCE,5,5,0.7300766858399597,3.650383429199798,10.0,0.6950762679202229,11.0,0.3782603211847528,10,1.0733365891049758,-0.7333658910497576,1.0,0.0,0.0,0.0,88.32598067766638,SUCCESS,BEARISH,rebalance,1.0,88045.83,87986.61,0.0673056957189294,328.89908437927454
2025-12-21T18:16:59.372163+00:00,btc-updown-15m-1766340900,TRADE,DOWN,DIR_AVERAGE_DOWN,1,1,0.2801128692430249,0.2801128692430249,10.0,0.6950762679202229,12.0,0.3700813668562755,10,1.0651576347764984,-0.6515763477649839,2.0,0.0,0.0,0.0,88.04586780842335,SUCCESS,BEARISH,average_down,1.0,88045.84,87986.61,0.0673170610846308,331.2043675639968
2025-12-21T18:17:04.811317+00:00,btc-updown-15m-1766340900,TRADE,UP,DIR_AVERAGE_DOWN,1,1,0.75036225221269,0.75036225221269,11.0,0.7001022664922654,12.0,0.3700813668562755,11,1.0701836333485408,-0.7720199668339491,1.0,0.0,0.0,0.0,87.29550555621066,SUCCESS,BULLISH,average_down,2.0,88060.0,87986.61,0.0834104189262427,390.1166305667642
2025-12-21T18:30:03.919812+00:00,btc-updown-15m-1766340900,RESOLUTION,UP,MARKET_END,23,23,1.0,12.1421,11.0,0.7001,12.0,0.3701,11,1.0702,-0.772,0.08,0.0,0.0,-1.1421,98.3,RESOLVED,,,,,,,
2025-12-21T18:30:12.727655+00:00,btc-updown-15m-1766341800,TRADE,UP,DIR_AVERAGE_DOWN,1,1,0.5101710730871667,0.5101710730871667,1.0,0.5101710730871667,0.0,0.0,0,0.0,0.0,1.0,0.0,0.0,0.0,97.78533448312348,SUCCESS,BULLISH,average_down,2.0,88126.25,88126.25,0.0,0.023291728945702
2025-12-21T18:40:02.577716+00:00,btc-updown-15m-1766341800,TRADE,DOWN,DIR_EMERGENCY,1,1,0.0200037414927445,0.0200037414927445,1.0,0.5101710730871667,1.0,0.0200037414927445,1,0.5301748145799113,0.4698251854200886,0.0,0.0,0.0,0.0,97.76533074163076,SUCCESS,BULLISH,emergency,2.0,88272.82,88126.25,0.1663182082523731,1116.377612364691
2025-12-21T18:45:04.585689+00:00,btc-updown-15m-1766341800,RESOLUTION,UP,MARKET_END,2,2,1.0,0.5302,1.0,0.5102,1.0,0.02,1,0.5302,0.4698,0.0,0.0,0.0,0.4698,98.77,RESOLVED,,,,,,,
2025-12-21T18:45:13.247796+00:00,btc-updown-15m-1766342700,TRADE,UP,DIR_AVERAGE_DOWN,1,1,0.4801687691544171,0.4801687691544171,1.0,0.4801687691544171,0.0,0.0,0,0.0,0.0,1.0,0.0,0.0,0.0,98.28516197247632,SUCCESS,BULLISH,average_down,2.0,88278.53,88278.53,0.0,2.384303349537682e-08
2025-12-21T18:55:03.773464+00:00,btc-updown-15m-1766342700,TRADE,DOWN,DIR_EMERGENCY,1,1,0.0400077015586421,0.0400077015586421,1.0,0.4801687691544171,1.0,0.0400077015586421,1,0.5201764707130593,0.4798235292869407,0.0,0.0,0.0,0.0,98.2451542709177,SUCCESS,BULLISH,emergency,2.0,88374.73,88278.53,0.1089732690383461,164.13253906025906
2025-12-21T19:00:05.387605+00:00,btc-updown-15m-1766342700,RESOLUTION,UP,MARKET_END,2,2,1.0,0.5202,1.0,0.4802,1.0,0.04,1,0.5202,0.4798,0.0,0.0,0.0,0.4798,99.25,RESOLVED,,,,,,,
2025-12-21T19:00:13.634835+00:00,btc-updown-15m-1766343600,TRADE,UP,DIR_AVERAGE_DOWN,1,1,0.6300858597653325,0.6300858597653325,1.0,0.6300858597653325,0.0,0.0,0,0.0,0.0,1.0,0.0,0.0,0.0,98.61506841115236,SUCCESS,BULLISH,average_down,2.0,88499.99,88445.09,0.0620724112554,357.04513105518856
2025-12-21T19:00:57.035658+00:00,btc-updown-15m-1766343600,TRADE,UP,DIR_AVERAGE_DOWN,1,1,0.5400781555213249,0.5400781555213249,2.0,0.5850820076433287,0.0,0.0,0,0.0,0.0,2.0,0.0,0.0,0.0,98.07499025563104,SUCCESS,BULLISH,average_down,2.0,88476.1,88445.09,0.035061301876689,199.93464813905348
2025-12-21T19:02:34.880628+00:00,btc-updown-15m-1766343600,TRADE,UP,DIR_AVERAGE_DOWN,1,1,0.470202281387843,0.470202281387843,3.0,0.5467887655581668,0.0,0.0,0,0.0,0.0,3.0,0.0,0.0,0.0,97.6047879742432,SUCCESS,BULLISH,average_down,2.0,88456.06,88445.09,0.0124031758009417,61.5945277573805
2025-12-21T19:02:45.816645+00:00,btc-updown-15m-1766343600,TRADE,UP,DIR_ACCUMULATE,1,1,0.4801002597967677,0.4801002597967677,4.0,0.530116639117817,0.0,0.0,0,0.0,0.0,4.0,0.0,0.0,0.0,97.12468771444642,SUCCESS,BULLISH,accumulate,2.0,88456.07,88445.09,0.0124144822510898,67.83087447197435
2025-12-21T19:02:51.228763+00:00,btc-updown-15m-1766343600,TRADE,UP,DIR_ACCUMULATE,1,1,0.4700413242875402,0.4700413242875402,5.0,0.5181015761517617,0.0,0.0,0,0.0,0.0,5.0,0.0,0.0,0.0,96.65464639015887,SUCCESS,BULLISH,accumulate,2.0,88456.06,88445.09,0.0124031758009417,68.91038135255427
2025-12-21T19:02:56.651151+00:00,btc-updown-15m-1766343600,TRADE,UP,DIR_ACCUMULATE,1,1,0.4500157521756065,0.4500157521756065,6.0,0.5067539388224024,0.0,0.0,0,0.0,0.0,6.0,0.0,0.0,0.0,96.20463063798329,SUCCESS,BULLISH,accumulate,2.0,88446.0,88445.09,0.0010288869625249,6.284991303728573
2025-12-21T19:03:02.065953+00:00,btc-updown-15m-1766343600,TRADE,DOWN,DIR_REBALANCE,5,5,0.5801147486662112,2.900573743331056,6.0,0.5067539388224024,5.0,0.5801147486662112,5,1.0868686874886135,-0.4343434374430677,1.0,0.0,0.0,0.0,93.30405689465223,SUCCESS,BULLISH,rebalance,2.0,88446.0,88445.09,0.0010288869625249,7.713452481629669
2025-12-21T19:03:07.565994+00:00,btc-updown-15m-1766343600,TRADE,UP,DIR_AVERAGE_DOWN,1,1,0.5301932434200316,0.5301932434200316,7.0,0.510102410907778,5.0,0.5801147486662112,5,1.0902171595739891,-0.4510857978699456,2.0,0.0,0.0,0.0,92.7738636512322,SUCCESS,BULLISH,average_down,2.0,88462.82,88445.09,0.0200463360939657,124.63589229001684
2025-12-21T19:03:34.597860+00:00,btc-updown-15m-1766343600,TRADE,UP,DIR_AVERAGE_DOWN,1,1,0.4101534375128914,0.4101534375128914,8.0,0.4976087892334171,5.0,0.5801147486662112,5,1.0777235378996284,-0.3886176894981419,3.0,0.0,0.0,0.0,92.36371021371932,SUCCESS,BULLISH,average_down,2.0,88440.0,88445.09,-0.0057549831200313,33.62825250291939
2025-12-21T19:03:39.999679+00:00,btc-updown-15m-1766343600,TRADE,UP,DIR_ACCUMULATE,1,1,0.4101196178630505,0.4101196178630505,9.0,0.4878877701922653,5.0,0.5801147486662112,5,1.0680025188584763,-0.3400125942923826,4.0,0.0,0.0,0.0,91.95359059585628,SUCCESS,BULLISH,accumulate,2.0,88440.01,88445.09,-0.0057436766698996,33.448146966166675
2025-12-21T19:03:45.409965+00:00,btc-updown-15m-1766343600,TRADE,UP,DIR_ACCUMULATE,1,1,0.310150267804032,0.310150267804032,10.0,0.470114019953442,5.0,0.5801147486662112,5,1.0502287686196532,-0.251143843098266,5.0,0.0,0.0,0.0,91.64344032805224,SUCCESS,BULLISH,accumulate,2.0,88408.93,88445.09,-0.0408841236975432,231.4513646474158
2025-12-21T19:03:50.826235+00:00,btc-updown-15m-1766343600,TRADE,UP,DIR_ACCUMULATE,1,1,0.2998770098770452,0.2998770098770452,11.0,0.4546379281283151,5.0,0.5801147486662112,5,1.0347526767945263,-0.1737633839726315,6.0,0.0,0.0,0.0,91.3435633181752,SUCCESS,BULLISH,accumulate,2.0,88408.93,88445.09,-0.0408841236975432,231.45039875658856
2025-12-21T19:03:56.234685+00:00,btc-updown-15m-1766343600,TRADE,DOWN,DIR_REBALANCE,5,2,0.7702253364448947,1.540450672889789,11.0,0.4546379281283151,7.0,0.6344320594601207,7,1.0890699875884358,-0.6234899131190503,4.0,0.0,0.0,0.0,89.8031126452854,SUCCESS,BULLISH,rebalance,2.0,88402.74,88445.09,-0.0478828163327,259.29314279741857
2025-12-21T19:04:07.034918+00:00,btc-updown-15m-1766343600,TRADE,UP,DIR_ACCUMULATE,1,1,0.2400890567931636,0.2400890567931636,12.0,0.4367588555170524,7.0,0.6344320594601207,7,1.0711909149771732,-0.4983364048402126,5.0,0.0,0.0,0.0,89.56302358849223,SUCCESS,BULLISH,accumulate,2.0,88405.11,88445.09,-0.0452031876500955,250.96605482403757
2025-12-21T19:04:12.539785+00:00,btc-updown-15m-1766343600,TRADE,UP,DIR_ACCUMULATE,1,1,0.2200048631862134,0.2200048631862134,13.0,0.4200854714916033,7.0,0.6344320594601207,7,1.054517530951724,-0.3816227166620685,6.0,0.0,0.0,0.0,89.34301872530601,SUCCESS,BULLISH,accumulate,2.0,88370.7,88445.09,-0.0841086825735599,178.76749703434126
2025-12-21T19:04:23.373120+00:00,btc-updown-15m-1766343600,TRADE,DOWN,DIR_REBALANCE,5,5,0.8300552490983992,4.150276245491996,13.0,0.4200854714916033,12.0,0.7159417218094034,12,1.1360271933010069,-1.63232631961208,1.0,0.0,0.0,0.0,85.19274247981402,SUCCESS,BULLISH,rebalance,2.0,88364.65,88445.09,-0.0909490849068075,193.381644330601
2025-12-21T19:04:28.796569+00:00,btc-updown-15m-1766343600,TRADE,UP,DIR_AVERAGE_DOWN,1,1,0.2100468770546059,0.2100468770546059,14.0,0.4050827147461034,12.0,0.7159417218094034,12,1.1210244365555069,-1.4522932386660825,2.0,0.0,0.0,0.0,84.9826956027594,SUCCESS,BULLISH,average_down,2.0,88368.07,88445.09,-0.0870822789597359,185.09171277074543
2025-12-21T19:04:45.182512+00:00,btc-updown-15m-1766343600,TRADE,DOWN,DIR_AVERAGE_DOWN,1,1,0.7703049396336873,0.7703049396336873,14.0,0.4050827147461034,13.0,0.7201235077958869,13,1.1252062225419903,-1.6276808930458742,1.0,0.0,0.0,0.0,84.21239066312572,SUCCESS,BEARISH,average_down,3.0,88381.67,88445.09,-0.0717055067726182,142.08023906123006
2025-12-21T19:05:12.430594+00:00,btc-updown-15m-1766343600,TRADE,DOWN,DIR_AVERAGE_DOWN,1,1,0.6202877429471623,0.6202877429471623,14.0,0.4050827147461034,14.0,0.7129923817352637,14,1.118075096481367,-1.653051350739139,0.0,0.0,0.0,0.0,83.59210292017856,SUCCESS,BEARISH,average_down,3.0,88428.65,88445.09,-0.0185878040262069,93.0673078106096
2025-12-21T19:15:02.644612+00:00,btc-updown-15m-1766343600,RESOLUTION,DOWN,MARKET_END,28,28,1.0,15.6531,14.0,0.4051,14.0,0.713,14,1.1181,-1.6531,0.0,0.0,0.0,-1.6531,97.59,RESOLVED,,,,,,,
2025-12-21T19:15:16.302638+00:00,btc-updown-15m-1766344500,TRADE,DOWN,DIR_AVERAGE_DOWN,1,1,0.5298726079047792,0.5298726079047792,0.0,0.0,1.0,0.5298726079047792,0,0.0,0.0,1.0,0.0,0.0,0.0,97.06223031227378,SUCCESS,BEARISH,average_down,3.0,88389.99,88379.28,0.0121182249957302,53.29674371598241
2025-12-21T19:15:54.110835+00:00,btc-updown-15m-1766344500,TRADE,DOWN,DIR_AVERAGE_DOWN,1,1,0.4701687173994097,0.4701687173994097,0.0,0.0,2.0,0.5000206626520944,0,0.0,0.0,2.0,0.0,0.0,0.0,96.59206159487438,SUCCESS,BEARISH,average_down,3.0,88389.99,88379.28,0.0121182249957302,49.72379468260592
2025-12-21T19:25:06.393296+00:00,btc-updown-15m-1766344500,TRADE,UP,DIR_EMERGENCY,2,2,0.360142886106388,0.7202857722127761,2.0,0.360142886106388,2.0,0.5000206626520944,2,0.8601635487584824,0.2796729024830351,0.0,0.0,0.0,0.0,95.8717758226616,SUCCESS,BEARISH,emergency,3.0,88363.5,88379.28,-0.0178548637191871,186.54334260857752
2025-12-21T19:25:11.967648+00:00,btc-updown-15m-1766344500,TRADE,DOWN,DIR_AVERAGE_DOWN,1,1,0.6903442033226582,0.6903442033226582,2.0,0.360142886106388,3.0,0.5634618428756157,2,0.9236047289820036,0.1527905420359925,1.0,0.0,0.0,0.0,95.18143161933897,SUCCESS,BEARISH,average_down,3.0,88363.51,88379.28,-0.017843548849916,183.8475785250635
2025-12-21T19:25:17.425282+00:00,btc-updown-15m-1766344500,TRADE,UP,DIR_EMERGENCY,1,1,0.2400936545121411,0.2400936545121411,3.0,0.3201264755749724,3.0,0.5634618428756157,3,0.8835883184505882,0.3492350446482355,0.0,0.0,0.0,0.0,94.9413379648268,SUCCESS,BEARISH,emergency,3.0,88363.51,88379.28,-0.017843548849916,2826.349878277013
2025-12-21T19:25:22.900025+00:00,btc-updown-15m-1766344500,TRADE,DOWN,DIR_AVERAGE_DOWN,1,1,0.7701918645597707,0.7701918645597707,3.0,0.3201264755749724,4.0,0.6151443482966545,3,0.935270823871627,0.1941875283851191,1.0,0.0,0.0,0.0,94.17114610026704,SUCCESS,BEARISH,average_down,3.0,88363.5,88379.28,-0.0178548637191871,2671.4870765360183
2025-12-21T19:25:28.376933+00:00,btc-updown-15m-1766344500,TRADE,UP,DIR_EMERGENCY,1,1,0.29009091082894,0.29009091082894,4.0,0.3126175843884643,4.0,0.6151443482966545,4,0.9277619326851188,0.2889522692595245,0.0,0.0,0.0,0.0,93.8810551894381,SUCCESS,BEARISH,emergency,3.0,88363.5,88379.28,-0.0178548637191871,2675.15160120577
2025-12-21T19:25:39.505481+00:00,btc-updown-15m-1766344500,TRADE,DOWN,DIR_AVERAGE_DOWN,1,1,0.7903040672300826,0.7903040672300826,4.0,0.3126175843884643,5.0,0.6501762920833402,4,0.9627938764718044,0.1488244941127821,1.0,0.0,0.0,0.0,93.09075112220802,SUCCESS,BEARISH,average_down,3.0,88363.5,88379.28,-0.0178548637191871,2316.749245628147
2025-12-21T19:25:56.106752+00:00,btc-updown-15m-1766344500,TRADE,UP,DIR_EMERGENCY,1,1,0.1899542182454258,0.1899542182454258,5.0,0.2880849111598566,5.0,0.6501762920833402,5,0.9382612032431968,0.3086939837840163,0.0,0.0,0.0,0.0,92.9007969039626,SUCCESS,BEARISH,emergency,3.0,88363.5,88379.28,-0.0178548637191871,2543.9943828605246
2025-12-21T19:26:01.560983+00:00,btc-updown-15m-1766344500,TRADE,DOWN,DIR_AVERAGE_DOWN,1,1,0.8101047823284377,0.8101047823284377,5.0,0.2880849111598566,6.0,0.6768310404575231,5,0.9649159516173798,0.1754202419131012,1.0,0.0,0.0,0.0,92.09069212163416,SUCCESS,BEARISH,average_down,3.0,88363.5,88379.28,-0.0178548637191871,2836.9698075524293
2025-12-21T19:26:06.994111+00:00,btc-updown-15m-1766344500,TRADE,UP,DIR_EMERGENCY,1,1,0.2300092111259875,0.2300092111259875,6.0,0.2784056278208784,6.0,0.6768310404575231,6,0.9552366682784016,0.2685799903295911,0.0,0.0,0.0,0.0,91.86068291050816,SUCCESS,BEARISH,emergency,3.0,88363.5,88379.28,-0.0178548637191871,3027.2190032898548
2025-12-21T19:26:12.458192+00:00,btc-updown-15m-1766344500,TRADE,DOWN,DIR_AVERAGE_DOWN,1,1,0.8003106336924868,0.8003106336924868,6.0,0.2784056278208784,7.0,0.6944709823482321,6,0.9728766101691106,0.1627403389853361,1.0,0.0,0.0,0.0,91.06037227681568,SUCCESS,BEARISH,average_down,3.0,88363.5,88379.28,-0.0178548637191871,3086.810057928408
2025-12-21T19:26:17.922262+00:00,btc-updown-15m-1766344500,TRADE,UP,DIR_EMERGENCY,1,1,0.2200992569434346,0.2200992569434346,7.0,0.2700761462669579,7.0,0.6944709823482321,7,0.96454712861519,0.2481700996936693,0.0,0.0,0.0,0.0,90.84027301987224,SUCCESS,BEARISH,emergency,3.0,88363.51,88379.28,-0.017843548849916,3001.9826228604525
2025-12-21T19:26:23.501176+00:00,btc-updown-15m-1766344500,TRADE,DOWN,DIR_AVERAGE_DOWN,1,1,0.7901038329447965,0.7901038329447965,7.0,0.2700761462669579,8.0,0.7064250886728027,7,0.9765012349397606,0.1644913554216758,1.0,0.0,0.0,0.0,90.05016918692745,SUCCESS,BEARISH,average_down,3.0,88363.5,88379.28,-0.0178548637191871,3399.5554908874365
2025-12-21T19:26:28.936140+00:00,btc-updown-15m-1766344500,TRADE,UP,DIR_EMERGENCY,1,1,0.2200804930841161,0.2200804930841161,8.0,0.2638266896191026,8.0,0.7064250886728027,8,0.9702517782919052,0.2379857736647572,0.0,0.0,0.0,0.0,89.83008869384334,SUCCESS,BEARISH,emergency,3.0,88363.5,88379.28,-0.0178548637191871,3155.436680730534
2025-12-21T19:26:34.485762+00:00,btc-updown-15m-1766344500,TRADE,DOWN,DIR_AVERAGE_DOWN,1,1,0.8300145958558118,0.8300145958558118,8.0,0.2638266896191026,9.0,0.7201572561375815,8,0.983983945756684,0.1281284339465269,1.0,0.0,0.0,0.0,89.00007409798752,SUCCESS,BEARISH,average_down,3.0,88363.5,88379.28,-0.0178548637191871,3067.8603311079446
2025-12-21T19:26:39.952264+00:00,btc-updown-15m-1766344500,TRADE,UP,DIR_EMERGENCY,1,1,0.1800107382035592,0.1800107382035592,9.0,0.2545138061284867,9.0,0.7201572561375815,9,0.9746710622660684,0.2279604396053857,0.0,0.0,0.0,0.0,88.82006335978396,SUCCESS,BEARISH,emergency,3.0,88363.51,88379.28,-0.017843548849916,3026.128544948408
2025-12-21T19:26:56.346118+00:00,btc-updown-15m-1766344500,TRADE,DOWN,DIR_AVERAGE_DOWN,1,1,0.8102858948747591,0.8102858948747591,9.0,0.2545138061284867,10.0,0.7291701200112992,9,0.983683926139786,0.1468446647419264,1.0,0.0,0.0,0.0,88.0097774649092,SUCCESS,BEARISH,average_down,3.0,88363.5,88379.28,-0.0178548637191871,3034.801821809069
2025-12-21T19:27:02.162844+00:00,btc-updown-15m-1766344500,TRADE,UP,DIR_EMERGENCY,1,1,0.2500440623450498,0.2500440623450498,10.0,0.254066831750143,10.0,0.7291701200112992,10,0.9832369517614424,0.1676304823855767,0.0,0.0,0.0,0.0,87.75973340256415,SUCCESS,BEARISH,emergency,3.0,88363.5,88379.28,-0.0178548637191871,3055.2384286221745
2025-12-21T19:27:07.628928+00:00,btc-updown-15m-1766344500,TRADE,DOWN,DIR_AVERAGE_DOWN,1,1,0.7800363804408743,0.7800363804408743,10.0,0.254066831750143,11.0,0.733794325504897,10,0.98786115725504,0.1213884274496002,1.0,0.0,0.0,0.0,86.97969702212328,SUCCESS,BEARISH,average_down,3.0,88363.5,88379.28,-0.0178548637191871,3107.187722014915
2025-12-21T19:27:13.082806+00:00,btc-updown-15m-1766344500,TRADE,UP,DIR_EMERGENCY,1,1,0.2300968215589542,0.2300968215589542,11.0,0.2518877399145804,11.0,0.733794325504897,11,0.9856820654194774,0.157497280385748,0.0,0.0,0.0,0.0,86.74960020056432,SUCCESS,BEARISH,emergency,3.0,88363.51,88379.28,-0.017843548849916,3245.4528810586867
2025-12-21T19:27:18.545562+00:00,btc-updown-15m-1766344500,TRADE,DOWN,DIR_AVERAGE_DOWN,1,1,0.7798418948806706,0.7798418948806706,11.0,0.2518877399145804,12.0,0.7376316229528781,11,0.9895193628674586,0.1152870084579558,1.0,0.0,0.0,0.0,85.96975830568364,SUCCESS,BEARISH,average_down,3.0,88363.5,88379.28,-0.0178548637191871,2839.0581183303298
2025-12-21T19:27:24.112018+00:00,btc-updown-15m-1766344500,TRADE,UP,DIR_EMERGENCY,1,1,0.2400407442954072,0.2400407442954072,12.0,0.2509004902796493,12.0,0.7376316229528781,12,0.9885321132325274,0.1376146412096708,0.0,0.0,0.0,0.0,85.72971756138823,SUCCESS,BEARISH,emergency,3.0,88363.5,88379.28,-0.0178548637191871,2826.9465101495034
2025-12-21T19:27:34.568896+00:00,btc-updown-15m-1766344500,TRADE,DOWN,DIR_AVERAGE_DOWN,1,1,0.8300763850616347,0.8300763850616347,12.0,0.2509004902796493,13.0,0.7447427584997055,12,0.9956432487793548,0.0522810146477419,1.0,0.0,0.0,0.0,84.8996411763266,SUCCESS,BEARISH,average_down,3.0,88363.5,88379.28,-0.0178548637191871,3015.814345599727
2025-12-21T19:27:40.162349+00:00,btc-updown-15m-1766344500,TRADE,UP,DIR_EMERGENCY,1,1,0.1600416744449944,0.1600416744449944,13.0,0.2439113506000605,13.0,0.7447427584997055,13,0.988654109099766,0.1474965817030415,0.0,0.0,0.0,0.0,84.7395995018816,SUCCESS,BEARISH,emergency,3.0,88363.5,88379.28,-0.0178548637191871,2959.3790750750127
2025-12-21T19:27:51.064106+00:00,btc-updown-15m-1766344500,TRADE,DOWN,DIR_AVERAGE_DOWN,1,1,0.8500686279888419,0.8500686279888419,13.0,0.2439113506000605,14.0,0.7522660348917867,13,0.9961773854918472,0.0496939886059863,1.0,0.0,0.0,0.0,83.88953087389275,SUCCESS,BEARISH,average_down,3.0,88363.5,88379.28,-0.0178548637191871,3015.814345599727
2025-12-21T19:28:02.043841+00:00,btc-updown-15m-1766344500,TRADE,UP,DIR_EMERGENCY,1,1,0.1800679673585821,0.1800679673585821,14.0,0.2393511089399549,14.0,0.7522660348917867,14,0.9916171438317416,0.1173599863556176,0.0,0.0,0.0,0.0,83.70946290653417,SUCCESS,BEARISH,emergency,3.0,88363.5,88379.28,-0.0178548637191871,2470.829845987585
2025-12-21T19:28:07.482412+00:00,btc-updown-15m-1766344500,TRADE,DOWN,DIR_AVERAGE_DOWN,1,1,0.880274243192058,0.880274243192058,14.0,0.2393511089399549,15.0,0.7607999154451381,14,1.000151024385093,-0.0021143413913029,1.0,0.0,0.0,0.0,82.82918866334211,SUCCESS,BEARISH,average_down,3.0,88363.51,88379.28,-0.017843548849916,2352.891454005173
2025-12-21T19:28:12.938095+00:00,btc-updown-15m-1766344500,TRADE,UP,DIR_EMERGENCY,1,1,0.1100549763444622,0.1100549763444622,15.0,0.2307313667669221,15.0,0.7607999154451381,15,0.9915312822120602,0.1270307668190967,0.0,0.0,0.0,0.0,82.71913368699765,SUCCESS,BEARISH,emergency,3.0,88363.51,88379.28,-0.017843548849916,2379.2662022374234
2025-12-21T19:30:03.072727+00:00,btc-updown-15m-1766344500,RESOLUTION,DOWN,MARKET_END,30,30,1.0,14.873,15.0,0.2307,15.0,0.7608,15,0.9915,0.127,0.0,0.0,0.0,0.127,97.72,RESOLVED,,,,,,,
2025-12-21T19:30:11.615602+00:00,btc-updown-15m-1766345400,TRADE,DOWN,DIR_AVERAGE_DOWN,1,1,0.5500639152582497,0.5500639152582497,0.0,0.0,1.0,0.5500639152582497,0,0.0,0.0,1.0,0.0,0.0,0.0,97.1690697717394,SUCCESS,BEARISH,average_down,3.0,88349.63,88358.45,-0.0099820673631015,99.69829957868969
2025-12-21T19:39:31.829205+00:00,btc-updown-15m-1766345400,TRADE,DOWN,DIR_AVERAGE_DOWN,1,1,0.480119295938601,0.480119295938601,0.0,0.0,2.0,0.5150916055984254,0,0.0,0.0,2.0,0.0,0.0,0.0,96.6889504758008,SUCCESS,BEARISH,average_down,3.0,88362.98,88358.45,0.0051268441218681,22.840119556611747
2025-12-21T19:39:42.630101+00:00,btc-updown-15m-1766345400,TRADE,DOWN,DIR_AVERAGE_DOWN,1,1,0.3801350749794692,0.3801350749794692,0.0,0.0,3.0,0.4701060953921066,0,0.0,0.0,3.0,0.0,0.0,0.0,96.30881540082132,SUCCESS,BEARISH,average_down,3.0,88379.48,88358.45,0.0238007796651014,85.5554605061611
2025-12-21T19:39:48.185660+00:00,btc-updown-15m-1766345400,TRADE,DOWN,DIR_ACCUMULATE,1,1,0.4001440747030837,0.4001440747030837,0.0,0.0,4.0,0.4526155902198509,0,0.0,0.0,4.0,0.0,0.0,0.0,95.90867132611824,SUCCESS,BEARISH,accumulate,3.0,88370.65,88358.45,0.0138073947652964,52.061217466176494
2025-12-21T19:39:53.603284+00:00,btc-updown-15m-1766345400,TRADE,DOWN,DIR_ACCUMULATE,1,1,0.4101922916885659,0.4101922916885659,0.0,0.0,5.0,0.4441309305135939,0,0.0,0.0,5.0,0.0,0.0,0.0,95.49847903442968,SUCCESS,BEARISH,accumulate,3.0,88370.65,88358.45,0.0138073947652964,51.44160119856816
2025-12-21T19:39:59.051695+00:00,btc-updown-15m-1766345400,TRADE,DOWN,DIR_ACCUMULATE,1,1,0.4499214301901288,0.4499214301901288,0.0,0.0,6.0,0.4450960137930164,0,0.0,0.0,6.0,0.0,0.0,0.0,95.04855760423956,SUCCESS,BEARISH,accumulate,3.0,88370.64,88358.45,0.0137960772286095,52.34891349581718
2025-12-21T19:40:04.468629+00:00,btc-updown-15m-1766345400,TRADE,UP,DIR_EMERGENCY,6,6,0.6100550480002622,3.660330288001573,6.0,0.6100550480002622,6.0,0.4450960137930164,6,1.0551510617932789,-0.330906370759672,0.0,0.0,0.0,0.0,91.388227316238,SUCCESS,BEARISH,emergency,3.0,88370.65,88358.45,0.0138073947652964,53.36120189160229
2025-12-21T19:40:09.921046+00:00,btc-updown-15m-1766345400,TRADE,DOWN,DIR_AVERAGE_DOWN,1,1,0.3999770368224296,0.3999770368224296,6.0,0.6100550480002622,7.0,0.4386504456543611,6,1.0487054936546234,-0.2922329619277404,1.0,0.0,0.0,0.0,90.98825027941557,SUCCESS,BEARISH,average_down,3.0,88370.64,88358.45,0.0137960772286095,55.17836106619404
2025-12-21T19:40:15.392439+00:00,btc-updown-15m-1766345400,TRADE,UP,DIR_EMERGENCY,1,1,0.6203056783729002,0.6203056783729002,7.0,0.611519423767782,7.0,0.4386504456543611,7,1.050169869422143,-0.3511890859550015,0.0,0.0,0.0,0.0,90.36794460104264,SUCCESS,BEARISH,emergency,3.0,88370.64,88358.45,0.0137960772286095,55.12696715120055
2025-12-21T19:40:20.833843+00:00,btc-updown-15m-1766345400,TRADE,DOWN,DIR_AVERAGE_DOWN,1,1,0.4101288478405169,0.4101288478405169,7.0,0.611519423767782,8.0,0.4350852459276306,7,1.0466046696954128,-0.3262326878678894,1.0,0.0,0.0,0.0,89.95781575320214,SUCCESS,BEARISH,average_down,3.0,88370.64,88358.45,0.0137960772286095,54.63570716345269
2025-12-21T19:40:26.333369+00:00,btc-updown-15m-1766345400,TRADE,UP,DIR_EMERGENCY,1,1,0.6201728955905239,0.6201728955905239,8.0,0.6126011077456247,8.0,0.4350852459276306,8,1.0476863536732552,-0.3814908293860419,0.0,0.0,0.0,0.0,89.33764285761161,SUCCESS,BEARISH,emergency,3.0,88370.64,88358.45,0.0137960772286095,54.85529684588414
2025-12-21T19:40:42.858188+00:00,btc-updown-15m-1766345400,TRADE,DOWN,DIR_AVERAGE_DOWN,1,1,0.5001916327041073,0.5001916327041073,8.0,0.6126011077456247,9.0,0.4423192889027947,8,1.0549203966484195,-0.4393631731873562,1.0,0.0,0.0,0.0,88.83745122490751,SUCCESS,BEARISH,average_down,3.0,88360.2,88358.45,0.001980568921252,13.964832594801788
2025-12-21T19:45:00.895253+00:00,btc-updown-15m-1766345400,RESOLUTION,UP,MARKET_END,17,17,1.0,8.8817,8.0,0.6126,9.0,0.4423,8,1.0549,-0.4394,0.11,0.0,0.0,-0.8817,96.84,RESOLVED,,,,,,,
2025-12-21T19:45:09.382011+00:00,btc-updown-15m-1766346300,TRADE,UP,DIR_AVERAGE_DOWN,1,1,0.4801686293315449,0.4801686293315449,1.0,0.4801686293315449,0.0,0.0,0,0.0,0.0,1.0,0.0,0.0,0.0,96.35728259557597,SUCCESS,BULLISH,average_down,4.0,88420.94,88420.95,-1.130953693074018e-05,1.968501885730827
2025-12-21T19:45:20.307791+00:00,btc-updown-15m-1766346300,TRADE,UP,DIR_AVERAGE_DOWN,1,1,0.4201544769979178,0.4201544769979178,2.0,0.4501615531647314,0.0,0.0,0,0.0,0.0,2.0,0.0,0.0,0.0,95.93712811857804,SUCCESS,BULLISH,average_down,4.0,88411.1,88420.95,-0.011139893882605,84.49935828129854
2025-12-21T19:46:31.241117+00:00,btc-updown-15m-1766346300,TRADE,UP,DIR_AVERAGE_DOWN,1,1,0.3600456889314721,0.3600456889314721,3.0,0.420122931753645,0.0,0.0,0,0.0,0.0,3.0,0.0,0.0,0.0,95.57708242964657,SUCCESS,BULLISH,average_down,4.0,88392.89,88420.95,-0.031734560644279,270.4533680570839
2025-12-21T19:46:36.649834+00:00,btc-updown-15m-1766346300,TRADE,UP,DIR_ACCUMULATE,1,1,0.2900107934032711,0.2900107934032711,4.0,0.3875948971660515,0.0,0.0,0,0.0,0.0,4.0,0.0,0.0,0.0,95.2870716362433,SUCCESS,BULLISH,accumulate,4.0,88374.2,88420.95,-0.0528720851789083,338.23368714098166
2025-12-21T19:46:47.471868+00:00,btc-updown-15m-1766346300,TRADE,UP,DIR_ACCUMULATE,1,1,0.3199512109312215,0.3199512109312215,5.0,0.3740661599190855,0.0,0.0,0,0.0,0.0,5.0,0.0,0.0,0.0,94.96712042531207,SUCCESS,BULLISH,accumulate,4.0,88374.2,88420.95,-0.0528720851789083,337.1280834367932
2025-12-21T19:46:58.300911+00:00,btc-updown-15m-1766346300,TRADE,UP,DIR_ACCUMULATE,1,1,0.340103394923507,0.340103394923507,6.0,0.368405699086489,0.0,0.0,0,0.0,0.0,6.0,0.0,0.0,0.0,94.62701703038856,SUCCESS,BULLISH,accumulate,4.0,88374.2,88420.95,-0.0528720851789083,338.9664934112011
2025-12-21T19:47:03.697087+00:00,btc-updown-15m-1766346300,TRADE,DOWN,DIR_REBALANCE,5,5,0.730141811734038,3.65070905867019,6.0,0.368405699086489,5.0,0.730141811734038,5,1.0985475108205272,-0.4927375541026357,1.0,0.0,0.0,0.0,90.97630797171838,SUCCESS,BULLISH,rebalance,4.0,88373.49,88420.95,-0.0536750623014023,353.74272134600005
2025-12-21T19:47:14.677899+00:00,btc-updown-15m-1766346300,TRADE,UP,DIR_AVERAGE_DOWN,1,1,0.2800625644285222,0.2800625644285222,7.0,0.3557852512782081,5.0,0.730141811734038,5,1.0859270630122462,-0.4296353150612308,2.0,0.0,0.0,0.0,90.69624540728988,SUCCESS,BULLISH,average_down,4.0,88373.18,88420.95,-0.0540256579464528,357.4673303598524
2025-12-21T19:49:20.033694+00:00,btc-updown-15m-1766346300,TRADE,UP,DIR_AVERAGE_DOWN,1,1,0.2100296376518411,0.2100296376518411,8.0,0.3375657995749122,5.0,0.730141811734038,5,1.0677076113089503,-0.3385380565447515,3.0,0.0,0.0,0.0,90.48621576963802,SUCCESS,BULLISH,average_down,4.0,88360.0,88420.95,-0.0689316276289692,553.8457923943965
2025-12-21T19:49:25.544250+00:00,btc-updown-15m-1766346300,TRADE,UP,DIR_ACCUMULATE,1,1,0.2299080396016911,0.2299080396016911,9.0,0.3256038262445543,5.0,0.730141811734038,5,1.0557456379785923,-0.2787281898929616,4.0,0.0,0.0,0.0,90.25630773003633,SUCCESS,BULLISH,accumulate,4.0,88360.0,88420.95,-0.0689316276289692,553.1601909192445
2025-12-21T19:49:31.057124+00:00,btc-updown-15m-1766346300,TRADE,UP,DIR_ACCUMULATE,1,1,0.2500712242785288,0.2500712242785288,10.0,0.3180505660479518,5.0,0.730141811734038,5,1.04819237778199,-0.2409618889099496,5.0,0.0,0.0,0.0,90.0062365057578,SUCCESS,BULLISH,accumulate,4.0,88359.99,88420.95,-0.0689429371659,548.4053689868017
2025-12-21T19:49:36.458472+00:00,btc-updown-15m-1766346300,TRADE,DOWN,DIR_ACCUMULATE,1,1,0.7200166549872555,0.7200166549872555,10.0,0.3180505660479518,6.0,0.7284542856095743,6,1.046504851657526,-0.2790291099451556,4.0,0.0,0.0,0.0,89.28621985077054,SUCCESS,BEARISH,accumulate,5.0,88373.19,88420.95,-0.0540143484095056,257.7382097185288
2025-12-21T19:49:41.957109+00:00,btc-updown-15m-1766346300,TRADE,DOWN,DIR_ACCUMULATE,1,1,0.7000468583986877,0.7000468583986877,10.0,0.3180505660479518,7.0,0.7243960817223047,7,1.0424466477702563,-0.2971265343917957,3.0,0.0,0.0,0.0,88.58617299237184,SUCCESS,BEARISH,accumulate,5.0,88373.19,88420.95,-0.0540143484095056,262.3462574697284
2025-12-21T19:49:47.363968+00:00,btc-updown-15m-1766346300,TRADE,DOWN,DIR_ACCUMULATE,1,1,0.7000780592213164,0.7000780592213164,10.0,0.3180505660479518,8.0,0.7213563289096812,8,1.039406894957633,-0.3152551596610635,2.0,0.0,0.0,0.0,87.88609493315053,SUCCESS,BEARISH,accumulate,5.0,88373.18,88420.95,-0.0540256579464528,262.3993815325897
2025-12-21T19:49:58.327631+00:00,btc-updown-15m-1766346300,TRADE,DOWN,DIR_AVERAGE_DOWN,1,1,0.590096300773823,0.590096300773823,10.0,0.3180505660479518,9.0,0.7067718813390302,9,1.024822447386982,-0.2234020264828382,1.0,0.0,0.0,0.0,87.29599863237671,SUCCESS,BEARISH,average_down,5.0,88391.16,88420.95,-0.0336911105343174,142.74701703145567
2025-12-21T19:50:31.344283+00:00,btc-updown-15m-1766346300,TRADE,DOWN,DIR_AVERAGE_DOWN,1,1,0.5001114583098366,0.5001114583098366,10.0,0.3180505660479518,10.0,0.6861058390361109,10,1.0041564050840628,-0.0415640508406278,0.0,0.0,0.0,0.0,86.79588717406688,SUCCESS,BEARISH,average_down,5.0,88427.77,88420.95,0.0077131041908133,24.99685153704506
2025-12-21T19:51:09.485777+00:00,btc-updown-15m-1766346300,TRADE,DOWN,DIR_AVERAGE_DOWN,1,1,0.4301556802747842,0.4301556802747842,10.0,0.3180505660479518,11.0,0.6628376427850812,10,0.980888208833033,0.1911179116696704,1.0,0.0,0.0,0.0,86.3657314937921,SUCCESS,BEARISH,average_down,5.0,88427.77,88420.95,0.0077131041908133,28.48878526570537
2025-12-21T19:51:42.320505+00:00,btc-updown-15m-1766346300,TRADE,DOWN,DIR_AVERAGE_DOWN,1,1,0.2600725933784783,0.2600725933784783,10.0,0.3180505660479518,12.0,0.6292738886678643,10,0.947324454715816,0.5267554528418394,2.0,0.0,0.0,0.0,86.10565890041362,SUCCESS,BEARISH,average_down,5.0,88460.0,88420.95,0.0441637417376797,273.3391692707005
2025-12-21T19:51:59.062925+00:00,btc-updown-15m-1766346300,TRADE,DOWN,DIR_AVERAGE_DOWN,1,1,0.1400527498469558,0.1400527498469558,10.0,0.3180505660479518,13.0,0.5916414933739482,10,0.9096920594219,0.903079405781,3.0,0.0,0.0,0.0,85.96560615056666,SUCCESS,BEARISH,average_down,5.0,88506.95,88420.95,0.0972620176553181,239.9760367297068
2025-12-21T19:52:04.675910+00:00,btc-updown-15m-1766346300,TRADE,DOWN,DIR_ACCUMULATE,1,1,0.1700801691768541,0.1700801691768541,10.0,0.3180505660479518,14.0,0.5615299702170129,10,0.8795805362649647,1.2041946373503531,4.0,0.0,0.0,0.0,85.7955259813898,SUCCESS,BEARISH,accumulate,5.0,88523.43,88420.95,0.1159001345269372,303.10059058792893
2025-12-21T19:52:10.230995+00:00,btc-updown-15m-1766346300,TRADE,DOWN,DIR_ACCUMULATE,1,1,0.1700637682856133,0.1700637682856133,10.0,0.3180505660479518,15.0,0.5354322234215864,10,0.8534827894695382,1.4651721053046185,5.0,0.0,0.0,0.0,85.62546221310419,SUCCESS,BEARISH,accumulate,5.0,88492.36,88420.95,0.0807614032647279,346.4419110030564
2025-12-21T20:00:01.887938+00:00,btc-updown-15m-1766346300,RESOLUTION,UP,MARKET_END,25,25,1.0,11.212,10.0,0.3181,15.0,0.5354,10,0.8535,1.4652,0.33,0.0,0.0,-1.212,95.63,RESOLVED,,,,,,,
2025-12-21T20:00:10.144992+00:00,btc-updown-15m-1766347200,TRADE,DOWN,DIR_AVERAGE_DOWN,1,1,0.530018635500709,0.530018635500709,0.0,0.0,1.0,0.530018635500709,0,0.0,0.0,1.0,0.0,0.0,0.0,95.09544357760348,SUCCESS,BEARISH,average_down,5.0,88484.01,88484.01,0.0,0.0139626587098042
2025-12-21T20:10:02.227045+00:00,btc-updown-15m-1766347200,TRADE,UP,DIR_EMERGENCY,1,1,0.0300051722747935,0.0300051722747935,1.0,0.0300051722747935,1.0,0.530018635500709,1,0.5600238077755025,0.4399761922244974,0.0,0.0,0.0,0.0,95.06543840532868,SUCCESS,BEARISH,emergency,5.0,88379.64,88484.01,-0.1179535149910083,891.9774800286762
2025-12-21T20:15:00.789756+00:00,btc-updown-15m-1766347200,RESOLUTION,DOWN,MARKET_END,2,2,1.0,0.56,1.0,0.03,1.0,0.53,1,0.56,0.44,0.0,0.0,0.0,0.44,96.07,RESOLVED,,,,,,,
2025-12-21T20:15:09.101629+00:00,btc-updown-15m-1766348100,TRADE,DOWN,DIR_AVERAGE_DOWN,1,1,0.5101836969784315,0.5101836969784315,0.0,0.0,1.0,0.5101836969784315,0,0.0,0.0,1.0,0.0,0.0,0.0,95.55525470835023,SUCCESS,BEARISH,average_down,5.0,88313.63,88312.32,0.0014833717424677,14.335588129541176
2025-12-21T20:16:57.709073+00:00,btc-updown-15m-1766348100,TRADE,DOWN,DIR_AVERAGE_DOWN,1,1,0.4400628930571304,0.4400628930571304,0.0,0.0,2.0,0.4751232950177809,0,0.0,0.0,2.0,0.0,0.0,0.0,95.11519181529312,SUCCESS,BEARISH,average_down,5.0,88322.01,88312.32,0.0109724215149004,116.54347807372535
2025-12-21T20:25:04.900652+00:00,btc-updown-15m-1766348100,TRADE,UP,DIR_EMERGENCY,2,2,0.3901257204749815,0.7802514409499631,2.0,0.3901257204749815,2.0,0.4751232950177809,2,0.8652490154927626,0.2695019690144749,0.0,0.0,0.0,0.0,94.33494037434316,SUCCESS,BEARISH,emergency,5.0,88307.77,88312.32,-0.0051521690291942,1049.5500746506889
2025-12-21T20:25:10.411698+00:00,btc-updown-15m-1766348100,TRADE,DOWN,DIR_AVERAGE_DOWN,1,1,0.6400656607925314,0.6400656607925314,2.0,0.3901257204749815,3.0,0.5301040836093645,2,0.920229804084346,0.159540391831308,1.0,0.0,0.0,0.0,93.69487471355062,SUCCESS,BEARISH,average_down,5.0,88307.77,88312.32,-0.0051521690291942,1067.014669129311
2025-12-21T20:25:15.874479+00:00,btc-updown-15m-1766348100,TRADE,UP,DIR_EMERGENCY,1,1,0.3798399796327112,0.3798399796327112,3.0,0.3866971401942248,3.0,0.5301040836093645,3,0.9168012238035892,0.2495963285892324,0.0,0.0,0.0,0.0,93.31503473391793,SUCCESS,BEARISH,emergency,5.0,88307.77,88312.32,-0.0051521690291942,1040.8262677779653
2025-12-21T20:25:21.472953+00:00,btc-updown-15m-1766348100,TRADE,DOWN,DIR_AVERAGE_DOWN,1,1,0.6501626859551559,0.6501626859551559,3.0,0.3866971401942248,4.0,0.5601187341958123,3,0.946815874390037,0.159552376829889,1.0,0.0,0.0,0.0,92.66487204796276,SUCCESS,BEARISH,average_down,5.0,88307.78,88312.32,-0.0051408455807843,1057.7335499235146
2025-12-21T20:25:26.929874+00:00,btc-updown-15m-1766348100,TRADE,UP,DIR_EMERGENCY,1,1,0.3800090163249549,0.3800090163249549,4.0,0.3850251092269073,4.0,0.5601187341958123,4,0.9451438434227196,0.2194246263091215,0.0,0.0,0.0,0.0,92.2848630316378,SUCCESS,BEARISH,emergency,5.0,88307.77,88312.32,-0.0051521690291942,1039.840294854168
2025-12-21T20:25:32.387369+00:00,btc-updown-15m-1766348100,TRADE,DOWN,DIR_AVERAGE_DOWN,1,1,0.6500742988113735,0.6500742988113735,4.0,0.3850251092269073,5.0,0.5781098471189245,4,0.963134956345832,0.1474601746166723,1.0,0.0,0.0,0.0,91.63478873282644,SUCCESS,BEARISH,average_down,5.0,88307.78,88312.32,-0.0051408455807843,1057.1981241489386
2025-12-21T20:25:43.319678+00:00,btc-updown-15m-1766348100,TRADE,UP,DIR_EMERGENCY,1,1,0.370075834085423,0.370075834085423,5.0,0.3820352541986104,5.0,0.5781098471189245,5,0.960145101317535,0.1992744934123247,0.0,0.0,0.0,0.0,91.264712898741,SUCCESS,BEARISH,emergency,5.0,88307.78,88312.32,-0.0051408455807843,1063.2213193279997
2025-12-21T20:25:48.794556+00:00,btc-updown-15m-1766348100,TRADE,DOWN,DIR_AVERAGE_DOWN,1,1,0.6600161973956491,0.6600161973956491,5.0,0.3820352541986104,6.0,0.5917609054983787,5,0.9737961596969892,0.1310192015150546,1.0,0.0,0.0,0.0,90.60469670134536,SUCCESS,BEARISH,average_down,5.0,88307.77,88312.32,-0.0051521690291942,1094.3784610625876
2025-12-21T20:25:54.242575+00:00,btc-updown-15m-1766348100,TRADE,UP,DIR_EMERGENCY,1,1,0.3600117300400081,0.3600117300400081,6.0,0.3783646668388434,6.0,0.5917609054983787,6,0.970125572337222,0.1792465659766675,0.0,0.0,0.0,0.0,90.24468497130536,SUCCESS,BEARISH,emergency,5.0,88307.77,88312.32,-0.0051521690291942,1076.6711073035997
2025-12-21T20:25:59.807049+00:00,btc-updown-15m-1766348100,TRADE,DOWN,DIR_AVERAGE_DOWN,1,1,0.6502532534078527,0.6502532534078527,6.0,0.3783646668388434,7.0,0.600116955199732,6,0.9784816220385754,0.1291102677685478,1.0,0.0,0.0,0.0,89.59443171789749,SUCCESS,BEARISH,average_down,5.0,88307.78,88312.32,-0.0051408455807843,1115.5789198060486
2025-12-21T20:26:05.287032+00:00,btc-updown-15m-1766348100,TRADE,UP,DIR_EMERGENCY,1,1,0.3701285639344899,0.3701285639344899,7.0,0.37718808070965,7.0,0.600116955199732,7,0.977305035909382,0.1588647486343259,0.0,0.0,0.0,0.0,89.224303153963,SUCCESS,BEARISH,emergency,5.0,88307.77,88312.32,-0.0051521690291942,941.4180740087857
2025-12-21T20:26:16.179972+00:00,btc-updown-15m-1766348100,TRADE,DOWN,DIR_AVERAGE_DOWN,1,1,0.4401352860442419,0.4401352860442419,7.0,0.37718808070965,8.0,0.5801192465552958,7,0.9573073272649458,0.2988487091453792,1.0,0.0,0.0,0.0,88.78416786791877,SUCCESS,BEARISH,average_down,5.0,88321.02,88312.32,0.0098514001217464,82.2059801670306
2025-12-21T20:26:21.630883+00:00,btc-updown-15m-1766348100,TRADE,UP,DIR_EMERGENCY,1,1,0.5801644303527391,0.5801644303527391,8.0,0.4025601244150362,8.0,0.5801192465552958,8,0.982679370970332,0.1385650322373441,0.0,0.0,0.0,0.0,88.20400343756603,SUCCESS,BEARISH,emergency,5.0,88321.02,88312.32,0.0098514001217464,82.50897925486451
2025-12-21T20:26:27.078955+00:00,btc-updown-15m-1766348100,TRADE,DOWN,DIR_AVERAGE_DOWN,1,1,0.4501132910076104,0.4501132910076104,8.0,0.4025601244150362,9.0,0.5656741403833307,8,0.9682342647983668,0.2541258816130645,1.0,0.0,0.0,0.0,87.75389014655842,SUCCESS,BEARISH,average_down,5.0,88321.02,88312.32,0.0098514001217464,82.86643276763277
2025-12-21T20:26:38.065964+00:00,btc-updown-15m-1766348100,TRADE,UP,DIR_EMERGENCY,1,1,0.5801430196335305,0.5801430196335305,9.0,0.4222915572170911,9.0,0.5656741403833307,9,0.987965697600422,0.1083087215962033,0.0,0.0,0.0,0.0,87.1737471269249,SUCCESS,BEARISH,emergency,5.0,88321.02,88312.32,0.0098514001217464,84.72788231029003
2025-12-21T20:26:43.534924+00:00,btc-updown-15m-1766348100,TRADE,DOWN,DIR_AVERAGE_DOWN,1,1,0.4400574671398519,0.4400574671398519,9.0,0.4222915572170911,10.0,0.5531124730589829,9,0.975404030276074,0.2213637275153337,1.0,0.0,0.0,0.0,86.73368965978504,SUCCESS,BEARISH,average_down,5.0,88321.01,88312.32,0.00984007667332,82.61665646495473
2025-12-21T20:26:48.965216+00:00,btc-updown-15m-1766348100,TRADE,UP,DIR_EMERGENCY,1,1,0.5700947797378784,0.5700947797378784,10.0,0.4370718794691698,10.0,0.5531124730589829,10,0.9901843525281528,0.0981564747184726,0.0,0.0,0.0,0.0,86.16359488004717,SUCCESS,BEARISH,emergency,5.0,88321.02,88312.32,0.0098514001217464,82.86646434614805
2025-12-21T20:26:54.518100+00:00,btc-updown-15m-1766348100,TRADE,DOWN,DIR_AVERAGE_DOWN,1,1,0.4301470462182529,0.4301470462182529,10.0,0.4370718794691698,11.0,0.5419337978916438,10,0.9790056773608136,0.2099432263918643,1.0,0.0,0.0,0.0,85.73344783382892,SUCCESS,BEARISH,average_down,5.0,88321.02,88312.32,0.0098514001217464,83.01591672630641
2025-12-21T20:26:59.967122+00:00,btc-updown-15m-1766348100,TRADE,UP,DIR_EMERGENCY,1,1,0.5801778011444576,0.5801778011444576,11.0,0.4500815087123778,11.0,0.5419337978916438,11,0.9920153066040216,0.0878316273557624,0.0,0.0,0.0,0.0,85.15327003268446,SUCCESS,BEARISH,emergency,5.0,88321.02,88312.32,0.0098514001217464,83.0685457427045
2025-12-21T20:27:10.972276+00:00,btc-updown-15m-1766348100,TRADE,DOWN,DIR_AVERAGE_DOWN,1,1,0.2900637806018136,0.2900637806018136,11.0,0.4500815087123778,12.0,0.5209446297841579,11,0.9710261384965356,0.3187124765381068,1.0,0.0,0.0,0.0,84.86320625208265,SUCCESS,BEARISH,average_down,5.0,88328.21,88312.32,0.0179929595327123,183.90902361778708
2025-12-21T20:27:43.876183+00:00,btc-updown-15m-1766348100,TRADE,UP,DIR_EMERGENCY,1,1,0.5100913763374544,0.5100913763374544,12.0,0.4550823310144675,12.0,0.5209446297841579,12,0.9760269607986254,0.2876764704164953,0.0,0.0,0.0,0.0,84.35311487574519,SUCCESS,BEARISH,emergency,5.0,88321.1,88312.32,0.0099419877090748,78.12319023415073
2025-12-21T20:28:00.251573+00:00,btc-updown-15m-1766348100,TRADE,DOWN,DIR_AVERAGE_DOWN,1,1,0.7001327234625667,0.7001327234625667,12.0,0.4550823310144675,13.0,0.5347283292978816,12,0.9898106603123492,0.1222720762518108,1.0,0.0,0.0,0.0,83.65298215228262,SUCCESS,BEARISH,average_down,5.0,88298.97,88312.32,-0.0151168036351052,97.53466195814084
2025-12-21T20:28:05.717719+00:00,btc-updown-15m-1766348100,TRADE,UP,DIR_EMERGENCY,1,1,0.3000876754014241,0.3000876754014241,13.0,0.4431596651980796,13.0,0.5347283292978816,13,0.9778879944959612,0.2874560715525044,0.0,0.0,0.0,0.0,83.35289447688119,SUCCESS,BEARISH,emergency,5.0,88298.97,88312.32,-0.0151168036351052,90.00136984464032
2025-12-21T20:28:22.176098+00:00,btc-updown-15m-1766348100,TRADE,DOWN,DIR_AVERAGE_DOWN,1,1,0.7700959739162384,0.7700959739162384,13.0,0.4431596651980796,14.0,0.5515403039134786,13,0.9946999691115582,0.068900401549743,1.0,0.0,0.0,0.0,82.58279850296495,SUCCESS,BEARISH,average_down,5.0,88298.98,88312.32,-0.0151054801866954,92.1746630577097
2025-12-21T20:28:27.773939+00:00,btc-updown-15m-1766348100,TRADE,UP,DIR_EMERGENCY,1,1,0.260100954764272,0.260100954764272,14.0,0.4300840430242361,14.0,0.5515403039134786,14,0.9816243469377148,0.2572591428719923,0.0,0.0,0.0,0.0,82.32269754820068,SUCCESS,BEARISH,emergency,5.0,88298.97,88312.32,-0.0151168036351052,92.28774963714532
2025-12-21T20:29:06.323241+00:00,btc-updown-15m-1766348100,TRADE,DOWN,DIR_AVERAGE_DOWN,1,1,0.8800511741669846,0.8800511741669846,14.0,0.4300840430242361,15.0,0.5734410285970456,14,1.0035250716212818,-0.0493510026979451,1.0,0.0,0.0,0.0,81.4426463740337,SUCCESS,BEARISH,average_down,5.0,88298.97,88312.32,-0.0151168036351052,2813.0780456440734
2025-12-21T20:29:11.776344+00:00,btc-updown-15m-1766348100,TRADE,UP,DIR_EMERGENCY,1,1,0.0900429985093999,0.0900429985093999,15.0,0.4074146400565804,15.0,0.5734410285970456,15,0.980855668653626,0.2871649701956091,0.0,0.0,0.0,0.0,81.3526033755243,SUCCESS,BEARISH,emergency,5.0,88298.98,88312.32,-0.0151054801866954,2703.087489391187
2025-12-21T20:30:01.339440+00:00,btc-updown-15m-1766348100,RESOLUTION,DOWN,MARKET_END,30,30,1.0,14.7128,15.0,0.4074,15.0,0.5734,15,0.9809,0.2872,0.0,0.0,0.0,0.2872,96.35,RESOLVED,,,,,,,
2025-12-21T20:30:09.661771+00:00,btc-updown-15m-1766349000,TRADE,DOWN,DIR_AVERAGE_DOWN,1,1,0.4301295913819539,0.4301295913819539,0.0,0.0,1.0,0.4301295913819539,0,0.0,0.0,1.0,0.0,0.0,0.0,95.92247378414234,SUCCESS,BEARISH,average_down,5.0,88291.75,88291.74,1.1326087802507132e-05,0.2738383428934227
2025-12-21T20:33:41.195588+00:00,btc-updown-15m-1766349000,TRADE,DOWN,DIR_AVERAGE_DOWN,1,1,0.3801710961774026,0.3801710961774026,0.0,0.0,2.0,0.4051503437796782,0,0.0,0.0,2.0,0.0,0.0,0.0,95.54230268796492,SUCCESS,BEARISH,average_down,5.0,88304.4,88291.74,0.0143388271654731,69.63270514359706
2025-12-21T20:35:08.481545+00:00,btc-updown-15m-1766349000,TRADE,DOWN,DIR_AVERAGE_DOWN,1,1,0.2599804554554478,0.2599804554554478,0.0,0.0,3.0,0.3567603810049347,0,0.0,0.0,3.0,0.0,0.0,0.0,95.28232223250949,SUCCESS,BEARISH,average_down,5.0,88319.77,88291.74,0.0317470241270574,126.48206029061758
2025-12-21T20:35:14.069881+00:00,btc-updown-15m-1766349000,TRADE,DOWN,DIR_ACCUMULATE,1,1,0.2800738429517156,0.2800738429517156,0.0,0.0,4.0,0.3375887464916299,0,0.0,0.0,4.0,0.0,0.0,0.0,95.00224838955776,SUCCESS,BEARISH,accumulate,5.0,88319.77,88291.74,0.0317470241270574,126.29774043162382
2025-12-21T20:35:24.992038+00:00,btc-updown-15m-1766349000,TRADE,DOWN,DIR_ACCUMULATE,1,1,0.300119125123216,0.300119125123216,0.0,0.0,5.0,0.3300948222179471,0,0.0,0.0,5.0,0.0,0.0,0.0,94.70212926443456,SUCCESS,BEARISH,accumulate,5.0,88319.76,88291.74,0.0317356980392384,124.27608387950808
2025-12-21T20:35:30.453060+00:00,btc-updown-15m-1766349000,TRADE,DOWN,DIR_ACCUMULATE,1,1,0.2900951350111989,0.2900951350111989,0.0,0.0,6.0,0.3234282076834891,0,0.0,0.0,6.0,0.0,0.0,0.0,94.41203412942336,SUCCESS,BEARISH,accumulate,5.0,88319.77,88291.74,0.0317470241270574,143.18038000012407
2025-12-21T20:35:35.916554+00:00,btc-updown-15m-1766349000,TRADE,UP,DIR_REBALANCE,5,5,0.7301225721647189,3.6506128608235935,5.0,0.7301225721647189,6.0,0.3234282076834891,5,1.053550779848208,-0.26775389924104,1.0,0.0,0.0,0.0,90.76142126859976,SUCCESS,BEARISH,rebalance,5.0,88319.77,88291.74,0.0317470241270574,142.3293719223225
2025-12-21T20:35:41.393369+00:00,btc-updown-15m-1766349000,TRADE,DOWN,DIR_AVERAGE_DOWN,1,1,0.3001036736999141,0.3001036736999141,5.0,0.7301225721647189,7.0,0.3200961314001213,5,1.0502187035648405,-0.2510935178242013,2.0,0.0,0.0,0.0,90.46131759489984,SUCCESS,BEARISH,average_down,5.0,88319.76,88291.74,0.0317356980392384,147.84456612349356
2025-12-21T20:37:36.488192+00:00,btc-updown-15m-1766349000,TRADE,DOWN,DIR_AVERAGE_DOWN,1,1,0.2400596262014271,0.2400596262014271,5.0,0.7301225721647189,8.0,0.3100915682502845,5,1.0402141404150034,-0.2010707020750168,3.0,0.0,0.0,0.0,90.2212579686984,SUCCESS,BEARISH,average_down,5.0,88314.74,88291.74,0.0260500019594131,106.57615122383316
2025-12-21T20:37:41.919162+00:00,btc-updown-15m-1766349000,TRADE,DOWN,DIR_ACCUMULATE,1,1,0.3000846431971345,0.3000846431971345,5.0,0.7301225721647189,9.0,0.3089796876888234,5,1.0391022598535422,-0.195511299267711,4.0,0.0,0.0,0.0,89.92117332550127,SUCCESS,BEARISH,accumulate,5.0,88314.74,88291.74,0.0260500019594131,107.08602180051854
2025-12-21T20:37:52.865267+00:00,btc-updown-15m-1766349000,TRADE,DOWN,DIR_ACCUMULATE,1,1,0.3101417732127806,0.3101417732127806,5.0,0.7301225721647189,10.0,0.3090958962412191,5,1.039218468405938,-0.19609234202969,5.0,0.0,0.0,0.0,89.6110315522885,SUCCESS,BEARISH,accumulate,5.0,88307.39,88291.74,0.0177253274202028,68.4793786574173
2025-12-21T20:37:58.315745+00:00,btc-updown-15m-1766349000,TRADE,DOWN,DIR_ACCUMULATE,1,1,0.3200221102018991,0.3200221102018991,5.0,0.7301225721647189,11.0,0.3100891884194627,5,1.0402117605841816,-0.2010588029209081,6.0,0.0,0.0,0.0,89.29100944208659,SUCCESS,BEARISH,accumulate,5.0,88307.4,88291.74,0.0177366535080053,68.91802277235722
2025-12-21T20:38:03.806906+00:00,btc-updown-15m-1766349000,TRADE,UP,DIR_REBALANCE,5,5,0.7300280500046925,3.650140250023463,10.0,0.7300753110847057,11.0,0.3100891884194627,10,1.0401644995041686,-0.4016449950416856,1.0,0.0,0.0,0.0,85.64086919206312,SUCCESS,BEARISH,rebalance,5.0,88307.39,88291.74,0.0177253274202028,69.03130773143911
2025-12-21T20:38:09.265621+00:00,btc-updown-15m-1766349000,TRADE,DOWN,DIR_AVERAGE_DOWN,1,1,0.2700269681809732,0.2700269681809732,10.0,0.7300753110847057,12.0,0.3067506700662553,10,1.036825981150961,-0.3682598115096103,2.0,0.0,0.0,0.0,85.37084222388215,SUCCESS,BEARISH,average_down,5.0,88307.39,88291.74,0.0177253274202028,68.31988391971065
2025-12-21T20:38:31.191292+00:00,btc-updown-15m-1766349000,TRADE,DOWN,DIR_AVERAGE_DOWN,1,1,0.220002838818652,0.220002838818652,10.0,0.7300753110847057,13.0,0.3000777599702858,10,1.0301530710549915,-0.3015307105499154,3.0,0.0,0.0,0.0,85.15083938506349,SUCCESS,BEARISH,average_down,5.0,88314.72,88291.74,0.0260273497837916,102.03464944659808
2025-12-21T20:38:36.647581+00:00,btc-updown-15m-1766349000,TRADE,DOWN,DIR_ACCUMULATE,1,1,0.2200018397435471,0.2200018397435471,10.0,0.7300753110847057,14.0,0.2943580513826616,10,1.0244333624673674,-0.2443336246736738,4.0,0.0,0.0,0.0,84.93083754531995,SUCCESS,BEARISH,accumulate,5.0,88314.72,88291.74,0.0260273497837916,120.94146774664152
2025-12-21T20:38:42.188274+00:00,btc-updown-15m-1766349000,TRADE,DOWN,DIR_ACCUMULATE,1,1,0.2100651192700197,0.2100651192700197,10.0,0.7300753110847057,15.0,0.2887385225751522,10,1.0188138336598578,-0.1881383365985778,5.0,0.0,0.0,0.0,84.72077242604993,SUCCESS,BEARISH,accumulate,5.0,88314.71,88291.74,0.0260160236959891,120.21443705724894
2025-12-21T20:40:09.930699+00:00,btc-updown-15m-1766349000,TRADE,UP,DIR_EMERGENCY,5,5,0.6002805465650746,3.001402732825373,15.0,0.686810389578162,15.0,0.2887385225751522,15,0.9755489121533142,0.3667663177002872,0.0,0.0,0.0,0.0,81.71936969322456,SUCCESS,BEARISH,emergency,5.0,88297.8,88291.74,0.0068636092119123,34.2291057092117
2025-12-21T20:45:00.396879+00:00,btc-updown-15m-1766349000,RESOLUTION,DOWN,MARKET_END,30,30,1.0,14.6332,15.0,0.6868,15.0,0.2887,15,0.9755,0.3668,0.0,0.0,0.0,0.3668,96.72,RESOLVED,,,,,,,
2025-12-21T20:45:08.701303+00:00,btc-updown-15m-1766349900,TRADE,DOWN,DIR_AVERAGE_DOWN,1,1,0.5001457306892272,0.5001457306892272,0.0,0.0,1.0,0.5001457306892272,0,0.0,0.0,1.0,0.0,0.0,0.0,96.21922396253534,SUCCESS,BEARISH,average_down,5.0,88291.66,88291.66,0.0,0.2086105644449351
2025-12-21T20:55:03.104876+00:00,btc-updown-15m-1766349900,TRADE,UP,DIR_EMERGENCY,1,1,0.0300138317756572,0.0300138317756572,1.0,0.0300138317756572,1.0,0.5001457306892272,1,0.5301595624648844,0.4698404375351156,0.0,0.0,0.0,0.0,96.18921013075968,SUCCESS,BEARISH,emergency,5.0,88232.82,88291.66,-0.0666427610490011,777.3156814313745
2025-12-21T21:00:04.386022+00:00,btc-updown-15m-1766349900,RESOLUTION,DOWN,MARKET_END,2,2,1.0,0.5302,1.0,0.03,1.0,0.5001,1,0.5302,0.4698,0.0,0.0,0.0,0.4698,97.19,RESOLVED,,,,,,,
2025-12-21T21:00:12.565950+00:00,btc-updown-15m-1766350800,TRADE,DOWN,DIR_AVERAGE_DOWN,1,1,0.4701816071246761,0.4701816071246761,0.0,0.0,1.0,0.4701816071246761,0,0.0,0.0,1.0,0.0,0.0,0.0,96.719028523635,SUCCESS,BEARISH,average_down,5.0,88230.97,88230.96,1.1333890048075313e-05,1.6701718139421269
2025-12-21T21:04:49.791168+00:00,btc-updown-15m-1766350800,TRADE,DOWN,DIR_AVERAGE_DOWN,1,1,0.3900508242549654,0.3900508242549654,0.0,0.0,2.0,0.4301162156898208,0,0.0,0.0,2.0,0.0,0.0,0.0,96.32897769938003,SUCCESS,BEARISH,average_down,5.0,88239.78,88230.96,0.0099964910276307,53.45945004357788
2025-12-21T21:06:22.614868+00:00,btc-updown-15m-1766350800,TRADE,DOWN,DIR_AVERAGE_DOWN,1,1,0.3400086446104127,0.3400086446104127,0.0,0.0,3.0,0.4000803586633514,0,0.0,0.0,3.0,0.0,0.0,0.0,95.98896905476964,SUCCESS,BEARISH,average_down,5.0,88249.99,88230.96,0.021568392772785,85.2857391459963
2025-12-21T21:06:28.076882+00:00,btc-updown-15m-1766350800,TRADE,DOWN,DIR_ACCUMULATE,1,1,0.3500302071585919,0.3500302071585919,0.0,0.0,4.0,0.3875678207871615,0,0.0,0.0,4.0,0.0,0.0,0.0,95.63893884761104,SUCCESS,BEARISH,accumulate,5.0,88252.73,88230.96,0.0246738786475739,107.26896909706107
2025-12-21T21:06:39.288839+00:00,btc-updown-15m-1766350800,TRADE,DOWN,DIR_ACCUMULATE,1,1,0.3801398173299929,0.3801398173299929,0.0,0.0,5.0,0.3860822200957278,0,0.0,0.0,5.0,0.0,0.0,0.0,95.25879903028104,SUCCESS,BEARISH,accumulate,5.0,88252.73,88230.96,0.0246738786475739,111.12454853809484
2025-12-21T21:06:44.739363+00:00,btc-updown-15m-1766350800,TRADE,DOWN,DIR_ACCUMULATE,1,1,0.3800200119045313,0.3800200119045313,0.0,0.0,6.0,0.3850718520638617,0,0.0,0.0,6.0,0.0,0.0,0.0,94.8787790183765,SUCCESS,BEARISH,accumulate,5.0,88252.72,88230.96,0.0246625447575258,111.44771417329112
2025-12-21T21:06:55.727920+00:00,btc-updown-15m-1766350800,TRADE,UP,DIR_REBALANCE,5,5,0.8201185773504509,4.100592886752255,5.0,0.8201185773504509,6.0,0.3850718520638617,5,1.2051904294143123,-1.025952147071563,1.0,0.0,0.0,0.0,90.77818613162424,SUCCESS,BEARISH,rebalance,5.0,88276.08,88230.96,0.0511385119237004,306.5074322510958
2025-12-21T21:07:01.273324+00:00,btc-updown-15m-1766350800,TRADE,DOWN,DIR_AVERAGE_DOWN,1,1,0.2000784154463712,0.2000784154463712,5.0,0.8201185773504509,7.0,0.358644218261363,5,1.178762795611814,-0.8938139780590704,2.0,0.0,0.0,0.0,90.57810771617788,SUCCESS,BEARISH,average_down,5.0,88275.08,88230.96,0.0500051229182991,304.2980005097699
2025-12-21T21:08:07.106966+00:00,btc-updown-15m-1766350800,TRADE,DOWN,DIR_AVERAGE_DOWN,1,1,0.180075222436088,0.180075222436088,5.0,0.8201185773504509,8.0,0.3363230937832037,5,1.1564416711336545,-0.7822083556682724,3.0,0.0,0.0,0.0,90.3980324937418,SUCCESS,BEARISH,average_down,5.0,88267.53,88230.96,0.0414480359275161,184.14601605123133
2025-12-21T21:08:12.557791+00:00,btc-updown-15m-1766350800,TRADE,DOWN,DIR_ACCUMULATE,1,1,0.1700390761948547,0.1700390761948547,5.0,0.8201185773504509,9.0,0.3178470918289427,5,1.1379656691793936,-0.6898283458969678,4.0,0.0,0.0,0.0,90.22799341754694,SUCCESS,BEARISH,accumulate,5.0,88267.54,88230.96,0.0414593698175642,184.2030040218176
2025-12-21T21:08:18.013718+00:00,btc-updown-15m-1766350800,TRADE,DOWN,DIR_ACCUMULATE,1,1,0.1600572621988207,0.1600572621988207,5.0,0.8201185773504509,10.0,0.3020681088659305,5,1.1221866862163814,-0.610933431081907,5.0,0.0,0.0,0.0,90.06793615534812,SUCCESS,BEARISH,accumulate,5.0,88267.54,88230.96,0.0414593698175642,190.55114046283603
2025-12-21T21:08:23.586788+00:00,btc-updown-15m-1766350800,TRADE,DOWN,DIR_ACCUMULATE,1,1,0.1700237947352286,0.1700237947352286,5.0,0.8201185773504509,11.0,0.290064080308594,5,1.110182657659045,-0.550913288295225,6.0,0.0,0.0,0.0,89.89791236061289,SUCCESS,BEARISH,accumulate,5.0,88267.54,88230.96,0.0414593698175642,199.26581118627396
2025-12-21T21:08:29.075683+00:00,btc-updown-15m-1766350800,TRADE,UP,DIR_REBALANCE,5,5,0.8800809053613188,4.400404526806594,10.0,0.850099741355885,11.0,0.290064080308594,10,1.140163821664479,-1.4016382166447894,1.0,0.0,0.0,0.0,85.4975078338063,SUCCESS,BEARISH,rebalance,5.0,88279.98,88230.96,0.0555587290447588,246.2596763305708
2025-12-21T21:08:40.162717+00:00,btc-updown-15m-1766350800,TRADE,DOWN,DIR_AVERAGE_DOWN,1,1,0.1200015083873314,0.1200015083873314,10.0,0.850099741355885,12.0,0.2758921993151554,10,1.1259919406710404,-1.2599194067104036,2.0,0.0,0.0,0.0,85.37750632541896,SUCCESS,BEARISH,average_down,5.0,88279.98,88230.96,0.0555587290447588,239.83386042029
2025-12-21T21:15:04.403192+00:00,btc-updown-15m-1766350800,RESOLUTION,UP,MARKET_END,22,22,1.0,11.8117,10.0,0.8501,12.0,0.2759,10,1.126,-1.2599,0.17,0.0,0.0,-1.8117,95.38,RESOLVED,,,,,,,
2025-12-21T21:15:12.813555+00:00,btc-updown-15m-1766351700,TRADE,DOWN,DIR_AVERAGE_DOWN,1,1,0.5001362901606696,0.5001362901606696,0.0,0.0,1.0,0.5001362901606696,0,0.0,0.0,1.0,0.0,0.0,0.0,94.8773700352583,SUCCESS,BEARISH,average_down,5.0,88261.33,88267.32,-0.0067862035462334,43.7569896251086
2025-12-21T21:16:07.328267+00:00,btc-updown-15m-1766351700,TRADE,DOWN,DIR_AVERAGE_DOWN,1,1,0.3001154097448735,0.3001154097448735,0.0,0.0,2.0,0.4001258499527715,0,0.0,0.0,2.0,0.0,0.0,0.0,94.57725462551342,SUCCESS,BEARISH,average_down,5.0,88306.89,88267.32,0.0448297286016981,195.57998556135323
2025-12-21T21:16:40.303836+00:00,btc-updown-15m-1766351700,TRADE,DOWN,DIR_AVERAGE_DOWN,1,1,0.2701169524336698,0.2701169524336698,0.0,0.0,3.0,0.3567895507797377,0,0.0,0.0,3.0,0.0,0.0,0.0,94.30713767307977,SUCCESS,BEARISH,average_down,5.0,88306.89,88267.32,0.0448297286016981,194.9464031172273
2025-12-21T21:16:45.802958+00:00,btc-updown-15m-1766351700,TRADE,DOWN,DIR_ACCUMULATE,1,1,0.2801388466300768,0.2801388466300768,0.0,0.0,4.0,0.3376268747423224,0,0.0,0.0,4.0,0.0,0.0,0.0,94.02699882644968,SUCCESS,BEARISH,accumulate,5.0,88306.89,88267.32,0.0448297286016981,194.67667189953585
2025-12-21T21:16:51.217264+00:00,btc-updown-15m-1766351700,TRADE,DOWN,DIR_ACCUMULATE,1,1,0.2900365757690509,0.2900365757690509,0.0,0.0,5.0,0.3281088149476681,0,0.0,0.0,5.0,0.0,0.0,0.0,93.73696225068062,SUCCESS,BEARISH,accumulate,5.0,88306.9,88267.32,0.0448410578229713,195.72236653838357
2025-12-21T21:16:56.631227+00:00,btc-updown-15m-1766351700,TRADE,DOWN,DIR_ACCUMULATE,1,1,0.2200062545754427,0.2200062545754427,0.0,0.0,6.0,0.3100917215522972,0,0.0,0.0,6.0,0.0,0.0,0.0,93.51695599610518,SUCCESS,BEARISH,accumulate,5.0,88315.73,88267.32,0.0548447602124874,243.8680393120975
2025-12-21T21:17:02.039591+00:00,btc-updown-15m-1766351700,TRADE,UP,DIR_REBALANCE,5,5,0.7701290022619125,3.8506450113095614,5.0,0.7701290022619125,6.0,0.3100917215522972,5,1.0802207238142096,-0.4011036190710482,1.0,0.0,0.0,0.0,89.66631098479562,SUCCESS,BEARISH,rebalance,5.0,88315.72,88267.32,0.0548334309912141,329.40498223193566
2025-12-21T21:17:07.562902+00:00,btc-updown-15m-1766351700,TRADE,DOWN,DIR_AVERAGE_DOWN,1,1,0.2400305808639118,0.2400305808639118,5.0,0.7701290022619125,7.0,0.3000829871682421,5,1.0702119894301547,-0.3510599471507736,2.0,0.0,0.0,0.0,89.4262804039317,SUCCESS,BEARISH,average_down,5.0,88315.73,88267.32,0.0548447602124874,329.4926644495362
2025-12-21T21:18:39.687323+00:00,btc-updown-15m-1766351700,TRADE,DOWN,DIR_AVERAGE_DOWN,1,1,0.2100426695968247,0.2100426695968247,5.0,0.7701290022619125,8.0,0.288827947471815,5,1.0589569497337274,-0.2947847486686372,3.0,0.0,0.0,0.0,89.21623773433487,SUCCESS,BEARISH,average_down,5.0,88329.52,88267.32,0.0704677563564828,485.9738458950338
2025-12-21T21:18:45.109817+00:00,btc-updown-15m-1766351700,TRADE,DOWN,DIR_ACCUMULATE,1,1,0.140012713745043,0.140012713745043,5.0,0.7701290022619125,9.0,0.2722929215021736,5,1.0424219237640862,-0.2121096188204307,4.0,0.0,0.0,0.0,89.07622502058983,SUCCESS,BEARISH,accumulate,5.0,88338.35,88267.32,0.0804714587459989,511.5865165396267
2025-12-21T21:18:50.526339+00:00,btc-updown-15m-1766351700,TRADE,DOWN,DIR_ACCUMULATE,1,1,0.1600107266241836,0.1600107266241836,5.0,0.7701290022619125,10.0,0.2610647020143747,5,1.031193704276287,-0.1559685213814354,5.0,0.0,0.0,0.0,88.91621429396565,SUCCESS,BEARISH,accumulate,5.0,88338.34,88267.32,0.0804601295247091,511.9232654488984
2025-12-21T21:18:55.943119+00:00,btc-updown-15m-1766351700,TRADE,DOWN,DIR_ACCUMULATE,1,1,0.1600134031326267,0.1600134031326267,5.0,0.7701290022619125,11.0,0.2518782202978521,5,1.0220072225597647,-0.1100361127988236,6.0,0.0,0.0,0.0,88.75620089083303,SUCCESS,BEARISH,accumulate,5.0,88338.35,88267.32,0.0804714587459989,513.7989061008883
2025-12-21T21:19:01.369228+00:00,btc-updown-15m-1766351700,TRADE,UP,DIR_REBALANCE,5,5,0.8502930302897564,4.251465151448782,10.0,0.8102110162758344,11.0,0.2518782202978521,10,1.0620892365736865,-0.6208923657368648,1.0,0.0,0.0,0.0,84.50473573938424,SUCCESS,BEARISH,rebalance,5.0,88338.35,88267.32,0.0804714587459989,512.4756196131683
2025-12-21T21:19:06.766055+00:00,btc-updown-15m-1766351700,TRADE,DOWN,DIR_AVERAGE_DOWN,1,1,0.1600275784798974,0.1600275784798974,10.0,0.8102110162758344,12.0,0.2442240001463559,10,1.0544350164221905,-0.5443501642219029,2.0,0.0,0.0,0.0,84.34470816090435,SUCCESS,BEARISH,average_down,5.0,88338.34,88267.32,0.0804601295247091,514.1325165896029
2025-12-21T21:19:28.476931+00:00,btc-updown-15m-1766351700,TRADE,DOWN,DIR_AVERAGE_DOWN,1,1,0.1400373613776547,0.1400373613776547,10.0,0.8102110162758344,13.0,0.2362096433179942,10,1.0464206595938286,-0.4642065959382857,3.0,0.0,0.0,0.0,84.2046707995267,SUCCESS,BEARISH,average_down,5.0,88338.34,88267.32,0.0804601295247091,512.8155436913007
2025-12-21T21:19:33.894937+00:00,btc-updown-15m-1766351700,TRADE,DOWN,DIR_ACCUMULATE,1,1,0.110052940454812,0.110052940454812,10.0,0.8102110162758344,14.0,0.2271984502563384,10,1.0374094665321727,-0.3740946653217269,4.0,0.0,0.0,0.0,84.09461785907189,SUCCESS,BEARISH,accumulate,5.0,88342.68,88267.32,0.0853770115598683,569.9397788949652
2025-12-21T21:19:39.317344+00:00,btc-updown-15m-1766351700,TRADE,DOWN,DIR_ACCUMULATE,1,1,0.1200282396395546,0.1200282396395546,10.0,0.8102110162758344,15.0,0.2200537695485528,10,1.0302647858243872,-0.3026478582438718,5.0,0.0,0.0,0.0,83.97458961943234,SUCCESS,BEARISH,accumulate,5.0,88342.69,88267.32,0.0853883407811581,655.0431807846895
2025-12-21T21:30:04.037112+00:00,btc-updown-15m-1766351700,RESOLUTION,UP,MARKET_END,25,25,1.0,11.4029,10.0,0.8102,15.0,0.2201,10,1.0303,-0.3026,0.33,0.0,0.0,-1.4029,93.97,RESOLVED,,,,,,,
2025-12-21T21:30:12.309028+00:00,btc-updown-15m-1766352600,TRADE,DOWN,DIR_AVERAGE_DOWN,1,1,0.5202143381808856,0.5202143381808856,0.0,0.0,1.0,0.5202143381808856,0,0.0,0.0,1.0,0.0,0.0,0.0,93.45437528125144,SUCCESS,BEARISH,average_down,5.0,88341.59,88341.6,-1.131969537490064e-05,0.0936826820749236
2025-12-21T21:31:12.149311+00:00,btc-updown-15m-1766352600,TRADE,DOWN,DIR_AVERAGE_DOWN,1,1,0.4300843300318716,0.4300843300318716,0.0,0.0,2.0,0.4751493341063786,0,0.0,0.0,2.0,0.0,0.0,0.0,93.02429095121956,SUCCESS,BEARISH,average_down,5.0,88352.1,88341.6,0.0118856801325762,68.54809780378409
2025-12-21T21:32:39.111817+00:00,btc-updown-15m-1766352600,TRADE,DOWN,DIR_AVERAGE_DOWN,1,1,0.3700391241940597,0.3700391241940597,0.0,0.0,3.0,0.440112597468939,0,0.0,0.0,3.0,0.0,0.0,0.0,92.6542518270255,SUCCESS,BEARISH,average_down,5.0,88365.18,88341.6,0.0266918416691425,130.02714171436298
2025-12-21T21:32:44.498168+00:00,btc-updown-15m-1766352600,TRADE,DOWN,DIR_ACCUMULATE,1,1,0.3800422418185674,0.3800422418185674,0.0,0.0,4.0,0.4250950085563461,0,0.0,0.0,4.0,0.0,0.0,0.0,92.27420958520692,SUCCESS,BEARISH,accumulate,5.0,88365.18,88341.6,0.0266918416691425,130.2083114610963
2025-12-21T21:32:49.897008+00:00,btc-updown-15m-1766352600,TRADE,DOWN,DIR_ACCUMULATE,1,1,0.380168168835167,0.380168168835167,0.0,0.0,5.0,0.4161096406121102,0,0.0,0.0,5.0,0.0,0.0,0.0,91.89404141637176,SUCCESS,BEARISH,accumulate,5.0,88365.18,88341.6,0.0266918416691425,131.12169479891332
2025-12-21T21:32:55.297399+00:00,btc-updown-15m-1766352600,TRADE,DOWN,DIR_ACCUMULATE,1,1,0.4400453082987547,0.4400453082987547,0.0,0.0,6.0,0.4200989185598843,0,0.0,0.0,6.0,0.0,0.0,0.0,91.453996108073,SUCCESS,BEARISH,accumulate,5.0,88357.47,88341.6,0.0179643565432314,91.46624626170228
2025-12-21T21:33:06.288229+00:00,btc-updown-15m-1766352600,TRADE,UP,DIR_REBALANCE,5,5,0.6200586671264201,3.1002933356321005,5.0,0.6200586671264201,6.0,0.4200989185598843,5,1.0401575856863043,-0.2007879284315217,1.0,0.0,0.0,0.0,88.35370277244091,SUCCESS,BEARISH,rebalance,5.0,88356.6,88341.6,0.0169795430465375,92.46190363218228
2025-12-21T21:33:11.703134+00:00,btc-updown-15m-1766352600,TRADE,DOWN,DIR_AVERAGE_DOWN,1,1,0.3900370861692934,0.3900370861692934,5.0,0.6200586671264201,7.0,0.4158043710755142,5,1.0358630382019345,-0.1793151910096713,2.0,0.0,0.0,0.0,87.96366568627161,SUCCESS,BEARISH,average_down,5.0,88356.6,88341.6,0.0169795430465375,92.38370974927136
2025-12-21T21:33:44.267547+00:00,btc-updown-15m-1766352600,TRADE,DOWN,DIR_AVERAGE_DOWN,1,1,0.3401490153821446,0.3401490153821446,5.0,0.6200586671264201,8.0,0.406347451613843,5,1.026406118740263,-0.1320305937013155,3.0,0.0,0.0,0.0,87.62351667088947,SUCCESS,BEARISH,average_down,5.0,88362.55,88341.6,0.0237147617883274,173.78164767359658
2025-12-21T21:33:49.813195+00:00,btc-updown-15m-1766352600,TRADE,DOWN,DIR_ACCUMULATE,1,1,0.3401658118435555,0.3401658118435555,5.0,0.6200586671264201,9.0,0.398993936083811,5,1.0190526032102312,-0.0952630160511558,4.0,0.0,0.0,0.0,87.28335085904591,SUCCESS,BEARISH,accumulate,5.0,88364.17,88341.6,0.0255485524373482,167.6711699458862
2025-12-21T21:33:55.336960+00:00,btc-updown-15m-1766352600,TRADE,DOWN,DIR_ACCUMULATE,1,1,0.340109193387642,0.340109193387642,5.0,0.6200586671264201,10.0,0.3931054618141941,5,1.0131641289406144,-0.0658206447030718,5.0,0.0,0.0,0.0,86.94324166565826,SUCCESS,BEARISH,accumulate,5.0,88364.17,88341.6,0.0255485524373482,167.5226119242617
2025-12-21T21:34:06.386545+00:00,btc-updown-15m-1766352600,TRADE,DOWN,DIR_ACCUMULATE,1,1,0.360051850607636,0.360051850607636,5.0,0.6200586671264201,11.0,0.3901005880681434,5,1.0101592551945635,-0.0507962759728175,6.0,0.0,0.0,0.0,86.58318981505063,SUCCESS,BEARISH,accumulate,5.0,88364.17,88341.6,0.0255485524373482,156.4375461716243
2025-12-21T21:34:11.891474+00:00,btc-updown-15m-1766352600,TRADE,UP,DIR_REBALANCE,5,5,0.6600646763617554,3.3003233818087767,10.0,0.6400616717440878,11.0,0.3901005880681434,10,1.0301622598122313,-0.301622598122313,1.0,0.0,0.0,0.0,83.28286643324185,SUCCESS,BEARISH,rebalance,5.0,88364.18,88341.6,0.0255598721327066,158.15583327075137
2025-12-21T21:34:17.302282+00:00,btc-updown-15m-1766352600,TRADE,DOWN,DIR_AVERAGE_DOWN,1,1,0.3700264031311226,0.3700264031311226,10.0,0.6400616717440878,12.0,0.3884277393233917,10,1.0284894110674796,-0.284894110674796,2.0,0.0,0.0,0.0,82.91284003011073,SUCCESS,BEARISH,average_down,5.0,88364.17,88341.6,0.0255485524373482,158.26382437279398
2025-12-21T21:40:07.830565+00:00,btc-updown-15m-1766352600,TRADE,UP,DIR_EMERGENCY,2,2,0.0400001104389833,0.0800002208779667,12.0,0.5400514115265703,12.0,0.3884277393233917,12,0.928479150849962,0.8582501898004558,0.0,0.0,0.0,0.0,82.83283980923277,SUCCESS,BEARISH,emergency,5.0,88277.22,88341.6,-0.0728761987557443,414.3862538581487
2025-12-21T21:45:00.218857+00:00,btc-updown-15m-1766352600,RESOLUTION,DOWN,MARKET_END,24,24,1.0,11.1417,12.0,0.5401,12.0,0.3884,12,0.9285,0.8583,0.0,0.0,0.0,0.8583,94.83,RESOLVED,,,,,,,
2025-12-21T21:45:08.457943+00:00,btc-updown-15m-1766353500,TRADE,DOWN,DIR_AVERAGE_DOWN,1,1,0.510176715501432,0.510176715501432,0.0,0.0,1.0,0.510176715501432,0,0.0,0.0,1.0,0.0,0.0,0.0,94.32266309373134,SUCCESS,BEARISH,average_down,5.0,88227.37,88235.27,-0.0089533357805883,56.96826480535226
2025-12-21T21:45:35.635273+00:00,btc-updown-15m-1766353500,TRADE,DOWN,DIR_AVERAGE_DOWN,1,1,0.3700333414079427,0.3700333414079427,0.0,0.0,2.0,0.4401050284546873,0,0.0,0.0,2.0,0.0,0.0,0.0,93.9526297523234,SUCCESS,BEARISH,average_down,5.0,88240.73,88235.27,0.0061880016913778,34.36423058420538
2025-12-21T21:55:01.276957+00:00,btc-updown-15m-1766353500,TRADE,UP,DIR_EMERGENCY,2,2,0.0900175391339022,0.1800350782678044,2.0,0.0900175391339022,2.0,0.4401050284546873,2,0.5301225675885896,0.9397548648228208,0.0,0.0,0.0,0.0,93.77259467405558,SUCCESS,BEARISH,emergency,5.0,88158.74,88235.27,-0.0867340237072984,389.7701369481918
2025-12-21T22:00:02.999950+00:00,btc-updown-15m-1766353500,RESOLUTION,DOWN,MARKET_END,4,4,1.0,1.0602,2.0,0.09,2.0,0.4401,2,0.5301,0.9398,0.0,0.0,0.0,0.9398,95.77,RESOLVED,,,,,,,
2025-12-21T22:00:11.307048+00:00,btc-updown-15m-1766354400,TRADE,DOWN,DIR_AVERAGE_DOWN,1,1,0.5900820896281861,0.5900820896281861,0.0,0.0,1.0,0.5900820896281861,0,0.0,0.0,1.0,0.0,0.0,0.0,95.1825125844274,SUCCESS,BEARISH,average_down,5.0,88140.0,88162.86,-0.0259292858693565,159.53604226973056
2025-12-21T22:02:21.964795+00:00,btc-updown-15m-1766354400,TRADE,DOWN,DIR_AVERAGE_DOWN,1,1,0.4802142468200644,0.4802142468200644,0.0,0.0,2.0,0.5351481682241253,0,0.0,0.0,2.0,0.0,0.0,0.0,94.70229833760732,SUCCESS,BEARISH,average_down,5.0,88156.24,88162.86,-0.0075088308160549,42.33662399639844
2025-12-21T22:02:38.273569+00:00,btc-updown-15m-1766354400,TRADE,DOWN,DIR_AVERAGE_DOWN,1,1,0.4201680748044369,0.4201680748044369,0.0,0.0,3.0,0.4968214704175624,0,0.0,0.0,3.0,0.0,0.0,0.0,94.2821302628029,SUCCESS,BEARISH,average_down,5.0,88164.42,88162.86,0.0017694525790085,9.160953429855123
2025-12-21T22:02:43.676420+00:00,btc-updown-15m-1766354400,TRADE,DOWN,DIR_ACCUMULATE,1,1,0.4200508962666567,0.4200508962666567,0.0,0.0,4.0,0.477628826879836,0,0.0,0.0,4.0,0.0,0.0,0.0,93.86207936653624,SUCCESS,BEARISH,accumulate,5.0,88164.42,88162.86,0.0017694525790085,9.215732300179004
2025-12-21T22:02:49.062684+00:00,btc-updown-15m-1766354400,TRADE,DOWN,DIR_ACCUMULATE,1,1,0.3900083498708376,0.3900083498708376,0.0,0.0,5.0,0.4601047314780364,0,0.0,0.0,5.0,0.0,0.0,0.0,93.4720710166654,SUCCESS,BEARISH,accumulate,5.0,88172.25,88162.86,0.010650743408278,54.41439734710514
2025-12-21T22:02:54.466290+00:00,btc-updown-15m-1766354400,TRADE,DOWN,DIR_ACCUMULATE,1,1,0.400011440041445,0.400011440041445,0.0,0.0,6.0,0.4500891829052711,0,0.0,0.0,6.0,0.0,0.0,0.0,93.07205957662396,SUCCESS,BEARISH,accumulate,5.0,88172.24,88162.86,0.0106394007635467,53.98716122834421
2025-12-21T22:02:59.971909+00:00,btc-updown-15m-1766354400,TRADE,UP,DIR_REBALANCE,5,5,0.6102635624947341,3.0513178124736706,5.0,0.6102635624947341,6.0,0.4500891829052711,5,1.0603527454000052,-0.3017637270000262,1.0,0.0,0.0,0.0,90.02074176415029,SUCCESS,BEARISH,rebalance,5.0,88172.25,88162.86,0.010650743408278,53.5507443714529
2025-12-21T22:03:05.444332+00:00,btc-updown-15m-1766354400,TRADE,DOWN,DIR_AVERAGE_DOWN,1,1,0.4302129788176628,0.4302129788176628,5.0,0.6102635624947341,7.0,0.44724972517847,5,1.057513287673204,-0.2875664383660203,2.0,0.0,0.0,0.0,89.59052878533262,SUCCESS,BEARISH,average_down,5.0,88173.99,88162.86,0.0126243635925656,67.46526487501957
2025-12-21T22:03:10.931875+00:00,btc-updown-15m-1766354400,TRADE,DOWN,DIR_AVERAGE_DOWN,1,1,0.360152802187244,0.360152802187244,5.0,0.6102635624947341,8.0,0.4363626098045667,5,1.0466261722993009,-0.2331308614965044,3.0,0.0,0.0,0.0,89.23037598314538,SUCCESS,BEARISH,average_down,5.0,88185.75,88162.86,0.0259633138035669,128.4400988351415
2025-12-21T22:03:21.944986+00:00,btc-updown-15m-1766354400,TRADE,DOWN,DIR_ACCUMULATE,1,1,0.4500475793234387,0.4500475793234387,5.0,0.6102635624947341,9.0,0.4378831619733303,5,1.0481467244680645,-0.2407336223403222,4.0,0.0,0.0,0.0,88.78032840382194,SUCCESS,BEARISH,accumulate,5.0,88174.0,88162.86,0.0126357062372969,68.08612332634841
2025-12-21T22:03:27.487380+00:00,btc-updown-15m-1766354400,TRADE,DOWN,DIR_ACCUMULATE,1,1,0.4901106666522439,0.4901106666522439,5.0,0.6102635624947341,10.0,0.4431059124412216,5,1.053369474935956,-0.2668473746797795,5.0,0.0,0.0,0.0,88.2902177371697,SUCCESS,BEARISH,accumulate,5.0,88165.17,88162.86,0.0026201509343023,13.919725635789131
2025-12-21T22:03:38.426823+00:00,btc-updown-15m-1766354400,TRADE,DOWN,DIR_ACCUMULATE,1,1,0.3801291962725369,0.3801291962725369,5.0,0.6102635624947341,11.0,0.4373807564258867,5,1.0476443189206208,-0.2382215946031041,6.0,0.0,0.0,0.0,87.91008854089716,SUCCESS,BEARISH,accumulate,5.0,88167.38,88162.86,0.005126875421242,29.318497189303727
2025-12-21T22:03:43.903393+00:00,btc-updown-15m-1766354400,TRADE,UP,DIR_REBALANCE,5,5,0.6301681554578408,3.150840777289204,10.0,0.6202158589762874,11.0,0.4373807564258867,10,1.057596615402174,-0.5759661540217409,1.0,0.0,0.0,0.0,84.75924776360796,SUCCESS,BEARISH,rebalance,5.0,88167.38,88162.86,0.005126875421242,30.462103639080595
2025-12-21T22:03:49.460572+00:00,btc-updown-15m-1766354400,TRADE,DOWN,DIR_AVERAGE_DOWN,1,1,0.3800277815389415,0.3800277815389415,10.0,0.6202158589762874,12.0,0.4326013418519746,10,1.052817200828262,-0.5281720082826191,2.0,0.0,0.0,0.0,84.37921998206902,SUCCESS,BEARISH,average_down,5.0,88167.38,88162.86,0.005126875421242,30.509656996414744
2025-12-21T22:04:33.543082+00:00,btc-updown-15m-1766354400,TRADE,DOWN,DIR_AVERAGE_DOWN,1,1,0.2900503890469268,0.2900503890469268,10.0,0.6202158589762874,13.0,0.421635883943894,10,1.0418517429201817,-0.4185174292018145,3.0,0.0,0.0,0.0,84.08916959302209,SUCCESS,BEARISH,average_down,5.0,88187.03,88162.86,0.0274151723299337,146.05342982278472
2025-12-21T22:04:49.889655+00:00,btc-updown-15m-1766354400,TRADE,DOWN,DIR_ACCUMULATE,1,1,0.3601123722315502,0.3601123722315502,10.0,0.6202158589762874,14.0,0.4172413473930123,10,1.0374572063692995,-0.3745720636929972,4.0,0.0,0.0,0.0,83.72905722079054,SUCCESS,BEARISH,accumulate,5.0,88175.74,88162.86,0.0146093264215846,70.57484929962114
2025-12-21T22:04:55.378213+00:00,btc-updown-15m-1766354400,TRADE,DOWN,DIR_ACCUMULATE,1,1,0.3600456470451303,0.3600456470451303,10.0,0.6202158589762874,15.0,0.4134283007031535,10,1.033644159679441,-0.3364415967944101,5.0,0.0,0.0,0.0,83.36901157374541,SUCCESS,BEARISH,accumulate,5.0,88175.75,88162.86,0.0146206690663159,69.7784294699014
2025-12-21T22:15:03.101382+00:00,btc-updown-15m-1766354400,RESOLUTION,UP,MARKET_END,25,25,1.0,12.4036,10.0,0.6202,15.0,0.4134,10,1.0336,-0.3364,0.33,0.0,0.0,-2.4036,93.37,RESOLVED,,,,,,,
2025-12-21T22:15:16.591981+00:00,btc-updown-15m-1766355300,TRADE,DOWN,DIR_AVERAGE_DOWN,1,1,0.470211692610288,0.470211692610288,0.0,0.0,1.0,0.470211692610288,0,0.0,0.0,1.0,0.0,0.0,0.0,92.89879988113512,SUCCESS,BEARISH,average_down,5.0,88389.22,88370.59,0.021081674344377,138.014434555022
2025-12-21T22:15:32.795350+00:00,btc-updown-15m-1766355300,TRADE,DOWN,DIR_AVERAGE_DOWN,1,1,0.3800718601003806,0.3800718601003806,0.0,0.0,2.0,0.4251417763553343,0,0.0,0.0,2.0,0.0,0.0,0.0,92.51872802103472,SUCCESS,BEARISH,average_down,5.0,88422.9,88370.59,0.0591939015004852,143.58135969134958
2025-12-21T22:15:48.988483+00:00,btc-updown-15m-1766355300,TRADE,DOWN,DIR_AVERAGE_DOWN,1,1,0.3000967503326437,0.3000967503326437,0.0,0.0,3.0,0.3834601010144374,0,0.0,0.0,3.0,0.0,0.0,0.0,92.21863127070208,SUCCESS,BEARISH,average_down,5.0,88440.93,88370.59,0.0795966169287729,198.7359070593545
2025-12-21T22:15:59.859919+00:00,btc-updown-15m-1766355300,TRADE,DOWN,DIR_ACCUMULATE,1,1,0.2600024405666876,0.2600024405666876,0.0,0.0,4.0,0.3525956859025,0,0.0,0.0,4.0,0.0,0.0,0.0,91.9586288301354,SUCCESS,BEARISH,accumulate,5.0,88469.99,88370.59,0.112480860431065,292.9914438761186
2025-12-21T22:16:05.272130+00:00,btc-updown-15m-1766355300,TRADE,DOWN,DIR_ACCUMULATE,1,1,0.2900609504084068,0.2900609504084068,0.0,0.0,5.0,0.3400887388036814,0,0.0,0.0,5.0,0.0,0.0,0.0,91.668567879727,SUCCESS,BEARISH,accumulate,5.0,88450.43,88370.59,0.090346799766751,230.48322843455543
2025-12-21T22:16:10.786771+00:00,btc-updown-15m-1766355300,TRADE,DOWN,DIR_ACCUMULATE,1,1,0.3000506501045878,0.3000506501045878,0.0,0.0,6.0,0.3334157240204991,0,0.0,0.0,6.0,0.0,0.0,0.0,91.3685172296224,SUCCESS,BEARISH,accumulate,5.0,88450.44,88370.59,0.0903581157486962,226.90058514030795
2025-12-21T22:16:16.193245+00:00,btc-updown-15m-1766355300,TRADE,UP,DIR_REBALANCE,5,5,0.7202028838617016,3.601014419308508,5.0,0.7202028838617016,6.0,0.3334157240204991,5,1.0536186078822007,-0.2680930394110037,1.0,0.0,0.0,0.0,87.76750281031389,SUCCESS,BEARISH,rebalance,5.0,88450.43,88370.59,0.090346799766751,223.6028994336403
2025-12-21T22:16:21.616795+00:00,btc-updown-15m-1766355300,TRADE,DOWN,DIR_AVERAGE_DOWN,1,1,0.3000897354935181,0.3000897354935181,5.0,0.7202028838617016,7.0,0.3286548685166446,5,1.0488577523783462,-0.2442887618917311,2.0,0.0,0.0,0.0,87.46741307482037,SUCCESS,BEARISH,average_down,5.0,88450.43,88370.59,0.090346799766751,221.10891587970676
2025-12-21T22:25:07.523606+00:00,btc-updown-15m-1766355300,TRADE,UP,DIR_EMERGENCY,2,2,0.0200067609893942,0.0400135219787884,7.0,0.520146848755328,7.0,0.3286548685166446,7,0.8488017172719726,1.0583879790961916,0.0,0.0,0.0,0.0,87.42739955284158,SUCCESS,BEARISH,emergency,5.0,88262.0,88370.59,-0.1228802478290532,345.8621508221796
2025-12-21T22:26:28.824701+00:00,btc-updown-15m-1766355300,TRADE,DOWN,DIR_AVERAGE_DOWN,1,1,0.7802057284539039,0.7802057284539039,7.0,0.520146848755328,8.0,0.3850987260088021,7,0.90524557476413,0.663280976651089,1.0,0.0,0.0,0.0,86.64719382438767,SUCCESS,BEARISH,average_down,5.0,88340.0,88370.59,-0.0346155887382855,202.75119768452836
2025-12-21T22:26:34.241578+00:00,btc-updown-15m-1766355300,TRADE,UP,DIR_EMERGENCY,1,1,0.2800349841199352,0.2800349841199352,8.0,0.490132865675904,8.0,0.3850987260088021,8,0.875231591684706,0.998147266522352,0.0,0.0,0.0,0.0,86.36715884026773,SUCCESS,BEARISH,emergency,5.0,88343.79,88370.59,-0.0303268315850362,171.9764134139618
2025-12-21T22:26:39.644912+00:00,btc-updown-15m-1766355300,TRADE,DOWN,DIR_AVERAGE_DOWN,1,1,0.7696195013823094,0.7696195013823094,8.0,0.490132865675904,9.0,0.4278232566058584,8,0.9179561222817624,0.6563510217459001,1.0,0.0,0.0,0.0,85.59753933888543,SUCCESS,BEARISH,average_down,5.0,88343.78,88370.59,-0.030338147566965,173.1856768827245
2025-12-21T22:26:45.073647+00:00,btc-updown-15m-1766355300,TRADE,UP,DIR_EMERGENCY,1,1,0.2300495488785164,0.2300495488785164,9.0,0.4612347193650831,9.0,0.4278232566058584,9,0.8890579759709416,0.9984782162615256,0.0,0.0,0.0,0.0,85.36748979000691,SUCCESS,BEARISH,emergency,5.0,88343.79,88370.59,-0.0303268315850362,177.6269134049496
2025-12-21T22:26:50.465136+00:00,btc-updown-15m-1766355300,TRADE,DOWN,DIR_AVERAGE_DOWN,1,1,0.8401532880759937,0.8401532880759937,9.0,0.4612347193650831,10.0,0.4690562597528719,9,0.930290979117955,0.627381187938405,1.0,0.0,0.0,0.0,84.52733650193092,SUCCESS,BEARISH,average_down,5.0,88343.79,88370.59,-0.0303268315850362,178.026527190763
2025-12-21T22:26:55.862281+00:00,btc-updown-15m-1766355300,TRADE,UP,DIR_EMERGENCY,1,1,0.130019641147923,0.130019641147923,10.0,0.4281132115433671,10.0,0.4690562597528719,10,0.897169471296239,1.0283052870376097,0.0,0.0,0.0,0.0,84.397316860783,SUCCESS,BEARISH,emergency,5.0,88341.53,88370.59,-0.0328842435022756,193.29717798775317
2025-12-21T22:27:22.933459+00:00,btc-updown-15m-1766355300,TRADE,DOWN,DIR_AVERAGE_DOWN,1,1,0.8203930564903396,0.8203930564903396,10.0,0.4281132115433671,11.0,0.5009959685471872,10,0.9291091800905544,0.7089081990944568,1.0,0.0,0.0,0.0,83.57692380429265,SUCCESS,BEARISH,average_down,5.0,88348.76,88370.59,-0.0247027885634822,134.68698718395302
2025-12-21T22:27:28.350580+00:00,btc-updown-15m-1766355300,TRADE,UP,DIR_EMERGENCY,1,1,0.1300047623257542,0.1300047623257542,11.0,0.401012443432675,11.0,0.5009959685471872,11,0.902008411979862,1.0779074682215164,0.0,0.0,0.0,0.0,83.4469190419669,SUCCESS,BEARISH,emergency,5.0,88333.99,88370.59,-0.0414164938810426,192.6814441144793
2025-12-21T22:27:39.182078+00:00,btc-updown-15m-1766355300,TRADE,DOWN,DIR_AVERAGE_DOWN,1,1,0.7802290399188931,0.7802290399188931,11.0,0.401012443432675,12.0,0.5242653911614961,11,0.925277834594171,0.8219438194641189,1.0,0.0,0.0,0.0,82.666690002048,SUCCESS,BEARISH,average_down,5.0,88349.9,88370.59,-0.0234127666229254,110.49967475178592
2025-12-21T22:27:44.595117+00:00,btc-updown-15m-1766355300,TRADE,UP,DIR_EMERGENCY,1,1,0.2400809043555434,0.2400809043555434,12.0,0.387601481842914,12.0,0.5242653911614961,12,0.9118668730044102,1.057597523947078,0.0,0.0,0.0,0.0,82.42660909769246,SUCCESS,BEARISH,emergency,5.0,88349.9,88370.59,-0.0234127666229254,108.06338564954171
2025-12-21T22:27:49.988393+00:00,btc-updown-15m-1766355300,TRADE,DOWN,DIR_AVERAGE_DOWN,1,1,0.7903922425994554,0.7903922425994554,12.0,0.387601481842914,13.0,0.5447366874259545,12,0.9323381692688686,0.8119419687735769,1.0,0.0,0.0,0.0,81.63621685509301,SUCCESS,BEARISH,average_down,5.0,88349.89,88370.59,-0.0234240826048542,108.11536030473268
2025-12-21T22:27:55.399729+00:00,btc-updown-15m-1766355300,TRADE,UP,DIR_EMERGENCY,1,1,0.2200251562281164,0.2200251562281164,13.0,0.3747109952571603,13.0,0.5447366874259545,13,0.9194476826831148,1.0471801251195072,0.0,0.0,0.0,0.0,81.41619169886489,SUCCESS,BEARISH,emergency,5.0,88349.9,88370.59,-0.0234127666229254,101.67441279334534
2025-12-21T22:28:00.826757+00:00,btc-updown-15m-1766355300,TRADE,DOWN,DIR_AVERAGE_DOWN,1,1,0.8102561044338631,0.8102561044338631,13.0,0.3747109952571603,14.0,0.5637023600693765,13,0.9384133553265368,0.8006263807550216,1.0,0.0,0.0,0.0,80.60593559443103,SUCCESS,BEARISH,average_down,5.0,88349.89,88370.59,-0.0234240826048542,101.55962235412996
2025-12-21T22:28:06.264927+00:00,btc-updown-15m-1766355300,TRADE,UP,DIR_EMERGENCY,1,1,0.1900910919799298,0.1900910919799298,14.0,0.3615238593087868,14.0,0.5637023600693765,14,0.9252262193781632,1.046832928705714,0.0,0.0,0.0,0.0,80.41584450245111,SUCCESS,BEARISH,emergency,5.0,88349.89,88370.59,-0.0234240826048542,102.35524583038423
2025-12-21T22:28:11.661301+00:00,btc-updown-15m-1766355300,TRADE,DOWN,DIR_AVERAGE_DOWN,1,1,0.8402353375235198,0.8402353375235198,14.0,0.3615238593087868,15.0,0.5821378918996527,14,0.9436617512084396,0.7887354830818465,1.0,0.0,0.0,0.0,79.57560916492758,SUCCESS,BEARISH,average_down,5.0,88349.9,88370.59,-0.0234127666229254,100.02918846120728
2025-12-21T22:28:22.510792+00:00,btc-updown-15m-1766355300,TRADE,UP,DIR_EMERGENCY,1,1,0.1800371328517929,0.1800371328517929,15.0,0.3494247442116538,15.0,0.5821378918996527,15,0.9315626361113064,1.0265604583304022,0.0,0.0,0.0,0.0,79.39557203207579,SUCCESS,BEARISH,emergency,5.0,88349.9,88370.59,-0.0234127666229254,105.6559261565161
2025-12-21T22:30:05.380737+00:00,btc-updown-15m-1766355300,RESOLUTION,UP,MARKET_END,30,30,1.0,13.9734,15.0,0.3494,15.0,0.5821,15,0.9316,1.0266,0.0,0.0,0.0,1.0266,94.4,RESOLVED,,,,,,,
2025-12-21T22:30:13.400492+00:00,btc-updown-15m-1766356200,TRADE,DOWN,DIR_AVERAGE_DOWN,1,1,0.4501362803147627,0.4501362803147627,0.0,0.0,1.0,0.4501362803147627,0,0.0,0.0,1.0,0.0,0.0,0.0,93.94543575176102,SUCCESS,BEARISH,average_down,5.0,88376.99,88357.8,0.0217185126836593,168.56389321859987
2025-12-21T22:30:35.188319+00:00,btc-updown-15m-1766356200,TRADE,DOWN,DIR_AVERAGE_DOWN,1,1,0.3100219660899376,0.3100219660899376,0.0,0.0,2.0,0.3800791232023501,0,0.0,0.0,2.0,0.0,0.0,0.0,93.63541378567108,SUCCESS,BEARISH,average_down,5.0,88412.25,88357.8,0.0616244406266306,493.8136511783926
2025-12-21T22:30:51.485552+00:00,btc-updown-15m-1766356200,TRADE,DOWN,DIR_AVERAGE_DOWN,1,1,0.2600624577921984,0.2600624577921984,0.0,0.0,3.0,0.3400735680656329,0,0.0,0.0,3.0,0.0,0.0,0.0,93.37535132787887,SUCCESS,BEARISH,average_down,5.0,88425.48,88357.8,0.0765976518202049,594.9237499925972
2025-12-21T22:30:56.942789+00:00,btc-updown-15m-1766356200,TRADE,DOWN,DIR_ACCUMULATE,1,1,0.210013430143056,0.210013430143056,0.0,0.0,4.0,0.3075585335849887,0,0.0,0.0,4.0,0.0,0.0,0.0,93.16533789773584,SUCCESS,BEARISH,accumulate,5.0,88439.99,88357.8,0.093019518367368,684.3107425531846
2025-12-21T22:31:07.876496+00:00,btc-updown-15m-1766356200,TRADE,DOWN,DIR_ACCUMULATE,1,1,0.2300581538590839,0.2300581538590839,0.0,0.0,5.0,0.2920584576398077,0,0.0,0.0,5.0,0.0,0.0,0.0,92.93527974387676,SUCCESS,BEARISH,accumulate,5.0,88440.0,88357.8,0.0930308359873119,703.8354789958497
2025-12-21T22:31:13.325369+00:00,btc-updown-15m-1766356200,TRADE,DOWN,DIR_ACCUMULATE,1,1,0.2700697353502673,0.2700697353502673,0.0,0.0,6.0,0.288393670591551,0,0.0,0.0,6.0,0.0,0.0,0.0,92.66521000852649,SUCCESS,BEARISH,accumulate,5.0,88434.59,88357.8,0.0869080035944688,651.5508242247882
2025-12-21T22:31:18.728403+00:00,btc-updown-15m-1766356200,TRADE,UP,DIR_REBALANCE,5,5,0.6700054116452167,3.350027058226084,5.0,0.6700054116452167,6.0,0.288393670591551,5,0.9583990822367676,0.2080045888161619,1.0,0.0,0.0,0.0,89.3151829503004,SUCCESS,BEARISH,rebalance,5.0,88412.25,88357.8,0.0616244406266306,432.2849299880008
2025-12-21T22:31:24.158798+00:00,btc-updown-15m-1766356200,TRADE,DOWN,DIR_AVERAGE_DOWN,1,1,0.3901828764579286,0.3901828764579286,5.0,0.6700054116452167,7.0,0.3029349857153192,5,0.972940397360536,0.1352980131973202,2.0,0.0,0.0,0.0,88.92500007384247,SUCCESS,BEARISH,average_down,5.0,88400.0,88357.8,0.0477603561881317,328.8838485535828
2025-12-21T22:38:04.058354+00:00,btc-updown-15m-1766356200,TRADE,DOWN,DIR_AVERAGE_DOWN,1,1,0.2500320455872494,0.2500320455872494,5.0,0.6700054116452167,8.0,0.2963221181993105,5,0.9663275298445272,0.168362350777364,3.0,0.0,0.0,0.0,88.67496802825522,SUCCESS,BEARISH,average_down,5.0,88398.45,88357.8,0.0460061250959102,304.86865464318345
2025-12-21T22:38:09.575518+00:00,btc-updown-15m-1766356200,TRADE,DOWN,DIR_ACCUMULATE,1,1,0.2500334466339021,0.2500334466339021,5.0,0.6700054116452167,9.0,0.2911789324698207,5,0.9611843441150374,0.194078279424813,4.0,0.0,0.0,0.0,88.42493458162132,SUCCESS,BEARISH,accumulate,5.0,88398.46,88357.8,0.0460174427158705,273.2404340224276
2025-12-21T22:38:15.023311+00:00,btc-updown-15m-1766356200,TRADE,DOWN,DIR_ACCUMULATE,1,1,0.2399841568363767,0.2399841568363767,5.0,0.6700054116452167,10.0,0.2860594549064763,5,0.956064866551693,0.2196756672415351,5.0,0.0,0.0,0.0,88.18495042478494,SUCCESS,BEARISH,accumulate,5.0,88398.45,88357.8,0.0460061250959102,271.9113207858064
2025-12-21T22:38:20.458164+00:00,btc-updown-15m-1766356200,TRADE,DOWN,DIR_ACCUMULATE,1,1,0.2500935145232379,0.2500935145232379,5.0,0.6700054116452167,11.0,0.2827898239625455,5,0.9527952356077622,0.2360238219611887,6.0,0.0,0.0,0.0,87.9348569102617,SUCCESS,BEARISH,accumulate,5.0,88398.45,88357.8,0.0460061250959102,274.5856476170531
2025-12-21T22:38:25.910978+00:00,btc-updown-15m-1766356200,TRADE,UP,DIR_REBALANCE,5,5,0.750256522663457,3.7512826133172847,10.0,0.7101309671543368,11.0,0.2827898239625455,10,0.9929207911168824,0.0707920888311774,1.0,0.0,0.0,0.0,84.18357429694441,SUCCESS,BEARISH,rebalance,5.0,88398.46,88357.8,0.0460174427158705,276.77709290798566
2025-12-21T22:38:31.518153+00:00,btc-updown-15m-1766356200,TRADE,DOWN,DIR_AVERAGE_DOWN,1,1,0.2600514241061479,0.2600514241061479,10.0,0.7101309671543368,12.0,0.2808949573078457,10,0.9910259244621824,0.0897407553781748,2.0,0.0,0.0,0.0,83.92352287283826,SUCCESS,BEARISH,average_down,5.0,88398.46,88357.8,0.0460174427158705,276.76959121776406
2025-12-21T22:39:20.721823+00:00,btc-updown-15m-1766356200,TRADE,DOWN,DIR_AVERAGE_DOWN,1,1,0.2300039040046952,0.2300039040046952,10.0,0.7101309671543368,13.0,0.276980260899911,10,0.9871112280542478,0.1288877194575222,3.0,0.0,0.0,0.0,83.69351896883357,SUCCESS,BEARISH,average_down,5.0,88398.46,88357.8,0.0460174427158705,6745.800628201416
2025-12-21T22:39:26.281777+00:00,btc-updown-15m-1766356200,TRADE,DOWN,DIR_ACCUMULATE,1,1,0.2200071783726863,0.2200071783726863,10.0,0.7101309671543368,14.0,0.2729107550051093,10,0.983041722159446,0.1695827784055392,4.0,0.0,0.0,0.0,83.47351179046089,SUCCESS,BEARISH,accumulate,5.0,88398.45,88357.8,0.0460061250959102,6531.028361790152
2025-12-21T22:39:31.746116+00:00,btc-updown-15m-1766356200,TRADE,DOWN,DIR_ACCUMULATE,1,1,0.2400978097882052,0.2400978097882052,10.0,0.7101309671543368,15.0,0.2707232253239823,10,0.9808541924783192,0.1914580752168082,5.0,0.0,0.0,0.0,83.23341398067268,SUCCESS,BEARISH,accumulate,5.0,88398.45,88357.8,0.0460061250959102,6713.416374529986
2025-12-21T22:40:04.583747+00:00,btc-updown-15m-1766356200,TRADE,UP,DIR_EMERGENCY,5,5,0.6001938816595888,3.000969408297944,15.0,0.6734852719894208,15.0,0.2707232253239823,15,0.9442084973134032,0.8368725402989541,0.0,0.0,0.0,0.0,80.23244457237473,SUCCESS,BEARISH,emergency,5.0,88364.09,88357.8,0.0071187829484138,48.097559438377225
2025-12-21T22:45:00.225219+00:00,btc-updown-15m-1766356200,RESOLUTION,UP,MARKET_END,30,30,1.0,14.1631,15.0,0.6735,15.0,0.2707,15,0.9442,0.8369,0.0,0.0,0.0,0.8369,95.23,RESOLVED,,,,,,,
2025-12-21T22:45:13.774077+00:00,btc-updown-15m-1766357100,TRADE,DOWN,DIR_AVERAGE_DOWN,1,1,0.5601832040192718,0.5601832040192718,0.0,0.0,1.0,0.5601832040192718,0,0.0,0.0,1.0,0.0,0.0,0.0,94.67226136835546,SUCCESS,BEARISH,average_down,5.0,88378.26,88378.26,0.0,0.2139444931808187
2025-12-21T22:45:30.073627+00:00,btc-updown-15m-1766357100,TRADE,DOWN,DIR_AVERAGE_DOWN,1,1,0.5001033580471356,0.5001033580471356,0.0,0.0,2.0,0.5301432810332036,0,0.0,0.0,2.0,0.0,0.0,0.0,94.17215801030832,SUCCESS,BEARISH,average_down,5.0,88378.27,88378.26,1.1314999875889418e-05,0.2895010362733186
2025-12-21T22:46:56.584832+00:00,btc-updown-15m-1766357100,TRADE,DOWN,DIR_AVERAGE_DOWN,1,1,0.3201009845877361,0.3201009845877361,0.0,0.0,3.0,0.4601291822180477,0,0.0,0.0,3.0,0.0,0.0,0.0,93.85205702572058,SUCCESS,BEARISH,average_down,5.0,88435.92,88378.26,0.0652422892236207,549.6636433673439
2025-12-21T22:47:18.250182+00:00,btc-updown-15m-1766357100,TRADE,DOWN,DIR_ACCUMULATE,1,1,0.4602183002655708,0.4602183002655708,0.0,0.0,4.0,0.4601514617299285,0,0.0,0.0,4.0,0.0,0.0,0.0,93.39183872545502,SUCCESS,BEARISH,accumulate,5.0,88401.05,88378.26,0.0257868846931452,172.93731071041742
2025-12-21T22:47:23.675003+00:00,btc-updown-15m-1766357100,TRADE,DOWN,DIR_ACCUMULATE,1,1,0.4701908813918466,0.4701908813918466,0.0,0.0,5.0,0.4621593456623121,0,0.0,0.0,5.0,0.0,0.0,0.0,92.92164784406316,SUCCESS,BEARISH,accumulate,5.0,88401.04,88378.26,0.0257755696932694,172.86060028671432
2025-12-21T22:47:29.088558+00:00,btc-updown-15m-1766357100,TRADE,DOWN,DIR_ACCUMULATE,1,1,0.4799926512860164,0.4799926512860164,0.0,0.0,6.0,0.4651315632662628,0,0.0,0.0,6.0,0.0,0.0,0.0,92.44165519277716,SUCCESS,BEARISH,accumulate,5.0,88401.04,88378.26,0.0257755696932694,159.0109994988653
2025-12-21T22:47:34.518699+00:00,btc-updown-15m-1766357100,TRADE,UP,DIR_REBALANCE,5,5,0.5401835517577604,2.700917758788802,5.0,0.5401835517577604,6.0,0.4651315632662628,5,1.0053151150240234,-0.0265755751201168,1.0,0.0,0.0,0.0,89.74073743398836,SUCCESS,BEARISH,rebalance,5.0,88401.05,88378.26,0.0257868846931452,158.36936277445636
2025-12-21T22:47:45.432698+00:00,btc-updown-15m-1766357100,TRADE,DOWN,DIR_AVERAGE_DOWN,1,1,0.4902093321769257,0.4902093321769257,5.0,0.5401835517577604,7.0,0.4687141016820718,5,1.0088976534398322,-0.0444882671991608,2.0,0.0,0.0,0.0,89.25052810181143,SUCCESS,BEARISH,average_down,5.0,88401.04,88378.26,0.0257755696932694,168.9623443266705
2025-12-21T22:49:07.041275+00:00,btc-updown-15m-1766357100,TRADE,DOWN,DIR_AVERAGE_DOWN,1,1,0.4399796246380055,0.4399796246380055,5.0,0.5401835517577604,8.0,0.4651222920515635,5,1.005305843809324,-0.0265292190466204,3.0,0.0,0.0,0.0,88.81054847717343,SUCCESS,BEARISH,average_down,5.0,88389.92,88378.26,0.0131932898430038,91.457990731657
2025-12-21T22:49:12.494615+00:00,btc-updown-15m-1766357100,TRADE,DOWN,DIR_ACCUMULATE,1,1,0.4501829905213496,0.4501829905213496,5.0,0.5401835517577604,9.0,0.4634623696593175,5,1.003645921417078,-0.0182296070853893,4.0,0.0,0.0,0.0,88.36036548665207,SUCCESS,BEARISH,accumulate,5.0,88389.92,88378.26,0.0131932898430038,91.38882653390738
2025-12-21T22:49:23.316853+00:00,btc-updown-15m-1766357100,TRADE,DOWN,DIR_ACCUMULATE,1,1,0.4600436399632152,0.4600436399632152,5.0,0.5401835517577604,10.0,0.4631204966897073,5,1.0033040484474678,-0.0165202422373389,5.0,0.0,0.0,0.0,87.90032184668885,SUCCESS,BEARISH,accumulate,5.0,88389.91,88378.26,0.0131819748431443,91.05567875536158
2025-12-21T22:49:28.707628+00:00,btc-updown-15m-1766357100,TRADE,DOWN,DIR_ACCUMULATE,1,1,0.4301822139247216,0.4301822139247216,5.0,0.5401835517577604,11.0,0.4601261073474358,5,1.0003096591051963,-0.0015482955259815,6.0,0.0,0.0,0.0,87.47013963276413,SUCCESS,BEARISH,accumulate,5.0,88392.19,88378.26,0.0157617948124432,109.893588047645
2025-12-21T22:49:34.190701+00:00,btc-updown-15m-1766357100,TRADE,UP,DIR_REBALANCE,5,3,0.6001322559524028,1.8003967678572086,8.0,0.5626643158307514,11.0,0.4601261073474358,8,1.0227904231781872,-0.1823233854254979,3.0,0.0,0.0,0.0,85.66974286490692,SUCCESS,BEARISH,rebalance,5.0,88402.11,88378.26,0.0269862746788699,180.2836172624829
2025-12-21T22:49:39.607304+00:00,btc-updown-15m-1766357100,TRADE,DOWN,DIR_ACCUMULATE,1,1,0.4001889205705018,0.4001889205705018,8.0,0.5626643158307514,12.0,0.4551313417826914,8,1.0177956576134428,-0.1423652609075425,4.0,0.0,0.0,0.0,85.26955394433642,SUCCESS,BEARISH,accumulate,5.0,88402.11,88378.26,0.0269862746788699,176.42422500547633
2025-12-21T22:49:45.105447+00:00,btc-updown-15m-1766357100,TRADE,DOWN,DIR_ACCUMULATE,1,1,0.3801320416819595,0.3801320416819595,8.0,0.5626643158307514,13.0,0.4493621648518658,8,1.0120264806826174,-0.0962118454609388,5.0,0.0,0.0,0.0,84.88942190265446,SUCCESS,BEARISH,accumulate,5.0,88408.84,88378.26,0.0346012695882468,214.6874288780856
2025-12-21T22:49:50.522643+00:00,btc-updown-15m-1766357100,TRADE,DOWN,DIR_ACCUMULATE,1,1,0.3200284199365242,0.3200284199365242,8.0,0.5626643158307514,14.0,0.4401240402150557,8,1.002788356045807,-0.0223068483664565,6.0,0.0,0.0,0.0,84.56939348271794,SUCCESS,BEARISH,accumulate,5.0,88415.16,88378.26,0.0417523495031569,270.3538003676157
2025-12-21T22:50:01.727758+00:00,btc-updown-15m-1766357100,TRADE,UP,DIR_REBALANCE,5,5,0.699995627880022,3.49997813940011,13.0,0.6154840512343169,14.0,0.4401240402150557,13,1.0556080914493726,-0.7229051888418441,1.0,0.0,0.0,0.0,81.06941534331783,SUCCESS,BEARISH,rebalance,5.0,88420.0,88378.26,0.0472288094379831,321.8715719932128
2025-12-21T22:50:07.125035+00:00,btc-updown-15m-1766357100,TRADE,DOWN,DIR_AVERAGE_DOWN,1,1,0.3101219300266445,0.3101219300266445,13.0,0.6154840512343169,15.0,0.4314572328691616,13,1.0469412841034786,-0.6102366933452223,2.0,0.0,0.0,0.0,80.75929341329119,SUCCESS,BEARISH,average_down,5.0,88420.0,88378.26,0.0472288094379831,316.9731501039455
2025-12-21T23:00:04.957699+00:00,btc-updown-15m-1766357100,RESOLUTION,UP,MARKET_END,28,28,1.0,14.4732,13.0,0.6155,15.0,0.4315,13,1.0469,-0.6102,0.13,0.0,0.0,-1.4732,93.76,RESOLVED,,,,,,,
2025-12-21T23:00:13.438073+00:00,btc-updown-15m-1766358000,TRADE,DOWN,DIR_AVERAGE_DOWN,1,1,0.3800342956980536,0.3800342956980536,0.0,0.0,1.0,0.3800342956980536,0,0.0,0.0,1.0,0.0,0.0,0.0,93.37925911759314,SUCCESS,BEARISH,average_down,5.0,88531.38,88483.63,0.0539647842205388,283.7557852201745
2025-12-21T23:01:23.815105+00:00,btc-updown-15m-1766358000,TRADE,DOWN,DIR_AVERAGE_DOWN,1,1,0.2900951259051805,0.2900951259051805,0.0,0.0,2.0,0.3350647108016171,0,0.0,0.0,2.0,0.0,0.0,0.0,93.08916399168795,SUCCESS,BEARISH,average_down,5.0,88553.48,88483.63,0.0789411555561082,412.632670140022
2025-12-21T23:01:34.722460+00:00,btc-updown-15m-1766358000,TRADE,DOWN,DIR_AVERAGE_DOWN,1,1,0.2600351571540049,0.2600351571540049,0.0,0.0,3.0,0.3100548595857463,0,0.0,0.0,3.0,0.0,0.0,0.0,92.82912883453396,SUCCESS,BEARISH,average_down,5.0,88585.98,88483.63,0.1156711134025483,697.7084816712639
2025-12-21T23:01:40.124241+00:00,btc-updown-15m-1766358000,TRADE,DOWN,DIR_ACCUMULATE,1,1,0.2200084609084184,0.2200084609084184,0.0,0.0,4.0,0.2875432599164144,0,0.0,0.0,4.0,0.0,0.0,0.0,92.60912037362552,SUCCESS,BEARISH,accumulate,5.0,88585.98,88483.63,0.1156711134025483,697.7048841494508
2025-12-21T23:01:45.676965+00:00,btc-updown-15m-1766358000,TRADE,DOWN,DIR_ACCUMULATE,1,1,0.2201001443627359,0.2201001443627359,0.0,0.0,5.0,0.2740546368056787,0,0.0,0.0,5.0,0.0,0.0,0.0,92.3890202292628,SUCCESS,BEARISH,accumulate,5.0,88599.99,88483.63,0.1315045506157473,820.4932110315763
2025-12-21T23:01:51.069406+00:00,btc-updown-15m-1766358000,TRADE,DOWN,DIR_ACCUMULATE,1,1,0.2100099658836444,0.2100099658836444,0.0,0.0,6.0,0.2633805249853396,0,0.0,0.0,6.0,0.0,0.0,0.0,92.17901026337915,SUCCESS,BEARISH,accumulate,5.0,88600.0,88483.63,0.1315158521412326,815.1447794321663
2025-12-21T23:01:56.466916+00:00,btc-updown-15m-1766358000,TRADE,UP,DIR_REBALANCE,5,5,0.820190357806991,4.100951789034955,5.0,0.820190357806991,6.0,0.2633805249853396,5,1.0835708827923307,-0.4178544139616535,1.0,0.0,0.0,0.0,88.0780584743442,SUCCESS,BEARISH,rebalance,5.0,88626.81,88483.63,0.1618152419831702,1167.4456616083853
2025-12-21T23:02:01.867071+00:00,btc-updown-15m-1766358000,TRADE,DOWN,DIR_AVERAGE_DOWN,1,1,0.1500372178218872,0.1500372178218872,5.0,0.820190357806991,7.0,0.2471886239619893,5,1.0673789817689805,-0.3368949088449013,2.0,0.0,0.0,0.0,87.92802125652231,SUCCESS,BEARISH,average_down,5.0,88659.52,88483.63,0.198782531864933,1118.928247820351
2025-12-21T23:02:12.904113+00:00,btc-updown-15m-1766358000,TRADE,DOWN,DIR_AVERAGE_DOWN,1,1,0.1000326836301373,0.1000326836301373,5.0,0.820190357806991,8.0,0.2287941314205078,5,1.0489844892274989,-0.2449224461374943,3.0,0.0,0.0,0.0,87.82798857289218,SUCCESS,BEARISH,average_down,5.0,88800.98,88483.63,0.3586539114636134,990.9468268785432
2025-12-21T23:02:18.310560+00:00,btc-updown-15m-1766358000,TRADE,DOWN,DIR_ACCUMULATE,1,1,0.1700000251586751,0.1700000251586751,5.0,0.820190357806991,9.0,0.2222614529469708,5,1.0424518107539618,-0.2122590537698088,4.0,0.0,0.0,0.0,87.65798854773351,SUCCESS,BEARISH,accumulate,5.0,88693.73,88483.63,0.2374450505703611,882.7868092720106
2025-12-21T23:02:23.715189+00:00,btc-updown-15m-1766358000,TRADE,DOWN,DIR_ACCUMULATE,1,1,0.1400272063568496,0.1400272063568496,5.0,0.820190357806991,10.0,0.2140380282879587,5,1.0342283860949495,-0.1711419304747485,5.0,0.0,0.0,0.0,87.51796134137666,SUCCESS,BEARISH,accumulate,5.0,88705.11,88483.63,0.2503061865793661,895.0239505686136
2025-12-21T23:02:34.636268+00:00,btc-updown-15m-1766358000,TRADE,DOWN,DIR_ACCUMULATE,1,1,0.1200082728044023,0.1200082728044023,5.0,0.820190357806991,11.0,0.2054898686985445,5,1.0256802265055356,-0.1284011325276779,6.0,0.0,0.0,0.0,87.39795306857226,SUCCESS,BEARISH,accumulate,5.0,88747.91,88483.63,0.2986767156817581,723.0935702695019
2025-12-21T23:02:40.052262+00:00,btc-updown-15m-1766358000,TRADE,UP,DIR_REBALANCE,5,5,0.8700265640239006,4.350132820119502,10.0,0.8451084609154457,11.0,0.2054898686985445,10,1.0505983296139902,-0.5059832961399024,1.0,0.0,0.0,0.0,83.04782024845277,SUCCESS,BEARISH,rebalance,5.0,88729.65,88483.63,0.2780401301347939,655.7576364350647
2025-12-21T23:02:50.987503+00:00,btc-updown-15m-1766358000,TRADE,DOWN,DIR_AVERAGE_DOWN,1,1,0.1200032326732332,0.1200032326732332,10.0,0.8451084609154457,12.0,0.1983659823631019,10,1.0434744432785477,-0.4347444327854766,2.0,0.0,0.0,0.0,82.92781701577954,SUCCESS,BEARISH,average_down,5.0,88762.01,88483.63,0.3146118666243576,619.8850494809135
2025-12-21T23:04:44.896542+00:00,btc-updown-15m-1766358000,TRADE,DOWN,DIR_AVERAGE_DOWN,1,1,0.1000086128274298,0.1000086128274298,10.0,0.8451084609154457,13.0,0.1908000308603579,10,1.0359084917758037,-0.3590849177580368,3.0,0.0,0.0,0.0,82.82780840295212,SUCCESS,BEARISH,average_down,5.0,88746.56,88483.63,0.2971510097404378,1287.4882686557614
2025-12-21T23:04:50.436799+00:00,btc-updown-15m-1766358000,TRADE,DOWN,DIR_ACCUMULATE,1,1,0.1200418812212577,0.1200418812212577,10.0,0.8451084609154457,14.0,0.1857458773147079,10,1.0308543382301536,-0.308543382301536,4.0,0.0,0.0,0.0,82.70776652173086,SUCCESS,BEARISH,accumulate,5.0,88718.42,88483.63,0.265348517008167,1091.3581461488263
2025-12-21T23:04:55.824857+00:00,btc-updown-15m-1766358000,TRADE,DOWN,DIR_ACCUMULATE,1,1,0.120026472810386,0.120026472810386,10.0,0.8451084609154457,15.0,0.1813645836810864,10,1.0264730445965322,-0.2647304459653221,5.0,0.0,0.0,0.0,82.58774004892048,SUCCESS,BEARISH,accumulate,5.0,88708.84,88483.63,0.2545216555875836,1031.0999172003974
2025-12-21T23:15:05.377996+00:00,btc-updown-15m-1766358000,RESOLUTION,UP,MARKET_END,25,25,1.0,11.1716,10.0,0.8451,15.0,0.1814,10,1.0265,-0.2647,0.33,0.0,0.0,-1.1716,92.59,RESOLVED,,,,,,,
2025-12-21T23:15:13.827788+00:00,btc-updown-15m-1766358900,TRADE,DOWN,DIR_AVERAGE_DOWN,1,1,0.5300180515630922,0.5300180515630922,0.0,0.0,1.0,0.5300180515630922,0,0.0,0.0,1.0,0.0,0.0,0.0,92.0577219973574,SUCCESS,BEARISH,average_down,5.0,88534.2,88521.7,0.0141208313893655,65.61131311175465
2025-12-21T23:15:35.623388+00:00,btc-updown-15m-1766358900,TRADE,DOWN,DIR_AVERAGE_DOWN,1,1,0.4001707758395737,0.4001707758395737,0.0,0.0,2.0,0.465094413701333,0,0.0,0.0,2.0,0.0,0.0,0.0,91.65755122151782,SUCCESS,BEARISH,average_down,5.0,88569.64,88521.7,0.0541562125444973,252.95071803741064
2025-12-21T23:15:41.053402+00:00,btc-updown-15m-1766358900,TRADE,DOWN,DIR_AVERAGE_DOWN,1,1,0.3400022955947364,0.3400022955947364,0.0,0.0,3.0,0.4233970409991341,0,0.0,0.0,3.0,0.0,0.0,0.0,91.31754892592308,SUCCESS,BEARISH,average_down,5.0,88592.82,88521.7,0.0803418822729453,386.5944871163867
2025-12-21T23:15:57.343099+00:00,btc-updown-15m-1766358900,TRADE,DOWN,DIR_ACCUMULATE,1,1,0.2900945613641962,0.2900945613641962,0.0,0.0,4.0,0.3900714210903996,0,0.0,0.0,4.0,0.0,0.0,0.0,91.02745436455888,SUCCESS,BEARISH,accumulate,5.0,88627.07,88521.7,0.1190329602798069,584.7536008059944
2025-12-21T23:16:13.796156+00:00,btc-updown-15m-1766358900,TRADE,DOWN,DIR_ACCUMULATE,1,1,0.2600804713852708,0.2600804713852708,0.0,0.0,5.0,0.3640732311493738,0,0.0,0.0,5.0,0.0,0.0,0.0,90.7673738931736,SUCCESS,BEARISH,accumulate,5.0,88642.37,88521.7,0.1363168579003772,763.0935169950849
2025-12-21T23:16:19.212689+00:00,btc-updown-15m-1766358900,TRADE,DOWN,DIR_ACCUMULATE,1,1,0.2500867565018597,0.2500867565018597,0.0,0.0,6.0,0.3450754853747881,0,0.0,0.0,6.0,0.0,0.0,0.0,90.51728713667175,SUCCESS,BEARISH,accumulate,5.0,88649.99,88521.7,0.1449249167153457,793.3722656926777
2025-12-21T23:16:24.636501+00:00,btc-updown-15m-1766358900,TRADE,UP,DIR_REBALANCE,5,5,0.5801103405981678,2.900551702990839,5.0,0.5801103405981678,6.0,0.3450754853747881,5,0.925185825972956,0.3740708701352202,1.0,0.0,0.0,0.0,87.61673543368092,SUCCESS,BEARISH,rebalance,5.0,88575.55,88521.7,0.0608325416253933,142.41968868376017
2025-12-21T23:16:30.079367+00:00,btc-updown-15m-1766358900,TRADE,DOWN,DIR_AVERAGE_DOWN,1,1,0.3700757509426413,0.3700757509426413,5.0,0.5801103405981678,7.0,0.3486469518844814,5,0.9287572924826492,0.3562135375867536,2.0,0.0,0.0,0.0,87.24665968273827,SUCCESS,BEARISH,average_down,5.0,88588.12,88521.7,0.0750324496705307,173.53377182460864
2025-12-21T23:16:35.477169+00:00,btc-updown-15m-1766358900,TRADE,DOWN,DIR_AVERAGE_DOWN,1,1,0.330023507084605,0.330023507084605,5.0,0.5801103405981678,8.0,0.3463190212844969,5,0.9264293618826648,0.3678531905866766,3.0,0.0,0.0,0.0,86.91663617565366,SUCCESS,BEARISH,average_down,5.0,88603.91,88521.7,0.0928698838815865,211.4111122896389
2025-12-21T23:16:40.889255+00:00,btc-updown-15m-1766358900,TRADE,DOWN,DIR_ACCUMULATE,1,1,0.3500855055640839,0.3500855055640839,5.0,0.5801103405981678,9.0,0.3467375195377843,5,0.9268478601359522,0.3657606993202389,4.0,0.0,0.0,0.0,86.56655067008958,SUCCESS,BEARISH,accumulate,5.0,88601.43,88521.7,0.0900683109339246,205.8600862606915
2025-12-21T23:16:46.303047+00:00,btc-updown-15m-1766358900,TRADE,DOWN,DIR_ACCUMULATE,1,1,0.3301017574110231,0.3301017574110231,5.0,0.5801103405981678,10.0,0.3450739433251082,5,0.925184283923276,0.3740785803836199,5.0,0.0,0.0,0.0,86.23644891267855,SUCCESS,BEARISH,accumulate,5.0,88603.32,88521.7,0.0922033806400124,204.88578317166952
2025-12-21T23:16:51.740125+00:00,btc-updown-15m-1766358900,TRADE,DOWN,DIR_ACCUMULATE,1,1,0.3301248605426783,0.3301248605426783,5.0,0.5801103405981678,11.0,0.3437149357994328,5,0.9238252763976008,0.3808736180119965,6.0,0.0,0.0,0.0,85.90632405213587,SUCCESS,BEARISH,accumulate,5.0,88603.32,88521.7,0.0922033806400124,200.5159040788465
2025-12-21T23:16:57.154874+00:00,btc-updown-15m-1766358900,TRADE,UP,DIR_REBALANCE,5,1,0.6902163377529826,0.6902163377529826,6.0,0.5984613401239702,11.0,0.3437149357994328,6,0.9421762759234033,0.3469423444595811,5.0,0.0,0.0,0.0,85.21610771438289,SUCCESS,BEARISH,rebalance,5.0,88603.31,88521.7,0.0921920839748904,200.52177957088423
2025-12-21T23:17:18.848543+00:00,btc-updown-15m-1766358900,TRADE,DOWN,DIR_ACCUMULATE,1,1,0.3000545607016134,0.3000545607016134,6.0,0.5984613401239702,12.0,0.3400765712079479,6,0.938537911331918,0.3687725320084913,6.0,0.0,0.0,0.0,84.91605315368128,SUCCESS,BEARISH,accumulate,5.0,88616.99,88521.7,0.1076459218474206,214.9198516430504
2025-12-21T23:17:24.343250+00:00,btc-updown-15m-1766358900,TRADE,UP,DIR_REBALANCE,5,5,0.720162486703156,3.60081243351578,11.0,0.6537800431145092,12.0,0.3400765712079479,11,0.9938566143224572,0.067577242452972,1.0,0.0,0.0,0.0,81.31524072016549,SUCCESS,BEARISH,rebalance,5.0,88613.44,88521.7,0.1036356057328375,391.1134167512188
2025-12-21T23:17:29.741639+00:00,btc-updown-15m-1766358900,TRADE,DOWN,DIR_AVERAGE_DOWN,1,1,0.2901287264753175,0.2901287264753175,11.0,0.6537800431145092,13.0,0.3362344293054378,11,0.9900144724199472,0.1098408033805817,2.0,0.0,0.0,0.0,81.02511199369017,SUCCESS,BEARISH,average_down,5.0,88613.45,88521.7,0.1036469023979431,416.3256306197352
2025-12-21T23:20:29.678898+00:00,btc-updown-15m-1766358900,TRADE,DOWN,DIR_AVERAGE_DOWN,1,1,0.2600015614261055,0.2600015614261055,11.0,0.6537800431145092,14.0,0.3307892244569141,11,0.9845692675714232,0.169738056714344,3.0,0.0,0.0,0.0,80.76511043226407,SUCCESS,BEARISH,average_down,5.0,88595.5,88521.7,0.0833693885228174,306.0962850948403
2025-12-21T23:20:35.233576+00:00,btc-updown-15m-1766358900,TRADE,DOWN,DIR_ACCUMULATE,1,1,0.2600426816149018,0.2600426816149018,11.0,0.6537800431145092,15.0,0.3260727882674466,11,0.979852831381956,0.2216188547984852,4.0,0.0,0.0,0.0,80.50506775064916,SUCCESS,BEARISH,accumulate,5.0,88595.51,88521.7,0.083380685187923,305.7738556345424
2025-12-22T02:45:08.444235+00:00,btc-updown-15m-1766371500,TRADE,UP,DIR_AVERAGE_DOWN,1,1,0.5402361423188715,0.5402361423188715,1.0,0.5402361423188715,0.0,0.0,0,0.0,0.0,1.0,0.0,0.0,0.0,99.45976385768112,SUCCESS,BULLISH,average_down,0.0,88404.91,88385.87,0.0215419048316299,135.35829998612158
2025-12-22T02:55:33.560211+00:00,btc-updown-15m-1766371500,TRADE,DOWN,DIR_EMERGENCY,1,1,0.0300110951991362,0.0300110951991362,1.0,0.5402361423188715,1.0,0.0300110951991362,1,0.5702472375180078,0.4297527624819922,0.0,0.0,0.0,0.0,99.42975276248198,SUCCESS,BULLISH,emergency,0.0,88514.59,88385.87,0.1456341381263783,1230.122768803875
2025-12-22T03:00:08.385288+00:00,btc-updown-15m-1766372400,TRADE,UP,DIR_AVERAGE_DOWN,5,5,0.4900897046756096,2.450448523378048,5.0,0.4900897046756095,0.0,0.0,0,0.0,0.0,5.0,0.0,0.0,0.0,97.54955147662196,SUCCESS,BULLISH,average_down,0.0,88479.08,88458.27,0.0235252170317118,133.6876192040791
2025-12-22T03:00:13.842177+00:00,btc-updown-15m-1766372400,TRADE,UP,DIR_ACCUMULATE,5,5,0.489902652356464,2.44951326178232,10.0,0.4899961785160368,0.0,0.0,0,0.0,0.0,10.0,0.0,0.0,0.0,95.10003821483964,SUCCESS,BULLISH,accumulate,0.0,88491.35,88458.27,0.037396164315673,239.9759668712723
2025-12-22T03:00:19.264580+00:00,btc-updown-15m-1766372400,TRADE,DOWN,DIR_REBALANCE,5,5,0.520033716669282,2.60016858334641,10.0,0.4899961785160368,5.0,0.520033716669282,5,1.0100298951853188,-0.0501494759265941,5.0,0.0,0.0,0.0,92.49986963149324,SUCCESS,BULLISH,rebalance,0.0,88491.35,88458.27,0.037396164315673,243.598419251338
2025-12-22T03:00:24.690698+00:00,btc-updown-15m-1766372400,TRADE,UP,DIR_ACCUMULATE,5,5,0.4901497812948922,2.4507489064744608,15.0,0.4900473794423219,5.0,0.520033716669282,5,1.010081096111604,-0.05040548055802,10.0,0.0,0.0,0.0,90.04912072501877,SUCCESS,BULLISH,accumulate,0.0,88491.34,88458.27,0.0373848595501499,244.97221578404324
2025-12-22T03:00:30.083559+00:00,btc-updown-15m-1766372400,TRADE,DOWN,DIR_REBALANCE,5,5,0.5201286390845101,2.600643195422551,15.0,0.4900473794423219,10.0,0.520081177876896,10,1.0101285573192178,-0.101285573192178,5.0,0.0,0.0,0.0,87.44847752959622,SUCCESS,BULLISH,rebalance,0.0,88491.35,88458.27,0.037396164315673,246.65562613395784
2025-12-22T03:07:25.162275+00:00,btc-updown-15m-1766372400,TRADE,DOWN,DIR_ACCUMULATE,5,5,0.7303337051813175,3.651668525906588,15.0,0.4900473794423219,15.0,0.5901653536450365,15,1.0802127330873583,-1.2031909963103748,0.0,0.0,0.0,0.0,83.79680900368963,SUCCESS,BEARISH,accumulate,1.0,88418.4,88458.27,-0.0450721000987357,262.6091749142087
2025-12-22T03:15:00.916126+00:00,btc-updown-15m-1766372400,RESOLUTION,UP,MARKET_END,30,30,1.0,16.2032,15.0,0.49,15.0,0.5902,15,1.0802,-1.2032,0.0,0.0,0.0,-1.2032,98.8,RESOLVED,,,,,,,
2025-12-22T03:15:09.394857+00:00,btc-updown-15m-1766373300,TRADE,UP,DIR_AVERAGE_DOWN,5,5,0.4902266953197274,2.451133476598637,5.0,0.4902266953197274,0.0,0.0,0,0.0,0.0,5.0,0.0,0.0,0.0,96.345675527091,SUCCESS,BULLISH,average_down,2.0,88580.16,88583.78,-0.0040865269014207,18.180666900277625
2025-12-22T03:15:14.810848+00:00,btc-updown-15m-1766373300,TRADE,UP,DIR_ACCUMULATE,5,5,0.4900353146574243,2.4501765732871217,10.0,0.4901310049885758,0.0,0.0,0,0.0,0.0,10.0,0.0,0.0,0.0,93.89549895380388,SUCCESS,BULLISH,accumulate,2.0,88583.28,88583.78,-0.000564437417324,2.333358996445273
2025-12-22T03:15:20.254179+00:00,btc-updown-15m-1766373300,TRADE,DOWN,DIR_REBALANCE,5,5,0.5102425834147883,2.5512129170739417,10.0,0.4901310049885758,5.0,0.5102425834147883,5,1.0003735884033642,-0.001867942016821,5.0,0.0,0.0,0.0,91.34428603672993,SUCCESS,BULLISH,rebalance,2.0,88589.49,88583.78,0.0064458753058476,27.62008899445449
2025-12-22T03:15:25.669342+00:00,btc-updown-15m-1766373300,TRADE,UP,DIR_ACCUMULATE,5,5,0.5000281329935005,2.5001406649675024,15.0,0.493430047656884,5.0,0.5102425834147883,5,1.0036726310716724,-0.0183631553583618,10.0,0.0,0.0,0.0,88.84414537176242,SUCCESS,BULLISH,accumulate,2.0,88599.27,88583.78,0.0174862711887043,73.8378112810751
2025-12-22T03:15:31.237395+00:00,btc-updown-15m-1766373300,TRADE,DOWN,DIR_REBALANCE,5,5,0.5000786393266298,2.5003931966331487,15.0,0.493430047656884,10.0,0.505160611370709,10,0.998590659027593,0.0140934097240696,5.0,0.0,0.0,0.0,86.34375217512927,SUCCESS,BULLISH,rebalance,2.0,88599.28,88583.78,0.0174975599370449,71.394029952051
2025-12-22T03:26:21.861918+00:00,btc-updown-15m-1766373300,TRADE,DOWN,DIR_EMERGENCY,5,5,0.0200003922012023,0.1000019610060118,15.0,0.493430047656884,15.0,0.3434405383142068,15,0.8368705859710908,2.4469412104336383,0.0,0.0,0.0,0.0,86.24375021412325,SUCCESS,BULLISH,emergency,2.0,88752.23,88583.78,0.1901589658964621,945.891129245896
2025-12-22T03:30:01.008668+00:00,btc-updown-15m-1766373300,RESOLUTION,UP,MARKET_END,30,30,1.0,12.5531,15.0,0.4934,15.0,0.3434,15,0.8369,2.4469,0.0,0.0,0.0,2.4469,101.24,RESOLVED,,,,,,,
2025-12-22T03:30:09.101808+00:00,btc-updown-15m-1766374200,TRADE,UP,DIR_AVERAGE_DOWN,5,2,0.5102131984105166,1.0204263968210332,2.0,0.5102131984105166,0.0,0.0,0,0.0,0.0,2.0,0.0,0.0,0.0,100.22332381730222,SUCCESS,BULLISH,average_down,2.0,88821.48,88771.6,0.0561891415722935,233.35529808623912
2025-12-22T03:30:52.769868+00:00,btc-updown-15m-1766374200,TRADE,UP,DIR_AVERAGE_DOWN,5,5,0.4001165487817437,2.0005827439087187,7.0,0.4315727343899645,0.0,0.0,0,0.0,0.0,7.0,0.0,0.0,0.0,98.2227410733935,SUCCESS,BULLISH,average_down,2.0,88754.01,88771.6,-0.0198148957549611,82.60746220610919
2025-12-22T03:30:58.187311+00:00,btc-updown-15m-1766374200,TRADE,DOWN,DIR_REBALANCE,5,5,0.5401147480638844,2.700573740319422,7.0,0.4315727343899645,5.0,0.5401147480638844,5,0.9716874824538488,0.1415625877307558,2.0,0.0,0.0,0.0,95.52216733307408,SUCCESS,BULLISH,rebalance,2.0,88762.66,88771.6,-0.0100707884053034,48.8116661072549
2025-12-22T03:31:03.649142+00:00,btc-updown-15m-1766374200,TRADE,UP,DIR_AVERAGE_DOWN,5,5,0.460153541593897,2.3007677079694853,12.0,0.4434814040582697,5.0,0.5401147480638844,5,0.983596152122154,0.0820192393892293,7.0,0.0,0.0,0.0,93.22139962510458,SUCCESS,BULLISH,average_down,2.0,88762.16,88771.6,-0.010634031604705,51.583153141025626
2025-12-22T03:31:09.089490+00:00,btc-updown-15m-1766374200,TRADE,DOWN,DIR_REBALANCE,5,5,0.5902720726033195,2.951360363016597,12.0,0.4434814040582697,10.0,0.5651934103336019,10,1.0086748143918718,-0.0867481439187178,2.0,0.0,0.0,0.0,90.27003926208798,SUCCESS,BULLISH,rebalance,2.0,88749.58,88771.6,-0.0248052305016515,124.10094597124254
2025-12-22T03:31:14.517290+00:00,btc-updown-15m-1766374200,TRADE,UP,DIR_AVERAGE_DOWN,3,3,0.3901480155905521,1.1704440467716564,15.0,0.4328147263647262,10.0,0.5651934103336019,10,0.9980081366983282,0.0199186330167178,5.0,0.0,0.0,0.0,89.09959521531633,SUCCESS,BULLISH,average_down,2.0,88743.6,88771.6,-0.0315416191664901,163.95932732006366
2025-12-22T03:34:54.274636+00:00,btc-updown-15m-1766374200,TRADE,DOWN,DIR_ACCUMULATE,5,5,0.72013521275973,3.60067606379865,15.0,0.4328147263647262,15.0,0.616840677808978,15,1.0496554041737045,-0.7448310626055643,0.0,0.0,0.0,0.0,85.49891915151768,SUCCESS,BEARISH,accumulate,3.0,88716.13,88771.6,-0.0624862005416159,45.37160355172455
2025-12-22T03:45:04.947810+00:00,btc-updown-15m-1766374200,RESOLUTION,DOWN,MARKET_END,30,30,1.0,15.7448,15.0,0.4328,15.0,0.6168,15,1.0497,-0.7448,0.0,0.0,0.0,-0.7448,100.5,RESOLVED,,,,,,,
2025-12-22T03:45:12.948071+00:00,btc-updown-15m-1766375100,TRADE,DOWN,DIR_AVERAGE_DOWN,5,5,0.5200356398564011,2.6001781992820057,0.0,0.0,5.0,0.5200356398564011,0,0.0,0.0,5.0,0.0,0.0,0.0,97.89874095223568,SUCCESS,BEARISH,average_down,3.0,88731.84,88711.41,0.0230297320265713,135.61500597667575
2025-12-22T03:45:18.489484+00:00,btc-updown-15m-1766375100,TRADE,DOWN,DIR_ACCUMULATE,5,5,0.5200799299596184,2.600399649798092,0.0,0.0,10.0,0.5200577849080098,0,0.0,0.0,10.0,0.0,0.0,0.0,95.29834130243758,SUCCESS,BEARISH,accumulate,3.0,88720.29,88711.41,0.0100099863140379,55.48667660907996
2025-12-22T03:45:23.895613+00:00,btc-updown-15m-1766375100,TRADE,UP,DIR_REBALANCE,5,5,0.580279578717336,2.9013978935866804,5.0,0.580279578717336,10.0,0.5200577849080098,5,1.100337363625346,-0.5016868181267298,5.0,0.0,0.0,0.0,92.3969434088509,SUCCESS,BEARISH,rebalance,3.0,88760.0,88711.41,0.0547731120495058,309.5257564442772
2025-12-22T03:45:29.357741+00:00,btc-updown-15m-1766375100,TRADE,DOWN,DIR_ACCUMULATE,5,5,0.4301742453556289,2.1508712267781447,5.0,0.580279578717336,15.0,0.4900966050572162,5,1.0703761837745522,-0.3518809188727612,10.0,0.0,0.0,0.0,90.24607218207277,SUCCESS,BEARISH,accumulate,3.0,88759.99,88711.41,0.0547618395424013,305.62845900302125
2025-12-22T03:45:34.773076+00:00,btc-updown-15m-1766375100,TRADE,UP,DIR_REBALANCE,5,5,0.5901446640688656,2.950723320344328,10.0,0.5852121213931009,15.0,0.4900966050572162,10,1.075308726450317,-0.7530872645031694,5.0,0.0,0.0,0.0,87.29534886172843,SUCCESS,BEARISH,rebalance,3.0,88759.99,88711.41,0.0547618395424013,307.8248036877563
2025-12-22T03:45:56.548788+00:00,btc-updown-15m-1766375100,TRADE,UP,DIR_ACCUMULATE,5,5,0.619701341408007,3.098506707040035,15.0,0.5967085280647363,15.0,0.4900966050572162,15,1.0868051331219526,-1.302076996829289,0.0,0.0,0.0,0.0,84.1968421546884,SUCCESS,BULLISH,accumulate,4.0,88767.61,88711.41,0.0633514899605328,373.9882721749447
2025-12-22T04:00:05.388978+00:00,btc-updown-15m-1766375100,RESOLUTION,UP,MARKET_END,30,30,1.0,16.3021,15.0,0.5967,15.0,0.4901,15,1.0868,-1.3021,0.0,0.0,0.0,-1.3021,99.2,RESOLVED,,,,,,,
2025-12-22T04:00:13.802219+00:00,btc-updown-15m-1766376000,TRADE,UP,DIR_AVERAGE_DOWN,5,5,0.570001748585997,2.850008742929985,5.0,0.570001748585997,0.0,0.0,0,0.0,0.0,5.0,0.0,0.0,0.0,96.3468334117584,SUCCESS,BULLISH,average_down,4.0,88800.0,88774.12,0.0291526404316986,150.4156710767964
2025-12-22T04:00:19.240369+00:00,btc-updown-15m-1766376000,TRADE,UP,DIR_ACCUMULATE,5,1,0.4900026908085051,0.4900026908085051,6.0,0.5566685722897483,0.0,0.0,0,0.0,0.0,6.0,0.0,0.0,0.0,95.8568307209499,SUCCESS,BULLISH,accumulate,4.0,88808.58,88774.12,0.0388176193692558,190.7178790050244
2025-12-22T04:00:24.666398+00:00,btc-updown-15m-1766376000,TRADE,DOWN,DIR_REBALANCE,5,5,0.5200059237853382,2.600029618926691,6.0,0.5566685722897483,5.0,0.5200059237853382,5,1.0766744960750865,-0.3833724803754323,1.0,0.0,0.0,0.0,93.2568011020232,SUCCESS,BULLISH,rebalance,4.0,88797.57,88774.12,0.0264153561871541,124.642476772095
2025-12-22T04:00:30.304454+00:00,btc-updown-15m-1766376000,TRADE,UP,DIR_AVERAGE_DOWN,5,5,0.5102510496856567,2.551255248428284,11.0,0.5355696983787976,5.0,0.5200059237853382,5,1.055575622164136,-0.2778781108206796,6.0,0.0,0.0,0.0,90.70554585359493,SUCCESS,BULLISH,average_down,4.0,88803.79,88774.12,0.0334219026896557,158.47210897906498
2025-12-22T04:00:35.867643+00:00,btc-updown-15m-1766376000,TRADE,DOWN,DIR_REBALANCE,5,5,0.46018222074991,2.30091110374955,11.0,0.5355696983787976,10.0,0.4900940722676241,10,1.0256637706464218,-0.2566377064642178,1.0,0.0,0.0,0.0,88.40463474984536,SUCCESS,BULLISH,rebalance,4.0,88803.78,88774.12,0.0334106381454454,161.48782901560256
2025-12-22T04:00:41.291719+00:00,btc-updown-15m-1766376000,TRADE,UP,DIR_AVERAGE_DOWN,4,4,0.569786133762518,2.279144535050072,15.0,0.5446940811477897,10.0,0.4900940722676241,10,1.0347881534154135,-0.3478815341541375,5.0,0.0,0.0,0.0,86.12549021479529,SUCCESS,BULLISH,average_down,4.0,88811.1,88774.12,0.0416562845117591,200.55696911147948
2025-12-22T04:06:42.296837+00:00,btc-updown-15m-1766376000,TRADE,DOWN,DIR_ACCUMULATE,5,5,0.7400810326546602,3.700405163273301,15.0,0.5446940811477897,15.0,0.5734230590633028,15,1.1181171402110923,-1.771757103166388,0.0,0.0,0.0,0.0,82.42508505152199,SUCCESS,BEARISH,accumulate,5.0,88726.37,88774.12,-0.0537881986326645,309.4138516212506
2025-12-22T04:15:03.160220+00:00,btc-updown-15m-1766376000,RESOLUTION,UP,MARKET_END,30,30,1.0,16.7718,15.0,0.5447,15.0,0.5734,15,1.1181,-1.7718,0.0,0.0,0.0,-1.7718,97.43,RESOLVED,,,,,,,
2025-12-22T04:15:11.239003+00:00,btc-updown-15m-1766376900,TRADE,DOWN,DIR_AVERAGE_DOWN,5,5,0.50021367820334,2.5010683910167,0.0,0.0,5.0,0.50021367820334,0,0.0,0.0,5.0,0.0,0.0,0.0,94.92401666050527,SUCCESS,BEARISH,average_down,5.0,88797.01,88777.92,0.0215030944631238,109.45485181604928
2025-12-22T04:15:16.671377+00:00,btc-updown-15m-1766376900,TRADE,DOWN,DIR_ACCUMULATE,5,5,0.4601436582187457,2.3007182910937285,0.0,0.0,10.0,0.4801786682110428,0,0.0,0.0,10.0,0.0,0.0,0.0,92.62329836941156,SUCCESS,BEARISH,accumulate,5.0,88797.01,88777.92,0.0215030944631238,111.69311858122916
2025-12-22T04:15:22.113976+00:00,btc-updown-15m-1766376900,TRADE,UP,DIR_REBALANCE,5,5,0.5500880497144609,2.7504402485723043,5.0,0.5500880497144609,10.0,0.4801786682110428,5,1.0302667179255036,-0.151333589627518,5.0,0.0,0.0,0.0,89.87285812083925,SUCCESS,BEARISH,rebalance,5.0,88797.01,88777.92,0.0215030944631238,111.836048321805
2025-12-22T04:15:27.541685+00:00,btc-updown-15m-1766376900,TRADE,DOWN,DIR_ACCUMULATE,5,5,0.4201981601777116,2.1009908008885585,5.0,0.5500880497144609,15.0,0.4601851655332657,5,1.0102732152477267,-0.0513660762386336,10.0,0.0,0.0,0.0,87.7718673199507,SUCCESS,BEARISH,accumulate,5.0,88805.99,88777.92,0.031618222188588,161.95441212199503
2025-12-22T04:15:32.950176+00:00,btc-updown-15m-1766376900,TRADE,UP,DIR_REBALANCE,5,5,0.5901158217637767,2.950579108818884,10.0,0.5701019357391188,15.0,0.4601851655332657,10,1.0302871012723849,-0.3028710127238465,5.0,0.0,0.0,0.0,84.82128821113182,SUCCESS,BEARISH,rebalance,5.0,88806.0,88777.92,0.0316294862506372,163.04078625426752
2025-12-22T04:30:00.941390+00:00,btc-updown-15m-1766376900,RESOLUTION,UP,MARKET_END,25,25,1.0,12.6038,10.0,0.5701,15.0,0.4602,10,1.0303,-0.3029,0.33,0.0,0.0,-2.6038,94.82,RESOLVED,,,,,,,
2025-12-22T04:30:09.181471+00:00,btc-updown-15m-1766377800,TRADE,DOWN,DIR_AVERAGE_DOWN,5,5,0.5201531112866393,2.6007655564331964,0.0,0.0,5.0,0.5201531112866393,0,0.0,0.0,5.0,0.0,0.0,0.0,92.2205226546986,SUCCESS,BEARISH,average_down,5.0,88950.42,88948.35,0.0023271932531547,11.226971342304036
2025-12-22T04:30:14.723091+00:00,btc-updown-15m-1766377800,TRADE,DOWN,DIR_ACCUMULATE,5,5,0.5900331664720666,2.950165832360333,0.0,0.0,10.0,0.555093138879353,0,0.0,0.0,10.0,0.0,0.0,0.0,89.27035682233829,SUCCESS,BEARISH,accumulate,5.0,88934.59,88948.35,-0.0154696517698296,71.91874368319874
2025-12-22T04:30:20.168182+00:00,btc-updown-15m-1766377800,TRADE,UP,DIR_REBALANCE,5,5,0.4302067225582322,2.151033612791161,5.0,0.4302067225582321,10.0,0.555093138879353,5,0.9852998614375852,0.073500692812074,5.0,0.0,0.0,0.0,87.11932320954712,SUCCESS,BEARISH,rebalance,5.0,88934.59,88948.35,-0.0154696517698296,71.82722124224571
2025-12-22T04:30:25.578687+00:00,btc-updown-15m-1766377800,TRADE,DOWN,DIR_ACCUMULATE,5,5,0.6200984941764828,3.100492470882414,5.0,0.4302067225582321,15.0,0.5767615906450629,5,1.0069683132032952,-0.0348415660164758,10.0,0.0,0.0,0.0,84.0188307386647,SUCCESS,BEARISH,accumulate,5.0,88920.07,88948.35,-0.031793731980412,157.10530064553643
2025-12-22T04:30:31.111580+00:00,btc-updown-15m-1766377800,TRADE,UP,DIR_REBALANCE,5,5,0.3400733580679216,1.700366790339608,10.0,0.3851400403130768,15.0,0.5767615906450629,10,0.96190163095814,0.3809836904186015,5.0,0.0,0.0,0.0,82.31846394832509,SUCCESS,BEARISH,rebalance,5.0,88907.76,88948.35,-0.0456332242250823,230.03033249627453
2025-12-22T04:40:02.762074+00:00,btc-updown-15m-1766377800,TRADE,UP,DIR_EMERGENCY,5,5,0.3900075791459594,1.9500378957297968,15.0,0.386762553257371,15.0,0.5767615906450629,15,0.963524143902434,0.5471378414634898,0.0,0.0,0.0,0.0,80.3684260525953,SUCCESS,BEARISH,emergency,5.0,88940.01,88948.35,-0.0093762278895685,47.70770318124028
2025-12-22T04:45:04.954968+00:00,btc-updown-15m-1766377800,RESOLUTION,UP,MARKET_END,30,30,1.0,14.4529,15.0,0.3868,15.0,0.5768,15,0.9635,0.5471,0.0,0.0,0.0,0.5471,95.37,RESOLVED,,,,,,,
2025-12-22T04:45:13.715790+00:00,btc-updown-15m-1766378700,TRADE,DOWN,DIR_AVERAGE_DOWN,5,5,0.5401835158151648,2.700917579075824,0.0,0.0,5.0,0.5401835158151648,0,0.0,0.0,5.0,0.0,0.0,0.0,92.66750847351948,SUCCESS,BEARISH,average_down,5.0,89001.94,89001.94,0.0,0.0142838917785981
2025-12-22T04:45:19.344009+00:00,btc-updown-15m-1766378700,TRADE,DOWN,DIR_ACCUMULATE,5,5,0.5701535658603657,2.8507678293018284,0.0,0.0,10.0,0.5551685408377652,0,0.0,0.0,10.0,0.0,0.0,0.0,89.81674064421765,SUCCESS,BEARISH,accumulate,5.0,89001.94,89001.94,0.0,0.0144958940328968
2025-12-22T04:45:30.192982+00:00,btc-updown-15m-1766378700,TRADE,UP,DIR_REBALANCE,5,3,0.470036121847579,1.410108365542737,3.0,0.470036121847579,10.0,0.5551685408377652,3,1.0252046626853444,-0.0756139880560331,7.0,0.0,0.0,0.0,88.4066322786749,SUCCESS,BEARISH,rebalance,5.0,89001.94,89001.94,0.0,0.0147096244465335
2025-12-22T04:45:35.728620+00:00,btc-updown-15m-1766378700,TRADE,UP,DIR_REBALANCE,5,5,0.4800386585803665,2.400193292901833,8.0,0.4762877073055712,10.0,0.5551685408377652,8,1.0314562481433365,-0.2516499851466918,2.0,0.0,0.0,0.0,86.00643898577307,SUCCESS,BEARISH,rebalance,5.0,89001.94,89001.94,0.0,0.0154550396641181
2025-12-22T04:45:41.174608+00:00,btc-updown-15m-1766378700,TRADE,DOWN,DIR_AVERAGE_DOWN,5,5,0.5402347081427612,2.701173540713806,8.0,0.4762877073055712,15.0,0.5501905966060971,8,1.0264783039116685,-0.2118264312933462,7.0,0.0,0.0,0.0,83.30526544505926,SUCCESS,BEARISH,average_down,5.0,89001.94,89001.94,0.0,0.097998339029317
2025-12-22T04:45:46.639185+00:00,btc-updown-15m-1766378700,TRADE,UP,DIR_REBALANCE,5,5,0.4800743437240316,2.4003717186201583,13.0,0.477744105928056,15.0,0.5501905966060971,13,1.0279347025341532,-0.3631511329439916,2.0,0.0,0.0,0.0,80.9048937264391,SUCCESS,BEARISH,rebalance,5.0,89001.94,89001.94,0.0,0.0938516313147107
2025-12-22T04:55:05.944807+00:00,btc-updown-15m-1766378700,TRADE,UP,DIR_EMERGENCY,2,2,0.2501005381251294,0.5002010762502588,15.0,0.4473916302209991,15.0,0.5501905966060971,15,0.9975822268270964,0.0362665975935555,0.0,0.0,0.0,0.0,80.40469265018884,SUCCESS,BEARISH,emergency,5.0,88964.3,89001.94,-0.0422912129780535,212.2376020235876
2025-12-22T05:00:04.090976+00:00,btc-updown-15m-1766378700,RESOLUTION,DOWN,MARKET_END,30,30,1.0,14.9637,15.0,0.4474,15.0,0.5502,15,0.9976,0.0363,0.0,0.0,0.0,0.0363,95.4,RESOLVED,,,,,,,
2025-12-22T05:00:17.863421+00:00,btc-updown-15m-1766379600,TRADE,DOWN,DIR_AVERAGE_DOWN,5,5,0.4501112925791774,2.250556462895887,0.0,0.0,5.0,0.4501112925791773,0,0.0,0.0,5.0,0.0,0.0,0.0,93.15413618729296,SUCCESS,BEARISH,average_down,5.0,88920.01,88904.99,0.0168944397834019,101.27001869861752
2025-12-22T05:00:23.337083+00:00,btc-updown-15m-1766379600,TRADE,DOWN,DIR_ACCUMULATE,5,3,0.440135488072948,1.3204064642188442,0.0,0.0,8.0,0.4463703658893414,0,0.0,0.0,8.0,0.0,0.0,0.0,91.8337297230741,SUCCESS,BEARISH,accumulate,5.0,88920.01,88904.99,0.0168944397834019,99.18746292775906
2025-12-22T05:00:28.802425+00:00,btc-updown-15m-1766379600,TRADE,UP,DIR_REBALANCE,5,5,0.560000961308566,2.8000048065428302,5.0,0.560000961308566,8.0,0.4463703658893414,5,1.0063713271979076,-0.0318566359895378,3.0,0.0,0.0,0.0,89.03372491653127,SUCCESS,BEARISH,rebalance,5.0,88920.02,88904.99,0.0169056877459846,99.03905366999255
2025-12-22T05:00:34.403787+00:00,btc-updown-15m-1766379600,TRADE,DOWN,DIR_ACCUMULATE,5,5,0.46015878486396,2.3007939243198003,5.0,0.560000961308566,13.0,0.4516736039565024,5,1.0116745652650685,-0.0583728263253424,8.0,0.0,0.0,0.0,86.73293099221146,SUCCESS,BEARISH,accumulate,5.0,88920.02,88904.99,0.0169056877459846,101.15783580828342
2025-12-22T05:00:39.835512+00:00,btc-updown-15m-1766379600,TRADE,UP,DIR_REBALANCE,5,5,0.5301808454358382,2.650904227179191,10.0,0.5450909033722022,13.0,0.4516736039565024,10,0.9967645073287046,0.0323549267129541,3.0,0.0,0.0,0.0,84.08202676503227,SUCCESS,BEARISH,rebalance,5.0,88931.45,88904.99,0.029762108965978,186.58828308622887
2025-12-22T05:00:45.296793+00:00,btc-updown-15m-1766379600,TRADE,DOWN,DIR_ACCUMULATE,2,2,0.4501963367750154,0.9003926735500309,10.0,0.5450909033722022,15.0,0.4514766349989708,10,0.9965675383711732,0.0343246162882693,5.0,0.0,0.0,0.0,83.18163409148224,SUCCESS,BEARISH,accumulate,5.0,88931.45,88904.99,0.029762108965978,183.32392341174688
2025-12-22T05:10:04.269758+00:00,btc-updown-15m-1766379600,TRADE,UP,DIR_EMERGENCY,5,5,0.2900188353107119,1.450094176553559,15.0,0.4600668806850387,15.0,0.4514766349989708,15,0.9115435156840096,1.326847264739856,0.0,0.0,0.0,0.0,81.73153991492867,SUCCESS,BEARISH,emergency,5.0,88877.84,88904.99,-0.0305382183834773,233.0793260067724
2025-12-22T05:15:02.273977+00:00,btc-updown-15m-1766379600,RESOLUTION,DOWN,MARKET_END,30,30,1.0,13.6732,15.0,0.4601,15.0,0.4515,15,0.9115,1.3268,0.0,0.0,0.0,1.3268,96.73,RESOLVED,,,,,,,
2025-12-22T05:15:10.553822+00:00,btc-updown-15m-1766380500,TRADE,DOWN,DIR_AVERAGE_DOWN,5,5,0.4500025631751388,2.2500128158756945,0.0,0.0,5.0,0.4500025631751388,0,0.0,0.0,5.0,0.0,0.0,0.0,94.48152709905298,SUCCESS,BEARISH,average_down,5.0,88831.16,88831.17,-1.1257309787500617e-05,0.0412191005381283
2025-12-22T05:15:15.971592+00:00,btc-updown-15m-1766380500,TRADE,DOWN,DIR_ACCUMULATE,5,5,0.4299225737929767,2.149612868964884,0.0,0.0,10.0,0.4399625684840578,0,0.0,0.0,10.0,0.0,0.0,0.0,92.3319142300881,SUCCESS,BEARISH,accumulate,5.0,88839.02,88831.17,0.0088369881878239,68.9814927050386
2025-12-22T05:15:21.460086+00:00,btc-updown-15m-1766380500,TRADE,UP,DIR_REBALANCE,5,5,0.540141536176037,2.700707680880185,5.0,0.540141536176037,10.0,0.4399625684840578,5,0.9801041046600948,0.0994794766995255,5.0,0.0,0.0,0.0,89.63120654920792,SUCCESS,BEARISH,rebalance,5.0,88839.01,88831.17,0.00882573087802,68.29556589970375
2025-12-22T05:15:26.906060+00:00,btc-updown-15m-1766380500,TRADE,DOWN,DIR_ACCUMULATE,5,5,0.4799843264468587,2.3999216322342938,5.0,0.540141536176037,15.0,0.4533031544716581,5,0.993444690647695,0.0327765467615248,10.0,0.0,0.0,0.0,87.23128491697362,SUCCESS,BEARISH,accumulate,5.0,88839.02,88831.17,0.0088369881878239,68.51328580906194
2025-12-22T05:15:32.385677+00:00,btc-updown-15m-1766380500,TRADE,UP,DIR_REBALANCE,5,5,0.520214925058593,2.601074625292965,10.0,0.5301782306173151,15.0,0.4533031544716581,10,0.9834813850889732,0.1651861491102679,5.0,0.0,0.0,0.0,84.63021029168065,SUCCESS,BEARISH,rebalance,5.0,88835.39,88831.17,0.0047505847328152,35.51841976859958
2025-12-22T05:25:05.983945+00:00,btc-updown-15m-1766380500,TRADE,UP,DIR_EMERGENCY,5,5,0.3901148574354972,1.9505742871774856,15.0,0.483490439556709,15.0,0.4533031544716581,15,0.9367935940283671,0.9480960895744928,0.0,0.0,0.0,0.0,82.67963600450317,SUCCESS,BEARISH,emergency,5.0,88811.29,88831.17,-0.0223795318692804,174.9409218774479
2025-12-22T05:30:04.598302+00:00,btc-updown-15m-1766380500,RESOLUTION,DOWN,MARKET_END,30,30,1.0,14.0519,15.0,0.4835,15.0,0.4533,15,0.9368,0.9481,0.0,0.0,0.0,0.9481,97.68,RESOLVED,,,,,,,
2025-12-22T05:30:13.135576+00:00,btc-updown-15m-1766381400,TRADE,DOWN,DIR_AVERAGE_DOWN,5,5,0.5102075166540836,2.5510375832704177,0.0,0.0,5.0,0.5102075166540836,0,0.0,0.0,5.0,0.0,0.0,0.0,95.12859842123277,SUCCESS,BEARISH,average_down,5.0,88785.44,88797.72,-0.0138291839024682,95.07469952268691
2025-12-22T05:30:18.568508+00:00,btc-updown-15m-1766381400,TRADE,DOWN,DIR_ACCUMULATE,5,5,0.520242929192424,2.60121464596212,0.0,0.0,10.0,0.5152252229232538,0,0.0,0.0,10.0,0.0,0.0,0.0,92.52738377527064,SUCCESS,BEARISH,accumulate,5.0,88785.45,88797.72,-0.0138179223520649,93.84702363093476
2025-12-22T05:30:24.032063+00:00,btc-updown-15m-1766381400,TRADE,UP,DIR_REBALANCE,5,5,0.4701283351955479,2.3506416759777395,5.0,0.4701283351955479,10.0,0.5152252229232538,5,0.9853535581188018,0.0732322094059911,5.0,0.0,0.0,0.0,90.1767420992929,SUCCESS,BEARISH,rebalance,5.0,88778.01,88797.72,-0.0221965158564954,156.48670097195802
2025-12-22T05:30:29.645505+00:00,btc-updown-15m-1766381400,TRADE,DOWN,DIR_ACCUMULATE,5,5,0.4802379919724345,2.4011899598621724,5.0,0.4701283351955479,15.0,0.503562812606314,5,0.973691147801862,0.1315442609906902,10.0,0.0,0.0,0.0,87.77555213943072,SUCCESS,BEARISH,accumulate,5.0,88786.01,88797.72,-0.0131872755291536,90.9831298153204
2025-12-22T05:30:35.184338+00:00,btc-updown-15m-1766381400,TRADE,UP,DIR_REBALANCE,5,5,0.5201087826704206,2.600543913352103,10.0,0.4951185589329842,15.0,0.503562812606314,10,0.998681371539298,0.0131862846070185,5.0,0.0,0.0,0.0,85.17500822607862,SUCCESS,BEARISH,rebalance,5.0,88786.01,88797.72,-0.0131872755291536,91.8545373624977
2025-12-22T05:45:04.400083+00:00,btc-updown-15m-1766381400,RESOLUTION,UP,MARKET_END,25,25,1.0,12.5046,10.0,0.4951,15.0,0.5036,10,0.9987,0.0132,0.33,0.0,0.0,-2.5046,95.18,RESOLVED,,,,,,,
2025-12-22T05:45:12.687762+00:00,btc-updown-15m-1766382300,TRADE,DOWN,DIR_AVERAGE_DOWN,5,5,0.5301606291662312,2.650803145831156,0.0,0.0,5.0,0.5301606291662312,0,0.0,0.0,5.0,0.0,0.0,0.0,92.52420508024746,SUCCESS,BEARISH,average_down,5.0,88912.99,88917.19,-0.0047234960978828,58.23014428508128
2025-12-22T05:45:23.738270+00:00,btc-updown-15m-1766382300,TRADE,DOWN,DIR_ACCUMULATE,5,5,0.5102457216557468,2.551228608278734,0.0,0.0,10.0,0.520203175410989,0,0.0,0.0,10.0,0.0,0.0,0.0,89.97297647196872,SUCCESS,BEARISH,accumulate,5.0,88912.99,88917.19,-0.0047234960978828,59.26354440236789
2025-12-22T05:45:29.241064+00:00,btc-updown-15m-1766382300,TRADE,UP,DIR_REBALANCE,5,5,0.5301151918594712,2.650575959297356,5.0,0.5301151918594712,10.0,0.520203175410989,5,1.05031836727046,-0.2515918363523006,5.0,0.0,0.0,0.0,87.32240051267136,SUCCESS,BEARISH,rebalance,5.0,88912.99,88917.19,-0.0047234960978828,59.14103483522087
2025-12-22T05:45:34.695185+00:00,btc-updown-15m-1766382300,TRADE,DOWN,DIR_ACCUMULATE,5,5,0.4701961159551964,2.3509805797759817,5.0,0.5301151918594712,15.0,0.5035341555923915,5,1.0336493474518629,-0.1682467372593132,10.0,0.0,0.0,0.0,84.97141993289539,SUCCESS,BEARISH,accumulate,5.0,88917.06,88917.19,-0.000146203450654,1.0625080570011192
2025-12-22T05:45:45.842377+00:00,btc-updown-15m-1766382300,TRADE,UP,DIR_REBALANCE,5,5,0.5301699823125394,2.6508499115626973,10.0,0.5301425870860054,15.0,0.5035341555923915,10,1.0336767426783968,-0.3367674267839682,5.0,0.0,0.0,0.0,82.32057002133268,SUCCESS,BEARISH,rebalance,5.0,88921.83,88917.19,0.0052183385462354,31.292548651096308
2025-12-22T05:55:04.090005+00:00,btc-updown-15m-1766382300,TRADE,UP,DIR_EMERGENCY,5,3,0.6400510406656624,1.9201531219969872,13.0,0.5555060763736185,15.0,0.5035341555923915,13,1.05904023196601,-0.7675230155581292,2.0,0.0,0.0,0.0,80.4004168993357,SUCCESS,BEARISH,emergency,5.0,88929.08,88917.19,0.0133719925247293,74.02733183451377
2025-12-22T05:55:37.366881+00:00,btc-updown-15m-1766382300,TRADE,UP,DIR_EMERGENCY,2,2,0.6397221695439597,1.279444339087919,15.0,0.5667348887963307,15.0,0.5035341555923915,15,1.0702690443887222,-1.0540356658308323,0.0,0.0,0.0,0.0,79.12097256024778,SUCCESS,BEARISH,emergency,5.0,88926.4,88917.19,0.0103579521574982,52.81483801852981
2025-12-22T06:00:01.799404+00:00,btc-updown-15m-1766382300,RESOLUTION,DOWN,MARKET_END,30,30,1.0,16.054,15.0,0.5667,15.0,0.5035,15,1.0703,-1.054,0.0,0.0,0.0,-1.054,94.12,RESOLVED,,,,,,,
2025-12-22T06:00:10.694169+00:00,btc-updown-15m-1766383200,TRADE,DOWN,DIR_AVERAGE_DOWN,5,5,0.480125076250784,2.40062538125392,0.0,0.0,5.0,0.4801250762507839,0,0.0,0.0,5.0,0.0,0.0,0.0,91.72034717899386,SUCCESS,BEARISH,average_down,5.0,88849.67,88831.34,0.0206346093619681,99.61121238357477
2025-12-22T06:00:16.220739+00:00,btc-updown-15m-1766383200,TRADE,DOWN,DIR_ACCUMULATE,5,5,0.5000162606846628,2.500081303423314,0.0,0.0,10.0,0.4900706684677233,0,0.0,0.0,10.0,0.0,0.0,0.0,89.22026587557055,SUCCESS,BEARISH,accumulate,5.0,88837.84,88831.34,0.0073172373623993,35.51991910799087
2025-12-22T06:00:21.714750+00:00,btc-updown-15m-1766383200,TRADE,UP,DIR_REBALANCE,5,3,0.4800660257834193,1.4401980773502578,3.0,0.4800660257834193,10.0,0.4900706684677233,3,0.9701366942511428,0.0895899172465719,7.0,0.0,0.0,0.0,87.78006779822029,SUCCESS,BEARISH,rebalance,5.0,88831.92,88831.34,0.0006529227184929,3.569574087908783
2025-12-22T06:00:27.184552+00:00,btc-updown-15m-1766383200,TRADE,UP,DIR_REBALANCE,5,5,0.5002078320827269,2.5010391604136344,8.0,0.4926546547204865,10.0,0.4900706684677233,8,0.9827253231882098,0.1381974144943214,2.0,0.0,0.0,0.0,85.27902863780665,SUCCESS,BEARISH,rebalance,5.0,88831.91,88831.34,0.000641665430249,3.92940676854982
2025-12-22T06:00:32.686541+00:00,btc-updown-15m-1766383200,TRADE,DOWN,DIR_AVERAGE_DOWN,5,5,0.5000539639524457,2.5002698197622286,8.0,0.4926546547204865,15.0,0.4933984336292975,8,0.986053088349784,0.1115752932017279,7.0,0.0,0.0,0.0,82.77875881804442,SUCCESS,BEARISH,average_down,5.0,88831.92,88831.34,0.0006529227184929,3.8920760759172377
2025-12-22T06:00:38.178937+00:00,btc-updown-15m-1766383200,TRADE,UP,DIR_REBALANCE,5,1,0.4898462444868456,0.4898462444868456,9.0,0.4923426091389709,15.0,0.4933984336292975,9,0.9857410427682683,0.1283306150855838,6.0,0.0,0.0,0.0,82.28891257355758,SUCCESS,BEARISH,rebalance,5.0,88831.91,88831.34,0.000641665430249,3.8898177937184992
2025-12-22T06:00:43.651801+00:00,btc-updown-15m-1766383200,TRADE,UP,DIR_REBALANCE,5,5,0.470101781572485,2.3505089078624253,14.0,0.4843994564366545,15.0,0.4933984336292975,14,0.977797890065952,0.3108295390766709,1.0,0.0,0.0,0.0,79.93840366569516,SUCCESS,BEARISH,rebalance,5.0,88820.61,88831.34,-0.0120790702920792,70.11769400056305
2025-12-22T06:10:04.946542+00:00,btc-updown-15m-1766383200,TRADE,UP,DIR_EMERGENCY,1,1,0.2601037605697175,0.2601037605697175,15.0,0.4694464100455253,15.0,0.4933984336292975,15,0.9628448436748228,0.5573273448776561,0.0,0.0,0.0,0.0,79.67829990512544,SUCCESS,BEARISH,emergency,5.0,88804.23,88831.34,-0.0305185084453308,249.8442046431605
2025-12-22T06:15:02.235672+00:00,btc-updown-15m-1766383200,RESOLUTION,DOWN,MARKET_END,30,30,1.0,14.4427,15.0,0.4694,15.0,0.4934,15,0.9628,0.5573,0.0,0.0,0.0,0.5573,94.68,RESOLVED,,,,,,,
2025-12-22T06:15:10.446621+00:00,btc-updown-15m-1766384100,TRADE,DOWN,DIR_AVERAGE_DOWN,5,5,0.490066072606128,2.45033036303064,0.0,0.0,5.0,0.490066072606128,0,0.0,0.0,5.0,0.0,0.0,0.0,92.2279695420948,SUCCESS,BEARISH,average_down,5.0,88752.75,88752.75,0.0,0.0900003866485448
2025-12-22T06:15:15.907059+00:00,btc-updown-15m-1766384100,TRADE,DOWN,DIR_ACCUMULATE,5,5,0.4702224493015079,2.35111224650754,0.0,0.0,10.0,0.4801442609538179,0,0.0,0.0,10.0,0.0,0.0,0.0,89.87685729558726,SUCCESS,BEARISH,accumulate,5.0,88752.75,88752.75,0.0,0.0886121355320285
2025-12-22T06:15:21.427588+00:00,btc-updown-15m-1766384100,TRADE,UP,DIR_REBALANCE,5,5,0.5201448889416772,2.600724444708386,5.0,0.5201448889416772,10.0,0.4801442609538179,5,1.0002891498954951,-0.0014457494774755,5.0,0.0,0.0,0.0,87.27613285087887,SUCCESS,BEARISH,rebalance,5.0,88752.75,88752.75,0.0,0.0891249690018459
2025-12-22T06:15:26.928009+00:00,btc-updown-15m-1766384100,TRADE,DOWN,DIR_ACCUMULATE,5,5,0.4901900033633974,2.450950016816987,5.0,0.5201448889416772,15.0,0.4834928417570111,5,1.0036377306986883,-0.0181886534934416,10.0,0.0,0.0,0.0,84.82518283406188,SUCCESS,BEARISH,accumulate,5.0,88752.76,88752.75,1.1267256501642272e-05,0.0993320807685211
2025-12-22T06:15:32.402745+00:00,btc-updown-15m-1766384100,TRADE,UP,DIR_REBALANCE,5,5,0.59018975775688,2.9509487887844,10.0,0.5551673233492787,15.0,0.4834928417570111,10,1.0386601651062897,-0.3866016510628967,5.0,0.0,0.0,0.0,81.87423404527748,SUCCESS,BEARISH,rebalance,5.0,88763.19,88752.75,0.0117630157938794,44.15276300359577
2025-12-22T06:30:02.086808+00:00,btc-updown-15m-1766384100,RESOLUTION,UP,MARKET_END,25,25,1.0,12.8041,10.0,0.5552,15.0,0.4835,10,1.0387,-0.3866,0.33,0.0,0.0,-2.8041,91.87,RESOLVED,,,,,,,
2025-12-22T06:30:10.806474+00:00,btc-updown-15m-1766385000,TRADE,DOWN,DIR_AVERAGE_DOWN,5,5,0.3999114186587379,1.9995570932936892,0.0,0.0,5.0,0.3999114186587379,0,0.0,0.0,5.0,0.0,0.0,0.0,89.87467695198379,SUCCESS,BEARISH,average_down,5.0,88874.12,88839.14,0.0393745369439595,239.0823620536612
2025-12-22T06:30:16.374811+00:00,btc-updown-15m-1766385000,TRADE,DOWN,DIR_ACCUMULATE,5,5,0.3800132576999062,1.900066288499531,0.0,0.0,10.0,0.389962338179322,0,0.0,0.0,10.0,0.0,0.0,0.0,87.97461066348426,SUCCESS,BEARISH,accumulate,5.0,88874.12,88839.14,0.0393745369439595,224.1132939807905
2025-12-22T06:30:21.845855+00:00,btc-updown-15m-1766385000,TRADE,UP,DIR_REBALANCE,5,5,0.6402848969645997,3.2014244848229985,5.0,0.6402848969645997,10.0,0.389962338179322,5,1.0302472351439218,-0.151236175719609,5.0,0.0,0.0,0.0,84.77318617866126,SUCCESS,BEARISH,rebalance,5.0,88874.11,88839.14,0.0393632806440957,225.3315256938468
2025-12-22T06:30:27.315975+00:00,btc-updown-15m-1766385000,TRADE,DOWN,DIR_ACCUMULATE,5,5,0.3701037305874069,1.8505186529370343,5.0,0.6402848969645997,15.0,0.3833428023153503,5,1.02362769927995,-0.11813849639975,10.0,0.0,0.0,0.0,82.92266752572422,SUCCESS,BEARISH,accumulate,5.0,88874.11,88839.14,0.0393632806440957,225.3352053887596
2025-12-22T06:30:32.849760+00:00,btc-updown-15m-1766385000,TRADE,UP,DIR_REBALANCE,5,5,0.6301676742387078,3.150838371193539,10.0,0.6352262856016537,15.0,0.3833428023153503,10,1.018569087917004,-0.1856908791700395,5.0,0.0,0.0,0.0,79.77182915453068,SUCCESS,BEARISH,rebalance,5.0,88874.11,88839.14,0.0393632806440957,225.4414185957014
2025-12-22T06:40:06.019871+00:00,btc-updown-15m-1766385000,TRADE,UP,DIR_EMERGENCY,5,1,0.6197068879874799,0.6197068879874799,11.0,0.6338154312730925,15.0,0.3833428023153503,11,1.0171582335884428,-0.188740569472871,4.0,0.0,0.0,0.0,79.1521222665432,SUCCESS,BEARISH,emergency,5.0,88848.96,88839.14,0.011053686471984,73.6015453566745
2025-12-22T06:40:11.630674+00:00,btc-updown-15m-1766385000,TRADE,UP,DIR_EMERGENCY,4,1,0.6301464501136741,0.6301464501136741,12.0,0.6335096828431409,15.0,0.3833428023153503,12,1.0168524851584912,-0.2022298219018949,3.0,0.0,0.0,0.0,78.52197581642953,SUCCESS,BEARISH,emergency,5.0,88848.95,88839.14,0.0110424301721039,73.36648909606194
2025-12-22T06:45:02.916740+00:00,btc-updown-15m-1766385000,RESOLUTION,UP,MARKET_END,27,27,1.0,13.3523,12.0,0.6335,15.0,0.3833,12,1.0169,-0.2022,0.2,0.0,0.0,-1.3523,90.52,RESOLVED,,,,,,,
2025-12-22T06:45:11.207808+00:00,btc-updown-15m-1766385900,TRADE,DOWN,DIR_AVERAGE_DOWN,5,5,0.6601770192679416,3.300885096339708,0.0,0.0,5.0,0.6601770192679416,0,0.0,0.0,5.0,0.0,0.0,0.0,87.22109072008982,SUCCESS,BEARISH,average_down,5.0,88940.0,88970.01,-0.0337304671540385,200.35145575645652
2025-12-22T06:45:16.677206+00:00,btc-updown-15m-1766385900,TRADE,DOWN,DIR_ACCUMULATE,5,5,0.6603004354690952,3.301502177345476,0.0,0.0,10.0,0.6602387273685184,0,0.0,0.0,10.0,0.0,0.0,0.0,83.91958854274435,SUCCESS,BEARISH,accumulate,5.0,88926.12,88970.01,-0.0493312297031319,299.11984274223227
2025-12-22T06:45:22.218543+00:00,btc-updown-15m-1766385900,TRADE,UP,DIR_REBALANCE,5,5,0.35000543006378,1.7500271503189002,5.0,0.35000543006378,10.0,0.6602387273685184,5,1.0102441574322985,-0.0512207871614922,5.0,0.0,0.0,0.0,82.16956139242545,SUCCESS,BEARISH,rebalance,5.0,88926.12,88970.01,-0.0493312297031319,308.204779777238
2025-12-22T06:45:27.711185+00:00,btc-updown-15m-1766385900,TRADE,DOWN,DIR_ACCUMULATE,5,5,0.6600564498518926,3.300282249259463,5.0,0.35000543006378,15.0,0.6601779681963098,5,1.0101833982600898,-0.0509169913004492,10.0,0.0,0.0,0.0,78.86927914316598,SUCCESS,BEARISH,accumulate,5.0,88926.13,88970.01,-0.0493199899606509,307.4813419179556
2025-12-22T06:45:33.363724+00:00,btc-updown-15m-1766385900,TRADE,UP,DIR_REBALANCE,5,5,0.3600365557601929,1.8001827788009646,10.0,0.3550209929119864,15.0,0.6601779681963098,10,1.0151989611082963,-0.1519896110829632,5.0,0.0,0.0,0.0,77.06909636436502,SUCCESS,BEARISH,rebalance,5.0,88926.12,88970.01,-0.0493312297031319,314.76066337710995
2025-12-22T06:55:01.144049+00:00,btc-updown-15m-1766385900,TRADE,UP,DIR_EMERGENCY,5,5,0.4100642573276211,2.050321286638105,15.0,0.3733687477171979,15.0,0.6601779681963098,15,1.033546715913508,-0.5032007387026183,0.0,0.0,0.0,0.0,75.01877507772691,SUCCESS,BEARISH,emergency,5.0,88956.93,88970.01,-0.0147015831514481,87.07471121482247
2025-12-22T07:00:03.761021+00:00,btc-updown-15m-1766385900,RESOLUTION,DOWN,MARKET_END,30,30,1.0,15.5032,15.0,0.3734,15.0,0.6602,15,1.0335,-0.5032,0.0,0.0,0.0,-0.5032,90.02,RESOLVED,,,,,,,
2025-12-22T07:00:18.081232+00:00,btc-updown-15m-1766386800,TRADE,DOWN,DIR_AVERAGE_DOWN,5,5,0.5801949828556953,2.900974914278476,0.0,0.0,5.0,0.5801949828556953,0,0.0,0.0,5.0,0.0,0.0,0.0,87.11780016344844,SUCCESS,BEARISH,average_down,5.0,88904.11,88909.26,-0.005792422521562,35.515865789381
2025-12-22T07:00:23.598852+00:00,btc-updown-15m-1766386800,TRADE,DOWN,DIR_ACCUMULATE,5,2,0.5801052166551142,1.1602104333102283,0.0,0.0,7.0,0.580169335369815,0,0.0,0.0,7.0,0.0,0.0,0.0,85.95758973013821,SUCCESS,BEARISH,accumulate,5.0,88901.11,88909.26,-0.0091666492331554,55.729048769097886
2025-12-22T07:00:29.077111+00:00,btc-updown-15m-1766386800,TRADE,UP,DIR_REBALANCE,5,5,0.4301332207833498,2.150666103916749,5.0,0.4301332207833498,7.0,0.580169335369815,5,1.0103025561531649,-0.0515127807658233,2.0,0.0,0.0,0.0,83.80692362622146,SUCCESS,BEARISH,rebalance,5.0,88895.55,88909.26,-0.0154202160719725,94.00820149429524
2025-12-22T07:00:34.706487+00:00,btc-updown-15m-1766386800,TRADE,DOWN,DIR_AVERAGE_DOWN,5,2,0.5800650489389975,1.160130097877995,5.0,0.4301332207833498,9.0,0.5801461606074111,5,1.010279381390761,-0.0513969069538045,4.0,0.0,0.0,0.0,82.64679352834347,SUCCESS,BEARISH,average_down,5.0,88900.93,88909.26,-0.0093691028358595,57.135525011691286
2025-12-22T07:00:40.188777+00:00,btc-updown-15m-1766386800,TRADE,DOWN,DIR_ACCUMULATE,5,5,0.5600841972707318,2.800420986353659,5.0,0.4301332207833498,14.0,0.5729811737014542,5,1.003114394484804,-0.0155719724240199,9.0,0.0,0.0,0.0,79.84637254198981,SUCCESS,BEARISH,accumulate,5.0,88900.93,88909.26,-0.0093691028358595,58.14884447879994
2025-12-22T07:00:45.709000+00:00,btc-updown-15m-1766386800,TRADE,UP,DIR_REBALANCE,5,5,0.5402623940046266,2.701311970023133,10.0,0.4851978073939882,14.0,0.5729811737014542,10,1.0581789810954425,-0.5817898109544251,4.0,0.0,0.0,0.0,77.14506057196668,SUCCESS,BEARISH,rebalance,5.0,88920.0,88909.26,0.0120797316275101,71.42423665897779
2025-12-22T07:00:51.208534+00:00,btc-updown-15m-1766386800,TRADE,DOWN,DIR_ACCUMULATE,1,1,0.4000990478643431,0.4000990478643431,10.0,0.4851978073939882,15.0,0.5614556986456467,10,1.046653506039635,-0.4665350603963492,5.0,0.0,0.0,0.0,76.74496152410234,SUCCESS,BEARISH,accumulate,5.0,88935.87,88909.26,0.0299293909318338,172.80973286653068
2025-12-22T07:15:00.776064+00:00,btc-updown-15m-1766386800,RESOLUTION,UP,MARKET_END,25,25,1.0,13.2738,10.0,0.4852,15.0,0.5615,10,1.0467,-0.4665,0.33,0.0,0.0,-3.2738,86.74,RESOLVED,,,,,,,
2025-12-22T07:15:09.158266+00:00,btc-updown-15m-1766387700,TRADE,DOWN,DIR_AVERAGE_DOWN,5,1,0.4800583144032451,0.4800583144032451,0.0,0.0,1.0,0.4800583144032451,0,0.0,0.0,1.0,0.0,0.0,0.0,86.26490320969909,SUCCESS,BEARISH,average_down,5.0,89165.91,89148.08,0.0200004307439955,152.24355681176914
2025-12-22T07:25:33.519450+00:00,btc-updown-15m-1766387700,TRADE,UP,DIR_EMERGENCY,1,1,0.350054950791983,0.350054950791983,1.0,0.350054950791983,1.0,0.4800583144032451,1,0.8301132651952281,0.1698867348047719,0.0,0.0,0.0,0.0,85.9148482589071,SUCCESS,BEARISH,emergency,5.0,89119.1,89148.08,-0.0325077107661723,0.0
2025-12-22T07:25:39.100135+00:00,btc-updown-15m-1766387700,TRADE,DOWN,DIR_AVERAGE_DOWN,5,5,0.6797677431699065,3.398838715849533,1.0,0.350054950791983,6.0,0.6464828383754629,1,0.996537789167446,0.0034622108325539,5.0,0.0,0.0,0.0,82.51600954305756,SUCCESS,BEARISH,average_down,5.0,89119.1,89148.08,-0.0325077107661723,0.0
2025-12-22T07:25:44.657453+00:00,btc-updown-15m-1766387700,TRADE,UP,DIR_EMERGENCY,5,5,0.3201255092621312,1.600627546310656,6.0,0.3251137495171065,6.0,0.6464828383754629,6,0.9715965878925694,0.1704204726445835,0.0,0.0,0.0,0.0,80.9153819967469,SUCCESS,BEARISH,emergency,5.0,89129.36,89148.08,-0.0209987696874696,0.0
2025-12-22T07:25:50.160278+00:00,btc-updown-15m-1766387700,TRADE,DOWN,DIR_AVERAGE_DOWN,5,5,0.7403312299151026,3.7016561495755127,6.0,0.3251137495171065,11.0,0.6891411981662082,6,1.0142549476833147,-0.0855296860998882,5.0,0.0,0.0,0.0,77.21372584717139,SUCCESS,BEARISH,average_down,5.0,89118.93,89148.08,-0.0326984047216818,189.31535643597115
2025-12-22T07:25:55.775638+00:00,btc-updown-15m-1766387700,TRADE,UP,DIR_EMERGENCY,5,5,0.2600431362658638,1.3002156813293189,11.0,0.2955361980392689,11.0,0.6891411981662082,11,0.9846773962054772,0.1685486417397517,0.0,0.0,0.0,0.0,75.91351016584207,SUCCESS,BEARISH,emergency,5.0,89118.94,89148.08,-0.0326871874301717,193.92596634363576
2025-12-22T07:26:01.332482+00:00,btc-updown-15m-1766387700,TRADE,DOWN,DIR_AVERAGE_DOWN,4,4,0.7702847439150796,3.0811389756603185,11.0,0.2955361980392689,15.0,0.7107794770325739,11,1.0063156750718427,-0.0694724257902699,4.0,0.0,0.0,0.0,72.83237119018175,SUCCESS,BEARISH,average_down,5.0,89118.94,89148.08,-0.0326871874301717,197.78514293118508
2025-12-22T07:26:06.865703+00:00,btc-updown-15m-1766387700,TRADE,UP,DIR_EMERGENCY,4,4,0.2500291340171467,1.0001165360685869,15.0,0.2834009809667029,15.0,0.7107794770325739,15,0.9941804579992768,0.0872931300108464,0.0,0.0,0.0,0.0,71.83225465411316,SUCCESS,BEARISH,emergency,5.0,89118.94,89148.08,-0.0326871874301717,205.7478618318492
2025-12-22T07:30:00.148733+00:00,btc-updown-15m-1766387700,RESOLUTION,DOWN,MARKET_END,30,30,1.0,14.9127,15.0,0.2834,15.0,0.7108,15,0.9942,0.0873,0.0,0.0,0.0,0.0873,86.83,RESOLVED,,,,,,,
2025-12-22T07:30:08.498714+00:00,btc-updown-15m-1766388600,TRADE,DOWN,DIR_AVERAGE_DOWN,5,5,0.4800639825954397,2.400319912977199,0.0,0.0,5.0,0.4800639825954397,0,0.0,0.0,5.0,0.0,0.0,0.0,84.43193474113596,SUCCESS,BEARISH,average_down,5.0,89112.49,89111.24,0.0014027411132422,10.436249777549662
2025-12-22T07:30:13.982030+00:00,btc-updown-15m-1766388600,TRADE,DOWN,DIR_ACCUMULATE,5,5,0.470219944999074,2.35109972499537,0.0,0.0,10.0,0.4751419637972569,0,0.0,0.0,10.0,0.0,0.0,0.0,82.0808350161406,SUCCESS,BEARISH,accumulate,5.0,89116.45,89111.24,0.0058466249599846,42.08162180365844
2025-12-22T07:30:19.470545+00:00,btc-updown-15m-1766388600,TRADE,UP,DIR_REBALANCE,5,5,0.5200178137073951,2.6000890685369757,5.0,0.5200178137073951,10.0,0.4751419637972569,5,0.995159777504652,0.0242011124767399,5.0,0.0,0.0,0.0,79.48074594760362,SUCCESS,BEARISH,rebalance,5.0,89116.46,89111.24,0.005857846888901,44.495714470841015
2025-12-22T07:30:25.084163+00:00,btc-updown-15m-1766388600,TRADE,DOWN,DIR_ACCUMULATE,5,5,0.4898747299411186,2.4493736497055933,5.0,0.5200178137073951,15.0,0.4800528858452109,5,1.000070699552606,-0.0003534977630303,10.0,0.0,0.0,0.0,77.03137229789803,SUCCESS,BEARISH,accumulate,5.0,89116.45,89111.24,0.0058466249599846,45.86871092788744
2025-12-22T07:30:30.893737+00:00,btc-updown-15m-1766388600,TRADE,UP,DIR_REBALANCE,5,5,0.5200897996335193,2.6004489981675967,10.0,0.5200538066704572,15.0,0.4800528858452109,10,1.000106692515668,-0.0010669251566808,5.0,0.0,0.0,0.0,74.43092329973044,SUCCESS,BEARISH,rebalance,5.0,89116.45,89111.24,0.0058466249599846,82.23466979415805
2025-12-22T07:40:01.372849+00:00,btc-updown-15m-1766388600,TRADE,UP,DIR_EMERGENCY,5,5,0.2900193090383983,1.4500965451919918,15.0,0.4433756407931042,15.0,0.4800528858452109,15,0.9234285266383152,1.1485721004252736,0.0,0.0,0.0,0.0,72.98082675453844,SUCCESS,BEARISH,emergency,5.0,89080.01,89111.24,-0.0350460839732568,60.69384993665304
2025-12-22T07:45:01.940828+00:00,btc-updown-15m-1766388600,RESOLUTION,UP,MARKET_END,30,30,1.0,13.8514,15.0,0.4434,15.0,0.4801,15,0.9234,1.1486,0.0,0.0,0.0,1.1486,87.98,RESOLVED,,,,,,,
2025-12-22T11:00:17.458019+00:00,btc-updown-15m-1766401200,TRADE,UP,DIR_AVERAGE_DOWN,1,1,0.4901282692167509,0.4901282692167509,1.0,0.4901282692167509,0.0,0.0,0,0,0.0,1.0,0,0,0,99.50987173078325,SUCCESS,BULLISH,average_down,0,89778.94,89778.94,0.0,3.897652238945493e-08
2025-12-22T11:00:56.077323+00:00,btc-updown-15m-1766401200,TRADE,UP,DIR_AVERAGE_DOWN,1,1,0.37002748873470465,0.37002748873470465,2.0,0.4300778789757278,0.0,0.0,0,0,0.0,2.0,0,0,0,99.13984424204854,SUCCESS,BULLISH,average_down,0,89751.31,89778.94,-0.03077559169222165,262.65483969128815
2025-12-22T11:02:51.514683+00:00,btc-updown-15m-1766401200,TRADE,UP,DIR_AVERAGE_DOWN,1,1,0.3301502057682767,0.3301502057682767,3.0,0.3967686545732441,0.0,0.0,0,0,0.0,3.0,0,0,0,98.80969403628026,SUCCESS,BULLISH,average_down,0,89738.59,89778.94,-0.0449437251097037,165.29014459420355
2025-12-22T11:02:57.008763+00:00,btc-updown-15m-1766401200,TRADE,UP,DIR_ACCUMULATE,1,1,0.3400844579837416,0.3400844579837416,4.0,0.3825976054258685,0.0,0.0,0,0,0.0,4.0,0,0,0,98.46960957829653,SUCCESS,BULLISH,accumulate,0,89738.59,89778.94,-0.0449437251097037,165.28991308317947
2025-12-22T11:03:02.446916+00:00,btc-updown-15m-1766401200,TRADE,UP,DIR_ACCUMULATE,1,1,0.35006792677101634,0.35006792677101634,5.0,0.37609166969489805,0.0,0.0,0,0,0.0,5.0,0,0,0,98.11954165152551,SUCCESS,BULLISH,accumulate,0,89738.6,89778.94,-0.044932586640025494,159.00963279265451
2025-12-22T11:03:07.962294+00:00,btc-updown-15m-1766401200,TRADE,UP,DIR_ACCUMULATE,1,1,0.4300033784333566,0.4300033784333566,6.0,0.38507695448464113,0.0,0.0,0,0,0.0,6.0,0,0,0,97.68953827309215,SUCCESS,BULLISH,accumulate,0,89764.61,89778.94,-0.01596142703400346,57.61839660976016
2025-12-22T11:03:13.468126+00:00,btc-updown-15m-1766401200,TRADE,DOWN,DIR_REBALANCE,5,5,0.5802305216221998,2.901152608110999,6.0,0.38507695448464113,5.0,0.5802305216221998,5,0.965307476106841,0.1734626194657951,1.0,0,0,0,94.78838566498115,SUCCESS,BULLISH,rebalance,0,89764.61,89778.94,-0.01596142703400346,57.483477625299486
2025-12-22T11:03:18.987418+00:00,btc-updown-15m-1766401200,TRADE,UP,DIR_AVERAGE_DOWN,1,1,0.4301844691638409,0.4301844691638409,7.0,0.39152088515309824,5.0,0.5802305216221998,5,0.971751406775298,0.14124296612350984,2.0,0,0,0,94.3582011958173,SUCCESS,BULLISH,average_down,0,89764.6,89778.94,-0.015972565503665454,56.64942737326357
2025-12-22T11:03:35.495750+00:00,btc-updown-15m-1766401200,TRADE,UP,DIR_AVERAGE_DOWN,1,1,0.3600000388125508,0.3600000388125508,8.0,0.3875807793605298,5.0,0.5802305216221998,5,0.9678113009827296,0.16094349508635197,3.0,0,0,0,93.99820115700476,SUCCESS,BULLISH,average_down,0,89753.71,89778.94,-0.028102358971932532,90.06317314686116
2025-12-22T11:03:40.997904+00:00,btc-updown-15m-1766401200,TRADE,UP,DIR_ACCUMULATE,1,1,0.3401205788233404,0.3401205788233404,9.0,0.3823074237452866,5.0,0.5802305216221998,5,0.9625379453674864,0.1873102731625681,4.0,0,0,0,93.65808057818141,SUCCESS,BULLISH,accumulate,0,89751.32,89778.94,-0.03076445322254344,95.42898297790597
2025-12-22T11:03:46.481650+00:00,btc-updown-15m-1766401200,TRADE,UP,DIR_ACCUMULATE,1,1,0.34003995917102114,0.34003995917102114,10.0,0.37808067728786005,5.0,0.5802305216221998,5,0.9583111989100599,0.20844400544970054,5.0,0,0,0,93.31804061901039,SUCCESS,BULLISH,accumulate,0,89751.31,89778.94,-0.03077559169222165,182.12174023607048
2025-12-22T11:03:51.978803+00:00,btc-updown-15m-1766401200,TRADE,UP,DIR_ACCUMULATE,1,1,0.3200291861189296,0.3200291861189296,11.0,0.3728032689997755,5.0,0.5802305216221998,5,0.9530337906219752,0.2348310468901238,6.0,0,0,0,92.99801143289146,SUCCESS,BULLISH,accumulate,0,89746.66,89778.94,-0.03595498008775647,213.7831822857544
2025-12-22T11:03:57.488727+00:00,btc-updown-15m-1766401200,TRADE,DOWN,DIR_REBALANCE,5,5,0.7002480386592208,3.501240193296104,11.0,0.3728032689997755,10.0,0.6402392801407103,10,1.0130425491404857,-0.13042549140485749,1.0,0,0,0,89.49677123959536,SUCCESS,BULLISH,rebalance,0,89742.34,89778.94,-0.040766798984267154,231.43332351455837
2025-12-22T11:04:02.967878+00:00,btc-updown-15m-1766401200,TRADE,UP,DIR_AVERAGE_DOWN,1,1,0.33010945553949905,0.33010945553949905,12.0,0.3692454512114191,10.0,0.6402392801407103,10,1.0094847313521293,-0.0948473135212935,2.0,0,0,0,89.16666178405586,SUCCESS,BULLISH,average_down,0,89742.35,89778.94,-0.040755660514588954,228.57593320745545
2025-12-22T11:10:02.591451+00:00,btc-updown-15m-1766401200,TRADE,DOWN,DIR_EMERGENCY,2,2,0.24011587980527532,0.48023175961055065,12.0,0.3692454512114191,12.0,0.5735520467514711,12,0.9427974979628901,0.6864300244453183,0.0,0,0,0,88.68643002444531,SUCCESS,BULLISH,emergency,0,89810.51,89778.94,0.035164148741333355,198.77914851343894
2025-12-22T11:10:08.251326+00:00,btc-updown-15m-1766401200,TRADE,UP,DIR_AVERAGE_DOWN,1,1,0.7802829785656376,0.7802829785656376,13.0,0.400863722546359,12.0,0.5735520467514711,12,0.9744157692978301,0.30701076842603836,1.0,0,0,0,87.90614704587968,SUCCESS,BULLISH,average_down,0,89810.5,89778.94,0.035153010271671364,198.11269213830707
2025-12-22T11:10:13.707950+00:00,btc-updown-15m-1766401200,TRADE,DOWN,DIR_EMERGENCY,1,1,0.2501131892516568,0.2501131892516568,13.0,0.400863722546359,13.0,0.5486721346361008,13,0.9495358571824597,0.6560338566280239,0.0,0,0,0,87.65603385662803,SUCCESS,BULLISH,emergency,0,89810.5,89778.94,0.035153010271671364,197.3065870692052
2025-12-22T11:10:19.319520+00:00,btc-updown-15m-1766401200,TRADE,UP,DIR_AVERAGE_DOWN,1,1,0.7800824606223924,0.7800824606223924,14.0,0.42795077526607567,13.0,0.5486721346361008,13,0.9766229099021764,0.30390217127170716,1.0,0,0,0,86.87595139600563,SUCCESS,BULLISH,average_down,0,89810.51,89778.94,0.035164148741333355,196.37302047567312
2025-12-22T11:10:24.806450+00:00,btc-updown-15m-1766401200,TRADE,DOWN,DIR_EMERGENCY,1,1,0.23006205529807539,0.23006205529807539,14.0,0.42795077526607567,14.0,0.5259142718262418,14,0.9538650470923176,0.6458893407075541,0.0,0,0,0,86.64588934070755,SUCCESS,BULLISH,emergency,0,89810.51,89778.94,0.035164148741333355,6604.090028938087
2025-12-22T11:10:30.427446+00:00,btc-updown-15m-1766401200,TRADE,UP,DIR_AVERAGE_DOWN,1,1,0.7800290378122073,0.7800290378122073,15.0,0.4514226594358178,14.0,0.5259142718262418,14,0.9773369312620597,0.3172829623311646,1.0,0,0,0,85.86586030289534,SUCCESS,BULLISH,average_down,0,89810.5,89778.94,0.035153010271671364,6577.7751589056525
2025-12-22T11:10:35.924659+00:00,btc-updown-15m-1766401200,TRADE,DOWN,DIR_EMERGENCY,1,1,0.2500334880927685,0.2500334880927685,15.0,0.4514226594358178,15.0,0.5075222195773436,15,0.9589448790131614,0.6158268148025792,0.0,0,0,0,85.61582681480257,SUCCESS,BULLISH,emergency,0,89810.51,89778.94,0.035164148741333355,6484.559280325656
2025-12-22T11:15:01.230724+00:00,btc-updown-15m-1766401200,RESOLUTION,UP,BINANCE_FALLBACK,30,30,1.0000,14.3842,15,0.4514,15,0.5075,15,0.9589,0.6158,0.00,0.0000,0.0000,0.6158,100.62,RESOLVED
2025-12-22T11:15:09.489394+00:00,btc-updown-15m-1766402100,TRADE,UP,DIR_AVERAGE_DOWN,1,1,0.49012739122624643,0.49012739122624643,1.0,0.49012739122624643,0.0,0.0,0,0,0.0,1.0,0,0,0,100.12569942357632,SUCCESS,BULLISH,average_down,0,89785.61,89790.0,-0.004889185878159503,39.20163217944627
2025-12-22T11:45:07.153334+00:00,btc-updown-15m-1766403900,TRADE,UP,DIR_AVERAGE_DOWN,1,1,0.480049920162377,0.480049920162377,1.0,0.480049920162377,0.0,0.0,0,0,0.0,1.0,0,0,0,99.51995007983763,SUCCESS,BULLISH,average_down,0,89866.94,89866.95,-1.1127561350152988e-05,1.732050738734937
2025-12-22T11:55:12.400970+00:00,btc-updown-15m-1766403900,TRADE,DOWN,DIR_EMERGENCY,1,1,0.09001949297148505,0.09001949297148505,1.0,0.480049920162377,1.0,0.09001949297148505,1,0.5700694131338621,0.42993058686613794,0.0,0,0,0,99.42993058686615,SUCCESS,BULLISH,emergency,0,89975.89,89866.95,0.12122365341207454,721.7218384203768
2025-12-22T11:55:40.156736+00:00,btc-updown-15m-1766403900,TRADE,UP,DIR_AVERAGE_DOWN,1,1,0.8303947518187077,0.8303947518187077,2.0,0.6552223359905424,1.0,0.09001949297148505,1,0.7452418289620274,0.2547581710379726,1.0,0,0,0,98.59953583504745,SUCCESS,BULLISH,average_down,0,89944.74,89866.95,0.08656129978819595,442.97021468750194
2025-12-22T11:55:51.173644+00:00,btc-updown-15m-1766403900,TRADE,DOWN,DIR_EMERGENCY,1,1,0.4101942646059342,0.4101942646059342,2.0,0.6552223359905424,2.0,0.25010687878870963,2,0.905329214779252,0.18934157044149602,0.0,0,0,0,98.18934157044151,SUCCESS,BULLISH,emergency,0,89875.24,89866.95,0.009224748364118454,39.88898464655984
2025-12-22T11:56:02.182489+00:00,btc-updown-15m-1766403900,TRADE,UP,DIR_AVERAGE_DOWN,1,1,0.6300311603358306,0.6300311603358306,3.0,0.6468252774389718,2.0,0.25010687878870963,2,0.8969321562276814,0.20613568754463718,1.0,0,0,0,97.55931041010568,SUCCESS,BULLISH,average_down,0,89879.65,89866.95,0.014132002922094374,59.94793156367175
2025-12-22T11:56:07.667072+00:00,btc-updown-15m-1766403900,TRADE,DOWN,DIR_EMERGENCY,1,1,0.35015154888746514,0.35015154888746514,3.0,0.6468252774389718,3.0,0.28345510215496145,3,0.9302803795939332,0.2091588612182005,0.0,0,0,0,97.20915886121821,SUCCESS,BULLISH,emergency,0,89886.43,89866.95,0.021676489521449127,85.79166179241066
2025-12-22T11:56:13.252428+00:00,btc-updown-15m-1766403900,TRADE,UP,DIR_AVERAGE_DOWN,1,1,0.6401510150656395,0.6401510150656395,4.0,0.6451567118456387,3.0,0.28345510215496145,3,0.9286118140006001,0.21416455799819967,1.0,0,0,0,96.56900784615257,SUCCESS,BULLISH,average_down,0,89889.82,89866.95,0.025448732821142697,93.31002725285349
2025-12-22T11:56:24.306224+00:00,btc-updown-15m-1766403900,TRADE,DOWN,DIR_EMERGENCY,1,1,0.310121982814096,0.310121982814096,4.0,0.6451567118456387,4.0,0.2901218223197451,4,0.9352785341653838,0.25888586333846497,0.0,0,0,0,96.25888586333848,SUCCESS,BULLISH,emergency,0,89900.0,89866.95,0.03677659028152498,139.27371369599965
2025-12-22T11:56:29.835809+00:00,btc-updown-15m-1766403900,TRADE,UP,DIR_AVERAGE_DOWN,1,1,0.6903240077090054,0.6903240077090054,5.0,0.654190171018312,4.0,0.2901218223197451,4,0.944311993338057,0.22275202664777183,1.0,0,0,0,95.56856185562947,SUCCESS,BULLISH,average_down,0,89899.99,89866.95,0.03676546272017482,138.13712603171876
2025-12-22T11:56:35.314783+00:00,btc-updown-15m-1766403900,TRADE,DOWN,DIR_EMERGENCY,1,1,0.22005916286271918,0.22005916286271918,5.0,0.654190171018312,5.0,0.27610929042833987,5,0.9302994614466519,0.3485026927667406,0.0,0,0,0,95.34850269276674,SUCCESS,BULLISH,emergency,0,89917.97,89866.95,0.0567728180382266,219.7415891231774
2025-12-22T11:56:40.822856+00:00,btc-updown-15m-1766403900,TRADE,UP,DIR_AVERAGE_DOWN,1,1,0.8303691569297058,0.8303691569297058,6.0,0.6835533353368777,5.0,0.27610929042833987,5,0.9596626257652175,0.20168687117391226,1.0,0,0,0,94.51813353583704,SUCCESS,BULLISH,average_down,0,89925.76,89866.95,0.06544118833452975,249.04864336747718
2025-12-22T11:56:52.204709+00:00,btc-updown-15m-1766403900,TRADE,DOWN,DIR_EMERGENCY,1,1,0.17004527576876918,0.17004527576876918,6.0,0.6835533353368777,6.0,0.2584319546517448,6,0.9419852899886225,0.3480882600682649,0.0,0,0,0,94.34808826006827,SUCCESS,BULLISH,emergency,0,89925.76,89866.95,0.06544118833452975,276.00656620343887
2025-12-22T13:00:10.797977+00:00,btc-updown-15m-1766408400,TRADE,UP,DIR_AVERAGE_DOWN,1,1,0.5098961884176929,0.5098961884176929,1.0,0.5098961884176929,0.0,0.0,0,0,0.0,1.0,0,0,0,99.4901038115823,SUCCESS,BULLISH,average_down,0,90233.05,90208.48,0.027236907217599707,4140.273437252626
2025-12-22T13:07:27.758299+00:00,btc-updown-15m-1766408400,TRADE,UP,DIR_AVERAGE_DOWN,1,1,0.42004324660124526,0.42004324660124526,2.0,0.4649697175094691,0.0,0.0,0,0,0.0,2.0,0,0,0,99.07006056498106,SUCCESS,BULLISH,average_down,0,90189.91,90208.48,-0.02058564782378822,119.29044341975461
2025-12-22T13:07:33.307078+00:00,btc-updown-15m-1766408400,TRADE,UP,DIR_AVERAGE_DOWN,1,1,0.3401325977099614,0.3401325977099614,3.0,0.4233573442429665,0.0,0.0,0,0,0.0,3.0,0,0,0,98.7299279672711,SUCCESS,BULLISH,average_down,0,90159.24,90208.48,-0.054584668758403516,323.40336974535785
2025-12-22T13:07:38.792758+00:00,btc-updown-15m-1766408400,TRADE,UP,DIR_ACCUMULATE,1,1,0.35012611382104347,0.35012611382104347,4.0,0.4050495366374857,0.0,0.0,0,0,0.0,4.0,0,0,0,98.37980185345005,SUCCESS,BULLISH,accumulate,0,90162.88,90208.48,-0.05054957139283498,303.3139624114329
2025-12-22T13:07:44.274140+00:00,btc-updown-15m-1766408400,TRADE,UP,DIR_ACCUMULATE,1,1,0.35014408806942177,0.35014408806942177,5.0,0.39406844692387294,0.0,0.0,0,0,0.0,5.0,0,0,0,98.02965776538062,SUCCESS,BULLISH,accumulate,0,90166.78,90208.48,-0.046226252786874464,275.0932058207956
2025-12-22T13:07:49.747036+00:00,btc-updown-15m-1766408400,TRADE,UP,DIR_ACCUMULATE,1,1,0.3000206748072,0.3000206748072,6.0,0.3783938182377608,0.0,0.0,0,0,0.0,6.0,0,0,0,97.72963709057342,SUCCESS,BULLISH,accumulate,0,90154.81,90208.48,-0.059495515277497475,350.9516880892863
2025-12-22T13:08:00.717423+00:00,btc-updown-15m-1766408400,TRADE,DOWN,DIR_REBALANCE,5,5,0.6500080380640219,3.2500401903201093,6.0,0.3783938182377608,5.0,0.6500080380640219,5,1.0284018563017827,-0.14200928150891357,1.0,0,0,0,94.47959690025331,SUCCESS,BULLISH,rebalance,0,90172.72,90208.48,-0.039641505987014485,228.8263605699522
2025-12-22T13:08:06.226771+00:00,btc-updown-15m-1766408400,TRADE,UP,DIR_AVERAGE_DOWN,1,1,0.33011584816808387,0.33011584816808387,7.0,0.37149696537066407,5.0,0.6500080380640219,5,1.021505003434686,-0.10752501717342988,2.0,0,0,0,94.14948105208524,SUCCESS,BULLISH,average_down,0,90172.72,90208.48,-0.039641505987014485,219.33236069514876
2025-12-22T13:08:27.949872+00:00,btc-updown-15m-1766408400,TRADE,UP,DIR_AVERAGE_DOWN,1,1,0.23991656326862804,0.23991656326862804,8.0,0.3550494151079096,5.0,0.6500080380640219,5,1.0050574531719314,-0.025287265859657015,3.0,0,0,0,93.90956448881661,SUCCESS,BULLISH,average_down,0,90152.19,90208.48,-0.06239989854611628,372.70053944437063
2025-12-22T13:08:33.362509+00:00,btc-updown-15m-1766408400,TRADE,UP,DIR_ACCUMULATE,1,1,0.19007955654794953,0.19007955654794953,9.0,0.33671943082346956,5.0,0.6500080380640219,5,0.9867274688874914,0.06636265556254295,4.0,0,0,0,93.71948493226867,SUCCESS,BULLISH,accumulate,0,90128.01,90208.48,-0.08920447390311993,528.5283798723108
2025-12-22T13:08:38.764147+00:00,btc-updown-15m-1766408400,TRADE,UP,DIR_ACCUMULATE,1,1,0.16003383630090404,0.16003383630090404,10.0,0.319050871371213,5.0,0.6500080380640219,5,0.9690589094352349,0.15470545282382564,5.0,0,0,0,93.55945109596777,SUCCESS,BULLISH,accumulate,0,90113.32,90208.48,-0.105488973985582,727.2423419810116
2025-12-22T13:08:44.309350+00:00,btc-updown-15m-1766408400,TRADE,UP,DIR_ACCUMULATE,1,1,0.15002635869145048,0.15002635869145048,11.0,0.3036850065821437,5.0,0.6500080380640219,5,0.9536930446461656,0.23153477676917222,6.0,0,0,0,93.40942473727632,SUCCESS,BULLISH,accumulate,0,90113.33,90208.48,-0.10547788855326481,754.6025619983185
2025-12-22T13:08:49.751657+00:00,btc-updown-15m-1766408400,TRADE,DOWN,DIR_REBALANCE,5,5,0.7802872890798399,3.9014364453991996,11.0,0.3036850065821437,10.0,0.7151476635719309,10,1.0188326701540746,-0.18832670154074638,1.0,0,0,0,89.50798829187713,SUCCESS,BULLISH,rebalance,0,90142.86,90208.48,-0.07274260690347,483.98738849193245
2025-12-22T13:09:00.720523+00:00,btc-updown-15m-1766408400,TRADE,UP,DIR_AVERAGE_DOWN,1,1,0.21000968903809758,0.21000968903809758,12.0,0.2958787301201398,10.0,0.7151476635719309,10,1.0110263936920707,-0.11026393692070702,2.0,0,0,0,89.29797860283902,SUCCESS,BULLISH,average_down,0,90086.58,90208.48,-0.13513142001726908,286.72579813650134
2025-12-22T13:09:06.152928+00:00,btc-updown-15m-1766408400,TRADE,UP,DIR_AVERAGE_DOWN,1,1,0.15000692459021495,0.15000692459021495,13.0,0.2846578220024533,10.0,0.7151476635719309,10,0.9998054855743843,0.0019451442561568832,3.0,0,0,0,89.14797167824881,SUCCESS,BULLISH,average_down,0,90125.41,90208.48,-0.09208668630708824,190.58432050883837
2025-12-22T13:09:11.594032+00:00,btc-updown-15m-1766408400,TRADE,UP,DIR_ACCUMULATE,1,1,0.14000525638602632,0.14000525638602632,14.0,0.27432549588699423,10.0,0.7151476635719309,10,0.9894731594589252,0.10526840541074778,4.0,0,0,0,89.00796642186278,SUCCESS,BULLISH,accumulate,0,90125.42,90208.48,-0.09207560087477105,191.04008084216724
2025-12-22T13:09:17.108638+00:00,btc-updown-15m-1766408400,TRADE,UP,DIR_ACCUMULATE,1,1,0.14005094440540908,0.14005094440540908,15.0,0.2653738591215552,10.0,0.7151476635719309,10,0.9805215226934861,0.19478477306513864,5.0,0,0,0,88.86791547745737,SUCCESS,BULLISH,accumulate,0,90125.41,90208.48,-0.09208668630708824,191.06741923383504
2025-12-22T13:15:02.614204+00:00,btc-updown-15m-1766408400,RESOLUTION,DOWN,BINANCE_FALLBACK,25,25,1.0000,11.1321,15,0.2654,10,0.7151,10,0.9805,0.1948,0.33,0.0000,0.0000,-1.1321,98.87,RESOLVED
2025-12-22T13:15:11.066789+00:00,btc-updown-15m-1766409300,TRADE,UP,DIR_AVERAGE_DOWN,1,1,0.5202217146200453,0.5202217146200453,1.0,0.5202217146200453,0.0,0.0,0,0,0.0,1.0,0,0,0,98.34769376283732,SUCCESS,BULLISH,average_down,0,90171.59,90152.47,0.02120851486375841,100.78600244543584
2025-12-22T13:15:59.869941+00:00,btc-updown-15m-1766409300,TRADE,UP,DIR_AVERAGE_DOWN,1,1,0.4400966092150192,0.4400966092150192,2.0,0.4801591619175323,0.0,0.0,0,0,0.0,2.0,0,0,0,97.9075971536223,SUCCESS,BULLISH,average_down,0,90131.17,90152.47,-0.023626640512459513,122.40806192554484
2025-12-22T13:18:54.033450+00:00,btc-updown-15m-1766409300,TRADE,UP,DIR_AVERAGE_DOWN,1,1,0.3200345285946875,0.3200345285946875,3.0,0.4267842841432507,0.0,0.0,0,0,0.0,3.0,0,0,0,97.58756262502762,SUCCESS,BULLISH,average_down,0,90089.43,90152.47,-0.06992598206128811,391.347061876655
2025-12-22T13:18:59.469459+00:00,btc-updown-15m-1766409300,TRADE,UP,DIR_ACCUMULATE,1,1,0.3101424393433409,0.3101424393433409,4.0,0.39762382294327325,0.0,0.0,0,0,0.0,4.0,0,0,0,97.27742018568428,SUCCESS,BULLISH,accumulate,0,90089.44,90152.47,-0.06991488974178836,391.3817653316141
2025-12-22T13:19:05.000254+00:00,btc-updown-15m-1766409300,TRADE,UP,DIR_ACCUMULATE,1,1,0.3601173395879613,0.3601173395879613,5.0,0.3901225262722109,0.0,0.0,0,0,0.0,5.0,0,0,0,96.91730284609632,SUCCESS,BULLISH,accumulate,0,90100.1,90152.47,-0.05809047716606693,322.19980835420614
2025-12-22T13:19:10.427921+00:00,btc-updown-15m-1766409300,TRADE,UP,DIR_ACCUMULATE,1,1,0.3500793343453668,0.3500793343453668,6.0,0.38344866095107016,0.0,0.0,0,0,0.0,6.0,0,0,0,96.56722351175095,SUCCESS,BULLISH,accumulate,0,90100.1,90152.47,-0.05809047716606693,318.8594964875636
2025-12-22T13:19:15.841644+00:00,btc-updown-15m-1766409300,TRADE,DOWN,DIR_REBALANCE,5,5,0.6701406378726689,3.3507031893633443,6.0,0.38344866095107016,5.0,0.6701406378726689,5,1.053589298823739,-0.26794649411869487,1.0,0,0,0,93.21652032238761,SUCCESS,BULLISH,rebalance,0,90100.0,90152.47,-0.058201400360967555,319.4710566864671
2025-12-22T13:19:21.265014+00:00,btc-updown-15m-1766409300,TRADE,UP,DIR_AVERAGE_DOWN,1,1,0.3401369914003293,0.3401369914003293,7.0,0.3772612795866786,5.0,0.6701406378726689,5,1.0474019174593474,-0.23700958729673705,2.0,0,0,0,92.87638333098728,SUCCESS,BULLISH,average_down,0,90100.01,90152.47,-0.058190308041483944,319.12891112547914
2025-12-22T13:19:37.617306+00:00,btc-updown-15m-1766409300,TRADE,DOWN,DIR_AVERAGE_DOWN,1,1,0.7103406938831286,0.7103406938831286,7.0,0.3772612795866786,6.0,0.6768406472077455,6,1.054101926794424,-0.3246115607665443,1.0,0,0,0,92.16604263710416,SUCCESS,BEARISH,average_down,1,90092.03,90152.47,-0.06704197899403347,313.6506559370501
2025-12-22T13:30:04.423876+00:00,btc-updown-15m-1766409300,RESOLUTION,DOWN,BINANCE_FALLBACK,13,13,1.0000,6.7019,7,0.3773,6,0.6768,6,1.0541,-0.3246,0.14,0.0000,0.0000,-0.7019,98.17,RESOLVED
2025-12-22T13:30:18.357002+00:00,btc-updown-15m-1766410200,TRADE,DOWN,DIR_AVERAGE_DOWN,1,1,0.5601280515647604,0.5601280515647604,0.0,0.0,1.0,0.5601280515647604,0,0,0.0,1.0,0,0,0,97.6059145855394,SUCCESS,BEARISH,average_down,1,90094.76,90125.52,-0.03413017755682221,213.96419952435159
2025-12-22T13:40:04.048467+00:00,btc-updown-15m-1766410200,TRADE,UP,DIR_EMERGENCY,1,1,0.040010985217368115,0.040010985217368115,1.0,0.040010985217368115,1.0,0.5601280515647604,1,0.6001390367821285,0.39986096321787146,0.0,0,0,0,97.56590360032203,SUCCESS,BEARISH,emergency,1,89903.85,90125.52,-0.24595697200970185,1238.2391253043902
2025-12-22T13:45:04.392531+00:00,btc-updown-15m-1766410200,RESOLUTION,DOWN,BINANCE_FALLBACK,2,2,1.0000,0.6001,1,0.0400,1,0.5601,1,0.6001,0.3999,0.00,0.0000,0.0000,0.3999,98.57,RESOLVED
2025-12-22T13:45:18.221504+00:00,btc-updown-15m-1766411100,TRADE,DOWN,DIR_AVERAGE_DOWN,1,1,0.40006323207514005,0.40006323207514005,0.0,0.0,1.0,0.40006323207514005,0,0,0.0,1.0,0,0,0,98.16584036824689,SUCCESS,BEARISH,average_down,1,89825.07,89768.72,0.0627724222869679,311.12195242948997
2025-12-22T13:46:24.131113+00:00,btc-updown-15m-1766411100,TRADE,DOWN,DIR_AVERAGE_DOWN,1,1,0.23001911642162803,0.23001911642162803,0.0,0.0,2.0,0.31504117424838407,0,0,0.0,2.0,0,0,0,97.93582125182526,SUCCESS,BEARISH,average_down,1,89888.01,89768.72,0.13288593175885052,626.9114879134842
2025-12-22T13:46:29.593929+00:00,btc-updown-15m-1766411100,TRADE,DOWN,DIR_AVERAGE_DOWN,1,1,0.20004439685309983,0.20004439685309983,0.0,0.0,3.0,0.27670891511662266,0,0,0.0,3.0,0,0,0,97.73577685497216,SUCCESS,BEARISH,average_down,1,89910.85,89768.72,0.15832909280649726,881.5912293161655
2025-12-22T13:46:35.155181+00:00,btc-updown-15m-1766411100,TRADE,DOWN,DIR_ACCUMULATE,1,1,0.26005281714220235,0.26005281714220235,0.0,0.0,4.0,0.27254489062301757,0,0,0.0,4.0,0,0,0,97.47572403782996,SUCCESS,BEARISH,accumulate,1,89889.48,89768.72,0.134523473209816,791.4582612951905
2025-12-22T13:46:40.576870+00:00,btc-updown-15m-1766411100,TRADE,DOWN,DIR_ACCUMULATE,1,1,0.29011609274342925,0.29011609274342925,0.0,0.0,5.0,0.2760591310470999,0,0,0.0,5.0,0,0,0,97.18560794508653,SUCCESS,BEARISH,accumulate,1,89866.81,89768.72,0.1092696877041318,620.1681588305237
2025-12-22T13:46:46.055081+00:00,btc-updown-15m-1766411100,TRADE,DOWN,DIR_ACCUMULATE,1,1,0.30998262010290956,0.30998262010290956,0.0,0.0,6.0,0.28171304588973484,0,0,0.0,6.0,0,0,0,96.87562532498362,SUCCESS,BEARISH,accumulate,1,89861.84,89768.72,0.10373323803658484,606.0445806988641
2025-12-22T13:46:51.488126+00:00,btc-updown-15m-1766411100,TRADE,UP,DIR_REBALANCE,5,5,0.7002985136223361,3.50149256811168,5.0,0.7002985136223361,6.0,0.28171304588973484,5,0.9820115595120709,0.08994220243964568,1.0,0,0,0,93.37413275687193,SUCCESS,BEARISH,rebalance,1,89852.01,89768.72,0.09278287581686984,537.1218545780514
2025-12-22T13:46:57.085738+00:00,btc-updown-15m-1766411100,TRADE,DOWN,DIR_AVERAGE_DOWN,1,1,0.36005470902395875,0.36005470902395875,5.0,0.7002985136223361,7.0,0.2929047120517668,5,0.9932032256741029,0.03398387162948546,2.0,0,0,0,93.01407804784797,SUCCESS,BEARISH,average_down,1,89834.21,89768.72,0.07295414260112569,474.394262156729
2025-12-22T13:47:24.331540+00:00,btc-updown-15m-1766411100,TRADE,DOWN,DIR_AVERAGE_DOWN,1,1,0.32007343444634845,0.32007343444634845,5.0,0.7002985136223361,8.0,0.2963008023510895,5,0.9965993159734257,0.017003420132871705,3.0,0,0,0,92.69400461340163,SUCCESS,BEARISH,average_down,1,89835.83,89768.72,0.07475878011850963,419.5178144428908
2025-12-22T13:47:29.780668+00:00,btc-updown-15m-1766411100,TRADE,DOWN,DIR_ACCUMULATE,1,1,0.29006533771257936,0.29006533771257936,5.0,0.7002985136223361,9.0,0.2956079729468106,5,0.9959064865691467,0.020467567154266453,4.0,0,0,0,92.40393927568905,SUCCESS,BEARISH,accumulate,1,89858.51,89768.72,0.10002370536194968,541.8858604793178
2025-12-22T13:47:35.199883+00:00,btc-updown-15m-1766411100,TRADE,DOWN,DIR_ACCUMULATE,1,1,0.26005143424292265,0.26005143424292265,5.0,0.7002985136223361,10.0,0.2920523190764218,5,0.9923508326987579,0.038245836506210495,5.0,0,0,0,92.14388784144613,SUCCESS,BEARISH,accumulate,1,89880.34,89768.72,0.12434175289565824,638.2507045058561
2025-12-22T13:47:40.626268+00:00,btc-updown-15m-1766411100,TRADE,DOWN,DIR_ACCUMULATE,1,1,0.21991727717450016,0.21991727717450016,5.0,0.7002985136223361,11.0,0.285494587994429,5,0.9857931016167651,0.07103449191617428,6.0,0,0,0,91.92397056427163,SUCCESS,BEARISH,accumulate,1,89882.08,89768.72,0.12628006726619315,647.3196303793618
2025-12-22T13:47:46.061556+00:00,btc-updown-15m-1766411100,TRADE,UP,DIR_REBALANCE,5,5,0.7903119721049677,3.9515598605248385,10.0,0.7453052428636519,11.0,0.285494587994429,10,1.0307998308580808,-0.307998308580808,1.0,0,0,0,87.97241070374679,SUCCESS,BEARISH,rebalance,1,89893.09,89768.72,0.1385449185417764,704.4190314677139
2025-12-22T13:47:57.058070+00:00,btc-updown-15m-1766411100,TRADE,DOWN,DIR_AVERAGE_DOWN,1,1,0.21005453838431537,0.21005453838431537,10.0,0.7453052428636519,12.0,0.2792079171935862,10,1.024513160057238,-0.24513160057237915,2.0,0,0,0,87.76235616536248,SUCCESS,BEARISH,average_down,1,89899.64,89768.72,0.1458414467756678,741.5987996548826
2025-12-22T13:48:13.435547+00:00,btc-updown-15m-1766411100,TRADE,UP,DIR_AVERAGE_DOWN,1,1,0.7596809922969752,0.7596809922969752,11.0,0.7466121291757722,12.0,0.2792079171935862,11,1.0258200463693585,-0.2840205100629438,1.0,0,0,0,87.0026751730655,SUCCESS,BULLISH,average_down,2,89876.51,89768.72,0.12007523333294001,677.4777748462959
2025-12-22T13:48:40.638941+00:00,btc-updown-15m-1766411100,TRADE,UP,DIR_AVERAGE_DOWN,1,1,0.6698350098546885,0.6698350098546885,12.0,0.7402140358990152,12.0,0.2792079171935862,12,1.0194219530926014,-0.23306343711121702,0.0,0,0,0,86.3328401632108,SUCCESS,BULLISH,average_down,2,89824.0,89768.72,0.06158047034646238,465.87191743280226
2025-12-22T14:00:03.312364+00:00,btc-updown-15m-1766411100,RESOLUTION,UP,BINANCE_FALLBACK,24,24,1.0000,12.2331,12,0.7402,12,0.2792,12,1.0194,-0.2331,0.00,0.0000,0.0000,-0.2331,98.33,RESOLVED
2025-12-22T14:00:11.879289+00:00,btc-updown-15m-1766412000,TRADE,UP,DIR_AVERAGE_DOWN,1,1,0.5202360926697687,0.5202360926697687,1.0,0.5202360926697687,0.0,0.0,0,0,0.0,1.0,0,0,0,97.81260407054104,SUCCESS,BULLISH,average_down,2,89912.4,89912.37,3.336582051928544e-05,0.19565298226418476
2025-12-22T14:10:05.087155+00:00,btc-updown-15m-1766412000,TRADE,DOWN,DIR_EMERGENCY,1,1,0.23001520622279253,0.23001520622279253,1.0,0.5202360926697687,1.0,0.23001520622279253,1,0.7502512988925611,0.24974870110743885,0.0,0,0,0,97.58258886431825,SUCCESS,BULLISH,emergency,2,89950.0,89912.37,0.041851860872986285,299.95326262071296
2025-12-22T14:10:10.477451+00:00,btc-updown-15m-1766412000,TRADE,UP,DIR_AVERAGE_DOWN,1,1,0.8200608590046442,0.8200608590046442,2.0,0.6701484758372065,1.0,0.23001520622279253,1,0.900163682059999,0.09983631794000103,1.0,0,0,0,96.76252800531361,SUCCESS,BULLISH,average_down,2,89957.61,89912.37,0.050315657345040773,346.57872108831936
2025-12-22T14:10:15.881352+00:00,btc-updown-15m-1766412000,TRADE,DOWN,DIR_EMERGENCY,1,1,0.1900710825035644,0.1900710825035644,2.0,0.6701484758372065,2.0,0.21004314436317845,2,0.880191620200385,0.23961675959923,0.0,0,0,0,96.57245692281005,SUCCESS,BULLISH,emergency,2,89970.92,89912.37,0.06511895971600228,442.4362849049718
2025-12-22T14:10:21.333471+00:00,btc-updown-15m-1766412000,TRADE,UP,DIR_AVERAGE_DOWN,1,1,0.8303042101407971,0.8303042101407971,3.0,0.72353372060507,2.0,0.21004314436317845,2,0.9335768649682485,0.1328462700635029,1.0,0,0,0,95.74215271266925,SUCCESS,BULLISH,average_down,2,89970.92,89912.37,0.06511895971600228,442.43418135540395
2025-12-22T14:10:26.729909+00:00,btc-updown-15m-1766412000,TRADE,DOWN,DIR_EMERGENCY,1,1,0.200031401102172,0.200031401102172,3.0,0.72353372060507,3.0,0.20670589660950964,3,0.9302396172145797,0.20928114835626088,0.0,0,0,0,95.54212131156709,SUCCESS,BULLISH,emergency,2,89970.93,89912.37,0.06513008165616997,442.5084945406106
2025-12-22T14:10:32.156405+00:00,btc-updown-15m-1766412000,TRADE,UP,DIR_AVERAGE_DOWN,1,1,0.8201505270061326,0.8201505270061326,4.0,0.7476879222053356,3.0,0.20670589660950964,3,0.9543938188148453,0.13681854355546408,1.0,0,0,0,94.72197078456095,SUCCESS,BULLISH,average_down,2,89970.93,89912.37,0.06513008165616997,451.8075405631934
2025-12-22T14:10:37.597022+00:00,btc-updown-15m-1766412000,TRADE,DOWN,DIR_EMERGENCY,1,1,0.22001623026551081,0.22001623026551081,4.0,0.7476879222053356,4.0,0.2100334800235099,4,0.9577214022288456,0.16911439108461757,0.0,0,0,0,94.50195455429544,SUCCESS,BULLISH,emergency,2,89962.12,89912.37,0.055331652363295514,366.243132935904
2025-12-22T14:10:48.542199+00:00,btc-updown-15m-1766412000,TRADE,UP,DIR_AVERAGE_DOWN,1,1,0.8102657335089949,0.8102657335089949,5.0,0.7602034844660676,4.0,0.2100334800235099,4,0.9702369644895774,0.11905214204169035,1.0,0,0,0,93.69168882078644,SUCCESS,BULLISH,average_down,2,89962.12,89912.37,0.055331652363295514,337.4472443244764
2025-12-22T14:10:54.097986+00:00,btc-updown-15m-1766412000,TRADE,DOWN,DIR_EMERGENCY,1,1,0.22005621010767826,0.22005621010767826,5.0,0.7602034844660676,5.0,0.21203802604034355,5,0.972241510506411,0.13879244746794472,0.0,0,0,0,93.47163261067877,SUCCESS,BULLISH,emergency,2,89962.11,89912.37,0.0553205304231278,287.9812394294567
2025-12-22T14:10:59.665114+00:00,btc-updown-15m-1766412000,TRADE,UP,DIR_AVERAGE_DOWN,1,1,0.8200317382835729,0.8200317382835729,6.0,0.7701748601023185,5.0,0.21203802604034355,5,0.982212886142662,0.08893556928669,1.0,0,0,0,92.65160087239519,SUCCESS,BULLISH,average_down,2,89962.11,89912.37,0.0553205304231278,353.0813122556219
2025-12-22T14:11:05.213878+00:00,btc-updown-15m-1766412000,TRADE,DOWN,DIR_EMERGENCY,1,1,0.21003606084770104,0.21003606084770104,6.0,0.7701748601023185,6.0,0.21170436517490313,6,0.9818792252772216,0.1087246483366704,0.0,0,0,0,92.4415648115475,SUCCESS,BULLISH,emergency,2,89962.12,89912.37,0.055331652363295514,344.31380731619726
2025-12-22T14:11:10.628892+00:00,btc-updown-15m-1766412000,TRADE,UP,DIR_AVERAGE_DOWN,1,1,0.8402142177568551,0.8402142177568551,7.0,0.7801804826243951,6.0,0.21170436517490313,6,0.9918848477992982,0.04869091320421082,1.0,0,0,0,91.60135059379064,SUCCESS,BULLISH,average_down,2,89962.11,89912.37,0.0553205304231278,339.77816489253627
2025-12-22T14:11:16.287366+00:00,btc-updown-15m-1766412000,TRADE,DOWN,DIR_EMERGENCY,1,1,0.22010707157055995,0.22010707157055995,7.0,0.7801804826243951,7.0,0.21290475180285412,7,0.9930852344272492,0.04840335900925585,0.0,0,0,0,91.38124352222007,SUCCESS,BULLISH,emergency,2,89962.11,89912.37,0.0553205304231278,389.54823525443027
2025-12-22T14:11:21.666573+00:00,btc-updown-15m-1766412000,TRADE,UP,DIR_AVERAGE_DOWN,1,1,0.8200824649392515,0.8200824649392515,8.0,0.7851682304137522,7.0,0.21290475180285412,7,0.9980729822166063,0.01348912448375561,1.0,0,0,0,90.56116105728083,SUCCESS,BULLISH,average_down,2,89962.11,89912.37,0.0553205304231278,404.6908816367576
2025-12-22T14:11:27.088702+00:00,btc-updown-15m-1766412000,TRADE,DOWN,DIR_EMERGENCY,1,1,0.1900458931028684,0.1900458931028684,8.0,0.7851682304137522,8.0,0.2100473944653559,8,0.9952156248791081,0.03827500096713532,0.0,0,0,0,90.37111516417797,SUCCESS,BULLISH,emergency,2,89962.11,89912.37,0.0553205304231278,408.639030729047
2025-12-22T14:11:32.603952+00:00,btc-updown-15m-1766412000,TRADE,UP,DIR_AVERAGE_DOWN,1,1,0.8601816413933533,0.8601816413933533,9.0,0.7935030538559301,8.0,0.2100473944653559,8,1.003550448321286,-0.028403586570288297,1.0,0,0,0,89.51093352278461,SUCCESS,BULLISH,average_down,2,89962.11,89912.37,0.0553205304231278,402.8813078820432
2025-12-22T14:11:38.000535+00:00,btc-updown-15m-1766412000,TRADE,DOWN,DIR_EMERGENCY,1,1,0.1500600135287176,0.1500600135287176,9.0,0.7935030538559301,9.0,0.20338212991684052,9,0.9968851837727706,0.0280333460450648,0.0,0,0,0,89.3608735092559,SUCCESS,BULLISH,emergency,2,89962.12,89912.37,0.055331652363295514,12516.166000582498
2025-12-22T14:15:05.413042+00:00,btc-updown-15m-1766412000,RESOLUTION,UP,BINANCE_FALLBACK,18,18,1.0000,8.9720,9,0.7935,9,0.2034,9,0.9969,0.0280,0.00,0.0000,0.0000,0.0280,98.36,RESOLVED
2025-12-22T14:15:13.813415+00:00,btc-updown-15m-1766412900,TRADE,UP,DIR_AVERAGE_DOWN,1,1,0.6100727941952476,0.6100727941952476,1.0,0.6100727941952476,0.0,0.0,0,0,0.0,1.0,0,0,0,97.75080071506065,SUCCESS,BULLISH,average_down,2,90019.98,89979.85,0.044598874081241635,215.876850792543
2025-12-22T14:24:56.078181+00:00,btc-updown-15m-1766412900,TRADE,UP,DIR_AVERAGE_DOWN,1,1,0.5300069621703043,0.5300069621703043,2.0,0.570039878182776,0.0,0.0,0,0,0.0,2.0,0,0,0,97.22079375289034,SUCCESS,BULLISH,average_down,2,89968.3,89979.85,-0.012836207217508042,75.10345230102143
2025-12-22T14:25:01.648897+00:00,btc-updown-15m-1766412900,TRADE,DOWN,DIR_EMERGENCY,2,2,0.45015743901630023,0.9003148780326005,2.0,0.570039878182776,2.0,0.45015743901630023,2,1.0201973171990764,-0.04039463439815272,0.0,0,0,0,96.32047887485774,SUCCESS,BULLISH,emergency,2,89968.31,89979.85,-0.012825093618191348,75.03746777300789
2025-12-22T14:25:07.062507+00:00,btc-updown-15m-1766412900,TRADE,UP,DIR_AVERAGE_DOWN,1,1,0.5900059967503812,0.5900059967503812,3.0,0.5766952510386444,2.0,0.45015743901630023,2,1.0268526900549446,-0.053705380109889234,1.0,0,0,0,95.73047287810736,SUCCESS,BULLISH,average_down,2,89991.55,89979.85,0.013002911207339297,67.49451993533962
2025-12-22T14:25:12.513916+00:00,btc-updown-15m-1766412900,TRADE,DOWN,DIR_EMERGENCY,1,1,0.4000159217304658,0.4000159217304658,3.0,0.5766952510386444,3.0,0.43344359992102205,3,1.0101388509596665,-0.03041655287899947,0.0,0,0,0,95.33045695637689,SUCCESS,BULLISH,emergency,2,89991.54,89979.85,0.012991797608006433,67.4482461558596
2025-12-22T14:25:17.959920+00:00,btc-updown-15m-1766412900,TRADE,UP,DIR_AVERAGE_DOWN,1,1,0.6300449545954057,0.6300449545954057,4.0,0.5900326769278348,3.0,0.43344359992102205,3,1.0234762768488568,-0.07042883054657034,1.0,0,0,0,94.70041200178149,SUCCESS,BULLISH,average_down,2,89995.82,89979.85,0.017748418118057725,88.35152467513835
2025-12-22T14:25:29.039991+00:00,btc-updown-15m-1766412900,TRADE,DOWN,DIR_EMERGENCY,1,1,0.41003523848242246,0.41003523848242246,4.0,0.5900326769278348,4.0,0.42759150956137215,4,1.0176241864892068,-0.07049674595682731,0.0,0,0,0,94.29037676329907,SUCCESS,BULLISH,emergency,2,89995.81,89979.85,0.01773730451872486,88.05284890851753
2025-12-22T14:25:34.481312+00:00,btc-updown-15m-1766412900,TRADE,UP,DIR_AVERAGE_DOWN,1,1,0.4900177819399334,0.4900177819399334,5.0,0.5700296979302545,4.0,0.42759150956137215,4,0.9976212074916266,0.009515170033493447,1.0,0,0,0,93.80035898135912,SUCCESS,BULLISH,average_down,2,89976.92,89979.85,-0.0032562846015053,15.994384228160945
2025-12-22T14:25:40.012002+00:00,btc-updown-15m-1766412900,TRADE,DOWN,DIR_EMERGENCY,1,1,0.41010941309933685,0.41010941309933685,5.0,0.5700296979302545,5.0,0.4240950902689651,5,0.9941247881992196,0.029376059003902166,0.0,0,0,0,93.39024956825979,SUCCESS,BULLISH,emergency,2,89993.24,89979.85,0.01488110949284692,66.86164920252637
2025-12-22T14:25:45.568247+00:00,btc-updown-15m-1766412900,TRADE,UP,DIR_AVERAGE_DOWN,1,1,0.5700647563738833,0.5700647563738833,6.0,0.5700355410041926,5.0,0.4240950902689651,5,0.9941306312731577,0.029346843634211472,1.0,0,0,0,92.82018481188591,SUCCESS,BULLISH,average_down,2,89986.87,89979.85,0.007801746724393876,32.71593579197128
2025-12-22T14:25:50.999332+00:00,btc-updown-15m-1766412900,TRADE,DOWN,DIR_EMERGENCY,1,1,0.5001165213486407,0.5001165213486407,6.0,0.5700355410041926,6.0,0.4367653287822444,6,1.006800869786437,-0.04080521871862208,0.0,0,0,0,92.32006829053726,SUCCESS,BULLISH,emergency,2,89979.78,89979.85,-7.779519526536765e-05,0.3451265802799732
2025-12-22T14:25:56.549447+00:00,btc-updown-15m-1766412900,TRADE,UP,DIR_AVERAGE_DOWN,1,1,0.5601307001341308,0.5601307001341308,7.0,0.568620563737041,6.0,0.4367653287822444,6,1.0053858925192853,-0.03231535511571204,1.0,0,0,0,91.75993759040314,SUCCESS,BULLISH,average_down,2,89982.04,89979.85,0.0024338782516171967,10.39551960732509
2025-12-22T14:26:07.473008+00:00,btc-updown-15m-1766412900,TRADE,DOWN,DIR_EMERGENCY,1,1,0.42004840467795235,0.42004840467795235,7.0,0.568620563737041,7.0,0.43437719676734554,7,1.0029977605043865,-0.02098432353070545,0.0,0,0,0,91.33988918572518,SUCCESS,BULLISH,emergency,2,89993.1,89979.85,0.014725519102332354,67.60697114962042
2025-12-22T14:26:12.933140+00:00,btc-updown-15m-1766412900,TRADE,UP,DIR_AVERAGE_DOWN,1,1,0.6002530773101042,0.6002530773101042,8.0,0.5725746279336739,7.0,0.43437719676734554,7,1.0069518247010194,-0.04866277290713583,1.0,0,0,0,90.73963610841508,SUCCESS,BULLISH,average_down,2,89993.09,89979.85,0.014714405502999489,67.89487143668158
2025-12-22T14:26:18.379487+00:00,btc-updown-15m-1766412900,TRADE,DOWN,DIR_EMERGENCY,1,1,0.4601505538581378,0.4601505538581378,8.0,0.5725746279336739,8.0,0.43759886640369455,8,1.0101734943373684,-0.08138795469894688,0.0,0,0,0,90.27948555455694,SUCCESS,BULLISH,emergency,2,89983.68,89979.85,0.004256508540509007,21.213025314668716
2025-12-22T14:26:29.333499+00:00,btc-updown-15m-1766412900,TRADE,UP,DIR_AVERAGE_DOWN,1,1,0.6302842988138537,0.6302842988138537,9.0,0.5789868135870271,8.0,0.43759886640369455,8,1.0165856799907216,-0.13268543992577264,1.0,0,0,0,89.6492012557431,SUCCESS,BULLISH,average_down,2,89991.88,89979.85,0.013369659984984234,62.81366370924626
2025-12-22T14:26:34.803582+00:00,btc-updown-15m-1766412900,TRADE,DOWN,DIR_EMERGENCY,1,1,0.45001265382613265,0.45001265382613265,9.0,0.5789868135870271,9.0,0.4389781761172988,9,1.017964989704326,-0.16168490733893326,0.0,0,0,0,89.19918860191696,SUCCESS,BULLISH,emergency,2,89989.95,89979.85,0.011224735315730431,47.406850096390386
2025-12-22T14:26:45.702581+00:00,btc-updown-15m-1766412900,TRADE,UP,DIR_AVERAGE_DOWN,1,1,0.610103228811106,0.610103228811106,10.0,0.582098455109435,9.0,0.4389781761172988,9,1.0210766312267339,-0.1896896810406048,1.0,0,0,0,88.58908537310585,SUCCESS,BULLISH,average_down,2,89989.94,89979.85,0.011213621716413737,54.440171687446174
2025-12-22T14:26:51.167051+00:00,btc-updown-15m-1766412900,TRADE,DOWN,DIR_EMERGENCY,1,1,0.3900454404957762,0.3900454404957762,10.0,0.582098455109435,10.0,0.43408490255514653,10,1.0161833576645816,-0.16183357664581566,0.0,0,0,0,88.19903993261006,SUCCESS,BULLISH,emergency,2,89991.84,89979.85,0.013325205587685116,63.170346950608575
2025-12-22T14:26:56.581980+00:00,btc-updown-15m-1766412900,TRADE,UP,DIR_AVERAGE_DOWN,1,1,0.7001263929016499,0.7001263929016499,11.0,0.5928282676359999,10.0,0.43408490255514653,10,1.0269131701911465,-0.26913170191146474,1.0,0,0,0,87.49891353970841,SUCCESS,BULLISH,average_down,2,90014.78,89979.85,0.038819802433537075,198.50927965950459
2025-12-22T14:27:02.016488+00:00,btc-updown-15m-1766412900,TRADE,DOWN,DIR_EMERGENCY,1,1,0.2300887670238152,0.2300887670238152,11.0,0.5928282676359999,11.0,0.41553979932502555,11,1.0083680669610255,-0.09204873657128099,0.0,0,0,0,87.2688247726846,SUCCESS,BULLISH,emergency,2,90018.0,89979.85,0.042398381415388195,219.47122213886647
2025-12-22T14:27:07.453405+00:00,btc-updown-15m-1766412900,TRADE,UP,DIR_AVERAGE_DOWN,1,1,0.7903520162310915,0.7903520162310915,12.0,0.6092885800189243,11.0,0.41553979932502555,11,1.0248283793439499,-0.2731121727834487,1.0,0,0,0,86.4784727564535,SUCCESS,BULLISH,average_down,2,90018.0,89979.85,0.042398381415388195,223.16174946613148
2025-12-22T14:27:12.976495+00:00,btc-updown-15m-1766412900,TRADE,DOWN,DIR_EMERGENCY,1,1,0.27003413838647794,0.27003413838647794,12.0,0.6092885800189243,12.0,0.40341432758014656,12,1.0127029075990708,-0.15243489118884934,0.0,0,0,0,86.20843861806702,SUCCESS,BULLISH,emergency,2,90013.86,89979.85,0.037797351295867636,202.04646948771847
2025-12-22T14:27:18.471249+00:00,btc-updown-15m-1766412900,TRADE,UP,DIR_AVERAGE_DOWN,1,1,0.7402785442015464,0.7402785442015464,13.0,0.6193647311098952,12.0,0.40341432758014656,12,1.0227790586900418,-0.27334870428050184,1.0,0,0,0,85.46816007386548,SUCCESS,BULLISH,average_down,2,90010.3,89979.85,0.033840909937054894,183.1771616293469
2025-12-22T14:27:24.009238+00:00,btc-updown-15m-1766412900,TRADE,DOWN,DIR_EMERGENCY,1,1,0.18004003982136985,0.18004003982136985,13.0,0.6193647311098952,13.0,0.3862316900602407,13,1.0055964211701358,-0.07275347521176556,0.0,0,0,0,85.28812003404411,SUCCESS,BULLISH,emergency,2,90028.45,89979.85,0.05401209270741312,292.1899494528119
2025-12-22T14:27:29.614352+00:00,btc-updown-15m-1766412900,TRADE,UP,DIR_AVERAGE_DOWN,1,1,0.7900280812648824,0.7900280812648824,14.0,0.63155497040668,13.0,0.3862316900602407,13,1.0177866604669208,-0.23122658606997026,1.0,0,0,0,84.49809195277923,SUCCESS,BULLISH,average_down,2,90020.06,89979.85,0.0446877828758237,242.5725281117111
2025-12-22T14:27:35.179026+00:00,btc-updown-15m-1766412900,TRADE,DOWN,DIR_EMERGENCY,1,1,0.23001937353978286,0.23001937353978286,14.0,0.63155497040668,14.0,0.37507366745163656,14,1.0066286378583165,-0.09280093001643053,0.0,0,0,0,84.26807257923944,SUCCESS,BULLISH,emergency,2,90020.05,89979.85,0.04467666927650701,241.97960500011322
2025-12-22T14:27:51.600237+00:00,btc-updown-15m-1766412900,TRADE,UP,DIR_AVERAGE_DOWN,1,1,0.84035145040582,0.84035145040582,15.0,0.645474735739956,14.0,0.37507366745163656,14,1.0205484031915926,-0.28767764468229595,1.0,0,0,0,83.42772112883362,SUCCESS,BULLISH,average_down,2,90027.66,89979.85,0.05313411836094155,282.76817727097705
2025-12-22T14:27:57.065392+00:00,btc-updown-15m-1766412900,TRADE,DOWN,DIR_EMERGENCY,1,1,0.12004133593363701,0.12004133593363701,15.0,0.645474735739956,15.0,0.35807151201710324,15,1.0035462477570591,-0.0531937163558871,0.0,0,0,0,83.30767979289999,SUCCESS,BULLISH,emergency,2,90027.67,89979.85,0.05314523196025824,299.22849999922664
2025-12-22T14:30:04.116190+00:00,btc-updown-15m-1766412900,RESOLUTION,DOWN,BINANCE_FALLBACK,30,30,1.0000,15.0532,15,0.6455,15,0.3581,15,1.0035,-0.0532,0.00,0.0000,0.0000,-0.0532,98.31,RESOLVED
2025-12-22T14:30:12.472555+00:00,btc-updown-15m-1766413800,TRADE,UP,DIR_AVERAGE_DOWN,1,1,0.3800671380849632,0.3800671380849632,1.0,0.3800671380849632,0.0,0.0,0,0,0.0,1.0,0,0,0,97.92761265481502,SUCCESS,BULLISH,average_down,2,89890.89,89953.17,-0.06923602581209627,335.6280718634478
2025-12-22T14:30:23.540777+00:00,btc-updown-15m-1766413800,TRADE,UP,DIR_AVERAGE_DOWN,1,1,0.3400068647567317,0.3400068647567317,2.0,0.36003700142084744,0.0,0.0,0,0,0.0,2.0,0,0,0,97.58760579005829,SUCCESS,BULLISH,average_down,2,89851.52,89953.17,-0.11300324379896137,486.9659864735548
2025-12-22T14:34:08.222045+00:00,btc-updown-15m-1766413800,TRADE,UP,DIR_AVERAGE_DOWN,1,1,0.24008037097451568,0.24008037097451568,3.0,0.32005145793873685,0.0,0.0,0,0,0.0,3.0,0,0,0,97.34752541908378,SUCCESS,BULLISH,average_down,2,89714.29,89953.17,-0.26556040215148025,750.6893625405776
2025-12-22T14:34:13.783117+00:00,btc-updown-15m-1766413800,TRADE,UP,DIR_ACCUMULATE,1,1,0.23001968291758393,0.23001968291758393,4.0,0.29754351418344865,0.0,0.0,0,0,0.0,4.0,0,0,0,97.1175057361662,SUCCESS,BULLISH,accumulate,2,89718.43,89953.17,-0.260958007372064,637.1745055255263
2025-12-22T14:34:24.818835+00:00,btc-updown-15m-1766413800,TRADE,UP,DIR_ACCUMULATE,1,1,0.21007682570572975,0.21007682570572975,5.0,0.28005017648790487,0.0,0.0,0,0,0.0,5.0,0,0,0,96.90742891046047,SUCCESS,BULLISH,accumulate,2,89688.06,89953.17,-0.2947200193167185,759.1073453000024
2025-12-22T14:34:35.651908+00:00,btc-updown-15m-1766413800,TRADE,UP,DIR_ACCUMULATE,1,1,0.18006839447754103,0.18006839447754103,6.0,0.26338654615284424,0.0,0.0,0,0,0.0,6.0,0,0,0,96.72736051598292,SUCCESS,BULLISH,accumulate,2,89667.72,89953.17,-0.3173317849721106,864.0611630455264
2025-12-22T14:34:41.077009+00:00,btc-updown-15m-1766413800,TRADE,DOWN,DIR_REBALANCE,5,5,0.8003113256888205,4.001556628444102,6.0,0.26338654615284424,5.0,0.8003113256888204,5,1.0636978718416645,-0.31848935920832266,1.0,0,0,0,92.72580388753882,SUCCESS,BULLISH,rebalance,2,89696.57,89953.17,-0.2852595411590178,664.312979160991
2025-12-22T14:34:46.499573+00:00,btc-updown-15m-1766413800,TRADE,UP,DIR_AVERAGE_DOWN,1,1,0.24006937647276666,0.24006937647276666,7.0,0.26005552191283315,5.0,0.8003113256888204,5,1.0603668476016535,-0.30183423800826725,2.0,0,0,0,92.48573451106606,SUCCESS,BULLISH,average_down,2,89755.6,89953.17,-0.21963650641771984,508.8237359659326
2025-12-22T14:37:19.713566+00:00,btc-updown-15m-1766413800,TRADE,UP,DIR_AVERAGE_DOWN,1,1,0.1899764044110756,0.1899764044110756,8.0,0.2512956322251134,5.0,0.8003113256888204,5,1.0516069579139338,-0.25803478956966885,3.0,0,0,0,92.29575810665499,SUCCESS,BULLISH,average_down,2,89750.77,89953.17,-0.22500596699370815,633.3116503618228
2025-12-22T14:37:25.108911+00:00,btc-updown-15m-1766413800,TRADE,UP,DIR_ACCUMULATE,1,1,0.1900299128186262,0.1900299128186262,9.0,0.24448833006883705,5.0,0.8003113256888204,5,1.0447996557576573,-0.2239982787882866,4.0,0,0,0,92.10572819383636,SUCCESS,BULLISH,accumulate,2,89753.73,89953.17,-0.22171536589539018,654.515651371578
2025-12-22T14:37:30.510416+00:00,btc-updown-15m-1766413800,TRADE,UP,DIR_ACCUMULATE,1,1,0.22002254579541888,0.22002254579541888,10.0,0.24204175164149522,5.0,0.8003113256888204,5,1.0423530773303156,-0.21176538665157785,5.0,0,0,0,91.88570564804094,SUCCESS,BULLISH,accumulate,2,89793.5,89953.17,-0.1775034720844171,573.2475675712242
2025-12-22T14:37:35.936363+00:00,btc-updown-15m-1766413800,TRADE,UP,DIR_ACCUMULATE,1,1,0.20006499257222166,0.20006499257222166,11.0,0.2382256826351976,5.0,0.8003113256888204,5,1.038537008324018,-0.19268504162008981,6.0,0,0,0,91.68564065546872,SUCCESS,BULLISH,accumulate,2,89785.45,89953.17,-0.18645257304439763,634.0098956840196
2025-12-22T14:37:41.366827+00:00,btc-updown-15m-1766413800,TRADE,DOWN,DIR_REBALANCE,5,5,0.8500257734687087,4.250128867343543,11.0,0.2382256826351976,10.0,0.8251685495787644,10,1.063394232213962,-0.6339423221396201,1.0,0,0,0,87.43551178812517,SUCCESS,BULLISH,rebalance,2,89709.29,89953.17,-0.27111884995270835,1195.0700538541207
2025-12-22T14:37:46.824855+00:00,btc-updown-15m-1766413800,TRADE,UP,DIR_AVERAGE_DOWN,1,1,0.14000669527999612,0.14000669527999612,12.0,0.23004076702226417,10.0,0.8251685495787644,10,1.0552093166010286,-0.5520931660102857,2.0,0,0,0,87.29550509284518,SUCCESS,BULLISH,average_down,2,89709.65,89953.17,-0.2707186417110193,1157.244273146192
2025-12-22T14:38:09.587002+00:00,btc-updown-15m-1766413800,TRADE,UP,DIR_AVERAGE_DOWN,1,1,0.1100114338436424,0.1100114338436424,13.0,0.2208077413931394,10.0,0.8251685495787644,10,1.045976290971904,-0.4597629097190392,3.0,0,0,0,87.18549365900154,SUCCESS,BULLISH,average_down,2,89678.57,89953.17,-0.3052699532434391,1104.6656813032084
2025-12-22T14:38:15.927013+00:00,btc-updown-15m-1766413800,TRADE,UP,DIR_ACCUMULATE,1,1,0.090033405747297,0.090033405747297,14.0,0.2114667174184364,10.0,0.8251685495787644,10,1.0366352669972008,-0.36635266997200766,4.0,0,0,0,87.09546025325425,SUCCESS,BULLISH,accumulate,2,89616.69,89953.17,-0.37406130323144354,971.4280998241775
2025-12-22T14:38:22.512868+00:00,btc-updown-15m-1766413800,TRADE,UP,DIR_ACCUMULATE,1,1,0.07002692948242698,0.07002692948242698,15.0,0.20203739822270245,10.0,0.8251685495787644,10,1.0272059478014668,-0.2720594780146679,5.0,0,0,0,87.02543332377182,SUCCESS,BULLISH,accumulate,2,89591.29,89953.17,-0.4022982180616922,907.5532009200376
2025-12-22T14:45:03.668724+00:00,btc-updown-15m-1766413800,RESOLUTION,DOWN,BINANCE_FALLBACK,25,25,1.0000,11.2822,15,0.2020,10,0.8252,10,1.0272,-0.2721,0.33,0.0000,0.0000,-1.2822,97.03,RESOLVED
2025-12-22T14:45:12.400226+00:00,btc-updown-15m-1766414700,TRADE,UP,DIR_AVERAGE_DOWN,1,1,0.520113404977992,0.520113404977992,1.0,0.520113404977992,0.0,0.0,0,0,0.0,1.0,0,0,0,96.50531991879383,SUCCESS,BULLISH,average_down,2,89805.4,89832.27,-0.02991130024879689,129.61275620338293
2025-12-22T14:45:34.207478+00:00,btc-updown-15m-1766414700,TRADE,UP,DIR_AVERAGE_DOWN,1,1,0.46016233711297855,0.46016233711297855,2.0,0.49013787104548523,0.0,0.0,0,0,0.0,2.0,0,0,0,96.04515758168085,SUCCESS,BULLISH,average_down,2,89780.57,89832.27,-0.057551701632383434,188.75995880363868
2025-12-22T14:55:01.213180+00:00,btc-updown-15m-1766414700,TRADE,DOWN,DIR_EMERGENCY,2,2,0.03000082446377044,0.06000164892754088,2.0,0.49013787104548523,2.0,0.03000082446377044,2,0.5201386955092556,0.9597226089814888,0.0,0,0,0,95.98515593275332,SUCCESS,BULLISH,emergency,2,90284.98,89832.27,0.5039503064989805,1375.636533070421
2025-12-22T15:00:01.911392+00:00,btc-updown-15m-1766414700,RESOLUTION,UP,BINANCE_FALLBACK,4,4,1.0000,1.0403,2,0.4901,2,0.0300,2,0.5201,0.9597,0.00,0.0000,0.0000,0.9597,97.99,RESOLVED
2025-12-22T15:00:10.452910+00:00,btc-updown-15m-1766415600,TRADE,UP,DIR_AVERAGE_DOWN,1,1,0.5502151898374782,0.5502151898374782,1.0,0.5502151898374782,0.0,0.0,0,0,0.0,1.0,0,0,0,97.43494074291584,SUCCESS,BULLISH,average_down,2,90186.0,90126.43,0.06609603864261236,272.32087044333093
2025-12-22T15:00:43.300418+00:00,btc-updown-15m-1766415600,TRADE,UP,DIR_AVERAGE_DOWN,1,1,0.47014268914111657,0.47014268914111657,2.0,0.5101789394892974,0.0,0.0,0,0,0.0,2.0,0,0,0,96.96479805377473,SUCCESS,BULLISH,average_down,2,90120.01,90126.43,-0.007123326642360353,27.880440727945647
2025-12-22T15:00:59.913520+00:00,btc-updown-15m-1766415600,TRADE,UP,DIR_AVERAGE_DOWN,1,1,0.3801419089345067,0.3801419089345067,3.0,0.4668332626377005,0.0,0.0,0,0,0.0,3.0,0,0,0,96.58465614484022,SUCCESS,BULLISH,average_down,2,90040.31,90126.43,-0.095554655831808,431.7199165370352
2025-12-22T15:01:05.435508+00:00,btc-updown-15m-1766415600,TRADE,UP,DIR_ACCUMULATE,1,1,0.34012778491011025,0.34012778491011025,4.0,0.4351568932058029,0.0,0.0,0,0,0.0,4.0,0,0,0,96.24452835993011,SUCCESS,BULLISH,accumulate,2,90016.0,90126.43,-0.12252787556324268,594.5518786176347
2025-12-22T15:01:11.100751+00:00,btc-updown-15m-1766415600,TRADE,UP,DIR_ACCUMULATE,1,1,0.3300703458170201,0.3300703458170201,5.0,0.4141395837280464,0.0,0.0,0,0,0.0,5.0,0,0,0,95.9144580141131,SUCCESS,BULLISH,accumulate,2,90000.0,90126.43,-0.14028071454732316,706.546812750367
2025-12-22T15:01:16.560040+00:00,btc-updown-15m-1766415600,TRADE,UP,DIR_ACCUMULATE,1,1,0.3900785784551614,0.3900785784551614,6.0,0.41012941618256554,0.0,0.0,0,0,0.0,6.0,0,0,0,95.52437943565793,SUCCESS,BULLISH,accumulate,2,90036.27,90126.43,-0.10003724767528122,535.1604653151331
2025-12-22T15:01:27.500491+00:00,btc-updown-15m-1766415600,TRADE,DOWN,DIR_REBALANCE,5,5,0.6101546550034759,3.0507732750173795,6.0,0.41012941618256554,5.0,0.6101546550034759,5,1.0202840711860415,-0.10142035593020737,1.0,0,0,0,92.47360616064056,SUCCESS,BULLISH,rebalance,2,90043.0,90126.43,-0.09256995977760689,414.3006462895628
2025-12-22T15:01:38.560678+00:00,btc-updown-15m-1766415600,TRADE,UP,DIR_AVERAGE_DOWN,1,1,0.37012425942466914,0.37012425942466914,7.0,0.40441439378858035,5.0,0.6101546550034759,5,1.0145690487920562,-0.07284524396028114,2.0,0,0,0,92.10348190121589,SUCCESS,BULLISH,average_down,2,90028.31,90126.43,-0.10886928506986834,470.8904144365691
2025-12-22T15:01:55.219484+00:00,btc-updown-15m-1766415600,TRADE,UP,DIR_AVERAGE_DOWN,1,1,0.2900614290678684,0.2900614290678684,8.0,0.39012027319849135,5.0,0.6101546550034759,5,1.0002749282019672,-0.0013746410098358641,3.0,0,0,0,91.81342047214802,SUCCESS,BULLISH,average_down,2,89976.54,90126.43,-0.16631081470773826,778.3945791190914
2025-12-22T15:02:00.726666+00:00,btc-updown-15m-1766415600,TRADE,UP,DIR_ACCUMULATE,1,1,0.29005726840601526,0.29005726840601526,9.0,0.37900216155488287,5.0,0.6101546550034759,5,0.9891568165583587,0.05421591720820629,4.0,0,0,0,91.52336320374201,SUCCESS,BULLISH,accumulate,2,89970.08,90126.43,-0.1734785234475517,990.3015453788177
2025-12-22T15:02:06.152961+00:00,btc-updown-15m-1766415600,TRADE,UP,DIR_ACCUMULATE,1,1,0.2800324465936217,0.2800324465936217,10.0,0.3691051900587568,5.0,0.6101546550034759,5,0.9792598450622327,0.10370077468883632,5.0,0,0,0,91.24333075714839,SUCCESS,BULLISH,accumulate,2,89950.01,90126.43,-0.1957472408482154,1125.734364514087
2025-12-22T15:02:11.631233+00:00,btc-updown-15m-1766415600,TRADE,UP,DIR_ACCUMULATE,1,1,0.2701199600407861,0.2701199600407861,11.0,0.3601065327843958,5.0,0.6101546550034759,5,0.9702611877878717,0.1486940610606413,6.0,0,0,0,90.9732107971076,SUCCESS,BULLISH,accumulate,2,89932.5,90126.43,-0.2151755040114127,1452.9182543187505
2025-12-22T15:02:17.190394+00:00,btc-updown-15m-1766415600,TRADE,DOWN,DIR_REBALANCE,5,5,0.7402590110094052,3.7012950550470256,11.0,0.3601065327843958,10.0,0.6752068330064406,10,1.0353133657908364,-0.3531336579083644,1.0,0,0,0,87.27191574206057,SUCCESS,BULLISH,rebalance,2,89952.09,90126.43,-0.193439371780283,1203.8281062309977
2025-12-22T15:02:22.640094+00:00,btc-updown-15m-1766415600,TRADE,UP,DIR_AVERAGE_DOWN,1,1,0.2700034559089083,0.2700034559089083,12.0,0.3525979430447719,10.0,0.6752068330064406,10,1.0278047760512123,-0.27804776051212343,2.0,0,0,0,87.00191228615166,SUCCESS,BULLISH,average_down,2,89958.4,90126.43,-0.18643809590593888,1022.9128329484369
2025-12-22T15:03:00.763969+00:00,btc-updown-15m-1766415600,TRADE,UP,DIR_AVERAGE_DOWN,1,1,0.24008375156412873,0.24008375156412873,13.0,0.3439430052385685,10.0,0.6752068330064406,10,1.019149838245009,-0.19149838245009043,3.0,0,0,0,86.76182853458754,SUCCESS,BULLISH,average_down,2,89928.85,90126.43,-0.21922537040464954,1215.9116383690828
2025-12-22T15:03:06.224680+00:00,btc-updown-15m-1766415600,TRADE,UP,DIR_ACCUMULATE,1,1,0.250087736595846,0.250087736595846,14.0,0.33723905747837407,10.0,0.6752068330064406,10,1.0124458904848146,-0.12445890484814592,4.0,0,0,0,86.51174079799169,SUCCESS,BULLISH,accumulate,2,89921.65,90126.43,-0.22721414794749872,1316.7859698483257
2025-12-22T15:03:11.653549+00:00,btc-updown-15m-1766415600,TRADE,UP,DIR_ACCUMULATE,1,1,0.26002019791178044,0.26002019791178044,15.0,0.3320911335072678,10.0,0.6752068330064406,10,1.0072979665137085,-0.07297966513708509,5.0,0,0,0,86.2517206000799,SUCCESS,BULLISH,accumulate,2,89942.51,90126.43,-0.20406888412200314,1322.5770723925384
2025-12-22T15:10:01.756174+00:00,btc-updown-15m-1766415600,TRADE,DOWN,DIR_EMERGENCY,5,5,0.3200448785228004,1.600224392614002,15.0,0.3320911335072678,15.0,0.5568195148452272,15,0.888910648352495,1.6663402747125748,0.0,0,0,0,84.65149620746591,SUCCESS,BULLISH,emergency,2,90209.16,90126.43,0.09179327307207275,460.49083955664895
2025-12-22T15:15:03.791031+00:00,btc-updown-15m-1766415600,RESOLUTION,DOWN,BINANCE_FALLBACK,30,30,1.0000,13.3337,15,0.3321,15,0.5568,15,0.8889,1.6663,0.00,0.0000,0.0000,1.6663,99.65,RESOLVED
2025-12-22T15:15:13.122344+00:00,btc-updown-15m-1766416500,TRADE,UP,DIR_AVERAGE_DOWN,1,1,0.5800527927174133,0.5800527927174133,1.0,0.5800527927174133,0.0,0.0,0,0,0.0,1.0,0,0,0,99.0714434147485,SUCCESS,BULLISH,average_down,2,89679.99,89614.87,0.0726665117072757,259.89954452213817
2025-12-22T15:16:13.567946+00:00,btc-updown-15m-1766416500,TRADE,UP,DIR_AVERAGE_DOWN,1,1,0.5100229325697319,0.5100229325697319,2.0,0.5450378626435726,0.0,0.0,0,0,0.0,2.0,0,0,0,98.56142048217878,SUCCESS,BULLISH,average_down,2,89614.0,89614.87,-0.0009708210255679036,5.474530068894356
2025-12-22T15:22:06.442294+00:00,btc-updown-15m-1766416500,TRADE,UP,DIR_AVERAGE_DOWN,1,1,0.41008228686893006,0.41008228686893006,3.0,0.5000526707186917,0.0,0.0,0,0,0.0,3.0,0,0,0,98.15133819530985,SUCCESS,BULLISH,average_down,2,89511.25,89614.87,-0.11562813180445985,633.0697528166207
2025-12-22T15:22:12.032082+00:00,btc-updown-15m-1766416500,TRADE,UP,DIR_ACCUMULATE,1,1,0.3700669934285224,0.3700669934285224,4.0,0.46755625139614937,0.0,0.0,0,0,0.0,4.0,0,0,0,97.78127120188132,SUCCESS,BULLISH,accumulate,2,89505.0,89614.87,-0.12260242078127809,530.7417710912299
2025-12-22T15:22:17.450352+00:00,btc-updown-15m-1766416500,TRADE,UP,DIR_ACCUMULATE,1,1,0.39016808459625585,0.39016808459625585,5.0,0.4520786180361707,0.0,0.0,0,0,0.0,5.0,0,0,0,97.39110311728507,SUCCESS,BULLISH,accumulate,2,89525.43,89614.87,-0.09980486497386241,462.0299842444937
2025-12-22T15:22:22.875184+00:00,btc-updown-15m-1766416500,TRADE,UP,DIR_ACCUMULATE,1,1,0.38007010383586226,0.38007010383586226,6.0,0.440077199002786,0.0,0.0,0,0,0.0,6.0,0,0,0,97.01103301344921,SUCCESS,BULLISH,accumulate,2,89511.76,89614.87,-0.11505902982395731,503.9857103893766
2025-12-22T15:22:28.297863+00:00,btc-updown-15m-1766416500,TRADE,DOWN,DIR_REBALANCE,5,5,0.6100790041471188,3.050395020735594,6.0,0.440077199002786,5.0,0.6100790041471188,5,1.0501562031499048,-0.25078101574952383,1.0,0,0,0,93.96063799271361,SUCCESS,BULLISH,rebalance,2,89521.95,89614.87,-0.10368814907615026,420.2872445270312
2025-12-22T15:22:39.695502+00:00,btc-updown-15m-1766416500,TRADE,UP,DIR_AVERAGE_DOWN,1,1,0.4000583479137587,0.4000583479137587,7.0,0.4343602202757821,5.0,0.6100790041471188,5,1.0444392244229008,-0.22219612211450412,2.0,0,0,0,93.56057964479986,SUCCESS,BULLISH,average_down,2,89515.85,89614.87,-0.11049505511751513,579.6330809687219
2025-12-22T15:22:55.950852+00:00,btc-updown-15m-1766416500,TRADE,UP,DIR_AVERAGE_DOWN,1,1,0.36013374643531315,0.36013374643531315,8.0,0.42508191104572346,5.0,0.6100790041471188,5,1.0351609151928423,-0.17580457596421128,3.0,0,0,0,93.20044589836455,SUCCESS,BULLISH,average_down,2,89486.39,89614.87,-0.14336906363865276,702.3485247772257
2025-12-22T15:23:01.383000+00:00,btc-updown-15m-1766416500,TRADE,UP,DIR_ACCUMULATE,1,1,0.3601402643760984,0.3601402643760984,9.0,0.4178661725268762,5.0,0.6100790041471188,5,1.0279451766739949,-0.13972588336997438,4.0,0,0,0,92.84030563398845,SUCCESS,BULLISH,accumulate,2,89488.0,89614.87,-0.14157248679822373,659.561919208701
2025-12-22T15:23:06.819678+00:00,btc-updown-15m-1766416500,TRADE,UP,DIR_ACCUMULATE,1,1,0.3001185541762921,0.3001185541762921,10.0,0.40609141069181776,5.0,0.6100790041471188,5,1.0161704148389366,-0.08085207419468277,5.0,0,0,0,92.54018707981216,SUCCESS,BULLISH,accumulate,2,89463.9,89614.87,-0.16846534509284136,459.27693226485934
2025-12-22T15:23:12.311258+00:00,btc-updown-15m-1766416500,TRADE,UP,DIR_ACCUMULATE,1,1,0.2900235076166674,0.2900235076166674,11.0,0.39553978313953136,5.0,0.6100790041471188,5,1.0056187872866502,-0.028093936433251088,6.0,0,0,0,92.25016357219549,SUCCESS,BULLISH,accumulate,2,89463.89,89614.87,-0.16847650395519842,453.32285384122684
2025-12-22T15:23:17.726022+00:00,btc-updown-15m-1766416500,TRADE,DOWN,DIR_REBALANCE,5,5,0.7301826938070208,3.650913469035104,11.0,0.39553978313953136,10.0,0.6701308489770698,10,1.0656706321166012,-0.6567063211660118,1.0,0,0,0,88.59925010316039,SUCCESS,BULLISH,rebalance,2,89377.56,89614.87,-0.26481096273419547,334.7913182876098
2025-12-22T15:23:23.131433+00:00,btc-updown-15m-1766416500,TRADE,UP,DIR_AVERAGE_DOWN,1,1,0.29009131375442615,0.29009131375442615,12.0,0.38675241069077265,10.0,0.6701308489770698,10,1.0568832596678424,-0.5688325966784236,2.0,0,0,0,88.30915878940596,SUCCESS,BULLISH,average_down,2,89238.29,89614.87,-0.4202204388624363,573.2036720493807
2025-12-22T15:25:00.698156+00:00,btc-updown-15m-1766416500,TRADE,DOWN,DIR_EMERGENCY,2,2,0.5702754500662863,1.1405509001325727,12.0,0.38675241069077265,12.0,0.6534882824919391,12,1.0402406931827117,-0.48288831819254074,0.0,0,0,0,87.16860788927339,SUCCESS,BULLISH,emergency,2,89568.0,89614.87,-0.05230158789495019,223.43587831957723
2025-12-22T15:25:11.651012+00:00,btc-updown-15m-1766416500,TRADE,UP,DIR_AVERAGE_DOWN,1,1,0.5701597455706393,0.5701597455706393,13.0,0.40086066721999314,12.0,0.6534882824919391,12,1.0543489497119323,-0.6521873965431872,1.0,0,0,0,86.59844814370275,SUCCESS,BULLISH,average_down,2,89635.5,89614.87,0.02302073305468686,112.79126146156067
2025-12-22T15:25:17.039421+00:00,btc-updown-15m-1766416500,TRADE,DOWN,DIR_EMERGENCY,1,1,0.5000511127239704,0.5000511127239704,13.0,0.40086066721999314,13.0,0.6416854232790185,13,1.0425460904990116,-0.5530991764871507,0.0,0,0,0,86.09839703097879,SUCCESS,BULLISH,emergency,2,89613.16,89614.87,-0.0019081654640483786,5.9460551106803115
2025-12-22T15:25:22.478957+00:00,btc-updown-15m-1766416500,TRADE,UP,DIR_AVERAGE_DOWN,1,1,0.49011854551778616,0.49011854551778616,14.0,0.4072362299555498,13.0,0.6416854232790185,13,1.0489216532345682,-0.6359814920493867,1.0,0,0,0,85.608278485461,SUCCESS,BULLISH,average_down,2,89604.88,89614.87,-0.01114770350053589,33.9165027873633
2025-12-22T15:25:27.880500+00:00,btc-updown-15m-1766416500,TRADE,DOWN,DIR_EMERGENCY,1,1,0.4701294617531371,0.4701294617531371,14.0,0.4072362299555498,14.0,0.6294314260271697,14,1.0366676559827195,-0.5133471837580728,0.0,0,0,0,85.13814902370787,SUCCESS,BULLISH,emergency,2,89638.44,89614.87,0.02630143858938476,68.70405000541159
2025-12-22T15:25:38.708358+00:00,btc-updown-15m-1766416500,TRADE,UP,DIR_AVERAGE_DOWN,1,1,0.46001417712435416,0.46001417712435416,15.0,0.4107547597668034,14.0,0.6294314260271697,14,1.0401861857939732,-0.5626066011156241,1.0,0,0,0,84.67813484658352,SUCCESS,BULLISH,average_down,2,89598.11,89614.87,-0.01870225332022996,48.502880385325234
2025-12-22T15:25:44.152357+00:00,btc-updown-15m-1766416500,TRADE,DOWN,DIR_EMERGENCY,1,1,0.4800422242373638,0.4800422242373638,15.0,0.4107547597668034,15.0,0.6194721459078494,15,1.030226905674653,-0.45340358511979373,0.0,0,0,0,84.19809262234615,SUCCESS,BULLISH,emergency,2,89629.47,89614.87,0.016291939049853914,43.15554405305107
2025-12-22T15:30:02.325745+00:00,btc-updown-15m-1766416500,RESOLUTION,DOWN,BINANCE_FALLBACK,30,30,1.0000,15.4534,15,0.4108,15,0.6195,15,1.0302,-0.4534,0.00,0.0000,0.0000,-0.4534,99.20,RESOLVED
2025-12-22T15:30:11.655017+00:00,btc-updown-15m-1766417400,TRADE,UP,DIR_AVERAGE_DOWN,1,1,0.5902739189790907,0.5902739189790907,1.0,0.5902739189790907,0.0,0.0,0,0,0.0,1.0,0,0,0,98.60781870336706,SUCCESS,BULLISH,average_down,2,89665.88,89608.96,0.06352043367091667,365.9386289327827
2025-12-22T15:30:33.572507+00:00,btc-updown-15m-1766417400,TRADE,UP,DIR_AVERAGE_DOWN,1,1,0.5199612643811845,0.5199612643811845,2.0,0.5551175916801376,0.0,0.0,0,0,0.0,2.0,0,0,0,98.08785743898588,SUCCESS,BULLISH,average_down,2,89614.24,89608.96,0.005892267916064236,25.51185186548225
2025-12-22T15:31:12.139334+00:00,btc-updown-15m-1766417400,TRADE,UP,DIR_AVERAGE_DOWN,1,1,0.43002094929881834,0.43002094929881834,3.0,0.5134187108863645,0.0,0.0,0,0,0.0,3.0,0,0,0,97.65783648968706,SUCCESS,BULLISH,average_down,2,89550.01,89608.96,-0.06578583213108559,304.16975757857296
2025-12-22T15:31:17.561970+00:00,btc-updown-15m-1766417400,TRADE,UP,DIR_ACCUMULATE,1,1,0.44007064308411,0.44007064308411,4.0,0.49508169393580087,0.0,0.0,0,0,0.0,4.0,0,0,0,97.21776584660294,SUCCESS,BULLISH,accumulate,2,89556.28,89608.96,-0.05878876398075322,263.6860282422474
2025-12-22T15:31:28.490597+00:00,btc-updown-15m-1766417400,TRADE,UP,DIR_ACCUMULATE,1,1,0.40015697921473,0.40015697921473,5.0,0.47609675099158666,0.0,0.0,0,0,0.0,5.0,0,0,0,96.81760886738822,SUCCESS,BULLISH,accumulate,2,89517.76,89608.96,-0.10177553673205407,384.3265756116081
2025-12-22T15:31:39.320813+00:00,btc-updown-15m-1766417400,TRADE,UP,DIR_ACCUMULATE,1,1,0.40010300653225306,0.40010300653225306,6.0,0.4634311269150311,0.0,0.0,0,0,0.0,6.0,0,0,0,96.41750586085597,SUCCESS,BULLISH,accumulate,2,89520.01,89608.96,-0.09926462710873069,371.30180983402875
2025-12-22T15:31:44.727287+00:00,btc-updown-15m-1766417400,TRADE,DOWN,DIR_REBALANCE,5,5,0.6000733924589986,3.000366962294993,6.0,0.4634311269150311,5.0,0.6000733924589986,5,1.0635045193740296,-0.31752259687014783,1.0,0,0,0,93.41713889856098,SUCCESS,BULLISH,rebalance,2,89501.19,89608.96,-0.12026699115803159,473.5732219021668
2025-12-22T15:31:55.915131+00:00,btc-updown-15m-1766417400,TRADE,UP,DIR_AVERAGE_DOWN,1,1,0.3900374477166401,0.3900374477166401,7.0,0.45294631560097526,5.0,0.6000733924589986,5,1.053019708059974,-0.26509854029986957,2.0,0,0,0,93.02710145084434,SUCCESS,BULLISH,average_down,2,89490.0,89608.96,-0.1327545816846958,588.726961470142
2025-12-22T15:32:44.993112+00:00,btc-updown-15m-1766417400,TRADE,UP,DIR_AVERAGE_DOWN,1,1,0.330034954294517,0.330034954294517,8.0,0.43758239543766797,5.0,0.6000733924589986,5,1.0376557878966666,-0.18827893948333285,3.0,0,0,0,92.69706649654982,SUCCESS,BULLISH,average_down,2,89447.29,89608.96,-0.18041722613454367,998.7397529704922
2025-12-22T15:32:50.425203+00:00,btc-updown-15m-1766417400,TRADE,UP,DIR_ACCUMULATE,1,1,0.32006765313430235,0.32006765313430235,9.0,0.42452520184840514,5.0,0.6000733924589986,5,1.0245985943074039,-0.12299297153701927,4.0,0,0,0,92.37699884341552,SUCCESS,BULLISH,accumulate,2,89408.0,89608.96,-0.22426328795692574,1511.9873701615375
2025-12-22T15:32:55.841175+00:00,btc-updown-15m-1766417400,TRADE,UP,DIR_ACCUMULATE,1,1,0.3100957876408783,0.3100957876408783,10.0,0.4130822604276524,5.0,0.6000733924589986,5,1.013155652886651,-0.06577826443325496,5.0,0,0,0,92.06690305577465,SUCCESS,BULLISH,accumulate,2,89387.58,89608.96,-0.2470511877383742,1417.323661317277
2025-12-22T15:33:01.250382+00:00,btc-updown-15m-1766417400,TRADE,UP,DIR_ACCUMULATE,1,1,0.30989713365751365,0.30989713365751365,11.0,0.4037017943576398,5.0,0.6000733924589986,5,1.0037751868166385,-0.018875934083192325,6.0,0,0,0,91.75700592211713,SUCCESS,BULLISH,accumulate,2,89398.01,89608.96,-0.23541172668448737,1281.9757339109453
2025-12-22T15:33:12.115418+00:00,btc-updown-15m-1766417400,TRADE,DOWN,DIR_REBALANCE,5,5,0.6903144749039772,3.4515723745198863,11.0,0.4037017943576398,10.0,0.6451939336814879,10,1.0488957280391278,-0.48895728039127784,1.0,0,0,0,88.30543354759725,SUCCESS,BULLISH,rebalance,2,89419.45,89608.96,-0.21148554787379445,908.3923866063362
2025-12-22T15:33:17.542260+00:00,btc-updown-15m-1766417400,TRADE,UP,DIR_AVERAGE_DOWN,1,1,0.2800840718797583,0.2800840718797583,12.0,0.39340031748448306,10.0,0.6451939336814879,10,1.038594251165971,-0.3859425116597093,2.0,0,0,0,88.02534947571749,SUCCESS,BULLISH,average_down,2,89380.0,89608.96,-0.25551016326939446,1135.1353233151865
2025-12-22T15:36:12.093056+00:00,btc-updown-15m-1766417400,TRADE,UP,DIR_AVERAGE_DOWN,1,1,0.2200007214167538,0.2200007214167538,13.0,0.38006188701773463,10.0,0.6451939336814879,10,1.0252558206992226,-0.2525582069922261,3.0,0,0,0,87.80534875430074,SUCCESS,BULLISH,average_down,2,89363.65,89608.96,-0.27375610653221755,1272.097631851087
2025-12-22T15:36:17.533780+00:00,btc-updown-15m-1766417400,TRADE,UP,DIR_ACCUMULATE,1,1,0.1700269905868494,0.1700269905868494,14.0,0.36505939441552854,10.0,0.6451939336814879,10,1.0102533280970165,-0.10253328097016512,4.0,0,0,0,87.63532176371389,SUCCESS,BULLISH,accumulate,2,89319.54,89608.96,-0.3229810947476824,1519.0314997231233
2025-12-22T15:36:22.951878+00:00,btc-updown-15m-1766417400,TRADE,UP,DIR_ACCUMULATE,1,1,0.15001564182067037,0.15001564182067037,15.0,0.350723144242538,10.0,0.6451939336814879,10,0.9959170779240258,0.0408292207597416,5.0,0,0,0,87.48530612189322,SUCCESS,BULLISH,accumulate,2,89274.01,89608.96,-0.3737907459254204,1663.0999287537593
2025-12-22T15:45:02.133039+00:00,btc-updown-15m-1766417400,RESOLUTION,DOWN,BINANCE_FALLBACK,25,25,1.0000,11.7128,15,0.3507,10,0.6452,10,0.9959,0.0408,0.33,0.0000,0.0000,-1.7128,97.49,RESOLVED
2025-12-22T15:45:10.970176+00:00,btc-updown-15m-1766418300,TRADE,UP,DIR_AVERAGE_DOWN,1,1,0.5300722123620261,0.5300722123620261,1.0,0.5300722123620261,0.0,0.0,0,0,0.0,1.0,0,0,0,96.95523390953119,SUCCESS,BULLISH,average_down,2,89421.39,89407.61,0.015412558282229932,68.44397757961481
2025-12-22T15:45:43.687795+00:00,btc-updown-15m-1766418300,TRADE,UP,DIR_AVERAGE_DOWN,1,1,0.4402186691086267,0.4402186691086267,2.0,0.4851454407353264,0.0,0.0,0,0,0.0,2.0,0,0,0,96.51501524042256,SUCCESS,BULLISH,average_down,2,89299.55,89407.61,-0.12086219506370617,708.7395144996385
2025-12-22T15:55:02.262872+00:00,btc-updown-15m-1766418300,TRADE,DOWN,DIR_EMERGENCY,2,2,0.11002686842393528,0.22005373684787055,2.0,0.4851454407353264,2.0,0.11002686842393528,2,0.5951723091592617,0.8096553816814767,0.0,0,0,0,96.29496150357468,SUCCESS,BULLISH,emergency,2,89582.0,89407.61,0.1950505108010374,730.3873123513587
2025-12-22T16:00:03.658855+00:00,btc-updown-15m-1766418300,RESOLUTION,UP,BINANCE_FALLBACK,4,4,1.0000,1.1903,2,0.4851,2,0.1100,2,0.5952,0.8097,0.00,0.0000,0.0000,0.8097,98.29,RESOLVED
2025-12-22T16:00:18.044759+00:00,btc-updown-15m-1766419200,TRADE,UP,DIR_AVERAGE_DOWN,1,1,0.5997376384936749,0.5997376384936749,1.0,0.5997376384936749,0.0,0.0,0,0,0.0,1.0,0,0,0,97.695223865081,SUCCESS,BULLISH,average_down,2,89810.78,89726.92,0.09346136031416277,360.4664795594695
2025-12-22T16:01:23.723395+00:00,btc-updown-15m-1766419200,TRADE,UP,DIR_AVERAGE_DOWN,1,1,0.5302126028035863,0.5302126028035863,2.0,0.5649751206486306,0.0,0.0,0,0,0.0,2.0,0,0,0,97.16501126227742,SUCCESS,BULLISH,average_down,2,89750.01,89726.92,0.025733637129187657,125.85262003228215
2025-12-22T16:01:40.289644+00:00,btc-updown-15m-1766419200,TRADE,UP,DIR_AVERAGE_DOWN,1,1,0.4401466306135602,0.4401466306135602,3.0,0.5233656239702739,0.0,0.0,0,0,0.0,3.0,0,0,0,96.72486463166386,SUCCESS,BULLISH,average_down,2,89691.0,89726.92,-0.040032578851473176,144.4477288038705
2025-12-22T16:01:51.276382+00:00,btc-updown-15m-1766419200,TRADE,UP,DIR_ACCUMULATE,1,1,0.4201512414875853,0.4201512414875853,4.0,0.4975620283496017,0.0,0.0,0,0,0.0,4.0,0,0,0,96.30471339017627,SUCCESS,BULLISH,accumulate,2,89670.3,89726.92,-0.06310257835663516,212.86236106354912
2025-12-22T16:01:56.693159+00:00,btc-updown-15m-1766419200,TRADE,UP,DIR_ACCUMULATE,1,1,0.5102268694113923,0.5102268694113923,5.0,0.5000949965619599,0.0,0.0,0,0,0.0,5.0,0,0,0,95.79448652076488,SUCCESS,BULLISH,accumulate,2,89712.0,89726.92,-0.01662823152739251,57.8863740201986
2025-12-22T16:02:02.112254+00:00,btc-updown-15m-1766419200,TRADE,UP,DIR_ACCUMULATE,1,1,0.5302582155806501,0.5302582155806501,6.0,0.5051221997317416,0.0,0.0,0,0,0.0,6.0,0,0,0,95.26422830518423,SUCCESS,BULLISH,accumulate,2,89740.0,89726.92,0.014577564904715047,63.85081582807163
2025-12-22T16:02:07.525507+00:00,btc-updown-15m-1766419200,TRADE,DOWN,DIR_REBALANCE,5,5,0.5000109131242647,2.5000545656213236,6.0,0.5051221997317416,5.0,0.5000109131242647,5,1.0051331128560062,-0.02566556428003075,1.0,0,0,0,92.7641737395629,SUCCESS,BULLISH,rebalance,2,89726.91,89726.92,-1.1144927291342787e-05,0.10690874612589081
2025-12-22T16:02:12.946263+00:00,btc-updown-15m-1766419200,TRADE,UP,DIR_AVERAGE_DOWN,1,1,0.5200494344163362,0.5200494344163362,7.0,0.5072546618295408,5.0,0.5000109131242647,5,1.0072655749538055,-0.03632787476902766,2.0,0,0,0,92.24412430514657,SUCCESS,BULLISH,average_down,2,89737.13,89726.92,0.011378970770429212,48.19949649409105
2025-12-22T16:10:01.787135+00:00,btc-updown-15m-1766419200,TRADE,DOWN,DIR_EMERGENCY,2,2,0.40004336167859145,0.8000867233571829,7.0,0.5072546618295408,7.0,0.4714487555683581,7,0.9787034173978989,0.1490760782147077,0.0,0,0,0,91.44403758178939,SUCCESS,BULLISH,emergency,2,89759.77,89726.92,0.036611086171246955,244.5687793958214
2025-12-22T16:10:07.310885+00:00,btc-updown-15m-1766419200,TRADE,UP,DIR_AVERAGE_DOWN,1,1,0.5998496958943722,0.5998496958943722,8.0,0.5188290410876447,7.0,0.4714487555683581,7,0.9902777966560028,0.06805542340798043,1.0,0,0,0,90.84418788589501,SUCCESS,BULLISH,average_down,2,89759.77,89726.92,0.036611086171246955,244.56689948169412
2025-12-22T16:10:12.724121+00:00,btc-updown-15m-1766419200,TRADE,DOWN,DIR_EMERGENCY,1,1,0.3501293876981417,0.3501293876981417,8.0,0.5188290410876447,8.0,0.456283834584581,8,0.9751128756722257,0.19909699462219432,0.0,0,0,0,90.49405849819686,SUCCESS,BULLISH,emergency,2,89771.26,89726.92,0.04941660763569786,323.38243297848544
2025-12-22T16:10:18.297945+00:00,btc-updown-15m-1766419200,TRADE,UP,DIR_AVERAGE_DOWN,1,1,0.7301443670609763,0.7301443670609763,9.0,0.5423085217513482,8.0,0.456283834584581,8,0.9985923563359292,0.011261149312566054,1.0,0,0,0,89.76391413113589,SUCCESS,BULLISH,average_down,2,89789.54,89726.92,0.06978953473494391,455.41424738879454
2025-12-22T16:10:23.719138+00:00,btc-updown-15m-1766419200,TRADE,DOWN,DIR_EMERGENCY,1,1,0.30013207842089584,0.30013207842089584,9.0,0.5423085217513482,9.0,0.4389336394552827,9,0.9812421612066309,0.16882054914032207,0.0,0,0,0,89.46378205271499,SUCCESS,BULLISH,emergency,2,89789.54,89726.92,0.06978953473494391,456.89117790422466
2025-12-22T16:10:34.548906+00:00,btc-updown-15m-1766419200,TRADE,UP,DIR_AVERAGE_DOWN,1,1,0.7200109923312256,0.7200109923312256,10.0,0.5600787688093359,9.0,0.4389336394552827,9,0.9990124082646186,0.00888832561843289,1.0,0,0,0,88.74377106038376,SUCCESS,BULLISH,average_down,2,89790.0,89726.92,0.07030220139062139,434.6306664954361
2025-12-22T16:10:39.951895+00:00,btc-updown-15m-1766419200,TRADE,DOWN,DIR_EMERGENCY,1,1,0.2600079190693199,0.2600079190693199,10.0,0.5600787688093359,10.0,0.4210410674166864,10,0.9811198362260223,0.1888016377397772,0.0,0,0,0,88.48376314131444,SUCCESS,BULLISH,emergency,2,89802.0,89726.92,0.08367611414723893,518.373464907713
2025-12-22T16:10:45.431239+00:00,btc-updown-15m-1766419200,TRADE,UP,DIR_AVERAGE_DOWN,1,1,0.7403043663556506,0.7403043663556506,11.0,0.5764629140408192,10.0,0.4210410674166864,10,0.9975039814575055,0.024960185424944825,1.0,0,0,0,87.7434587749588,SUCCESS,BULLISH,average_down,2,89791.05,89726.92,0.07147241875682868,415.3455162740247
2025-12-22T16:10:50.946439+00:00,btc-updown-15m-1766419200,TRADE,DOWN,DIR_EMERGENCY,1,1,0.24005846420047572,0.24005846420047572,11.0,0.5764629140408192,11.0,0.40458810348794,11,0.9810510175287592,0.2084388071836485,0.0,0,0,0,87.50340031075832,SUCCESS,BULLISH,emergency,2,89801.81,89726.92,0.08346436052858988,489.1195051550523
2025-12-22T16:10:56.356723+00:00,btc-updown-15m-1766419200,TRADE,UP,DIR_AVERAGE_DOWN,1,1,0.8400379761956939,0.8400379761956939,12.0,0.5984275025537253,11.0,0.40458810348794,11,1.0030156060416653,-0.03317166645831815,1.0,0,0,0,86.66336233456263,SUCCESS,BULLISH,average_down,2,89838.84,89726.92,0.12473402631005082,706.2514734520748
2025-12-22T16:11:01.802968+00:00,btc-updown-15m-1766419200,TRADE,DOWN,DIR_EMERGENCY,1,1,0.17998494561254622,0.17998494561254622,12.0,0.5984275025537253,12.0,0.3858711736649905,12,0.9842986762187158,0.18841588537541032,0.0,0,0,0,86.48337738895009,SUCCESS,BULLISH,emergency,2,89838.82,89726.92,0.12471173645546814,710.785954881781
2025-12-22T16:15:01.773331+00:00,btc-updown-15m-1766419200,RESOLUTION,UP,BINANCE_FALLBACK,24,24,1.0000,11.8116,12,0.5984,12,0.3859,12,0.9843,0.1884,0.00,0.0000,0.0000,0.1884,98.48,RESOLVED
2025-12-22T16:15:10.336920+00:00,btc-updown-15m-1766420100,TRADE,UP,DIR_AVERAGE_DOWN,1,1,0.5000628565954011,0.5000628565954011,1.0,0.5000628565954011,0.0,0.0,0,0,0.0,1.0,0,0,0,97.98331453235468,SUCCESS,BULLISH,average_down,2,89835.34,89815.07,0.022568595671071147,93.39402124909905
2025-12-22T16:25:01.748958+00:00,btc-updown-15m-1766420100,TRADE,DOWN,DIR_EMERGENCY,1,1,0.13000359061358696,0.13000359061358696,1.0,0.5000628565954011,1.0,0.13000359061358696,1,0.6300664472089881,0.3699335527910119,0.0,0,0,0,97.8533109417411,SUCCESS,BULLISH,emergency,2,89975.99,89815.07,0.17916815073461306,836.8357683007039
2025-12-22T16:25:18.133941+00:00,btc-updown-15m-1766420100,TRADE,UP,DIR_AVERAGE_DOWN,1,1,0.8403224106567689,0.8403224106567689,2.0,0.670192633626085,1.0,0.13000359061358696,1,0.8001962242396721,0.19980377576032793,1.0,0,0,0,97.01298853108433,SUCCESS,BULLISH,average_down,2,89937.99,89815.07,0.13685899259444795,647.6172368402373
2025-12-22T16:25:23.674697+00:00,btc-updown-15m-1766420100,TRADE,DOWN,DIR_EMERGENCY,1,1,0.17007450934216264,0.17007450934216264,2.0,0.670192633626085,2.0,0.15003904997787482,2,0.8202316836039598,0.35953663279208037,0.0,0,0,0,96.84291402174217,SUCCESS,BULLISH,emergency,2,89930.61,89815.07,0.12864210872406334,609.8237105936391
2025-12-22T16:25:42.378690+00:00,btc-updown-15m-1766420100,TRADE,UP,DIR_AVERAGE_DOWN,1,1,0.8303359311873126,0.8303359311873126,3.0,0.723573732813161,2.0,0.15003904997787482,2,0.8736127827910358,0.25277443441792835,1.0,0,0,0,96.01257809055487,SUCCESS,BULLISH,average_down,2,89930.6,89815.07,0.12863097473508492,629.0283142434987
2025-12-22T16:25:48.089042+00:00,btc-updown-15m-1766420100,TRADE,DOWN,DIR_EMERGENCY,1,1,0.10002307371284519,0.10002307371284519,3.0,0.723573732813161,3.0,0.1333670578895316,3,0.8569407907026926,0.42917762789192226,0.0,0,0,0,95.91255501684202,SUCCESS,BULLISH,emergency,2,89955.97,89815.07,0.15687790478813207,706.2158182219893
2025-12-22T16:30:02.286038+00:00,btc-updown-15m-1766420100,RESOLUTION,UP,BINANCE_FALLBACK,6,6,1.0000,2.5708,3,0.7236,3,0.1334,3,0.8569,0.4292,0.00,0.0000,0.0000,0.4292,98.91,RESOLVED
2025-12-22T16:45:13.216149+00:00,btc-updown-15m-1766421900,TRADE,UP,DIR_AVERAGE_DOWN,1,1,0.5000355999662136,0.5000355999662136,1.0,0.5000355999662136,0.0,0.0,0,0,0.0,1.0,0,0,0,99.49996440003379,SUCCESS,BULLISH,average_down,0,89602.78,89604.45,-0.0018637467223985569,236.16925021723586
2025-12-22T16:55:00.766849+00:00,btc-updown-15m-1766421900,TRADE,DOWN,DIR_EMERGENCY,1,1,0.44012365511877133,0.44012365511877133,1.0,0.5000355999662136,1.0,0.44012365511877133,1,0.9401592550849849,0.05984074491501512,0.0,0,0,0,99.05984074491502,SUCCESS,BULLISH,emergency,0,89617.73,89604.45,0.014820692499087752,119.89368395635388
2025-12-22T16:55:06.164923+00:00,btc-updown-15m-1766421900,TRADE,UP,DIR_AVERAGE_DOWN,1,1,0.5700942095608064,0.5700942095608064,2.0,0.53506490476351,1.0,0.44012365511877133,1,0.9751885598822814,0.02481144011771863,1.0,0,0,0,98.48974653535421,SUCCESS,BULLISH,average_down,0,89605.86,89604.45,0.001573582562030672,10.723103798450538
2025-12-22T16:55:11.558267+00:00,btc-updown-15m-1766421900,TRADE,DOWN,DIR_EMERGENCY,1,1,0.4601864958885178,0.4601864958885178,2.0,0.53506490476351,2.0,0.45015507550364453,2,0.9852199802671545,0.029560039465690968,0.0,0,0,0,98.0295600394657,SUCCESS,BULLISH,emergency,0,89605.86,89604.45,0.001573582562030672,10.623096754952677
2025-12-22T16:55:17.117226+00:00,btc-updown-15m-1766421900,TRADE,UP,DIR_AVERAGE_DOWN,1,1,0.5101983559360043,0.5101983559360043,3.0,0.5267760551543414,2.0,0.45015507550364453,2,0.976931130657986,0.04613773868402804,1.0,0,0,0,97.5193616835297,SUCCESS,BULLISH,average_down,0,89592.63,89604.45,-0.01319130913698196,75.19909883242441
2025-12-22T16:55:22.767401+00:00,btc-updown-15m-1766421900,TRADE,DOWN,DIR_EMERGENCY,1,1,0.4600330965027108,0.4600330965027108,3.0,0.5267760551543414,3.0,0.45344774916999997,3,0.9802238043243414,0.05932858702697574,0.0,0,0,0,97.05932858702698,SUCCESS,BULLISH,emergency,0,89602.85,89604.45,-0.0017856256022901417,9.822119521533327
2025-12-22T16:55:28.469360+00:00,btc-updown-15m-1766421900,TRADE,UP,DIR_AVERAGE_DOWN,1,1,0.4801776365853258,0.4801776365853258,4.0,0.5151264505120875,3.0,0.45344774916999997,3,0.9685741996820875,0.0942774009537376,1.0,0,0,0,96.57915095044166,SUCCESS,BULLISH,average_down,0,89599.48,89604.45,-0.00554659952714532,30.95717180529752
2025-12-22T16:55:33.859465+00:00,btc-updown-15m-1766421900,TRADE,DOWN,DIR_EMERGENCY,1,1,0.5300032671161683,0.5300032671161683,4.0,0.5151264505120875,4.0,0.47258662865654205,4,0.9877130791686295,0.04914768332548203,0.0,0,0,0,96.04914768332549,SUCCESS,BULLISH,emergency,0,89582.85,89604.45,-0.024105945631038714,125.32811268166681
2025-12-22T16:55:39.538443+00:00,btc-updown-15m-1766421900,TRADE,UP,DIR_AVERAGE_DOWN,1,1,0.4601503958029439,0.4601503958029439,5.0,0.5041312395702587,4.0,0.47258662865654205,4,0.9767178682268007,0.09312852709279706,1.0,0,0,0,95.58899728752255,SUCCESS,BULLISH,average_down,0,89582.86,89604.45,-0.024094785471030188,124.49366586451883
2025-12-22T16:55:44.982101+00:00,btc-updown-15m-1766421900,TRADE,DOWN,DIR_EMERGENCY,1,1,0.5401625428019773,0.5401625428019773,5.0,0.5041312395702587,5.0,0.48610181148562914,5,0.9902330510558879,0.0488347447205606,0.0,0,0,0,95.04883474472057,SUCCESS,BULLISH,emergency,0,89593.53,89604.45,-0.012186894735694773,62.75818030575689
2025-12-22T16:55:55.819635+00:00,btc-updown-15m-1766421900,TRADE,UP,DIR_AVERAGE_DOWN,1,1,0.5701541419506256,0.5701541419506256,6.0,0.5151350566336532,5.0,0.48610181148562914,5,1.0012368681192823,-0.006184340596411264,1.0,0,0,0,94.47868060276994,SUCCESS,BULLISH,average_down,0,89604.97,89604.45,0.0005803283207520102,3.0133450167605353
2025-12-22T16:56:06.688501+00:00,btc-updown-15m-1766421900,TRADE,DOWN,DIR_EMERGENCY,1,1,0.3400700007382355,0.3400700007382355,6.0,0.5151350566336532,6.0,0.4617631763610635,6,0.9768982329947167,0.13861060203169995,0.0,0,0,0,94.1386106020317,SUCCESS,BULLISH,emergency,0,89642.54,89604.45,0.04250904949474776,221.45512201025036
2025-12-22T16:56:12.188272+00:00,btc-updown-15m-1766421900,TRADE,UP,DIR_AVERAGE_DOWN,1,1,0.7101597658992164,0.7101597658992164,7.0,0.5429957293858766,6.0,0.4617631763610635,6,1.0047589057469402,-0.028553434481640938,1.0,0,0,0,93.42845083613248,SUCCESS,BULLISH,average_down,0,89642.53,89604.45,0.04249788933473923,221.36287079304927
2025-12-22T16:56:17.634910+00:00,btc-updown-15m-1766421900,TRADE,DOWN,DIR_EMERGENCY,1,1,0.3401369648814492,0.3401369648814492,7.0,0.5429957293858766,7.0,0.4443880032925472,7,0.9873837326784238,0.08831387125103318,0.0,0,0,0,93.08831387125103,SUCCESS,BULLISH,emergency,0,89636.58,89604.45,0.03585759412618978,199.04194512832268
2025-12-22T16:56:23.032086+00:00,btc-updown-15m-1766421900,TRADE,UP,DIR_AVERAGE_DOWN,1,1,0.65018855764338,0.65018855764338,8.0,0.5563948329180645,7.0,0.4443880032925472,7,1.0007828362106117,-0.005479853474281926,1.0,0,0,0,92.43812531360766,SUCCESS,BULLISH,average_down,0,89636.59,89604.45,0.035868754286198304,201.56123358990558
2025-12-22T16:56:28.472473+00:00,btc-updown-15m-1766421900,TRADE,DOWN,DIR_EMERGENCY,1,1,0.4001266237871461,0.4001266237871461,8.0,0.5563948329180645,8.0,0.43885533085437206,8,0.9952501637724365,0.03799868982050825,0.0,0,0,0,92.03799868982051,SUCCESS,BULLISH,emergency,0,89629.1,89604.45,0.027509794435442363,158.39953596759528
2025-12-22T16:56:34.014698+00:00,btc-updown-15m-1766421900,TRADE,UP,DIR_AVERAGE_DOWN,1,1,0.6401871326520018,0.6401871326520018,9.0,0.5657050884440574,8.0,0.43885533085437206,8,1.0045604192984294,-0.03648335438743544,1.0,0,0,0,91.39781155716851,SUCCESS,BULLISH,average_down,0,89629.1,89604.45,0.027509794435442363,163.6079529179528
2025-12-22T16:56:44.931260+00:00,btc-updown-15m-1766421900,TRADE,DOWN,DIR_EMERGENCY,1,1,0.2800845603536119,0.2800845603536119,9.0,0.5657050884440574,9.0,0.4212141341320654,9,0.9869192225761227,0.11772699681489529,0.0,0,0,0,91.1177269968149,SUCCESS,BULLISH,emergency,0,89635.82,89604.45,0.035009421965103184,213.65770755999782
2025-12-22T16:56:50.323919+00:00,btc-updown-15m-1766421900,TRADE,UP,DIR_AVERAGE_DOWN,1,1,0.6101770682250587,0.6101770682250587,10.0,0.5701522864221575,9.0,0.4212141341320654,9,0.991366420554223,0.07770221501199326,1.0,0,0,0,90.50754992858984,SUCCESS,BULLISH,average_down,0,89625.07,89604.45,0.023012249949650822,133.7537442246159
2025-12-22T16:56:55.780605+00:00,btc-updown-15m-1766421900,TRADE,DOWN,DIR_EMERGENCY,1,1,0.4200074878752625,0.4200074878752625,10.0,0.5701522864221575,10.0,0.4210934695063851,10,0.9912457559285426,0.08754244071457418,0.0,0,0,0,90.08754244071457,SUCCESS,BULLISH,emergency,0,89611.25,89604.45,0.007588908809777762,44.08207682483352
2025-12-22T16:57:01.285118+00:00,btc-updown-15m-1766421900,TRADE,UP,DIR_AVERAGE_DOWN,1,1,0.45008723448595234,0.45008723448595234,11.0,0.5592372817006844,10.0,0.4210934695063851,10,0.9803307512070696,0.19669248792930416,1.0,0,0,0,89.63745520622862,SUCCESS,BULLISH,average_down,0,89596.01,89604.45,-0.009419175052134496,48.871272694047946
2025-12-22T16:57:06.767655+00:00,btc-updown-15m-1766421900,TRADE,DOWN,DIR_EMERGENCY,1,1,0.5202115836585854,0.5202115836585854,11.0,0.5592372817006844,11.0,0.4301042071565851,11,0.9893414888572696,0.11724362257003462,0.0,0,0,0,89.11724362257004,SUCCESS,BULLISH,emergency,0,89596.01,89604.45,-0.009419175052134496,50.537793939176844
2025-12-22T16:57:12.217719+00:00,btc-updown-15m-1766421900,TRADE,UP,DIR_AVERAGE_DOWN,1,1,0.5201998005976664,0.5201998005976664,12.0,0.5559841582754329,11.0,0.4301042071565851,11,0.986088365432018,0.1530279802478014,1.0,0,0,0,88.59704382197238,SUCCESS,BULLISH,average_down,0,89596.01,89604.45,-0.009419175052134496,51.41298470042543
2025-12-22T16:57:17.737074+00:00,btc-updown-15m-1766421900,TRADE,DOWN,DIR_EMERGENCY,1,1,0.570132352683047,0.570132352683047,12.0,0.5559841582754329,12.0,0.44177321928379026,12,0.9977573775592232,0.02691146928932131,0.0,0,0,0,88.02691146928933,SUCCESS,BULLISH,emergency,0,89592.64,89604.45,-0.013180148976973434,73.23051385356325
2025-12-22T16:57:23.190498+00:00,btc-updown-15m-1766421900,TRADE,UP,DIR_AVERAGE_DOWN,1,1,0.4301429290483385,0.4301429290483385,13.0,0.5463040637195026,12.0,0.44177321928379026,12,0.9880772830032929,0.14307260396048527,1.0,0,0,0,87.59676854024099,SUCCESS,BULLISH,average_down,0,89587.39,89604.45,-0.019039232984519934,107.54174957176322
2025-12-22T16:57:28.761193+00:00,btc-updown-15m-1766421900,TRADE,DOWN,DIR_EMERGENCY,1,1,0.5902467716669552,0.5902467716669552,13.0,0.5463040637195026,13.0,0.45319426177480293,13,0.9994983254943055,0.006521768574028419,0.0,0,0,0,87.00652176857403,SUCCESS,BULLISH,emergency,0,89584.0,89604.45,-0.022822527229392167,139.74538261982616
2025-12-22T16:57:34.215582+00:00,btc-updown-15m-1766421900,TRADE,UP,DIR_AVERAGE_DOWN,1,1,0.3700474712777696,0.3700474712777696,14.0,0.5337143071165216,13.0,0.45319426177480293,13,0.9869085688913245,0.1701886044127815,1.0,0,0,0,86.63647429729626,SUCCESS,BULLISH,average_down,0,89579.81,89604.45,-0.027498634275417592,172.18657183052414
2025-12-22T16:58:23.793102+00:00,btc-updown-15m-1766421900,TRADE,DOWN,DIR_EMERGENCY,1,1,0.3400684202359734,0.3400684202359734,14.0,0.5337143071165216,14.0,0.4451138445220294,14,0.978828151638551,0.2964058770602864,0.0,0,0,0,86.29640587706028,SUCCESS,BULLISH,emergency,0,89620.0,89604.45,0.017354048822355264,105.78611562858873
2025-12-22T16:58:29.243142+00:00,btc-updown-15m-1766421900,TRADE,UP,DIR_AVERAGE_DOWN,1,1,0.6700239262952319,0.6700239262952319,15.0,0.5428016150617689,14.0,0.4451138445220294,14,0.9879154595837983,0.16918356582682326,1.0,0,0,0,85.62638195076505,SUCCESS,BULLISH,average_down,0,89619.99,89604.45,0.017342888662346734,104.30939760403282
2025-12-22T16:58:34.732408+00:00,btc-updown-15m-1766421900,TRADE,DOWN,DIR_EMERGENCY,1,1,0.3101416594525353,0.3101416594525353,15.0,0.5428016150617689,15.0,0.4361156988507298,15,0.9789173139124987,0.3162402913125195,0.0,0,0,0,85.31624029131251,SUCCESS,BULLISH,emergency,0,89619.99,89604.45,0.017342888662346734,104.13126488651028
2025-12-22T17:00:03.041930+00:00,btc-updown-15m-1766421900,RESOLUTION,DOWN,BINANCE_FALLBACK,30,30,1.0000,14.6838,15,0.5428,15,0.4361,15,0.9789,0.3162,0.00,0.0000,0.0000,0.3162,100.32,RESOLVED
2025-12-22T17:00:11.896867+00:00,btc-updown-15m-1766422800,TRADE,UP,DIR_AVERAGE_DOWN,1,1,0.510118541997648,0.510118541997648,1.0,0.510118541997648,0.0,0.0,0,0,0.0,1.0,0,0,0,99.80612174931487,SUCCESS,BULLISH,average_down,0,89550.01,89550.0,1.1166945834462658e-05,0.12040371504513471
2025-12-22T17:01:44.194573+00:00,btc-updown-15m-1766422800,TRADE,UP,DIR_AVERAGE_DOWN,1,1,0.34004165792281066,0.34004165792281066,2.0,0.42508009996022933,0.0,0.0,0,0,0.0,2.0,0,0,0,99.46608009139206,SUCCESS,BULLISH,average_down,0,89440.86,89550.0,-0.12187604690117188,319.773264072446
2025-12-22T17:02:00.696335+00:00,btc-updown-15m-1766422800,TRADE,DOWN,DIR_AVERAGE_DOWN,1,1,0.6402372366579958,0.6402372366579958,2.0,0.42508009996022933,1.0,0.6402372366579958,1,1.0653173366182251,-0.06531733661822514,1.0,0,0,0,98.82584285473406,SUCCESS,BEARISH,average_down,1,89446.0,89550.0,-0.1161362367392518,312.1250257812496
2025-12-22T17:15:02.894585+00:00,btc-updown-15m-1766422800,RESOLUTION,DOWN,BINANCE_FALLBACK,3,3,1.0000,1.4904,2,0.4251,1,0.6402,1,1.0653,-0.0653,0.50,0.0000,0.0000,-0.4904,99.83,RESOLVED
2025-12-22T17:15:11.535366+00:00,btc-updown-15m-1766423700,TRADE,DOWN,DIR_AVERAGE_DOWN,1,1,0.46003319850370317,0.46003319850370317,0.0,0.0,1.0,0.46003319850370317,0,0,0.0,1.0,0,0,0,99.36580965623035,SUCCESS,BEARISH,average_down,1,89303.19,89295.01,0.009160646266804346,43.164984315898074
2025-12-22T17:21:48.746188+00:00,btc-updown-15m-1766423700,TRADE,DOWN,DIR_AVERAGE_DOWN,1,1,0.34009971518991444,0.34009971518991444,0.0,0.0,2.0,0.4000664568468088,0,0,0.0,2.0,0,0,0,99.02570994104045,SUCCESS,BEARISH,average_down,1,89325.36,89295.01,0.03398846139331394,80.70985076015147
2025-12-22T17:25:04.139212+00:00,btc-updown-15m-1766423700,TRADE,UP,DIR_EMERGENCY,2,2,0.5301353782533108,1.0602707565066216,2.0,0.5301353782533108,2.0,0.4000664568468088,2,0.9302018351001196,0.1395963297997609,0.0,0,0,0,97.96543918453382,SUCCESS,BEARISH,emergency,1,89286.0,89295.01,-0.010090149494349977,51.38449485799943
2025-12-22T17:25:09.556648+00:00,btc-updown-15m-1766423700,TRADE,DOWN,DIR_AVERAGE_DOWN,1,1,0.43014836369707066,0.43014836369707066,2.0,0.5301353782533108,3.0,0.41009375913022944,2,0.9402291373835403,0.1195417252329194,1.0,0,0,0,97.53529082083675,SUCCESS,BEARISH,average_down,1,89286.01,89295.01,-0.010078950660288858,51.168047126465886
2025-12-22T17:25:15.015281+00:00,btc-updown-15m-1766423700,TRADE,UP,DIR_EMERGENCY,1,1,0.5902246581105277,0.5902246581105277,3.0,0.5501651382057164,3.0,0.41009375913022944,3,0.9602588973359458,0.11922330799216252,0.0,0,0,0,96.94506616272622,SUCCESS,BEARISH,emergency,1,89286.01,89295.01,-0.010078950660288858,47.65837179068454
2025-12-22T17:25:20.448972+00:00,btc-updown-15m-1766423700,TRADE,DOWN,DIR_AVERAGE_DOWN,1,1,0.48005145525258464,0.48005145525258464,3.0,0.5501651382057164,4.0,0.4275831831608182,3,0.9777483213665347,0.066755035900396,1.0,0,0,0,96.46501470747364,SUCCESS,BEARISH,average_down,1,89283.47,89295.01,-0.012923454513296542,60.57112643226954
2025-12-22T17:25:25.891154+00:00,btc-updown-15m-1766423700,TRADE,UP,DIR_EMERGENCY,1,1,0.5797506254648281,0.5797506254648281,4.0,0.5575615100204944,4.0,0.4275831831608182,4,0.9851446931813126,0.05942122727474963,0.0,0,0,0,95.88526408200882,SUCCESS,BEARISH,emergency,1,89292.92,89295.01,-0.0023405563199965012,10.949586217909843
2025-12-22T17:25:31.301875+00:00,btc-updown-15m-1766423700,TRADE,DOWN,DIR_AVERAGE_DOWN,1,1,0.4301667343747695,0.4301667343747695,4.0,0.5575615100204944,5.0,0.42809989340360843,4,0.9856614034241028,0.0573543863035888,1.0,0,0,0,95.45509734763405,SUCCESS,BEARISH,average_down,1,89292.92,89295.01,-0.0023405563199965012,11.037335889324558
2025-12-22T17:25:42.375177+00:00,btc-updown-15m-1766423700,TRADE,UP,DIR_EMERGENCY,1,1,0.5702115123176483,0.5702115123176483,5.0,0.5600915104799251,5.0,0.42809989340360843,5,0.9881914038835335,0.05904298058233226,0.0,0,0,0,94.8848858353164,SUCCESS,BEARISH,emergency,1,89292.91,89295.01,-0.0023517551540576218,10.172700990838702
2025-12-22T17:25:47.791363+00:00,btc-updown-15m-1766423700,TRADE,DOWN,DIR_AVERAGE_DOWN,1,1,0.4301307101916232,0.4301307101916232,5.0,0.5600915104799251,6.0,0.4284383628682775,5,0.9885298733482026,0.057350633258986816,1.0,0,0,0,94.45475512512478,SUCCESS,BEARISH,average_down,1,89292.91,89295.01,-0.0023517551540576218,10.019932291862586
2025-12-22T17:26:20.486950+00:00,btc-updown-15m-1766423700,TRADE,UP,DIR_EMERGENCY,1,1,0.6203067749454202,0.6203067749454202,6.0,0.5701273878908409,6.0,0.4284383628682775,6,0.9985657507591185,0.008605495445289213,0.0,0,0,0,93.83444835017936,SUCCESS,BEARISH,emergency,1,89304.2,89295.01,0.010291728507564228,61.572837475517495
2025-12-22T17:26:25.896254+00:00,btc-updown-15m-1766423700,TRADE,DOWN,DIR_AVERAGE_DOWN,1,1,0.41001199676331956,0.41001199676331956,6.0,0.5701273878908409,7.0,0.42580602485328356,6,0.9959334127441245,0.024399523535252987,1.0,0,0,0,93.42443635341604,SUCCESS,BEARISH,average_down,1,89304.21,89295.01,0.010302927341641647,63.354905758583115
2025-12-22T17:26:31.334229+00:00,btc-updown-15m-1766423700,TRADE,UP,DIR_EMERGENCY,1,1,0.6101212231340152,0.6101212231340152,7.0,0.5758407929255801,7.0,0.42580602485328356,7,1.0016468177788638,-0.011527724452046417,0.0,0,0,0,92.81431513028203,SUCCESS,BEARISH,emergency,1,89304.2,89295.01,0.010291728507564228,63.56163753107858
2025-12-22T17:26:36.738510+00:00,btc-updown-15m-1766423700,TRADE,DOWN,DIR_AVERAGE_DOWN,1,1,0.2800974940839601,0.2800974940839601,7.0,0.5758407929255801,8.0,0.4075924585071181,7,0.9834332514326982,0.11596723997111247,1.0,0,0,0,92.53421763619806,SUCCESS,BEARISH,average_down,1,89330.99,89295.01,0.04029340497303319,240.97216217075544
2025-12-22T17:30:05.414541+00:00,btc-updown-15m-1766423700,RESOLUTION,UP,BINANCE_FALLBACK,15,15,1.0000,7.2916,7,0.5758,8,0.4076,7,0.9834,0.1160,0.12,0.0000,0.0000,-0.2916,99.53,RESOLVED
2025-12-22T17:30:14.338403+00:00,btc-updown-15m-1766424600,TRADE,DOWN,DIR_AVERAGE_DOWN,1,1,0.4602037466996532,0.4602037466996532,0.0,0.0,1.0,0.4602037466996532,0,0,0.0,1.0,0,0,0,99.07401388949842,SUCCESS,BEARISH,average_down,1,89351.25,89343.01,0.009222881566230239,40.179665133178794
2025-12-22T17:37:04.121843+00:00,btc-updown-15m-1766424600,TRADE,DOWN,DIR_AVERAGE_DOWN,1,1,0.3000328219428059,0.3000328219428059,0.0,0.0,2.0,0.3801182843212295,0,0,0.0,2.0,0,0,0,98.77398106755561,SUCCESS,BEARISH,average_down,1,89407.99,89343.01,0.07273092769094132,480.2285337629112
2025-12-22T17:37:53.084750+00:00,btc-updown-15m-1766424600,TRADE,DOWN,DIR_AVERAGE_DOWN,1,1,0.24007872551176349,0.24007872551176349,0.0,0.0,3.0,0.3334384313847409,0,0,0.0,3.0,0,0,0,98.53390234204385,SUCCESS,BEARISH,average_down,1,89429.28,89343.01,0.09656043600949205,507.486871786441
2025-12-22T17:37:58.500669+00:00,btc-updown-15m-1766424600,TRADE,DOWN,DIR_ACCUMULATE,1,1,0.21989676047272816,0.21989676047272816,0.0,0.0,4.0,0.3050530136567377,0,0,0.0,4.0,0,0,0,98.31400558157112,SUCCESS,BEARISH,accumulate,1,89430.97,89343.01,0.09845202215596544,522.3326187537684
2025-12-22T17:38:03.918733+00:00,btc-updown-15m-1766424600,TRADE,DOWN,DIR_ACCUMULATE,1,1,0.17004332655337914,0.17004332655337914,0.0,0.0,5.0,0.278051076236066,0,0,0.0,5.0,0,0,0,98.14396225501774,SUCCESS,BEARISH,accumulate,1,89466.67,89343.01,0.13841038039797798,757.7035261755614
2025-12-22T17:38:20.280091+00:00,btc-updown-15m-1766424600,TRADE,DOWN,DIR_ACCUMULATE,1,1,0.18007924301277436,0.18007924301277436,0.0,0.0,6.0,0.2617224373655174,0,0,0.0,6.0,0,0,0,97.96388301200497,SUCCESS,BEARISH,accumulate,1,89459.04,89343.01,0.12987026069526741,755.7553193212883
2025-12-22T17:38:25.682485+00:00,btc-updown-15m-1766424600,TRADE,UP,DIR_REBALANCE,5,5,0.7900643090058286,3.950321545029143,5.0,0.7900643090058286,6.0,0.2617224373655174,5,1.051786746371346,-0.25893373185672974,1.0,0,0,0,94.01356146697583,SUCCESS,BEARISH,rebalance,1,89427.35,89343.01,0.09440022224459536,550.1569644310781
2025-12-22T17:38:31.081517+00:00,btc-updown-15m-1766424600,TRADE,DOWN,DIR_AVERAGE_DOWN,1,1,0.24001755188588852,0.24001755188588852,5.0,0.7900643090058286,7.0,0.2586217394398561,5,1.0486860484456848,-0.24343024222842402,2.0,0,0,0,93.77354391508995,SUCCESS,BEARISH,average_down,1,89427.36,89343.01,0.09441141506202425,550.2202545779697
2025-12-22T17:39:19.925136+00:00,btc-updown-15m-1766424600,TRADE,DOWN,DIR_AVERAGE_DOWN,1,1,0.18007613136169373,0.18007613136169373,5.0,0.7900643090058286,8.0,0.24880353843008582,5,1.0388678474359143,-0.19433923717957158,3.0,0,0,0,93.59346778372826,SUCCESS,BEARISH,average_down,1,89427.34,89343.01,0.0943890294271502,558.7682370263029
2025-12-22T17:39:25.501386+00:00,btc-updown-15m-1766424600,TRADE,DOWN,DIR_ACCUMULATE,1,1,0.17001505549731383,0.17001505549731383,5.0,0.7900643090058286,9.0,0.2400492625486667,5,1.0301135715544953,-0.15056785777247672,4.0,0,0,0,93.42345272823094,SUCCESS,BEARISH,accumulate,1,89439.23,89343.01,0.10769728935705342,662.9107521178886
2025-12-22T17:39:31.066211+00:00,btc-updown-15m-1766424600,TRADE,DOWN,DIR_ACCUMULATE,1,1,0.1600023239854559,0.1600023239854559,5.0,0.7900643090058286,10.0,0.23204456869234563,5,1.0221088776981742,-0.11054438849087078,5.0,0,0,0,93.26345040424549,SUCCESS,BEARISH,accumulate,1,89439.23,89343.01,0.10769728935705342,673.6642114913404
2025-12-22T17:39:41.941342+00:00,btc-updown-15m-1766424600,TRADE,DOWN,DIR_ACCUMULATE,1,1,0.13003006614473922,0.13003006614473922,5.0,0.7900643090058286,11.0,0.22277052300619957,5,1.0128348320120282,-0.06417416006014087,6.0,0,0,0,93.13342033810075,SUCCESS,BEARISH,accumulate,1,89455.67,89343.01,0.12609828121976582,790.7406778089739
2025-12-22T17:39:52.777750+00:00,btc-updown-15m-1766424600,TRADE,UP,DIR_REBALANCE,5,5,0.9300838041264612,4.650419020632306,10.0,0.8600740565661449,11.0,0.22277052300619957,10,1.0828445795723445,-0.8284457957234448,1.0,0,0,0,88.48300131746845,SUCCESS,BEARISH,rebalance,1,89468.43,89343.01,0.14038031626648603,948.0064267458546
2025-12-22T17:39:58.188007+00:00,btc-updown-15m-1766424600,TRADE,DOWN,DIR_AVERAGE_DOWN,1,1,0.11002046807873433,0.11002046807873433,10.0,0.8600740565661449,12.0,0.21337468509557747,10,1.0734487416617224,-0.7344874166172244,2.0,0,0,0,88.37298084938972,SUCCESS,BEARISH,average_down,1,89464.97,89343.01,0.1365076014340757,873.145783264622
2025-12-22T17:45:02.505366+00:00,btc-updown-15m-1766424600,RESOLUTION,DOWN,BINANCE_FALLBACK,22,22,1.0000,11.1612,10,0.8601,12,0.2134,10,1.0734,-0.7345,0.17,0.0000,0.0000,0.8388,100.37,RESOLVED
2025-12-22T17:45:12.299879+00:00,btc-updown-15m-1766425500,TRADE,DOWN,DIR_AVERAGE_DOWN,1,1,0.6302925099972289,0.6302925099972289,0.0,0.0,1.0,0.6302925099972289,0,0,0.0,1.0,0,0,0,99.74268833939249,SUCCESS,BEARISH,average_down,1,89259.14,89319.54,-0.06762238139604636,325.15021367842905
2025-12-22T17:51:54.757772+00:00,btc-updown-15m-1766425500,TRADE,DOWN,DIR_AVERAGE_DOWN,1,1,0.5000770006322929,0.5000770006322929,0.0,0.0,2.0,0.5651847553147609,0,0,0.0,2.0,0,0,0,99.2426113387602,SUCCESS,BEARISH,average_down,1,89320.82,89319.54,0.001433057089202864,3.380380004496079
2025-12-22T17:52:10.981340+00:00,btc-updown-15m-1766425500,TRADE,DOWN,DIR_AVERAGE_DOWN,1,1,0.33007100364420316,0.33007100364420316,0.0,0.0,3.0,0.4868135047579083,0,0,0.0,3.0,0,0,0,98.91254033511599,SUCCESS,BEARISH,average_down,1,89393.99,89319.54,0.08335242210160469,211.95451553131093
2025-12-22T17:52:16.406645+00:00,btc-updown-15m-1766425500,TRADE,DOWN,DIR_ACCUMULATE,1,1,0.3101222032766086,0.3101222032766086,0.0,0.0,4.0,0.4426406793875834,0,0,0.0,4.0,0,0,0,98.60241813183939,SUCCESS,BEARISH,accumulate,1,89392.42,89319.54,0.08159468801563988,207.80675493556814
2025-12-22T17:52:21.927842+00:00,btc-updown-15m-1766425500,TRADE,DOWN,DIR_ACCUMULATE,1,1,0.29011934510224063,0.29011934510224063,0.0,0.0,5.0,0.4121364125305148,0,0,0.0,5.0,0,0,0,98.31229878673714,SUCCESS,BEARISH,accumulate,1,89399.27,89319.54,0.08926378259450338,226.9836770615637
2025-12-22T17:52:32.750058+00:00,btc-updown-15m-1766425500,TRADE,DOWN,DIR_ACCUMULATE,1,1,0.3101006680809739,0.3101006680809739,0.0,0.0,6.0,0.39513045512225803,0,0,0.0,6.0,0,0,0,98.00219811865617,SUCCESS,BEARISH,accumulate,1,89390.62,89319.54,0.07957945148396617,201.92101822567722
2025-12-22T17:52:38.153715+00:00,btc-updown-15m-1766425500,TRADE,UP,DIR_REBALANCE,5,5,0.699813042860514,3.4990652143025702,5.0,0.699813042860514,6.0,0.39513045512225803,5,1.0949434979827721,-0.47471748991386065,1.0,0,0,0,94.50313290435359,SUCCESS,BEARISH,rebalance,1,89383.01,89319.54,0.07105947925840322,180.60829524171933
2025-12-22T17:52:43.572426+00:00,btc-updown-15m-1766425500,TRADE,DOWN,DIR_AVERAGE_DOWN,1,1,0.2901060023938552,0.2901060023938552,5.0,0.699813042860514,7.0,0.3801269618753433,5,1.0799400047358574,-0.3997000236792869,2.0,0,0,0,94.21302690195974,SUCCESS,BEARISH,average_down,1,89393.72,89319.54,0.08305013662184957,210.41926807610596
2025-12-22T17:52:59.907054+00:00,btc-updown-15m-1766425500,TRADE,UP,DIR_AVERAGE_DOWN,1,1,0.6901126592061066,0.6901126592061066,6.0,0.6981963122514462,7.0,0.3801269618753433,6,1.0783232741267894,-0.46993964476073646,1.0,0,0,0,93.52291424275363,SUCCESS,BULLISH,average_down,2,89377.73,89319.54,0.06514811876550454,363.2204980398983
2025-12-22T17:54:32.866126+00:00,btc-updown-15m-1766425500,TRADE,UP,DIR_AVERAGE_DOWN,1,1,0.5300903996248852,0.5300903996248852,7.0,0.6741811818762232,7.0,0.3801269618753433,7,1.0543081437515665,-0.38015700626096516,0.0,0,0,0,92.99282384312875,SUCCESS,BULLISH,average_down,2,89323.06,89319.54,0.003940906995271219,21.669155955513546
2025-12-22T17:54:38.287391+00:00,btc-updown-15m-1766425500,TRADE,UP,DIR_AVERAGE_DOWN,1,1,0.4102008892265637,0.4102008892265637,8.0,0.6411836452950158,7.0,0.3801269618753433,7,1.021310607170359,-0.1491742501925133,1.0,0,0,0,92.58262295390219,SUCCESS,BULLISH,average_down,2,89294.0,89319.54,-0.02859396723269466,157.9421513490347
2025-12-22T17:55:16.202962+00:00,btc-updown-15m-1766425500,TRADE,DOWN,DIR_EMERGENCY,1,1,0.6400601757460253,0.6400601757460253,8.0,0.6411836452950158,8.0,0.41261861360917856,8,1.0538022589041944,-0.43041807123355547,0.0,0,0,0,91.94256277815616,SUCCESS,BULLISH,emergency,2,89281.93,89319.54,-0.04210724775340378,243.470473841259
2025-12-22T17:55:21.648220+00:00,btc-updown-15m-1766425500,TRADE,UP,DIR_AVERAGE_DOWN,1,1,0.37009623834894906,0.37009623834894906,9.0,0.6110628223010084,8.0,0.41261861360917856,8,1.023681435910187,-0.1894514872814952,1.0,0,0,0,91.57246653980721,SUCCESS,BULLISH,average_down,2,89281.93,89319.54,-0.04210724775340378,240.2584363917281
2025-12-22T17:55:32.464366+00:00,btc-updown-15m-1766425500,TRADE,DOWN,DIR_EMERGENCY,1,1,0.5201205027734453,0.5201205027734453,9.0,0.6110628223010084,9.0,0.42456326796076377,9,1.0356260902617722,-0.3206348123559499,0.0,0,0,0,91.05234603703376,SUCCESS,BULLISH,emergency,2,89320.0,89319.54,0.0005150048914340612,2.8013169483484206
2025-12-22T17:55:37.888126+00:00,btc-updown-15m-1766425500,TRADE,UP,DIR_AVERAGE_DOWN,1,1,0.6401782026584976,0.6401782026584976,10.0,0.6139743603367573,9.0,0.42456326796076377,9,1.0385376282975212,-0.3468386546776905,1.0,0,0,0,90.41216783437525,SUCCESS,BULLISH,average_down,2,89347.99,89319.54,0.03185193295891542,185.05303201651887
2025-12-22T17:55:43.455126+00:00,btc-updown-15m-1766425500,TRADE,DOWN,DIR_EMERGENCY,1,1,0.34015016048753005,0.34015016048753005,10.0,0.6139743603367573,10.0,0.41612195721344036,10,1.0300963175501976,-0.30096317550197593,0.0,0,0,0,90.07201767388773,SUCCESS,BULLISH,emergency,2,89349.99,89319.54,0.03409108466077147,208.60819412959688
2025-12-22T17:55:54.355867+00:00,btc-updown-15m-1766425500,TRADE,UP,DIR_AVERAGE_DOWN,1,1,0.6701487247150693,0.6701487247150693,11.0,0.6190811207347857,10.0,0.41612195721344036,10,1.0352030779482262,-0.3520307794822619,1.0,0,0,0,89.40186894917267,SUCCESS,BULLISH,average_down,2,89349.99,89319.54,0.03409108466077147,229.21557077655888
2025-12-22T17:55:59.762258+00:00,btc-updown-15m-1766425500,TRADE,DOWN,DIR_EMERGENCY,1,1,0.36004831880779553,0.36004831880779553,11.0,0.6190811207347857,11.0,0.4110243537220181,11,1.030105474456804,-0.33116021902484283,0.0,0,0,0,89.04182063036487,SUCCESS,BULLISH,emergency,2,89349.99,89319.54,0.03409108466077147,229.3446465696021
2025-12-22T17:56:05.169531+00:00,btc-updown-15m-1766425500,TRADE,UP,DIR_AVERAGE_DOWN,1,1,0.6600265246087943,0.6600265246087943,12.0,0.6224932377242863,11.0,0.4110243537220181,11,1.0335175914463044,-0.36869350590934835,1.0,0,0,0,88.38179410575607,SUCCESS,BULLISH,average_down,2,89349.99,89319.54,0.03409108466077147,233.2132599064806
2025-12-22T17:56:10.568640+00:00,btc-updown-15m-1766425500,TRADE,DOWN,DIR_EMERGENCY,1,1,0.41001894981034637,0.41001894981034637,12.0,0.6224932377242863,12.0,0.41094057006271206,12,1.0334338077869984,-0.4012056934439814,0.0,0,0,0,87.97177515594572,SUCCESS,BULLISH,emergency,2,89343.34,89319.54,0.02664590525209032,174.97505329252215
2025-12-22T17:56:21.458656+00:00,btc-updown-15m-1766425500,TRADE,UP,DIR_AVERAGE_DOWN,1,1,0.6400698030074443,0.6400698030074443,13.0,0.6238452812076063,12.0,0.41094057006271206,12,1.0347858512703183,-0.4174302152438196,1.0,0,0,0,87.33170535293827,SUCCESS,BULLISH,average_down,2,89343.35,89319.54,0.026657101010610026,165.48070324353512
2025-12-22T17:56:26.975573+00:00,btc-updown-15m-1766425500,TRADE,DOWN,DIR_EMERGENCY,1,1,0.370067499916802,0.370067499916802,13.0,0.6238452812076063,13.0,0.4077964877437959,13,1.0316417689514021,-0.4113429963682278,0.0,0,0,0,86.96163785302147,SUCCESS,BULLISH,emergency,2,89343.34,89319.54,0.02664590525209032,165.02110583857194
2025-12-22T17:56:32.411779+00:00,btc-updown-15m-1766425500,TRADE,UP,DIR_AVERAGE_DOWN,1,1,0.5602374672727477,0.5602374672727477,14.0,0.6193018659265449,13.0,0.4077964877437959,13,1.0270983536703409,-0.35227859771443115,1.0,0,0,0,86.40140038574873,SUCCESS,BULLISH,average_down,2,89319.54,89319.54,0.0,0.0013442053156017839
2025-12-22T17:56:37.807934+00:00,btc-updown-15m-1766425500,TRADE,DOWN,DIR_EMERGENCY,1,1,0.5001774231031498,0.5001774231031498,14.0,0.6193018659265449,14.0,0.4143951259837498,14,1.0336969919102947,-0.47175788674412633,0.0,0,0,0,85.90122296264558,SUCCESS,BULLISH,emergency,2,89316.01,89319.54,-0.003952102753774635,23.538573658630288
2025-12-22T17:56:59.493626+00:00,btc-updown-15m-1766425500,TRADE,UP,DIR_AVERAGE_DOWN,1,1,0.4000841613823646,0.4000841613823646,15.0,0.6046873522902663,14.0,0.4143951259837498,14,1.019082478274016,-0.26715469583622387,1.0,0,0,0,85.50113880126321,SUCCESS,BULLISH,average_down,2,89300.01,89319.54,-0.021865316368623076,126.64899331773307
2025-12-22T17:57:04.911464+00:00,btc-updown-15m-1766425500,TRADE,DOWN,DIR_EMERGENCY,1,1,0.6100024971208202,0.6100024971208202,15.0,0.6046873522902663,15.0,0.4274356173928878,15,1.032122969683154,-0.4818445452473097,0.0,0,0,0,84.89113630414239,SUCCESS,BULLISH,emergency,2,89296.01,89319.54,-0.026343619772335188,155.28622977615532
2025-12-22T18:00:00.999708+00:00,btc-updown-15m-1766425500,RESOLUTION,DOWN,BINANCE_FALLBACK,30,30,1.0000,15.4818,15,0.6047,15,0.4274,15,1.0321,-0.4818,0.00,0.0000,0.0000,-0.4818,99.89,RESOLVED
2025-12-22T18:00:15.598412+00:00,btc-updown-15m-1766426400,TRADE,UP,DIR_AVERAGE_DOWN,1,1,0.5198777581998558,0.5198777581998558,1.0,0.5198777581998558,0.0,0.0,0,0,0.0,1.0,0,0,0,99.37125854594254,SUCCESS,BULLISH,average_down,2,89288.06,89308.92,-0.023357129388644027,106.20065547646564
2025-12-22T18:05:20.264783+00:00,btc-updown-15m-1766426400,TRADE,UP,DIR_AVERAGE_DOWN,1,1,0.4098043598009434,0.4098043598009434,2.0,0.4648410590003996,0.0,0.0,0,0,0.0,2.0,0,0,0,98.9614541861416,SUCCESS,BULLISH,average_down,2,89254.11,89308.92,-0.061371249366801967,339.59939981807264
2025-12-22T18:10:04.202054+00:00,btc-updown-15m-1766426400,TRADE,DOWN,DIR_EMERGENCY,2,2,0.6001075065470644,1.2002150130941287,2.0,0.4648410590003996,2.0,0.6001075065470644,2,1.064948565547464,-0.12989713109492795,0.0,0,0,0,97.76123917304747,SUCCESS,BULLISH,emergency,2,89284.82,89308.92,-0.026984986494060472,134.70686663858996
2025-12-22T18:10:09.696000+00:00,btc-updown-15m-1766426400,TRADE,UP,DIR_AVERAGE_DOWN,1,1,0.3400266683647639,0.3400266683647639,3.0,0.4232362621218544,2.0,0.6001075065470644,2,1.0233437686689189,-0.0466875373378377,1.0,0,0,0,97.42121250468271,SUCCESS,BULLISH,average_down,2,89273.31,89308.92,-0.039872836890201546,215.44601958837026
2025-12-22T18:11:19.997229+00:00,btc-updown-15m-1766426400,TRADE,DOWN,DIR_EMERGENCY,1,1,0.6101033502267061,0.6101033502267061,3.0,0.4232362621218544,3.0,0.6034394544402782,3,1.0266757165621327,-0.08002714968639824,0.0,0,0,0,96.811109154456,SUCCESS,BULLISH,emergency,2,89280.5,89308.92,-0.03182212930130412,132.2582895455216
2025-12-22T18:12:36.455193+00:00,btc-updown-15m-1766426400,TRADE,UP,DIR_AVERAGE_DOWN,1,1,0.860277346375969,0.860277346375969,4.0,0.532496533185383,3.0,0.6034394544402782,3,1.1359359876256612,-0.4078079628769835,1.0,0,0,0,95.95083180808004,SUCCESS,BULLISH,average_down,2,89390.23,89308.92,0.09104353742044767,356.24317790848244
2025-12-22T18:12:42.055844+00:00,btc-updown-15m-1766426400,TRADE,DOWN,DIR_EMERGENCY,1,1,0.14001642181116236,0.14001642181116236,4.0,0.532496533185383,4.0,0.4875836962829993,4,1.0200802294683824,-0.08032091787352957,0.0,0,0,0,95.81081538626887,SUCCESS,BULLISH,emergency,2,89384.0,89308.92,0.0840677504553876,349.82057195201486
2025-12-22T18:13:04.233585+00:00,btc-updown-15m-1766426400,TRADE,UP,DIR_AVERAGE_DOWN,1,1,0.8801714752782024,0.8801714752782024,5.0,0.6020315216039469,4.0,0.4875836962829993,4,1.0896152178869463,-0.35846087154778505,1.0,0,0,0,94.93064391099067,SUCCESS,BULLISH,average_down,2,89387.97,89308.92,0.08851299511851997,387.7877907169089
2025-12-22T18:13:09.818021+00:00,btc-updown-15m-1766426400,TRADE,DOWN,DIR_EMERGENCY,1,1,0.19004298430757,0.19004298430757,5.0,0.6020315216039469,5.0,0.4280755538879134,5,1.0301070754918604,-0.15053537745930212,0.0,0,0,0,94.7406009266831,SUCCESS,BULLISH,emergency,2,89368.58,89308.92,0.06680183793511722,336.4242910625213
2025-12-22T18:13:31.769284+00:00,btc-updown-15m-1766426400,TRADE,UP,DIR_AVERAGE_DOWN,1,1,0.8700081313343604,0.8700081313343604,6.0,0.6466942898923492,5.0,0.4280755538879134,5,1.0747698437802626,-0.3738492189013132,1.0,0,0,0,93.87059279534874,SUCCESS,BULLISH,average_down,2,89368.57,89308.92,0.06679064084529153,357.0418587378627
2025-12-22T18:13:37.258634+00:00,btc-updown-15m-1766426400,TRADE,DOWN,DIR_EMERGENCY,1,1,0.17006939899584778,0.17006939899584778,6.0,0.6466942898923492,6.0,0.38507452807256914,6,1.0317688179649185,-0.1906129077895109,0.0,0,0,0,93.70052339635289,SUCCESS,BULLISH,emergency,2,89364.5,89308.92,0.06223342528383699,335.867561603461
2025-12-22T18:13:42.836113+00:00,btc-updown-15m-1766426400,TRADE,UP,DIR_AVERAGE_DOWN,1,1,0.8201993359454489,0.8201993359454489,7.0,0.671480725042792,6.0,0.38507452807256914,6,1.056555253115361,-0.33933151869216616,1.0,0,0,0,92.88032406040745,SUCCESS,BULLISH,average_down,2,89357.2,89308.92,0.05405954970679171,315.4835249990221
2025-12-22T18:13:48.490892+00:00,btc-updown-15m-1766426400,TRADE,DOWN,DIR_EMERGENCY,1,1,0.1200349432214965,0.1200349432214965,7.0,0.671480725042792,7.0,0.3472117302367016,7,1.0186924552794936,-0.13084718695645514,0.0,0,0,0,92.76028911718595,SUCCESS,BULLISH,emergency,2,89373.73,89308.92,0.07256833919836639,417.13396387052336
2025-12-22T18:15:05.439300+00:00,btc-updown-15m-1766426400,RESOLUTION,UP,BINANCE_FALLBACK,14,14,1.0000,7.1308,7,0.6715,7,0.3472,7,1.0187,-0.1308,0.00,0.0000,0.0000,-0.1308,99.76,RESOLVED
2025-12-22T18:15:14.245820+00:00,btc-updown-15m-1766427300,TRADE,UP,DIR_AVERAGE_DOWN,1,1,0.620194801859505,0.620194801859505,1.0,0.620194801859505,0.0,0.0,0,0,0.0,1.0,0,0,0,99.14009431532644,SUCCESS,BULLISH,average_down,2,89436.82,89382.94,0.06027995946430567,237.74407175862825
2025-12-22T18:17:57.313312+00:00,btc-updown-15m-1766427300,TRADE,UP,DIR_AVERAGE_DOWN,1,1,0.44019253412867704,0.44019253412867704,2.0,0.5301936679940911,0.0,0.0,0,0,0.0,2.0,0,0,0,98.69990178119775,SUCCESS,BULLISH,average_down,2,89345.11,89382.94,-0.04232351274191892,151.25372375937806
2025-12-22T18:18:25.180102+00:00,btc-updown-15m-1766427300,TRADE,UP,DIR_AVERAGE_DOWN,1,1,0.3500067356196537,0.3500067356196537,3.0,0.47013135720261195,0.0,0.0,0,0,0.0,3.0,0,0,0,98.3498950455781,SUCCESS,BULLISH,average_down,2,89319.53,89382.94,-0.07094194932500933,248.64391007615686
2025-12-22T18:18:30.639597+00:00,btc-updown-15m-1766427300,TRADE,UP,DIR_ACCUMULATE,1,1,0.3600895461832596,0.3600895461832596,4.0,0.44262090444777386,0.0,0.0,0,0,0.0,4.0,0,0,0,97.98980549939483,SUCCESS,BULLISH,accumulate,2,89319.53,89382.94,-0.07094194932500933,248.64895723001652
2025-12-22T18:18:36.061926+00:00,btc-updown-15m-1766427300,TRADE,UP,DIR_ACCUMULATE,1,1,0.3501734410836822,0.3501734410836822,5.0,0.4241314117749555,0.0,0.0,0,0,0.0,5.0,0,0,0,97.63963205831115,SUCCESS,BULLISH,accumulate,2,89310.61,89382.94,-0.08092148233208904,281.7231208169948
2025-12-22T18:18:47.402977+00:00,btc-updown-15m-1766427300,TRADE,UP,DIR_ACCUMULATE,1,1,0.3098746721210258,0.3098746721210258,6.0,0.4050886218326339,0.0,0.0,0,0,0.0,6.0,0,0,0,97.32975738619012,SUCCESS,BULLISH,accumulate,2,89290.56,89382.94,-0.103353055963481,361.57748629848356
2025-12-22T18:18:52.955721+00:00,btc-updown-15m-1766427300,TRADE,DOWN,DIR_REBALANCE,5,5,0.7000705221949894,3.5003526109749474,6.0,0.4050886218326339,5.0,0.7000705221949894,5,1.1051591440276234,-0.5257957201381169,1.0,0,0,0,93.82940477521518,SUCCESS,BULLISH,rebalance,2,89290.56,89382.94,-0.103353055963481,366.3400101077299
2025-12-22T18:18:58.381060+00:00,btc-updown-15m-1766427300,TRADE,UP,DIR_AVERAGE_DOWN,1,1,0.4100380964180486,0.4100380964180486,7.0,0.4057956896305503,5.0,0.7000705221949894,5,1.1058662118255398,-0.529331059127699,2.0,0,0,0,93.41936667879713,SUCCESS,BULLISH,average_down,2,89338.18,89382.94,-0.05007667011177895,350.35971462548446
2025-12-22T18:20:36.002246+00:00,btc-updown-15m-1766427300,TRADE,UP,DIR_AVERAGE_DOWN,1,1,0.3201469693150265,0.3201469693150265,8.0,0.3950895995911098,5.0,0.7000705221949894,5,1.0951601217860993,-0.4758006089304967,3.0,0,0,0,93.0992197094821,SUCCESS,BULLISH,average_down,2,89302.48,89382.94,-0.09001717777464738,475.2210465471756
2025-12-22T18:20:41.417750+00:00,btc-updown-15m-1766427300,TRADE,UP,DIR_ACCUMULATE,1,1,0.3199488720476628,0.3199488720476628,9.0,0.3867406298640601,5.0,0.7000705221949894,5,1.0868111520590495,-0.43405576029524773,4.0,0,0,0,92.77927083743444,SUCCESS,BULLISH,accumulate,2,89288.99,89382.94,-0.1051095432752571,564.3103725280204
2025-12-22T18:20:46.969655+00:00,btc-updown-15m-1766427300,TRADE,UP,DIR_ACCUMULATE,1,1,0.30002987245390483,0.30002987245390483,10.0,0.3780695541230446,5.0,0.7000705221949894,5,1.078140076318034,-0.39070038159016995,5.0,0,0,0,92.47924096498053,SUCCESS,BULLISH,accumulate,2,89288.99,89382.94,-0.1051095432752571,566.9621080308136
2025-12-22T18:20:52.372707+00:00,btc-updown-15m-1766427300,TRADE,UP,DIR_ACCUMULATE,1,1,0.32009372720617313,0.32009372720617313,11.0,0.372799024403329,5.0,0.7000705221949894,5,1.0728695465983185,-0.3643477329915923,6.0,0,0,0,92.15914723777436,SUCCESS,BULLISH,accumulate,2,89295.59,89382.94,-0.09772558387540822,400.46985510775977
2025-12-22T18:20:57.764408+00:00,btc-updown-15m-1766427300,TRADE,DOWN,DIR_REBALANCE,5,5,0.6803223501338064,3.4016117506690318,11.0,0.372799024403329,10.0,0.690196436164398,10,1.062995460567727,-0.6299546056772698,1.0,0,0,0,88.75753548710533,SUCCESS,BULLISH,rebalance,2,89300.39,89382.94,-0.0923554315845987,387.70114165367596
2025-12-22T18:21:03.278193+00:00,btc-updown-15m-1766427300,TRADE,UP,DIR_AVERAGE_DOWN,1,1,0.2400866182507922,0.2400866182507922,12.0,0.361739657223951,10.0,0.690196436164398,10,1.051936093388349,-0.5193609338834904,2.0,0,0,0,88.51744886885454,SUCCESS,BULLISH,average_down,2,89258.0,89382.94,-0.13978058900278098,617.8815050737968
2025-12-22T18:25:01.379795+00:00,btc-updown-15m-1766427300,TRADE,DOWN,DIR_EMERGENCY,2,2,0.45996839633724607,0.9199367926744921,12.0,0.361739657223951,12.0,0.6518250961932059,12,1.013564753417157,-0.1627770410058842,0.0,0,0,0,87.59751207618005,SUCCESS,BULLISH,emergency,2,89392.79,89382.94,0.011020000013415613,62.32272691950516
2025-12-22T18:25:06.770919+00:00,btc-updown-15m-1766427300,TRADE,UP,DIR_AVERAGE_DOWN,1,1,0.5600434019986161,0.5600434019986161,13.0,0.37699379143738676,12.0,0.6518250961932059,12,1.0288188876305928,-0.3458266515671138,1.0,0,0,0,87.03746867418144,SUCCESS,BULLISH,average_down,2,89390.38,89382.94,0.008323736050752333,44.04100567038526
2025-12-22T18:25:12.523888+00:00,btc-updown-15m-1766427300,TRADE,DOWN,DIR_EMERGENCY,1,1,0.4401318772639938,0.4401318772639938,13.0,0.37699379143738676,13.0,0.6355410024294204,13,1.012534793866807,-0.16295232026849105,0.0,0,0,0,86.59733679691745,SUCCESS,BULLISH,emergency,2,89398.49,89382.94,0.017397055858761088,88.5269868055604
2025-12-22T18:25:17.930589+00:00,btc-updown-15m-1766427300,TRADE,UP,DIR_AVERAGE_DOWN,1,1,0.6202795697578235,0.6202795697578235,14.0,0.3943713470317037,13.0,0.6355410024294204,13,1.029912349461124,-0.3888605429946117,1.0,0,0,0,85.97705722715962,SUCCESS,BULLISH,average_down,2,89406.8,89382.94,0.026694132012216848,145.85222457364725
2025-12-22T18:25:23.356135+00:00,btc-updown-15m-1766427300,TRADE,DOWN,DIR_EMERGENCY,1,1,0.3600534856893588,0.3600534856893588,14.0,0.3943713470317037,14.0,0.6158633226622732,14,1.0102346696939768,-0.14328537571567512,0.0,0,0,0,85.61700374147026,SUCCESS,BULLISH,emergency,2,89415.08,89382.94,0.035957644713856374,220.66423870065768
2025-12-22T18:25:28.956338+00:00,btc-updown-15m-1766427300,TRADE,UP,DIR_AVERAGE_DOWN,1,1,0.6503222471689923,0.6503222471689923,15.0,0.41143474037418953,14.0,0.6158633226622732,14,1.0272980630364628,-0.38217288251047865,1.0,0,0,0,84.96668149430127,SUCCESS,BULLISH,average_down,2,89415.08,89382.94,0.035957644713856374,214.7903527966207
2025-12-22T18:25:34.367950+00:00,btc-updown-15m-1766427300,TRADE,DOWN,DIR_EMERGENCY,1,1,0.40018817844302146,0.40018817844302146,15.0,0.41143474037418953,15.0,0.6014849797143231,15,1.0129197200885127,-0.1937958013276908,0.0,0,0,0,84.56649331585825,SUCCESS,BULLISH,emergency,2,89405.91,89382.94,0.025698416274963838,144.06620647664982
2025-12-22T18:30:02.092009+00:00,btc-updown-15m-1766427300,RESOLUTION,UP,BINANCE_FALLBACK,30,30,1.0000,15.1938,15,0.4114,15,0.6015,15,1.0129,-0.1938,0.00,0.0000,0.0000,-0.1938,99.57,RESOLVED
2025-12-22T18:30:10.505971+00:00,btc-updown-15m-1766428200,TRADE,UP,DIR_AVERAGE_DOWN,1,1,0.530004246415961,0.530004246415961,1.0,0.530004246415961,0.0,0.0,0,0,0.0,1.0,0,0,0,99.0364890694423,SUCCESS,BULLISH,average_down,2,89501.99,89474.19,0.031070412596082637,201.0862211229324
2025-12-22T18:30:48.639109+00:00,btc-updown-15m-1766428200,TRADE,UP,DIR_AVERAGE_DOWN,1,1,0.41014538981106824,0.41014538981106824,2.0,0.4700748181135146,0.0,0.0,0,0,0.0,2.0,0,0,0,98.62634367963123,SUCCESS,BULLISH,average_down,2,89451.96,89474.19,-0.024845153669450292,162.28634914786056
2025-12-22T18:31:32.041609+00:00,btc-updown-15m-1766428200,TRADE,UP,DIR_AVERAGE_DOWN,1,1,0.32014865965565603,0.32014865965565603,3.0,0.42009943196089505,0.0,0.0,0,0,0.0,3.0,0,0,0,98.30619501997558,SUCCESS,BULLISH,average_down,2,89414.0,89474.19,-0.06727079619273707,322.0100735669718
2025-12-22T18:31:48.292761+00:00,btc-updown-15m-1766428200,TRADE,UP,DIR_ACCUMULATE,1,1,0.3300951908007543,0.3300951908007543,4.0,0.3975983716708599,0.0,0.0,0,0,0.0,4.0,0,0,0,97.97609982917483,SUCCESS,BULLISH,accumulate,2,89406.74,89474.19,-0.07538486797141956,366.1427730737662
2025-12-22T18:31:53.863647+00:00,btc-updown-15m-1766428200,TRADE,UP,DIR_ACCUMULATE,1,1,0.3401677237086659,0.3401677237086659,5.0,0.3861122420784211,0.0,0.0,0,0,0.0,5.0,0,0,0,97.63593210546617,SUCCESS,BULLISH,accumulate,2,89406.75,89474.19,-0.07537369156401676,350.3561240210979
2025-12-22T18:31:59.452979+00:00,btc-updown-15m-1766428200,TRADE,UP,DIR_ACCUMULATE,1,1,0.3700613134245824,0.3700613134245824,6.0,0.3834370873027813,0.0,0.0,0,0,0.0,6.0,0,0,0,97.26587079204158,SUCCESS,BULLISH,accumulate,2,89419.61,89474.19,-0.061000831636477224,280.23777863953774
2025-12-22T18:32:04.986621+00:00,btc-updown-15m-1766428200,TRADE,DOWN,DIR_REBALANCE,5,1,0.6600949636110605,0.6600949636110605,6.0,0.3834370873027813,1.0,0.6600949636110605,1,1.0435320509138417,-0.04353205091384171,5.0,0,0,0,96.60577582843052,SUCCESS,BULLISH,rebalance,2,89416.0,89474.19,-0.06503551471100474,298.88908960969167
2025-12-22T18:32:10.436537+00:00,btc-updown-15m-1766428200,TRADE,UP,DIR_ACCUMULATE,1,1,0.340146188260416,0.340146188260416,7.0,0.377252673153872,1.0,0.6600949636110605,1,1.0373476367649324,-0.03734763676493236,6.0,0,0,0,96.2656296401701,SUCCESS,BULLISH,accumulate,2,89407.44,89474.19,-0.0746025194528165,330.992106679282
2025-12-22T18:32:15.865417+00:00,btc-updown-15m-1766428200,TRADE,DOWN,DIR_REBALANCE,5,5,0.6701051612119711,3.3505258060598555,7.0,0.377252673153872,6.0,0.6684367949451526,6,1.0456894680990247,-0.27413680859414846,1.0,0,0,0,92.91510383411025,SUCCESS,BULLISH,rebalance,2,89407.44,89474.19,-0.0746025194528165,330.99188008190254
2025-12-22T18:32:21.394715+00:00,btc-updown-15m-1766428200,TRADE,UP,DIR_AVERAGE_DOWN,1,1,0.48982233370375283,0.48982233370375283,8.0,0.3913238807226071,6.0,0.6684367949451526,6,1.0597606756677598,-0.35856405400655866,2.0,0,0,0,92.4252815004065,SUCCESS,BULLISH,average_down,2,89470.0,89474.19,-0.004682914704231832,15.018362199567605
2025-12-22T18:32:37.674071+00:00,btc-updown-15m-1766428200,TRADE,UP,DIR_AVERAGE_DOWN,1,1,0.35002228729160845,0.35002228729160845,9.0,0.38673481478582944,6.0,0.6684367949451526,6,1.055171609730982,-0.33102965838589204,3.0,0,0,0,92.07525921311489,SUCCESS,BULLISH,average_down,2,89416.32,89474.19,-0.06467786967391975,175.32262600749974
2025-12-22T18:32:43.218199+00:00,btc-updown-15m-1766428200,TRADE,UP,DIR_ACCUMULATE,1,1,0.3600581955689109,0.3600581955689109,10.0,0.3840671528641376,6.0,0.6684367949451526,6,1.0525039478092904,-0.3150236868557421,4.0,0,0,0,91.71520101754598,SUCCESS,BULLISH,accumulate,2,89421.74,89474.19,-0.05862025685842709,158.4398180805467
2025-12-22T18:32:59.501719+00:00,btc-updown-15m-1766428200,TRADE,UP,DIR_ACCUMULATE,1,1,0.2901309922039224,0.2901309922039224,11.0,0.37552750189502715,6.0,0.6684367949451526,6,1.0439642968401799,-0.2637857810410793,5.0,0,0,0,91.42507002534205,SUCCESS,BULLISH,accumulate,2,89391.35,89474.19,-0.09258535897334919,254.80551588390318
2025-12-22T18:33:04.906985+00:00,btc-updown-15m-1766428200,TRADE,UP,DIR_ACCUMULATE,1,1,0.30008670047066277,0.30008670047066277,12.0,0.3692407684429968,6.0,0.6684367949451526,6,1.0376775633881494,-0.22606538032889656,6.0,0,0,0,91.1249833248714,SUCCESS,BULLISH,accumulate,2,89393.91,89474.19,-0.08972419867673442,251.60517209658587
2025-12-22T18:33:10.336404+00:00,btc-updown-15m-1766428200,TRADE,DOWN,DIR_REBALANCE,5,5,0.7101234170516518,3.550617085258259,12.0,0.3692407684429968,11.0,0.6873852595390159,11,1.0566260279820128,-0.6228863078021405,1.0,0,0,0,87.57436623961314,SUCCESS,BULLISH,rebalance,2,89393.92,89474.19,-0.0897130222693316,251.5737093241806
2025-12-22T18:33:21.271817+00:00,btc-updown-15m-1766428200,TRADE,UP,DIR_AVERAGE_DOWN,1,1,0.23006736586606674,0.23006736586606674,13.0,0.35853512209092525,11.0,0.6873852595390159,11,1.0459203816299412,-0.5051241979293528,2.0,0,0,0,87.34429887374708,SUCCESS,BULLISH,average_down,2,89362.91,89474.19,-0.12437106164358551,389.9942192551615
2025-12-22T18:35:10.059121+00:00,btc-updown-15m-1766428200,TRADE,UP,DIR_AVERAGE_DOWN,1,1,0.1800816399221693,0.1800816399221693,14.0,0.3457884447931569,11.0,0.6873852595390159,11,1.0331737043321727,-0.36491074765389975,3.0,0,0,0,87.16421723382491,SUCCESS,BULLISH,average_down,2,89345.52,89474.19,-0.14380683412724748,892.1715456696137
2025-12-22T18:35:15.465534+00:00,btc-updown-15m-1766428200,TRADE,UP,DIR_ACCUMULATE,1,1,0.19006287783960063,0.19006287783960063,15.0,0.3354067403295865,11.0,0.6873852595390159,11,1.0227919998686024,-0.250711998554626,4.0,0,0,0,86.97415435598532,SUCCESS,BULLISH,accumulate,2,89345.52,89474.19,-0.14380683412724748,913.1359451453642
2025-12-22T18:41:41.356995+00:00,btc-updown-15m-1766428200,TRADE,DOWN,DIR_EMERGENCY,4,4,0.6302603203649602,2.5210412814598406,15.0,0.3354067403295865,15.0,0.6721519424259343,15,1.007558682755521,-0.11338024133281444,0.0,0,0,0,84.45311307452548,SUCCESS,BULLISH,emergency,2,89459.74,89474.19,-0.01614990870551283,106.91062096996099
2025-12-22T18:45:04.097935+00:00,btc-updown-15m-1766428200,RESOLUTION,DOWN,BINANCE_FALLBACK,30,30,1.0000,15.1134,15,0.3354,15,0.6722,15,1.0076,-0.1134,0.00,0.0000,0.0000,-0.1134,99.45,RESOLVED
2025-12-22T18:45:12.618440+00:00,btc-updown-15m-1766429100,TRADE,UP,DIR_AVERAGE_DOWN,1,1,0.5000156978374813,0.5000156978374813,1.0,0.5000156978374813,0.0,0.0,0,0,0.0,1.0,0,0,0,98.95309737668799,SUCCESS,BULLISH,average_down,2,89426.3,89427.56,-0.0014089616221160024,7.500110134601638
2025-12-22T18:50:49.697064+00:00,btc-updown-15m-1766429100,TRADE,UP,DIR_AVERAGE_DOWN,1,1,0.3900757498745575,0.3900757498745575,2.0,0.4450457238560194,0.0,0.0,0,0,0.0,2.0,0,0,0,98.56302162681344,SUCCESS,BULLISH,average_down,2,89391.07,89427.56,-0.040803975866042515,264.213856791139
2025-12-22T18:51:22.212865+00:00,btc-updown-15m-1766429100,TRADE,UP,DIR_AVERAGE_DOWN,1,1,0.31005118235175894,0.31005118235175894,3.0,0.4000475433545993,0.0,0.0,0,0,0.0,3.0,0,0,0,98.25297044446168,SUCCESS,BULLISH,average_down,2,89368.58,89427.56,-0.06595282259741396,314.26095185200984
2025-12-22T18:51:27.806928+00:00,btc-updown-15m-1766429100,TRADE,UP,DIR_ACCUMULATE,1,1,0.310010182739258,0.310010182739258,4.0,0.377538203200764,0.0,0.0,0,0,0.0,4.0,0,0,0,97.94296026172242,SUCCESS,BULLISH,accumulate,2,89368.58,89427.56,-0.06595282259741396,312.30293199205994
2025-12-22T18:51:33.225233+00:00,btc-updown-15m-1766429100,TRADE,UP,DIR_ACCUMULATE,1,1,0.32010473460620903,0.32010473460620903,5.0,0.366051509481853,0.0,0.0,0,0,0.0,5.0,0,0,0,97.62285552711622,SUCCESS,BULLISH,accumulate,2,89368.58,89427.56,-0.06595282259741396,309.53435307515167
2025-12-22T18:51:38.624052+00:00,btc-updown-15m-1766429100,TRADE,UP,DIR_ACCUMULATE,1,1,0.3201001863813145,0.3201001863813145,6.0,0.35839295563176327,0.0,0.0,0,0,0.0,6.0,0,0,0,97.3027553407349,SUCCESS,BULLISH,accumulate,2,89368.58,89427.56,-0.06595282259741396,302.52921108286506
2025-12-22T18:51:44.178205+00:00,btc-updown-15m-1766429100,TRADE,DOWN,DIR_REBALANCE,5,5,0.7000540304357961,3.50027015217898,6.0,0.35839295563176327,5.0,0.7000540304357961,5,1.0584469860675594,-0.2922349303377969,1.0,0,0,0,93.80248518855592,SUCCESS,BULLISH,rebalance,2,89368.57,89427.56,-0.06596400483250431,302.8580116934376
2025-12-22T18:51:54.984193+00:00,btc-updown-15m-1766429100,TRADE,UP,DIR_AVERAGE_DOWN,1,1,0.2901081312699741,0.2901081312699741,7.0,0.3486379807229362,5.0,0.7000540304357961,5,1.0486920111587323,-0.2434600557936617,2.0,0,0,0,93.51237705728595,SUCCESS,BULLISH,average_down,2,89350.0,89427.56,-0.08672941540616526,364.92493762986055
2025-12-22T18:52:22.203609+00:00,btc-updown-15m-1766429100,TRADE,UP,DIR_AVERAGE_DOWN,1,1,0.22997794383377454,0.22997794383377454,8.0,0.333805476111791,5.0,0.7000540304357961,5,1.033859506547587,-0.16929753273793535,3.0,0,0,0,93.28239911345217,SUCCESS,BULLISH,average_down,2,89347.24,89427.56,-0.08981571229271204,603.5923755818719
2025-12-22T18:52:27.608697+00:00,btc-updown-15m-1766429100,TRADE,UP,DIR_ACCUMULATE,1,1,0.20006814397868103,0.20006814397868103,9.0,0.31894577254144546,5.0,0.7000540304357961,5,1.0189998029772416,-0.09499901488620788,4.0,0,0,0,93.08233096947349,SUCCESS,BULLISH,accumulate,2,89328.12,89427.56,-0.11119614579666753,776.1456730572186
2025-12-22T18:52:33.029291+00:00,btc-updown-15m-1766429100,TRADE,UP,DIR_ACCUMULATE,1,1,0.27001582914895494,0.27001582914895494,10.0,0.3140527782021964,5.0,0.7000540304357961,5,1.0141068086379925,-0.07053404318996259,5.0,0,0,0,92.81231514032453,SUCCESS,BULLISH,accumulate,2,89352.56,89427.56,-0.08386676322153931,516.8735326546522
2025-12-22T18:52:38.447124+00:00,btc-updown-15m-1766429100,TRADE,UP,DIR_ACCUMULATE,1,1,0.28013742346097154,0.28013742346097154,11.0,0.3109695641348123,5.0,0.7000540304357961,5,1.0110235945706083,-0.05511797285304154,6.0,0,0,0,92.53217771686356,SUCCESS,BULLISH,accumulate,2,89352.55,89427.56,-0.08387794545662966,518.5874902771884
2025-12-22T18:52:43.869985+00:00,btc-updown-15m-1766429100,TRADE,DOWN,DIR_REBALANCE,5,5,0.760067650015608,3.80033825007804,11.0,0.3109695641348123,10.0,0.7300608402257021,10,1.0410304043605143,-0.41030404360514305,1.0,0,0,0,88.73183946678552,SUCCESS,BULLISH,rebalance,2,89352.55,89427.56,-0.08387794545662966,518.4848729898727
2025-12-22T18:52:49.275517+00:00,btc-updown-15m-1766429100,TRADE,UP,DIR_AVERAGE_DOWN,1,1,0.23008886685907565,0.23008886685907565,12.0,0.3042295060285009,10.0,0.7300608402257021,10,1.034290346254203,-0.3429034625420302,2.0,0,0,0,88.50175059992644,SUCCESS,BULLISH,average_down,2,89348.97,89427.56,-0.08788118562107308,514.9775981282911
2025-12-22T18:53:43.810688+00:00,btc-updown-15m-1766429100,TRADE,UP,DIR_AVERAGE_DOWN,1,1,0.17007879157142924,0.17007879157142924,13.0,0.29391022030103386,10.0,0.7300608402257021,10,1.023971060526736,-0.23971060526736032,3.0,0,0,0,88.33167180835501,SUCCESS,BULLISH,average_down,2,89332.71,89427.56,-0.10606349988749694,521.6413731505853
2025-12-22T18:53:54.654045+00:00,btc-updown-15m-1766429100,TRADE,UP,DIR_ACCUMULATE,1,1,0.1500222364122917,0.1500222364122917,14.0,0.28363250716612376,10.0,0.7300608402257021,10,1.013693347391826,-0.13693347391825927,4.0,0,0,0,88.18164957194271,SUCCESS,BULLISH,accumulate,2,89330.23,89427.56,-0.10883669419136756,554.3866115919043
2025-12-22T18:54:00.084239+00:00,btc-updown-15m-1766429100,TRADE,UP,DIR_ACCUMULATE,1,1,0.15004438754922336,0.15004438754922336,15.0,0.27472663252499707,10.0,0.7300608402257021,10,1.0047874727506991,-0.04787472750699129,5.0,0,0,0,88.03160518439348,SUCCESS,BULLISH,accumulate,2,89330.23,89427.56,-0.10883669419136756,600.0948302896098
2025-12-22T19:00:05.632183+00:00,btc-updown-15m-1766429100,RESOLUTION,DOWN,BINANCE_FALLBACK,25,25,1.0000,11.4215,15,0.2747,10,0.7301,10,1.0048,-0.0479,0.33,0.0000,0.0000,-1.4215,98.03,RESOLVED
2025-12-22T19:00:13.630049+00:00,btc-updown-15m-1766430000,TRADE,UP,DIR_AVERAGE_DOWN,1,1,0.5201188293889945,0.5201188293889945,1.0,0.5201188293889945,0.0,0.0,0,0,0.0,1.0,0,0,0,97.5114863550045,SUCCESS,BULLISH,average_down,2,89133.13,89150.04,-0.018968022897116976,57.329111272499574
2025-12-22T19:01:02.551516+00:00,btc-updown-15m-1766430000,TRADE,UP,DIR_AVERAGE_DOWN,1,1,0.41000802838916645,0.41000802838916645,2.0,0.4650634288890805,0.0,0.0,0,0,0.0,2.0,0,0,0,97.10147832661532,SUCCESS,BULLISH,average_down,2,89080.01,89150.04,-0.07855296531554988,406.14683020640433
2025-12-22T19:01:29.847044+00:00,btc-updown-15m-1766430000,TRADE,UP,DIR_AVERAGE_DOWN,1,1,0.31006774319589775,0.31006774319589775,3.0,0.41339820032468627,0.0,0.0,0,0,0.0,3.0,0,0,0,96.79141058341942,SUCCESS,BULLISH,average_down,2,89023.63,89150.04,-0.14179466436581403,569.4975804462715
2025-12-22T19:01:35.268020+00:00,btc-updown-15m-1766430000,TRADE,UP,DIR_ACCUMULATE,1,1,0.31013021213726427,0.31013021213726427,4.0,0.38758120327783074,0.0,0.0,0,0,0.0,4.0,0,0,0,96.48128037128215,SUCCESS,BULLISH,accumulate,2,89014.91,89150.04,-0.15157592750377916,650.873197214247
2025-12-22T19:01:51.473687+00:00,btc-updown-15m-1766430000,TRADE,UP,DIR_ACCUMULATE,1,1,0.27002455188276664,0.27002455188276664,5.0,0.36406987299881793,0.0,0.0,0,0,0.0,5.0,0,0,0,96.21125581939938,SUCCESS,BULLISH,accumulate,2,88981.16,89150.04,-0.189433453983857,379.0027833130776
2025-12-22T19:01:56.894315+00:00,btc-updown-15m-1766430000,TRADE,UP,DIR_ACCUMULATE,1,1,0.27010692833989147,0.27010692833989147,6.0,0.3484093822223302,0.0,0.0,0,0,0.0,6.0,0,0,0,95.9411488910595,SUCCESS,BULLISH,accumulate,2,88985.89,89150.04,-0.18412779175420918,367.73530951232607
2025-12-22T19:02:02.408660+00:00,btc-updown-15m-1766430000,TRADE,DOWN,DIR_REBALANCE,5,5,0.740068189416469,3.700340947082345,6.0,0.3484093822223302,5.0,0.740068189416469,5,1.088477571638799,-0.4423878581939955,1.0,0,0,0,92.24080794397716,SUCCESS,BULLISH,rebalance,2,88985.88,89150.04,-0.1841390087990863,367.79174433728076
2025-12-22T19:02:13.233330+00:00,btc-updown-15m-1766430000,TRADE,UP,DIR_AVERAGE_DOWN,1,1,0.2300486777296313,0.2300486777296313,7.0,0.3315007101519446,5.0,0.740068189416469,5,1.0715688995684136,-0.35784449784206807,2.0,0,0,0,92.01075926624753,SUCCESS,BULLISH,average_down,2,88945.1,89150.04,-0.22988211783190202,452.8235421984521
2025-12-22T19:03:07.383908+00:00,btc-updown-15m-1766430000,TRADE,UP,DIR_AVERAGE_DOWN,1,1,0.18006107151891815,0.18006107151891815,8.0,0.3125707553228163,5.0,0.740068189416469,5,1.0526389447392854,-0.26319472369642716,3.0,0,0,0,91.83069819472861,SUCCESS,BULLISH,average_down,2,88900.01,89150.04,-0.28045977320929844,1427.7146730171594
2025-12-22T19:03:12.887893+00:00,btc-updown-15m-1766430000,TRADE,UP,DIR_ACCUMULATE,1,1,0.18000264834662524,0.18000264834662524,9.0,0.2978409656587951,5.0,0.740068189416469,5,1.0379091550752642,-0.18954577537632078,4.0,0,0,0,91.65069554638198,SUCCESS,BULLISH,accumulate,2,88907.33,89150.04,-0.27224889635494487,1365.3437123775607
2025-12-22T19:03:23.758450+00:00,btc-updown-15m-1766430000,TRADE,UP,DIR_ACCUMULATE,1,1,0.17004873094048265,0.17004873094048265,10.0,0.28506174218696384,5.0,0.740068189416469,5,1.0251299316034328,-0.125649658017164,5.0,0,0,0,91.4806468154415,SUCCESS,BULLISH,accumulate,2,88891.14,89150.04,-0.29040929202050186,1611.7117812836602
2025-12-22T19:03:29.152798+00:00,btc-updown-15m-1766430000,TRADE,UP,DIR_ACCUMULATE,1,1,0.1500728340622557,0.1500728340622557,11.0,0.27279002326653584,5.0,0.740068189416469,5,1.0128582126830048,-0.064291063415024,6.0,0,0,0,91.33057398137925,SUCCESS,BULLISH,accumulate,2,88870.01,89150.04,-0.3141109078582565,1573.299177342161
2025-12-22T19:03:34.570733+00:00,btc-updown-15m-1766430000,TRADE,DOWN,DIR_REBALANCE,5,2,0.8700736766455399,1.7401473532910798,11.0,0.27279002326653584,7.0,0.7772126143390607,7,1.0500026376055966,-0.3500184632391765,4.0,0,0,0,89.59042662808817,SUCCESS,BULLISH,rebalance,2,88869.58,89150.04,-0.31459324078821715,1576.187717803667
2025-12-22T19:03:39.981954+00:00,btc-updown-15m-1766430000,TRADE,UP,DIR_ACCUMULATE,1,1,0.15001408695232502,0.15001408695232502,12.0,0.2625586952403516,7.0,0.7772126143390607,7,1.0397713095794123,-0.2783991670558863,5.0,0,0,0,89.44041254113584,SUCCESS,BULLISH,accumulate,2,88869.58,89150.04,-0.31459324078821715,1446.2517601877773
2025-12-22T19:03:45.415300+00:00,btc-updown-15m-1766430000,TRADE,UP,DIR_ACCUMULATE,1,1,0.18001468524904798,0.18001468524904798,13.0,0.2562091560102513,7.0,0.7772126143390607,7,1.033421770349312,-0.2339523924451843,6.0,0,0,0,89.2603978558868,SUCCESS,BULLISH,accumulate,2,88912.83,89150.04,-0.2660795216693025,1199.314591851001
2025-12-22T19:03:50.845620+00:00,btc-updown-15m-1766430000,TRADE,DOWN,DIR_REBALANCE,5,5,0.8398748698463517,4.199374349231759,13.0,0.2562091560102513,12.0,0.8033218874670988,12,1.05953104347735,-0.7143725217281993,1.0,0,0,0,85.06102350665503,SUCCESS,BULLISH,rebalance,2,88899.98,89150.04,-0.2804934243439461,1128.9496983023116
2025-12-22T19:03:56.278283+00:00,btc-updown-15m-1766430000,TRADE,UP,DIR_AVERAGE_DOWN,1,1,0.17000415089134735,0.17000415089134735,14.0,0.25005165564461534,12.0,0.8033218874670988,12,1.0533735431117142,-0.6404825173405699,2.0,0,0,0,84.89101935576369,SUCCESS,BULLISH,average_down,2,88905.05,89150.04,-0.27480638258826434,1099.2228047643225
2025-12-22T19:04:50.740523+00:00,btc-updown-15m-1766430000,TRADE,UP,DIR_AVERAGE_DOWN,1,1,0.12000367464155223,0.12000367464155223,15.0,0.24138179024441112,12.0,0.8033218874670988,12,1.04470367771151,-0.5364441325381195,3.0,0,0,0,84.77101568112214,SUCCESS,BULLISH,average_down,2,88854.35,89150.04,-0.3316768001450003,1675.6118245659375
2025-12-22T19:15:04.801379+00:00,btc-updown-15m-1766430000,RESOLUTION,DOWN,BINANCE_FALLBACK,27,27,1.0000,13.2606,15,0.2414,12,0.8033,12,1.0447,-0.5364,0.20,0.0000,0.0000,-1.2606,96.77,RESOLVED
2025-12-22T19:15:13.268741+00:00,btc-updown-15m-1766430900,TRADE,UP,DIR_AVERAGE_DOWN,1,1,0.530042071463999,0.530042071463999,1.0,0.530042071463999,0.0,0.0,0,0,0.0,1.0,0,0,0,96.24097360965814,SUCCESS,BULLISH,average_down,2,88702.69,88715.89,-0.014878957985989984,77.74194080552863
2025-12-22T19:25:00.575206+00:00,btc-updown-15m-1766430900,TRADE,DOWN,DIR_EMERGENCY,1,1,0.3400983147369923,0.3400983147369923,1.0,0.530042071463999,1.0,0.3400983147369923,1,0.8701403862009913,0.12985961379900868,0.0,0,0,0,95.90087529492115,SUCCESS,BULLISH,emergency,2,88740.03,88715.89,0.027210458013777934,160.78788983361673
2025-12-22T19:25:05.978432+00:00,btc-updown-15m-1766430900,TRADE,UP,DIR_AVERAGE_DOWN,1,1,0.6198790307344448,0.6198790307344448,2.0,0.574960551099222,1.0,0.3400983147369923,1,0.9150588658362142,0.08494113416378579,1.0,0,0,0,95.28099626418671,SUCCESS,BULLISH,average_down,2,88726.73,88715.89,0.012218780649099622,72.9971829389016
2025-12-22T19:25:11.407556+00:00,btc-updown-15m-1766430900,TRADE,DOWN,DIR_EMERGENCY,1,1,0.4201878084057581,0.4201878084057581,2.0,0.574960551099222,2.0,0.38014306157137523,2,0.9551036126705972,0.08979277465880564,0.0,0,0,0,94.86080845578095,SUCCESS,BULLISH,emergency,2,88711.58,88715.89,-0.00485820522118154,28.00989589206371
2025-12-22T19:25:17.209527+00:00,btc-updown-15m-1766430900,TRADE,UP,DIR_AVERAGE_DOWN,1,1,0.5501152191593996,0.5501152191593996,3.0,0.5666787737859479,2.0,0.38014306157137523,2,0.9468218353573231,0.10635632928535377,1.0,0,0,0,94.31069323662156,SUCCESS,BULLISH,average_down,2,88704.21,88715.89,-0.013165623430022531,61.99917786702738
2025-12-22T19:25:28.100506+00:00,btc-updown-15m-1766430900,TRADE,DOWN,DIR_EMERGENCY,1,1,0.5397892746119474,0.5397892746119474,3.0,0.5666787737859479,3.0,0.43335846591823257,3,1.0000372397041803,-0.00011171911254104216,0.0,0,0,0,93.77090396200961,SUCCESS,BULLISH,emergency,2,88680.96,88715.89,-0.0393728789735334,192.5708756002101
2025-12-22T19:25:33.509055+00:00,btc-updown-15m-1766430900,TRADE,UP,DIR_AVERAGE_DOWN,1,1,0.4000693459559793,0.4000693459559793,4.0,0.5250264168284557,3.0,0.43335846591823257,3,0.9583848827466883,0.12484535175993505,1.0,0,0,0,93.37083461605363,SUCCESS,BULLISH,average_down,2,88661.01,88715.89,-0.06186039502055907,331.1525517333417
2025-12-22T19:25:38.928663+00:00,btc-updown-15m-1766430900,TRADE,DOWN,DIR_EMERGENCY,1,1,0.6000057202012841,0.6000057202012841,4.0,0.5250264168284557,4.0,0.47502027948899544,4,1.0000466963174512,-0.00018678526980497878,0.0,0,0,0,92.77082889585235,SUCCESS,BULLISH,emergency,2,88661.0,88715.89,-0.061871666958421334,336.72379867450286
2025-12-22T19:25:44.472250+00:00,btc-updown-15m-1766430900,TRADE,UP,DIR_AVERAGE_DOWN,1,1,0.2700882959121626,0.2700882959121626,5.0,0.4740387926451971,4.0,0.47502027948899544,4,0.9490590721341925,0.20376371146323002,1.0,0,0,0,92.50074059994019,SUCCESS,BULLISH,average_down,2,88613.03,88715.89,-0.11594315291206636,204.09407272523893
2025-12-22T19:30:02.104968+00:00,btc-updown-15m-1766430900,RESOLUTION,DOWN,BINANCE_FALLBACK,9,9,1.0000,4.2703,5,0.4740,4,0.4750,4,0.9491,0.2038,0.20,0.0000,0.0000,-0.2703,96.50,RESOLVED
2025-12-22T19:30:10.238361+00:00,btc-updown-15m-1766431800,TRADE,UP,DIR_AVERAGE_DOWN,1,1,0.5202046122172443,0.5202046122172443,1.0,0.5202046122172443,0.0,0.0,0,0,0.0,1.0,0,0,0,95.98053598772294,SUCCESS,BULLISH,average_down,2,88517.75,88528.01,-0.011589552278419861,64.67895801485528
2025-12-22T19:34:52.701939+00:00,btc-updown-15m-1766431800,TRADE,UP,DIR_AVERAGE_DOWN,1,1,0.4101996197785032,0.4101996197785032,2.0,0.46520211599787376,0.0,0.0,0,0,0.0,2.0,0,0,0,95.57033636794444,SUCCESS,BULLISH,average_down,2,88458.81,88528.01,-0.078167350649808,363.99869778217004
2025-12-22T19:35:03.642009+00:00,btc-updown-15m-1766431800,TRADE,UP,DIR_AVERAGE_DOWN,1,1,0.3100436934104962,0.3100436934104962,3.0,0.4134826418020812,0.0,0.0,0,0,0.0,3.0,0,0,0,95.26029267453394,SUCCESS,BULLISH,average_down,2,88395.3,88528.01,-0.1499073570048529,337.1644242990759
2025-12-22T19:35:14.633793+00:00,btc-updown-15m-1766431800,TRADE,UP,DIR_ACCUMULATE,1,1,0.24005954333600918,0.24005954333600918,4.0,0.3701268671855632,0.0,0.0,0,0,0.0,4.0,0,0,0,95.02023313119794,SUCCESS,BULLISH,accumulate,2,88350.2,88528.01,-0.2008516852462827,924.2634062578844
2025-12-22T19:35:25.532953+00:00,btc-updown-15m-1766431800,TRADE,UP,DIR_ACCUMULATE,1,1,0.24010063047771826,0.24010063047771826,5.0,0.3441216198439942,0.0,0.0,0,0,0.0,5.0,0,0,0,94.78013250072023,SUCCESS,BULLISH,accumulate,2,88358.51,88528.01,-0.19146482565235567,928.5691282165458
2025-12-22T19:35:30.957627+00:00,btc-updown-15m-1766431800,TRADE,UP,DIR_ACCUMULATE,1,1,0.2400079870918307,0.2400079870918307,6.0,0.3267693477186336,0.0,0.0,0,0,0.0,6.0,0,0,0,94.5401245136284,SUCCESS,BULLISH,accumulate,2,88344.01,88528.01,-0.20784382253707048,1000.9862292034458
2025-12-22T19:35:36.377188+00:00,btc-updown-15m-1766431800,TRADE,DOWN,DIR_REBALANCE,5,5,0.7803711443877535,3.9018557219387673,6.0,0.3267693477186336,5.0,0.7803711443877535,5,1.107140492106387,-0.5357024605319349,1.0,0,0,0,90.63826879168963,SUCCESS,BULLISH,rebalance,2,88340.34,88528.01,-0.21198940312788941,1102.96739195131
2025-12-22T19:35:41.906669+00:00,btc-updown-15m-1766431800,TRADE,UP,DIR_AVERAGE_DOWN,1,1,0.2300423448501615,0.2300423448501615,7.0,0.312951204451709,5.0,0.7803711443877535,5,1.0933223488394623,-0.46661174419731166,2.0,0,0,0,90.40822644683946,SUCCESS,BULLISH,average_down,2,88340.34,88528.01,-0.21198940312788941,1102.965264031655
2025-12-22T19:37:08.794697+00:00,btc-updown-15m-1766431800,TRADE,UP,DIR_AVERAGE_DOWN,1,1,0.1700617917017797,0.1700617917017797,8.0,0.29509002785796784,5.0,0.7803711443877535,5,1.0754611722457212,-0.3773058612286062,3.0,0,0,0,90.23816465513768,SUCCESS,BULLISH,average_down,2,88306.21,88528.01,-0.25054217303652077,1270.8737373192705
2025-12-22T19:37:14.205894+00:00,btc-updown-15m-1766431800,TRADE,UP,DIR_ACCUMULATE,1,1,0.20001171638412282,0.20001171638412282,9.0,0.2845257710275406,5.0,0.7803711443877535,5,1.064896915415294,-0.3244845770764704,4.0,0,0,0,90.03815293875356,SUCCESS,BULLISH,accumulate,2,88340.0,88528.01,-0.21237346236518223,984.9144761171599
2025-12-22T19:37:19.625132+00:00,btc-updown-15m-1766431800,TRADE,UP,DIR_ACCUMULATE,1,1,0.2800741762383771,0.2800741762383771,10.0,0.28408061154862424,5.0,0.7803711443877535,5,1.0644517559363778,-0.32225877968188876,5.0,0,0,0,89.75807876251518,SUCCESS,BULLISH,accumulate,2,88394.0,88528.01,-0.15137581879452025,770.884409317774
2025-12-22T19:37:25.028320+00:00,btc-updown-15m-1766431800,TRADE,UP,DIR_ACCUMULATE,1,1,0.3100060988816799,0.3100060988816799,11.0,0.2864374740334475,5.0,0.7803711443877535,5,1.066808618421201,-0.33404309210600447,6.0,0,0,0,89.4480726636335,SUCCESS,BULLISH,accumulate,2,88418.03,88528.01,-0.12423186740557698,616.6350882340186
2025-12-22T19:37:30.441573+00:00,btc-updown-15m-1766431800,TRADE,DOWN,DIR_REBALANCE,5,5,0.7003318757658843,3.5016593788294212,11.0,0.2864374740334475,10.0,0.7403515100768189,10,1.0267889841102664,-0.26788984110266423,1.0,0,0,0,85.94641328480408,SUCCESS,BULLISH,rebalance,2,88420.5,88528.01,-0.1214417900052139,602.6374443656864
2025-12-22T19:37:35.850055+00:00,btc-updown-15m-1766431800,TRADE,UP,DIR_AVERAGE_DOWN,1,1,0.3398614267238473,0.3398614267238473,12.0,0.2908894700909808,10.0,0.7403515100768189,10,1.0312409801677997,-0.3124098016779975,2.0,0,0,0,85.60655185808024,SUCCESS,BULLISH,average_down,2,88436.52,88528.01,-0.10334582241257957,501.08076711805376
2025-12-22T19:45:02.473800+00:00,btc-updown-15m-1766431800,RESOLUTION,DOWN,BINANCE_FALLBACK,22,22,1.0000,10.8942,12,0.2909,10,0.7404,10,1.0312,-0.3124,0.17,0.0000,0.0000,-0.8942,95.61,RESOLVED
2025-12-22T19:45:10.856182+00:00,btc-updown-15m-1766432700,TRADE,UP,DIR_AVERAGE_DOWN,1,1,0.5602492299005056,0.5602492299005056,1.0,0.5602492299005056,0.0,0.0,0,0,0.0,1.0,0,0,0,95.04630262817973,SUCCESS,BULLISH,average_down,2,88333.16,88345.13,-0.013549133947735617,64.88390453592727
2025-12-22T19:48:10.217678+00:00,btc-updown-15m-1766432700,TRADE,UP,DIR_AVERAGE_DOWN,1,1,0.4300988210473193,0.4300988210473193,2.0,0.4951740254739124,0.0,0.0,0,0,0.0,2.0,0,0,0,94.61620380713241,SUCCESS,BULLISH,average_down,2,88278.23,88345.13,-0.07572573609887577,406.8595326594736
2025-12-22T19:49:26.091760+00:00,btc-updown-15m-1766432700,TRADE,UP,DIR_AVERAGE_DOWN,1,1,0.33009310340864984,0.33009310340864984,3.0,0.4401470514521582,0.0,0.0,0,0,0.0,3.0,0,0,0,94.28611070372376,SUCCESS,BULLISH,average_down,2,88228.6,88345.13,-0.13190313942602025,484.02110655109277
2025-12-22T19:49:31.509473+00:00,btc-updown-15m-1766432700,TRADE,UP,DIR_ACCUMULATE,1,1,0.37003363401643835,0.37003363401643835,4.0,0.42261869709322825,0.0,0.0,0,0,0.0,4.0,0,0,0,93.91607706970733,SUCCESS,BULLISH,accumulate,2,88251.87,88345.13,-0.10556326081585857,370.6583975330199
2025-12-22T19:49:36.929222+00:00,btc-updown-15m-1766432700,TRADE,UP,DIR_ACCUMULATE,1,1,0.3900938900177956,0.3900938900177956,5.0,0.4161137356781417,0.0,0.0,0,0,0.0,5.0,0,0,0,93.52598317968953,SUCCESS,BULLISH,accumulate,2,88269.85,88345.13,-0.08521126178658499,310.7393714570082
2025-12-22T19:49:42.330597+00:00,btc-updown-15m-1766432700,TRADE,UP,DIR_ACCUMULATE,1,1,0.4201080412453702,0.4201080412453702,6.0,0.4167794532726798,0.0,0.0,0,0,0.0,6.0,0,0,0,93.10587513844416,SUCCESS,BULLISH,accumulate,2,88285.91,88345.13,-0.06703255742563417,244.01605666566277
2025-12-22T19:49:47.750757+00:00,btc-updown-15m-1766432700,TRADE,DOWN,DIR_REBALANCE,5,4,0.6202883679535918,2.481153471814367,6.0,0.4167794532726798,4.0,0.6202883679535918,4,1.0370678212262716,-0.14827128490508645,2.0,0,0,0,90.6247216666298,SUCCESS,BULLISH,rebalance,2,88269.89,88345.13,-0.08516598481433581,307.37413497743523
2025-12-22T19:49:53.168506+00:00,btc-updown-15m-1766432700,TRADE,UP,DIR_AVERAGE_DOWN,1,1,0.3901857886900359,0.3901857886900359,7.0,0.41298035833230207,4.0,0.6202883679535918,4,1.0332687262858937,-0.1330749051435749,3.0,0,0,0,90.23453587793976,SUCCESS,BULLISH,average_down,2,88269.89,88345.13,-0.08516598481433581,307.3737064918617
2025-12-22T19:49:58.581033+00:00,btc-updown-15m-1766432700,TRADE,UP,DIR_ACCUMULATE,1,1,0.3900294495596173,0.3900294495596173,8.0,0.41011149473571645,4.0,0.6202883679535918,4,1.0303998626893083,-0.12159945075723311,4.0,0,0,0,89.84450642838014,SUCCESS,BULLISH,accumulate,2,88269.88,88345.13,-0.08517730405739399,307.41404680327867
2025-12-22T19:50:04.018833+00:00,btc-updown-15m-1766432700,TRADE,UP,DIR_ACCUMULATE,1,1,0.3701239178375997,0.3701239178375997,9.0,0.4056684306359257,4.0,0.6202883679535918,4,1.0259567985895175,-0.10382719435806997,5.0,0,0,0,89.47438251054254,SUCCESS,BULLISH,accumulate,2,88253.99,88345.13,-0.103163581286257,391.7668764644112
2025-12-22T19:50:09.526140+00:00,btc-updown-15m-1766432700,TRADE,UP,DIR_ACCUMULATE,1,1,0.34006884964998046,0.34006884964998046,10.0,0.39910847253733117,4.0,0.6202883679535918,4,1.019396840490923,-0.0775873619636922,6.0,0,0,0,89.13431366089256,SUCCESS,BULLISH,accumulate,2,88244.34,88345.13,-0.1140866508431287,429.48650102454764
2025-12-22T19:50:14.959487+00:00,btc-updown-15m-1766432700,TRADE,DOWN,DIR_REBALANCE,5,5,0.7400257443293835,3.7001287216469176,10.0,0.39910847253733117,9.0,0.6868091326068094,9,1.0859176051441406,-0.7732584462972654,1.0,0,0,0,85.43418493924564,SUCCESS,BULLISH,rebalance,2,88210.01,88345.13,-0.1529456122822049,682.2600327723827
2025-12-22T19:50:25.882857+00:00,btc-updown-15m-1766432700,TRADE,UP,DIR_AVERAGE_DOWN,1,1,0.29005927492865347,0.29005927492865347,11.0,0.3891949091183605,9.0,0.6868091326068094,9,1.07600404172517,-0.6840363755265295,2.0,0,0,0,85.14412566431699,SUCCESS,BULLISH,average_down,2,88214.63,88345.13,-0.14771612198657696,675.8402856161508
2025-12-22T19:51:03.855577+00:00,btc-updown-15m-1766432700,TRADE,UP,DIR_AVERAGE_DOWN,1,1,0.23003494064634258,0.23003494064634258,12.0,0.3759315784123591,9.0,0.6868091326068094,9,1.0627407110191684,-0.564666399172516,3.0,0,0,0,84.91409072367064,SUCCESS,BULLISH,average_down,2,88188.0,88345.13,-0.17785926626629522,985.2134334184829
2025-12-22T19:51:09.264703+00:00,btc-updown-15m-1766432700,TRADE,UP,DIR_ACCUMULATE,1,1,0.20005725679336375,0.20005725679336375,13.0,0.3624027844416671,9.0,0.6868091326068094,9,1.0492119170484766,-0.44290725343628945,4.0,0,0,0,84.71403346687728,SUCCESS,BULLISH,accumulate,2,88163.48,88345.13,-0.20561405025948656,1104.8757124280282
2025-12-22T19:51:14.661569+00:00,btc-updown-15m-1766432700,TRADE,UP,DIR_ACCUMULATE,1,1,0.18008029466214875,0.18008029466214875,14.0,0.34937974945741584,9.0,0.6868091326068094,9,1.0361888820642253,-0.3256999385780279,5.0,0,0,0,84.53395317221513,SUCCESS,BULLISH,accumulate,2,88165.79,88345.13,-0.20299930511168082,1136.1174678155787
2025-12-22T19:51:20.193277+00:00,btc-updown-15m-1766432700,TRADE,UP,DIR_ACCUMULATE,1,1,0.22000046752849017,0.22000046752849017,15.0,0.3407544639954875,9.0,0.6868091326068094,9,1.027563596602297,-0.24807236942067212,6.0,0,0,0,84.31395270468664,SUCCESS,BULLISH,accumulate,2,88187.84,88345.13,-0.17804037415532487,1162.8020664347414
2025-12-22T19:51:25.612312+00:00,btc-updown-15m-1766432700,TRADE,DOWN,DIR_REBALANCE,5,5,0.8301693747460478,4.150846873730239,15.0,0.3407544639954875,14.0,0.7380092190851089,14,1.0787636830805964,-1.1026915631283503,1.0,0,0,0,80.1631058309564,SUCCESS,BULLISH,rebalance,2,88174.76,88345.13,-0.19284594408317685,610.4774683565638
2025-12-22T20:00:01.901310+00:00,btc-updown-15m-1766432700,RESOLUTION,DOWN,BINANCE_FALLBACK,29,29,1.0000,15.4434,15,0.3408,14,0.7380,14,1.0788,-1.1027,0.07,0.0000,0.0000,-1.4434,94.16,RESOLVED
2025-12-22T20:00:10.416475+00:00,btc-updown-15m-1766433600,TRADE,UP,DIR_AVERAGE_DOWN,1,1,0.5500199443785361,0.5500199443785361,1.0,0.5500199443785361,0.0,0.0,0,0,0.0,1.0,0,0,0,93.61308588657786,SUCCESS,BULLISH,average_down,2,88036.49,88052.43,-0.01810285076742093,76.07512334149739
2025-12-22T20:10:02.130721+00:00,btc-updown-15m-1766433600,TRADE,DOWN,DIR_EMERGENCY,1,1,0.1800362143200569,0.1800362143200569,1.0,0.5500199443785361,1.0,0.1800362143200569,1,0.730056158698593,0.26994384130140703,0.0,0,0,0,93.43304967225781,SUCCESS,BULLISH,emergency,2,88130.18,88052.43,0.08829966418871121,394.1803903276173
2025-12-22T20:10:07.548925+00:00,btc-updown-15m-1766433600,TRADE,UP,DIR_AVERAGE_DOWN,1,1,0.7900068346558602,0.7900068346558602,2.0,0.6700133895171981,1.0,0.1800362143200569,1,0.850049603837255,0.14995039616274497,1.0,0,0,0,92.64304283760195,SUCCESS,BULLISH,average_down,2,88120.0,88052.43,0.07673837053674383,327.90075347671456
2025-12-22T20:10:12.971120+00:00,btc-updown-15m-1766433600,TRADE,DOWN,DIR_EMERGENCY,1,1,0.2000510901957868,0.2000510901957868,2.0,0.6700133895171981,2.0,0.19004365225792186,2,0.86005704177512,0.27988591644976,0.0,0,0,0,92.44299174740617,SUCCESS,BULLISH,emergency,2,88124.41,88052.43,0.08174675020327149,332.50762663858814
2025-12-22T20:10:18.454052+00:00,btc-updown-15m-1766433600,TRADE,UP,DIR_AVERAGE_DOWN,1,1,0.8504232524161538,0.8504232524161538,3.0,0.7301500104835167,2.0,0.19004365225792186,2,0.9201936627414385,0.1596126745171229,1.0,0,0,0,91.59256849499002,SUCCESS,BULLISH,average_down,2,88136.36,88052.43,0.09531820984384823,351.96518811534236
2025-12-22T20:10:29.224576+00:00,btc-updown-15m-1766433600,TRADE,DOWN,DIR_EMERGENCY,1,1,0.19000214669440071,0.19000214669440071,3.0,0.7301500104835167,3.0,0.19002981707008149,3,0.9201798275535982,0.23946051733920548,0.0,0,0,0,91.40256634829562,SUCCESS,BULLISH,emergency,2,88136.56,88052.43,0.09554534724368727,366.3300563485838
2025-12-22T20:10:34.643628+00:00,btc-updown-15m-1766433600,TRADE,UP,DIR_AVERAGE_DOWN,1,1,0.8301316767187883,0.8301316767187883,4.0,0.7551454270423346,3.0,0.19002981707008149,3,0.945175244112416,0.16447426766275186,1.0,0,0,0,90.57243467157683,SUCCESS,BULLISH,average_down,2,88136.56,88052.43,0.09554534724368727,366.8524486384298
2025-12-22T20:10:40.221381+00:00,btc-updown-15m-1766433600,TRADE,DOWN,DIR_EMERGENCY,1,1,0.17006653606257988,0.17006653606257988,4.0,0.7551454270423346,4.0,0.18503899681820607,4,0.9401844238605406,0.2392623045578377,0.0,0,0,0,90.40236813551425,SUCCESS,BULLISH,emergency,2,88136.55,88052.43,0.09553399037370111,361.5481878204618
2025-12-22T20:10:51.172808+00:00,btc-updown-15m-1766433600,TRADE,UP,DIR_AVERAGE_DOWN,1,1,0.8502589551658206,0.8502589551658206,5.0,0.7741681326670318,4.0,0.18503899681820607,4,0.9592071294852378,0.16317148205904886,1.0,0,0,0,89.55210918034842,SUCCESS,BULLISH,average_down,2,88147.26,88052.43,0.10769719813524938,383.0113588504993
2025-12-22T20:10:56.717406+00:00,btc-updown-15m-1766433600,TRADE,DOWN,DIR_EMERGENCY,1,1,0.15006801817146131,0.15006801817146131,5.0,0.7741681326670318,5.0,0.17804480108885712,5,0.9522129337558889,0.23893533122055555,0.0,0,0,0,89.40204116217696,SUCCESS,BULLISH,emergency,2,88147.26,88052.43,0.10769719813524938,389.9586707557974
2025-12-22T20:12:12.873236+00:00,btc-updown-15m-1766433600,TRADE,UP,DIR_AVERAGE_DOWN,1,1,0.8702158403164546,0.8702158403164546,6.0,0.7901760839419355,5.0,0.17804480108885712,5,0.9682208850307926,0.1588955748460369,1.0,0,0,0,88.53182532186051,SUCCESS,BULLISH,average_down,2,88133.15,88052.43,0.09167265457637133,365.97605239657514
2025-12-22T20:12:18.304370+00:00,btc-updown-15m-1766433600,TRADE,DOWN,DIR_EMERGENCY,1,1,0.12001586364543172,0.12001586364543172,6.0,0.7901760839419355,6.0,0.1683733115149529,6,0.9585493954568884,0.24870362725866935,0.0,0,0,0,88.41180945821507,SUCCESS,BULLISH,emergency,2,88139.1,88052.43,0.0984299922216943,394.6097737301046
2025-12-22T20:12:23.746901+00:00,btc-updown-15m-1766433600,TRADE,UP,DIR_AVERAGE_DOWN,1,1,0.8503362485717479,0.8503362485717479,7.0,0.7987703931747658,6.0,0.1683733115149529,6,0.9671437046897188,0.19713777186168735,1.0,0,0,0,87.56147320964332,SUCCESS,BULLISH,average_down,2,88121.53,88052.43,0.07847597164553645,314.7610778880482
2025-12-22T20:12:34.592816+00:00,btc-updown-15m-1766433600,TRADE,DOWN,DIR_EMERGENCY,1,1,0.2400907674783721,0.2400907674783721,7.0,0.7987703931747658,7.0,0.17861866236686993,7,0.9773890555416358,0.1582766112085494,0.0,0,0,0,87.32138244216495,SUCCESS,BULLISH,emergency,2,88100.01,88052.43,0.054035987422495615,230.3804897934498
2025-12-22T20:12:40.041624+00:00,btc-updown-15m-1766433600,TRADE,UP,DIR_AVERAGE_DOWN,1,1,0.7701233029629987,0.7701233029629987,8.0,0.7951895068982949,7.0,0.17861866236686993,7,0.9738081692651649,0.18334281514384576,1.0,0,0,0,86.55125913920195,SUCCESS,BULLISH,average_down,2,88095.24,88052.43,0.0486187604362676,217.60038947061955
2025-12-22T20:12:45.477372+00:00,btc-updown-15m-1766433600,TRADE,DOWN,DIR_EMERGENCY,1,1,0.13994208537104888,0.13994208537104888,8.0,0.7951895068982949,8.0,0.1737840902423923,8,0.9689735971406872,0.24821122287450237,0.0,0,0,0,86.4113170538309,SUCCESS,BULLISH,emergency,2,88119.99,88052.43,0.07672701366675767,354.0756160651336
2025-12-22T20:15:03.400557+00:00,btc-updown-15m-1766433600,RESOLUTION,UP,BINANCE_FALLBACK,16,16,1.0000,7.7518,8,0.7952,8,0.1738,8,0.9690,0.2482,0.00,0.0000,0.0000,0.2482,94.41,RESOLVED
2025-12-22T20:15:11.749286+00:00,btc-updown-15m-1766434500,TRADE,UP,DIR_AVERAGE_DOWN,1,1,0.5098226061921547,0.5098226061921547,1.0,0.5098226061921547,0.0,0.0,0,0,0.0,1.0,0,0,0,93.90149444763874,SUCCESS,BULLISH,average_down,2,88142.31,88160.95,-0.021143147844935224,95.0452202031971
2025-12-22T20:16:17.016814+00:00,btc-updown-15m-1766434500,TRADE,UP,DIR_AVERAGE_DOWN,1,1,0.360137660783735,0.360137660783735,2.0,0.43498013348794484,0.0,0.0,0,0,0.0,2.0,0,0,0,93.541356786855,SUCCESS,BULLISH,average_down,2,88064.17,88160.95,-0.10977649401463896,708.0310367299428
2025-12-22T20:16:33.337457+00:00,btc-updown-15m-1766434500,TRADE,UP,DIR_AVERAGE_DOWN,1,1,0.2800010792105727,0.2800010792105727,3.0,0.3833204487288208,0.0,0.0,0,0,0.0,3.0,0,0,0,93.26135570764443,SUCCESS,BULLISH,average_down,2,88008.81,88160.95,-0.1725707356828612,1135.242408077659
2025-12-22T20:16:38.879998+00:00,btc-updown-15m-1766434500,TRADE,UP,DIR_ACCUMULATE,1,1,0.27007717457382335,0.27007717457382335,4.0,0.3550096301900714,0.0,0.0,0,0,0.0,4.0,0,0,0,92.9912785330706,SUCCESS,BULLISH,accumulate,2,88008.8,88160.95,-0.17258207857333002,1158.6829796802933
2025-12-22T20:16:44.300711+00:00,btc-updown-15m-1766434500,TRADE,UP,DIR_ACCUMULATE,1,1,0.2698776569672847,0.2698776569672847,5.0,0.33798323554551407,0.0,0.0,0,0,0.0,5.0,0,0,0,92.72140087610332,SUCCESS,BULLISH,accumulate,2,88008.8,88160.95,-0.17258207857333002,1158.6717315266455
2025-12-22T20:16:49.732520+00:00,btc-updown-15m-1766434500,TRADE,UP,DIR_ACCUMULATE,1,1,0.2600546004660502,0.2600546004660502,6.0,0.3249951296989368,0.0,0.0,0,0,0.0,6.0,0,0,0,92.46134627563727,SUCCESS,BULLISH,accumulate,2,88000.0,88160.95,-0.18256382219111422,1178.9917289011912
2025-12-22T20:16:55.147299+00:00,btc-updown-15m-1766434500,TRADE,DOWN,DIR_REBALANCE,5,2,0.800058134516964,1.600116269033928,6.0,0.3249951296989368,2.0,0.800058134516964,2,1.1250532642159008,-0.2501065284318016,4.0,0,0,0,90.86123000660334,SUCCESS,BULLISH,rebalance,2,87950.68,88160.95,-0.23850695801259408,1609.8924482092664
2025-12-22T20:17:00.698148+00:00,btc-updown-15m-1766434500,TRADE,UP,DIR_ACCUMULATE,1,1,0.2200921115786207,0.2200921115786207,7.0,0.31000898425317736,2.0,0.800058134516964,2,1.1100671187701412,-0.22013423754028238,5.0,0,0,0,90.64113789502471,SUCCESS,BULLISH,accumulate,2,87967.0,88160.95,-0.21999536075779252,1394.7850820746353
2025-12-22T20:17:06.135241+00:00,btc-updown-15m-1766434500,TRADE,UP,DIR_ACCUMULATE,1,1,0.2300936529116815,0.2300936529116815,8.0,0.30001956783549033,2.0,0.800058134516964,2,1.1000777023524542,-0.20015540470490834,6.0,0,0,0,90.41104424211304,SUCCESS,BULLISH,accumulate,2,87976.97,88160.95,-0.20868649895446445,1091.1151433231569
2025-12-22T20:17:11.672402+00:00,btc-updown-15m-1766434500,TRADE,DOWN,DIR_REBALANCE,5,5,0.7901211059481312,3.950605529740656,8.0,0.30001956783549033,7.0,0.7929602569677977,7,1.092979824803288,-0.6508587736230163,1.0,0,0,0,86.46043871237238,SUCCESS,BULLISH,rebalance,2,87973.6,88160.95,-0.21250905304445025,1118.4506660461957
2025-12-22T20:17:17.185426+00:00,btc-updown-15m-1766434500,TRADE,UP,DIR_AVERAGE_DOWN,1,1,0.22009874253899692,0.22009874253899692,9.0,0.29113947613588,7.0,0.7929602569677977,7,1.0840997331036777,-0.5886981317257438,2.0,0,0,0,86.24033996983339,SUCCESS,BULLISH,average_down,2,87964.76,88160.95,-0.22253616822414268,1164.0564034593945
2025-12-22T20:22:43.491444+00:00,btc-updown-15m-1766434500,TRADE,UP,DIR_AVERAGE_DOWN,1,1,0.17007266744894678,0.17007266744894678,10.0,0.2790327952671866,7.0,0.7929602569677977,7,1.0719930522349843,-0.5039513656448902,3.0,0,0,0,86.07026730238444,SUCCESS,BULLISH,average_down,2,87995.57,88160.95,-0.187588722671421,931.890424065426
2025-12-22T20:22:49.044244+00:00,btc-updown-15m-1766434500,TRADE,UP,DIR_ACCUMULATE,1,1,0.1800771960844244,0.1800771960844244,11.0,0.27003683170511733,7.0,0.7929602569677977,7,1.062997088672915,-0.44097962071040486,4.0,0,0,0,85.89019010630001,SUCCESS,BULLISH,accumulate,2,87995.55,88160.95,-0.1876114084523751,936.0491517604974
2025-12-22T20:22:54.589726+00:00,btc-updown-15m-1766434500,TRADE,UP,DIR_ACCUMULATE,1,1,0.16006539449915055,0.16006539449915055,12.0,0.2608725452712868,7.0,0.7929602569677977,7,1.0538328022390844,-0.37682961567359063,5.0,0,0,0,85.73012471180085,SUCCESS,BULLISH,accumulate,2,87982.65,88160.95,-0.20224373716481384,1015.2678170351534
2025-12-22T20:23:00.019494+00:00,btc-updown-15m-1766434500,TRADE,UP,DIR_ACCUMULATE,1,1,0.16002308869924237,0.16002308869924237,13.0,0.2531148947657449,7.0,0.7929602569677977,7,1.0460751517335427,-0.32252606213479895,6.0,0,0,0,85.5701016231016,SUCCESS,BULLISH,accumulate,2,87982.28,88160.95,-0.2026634241123743,1045.5893855200934
2025-12-22T20:23:05.456160+00:00,btc-updown-15m-1766434500,TRADE,DOWN,DIR_REBALANCE,5,5,0.8603359244047166,4.301679622023583,13.0,0.2531148947657449,12.0,0.8210334517331805,12,1.0741483464989254,-0.8897801579871052,1.0,0,0,0,81.26842200107802,SUCCESS,BULLISH,rebalance,2,87982.65,88160.95,-0.20224373716481384,1078.1164766681147
2025-12-22T20:23:10.859024+00:00,btc-updown-15m-1766434500,TRADE,UP,DIR_AVERAGE_DOWN,1,1,0.20007025224242347,0.20007025224242347,14.0,0.2493259917283648,12.0,0.8210334517331805,12,1.0703594434615453,-0.8443133215385439,2.0,0,0,0,81.0683517488356,SUCCESS,BULLISH,average_down,2,88019.49,88160.95,-0.16045652865581855,823.7146459543744
2025-12-22T20:25:00.026823+00:00,btc-updown-15m-1766434500,TRADE,UP,DIR_AVERAGE_DOWN,1,1,0.15001879038442273,0.15001879038442273,15.0,0.24270551163876866,12.0,0.8210334517331805,12,1.0637389633719492,-0.7648675604633901,3.0,0,0,0,80.91833295845117,SUCCESS,BULLISH,average_down,2,88014.01,88160.95,-0.166672432635994,694.375618292299
2025-12-22T20:30:00.745403+00:00,btc-updown-15m-1766434500,RESOLUTION,DOWN,BINANCE_FALLBACK,27,27,1.0000,13.4930,15,0.2427,12,0.8210,12,1.0637,-0.7649,0.20,0.0000,0.0000,-1.4930,92.92,RESOLVED
2025-12-22T20:30:09.839429+00:00,btc-updown-15m-1766435400,TRADE,UP,DIR_AVERAGE_DOWN,1,1,0.5201001424788726,0.5201001424788726,1.0,0.5201001424788726,0.0,0.0,0,0,0.0,1.0,0,0,0,92.3982328159723,SUCCESS,BULLISH,average_down,2,88062.73,88074.86,-0.013772375000090441,65.83845968207712
2025-12-22T20:40:02.898505+00:00,btc-updown-15m-1766435400,TRADE,DOWN,DIR_EMERGENCY,1,1,0.30000021112152625,0.30000021112152625,1.0,0.5201001424788726,1.0,0.30000021112152625,1,0.8201003536003988,0.1798996463996012,0.0,0,0,0,92.09823260485078,SUCCESS,BULLISH,emergency,2,88128.01,88074.86,0.06034639169451326,285.9720753848863
2025-12-22T20:40:13.746471+00:00,btc-updown-15m-1766435400,TRADE,UP,DIR_AVERAGE_DOWN,1,1,0.6902968530377792,0.6902968530377792,2.0,0.6051984977583259,1.0,0.30000021112152625,1,0.9051987088798521,0.0948012911201479,1.0,0,0,0,91.407935751813,SUCCESS,BULLISH,average_down,2,88113.17,88074.86,0.04349708872656473,214.44764898260277
2025-12-22T20:40:19.158491+00:00,btc-updown-15m-1766435400,TRADE,DOWN,DIR_EMERGENCY,1,1,0.2801150678743772,0.2801150678743772,2.0,0.6051984977583259,2.0,0.2900576394979517,2,0.8952561372562776,0.20948772548744476,0.0,0,0,0,91.12782068393862,SUCCESS,BULLISH,emergency,2,88118.08,88074.86,0.049071891797501765,256.1042833857832
2025-12-22T20:40:24.651089+00:00,btc-updown-15m-1766435400,TRADE,UP,DIR_AVERAGE_DOWN,1,1,0.7303350495262704,0.7303350495262704,3.0,0.6469106816809741,2.0,0.2900576394979517,2,0.9369683211789258,0.12606335764214838,1.0,0,0,0,90.39748563441235,SUCCESS,BULLISH,average_down,2,88122.09,88074.86,0.05362483687172018,287.2048718174055
2025-12-22T20:40:30.088200+00:00,btc-updown-15m-1766435400,TRADE,DOWN,DIR_EMERGENCY,1,1,0.21004399824572045,0.21004399824572045,3.0,0.6469106816809741,3.0,0.263386425747208,3,0.910297107428182,0.2691086777154539,0.0,0,0,0,90.18744163616662,SUCCESS,BULLISH,emergency,2,88144.01,88074.86,0.07851275608044586,414.270737401798
2025-12-22T20:40:35.759791+00:00,btc-updown-15m-1766435400,TRADE,UP,DIR_AVERAGE_DOWN,1,1,0.8102015891836701,0.8102015891836701,4.0,0.6877334085566481,3.0,0.263386425747208,3,0.951119834303856,0.14664049708843185,1.0,0,0,0,89.37724004698295,SUCCESS,BULLISH,average_down,2,88144.03,88074.86,0.0785354640359329,421.4293642273948
2025-12-22T20:40:41.275590+00:00,btc-updown-15m-1766435400,TRADE,DOWN,DIR_EMERGENCY,1,1,0.23007831183429475,0.23007831183429475,4.0,0.6877334085566481,4.0,0.2550593972689797,4,0.9427928058256279,0.22882877669748858,0.0,0,0,0,89.14716173514866,SUCCESS,BULLISH,emergency,2,88134.35,88074.86,0.06754481358245161,368.16679278109484
2025-12-22T20:40:46.863806+00:00,btc-updown-15m-1766435400,TRADE,UP,DIR_AVERAGE_DOWN,1,1,0.8001771905698143,0.8001771905698143,5.0,0.7102221649592814,4.0,0.2550593972689797,4,0.9652815622282611,0.13887375108695554,1.0,0,0,0,88.34698454457885,SUCCESS,BULLISH,average_down,2,88134.35,88074.86,0.06754481358245161,365.8869729175232
2025-12-22T20:40:52.301736+00:00,btc-updown-15m-1766435400,TRADE,DOWN,DIR_EMERGENCY,1,1,0.18007778908822633,0.18007778908822633,5.0,0.7102221649592814,5.0,0.24006307563282903,5,0.9502852405921104,0.24857379703944804,0.0,0,0,0,88.16690675549061,SUCCESS,BULLISH,emergency,2,88150.53,88074.86,0.08591554956771802,464.0117164207782
2025-12-22T20:45:02.385365+00:00,btc-updown-15m-1766435400,RESOLUTION,UP,BINANCE_FALLBACK,10,10,1.0000,4.7514,5,0.7102,5,0.2401,5,0.9503,0.2486,0.00,0.0000,0.0000,0.2486,93.17,RESOLVED
2025-12-22T20:45:10.896080+00:00,btc-updown-15m-1766436300,TRADE,UP,DIR_AVERAGE_DOWN,1,1,0.4201254777952654,0.4201254777952654,1.0,0.4201254777952654,0.0,0.0,0,0,0.0,1.0,0,0,0,92.74678127769535,SUCCESS,BULLISH,average_down,2,88295.43,88341.62,-0.05228566105081878,308.19922270240676
2025-12-22T20:50:15.356215+00:00,btc-updown-15m-1766436300,TRADE,UP,DIR_AVERAGE_DOWN,1,1,0.26001749950433056,0.26001749950433056,2.0,0.34007148864979797,0.0,0.0,0,0,0.0,2.0,0,0,0,92.48676377819102,SUCCESS,BULLISH,average_down,2,88220.0,88341.62,-0.1376701038536483,678.5489752337119
2025-12-22T20:51:09.829279+00:00,btc-updown-15m-1766436300,TRADE,UP,DIR_AVERAGE_DOWN,1,1,0.17001580556096582,0.17001580556096582,3.0,0.2833862609535206,0.0,0.0,0,0,0.0,3.0,0,0,0,92.31674797263005,SUCCESS,BULLISH,average_down,2,88164.03,88341.62,-0.20102642446447838,319.4636812523917
2025-12-22T20:51:20.823146+00:00,btc-updown-15m-1766436300,TRADE,UP,DIR_ACCUMULATE,1,1,0.1500515429754107,0.1500515429754107,4.0,0.2500525814589931,0.0,0.0,0,0,0.0,4.0,0,0,0,92.16669642965465,SUCCESS,BULLISH,accumulate,2,88157.93,88341.62,-0.20793143707349077,344.51507093336375
2025-12-22T20:51:26.256161+00:00,btc-updown-15m-1766436300,TRADE,UP,DIR_ACCUMULATE,1,1,0.15004495955749325,0.15004495955749325,5.0,0.23005105707869317,0.0,0.0,0,0,0.0,5.0,0,0,0,92.01665147009716,SUCCESS,BULLISH,accumulate,2,88157.93,88341.62,-0.20793143707349077,344.905958785592
2025-12-22T20:51:31.913392+00:00,btc-updown-15m-1766436300,TRADE,UP,DIR_ACCUMULATE,1,1,0.160075555798316,0.160075555798316,6.0,0.21838847353196364,0.0,0.0,0,0,0.0,6.0,0,0,0,91.85657591429884,SUCCESS,BULLISH,accumulate,2,88157.93,88341.62,-0.20793143707349077,344.9059925445139
2025-12-22T20:51:37.347628+00:00,btc-updown-15m-1766436300,TRADE,DOWN,DIR_REBALANCE,5,5,0.870376024758728,4.35188012379364,6.0,0.21838847353196364,5.0,0.870376024758728,5,1.0887644982906917,-0.4438224914534583,1.0,0,0,0,87.50469579050521,SUCCESS,BULLISH,rebalance,2,88150.01,88341.62,-0.21689663377239468,360.7030775234696
2025-12-22T20:51:42.875178+00:00,btc-updown-15m-1766436300,TRADE,UP,DIR_AVERAGE_DOWN,1,1,0.12004486475703413,0.12004486475703413,7.0,0.20433938656411657,5.0,0.870376024758728,5,1.0747154113228445,-0.3735770566142227,2.0,0,0,0,87.38465092574818,SUCCESS,BULLISH,average_down,2,88148.0,88341.62,-0.2191718920255202,365.5418525714224
2025-12-22T20:56:04.219126+00:00,btc-updown-15m-1766436300,TRADE,DOWN,DIR_EMERGENCY,2,2,0.6101948014766028,1.2203896029532055,7.0,0.20433938656411657,7.0,0.7960385323924065,7,1.0003779189565232,-0.0026454326956621976,0.0,0,0,0,86.16426132279497,SUCCESS,BULLISH,emergency,2,88327.6,88341.62,-0.015870209307899858,75.27945533172202
2025-12-22T20:56:09.678812+00:00,btc-updown-15m-1766436300,TRADE,UP,DIR_AVERAGE_DOWN,1,1,0.5101491166702581,0.5101491166702581,8.0,0.24256560282738426,7.0,0.7960385323924065,7,1.0386041352197908,-0.27022894653853546,1.0,0,0,0,85.65411220612471,SUCCESS,BULLISH,average_down,2,88350.0,88341.62,0.009485902567787027,45.58391922184133
2025-12-22T20:56:20.588886+00:00,btc-updown-15m-1766436300,TRADE,DOWN,DIR_EMERGENCY,1,1,0.3600980083744747,0.3600980083744747,8.0,0.24256560282738426,8.0,0.7415459668901649,8,0.9841115697175492,0.12710744225960635,0.0,0,0,0,85.29401419775023,SUCCESS,BULLISH,emergency,2,88384.83,88341.62,0.048912392595932025,151.75216330100403
2025-12-22T20:56:26.036347+00:00,btc-updown-15m-1766436300,TRADE,UP,DIR_AVERAGE_DOWN,1,1,0.6601943955735328,0.6601943955735328,9.0,0.28896880202140074,8.0,0.7415459668901649,8,1.0305147689115657,-0.24411815129252545,1.0,0,0,0,84.6338198021767,SUCCESS,BULLISH,average_down,2,88384.83,88341.62,0.048912392595932025,153.20811865785348
2025-12-22T20:56:36.894936+00:00,btc-updown-15m-1766436300,TRADE,DOWN,DIR_EMERGENCY,1,1,0.3501027314873215,0.3501027314873215,9.0,0.28896880202140074,9.0,0.6980522740676268,9,0.9870210760890276,0.11681031519875196,0.0,0,0,0,84.28371707068938,SUCCESS,BULLISH,emergency,2,88388.13,88341.62,0.05264789122047945,168.48667093274935
2025-12-22T20:56:42.293402+00:00,btc-updown-15m-1766436300,TRADE,UP,DIR_AVERAGE_DOWN,1,1,0.6601748194237217,0.6601748194237217,10.0,0.32608940376163287,9.0,0.6980522740676268,9,1.0241416778292596,-0.2172751004633362,1.0,0,0,0,83.62354225126566,SUCCESS,BULLISH,average_down,2,88388.14,88341.62,0.05265921091327516,168.76193243697625
2025-12-22T20:56:53.194419+00:00,btc-updown-15m-1766436300,TRADE,DOWN,DIR_EMERGENCY,1,1,0.42997952204763673,0.42997952204763673,10.0,0.32608940376163287,10.0,0.6712449988656278,10,0.9973344026272607,0.026655973727393034,0.0,0,0,0,83.19356272921803,SUCCESS,BULLISH,emergency,2,88358.01,88341.62,0.018552976501901845,58.0635957121672
2025-12-22T20:57:04.113190+00:00,btc-updown-15m-1766436300,TRADE,UP,DIR_AVERAGE_DOWN,1,1,0.560100574324482,0.560100574324482,11.0,0.3473631465400737,10.0,0.6712449988656278,10,1.0186081454057017,-0.1860814540570166,1.0,0,0,0,82.63346215489355,SUCCESS,BULLISH,average_down,2,88350.24,88341.62,0.00975757519503253,30.312619741112847
2025-12-22T20:57:15.105581+00:00,btc-updown-15m-1766436300,TRADE,DOWN,DIR_EMERGENCY,1,1,0.5200465710543187,0.5200465710543187,11.0,0.3473631465400737,11.0,0.6574996872464179,11,1.0048628337864915,-0.05349117165140704,0.0,0,0,0,82.11341558383923,SUCCESS,BULLISH,emergency,2,88347.4,88341.62,0.00654278243935173,33.57089612121114
2025-12-22T20:57:20.589727+00:00,btc-updown-15m-1766436300,TRADE,UP,DIR_AVERAGE_DOWN,1,1,0.4501524579956535,0.4501524579956535,12.0,0.35592892249470537,11.0,0.6574996872464179,11,1.0134286097411234,-0.14771470715235702,1.0,0,0,0,81.66326312584357,SUCCESS,BULLISH,average_down,2,88339.51,88341.62,-0.002388455181148571,12.133848852810766
2025-12-22T20:57:26.061839+00:00,btc-updown-15m-1766436300,TRADE,DOWN,DIR_EMERGENCY,1,1,0.4701680321689582,0.4701680321689582,12.0,0.35592892249470537,12.0,0.641888715989963,12,0.9978176384846684,0.02618833818397892,0.0,0,0,0,81.19309509367461,SUCCESS,BULLISH,emergency,2,88340.51,88341.62,-0.0012564859009836838,6.473743153615065
2025-12-22T20:57:31.529987+00:00,btc-updown-15m-1766436300,TRADE,UP,DIR_AVERAGE_DOWN,1,1,0.6901149681733223,0.6901149681733223,13.0,0.38163554139306055,12.0,0.641888715989963,12,1.0235242573830234,-0.28229108859628127,1.0,0,0,0,80.5029801255013,SUCCESS,BULLISH,average_down,2,88375.26,88341.62,0.03807944658474614,129.65406533050654
2025-12-22T20:57:36.996985+00:00,btc-updown-15m-1766436300,TRADE,DOWN,DIR_EMERGENCY,1,1,0.21009448873144942,0.21009448873144942,13.0,0.38163554139306055,13.0,0.6086737754316158,13,0.9903093168246764,0.1259788812792071,0.0,0,0,0,80.29288563676985,SUCCESS,BULLISH,emergency,2,88405.8,88341.62,0.07264978840099102,265.81637686187196
2025-12-22T20:57:42.482507+00:00,btc-updown-15m-1766436300,TRADE,UP,DIR_AVERAGE_DOWN,1,1,0.8003862159529187,0.8003862159529187,14.0,0.4115463038616219,13.0,0.6086737754316158,13,1.0202200792932377,-0.26286103081208956,1.0,0,0,0,79.49249942081694,SUCCESS,BULLISH,average_down,2,88402.94,88341.62,0.0694123562597188,250.59738487965978
2025-12-22T20:57:47.944223+00:00,btc-updown-15m-1766436300,TRADE,DOWN,DIR_EMERGENCY,1,1,0.22000190636105454,0.22000190636105454,14.0,0.4115463038616219,14.0,0.5809114990694327,14,0.9924578029310547,0.10559075896523451,0.0,0,0,0,79.27249751445589,SUCCESS,BULLISH,emergency,2,88402.94,88341.62,0.0694123562597188,242.56591812727464
2025-12-22T20:57:53.415068+00:00,btc-updown-15m-1766436300,TRADE,UP,DIR_AVERAGE_DOWN,1,1,0.8503422783921141,0.8503422783921141,15.0,0.44079936883032134,14.0,0.5809114990694327,14,1.021710867899754,-0.30395215059655545,1.0,0,0,0,78.42215523606377,SUCCESS,BULLISH,average_down,2,88422.13,88341.62,0.09113484674608562,321.1162239359842
2025-12-22T20:57:58.907385+00:00,btc-updown-15m-1766436300,TRADE,DOWN,DIR_EMERGENCY,1,1,0.1200599552304778,0.1200599552304778,15.0,0.44079936883032134,15.0,0.5501880628135024,15,0.9909874316438237,0.1351885253426438,0.0,0,0,0,78.3020952808333,SUCCESS,BULLISH,emergency,2,88435.83,88341.62,0.10664282588434128,373.1950748439022
2025-12-22T21:00:05.048978+00:00,btc-updown-15m-1766436300,RESOLUTION,UP,BINANCE_FALLBACK,30,30,1.0000,14.8648,15,0.4408,15,0.5502,15,0.9910,0.1352,0.00,0.0000,0.0000,0.1352,93.30,RESOLVED
2025-12-22T21:00:13.572719+00:00,btc-updown-15m-1766437200,TRADE,UP,DIR_AVERAGE_DOWN,1,1,0.5000404501113191,0.5000404501113191,1.0,0.5000404501113191,0.0,0.0,0,0,0.0,1.0,0,0,0,92.80205483072199,SUCCESS,BULLISH,average_down,2,88374.98,88351.03,0.02710777678539468,99.7165595355683
2025-12-22T21:10:00.570030+00:00,btc-updown-15m-1766437200,TRADE,DOWN,DIR_EMERGENCY,1,1,0.2400176355784119,0.2400176355784119,1.0,0.5000404501113191,1.0,0.2400176355784119,1,0.7400580856897311,0.2599419143102689,0.0,0,0,0,92.56203719514357,SUCCESS,BULLISH,emergency,2,88427.03,88351.03,0.0860205025340395,305.75890354056224
2025-12-22T21:10:06.088359+00:00,btc-updown-15m-1766437200,TRADE,UP,DIR_AVERAGE_DOWN,1,1,0.7302638585874267,0.7302638585874267,2.0,0.615152154349373,1.0,0.2400176355784119,1,0.8551697899277849,0.14483021007221508,1.0,0,0,0,91.83177333655615,SUCCESS,BULLISH,average_down,2,88411.03,88351.03,0.06791092305318908,251.35047421420896
2025-12-22T21:10:11.511999+00:00,btc-updown-15m-1766437200,TRADE,DOWN,DIR_EMERGENCY,1,1,0.3500374782412091,0.3500374782412091,2.0,0.615152154349373,2.0,0.29502755690981053,2,0.9101797112591835,0.17964057748163298,0.0,0,0,0,91.48173585831495,SUCCESS,BULLISH,emergency,2,88391.98,88351.03,0.04634920498379825,180.80115957077635
2025-12-22T21:10:16.920954+00:00,btc-updown-15m-1766437200,TRADE,UP,DIR_AVERAGE_DOWN,1,1,0.6302694261045356,0.6302694261045356,3.0,0.6201912449344272,2.0,0.29502755690981053,2,0.9152188018442378,0.16956239631152448,1.0,0,0,0,90.85146643221042,SUCCESS,BULLISH,average_down,2,88390.01,88351.03,0.04411946301021723,171.5841692601597
2025-12-22T21:10:22.432197+00:00,btc-updown-15m-1766437200,TRADE,DOWN,DIR_EMERGENCY,1,1,0.36009927977331685,0.36009927977331685,3.0,0.6201912449344272,3.0,0.31671813119764597,3,0.9369093761320733,0.18927187160378023,0.0,0,0,0,90.49136715243709,SUCCESS,BULLISH,emergency,2,88390.0,88351.03,0.04410814452304763,171.43020579592786
2025-12-22T21:10:27.865882+00:00,btc-updown-15m-1766437200,TRADE,UP,DIR_AVERAGE_DOWN,1,1,0.6202276122926196,0.6202276122926196,4.0,0.6202003367739752,3.0,0.31671813119764597,3,0.9369184679716211,0.18924459608513655,1.0,0,0,0,89.87113954014447,SUCCESS,BULLISH,average_down,2,88381.22,88351.03,0.034170512782932275,138.24056909720937
2025-12-22T21:10:38.656876+00:00,btc-updown-15m-1766437200,TRADE,DOWN,DIR_EMERGENCY,1,1,0.38015186743653795,0.38015186743653795,4.0,0.6202003367739752,4.0,0.332576565257369,4,0.9527769020313442,0.18889239187462303,0.0,0,0,0,89.49098767270793,SUCCESS,BULLISH,emergency,2,88381.21,88351.03,0.034159194295762675,173.73560790782219
2025-12-22T21:10:44.078962+00:00,btc-updown-15m-1766437200,TRADE,UP,DIR_AVERAGE_DOWN,1,1,0.6102440728578734,0.6102440728578734,5.0,0.6182090839907548,4.0,0.332576565257369,4,0.9507856492481238,0.19685740300750476,1.0,0,0,0,88.88074359985006,SUCCESS,BULLISH,average_down,2,88381.21,88351.03,0.034159194295762675,174.02843788516452
2025-12-22T21:10:49.498722+00:00,btc-updown-15m-1766437200,TRADE,DOWN,DIR_EMERGENCY,1,1,0.40006063256178764,0.40006063256178764,5.0,0.6182090839907548,5.0,0.3460733787182527,5,0.9642824627090075,0.17858768645496237,0.0,0,0,0,88.48068296728827,SUCCESS,BULLISH,emergency,2,88366.0,88351.03,0.016943775301771994,98.26394411324674
2025-12-22T21:10:54.905141+00:00,btc-updown-15m-1766437200,TRADE,UP,DIR_AVERAGE_DOWN,1,1,0.6101453872589888,0.6101453872589888,6.0,0.6168651345354604,5.0,0.3460733787182527,5,0.9629385132537132,0.1853074337314342,1.0,0,0,0,87.87053758002928,SUCCESS,BULLISH,average_down,2,88366.01,88351.03,0.016955093788941597,99.4184494028441
2025-12-22T21:11:00.465809+00:00,btc-updown-15m-1766437200,TRADE,DOWN,DIR_EMERGENCY,1,1,0.3901635562832084,0.3901635562832084,6.0,0.6168651345354604,6.0,0.3534217416457454,6,0.9702868761812058,0.17827874291276524,0.0,0,0,0,87.48037402374607,SUCCESS,BULLISH,emergency,2,88374.85,88351.03,0.026960636452123973,163.3324366546164
2025-12-22T21:11:06.118482+00:00,btc-updown-15m-1766437200,TRADE,UP,DIR_AVERAGE_DOWN,1,1,0.6001657894481321,0.6001657894481321,7.0,0.6144795138086993,6.0,0.3534217416457454,6,0.9679012554544446,0.19259246727333235,1.0,0,0,0,86.88020823429794,SUCCESS,BULLISH,average_down,2,88367.18,88351.03,0.018279356788476808,114.1869400784
2025-12-22T21:11:11.527324+00:00,btc-updown-15m-1766437200,TRADE,DOWN,DIR_EMERGENCY,1,1,0.4700412369700133,0.4700412369700133,7.0,0.6144795138086993,7.0,0.3700816695492123,7,0.9845611833579115,0.10807171649461922,0.0,0,0,0,86.41016699732792,SUCCESS,BULLISH,emergency,2,88362.24,88351.03,0.012688024123778074,79.14331786251174
2025-12-22T21:11:22.447588+00:00,btc-updown-15m-1766437200,TRADE,UP,DIR_AVERAGE_DOWN,1,1,0.5301057212700933,0.5301057212700933,8.0,0.6039327897413735,7.0,0.3700816695492123,7,0.9740144592905858,0.18189878496589917,1.0,0,0,0,85.88006127605783,SUCCESS,BULLISH,average_down,2,88361.49,88351.03,0.01183913758561321,75.44555577139211
2025-12-22T21:11:38.706330+00:00,btc-updown-15m-1766437200,TRADE,DOWN,DIR_EMERGENCY,1,1,0.6302986442340424,0.6302986442340424,8.0,0.6039327897413735,8.0,0.40260879138481603,8,1.0065415811261895,-0.052332649009516174,0.0,0,0,0,85.24976263182378,SUCCESS,BULLISH,emergency,2,88328.77,88351.03,-0.02519495245272722,157.9003904022529
2025-12-22T21:11:44.229748+00:00,btc-updown-15m-1766437200,TRADE,UP,DIR_AVERAGE_DOWN,1,1,0.40017746775460455,0.40017746775460455,9.0,0.5812933095206214,8.0,0.40260879138481603,8,0.9839021009054374,0.12878319275650085,1.0,0,0,0,84.84958516406918,SUCCESS,BULLISH,average_down,2,88328.76,88351.03,-0.025206270939913292,157.38091956364363
2025-12-22T21:12:11.341130+00:00,btc-updown-15m-1766437200,TRADE,DOWN,DIR_EMERGENCY,1,1,0.5201834603180527,0.5201834603180527,9.0,0.5812933095206214,9.0,0.415672643488509,9,0.9969659530091304,0.02730642291782659,0.0,0,0,0,84.32940170375113,SUCCESS,BULLISH,emergency,2,88342.8,88351.03,-0.009315114945457822,57.25281284324658
2025-12-22T21:12:16.755229+00:00,btc-updown-15m-1766437200,TRADE,UP,DIR_AVERAGE_DOWN,1,1,0.4901865015799924,0.4901865015799924,10.0,0.5721826287265585,9.0,0.415672643488509,9,0.9878552722150675,0.10930255006439227,1.0,0,0,0,83.83921520217113,SUCCESS,BULLISH,average_down,2,88342.8,88351.03,-0.009315114945457822,56.95053162710728
2025-12-22T21:12:22.163400+00:00,btc-updown-15m-1766437200,TRADE,DOWN,DIR_EMERGENCY,1,1,0.45006767297141137,0.45006767297141137,10.0,0.5721826287265585,10.0,0.4191121464367993,10,0.9912947751633577,0.08705224836642267,0.0,0,0,0,83.38914752919972,SUCCESS,BULLISH,emergency,2,88356.05,88351.03,0.005681880562121431,32.7566739561924
2025-12-22T21:12:27.590190+00:00,btc-updown-15m-1766437200,TRADE,UP,DIR_AVERAGE_DOWN,1,1,0.4301587798258174,0.4301587798258174,11.0,0.559271369735582,10.0,0.4191121464367993,10,0.9783835161723813,0.21616483827618715,1.0,0,0,0,82.9589887493739,SUCCESS,BULLISH,average_down,2,88345.6,88351.03,-0.006145938536305706,32.62351821909391
2025-12-22T21:12:33.033192+00:00,btc-updown-15m-1766437200,TRADE,DOWN,DIR_EMERGENCY,1,1,0.6402220152637444,0.6402220152637444,11.0,0.559271369735582,11.0,0.4392130436028852,11,0.9984844133384672,0.01667145327686126,0.0,0,0,0,82.31876673411016,SUCCESS,BULLISH,emergency,2,88331.83,88351.03,-0.02173149537701721,111.41515400353266
2025-12-22T21:12:38.430203+00:00,btc-updown-15m-1766437200,TRADE,UP,DIR_AVERAGE_DOWN,1,1,0.3601410170511317,0.3601410170511317,12.0,0.5426771736785445,11.0,0.4392130436028852,11,0.9818902172814297,0.19920760990427366,1.0,0,0,0,81.95862571705902,SUCCESS,BULLISH,average_down,2,88331.84,88351.03,-0.02172017688984761,110.99780629071164
2025-12-22T21:12:49.228652+00:00,btc-updown-15m-1766437200,TRADE,DOWN,DIR_EMERGENCY,1,1,0.6300358929631276,0.6300358929631276,12.0,0.5426771736785445,12.0,0.4551149477162388,12,0.9977921213947833,0.026494543262599812,0.0,0,0,0,81.3285898240959,SUCCESS,BULLISH,emergency,2,88331.85,88351.03,-0.021708858402661537,110.76415169482256
2025-12-22T21:12:54.722361+00:00,btc-updown-15m-1766437200,TRADE,UP,DIR_AVERAGE_DOWN,1,1,0.40010426763700746,0.40010426763700746,13.0,0.5317100270599647,12.0,0.4551149477162388,12,0.9868249747762035,0.15810030268555852,1.0,0,0,0,80.9284855564589,SUCCESS,BULLISH,average_down,2,88331.84,88351.03,-0.02172017688984761,110.96466599122627
2025-12-22T21:13:05.634449+00:00,btc-updown-15m-1766437200,TRADE,DOWN,DIR_EMERGENCY,1,1,0.6300584660267762,0.6300584660267762,13.0,0.5317100270599647,13.0,0.468572141432434,13,1.0002821684923986,-0.0036681904011817146,0.0,0,0,0,80.29842709043211,SUCCESS,BULLISH,emergency,2,88341.73,88351.03,-0.010526193073247602,52.46050983837873
2025-12-22T21:13:11.159920+00:00,btc-updown-15m-1766437200,TRADE,UP,DIR_AVERAGE_DOWN,1,1,0.39003280846916555,0.39003280846916555,14.0,0.5215902257320505,13.0,0.468572141432434,13,0.9901623671644845,0.1278892268617019,1.0,0,0,0,79.90839428196294,SUCCESS,BULLISH,average_down,2,88341.72,88351.03,-0.010537511560417203,53.52745213813772
2025-12-22T21:15:01.077675+00:00,btc-updown-15m-1766437200,RESOLUTION,DOWN,BINANCE_FALLBACK,27,27,1.0000,13.3937,14,0.5216,13,0.4686,13,0.9902,0.1279,0.07,0.0000,0.0000,-0.3937,92.91,RESOLVED
2025-12-22T21:15:20.567553+00:00,btc-updown-15m-1766438100,TRADE,UP,DIR_AVERAGE_DOWN,1,1,0.5202465033762933,0.5202465033762933,1.0,0.5202465033762933,0.0,0.0,0,0,0.0,1.0,0,0,0,92.38814777858664,SUCCESS,BULLISH,average_down,2,88330.04,88342.18,-0.013742019950152258,63.06985352579651
2025-12-22T21:25:00.844822+00:00,btc-updown-15m-1766438100,TRADE,DOWN,DIR_EMERGENCY,1,1,0.12004438529540466,0.12004438529540466,1.0,0.5202465033762933,1.0,0.12004438529540466,1,0.6402908886716979,0.3597091113283021,0.0,0,0,0,92.26810339329124,SUCCESS,BULLISH,emergency,2,88428.83,88342.18,0.0980845163658048,629.2752916683298
2025-12-22T21:26:33.370774+00:00,btc-updown-15m-1766438100,TRADE,UP,DIR_AVERAGE_DOWN,1,1,0.8200415859577029,0.8200415859577029,2.0,0.6701440446669982,1.0,0.12004438529540466,1,0.7901884299624028,0.2098115700375972,1.0,0,0,0,91.44806180733354,SUCCESS,BULLISH,average_down,2,88385.01,88342.18,0.04848193694110984,255.46199417260362
2025-12-22T21:26:38.801838+00:00,btc-updown-15m-1766438100,TRADE,DOWN,DIR_EMERGENCY,1,1,0.18007583718096828,0.18007583718096828,2.0,0.6701440446669982,2.0,0.15006011123818647,2,0.8202041559051847,0.3595916881896306,0.0,0,0,0,91.26798597015258,SUCCESS,BULLISH,emergency,2,88385.01,88342.18,0.04848193694110984,257.1632195794531
2025-12-22T21:30:05.394702+00:00,btc-updown-15m-1766438100,RESOLUTION,UP,BINANCE_FALLBACK,4,4,1.0000,1.6404,2,0.6701,2,0.1501,2,0.8202,0.3596,0.00,0.0000,0.0000,0.3596,93.27,RESOLVED
2025-12-22T21:30:13.630860+00:00,btc-updown-15m-1766439000,TRADE,UP,DIR_AVERAGE_DOWN,1,1,0.5700188259258908,0.5700188259258908,1.0,0.5700188259258908,0.0,0.0,0,0,0.0,1.0,0,0,0,92.6979671442267,SUCCESS,BULLISH,average_down,2,88461.01,88436.79,0.027386792306687256,234.75157620947678
2025-12-22T21:40:06.328425+00:00,btc-updown-15m-1766439000,TRADE,DOWN,DIR_EMERGENCY,1,1,0.040007080072604076,0.040007080072604076,1.0,0.5700188259258908,1.0,0.040007080072604076,1,0.6100259059984949,0.38997409400150507,0.0,0,0,0,92.6579600641541,SUCCESS,BULLISH,emergency,2,88571.21,88436.79,0.151995566550994,502.2925129894954
2025-12-22T21:45:01.201045+00:00,btc-updown-15m-1766439000,RESOLUTION,UP,BINANCE_FALLBACK,2,2,1.0000,0.6100,1,0.5700,1,0.0400,1,0.6100,0.3900,0.00,0.0000,0.0000,0.3900,93.66,RESOLVED
2025-12-22T21:45:10.150216+00:00,btc-updown-15m-1766439900,TRADE,UP,DIR_AVERAGE_DOWN,1,1,0.48020115308378103,0.48020115308378103,1.0,0.48020115308378103,0.0,0.0,0,0,0.0,1.0,0,0,0,93.17775891107031,SUCCESS,BULLISH,average_down,2,88554.46,88554.45,1.1292487288118469e-05,0.28244787670252824
2025-12-22T21:46:20.639163+00:00,btc-updown-15m-1766439900,TRADE,UP,DIR_AVERAGE_DOWN,1,1,0.3600441074912481,0.3600441074912481,2.0,0.42012263028751456,0.0,0.0,0,0,0.0,2.0,0,0,0,92.81771480357907,SUCCESS,BULLISH,average_down,2,88523.64,88554.45,-0.03479215330228766,252.0550238482677
2025-12-22T21:46:47.732577+00:00,btc-updown-15m-1766439900,TRADE,UP,DIR_AVERAGE_DOWN,1,1,0.14004649482852982,0.14004649482852982,3.0,0.32676391846785297,0.0,0.0,0,0,0.0,3.0,0,0,0,92.67766830875054,SUCCESS,BULLISH,average_down,2,88388.36,88554.45,-0.18755692119367973,407.27810737828247
2025-12-22T21:46:53.151628+00:00,btc-updown-15m-1766439900,TRADE,UP,DIR_ACCUMULATE,1,1,0.150017921474152,0.150017921474152,4.0,0.28257741921942775,0.0,0.0,0,0,0.0,4.0,0,0,0,92.5276503872764,SUCCESS,BULLISH,accumulate,2,88388.36,88554.45,-0.18755692119367973,398.38106746489694
2025-12-22T21:46:58.564694+00:00,btc-updown-15m-1766439900,TRADE,UP,DIR_ACCUMULATE,1,1,0.13002531514974125,0.13002531514974125,5.0,0.25206699840549046,0.0,0.0,0,0,0.0,5.0,0,0,0,92.39762507212666,SUCCESS,BULLISH,accumulate,2,88379.52,88554.45,-0.19753947994707555,417.4318627015528
2025-12-22T21:47:04.151067+00:00,btc-updown-15m-1766439900,TRADE,UP,DIR_ACCUMULATE,1,1,0.1400018585537003,0.1400018585537003,6.0,0.23338947509685873,0.0,0.0,0,0,0.0,6.0,0,0,0,92.25762321357296,SUCCESS,BULLISH,accumulate,2,88372.14,88554.45,-0.20587333555795068,433.3425716332011
2025-12-22T21:47:09.664065+00:00,btc-updown-15m-1766439900,TRADE,DOWN,DIR_REBALANCE,5,5,0.9002401748361476,4.501200874180738,6.0,0.23338947509685873,5.0,0.9002401748361477,5,1.1336296499330065,-0.6681482496650326,1.0,0,0,0,87.75642233939222,SUCCESS,BULLISH,rebalance,2,88372.14,88554.45,-0.20587333555795068,433.3423067928909
2025-12-22T21:47:15.134796+00:00,btc-updown-15m-1766439900,TRADE,UP,DIR_AVERAGE_DOWN,1,1,0.1300218575119549,0.1300218575119549,7.0,0.21862267258472962,5.0,0.9002401748361477,5,1.1188628474208773,-0.5943142371043864,2.0,0,0,0,87.62640048188027,SUCCESS,BULLISH,average_down,2,88372.14,88554.45,-0.20587333555795068,433.45564506539927
2025-12-22T21:48:20.155643+00:00,btc-updown-15m-1766439900,TRADE,UP,DIR_AVERAGE_DOWN,1,1,0.10003203801538162,0.10003203801538162,8.0,0.20379884326356112,5.0,0.9002401748361477,5,1.1040390180997088,-0.5201950904985442,3.0,0,0,0,87.52636844386488,SUCCESS,BULLISH,average_down,2,88345.92,88554.45,-0.2354822371998232,1317.21556778466
2025-12-22T21:48:25.640666+00:00,btc-updown-15m-1766439900,TRADE,UP,DIR_ACCUMULATE,1,1,0.09003611247893142,0.09003611247893142,9.0,0.19115853984304673,5.0,0.9002401748361477,5,1.0913987146791944,-0.4569935733959718,4.0,0,0,0,87.43633233138596,SUCCESS,BULLISH,accumulate,2,88345.92,88554.45,-0.2354822371998232,1321.3221871500425
2025-12-22T21:48:36.499786+00:00,btc-updown-15m-1766439900,TRADE,UP,DIR_ACCUMULATE,1,1,0.10002860442368444,0.10002860442368444,10.0,0.1820455463011105,5.0,0.9002401748361477,5,1.0822857211372583,-0.41142860568629147,5.0,0,0,0,87.33630372696227,SUCCESS,BULLISH,accumulate,2,88351.73,88554.45,-0.22892130209153935,1261.7232789938378
2025-12-22T21:48:41.896862+00:00,btc-updown-15m-1766439900,TRADE,UP,DIR_ACCUMULATE,1,1,0.09000092052537816,0.09000092052537816,11.0,0.1736778530487712,5.0,0.9002401748361477,5,1.073918027884919,-0.36959013942459484,6.0,0,0,0,87.24630280643689,SUCCESS,BULLISH,accumulate,2,88344.07,88554.45,-0.23757134734616964,1267.2655489846086
2025-12-22T21:48:47.295291+00:00,btc-updown-15m-1766439900,TRADE,DOWN,DIR_REBALANCE,5,5,0.9403290570888021,4.701645285444011,11.0,0.1736778530487712,10.0,0.9202846159624748,10,1.093962469011246,-0.9396246901124594,1.0,0,0,0,82.54465752099287,SUCCESS,BULLISH,rebalance,2,88337.34,88554.45,-0.24517119128400727,1417.5453371504643
2025-12-22T21:48:52.707031+00:00,btc-updown-15m-1766439900,TRADE,UP,DIR_AVERAGE_DOWN,1,1,0.07001924256154686,0.07001924256154686,12.0,0.16503963550816916,10.0,0.9202846159624748,10,1.085324251470644,-0.8532425147064404,2.0,0,0,0,82.47463827843133,SUCCESS,BULLISH,average_down,2,88337.1,88554.45,-0.2454422109786592,1436.0862556021177
2025-12-22T21:51:42.003910+00:00,btc-updown-15m-1766439900,TRADE,UP,DIR_AVERAGE_DOWN,1,1,0.0400166349142761,0.0400166349142761,13.0,0.15542248161633127,10.0,0.9202846159624748,10,1.0757070975788061,-0.7570709757880612,3.0,0,0,0,82.43462164351705,SUCCESS,BULLISH,average_down,2,88325.29,88554.45,-0.2587786384535204,1759.7489492163827
2025-12-22T21:51:47.427949+00:00,btc-updown-15m-1766439900,TRADE,UP,DIR_ACCUMULATE,1,1,0.05001992771917727,0.05001992771917727,14.0,0.14789372776653456,10.0,0.9202846159624748,10,1.0681783437290093,-0.6817834372900933,4.0,0,0,0,82.38460171579787,SUCCESS,BULLISH,accumulate,2,88314.64,88554.45,-0.27080513740415946,1869.8059273272947
2025-12-22T21:51:52.845533+00:00,btc-updown-15m-1766439900,TRADE,UP,DIR_ACCUMULATE,1,1,0.04000254596590868,0.04000254596590868,15.0,0.1407009823131595,10.0,0.9202846159624748,10,1.0609855982756342,-0.6098559827563421,5.0,0,0,0,82.34459916983197,SUCCESS,BULLISH,accumulate,2,88314.63,88554.45,-0.2708164298914312,1874.4516880165882
2025-12-22T22:00:01.243656+00:00,btc-updown-15m-1766439900,RESOLUTION,DOWN,BINANCE_FALLBACK,25,25,1.0000,11.3134,15,0.1407,10,0.9203,10,1.0610,-0.6099,0.33,0.0000,0.0000,-1.3134,92.34,RESOLVED
2025-12-22T22:00:09.823984+00:00,btc-updown-15m-1766440800,TRADE,UP,DIR_AVERAGE_DOWN,1,1,0.4500983215055894,0.4500983215055894,1.0,0.4500983215055894,0.0,0.0,0,0,0.0,1.0,0,0,0,91.89450084832637,SUCCESS,BULLISH,average_down,2,88264.52,88275.06,-0.011939952235652513,57.920578676784274
2025-12-22T22:01:41.994704+00:00,btc-updown-15m-1766440800,TRADE,UP,DIR_AVERAGE_DOWN,1,1,0.3600737380306681,0.3600737380306681,2.0,0.4050860297681288,0.0,0.0,0,0,0.0,2.0,0,0,0,91.53442711029571,SUCCESS,BULLISH,average_down,2,88236.1,88275.06,-0.04413477600580713,302.4370462361816
2025-12-22T22:03:14.535333+00:00,btc-updown-15m-1766440800,TRADE,UP,DIR_AVERAGE_DOWN,1,1,0.27001385461885197,0.27001385461885197,3.0,0.36006197138503654,0.0,0.0,0,0,0.0,3.0,0,0,0,91.26441325567686,SUCCESS,BULLISH,average_down,2,88206.81,88275.06,-0.07731515560567165,165.5941022368349
2025-12-22T22:03:19.928561+00:00,btc-updown-15m-1766440800,TRADE,UP,DIR_ACCUMULATE,1,1,0.260084484978432,0.260084484978432,4.0,0.3350675997833854,0.0,0.0,0,0,0.0,4.0,0,0,0,91.00432877069842,SUCCESS,BULLISH,accumulate,2,88206.81,88275.06,-0.07731515560567165,165.21758359757342
2025-12-22T22:03:25.330719+00:00,btc-updown-15m-1766440800,TRADE,UP,DIR_ACCUMULATE,1,1,0.2700438620302238,0.2700438620302238,5.0,0.3220628522327531,0.0,0.0,0,0,0.0,5.0,0,0,0,90.7342849086682,SUCCESS,BULLISH,accumulate,2,88201.59,88275.06,-0.08322849058386499,195.20729467905878
2025-12-22T22:03:30.743688+00:00,btc-updown-15m-1766440800,TRADE,UP,DIR_ACCUMULATE,1,1,0.2601166492430133,0.2601166492430133,6.0,0.3117384850677965,0.0,0.0,0,0,0.0,6.0,0,0,0,90.47416825942518,SUCCESS,BULLISH,accumulate,2,88201.58,88275.06,-0.08323981881178663,197.13252263121313
2025-12-22T22:03:36.125001+00:00,btc-updown-15m-1766440800,TRADE,DOWN,DIR_REBALANCE,5,5,0.760325007412328,3.80162503706164,6.0,0.3117384850677965,5.0,0.760325007412328,5,1.0720634924801244,-0.36031746240062223,1.0,0,0,0,86.67254322236354,SUCCESS,BULLISH,rebalance,2,88201.58,88275.06,-0.08323981881178663,197.6404226466731
2025-12-22T22:03:41.538405+00:00,btc-updown-15m-1766440800,TRADE,UP,DIR_AVERAGE_DOWN,1,1,0.2400986895167747,0.2400986895167747,7.0,0.3015042285605077,5.0,0.760325007412328,5,1.0618292359728356,-0.30914617986417814,2.0,0,0,0,86.43244453284677,SUCCESS,BULLISH,average_down,2,88201.59,88275.06,-0.08322849058386499,196.66866329936954
2025-12-22T22:08:12.860092+00:00,btc-updown-15m-1766440800,TRADE,UP,DIR_AVERAGE_DOWN,1,1,0.1500418351861301,0.1500418351861301,8.0,0.28257142938871044,5.0,0.760325007412328,5,1.0428964368010385,-0.21448218400519248,3.0,0,0,0,86.28240269766064,SUCCESS,BULLISH,average_down,2,88201.29,88275.06,-0.08356833742169541,578.0051310740564
2025-12-22T22:08:29.162045+00:00,btc-updown-15m-1766440800,TRADE,UP,DIR_ACCUMULATE,1,1,0.14000200806676447,0.14000200806676447,9.0,0.2667303825751609,5.0,0.760325007412328,5,1.0270553899874888,-0.135276949937444,4.0,0,0,0,86.14240068959388,SUCCESS,BULLISH,accumulate,2,88182.36,88275.06,-0.10501267288857928,731.6491492821098
2025-12-22T22:08:34.603841+00:00,btc-updown-15m-1766440800,TRADE,UP,DIR_ACCUMULATE,1,1,0.12000946984468722,0.12000946984468722,10.0,0.25205829130211355,5.0,0.760325007412328,5,1.0123832987144414,-0.06191649357220719,5.0,0,0,0,86.0223912197492,SUCCESS,BULLISH,accumulate,2,88173.27,88275.06,-0.1153100320747373,832.1583428313179
2025-12-22T22:08:40.032021+00:00,btc-updown-15m-1766440800,TRADE,UP,DIR_ACCUMULATE,1,1,0.13001210003872998,0.13001210003872998,11.0,0.24096318300544228,5.0,0.760325007412328,5,1.0012881904177702,-0.006440952088850871,6.0,0,0,0,85.89237911971047,SUCCESS,BULLISH,accumulate,2,88173.26,88275.06,-0.11532136030267544,834.7036374971675
2025-12-22T22:08:45.446173+00:00,btc-updown-15m-1766440800,TRADE,DOWN,DIR_REBALANCE,5,5,0.8503903178444299,4.251951589222149,11.0,0.24096318300544228,10.0,0.8053576626283789,10,1.0463208456338213,-0.4632084563382133,1.0,0,0,0,81.64042753048832,SUCCESS,BULLISH,rebalance,2,88188.54,88275.06,-0.09801182802934837,665.2441826732257
2025-12-22T22:08:50.851823+00:00,btc-updown-15m-1766440800,TRADE,UP,DIR_AVERAGE_DOWN,1,1,0.15003711608510958,0.15003711608510958,12.0,0.23338601076208124,10.0,0.8053576626283789,10,1.0387436733904603,-0.38743673390460254,2.0,0,0,0,81.49039041440321,SUCCESS,BULLISH,average_down,2,88179.01,88275.06,-0.10880762924432215,773.7718200378324
2025-12-22T22:08:56.345303+00:00,btc-updown-15m-1766440800,TRADE,UP,DIR_AVERAGE_DOWN,1,1,0.12000387048150213,0.12000387048150213,13.0,0.22466430766357515,10.0,0.8053576626283789,10,1.030021970291954,-0.3002197029195397,3.0,0,0,0,81.37038654392171,SUCCESS,BULLISH,average_down,2,88179.0,88275.06,-0.10881895747224377,778.5063570124267
2025-12-22T22:09:01.760041+00:00,btc-updown-15m-1766440800,TRADE,UP,DIR_ACCUMULATE,1,1,0.11001271503533412,0.11001271503533412,14.0,0.21647490819012938,10.0,0.8053576626283789,10,1.0218325708185083,-0.21832570818508312,4.0,0,0,0,81.26037382888637,SUCCESS,BULLISH,accumulate,2,88179.0,88275.06,-0.10881895747224377,766.0114694562759
2025-12-22T22:09:12.575534+00:00,btc-updown-15m-1766440800,TRADE,UP,DIR_ACCUMULATE,1,1,0.1400475884908288,0.1400475884908288,15.0,0.21137975354350935,10.0,0.8053576626283789,10,1.0167374161718883,-0.16737416171888286,5.0,0,0,0,81.12032624039554,SUCCESS,BULLISH,accumulate,2,88194.0,88275.06,-0.09182661558088737,547.4432587692853
2025-12-22T22:13:07.064761+00:00,btc-updown-15m-1766440800,TRADE,DOWN,DIR_EMERGENCY,5,5,0.640134673891002,3.20067336945501,15.0,0.21137975354350935,15.0,0.7502833330492533,15,0.9616630865927627,0.5750537011085599,0.0,0,0,0,77.91965287094054,SUCCESS,BULLISH,emergency,2,88266.17,88275.06,-0.010070794627609903,99.45155003603134
2025-12-22T22:15:02.581524+00:00,btc-updown-15m-1766440800,RESOLUTION,UP,BINANCE_FALLBACK,30,30,1.0000,14.4249,15,0.2114,15,0.7503,15,0.9617,0.5751,0.00,0.0000,0.0000,0.5751,92.92,RESOLVED
2025-12-22T22:15:16.825971+00:00,btc-updown-15m-1766441700,TRADE,UP,DIR_AVERAGE_DOWN,1,1,0.530199279529645,0.530199279529645,1.0,0.530199279529645,0.0,0.0,0,0,0.0,1.0,0,0,0,92.3894535914109,SUCCESS,BULLISH,average_down,2,88294.69,88286.62,0.009140682925687931,43.903707487435945
2025-12-22T22:25:02.590378+00:00,btc-updown-15m-1766441700,TRADE,DOWN,DIR_EMERGENCY,1,1,0.1500050167621513,0.1500050167621513,1.0,0.530199279529645,1.0,0.1500050167621513,1,0.6802042962917962,0.31979570370820376,0.0,0,0,0,92.23944857464875,SUCCESS,BULLISH,emergency,2,88360.0,88286.62,0.08311565217923697,535.8517098235366
2025-12-22T22:30:54.908111+00:00,btc-updown-15m-1766441700,RESOLUTION,UP,BINANCE_FALLBACK,2,2,1.0000,0.6802,1,0.5302,1,0.1500,1,0.6802,0.3198,0.00,0.0000,0.0000,0.3198,93.24,RESOLVED
2025-12-22T22:31:03.242419+00:00,btc-updown-15m-1766442600,TRADE,UP,DIR_AVERAGE_DOWN,1,1,0.31004010419675787,0.31004010419675787,1.0,0.31004010419675787,0.0,0.0,0,0,0.0,1.0,0,0,0,92.92940847045199,SUCCESS,BULLISH,average_down,2,88380.01,88434.0,-0.061051179410639846,13472.344507185935
2025-12-22T22:33:08.380999+00:00,btc-updown-15m-1766442600,TRADE,UP,DIR_AVERAGE_DOWN,1,1,0.23007158274808726,0.23007158274808726,2.0,0.27005584347242256,0.0,0.0,0,0,0.0,2.0,0,0,0,92.69933688770391,SUCCESS,BULLISH,average_down,2,88353.02,88434.0,-0.09157111518193899,414.32544270216897
2025-12-22T22:33:19.218378+00:00,btc-updown-15m-1766442600,TRADE,UP,DIR_AVERAGE_DOWN,1,1,0.18001466775012814,0.18001466775012814,3.0,0.24004211823165775,0.0,0.0,0,0,0.0,3.0,0,0,0,92.51932221995378,SUCCESS,BULLISH,average_down,2,88333.08,88434.0,-0.1141190040029833,519.3289728862612
2025-12-22T22:33:24.760435+00:00,btc-updown-15m-1766442600,TRADE,UP,DIR_ACCUMULATE,1,1,0.16004454807256754,0.16004454807256754,4.0,0.22004272569188518,0.0,0.0,0,0,0.0,4.0,0,0,0,92.35927767188122,SUCCESS,BULLISH,accumulate,2,88324.57,88434.0,-0.1237419996833718,570.7596021268912
2025-12-22T22:33:30.272533+00:00,btc-updown-15m-1766442600,TRADE,UP,DIR_ACCUMULATE,1,1,0.18006973307321525,0.18006973307321525,5.0,0.2120481271681512,0.0,0.0,0,0,0.0,5.0,0,0,0,92.179207938808,SUCCESS,BULLISH,accumulate,2,88324.57,88434.0,-0.1237419996833718,560.5039715434922
2025-12-22T22:33:41.304611+00:00,btc-updown-15m-1766442600,TRADE,UP,DIR_ACCUMULATE,1,1,0.18001380311210854,0.18001380311210854,6.0,0.20670907315881074,0.0,0.0,0,0,0.0,6.0,0,0,0,91.9991941356959,SUCCESS,BULLISH,accumulate,2,88324.58,88434.0,-0.12373069181536316,550.0106141739946
2025-12-22T22:33:46.736195+00:00,btc-updown-15m-1766442600,TRADE,DOWN,DIR_REBALANCE,5,1,0.8303241120974888,0.8303241120974888,6.0,0.20670907315881074,1.0,0.8303241120974888,1,1.0370331852562995,-0.037033185256299506,5.0,0,0,0,91.16887002359842,SUCCESS,BULLISH,rebalance,2,88324.58,88434.0,-0.12373069181536316,544.9052206095567
2025-12-22T22:33:57.675183+00:00,btc-updown-15m-1766442600,TRADE,UP,DIR_ACCUMULATE,1,1,0.15006561839990568,0.15006561839990568,7.0,0.19861715105039573,1.0,0.8303241120974888,1,1.0289412631478845,-0.028941263147884477,6.0,0,0,0,91.01880440519851,SUCCESS,BULLISH,accumulate,2,88313.94,88434.0,-0.13576226338285916,715.5589167603505
2025-12-22T22:34:03.079809+00:00,btc-updown-15m-1766442600,TRADE,DOWN,DIR_REBALANCE,5,5,0.8502642068629065,4.2513210343145325,7.0,0.19861715105039573,6.0,0.8469408577353369,6,1.0455580087857326,-0.27334805271439544,1.0,0,0,0,86.76748337088398,SUCCESS,BULLISH,rebalance,2,88313.93,88434.0,-0.13577357125088427,711.059745998257
2025-12-22T22:34:08.482110+00:00,btc-updown-15m-1766442600,TRADE,UP,DIR_AVERAGE_DOWN,1,1,0.16004539058483733,0.16004539058483733,8.0,0.19379568099220093,6.0,0.8469408577353369,6,1.0407365387275378,-0.24441923236522678,2.0,0,0,0,86.60743798029914,SUCCESS,BULLISH,average_down,2,88313.94,88434.0,-0.13576226338285916,790.6786019483216
2025-12-22T22:36:51.706436+00:00,btc-updown-15m-1766442600,TRADE,UP,DIR_AVERAGE_DOWN,1,1,0.12000211267195265,0.12000211267195265,9.0,0.18559639562328445,6.0,0.8469408577353369,6,1.0325372533586212,-0.1952235201517274,3.0,0,0,0,86.48743586762718,SUCCESS,BULLISH,average_down,2,88334.8,88434.0,-0.11217405070447688,831.3186509735931
2025-12-22T22:36:57.204525+00:00,btc-updown-15m-1766442600,TRADE,UP,DIR_ACCUMULATE,1,1,0.12002229500665221,0.12002229500665221,10.0,0.17903898556162123,6.0,0.8469408577353369,6,1.025979843296958,-0.1558790597817481,4.0,0,0,0,86.36741357262053,SUCCESS,BULLISH,accumulate,2,88334.8,88434.0,-0.11217405070447688,808.9240370748219
2025-12-22T22:37:02.610514+00:00,btc-updown-15m-1766442600,TRADE,UP,DIR_ACCUMULATE,1,1,0.12000464907158738,0.12000464907158738,11.0,0.17367222769889087,6.0,0.8469408577353369,6,1.0206130854342277,-0.12367851260536611,5.0,0,0,0,86.24740892354895,SUCCESS,BULLISH,accumulate,2,88334.81,88434.0,-0.11216274283646825,824.4636943627185
2025-12-22T22:37:08.031441+00:00,btc-updown-15m-1766442600,TRADE,UP,DIR_ACCUMULATE,1,1,0.12005731100272157,0.12005731100272157,12.0,0.1692043179742101,6.0,0.8469408577353369,6,1.016145175709547,-0.09687105425728193,6.0,0,0,0,86.12735161254622,SUCCESS,BULLISH,accumulate,2,88334.81,88434.0,-0.11216274283646825,836.9483083551653
2025-12-22T22:37:13.437290+00:00,btc-updown-15m-1766442600,TRADE,DOWN,DIR_REBALANCE,5,5,0.9201185247950927,4.600592623975464,12.0,0.1692043179742101,11.0,0.8802034336715895,11,1.0494077516457996,-0.5434852681037954,1.0,0,0,0,81.52675898857076,SUCCESS,BULLISH,rebalance,2,88315.14,88434.0,-0.1344053192211147,904.7530015119024
2025-12-22T22:37:18.861543+00:00,btc-updown-15m-1766442600,TRADE,UP,DIR_AVERAGE_DOWN,1,1,0.09003063438646297,0.09003063438646297,13.0,0.16311403462130647,11.0,0.8802034336715895,11,1.043317468292896,-0.47649215122185673,2.0,0,0,0,81.4367283541843,SUCCESS,BULLISH,average_down,2,88314.82,88434.0,-0.13476717099757224,914.9167257530208
2025-12-22T22:45:00.718210+00:00,btc-updown-15m-1766442600,RESOLUTION,DOWN,BINANCE_FALLBACK,24,24,1.0000,11.8027,13,0.1631,11,0.8802,11,1.0433,-0.4765,0.15,0.0000,0.0000,-0.8027,92.44,RESOLVED
2025-12-22T22:45:09.358101+00:00,btc-updown-15m-1766443500,TRADE,UP,DIR_AVERAGE_DOWN,1,1,0.5900258945483395,0.5900258945483395,1.0,0.5900258945483395,0.0,0.0,0,0,0.0,1.0,0,0,0,91.84670245963596,SUCCESS,BULLISH,average_down,2,88382.12,88363.48,0.02109468753380856,133.42237270525806
2025-12-22T22:55:01.328954+00:00,btc-updown-15m-1766443500,TRADE,DOWN,DIR_EMERGENCY,1,1,0.02000643622306571,0.02000643622306571,1.0,0.5900258945483395,1.0,0.02000643622306571,1,0.6100323307714053,0.3899676692285947,0.0,0,0,0,91.8266960234129,SUCCESS,BULLISH,emergency,2,88707.78,88363.48,0.3896406071829707,414.88605023265643
2025-12-22T23:00:01.178509+00:00,btc-updown-15m-1766443500,RESOLUTION,UP,BINANCE_FALLBACK,2,2,1.0000,0.6100,1,0.5900,1,0.0200,1,0.6100,0.3900,0.00,0.0000,0.0000,0.3900,92.83,RESOLVED
2025-12-22T23:00:15.499618+00:00,btc-updown-15m-1766444400,TRADE,UP,DIR_AVERAGE_DOWN,1,1,0.35992558162204746,0.35992558162204746,1.0,0.35992558162204746,0.0,0.0,0,0,0.0,1.0,0,0,0,92.46677044179084,SUCCESS,BULLISH,average_down,2,88606.62,88660.07,-0.060286440107718886,310.777588472733
2025-12-22T23:03:03.953424+00:00,btc-updown-15m-1766444400,TRADE,UP,DIR_AVERAGE_DOWN,1,1,0.2800799025401455,0.2800799025401455,2.0,0.32000274208109647,0.0,0.0,0,0,0.0,2.0,0,0,0,92.18669053925069,SUCCESS,BULLISH,average_down,2,88582.39,88660.07,-0.08761554102089876,463.8535321070942
2025-12-22T23:04:15.135594+00:00,btc-updown-15m-1766444400,TRADE,UP,DIR_AVERAGE_DOWN,1,1,0.17005471181086662,0.17005471181086662,3.0,0.2700200653243532,0.0,0.0,0,0,0.0,3.0,0,0,0,92.01663582743983,SUCCESS,BULLISH,average_down,2,88535.12,88660.07,-0.14093153772607175,1230.4372865387306
2025-12-22T23:04:20.549932+00:00,btc-updown-15m-1766444400,TRADE,UP,DIR_ACCUMULATE,1,1,0.13994673233001909,0.13994673233001909,4.0,0.23750173207576966,0.0,0.0,0,0,0.0,4.0,0,0,0,91.87668909510981,SUCCESS,BULLISH,accumulate,2,88514.0,88660.07,-0.16475285886871843,1018.6158421921422
2025-12-22T23:04:31.507098+00:00,btc-updown-15m-1766444400,TRADE,UP,DIR_ACCUMULATE,1,1,0.20002960024896052,0.20002960024896052,5.0,0.2300073057104078,0.0,0.0,0,0,0.0,5.0,0,0,0,91.67665949486086,SUCCESS,BULLISH,accumulate,2,88546.9,88660.07,-0.12764483492965073,628.2238080857272
2025-12-22T23:04:47.824063+00:00,btc-updown-15m-1766444400,TRADE,UP,DIR_ACCUMULATE,1,1,0.3001253048064785,0.3001253048064785,6.0,0.24169363889308626,0.0,0.0,0,0,0.0,6.0,0,0,0,91.37653419005437,SUCCESS,BULLISH,accumulate,2,88590.01,88660.07,-0.07902091663136768,371.22175243571104
2025-12-22T23:04:53.278476+00:00,btc-updown-15m-1766444400,TRADE,DOWN,DIR_REBALANCE,5,5,0.7000978600747038,3.500489300373519,6.0,0.24169363889308626,5.0,0.7000978600747038,5,0.94179149896779,0.2910425051610499,1.0,0,0,0,87.87604488968086,SUCCESS,BULLISH,rebalance,2,88602.45,88660.07,-0.06498979754923484,309.17931586210756
2025-12-22T23:04:58.692792+00:00,btc-updown-15m-1766444400,TRADE,UP,DIR_AVERAGE_DOWN,1,1,0.35016561203990154,0.35016561203990154,7.0,0.257189635056917,5.0,0.7000978600747038,5,0.9572874951316208,0.21356252434189593,2.0,0,0,0,87.52587927764095,SUCCESS,BULLISH,average_down,2,88606.59,88660.07,-0.06032027721161338,287.30130034042367
2025-12-22T23:05:09.762008+00:00,btc-updown-15m-1766444400,TRADE,UP,DIR_AVERAGE_DOWN,1,1,0.28011172129695294,0.28011172129695294,8.0,0.2600548958369215,5.0,0.7000978600747038,5,0.9601527559116252,0.19923622044187406,3.0,0,0,0,87.245767556344,SUCCESS,BULLISH,average_down,2,88580.96,88660.07,-0.08922844297325794,461.13488171512955
2025-12-22T23:05:15.320487+00:00,btc-updown-15m-1766444400,TRADE,UP,DIR_ACCUMULATE,1,1,0.24007286678202763,0.24007286678202763,9.0,0.2578346703863777,5.0,0.7000978600747038,5,0.9579325304610815,0.21033734769459245,4.0,0,0,0,87.00569468956198,SUCCESS,BULLISH,accumulate,2,88580.0,88660.07,-0.09031123029793116,477.43456213951083
2025-12-22T23:05:20.753406+00:00,btc-updown-15m-1766444400,TRADE,UP,DIR_ACCUMULATE,1,1,0.23007246304500092,0.23007246304500092,10.0,0.25505844965224,5.0,0.7000978600747038,5,0.9551563097269438,0.22421845136528118,5.0,0,0,0,86.77562222651697,SUCCESS,BULLISH,accumulate,2,88579.7,88660.07,-0.09064960133689257,479.26732908208567
2025-12-22T23:05:26.158147+00:00,btc-updown-15m-1766444400,TRADE,UP,DIR_ACCUMULATE,1,1,0.2200632315682811,0.2200632315682811,11.0,0.25187706619006195,5.0,0.7000978600747038,5,0.9519749262647657,0.24012536867617174,6.0,0,0,0,86.5555589949487,SUCCESS,BULLISH,accumulate,2,88562.84,88660.07,-0.10966605372633981,581.6907976897529
2025-12-22T23:05:31.682754+00:00,btc-updown-15m-1766444400,TRADE,DOWN,DIR_REBALANCE,5,3,0.8297592079941242,2.4892776239823724,11.0,0.25187706619006195,8.0,0.7487208655444864,8,1.0005979317345484,-0.0047834538763869006,3.0,0,0,0,84.06628137096632,SUCCESS,BULLISH,rebalance,2,88553.44,88660.07,-0.12026834628035443,622.4513836425542
2025-12-22T23:05:37.207787+00:00,btc-updown-15m-1766444400,TRADE,UP,DIR_ACCUMULATE,1,1,0.24002326675542282,0.24002326675542282,12.0,0.2508892495705087,8.0,0.7487208655444864,8,0.999610115114995,0.0031190790800401658,4.0,0,0,0,83.8262581042109,SUCCESS,BULLISH,accumulate,2,88569.2,88660.07,-0.10249258770042691,515.3550990672273
2025-12-22T23:05:42.641529+00:00,btc-updown-15m-1766444400,TRADE,UP,DIR_ACCUMULATE,1,1,0.25011806697125066,0.25011806697125066,13.0,0.2508299278321042,8.0,0.7487208655444864,8,0.9995507933765906,0.00359365298727532,5.0,0,0,0,83.57614003723964,SUCCESS,BULLISH,accumulate,2,88569.2,88660.07,-0.10249258770042691,516.1921024217233
2025-12-22T23:05:53.473698+00:00,btc-updown-15m-1766444400,TRADE,UP,DIR_ACCUMULATE,1,1,0.2800278647264727,0.2800278647264727,14.0,0.2529154947531306,8.0,0.7487208655444864,8,1.001636360297617,-0.013090882380936364,6.0,0,0,0,83.29611217251316,SUCCESS,BULLISH,accumulate,2,88580.0,88660.07,-0.09031123029793116,442.8735021936863
2025-12-22T23:05:58.901311+00:00,btc-updown-15m-1766444400,TRADE,DOWN,DIR_REBALANCE,5,5,0.6902165858409771,3.4510829292048855,14.0,0.2529154947531306,13.0,0.726219219504675,13,0.9791347142578056,0.27124871464852685,1.0,0,0,0,79.84502924330828,SUCCESS,BULLISH,rebalance,2,88609.51,88660.07,-0.057026799099089615,268.99876595740557
2025-12-22T23:06:04.311765+00:00,btc-updown-15m-1766444400,TRADE,UP,DIR_AVERAGE_DOWN,1,1,0.28006970150563215,0.28006970150563215,15.0,0.25472577520329737,13.0,0.726219219504675,13,0.9809449947079725,0.24771506879635785,2.0,0,0,0,79.56495954180264,SUCCESS,BULLISH,average_down,2,88597.49,88660.07,-0.07058419872666663,302.4682859052814
2025-12-22T23:10:03.383176+00:00,btc-updown-15m-1766444400,TRADE,DOWN,DIR_EMERGENCY,2,2,0.5102195076653316,1.0204390153306633,15.0,0.25472577520329737,15.0,0.6974192579260959,15,0.9521450331293932,0.7178245030591013,0.0,0,0,0,78.54452052647197,SUCCESS,BULLISH,emergency,2,88663.5,88660.07,0.003868708878746672,23.23419105476314
2025-12-22T23:15:03.153925+00:00,btc-updown-15m-1766444400,RESOLUTION,DOWN,BINANCE_FALLBACK,30,30,1.0000,14.2822,15,0.2547,15,0.6974,15,0.9521,0.7178,0.00,0.0000,0.0000,0.7178,93.54,RESOLVED
2025-12-22T23:15:11.705977+00:00,btc-updown-15m-1766445300,TRADE,UP,DIR_AVERAGE_DOWN,1,1,0.5001938432622448,0.5001938432622448,1.0,0.5001938432622448,0.0,0.0,0,0,0.0,1.0,0,0,0,93.04432668320973,SUCCESS,BULLISH,average_down,2,88636.02,88636.01,1.1282096305229924e-05,0.2711596329010841
2025-12-22T23:16:22.391154+00:00,btc-updown-15m-1766445300,TRADE,UP,DIR_AVERAGE_DOWN,1,1,0.35006162537222685,0.35006162537222685,2.0,0.42512773431723583,0.0,0.0,0,0,0.0,2.0,0,0,0,92.69426505783751,SUCCESS,BULLISH,average_down,2,88590.36,88636.01,-0.05150276958540234,360.7847584899453
2025-12-22T23:17:11.182595+00:00,btc-updown-15m-1766445300,TRADE,UP,DIR_AVERAGE_DOWN,1,1,0.27010080616667703,0.27010080616667703,3.0,0.3734520916003829,0.0,0.0,0,0,0.0,3.0,0,0,0,92.42416425167083,SUCCESS,BULLISH,average_down,2,88547.35,88636.01,-0.10002706574899858,286.8276578910134
2025-12-22T23:17:16.602711+00:00,btc-updown-15m-1766445300,TRADE,UP,DIR_ACCUMULATE,1,1,0.3200483431741142,0.3200483431741142,4.0,0.3601011544938157,0.0,0.0,0,0,0.0,4.0,0,0,0,92.10411590849672,SUCCESS,BULLISH,accumulate,2,88567.24,88636.01,-0.07758697621879587,217.40783349262048
2025-12-22T23:17:21.981787+00:00,btc-updown-15m-1766445300,TRADE,UP,DIR_ACCUMULATE,1,1,0.31003292866929,0.31003292866929,5.0,0.35008750932891053,0.0,0.0,0,0,0.0,5.0,0,0,0,91.79408297982744,SUCCESS,BULLISH,accumulate,2,88567.23,88636.01,-0.07759825831510109,197.2277017525709
2025-12-22T23:17:27.394190+00:00,btc-updown-15m-1766445300,TRADE,UP,DIR_ACCUMULATE,1,1,0.3200371729804969,0.3200371729804969,6.0,0.3450791199375083,0.0,0.0,0,0,0.0,6.0,0,0,0,91.47404580684695,SUCCESS,BULLISH,accumulate,2,88567.24,88636.01,-0.07758697621879587,186.7217539060278
2025-12-22T23:17:32.885129+00:00,btc-updown-15m-1766445300,TRADE,DOWN,DIR_REBALANCE,5,5,0.6800615334708361,3.4003076673541806,6.0,0.3450791199375083,5.0,0.6800615334708361,5,1.0251406534083443,-0.1257032670417213,1.0,0,0,0,88.07373813949276,SUCCESS,BULLISH,rebalance,2,88570.7,88636.01,-0.07368337090083102,182.83742786226264
2025-12-22T23:17:38.305745+00:00,btc-updown-15m-1766445300,TRADE,UP,DIR_AVERAGE_DOWN,1,1,0.3500275513270173,0.3500275513270173,7.0,0.3457860387074381,5.0,0.6800615334708361,5,1.0258475721782743,-0.12923786089137135,2.0,0,0,0,87.72371058816574,SUCCESS,BULLISH,average_down,2,88580.39,88636.01,-0.06275101959124214,160.12400481831986
2025-12-22T23:18:16.027231+00:00,btc-updown-15m-1766445300,TRADE,UP,DIR_AVERAGE_DOWN,1,1,0.27008355164542736,0.27008355164542736,8.0,0.33632322782468677,5.0,0.6800615334708361,5,1.0163847612955228,-0.08192380647761399,3.0,0,0,0,87.45362703652032,SUCCESS,BULLISH,average_down,2,88556.5,88636.01,-0.0897039476393339,105.5552136400616
2025-12-22T23:18:21.441970+00:00,btc-updown-15m-1766445300,TRADE,UP,DIR_ACCUMULATE,1,1,0.27004021848661725,0.27004021848661725,9.0,0.3289584490093457,5.0,0.6800615334708361,5,1.0090199824801818,-0.045099912400908826,4.0,0,0,0,87.1835868180337,SUCCESS,BULLISH,accumulate,2,88556.01,88636.01,-0.09025677035778124,106.53410926608146
2025-12-22T23:18:26.853161+00:00,btc-updown-15m-1766445300,TRADE,UP,DIR_ACCUMULATE,1,1,0.28008959482092133,0.28008959482092133,10.0,0.32407156359050326,5.0,0.6800615334708361,5,1.0041330970613394,-0.020665485306696763,5.0,0,0,0,86.90349722321278,SUCCESS,BULLISH,accumulate,2,88556.0,88636.01,-0.09026805245407003,106.98002507337273
2025-12-22T23:18:32.255632+00:00,btc-updown-15m-1766445300,TRADE,UP,DIR_ACCUMULATE,1,1,0.2900802867865626,0.2900802867865626,11.0,0.32098144751741775,5.0,0.6800615334708361,5,1.0010429809882537,-0.005214904941268639,6.0,0,0,0,86.61341693642622,SUCCESS,BULLISH,accumulate,2,88556.01,88636.01,-0.09025677035778124,102.60322406503286
2025-12-22T23:18:37.778960+00:00,btc-updown-15m-1766445300,TRADE,DOWN,DIR_REBALANCE,5,5,0.7200371056053021,3.6001855280265103,11.0,0.32098144751741775,10.0,0.700049319538069,10,1.0210307670554868,-0.21030767055486788,1.0,0,0,0,83.0132314083997,SUCCESS,BULLISH,rebalance,2,88556.01,88636.01,-0.09025677035778124,97.03239693713557
2025-12-22T23:18:43.282082+00:00,btc-updown-15m-1766445300,TRADE,UP,DIR_AVERAGE_DOWN,1,1,0.2800422104366964,0.2800422104366964,12.0,0.31756984442735764,10.0,0.700049319538069,10,1.0176191639654266,-0.1761916396542662,2.0,0,0,0,82.73318919796301,SUCCESS,BULLISH,average_down,2,88556.0,88636.01,-0.09026805245407003,96.22126304645757
2025-12-22T23:20:37.361466+00:00,btc-updown-15m-1766445300,TRADE,UP,DIR_AVERAGE_DOWN,1,1,0.19006430161440194,0.19006430161440194,13.0,0.30776172574943794,10.0,0.700049319538069,10,1.0078110452875069,-0.07811045287506868,3.0,0,0,0,82.54312489634862,SUCCESS,BULLISH,average_down,2,88545.75,88636.01,-0.10183220115616076,602.1669505556835
2025-12-22T23:20:42.763853+00:00,btc-updown-15m-1766445300,TRADE,UP,DIR_ACCUMULATE,1,1,0.19000490103745,0.19000490103745,14.0,0.29935052398429596,10.0,0.700049319538069,10,0.999399843522365,0.006001564776350055,4.0,0,0,0,82.35311999531116,SUCCESS,BULLISH,accumulate,2,88545.76,88636.01,-0.10182091905987195,597.9656196090699
2025-12-22T23:20:59.147559+00:00,btc-updown-15m-1766445300,TRADE,UP,DIR_ACCUMULATE,1,1,0.19007939436701482,0.19007939436701482,15.0,0.29206578200981054,10.0,0.700049319538069,10,0.9921151015478795,0.07884898452120481,5.0,0,0,0,82.16304060094414,SUCCESS,BULLISH,accumulate,2,88545.76,88636.01,-0.10182091905987195,827.4546342494284
2025-12-22T23:26:52.460664+00:00,btc-updown-15m-1766445300,TRADE,DOWN,DIR_EMERGENCY,5,5,0.6200285306348725,3.1001426531743626,15.0,0.29206578200981054,15.0,0.6733757232370036,15,0.9654415052468142,0.5183774212977876,0.0,0,0,0,79.06289794776978,SUCCESS,BULLISH,emergency,2,88607.8,88636.01,-0.031826793647403415,29.363922153266913
2025-12-22T23:30:04.420112+00:00,btc-updown-15m-1766445300,RESOLUTION,UP,BINANCE_FALLBACK,30,30,1.0000,14.4816,15,0.2921,15,0.6734,15,0.9654,0.5184,0.00,0.0000,0.0000,0.5184,94.06,RESOLVED
2025-12-22T23:30:13.009853+00:00,btc-updown-15m-1766446200,TRADE,UP,DIR_AVERAGE_DOWN,1,1,0.48011966571076065,0.48011966571076065,1.0,0.48011966571076065,0.0,0.0,0,0,0.0,1.0,0,0,0,93.58277828205902,SUCCESS,BULLISH,average_down,2,88642.44,88653.06,-0.011979281933410245,52.62708219381022
2025-12-22T23:30:51.161824+00:00,btc-updown-15m-1766446200,TRADE,UP,DIR_AVERAGE_DOWN,1,1,0.34013733581138483,0.34013733581138483,2.0,0.41012850076107277,0.0,0.0,0,0,0.0,2.0,0,0,0,93.24264094624763,SUCCESS,BULLISH,average_down,2,88600.08,88653.06,-0.05976105054918119,269.3799339201896
2025-12-22T23:31:50.989114+00:00,btc-updown-15m-1766446200,TRADE,UP,DIR_AVERAGE_DOWN,1,1,0.25005616644754486,0.25005616644754486,3.0,0.35677105598989683,0.0,0.0,0,0,0.0,3.0,0,0,0,92.99258477980008,SUCCESS,BULLISH,average_down,2,88573.42,88653.06,-0.0898333345741246,489.8948973103527
2025-12-22T23:31:56.391715+00:00,btc-updown-15m-1766446200,TRADE,UP,DIR_ACCUMULATE,1,1,0.26010483400889406,0.26010483400889406,4.0,0.3326045004946461,0.0,0.0,0,0,0.0,4.0,0,0,0,92.73247994579118,SUCCESS,BULLISH,accumulate,2,88573.42,88653.06,-0.0898333345741246,490.23563662532746
2025-12-22T23:32:01.816474+00:00,btc-updown-15m-1766446200,TRADE,UP,DIR_ACCUMULATE,1,1,0.260032532064292,0.260032532064292,5.0,0.3180901068085753,0.0,0.0,0,0,0.0,5.0,0,0,0,92.4724474137269,SUCCESS,BULLISH,accumulate,2,88573.42,88653.06,-0.0898333345741246,476.26539489405803
2025-12-22T23:32:12.639856+00:00,btc-updown-15m-1766446200,TRADE,UP,DIR_ACCUMULATE,1,1,0.250045453715854,0.250045453715854,6.0,0.30674933129312176,0.0,0.0,0,0,0.0,6.0,0,0,0,92.22240196001104,SUCCESS,BULLISH,accumulate,2,88573.43,88653.06,-0.08982205464763954,475.15066120102233
2025-12-22T23:32:18.058458+00:00,btc-updown-15m-1766446200,TRADE,DOWN,DIR_REBALANCE,5,5,0.7200159288683062,3.6000796443415313,6.0,0.30674933129312176,5.0,0.7200159288683062,5,1.026765260161428,-0.13382630080714053,1.0,0,0,0,88.6223223156695,SUCCESS,BULLISH,rebalance,2,88574.42,88653.06,-0.08870534192502709,517.9617515307527
2025-12-22T23:32:23.501995+00:00,btc-updown-15m-1766446200,TRADE,UP,DIR_AVERAGE_DOWN,1,1,0.2900307831022666,0.2900307831022666,7.0,0.3043609672658567,5.0,0.7200159288683062,5,1.024376896134163,-0.12188448067081525,2.0,0,0,0,88.33229153256724,SUCCESS,BULLISH,average_down,2,88574.44,88653.06,-0.08868278207204054,534.4730839095381
2025-12-22T23:35:12.147929+00:00,btc-updown-15m-1766446200,TRADE,UP,DIR_AVERAGE_DOWN,1,1,0.18004055941643177,0.18004055941643177,8.0,0.2888209162846786,5.0,0.7200159288683062,5,1.0088368451529848,-0.04418422576492387,3.0,0,0,0,88.15225097315081,SUCCESS,BULLISH,average_down,2,88558.29,88653.06,-0.10689986335497509,514.2556227960083
2025-12-22T23:35:17.855367+00:00,btc-updown-15m-1766446200,TRADE,UP,DIR_ACCUMULATE,1,1,0.18001301075729256,0.18001301075729256,9.0,0.2767311490038579,5.0,0.7200159288683062,5,0.9967470778721641,0.0162646106391795,4.0,0,0,0,87.97223796239352,SUCCESS,BULLISH,accumulate,2,88558.29,88653.06,-0.10689986335497509,513.6534975526797
2025-12-22T23:35:23.485847+00:00,btc-updown-15m-1766446200,TRADE,UP,DIR_ACCUMULATE,1,1,0.18007286047119783,0.18007286047119783,10.0,0.2670653201505919,5.0,0.7200159288683062,5,0.9870812490188982,0.06459375490550923,5.0,0,0,0,87.79216510192232,SUCCESS,BULLISH,accumulate,2,88558.28,88653.06,-0.10691114328146016,511.1689775063643
2025-12-22T23:35:45.087028+00:00,btc-updown-15m-1766446200,TRADE,UP,DIR_ACCUMULATE,1,1,0.11000590918605725,0.11000590918605725,11.0,0.2527871918810888,5.0,0.7200159288683062,5,0.972803120749395,0.13598439625302494,6.0,0,0,0,87.68215919273626,SUCCESS,BULLISH,accumulate,2,88523.65,88653.06,-0.14597352871971198,965.4867503577079
2025-12-22T23:35:50.494424+00:00,btc-updown-15m-1766446200,TRADE,DOWN,DIR_REBALANCE,5,5,0.9002199572131412,4.501099786065706,11.0,0.2527871918810888,10.0,0.8101179430407237,10,1.0629051349218126,-0.629051349218126,1.0,0,0,0,83.18105940667056,SUCCESS,BULLISH,rebalance,2,88523.65,88653.06,-0.14597352871971198,961.2876277978993
2025-12-22T23:35:55.984816+00:00,btc-updown-15m-1766446200,TRADE,UP,DIR_AVERAGE_DOWN,1,1,0.1200230903218005,0.1200230903218005,12.0,0.2417235167511481,10.0,0.8101179430407237,10,1.0518414597918717,-0.5184145979187171,2.0,0,0,0,83.06103631634876,SUCCESS,BULLISH,average_down,2,88523.65,88653.06,-0.14597352871971198,961.0536558310662
2025-12-22T23:36:39.336396+00:00,btc-updown-15m-1766446200,TRADE,UP,DIR_AVERAGE_DOWN,1,1,0.09003112425246282,0.09003112425246282,13.0,0.23005487117432613,10.0,0.8101179430407237,10,1.04017281421505,-0.40172814215049923,3.0,0,0,0,82.9710051920963,SUCCESS,BULLISH,average_down,2,88522.01,88653.06,-0.14782343666423123,1968.603187525711
2025-12-22T23:36:44.729289+00:00,btc-updown-15m-1766446200,TRADE,UP,DIR_ACCUMULATE,1,1,0.09000269085759986,0.09000269085759986,14.0,0.22005114400884568,10.0,0.8101179430407237,10,1.0301690870495694,-0.30169087049569443,4.0,0,0,0,82.8810025012387,SUCCESS,BULLISH,accumulate,2,88517.2,88653.06,-0.15324908130638762,1490.8086092281005
2025-12-22T23:36:50.137152+00:00,btc-updown-15m-1766446200,TRADE,UP,DIR_ACCUMULATE,1,1,0.09001173900648955,0.09001173900648955,15.0,0.21138185034202192,10.0,0.8101179430407237,10,1.0214997933827457,-0.21499793382745658,5.0,0,0,0,82.79099076223221,SUCCESS,BULLISH,accumulate,2,88514.4,88653.06,-0.1564074607238639,1395.8792834416677
2025-12-22T23:45:04.912920+00:00,btc-updown-15m-1766446200,RESOLUTION,DOWN,BINANCE_FALLBACK,25,25,1.0000,11.2719,15,0.2114,10,0.8101,10,1.0215,-0.2150,0.33,0.0000,0.0000,-1.2719,92.79,RESOLVED
2025-12-22T23:45:12.975005+00:00,btc-updown-15m-1766447100,TRADE,UP,DIR_AVERAGE_DOWN,1,1,0.4001123499463276,0.4001123499463276,1.0,0.4001123499463276,0.0,0.0,0,0,0.0,1.0,0,0,0,92.39087841228589,SUCCESS,BULLISH,average_down,2,88481.72,88504.79,-0.026066385785438767,175.07918675681864
2025-12-22T23:49:18.123174+00:00,btc-updown-15m-1766447100,TRADE,UP,DIR_AVERAGE_DOWN,1,1,0.26010040080910685,0.26010040080910685,2.0,0.33010637537771725,0.0,0.0,0,0,0.0,2.0,0,0,0,92.13077801147678,SUCCESS,BULLISH,average_down,2,88454.48,88504.79,-0.05684438096514061,523.3109506712271
2025-12-22T23:52:12.037019+00:00,btc-updown-15m-1766447100,TRADE,UP,DIR_AVERAGE_DOWN,1,1,0.16001663077117254,0.16001663077117254,3.0,0.2734097938422024,0.0,0.0,0,0,0.0,3.0,0,0,0,91.97076138070561,SUCCESS,BULLISH,average_down,2,88430.44,88504.79,-0.08400675262885916,409.73802958254566
2025-12-22T23:52:17.443877+00:00,btc-updown-15m-1766447100,TRADE,UP,DIR_ACCUMULATE,1,1,0.15006237043581033,0.15006237043581033,4.0,0.24257293799060436,0.0,0.0,0,0,0.0,4.0,0,0,0,91.8206990102698,SUCCESS,BULLISH,accumulate,2,88430.43,88504.79,-0.08401805145235708,410.051635336617
2025-12-22T23:52:22.828677+00:00,btc-updown-15m-1766447100,TRADE,UP,DIR_ACCUMULATE,1,1,0.16003523154223287,0.16003523154223287,5.0,0.22606539670093007,0.0,0.0,0,0,0.0,5.0,0,0,0,91.66066377872757,SUCCESS,BULLISH,accumulate,2,88430.44,88504.79,-0.08400675262885916,436.0639914309283
2025-12-22T23:52:33.780742+00:00,btc-updown-15m-1766447100,TRADE,UP,DIR_ACCUMULATE,1,1,0.2700855746361263,0.2700855746361263,6.0,0.2334020930234628,0.0,0.0,0,0,0.0,6.0,0,0,0,91.39057820409144,SUCCESS,BULLISH,accumulate,2,88455.99,88504.79,-0.05513825861853167,253.46655003921313
2025-12-22T23:52:39.193759+00:00,btc-updown-15m-1766447100,TRADE,DOWN,DIR_REBALANCE,5,5,0.7403134928559774,3.701567464279887,6.0,0.2334020930234628,5.0,0.7403134928559774,5,0.9737155858794402,0.1314220706027991,1.0,0,0,0,87.68901073981155,SUCCESS,BULLISH,rebalance,2,88457.0,88504.79,-0.05399707744630952,254.4235917182578
2025-12-22T23:52:49.982823+00:00,btc-updown-15m-1766447100,TRADE,UP,DIR_AVERAGE_DOWN,1,1,0.3100184015460614,0.3100184015460614,7.0,0.2443472799552626,5.0,0.7403134928559774,5,0.98466077281124,0.07669613594380009,2.0,0,0,0,87.37899233826549,SUCCESS,BULLISH,average_down,2,88466.0,88504.79,-0.04382813630764346,210.2435090973092
2025-12-22T23:55:05.797955+00:00,btc-updown-15m-1766447100,TRADE,DOWN,DIR_EMERGENCY,2,2,0.12001073811929042,0.24002147623858083,7.0,0.2443472799552626,7.0,0.5630841343597811,7,0.8074314143150437,1.347980099794694,0.0,0,0,0,87.13897086202691,SUCCESS,BULLISH,emergency,2,88569.14,88504.79,0.07270792914146887,417.3387728466079
2025-12-22T23:55:44.052744+00:00,btc-updown-15m-1766447100,TRADE,UP,DIR_AVERAGE_DOWN,1,1,0.7802896353629171,0.7802896353629171,8.0,0.3113400743812194,7.0,0.5630841343597811,7,0.8744242087410006,0.879030538812996,1.0,0,0,0,86.35868122666399,SUCCESS,BULLISH,average_down,2,88540.0,88504.79,0.039783157499166326,287.50876600530626
2025-12-22T23:55:49.473360+00:00,btc-updown-15m-1766447100,TRADE,DOWN,DIR_EMERGENCY,1,1,0.2300890824816488,0.2300890824816488,8.0,0.3113400743812194,8.0,0.5214597528750146,8,0.832799827256234,1.3376013819501278,0.0,0,0,0,86.12859214418233,SUCCESS,BULLISH,emergency,2,88540.0,88504.79,0.039783157499166326,287.0419894937063
2025-12-22T23:55:54.894934+00:00,btc-updown-15m-1766447100,TRADE,UP,DIR_AVERAGE_DOWN,1,1,0.7803606646341041,0.7803606646341041,9.0,0.3634534732982066,8.0,0.5214597528750146,8,0.8849132261732211,0.9206941906142312,1.0,0,0,0,85.34823147954823,SUCCESS,BULLISH,average_down,2,88540.0,88504.79,0.039783157499166326,282.82898172394965
2025-12-22T23:56:00.306616+00:00,btc-updown-15m-1766447100,TRADE,DOWN,DIR_EMERGENCY,1,1,0.2100072076276487,0.2100072076276487,9.0,0.3634534732982066,9.0,0.48685391451419613,9,0.8503073878124028,1.347233509688375,0.0,0,0,0,85.13822427192058,SUCCESS,BULLISH,emergency,2,88540.01,88504.79,0.03979445632264781,284.2170436043438
2025-12-22T23:56:05.708950+00:00,btc-updown-15m-1766447100,TRADE,UP,DIR_AVERAGE_DOWN,1,1,0.7997934201817966,0.7997934201817966,10.0,0.4070874679865656,9.0,0.48685391451419613,9,0.8939413825007617,0.9545275574931446,1.0,0,0,0,84.33843085173878,SUCCESS,BULLISH,average_down,2,88540.01,88504.79,0.03979445632264781,284.5474194463477
2025-12-22T23:56:11.121621+00:00,btc-updown-15m-1766447100,TRADE,DOWN,DIR_EMERGENCY,1,1,0.20009039941524873,0.20009039941524873,10.0,0.4070874679865656,10.0,0.45817756300430135,10,0.8652650309908669,1.3473496900913307,0.0,0,0,0,84.13834045232353,SUCCESS,BULLISH,emergency,2,88540.01,88504.79,0.03979445632264781,284.54741847628577
2025-12-22T23:56:16.639756+00:00,btc-updown-15m-1766447100,TRADE,UP,DIR_AVERAGE_DOWN,1,1,0.8103390805367816,0.8103390805367816,11.0,0.4437467054911307,10.0,0.45817756300430135,10,0.9019242684954321,0.9807573150456794,1.0,0,0,0,83.32800137178675,SUCCESS,BULLISH,average_down,2,88541.69,88504.79,0.04169265866854069,300.25810096024287
2025-12-22T23:56:22.064542+00:00,btc-updown-15m-1766447100,TRADE,DOWN,DIR_EMERGENCY,1,1,0.20000343949367722,0.20000343949367722,11.0,0.4437467054911307,11.0,0.4347071881396992,11,0.8784538936308299,1.3370071700608708,0.0,0,0,0,83.12799793229308,SUCCESS,BULLISH,emergency,2,88541.69,88504.79,0.04169265866854069,300.47945241034756
2025-12-22T23:56:27.614296+00:00,btc-updown-15m-1766447100,TRADE,UP,DIR_AVERAGE_DOWN,1,1,0.820322100351625,0.820322100351625,12.0,0.4751279883961719,11.0,0.4347071881396992,11,0.9098351765358711,0.991813058105418,1.0,0,0,0,82.30767583194145,SUCCESS,BULLISH,average_down,2,88541.68,88504.79,0.04168135984504276,306.4336068295703
2025-12-22T23:56:33.021547+00:00,btc-updown-15m-1766447100,TRADE,DOWN,DIR_EMERGENCY,1,1,0.190094676264829,0.190094676264829,12.0,0.4751279883961719,12.0,0.41432281215012673,12,0.8894508005462987,1.326590393444416,0.0,0,0,0,82.11758115567662,SUCCESS,BULLISH,emergency,2,88541.69,88504.79,0.04169265866854069,308.5395221709998
2025-12-22T23:56:38.421015+00:00,btc-updown-15m-1766447100,TRADE,UP,DIR_AVERAGE_DOWN,1,1,0.8302457614578869,0.8302457614578869,13.0,0.50244474017015,12.0,0.41432281215012673,12,0.9167675523202767,0.9987893721566792,1.0,0,0,0,81.28733539421873,SUCCESS,BULLISH,average_down,2,88541.69,88504.79,0.04169265866854069,307.83565501807936
2025-12-22T23:56:43.823114+00:00,btc-updown-15m-1766447100,TRADE,DOWN,DIR_EMERGENCY,1,1,0.1700329751697748,0.1700329751697748,13.0,0.50244474017015,13.0,0.3955312862285612,13,0.8979760263987111,1.3263116568167557,0.0,0,0,0,81.11730241904895,SUCCESS,BULLISH,emergency,2,88541.69,88504.79,0.04169265866854069,830.0053244234565
2025-12-22T23:56:49.218273+00:00,btc-updown-15m-1766447100,TRADE,UP,DIR_AVERAGE_DOWN,1,1,0.8500952566604225,0.8500952566604225,14.0,0.5272769199194551,13.0,0.3955312862285612,13,0.9228082061480163,1.0034933200757883,1.0,0,0,0,80.26720716238853,SUCCESS,BULLISH,average_down,2,88551.99,88504.79,0.05333044686057291,231.15696272585845
2025-12-22T23:56:54.609590+00:00,btc-updown-15m-1766447100,TRADE,DOWN,DIR_EMERGENCY,1,1,0.09001535953814055,0.09001535953814055,14.0,0.5272769199194551,14.0,0.37370872003638833,14,0.9009856399558435,1.3862010406181915,0.0,0,0,0,80.17719180285039,SUCCESS,BULLISH,emergency,2,88552.0,88504.79,0.05334174568405439,213.68563005133572
2025-12-22T23:57:22.022933+00:00,btc-updown-15m-1766447100,TRADE,UP,DIR_AVERAGE_DOWN,1,1,0.8601326933424209,0.8601326933424209,15.0,0.5494673048143195,14.0,0.37370872003638833,14,0.9231760248507078,1.0755356520900905,1.0,0,0,0,79.31705910950797,SUCCESS,BULLISH,average_down,2,88538.04,88504.79,0.03756858809562737,148.28103857820105
2025-12-22T23:57:27.481218+00:00,btc-updown-15m-1766447100,TRADE,DOWN,DIR_EMERGENCY,1,1,0.1400363921363884,0.1400363921363884,15.0,0.5494673048143195,15.0,0.358130564843055,15,0.9075978696573745,1.3860319551393818,0.0,0,0,0,79.17702271737157,SUCCESS,BULLISH,emergency,2,88538.03,88504.79,0.03755728927214588,144.39761877921381
2025-12-23T00:00:01.778907+00:00,btc-updown-15m-1766447100,RESOLUTION,UP,BINANCE_FALLBACK,30,30,1.0000,13.6140,15,0.5495,15,0.3581,15,0.9076,1.3860,0.00,0.0000,0.0000,1.3860,94.18,RESOLVED
2025-12-23T00:00:10.158096+00:00,btc-updown-15m-1766448000,TRADE,UP,DIR_AVERAGE_DOWN,1,1,0.4401682140172881,0.4401682140172881,1.0,0.4401682140172881,0.0,0.0,0,0,0.0,1.0,0,0,0,93.73685450335428,SUCCESS,BULLISH,average_down,2,88569.38,88620.79,-0.058011218360825886,134.66530966932146
2025-12-23T00:00:15.580291+00:00,btc-updown-15m-1766448000,TRADE,UP,DIR_AVERAGE_DOWN,1,1,0.35012026300797466,0.35012026300797466,2.0,0.39514423851263136,0.0,0.0,0,0,0.0,2.0,0,0,0,93.3867342403463,SUCCESS,BULLISH,average_down,2,88550.0,88620.79,-0.07987967608954243,196.1843234247765
2025-12-23T00:03:48.110677+00:00,btc-updown-15m-1766448000,TRADE,UP,DIR_AVERAGE_DOWN,1,1,0.23006794039247305,0.23006794039247305,3.0,0.3401188058059119,0.0,0.0,0,0,0.0,3.0,0,0,0,93.15666629995383,SUCCESS,BULLISH,average_down,2,88518.65,88620.79,-0.11525512241540549,797.3134249074069
2025-12-23T00:03:59.009317+00:00,btc-updown-15m-1766448000,TRADE,UP,DIR_ACCUMULATE,1,1,0.4599456104429877,0.4599456104429877,4.0,0.3700755069651809,0.0,0.0,0,0,0.0,4.0,0,0,0,92.69672068951084,SUCCESS,BULLISH,accumulate,2,88589.61,88620.79,-0.03518361774928097,183.87890047708657
2025-12-23T00:04:04.613431+00:00,btc-updown-15m-1766448000,TRADE,UP,DIR_ACCUMULATE,1,1,0.3798920328031145,0.3798920328031145,5.0,0.3720388121327676,0.0,0.0,0,0,0.0,5.0,0,0,0,92.31682865670773,SUCCESS,BULLISH,accumulate,2,88571.58,88620.79,-0.05552873089936555,278.4289644917247
2025-12-23T00:04:10.127086+00:00,btc-updown-15m-1766448000,TRADE,UP,DIR_ACCUMULATE,1,1,0.3301093640480041,0.3301093640480041,6.0,0.36505057078530706,0.0,0.0,0,0,0.0,6.0,0,0,0,91.98671929265973,SUCCESS,BULLISH,accumulate,2,88556.48,88620.79,-0.0725676221121451,348.031711805875
2025-12-23T00:04:15.566885+00:00,btc-updown-15m-1766448000,TRADE,DOWN,DIR_REBALANCE,5,5,0.6801036086499611,3.4005180432498054,6.0,0.36505057078530706,5.0,0.6801036086499611,5,1.0451541794352681,-0.22577089717634058,1.0,0,0,0,88.58620124940992,SUCCESS,BULLISH,rebalance,2,88555.6,88620.79,-0.07356061709671938,361.649564254942
2025-12-23T00:04:21.025312+00:00,btc-updown-15m-1766448000,TRADE,UP,DIR_AVERAGE_DOWN,1,1,0.320034862694182,0.320034862694182,7.0,0.35861975534371776,5.0,0.6801036086499611,5,1.0387233639936788,-0.19361681996839408,2.0,0,0,0,88.26616638671574,SUCCESS,BULLISH,average_down,2,88552.97,88620.79,-0.07652831801656523,380.6125930651415
2025-12-23T00:04:48.101004+00:00,btc-updown-15m-1766448000,TRADE,UP,DIR_AVERAGE_DOWN,1,1,0.23000930121594063,0.23000930121594063,8.0,0.3425434485777456,5.0,0.6801036086499611,5,1.0226470572277067,-0.11323528613853329,3.0,0,0,0,88.0361570854998,SUCCESS,BULLISH,average_down,2,88510.34,88620.79,-0.12463215459938587,686.8693589027504
2025-12-23T00:04:53.510002+00:00,btc-updown-15m-1766448000,TRADE,UP,DIR_ACCUMULATE,1,1,0.21992567572856594,0.21992567572856594,9.0,0.3289192515945034,5.0,0.6801036086499611,5,1.0090228602444644,-0.04511430122232207,4.0,0,0,0,87.81623140977123,SUCCESS,BULLISH,accumulate,2,88510.33,88620.79,-0.1246434386332957,686.9320591518111
2025-12-23T00:04:58.915942+00:00,btc-updown-15m-1766448000,TRADE,UP,DIR_ACCUMULATE,1,1,0.20000565219396163,0.20000565219396163,10.0,0.3160278916544492,5.0,0.6801036086499611,5,0.9961315003044103,0.019342498477948333,5.0,0,0,0,87.61622575757727,SUCCESS,BULLISH,accumulate,2,88504.78,88620.79,-0.13090607745653676,814.558736444925
2025-12-23T00:05:09.730136+00:00,btc-updown-15m-1766448000,TRADE,UP,DIR_ACCUMULATE,1,1,0.20000319047213302,0.20000319047213302,11.0,0.30548019154696593,5.0,0.6801036086499611,5,0.985583800196927,0.0720809990153648,6.0,0,0,0,87.41622256710514,SUCCESS,BULLISH,accumulate,2,88504.79,88620.79,-0.13089479342262691,1038.528188123666
2025-12-23T00:05:15.112259+00:00,btc-updown-15m-1766448000,TRADE,DOWN,DIR_REBALANCE,5,5,0.8100406793618042,4.050203396809021,11.0,0.30548019154696593,10.0,0.7450721440058826,10,1.0505523355528485,-0.5055233555284855,1.0,0,0,0,83.36601917029611,SUCCESS,BULLISH,rebalance,2,88504.79,88620.79,-0.13089479342262691,994.4501712609996
2025-12-23T00:05:36.778947+00:00,btc-updown-15m-1766448000,TRADE,UP,DIR_AVERAGE_DOWN,1,1,0.22009866637734535,0.22009866637734535,12.0,0.29836506444949756,10.0,0.7450721440058826,10,1.0434372084553802,-0.4343720845538024,2.0,0,0,0,83.14592050391877,SUCCESS,BULLISH,average_down,2,88514.76,88620.79,-0.11964461160862913,767.4742504025436
2025-12-23T00:06:36.681793+00:00,btc-updown-15m-1766448000,TRADE,UP,DIR_AVERAGE_DOWN,1,1,0.17003812327703308,0.17003812327703308,13.0,0.2884937612823849,10.0,0.7450721440058826,10,1.0335659052882675,-0.3356590528826753,3.0,0,0,0,82.97588238064174,SUCCESS,BULLISH,average_down,2,88506.62,88620.79,-0.12882981521604386,651.5804350643739
2025-12-23T00:06:42.080291+00:00,btc-updown-15m-1766448000,TRADE,UP,DIR_ACCUMULATE,1,1,0.18002929077014035,0.18002929077014035,14.0,0.28074629910293886,10.0,0.7450721440058826,10,1.0258184431088215,-0.2581844310882153,4.0,0,0,0,82.7958530898716,SUCCESS,BULLISH,accumulate,2,88504.8,88620.79,-0.13088350938870066,678.5617328914707
2025-12-23T00:06:47.618589+00:00,btc-updown-15m-1766448000,TRADE,UP,DIR_ACCUMULATE,1,1,0.1900089062088967,0.1900089062088967,15.0,0.27469713957666936,10.0,0.7450721440058826,10,1.019769283582552,-0.19769283582552033,5.0,0,0,0,82.6058441836627,SUCCESS,BULLISH,accumulate,2,88504.79,88620.79,-0.13089479342262691,751.6164900262754
2025-12-23T00:15:02.294616+00:00,btc-updown-15m-1766448000,RESOLUTION,DOWN,BINANCE_FALLBACK,25,25,1.0000,11.5712,15,0.2747,10,0.7451,10,1.0198,-0.1977,0.33,0.0000,0.0000,-1.5712,92.61,RESOLVED
2025-12-23T00:15:12.023051+00:00,btc-updown-15m-1766448900,TRADE,UP,DIR_AVERAGE_DOWN,1,1,0.5002440956709051,0.5002440956709051,1.0,0.5002440956709051,0.0,0.0,0,0,0.0,1.0,0,0,0,92.10560008799179,SUCCESS,BULLISH,average_down,2,88555.26,88550.82,0.0050140698866343375,30.82372450606177
2025-12-23T00:25:20.701882+00:00,btc-updown-15m-1766448900,TRADE,DOWN,DIR_EMERGENCY,1,1,0.32004298015460997,0.32004298015460997,1.0,0.5002440956709051,1.0,0.32004298015460997,1,0.8202870758255151,0.17971292417448492,0.0,0,0,0,91.78555710783718,SUCCESS,BULLISH,emergency,2,88574.09,88550.82,0.026278695104110295,5483.48882178118
2025-12-23T00:25:26.201640+00:00,btc-updown-15m-1766448900,TRADE,UP,DIR_AVERAGE_DOWN,1,1,0.6997121217170199,0.6997121217170199,2.0,0.5999781086939625,1.0,0.32004298015460997,1,0.9200210888485725,0.07997891115142752,1.0,0,0,0,91.08584498612016,SUCCESS,BULLISH,average_down,2,88574.09,88550.82,0.026278695104110295,5842.2581844335
2025-12-23T00:25:31.609163+00:00,btc-updown-15m-1766448900,TRADE,DOWN,DIR_EMERGENCY,1,1,0.28006633255434704,0.28006633255434704,2.0,0.5999781086939625,2.0,0.3000546563544785,2,0.900032765048441,0.19993446990311803,0.0,0,0,0,90.80577865356582,SUCCESS,BULLISH,emergency,2,88578.0,88550.82,0.030694238630419247,436.1670417710613
2025-12-23T00:25:37.002349+00:00,btc-updown-15m-1766448900,TRADE,UP,DIR_AVERAGE_DOWN,1,1,0.7000620307300498,0.7000620307300498,3.0,0.633339416039325,2.0,0.3000546563544785,2,0.9333940723938035,0.1332118552123931,1.0,0,0,0,90.10571662283577,SUCCESS,BULLISH,average_down,2,88577.99,88550.82,0.030682945680230007,439.80797035608424
2025-12-23T00:25:47.843291+00:00,btc-updown-15m-1766448900,TRADE,DOWN,DIR_EMERGENCY,1,1,0.3401210446140146,0.3401210446140146,3.0,0.633339416039325,3.0,0.3134101191076572,3,0.9467495351469821,0.15975139455905363,0.0,0,0,0,89.76559557822176,SUCCESS,BULLISH,emergency,2,88578.0,88550.82,0.030694238630419247,445.60445014245465
2025-12-23T00:25:53.261849+00:00,btc-updown-15m-1766448900,TRADE,UP,DIR_AVERAGE_DOWN,1,1,0.6800748742880925,0.6800748742880925,4.0,0.6450232806015168,3.0,0.3134101191076572,3,0.9584333997091741,0.12469980087247778,1.0,0,0,0,89.08552070393367,SUCCESS,BULLISH,average_down,2,88578.0,88550.82,0.030694238630419247,446.7175332213359
2025-12-23T00:26:09.451448+00:00,btc-updown-15m-1766448900,TRADE,DOWN,DIR_EMERGENCY,1,1,0.290016261131912,0.290016261131912,4.0,0.6450232806015168,4.0,0.30756165461372087,4,0.9525849352152377,0.18966025913904927,0.0,0,0,0,88.79550444280176,SUCCESS,BULLISH,emergency,2,88578.0,88550.82,0.030694238630419247,403.0532738091066
2025-12-23T00:26:20.379767+00:00,btc-updown-15m-1766448900,TRADE,UP,DIR_AVERAGE_DOWN,1,1,0.7302201199431886,0.7302201199431886,5.0,0.6620626484698512,4.0,0.30756165461372087,4,0.9696243030835721,0.12150278766571176,1.0,0,0,0,88.06528432285857,SUCCESS,BULLISH,average_down,2,88578.0,88550.82,0.030694238630419247,404.77894796940643
2025-12-23T00:26:25.781404+00:00,btc-updown-15m-1766448900,TRADE,DOWN,DIR_EMERGENCY,1,1,0.2800059091261798,0.2800059091261798,5.0,0.6620626484698512,5.0,0.30205050551621265,5,0.9641131539860639,0.1794342300696805,0.0,0,0,0,87.7852784137324,SUCCESS,BULLISH,emergency,2,88578.0,88550.82,0.030694238630419247,401.7966431322888
2025-12-23T00:26:31.200009+00:00,btc-updown-15m-1766448900,TRADE,UP,DIR_AVERAGE_DOWN,1,1,0.739728208033342,0.739728208033342,6.0,0.6750069083970996,5.0,0.30205050551621265,5,0.9770574139133124,0.11471293043343822,1.0,0,0,0,87.04555020569906,SUCCESS,BULLISH,average_down,2,88578.0,88550.82,0.030694238630419247,4917.603490021237
2025-12-23T00:26:36.620808+00:00,btc-updown-15m-1766448900,TRADE,DOWN,DIR_EMERGENCY,1,1,0.27007982746005543,0.27007982746005543,6.0,0.6750069083970996,6.0,0.2967220591735198,6,0.9717289675706194,0.16962619457628336,0.0,0,0,0,86.775470378239,SUCCESS,BULLISH,emergency,2,88577.99,88550.82,0.030682945680230007,4809.4347508839055
2025-12-23T00:26:42.024072+00:00,btc-updown-15m-1766448900,TRADE,UP,DIR_AVERAGE_DOWN,1,1,0.7501339203874992,0.7501339203874992,7.0,0.6857393386814425,6.0,0.2967220591735198,6,0.9824613978549623,0.10523161287022598,1.0,0,0,0,86.02533645785151,SUCCESS,BULLISH,average_down,2,88577.99,88550.82,0.030682945680230007,5011.690090913117
2025-12-23T00:26:47.556143+00:00,btc-updown-15m-1766448900,TRADE,DOWN,DIR_EMERGENCY,1,1,0.2901093608339546,0.2901093608339546,7.0,0.6857393386814425,7.0,0.2957773879821533,7,0.9815167266635958,0.12938291335482943,0.0,0,0,0,85.73522709701756,SUCCESS,BULLISH,emergency,2,88578.0,88550.82,0.030694238630419247,4941.67934721663
2025-12-23T00:26:53.087563+00:00,btc-updown-15m-1766448900,TRADE,UP,DIR_AVERAGE_DOWN,1,1,0.8002208250144991,0.8002208250144991,8.0,0.7000495244730746,7.0,0.2957773879821533,7,0.9958269124552279,0.029211612813404564,1.0,0,0,0,84.93500627200305,SUCCESS,BULLISH,average_down,2,88577.99,88550.82,0.030682945680230007,5279.844597382823
2025-12-23T00:27:04.000984+00:00,btc-updown-15m-1766448900,TRADE,DOWN,DIR_EMERGENCY,1,1,0.06001474584963345,0.06001474584963345,8.0,0.7000495244730746,8.0,0.2663070577155883,8,0.9663565821886628,0.2691473424906974,0.0,0,0,0,84.87499152615342,SUCCESS,BULLISH,emergency,2,88610.82,88550.82,0.06775770117092084,383.665507098212
2025-12-23T00:30:04.921319+00:00,btc-updown-15m-1766448900,RESOLUTION,UP,BINANCE_FALLBACK,16,16,1.0000,7.7309,8,0.7000,8,0.2663,8,0.9664,0.2691,0.00,0.0000,0.0000,0.2691,92.87,RESOLVED
2025-12-23T00:30:12.958350+00:00,btc-updown-15m-1766449800,TRADE,UP,DIR_AVERAGE_DOWN,1,1,0.5101963140893193,0.5101963140893193,1.0,0.5101963140893193,0.0,0.0,0,0,0.0,1.0,0,0,0,92.36479521206411,SUCCESS,BULLISH,average_down,2,88611.99,88629.25,-0.01947438345692281,132.71011969083813
2025-12-23T00:40:36.723235+00:00,btc-updown-15m-1766449800,TRADE,DOWN,DIR_EMERGENCY,1,1,0.02000541560117441,0.02000541560117441,1.0,0.5101963140893193,1.0,0.02000541560117441,1,0.5302017296904937,0.46979827030950627,0.0,0,0,0,92.34478979646293,SUCCESS,BULLISH,emergency,2,88798.45,88629.25,0.19090762925331883,915.1226001840113
2025-12-23T00:45:02.974549+00:00,btc-updown-15m-1766449800,RESOLUTION,UP,BINANCE_FALLBACK,2,2,1.0000,0.5302,1,0.5102,1,0.0200,1,0.5302,0.4698,0.00,0.0000,0.0000,0.4698,93.34,RESOLVED
2025-12-23T00:45:16.684220+00:00,btc-updown-15m-1766450700,TRADE,UP,DIR_AVERAGE_DOWN,1,1,0.3700246136736685,0.3700246136736685,1.0,0.3700246136736685,0.0,0.0,0,0,0.0,1.0,0,0,0,92.97476518278927,SUCCESS,BULLISH,average_down,2,88700.47,88737.8,-0.04206775466599549,271.3005427752082
2025-12-23T00:55:03.800857+00:00,btc-updown-15m-1766450700,TRADE,DOWN,DIR_EMERGENCY,1,1,0.1700230062059585,0.1700230062059585,1.0,0.3700246136736685,1.0,0.1700230062059585,1,0.540047619879627,0.459952380120373,0.0,0,0,0,92.80474217658332,SUCCESS,BULLISH,emergency,2,88792.1,88737.8,0.061191510269584,326.3033523852952
2025-12-23T00:55:09.199684+00:00,btc-updown-15m-1766450700,TRADE,UP,DIR_AVERAGE_DOWN,1,1,0.8501656149276414,0.8501656149276414,2.0,0.610095114300655,1.0,0.1700230062059585,1,0.7801181205066134,0.21988187949338656,1.0,0,0,0,91.95457656165567,SUCCESS,BULLISH,average_down,2,88792.09,88737.8,0.06118024111482773,326.60748727609007
2025-12-23T00:55:14.622726+00:00,btc-updown-15m-1766450700,TRADE,DOWN,DIR_EMERGENCY,1,1,0.16006403714093984,0.16006403714093984,2.0,0.610095114300655,2.0,0.16504352167344916,2,0.7751386359741042,0.4497227280517917,0.0,0,0,0,91.79451252451473,SUCCESS,BULLISH,emergency,2,88792.1,88737.8,0.061191510269584,326.8492602228377
2025-12-23T00:56:30.649289+00:00,btc-updown-15m-1766450700,TRADE,UP,DIR_AVERAGE_DOWN,1,1,0.8602926912334651,0.8602926912334651,3.0,0.6934943066115916,2.0,0.16504352167344916,2,0.8585378282850408,0.28292434342991846,1.0,0,0,0,90.93421983328126,SUCCESS,BULLISH,average_down,2,88789.99,88737.8,0.05881371861822394,356.9479157462273
2025-12-23T00:56:36.062573+00:00,btc-updown-15m-1766450700,TRADE,DOWN,DIR_EMERGENCY,1,1,0.12997724806468783,0.12997724806468783,3.0,0.6934943066115916,3.0,0.15335476380386204,3,0.8468490704154537,0.45945278875363904,0.0,0,0,0,90.80424258521657,SUCCESS,BULLISH,emergency,2,88789.99,88737.8,0.05881371861822394,355.7136000663088
2025-12-23T00:56:41.438500+00:00,btc-updown-15m-1766450700,TRADE,UP,DIR_AVERAGE_DOWN,1,1,0.8202485520497226,0.8202485520497226,4.0,0.7251828679711244,3.0,0.15335476380386204,3,0.8785376317749864,0.36438710467504065,1.0,0,0,0,89.98399403316685,SUCCESS,BULLISH,average_down,2,88782.34,88737.8,0.05019281523769306,299.937908256444
2025-12-23T00:56:46.828809+00:00,btc-updown-15m-1766450700,TRADE,DOWN,DIR_EMERGENCY,1,1,0.18002052384363143,0.18002052384363143,4.0,0.7251828679711244,4.0,0.16002120381380439,4,0.8852040717849288,0.4591837128602849,0.0,0,0,0,89.80397350932321,SUCCESS,BULLISH,emergency,2,88782.33,88737.8,0.050181546082953186,291.4258352339119
2025-12-23T00:56:57.735763+00:00,btc-updown-15m-1766450700,TRADE,UP,DIR_AVERAGE_DOWN,1,1,0.8601160503427692,0.8601160503427692,5.0,0.7521695044454534,4.0,0.16002120381380439,4,0.9121907082592577,0.351237166962969,1.0,0,0,0,88.94385745898045,SUCCESS,BULLISH,average_down,2,88782.33,88737.8,0.050181546082953186,310.8939282319465
2025-12-23T00:57:03.138571+00:00,btc-updown-15m-1766450700,TRADE,DOWN,DIR_EMERGENCY,1,1,0.15001553519088215,0.15001553519088215,5.0,0.7521695044454534,5.0,0.15802007008921995,5,0.9101895745346733,0.44905212732663347,0.0,0,0,0,88.79384192378956,SUCCESS,BULLISH,emergency,2,88771.34,88737.8,0.037796745017336014,285.50710491521653
2025-12-23T00:57:08.647541+00:00,btc-updown-15m-1766450700,TRADE,UP,DIR_AVERAGE_DOWN,1,1,0.8402515590386334,0.8402515590386334,6.0,0.76684984687765,5.0,0.15802007008921995,5,0.9248699169668699,0.37565041516565034,1.0,0,0,0,87.95359036475092,SUCCESS,BULLISH,average_down,2,88771.33,88737.8,0.03778547586259614,285.42708278045995
2025-12-23T00:57:14.160399+00:00,btc-updown-15m-1766450700,TRADE,DOWN,DIR_EMERGENCY,1,1,0.1600536200286898,0.1600536200286898,6.0,0.76684984687765,6.0,0.1583589950791316,6,0.9252088419567817,0.44874694825931005,0.0,0,0,0,87.79353674472223,SUCCESS,BULLISH,emergency,2,88771.34,88737.8,0.037796745017336014,284.97585993149625
2025-12-23T00:57:19.552663+00:00,btc-updown-15m-1766450700,TRADE,UP,DIR_AVERAGE_DOWN,1,1,0.8704262640229778,0.8704262640229778,7.0,0.7816464778984111,6.0,0.1583589950791316,6,0.9400054729775427,0.359967162134744,1.0,0,0,0,86.92311048069925,SUCCESS,BULLISH,average_down,2,88773.44,88737.8,0.04016326751395619,331.28922673878
2025-12-23T00:57:24.946672+00:00,btc-updown-15m-1766450700,TRADE,DOWN,DIR_EMERGENCY,1,1,0.14003689510603862,0.14003689510603862,7.0,0.7816464778984111,7.0,0.15574155222583258,7,0.9373880301242437,0.4382837891302944,0.0,0,0,0,86.78307358559321,SUCCESS,BULLISH,emergency,2,88773.44,88737.8,0.04016326751395619,330.33647347540443
2025-12-23T01:00:02.911953+00:00,btc-updown-15m-1766450700,RESOLUTION,UP,BINANCE_FALLBACK,14,14,1.0000,6.5617,7,0.7816,7,0.1557,7,0.9374,0.4383,0.00,0.0000,0.0000,0.4383,93.78,RESOLVED
2025-12-23T01:00:11.484635+00:00,btc-updown-15m-1766451600,TRADE,UP,DIR_AVERAGE_DOWN,1,1,0.48992498376792165,0.48992498376792165,1.0,0.48992498376792165,0.0,0.0,0,0,0.0,1.0,0,0,0,93.2931486018253,SUCCESS,BULLISH,average_down,2,88778.59,88770.47,0.009147185995517814,51.61665823963084
2025-12-23T01:01:22.095471+00:00,btc-updown-15m-1766451600,TRADE,UP,DIR_AVERAGE_DOWN,1,1,0.2700094589338975,0.2700094589338975,2.0,0.37996722135090955,0.0,0.0,0,0,0.0,2.0,0,0,0,93.0231391428914,SUCCESS,BULLISH,average_down,2,88703.11,88770.47,-0.07588108973626093,499.0865028355489
2025-12-23T01:09:51.780284+00:00,btc-updown-15m-1766451600,TRADE,UP,DIR_AVERAGE_DOWN,1,1,0.19000252329890394,0.19000252329890394,3.0,0.31664565533357436,0.0,0.0,0,0,0.0,3.0,0,0,0,92.8331366195925,SUCCESS,BULLISH,average_down,2,88708.47,88770.47,-0.06984304577862435,259.37315023662984
2025-12-23T01:15:01.817074+00:00,btc-updown-15m-1766451600,RESOLUTION,DOWN,BINANCE_FALLBACK,3,3,1.0000,0.9499,3,0.3166,0,0.0000,0,0.0000,0.0000,1.00,0.0000,0.0000,-0.9499,92.83,RESOLVED
2025-12-23T01:15:11.046615+00:00,btc-updown-15m-1766452500,TRADE,UP,DIR_AVERAGE_DOWN,1,1,0.5401583091178757,0.5401583091178757,1.0,0.5401583091178757,0.0,0.0,0,0,0.0,1.0,0,0,0,92.29297831047462,SUCCESS,BULLISH,average_down,2,88626.61,88626.6,1.1283294174391559e-05,0.32782702125321883
2025-12-23T01:17:16.227205+00:00,btc-updown-15m-1766452500,TRADE,UP,DIR_AVERAGE_DOWN,1,1,0.42000855144029825,0.42000855144029825,2.0,0.48008343027908695,0.0,0.0,0,0,0.0,2.0,0,0,0,91.87296975903432,SUCCESS,BULLISH,average_down,2,88589.93,88626.6,-0.04137583975918382,292.4380183899088
2025-12-23T01:27:04.056916+00:00,btc-updown-15m-1766452500,TRADE,DOWN,DIR_EMERGENCY,2,2,0.38000810525770606,0.7600162105154121,2.0,0.48008343027908695,2.0,0.38000810525770606,2,0.8600915355367931,0.27981692892641385,0.0,0,0,0,91.1129535485189,SUCCESS,BULLISH,emergency,2,88629.31,88626.6,0.00305777272285279,21.861284076269342
2025-12-23T01:27:09.617046+00:00,btc-updown-15m-1766452500,TRADE,UP,DIR_AVERAGE_DOWN,1,1,0.590287503423543,0.590287503423543,3.0,0.516818121327239,2.0,0.38000810525770606,2,0.8968262265849452,0.2063475468301097,1.0,0,0,0,90.52266604509536,SUCCESS,BULLISH,average_down,2,88629.3,88626.6,0.003046489428678398,22.091989062673886
2025-12-23T01:27:15.077353+00:00,btc-updown-15m-1766452500,TRADE,DOWN,DIR_EMERGENCY,1,1,0.4402103679746778,0.4402103679746778,3.0,0.516818121327239,3.0,0.4000755261633633,3,0.9168936474906023,0.24931905752819306,0.0,0,0,0,90.08245567712069,SUCCESS,BULLISH,emergency,2,88629.3,88626.6,0.003046489428678398,21.832190549911918
2025-12-23T01:27:20.662476+00:00,btc-updown-15m-1766452500,TRADE,UP,DIR_AVERAGE_DOWN,1,1,0.6002221578467386,0.6002221578467386,4.0,0.537669130457114,3.0,0.4000755261633633,3,0.9377446566204772,0.1867660301385683,1.0,0,0,0,89.48223351927395,SUCCESS,BULLISH,average_down,2,88629.3,88626.6,0.003046489428678398,21.73405872530646
2025-12-23T01:27:26.210542+00:00,btc-updown-15m-1766452500,TRADE,DOWN,DIR_EMERGENCY,1,1,0.41000476431673993,0.41000476431673993,4.0,0.537669130457114,4.0,0.40255783570170744,4,0.9402269661588214,0.2390921353647144,0.0,0,0,0,89.07222875495721,SUCCESS,BULLISH,emergency,2,88629.3,88626.6,0.003046489428678398,21.760294091528383
2025-12-23T01:27:31.673483+00:00,btc-updown-15m-1766452500,TRADE,UP,DIR_AVERAGE_DOWN,1,1,0.6002440827195332,0.6002440827195332,5.0,0.5501841209095979,4.0,0.40255783570170744,4,0.9527419566113053,0.18903217355477864,1.0,0,0,0,88.47198467223768,SUCCESS,BULLISH,average_down,2,88629.3,88626.6,0.003046489428678398,21.981865823442053
2025-12-23T01:27:37.594264+00:00,btc-updown-15m-1766452500,TRADE,DOWN,DIR_EMERGENCY,1,1,0.4600684322883041,0.4600684322883041,5.0,0.5501841209095979,5.0,0.41405995501902676,5,0.9642440759286246,0.178779620356877,0.0,0,0,0,88.01191623994937,SUCCESS,BULLISH,emergency,2,88629.3,88626.6,0.003046489428678398,21.923465878494966
2025-12-23T01:27:43.044836+00:00,btc-updown-15m-1766452500,TRADE,UP,DIR_AVERAGE_DOWN,1,1,0.5497847794787268,0.5497847794787268,6.0,0.5501175640044527,5.0,0.41405995501902676,5,0.9641775190234794,0.17911240488260316,1.0,0,0,0,87.46213146047064,SUCCESS,BULLISH,average_down,2,88629.3,88626.6,0.003046489428678398,21.315060582723365
2025-12-23T01:27:48.490541+00:00,btc-updown-15m-1766452500,TRADE,DOWN,DIR_EMERGENCY,1,1,0.46012795918794186,0.46012795918794186,6.0,0.5501175640044527,6.0,0.4217379557138459,6,0.9718555197182985,0.1688668816902088,0.0,0,0,0,87.0020035012827,SUCCESS,BULLISH,emergency,2,88629.31,88626.6,0.00305777272285279,21.367017626655183
2025-12-23T01:27:53.945531+00:00,btc-updown-15m-1766452500,TRADE,UP,DIR_AVERAGE_DOWN,1,1,0.5500069349347195,0.5500069349347195,7.0,0.5501017598516337,6.0,0.4217379557138459,6,0.9718397155654797,0.16896170660712206,1.0,0,0,0,86.45199656634799,SUCCESS,BULLISH,average_down,2,88629.3,88626.6,0.003046489428678398,21.23179001621004
2025-12-23T01:27:59.393920+00:00,btc-updown-15m-1766452500,TRADE,DOWN,DIR_EMERGENCY,1,1,0.4401094321987433,0.4401094321987433,7.0,0.5501017598516337,7.0,0.42436245235454556,7,0.9744642122061793,0.17875051455674495,0.0,0,0,0,86.01188713414925,SUCCESS,BULLISH,emergency,2,88629.31,88626.6,0.00305777272285279,19.594058032337344
2025-12-23T01:28:04.857439+00:00,btc-updown-15m-1766452500,TRADE,UP,DIR_AVERAGE_DOWN,1,1,0.5802282387469144,0.5802282387469144,8.0,0.5538675697135438,7.0,0.42436245235454556,7,0.9782300220680893,0.15238984552337498,1.0,0,0,0,85.43165889540234,SUCCESS,BULLISH,average_down,2,88629.31,88626.6,0.00305777272285279,494.25303598162196
2025-12-23T01:28:10.327185+00:00,btc-updown-15m-1766452500,TRADE,DOWN,DIR_EMERGENCY,1,1,0.46011566084996197,0.46011566084996197,8.0,0.5538675697135438,8.0,0.4288316034164726,8,0.9826991731300163,0.1384066149598695,0.0,0,0,0,84.97154323455237,SUCCESS,BULLISH,emergency,2,88629.3,88626.6,0.003046489428678398,530.5626926460416
2025-12-23T01:28:15.806055+00:00,btc-updown-15m-1766452500,TRADE,UP,DIR_AVERAGE_DOWN,1,1,0.12000304419927943,0.12000304419927943,9.0,0.5056604002119589,8.0,0.4288316034164726,8,0.9344920036284314,0.5240639709725485,1.0,0,0,0,84.85154019035309,SUCCESS,BULLISH,average_down,2,88597.4,88626.6,-0.03294721900649652,216.35349360180186
2025-12-23T01:29:43.677790+00:00,btc-updown-15m-1766452500,TRADE,DOWN,DIR_EMERGENCY,1,1,0.3299429611491125,0.3299429611491125,9.0,0.5056604002119589,9.0,0.417843976497877,9,0.9235043767098359,0.6884606096114771,0.0,0,0,0,84.52159722920398,SUCCESS,BULLISH,emergency,2,88629.31,88626.6,0.00305777272285279,16.575138125708456
2025-12-23T01:29:49.109039+00:00,btc-updown-15m-1766452500,TRADE,UP,DIR_AVERAGE_DOWN,1,1,0.8002899222475268,0.8002899222475268,10.0,0.5351233524155157,9.0,0.417843976497877,9,0.9529673289133926,0.4232940397794662,1.0,0,0,0,83.72130730695645,SUCCESS,BULLISH,average_down,2,88629.32,88626.6,0.003069056017043601,16.607166444303438
2025-12-23T01:30:05.726516+00:00,btc-updown-15m-1766452500,RESOLUTION,DOWN,BINANCE_FALLBACK,19,19,1.0000,9.1118,10,0.5351,9,0.4178,9,0.9530,0.4233,0.10,0.0000,0.0000,-0.1118,92.72,RESOLVED
2025-12-23T01:30:25.004790+00:00,btc-updown-15m-1766453400,TRADE,UP,DIR_AVERAGE_DOWN,1,1,0.5801563184145959,0.5801563184145959,1.0,0.5801563184145959,0.0,0.0,0,0,0.0,1.0,0,0,0,92.14115098854185,SUCCESS,BULLISH,average_down,2,88595.99,88587.05,0.010091768492124219,64.30802422380572
2025-12-23T01:34:39.844551+00:00,btc-updown-15m-1766453400,TRADE,UP,DIR_AVERAGE_DOWN,1,1,0.46006472846727503,0.46006472846727503,2.0,0.5201105234409354,0.0,0.0,0,0,0.0,2.0,0,0,0,91.68108626007458,SUCCESS,BULLISH,average_down,2,88580.8,88587.05,-0.007055207279167779,47.321324213383576
2025-12-23T01:34:45.472917+00:00,btc-updown-15m-1766453400,TRADE,UP,DIR_AVERAGE_DOWN,1,1,0.36010440767964824,0.36010440767964824,3.0,0.46677515152050636,0.0,0.0,0,0,0.0,3.0,0,0,0,91.32098185239494,SUCCESS,BULLISH,average_down,2,88560.11,88587.05,-0.030410765456127423,237.9892945419864
2025-12-23T01:34:50.892084+00:00,btc-updown-15m-1766453400,TRADE,UP,DIR_ACCUMULATE,1,1,0.3200367360401198,0.3200367360401198,4.0,0.4300905476504097,0.0,0.0,0,0,0.0,4.0,0,0,0,91.00094511635481,SUCCESS,BULLISH,accumulate,2,88550.01,88587.05,-0.041811980419269125,358.3132408276678
2025-12-23T01:34:56.336586+00:00,btc-updown-15m-1766453400,TRADE,UP,DIR_ACCUMULATE,1,1,0.33004335429088133,0.33004335429088133,5.0,0.410081108978504,0.0,0.0,0,0,0.0,5.0,0,0,0,90.67090176206393,SUCCESS,BULLISH,accumulate,2,88550.01,88587.05,-0.041811980419269125,370.4693894361209
2025-12-23T01:35:07.387847+00:00,btc-updown-15m-1766453400,TRADE,UP,DIR_ACCUMULATE,1,1,0.3000454918830968,0.3000454918830968,6.0,0.3917418394626028,0.0,0.0,0,0,0.0,6.0,0,0,0,90.37085627018084,SUCCESS,BULLISH,accumulate,2,88539.21,88587.05,-0.05400337859765791,476.4872866505081
2025-12-23T01:35:12.801261+00:00,btc-updown-15m-1766453400,TRADE,DOWN,DIR_REBALANCE,5,5,0.7200581716297162,3.600290858148581,6.0,0.3917418394626028,5.0,0.7200581716297162,5,1.111800011092319,-0.5590000554615948,1.0,0,0,0,86.77056541203225,SUCCESS,BULLISH,rebalance,2,88539.21,88587.05,-0.05400337859765791,477.5800899990452
2025-12-23T01:35:18.219901+00:00,btc-updown-15m-1766453400,TRADE,UP,DIR_AVERAGE_DOWN,1,1,0.29013742201581266,0.29013742201581266,7.0,0.37722692268448993,5.0,0.7200581716297162,5,1.097285094314206,-0.48642547157103033,2.0,0,0,0,86.48042799001644,SUCCESS,BULLISH,average_down,2,88539.21,88587.05,-0.05400337859765791,476.1374620361736
2025-12-23T01:35:34.426460+00:00,btc-updown-15m-1766453400,TRADE,UP,DIR_AVERAGE_DOWN,1,1,0.22000485147910545,0.22000485147910545,8.0,0.35757416378381685,5.0,0.7200581716297162,5,1.077632335413533,-0.38816167706766547,3.0,0,0,0,86.26042313853733,SUCCESS,BULLISH,average_down,2,88511.69,88587.05,-0.08506886728929407,443.5332408096312
2025-12-23T01:35:45.336805+00:00,btc-updown-15m-1766453400,TRADE,UP,DIR_ACCUMULATE,1,1,0.22001554779820712,0.22001554779820712,9.0,0.34228987311874914,5.0,0.7200581716297162,5,1.0623480447484654,-0.31174022374232724,4.0,0,0,0,86.04040759073912,SUCCESS,BULLISH,accumulate,2,88505.5,88587.05,-0.09205634457858447,460.6815316034823
2025-12-23T01:35:50.770672+00:00,btc-updown-15m-1766453400,TRADE,UP,DIR_ACCUMULATE,1,1,0.2400553849325792,0.2400553849325792,10.0,0.3320664243001321,5.0,0.7200581716297162,5,1.0521245959298482,-0.26062297964924097,5.0,0,0,0,85.80035220580655,SUCCESS,BULLISH,accumulate,2,88516.91,88587.05,-0.07917635816973183,369.6685839676887
2025-12-23T01:35:56.195718+00:00,btc-updown-15m-1766453400,TRADE,UP,DIR_ACCUMULATE,1,1,0.32002450405166905,0.32002450405166905,11.0,0.3309717042775446,5.0,0.7200581716297162,5,1.0510298759072607,-0.25514937953630357,6.0,0,0,0,85.48032770175487,SUCCESS,BULLISH,accumulate,2,88539.2,88587.05,-0.054014666929315086,251.47097262685486
2025-12-23T01:36:01.642418+00:00,btc-updown-15m-1766453400,TRADE,DOWN,DIR_REBALANCE,5,5,0.5802286158065365,2.9011430790326824,11.0,0.3309717042775446,10.0,0.6501433937181262,10,0.9811150979956709,0.1888490200432913,1.0,0,0,0,82.5791846227222,SUCCESS,BULLISH,rebalance,2,88560.0,88587.05,-0.03053493710424143,135.8657952832748
2025-12-23T01:36:07.071349+00:00,btc-updown-15m-1766453400,TRADE,UP,DIR_AVERAGE_DOWN,1,1,0.4501443343266985,0.4501443343266985,12.0,0.3409027567816407,10.0,0.6501433937181262,10,0.991046150499767,0.08953849500233035,2.0,0,0,0,82.1290402883955,SUCCESS,BULLISH,average_down,2,88574.0,88587.05,-0.014731272798905608,78.70305928073965
2025-12-23T01:37:39.605878+00:00,btc-updown-15m-1766453400,TRADE,UP,DIR_AVERAGE_DOWN,1,1,0.35002435029851403,0.35002435029851403,13.0,0.3416044178214002,10.0,0.6501433937181262,10,0.9917478115395264,0.08252188460473597,3.0,0,0,0,81.77901593809699,SUCCESS,BULLISH,average_down,2,88559.97,88587.05,-0.03056880209918012,185.1157892740254
2025-12-23T01:37:45.147581+00:00,btc-updown-15m-1766453400,TRADE,UP,DIR_ACCUMULATE,1,1,0.38000678728728465,0.38000678728728465,14.0,0.34434744421182056,10.0,0.6501433937181262,10,0.9944908379299469,0.05509162070053142,4.0,0,0,0,81.3990091508097,SUCCESS,BULLISH,accumulate,2,88557.65,88587.05,-0.03318769504121509,197.59273313147878
2025-12-23T01:37:50.565920+00:00,btc-updown-15m-1766453400,TRADE,UP,DIR_ACCUMULATE,1,1,0.36001206564358024,0.36001206564358024,15.0,0.3453917523072712,10.0,0.6501433937181262,10,0.9955351460253974,0.04464853974602612,5.0,0,0,0,81.03899708516613,SUCCESS,BULLISH,accumulate,2,88557.66,88587.05,-0.033176406709557904,199.01975636860155
2025-12-23T01:45:04.555510+00:00,btc-updown-15m-1766453400,RESOLUTION,DOWN,BINANCE_FALLBACK,25,25,1.0000,11.6823,15,0.3454,10,0.6501,10,0.9955,0.0446,0.33,0.0000,0.0000,-1.6823,91.04,RESOLVED
2025-12-23T01:45:12.615417+00:00,btc-updown-15m-1766454300,TRADE,UP,DIR_AVERAGE_DOWN,1,1,0.5302144255457153,0.5302144255457153,1.0,0.5302144255457153,0.0,0.0,0,0,0.0,1.0,0,0,0,90.50878265962041,SUCCESS,BULLISH,average_down,2,88493.22,88489.72,0.0039552616959348495,35.91139835248054
2025-12-23T01:52:58.907154+00:00,btc-updown-15m-1766454300,TRADE,UP,DIR_AVERAGE_DOWN,1,1,0.4201547371078172,0.4201547371078172,2.0,0.4751845813267662,0.0,0.0,0,0,0.0,2.0,0,0,0,90.08862792251259,SUCCESS,BULLISH,average_down,2,88478.21,88489.72,-0.013007160605768401,42.20402884150864
2025-12-23T01:55:14.977455+00:00,btc-updown-15m-1766454300,TRADE,DOWN,DIR_EMERGENCY,2,2,0.2900917563330928,0.5801835126661856,2.0,0.4751845813267662,2.0,0.2900917563330928,2,0.765276337659859,0.46944732468028194,0.0,0,0,0,89.5084444098464,SUCCESS,BULLISH,emergency,2,88516.64,88489.72,0.030421612815588358,223.4331444908085
2025-12-23T01:55:20.507069+00:00,btc-updown-15m-1766454300,TRADE,UP,DIR_AVERAGE_DOWN,1,1,0.7302077463845306,0.7302077463845306,3.0,0.5601923030126876,2.0,0.2900917563330928,2,0.8502840593457804,0.2994318813084391,1.0,0,0,0,88.77823666346187,SUCCESS,BULLISH,average_down,2,88516.64,88489.72,0.030421612815588358,218.01889726443633
2025-12-23T01:55:25.898231+00:00,btc-updown-15m-1766454300,TRADE,DOWN,DIR_EMERGENCY,1,1,0.3800026898932432,0.3800026898932432,3.0,0.5601923030126876,3.0,0.3200620675198096,3,0.8802543705324972,0.35923688840250834,0.0,0,0,0,88.39823397356862,SUCCESS,BULLISH,emergency,2,88506.13,88489.72,0.018544526980087055,149.98932230998818
2025-12-23T01:55:31.298749+00:00,btc-updown-15m-1766454300,TRADE,UP,DIR_AVERAGE_DOWN,1,1,0.6402582132234976,0.6402582132234976,4.0,0.5802087805653902,3.0,0.3200620675198096,3,0.9002708480851997,0.29918745574440075,1.0,0,0,0,87.75797576034512,SUCCESS,BULLISH,average_down,2,88506.13,88489.72,0.018544526980087055,150.216877989565
2025-12-23T01:55:36.787825+00:00,btc-updown-15m-1766454300,TRADE,DOWN,DIR_EMERGENCY,1,1,0.40017827117157756,0.40017827117157756,4.0,0.5802087805653902,4.0,0.3400911184327516,4,0.9202998989981417,0.31880040400743326,0.0,0,0,0,87.35779748917354,SUCCESS,BULLISH,emergency,2,88500.3,88489.72,0.01195619106942789,95.98970105489643
2025-12-23T01:55:42.285980+00:00,btc-updown-15m-1766454300,TRADE,UP,DIR_AVERAGE_DOWN,1,1,0.63009963641563,0.63009963641563,5.0,0.5901869517354381,4.0,0.3400911184327516,4,0.9302780701681896,0.27888771932724143,1.0,0,0,0,86.7276978527579,SUCCESS,BULLISH,average_down,2,88499.55,88489.72,0.011108634991727566,87.83853960440705
2025-12-23T01:55:47.679669+00:00,btc-updown-15m-1766454300,TRADE,DOWN,DIR_EMERGENCY,1,1,0.13003601669693923,0.13003601669693923,5.0,0.5901869517354381,5.0,0.2980800980855891,5,0.8882670498210272,0.5586647508948639,0.0,0,0,0,86.59766183606096,SUCCESS,BULLISH,emergency,2,88540.29,88489.72,0.05714788113239869,125.69483787427573
2025-12-23T01:55:53.071262+00:00,btc-updown-15m-1766454300,TRADE,UP,DIR_AVERAGE_DOWN,1,1,0.8403896869038879,0.8403896869038879,6.0,0.6318874075968465,5.0,0.2980800980855891,5,0.9299675056824356,0.3501624715878221,1.0,0,0,0,85.75727214915707,SUCCESS,BULLISH,average_down,2,88540.29,88489.72,0.05714788113239869,127.67977007791909
2025-12-23T01:55:58.628403+00:00,btc-updown-15m-1766454300,TRADE,DOWN,DIR_EMERGENCY,1,1,0.3001433282794067,0.3001433282794067,6.0,0.6318874075968465,6.0,0.2984239697845587,6,0.9303113773814051,0.41813173571156925,0.0,0,0,0,85.45712882087767,SUCCESS,BULLISH,emergency,2,88510.04,88489.72,0.02296311933181892,56.38042558024692
2025-12-23T01:56:04.018375+00:00,btc-updown-15m-1766454300,TRADE,UP,DIR_AVERAGE_DOWN,1,1,0.7101925144902741,0.7101925144902741,7.0,0.6430738514387647,6.0,0.2984239697845587,6,0.9414978212233234,0.35101307266005977,1.0,0,0,0,84.7469363063874,SUCCESS,BULLISH,average_down,2,88510.04,88489.72,0.02296311933181892,46.07684616246147
2025-12-23T01:56:09.399892+00:00,btc-updown-15m-1766454300,TRADE,DOWN,DIR_EMERGENCY,1,1,0.3100570979001902,0.3100570979001902,7.0,0.6430738514387647,7.0,0.30008584522964893,7,0.9431596966684137,0.39788212332110406,0.0,0,0,0,84.43687920848721,SUCCESS,BULLISH,emergency,2,88510.03,88489.72,0.022951818584122166,43.53699384348371
2025-12-23T01:56:14.807869+00:00,btc-updown-15m-1766454300,TRADE,UP,DIR_AVERAGE_DOWN,1,1,0.7200589635818446,0.7200589635818446,8.0,0.6526969904566496,7.0,0.30008584522964893,7,0.9527828356862986,0.33052015019590963,1.0,0,0,0,83.71682024490536,SUCCESS,BULLISH,average_down,2,88510.04,88489.72,0.02296311933181892,42.47864613612268
2025-12-23T01:56:25.618358+00:00,btc-updown-15m-1766454300,TRADE,DOWN,DIR_EMERGENCY,1,1,0.3001494314718458,0.3001494314718458,8.0,0.6526969904566496,8.0,0.3000937935099235,8,0.9527907839665731,0.37767372826741497,0.0,0,0,0,83.41667081343351,SUCCESS,BULLISH,emergency,2,88510.04,88489.72,0.02296311933181892,39.50047751200736
2025-12-23T01:56:31.137059+00:00,btc-updown-15m-1766454300,TRADE,UP,DIR_AVERAGE_DOWN,1,1,0.7100242659495166,0.7100242659495166,9.0,0.6590666877336349,8.0,0.3000937935099235,8,0.9591604812435583,0.3267161500515332,1.0,0,0,0,82.706646547484,SUCCESS,BULLISH,average_down,2,88510.03,88489.72,0.022951818584122166,39.39662364397971
2025-12-23T01:56:36.552018+00:00,btc-updown-15m-1766454300,TRADE,DOWN,DIR_EMERGENCY,1,1,0.33006821354375665,0.33006821354375665,9.0,0.6590666877336349,9.0,0.30342428462479387,9,0.9624909723584287,0.3375812487741414,0.0,0,0,0,82.37657833394024,SUCCESS,BULLISH,emergency,2,88510.03,88489.72,0.022951818584122166,37.115721927021895
2025-12-23T01:56:41.962041+00:00,btc-updown-15m-1766454300,TRADE,UP,DIR_AVERAGE_DOWN,1,1,0.7003277922337241,0.7003277922337241,10.0,0.6631927981836437,9.0,0.30342428462479387,9,0.9666170828084376,0.3004462547240615,1.0,0,0,0,81.67625054170652,SUCCESS,BULLISH,average_down,2,88510.03,88489.72,0.022951818584122166,37.356108225376865
2025-12-23T01:56:47.672213+00:00,btc-updown-15m-1766454300,TRADE,DOWN,DIR_EMERGENCY,1,1,0.2400452027862002,0.2400452027862002,10.0,0.6631927981836437,10.0,0.2970863764409345,10,0.9602791746245782,0.39720825375421764,0.0,0,0,0,81.43620533892032,SUCCESS,BULLISH,emergency,2,88510.04,88489.72,0.02296311933181892,121.81407774437794
2025-12-23T01:56:58.518122+00:00,btc-updown-15m-1766454300,TRADE,UP,DIR_AVERAGE_DOWN,1,1,0.800024077545216,0.800024077545216,11.0,0.6756320053983321,10.0,0.2970863764409345,10,0.9727183818392666,0.2728161816073338,1.0,0,0,0,80.6361812613751,SUCCESS,BULLISH,average_down,2,88510.04,88489.72,0.02296311933181892,4460.228844460756
2025-12-23T01:57:03.903317+00:00,btc-updown-15m-1766454300,TRADE,DOWN,DIR_EMERGENCY,1,1,0.21010266890746584,0.21010266890746584,11.0,0.6756320053983321,11.0,0.2891787666651646,11,0.9648107720634967,0.3870815073015358,0.0,0,0,0,80.42607859246763,SUCCESS,BULLISH,emergency,2,88510.04,88489.72,0.02296311933181892,4287.49277201801
2025-12-23T01:57:09.283513+00:00,btc-updown-15m-1766454300,TRADE,UP,DIR_AVERAGE_DOWN,1,1,0.7799560638028903,0.7799560638028903,12.0,0.6843256769320453,11.0,0.2891787666651646,11,0.9735044435972099,0.2914511204306912,1.0,0,0,0,79.64612252866475,SUCCESS,BULLISH,average_down,2,88510.04,88489.72,0.02296311933181892,4349.168373505225
2025-12-23T01:57:20.087640+00:00,btc-updown-15m-1766454300,TRADE,DOWN,DIR_EMERGENCY,1,1,0.22001454509771085,0.22001454509771085,12.0,0.6843256769320453,12.0,0.2834150815345435,12,0.9677407584665887,0.3871108984009357,0.0,0,0,0,79.42610798356704,SUCCESS,BULLISH,emergency,2,88510.04,88489.72,0.02296311933181892,4468.345737152323
2025-12-23T01:57:31.178190+00:00,btc-updown-15m-1766454300,TRADE,UP,DIR_AVERAGE_DOWN,1,1,0.8102460946309903,0.8102460946309903,13.0,0.6940118629088872,12.0,0.2834150815345435,12,0.9774269444434307,0.2708766666788316,1.0,0,0,0,78.61586188893605,SUCCESS,BULLISH,average_down,2,88510.04,88489.72,0.02296311933181892,4304.67150559369
2025-12-23T01:57:36.614598+00:00,btc-updown-15m-1766454300,TRADE,DOWN,DIR_EMERGENCY,1,1,0.20007769410792015,0.20007769410792015,13.0,0.6940118629088872,13.0,0.27700451327095704,13,0.9710163761798443,0.37678710966202456,0.0,0,0,0,78.41578419482813,SUCCESS,BULLISH,emergency,2,88510.04,88489.72,0.02296311933181892,4111.309079523912
2025-12-23T01:57:42.115379+00:00,btc-updown-15m-1766454300,TRADE,UP,DIR_AVERAGE_DOWN,1,1,0.820281224036359,0.820281224036359,14.0,0.7030311029894208,13.0,0.27700451327095704,13,0.9800356162603778,0.2595369886150882,1.0,0,0,0,77.59550297079177,SUCCESS,BULLISH,average_down,2,88510.04,88489.72,0.02296311933181892,3695.2653160684563
2025-12-23T01:57:47.553883+00:00,btc-updown-15m-1766454300,TRADE,DOWN,DIR_EMERGENCY,1,1,0.16007702816764305,0.16007702816764305,14.0,0.7030311029894208,14.0,0.2686525500492918,14,0.9716836530387126,0.39642885745802325,0.0,0,0,0,77.43542594262412,SUCCESS,BULLISH,emergency,2,88510.03,88489.72,0.022951818584122166,2872.927146621044
2025-12-23T02:00:05.188582+00:00,btc-updown-15m-1766454300,RESOLUTION,UP,BINANCE_FALLBACK,28,28,1.0000,13.6036,14,0.7030,14,0.2687,14,0.9717,0.3964,0.00,0.0000,0.0000,0.3964,91.44,RESOLVED
2025-12-23T02:00:13.314503+00:00,btc-updown-15m-1766455200,TRADE,UP,DIR_AVERAGE_DOWN,1,1,0.4802365803865609,0.4802365803865609,1.0,0.4802365803865609,0.0,0.0,0,0,0.0,1.0,0,0,0,90.95518936223756,SUCCESS,BULLISH,average_down,2,88507.4,88513.71,-0.007128839136911359,58.80898077355478
2025-12-23T02:00:51.201693+00:00,btc-updown-15m-1766455200,TRADE,UP,DIR_AVERAGE_DOWN,1,1,0.3400960321649693,0.3400960321649693,2.0,0.4101663062757651,0.0,0.0,0,0,0.0,2.0,0,0,0,90.6150933300726,SUCCESS,BULLISH,average_down,2,88454.25,88513.71,-0.06717603408557431,457.63203906733486
2025-12-23T02:02:13.079649+00:00,btc-updown-15m-1766455200,TRADE,UP,DIR_AVERAGE_DOWN,1,1,0.26004288320161995,0.26004288320161995,3.0,0.36012516525105004,0.0,0.0,0,0,0.0,3.0,0,0,0,90.35505044687098,SUCCESS,BULLISH,average_down,2,88430.01,88513.71,-0.09456162214871756,489.81081202083845
2025-12-23T02:02:29.517695+00:00,btc-updown-15m-1766455200,TRADE,UP,DIR_ACCUMULATE,1,1,0.23009526552959395,0.23009526552959395,4.0,0.32761769032068605,0.0,0.0,0,0,0.0,4.0,0,0,0,90.12495518134138,SUCCESS,BULLISH,accumulate,2,88401.0,88513.71,-0.12733620588268912,834.6821668417209
2025-12-23T02:02:34.920800+00:00,btc-updown-15m-1766455200,TRADE,UP,DIR_ACCUMULATE,1,1,0.27008772749703885,0.27008772749703885,5.0,0.3161116977559566,0.0,0.0,0,0,0.0,5.0,0,0,0,89.85486745384434,SUCCESS,BULLISH,accumulate,2,88423.09,88513.71,-0.10237962006112938,633.0140313243246
2025-12-23T02:02:40.341942+00:00,btc-updown-15m-1766455200,TRADE,UP,DIR_ACCUMULATE,1,1,0.29004627636698516,0.29004627636698516,6.0,0.31176746085779466,0.0,0.0,0,0,0.0,6.0,0,0,0,89.56482117747736,SUCCESS,BULLISH,accumulate,2,88431.56,88513.71,-0.09281048099781235,549.3336379927882
2025-12-23T02:02:45.783831+00:00,btc-updown-15m-1766455200,TRADE,DOWN,DIR_REBALANCE,5,3,0.7503186546219994,2.2509559638659984,6.0,0.31176746085779466,3.0,0.7503186546219994,3,1.062086115479794,-0.1862583464393821,3.0,0,0,0,87.31386521361135,SUCCESS,BULLISH,rebalance,2,88429.8,88513.71,-0.09479887353044346,561.135494989168
2025-12-23T02:02:51.181185+00:00,btc-updown-15m-1766455200,TRADE,UP,DIR_ACCUMULATE,1,1,0.2601090091002958,0.2601090091002958,7.0,0.3043876820352948,3.0,0.7503186546219994,3,1.0547063366572942,-0.16411900997188256,4.0,0,0,0,87.05375620451106,SUCCESS,BULLISH,accumulate,2,88418.23,88513.71,-0.10787029489557096,620.0547957170593
2025-12-23T02:02:56.591959+00:00,btc-updown-15m-1766455200,TRADE,UP,DIR_ACCUMULATE,1,1,0.27012645670033075,0.27012645670033075,8.0,0.30010502886842433,3.0,0.7503186546219994,3,1.0504236834904237,-0.1512710504712711,5.0,0,0,0,86.78362974781074,SUCCESS,BULLISH,accumulate,2,88418.22,88513.71,-0.10788159258040957,737.1044737429287
2025-12-23T02:03:07.501733+00:00,btc-updown-15m-1766455200,TRADE,UP,DIR_ACCUMULATE,1,1,0.26002304747557725,0.26002304747557725,9.0,0.2956514753803302,3.0,0.7503186546219994,3,1.0459701300023296,-0.1379103900069889,6.0,0,0,0,86.52360670033516,SUCCESS,BULLISH,accumulate,2,88418.22,88513.71,-0.10788159258040957,734.6325624157153
2025-12-23T02:03:12.921191+00:00,btc-updown-15m-1766455200,TRADE,DOWN,DIR_REBALANCE,5,5,0.7503182783018909,3.7515913915094545,9.0,0.2956514753803302,8.0,0.7503184194219317,8,1.045969894802262,-0.3677591584180959,1.0,0,0,0,82.77201530882571,SUCCESS,BULLISH,rebalance,2,88418.22,88513.71,-0.10788159258040957,730.0919707826051
2025-12-23T02:03:18.327672+00:00,btc-updown-15m-1766455200,TRADE,UP,DIR_AVERAGE_DOWN,1,1,0.22008417469102795,0.22008417469102795,10.0,0.28809474531139995,8.0,0.7503184194219317,8,1.0384131647333317,-0.3073053178666534,2.0,0,0,0,82.55193113413469,SUCCESS,BULLISH,average_down,2,88411.8,88513.71,-0.11513470625059495,630.5481225441982
2025-12-23T02:04:34.422638+00:00,btc-updown-15m-1766455200,TRADE,UP,DIR_AVERAGE_DOWN,1,1,0.16000853632292006,0.16000853632292006,11.0,0.2764505444942654,8.0,0.7503184194219317,8,1.0267689639161972,-0.21415171132957767,3.0,0,0,0,82.39192259781177,SUCCESS,BULLISH,average_down,2,88303.38,88513.71,-0.2376242053349721,192.22314186256946
2025-12-23T02:04:39.897927+00:00,btc-updown-15m-1766455200,TRADE,UP,DIR_ACCUMULATE,1,1,0.1100073431414185,0.1100073431414185,12.0,0.26258027771486153,8.0,0.7503184194219317,8,1.0128986971367933,-0.10318957709434606,4.0,0,0,0,82.28191525467035,SUCCESS,BULLISH,accumulate,2,88417.68,88513.71,-0.10849166756202332,73.95505565542236
2025-12-23T02:04:45.360388+00:00,btc-updown-15m-1766455200,TRADE,UP,DIR_ACCUMULATE,1,1,0.3000463308553067,0.3000463308553067,13.0,0.2654622818025881,8.0,0.7503184194219317,8,1.0157807012245197,-0.1262456097961575,5.0,0,0,0,81.98186892381504,SUCCESS,BULLISH,accumulate,2,88427.39,88513.71,-0.09752161557797881,90.35153159503629
2025-12-23T02:04:50.769364+00:00,btc-updown-15m-1766455200,TRADE,UP,DIR_ACCUMULATE,1,1,0.2700910323371721,0.2700910323371721,14.0,0.2657929068407726,8.0,0.7503184194219317,8,1.0161113262627044,-0.12889061010163516,6.0,0,0,0,81.71177789147787,SUCCESS,BULLISH,accumulate,2,88421.06,88513.71,-0.10467305008456738,99.17648360501828
2025-12-23T02:04:56.180326+00:00,btc-updown-15m-1766455200,TRADE,DOWN,DIR_REBALANCE,5,3,0.7803760098634378,2.3411280295903136,14.0,0.2657929068407726,11.0,0.758515944087797,11,1.0243088509285696,-0.26739736021426563,3.0,0,0,0,79.37064986188756,SUCCESS,BULLISH,rebalance,2,88404.93,88513.71,-0.12289621573879728,116.62403380459224
2025-12-23T02:05:01.601251+00:00,btc-updown-15m-1766455200,TRADE,UP,DIR_ACCUMULATE,1,1,0.23009429759151379,0.23009429759151379,15.0,0.2634129995574887,11.0,0.758515944087797,11,1.0219289436452856,-0.241218380098142,4.0,0,0,0,79.14055556429604,SUCCESS,BULLISH,accumulate,2,88406.76,88513.71,-0.12082873941224657,114.75396345769059
2025-12-23T02:10:01.169423+00:00,btc-updown-15m-1766455200,TRADE,DOWN,DIR_EMERGENCY,4,4,0.12003555248111993,0.4801422099244797,15.0,0.2634129995574887,15.0,0.5882545063260165,15,0.8516675058835053,2.224987411747421,0.0,0,0,0,78.66041335437156,SUCCESS,BULLISH,emergency,2,88607.42,88513.71,0.10587060467806834,532.8464065781476
2025-12-23T02:15:00.971263+00:00,btc-updown-15m-1766455200,RESOLUTION,UP,BINANCE_FALLBACK,30,30,1.0000,12.7750,15,0.2634,15,0.5883,15,0.8517,2.2250,0.00,0.0000,0.0000,2.2250,93.66,RESOLVED
2025-12-23T02:15:14.555630+00:00,btc-updown-15m-1766456100,TRADE,UP,DIR_AVERAGE_DOWN,1,1,0.5400394667806989,0.5400394667806989,1.0,0.5400394667806989,0.0,0.0,0,0,0.0,1.0,0,0,0,93.12037388759086,SUCCESS,BULLISH,average_down,2,88571.95,88571.95,0.0,0.05160478381800108
2025-12-23T02:25:01.463354+00:00,btc-updown-15m-1766456100,TRADE,DOWN,DIR_EMERGENCY,1,1,0.02000766773545826,0.02000766773545826,1.0,0.5400394667806989,1.0,0.02000766773545826,1,0.5600471345161572,0.4399528654838428,0.0,0,0,0,93.1003662198554,SUCCESS,BULLISH,emergency,2,88750.12,88571.95,0.20115849317983658,1419.2246579933978
2025-12-23T02:30:00.958022+00:00,btc-updown-15m-1766456100,RESOLUTION,UP,BINANCE_FALLBACK,2,2,1.0000,0.5600,1,0.5400,1,0.0200,1,0.5600,0.4400,0.00,0.0000,0.0000,0.4400,94.10,RESOLVED
2025-12-23T02:30:10.057100+00:00,btc-updown-15m-1766457000,TRADE,UP,DIR_AVERAGE_DOWN,1,1,0.5002022850136009,0.5002022850136009,1.0,0.5002022850136009,0.0,0.0,0,0,0.0,1.0,0,0,0,93.6001639348418,SUCCESS,BULLISH,average_down,2,88713.08,88700.01,0.014735060345547859,105.51058735365923
2025-12-23T02:33:09.827236+00:00,btc-updown-15m-1766457000,TRADE,UP,DIR_AVERAGE_DOWN,1,1,0.37016573636801275,0.37016573636801275,2.0,0.4351840106908068,0.0,0.0,0,0,0.0,2.0,0,0,0,93.2299981984738,SUCCESS,BULLISH,average_down,2,88682.34,88700.01,-0.01992108005399126,128.32506691650465
2025-12-23T02:34:25.849104+00:00,btc-updown-15m-1766457000,TRADE,UP,DIR_AVERAGE_DOWN,1,1,0.2900156670870469,0.2900156670870469,3.0,0.3867945628228868,0.0,0.0,0,0,0.0,3.0,0,0,0,92.93998253138675,SUCCESS,BULLISH,average_down,2,88662.95,88700.01,-0.04178128052070983,195.22554682647694
2025-12-23T02:34:31.256974+00:00,btc-updown-15m-1766457000,TRADE,UP,DIR_ACCUMULATE,1,1,0.28004870374374646,0.28004870374374646,4.0,0.36010809805310173,0.0,0.0,0,0,0.0,4.0,0,0,0,92.659933827643,SUCCESS,BULLISH,accumulate,2,88662.94,88700.01,-0.041792554476591866,208.5344580536022
2025-12-23T02:34:42.156107+00:00,btc-updown-15m-1766457000,TRADE,UP,DIR_ACCUMULATE,1,1,0.27010668762967194,0.27010668762967194,5.0,0.3421078159684158,0.0,0.0,0,0,0.0,5.0,0,0,0,92.38982714001332,SUCCESS,BULLISH,accumulate,2,88660.01,88700.01,-0.045095823551767354,224.3478028358815
2025-12-23T02:34:47.567568+00:00,btc-updown-15m-1766457000,TRADE,UP,DIR_ACCUMULATE,1,1,0.23002641807337001,0.23002641807337001,6.0,0.3234275829859082,0.0,0.0,0,0,0.0,6.0,0,0,0,92.15980072193996,SUCCESS,BULLISH,accumulate,2,88654.1,88700.01,-0.05175873148152852,325.3053135011243
2025-12-23T02:34:53.089021+00:00,btc-updown-15m-1766457000,TRADE,DOWN,DIR_REBALANCE,5,5,0.7501118726680858,3.750559363340429,6.0,0.3234275829859082,5.0,0.7501118726680858,5,1.073539455653994,-0.36769727826996945,1.0,0,0,0,88.40924135859953,SUCCESS,BULLISH,rebalance,2,88654.11,88700.01,-0.05174745752564648,321.91352064583646
2025-12-23T02:34:58.533365+00:00,btc-updown-15m-1766457000,TRADE,UP,DIR_AVERAGE_DOWN,1,1,0.2500033209801572,0.2500033209801572,7.0,0.31293840269937234,5.0,0.7501118726680858,5,1.0630502753674582,-0.3152513768372911,2.0,0,0,0,88.15923803761937,SUCCESS,BULLISH,average_down,2,88654.11,88700.01,-0.05174745752564648,337.46096241259363
2025-12-23T02:35:25.822345+00:00,btc-updown-15m-1766457000,TRADE,UP,DIR_AVERAGE_DOWN,1,1,0.19991582194547106,0.19991582194547106,8.0,0.29881058010513467,5.0,0.7501118726680858,5,1.0489224527732204,-0.2446122638661019,3.0,0,0,0,87.95932221567391,SUCCESS,BULLISH,average_down,2,88642.92,88700.01,-0.06436301416425602,428.93139989346383
2025-12-23T02:35:31.217545+00:00,btc-updown-15m-1766457000,TRADE,UP,DIR_ACCUMULATE,1,1,0.21009290286585328,0.21009290286585328,9.0,0.2889530604118812,5.0,0.7501118726680858,5,1.0390649330799668,-0.19532466539983417,4.0,0,0,0,87.74922931280805,SUCCESS,BULLISH,accumulate,2,88642.92,88700.01,-0.06436301416425602,424.26201330577777
2025-12-23T02:35:36.613665+00:00,btc-updown-15m-1766457000,TRADE,UP,DIR_ACCUMULATE,1,1,0.22007764647854214,0.22007764647854214,10.0,0.28206551901854726,5.0,0.7501118726680858,5,1.032177391686633,-0.16088695843316514,5.0,0,0,0,87.52915166632951,SUCCESS,BULLISH,accumulate,2,88644.97,88700.01,-0.062051853207224665,423.51924174740157
2025-12-23T02:35:42.022818+00:00,btc-updown-15m-1766457000,TRADE,UP,DIR_ACCUMULATE,1,1,0.2500097840138994,0.2500097840138994,11.0,0.279151361290852,5.0,0.7501118726680858,5,1.0292632339589378,-0.1463161697946891,6.0,0,0,0,87.27914188231561,SUCCESS,BULLISH,accumulate,2,88654.5,88700.01,-0.0513077732460174,319.8185326053705
2025-12-23T02:35:47.409465+00:00,btc-updown-15m-1766457000,TRADE,DOWN,DIR_REBALANCE,5,3,0.7600319451695985,2.2800958355087957,11.0,0.279151361290852,8.0,0.7538318998561531,8,1.0329832611470051,-0.26386608917604093,3.0,0,0,0,84.99904604680682,SUCCESS,BULLISH,rebalance,2,88654.49,88700.01,-0.051319047201899434,277.19734980615857
2025-12-23T02:35:52.835387+00:00,btc-updown-15m-1766457000,TRADE,UP,DIR_ACCUMULATE,1,1,0.23005331491258824,0.23005331491258824,12.0,0.2750598574259967,8.0,0.7538318998561531,8,1.0288917572821497,-0.23113405825719724,4.0,0,0,0,84.76899273189424,SUCCESS,BULLISH,accumulate,2,88654.49,88700.01,-0.051319047201899434,277.58801284239865
2025-12-23T02:35:58.245926+00:00,btc-updown-15m-1766457000,TRADE,UP,DIR_ACCUMULATE,1,1,0.23007496991627077,0.23007496991627077,13.0,0.2715994814637101,8.0,0.7538318998561531,8,1.0254313813198632,-0.20345105055890578,5.0,0,0,0,84.53891776197797,SUCCESS,BULLISH,accumulate,2,88654.5,88700.01,-0.0513077732460174,264.0145957322488
2025-12-23T02:36:03.669321+00:00,btc-updown-15m-1766457000,TRADE,UP,DIR_ACCUMULATE,1,1,0.2200366439743735,0.2200366439743735,14.0,0.2679164216430432,8.0,0.7538318998561531,8,1.0217483214991963,-0.17398657199357004,6.0,0,0,0,84.3188811180036,SUCCESS,BULLISH,accumulate,2,88654.5,88700.01,-0.0513077732460174,254.75850936420272
2025-12-23T02:36:09.157471+00:00,btc-updown-15m-1766457000,TRADE,DOWN,DIR_REBALANCE,5,5,0.7999462550329564,3.9997312751647818,14.0,0.2679164216430432,13.0,0.7715681903087698,13,1.039484611951813,-0.51329995537357,1.0,0,0,0,80.31914984283883,SUCCESS,BULLISH,rebalance,2,88654.49,88700.01,-0.051319047201899434,256.2704818309761
2025-12-23T02:36:14.572340+00:00,btc-updown-15m-1766457000,TRADE,UP,DIR_AVERAGE_DOWN,1,1,0.21000629585912983,0.21000629585912983,15.0,0.2640557465907823,13.0,0.7715681903087698,13,1.0356239368995521,-0.4631111796941776,2.0,0,0,0,80.1091435469797,SUCCESS,BULLISH,average_down,2,88636.5,88700.01,-0.07160089384431272,342.8625510799854
2025-12-23T02:45:02.222592+00:00,btc-updown-15m-1766457000,RESOLUTION,DOWN,BINANCE_FALLBACK,28,28,1.0000,13.9912,15,0.2641,13,0.7716,13,1.0356,-0.4631,0.13,0.0000,0.0000,-0.9912,93.11,RESOLVED
2025-12-23T02:45:10.821034+00:00,btc-updown-15m-1766457900,TRADE,UP,DIR_AVERAGE_DOWN,1,1,0.5102050879870716,0.5102050879870716,1.0,0.5102050879870716,0.0,0.0,0,0,0.0,1.0,0,0,0,92.59893845899262,SUCCESS,BULLISH,average_down,2,88254.38,88270.01,-0.01770703322678915,127.81774133726607
2025-12-23T02:45:49.155121+00:00,btc-updown-15m-1766457900,TRADE,UP,DIR_AVERAGE_DOWN,1,1,0.33003394959632626,0.33003394959632626,2.0,0.42011951879169895,0.0,0.0,0,0,0.0,2.0,0,0,0,92.2689045093963,SUCCESS,BULLISH,average_down,2,88141.06,88270.01,-0.14608585634010587,255.96341653126757
2025-12-23T02:55:19.074319+00:00,btc-updown-15m-1766457900,TRADE,DOWN,DIR_EMERGENCY,2,2,0.5801654400789997,1.1603308801579995,2.0,0.42011951879169895,2.0,0.5801654400789997,2,1.0002849588706986,-0.0005699177413971412,0.0,0,0,0,91.1085736292383,SUCCESS,BULLISH,emergency,2,88238.55,88270.01,-0.03564064397408798,165.31950240510946
2025-12-23T02:55:24.477756+00:00,btc-updown-15m-1766457900,TRADE,UP,DIR_AVERAGE_DOWN,1,1,0.4401217480557212,0.4401217480557212,3.0,0.426786928546373,2.0,0.5801654400789997,2,1.0069523686253727,-0.01390473725074548,1.0,0,0,0,90.66845188118258,SUCCESS,BULLISH,average_down,2,88243.99,88270.01,-0.029477735416580924,134.6832697797086
2025-12-23T02:55:30.236754+00:00,btc-updown-15m-1766457900,TRADE,DOWN,DIR_EMERGENCY,1,1,0.5001236062688771,0.5001236062688771,3.0,0.426786928546373,3.0,0.5534848288089589,3,0.9802717573553319,0.05918472793400431,0.0,0,0,0,90.1683282749137,SUCCESS,BULLISH,emergency,2,88255.59,88270.01,-0.016336239227794643,75.51562043340365
2025-12-23T02:55:35.636051+00:00,btc-updown-15m-1766457900,TRADE,UP,DIR_AVERAGE_DOWN,1,1,0.46004601381779064,0.46004601381779064,4.0,0.4351016998642274,3.0,0.5534848288089589,3,0.9885865286731863,0.03424041398044109,1.0,0,0,0,89.70828226109592,SUCCESS,BULLISH,average_down,2,88254.66,88270.01,-0.01738982469809539,82.45343586869029
2025-12-23T02:55:41.199527+00:00,btc-updown-15m-1766457900,TRADE,DOWN,DIR_EMERGENCY,1,1,0.6302248837869084,0.6302248837869084,4.0,0.4351016998642274,4.0,0.5726698425534462,4,1.0077715424176736,-0.031086169670694552,0.0,0,0,0,89.07805737730901,SUCCESS,BULLISH,emergency,2,88240.9,88270.01,-0.03297835810826416,152.13537175724895
2025-12-23T02:55:46.719661+00:00,btc-updown-15m-1766457900,TRADE,UP,DIR_AVERAGE_DOWN,1,1,0.4000613603032087,0.4000613603032087,5.0,0.42809363195202366,4.0,0.5726698425534462,4,1.0007634745054699,-0.0030538980218794975,1.0,0,0,0,88.6779960170058,SUCCESS,BULLISH,average_down,2,88240.9,88270.01,-0.03297835810826416,149.58100597322283
2025-12-23T02:55:52.240647+00:00,btc-updown-15m-1766457900,TRADE,DOWN,DIR_EMERGENCY,1,1,0.6002977615213796,0.6002977615213796,5.0,0.42809363195202366,5.0,0.5781954263470329,5,1.0062890582990565,-0.0314452914952823,0.0,0,0,0,88.07769825548442,SUCCESS,BULLISH,emergency,2,88240.89,88270.01,-0.03298968698428305,149.84246272153246
2025-12-23T02:55:57.868966+00:00,btc-updown-15m-1766457900,TRADE,UP,DIR_AVERAGE_DOWN,1,1,0.3901837481822046,0.3901837481822046,6.0,0.42177531799038714,5.0,0.5781954263470329,5,0.9999707443374201,0.00014627831289970583,1.0,0,0,0,87.68751450730221,SUCCESS,BULLISH,average_down,2,88240.89,88270.01,-0.03298968698428305,148.952907010675
2025-12-23T03:00:04.171750+00:00,btc-updown-15m-1766457900,RESOLUTION,DOWN,BINANCE_FALLBACK,11,11,1.0000,5.4216,6,0.4218,5,0.5782,5,1.0000,0.0001,0.17,0.0000,0.0000,-0.4216,92.69,RESOLVED
2025-12-23T03:00:12.461191+00:00,btc-updown-15m-1766458800,TRADE,UP,DIR_AVERAGE_DOWN,1,1,0.5200604526517526,0.5200604526517526,1.0,0.5200604526517526,0.0,0.0,0,0,0.0,1.0,0,0,0,92.16745405465046,SUCCESS,BULLISH,average_down,2,88200.93,88206.8,-0.0066548157285038064,34.79481824478122
2025-12-23T03:01:33.995482+00:00,btc-updown-15m-1766458800,TRADE,UP,DIR_AVERAGE_DOWN,1,1,0.37012226387852476,0.37012226387852476,2.0,0.4450913582651387,0.0,0.0,0,0,0.0,2.0,0,0,0,91.79733179077193,SUCCESS,BULLISH,average_down,2,88144.11,88206.8,-0.07107161806119519,385.55751705231114
2025-12-23T03:03:17.062952+00:00,btc-updown-15m-1766458800,TRADE,UP,DIR_AVERAGE_DOWN,1,1,0.2900305935648264,0.2900305935648264,3.0,0.39340443669836794,0.0,0.0,0,0,0.0,3.0,0,0,0,91.50730119720711,SUCCESS,BULLISH,average_down,2,88117.52,88206.8,-0.10121668624187571,650.5001824517423
2025-12-23T03:03:22.473919+00:00,btc-updown-15m-1766458800,TRADE,UP,DIR_ACCUMULATE,1,1,0.30000932019538157,0.30000932019538157,4.0,0.3700556575726213,0.0,0.0,0,0,0.0,4.0,0,0,0,91.20729187701173,SUCCESS,BULLISH,accumulate,2,88114.3,88206.8,-0.10486719844728523,771.1001309204258
2025-12-23T03:03:27.988124+00:00,btc-updown-15m-1766458800,TRADE,UP,DIR_ACCUMULATE,1,1,0.2700006871089495,0.2700006871089495,5.0,0.35004466347988694,0.0,0.0,0,0,0.0,5.0,0,0,0,90.93729118990278,SUCCESS,BULLISH,accumulate,2,88111.82,88206.8,-0.10767877306511055,820.6881149166763
2025-12-23T03:03:38.805876+00:00,btc-updown-15m-1766458800,TRADE,UP,DIR_ACCUMULATE,1,1,0.2801065673560273,0.2801065673560273,6.0,0.33838831412591036,0.0,0.0,0,0,0.0,6.0,0,0,0,90.65718462254675,SUCCESS,BULLISH,accumulate,2,88097.09,88206.8,-0.12437816585570093,1013.1634153626648
2025-12-23T03:03:44.189595+00:00,btc-updown-15m-1766458800,TRADE,DOWN,DIR_REBALANCE,5,5,0.7402088961681403,3.701044480840702,6.0,0.33838831412591036,5.0,0.7402088961681403,5,1.0785972102940506,-0.39298605147025323,1.0,0,0,0,86.95614014170604,SUCCESS,BULLISH,rebalance,2,88097.26,88206.8,-0.12418543695044842,723.9489791218468
2025-12-23T03:03:49.600758+00:00,btc-updown-15m-1766458800,TRADE,UP,DIR_AVERAGE_DOWN,1,1,0.29014072568867044,0.29014072568867044,7.0,0.33149580149201896,5.0,0.7402088961681403,5,1.0717046976601594,-0.35852348830079706,2.0,0,0,0,86.66599941601737,SUCCESS,BULLISH,average_down,2,88112.89,88206.8,-0.10646571466145863,616.1600132163734
2025-12-23T03:04:05.828028+00:00,btc-updown-15m-1766458800,TRADE,UP,DIR_AVERAGE_DOWN,1,1,0.23008899981670672,0.23008899981670672,8.0,0.31881995128260493,5.0,0.7402088961681403,5,1.0590288474507452,-0.29514423725372607,3.0,0,0,0,86.43591041620067,SUCCESS,BULLISH,average_down,2,88101.18,88206.8,-0.11974133513517086,670.10728365694
2025-12-23T03:04:16.678645+00:00,btc-updown-15m-1766458800,TRADE,UP,DIR_ACCUMULATE,1,1,0.24007497184813556,0.24007497184813556,9.0,0.31007050912321943,5.0,0.7402088961681403,5,1.0502794052913598,-0.25139702645679884,4.0,0,0,0,86.19583544435254,SUCCESS,BULLISH,accumulate,2,88101.17,88206.8,-0.11975267212959166,673.2669905479105
2025-12-23T03:04:22.201160+00:00,btc-updown-15m-1766458800,TRADE,UP,DIR_ACCUMULATE,1,1,0.21008717878317448,0.21008717878317448,10.0,0.300072176089215,5.0,0.7402088961681403,5,1.0402810722573554,-0.20140536128677722,5.0,0,0,0,85.98574826556937,SUCCESS,BULLISH,accumulate,2,88088.13,88206.8,-0.13453611286204495,734.3312432489339
2025-12-23T03:04:27.823031+00:00,btc-updown-15m-1766458800,TRADE,UP,DIR_ACCUMULATE,1,1,0.1900905340210469,0.1900905340210469,11.0,0.2900738449921088,5.0,0.7402088961681403,5,1.030282741160249,-0.15141370580124547,6.0,0,0,0,85.79565773154832,SUCCESS,BULLISH,accumulate,2,88073.83,88206.8,-0.15074801489227718,809.4147300289443
2025-12-23T03:04:38.732318+00:00,btc-updown-15m-1766458800,TRADE,DOWN,DIR_REBALANCE,5,2,0.8202698322429642,1.6405396644859285,11.0,0.2900738449921088,7.0,0.7630834493323757,7,1.0531572943244845,-0.3721010602713912,4.0,0,0,0,84.15511806706239,SUCCESS,BULLISH,rebalance,2,88075.11,88206.8,-0.14929687960565663,759.8993425896247
2025-12-23T03:04:44.142321+00:00,btc-updown-15m-1766458800,TRADE,UP,DIR_ACCUMULATE,1,1,0.1700588723347928,0.1700588723347928,12.0,0.2800725972706658,7.0,0.7630834493323757,7,1.0431560466030416,-0.30209232622129134,5.0,0,0,0,83.9850591947276,SUCCESS,BULLISH,accumulate,2,88062.69,88206.8,-0.16337742668365768,890.3759003481413
2025-12-23T03:04:54.932425+00:00,btc-updown-15m-1766458800,TRADE,UP,DIR_ACCUMULATE,1,1,0.16005564972426034,0.16005564972426034,13.0,0.2708405243824808,7.0,0.7630834493323757,7,1.0339239737148564,-0.23746781600399514,6.0,0,0,0,83.82500354500334,SUCCESS,BULLISH,accumulate,2,88037.6,88206.8,-0.19182194570032818,1193.5335775805552
2025-12-23T03:05:00.339245+00:00,btc-updown-15m-1766458800,TRADE,DOWN,DIR_REBALANCE,5,5,0.8601361872633234,4.300680936316617,13.0,0.2708405243824808,12.0,0.8035220901369372,12,1.074362614519418,-0.8923513742330167,1.0,0,0,0,79.52432260868673,SUCCESS,BULLISH,rebalance,2,88037.6,88206.8,-0.19182194570032818,1226.3208242036312
2025-12-23T03:05:05.758969+00:00,btc-updown-15m-1766458800,TRADE,UP,DIR_AVERAGE_DOWN,1,1,0.1500555036665117,0.1500555036665117,14.0,0.2622130229027687,12.0,0.8035220901369372,12,1.065735113039706,-0.788821356476471,2.0,0,0,0,79.37426710502022,SUCCESS,BULLISH,average_down,2,88037.59,88206.8,-0.19183328269476546,1195.978181963723
2025-12-23T03:05:21.942143+00:00,btc-updown-15m-1766458800,TRADE,UP,DIR_AVERAGE_DOWN,1,1,0.1200352846573337,0.1200352846573337,15.0,0.2527345070197397,12.0,0.8035220901369372,12,1.0562565971566769,-0.6750791658801223,3.0,0,0,0,79.25423182036289,SUCCESS,BULLISH,average_down,2,88020.0,88206.8,-0.21177505589138582,1164.5039365082448
2025-12-23T03:15:04.516960+00:00,btc-updown-15m-1766458800,RESOLUTION,DOWN,BINANCE_FALLBACK,27,27,1.0000,13.4333,15,0.2527,12,0.8035,12,1.0563,-0.6751,0.20,0.0000,0.0000,-1.4333,91.25,RESOLVED
2025-12-23T03:15:12.596606+00:00,btc-updown-15m-1766459700,TRADE,UP,DIR_AVERAGE_DOWN,1,1,0.5202127394751697,0.5202127394751697,1.0,0.5202127394751697,0.0,0.0,0,0,0.0,1.0,0,0,0,90.73401908088772,SUCCESS,BULLISH,average_down,2,88110.37,88127.99,-0.019993647875107438,117.59034549582708
2025-12-23T03:24:59.864083+00:00,btc-updown-15m-1766459700,TRADE,UP,DIR_AVERAGE_DOWN,1,1,0.31000096138473204,0.31000096138473204,2.0,0.4151068504299509,0.0,0.0,0,0,0.0,2.0,0,0,0,90.42401811950299,SUCCESS,BULLISH,average_down,2,88078.59,88127.99,-0.05605483569976886,344.0197903759547
2025-12-23T03:25:05.390664+00:00,btc-updown-15m-1766459700,TRADE,DOWN,DIR_EMERGENCY,2,2,0.5901757171129568,1.1803514342259136,2.0,0.4151068504299509,2.0,0.5901757171129568,2,1.0052825675429076,-0.010565135085815136,0.0,0,0,0,89.24366668527708,SUCCESS,BULLISH,emergency,2,88098.83,88127.99,-0.03308823904868759,186.08516992306906
2025-12-23T03:25:10.849646+00:00,btc-updown-15m-1766459700,TRADE,UP,DIR_AVERAGE_DOWN,1,1,0.570081251735108,0.570081251735108,3.0,0.46676498419833656,2.0,0.5901757171129568,2,1.0569407013112935,-0.11388140262258695,1.0,0,0,0,88.67358543354197,SUCCESS,BULLISH,average_down,2,88120.0,88127.99,-0.009066359053468982,49.779067499569
2025-12-23T03:25:16.440349+00:00,btc-updown-15m-1766459700,TRADE,DOWN,DIR_EMERGENCY,1,1,0.5001491237595198,0.5001491237595198,3.0,0.46676498419833656,3.0,0.5601668526618111,3,1.0269318368601477,-0.08079551058044299,0.0,0,0,0,88.17343630978246,SUCCESS,BULLISH,emergency,2,88120.0,88127.99,-0.009066359053468982,49.779067499569
2025-12-23T03:25:21.873414+00:00,btc-updown-15m-1766459700,TRADE,UP,DIR_AVERAGE_DOWN,1,1,0.49000882646150173,0.49000882646150173,4.0,0.47257594476412784,3.0,0.5601668526618111,3,1.0327427974259389,-0.09822839227781666,1.0,0,0,0,87.68342748332095,SUCCESS,BULLISH,average_down,2,88100.0,88127.99,-0.03176062451895843,162.10849568101432
2025-12-23T03:25:32.709857+00:00,btc-updown-15m-1766459700,TRADE,DOWN,DIR_EMERGENCY,1,1,0.3001043885783174,0.3001043885783174,4.0,0.47257594476412784,4.0,0.4951512366409377,4,0.9677271814050655,0.12909127437973789,0.0,0,0,0,87.38332309474264,SUCCESS,BULLISH,emergency,2,88159.68,88127.99,0.03595906363005417,120.66470102256532
2025-12-23T03:25:38.131161+00:00,btc-updown-15m-1766459700,TRADE,UP,DIR_AVERAGE_DOWN,1,1,0.8202026068460334,0.8202026068460334,5.0,0.5421012771805089,4.0,0.4951512366409377,4,1.0372525138214466,-0.14901005528578626,1.0,0,0,0,86.5631204878966,SUCCESS,BULLISH,average_down,2,88177.84,88127.99,0.05656545667272256,186.1754614663503
2025-12-23T03:25:43.655067+00:00,btc-updown-15m-1766459700,TRADE,DOWN,DIR_EMERGENCY,1,1,0.18001045708441285,0.18001045708441285,5.0,0.5421012771805089,5.0,0.43212308072963274,5,0.9742243579101417,0.12887821044929137,0.0,0,0,0,86.38311003081219,SUCCESS,BULLISH,emergency,2,88177.99,88127.99,0.05673566366372363,186.92126975425617
2025-12-23T03:25:49.096129+00:00,btc-updown-15m-1766459700,TRADE,UP,DIR_AVERAGE_DOWN,1,1,0.8203623025813687,0.8203623025813687,6.0,0.5884781147473189,5.0,0.43212308072963274,5,1.0206011954769516,-0.10300597738475803,1.0,0,0,0,85.56274772823082,SUCCESS,BULLISH,average_down,2,88178.0,88127.99,0.056747010796450434,185.2243863361481
2025-12-23T03:25:54.549412+00:00,btc-updown-15m-1766459700,TRADE,DOWN,DIR_EMERGENCY,1,1,0.1800342675302046,0.1800342675302046,6.0,0.5884781147473189,6.0,0.39010827852972807,6,0.978586393277047,0.12848164033771803,0.0,0,0,0,85.38271346070061,SUCCESS,BULLISH,emergency,2,88178.01,88127.99,0.05675835792917723,185.26148768864135
2025-12-23T03:26:05.649887+00:00,btc-updown-15m-1766459700,TRADE,UP,DIR_AVERAGE_DOWN,1,1,0.7103391269298134,0.7103391269298134,7.0,0.6058868307733896,6.0,0.39010827852972807,6,0.9959951093031176,0.02402934418129421,1.0,0,0,0,84.6723743337708,SUCCESS,BULLISH,average_down,2,88149.01,88127.99,0.023851673004217526,76.85057716221617
2025-12-23T03:26:11.082967+00:00,btc-updown-15m-1766459700,TRADE,DOWN,DIR_EMERGENCY,1,1,0.30003708849657496,0.30003708849657496,7.0,0.6058868307733896,7.0,0.3772409656678491,7,0.9831277964412386,0.1181054249113298,0.0,0,0,0,84.37233724527422,SUCCESS,BULLISH,emergency,2,88149.01,88127.99,0.023851673004217526,76.85054862217365
2025-12-23T03:26:16.492417+00:00,btc-updown-15m-1766459700,TRADE,UP,DIR_AVERAGE_DOWN,1,1,0.7202227900946983,0.7202227900946983,8.0,0.6201788256885532,7.0,0.3772409656678491,7,0.9974197913564022,0.018061460505184312,1.0,0,0,0,83.65211445517953,SUCCESS,BULLISH,average_down,2,88149.01,88127.99,0.023851673004217526,76.85049150457048
2025-12-23T03:26:21.901155+00:00,btc-updown-15m-1766459700,TRADE,DOWN,DIR_EMERGENCY,1,1,0.3600212440541547,0.3600212440541547,8.0,0.6201788256885532,8.0,0.3750885004661373,8,0.9952673261546905,0.03786139076247608,0.0,0,0,0,83.29209321112538,SUCCESS,BULLISH,emergency,2,88146.71,88127.99,0.021241832475699447,69.07540935677488
2025-12-23T03:26:27.304621+00:00,btc-updown-15m-1766459700,TRADE,UP,DIR_AVERAGE_DOWN,1,1,0.7301516726497178,0.7301516726497178,9.0,0.6323980309064603,8.0,0.3750885004661373,8,1.0074865313725976,-0.05989225098078066,1.0,0,0,0,82.56194153847566,SUCCESS,BULLISH,average_down,2,88146.7,88127.99,0.021230485342956136,95.12608291910256
2025-12-23T03:26:32.721651+00:00,btc-updown-15m-1766459700,TRADE,DOWN,DIR_EMERGENCY,1,1,0.3300436616738295,0.3300436616738295,9.0,0.6323980309064603,9.0,0.37008351837810305,9,1.0024815492845633,-0.022333943561070102,0.0,0,0,0,82.23189787680184,SUCCESS,BULLISH,emergency,2,88146.7,88127.99,0.021230485342956136,100.79003176352002
2025-12-23T03:26:38.151649+00:00,btc-updown-15m-1766459700,TRADE,UP,DIR_AVERAGE_DOWN,1,1,0.7201588197970377,0.7201588197970377,10.0,0.6411741097955181,9.0,0.37008351837810305,9,1.0112576281736212,-0.10131865356259073,1.0,0,0,0,81.5117390570048,SUCCESS,BULLISH,average_down,2,88146.7,88127.99,0.021230485342956136,105.07552551470825
2025-12-23T03:26:43.565121+00:00,btc-updown-15m-1766459700,TRADE,DOWN,DIR_EMERGENCY,1,1,0.2200298250017633,0.2200298250017633,10.0,0.6411741097955181,10.0,0.3550781490404691,10,0.9962522588359872,0.037477411640127745,0.0,0,0,0,81.29170923200304,SUCCESS,BULLISH,emergency,2,88159.82,88127.99,0.03611792348832845,180.55316667487543
2025-12-23T03:26:48.978493+00:00,btc-updown-15m-1766459700,TRADE,UP,DIR_AVERAGE_DOWN,1,1,0.8400008557118862,0.8400008557118862,11.0,0.659249268515188,10.0,0.3550781490404691,10,1.014327417555657,-0.14327417555656918,1.0,0,0,0,80.45170837629115,SUCCESS,BULLISH,average_down,2,88168.63,88127.99,0.04611474742587391,257.9600343328955
2025-12-23T03:26:54.386707+00:00,btc-updown-15m-1766459700,TRADE,DOWN,DIR_EMERGENCY,1,1,0.14002937591363743,0.14002937591363743,11.0,0.659249268515188,11.0,0.33552826057439344,11,0.9947775290895814,0.05744718001460469,0.0,0,0,0,80.31167900037751,SUCCESS,BULLISH,emergency,2,88184.77,88127.99,0.06442901965652323,361.0418196848163
2025-12-23T03:26:59.825539+00:00,btc-updown-15m-1766459700,TRADE,UP,DIR_AVERAGE_DOWN,1,1,0.8500327608676532,0.8500327608676532,12.0,0.6751478928778933,11.0,0.33552826057439344,11,1.0106761534522868,-0.11743768797515464,1.0,0,0,0,79.46164623950986,SUCCESS,BULLISH,average_down,2,88184.77,88127.99,0.06442901965652323,365.28391239345905
2025-12-23T03:27:05.216863+00:00,btc-updown-15m-1766459700,TRADE,DOWN,DIR_EMERGENCY,1,1,0.10003296514660714,0.10003296514660714,12.0,0.6751478928778933,12.0,0.3159036526220779,12,0.9910515454999713,0.10738145400034416,0.0,0,0,0,79.36161327436325,SUCCESS,BULLISH,emergency,2,88196.68,88127.99,0.07794345474120966,299.39187631214685
2025-12-23T03:30:05.238256+00:00,btc-updown-15m-1766459700,RESOLUTION,UP,BINANCE_FALLBACK,24,24,1.0000,11.8926,12,0.6751,12,0.3159,12,0.9911,0.1074,0.00,0.0000,0.0000,0.1074,91.36,RESOLVED
2025-12-23T03:30:13.648295+00:00,btc-updown-15m-1766460600,TRADE,UP,DIR_AVERAGE_DOWN,1,1,0.42008829022687016,0.42008829022687016,1.0,0.42008829022687016,0.0,0.0,0,0,0.0,1.0,0,0,0,90.94152498413638,SUCCESS,BULLISH,average_down,2,88191.01,88217.3,-0.029801410834392063,202.35055435835193
2025-12-23T03:40:05.661311+00:00,btc-updown-15m-1766460600,TRADE,DOWN,DIR_EMERGENCY,1,1,0.11002271817750216,0.11002271817750216,1.0,0.42008829022687016,1.0,0.11002271817750216,1,0.5301110084043723,0.4698889915956277,0.0,0,0,0,90.83150226595887,SUCCESS,BULLISH,emergency,2,88299.99,88217.3,0.09373444891195075,765.2457429723135
2025-12-23T03:40:16.620420+00:00,btc-updown-15m-1766460600,TRADE,UP,DIR_AVERAGE_DOWN,1,1,0.8400684452444092,0.8400684452444092,2.0,0.6300783677356396,1.0,0.11002271817750216,1,0.7401010859131418,0.25989891408685817,1.0,0,0,0,89.99143382071446,SUCCESS,BULLISH,average_down,2,88280.59,88217.3,0.07174329751646626,427.94956769191856
2025-12-23T03:40:22.013534+00:00,btc-updown-15m-1766460600,TRADE,DOWN,DIR_EMERGENCY,1,1,0.11005373698712441,0.11005373698712441,2.0,0.6300783677356396,2.0,0.11003822758231328,2,0.7401165953179529,0.5197668093640941,0.0,0,0,0,89.88138008372734,SUCCESS,BULLISH,emergency,2,88293.62,88217.3,0.0865136430155904,498.8105263882713
2025-12-23T03:45:05.222110+00:00,btc-updown-15m-1766460600,RESOLUTION,UP,BINANCE_FALLBACK,4,4,1.0000,1.4802,2,0.6301,2,0.1100,2,0.7401,0.5198,0.00,0.0000,0.0000,0.5198,91.88,RESOLVED
2025-12-23T03:45:13.213126+00:00,btc-updown-15m-1766461500,TRADE,UP,DIR_AVERAGE_DOWN,1,1,0.41013567576420623,0.41013567576420623,1.0,0.41013567576420623,0.0,0.0,0,0,0.0,1.0,0,0,0,91.47124440796313,SUCCESS,BULLISH,average_down,2,88300.77,88321.0,-0.022905084860900492,67.851075647551
2025-12-23T03:45:40.345588+00:00,btc-updown-15m-1766461500,TRADE,UP,DIR_AVERAGE_DOWN,1,1,0.3100219406052053,0.3100219406052053,2.0,0.3600788081847058,0.0,0.0,0,0,0.0,2.0,0,0,0,91.16122246735792,SUCCESS,BULLISH,average_down,2,88268.0,88321.0,-0.060008378528322824,235.01584432341352
2025-12-23T03:47:45.088524+00:00,btc-updown-15m-1766461500,TRADE,UP,DIR_AVERAGE_DOWN,1,1,0.22000668798847267,0.22000668798847267,3.0,0.3133881014526281,0.0,0.0,0,0,0.0,3.0,0,0,0,90.94121577936944,SUCCESS,BULLISH,average_down,2,88227.2,88321.0,-0.10620350765956331,445.19089403448936
2025-12-23T03:47:50.624912+00:00,btc-updown-15m-1766461500,TRADE,UP,DIR_ACCUMULATE,1,1,0.1600250385462946,0.1600250385462946,4.0,0.27504733572604473,0.0,0.0,0,0,0.0,4.0,0,0,0,90.78119074082315,SUCCESS,BULLISH,accumulate,2,88174.24,88321.0,-0.16616659684559137,458.78030857901547
2025-12-23T03:47:56.022786+00:00,btc-updown-15m-1766461500,TRADE,UP,DIR_ACCUMULATE,1,1,0.1400331778030977,0.1400331778030977,5.0,0.24804450414145532,0.0,0.0,0,0,0.0,5.0,0,0,0,90.64115756302004,SUCCESS,BULLISH,accumulate,2,88174.25,88321.0,-0.16615527451002593,460.9614883050569
2025-12-23T03:48:07.022689+00:00,btc-updown-15m-1766461500,TRADE,UP,DIR_ACCUMULATE,1,1,0.12002196398652264,0.12002196398652264,6.0,0.2267074141156332,0.0,0.0,0,0,0.0,6.0,0,0,0,90.52113559903353,SUCCESS,BULLISH,accumulate,2,88153.47,88321.0,-0.1896830878273557,540.8833303045224
2025-12-23T03:48:17.820219+00:00,btc-updown-15m-1766461500,TRADE,DOWN,DIR_REBALANCE,5,5,0.8904428617448682,4.452214308724341,6.0,0.2267074141156332,5.0,0.8904428617448682,5,1.1171502758605014,-0.5857513793025071,1.0,0,0,0,86.06892129030919,SUCCESS,BULLISH,rebalance,2,88168.76,88321.0,-0.17237123673872037,488.33393360039986
2025-12-23T03:48:23.223126+00:00,btc-updown-15m-1766461500,TRADE,UP,DIR_AVERAGE_DOWN,1,1,0.13002701279047255,0.13002701279047255,7.0,0.21289592821203882,5.0,0.8904428617448682,5,1.103338789956907,-0.5166939497845346,2.0,0,0,0,85.93889427751871,SUCCESS,BULLISH,average_down,2,88176.34,88321.0,-0.1637889063756111,502.255748489129
2025-12-23T03:50:17.660714+00:00,btc-updown-15m-1766461500,TRADE,UP,DIR_AVERAGE_DOWN,1,1,0.10004938953837064,0.10004938953837064,8.0,0.1987901108778303,5.0,0.8904428617448682,5,1.0892329726226986,-0.4461648631134929,3.0,0,0,0,85.83884488798034,SUCCESS,BULLISH,average_down,2,88188.66,88321.0,-0.149839788951661,756.0026535137947
2025-12-23T03:50:23.298080+00:00,btc-updown-15m-1766461500,TRADE,UP,DIR_ACCUMULATE,1,1,0.10997635567570273,0.10997635567570273,9.0,0.18892191585537169,5.0,0.8904428617448682,5,1.07936477760024,-0.39682388800119983,4.0,0,0,0,85.72886853230465,SUCCESS,BULLISH,accumulate,2,88188.67,88321.0,-0.14982846661609556,745.6080465670213
2025-12-23T03:50:28.713519+00:00,btc-updown-15m-1766461500,TRADE,UP,DIR_ACCUMULATE,1,1,0.10000707942962857,0.10000707942962857,10.0,0.18003043221279738,5.0,0.8904428617448682,5,1.0704732939576656,-0.35236646978832775,5.0,0,0,0,85.62886145287501,SUCCESS,BULLISH,accumulate,2,88188.66,88321.0,-0.149839788951661,788.0752142756102
2025-12-23T03:50:34.145955+00:00,btc-updown-15m-1766461500,TRADE,UP,DIR_ACCUMULATE,1,1,0.100020779278221,0.100020779278221,11.0,0.17275682740056317,5.0,0.8904428617448682,5,1.0631996891454314,-0.31599844572715696,6.0,0,0,0,85.52884067359679,SUCCESS,BULLISH,accumulate,2,88188.66,88321.0,-0.149839788951661,795.2434793265803
2025-12-23T03:50:39.562703+00:00,btc-updown-15m-1766461500,TRADE,DOWN,DIR_REBALANCE,5,5,0.9102518960635718,4.551259480317859,11.0,0.17275682740056317,10.0,0.90034737890422,10,1.073104206304783,-0.7310420630478309,1.0,0,0,0,80.97758119327894,SUCCESS,BULLISH,rebalance,2,88188.67,88321.0,-0.14982846661609556,800.1533359823236
2025-12-23T03:50:45.196061+00:00,btc-updown-15m-1766461500,TRADE,UP,DIR_AVERAGE_DOWN,1,1,0.1100152061415768,0.1100152061415768,12.0,0.1675283589623143,10.0,0.90034737890422,10,1.0678757378665342,-0.6787573786653422,2.0,0,0,0,80.86756598713735,SUCCESS,BULLISH,average_down,2,88188.67,88321.0,-0.14982846661609556,802.0359708276023
2025-12-23T03:51:55.709331+00:00,btc-updown-15m-1766461500,TRADE,UP,DIR_AVERAGE_DOWN,1,1,0.07003017115317682,0.07003017115317682,13.0,0.16002849836161143,10.0,0.90034737890422,10,1.0603758772658314,-0.6037587726583138,3.0,0,0,0,80.79753581598418,SUCCESS,BULLISH,average_down,2,88178.35,88321.0,-0.16151311692575285,858.0207465861566
2025-12-23T03:52:01.225489+00:00,btc-updown-15m-1766461500,TRADE,UP,DIR_ACCUMULATE,1,1,0.06002182781432685,0.06002182781432685,14.0,0.1528851647510911,10.0,0.90034737890422,10,1.0532325436553112,-0.5323254365531116,4.0,0,0,0,80.73751398816985,SUCCESS,BULLISH,accumulate,2,88176.26,88321.0,-0.16387948506018413,907.8079078859283
2025-12-23T03:52:06.640369+00:00,btc-updown-15m-1766461500,TRADE,UP,DIR_ACCUMULATE,1,1,0.05002251862481597,0.05002251862481597,15.0,0.1460276550093394,10.0,0.90034737890422,10,1.0463750339135593,-0.4637503391355935,5.0,0,0,0,80.68749146954504,SUCCESS,BULLISH,accumulate,2,88164.86,88321.0,-0.17678694761155267,1027.6652757813079
2025-12-23T04:00:05.268799+00:00,btc-updown-15m-1766461500,RESOLUTION,DOWN,BINANCE_FALLBACK,25,25,1.0000,11.1939,15,0.1460,10,0.9003,10,1.0464,-0.4638,0.33,0.0000,0.0000,-1.1939,90.69,RESOLVED
2025-12-23T04:00:13.267151+00:00,btc-updown-15m-1766462400,TRADE,UP,DIR_AVERAGE_DOWN,1,1,0.5202229973901351,0.5202229973901351,1.0,0.5202229973901351,0.0,0.0,0,0,0.0,1.0,0,0,0,90.1672684721549,SUCCESS,BULLISH,average_down,2,88192.26,88170.0,0.02524668254507742,71.4413124220351
2025-12-23T04:01:35.089378+00:00,btc-updown-15m-1766462400,TRADE,UP,DIR_AVERAGE_DOWN,1,1,0.3501041573791289,0.3501041573791289,2.0,0.435163577384632,0.0,0.0,0,0,0.0,2.0,0,0,0,89.81716431477577,SUCCESS,BULLISH,average_down,2,88133.1,88170.0,-0.04185096971758442,109.5228803316755
2025-12-23T04:03:01.921130+00:00,btc-updown-15m-1766462400,TRADE,UP,DIR_AVERAGE_DOWN,1,1,0.2500985084187389,0.2500985084187389,3.0,0.3734752210626677,0.0,0.0,0,0,0.0,3.0,0,0,0,89.56706580635702,SUCCESS,BULLISH,average_down,2,88102.47,88170.0,-0.07659067710105347,547.3860290759034
2025-12-23T04:03:07.549394+00:00,btc-updown-15m-1766462400,TRADE,UP,DIR_ACCUMULATE,1,1,0.23005101961707655,0.23005101961707655,4.0,0.3376191707012699,0.0,0.0,0,0,0.0,4.0,0,0,0,89.33701478673994,SUCCESS,BULLISH,accumulate,2,88093.67,88170.0,-0.08657139616649852,642.9518809310966
2025-12-23T04:03:12.997847+00:00,btc-updown-15m-1766462400,TRADE,UP,DIR_ACCUMULATE,1,1,0.23007253214699824,0.23007253214699824,5.0,0.31610984299041556,0.0,0.0,0,0,0.0,5.0,0,0,0,89.10694225459295,SUCCESS,BULLISH,accumulate,2,88093.66,88170.0,-0.08658273789270331,647.692201768374
2025-12-23T04:03:18.426059+00:00,btc-updown-15m-1766462400,TRADE,UP,DIR_ACCUMULATE,1,1,0.23005197777545103,0.23005197777545103,6.0,0.30176686545458814,0.0,0.0,0,0,0.0,6.0,0,0,0,88.8768902768175,SUCCESS,BULLISH,accumulate,2,88092.75,88170.0,-0.08761483497788364,701.5666492120412
2025-12-23T04:03:23.865617+00:00,btc-updown-15m-1766462400,TRADE,DOWN,DIR_REBALANCE,5,5,0.8103028230603998,4.051514115301999,6.0,0.30176686545458814,5.0,0.8103028230603998,5,1.1120696885149879,-0.5603484425749394,1.0,0,0,0,84.8253761615155,SUCCESS,BULLISH,rebalance,2,88086.51,88170.0,-0.09469207213338465,790.9420928744452
2025-12-23T04:03:34.759296+00:00,btc-updown-15m-1766462400,TRADE,UP,DIR_AVERAGE_DOWN,1,1,0.2200557955140786,0.2200557955140786,7.0,0.2900938554630868,5.0,0.8103028230603998,5,1.1003966785234867,-0.5019833926174333,2.0,0,0,0,84.60532036600142,SUCCESS,BULLISH,average_down,2,88086.5,88170.0,-0.09470341385958943,787.0334504081947
2025-12-23T04:05:07.263108+00:00,btc-updown-15m-1766462400,TRADE,UP,DIR_AVERAGE_DOWN,1,1,0.17005283864813625,0.17005283864813625,8.0,0.275088728361218,5.0,0.8103028230603998,5,1.0853915514216177,-0.4269577571080885,3.0,0,0,0,84.43526752735329,SUCCESS,BULLISH,average_down,2,88085.21,88170.0,-0.09616649654076624,603.3968716618142
2025-12-23T04:05:12.700761+00:00,btc-updown-15m-1766462400,TRADE,UP,DIR_ACCUMULATE,1,1,0.29001463406879363,0.29001463406879363,9.0,0.2767471623287264,5.0,0.8103028230603998,5,1.0870499853891262,-0.43524992694563114,4.0,0,0,0,84.14525289328449,SUCCESS,BULLISH,accumulate,2,88126.0,88170.0,-0.0499035953272088,284.8687055836328
2025-12-23T04:05:18.101475+00:00,btc-updown-15m-1766462400,TRADE,UP,DIR_ACCUMULATE,1,1,0.31010660583281896,0.31010660583281896,10.0,0.28008310667913566,5.0,0.8103028230603998,5,1.0903859297395355,-0.4519296486976776,5.0,0,0,0,83.83514628745168,SUCCESS,BULLISH,accumulate,2,88133.1,88170.0,-0.04185096971758442,243.46634450590375
2025-12-23T04:05:29.033641+00:00,btc-updown-15m-1766462400,TRADE,UP,DIR_ACCUMULATE,1,1,0.32014921649757855,0.32014921649757855,11.0,0.2837254802989941,5.0,0.8103028230603998,5,1.0940283033593938,-0.47014151679696914,6.0,0,0,0,83.5149970709541,SUCCESS,BULLISH,accumulate,2,88140.23,88170.0,-0.033764318929345664,226.301791186789
2025-12-23T04:05:34.443718+00:00,btc-updown-15m-1766462400,TRADE,DOWN,DIR_REBALANCE,5,5,0.6501400345198295,3.2507001725991476,11.0,0.2837254802989941,10.0,0.7302214287901146,10,1.0139469090891087,-0.13946909089108672,1.0,0,0,0,80.26429689835494,SUCCESS,BULLISH,rebalance,2,88150.82,88170.0,-0.021753430872170822,135.55136740877518
2025-12-23T04:05:39.838799+00:00,btc-updown-15m-1766462400,TRADE,UP,DIR_AVERAGE_DOWN,1,1,0.2900253813062437,0.2900253813062437,12.0,0.28425047204959825,10.0,0.7302214287901146,10,1.014471900839713,-0.14471900839712948,2.0,0,0,0,79.97427151704869,SUCCESS,BULLISH,average_down,2,88142.0,88170.0,-0.03175683339004196,184.5505531419724
2025-12-23T04:10:06.107178+00:00,btc-updown-15m-1766462400,TRADE,DOWN,DIR_EMERGENCY,2,2,0.17003572692272587,0.34007145384545173,12.0,0.28425047204959825,12.0,0.6368571451455499,12,0.9211076171951482,0.9467085936582214,0.0,0,0,0,79.63420006320324,SUCCESS,BULLISH,emergency,2,88244.0,88170.0,0.08392877395939663,623.1587030152758
2025-12-23T04:15:04.454631+00:00,btc-updown-15m-1766462400,RESOLUTION,UP,BINANCE_FALLBACK,24,24,1.0000,11.0533,12,0.2843,12,0.6369,12,0.9211,0.9467,0.00,0.0000,0.0000,0.9467,91.63,RESOLVED
2025-12-23T04:15:12.606678+00:00,btc-updown-15m-1766463300,TRADE,UP,DIR_AVERAGE_DOWN,1,1,0.44021390452237685,0.44021390452237685,1.0,0.44021390452237685,0.0,0.0,0,0,0.0,1.0,0,0,0,91.19398615868086,SUCCESS,BULLISH,average_down,2,88301.52,88308.91,-0.00836835150609312,59.04913303498255
2025-12-23T04:30:11.493061+00:00,btc-updown-15m-1766464200,TRADE,UP,DIR_AVERAGE_DOWN,5,5,0.4301040578374322,2.150520289187161,5.0,0.4301040578374322,0.0,0.0,0,0,0.0,5.0,0,0,0,97.84947971081284,SUCCESS,BULLISH,average_down,0,88240.0,88253.47,-0.015262855953427287,96.3490159953816
2025-12-23T04:30:17.292899+00:00,btc-updown-15m-1766464200,TRADE,UP,DIR_ACCUMULATE,5,3,0.43004915469715776,1.2901474640914734,8.0,0.4300834691598293,0.0,0.0,0,0,0.0,8.0,0,0,0,96.55933224672137,SUCCESS,BULLISH,accumulate,0,88240.01,88253.47,-0.015251524954210189,96.84796122456382
2025-12-23T04:30:22.718607+00:00,btc-updown-15m-1766464200,TRADE,DOWN,DIR_REBALANCE,5,5,0.5702659855152938,2.851329927576469,8.0,0.4300834691598293,5.0,0.5702659855152938,5,1.0003494546751233,-0.0017472733756163095,3.0,0,0,0,93.7080023191449,SUCCESS,BULLISH,rebalance,0,88223.21,88253.47,-0.03428760364889308,185.28952246650732
2025-12-23T04:30:33.545299+00:00,btc-updown-15m-1766464200,TRADE,UP,DIR_ACCUMULATE,5,5,0.40004275838006303,2.000213791900315,13.0,0.41852934962915,5.0,0.5702659855152938,5,0.9887953351444438,0.056023324277780784,8.0,0,0,0,91.70778852724457,SUCCESS,BULLISH,accumulate,0,88223.21,88253.47,-0.03428760364889308,193.5241432120329
2025-12-23T04:30:39.098283+00:00,btc-updown-15m-1766464200,TRADE,DOWN,DIR_REBALANCE,5,5,0.6201588818346142,3.100794409173071,13.0,0.41852934962915,10.0,0.595212433674954,10,1.013741783304104,-0.13741783304104027,3.0,0,0,0,88.6069941180715,SUCCESS,BULLISH,rebalance,0,88223.21,88253.47,-0.03428760364889308,199.6476135814347
2025-12-23T04:30:44.616760+00:00,btc-updown-15m-1766464200,TRADE,UP,DIR_ACCUMULATE,2,2,0.4300011822825009,0.8600023645650018,15.0,0.4200589273162635,10.0,0.595212433674954,10,1.0152713609912176,-0.1527136099121762,5.0,0,0,0,87.74699175350649,SUCCESS,BULLISH,accumulate,0,88223.21,88253.47,-0.03428760364889308,206.84783915923552
2025-12-23T04:32:17.252068+00:00,btc-updown-15m-1766464200,TRADE,DOWN,DIR_ACCUMULATE,5,3,0.77005814667167,2.31017444001501,15.0,0.4200589273162635,13.0,0.6355614443665037,13,1.0556203716827672,-0.723064831875974,2.0,0,0,0,85.43681731349149,SUCCESS,BEARISH,accumulate,1,88174.31,88253.47,-0.08969618984953621,661.4597434601973
2025-12-23T04:45:04.010383+00:00,btc-updown-15m-1766464200,RESOLUTION,DOWN,BINANCE_FALLBACK,28,28,1.0000,14.5632,15,0.4201,13,0.6356,13,1.0556,-0.7231,0.13,0.0000,0.0000,-1.5632,98.44,RESOLVED
2025-12-23T04:45:12.235078+00:00,btc-updown-15m-1766465100,TRADE,DOWN,DIR_AVERAGE_DOWN,5,5,0.4501829094952513,2.2509145474762566,0.0,0.0,5.0,0.4501829094952513,0,0,0.0,5.0,0,0,0,96.18590276601523,SUCCESS,BEARISH,average_down,1,88129.63,88120.17,0.010735340161062335,60.43675883415796
2025-12-23T04:45:17.676461+00:00,btc-updown-15m-1766465100,TRADE,DOWN,DIR_ACCUMULATE,5,5,0.4602204580120162,2.301102290060081,0.0,0.0,10.0,0.45520168375363373,0,0,0.0,10.0,0,0,0,93.88480047595515,SUCCESS,BEARISH,accumulate,1,88129.63,88120.17,0.010735340161062335,56.951370637831495
2025-12-23T04:45:28.490477+00:00,btc-updown-15m-1766465100,TRADE,UP,DIR_REBALANCE,5,5,0.5701631765815487,2.8508158829077432,5.0,0.5701631765815487,10.0,0.45520168375363373,5,1.0253648603351824,-0.12682430167591185,5.0,0,0,0,91.0339845930474,SUCCESS,BEARISH,rebalance,1,88122.84,88120.17,0.0030299533012683177,19.085548961207632
2025-12-23T04:45:33.894947+00:00,btc-updown-15m-1766465100,TRADE,DOWN,DIR_ACCUMULATE,5,2,0.4701572088818101,0.9403144177636202,5.0,0.5701631765815487,12.0,0.45769427127499646,5,1.0278574478565452,-0.13928723928272602,7.0,0,0,0,90.09367017528379,SUCCESS,BEARISH,accumulate,1,88123.29,88120.17,0.0035406195879959645,22.42484848700732
2025-12-23T04:45:39.386927+00:00,btc-updown-15m-1766465100,TRADE,UP,DIR_REBALANCE,5,5,0.5802722300846932,2.901361150423466,10.0,0.5752177033331209,12.0,0.45769427127499646,10,1.0329119746081175,-0.32911974608117456,2.0,0,0,0,87.19230902486032,SUCCESS,BEARISH,rebalance,1,88136.62,88120.17,0.01866768981493918,102.45624277031764
2025-12-23T04:45:44.779836+00:00,btc-updown-15m-1766465100,TRADE,DOWN,DIR_AVERAGE_DOWN,3,3,0.4501843647517849,1.3505530942553547,10.0,0.5752177033331209,15.0,0.45619228997035416,10,1.031409993303475,-0.3140999330347505,5.0,0,0,0,85.84175593060496,SUCCESS,BEARISH,average_down,1,88136.62,88120.17,0.01866768981493918,101.08318340064976
2025-12-23T04:55:04.761734+00:00,btc-updown-15m-1766465100,TRADE,UP,DIR_EMERGENCY,5,5,0.12002793056148857,0.6001396528074429,15.0,0.4234877790759102,15.0,0.45619228997035416,15,0.8796800690462643,1.8047989643060358,0.0,0,0,0,85.24161627779752,SUCCESS,BEARISH,emergency,1,88044.81,88120.17,-0.08551958081787697,498.7714919515
2025-12-23T05:00:03.443674+00:00,btc-updown-15m-1766465100,RESOLUTION,DOWN,BINANCE_FALLBACK,30,30,1.0000,13.1952,15,0.4235,15,0.4562,15,0.8797,1.8048,0.00,0.0000,0.0000,1.8048,100.24,RESOLVED
2025-12-23T05:00:11.649044+00:00,btc-updown-15m-1766466000,TRADE,DOWN,DIR_AVERAGE_DOWN,5,5,0.4300739253062675,2.1503696265313375,0.0,0.0,5.0,0.4300739253062675,0,0,0.0,5.0,0,0,0,98.09124665126618,SUCCESS,BEARISH,average_down,1,87947.45,87930.99,0.01871922515599091,108.17126689117212
2025-12-23T05:00:17.181919+00:00,btc-updown-15m-1766466000,TRADE,DOWN,DIR_ACCUMULATE,5,5,0.33003758769371666,1.6501879384685834,0.0,0.0,10.0,0.3800557564999921,0,0,0.0,10.0,0,0,0,96.4410587127976,SUCCESS,BEARISH,accumulate,1,87963.79,87930.99,0.03730197965471372,209.5265847128586
2025-12-23T05:00:22.726793+00:00,btc-updown-15m-1766466000,TRADE,UP,DIR_REBALANCE,5,5,0.6900732934022913,3.4503664670114564,5.0,0.6900732934022913,10.0,0.3800557564999921,5,1.0701290499022833,-0.3506452495114165,5.0,0,0,0,92.99069224578614,SUCCESS,BEARISH,rebalance,1,87980.0,87930.99,0.055736890941401614,326.8980112420108
2025-12-23T05:00:28.166474+00:00,btc-updown-15m-1766466000,TRADE,DOWN,DIR_ACCUMULATE,5,5,0.32014040028503604,1.6007020014251803,5.0,0.6900732934022913,15.0,0.3600839710950067,5,1.050157264497298,-0.25078632248649035,10.0,0,0,0,91.38999024436096,SUCCESS,BEARISH,accumulate,1,87980.0,87930.99,0.055736890941401614,337.60001292025953
2025-12-23T05:00:33.589481+00:00,btc-updown-15m-1766466000,TRADE,UP,DIR_REBALANCE,5,5,0.7202181969582668,3.601090984791334,10.0,0.705145745180279,15.0,0.3600839710950067,10,1.0652297162752857,-0.6522971627528573,5.0,0,0,0,87.78889925956963,SUCCESS,BEARISH,rebalance,1,87984.39,87930.99,0.06072944248665252,378.807440256329
2025-12-23T05:01:11.829793+00:00,btc-updown-15m-1766466000,TRADE,UP,DIR_ACCUMULATE,5,1,0.6701334327732671,0.6701334327732671,11.0,0.7019628076887324,15.0,0.3600839710950067,11,1.062046778783739,-0.6825145666211301,4.0,0,0,0,87.11876582679636,SUCCESS,BULLISH,accumulate,2,87980.0,87930.99,0.055736890941401614,345.9847773586818
2025-12-23T05:01:17.364061+00:00,btc-updown-15m-1766466000,TRADE,UP,DIR_ACCUMULATE,4,2,0.6200222839284887,1.2400445678569774,13.0,0.6893565732640796,15.0,0.3600839710950067,13,1.0494405443590864,-0.6427270766681232,2.0,0,0,0,85.87872125893938,SUCCESS,BULLISH,accumulate,2,87963.4,87930.99,0.036858450018575864,228.73615875885025
2025-12-23T05:03:22.196172+00:00,btc-updown-15m-1766466000,TRADE,UP,DIR_AVERAGE_DOWN,2,2,0.5400166792009204,1.080033358401841,15.0,0.6694445873889916,15.0,0.3600839710950067,15,1.0295285584839984,-0.4429283772599757,0.0,0,0,0,84.79868790053754,SUCCESS,BULLISH,average_down,2,87923.96,87930.99,-0.00799490600526485,47.34563919738538
2025-12-23T05:15:05.480580+00:00,btc-updown-15m-1766466000,RESOLUTION,DOWN,BINANCE_FALLBACK,30,30,1.0000,15.4429,15,0.6694,15,0.3601,15,1.0295,-0.4429,0.00,0.0000,0.0000,-0.4429,99.80,RESOLVED
2025-12-23T05:15:14.108550+00:00,btc-updown-15m-1766466900,TRADE,UP,DIR_AVERAGE_DOWN,5,5,0.5202420104855,2.6012100524275,5.0,0.5202420104855,0.0,0.0,0,0,0.0,5.0,0,0,0,97.19747784811004,SUCCESS,BULLISH,average_down,2,87900.01,87900.01,0.0,0.14662820588431122
2025-12-23T05:15:19.520706+00:00,btc-updown-15m-1766466900,TRADE,UP,DIR_ACCUMULATE,5,5,0.5102087551408053,2.5510437757040267,10.0,0.5152253828131527,0.0,0.0,0,0,0.0,10.0,0,0,0,94.64643407240601,SUCCESS,BULLISH,accumulate,2,87893.5,87900.01,-0.007406142502139376,47.65437018352212
2025-12-23T05:15:30.456487+00:00,btc-updown-15m-1766466900,TRADE,DOWN,DIR_REBALANCE,5,5,0.5200632091921733,2.6003160459608665,10.0,0.5152253828131527,5.0,0.5200632091921733,5,1.035288592005326,-0.1764429600266304,5.0,0,0,0,92.04611802644514,SUCCESS,BULLISH,rebalance,2,87880.28,87900.01,-0.022445958766097895,147.711414766906
2025-12-23T05:15:35.878438+00:00,btc-updown-15m-1766466900,TRADE,UP,DIR_ACCUMULATE,5,5,0.48007350389998804,2.40036751949994,15.0,0.5035080898420978,5.0,0.5200632091921733,5,1.0235712990342711,-0.11785649517135566,10.0,0,0,0,89.6457505069452,SUCCESS,BULLISH,accumulate,2,87880.28,87900.01,-0.022445958766097895,146.70619914293763
2025-12-23T05:15:41.296266+00:00,btc-updown-15m-1766466900,TRADE,DOWN,DIR_REBALANCE,5,3,0.5602591322071518,1.6807773966214556,15.0,0.5035080898420978,8.0,0.5351366803227903,8,1.038644770164888,-0.3091581613191039,7.0,0,0,0,87.96497311032375,SUCCESS,BULLISH,rebalance,2,87878.0,87900.01,-0.025039815126294936,144.63644211747123
2025-12-23T05:15:46.697600+00:00,btc-updown-15m-1766466900,TRADE,DOWN,DIR_REBALANCE,5,5,0.5801612118574977,2.9008060592874885,15.0,0.5035080898420978,13.0,0.5524538078361393,13,1.055961897678237,-0.7275046698170811,2.0,0,0,0,85.06416705103626,SUCCESS,BULLISH,rebalance,2,87878.0,87900.01,-0.025039815126294936,148.6494678046554
2025-12-23T05:25:01.291444+00:00,btc-updown-15m-1766466900,TRADE,DOWN,DIR_EMERGENCY,2,2,0.02000842358855067,0.04001684717710134,15.0,0.5035080898420978,15.0,0.4814610899364608,15,0.9849691797785587,0.22546230332161965,0.0,0,0,0,85.02415020385916,SUCCESS,BULLISH,emergency,2,88007.58,87900.01,0.12237768801164753,1242.8649972904248
2025-12-23T05:30:04.941097+00:00,btc-updown-15m-1766466900,RESOLUTION,UP,BINANCE_FALLBACK,30,30,1.0000,14.7745,15,0.5035,15,0.4815,15,0.9850,0.2255,0.00,0.0000,0.0000,0.2255,100.02,RESOLVED
2025-12-23T05:30:13.318806+00:00,btc-updown-15m-1766467800,TRADE,UP,DIR_AVERAGE_DOWN,5,5,0.4400921557708979,2.2004607788544894,5.0,0.4400921557708979,0.0,0.0,0,0,0.0,5.0,0,0,0,97.82368942500467,SUCCESS,BULLISH,average_down,2,87998.23,88008.8,-0.012010162620109562,78.64647346048633
2025-12-23T05:30:18.867126+00:00,btc-updown-15m-1766467800,TRADE,UP,DIR_ACCUMULATE,5,5,0.46006559370616107,2.300327968530805,10.0,0.4500788747385295,0.0,0.0,0,0,0.0,10.0,0,0,0,95.52336145647386,SUCCESS,BULLISH,accumulate,2,87995.56,88008.8,-0.015043950150445455,93.75961800473874
2025-12-23T05:30:24.276789+00:00,btc-updown-15m-1766467800,TRADE,DOWN,DIR_REBALANCE,5,3,0.5700453932544857,1.7101361797634569,10.0,0.4500788747385295,3.0,0.5700453932544857,3,1.0201242679930151,-0.06037280397904543,7.0,0,0,0,93.81322527671041,SUCCESS,BULLISH,rebalance,2,87995.56,88008.8,-0.015043950150445455,92.82536077399807
2025-12-23T05:30:29.707432+00:00,btc-updown-15m-1766467800,TRADE,DOWN,DIR_REBALANCE,5,5,0.5902593229931097,2.9512966149655484,10.0,0.4500788747385295,8.0,0.5826790993411257,8,1.0327579740796553,-0.26206379263724244,2.0,0,0,0,90.86192866174487,SUCCESS,BULLISH,rebalance,2,87995.56,88008.8,-0.015043950150445455,90.72033008312592
2025-12-23T05:30:35.110583+00:00,btc-updown-15m-1766467800,TRADE,UP,DIR_AVERAGE_DOWN,5,5,0.42015350552823716,2.1007675276411857,15.0,0.440103751668432,8.0,0.5826790993411257,8,1.0227828510095578,-0.18226280807646233,7.0,0,0,0,88.76116113410369,SUCCESS,BULLISH,average_down,2,87995.56,88008.8,-0.015043950150445455,90.55284782956917
2025-12-23T05:30:40.520436+00:00,btc-updown-15m-1766467800,TRADE,DOWN,DIR_REBALANCE,5,5,0.6801754422274386,3.4008772111371934,15.0,0.440103751668432,13.0,0.6201776927589383,13,1.0602814444273703,-0.7836587775558135,2.0,0,0,0,85.36028392296649,SUCCESS,BULLISH,rebalance,2,87970.01,88008.8,-0.044075137940760636,327.671715813456
2025-12-23T05:45:05.465112+00:00,btc-updown-15m-1766467800,RESOLUTION,DOWN,BINANCE_FALLBACK,28,28,1.0000,14.6639,15,0.4401,13,0.6202,13,1.0603,-0.7837,0.13,0.0000,0.0000,-1.6639,98.36,RESOLVED
2025-12-23T05:45:23.630880+00:00,btc-updown-15m-1766468700,TRADE,UP,DIR_AVERAGE_DOWN,5,5,0.5100989827348775,2.5504949136743877,5.0,0.5100989827348775,0.0,0.0,0,0,0.0,5.0,0,0,0,95.8097890092921,SUCCESS,BULLISH,average_down,2,87771.89,87779.99,-0.009227615541999743,48.3639923358614
2025-12-23T05:45:29.053467+00:00,btc-updown-15m-1766468700,TRADE,UP,DIR_ACCUMULATE,5,1,0.5100648175010534,0.5100648175010534,6.0,0.5100932885292402,0.0,0.0,0,0,0.0,6.0,0,0,0,95.29972419179106,SUCCESS,BULLISH,accumulate,2,87769.56,87779.99,-0.011881979025068887,63.18303761876899
2025-12-23T05:45:34.494103+00:00,btc-updown-15m-1766468700,TRADE,DOWN,DIR_REBALANCE,5,5,0.5000307025926279,2.5001535129631396,6.0,0.5100932885292402,5.0,0.5000307025926279,5,1.0101239911218682,-0.05061995560934118,1.0,0,0,0,92.79957067882792,SUCCESS,BULLISH,rebalance,2,87769.56,87779.99,-0.011881979025068887,62.458017757606726
2025-12-23T05:45:39.905152+00:00,btc-updown-15m-1766468700,TRADE,UP,DIR_AVERAGE_DOWN,5,5,0.5101873571201528,2.550936785600764,11.0,0.510136046979655,5.0,0.5000307025926279,5,1.0101667495722828,-0.050833747861414036,6.0,0,0,0,90.24863389322715,SUCCESS,BULLISH,average_down,2,87769.56,87779.99,-0.011881979025068887,61.28561917200784
2025-12-23T05:45:45.307985+00:00,btc-updown-15m-1766468700,TRADE,DOWN,DIR_REBALANCE,5,5,0.4997741074823694,2.4988705374118467,11.0,0.510136046979655,10.0,0.4999024050374986,10,1.0100384520171537,-0.10038452017153698,1.0,0,0,0,87.7497633558153,SUCCESS,BULLISH,rebalance,2,87769.55,87779.99,-0.011893371143015996,61.975910491476085
2025-12-23T05:45:50.723811+00:00,btc-updown-15m-1766468700,TRADE,UP,DIR_AVERAGE_DOWN,4,4,0.5100530125425434,2.0402120501701737,15.0,0.5101139044630919,10.0,0.4999024050374986,10,1.0100163095005905,-0.10016309500590515,5.0,0,0,0,85.70955130564514,SUCCESS,BULLISH,average_down,2,87767.78,87779.99,-0.013909776020715432,73.27845555744567
2025-12-23T05:55:04.173949+00:00,btc-updown-15m-1766468700,TRADE,DOWN,DIR_EMERGENCY,5,5,0.3600233739762127,1.8001168698810635,15.0,0.5101139044630919,15.0,0.4532760613504033,15,0.9633899658134952,0.5491505127975715,0.0,0,0,0,83.90943443576407,SUCCESS,BULLISH,emergency,2,87796.55,87779.99,0.018865347330294376,153.01030693976122
2025-12-23T06:00:05.405896+00:00,btc-updown-15m-1766468700,RESOLUTION,DOWN,BINANCE_FALLBACK,30,30,1.0000,14.4508,15,0.5101,15,0.4533,15,0.9634,0.5492,0.00,0.0000,0.0000,0.5492,98.91,RESOLVED
2025-12-23T06:00:13.875128+00:00,btc-updown-15m-1766469600,TRADE,UP,DIR_AVERAGE_DOWN,5,5,0.4101812859283257,2.0509064296416284,5.0,0.4101812859283257,0.0,0.0,0,0,0.0,5.0,0,0,0,96.85852800612244,SUCCESS,BULLISH,average_down,2,87714.37,87765.01,-0.05769953196609836,227.1985659015484
2025-12-23T06:00:19.277299+00:00,btc-updown-15m-1766469600,TRADE,UP,DIR_ACCUMULATE,5,5,0.42017788057321237,2.100889402866062,10.0,0.41517958325076904,0.0,0.0,0,0,0.0,10.0,0,0,0,94.75763860325638,SUCCESS,BULLISH,accumulate,2,87717.87,87765.01,-0.05371161012799909,218.96794644202268
2025-12-23T06:00:24.795292+00:00,btc-updown-15m-1766469600,TRADE,DOWN,DIR_REBALANCE,5,5,0.5800602454730336,2.900301227365168,10.0,0.41517958325076904,5.0,0.5800602454730336,5,0.9952398287238027,0.023800856380986612,5.0,0,0,0,91.85733737589122,SUCCESS,BULLISH,rebalance,2,87720.46,87765.01,-0.05076054796779304,210.42585963791706
2025-12-23T06:00:30.224935+00:00,btc-updown-15m-1766469600,TRADE,UP,DIR_ACCUMULATE,5,5,0.40015513035761474,2.0007756517880737,15.0,0.4101714322863843,5.0,0.5800602454730336,5,0.9902316777594179,0.04884161120291053,10.0,0,0,0,89.85656172410314,SUCCESS,BULLISH,accumulate,2,87683.6,87765.01,-0.09275906195417621,342.0974699352675
2025-12-23T06:00:35.660780+00:00,btc-updown-15m-1766469600,TRADE,DOWN,DIR_REBALANCE,5,5,0.7103334314988845,3.5516671574944225,15.0,0.4101714322863843,10.0,0.645196838485959,10,1.0553682707723433,-0.553682707723433,5.0,0,0,0,86.30489456660872,SUCCESS,BULLISH,rebalance,2,87670.45,87765.01,-0.10774225400304481,455.6566856026889
2025-12-23T06:10:00.805387+00:00,btc-updown-15m-1766469600,TRADE,DOWN,DIR_EMERGENCY,5,5,0.4402032792181659,2.2010163960908296,15.0,0.4101714322863843,15.0,0.5768656520633613,15,0.9870370843497456,0.19444373475381638,0.0,0,0,0,84.10387817051789,SUCCESS,BULLISH,emergency,2,87769.27,87765.01,0.004853870580097141,20.682385580219776
2025-12-23T06:15:05.291385+00:00,btc-updown-15m-1766469600,RESOLUTION,DOWN,BINANCE_FALLBACK,30,30,1.0000,14.8056,15,0.4102,15,0.5769,15,0.9870,0.1944,0.00,0.0000,0.0000,0.1944,99.10,RESOLVED
2025-12-23T06:15:13.584368+00:00,btc-updown-15m-1766470500,TRADE,UP,DIR_AVERAGE_DOWN,5,5,0.5602718111783118,2.801359055891559,5.0,0.5602718111783118,0.0,0.0,0,0,0.0,5.0,0,0,0,96.30251911462634,SUCCESS,BULLISH,average_down,2,87546.01,87540.0,0.006865432944933471,18.046080425851816
2025-12-23T06:15:19.015870+00:00,btc-updown-15m-1766470500,TRADE,UP,DIR_ACCUMULATE,5,5,0.5901200927281002,2.9506004636405008,10.0,0.5751959519532059,0.0,0.0,0,0,0.0,10.0,0,0,0,93.35191865098584,SUCCESS,BULLISH,accumulate,2,87552.71,87540.0,0.014519076993381771,35.919633344733874
2025-12-23T06:15:24.459037+00:00,btc-updown-15m-1766470500,TRADE,DOWN,DIR_REBALANCE,5,3,0.37006124334360974,1.1101837300308293,10.0,0.5751959519532059,3.0,0.37006124334360974,3,0.9452571952968156,0.16422841410955313,7.0,0,0,0,92.24173492095501,SUCCESS,BULLISH,rebalance,2,87582.0,87540.0,0.047978067169294036,126.05232545783052
2025-12-23T06:15:29.998610+00:00,btc-updown-15m-1766470500,TRADE,DOWN,DIR_REBALANCE,5,5,0.36984862118604933,1.8492431059302468,10.0,0.5751959519532059,8.0,0.3699283544951345,8,0.9451243064483404,0.43900554841327644,2.0,0,0,0,90.39249181502477,SUCCESS,BULLISH,rebalance,2,87569.32,87540.0,0.03349326022390563,88.04953288139613
2025-12-23T06:15:40.834044+00:00,btc-updown-15m-1766470500,TRADE,UP,DIR_AVERAGE_DOWN,5,5,0.6600193297251858,3.3000966486259293,15.0,0.6034704112105326,8.0,0.3699283544951345,8,0.9733987657056671,0.21280987435466336,7.0,0,0,0,87.09239516639884,SUCCESS,BULLISH,average_down,2,87579.41,87540.0,0.045019419693858226,120.35145421904265
2025-12-23T06:15:46.233360+00:00,btc-updown-15m-1766470500,TRADE,DOWN,DIR_REBALANCE,5,5,0.4000684594293613,2.0003422971468066,15.0,0.6034704112105326,13.0,0.3815207025467602,13,0.9849911137572928,0.19511552115519415,2.0,0,0,0,85.09205286925204,SUCCESS,BULLISH,rebalance,2,87562.0,87540.0,0.025131368517249255,68.67046634330066
2025-12-23T06:30:05.666469+00:00,btc-updown-15m-1766470500,RESOLUTION,DOWN,BINANCE_FALLBACK,28,28,1.0000,14.0118,15,0.6035,13,0.3815,13,0.9850,0.1951,0.13,0.0000,0.0000,-1.0118,98.09,RESOLVED
2025-12-23T06:30:13.671379+00:00,btc-updown-15m-1766471400,TRADE,UP,DIR_AVERAGE_DOWN,5,5,0.3801793426813005,1.9008967134065025,5.0,0.3801793426813005,0.0,0.0,0,0,0.0,5.0,0,0,0,96.19115615584555,SUCCESS,BULLISH,average_down,2,87112.43,87206.32,-0.10766421516240332,413.317951077998
2025-12-23T06:30:19.078259+00:00,btc-updown-15m-1766471400,TRADE,UP,DIR_ACCUMULATE,5,5,0.39012753606804684,1.9506376803402343,10.0,0.38515343937467367,0.0,0.0,0,0,0.0,10.0,0,0,0,94.24051847550531,SUCCESS,BULLISH,accumulate,2,87112.43,87206.32,-0.10766421516240332,415.0278552137005
2025-12-23T06:30:24.495473+00:00,btc-updown-15m-1766471400,TRADE,DOWN,DIR_REBALANCE,5,5,0.6202976214284546,3.1014881071422726,10.0,0.38515343937467367,5.0,0.6202976214284546,5,1.0054510608031282,-0.027255304015640913,5.0,0,0,0,91.13903036836304,SUCCESS,BULLISH,rebalance,2,87113.22,87206.32,-0.10675831751644355,416.7683341595334
2025-12-23T06:30:29.902915+00:00,btc-updown-15m-1766471400,TRADE,UP,DIR_ACCUMULATE,5,5,0.41018363992121193,2.0509181996060595,15.0,0.3934968395568531,5.0,0.6202976214284546,5,1.0137944609853076,-0.06897230492653783,10.0,0,0,0,89.08811216875698,SUCCESS,BULLISH,accumulate,2,87131.51,87206.32,-0.08578506695387698,304.9740174157722
2025-12-23T06:30:35.331788+00:00,btc-updown-15m-1766471400,TRADE,DOWN,DIR_REBALANCE,5,5,0.5702769326789641,2.8513846633948203,15.0,0.3934968395568531,10.0,0.5952872770537093,10,0.9887841166105624,0.11215883389437575,5.0,0,0,0,86.23672750536215,SUCCESS,BULLISH,rebalance,2,87140.67,87206.32,-0.07528124108437179,318.03075321825514
2025-12-23T06:40:01.342144+00:00,btc-updown-15m-1766471400,TRADE,DOWN,DIR_EMERGENCY,5,5,0.21005573856181545,1.0502786928090773,15.0,0.3934968395568531,15.0,0.466876764223078,15,0.8603736037799311,2.0943959433010333,0.0,0,0,0,85.18644881255308,SUCCESS,BULLISH,emergency,2,87259.99,87206.32,0.06154370463057981,373.8092103049836
2025-12-23T06:45:02.251262+00:00,btc-updown-15m-1766471400,RESOLUTION,UP,BINANCE_FALLBACK,30,30,1.0000,12.9056,15,0.3935,15,0.4669,15,0.8604,2.0944,0.00,0.0000,0.0000,2.0944,100.19,RESOLVED
2025-12-23T06:45:11.012948+00:00,btc-updown-15m-1766472300,TRADE,UP,DIR_AVERAGE_DOWN,5,5,0.5100602412540012,2.5503012062700057,5.0,0.5100602412540012,0.0,0.0,0,0,0.0,5.0,0,0,0,97.63614760628307,SUCCESS,BULLISH,average_down,2,87302.54,87302.54,0.0,0.1828723519802792
2025-12-23T06:45:16.421607+00:00,btc-updown-15m-1766472300,TRADE,UP,DIR_ACCUMULATE,5,5,0.5100462513336154,2.5502312566680767,10.0,0.5100532462938082,0.0,0.0,0,0,0.0,10.0,0,0,0,95.085916349615,SUCCESS,BULLISH,accumulate,2,87287.35,87302.54,-0.017399264672010435,101.6656314904128
2025-12-23T06:45:21.810705+00:00,btc-updown-15m-1766472300,TRADE,DOWN,DIR_REBALANCE,5,5,0.5000657003438592,2.500328501719296,10.0,0.5100532462938082,5.0,0.5000657003438592,5,1.0101189466376674,-0.05059473318833718,5.0,0,0,0,92.58558784789571,SUCCESS,BULLISH,rebalance,2,87287.35,87302.54,-0.017399264672010435,101.53892136024825
2025-12-23T06:45:27.193167+00:00,btc-updown-15m-1766472300,TRADE,UP,DIR_ACCUMULATE,5,5,0.5098960786645111,2.549480393322556,15.0,0.5100008570840425,5.0,0.5000657003438592,5,1.0100665574279017,-0.05033278713950873,10.0,0,0,0,90.03610745457316,SUCCESS,BULLISH,accumulate,2,87287.35,87302.54,-0.017399264672010435,101.07442218534126
2025-12-23T06:45:32.605509+00:00,btc-updown-15m-1766472300,TRADE,DOWN,DIR_REBALANCE,5,5,0.5000758661893419,2.5003793309467093,15.0,0.5100008570840425,10.0,0.5000707832666006,10,1.0100716403506431,-0.10071640350643118,5.0,0,0,0,87.53572812362644,SUCCESS,BULLISH,rebalance,2,87287.35,87302.54,-0.017399264672010435,100.1860561838041
2025-12-23T06:55:02.584605+00:00,btc-updown-15m-1766472300,TRADE,DOWN,DIR_EMERGENCY,5,5,0.02000676160176754,0.1000338080088377,15.0,0.5100008570840425,15.0,0.3400494427116562,15,0.8500502997956987,2.24924550306452,0.0,0,0,0,87.43569431561761,SUCCESS,BULLISH,emergency,2,87470.02,87302.54,0.19183863379004837,863.6962773548412
2025-12-23T07:00:00.935397+00:00,btc-updown-15m-1766472300,RESOLUTION,UP,BINANCE_FALLBACK,30,30,1.0000,12.7508,15,0.5100,15,0.3400,15,0.8501,2.2492,0.00,0.0000,0.0000,2.2492,102.44,RESOLVED
2025-12-23T07:00:09.890027+00:00,btc-updown-15m-1766473200,TRADE,UP,DIR_AVERAGE_DOWN,5,5,0.42015152899096203,2.10075764495481,5.0,0.42015152899096203,0.0,0.0,0,0,0.0,5.0,0,0,0,100.3349366706628,SUCCESS,BULLISH,average_down,2,87380.01,87400.01,-0.022883292576282317,136.76479279345764
2025-12-23T07:00:15.438548+00:00,btc-updown-15m-1766473200,TRADE,UP,DIR_ACCUMULATE,5,5,0.4301573980230511,2.1507869901152556,10.0,0.4251544635070066,0.0,0.0,0,0,0.0,10.0,0,0,0,98.18414968054755,SUCCESS,BULLISH,accumulate,2,87373.23,87400.01,-0.03064072875964069,182.4327011150963
2025-12-23T07:00:20.853870+00:00,btc-updown-15m-1766473200,TRADE,DOWN,DIR_REBALANCE,5,5,0.44010976507720057,2.2005488253860026,10.0,0.4251544635070066,5.0,0.4401097650772005,5,0.8652642285842072,0.6736788570789642,5.0,0,0,0,95.98360085516154,SUCCESS,BULLISH,rebalance,2,87435.74,87400.01,0.040881002187540344,233.86474260536588
2025-12-23T07:00:26.257665+00:00,btc-updown-15m-1766473200,TRADE,UP,DIR_ACCUMULATE,5,5,0.6100167515609328,3.0500837578046642,15.0,0.48677522619164865,5.0,0.4401097650772005,5,0.9268849912688492,0.3655750436557542,10.0,0,0,0,92.93351709735688,SUCCESS,BULLISH,accumulate,2,87451.69,87400.01,0.05913042801712216,321.366606199966
2025-12-23T07:00:37.279387+00:00,btc-updown-15m-1766473200,TRADE,DOWN,DIR_REBALANCE,5,5,0.40015313621266185,2.000765681063309,15.0,0.48677522619164865,10.0,0.4201314506449312,10,0.9069066768365799,0.9309332316342012,5.0,0,0,0,90.93275141629357,SUCCESS,BULLISH,rebalance,2,87443.81,87400.01,0.050114410742061605,228.68151223347908
2025-12-23T07:10:07.813833+00:00,btc-updown-15m-1766473200,TRADE,DOWN,DIR_EMERGENCY,5,5,0.09001249743882804,0.4500624871941402,15.0,0.48677522619164865,15.0,0.3100917995762301,15,0.7968670257678787,3.0469946134818193,0.0,0,0,0,90.48268892909942,SUCCESS,BULLISH,emergency,2,87509.78,87400.01,0.12559495130493015,605.8674992600703
2025-12-23T07:15:01.658212+00:00,btc-updown-15m-1766473200,RESOLUTION,UP,BINANCE_FALLBACK,30,30,1.0000,11.9530,15,0.4868,15,0.3101,15,0.7969,3.0470,0.00,0.0000,0.0000,3.0470,105.48,RESOLVED
2025-12-23T07:15:09.963138+00:00,btc-updown-15m-1766474100,TRADE,UP,DIR_AVERAGE_DOWN,5,5,0.5001055391639243,2.5005276958196214,5.0,0.5001055391639243,0.0,0.0,0,0,0.0,5.0,0,0,0,102.9821612332798,SUCCESS,BULLISH,average_down,2,87450.57,87444.85,0.006541265723483046,33.83949255217355
2025-12-23T07:15:15.411164+00:00,btc-updown-15m-1766474100,TRADE,UP,DIR_ACCUMULATE,5,5,0.5000555865921203,2.5002779329606017,10.0,0.5000805628780223,0.0,0.0,0,0,0.0,10.0,0,0,0,100.4818833003192,SUCCESS,BULLISH,accumulate,2,87450.56,87444.85,0.006529829944235539,33.755971104833236
2025-12-23T07:15:20.913836+00:00,btc-updown-15m-1766474100,TRADE,DOWN,DIR_REBALANCE,5,5,0.5101550451879115,2.5507752259395575,10.0,0.5000805628780223,5.0,0.5101550451879115,5,1.0102356080659338,-0.051178040329669106,5.0,0,0,0,97.93110807437964,SUCCESS,BULLISH,rebalance,2,87450.57,87444.85,0.006541265723483046,33.76659424614903
2025-12-23T07:15:26.331430+00:00,btc-updown-15m-1766474100,TRADE,UP,DIR_ACCUMULATE,5,5,0.510036491894359,2.550182459471795,15.0,0.5033992058834679,5.0,0.5101550451879115,5,1.0135542510713793,-0.06777125535689654,10.0,0,0,0,95.38092561490784,SUCCESS,BULLISH,accumulate,2,87450.57,87444.85,0.006541265723483046,33.70143823014125
2025-12-23T07:15:31.785757+00:00,btc-updown-15m-1766474100,TRADE,DOWN,DIR_REBALANCE,5,5,0.5101756331120102,2.550878165560051,15.0,0.5033992058834679,10.0,0.5101653391499609,10,1.0135645450334287,-0.13564545033428743,5.0,0,0,0,92.83004744934779,SUCCESS,BULLISH,rebalance,2,87450.56,87444.85,0.006529829944235539,36.14564141130595
2025-12-23T07:25:03.382146+00:00,btc-updown-15m-1766474100,TRADE,DOWN,DIR_EMERGENCY,5,5,0.060003844964189396,0.300019224820947,15.0,0.5033992058834679,15.0,0.3601115077547037,15,0.8635107136381716,2.0473392954274265,0.0,0,0,0,92.53002822452684,SUCCESS,BULLISH,emergency,2,87570.07,87444.85,0.14319882760391395,678.1066786788531
2025-12-23T07:30:02.433645+00:00,btc-updown-15m-1766474100,RESOLUTION,UP,BINANCE_FALLBACK,30,30,1.0000,12.9527,15,0.5034,15,0.3601,15,0.8635,2.0473,0.00,0.0000,0.0000,2.0473,107.53,RESOLVED
2025-12-23T07:30:10.402454+00:00,btc-updown-15m-1766475000,TRADE,UP,DIR_AVERAGE_DOWN,5,5,0.4801427477707631,2.4007137388538156,5.0,0.4801427477707631,0.0,0.0,0,0,0.0,5.0,0,0,0,105.12931448567304,SUCCESS,BULLISH,average_down,2,87611.43,87595.41,0.01828862950694508,205.68026577671714
2025-12-23T07:30:15.819542+00:00,btc-updown-15m-1766475000,TRADE,UP,DIR_ACCUMULATE,5,5,0.49005051873134187,2.4502525936567094,10.0,0.48509663325105257,0.0,0.0,0,0,0.0,10.0,0,0,0,102.67906189201632,SUCCESS,BULLISH,accumulate,2,87611.44,87595.41,0.018300045630243452,206.53702239506165
2025-12-23T07:30:21.230073+00:00,btc-updown-15m-1766475000,TRADE,DOWN,DIR_REBALANCE,5,5,0.5101534310244733,2.5507671551223665,10.0,0.48509663325105257,5.0,0.5101534310244733,5,0.9952500642755259,0.02374967862237065,5.0,0,0,0,100.12829473689395,SUCCESS,BULLISH,rebalance,2,87611.44,87595.41,0.018300045630243452,206.98190955987513
2025-12-23T07:30:26.625350+00:00,btc-updown-15m-1766475000,TRADE,UP,DIR_ACCUMULATE,5,5,0.5501807550974189,2.7509037754870946,15.0,0.5067913405331747,5.0,0.5101534310244733,5,1.016944771557648,-0.08472385778824032,10.0,0,0,0,97.37739096140686,SUCCESS,BULLISH,accumulate,2,87614.8,87595.41,0.022135863054924244,262.3955895960134
2025-12-23T07:30:32.052659+00:00,btc-updown-15m-1766475000,TRADE,DOWN,DIR_REBALANCE,5,5,0.47003171967506424,2.3501585983753213,15.0,0.5067913405331747,10.0,0.4900925753497688,10,0.9968839158829434,0.0311608411705655,5.0,0,0,0,95.02723236303154,SUCCESS,BULLISH,rebalance,2,87614.8,87595.41,0.022135863054924244,263.493160022226
2025-12-23T07:45:04.245107+00:00,btc-updown-15m-1766475000,RESOLUTION,DOWN,BINANCE_FALLBACK,25,25,1.0000,12.5028,15,0.5068,10,0.4901,10,0.9969,0.0312,0.33,0.0000,0.0000,-2.5028,105.03,RESOLVED
2025-12-23T07:45:13.685134+00:00,btc-updown-15m-1766475900,TRADE,UP,DIR_AVERAGE_DOWN,5,5,0.5301780102800352,2.650890051400176,5.0,0.5301780102800352,0.0,0.0,0,0,0.0,5.0,0,0,0,102.37634231163136,SUCCESS,BULLISH,average_down,2,87529.48,87529.48,0.0,0.1286711405648705
2025-12-23T07:45:19.112790+00:00,btc-updown-15m-1766475900,TRADE,UP,DIR_ACCUMULATE,5,4,0.5301439784105029,2.1205759136420115,9.0,0.5301628850046876,0.0,0.0,0,0,0.0,9.0,0,0,0,100.25576639798935,SUCCESS,BULLISH,accumulate,2,87529.48,87529.48,0.0,0.13420910660182966
2025-12-23T07:45:24.515055+00:00,btc-updown-15m-1766475900,TRADE,DOWN,DIR_REBALANCE,5,5,0.4801235478224642,2.400617739112321,9.0,0.5301628850046876,5.0,0.48012354782246425,5,1.0102864328271517,-0.05143216413575846,4.0,0,0,0,97.85514865887703,SUCCESS,BULLISH,rebalance,2,87529.47,87529.48,-1.1424722270441126e-05,0.30334886205840356
2025-12-23T07:45:30.069159+00:00,btc-updown-15m-1766475900,TRADE,UP,DIR_ACCUMULATE,5,5,0.5501761103950343,2.750880551975172,14.0,0.53731046550124,5.0,0.48012354782246425,5,1.017434013323704,-0.08717006661852045,9.0,0,0,0,95.10426810690186,SUCCESS,BULLISH,accumulate,2,87529.48,87529.48,0.0,0.10541357932910898
2025-12-23T07:45:35.468557+00:00,btc-updown-15m-1766475900,TRADE,DOWN,DIR_REBALANCE,5,5,0.3800638904115383,1.9003194520576916,14.0,0.53731046550124,10.0,0.4300937191170012,10,0.9674041846182412,0.3259581538175882,4.0,0,0,0,93.20394865484417,SUCCESS,BULLISH,rebalance,2,87549.98,87529.48,0.023420680666673677,175.96936808091263
2025-12-23T07:45:40.889167+00:00,btc-updown-15m-1766475900,TRADE,UP,DIR_ACCUMULATE,1,1,0.5800109616402777,0.5800109616402777,15.0,0.5401571652438425,10.0,0.4300937191170012,10,0.9702508843608437,0.29749115639156276,5.0,0,0,0,92.62393769320389,SUCCESS,BULLISH,accumulate,2,87541.63,87529.48,0.013881037565867787,106.07081435021118
2025-12-23T07:55:05.871174+00:00,btc-updown-15m-1766475900,TRADE,DOWN,DIR_EMERGENCY,5,5,0.07000755454775828,0.35003777273879144,15.0,0.5401571652438425,15.0,0.31006499759392026,15,0.8502221628377628,2.246667557433559,0.0,0,0,0,92.2738999204651,SUCCESS,BULLISH,emergency,2,87616.0,87529.48,0.09884669713564398,427.7562126782513
2025-12-23T08:00:04.813183+00:00,btc-updown-15m-1766475900,RESOLUTION,UP,BINANCE_FALLBACK,30,30,1.0000,12.7533,15,0.5402,15,0.3101,15,0.8502,2.2467,0.00,0.0000,0.0000,2.2467,107.27,RESOLVED
2025-12-23T08:00:13.604796+00:00,btc-updown-15m-1766476800,TRADE,UP,DIR_AVERAGE_DOWN,5,5,0.45022148266500334,2.2511074133250166,5.0,0.45022148266500334,0.0,0.0,0,0,0.0,5.0,0,0,0,105.02279250714008,SUCCESS,BULLISH,average_down,2,87555.0,87574.79,-0.0225978275254712,126.84140034588799
2025-12-23T08:00:19.025350+00:00,btc-updown-15m-1766476800,TRADE,UP,DIR_ACCUMULATE,5,5,0.4501129915575636,2.250564957787818,10.0,0.4501672371112835,0.0,0.0,0,0,0.0,10.0,0,0,0,102.77222754935227,SUCCESS,BULLISH,accumulate,2,87555.01,87574.79,-0.02258640871419599,125.77765115682477
2025-12-23T08:00:24.643694+00:00,btc-updown-15m-1766476800,TRADE,DOWN,DIR_REBALANCE,5,5,0.5602467968921445,2.8012339844607226,10.0,0.4501672371112835,5.0,0.5602467968921445,5,1.010414034003428,-0.05207017001713998,5.0,0,0,0,99.97099356489154,SUCCESS,BULLISH,rebalance,2,87555.0,87574.79,-0.0225978275254712,125.79648855843774
2025-12-23T08:00:30.067441+00:00,btc-updown-15m-1766476800,TRADE,UP,DIR_ACCUMULATE,5,5,0.5000088087733048,2.5000440438665237,15.0,0.46678109433195725,5.0,0.5602467968921445,5,1.0270278912241018,-0.13513945612050882,10.0,0,0,0,97.47094952102502,SUCCESS,BULLISH,accumulate,2,87570.4,87574.79,-0.0050128581524425215,27.8739411740894
2025-12-23T08:00:35.600039+00:00,btc-updown-15m-1766476800,TRADE,DOWN,DIR_REBALANCE,5,5,0.5300636862565637,2.6503184312828187,15.0,0.46678109433195725,10.0,0.5451552415743541,10,1.0119363359063114,-0.1193633590631138,5.0,0,0,0,94.82063108974221,SUCCESS,BULLISH,rebalance,2,87570.41,87574.79,-0.005001439341150695,29.714695073056163
2025-12-23T08:10:00.558239+00:00,btc-updown-15m-1766476800,TRADE,DOWN,DIR_EMERGENCY,5,5,0.19008084464975136,0.9504042232487568,15.0,0.46678109433195725,15.0,0.4267971092661532,15,0.8935782035981105,1.5963269460283431,0.0,0,0,0,93.87022686649345,SUCCESS,BULLISH,emergency,2,87619.4,87574.79,0.05093931712539714,305.4843559895613
2025-12-23T08:15:01.611650+00:00,btc-updown-15m-1766476800,RESOLUTION,DOWN,BINANCE_FALLBACK,30,30,1.0000,13.4037,15,0.4668,15,0.4268,15,0.8936,1.5963,0.00,0.0000,0.0000,1.5963,108.87,RESOLVED
2025-12-23T08:15:10.097767+00:00,btc-updown-15m-1766477700,TRADE,UP,DIR_AVERAGE_DOWN,5,5,0.49020034393724005,2.4510017196862,5.0,0.49020034393724005,0.0,0.0,0,0,0.0,5.0,0,0,0,106.41922514680725,SUCCESS,BULLISH,average_down,2,87586.9,87597.37,-0.011952413639817229,40.735384683380374
2025-12-23T08:15:21.069139+00:00,btc-updown-15m-1766477700,TRADE,UP,DIR_ACCUMULATE,5,2,0.5101917741469307,1.0203835482938615,7.0,0.49591218114000885,0.0,0.0,0,0,0.0,7.0,0,0,0,105.39884159851339,SUCCESS,BULLISH,accumulate,2,87594.0,87597.37,-0.0038471474657233926,12.159848325029946
2025-12-23T08:15:26.508061+00:00,btc-updown-15m-1766477700,TRADE,DOWN,DIR_REBALANCE,5,5,0.48014814126038513,2.4007407063019257,7.0,0.49591218114000885,5.0,0.48014814126038513,5,0.976060322400394,0.11969838799803012,2.0,0,0,0,102.99810089221145,SUCCESS,BULLISH,rebalance,2,87610.3,87597.37,0.014760717131127987,51.07188818343422
2025-12-23T08:15:32.210459+00:00,btc-updown-15m-1766477700,TRADE,UP,DIR_AVERAGE_DOWN,5,5,0.5301759998523058,2.650879999261529,12.0,0.5101887722701326,5.0,0.48014814126038513,5,0.9903369135305178,0.04831543234741109,7.0,0,0,0,100.34722089294992,SUCCESS,BULLISH,average_down,2,87598.04,87597.37,0.0007648631460034174,2.62327980708213
2025-12-23T08:15:43.023390+00:00,btc-updown-15m-1766477700,TRADE,DOWN,DIR_REBALANCE,5,5,0.46008124484021934,2.3004062242010965,12.0,0.5101887722701326,10.0,0.4701146930503022,10,0.9803034653204348,0.19696534679565225,2.0,0,0,0,98.04681466874882,SUCCESS,BULLISH,rebalance,2,87608.9,87597.37,0.013162495632002235,45.02001232969761
2025-12-23T08:15:48.443288+00:00,btc-updown-15m-1766477700,TRADE,UP,DIR_AVERAGE_DOWN,3,3,0.560082988408201,1.680248965224603,15.0,0.5201676154977463,10.0,0.4701146930503022,10,0.9902823085480484,0.0971769145195156,5.0,0,0,0,96.36656570352422,SUCCESS,BULLISH,average_down,2,87608.9,87597.37,0.013162495632002235,41.67466637212483
2025-12-23T08:25:02.355953+00:00,btc-updown-15m-1766477700,TRADE,DOWN,DIR_EMERGENCY,5,5,0.5002102934342105,2.5010514671710524,15.0,0.5201676154977463,15.0,0.48014655984493826,15,1.0003141753426845,-0.004712630140267793,0.0,0,0,0,93.86551423635316,SUCCESS,BULLISH,emergency,2,87593.18,87597.37,-0.004783248629499183,32.27658196616974
2025-12-23T08:30:02.878827+00:00,btc-updown-15m-1766477700,RESOLUTION,UP,BINANCE_FALLBACK,30,30,1.0000,15.0047,15,0.5202,15,0.4801,15,1.0003,-0.0047,0.00,0.0000,0.0000,-0.0047,108.87,RESOLVED
2025-12-23T13:15:12.681492+00:00,btc-updown-15m-1766495700,TRADE,UP,DIR_AVERAGE_DOWN,4,4,0.5402615467652628,2.1610461870610513,4.0,0.5402615467652628,0.0,0.0,0,0,0.0,4.0,0,0,0,97.83895381293895,SUCCESS,BULLISH,average_down,0,87771.89,87771.89,0.0,0.0
2025-12-23T13:15:18.172588+00:00,btc-updown-15m-1766495700,TRADE,UP,DIR_ACCUMULATE,4,4,0.5702749104368758,2.2810996417475033,8.0,0.5552682286010693,0.0,0.0,0,0,0.0,8.0,0,0,0,95.55785417119145,SUCCESS,BULLISH,accumulate,0,87778.05,87771.89,0.007018192270900732,1.9678438460121328
2025-12-23T13:15:23.738090+00:00,btc-updown-15m-1766495700,TRADE,DOWN,DIR_REBALANCE,5,5,0.430114706634165,2.150573533170825,8.0,0.5552682286010693,5.0,0.43011470663416496,5,0.9853829352352342,0.07308532382382882,3.0,0,0,0,93.40728063802062,SUCCESS,BULLISH,rebalance,0,87784.84,87771.89,0.014754154205859175,3.439744567854628
2025-12-23T13:15:29.157980+00:00,btc-updown-15m-1766495700,TRADE,UP,DIR_ACCUMULATE,4,4,0.580067296935134,2.320269187740536,12.0,0.5635345847124241,5.0,0.43011470663416496,5,0.9936492913465891,0.031753543267054596,7.0,0,0,0,91.08701145028009,SUCCESS,BULLISH,accumulate,0,87791.39,87771.89,0.022216680078325758,4.725640920261307
2025-12-23T13:15:40.123544+00:00,btc-updown-15m-1766495700,TRADE,DOWN,DIR_REBALANCE,5,5,0.43003728169824945,2.150186408491247,12.0,0.5635345847124241,10.0,0.43007599416620723,10,0.9936105788786314,0.06389421121368644,2.0,0,0,0,88.93682504178884,SUCCESS,BULLISH,rebalance,0,87791.4,87771.89,0.02222807324759073,4.720218513122107
2025-12-23T13:15:45.526439+00:00,btc-updown-15m-1766495700,TRADE,UP,DIR_AVERAGE_DOWN,3,1,0.5600001577810214,0.5600001577810214,13.0,0.5632627057177009,10.0,0.43007599416620723,10,0.9933386998839081,0.06661300116091895,3.0,0,0,0,88.37682488400782,SUCCESS,BULLISH,average_down,0,87791.39,87771.89,0.022216680078325758,4.713928902335002
2025-12-23T13:15:50.946926+00:00,btc-updown-15m-1766495700,TRADE,UP,DIR_ACCUMULATE,2,2,0.5902056476264581,1.1804112952529162,15.0,0.5668550979722018,10.0,0.43007599416620723,10,0.996931092138409,0.03068907861590975,5.0,0,0,0,87.19641358875491,SUCCESS,BULLISH,accumulate,0,87791.39,87771.89,0.022216680078325758,4.711880858331011
2025-12-23T13:28:19.236188+00:00,btc-updown-15m-1766495700,TRADE,DOWN,DIR_EMERGENCY,5,5,0.45016771863846494,2.2508385931923245,15.0,0.5668550979722018,15.0,0.43677323565695975,15,1.0036283336291616,-0.05442500443742393,0.0,0,0,0,84.94557499556258,SUCCESS,BULLISH,emergency,0,87787.02,87771.89,0.01723786510693191,1.6006717152276362
2025-12-23T13:30:03.494454+00:00,btc-updown-15m-1766495700,RESOLUTION,UP,BINANCE_FALLBACK_SHARED,30,30,1.0000,15.0544,15,0.5669,15,0.4368,15,1.0036,-0.0544,0.00,0.0000,0.0000,-0.0544,99.95,RESOLVED
2025-12-23T13:30:12.099283+00:00,btc-updown-15m-1766496600,TRADE,UP,DIR_AVERAGE_DOWN,4,1,0.510211201953707,0.510211201953707,1.0,0.510211201953707,0.0,0.0,0,0,0.0,1.0,0,0,0,99.43536379360887,SUCCESS,BULLISH,average_down,0,87828.69,87830.93,-0.002550354413861594,0.13246666836310372
2025-12-23T13:30:23.135001+00:00,btc-updown-15m-1766496600,TRADE,UP,DIR_AVERAGE_DOWN,8,8,0.37009149090240384,2.9607319272192307,9.0,0.385660347685882,0.0,0.0,0,0,0.0,9.0,0,0,0,96.47463186638964,SUCCESS,BULLISH,average_down,0,87760.34,87830.93,-0.0803703205692989,3.1481641712807753
2025-12-23T13:30:33.932870+00:00,btc-updown-15m-1766496600,TRADE,DOWN,DIR_REBALANCE,5,5,0.6202552360761426,3.1012761803807134,9.0,0.385660347685882,5.0,0.6202552360761426,5,1.0059155837620246,-0.02957791881012306,4.0,0,0,0,93.37335568600894,SUCCESS,BULLISH,rebalance,0,87767.0,87830.93,-0.07278757039233562,2.8584418785779735
2025-12-23T13:30:39.340989+00:00,btc-updown-15m-1766496600,TRADE,UP,DIR_ACCUMULATE,6,6,0.41008282758593967,2.460496965515638,15.0,0.39542933964590504,5.0,0.6202552360761426,5,1.0156845757220476,-0.07842287861023811,10.0,0,0,0,90.91285872049329,SUCCESS,BULLISH,accumulate,0,87780.0,87830.93,-0.057986406383255897,2.354307912867257
2025-12-23T13:30:44.821805+00:00,btc-updown-15m-1766496600,TRADE,DOWN,DIR_REBALANCE,5,5,0.6100506745091707,3.0502533725458534,15.0,0.39542933964590504,10.0,0.6151529552926567,10,1.0105822949385617,-0.10582294938561665,5.0,0,0,0,87.86260534794744,SUCCESS,BULLISH,rebalance,0,87779.99,87830.93,-0.05799779189402615,2.3567562611890898
2025-12-23T13:45:01.337504+00:00,btc-updown-15m-1766496600,RESOLUTION,DOWN,BINANCE_FALLBACK_SHARED,25,25,1.0000,12.0830,15,0.3954,10,0.6152,10,1.0106,-0.1058,0.33,0.0000,0.0000,-2.0830,97.86,RESOLVED
2025-12-23T13:45:09.748825+00:00,btc-updown-15m-1766497500,TRADE,DOWN,DIR_AVERAGE_DOWN,4,2,0.5801934421978224,1.1603868843956449,0.0,0.0,2.0,0.5801934421978224,0,0,0.0,2.0,0,0,0,96.70221846355179,SUCCESS,BEARISH,average_down,1,87671.92,87721.78,-0.05683879191689975,4.7024057429457775
2025-12-23T13:45:36.874179+00:00,btc-updown-15m-1766497500,TRADE,DOWN,DIR_AVERAGE_DOWN,4,4,0.520252421319566,2.081009685278264,0.0,0.0,6.0,0.5402327616123181,0,0,0.0,6.0,0,0,0,94.62120877827353,SUCCESS,BEARISH,average_down,1,87701.69,87721.78,-0.022901952057968394,2.308665025721006
2025-12-23T13:45:42.454052+00:00,btc-updown-15m-1766497500,TRADE,UP,DIR_REBALANCE,5,5,0.42002438906591005,2.1001219453295503,5.0,0.42002438906591005,6.0,0.5402327616123181,5,0.9602571506782283,0.19871424660885872,1.0,0,0,0,92.52108683294398,SUCCESS,BEARISH,rebalance,1,87660.86,87721.78,-0.06944683521013624,6.259926599688128
2025-12-23T13:45:47.876837+00:00,btc-updown-15m-1766497500,TRADE,DOWN,DIR_AVERAGE_DOWN,4,4,0.6000089833785742,2.400035933514297,5.0,0.42002438906591005,10.0,0.5641432503188206,5,0.9841676393847307,0.07916180307634635,5.0,0,0,0,90.12105089942968,SUCCESS,BEARISH,average_down,1,87660.85,87721.78,-0.0694582348876106,6.268148841764383
2025-12-23T13:45:53.294998+00:00,btc-updown-15m-1766497500,TRADE,DOWN,DIR_ACCUMULATE,4,2,0.6201012649667332,1.2402025299334665,5.0,0.42002438906591005,12.0,0.5734695860934726,5,0.9934939751593828,0.03253012420308621,7.0,0,0,0,88.8808483694962,SUCCESS,BEARISH,accumulate,1,87650.0,87721.78,-0.08182688495376957,7.449214581451668
2025-12-23T13:45:58.732440+00:00,btc-updown-15m-1766497500,TRADE,UP,DIR_REBALANCE,5,5,0.3801837729626035,1.9009188648130173,10.0,0.40010408101425676,12.0,0.5734695860934726,10,0.9735736671077294,0.2642633289227059,2.0,0,0,0,86.97992950468318,SUCCESS,BEARISH,rebalance,1,87638.68,87721.78,-0.09473131986150511,8.897328539499664
2025-12-23T13:46:04.164907+00:00,btc-updown-15m-1766497500,TRADE,DOWN,DIR_AVERAGE_DOWN,3,3,0.630227330299665,1.8906819908989951,10.0,0.40010408101425676,15.0,0.5848211349347111,10,0.9849252159489679,0.1507478405103213,5.0,0,0,0,85.08924751378419,SUCCESS,BEARISH,average_down,1,87638.69,87721.78,-0.09471992018401418,8.968501356758145
2025-12-23T13:55:03.295714+00:00,btc-updown-15m-1766497500,TRADE,UP,DIR_EMERGENCY,5,5,0.19003635352582182,0.9501817676291091,15.0,0.33008150518477847,15.0,0.5848211349347111,15,0.9149026401194895,1.2764603982076572,0.0,0,0,0,84.13906574615508,SUCCESS,BEARISH,emergency,1,87634.83,87721.78,-0.0991201956914202,10.705311920273813
2025-12-23T14:00:03.215921+00:00,btc-updown-15m-1766497500,RESOLUTION,DOWN,BINANCE_FALLBACK_SHARED,30,30,1.0000,13.7235,15,0.3301,15,0.5848,15,0.9149,1.2765,0.00,0.0000,0.0000,1.2765,99.14,RESOLVED
2025-12-23T14:00:11.553523+00:00,btc-updown-15m-1766498400,TRADE,DOWN,DIR_AVERAGE_DOWN,8,8,0.48003392873193457,3.8402714298554765,0.0,0.0,8.0,0.48003392873193457,0,0,0.0,8.0,0,0,0,95.2987943162996,SUCCESS,BEARISH,average_down,1,87630.83,87616.67,0.016161308116370426,1.3763995913357934
2025-12-23T14:00:22.400762+00:00,btc-updown-15m-1766498400,TRADE,UP,DIR_REBALANCE,5,5,0.5201351810707577,2.6006759053537887,5.0,0.5201351810707577,8.0,0.48003392873193457,5,1.0001691098026924,-0.0008455490134617882,3.0,0,0,0,92.69811841094582,SUCCESS,BEARISH,rebalance,1,87616.65,87616.67,-2.282670638369906e-05,0.0019906968212056726
2025-12-23T14:00:27.833576+00:00,btc-updown-15m-1766498400,TRADE,DOWN,DIR_ACCUMULATE,7,7,0.4201049547162623,2.940734683013836,5.0,0.5201351810707577,15.0,0.4520670741912875,5,0.9722022552620453,0.13898872368977355,10.0,0,0,0,89.757383727932,SUCCESS,BEARISH,accumulate,1,87630.83,87616.67,0.016161308116370426,1.3226939047405648
2025-12-23T14:00:33.365846+00:00,btc-updown-15m-1766498400,TRADE,UP,DIR_REBALANCE,5,5,0.5902692315044922,2.951346157522461,10.0,0.555202206287625,15.0,0.4520670741912875,10,1.0072692804789125,-0.0726928047891251,5.0,0,0,0,86.80603757040953,SUCCESS,BEARISH,rebalance,1,87630.83,87616.67,0.016161308116370426,1.3226953142029385
2025-12-23T14:03:00.561521+00:00,btc-updown-15m-1766498400,TRADE,UP,DIR_ACCUMULATE,4,4,0.7200139707392853,2.880055882957141,14.0,0.6022912818452422,15.0,0.4520670741912875,14,1.0543583560365297,-0.7610169845114161,1.0,0,0,0,83.92598168745239,SUCCESS,BULLISH,accumulate,2,87708.38,87616.67,0.10467186210113488,10.06922239413276
2025-12-23T14:03:11.406323+00:00,btc-updown-15m-1766498400,TRADE,UP,DIR_AVERAGE_DOWN,1,1,0.6001193562152843,0.6001193562152843,15.0,0.6021464868032449,15.0,0.4520670741912875,15,1.0542135609945325,-0.8132034149179868,0.0,0,0,0,83.3258623312371,SUCCESS,BULLISH,average_down,2,87655.87,87616.67,0.044740344502932024,1.5515053680866004
2025-12-23T14:15:05.553135+00:00,btc-updown-15m-1766498400,RESOLUTION,UP,BINANCE_FALLBACK_SHARED,30,30,1.0000,15.8132,15,0.6021,15,0.4521,15,1.0542,-0.8132,0.00,0.0000,0.0000,-0.8132,98.33,RESOLVED
2025-12-23T14:30:14.114968+00:00,btc-updown-15m-1766500200,TRADE,UP,DIR_AVERAGE_DOWN,8,8,0.46019212856309016,3.6815370285047213,8.0,0.46019212856309016,0.0,0.0,0,0,0.0,8.0,0,0,0,96.31846297149528,SUCCESS,BULLISH,average_down,0,87612.06,87646.6,-0.039408259989558235,6.43975631780401
2025-12-23T14:30:19.657116+00:00,btc-updown-15m-1766500200,TRADE,DOWN,DIR_REBALANCE,5,5,0.5802610089349021,2.90130504467451,8.0,0.46019212856309016,5.0,0.5802610089349021,5,1.0404531374979922,-0.20226568748996088,3.0,0,0,0,93.41715792682076,SUCCESS,BULLISH,rebalance,0,87594.29,87646.6,-0.05968286276936267,8.669440957312334
2025-12-23T14:30:25.079392+00:00,btc-updown-15m-1766500200,TRADE,UP,DIR_ACCUMULATE,7,7,0.4401604917759474,3.0811234424316316,15.0,0.4508440313957569,5.0,0.5802610089349021,5,1.031105040330659,-0.15552520165329486,10.0,0,0,0,90.33603448438913,SUCCESS,BULLISH,accumulate,0,87583.5,87646.6,-0.07199366547020171,8.220343407116019
2025-12-23T14:30:30.507714+00:00,btc-updown-15m-1766500200,TRADE,DOWN,DIR_REBALANCE,5,5,0.5000621297620413,2.5003106488102067,15.0,0.4508440313957569,10.0,0.5401615693484716,10,0.9910056007442285,0.08994399255771501,5.0,0,0,0,87.83572383557892,SUCCESS,BULLISH,rebalance,0,87606.13,87646.6,-0.04617406721995053,3.648161248880226
2025-12-23T14:33:41.988081+00:00,btc-updown-15m-1766500200,TRADE,DOWN,DIR_ACCUMULATE,4,4,0.620095026456789,2.480380105827156,15.0,0.4508440313957569,14.0,0.5629996999508481,14,1.013843731346605,-0.19381223885247145,1.0,0,0,0,85.35534372975177,SUCCESS,BEARISH,accumulate,1,87569.56,87646.6,-0.08789844671671022,4.959880378210482
2025-12-23T14:33:58.284835+00:00,btc-updown-15m-1766500200,TRADE,DOWN,DIR_AVERAGE_DOWN,1,1,0.4701804851421224,0.4701804851421224,15.0,0.4508440313957569,15.0,0.556811752296933,15,1.00765578369269,-0.11483675539035065,0.0,0,0,0,84.88516324460964,SUCCESS,BEARISH,average_down,1,87651.0,87646.6,0.005020160508216153,0.3455255000107057
2025-12-23T14:45:03.994238+00:00,btc-updown-15m-1766500200,RESOLUTION,DOWN,BINANCE_FALLBACK_SHARED,30,30,1.0000,15.1148,15,0.4508,15,0.5568,15,1.0077,-0.1148,0.00,0.0000,0.0000,-0.1148,99.89,RESOLVED
2025-12-23T14:45:13.292843+00:00,btc-updown-15m-1766501100,TRADE,DOWN,DIR_AVERAGE_DOWN,8,8,0.49015544195248817,3.9212435356199054,0.0,0.0,8.0,0.49015544195248817,0,0,0.0,8.0,0,0,0,95.96391970898974,SUCCESS,BEARISH,average_down,1,87408.88,87431.82,-0.02623758718508013,1.4400330792336178
2025-12-23T14:45:18.702856+00:00,btc-updown-15m-1766501100,TRADE,UP,DIR_REBALANCE,5,5,0.47012526972039836,2.350626348601992,5.0,0.47012526972039836,8.0,0.49015544195248817,5,0.9602807116728865,0.19859644163556733,3.0,0,0,0,93.61329336038774,SUCCESS,BEARISH,rebalance,1,87366.26,87431.82,-0.07498414192911942,4.470254825096413
2025-12-23T14:45:24.100043+00:00,btc-updown-15m-1766501100,TRADE,DOWN,DIR_ACCUMULATE,4,4,0.5401284249428873,2.160513699771549,5.0,0.47012526972039836,12.0,0.5068131029492878,5,0.9769383726696862,0.11530813665156903,7.0,0,0,0,91.45277966061619,SUCCESS,BEARISH,accumulate,1,87367.86,87431.82,-0.07315414456659645,4.580508029299645
2025-12-23T14:45:29.533395+00:00,btc-updown-15m-1766501100,TRADE,UP,DIR_REBALANCE,5,5,0.4802287158862537,2.4011435794312685,10.0,0.47517699280332604,12.0,0.5068131029492878,10,0.9819900957526139,0.18009904247386133,2.0,0,0,0,89.05163608118492,SUCCESS,BEARISH,rebalance,1,87396.33,87431.82,-0.040591628997320696,2.704696945228427
2025-12-23T14:45:40.482399+00:00,btc-updown-15m-1766501100,TRADE,DOWN,DIR_AVERAGE_DOWN,3,3,0.5501375677578774,1.650412703273632,10.0,0.47517699280332604,15.0,0.5154779959110057,10,0.9906549887143318,0.09345011285668225,5.0,0,0,0,87.4012233779113,SUCCESS,BEARISH,average_down,1,87380.98,87431.82,-0.058148166193968114,4.610641765367255
2025-12-23T14:55:02.875065+00:00,btc-updown-15m-1766501100,TRADE,UP,DIR_EMERGENCY,5,5,0.030002754510557724,0.1500137725527886,15.0,0.32678558003906993,15.0,0.5154779959110057,15,0.8422635759500756,2.3660463607488658,0.0,0,0,0,87.25120960535851,SUCCESS,BEARISH,emergency,1,86946.15,87431.82,-0.5554842619083221,31.72071411863087
2025-12-23T15:00:03.437194+00:00,btc-updown-15m-1766501100,RESOLUTION,DOWN,BINANCE_FALLBACK_SHARED,30,30,1.0000,12.6340,15,0.3268,15,0.5155,15,0.8423,2.3660,0.00,0.0000,0.0000,2.3660,102.25,RESOLVED
2025-12-23T15:00:17.218717+00:00,btc-updown-15m-1766502000,TRADE,DOWN,DIR_AVERAGE_DOWN,4,4,0.510111955337265,2.04044782134906,0.0,0.0,4.0,0.510111955337265,0,0,0.0,4.0,0,0,0,100.21076178400945,SUCCESS,BEARISH,average_down,1,86808.42,86874.0,-0.07548863871814553,5.533188969467252
2025-12-23T15:00:22.655750+00:00,btc-updown-15m-1766502000,TRADE,DOWN,DIR_ACCUMULATE,8,8,0.4601818912735373,3.6814551301882985,0.0,0.0,12.0,0.4768252459614466,0,0,0.0,12.0,0,0,0,96.52930665382115,SUCCESS,BEARISH,accumulate,1,86851.99,86874.0,-0.02533554343070972,1.7688952916264364
2025-12-23T15:00:28.048508+00:00,btc-updown-15m-1766502000,TRADE,UP,DIR_REBALANCE,5,5,0.5900527259267576,2.9502636296337883,5.0,0.5900527259267576,12.0,0.4768252459614466,5,1.0668779718882042,-0.33438985944102106,7.0,0,0,0,93.57904302418737,SUCCESS,BEARISH,rebalance,1,86879.52,86874.0,0.006354029974450439,0.4523162689974053
2025-12-23T15:00:33.574083+00:00,btc-updown-15m-1766502000,TRADE,UP,DIR_REBALANCE,5,5,0.5602787966460636,2.801393983230318,10.0,0.5751657612864106,12.0,0.4768252459614466,10,1.051991007247857,-0.519910072478571,2.0,0,0,0,90.77764904095706,SUCCESS,BEARISH,rebalance,1,86884.98,86874.0,0.012638994405686312,0.9964560954333966
2025-12-23T15:00:39.000762+00:00,btc-updown-15m-1766502000,TRADE,DOWN,DIR_AVERAGE_DOWN,3,3,0.5002367468817003,1.500710240645101,10.0,0.5751657612864106,15.0,0.48150754614549734,10,1.056673307431908,-0.566733074319079,5.0,0,0,0,89.27693880031195,SUCCESS,BEARISH,average_down,1,86847.84,86874.0,-0.03011257683542083,2.225254068933898
2025-12-23T15:05:42.754342+00:00,btc-updown-15m-1766502000,TRADE,UP,DIR_ACCUMULATE,4,4,0.7200045184887885,2.880018073955154,14.0,0.6165482633442328,15.0,0.48150754614549734,14,1.0980558094897301,-1.372781332856222,1.0,0,0,0,86.3969207263568,SUCCESS,BULLISH,accumulate,2,87005.24,86874.0,0.15106936482722708,9.204937705531458
2025-12-23T15:07:59.736778+00:00,btc-updown-15m-1766502000,TRADE,UP,DIR_AVERAGE_DOWN,1,1,0.6100306295253181,0.6100306295253181,15.0,0.6161137544229719,15.0,0.48150754614549734,15,1.0976213005684692,-1.4643195085270377,0.0,0,0,0,85.78689009683148,SUCCESS,BULLISH,average_down,2,86914.52,86874.0,0.04664226350807384,3.4305615406644105
2025-12-23T15:15:05.385229+00:00,btc-updown-15m-1766502000,RESOLUTION,UP,BINANCE_FALLBACK_SHARED,30,30,1.0000,16.4643,15,0.6161,15,0.4815,15,1.0976,-1.4643,0.00,0.0000,0.0000,-1.4643,100.79,RESOLVED
2025-12-23T15:15:13.480412+00:00,btc-updown-15m-1766502900,TRADE,UP,DIR_AVERAGE_DOWN,4,4,0.6501608248137871,2.6006432992551485,4.0,0.6501608248137871,0.0,0.0,0,0,0.0,4.0,0,0,0,98.18624679757633,SUCCESS,BULLISH,average_down,2,87054.69,86964.0,0.10428453153029106,7.517609349274497
2025-12-23T15:15:18.923295+00:00,btc-updown-15m-1766502900,TRADE,UP,DIR_ACCUMULATE,4,4,0.6703033928844978,2.6812135715379912,8.0,0.6602321088491425,0.0,0.0,0,0,0.0,8.0,0,0,0,95.50503322603834,SUCCESS,BULLISH,accumulate,2,87080.48,86964.0,0.13394048111861911,5.521111477342674
2025-12-23T15:15:29.785156+00:00,btc-updown-15m-1766502900,TRADE,DOWN,DIR_REBALANCE,5,3,0.34007695037685287,1.0202308511305587,8.0,0.6602321088491425,3.0,0.34007695037685287,3,1.0003090592259953,-0.0009271776779860019,5.0,0,0,0,94.48480237490777,SUCCESS,BULLISH,rebalance,2,87071.93,86964.0,0.12410882664090085,5.02748286348164
2025-12-23T15:15:35.406078+00:00,btc-updown-15m-1766502900,TRADE,UP,DIR_ACCUMULATE,4,4,0.6801218889594073,2.720487555837629,12.0,0.6668620355525641,3.0,0.34007695037685287,3,1.0069389859294169,-0.020816957788250656,9.0,0,0,0,91.76431481907014,SUCCESS,BULLISH,accumulate,2,87079.93,86964.0,0.1333080355089382,5.41750020592375
2025-12-23T15:15:40.874268+00:00,btc-updown-15m-1766502900,TRADE,DOWN,DIR_REBALANCE,5,5,0.3300890066796679,1.6504450333983396,12.0,0.6668620355525641,8.0,0.3338344855661123,8,1.0006965211186762,-0.005572168949409928,4.0,0,0,0,90.1138697856718,SUCCESS,BULLISH,rebalance,2,87073.84,86964.0,0.12630513775814878,5.331511261133723
2025-12-23T15:15:46.562492+00:00,btc-updown-15m-1766502900,TRADE,UP,DIR_ACCUMULATE,3,3,0.7303308087710033,2.19099242631301,15.0,0.6795557901962519,8.0,0.3338344855661123,8,1.0133902757623643,-0.10712220609891432,7.0,0,0,0,87.92287735935878,SUCCESS,BULLISH,accumulate,2,87122.61,86964.0,0.18238581481992616,7.887088288438264
2025-12-23T15:15:51.999952+00:00,btc-updown-15m-1766502900,TRADE,DOWN,DIR_REBALANCE,5,5,0.33008867985500334,1.6504433992750167,15.0,0.6795557901962519,13.0,0.33239379106183964,13,1.0119495812580914,-0.1553445563551885,2.0,0,0,0,86.27243396008376,SUCCESS,BULLISH,rebalance,2,87086.45,86964.0,0.1408053907363933,5.907601739361724
2025-12-23T15:25:05.200071+00:00,btc-updown-15m-1766502900,TRADE,DOWN,DIR_EMERGENCY,2,2,0.050002177783841896,0.10000435556768379,15.0,0.6795557901962519,15.0,0.29474157595810657,15,0.9742973661543585,0.385539507684623,0.0,0,0,0,86.17242960451608,SUCCESS,BULLISH,emergency,2,87252.42,86964.0,0.3316544777149145,18.039751881864614
2025-12-23T15:30:05.731044+00:00,btc-updown-15m-1766502900,RESOLUTION,UP,BINANCE_FALLBACK_SHARED,30,30,1.0000,14.6145,15,0.6796,15,0.2947,15,0.9743,0.3855,0.00,0.0000,0.0000,0.3855,101.17,RESOLVED
2025-12-23T15:30:20.103214+00:00,btc-updown-15m-1766503800,TRADE,UP,DIR_AVERAGE_DOWN,4,4,0.5701725182971574,2.2806900731886297,4.0,0.5701725182971574,0.0,0.0,0,0,0.0,4.0,0,0,0,98.89173953132746,SUCCESS,BULLISH,average_down,2,87321.33,87292.51,0.03301543282465699,2.9603778584136844
2025-12-23T15:30:25.512936+00:00,btc-updown-15m-1766503800,TRADE,UP,DIR_ACCUMULATE,4,4,0.5602008230360603,2.2408032921442413,8.0,0.5651866706666089,0.0,0.0,0,0,0.0,8.0,0,0,0,96.65093623918322,SUCCESS,BULLISH,accumulate,2,87328.0,87292.51,0.04065640912376702,3.9135465786434045
2025-12-23T15:30:30.911774+00:00,btc-updown-15m-1766503800,TRADE,DOWN,DIR_REBALANCE,5,5,0.41016013146598845,2.050800657329942,8.0,0.5651866706666089,5.0,0.41016013146598845,5,0.9753468021325973,0.1232659893370136,3.0,0,0,0,94.60013558185328,SUCCESS,BULLISH,rebalance,2,87343.71,87292.51,0.058653371291547976,6.017145839852075
2025-12-23T15:30:41.737157+00:00,btc-updown-15m-1766503800,TRADE,UP,DIR_ACCUMULATE,4,4,0.6802163493590296,2.7208653974361185,12.0,0.6035298968974158,5.0,0.41016013146598845,5,1.0136900283634043,-0.06845014181702136,7.0,0,0,0,91.87927018441717,SUCCESS,BULLISH,accumulate,2,87414.36,87292.51,0.13958815023191087,18.56990197975568
2025-12-23T15:30:47.168544+00:00,btc-updown-15m-1766503800,TRADE,DOWN,DIR_REBALANCE,5,4,0.28002435078446253,1.1200974031378501,12.0,0.6035298968974158,9.0,0.3523220067186436,9,0.9558519036160593,0.39733286745546614,3.0,0,0,0,90.75917278127932,SUCCESS,BULLISH,rebalance,2,87460.0,87292.51,0.19187213198475478,8.809969176820022
2025-12-23T15:30:52.581096+00:00,btc-updown-15m-1766503800,TRADE,UP,DIR_ACCUMULATE,3,3,0.7100224684666755,2.1300674054000264,15.0,0.6248284112112678,9.0,0.3523220067186436,9,0.9771504179299113,0.20564623863079823,6.0,0,0,0,88.62910537587929,SUCCESS,BULLISH,accumulate,2,87454.13,87292.51,0.1851476146120783,8.377315715677874
2025-12-23T15:30:57.992952+00:00,btc-updown-15m-1766503800,TRADE,DOWN,DIR_REBALANCE,5,5,0.3200478976478638,1.600239488239319,15.0,0.6248284112112678,14.0,0.3407955391933651,14,0.9656239504046329,0.4812646943351395,1.0,0,0,0,87.02886588763997,SUCCESS,BULLISH,rebalance,2,87435.11,87292.51,0.16335880363619493,7.260631033941454
2025-12-23T15:40:05.498564+00:00,btc-updown-15m-1766503800,TRADE,DOWN,DIR_EMERGENCY,1,1,0.10000696619274252,0.10000696619274252,15.0,0.6248284112112678,15.0,0.3247429676599902,15,0.949571378871258,0.7564293169311304,0.0,0,0,0,86.92885892144723,SUCCESS,BULLISH,emergency,2,87474.4,87292.51,0.2083683926604922,21.691839195765972
2025-12-23T15:45:01.002850+00:00,btc-updown-15m-1766503800,RESOLUTION,UP,BINANCE_FALLBACK_SHARED,30,30,1.0000,14.2436,15,0.6248,15,0.3247,15,0.9496,0.7564,0.00,0.0000,0.0000,0.7564,101.93,RESOLVED
2025-12-23T15:45:10.158002+00:00,btc-updown-15m-1766504700,TRADE,UP,DIR_AVERAGE_DOWN,8,8,0.44004897485944233,3.5203917988755387,8.0,0.44004897485944233,0.0,0.0,0,0,0.0,8.0,0,0,0,98.4084671225717,SUCCESS,BULLISH,average_down,2,87359.02,87389.99,-0.03543884145083569,3.6490513296636906
2025-12-23T15:45:15.572359+00:00,btc-updown-15m-1766504700,TRADE,DOWN,DIR_REBALANCE,5,5,0.6301608136767208,3.150804068383604,8.0,0.44004897485944233,5.0,0.6301608136767208,5,1.0702097885361632,-0.3510489426808161,3.0,0,0,0,95.25766305418809,SUCCESS,BULLISH,rebalance,2,87333.01,87389.99,-0.06520197564962586,6.462260322035753
2025-12-23T15:45:21.000989+00:00,btc-updown-15m-1766504700,TRADE,UP,DIR_ACCUMULATE,7,7,0.36007089685138327,2.520496277959683,15.0,0.40272587178901476,5.0,0.6301608136767208,5,1.0328866854657357,-0.1644334273286785,10.0,0,0,0,92.7371667762284,SUCCESS,BULLISH,accumulate,2,87320.0,87389.99,-0.08008926422809436,8.127062266563206
2025-12-23T15:45:26.415155+00:00,btc-updown-15m-1766504700,TRADE,DOWN,DIR_REBALANCE,5,3,0.6802405655965548,2.040721696789664,15.0,0.40272587178901476,8.0,0.6489407206466585,8,1.0516665924356734,-0.4133327394853872,7.0,0,0,0,90.69644507943875,SUCCESS,BULLISH,rebalance,2,87300.0,87389.99,-0.10297518056702516,10.986606175614325
2025-12-23T15:45:31.834834+00:00,btc-updown-15m-1766504700,TRADE,DOWN,DIR_REBALANCE,5,5,0.6201954164229282,3.1009770821146407,15.0,0.40272587178901476,13.0,0.6378848344067622,13,1.040610706195777,-0.527939180545101,2.0,0,0,0,87.5954679973241,SUCCESS,BULLISH,rebalance,2,87328.8,87389.99,-0.07001946103896148,7.391979240828396
2025-12-23T15:55:16.414719+00:00,btc-updown-15m-1766504700,TRADE,DOWN,DIR_EMERGENCY,2,2,0.5802134165007029,1.1604268330014058,15.0,0.40272587178901476,15.0,0.6301953120192877,15,1.0329211838083023,-0.493817757124535,0.0,0,0,0,86.4350411643227,SUCCESS,BULLISH,emergency,2,87378.67,87389.99,-0.01295342864784283,1.4847516642825929
2025-12-23T16:00:04.072633+00:00,btc-updown-15m-1766504700,RESOLUTION,UP,BINANCE_FALLBACK_SHARED,30,30,1.0000,15.4938,15,0.4027,15,0.6302,15,1.0329,-0.4938,0.00,0.0000,0.0000,-0.4938,101.44,RESOLVED
2025-12-23T16:00:20.407231+00:00,btc-updown-15m-1766505600,TRADE,UP,DIR_AVERAGE_DOWN,8,8,0.40015072876470636,3.201205830117651,8.0,0.40015072876470636,0.0,0.0,0,0,0.0,8.0,0,0,0,98.23383533420505,SUCCESS,BULLISH,average_down,2,87407.06,87443.45,-0.04161546691032824,4.19072728512396
2025-12-23T16:00:26.120625+00:00,btc-updown-15m-1766505600,TRADE,DOWN,DIR_REBALANCE,5,5,0.5602738113976374,2.8013690569881873,8.0,0.40015072876470636,5.0,0.5602738113976374,5,0.9604245401623438,0.197877299188281,3.0,0,0,0,95.43246627721686,SUCCESS,BULLISH,rebalance,2,87428.9,87443.45,-0.0166393251867383,1.4949211816525452
2025-12-23T16:00:31.771530+00:00,btc-updown-15m-1766505600,TRADE,UP,DIR_ACCUMULATE,7,7,0.3800661421646933,2.6604629951528533,15.0,0.39077792168470027,5.0,0.5602738113976374,5,0.9510517330823377,0.2447413345883115,10.0,0,0,0,92.772003282064,SUCCESS,BULLISH,accumulate,2,87399.86,87443.45,-0.049849359786235004,3.2500340205887093
2025-12-23T16:00:37.235586+00:00,btc-updown-15m-1766505600,TRADE,DOWN,DIR_REBALANCE,5,5,0.6300821543285379,3.1504107716426892,15.0,0.39077792168470027,10.0,0.5951779828630877,10,0.9859559045477879,0.1404409545221208,5.0,0,0,0,89.62159251042132,SUCCESS,BULLISH,rebalance,2,87395.96,87443.45,-0.054309385094012966,3.5356534029012705
2025-12-23T16:10:04.953267+00:00,btc-updown-15m-1766505600,TRADE,DOWN,DIR_EMERGENCY,5,5,0.04001314634001758,0.2000657317000879,15.0,0.39077792168470027,15.0,0.41012303735539757,15,0.8009009590400978,2.9864856143985326,0.0,0,0,0,89.42152677872123,SUCCESS,BULLISH,emergency,2,87804.59,87443.45,0.4129983435008562,29.961044810218713
2025-12-23T16:15:03.952064+00:00,btc-updown-15m-1766505600,RESOLUTION,UP,BINANCE_FALLBACK_SHARED,30,30,1.0000,12.0135,15,0.3908,15,0.4101,15,0.8009,2.9865,0.00,0.0000,0.0000,2.9865,104.42,RESOLVED
2025-12-23T16:15:22.062972+00:00,btc-updown-15m-1766506500,TRADE,UP,DIR_AVERAGE_DOWN,4,4,0.5702095994466666,2.2808383977866664,4.0,0.5702095994466666,0.0,0.0,0,0,0.0,4.0,0,0,0,102.14068838093456,SUCCESS,BULLISH,average_down,2,87817.92,87778.63,0.04476032492190137,2.5026786585019583
2025-12-23T16:15:27.835384+00:00,btc-updown-15m-1766506500,TRADE,UP,DIR_ACCUMULATE,4,4,0.5301924559725871,2.1207698238903485,8.0,0.5502010277096269,0.0,0.0,0,0,0.0,8.0,0,0,0,100.01991855704422,SUCCESS,BULLISH,accumulate,2,87801.63,87778.63,0.026202277251308203,1.4403889760858715
2025-12-23T16:15:33.546047+00:00,btc-updown-15m-1766506500,TRADE,DOWN,DIR_REBALANCE,5,5,0.4800105288691391,2.4000526443456955,8.0,0.5502010277096269,5.0,0.4800105288691391,5,1.030211556578766,-0.15105778289382976,3.0,0,0,0,97.61986591269853,SUCCESS,BULLISH,rebalance,2,87799.28,87778.63,0.023525088053885302,1.2495316687524107
2025-12-23T16:15:39.356302+00:00,btc-updown-15m-1766506500,TRADE,UP,DIR_ACCUMULATE,4,4,0.5301267930844757,2.120507172337903,12.0,0.5435096161679098,5.0,0.4800105288691391,5,1.023520145037049,-0.11760072518524511,7.0,0,0,0,95.49935874036062,SUCCESS,BULLISH,accumulate,2,87799.27,87778.63,0.02351369575943418,1.2494354358450703
2025-12-23T16:15:45.115658+00:00,btc-updown-15m-1766506500,TRADE,DOWN,DIR_REBALANCE,5,5,0.5501995558691499,2.7509977793457496,12.0,0.5435096161679098,10.0,0.5151050423691446,10,1.0586146585370544,-0.5861465853705439,2.0,0,0,0,92.74836096101487,SUCCESS,BULLISH,rebalance,2,87762.16,87778.63,-0.018763108970829417,1.768794219356838
2025-12-23T16:15:50.901206+00:00,btc-updown-15m-1766506500,TRADE,UP,DIR_AVERAGE_DOWN,3,3,0.5200118530799188,1.5600355592397563,15.0,0.5388100635503116,10.0,0.5151050423691446,10,1.0539151059194563,-0.5391510591945625,5.0,0,0,0,91.18832540177512,SUCCESS,BULLISH,average_down,2,87789.0,87778.63,0.011813809351997568,1.0412828280756274
2025-12-23T16:25:05.415212+00:00,btc-updown-15m-1766506500,TRADE,DOWN,DIR_EMERGENCY,5,5,0.3101305068241733,1.5506525341208666,15.0,0.5388100635503116,15.0,0.44678019718748746,15,0.9855902607377991,0.21614608893301357,0.0,0,0,0,89.63767286765425,SUCCESS,BULLISH,emergency,2,87808.29,87778.63,0.03378954535971789,3.196953888893295
2025-12-23T16:30:02.652585+00:00,btc-updown-15m-1766506500,RESOLUTION,UP,BINANCE_FALLBACK_SHARED,30,30,1.0000,14.7839,15,0.5388,15,0.4468,15,0.9856,0.2161,0.00,0.0000,0.0000,0.2161,104.64,RESOLVED
2025-12-23T16:30:13.822820+00:00,btc-updown-15m-1766507400,TRADE,UP,DIR_AVERAGE_DOWN,4,4,0.5002047788533706,2.0008191154134822,4.0,0.5002047788533706,0.0,0.0,0,0,0.0,4.0,0,0,0,102.63685375224077,SUCCESS,BULLISH,average_down,2,87915.31,87852.73,0.0712328461505997,7.553892078641317
2025-12-23T16:30:19.505240+00:00,btc-updown-15m-1766507400,TRADE,UP,DIR_ACCUMULATE,8,8,0.40001466734965974,3.200117338797278,12.0,0.43341137118423,0.0,0.0,0,0,0.0,12.0,0,0,0,99.43673641344348,SUCCESS,BULLISH,accumulate,2,87879.5,87852.73,0.03047144920824211,3.0343318836344717
2025-12-23T16:30:30.822105+00:00,btc-updown-15m-1766507400,TRADE,DOWN,DIR_REBALANCE,5,5,0.5900754194543641,2.950377097271821,12.0,0.43341137118423,5.0,0.5900754194543641,5,1.0234867906385943,-0.11743395319297134,7.0,0,0,0,96.48635931617166,SUCCESS,BULLISH,rebalance,2,87855.82,87852.73,0.0035172498339107504,0.4049334472468572
2025-12-23T16:30:36.430813+00:00,btc-updown-15m-1766507400,TRADE,DOWN,DIR_REBALANCE,5,5,0.6100671270742464,3.0503356353712316,12.0,0.43341137118423,10.0,0.6000712732643052,10,1.0334826444485352,-0.33482644448535215,2.0,0,0,0,93.43602368080043,SUCCESS,BULLISH,rebalance,2,87832.48,87852.73,-0.02304993823185688,2.4591997448338216
2025-12-23T16:30:42.137007+00:00,btc-updown-15m-1766507400,TRADE,UP,DIR_AVERAGE_DOWN,3,3,0.42020475069147906,1.2606142520744372,15.0,0.43077004708567984,10.0,0.6000712732643052,10,1.030841320349985,-0.308413203499851,5.0,0,0,0,92.175409428726,SUCCESS,BULLISH,average_down,2,87843.45,87852.73,-0.010563132187239754,1.1098780517533133
2025-12-23T16:42:51.593898+00:00,btc-updown-15m-1766507400,TRADE,DOWN,DIR_EMERGENCY,5,5,0.48014733419070366,2.4007366709535183,15.0,0.43077004708567984,15.0,0.560096626906438,15,0.9908666739921179,0.13699989011823122,0.0,0,0,0,89.77467275777248,SUCCESS,BULLISH,emergency,2,87870.76,87852.73,0.020522982040511246,1.248410626483503
2025-12-23T16:45:04.033466+00:00,btc-updown-15m-1766507400,RESOLUTION,DOWN,BINANCE_FALLBACK_SHARED,30,30,1.0000,14.8630,15,0.4308,15,0.5601,15,0.9909,0.1370,0.00,0.0000,0.0000,0.1370,104.77,RESOLVED
2025-12-23T16:45:13.138410+00:00,btc-updown-15m-1766508300,TRADE,UP,DIR_AVERAGE_DOWN,8,8,0.45016486171548215,3.601318893723857,8.0,0.45016486171548215,0.0,0.0,0,0,0.0,8.0,0,0,0,101.17335386404862,SUCCESS,BULLISH,average_down,2,87824.01,87838.89,-0.01694010477591948,1.4336461569480041
2025-12-23T16:45:19.178225+00:00,btc-updown-15m-1766508300,TRADE,DOWN,DIR_REBALANCE,5,5,0.5001410339999074,2.500705169999537,8.0,0.45016486171548215,5.0,0.5001410339999074,5,0.9503058957153896,0.24847052142305204,3.0,0,0,0,98.67264869404909,SUCCESS,BULLISH,rebalance,2,87824.35,87838.89,-0.01655303248936046,1.4038096015261494
2025-12-23T16:45:24.866111+00:00,btc-updown-15m-1766508300,TRADE,UP,DIR_ACCUMULATE,7,7,0.4400028698251116,3.080020088775781,15.0,0.4454225988333092,5.0,0.5001410339999074,5,0.9455636328332166,0.27218183583391675,10.0,0,0,0,95.5926286052733,SUCCESS,BULLISH,accumulate,2,87830.78,87838.89,-0.009232812482034532,0.7576326722876237
2025-12-23T16:45:30.640835+00:00,btc-updown-15m-1766508300,TRADE,DOWN,DIR_REBALANCE,5,5,0.49002917860544626,2.4501458930272313,15.0,0.4454225988333092,10.0,0.49508510630267677,10,0.940507705135986,0.5949229486401397,5.0,0,0,0,93.14248271224608,SUCCESS,BULLISH,rebalance,2,87846.17,87838.89,0.008287900723698621,0.6755896875544747
2025-12-23T16:55:01.364366+00:00,btc-updown-15m-1766508300,TRADE,DOWN,DIR_EMERGENCY,5,5,0.06000912230749956,0.3000456115374978,15.0,0.4454225988333092,15.0,0.35005977830428436,15,0.7954823771375936,3.067764342936096,0.0,0,0,0,92.84243710070858,SUCCESS,BULLISH,emergency,2,88055.01,87838.89,0.24604136049532882,14.80167811130463
2025-12-23T17:00:00.379135+00:00,btc-updown-15m-1766508300,RESOLUTION,UP,BINANCE_FALLBACK_SHARED,30,30,1.0000,11.9322,15,0.4454,15,0.3501,15,0.7955,3.0678,0.00,0.0000,0.0000,3.0678,107.84,RESOLVED
2025-12-23T17:00:09.668343+00:00,btc-updown-15m-1766509200,TRADE,UP,DIR_AVERAGE_DOWN,4,4,0.5201813211209176,2.0807252844836706,4.0,0.5201813211209176,0.0,0.0,0,0,0.0,4.0,0,0,0,105.7617118162249,SUCCESS,BULLISH,average_down,2,88024.27,88003.63,0.02345357799445252,2.1111680642679778
2025-12-23T17:00:15.254145+00:00,btc-updown-15m-1766509200,TRADE,UP,DIR_ACCUMULATE,8,8,0.49018477546319017,3.9214782037055214,12.0,0.500183624015766,0.0,0.0,0,0,0.0,12.0,0,0,0,101.84023361251938,SUCCESS,BULLISH,accumulate,2,88007.67,88003.63,0.004590719723713212,0.39650673552008375
2025-12-23T17:00:20.901455+00:00,btc-updown-15m-1766509200,TRADE,DOWN,DIR_REBALANCE,5,5,0.500024392632718,2.5001219631635903,12.0,0.500183624015766,5.0,0.500024392632718,5,1.0002080166484841,-0.001040083242420664,7.0,0,0,0,99.34011164935579,SUCCESS,BULLISH,rebalance,2,88016.47,88003.63,0.01459030724073144,1.222034391668353
2025-12-23T17:00:26.580923+00:00,btc-updown-15m-1766509200,TRADE,DOWN,DIR_REBALANCE,5,5,0.5001464030267879,2.5007320151339396,12.0,0.500183624015766,10.0,0.5000853978297529,10,1.000269021845519,-0.002690218455190241,2.0,0,0,0,96.83937963422186,SUCCESS,BULLISH,rebalance,2,88016.47,88003.63,0.01459030724073144,1.2220189900534655
2025-12-23T17:00:32.408377+00:00,btc-updown-15m-1766509200,TRADE,UP,DIR_AVERAGE_DOWN,3,3,0.5201684382318453,1.5605053146955359,15.0,0.5041805868589819,10.0,0.5000853978297529,10,1.0042659846887347,-0.042659846887347364,5.0,0,0,0,95.27887431952632,SUCCESS,BULLISH,average_down,2,88016.48,88003.63,0.01460167040835846,1.2229574671117243
2025-12-23T17:10:02.684227+00:00,btc-updown-15m-1766509200,TRADE,DOWN,DIR_EMERGENCY,5,5,0.18003612426330964,0.9001806213165482,15.0,0.5041805868589819,15.0,0.3934023066409385,15,0.8975828934999204,1.5362565975011944,0.0,0,0,0,94.37869369820977,SUCCESS,BULLISH,emergency,2,88106.97,88003.63,0.11742697431912355,9.298729583998542
2025-12-23T17:15:04.691373+00:00,btc-updown-15m-1766509200,RESOLUTION,DOWN,BINANCE_FALLBACK_SHARED,30,30,1.0000,13.4637,15,0.5042,15,0.3934,15,0.8976,1.5363,0.00,0.0000,0.0000,1.5363,109.38,RESOLVED
2025-12-23T17:15:19.183856+00:00,btc-updown-15m-1766510100,TRADE,UP,DIR_AVERAGE_DOWN,4,2,0.5902026359488666,1.1804052718977331,2.0,0.5902026359488666,0.0,0.0,0,0,0.0,2.0,0,0,0,108.19828842631205,SUCCESS,BULLISH,average_down,2,87913.45,87869.48,0.05004012769849232,4.768559416772723
2025-12-23T17:16:54.736374+00:00,btc-updown-15m-1766510100,TRADE,UP,DIR_AVERAGE_DOWN,4,4,0.5202587922978313,2.0810351691913254,6.0,0.5435734068481765,0.0,0.0,0,0,0.0,6.0,0,0,0,106.11725325712072,SUCCESS,BULLISH,average_down,2,87885.64,87869.48,0.018390913432062523,1.5788609055627445
2025-12-23T17:17:00.274684+00:00,btc-updown-15m-1766510100,TRADE,DOWN,DIR_REBALANCE,5,5,0.5202031727445618,2.601015863722809,6.0,0.5435734068481765,5.0,0.5202031727445618,5,1.0637765795927383,-0.3188828979636915,1.0,0,0,0,103.51623739339792,SUCCESS,BULLISH,rebalance,2,87879.51,87869.48,0.011414657284871649,0.9784346393038997
2025-12-23T17:17:05.811988+00:00,btc-updown-15m-1766510100,TRADE,UP,DIR_AVERAGE_DOWN,8,8,0.4700600024653201,3.7604800197225607,14.0,0.50156574720083,5.0,0.5202031727445618,5,1.0217689199453919,-0.10884459972695937,9.0,0,0,0,99.75575737367535,SUCCESS,BULLISH,average_down,2,87864.84,87869.48,-0.005280559302273574,0.44151742583721454
2025-12-23T17:17:11.443233+00:00,btc-updown-15m-1766510100,TRADE,DOWN,DIR_REBALANCE,5,5,0.5501425809164184,2.750712904582092,14.0,0.50156574720083,10.0,0.5351728768304901,10,1.03673862403132,-0.3673862403132011,4.0,0,0,0,97.00504446909326,SUCCESS,BULLISH,rebalance,2,87850.0,87869.48,-0.02216924465695703,1.83408299628698
2025-12-23T17:17:28.190142+00:00,btc-updown-15m-1766510100,TRADE,UP,DIR_ACCUMULATE,1,1,0.5101345478107624,0.5101345478107624,15.0,0.5021370005748255,10.0,0.5351728768304901,10,1.0373098774053156,-0.3730987740531555,5.0,0,0,0,96.4949099212825,SUCCESS,BULLISH,accumulate,2,87880.0,87869.48,0.01197230255602295,0.9989312059813786
2025-12-23T17:25:01.908542+00:00,btc-updown-15m-1766510100,TRADE,DOWN,DIR_EMERGENCY,5,5,0.230085593280105,1.150427966400525,15.0,0.5021370005748255,15.0,0.43347711564702845,15,0.9356141162218539,0.965788256672192,0.0,0,0,0,95.34448195488197,SUCCESS,BULLISH,emergency,2,87956.48,87869.48,0.09901048691764196,9.153087934883082
2025-12-23T17:30:02.281239+00:00,btc-updown-15m-1766510100,RESOLUTION,DOWN,BINANCE_FALLBACK_SHARED,30,30,1.0000,14.0342,15,0.5021,15,0.4335,15,0.9356,0.9658,0.00,0.0000,0.0000,0.9658,110.34,RESOLVED
2025-12-23T17:30:11.217012+00:00,btc-updown-15m-1766511000,TRADE,UP,DIR_AVERAGE_DOWN,4,4,0.5100560160591675,2.04022406423667,4.0,0.5100560160591675,0.0,0.0,0,0,0.0,4.0,0,0,0,108.3042578906453,SUCCESS,BULLISH,average_down,2,87742.7,87733.19,0.010839683362698612,1.2096536561277098
2025-12-23T17:30:16.881552+00:00,btc-updown-15m-1766511000,TRADE,UP,DIR_ACCUMULATE,8,8,0.47015725114812473,3.761258009184998,12.0,0.4834568394518057,0.0,0.0,0,0,0.0,12.0,0,0,0,104.5429998814603,SUCCESS,BULLISH,accumulate,2,87709.59,87733.19,-0.02689973999578246,2.5434060106758354
2025-12-23T17:30:22.306982+00:00,btc-updown-15m-1766511000,TRADE,DOWN,DIR_REBALANCE,5,5,0.5000859697077562,2.500429848538781,12.0,0.4834568394518057,5.0,0.5000859697077562,5,0.9835428091595619,0.08228595420219031,7.0,0,0,0,102.04257003292152,SUCCESS,BULLISH,rebalance,2,87732.99,87733.19,-0.00022796389826596936,0.019965837114529005
2025-12-23T17:30:27.850737+00:00,btc-updown-15m-1766511000,TRADE,DOWN,DIR_REBALANCE,5,5,0.5199666819788825,2.5998334098944125,12.0,0.4834568394518057,10.0,0.5100263258433193,10,0.993483165295125,0.06516834704874963,2.0,0,0,0,99.4427366230271,SUCCESS,BULLISH,rebalance,2,87733.5,87733.19,0.0003533440423147405,0.03115328387932063
2025-12-23T17:30:33.449144+00:00,btc-updown-15m-1766511000,TRADE,UP,DIR_AVERAGE_DOWN,3,3,0.4902299534603137,1.4706898603809413,15.0,0.48481146225350724,10.0,0.5100263258433193,10,0.9948377880968265,0.051622119031734526,5.0,0,0,0,97.97204676264616,SUCCESS,BULLISH,average_down,2,87722.45,87733.19,-0.012241661337066665,1.069538447561357
2025-12-23T17:40:01.393200+00:00,btc-updown-15m-1766511000,TRADE,DOWN,DIR_EMERGENCY,5,5,0.4301137619735176,2.150568809867588,15.0,0.48481146225350724,15.0,0.4833888045533854,15,0.9682002668068926,0.4769959978966104,0.0,0,0,0,95.82147795277857,SUCCESS,BULLISH,emergency,2,87757.08,87733.19,0.027230287648265628,5.004100966191703
2025-12-23T17:45:05.403019+00:00,btc-updown-15m-1766511000,RESOLUTION,UP,BINANCE_FALLBACK_SHARED,30,30,1.0000,14.5230,15,0.4848,15,0.4834,15,0.9682,0.4770,0.00,0.0000,0.0000,0.4770,110.82,RESOLVED
2025-12-23T17:45:14.463256+00:00,btc-updown-15m-1766511900,TRADE,UP,DIR_AVERAGE_DOWN,8,8,0.45013938038092377,3.60111504304739,8.0,0.45013938038092377,0.0,0.0,0,0,0.0,8.0,0,0,0,107.22036290973118,SUCCESS,BULLISH,average_down,2,87785.02,87814.42,-0.03347969502046951,3.8732280729801762
2025-12-23T17:45:20.104696+00:00,btc-updown-15m-1766511900,TRADE,DOWN,DIR_REBALANCE,5,5,0.5602769980612835,2.8013849903064174,8.0,0.45013938038092377,5.0,0.5602769980612835,5,1.0104163784422073,-0.05208189221103665,3.0,0,0,0,104.41897791942476,SUCCESS,BULLISH,rebalance,2,87785.02,87814.42,-0.03347969502046951,3.873277783129857
2025-12-23T17:45:25.725906+00:00,btc-updown-15m-1766511900,TRADE,UP,DIR_ACCUMULATE,7,7,0.44002802605942287,3.08019618241596,15.0,0.44542074836422335,5.0,0.5602769980612835,5,1.0056977464255068,-0.028488732127534,10.0,0,0,0,101.3387817370088,SUCCESS,BULLISH,accumulate,2,87785.02,87814.42,-0.03347969502046951,3.87334369640422
2025-12-23T17:45:37.110206+00:00,btc-updown-15m-1766511900,TRADE,DOWN,DIR_REBALANCE,5,5,0.5701048297732116,2.850524148866058,15.0,0.44542074836422335,10.0,0.5651909139172476,10,1.010611662281471,-0.10611662281470924,5.0,0,0,0,98.48825758814274,SUCCESS,BULLISH,rebalance,2,87785.02,87814.42,-0.03347969502046951,4.109877152952493
2025-12-23T18:00:04.678917+00:00,btc-updown-15m-1766511900,RESOLUTION,DOWN,BINANCE_FALLBACK_SHARED,25,25,1.0000,12.3332,15,0.4454,10,0.5652,10,1.0106,-0.1061,0.33,0.0000,0.0000,-2.3332,108.49,RESOLVED
2025-12-23T18:00:14.441474+00:00,btc-updown-15m-1766512800,TRADE,UP,DIR_AVERAGE_DOWN,4,4,0.5902002626201258,2.3608010504805033,4.0,0.5902002626201258,0.0,0.0,0,0,0.0,4.0,0,0,0,106.12745653766224,SUCCESS,BULLISH,average_down,2,87213.88,87180.01,0.03885064936332297,1.976225226857824
2025-12-23T18:00:19.949066+00:00,btc-updown-15m-1766512800,TRADE,UP,DIR_ACCUMULATE,4,4,0.550001664183422,2.200006656733688,8.0,0.570100963401774,0.0,0.0,0,0,0.0,8.0,0,0,0,103.92744988092855,SUCCESS,BULLISH,accumulate,2,87195.92,87180.01,0.0182495964384536,0.9980270541339602
2025-12-23T18:00:25.606687+00:00,btc-updown-15m-1766512800,TRADE,DOWN,DIR_REBALANCE,5,5,0.48987581412071424,2.4493790706035714,8.0,0.570100963401774,5.0,0.4898758141207143,5,1.0599767775224882,-0.299883887612441,3.0,0,0,0,101.47807081032498,SUCCESS,BULLISH,rebalance,2,87175.19,87180.01,-0.005528790372921996,0.3630699537408894
2025-12-23T18:00:31.243776+00:00,btc-updown-15m-1766512800,TRADE,UP,DIR_ACCUMULATE,4,4,0.5502681561167958,2.201072624467183,12.0,0.5634900276401146,5.0,0.4898758141207143,5,1.053365841760829,-0.2668292088041446,7.0,0,0,0,99.27699818585779,SUCCESS,BULLISH,accumulate,2,87185.99,87180.01,0.006859370628668749,0.45211311173105406
2025-12-23T18:00:37.031989+00:00,btc-updown-15m-1766512800,TRADE,DOWN,DIR_REBALANCE,5,5,0.42004187979937646,2.100209398996882,12.0,0.5634900276401146,10.0,0.45495884696004535,10,1.0184488746001599,-0.1844887460015987,2.0,0,0,0,97.17678878686091,SUCCESS,BULLISH,rebalance,2,87205.77,87180.01,0.02954805809268583,2.0863168330251627
2025-12-23T18:00:44.458948+00:00,btc-updown-15m-1766512800,TRADE,UP,DIR_AVERAGE_DOWN,3,3,0.6602372001211261,1.9807116003633782,15.0,0.5828394621363169,10.0,0.45495884696004535,10,1.0377983090963623,-0.3779830909636228,5.0,0,0,0,95.19607718649753,SUCCESS,BULLISH,average_down,2,87252.16,87180.01,0.08275979780228143,5.8915946393210925
2025-12-23T18:10:03.920491+00:00,btc-updown-15m-1766512800,TRADE,DOWN,DIR_EMERGENCY,5,1,0.02000270922548224,0.02000270922548224,15.0,0.5828394621363169,11.0,0.41541737989326694,11,0.9982568420295839,0.019174737674577447,4.0,0,0,0,95.17607447727205,SUCCESS,BULLISH,emergency,2,87457.73,87180.01,0.3185592660519323,31.685459334409238
2025-12-23T18:10:09.485834+00:00,btc-updown-15m-1766512800,TRADE,DOWN,DIR_EMERGENCY,4,4,0.020000640869337744,0.08000256347735098,15.0,0.5828394621363169,15.0,0.3099729161535525,15,0.8928123782898694,1.6078143256519595,0.0,0,0,0,95.0960719137947,SUCCESS,BULLISH,emergency,2,87468.78,87180.01,0.3312341900396709,31.367893255372184
2025-12-23T18:15:03.140444+00:00,btc-updown-15m-1766512800,RESOLUTION,UP,BINANCE_FALLBACK_SHARED,30,30,1.0000,13.3922,15,0.5828,15,0.3100,15,0.8928,1.6078,0.00,0.0000,0.0000,1.6078,110.10,RESOLVED
2025-12-23T18:15:11.835453+00:00,btc-updown-15m-1766513700,TRADE,UP,DIR_AVERAGE_DOWN,8,8,0.4502073715520398,3.6016589724163186,8.0,0.4502073715520398,0.0,0.0,0,0,0.0,8.0,0,0,0,106.49441294137839,SUCCESS,BULLISH,average_down,2,87556.81,87579.17,-0.025531185098009702,2.969543730480256
2025-12-23T18:15:17.508608+00:00,btc-updown-15m-1766513700,TRADE,DOWN,DIR_REBALANCE,5,5,0.5601018350229731,2.800509175114865,8.0,0.4502073715520398,5.0,0.5601018350229731,5,1.010309206575013,-0.051546032875064984,3.0,0,0,0,103.69390376626352,SUCCESS,BULLISH,rebalance,2,87556.81,87579.17,-0.025531185098009702,3.1053983612026514
2025-12-23T18:15:23.171602+00:00,btc-updown-15m-1766513700,TRADE,UP,DIR_ACCUMULATE,4,4,0.5002171644946625,2.00086865797865,12.0,0.46687730253291404,5.0,0.5601018350229731,5,1.026979137555887,-0.13489568777943495,7.0,0,0,0,101.69303510828487,SUCCESS,BULLISH,accumulate,2,87565.57,87579.17,-0.0155288066785644,1.7782106503941963
2025-12-23T18:15:28.828762+00:00,btc-updown-15m-1766513700,TRADE,DOWN,DIR_REBALANCE,5,5,0.48010667168187876,2.400533358409394,12.0,0.46687730253291404,10.0,0.5201042533524258,10,0.9869815558853399,0.13018444114660133,2.0,0,0,0,99.29250174987548,SUCCESS,BULLISH,rebalance,2,87588.43,87579.17,0.01057329042967039,1.079413469450754
2025-12-23T18:15:34.377678+00:00,btc-updown-15m-1766513700,TRADE,UP,DIR_AVERAGE_DOWN,3,3,0.5501319144476725,1.6503957433430174,15.0,0.4835282249158657,10.0,0.5201042533524258,10,1.0036324782682915,-0.03632478268291495,5.0,0,0,0,97.64210600653247,SUCCESS,BULLISH,average_down,2,87589.91,87579.17,0.012263189979997799,1.280986971119824
2025-12-23T18:25:01.629690+00:00,btc-updown-15m-1766513700,TRADE,DOWN,DIR_EMERGENCY,5,5,0.05001247212044944,0.2500623606022472,15.0,0.4835282249158657,15.0,0.3634069929417671,15,0.8469352178576328,2.2959717321355075,0.0,0,0,0,97.39204364593023,SUCCESS,BULLISH,emergency,2,87779.27,87579.17,0.22847898649873688,13.917257232023449
2025-12-23T18:30:02.352822+00:00,btc-updown-15m-1766513700,RESOLUTION,UP,BINANCE_FALLBACK_SHARED,30,30,1.0000,12.7040,15,0.4835,15,0.3634,15,0.8469,2.2960,0.00,0.0000,0.0000,2.2960,112.39,RESOLVED
2025-12-23T18:30:12.043403+00:00,btc-updown-15m-1766514600,TRADE,UP,DIR_AVERAGE_DOWN,4,4,0.5501805238051629,2.2007220952206517,4.0,0.5501805238051629,0.0,0.0,0,0,0.0,4.0,0,0,0,110.19132155070957,SUCCESS,BULLISH,average_down,2,87850.4,87829.5,0.02379610495334048,2.351580233866486
2025-12-23T18:30:17.654171+00:00,btc-updown-15m-1766514600,TRADE,UP,DIR_ACCUMULATE,8,8,0.4899916248668208,3.9199329989345664,12.0,0.5100545911796015,0.0,0.0,0,0,0.0,12.0,0,0,0,106.271388551775,SUCCESS,BULLISH,accumulate,2,87825.9,87829.5,-0.004098850613980292,0.36440540177258074
2025-12-23T18:30:23.325681+00:00,btc-updown-15m-1766514600,TRADE,DOWN,DIR_REBALANCE,5,5,0.5301979285628602,2.650989642814301,12.0,0.5100545911796015,5.0,0.5301979285628602,5,1.0402525197424617,-0.20126259871230845,7.0,0,0,0,103.62039890896071,SUCCESS,BULLISH,rebalance,2,87822.42,87829.5,-0.008061072874150196,0.7016801900796829
2025-12-23T18:30:34.503791+00:00,btc-updown-15m-1766514600,TRADE,DOWN,DIR_REBALANCE,5,5,0.5701860908320893,2.850930454160446,12.0,0.5100545911796015,10.0,0.5501920096974746,10,1.0602466008770761,-0.6024660087707612,2.0,0,0,0,100.76946845480026,SUCCESS,BULLISH,rebalance,2,87804.83,87829.5,-0.028088512401867542,1.6022400607458416
2025-12-23T18:30:40.022070+00:00,btc-updown-15m-1766514600,TRADE,UP,DIR_AVERAGE_DOWN,3,3,0.43006933014069904,1.290207990422097,15.0,0.494057538971821,10.0,0.5501920096974746,10,1.0442495486692955,-0.44249548669295535,5.0,0,0,0,99.47926046437816,SUCCESS,BULLISH,average_down,2,87795.39,87829.5,-0.038836609567401134,2.2218616819198678
2025-12-23T18:40:06.660538+00:00,btc-updown-15m-1766514600,TRADE,DOWN,DIR_EMERGENCY,5,5,0.030013796839279423,0.1500689841963971,15.0,0.494057538971821,15.0,0.3767992720780763,15,0.8708568110498973,1.9371478342515402,0.0,0,0,0,99.32919148018176,SUCCESS,BULLISH,emergency,2,88093.19,87829.5,0.3002294217774237,21.44703551182181
2025-12-23T18:45:05.309770+00:00,btc-updown-15m-1766514600,RESOLUTION,UP,BINANCE_FALLBACK_SHARED,30,30,1.0000,13.0629,15,0.4941,15,0.3768,15,0.8709,1.9371,0.00,0.0000,0.0000,1.9371,114.33,RESOLVED
2025-12-23T18:45:14.083866+00:00,btc-updown-15m-1766515500,TRADE,UP,DIR_AVERAGE_DOWN,8,8,0.4801294923339952,3.8410359386719617,8.0,0.4801294923339952,0.0,0.0,0,0,0.0,8.0,0,0,0,110.4881555415098,SUCCESS,BULLISH,average_down,2,88120.0,88120.29,-0.0003290956032868221,0.04424893865718712
2025-12-23T18:45:19.492471+00:00,btc-updown-15m-1766515500,TRADE,DOWN,DIR_REBALANCE,5,5,0.5601285540746281,2.8006427703731407,8.0,0.4801294923339952,5.0,0.5601285540746281,5,1.0402580464086233,-0.20129023204311647,3.0,0,0,0,107.68751277113665,SUCCESS,BULLISH,rebalance,2,88111.35,88120.29,-0.01014522308084526,1.3402965170911836
2025-12-23T18:45:25.052254+00:00,btc-updown-15m-1766515500,TRADE,UP,DIR_ACCUMULATE,7,7,0.4101026474248872,2.8707185319742106,15.0,0.4474502980430781,5.0,0.5601285540746281,5,1.0075788521177063,-0.03789426058853129,10.0,0,0,0,104.81679423916245,SUCCESS,BULLISH,accumulate,2,88088.47,88120.29,-0.03610973136832895,3.952146804029446
2025-12-23T18:45:30.564693+00:00,btc-updown-15m-1766515500,TRADE,DOWN,DIR_REBALANCE,5,5,0.6001326435126376,3.000663217563188,15.0,0.4474502980430781,10.0,0.5801305987936329,10,1.027580896836711,-0.27580896836711055,5.0,0,0,0,101.81613102159926,SUCCESS,BULLISH,rebalance,2,88083.04,88120.29,-0.04227176283691304,4.848061140869394
2025-12-23T19:00:05.815741+00:00,btc-updown-15m-1766515500,RESOLUTION,DOWN,BINANCE_FALLBACK_SHARED,25,25,1.0000,12.5131,15,0.4475,10,0.5801,10,1.0276,-0.2758,0.33,0.0000,0.0000,-2.5131,111.82,RESOLVED
2025-12-23T19:00:14.430660+00:00,btc-updown-15m-1766516400,TRADE,UP,DIR_AVERAGE_DOWN,4,4,0.5700746647113185,2.280298658845274,4.0,0.5700746647113185,0.0,0.0,0,0,0.0,4.0,0,0,0,109.535832362754,SUCCESS,BULLISH,average_down,2,88011.04,87975.01,0.04095481205401265,4.519671898640293
2025-12-23T19:00:19.850966+00:00,btc-updown-15m-1766516400,TRADE,UP,DIR_ACCUMULATE,4,4,0.5000844112974645,2.000337645189858,8.0,0.5350795380043916,0.0,0.0,0,0,0.0,8.0,0,0,0,107.53549471756413,SUCCESS,BULLISH,accumulate,2,87980.01,87975.01,0.005683432147379126,0.5578245084973398
2025-12-23T19:00:25.493814+00:00,btc-updown-15m-1766516400,TRADE,DOWN,DIR_REBALANCE,5,5,0.52007994997432,2.6003997498716003,8.0,0.5350795380043916,5.0,0.52007994997432,5,1.0551594879787116,-0.2757974398935581,3.0,0,0,0,104.93509496769254,SUCCESS,BULLISH,rebalance,2,87980.0,87975.01,0.005672065283090322,0.5567064636185844
2025-12-23T19:00:31.043764+00:00,btc-updown-15m-1766516400,TRADE,UP,DIR_ACCUMULATE,7,7,0.4600001624164956,3.220001136915469,15.0,0.5000424960633735,5.0,0.52007994997432,5,1.0201224460376936,-0.10061223018846821,10.0,0,0,0,101.71509383077706,SUCCESS,BULLISH,accumulate,2,87968.67,87975.01,-0.007206591962872762,0.7168364678051798
2025-12-23T19:00:42.359621+00:00,btc-updown-15m-1766516400,TRADE,DOWN,DIR_REBALANCE,5,5,0.4801874395735996,2.400937197867998,15.0,0.5000424960633735,10.0,0.5001336947739599,10,1.0001761908373332,-0.0017619083733322327,5.0,0,0,0,99.31415663290906,SUCCESS,BULLISH,rebalance,2,87986.85,87975.01,0.013458367325006338,1.3929747110723358
2025-12-23T19:15:01.291915+00:00,btc-updown-15m-1766516400,RESOLUTION,DOWN,BINANCE_FALLBACK_SHARED,25,25,1.0000,12.5020,15,0.5000,10,0.5001,10,1.0002,-0.0018,0.33,0.0000,0.0000,-2.5020,109.31,RESOLVED
2025-12-23T19:15:11.047211+00:00,btc-updown-15m-1766517300,TRADE,UP,DIR_AVERAGE_DOWN,4,4,0.5201527837796324,2.0806111351185295,4.0,0.5201527837796324,0.0,0.0,0,0,0.0,4.0,0,0,0,107.23354549779053,SUCCESS,BULLISH,average_down,2,87902.81,87902.8,1.1376201889770646e-05,0.0008534709401312093
2025-12-23T19:15:16.667080+00:00,btc-updown-15m-1766517300,TRADE,UP,DIR_ACCUMULATE,4,4,0.5200839607018731,2.0803358428074925,8.0,0.5201183722407527,0.0,0.0,0,0,0.0,8.0,0,0,0,105.15320965498304,SUCCESS,BULLISH,accumulate,2,87900.64,87902.8,-0.0024572596094817145,0.18323664496745848
2025-12-23T19:15:22.235757+00:00,btc-updown-15m-1766517300,TRADE,DOWN,DIR_REBALANCE,5,5,0.4800139149641036,2.400069574820518,8.0,0.5201183722407527,5.0,0.4800139149641036,5,1.0001322872048564,-0.000661436024281814,3.0,0,0,0,102.75314008016252,SUCCESS,BULLISH,rebalance,2,87900.63,87902.8,-0.002468635811371485,0.1840945239633365
2025-12-23T19:15:33.179275+00:00,btc-updown-15m-1766517300,TRADE,UP,DIR_ACCUMULATE,4,4,0.5301984811945714,2.1207939247782854,12.0,0.5234784085586922,5.0,0.4800139149641036,5,1.0034923235227957,-0.017461617613978575,7.0,0,0,0,100.63234615538424,SUCCESS,BULLISH,accumulate,2,87900.63,87902.8,-0.002468635811371485,0.18431995313959793
2025-12-23T19:15:38.820979+00:00,btc-updown-15m-1766517300,TRADE,DOWN,DIR_REBALANCE,5,5,0.48006562175900186,2.4003281087950095,12.0,0.5234784085586922,10.0,0.4800397683615527,10,1.0035181769202448,-0.03518176920244809,2.0,0,0,0,98.23201804658923,SUCCESS,BULLISH,rebalance,2,87900.64,87902.8,-0.0024572596094817145,0.18347843847665657
2025-12-23T19:15:44.449142+00:00,btc-updown-15m-1766517300,TRADE,UP,DIR_AVERAGE_DOWN,3,3,0.530198442517721,1.5905953275531628,15.0,0.524822415350498,10.0,0.4800397683615527,10,1.0048621837120506,-0.04862183712050605,5.0,0,0,0,96.64142271903607,SUCCESS,BULLISH,average_down,2,87900.64,87902.8,-0.0024572596094817145,0.1835145901151124
2025-12-23T19:25:20.458330+00:00,btc-updown-15m-1766517300,TRADE,DOWN,DIR_EMERGENCY,5,5,0.5602629434477264,2.801314717238632,15.0,0.524822415350498,15.0,0.5067808267236107,15,1.0316032420741088,-0.4740486311116321,0.0,0,0,0,93.84010800179745,SUCCESS,BULLISH,emergency,2,87877.71,87902.8,-0.02854289055638331,3.570436483032085
2025-12-23T19:30:05.954148+00:00,btc-updown-15m-1766517300,RESOLUTION,DOWN,BINANCE_FALLBACK_SHARED,30,30,1.0000,15.4740,15,0.5248,15,0.5068,15,1.0316,-0.4740,0.00,0.0000,0.0000,-0.4740,108.84,RESOLVED
2025-12-23T19:30:14.852986+00:00,btc-updown-15m-1766518200,TRADE,UP,DIR_AVERAGE_DOWN,4,4,0.5701492078309813,2.2805968313239253,4.0,0.5701492078309813,0.0,0.0,0,0,0.0,4.0,0,0,0,106.55951117047353,SUCCESS,BULLISH,average_down,2,87697.83,87690.68,0.008153660115315256,0.7165426555479807
2025-12-23T19:30:20.360871+00:00,btc-updown-15m-1766518200,TRADE,UP,DIR_ACCUMULATE,4,4,0.5400244087085353,2.160097634834141,8.0,0.5550868082697583,0.0,0.0,0,0,0.0,8.0,0,0,0,104.39941353563938,SUCCESS,BULLISH,accumulate,2,87690.78,87690.68,0.00011403720441650216,0.010406385622056171
2025-12-23T19:30:26.016448+00:00,btc-updown-15m-1766518200,TRADE,DOWN,DIR_REBALANCE,5,5,0.4600805367007608,2.3004026835038043,8.0,0.5550868082697583,5.0,0.4600805367007609,5,1.0151673449705192,-0.07583672485259596,3.0,0,0,0,102.09901085213558,SUCCESS,BULLISH,rebalance,2,87690.77,87690.68,0.00010263348398148979,0.01045115711908722
2025-12-23T19:30:31.446409+00:00,btc-updown-15m-1766518200,TRADE,UP,DIR_ACCUMULATE,4,4,0.6001904723297384,2.4007618893189537,12.0,0.5701213629564184,5.0,0.4600805367007609,5,1.0302018996571793,-0.15100949828589671,7.0,0,0,0,99.69824896281662,SUCCESS,BULLISH,accumulate,2,87708.35,87690.68,0.020150374019237628,1.8524139552945909
2025-12-23T19:30:37.074407+00:00,btc-updown-15m-1766518200,TRADE,DOWN,DIR_REBALANCE,5,5,0.42016869634302684,2.1008434817151342,12.0,0.5701213629564184,10.0,0.44012461652189383,10,1.010245979478312,-0.10245979478312073,2.0,0,0,0,97.59740548110149,SUCCESS,BULLISH,rebalance,2,87708.34,87690.68,0.02013897029878602,1.8513268799105713
2025-12-23T19:30:48.316284+00:00,btc-updown-15m-1766518200,TRADE,UP,DIR_AVERAGE_DOWN,3,3,0.5401542962447327,1.620462888734198,15.0,0.5641279496140812,10.0,0.44012461652189383,10,1.0042525661359751,-0.04252566135975133,5.0,0,0,0,95.9769425923673,SUCCESS,BULLISH,average_down,2,87686.65,87690.68,-0.004595699337716204,0.4052544440180283
2025-12-23T19:40:01.851679+00:00,btc-updown-15m-1766518200,TRADE,DOWN,DIR_EMERGENCY,5,5,0.020001396919857962,0.1000069845992898,15.0,0.5641279496140812,15.0,0.30008354332121523,15,0.8642114929352964,2.0368276059705535,0.0,0,0,0,95.876935607768,SUCCESS,BULLISH,emergency,2,87902.85,87690.68,0.24195273659642372,23.785562465932887
2025-12-23T19:45:05.179235+00:00,btc-updown-15m-1766518200,RESOLUTION,UP,BINANCE_FALLBACK_SHARED,30,30,1.0000,12.9632,15,0.5641,15,0.3001,15,0.8642,2.0368,0.00,0.0000,0.0000,2.0368,110.88,RESOLVED
2025-12-23T19:45:14.017877+00:00,btc-updown-15m-1766519100,TRADE,UP,DIR_AVERAGE_DOWN,4,4,0.5800136042805644,2.3200544171222575,4.0,0.5800136042805644,0.0,0.0,0,0,0.0,4.0,0,0,0,108.55688119064575,SUCCESS,BULLISH,average_down,2,87836.6,87817.42,0.021840769177695687,2.966223146044518
2025-12-23T19:45:19.552374+00:00,btc-updown-15m-1766519100,TRADE,UP,DIR_ACCUMULATE,4,3,0.5800101118525895,1.7400303355577686,7.0,0.5800121075257181,0.0,0.0,0,0,0.0,7.0,0,0,0,106.81685085508799,SUCCESS,BULLISH,accumulate,2,87839.55,87817.42,0.025200011569463845,3.3367465284245794
2025-12-23T19:45:25.200538+00:00,btc-updown-15m-1766519100,TRADE,DOWN,DIR_REBALANCE,5,5,0.4300333142300853,2.1501665711504265,7.0,0.5800121075257181,5.0,0.4300333142300853,5,1.0100454217558035,-0.05022710877901737,2.0,0,0,0,104.66668428393757,SUCCESS,BULLISH,rebalance,2,87839.56,87817.42,0.02521139883180287,3.338162702578109
2025-12-23T19:45:30.817816+00:00,btc-updown-15m-1766519100,TRADE,UP,DIR_AVERAGE_DOWN,4,4,0.5501407824808116,2.200563129923246,11.0,0.5691498075093885,5.0,0.4300333142300853,5,0.9991831217394738,0.004084391302631163,6.0,0,0,0,102.46612115401433,SUCCESS,BULLISH,average_down,2,87839.56,87817.42,0.02521139883180287,3.3380495822811773
2025-12-23T19:45:36.368342+00:00,btc-updown-15m-1766519100,TRADE,DOWN,DIR_REBALANCE,5,5,0.44013734842326185,2.2006867421163094,11.0,0.5691498075093885,10.0,0.4350853313266736,10,1.0042351388360622,-0.04235138836062191,1.0,0,0,0,100.26543441189803,SUCCESS,BULLISH,rebalance,2,87839.55,87817.42,0.025200011569463845,3.336582404223992
2025-12-23T19:45:41.982569+00:00,btc-updown-15m-1766519100,TRADE,UP,DIR_AVERAGE_DOWN,4,4,0.5601435941854195,2.240574376741678,15.0,0.5667481506229968,10.0,0.4350853313266736,10,1.0018334819496704,-0.01833481949670368,5.0,0,0,0,98.02486003515635,SUCCESS,BULLISH,average_down,2,87839.55,87817.42,0.025200011569463845,3.447562587757123
2025-12-23T20:00:04.695334+00:00,btc-updown-15m-1766519100,RESOLUTION,DOWN,BINANCE_FALLBACK_SHARED,25,25,1.0000,12.8521,15,0.5667,10,0.4351,10,1.0018,-0.0183,0.33,0.0000,0.0000,-2.8521,108.02,RESOLVED
2025-12-23T20:00:13.329745+00:00,btc-updown-15m-1766520000,TRADE,UP,DIR_AVERAGE_DOWN,8,8,0.42001264980475966,3.3601011984380773,8.0,0.42001264980475966,0.0,0.0,0,0,0.0,8.0,0,0,0,104.66475883671828,SUCCESS,BULLISH,average_down,2,87734.25,87752.87,-0.02121867922951733,4.324007692046671
2025-12-23T20:00:18.856881+00:00,btc-updown-15m-1766520000,TRADE,DOWN,DIR_REBALANCE,5,5,0.48008315937284735,2.4004157968642366,8.0,0.42001264980475966,5.0,0.4800831593728473,5,0.900095809177607,0.49952095411196495,3.0,0,0,0,102.26434303985404,SUCCESS,BULLISH,rebalance,2,87758.61,87752.87,0.006541096604595655,0.8890760914151652
2025-12-23T20:00:24.581772+00:00,btc-updown-15m-1766520000,TRADE,UP,DIR_ACCUMULATE,4,4,0.5400414030593383,2.1601656122373534,12.0,0.4600222342229525,5.0,0.4800831593728473,5,0.9401053935957998,0.29947303202100095,7.0,0,0,0,100.10417742761669,SUCCESS,BULLISH,accumulate,2,87758.61,87752.87,0.006541096604595655,0.889078151359738
2025-12-23T20:00:30.121717+00:00,btc-updown-15m-1766520000,TRADE,DOWN,DIR_REBALANCE,5,5,0.490206596085215,2.451032980426075,12.0,0.4600222342229525,10.0,0.48514487772903114,10,0.9451671119519837,0.5483288804801634,2.0,0,0,0,97.65314444719061,SUCCESS,BULLISH,rebalance,2,87758.61,87752.87,0.006541096604595655,0.8890784122016726
2025-12-23T20:00:35.634818+00:00,btc-updown-15m-1766520000,TRADE,UP,DIR_AVERAGE_DOWN,3,3,0.5300308010964724,1.5900924032894173,15.0,0.4740239475976565,10.0,0.48514487772903114,10,0.9591688253266877,0.4083117467331232,5.0,0,0,0,96.0630520439012,SUCCESS,BULLISH,average_down,2,87758.61,87752.87,0.006541096604595655,0.8890750034921396
2025-12-23T20:15:00.899416+00:00,btc-updown-15m-1766520000,RESOLUTION,DOWN,BINANCE_FALLBACK_SHARED,25,25,1.0000,11.9618,15,0.4740,10,0.4851,10,0.9592,0.4083,0.33,0.0000,0.0000,-1.9618,106.06,RESOLVED
2025-12-23T20:15:10.379805+00:00,btc-updown-15m-1766520900,TRADE,UP,DIR_AVERAGE_DOWN,4,4,0.6102551473964294,2.4410205895857175,4.0,0.6102551473964294,0.0,0.0,0,0,0.0,4.0,0,0,0,103.62203145431548,SUCCESS,BULLISH,average_down,2,87684.4,87652.27,0.036656209816346,3.9116866650421183
2025-12-23T20:15:15.935925+00:00,btc-updown-15m-1766520900,TRADE,UP,DIR_ACCUMULATE,4,4,0.5301077946633729,2.1204311786534915,8.0,0.5701814710299011,0.0,0.0,0,0,0.0,8.0,0,0,0,101.50160027566199,SUCCESS,BULLISH,accumulate,2,87661.2,87652.27,0.0101879848633618,0.9276935644743899
2025-12-23T20:15:21.350866+00:00,btc-updown-15m-1766520900,TRADE,DOWN,DIR_REBALANCE,5,5,0.48016680121418304,2.400834006070915,8.0,0.5701814710299011,5.0,0.480166801214183,5,1.0503482722440842,-0.2517413612204211,3.0,0,0,0,99.10076626959108,SUCCESS,BULLISH,rebalance,2,87661.2,87652.27,0.0101879848633618,0.9459772358982936
2025-12-23T20:15:26.977680+00:00,btc-updown-15m-1766520900,TRADE,UP,DIR_ACCUMULATE,4,4,0.5400716939348804,2.1602867757395217,12.0,0.5601448786648943,5.0,0.480166801214183,5,1.0403116798790772,-0.20155839939538622,7.0,0,0,0,96.94047949385156,SUCCESS,BULLISH,accumulate,2,87661.21,87652.27,0.010199393581024573,0.9972274341512405
2025-12-23T20:15:37.992432+00:00,btc-updown-15m-1766520900,TRADE,DOWN,DIR_REBALANCE,5,5,0.33016458082560773,1.6508229041280387,12.0,0.5601448786648943,10.0,0.4051656910198954,10,0.9653105696847897,0.34689430315210323,2.0,0,0,0,95.28965658972352,SUCCESS,BULLISH,rebalance,2,87714.04,87652.27,0.07047164893731733,6.348763783969694
2025-12-23T20:15:43.538805+00:00,btc-updown-15m-1766520900,TRADE,UP,DIR_AVERAGE_DOWN,3,3,0.6801858990992328,2.0405576972976984,15.0,0.5841530827517619,10.0,0.4051656910198954,10,0.9893187737716573,0.10681226228342666,5.0,0,0,0,93.24909889242582,SUCCESS,BULLISH,average_down,2,87716.28,87652.27,0.07302720169140486,6.466796260873583
2025-12-23T20:25:05.075335+00:00,btc-updown-15m-1766520900,TRADE,DOWN,DIR_EMERGENCY,5,5,0.030011070363554063,0.1500553518177703,15.0,0.5841530827517619,15.0,0.28011415080111496,15,0.8642672335528769,2.035991496706846,0.0,0,0,0,93.09904354060805,SUCCESS,BULLISH,emergency,2,87812.01,87652.27,0.1822428557754302,16.932413616707215
2025-12-23T20:30:03.261842+00:00,btc-updown-15m-1766520900,RESOLUTION,UP,POLYMARKET_API,30,30,1.0000,12.9640,15,0.5842,15,0.2801,15,0.8643,2.0360,0.00,0.0000,0.0000,2.0360,108.10,RESOLVED
2025-12-23T20:30:11.957003+00:00,btc-updown-15m-1766521800,TRADE,UP,DIR_AVERAGE_DOWN,4,4,0.5002456196616629,2.0009824786466517,4.0,0.5002456196616629,0.0,0.0,0,0,0.0,4.0,0,0,0,106.0980610619614,SUCCESS,BULLISH,average_down,2,87768.32,87770.57,-0.002563501638419347,0.4286681064107183
2025-12-23T20:30:17.487971+00:00,btc-updown-15m-1766521800,TRADE,UP,DIR_ACCUMULATE,8,8,0.4900001627711877,3.9200013021695015,12.0,0.4934153150680127,0.0,0.0,0,0,0.0,12.0,0,0,0,102.1780597597919,SUCCESS,BULLISH,accumulate,2,87768.32,87770.57,-0.002563501638419347,0.42866525871157574
2025-12-23T20:30:23.016389+00:00,btc-updown-15m-1766521800,TRADE,DOWN,DIR_REBALANCE,5,5,0.5402526451181473,2.7012632255907363,12.0,0.4934153150680127,5.0,0.5402526451181473,5,1.03366796018616,-0.16833980093080014,7.0,0,0,0,99.47679653420117,SUCCESS,BULLISH,rebalance,2,87762.16,87770.57,-0.009581799457384738,1.4471455764839005
2025-12-23T20:30:28.666488+00:00,btc-updown-15m-1766521800,TRADE,DOWN,DIR_REBALANCE,5,5,0.5400521431878342,2.700260715939171,12.0,0.4934153150680127,10.0,0.5401523941529908,10,1.0335677092210034,-0.33567709221003383,2.0,0,0,0,96.776535818262,SUCCESS,BULLISH,rebalance,2,87762.15,87770.57,-0.009593192798010547,1.6200963264056156
2025-12-23T20:30:34.179776+00:00,btc-updown-15m-1766521800,TRADE,UP,DIR_AVERAGE_DOWN,3,1,0.4800501200410016,0.4800501200410016,13.0,0.492387223142858,10.0,0.5401523941529908,10,1.0325396172958488,-0.32539617295848755,3.0,0,0,0,96.296485698221,SUCCESS,BULLISH,average_down,2,87762.15,87770.57,-0.009593192798010547,1.6200894906667072
2025-12-23T20:30:39.775279+00:00,btc-updown-15m-1766521800,TRADE,UP,DIR_ACCUMULATE,2,2,0.48016095477785864,0.9603219095557173,15.0,0.4907570540275248,10.0,0.5401523941529908,10,1.0309094481805157,-0.30909448180515664,5.0,0,0,0,95.33616378866529,SUCCESS,BULLISH,accumulate,2,87762.15,87770.57,-0.009593192798010547,1.6200827810303637
2025-12-23T20:40:02.422629+00:00,btc-updown-15m-1766521800,TRADE,DOWN,DIR_EMERGENCY,5,5,0.02000124120821319,0.10000620604106594,15.0,0.4907570540275248,15.0,0.36676867650473155,15,0.8575257305322563,2.137114042016155,0.0,0,0,0,95.23615758262422,SUCCESS,BULLISH,emergency,2,87967.51,87770.57,0.2243804500756777,18.66459037982635
2025-12-23T20:45:05.291685+00:00,btc-updown-15m-1766521800,RESOLUTION,UP,BINANCE_FALLBACK_SHARED,30,30,1.0000,12.8629,15,0.4908,15,0.3668,15,0.8575,2.1371,0.00,0.0000,0.0000,2.1371,110.24,RESOLVED
2025-12-23T21:15:14.743995+00:00,btc-updown-15m-1766524500,TRADE,UP,DIR_AVERAGE_DOWN,4,4,0.5200728331269857,2.080291332507943,4.0,0.5200728331269857,0.0,0.0,0,0,0.0,4.0,0,0,0,97.91970866749206,SUCCESS,BULLISH,average_down,0,87704.95,87704.95,0.0,0.0
2025-12-23T21:15:20.268388+00:00,btc-updown-15m-1766524500,TRADE,UP,DIR_ACCUMULATE,4,4,0.5300811293513152,2.120324517405261,8.0,0.5250769812391505,0.0,0.0,0,0,0.0,8.0,0,0,0,95.7993841500868,SUCCESS,BULLISH,accumulate,0,87704.95,87704.95,0.0,0.0
2025-12-23T21:15:25.862461+00:00,btc-updown-15m-1766524500,TRADE,DOWN,DIR_REBALANCE,5,5,0.48021658937303574,2.401082946865179,8.0,0.5250769812391505,5.0,0.4802165893730358,5,1.0052935706121864,-0.026467853060931912,3.0,0,0,0,93.39830120322162,SUCCESS,BULLISH,rebalance,0,87704.95,87704.95,0.0,0.0
2025-12-23T21:15:31.385681+00:00,btc-updown-15m-1766524500,TRADE,UP,DIR_ACCUMULATE,4,4,0.5501161467706072,2.2004645870824286,12.0,0.5334233697496361,5.0,0.4802165893730358,5,1.013639959122672,-0.06819979561335954,7.0,0,0,0,91.1978366161392,SUCCESS,BULLISH,accumulate,0,87704.94,87704.95,-1.1401864997085467e-05,0.23933895642222752
2025-12-23T21:15:36.975991+00:00,btc-updown-15m-1766524500,TRADE,DOWN,DIR_REBALANCE,5,5,0.47018913049571553,2.3509456524785777,12.0,0.5334233697496361,10.0,0.4752028599343756,10,1.0086262296840118,-0.08626229684011832,2.0,0,0,0,88.84689096366063,SUCCESS,BULLISH,rebalance,0,87704.94,87704.95,-1.1401864997085467e-05,0.19839246121200518
2025-12-23T21:15:42.625144+00:00,btc-updown-15m-1766524500,TRADE,UP,DIR_AVERAGE_DOWN,3,3,0.510206966890249,1.5306209006707472,15.0,0.5287800891777586,10.0,0.4752028599343756,10,1.0039829491121344,-0.03982949112134371,5.0,0,0,0,87.31627006298989,SUCCESS,BULLISH,average_down,0,87703.54,87704.95,-0.0016076629654352376,0.32916208433172
2025-12-23T21:25:04.282042+00:00,btc-updown-15m-1766524500,TRADE,DOWN,DIR_EMERGENCY,20,20,0.050008804873749695,1.0001760974749938,15.0,0.5287800891777586,30.0,0.191740156560625,15,0.7205202457383837,4.192196313924245,15.0,0,0,0,86.3160939655149,SUCCESS,BULLISH,emergency,0,87835.73,87704.95,0.1491135905099984,39.600578344700864
2025-12-23T21:30:01.880374+00:00,btc-updown-15m-1766524500,RESOLUTION,UP,BINANCE_FALLBACK_SHARED,45,45,1.0000,13.6839,15,0.5288,30,0.1917,15,0.7205,4.1922,0.50,0.0000,0.0000,1.3161,101.32,RESOLVED
2025-12-23T21:30:15.678791+00:00,btc-updown-15m-1766525400,TRADE,UP,DIR_AVERAGE_DOWN,8,8,0.48000419925684956,3.8400335940547965,8.0,0.48000419925684956,0.0,0.0,0,0,0.0,8.0,0,0,0,97.4760603714601,SUCCESS,BULLISH,average_down,0,87792.38,87809.91,-0.01996357814283016,4.490516181424151
2025-12-23T21:30:21.092898+00:00,btc-updown-15m-1766525400,TRADE,DOWN,DIR_REBALANCE,5,5,0.5400654079166065,2.7003270395830326,8.0,0.48000419925684956,5.0,0.5400654079166065,5,1.020069607173456,-0.10034803586728036,3.0,0,0,0,94.77573333187706,SUCCESS,BULLISH,rebalance,0,87792.39,87809.91,-0.019952189906588078,4.480712869365255
2025-12-23T21:30:26.641650+00:00,btc-updown-15m-1766525400,TRADE,UP,DIR_ACCUMULATE,7,2,0.4701893858919402,0.9403787717838804,10.0,0.47804123658386766,5.0,0.5400654079166065,5,1.0181066445004743,-0.09053322250237139,5.0,0,0,0,93.83535456009318,SUCCESS,BULLISH,accumulate,0,87792.39,87809.91,-0.019952189906588078,4.4797816530907415
2025-12-23T21:30:32.192971+00:00,btc-updown-15m-1766525400,TRADE,UP,DIR_ACCUMULATE,5,5,0.4900430168608172,2.450215084304086,15.0,0.4820418300095175,5.0,0.5400654079166065,5,1.022107237926124,-0.11053618963062006,10.0,0,0,0,91.38513947578909,SUCCESS,BULLISH,accumulate,0,87797.61,87809.91,-0.0140075305851047,2.8195636479712407
2025-12-23T21:30:43.111082+00:00,btc-updown-15m-1766525400,TRADE,DOWN,DIR_REBALANCE,5,5,0.5402363121998814,2.701181560999407,15.0,0.4820418300095175,10.0,0.540150860058244,10,1.0221926900677616,-0.2219269006776159,5.0,0,0,0,88.68395791478969,SUCCESS,BULLISH,rebalance,0,87797.6,87809.91,-0.014018918821346782,2.8221073315516403
2025-12-23T21:34:07.180078+00:00,btc-updown-15m-1766525400,TRADE,DOWN,DIR_ACCUMULATE,4,2,0.7700400585118032,1.5400801170236065,15.0,0.4820418300095175,12.0,0.5784657264671705,12,1.0605075564766882,-0.7260906777202578,3.0,0,0,0,87.14387779776608,SUCCESS,BEARISH,accumulate,1,87735.84,87809.91,-0.08435266588931362,10.803979478866363
2025-12-23T21:34:12.697475+00:00,btc-updown-15m-1766525400,TRADE,DOWN,DIR_ACCUMULATE,3,3,0.7701750812019318,2.3105252436057953,15.0,0.4820418300095175,15.0,0.6168075974141227,15,1.0988494274236402,-1.4827414113546034,0.0,0,0,0,84.83335255416029,SUCCESS,BEARISH,accumulate,1,87735.84,87809.91,-0.08435266588931362,10.80328837114021
2025-12-23T22:00:15.549431+00:00,btc-updown-15m-1766527200,TRADE,UP,DIR_AVERAGE_DOWN,4,4,0.5100288906442123,2.0401155625768492,4.0,0.5100288906442123,0.0,0.0,0,0,0.0,4.0,0,0,0,97.95988443742316,SUCCESS,BULLISH,average_down,0,87722.89,87722.89,0.0,0.0
2025-12-23T22:00:16.368101+00:00,btc-updown-15m-1766527200,RESOLUTION,UP,BINANCE_FALLBACK_SHARED,4,4,1.0000,2.0401,4,0.5100,0,0.0000,0,0.0000,0.0000,1.00,0.0000,0.0000,1.9599,101.96,RESOLVED
2025-12-23T22:00:25.016183+00:00,btc-updown-15m-1766528100,TRADE,UP,DIR_AVERAGE_DOWN,4,4,0.5102215409300751,2.0408861637203004,4.0,0.5102215409300751,0.0,0.0,0,0,0.0,4.0,0,0,0,99.91899827370285,SUCCESS,BULLISH,average_down,0,87714.03,87722.89,-0.010099986445955647,3.317091484109389
2025-12-23T22:00:30.530220+00:00,btc-updown-15m-1766528100,TRADE,UP,DIR_ACCUMULATE,4,4,0.5101880190431243,2.040752076172497,8.0,0.5102047799865996,0.0,0.0,0,0,0.0,8.0,0,0,0,97.87824619753036,SUCCESS,BULLISH,accumulate,0,87709.92,87722.89,-0.014785194605423014,4.258927306913983
2025-12-23T22:00:41.352544+00:00,btc-updown-15m-1766528100,TRADE,DOWN,DIR_REBALANCE,5,5,0.5002248151246981,2.5011240756234905,8.0,0.5102047799865996,5.0,0.5002248151246981,5,1.0104295951112978,-0.05214797555648909,3.0,0,0,0,95.37712212190687,SUCCESS,BULLISH,rebalance,0,87709.93,87722.89,-0.014773795072194274,4.249919691251061
2025-12-23T22:00:46.867438+00:00,btc-updown-15m-1766528100,TRADE,UP,DIR_ACCUMULATE,4,4,0.5098374763026806,2.0393499052107225,12.0,0.5100823454252933,5.0,0.5002248151246981,5,1.0103071605499914,-0.05153580274995684,7.0,0,0,0,93.33777221669614,SUCCESS,BULLISH,accumulate,0,87709.92,87722.89,-0.014785194605423014,4.25080505456668
2025-12-23T22:00:52.390723+00:00,btc-updown-15m-1766528100,TRADE,DOWN,DIR_REBALANCE,5,5,0.5001340268675741,2.5006701343378706,12.0,0.5100823454252933,10.0,0.5001794209961361,10,1.0102617664214293,-0.10261766421429286,2.0,0,0,0,90.83710208235827,SUCCESS,BULLISH,rebalance,0,87700.0,87722.89,-0.0260935315742555,5.941456109088472
2025-12-23T22:00:58.022553+00:00,btc-updown-15m-1766528100,TRADE,UP,DIR_AVERAGE_DOWN,3,3,0.510178609236188,1.530535827708564,15.0,0.5101015981874721,10.0,0.5001794209961361,10,1.0102810191836082,-0.10281019183608242,5.0,0,0,0,89.30656625464971,SUCCESS,BULLISH,average_down,0,87698.13,87722.89,-0.028225244289141364,6.201236687929495
2025-12-23T22:08:15.574983+00:00,btc-updown-15m-1766527200,TRADE,UP,DIR_AVERAGE_DOWN,4,4,0.610190699240941,2.440762796963764,4.0,0.610190699240941,0.0,0.0,0,0,0.0,4.0,0,0,0,97.55923720303623,SUCCESS,BULLISH,average_down,0,87761.26,87722.89,0.04374000902158529,2194.8484525655736
2025-12-23T22:08:15.854544+00:00,btc-updown-15m-1766527200,RESOLUTION,UP,BINANCE_FALLBACK_SHARED,4,4,1.0000,2.4408,4,0.6102,0,0.0000,0,0.0000,0.0000,1.00,0.0000,0.0000,1.5592,101.56,RESOLVED
2025-12-23T22:08:24.778367+00:00,btc-updown-15m-1766528100,TRADE,UP,DIR_AVERAGE_DOWN,4,1,0.5002058360455239,0.5002058360455239,1.0,0.5002058360455239,0.0,0.0,0,0,0.0,1.0,0,0,0,101.05903136699071,SUCCESS,BULLISH,average_down,0,87761.26,87722.89,0.04374000902158529,1152.777268444219
2025-12-23T22:10:04.193779+00:00,btc-updown-15m-1766528100,TRADE,DOWN,DIR_EMERGENCY,2,2,0.510026480168524,1.020052960337048,1.0,0.5002058360455239,2.0,0.510026480168524,1,1.010232316214048,-0.010232316214048076,1.0,0,0,0,100.03897840665365,SUCCESS,BULLISH,emergency,0,87712.47,87722.89,-0.011878313630568092,2.2836610136532847
2025-12-23T22:10:09.721656+00:00,btc-updown-15m-1766528100,TRADE,UP,DIR_EMERGENCY,2,2,0.510206642452766,1.020413284905532,3.0,0.5068730403170186,2.0,0.510026480168524,2,1.0168995204855427,-0.033799040971085326,1.0,0,0,0,99.01856512174813,SUCCESS,BULLISH,emergency,0,87701.14,87722.89,-0.024793984785498976,4.290895786376744
2025-12-23T22:10:15.190516+00:00,btc-updown-15m-1766528100,TRADE,DOWN,DIR_EMERGENCY,2,2,0.5000456770855253,1.0000913541710506,3.0,0.5068730403170186,4.0,0.5050360786270247,3,1.0119091189440432,-0.035727356832129686,1.0,0,0,0,98.01847376757708,SUCCESS,BULLISH,emergency,0,87701.14,87722.89,-0.024793984785498976,4.795601327351791
2025-12-23T22:10:20.608162+00:00,btc-updown-15m-1766528100,TRADE,UP,DIR_EMERGENCY,2,2,0.5101177654490244,1.0202355308980489,5.0,0.508170930369821,4.0,0.5050360786270247,4,1.0132070089968457,-0.05282803598738273,1.0,0,0,0,96.99823823667903,SUCCESS,BULLISH,emergency,0,87701.0,87722.89,-0.024953578250784283,5.074443486573312
2025-12-23T22:10:26.423898+00:00,btc-updown-15m-1766528100,TRADE,DOWN,DIR_EMERGENCY,3,3,0.4898360887439133,1.46950826623174,5.0,0.508170930369821,7.0,0.4985217972485484,5,1.0066927276183693,-0.03346363809184627,2.0,0,0,0,95.52872997044729,SUCCESS,BULLISH,emergency,0,87680.82,87722.89,-0.04795783631842548,8.465951923702006
2025-12-23T22:10:31.835417+00:00,btc-updown-15m-1766528100,TRADE,UP,DIR_EMERGENCY,2,2,0.5201443114280132,1.0402886228560264,7.0,0.5115918963864473,7.0,0.4985217972485484,7,1.0101136936349957,-0.07079585544496991,0.0,0,0,0,94.48844134759126,SUCCESS,BULLISH,emergency,0,87650.0,87722.89,-0.08309119774781636,11.69892612634647
2025-12-23T22:15:13.800288+00:00,btc-updown-15m-1766528100,TRADE,UP,DIR_AVERAGE_DOWN,4,4,0.620064933540292,2.480259734161168,4.0,0.620064933540292,0.0,0.0,0,0,0.0,4.0,0,0,0,97.51974026583883,SUCCESS,BULLISH,average_down,0,87513.54,87722.89,-0.23864922826870597,11944.760642950732
2025-12-23T22:15:14.518312+00:00,btc-updown-15m-1766528100,RESOLUTION,DOWN,BINANCE_FALLBACK_SHARED,4,4,1.0000,2.4803,4,0.6201,0,0.0000,0,0.0000,0.0000,1.00,0.0000,0.0000,-2.4803,97.52,RESOLVED
2025-12-23T22:15:22.699631+00:00,btc-updown-15m-1766529000,TRADE,UP,DIR_AVERAGE_DOWN,4,4,0.5202585877681846,2.0810343510727383,4.0,0.5202585877681846,0.0,0.0,0,0,0.0,4.0,0,0,0,95.43870591476609,SUCCESS,BULLISH,average_down,0,87524.45,87483.37,0.04695749603610578,19.11848236600423
2025-12-23T22:15:33.617720+00:00,btc-updown-15m-1766529000,TRADE,UP,DIR_ACCUMULATE,4,4,0.5202433693425988,2.0809734773703954,8.0,0.5202509785553917,0.0,0.0,0,0,0.0,8.0,0,0,0,93.3577324373957,SUCCESS,BULLISH,accumulate,0,87540.88,87483.37,0.06573820830177131,15.832345027876807
2025-12-23T22:15:39.059922+00:00,btc-updown-15m-1766529000,TRADE,DOWN,DIR_REBALANCE,5,5,0.4900598112760619,2.4502990563803095,8.0,0.5202509785553917,5.0,0.4900598112760619,5,1.0103107898314536,-0.051553949157268075,3.0,0,0,0,90.90743338101538,SUCCESS,BULLISH,rebalance,0,87515.58,87483.37,0.03681842617631946,5.753005376680301
2025-12-23T22:15:44.686836+00:00,btc-updown-15m-1766529000,TRADE,UP,DIR_ACCUMULATE,4,4,0.5200235677291092,2.0800942709164367,12.0,0.5201751749466309,5.0,0.4900598112760619,5,1.010234986222693,-0.051174931113464606,7.0,0,0,0,88.82733911009895,SUCCESS,BULLISH,accumulate,0,87512.01,87483.37,0.032737650595763994,4.954825658853016
2025-12-23T22:15:50.346692+00:00,btc-updown-15m-1766529000,TRADE,DOWN,DIR_REBALANCE,5,5,0.4902369448311355,2.4511847241556777,12.0,0.5201751749466309,10.0,0.4901483780535987,10,1.0103235530002297,-0.1032355300022969,2.0,0,0,0,86.37615438594327,SUCCESS,BULLISH,rebalance,0,87503.47,87483.37,0.02297579528544205,3.224622165026908
2025-12-23T22:15:55.753521+00:00,btc-updown-15m-1766529000,TRADE,UP,DIR_AVERAGE_DOWN,3,3,0.5200661307918171,1.5601983923754512,15.0,0.5201533661156681,10.0,0.4901483780535987,10,1.0103017441692668,-0.10301744169266769,5.0,0,0,0,84.81595599356781,SUCCESS,BULLISH,average_down,0,87497.07,87483.37,0.0156601191746633,2.130338164971938
2025-12-23T22:25:05.495877+00:00,btc-updown-15m-1766529000,TRADE,DOWN,DIR_EMERGENCY,5,5,0.4801687790328339,2.4008438951641695,15.0,0.5201533661156681,15.0,0.4868218450466771,15,1.0069752111623451,-0.10462816743517678,0.0,0,0,0,82.41511209840364,SUCCESS,BULLISH,emergency,0,87604.38,87483.37,0.13832343221347018,15.385365697989732
2025-12-23T22:30:00.663111+00:00,btc-updown-15m-1766529000,RESOLUTION,DOWN,BINANCE_FALLBACK_SHARED,30,30,1.0000,15.1046,15,0.5202,15,0.4868,15,1.0070,-0.1046,0.00,0.0000,0.0000,-0.1046,97.42,RESOLVED
2025-12-23T22:30:10.817788+00:00,btc-updown-15m-1766529900,TRADE,UP,DIR_AVERAGE_DOWN,4,4,0.520002578248715,2.08001031299486,4.0,0.520002578248715,0.0,0.0,0,0,0.0,4.0,0,0,0,95.33510178540878,SUCCESS,BULLISH,average_down,0,87480.96,87467.48,0.01541144205824894,1.6528509624835146
2025-12-23T22:30:21.741485+00:00,btc-updown-15m-1766529900,TRADE,UP,DIR_ACCUMULATE,4,4,0.5200875635519028,2.080350254207611,8.0,0.5200450709003088,0.0,0.0,0,0,0.0,8.0,0,0,0,93.25475153120117,SUCCESS,BULLISH,accumulate,0,87440.47,87467.48,-0.030880048219057828,2.177974390935179
2025-12-23T22:30:27.199633+00:00,btc-updown-15m-1766529900,TRADE,DOWN,DIR_REBALANCE,5,5,0.4900069769766677,2.450034884883338,8.0,0.5200450709003088,5.0,0.4900069769766676,5,1.0100520478769766,-0.05026023938488278,3.0,0,0,0,90.80471664631783,SUCCESS,BULLISH,rebalance,0,87440.46,87467.48,-0.030891481039569818,2.1801361000437964
2025-12-23T22:30:32.612510+00:00,btc-updown-15m-1766529900,TRADE,UP,DIR_ACCUMULATE,4,4,0.5202474412365673,2.080989764946269,12.0,0.5201125276790616,5.0,0.4900069769766676,5,1.0101195046557292,-0.05059752327864597,7.0,0,0,0,88.72372688137156,SUCCESS,BULLISH,accumulate,0,87396.16,87467.48,-0.08153887593422428,4.6550234767221355
2025-12-23T22:30:38.040792+00:00,btc-updown-15m-1766529900,TRADE,DOWN,DIR_REBALANCE,5,5,0.49010311152535974,2.4505155576267987,12.0,0.5201125276790616,10.0,0.4900550442510137,10,1.0101675719300753,-0.10167571930075336,2.0,0,0,0,86.27321132374476,SUCCESS,BULLISH,rebalance,0,87437.45,87467.48,-0.03433276001549243,1.8350308195110934
2025-12-23T22:30:43.559489+00:00,btc-updown-15m-1766529900,TRADE,UP,DIR_AVERAGE_DOWN,3,3,0.5202259363265266,1.5606778089795799,15.0,0.5201352094085546,10.0,0.4900550442510137,10,1.0101902536595684,-0.10190253659568382,5.0,0,0,0,84.71253351476518,SUCCESS,BULLISH,average_down,0,87421.53,87467.48,-0.052533810280114494,2.7748330451028713
2025-12-23T22:31:32.851141+00:00,btc-updown-15m-1766529900,TRADE,DOWN,DIR_ACCUMULATE,5,5,0.4900599128013135,2.4502995640065675,15.0,0.5201352094085546,15.0,0.4900566671011137,15,1.0101918765096682,-0.1528781476450236,0.0,0,0,0,82.26223395075861,SUCCESS,BEARISH,accumulate,1,87397.16,87467.48,-0.08039559388242629,6.082984672196051
2025-12-23T22:45:04.763696+00:00,btc-updown-15m-1766529900,RESOLUTION,UP,BINANCE_FALLBACK_SHARED,30,30,1.0000,15.1529,15,0.5201,15,0.4901,15,1.0102,-0.1529,0.00,0.0000,0.0000,-0.1529,97.26,RESOLVED
2025-12-23T22:45:14.586332+00:00,btc-updown-15m-1766530800,TRADE,DOWN,DIR_AVERAGE_DOWN,4,4,0.5000913220842297,2.0003652883369187,0.0,0.0,4.0,0.5000913220842297,0,0,0.0,4.0,0,0,0,95.26186866242169,SUCCESS,BEARISH,average_down,1,87575.62,87575.61,1.1418704357025103e-05,0.0015438730068718163
2025-12-23T22:45:20.114000+00:00,btc-updown-15m-1766530800,TRADE,DOWN,DIR_ACCUMULATE,4,4,0.5001762519304135,2.000705007721654,0.0,0.0,8.0,0.5001337870073216,0,0,0.0,8.0,0,0,0,93.26116365470004,SUCCESS,BEARISH,accumulate,1,87575.62,87575.61,1.1418704357025103e-05,0.0026949237729470515
2025-12-23T22:45:25.628619+00:00,btc-updown-15m-1766530800,TRADE,UP,DIR_REBALANCE,5,5,0.5101673411659308,2.5508367058296537,5.0,0.5101673411659308,8.0,0.5001337870073216,5,1.0103011281732523,-0.05150564086626175,3.0,0,0,0,90.71032694887039,SUCCESS,BEARISH,rebalance,1,87548.43,87575.61,-0.03103603845866168,2.238286237076602
2025-12-23T22:45:31.040198+00:00,btc-updown-15m-1766530800,TRADE,DOWN,DIR_ACCUMULATE,4,1,0.5000300795270989,0.5000300795270989,5.0,0.5101673411659308,9.0,0.5001222639539635,5,1.0102896051198944,-0.051448025599472036,4.0,0,0,0,90.2102968693433,SUCCESS,BEARISH,accumulate,1,87542.24,87575.61,-0.03810421645934906,2.714365803833332
2025-12-23T22:45:36.562536+00:00,btc-updown-15m-1766530800,TRADE,DOWN,DIR_ACCUMULATE,4,4,0.5000414577136695,2.000165830854678,5.0,0.5101673411659308,13.0,0.5000974004954115,5,1.0102647416613424,-0.05132370830671196,8.0,0,0,0,88.21013103848861,SUCCESS,BEARISH,accumulate,1,87542.23,87575.61,-0.038115635163722704,2.7151456387507857
2025-12-23T22:45:41.967139+00:00,btc-updown-15m-1766530800,TRADE,UP,DIR_REBALANCE,5,1,0.5101277427018804,0.5101277427018804,6.0,0.5101607414219224,13.0,0.5000974004954115,6,1.0102581419173338,-0.06154885150400258,7.0,0,0,0,87.70000329578673,SUCCESS,BEARISH,rebalance,1,87542.24,87575.61,-0.03810421645934906,2.7143498759302402
2025-12-23T22:45:47.489689+00:00,btc-updown-15m-1766530800,TRADE,UP,DIR_REBALANCE,5,5,0.5102408664793794,2.551204332396897,11.0,0.5101971619025846,13.0,0.5000974004954115,11,1.0102945623979962,-0.11324018637795819,2.0,0,0,0,85.14879896338984,SUCCESS,BEARISH,rebalance,1,87542.22,87575.61,-0.03812705386807973,2.8369722298031608
2025-12-23T22:45:53.129066+00:00,btc-updown-15m-1766530800,TRADE,DOWN,DIR_AVERAGE_DOWN,2,2,0.5001165174325521,1.0002330348651043,11.0,0.5101971619025846,15.0,0.5000999494203636,11,1.0102971113229482,-0.11326822455243013,4.0,0,0,0,84.14856592852473,SUCCESS,BEARISH,average_down,1,87534.03,87575.61,-0.04747897274138513,3.48319812499228
2025-12-23T22:55:04.622475+00:00,btc-updown-15m-1766530800,TRADE,UP,DIR_EMERGENCY,4,4,0.5201717753437629,2.0806871013750516,15.0,0.5128570588202321,15.0,0.5000999494203636,15,1.0129570082405959,-0.19435512360893803,0.0,0,0,0,82.06787882714968,SUCCESS,BEARISH,emergency,1,87413.39,87575.61,-0.185234222176701,57.22806270467396
2025-12-23T23:00:02.982407+00:00,btc-updown-15m-1766530800,RESOLUTION,DOWN,BINANCE_FALLBACK_SHARED,30,30,1.0000,15.1944,15,0.5129,15,0.5001,15,1.0130,-0.1944,0.00,0.0000,0.0000,-0.1944,97.07,RESOLVED
2025-12-23T23:00:11.322225+00:00,btc-updown-15m-1766531700,TRADE,DOWN,DIR_AVERAGE_DOWN,4,4,0.5001577301281428,2.000630920512571,0.0,0.0,4.0,0.5001577301281428,0,0,0.0,4.0,0,0,0,95.0672479066371,SUCCESS,BEARISH,average_down,1,87395.95,87399.45,-0.004004601859622686,0.33666367035922523
2025-12-23T23:00:16.809110+00:00,btc-updown-15m-1766531700,TRADE,DOWN,DIR_ACCUMULATE,4,4,0.5000647255845697,2.000258902338279,0.0,0.0,8.0,0.5001112278563562,0,0,0.0,8.0,0,0,0,93.06698900429883,SUCCESS,BEARISH,accumulate,1,87404.26,87399.45,0.0055034671270787995,0.4682969643592878
2025-12-23T23:00:22.239772+00:00,btc-updown-15m-1766531700,TRADE,UP,DIR_REBALANCE,5,5,0.5101761071692018,2.550880535846009,5.0,0.5101761071692018,8.0,0.5001112278563562,5,1.010287335025558,-0.05143667512778949,3.0,0,0,0,90.51610846845283,SUCCESS,BEARISH,rebalance,1,87404.26,87399.45,0.0055034671270787995,0.46829899927017465
2025-12-23T23:00:27.712057+00:00,btc-updown-15m-1766531700,TRADE,DOWN,DIR_ACCUMULATE,4,4,0.5000257319582075,2.00010292783283,5.0,0.5101761071692018,12.0,0.5000827292236399,5,1.0102588363928418,-0.05129418196420876,7.0,0,0,0,88.51600554062,SUCCESS,BEARISH,accumulate,1,87404.26,87399.45,0.0055034671270787995,0.4688056682403543
2025-12-23T23:00:38.586300+00:00,btc-updown-15m-1766531700,TRADE,UP,DIR_REBALANCE,5,5,0.5101627949273776,2.550813974636888,10.0,0.5101694510482897,12.0,0.5000827292236399,10,1.0102521802719298,-0.10252180271929756,2.0,0,0,0,85.96519156598312,SUCCESS,BEARISH,rebalance,1,87363.23,87399.45,-0.04144190838729667,3.6928211384318743
2025-12-23T23:00:44.063167+00:00,btc-updown-15m-1766531700,TRADE,DOWN,DIR_AVERAGE_DOWN,3,3,0.5001113477945508,1.5003340433836523,10.0,0.5101694510482897,15.0,0.5000884529378221,10,1.010257903986112,-0.10257903986111927,5.0,0,0,0,84.46485752259947,SUCCESS,BEARISH,average_down,1,87363.23,87399.45,-0.04144190838729667,3.6975910520826005
2025-12-23T23:10:04.779694+00:00,btc-updown-15m-1766531700,TRADE,UP,DIR_EMERGENCY,5,5,0.530001217025143,2.6500060851257152,15.0,0.5167800397072408,15.0,0.5000884529378221,15,1.016868492645063,-0.25302738967594607,0.0,0,0,0,81.81485143747376,SUCCESS,BEARISH,emergency,1,87302.74,87399.45,-0.11065287024116498,12.119384309643296
2025-12-23T23:15:00.579735+00:00,btc-updown-15m-1766531700,RESOLUTION,DOWN,BINANCE_FALLBACK_SHARED,30,30,1.0000,15.2530,15,0.5168,15,0.5001,15,1.0169,-0.2530,0.00,0.0000,0.0000,-0.2530,96.81,RESOLVED
2025-12-23T23:15:09.666273+00:00,btc-updown-15m-1766532600,TRADE,DOWN,DIR_AVERAGE_DOWN,8,8,0.4900452864523903,3.9203622916191225,0.0,0.0,8.0,0.4900452864523903,0,0,0.0,8.0,0,0,0,92.89448914585464,SUCCESS,BEARISH,average_down,1,87296.15,87324.22,-0.03214457569733458,4.08577047575013
2025-12-23T23:15:15.098591+00:00,btc-updown-15m-1766532600,TRADE,UP,DIR_REBALANCE,5,5,0.5200401924006839,2.600200962003419,5.0,0.5200401924006839,8.0,0.4900452864523903,5,1.0100854788530742,-0.05042739426537102,3.0,0,0,0,90.29428818385122,SUCCESS,BEARISH,rebalance,1,87292.0,87324.22,-0.03689698001310652,4.602626634054082
2025-12-23T23:15:26.241855+00:00,btc-updown-15m-1766532600,TRADE,DOWN,DIR_ACCUMULATE,7,7,0.4901623035172946,3.4311361246210623,5.0,0.5200401924006839,15.0,0.4900998944160123,5,1.0101400868166963,-0.05070043408348157,10.0,0,0,0,86.86315205923016,SUCCESS,BEARISH,accumulate,1,87284.22,87324.22,-0.045806306658107,5.841284331698675
2025-12-23T23:15:31.872541+00:00,btc-updown-15m-1766532600,TRADE,UP,DIR_REBALANCE,5,5,0.5201064544004612,2.6005322720023063,10.0,0.5200733234005726,15.0,0.4900998944160123,10,1.0101732178165848,-0.10173217816584756,5.0,0,0,0,84.26261978722785,SUCCESS,BEARISH,rebalance,1,87278.13,87324.22,-0.05278031684679979,6.641982051153828
2025-12-23T23:25:11.631571+00:00,btc-updown-15m-1766532600,TRADE,UP,DIR_EMERGENCY,5,5,0.5401397093222565,2.7006985466112825,15.0,0.5267621187078005,15.0,0.4900998944160123,15,1.0168620131238129,-0.25293019685719287,0.0,0,0,0,81.56192124061657,SUCCESS,BEARISH,emergency,1,87223.87,87324.22,-0.1149165718285326,24.742990051428375
2025-12-23T23:30:04.687348+00:00,btc-updown-15m-1766532600,RESOLUTION,UP,BINANCE_FALLBACK_SHARED,30,30,1.0000,15.2529,15,0.5268,15,0.4901,15,1.0169,-0.2529,0.00,0.0000,0.0000,-0.2529,96.56,RESOLVED
2025-12-23T23:30:13.307619+00:00,btc-updown-15m-1766533500,TRADE,DOWN,DIR_AVERAGE_DOWN,4,4,0.5100216215714449,2.0400864862857797,0.0,0.0,4.0,0.5100216215714449,0,0,0.0,4.0,0,0,0,94.5218347543308,SUCCESS,BEARISH,average_down,1,87386.87,87411.39,-0.028051264257442966,2.2848338495451044
2025-12-23T23:30:18.709315+00:00,btc-updown-15m-1766533500,TRADE,DOWN,DIR_ACCUMULATE,4,4,0.5101418907340295,2.040567562936118,0.0,0.0,8.0,0.5100817561527372,0,0,0.0,8.0,0,0,0,92.48126719139468,SUCCESS,BEARISH,accumulate,1,87449.99,87411.39,0.04415900490771949,1.9367880708458292
2025-12-23T23:30:24.317917+00:00,btc-updown-15m-1766533500,TRADE,UP,DIR_REBALANCE,5,5,0.5000290320466644,2.500145160233322,5.0,0.5000290320466644,8.0,0.5100817561527372,5,1.0101107881994016,-0.05055394099700794,3.0,0,0,0,89.98112203116136,SUCCESS,BEARISH,rebalance,1,87471.06,87411.39,0.06826341509956341,3.0631053293773958
2025-12-23T23:30:29.747537+00:00,btc-updown-15m-1766533500,TRADE,DOWN,DIR_ACCUMULATE,4,4,0.5100602205657507,2.040240882263003,5.0,0.5000290320466644,12.0,0.5100745776237418,5,1.0101036096704061,-0.050518048352030664,7.0,0,0,0,87.94088114889836,SUCCESS,BEARISH,accumulate,1,87476.94,87411.39,0.07499022724613223,3.202509824095737
2025-12-23T23:30:35.371893+00:00,btc-updown-15m-1766533500,TRADE,UP,DIR_REBALANCE,5,5,0.5000887263968525,2.500443631984263,10.0,0.5000588792217584,12.0,0.5100745776237418,10,1.0101334568455003,-0.10133456845500266,2.0,0,0,0,85.44043751691409,SUCCESS,BEARISH,rebalance,1,87476.95,87411.39,0.07500166740283809,3.203272606621807
2025-12-23T23:30:40.884508+00:00,btc-updown-15m-1766533500,TRADE,DOWN,DIR_AVERAGE_DOWN,3,3,0.5202050161883516,1.5606150485650547,10.0,0.5000588792217584,15.0,0.5121006653366637,10,1.012159544558422,-0.12159544558421942,5.0,0,0,0,83.87982246834903,SUCCESS,BEARISH,average_down,1,87476.94,87411.39,0.07499022724613223,3.233382259284009
2025-12-23T23:31:13.860728+00:00,btc-updown-15m-1766533500,TRADE,UP,DIR_ACCUMULATE,4,2,0.4997947494838968,0.9995894989677936,12.0,0.5000148575987815,15.0,0.5121006653366637,12,1.0121155229354453,-0.1453862752253432,3.0,0,0,0,82.88023296938124,SUCCESS,BULLISH,accumulate,2,87494.31,87411.39,0.09486177945459769,4.059835806706896
2025-12-23T23:31:19.483192+00:00,btc-updown-15m-1766533500,TRADE,UP,DIR_ACCUMULATE,3,1,0.499918323184344,0.499918323184344,13.0,0.5000074318745941,15.0,0.5121006653366637,13,1.0121080972112577,-0.15740526374635033,2.0,0,0,0,82.3803146461969,SUCCESS,BULLISH,accumulate,2,87494.32,87411.39,0.09487321961132018,7.12014936027688
2025-12-23T23:40:02.727894+00:00,btc-updown-15m-1766533500,TRADE,UP,DIR_EMERGENCY,3,3,0.49018151165619106,1.4705445349685733,16.0,0.49816507183364345,15.0,0.5121006653366637,15,1.010265737170307,-0.15398605755460482,1.0,0,0,0,80.90977011122833,SUCCESS,BULLISH,emergency,2,87413.03,87411.39,0.0018761857007415371,0.18588254854940067
2025-12-23T23:40:08.304555+00:00,btc-updown-15m-1766533500,TRADE,DOWN,DIR_EMERGENCY,2,2,0.5200731089896405,1.040146217979281,16.0,0.49816507183364345,17.0,0.5130385998840727,16,1.0112036717177162,-0.17925874748345905,1.0,0,0,0,79.86962389324904,SUCCESS,BULLISH,emergency,2,87413.02,87411.39,0.0018647455440356875,0.18475935417562978
2025-12-23T23:40:13.731911+00:00,btc-updown-15m-1766533500,TRADE,UP,DIR_EMERGENCY,3,3,0.49004165815240414,1.4701249744572125,19.0,0.49688242756818457,17.0,0.5130385998840727,17,1.0099210274522572,-0.16865746668837245,2.0,0,0,0,78.39949891879183,SUCCESS,BULLISH,emergency,2,87454.15,87411.39,0.048918110099833406,4.0369622915521335
2025-12-23T23:40:19.192956+00:00,btc-updown-15m-1766533500,TRADE,DOWN,DIR_EMERGENCY,2,2,0.5201748537840947,1.0403497075681893,19.0,0.49688242756818457,19.0,0.5137897845051277,19,1.0106722120733123,-0.20277202939293293,0.0,0,0,0,77.35914921122365,SUCCESS,BULLISH,emergency,2,87454.14,87411.39,0.04890666994312755,4.074225596819267
2025-12-23T23:45:04.587245+00:00,btc-updown-15m-1766533500,RESOLUTION,UP,BINANCE_FALLBACK_SHARED,38,38,1.0000,19.2028,19,0.4969,19,0.5138,19,1.0107,-0.2028,0.00,0.0000,0.0000,-0.2028,96.36,RESOLVED
2025-12-23T23:45:12.953926+00:00,btc-updown-15m-1766534400,TRADE,UP,DIR_AVERAGE_DOWN,4,4,0.5002473335271526,2.0009893341086102,4.0,0.5002473335271526,0.0,0.0,0,0,0.0,4.0,0,0,0,94.35815987711504,SUCCESS,BULLISH,average_down,2,87484.17,87488.86,-0.005360682491465003,1.5401956284520995
2025-12-23T23:45:18.385038+00:00,btc-updown-15m-1766534400,TRADE,UP,DIR_ACCUMULATE,4,4,0.5000293716007596,2.000117486403038,8.0,0.500138352563956,0.0,0.0,0,0,0.0,8.0,0,0,0,92.358042390712,SUCCESS,BULLISH,accumulate,2,87488.87,87488.86,1.1430026628260227e-05,0.0026314238692951913
2025-12-23T23:45:29.489295+00:00,btc-updown-15m-1766534400,TRADE,DOWN,DIR_REBALANCE,5,5,0.5100403468455744,2.550201734227872,8.0,0.500138352563956,5.0,0.5100403468455744,5,1.0101786994095305,-0.05089349704765267,3.0,0,0,0,89.80784065648413,SUCCESS,BULLISH,rebalance,2,87488.87,87488.86,1.1430026628260227e-05,0.0035702034734855673
2025-12-23T23:45:34.896677+00:00,btc-updown-15m-1766534400,TRADE,UP,DIR_ACCUMULATE,4,4,0.5001183710640529,2.0004734842562115,12.0,0.5001316920639883,5.0,0.5100403468455744,5,1.0101720389095628,-0.050860194547813764,7.0,0,0,0,87.80736717222791,SUCCESS,BULLISH,accumulate,2,87488.87,87488.86,1.1430026628260227e-05,0.003570197920946702
2025-12-23T23:45:40.414331+00:00,btc-updown-15m-1766534400,TRADE,DOWN,DIR_REBALANCE,5,5,0.5100137150046888,2.5500685750234444,12.0,0.5001316920639883,10.0,0.5100270309251316,10,1.0101587229891198,-0.10158722989119795,2.0,0,0,0,85.25729859720447,SUCCESS,BULLISH,rebalance,2,87488.86,87488.86,0.0,0.0
2025-12-23T23:45:51.730633+00:00,btc-updown-15m-1766534400,TRADE,UP,DIR_AVERAGE_DOWN,3,3,0.5001221938625964,1.5003665815877891,15.0,0.5001297924237099,10.0,0.5100270309251316,10,1.0101568233488414,-0.10156823348841382,5.0,0,0,0,83.75693201561668,SUCCESS,BULLISH,average_down,2,87484.16,87488.86,-0.005372112518093263,1.2965904754362854
2025-12-23T23:55:02.710637+00:00,btc-updown-15m-1766534400,TRADE,DOWN,DIR_EMERGENCY,5,2,0.5202392813941518,1.0404785627883035,15.0,0.5001297924237099,12.0,0.5117290726699683,12,1.0118588650936782,-0.14230638112413807,3.0,0,0,0,82.71645345282838,SUCCESS,BULLISH,emergency,2,87450.98,87488.86,-0.043296940890536983,8.56650624994293
2025-12-23T23:55:08.397473+00:00,btc-updown-15m-1766534400,TRADE,DOWN,DIR_EMERGENCY,3,3,0.5201239768292112,1.5603719304876336,15.0,0.5001297924237099,15.0,0.5134080535018168,15,1.0135378459255269,-0.20306768888290305,0.0,0,0,0,81.15608152234074,SUCCESS,BULLISH,emergency,2,87459.99,87488.86,-0.032998486893068835,5.875007699594374
2025-12-24T00:00:04.315629+00:00,btc-updown-15m-1766534400,RESOLUTION,UP,BINANCE_FALLBACK_SHARED,30,30,1.0000,15.2031,15,0.5001,15,0.5134,15,1.0135,-0.2031,0.00,0.0000,0.0000,-0.2031,96.16,RESOLVED
2025-12-24T00:00:13.324491+00:00,btc-updown-15m-1766535300,TRADE,UP,DIR_AVERAGE_DOWN,4,4,0.5001676777606449,2.0006707110425794,4.0,0.5001676777606449,0.0,0.0,0,0,0.0,4.0,0,0,0,94.15541081129817,SUCCESS,BULLISH,average_down,2,87491.3,87486.0,0.006058112155090997,0.21554047679355495
2025-12-24T00:00:18.770434+00:00,btc-updown-15m-1766535300,TRADE,UP,DIR_ACCUMULATE,4,1,0.5001332430834509,0.5001332430834509,5.0,0.500160790825206,0.0,0.0,0,0,0.0,5.0,0,0,0,93.65527756821471,SUCCESS,BULLISH,accumulate,2,87482.56,87486.0,-0.003932057700663339,0.5097778195243198
2025-12-24T00:00:24.271414+00:00,btc-updown-15m-1766535300,TRADE,UP,DIR_ACCUMULATE,4,4,0.5000009760333238,2.0000039041332953,9.0,0.5000897620288138,0.0,0.0,0,0,0.0,9.0,0,0,0,91.65527366408142,SUCCESS,BULLISH,accumulate,2,87482.56,87486.0,-0.003932057700663339,0.5258812391832839
2025-12-24T00:00:29.717637+00:00,btc-updown-15m-1766535300,TRADE,DOWN,DIR_REBALANCE,5,5,0.5099769235133648,2.549884617566824,9.0,0.5000897620288138,5.0,0.5099769235133648,5,1.0100666855421787,-0.05033342771089355,4.0,0,0,0,89.1053890465146,SUCCESS,BULLISH,rebalance,2,87482.56,87486.0,-0.003932057700663339,0.6073593883588451
2025-12-24T00:00:35.193485+00:00,btc-updown-15m-1766535300,TRADE,UP,DIR_ACCUMULATE,4,4,0.5000070183934805,2.000028073573922,13.0,0.5000643024487114,5.0,0.5099769235133648,5,1.0100412259620761,-0.05020612981038064,8.0,0,0,0,87.10536097294069,SUCCESS,BULLISH,accumulate,2,87482.56,87486.0,-0.003932057700663339,0.6073523510473301
2025-12-24T00:00:40.692192+00:00,btc-updown-15m-1766535300,TRADE,DOWN,DIR_REBALANCE,5,5,0.5100476079506184,2.550238039753092,13.0,0.5000643024487114,10.0,0.5100122657319917,10,1.0100765681807031,-0.10076568180703127,3.0,0,0,0,84.55512293318759,SUCCESS,BULLISH,rebalance,2,87482.55,87486.0,-0.003943488100949969,0.695424297304414
2025-12-24T00:00:46.152064+00:00,btc-updown-15m-1766535300,TRADE,UP,DIR_ACCUMULATE,2,2,0.5001422001352197,1.0002844002704394,15.0,0.5000746888069124,10.0,0.5100122657319917,10,1.0100869545389042,-0.1008695453890418,5.0,0,0,0,83.55483853291715,SUCCESS,BULLISH,accumulate,2,87482.55,87486.0,-0.003943488100949969,0.6954214169202388
2025-12-24T00:10:03.692833+00:00,btc-updown-15m-1766535300,TRADE,DOWN,DIR_EMERGENCY,5,5,0.5201514477210711,2.6007572386053557,15.0,0.5000746888069124,15.0,0.5133919930616848,15,1.0134666818685973,-0.20200022802896012,0.0,0,0,0,80.95408129431179,SUCCESS,BULLISH,emergency,2,87498.0,87486.0,0.013716480351141896,1.6961216579992635
2025-12-24T00:15:00.535551+00:00,btc-updown-15m-1766535300,RESOLUTION,DOWN,BINANCE_FALLBACK_SHARED,30,30,1.0000,15.2020,15,0.5001,15,0.5134,15,1.0135,-0.2020,0.00,0.0000,0.0000,-0.2020,95.95,RESOLVED
2025-12-24T00:15:10.285166+00:00,btc-updown-15m-1766536200,TRADE,UP,DIR_AVERAGE_DOWN,4,4,0.5100149615172505,2.040059846069002,4.0,0.5100149615172505,0.0,0.0,0,0,0.0,4.0,0,0,0,93.91402144824279,SUCCESS,BULLISH,average_down,2,87409.27,87409.27,0.0,0.0
2025-12-24T00:15:15.936366+00:00,btc-updown-15m-1766536200,TRADE,UP,DIR_ACCUMULATE,4,4,0.5100663564170946,2.0402654256683785,8.0,0.5100406589671725,0.0,0.0,0,0,0.0,8.0,0,0,0,91.87375602257441,SUCCESS,BULLISH,accumulate,2,87402.84,87409.27,-0.007356199176594847,2.581695761693804
2025-12-24T00:15:21.449221+00:00,btc-updown-15m-1766536200,TRADE,DOWN,DIR_REBALANCE,5,5,0.5002292216452113,2.501146108226057,8.0,0.5100406589671725,5.0,0.5002292216452113,5,1.010269880612384,-0.05134940306191993,3.0,0,0,0,89.37260991434836,SUCCESS,BULLISH,rebalance,2,87402.84,87409.27,-0.007356199176594847,2.581538066261418
2025-12-24T00:15:27.111775+00:00,btc-updown-15m-1766536200,TRADE,UP,DIR_ACCUMULATE,4,4,0.5101641019096836,2.0406564076387346,12.0,0.5100818066146763,5.0,0.5002292216452113,5,1.0103110282598875,-0.0515551412994375,7.0,0,0,0,87.33195350670962,SUCCESS,BULLISH,accumulate,2,87402.83,87409.27,-0.007367639610767059,2.585501264637064
2025-12-24T00:15:32.524954+00:00,btc-updown-15m-1766536200,TRADE,DOWN,DIR_REBALANCE,5,5,0.5000784378751134,2.500392189375567,12.0,0.5100818066146763,10.0,0.5001538297601623,10,1.0102356363748386,-0.10235636374838597,2.0,0,0,0,84.83156131733406,SUCCESS,BULLISH,rebalance,2,87402.83,87409.27,-0.007367639610767059,2.5847005167666777
2025-12-24T00:15:38.148852+00:00,btc-updown-15m-1766536200,TRADE,UP,DIR_AVERAGE_DOWN,3,3,0.5101474609593528,1.5304423828780584,15.0,0.5100949374836116,10.0,0.5001538297601623,10,1.0102487672437739,-0.10248767243773882,5.0,0,0,0,83.301118934456,SUCCESS,BULLISH,average_down,2,87409.25,87409.27,-2.2880868361072614e-05,0.005762940353052463
2025-12-24T00:25:01.955054+00:00,btc-updown-15m-1766536200,TRADE,DOWN,DIR_EMERGENCY,5,5,0.46010054492354624,2.300502724617731,15.0,0.5100949374836116,15.0,0.4868027348146236,15,0.9968976722982352,0.0465349155264716,0.0,0,0,0,81.00061620983827,SUCCESS,BULLISH,emergency,2,87377.46,87409.27,-0.0363920211208693,5.110271212628738
2025-12-24T00:30:05.691905+00:00,btc-updown-15m-1766536200,RESOLUTION,DOWN,BINANCE_FALLBACK_SHARED,30,30,1.0000,14.9535,15,0.5101,15,0.4868,15,0.9969,0.0465,0.00,0.0000,0.0000,0.0465,96.00,RESOLVED
2025-12-24T00:30:19.919697+00:00,btc-updown-15m-1766537100,TRADE,UP,DIR_AVERAGE_DOWN,4,4,0.510111109327753,2.040444437311012,4.0,0.510111109327753,0.0,0.0,0,0,0.0,4.0,0,0,0,93.96017177252726,SUCCESS,BULLISH,average_down,2,87323.24,87352.89,-0.033942780828423856,4.729202511075789
2025-12-24T00:30:25.451465+00:00,btc-updown-15m-1766537100,TRADE,UP,DIR_ACCUMULATE,4,4,0.5101055059157409,2.0404220236629635,8.0,0.510108307621747,0.0,0.0,0,0,0.0,8.0,0,0,0,91.91974974886429,SUCCESS,BULLISH,accumulate,2,87323.25,87352.89,-0.03393133301027523,4.7394842843550915
2025-12-24T00:30:36.396622+00:00,btc-updown-15m-1766537100,TRADE,DOWN,DIR_REBALANCE,5,5,0.5000911890047665,2.500455945023832,8.0,0.510108307621747,5.0,0.5000911890047665,5,1.0101994966265133,-0.05099748313256658,3.0,0,0,0,89.41929380384046,SUCCESS,BULLISH,rebalance,2,87323.25,87352.89,-0.03393133301027523,6.087502467180575
2025-12-24T00:30:41.811706+00:00,btc-updown-15m-1766537100,TRADE,UP,DIR_ACCUMULATE,4,4,0.5100201426023124,2.0400805704092497,12.0,0.5100789192819355,5.0,0.5000911890047665,5,1.0101701082867018,-0.0508505414335092,7.0,0,0,0,87.37921323343122,SUCCESS,BULLISH,accumulate,2,87323.24,87352.89,-0.033942780828423856,6.088342596505366
2025-12-24T00:30:47.442649+00:00,btc-updown-15m-1766537100,TRADE,DOWN,DIR_REBALANCE,5,5,0.5001746447462884,2.5008732237314417,12.0,0.5100789192819355,10.0,0.5001329168755274,10,1.0102118361574628,-0.10211836157462795,2.0,0,0,0,84.87834000969977,SUCCESS,BULLISH,rebalance,2,87278.13,87352.89,-0.08558388852388829,10.958965661282072
2025-12-24T00:30:53.093214+00:00,btc-updown-15m-1766537100,TRADE,UP,DIR_AVERAGE_DOWN,3,3,0.5102334337806378,1.5307003013419134,15.0,0.510109822181676,10.0,0.5001329168755274,10,1.0102427390572033,-0.10242739057203298,5.0,0,0,0,83.34763970835786,SUCCESS,BULLISH,average_down,2,87278.12,87352.89,-0.08559533634205356,10.960172959297159
2025-12-24T00:40:04.597100+00:00,btc-updown-15m-1766537100,TRADE,DOWN,DIR_EMERGENCY,5,5,0.500146035828881,2.500730179144405,15.0,0.510109822181676,15.0,0.5001372898599786,15,1.0102471120416547,-0.15370668062482107,0.0,0,0,0,80.84690952921346,SUCCESS,BULLISH,emergency,2,87462.05,87352.89,0.12496438297577045,30.617552735286992
2025-12-24T00:45:02.076612+00:00,btc-updown-15m-1766537100,RESOLUTION,UP,BINANCE_FALLBACK_SHARED,30,30,1.0000,15.1537,15,0.5101,15,0.5001,15,1.0102,-0.1537,0.00,0.0000,0.0000,-0.1537,95.85,RESOLVED
2025-12-24T00:45:11.181311+00:00,btc-updown-15m-1766538000,TRADE,UP,DIR_AVERAGE_DOWN,4,4,0.5000802684322353,2.000321073728941,4.0,0.5000802684322353,0.0,0.0,0,0,0.0,4.0,0,0,0,93.84658845548452,SUCCESS,BULLISH,average_down,2,87519.99,87503.52,0.01882209995666593,2.9379709129235403
2025-12-24T00:45:16.607413+00:00,btc-updown-15m-1766538000,TRADE,UP,DIR_ACCUMULATE,4,4,0.5001642568840171,2.0006570275360684,8.0,0.5001222626581262,0.0,0.0,0,0,0.0,8.0,0,0,0,91.84593142794846,SUCCESS,BULLISH,accumulate,2,87525.39,87503.52,0.024993280270319804,3.7124046006574165
2025-12-24T00:45:22.033634+00:00,btc-updown-15m-1766538000,TRADE,DOWN,DIR_REBALANCE,5,5,0.5102337163598485,2.551168581799242,8.0,0.5001222626581262,5.0,0.5102337163598485,5,1.0103559790179748,-0.05177989508987402,3.0,0,0,0,89.29476284614921,SUCCESS,BULLISH,rebalance,2,87525.39,87503.52,0.024993280270319804,4.224100507866141
2025-12-24T00:45:27.442863+00:00,btc-updown-15m-1766538000,TRADE,UP,DIR_ACCUMULATE,4,4,0.5000709444281035,2.000283777712414,12.0,0.5001051565814519,5.0,0.5102337163598485,5,1.0103388729413005,-0.05169436470650268,7.0,0,0,0,87.2944790684368,SUCCESS,BULLISH,accumulate,2,87531.12,87503.52,0.03154158826981048,5.0047533814073795
2025-12-24T00:45:32.978037+00:00,btc-updown-15m-1766538000,TRADE,DOWN,DIR_REBALANCE,5,5,0.5102103499560245,2.5510517497801226,12.0,0.5001051565814519,10.0,0.5102220331579365,10,1.0103271897393884,-0.10327189739388398,2.0,0,0,0,84.74342731865667,SUCCESS,BULLISH,rebalance,2,87556.81,87503.52,0.060900407206468485,8.209652224062125
2025-12-24T00:45:38.533192+00:00,btc-updown-15m-1766538000,TRADE,UP,DIR_AVERAGE_DOWN,3,3,0.5001601156862481,1.5004803470587442,15.0,0.5001161484024111,10.0,0.5102220331579365,10,1.0103381815603476,-0.10338181560347603,5.0,0,0,0,83.24294697159793,SUCCESS,BULLISH,average_down,2,87566.07,87503.52,0.07148283863323773,9.251287325585837
2025-12-24T00:55:05.360365+00:00,btc-updown-15m-1766538000,TRADE,DOWN,DIR_EMERGENCY,5,5,0.5201642532981556,2.600821266490778,15.0,0.5001161484024111,15.0,0.5135361065380095,15,1.0136522549404208,-0.20478382410631157,0.0,0,0,0,80.64212570510715,SUCCESS,BULLISH,emergency,2,87606.18,87503.52,0.1173209946296891,6.829472428480984
2025-12-24T01:00:03.140084+00:00,btc-updown-15m-1766538000,RESOLUTION,UP,BINANCE_FALLBACK_SHARED,30,30,1.0000,15.2048,15,0.5001,15,0.5135,15,1.0137,-0.2048,0.00,0.0000,0.0000,-0.2048,95.64,RESOLVED
2025-12-24T01:00:12.554766+00:00,btc-updown-15m-1766538900,TRADE,UP,DIR_AVERAGE_DOWN,4,4,0.5001180341261403,2.0004721365045612,4.0,0.5001180341261403,0.0,0.0,0,0,0.0,4.0,0,0,0,93.64165356860259,SUCCESS,BULLISH,average_down,2,87681.28,87660.47,0.0237393205854334,3.3096789271404377
2025-12-24T01:00:18.129461+00:00,btc-updown-15m-1766538900,TRADE,UP,DIR_ACCUMULATE,4,4,0.5001183200349357,2.000473280139743,8.0,0.5001181770805381,0.0,0.0,0,0,0.0,8.0,0,0,0,91.64118028846285,SUCCESS,BULLISH,accumulate,2,87681.28,87660.47,0.0237393205854334,3.591260323344707
2025-12-24T01:00:23.767407+00:00,btc-updown-15m-1766538900,TRADE,DOWN,DIR_REBALANCE,5,5,0.5102225040692298,2.5511125203461487,8.0,0.5001181770805381,5.0,0.5102225040692298,5,1.010340681149768,-0.05170340574883969,3.0,0,0,0,89.0900677681167,SUCCESS,BULLISH,rebalance,2,87681.28,87660.47,0.0237393205854334,3.592836873669349
2025-12-24T01:00:29.160678+00:00,btc-updown-15m-1766538900,TRADE,UP,DIR_ACCUMULATE,4,4,0.4998976735676978,1.9995906942707913,12.0,0.5000446759095913,5.0,0.5102225040692298,5,1.010267179978821,-0.05133589989410492,7.0,0,0,0,87.0904770738459,SUCCESS,BULLISH,accumulate,2,87696.93,87660.47,0.041592293538914235,5.74070567966777
2025-12-24T01:00:34.692673+00:00,btc-updown-15m-1766538900,TRADE,DOWN,DIR_REBALANCE,5,3,0.510087108601278,1.530261325803834,12.0,0.5000446759095913,8.0,0.5101717307687479,8,1.0102164066783392,-0.08173125342671383,4.0,0,0,0,85.56021574804207,SUCCESS,BULLISH,rebalance,2,87697.16,87660.47,0.04185466949926498,5.77482902215239
2025-12-24T01:00:40.429130+00:00,btc-updown-15m-1766538900,TRADE,UP,DIR_ACCUMULATE,3,3,0.5000456095934445,1.5001368287803334,15.0,0.5000448626463619,8.0,0.5101717307687479,8,1.0102165934151097,-0.08173274732087776,7.0,0,0,0,84.06007891926174,SUCCESS,BULLISH,accumulate,2,87697.16,87660.47,0.04185466949926498,5.774957716309365
2025-12-24T01:00:46.093631+00:00,btc-updown-15m-1766538900,TRADE,DOWN,DIR_REBALANCE,5,5,0.5100926613707225,2.5504633068536124,15.0,0.5000448626463619,13.0,0.5101413194618151,13,1.010186182108177,-0.13242036740630114,2.0,0,0,0,81.50961561240813,SUCCESS,BULLISH,rebalance,2,87696.81,87660.47,0.04145540173352539,4.807225532904089
2025-12-24T01:10:03.620158+00:00,btc-updown-15m-1766538900,TRADE,DOWN,DIR_EMERGENCY,2,2,0.5602662651518836,1.1205325303037672,15.0,0.5000448626463619,15.0,0.5168246455538241,15,1.0168695082001862,-0.2530426230027927,0.0,0,0,0,80.38908308210436,SUCCESS,BULLISH,emergency,2,87757.23,87660.47,0.11038042574947951,13.117924971786369
2025-12-24T01:15:01.628190+00:00,btc-updown-15m-1766538900,RESOLUTION,UP,BINANCE_FALLBACK_SHARED,30,30,1.0000,15.2530,15,0.5000,15,0.5168,15,1.0169,-0.2530,0.00,0.0000,0.0000,-0.2530,95.39,RESOLVED
2025-12-24T01:15:10.493176+00:00,btc-updown-15m-1766539800,TRADE,UP,DIR_AVERAGE_DOWN,8,8,0.4901287769786713,3.9210302158293704,8.0,0.4901287769786713,0.0,0.0,0,0,0.0,8.0,0,0,0,91.46805286627499,SUCCESS,BULLISH,average_down,2,87722.28,87746.72,-0.027852892962839326,4.377111877553692
2025-12-24T01:15:16.026339+00:00,btc-updown-15m-1766539800,TRADE,DOWN,DIR_REBALANCE,5,5,0.5200196679817788,2.600098339908894,8.0,0.4901287769786713,5.0,0.5200196679817788,5,1.01014844496045,-0.050742224802250435,3.0,0,0,0,88.86795452636609,SUCCESS,BULLISH,rebalance,2,87721.32,87746.72,-0.028946950951550303,4.502732060574977
2025-12-24T01:15:21.427107+00:00,btc-updown-15m-1766539800,TRADE,UP,DIR_ACCUMULATE,7,4,0.49018179968866576,1.960727198754663,12.0,0.4901464512153361,5.0,0.5200196679817788,5,1.010166119197115,-0.05083059598557482,7.0,0,0,0,86.90722732761142,SUCCESS,BULLISH,accumulate,2,87713.5,87746.72,-0.0378589649846754,5.6071313368155
2025-12-24T01:15:32.444745+00:00,btc-updown-15m-1766539800,TRADE,DOWN,DIR_REBALANCE,5,5,0.5202142839685826,2.601071419842913,12.0,0.4901464512153361,10.0,0.5201169759751807,10,1.0102634271905169,-0.10263427190516872,2.0,0,0,0,84.30615590776851,SUCCESS,BULLISH,rebalance,2,87685.44,87746.72,-0.06983736827997541,8.686800189078339
2025-12-24T01:15:37.837965+00:00,btc-updown-15m-1766539800,TRADE,UP,DIR_AVERAGE_DOWN,3,3,0.4901212202369112,1.4703636607107335,15.0,0.4901414050196511,10.0,0.5201169759751807,10,1.0102583809948318,-0.10258380994831784,5.0,0,0,0,82.83579224705778,SUCCESS,BULLISH,average_down,2,87674.91,87746.72,-0.08183781684374945,10.966185472883375
2025-12-24T01:25:03.468489+00:00,btc-updown-15m-1766539800,TRADE,DOWN,DIR_EMERGENCY,5,5,0.5200537668058249,2.6002688340291247,15.0,0.4901414050196511,15.0,0.520095906252062,15,1.0102373112717131,-0.15355966907569685,0.0,0,0,0,80.23552341302866,SUCCESS,BULLISH,emergency,2,87711.22,87746.72,-0.04045735270788469,500.9899704877549
2025-12-24T01:30:01.846356+00:00,btc-updown-15m-1766539800,RESOLUTION,DOWN,BINANCE_FALLBACK_SHARED,30,30,1.0000,15.1536,15,0.4901,15,0.5201,15,1.0102,-0.1536,0.00,0.0000,0.0000,-0.1536,95.24,RESOLVED
2025-12-24T01:30:10.840016+00:00,btc-updown-15m-1766540700,TRADE,UP,DIR_AVERAGE_DOWN,4,4,0.5000886267134168,2.0003545068536672,4.0,0.5000886267134168,0.0,0.0,0,0,0.0,4.0,0,0,0,93.23516890617499,SUCCESS,BULLISH,average_down,2,87665.86,87665.86,0.0,0.0
2025-12-24T01:30:16.482611+00:00,btc-updown-15m-1766540700,TRADE,UP,DIR_ACCUMULATE,4,4,0.5000866820137595,2.000346728055038,8.0,0.5000876543635882,0.0,0.0,0,0,0.0,8.0,0,0,0,91.23482217811996,SUCCESS,BULLISH,accumulate,2,87665.87,87665.86,1.1406949061768527e-05,0.13839631285066992
2025-12-24T01:30:22.010298+00:00,btc-updown-15m-1766540700,TRADE,DOWN,DIR_REBALANCE,5,5,0.5101278391994922,2.5506391959974613,8.0,0.5000876543635882,5.0,0.5101278391994922,5,1.0102154935630803,-0.051077467815401345,3.0,0,0,0,88.6841829821225,SUCCESS,BULLISH,rebalance,2,87660.99,87665.86,-0.0055551841959861495,2.961905347538223
2025-12-24T01:30:27.517432+00:00,btc-updown-15m-1766540700,TRADE,UP,DIR_ACCUMULATE,4,4,0.5001719413369967,2.000687765347987,12.0,0.500115750021391,5.0,0.5101278391994922,5,1.0102435892208832,-0.05121794610441599,7.0,0,0,0,86.6834952167745,SUCCESS,BULLISH,accumulate,2,87646.0,87665.86,-0.022654200848540793,6.049513997965863
2025-12-24T01:30:33.097254+00:00,btc-updown-15m-1766540700,TRADE,DOWN,DIR_REBALANCE,5,5,0.5102110598821087,2.5510552994105433,12.0,0.500115750021391,10.0,0.5101694495408005,10,1.0102851995621913,-0.10285199562191316,2.0,0,0,0,84.13243991736395,SUCCESS,BULLISH,rebalance,2,87632.93,87665.86,-0.037563083280090524,8.027739011937886
2025-12-24T01:30:38.508724+00:00,btc-updown-15m-1766540700,TRADE,UP,DIR_AVERAGE_DOWN,3,3,0.5002194936861248,1.5006584810583745,15.0,0.5001364987543379,10.0,0.5101694495408005,10,1.0103059482951382,-0.10305948295138201,5.0,0,0,0,82.63178143630557,SUCCESS,BULLISH,average_down,2,87614.41,87665.86,-0.058688752953540965,10.565531836327853
2025-12-24T01:40:01.169273+00:00,btc-updown-15m-1766540700,TRADE,DOWN,DIR_EMERGENCY,5,5,0.5100032356120572,2.550016178060286,15.0,0.5001364987543379,15.0,0.510114044897886,15,1.0102505436522238,-0.15375815478335664,0.0,0,0,0,80.08176525824528,SUCCESS,BULLISH,emergency,2,87627.81,87665.86,-0.04340344120277028,3.5977806615807735
2025-12-24T01:45:05.218893+00:00,btc-updown-15m-1766540700,RESOLUTION,DOWN,BINANCE_FALLBACK_SHARED,30,30,1.0000,15.1538,15,0.5001,15,0.5101,15,1.0103,-0.1538,0.00,0.0000,0.0000,-0.1538,95.08,RESOLVED
2025-12-24T01:45:14.515912+00:00,btc-updown-15m-1766541600,TRADE,UP,DIR_AVERAGE_DOWN,4,4,0.5098451318904386,2.0393805275617543,4.0,0.5098451318904386,0.0,0.0,0,0,0.0,4.0,0,0,0,93.04238473068352,SUCCESS,BULLISH,average_down,2,87536.49,87536.5,-1.1423806063483588e-05,0.0003384668768282398
2025-12-24T01:45:20.012614+00:00,btc-updown-15m-1766541600,TRADE,UP,DIR_ACCUMULATE,4,4,0.5101297768031666,2.0405191072126665,8.0,0.5099874543468026,0.0,0.0,0,0,0.0,8.0,0,0,0,91.00186562347086,SUCCESS,BULLISH,accumulate,2,87536.49,87536.5,-1.1423806063483588e-05,0.00034141185705662404
2025-12-24T01:45:25.439839+00:00,btc-updown-15m-1766541600,TRADE,DOWN,DIR_REBALANCE,5,5,0.5001747656049063,2.500873828024531,8.0,0.5099874543468026,5.0,0.5001747656049063,5,1.0101622199517089,-0.050811099758544254,3.0,0,0,0,88.50099179544634,SUCCESS,BULLISH,rebalance,2,87545.9,87536.5,0.010738377705293426,0.3192932056689634
2025-12-24T01:45:30.966872+00:00,btc-updown-15m-1766541600,TRADE,UP,DIR_ACCUMULATE,4,4,0.5101999700302647,2.040799880121059,12.0,0.5100582929079566,5.0,0.5001747656049063,5,1.010233058512863,-0.05116529256431468,7.0,0,0,0,86.46019191532528,SUCCESS,BULLISH,accumulate,2,87545.9,87536.5,0.010738377705293426,2.0497239044411897
2025-12-24T01:45:36.732023+00:00,btc-updown-15m-1766541600,TRADE,DOWN,DIR_REBALANCE,5,5,0.49979063488497144,2.498953174424857,12.0,0.5100582929079566,10.0,0.4999827002449388,10,1.0100409931528953,-0.10040993152895306,2.0,0,0,0,83.96123874090043,SUCCESS,BULLISH,rebalance,2,87537.48,87536.5,0.0011195329948032256,0.18826800044608738
2025-12-24T01:45:42.123648+00:00,btc-updown-15m-1766541600,TRADE,UP,DIR_AVERAGE_DOWN,3,3,0.5101310845173304,1.530393253551991,15.0,0.5100728512298314,10.0,0.4999827002449388,10,1.0100555514747702,-0.10055551474770219,5.0,0,0,0,82.43084548734844,SUCCESS,BULLISH,average_down,2,87536.07,87536.5,-0.0004912236609791517,0.08166804118936817
2025-12-24T01:55:04.781209+00:00,btc-updown-15m-1766541600,TRADE,DOWN,DIR_EMERGENCY,5,5,0.4999495470907908,2.499747735453954,15.0,0.5100728512298314,15.0,0.49997164919355613,15,1.0100445004233876,-0.15066750635081338,0.0,0,0,0,79.93109775189448,SUCCESS,BULLISH,emergency,2,87626.73,87536.5,0.1030770021648066,18.46636007652177
2025-12-24T02:00:03.432054+00:00,btc-updown-15m-1766541600,RESOLUTION,UP,BINANCE_FALLBACK_SHARED,30,30,1.0000,15.1507,15,0.5101,15,0.5000,15,1.0100,-0.1507,0.00,0.0000,0.0000,-0.1507,94.93,RESOLVED
2025-12-24T02:00:24.181735+00:00,btc-updown-15m-1766542500,TRADE,UP,DIR_AVERAGE_DOWN,4,4,0.5100162548582126,2.0400650194328502,4.0,0.5100162548582126,0.0,0.0,0,0,0.0,4.0,0,0,0,92.89103273246164,SUCCESS,BULLISH,average_down,2,87658.07,87632.51,0.02916725767641738,3.473731040197624
2025-12-24T02:00:30.008916+00:00,btc-updown-15m-1766542500,TRADE,UP,DIR_ACCUMULATE,4,4,0.5100267319725219,2.0401069278900876,8.0,0.5100214934153673,0.0,0.0,0,0,0.0,8.0,0,0,0,90.85092580457155,SUCCESS,BULLISH,accumulate,2,87658.07,87632.51,0.02916725767641738,3.47370785580568
2025-12-24T02:00:40.958621+00:00,btc-updown-15m-1766542500,TRADE,DOWN,DIR_REBALANCE,5,5,0.510166922947121,2.5508346147356047,8.0,0.5100214934153673,5.0,0.510166922947121,5,1.0201884163624881,-0.10094208181244069,3.0,0,0,0,88.30009118983594,SUCCESS,BULLISH,rebalance,2,87658.07,87632.51,0.02916725767641738,3.473702820388416
2025-12-24T02:00:46.587612+00:00,btc-updown-15m-1766542500,TRADE,UP,DIR_ACCUMULATE,4,4,0.5000538460929607,2.0002153843718427,12.0,0.5066989443078984,5.0,0.510166922947121,5,1.0168658672550195,-0.08432933627509742,7.0,0,0,0,86.2998758054641,SUCCESS,BULLISH,accumulate,2,87658.07,87632.51,0.02916725767641738,3.7686097845704696
2025-12-24T02:00:52.215869+00:00,btc-updown-15m-1766542500,TRADE,DOWN,DIR_REBALANCE,5,5,0.5002485444865554,2.501242722432777,12.0,0.5066989443078984,10.0,0.5052077337168381,10,1.0119066780247366,-0.1190667802473655,2.0,0,0,0,83.79863308303132,SUCCESS,BULLISH,rebalance,2,87658.06,87632.51,0.02915584638623601,3.7670740603008257
2025-12-24T02:00:57.738184+00:00,btc-updown-15m-1766542500,TRADE,UP,DIR_AVERAGE_DOWN,3,3,0.5001645166255128,1.5004935498765382,15.0,0.5053920587714213,10.0,0.5052077337168381,10,1.0105997924882595,-0.10599792488259485,5.0,0,0,0,82.29813953315478,SUCCESS,BULLISH,average_down,2,87658.06,87632.51,0.02915584638623601,4.226819197534406
2025-12-24T02:10:04.757003+00:00,btc-updown-15m-1766542500,TRADE,DOWN,DIR_EMERGENCY,5,5,0.4800836447954934,2.400418223977467,15.0,0.5053920587714213,15.0,0.49683303740972323,15,1.0022250961811445,-0.03337644271716789,0.0,0,0,0,79.89772130917731,SUCCESS,BULLISH,emergency,2,87378.35,87632.51,-0.29002935097943555,34.009361514217325
2025-12-24T02:15:01.913488+00:00,btc-updown-15m-1766542500,RESOLUTION,DOWN,BINANCE_FALLBACK_SHARED,30,30,1.0000,15.0334,15,0.5054,15,0.4968,15,1.0022,-0.0334,0.00,0.0000,0.0000,-0.0334,94.90,RESOLVED
2025-12-24T02:15:10.805366+00:00,btc-updown-15m-1766543400,TRADE,UP,DIR_AVERAGE_DOWN,4,4,0.5102128196721137,2.040851278688455,4.0,0.5102128196721137,0.0,0.0,0,0,0.0,4.0,0,0,0,92.85687003048886,SUCCESS,BULLISH,average_down,2,87402.09,87411.91,-0.01123416706030904,1.4906398030003067
2025-12-24T02:15:16.434033+00:00,btc-updown-15m-1766543400,TRADE,UP,DIR_ACCUMULATE,4,4,0.5101094631307111,2.0404378525228446,8.0,0.5101611414014124,0.0,0.0,0,0,0.0,8.0,0,0,0,90.81643217796602,SUCCESS,BULLISH,accumulate,2,87368.65,87411.91,-0.04948982352634705,5.491325260973143
2025-12-24T02:15:21.962901+00:00,btc-updown-15m-1766543400,TRADE,DOWN,DIR_REBALANCE,5,5,0.5000653775996239,2.5003268879981193,8.0,0.5101611414014124,5.0,0.5000653775996239,5,1.0102265190010362,-0.05113259500518108,3.0,0,0,0,88.31610528996791,SUCCESS,BULLISH,rebalance,2,87368.65,87411.91,-0.04948982352634705,5.491267824969486
2025-12-24T02:15:27.460009+00:00,btc-updown-15m-1766543400,TRADE,UP,DIR_ACCUMULATE,4,4,0.510070918423491,2.040283673693964,12.0,0.5101310670754385,5.0,0.5000653775996239,5,1.0101964446750624,-0.05098222337531211,7.0,0,0,0,86.27582161627394,SUCCESS,BULLISH,accumulate,2,87386.61,87411.91,-0.028943424299964285,2.797560349420127
2025-12-24T02:15:32.859993+00:00,btc-updown-15m-1766543400,TRADE,DOWN,DIR_REBALANCE,5,5,0.5000105307770499,2.5000526538852497,12.0,0.5101310670754385,10.0,0.5000379541883369,10,1.0101690212637755,-0.10169021263775502,2.0,0,0,0,83.7757689623887,SUCCESS,BULLISH,rebalance,2,87392.76,87411.91,-0.021907769776462645,2.0627051349876457
2025-12-24T02:15:38.258005+00:00,btc-updown-15m-1766543400,TRADE,UP,DIR_AVERAGE_DOWN,3,2,0.51014807886997,1.02029615773994,14.0,0.5101334973318002,10.0,0.5000379541883369,10,1.010171451520137,-0.10171451520136987,4.0,0,0,0,82.75547280464876,SUCCESS,BULLISH,average_down,2,87392.75,87411.91,-0.021919209865112765,2.1665016526892154
2025-12-24T02:15:43.879541+00:00,btc-updown-15m-1766543400,TRADE,UP,DIR_ACCUMULATE,2,2,0.5102480444580495,1.020496088916099,16.0,0.5101478157225814,10.0,0.5000379541883369,10,1.0101857699109182,-0.10185769910918241,6.0,0,0,0,81.73497671573266,SUCCESS,BULLISH,accumulate,2,87413.13,87411.91,0.0013956908160468798,0.1269355979234249
2025-12-24T02:15:49.437077+00:00,btc-updown-15m-1766543400,TRADE,DOWN,DIR_REBALANCE,5,5,0.500201280316558,2.50100640158279,16.0,0.5101478157225814,15.0,0.5000923962310773,15,1.0102402119536587,-0.15360317930487977,1.0,0,0,0,79.23397031414987,SUCCESS,BULLISH,rebalance,2,87413.13,87411.91,0.0013956908160468798,0.12693555837182696
2025-12-24T02:25:04.896964+00:00,btc-updown-15m-1766543400,TRADE,DOWN,DIR_EMERGENCY,3,3,0.4899833238506173,1.469949971551852,16.0,0.5101478157225814,18.0,0.49840755083433397,16,1.0085553665569154,-0.1368858649106457,2.0,0,0,0,77.76402034259802,SUCCESS,BULLISH,emergency,2,87389.77,87411.91,-0.025328356284629195,1.7237325422444771
2025-12-24T02:25:10.415888+00:00,btc-updown-15m-1766543400,TRADE,UP,DIR_EMERGENCY,2,2,0.5201613127088006,1.0403226254176012,18.0,0.511260426498828,18.0,0.49840755083433397,18,1.0096679773331618,-0.17402359199691286,0.0,0,0,0,76.72369771718041,SUCCESS,BULLISH,emergency,2,87368.81,87411.91,-0.049306782107845275,3.220720823924436
2025-12-24T02:30:02.411611+00:00,btc-updown-15m-1766543400,RESOLUTION,UP,BINANCE_FALLBACK_SHARED,36,36,1.0000,18.1740,18,0.5113,18,0.4984,18,1.0097,-0.1740,0.00,0.0000,0.0000,-0.1740,94.72,RESOLVED
2025-12-24T02:30:10.886936+00:00,btc-updown-15m-1766544300,TRADE,UP,DIR_AVERAGE_DOWN,4,4,0.510227690514827,2.040910762059308,4.0,0.510227690514827,0.0,0.0,0,0,0.0,4.0,0,0,0,92.6827869551211,SUCCESS,BULLISH,average_down,2,87418.26,87418.25,1.1439258958811588e-05,0.0015044086248402289
2025-12-24T02:30:22.146637+00:00,btc-updown-15m-1766544300,TRADE,UP,DIR_ACCUMULATE,4,4,0.510010045100835,2.04004018040334,8.0,0.510118867807831,0.0,0.0,0,0,0.0,8.0,0,0,0,90.64274677471776,SUCCESS,BULLISH,accumulate,2,87412.79,87418.25,-0.00624583539479045,0.7888614938103571
2025-12-24T02:30:27.581484+00:00,btc-updown-15m-1766544300,TRADE,DOWN,DIR_REBALANCE,5,5,0.5001896792532288,2.5009483962661436,8.0,0.510118867807831,5.0,0.5001896792532288,5,1.0103085470610598,-0.05154273530529885,3.0,0,0,0,88.14179837845163,SUCCESS,BULLISH,rebalance,2,87412.78,87418.25,-0.0062572746537492615,0.9803378118414552
2025-12-24T02:30:33.105405+00:00,btc-updown-15m-1766544300,TRADE,UP,DIR_ACCUMULATE,4,4,0.510253463265567,2.041013853062268,12.0,0.5101637329604096,5.0,0.5001896792532288,5,1.0103534122136384,-0.051767061068191955,7.0,0,0,0,86.10078452538936,SUCCESS,BULLISH,accumulate,2,87412.77,87418.25,-0.006268713912708074,1.2285121114088742
2025-12-24T02:30:38.770480+00:00,btc-updown-15m-1766544300,TRADE,DOWN,DIR_REBALANCE,5,5,0.5001410607298596,2.500705303649298,12.0,0.5101637329604096,10.0,0.5001653699915443,10,1.0103291029519539,-0.10329102951953884,2.0,0,0,0,83.60007922174006,SUCCESS,BULLISH,rebalance,2,87418.24,87418.25,-1.1439258958811588e-05,0.0019304456781980546
2025-12-24T02:30:44.168645+00:00,btc-updown-15m-1766544300,TRADE,UP,DIR_AVERAGE_DOWN,3,3,0.5102000656239919,1.5306001968719758,15.0,0.5101709994931262,10.0,0.5001653699915443,10,1.0103363694846705,-0.10336369484670538,5.0,0,0,0,82.06947902486809,SUCCESS,BULLISH,average_down,2,87418.26,87418.25,1.1439258958811588e-05,0.002767545659672835
2025-12-24T02:40:05.817166+00:00,btc-updown-15m-1766544300,TRADE,DOWN,DIR_EMERGENCY,5,5,0.4801489980543941,2.4007449902719706,15.0,0.5101709994931262,15.0,0.49349324601249417,15,1.0036642455056204,-0.05496368258430584,0.0,0,0,0,79.66873403459611,SUCCESS,BULLISH,emergency,2,87259.3,87418.25,-0.18182702124556038,18.62585282873455
2025-12-24T05:00:14.516361+00:00,btc-updown-15m-1766552400,TRADE,UP,DIR_AVERAGE_DOWN,4,4,0.6000295212406732,2.400118084962693,4.0,0.6000295212406732,0.0,0.0,0,0,0.0,4.0,0,0,0,97.5998819150373,SUCCESS,BULLISH,average_down,0,87162.97,87147.65,0.017579361004005256,5.205903401363694
2025-12-24T05:00:14.827303+00:00,btc-updown-15m-1766552400,RESOLUTION,UP,BINANCE_FALLBACK_SHARED,4,4,1.0000,2.4001,4,0.6000,0,0.0000,0,0.0000,0.0000,1.00,0.0000,0.0000,1.5999,101.60,RESOLVED
2025-12-24T05:00:23.574528+00:00,btc-updown-15m-1766553300,TRADE,UP,DIR_AVERAGE_DOWN,4,4,0.5200144709901845,2.080057883960738,4.0,0.5200144709901845,0.0,0.0,0,0,0.0,4.0,0,0,0,99.51982403107657,SUCCESS,BULLISH,average_down,0,87178.72,87147.65,0.035652137493101636,8.159326413752702
2025-12-24T05:00:28.963684+00:00,btc-updown-15m-1766553300,TRADE,UP,DIR_ACCUMULATE,4,4,0.5201249398219512,2.0804997592878047,8.0,0.5200697054060679,0.0,0.0,0,0,0.0,8.0,0,0,0,97.43932427178876,SUCCESS,BULLISH,accumulate,0,87156.33,87147.65,0.009960107931777354,1.5141552815652812
2025-12-24T05:00:34.388063+00:00,btc-updown-15m-1766553300,TRADE,DOWN,DIR_REBALANCE,5,5,0.4900731820839551,2.4503659104197757,8.0,0.5200697054060679,5.0,0.4900731820839551,5,1.010142887490023,-0.0507144374501145,3.0,0,0,0,94.98895836136899,SUCCESS,BULLISH,rebalance,0,87180.0,87147.65,0.03712090916967448,4.339756061945466
2025-12-24T05:00:40.060960+00:00,btc-updown-15m-1766553300,TRADE,UP,DIR_ACCUMULATE,4,4,0.5200135711852621,2.0800542847410486,12.0,0.5200509939991327,5.0,0.4900731820839551,5,1.010124176083088,-0.05062088041543955,7.0,0,0,0,92.90890407662793,SUCCESS,BULLISH,accumulate,0,87190.17,87147.65,0.04879075913120328,5.374593769579152
2025-12-24T05:00:45.484208+00:00,btc-updown-15m-1766553300,TRADE,DOWN,DIR_REBALANCE,5,5,0.49003152883409606,2.4501576441704804,12.0,0.5200509939991327,10.0,0.4900523554590256,10,1.0101033494581584,-0.10103349458158384,2.0,0,0,0,90.45874643245746,SUCCESS,BULLISH,rebalance,0,87190.24,87147.65,0.04887108258227395,4.2309374682059
2025-12-24T05:00:51.018768+00:00,btc-updown-15m-1766553300,TRADE,UP,DIR_AVERAGE_DOWN,3,3,0.5200420640399753,1.560126192119926,15.0,0.5200492080073011,10.0,0.4900523554590256,10,1.0101015634663266,-0.10101563466326624,5.0,0,0,0,88.89862024033754,SUCCESS,BULLISH,average_down,0,87205.09,87147.65,0.0659111289862691,5.344130468066709
2025-12-24T05:10:02.623413+00:00,btc-updown-15m-1766553300,TRADE,DOWN,DIR_EMERGENCY,5,5,0.48019421249802297,2.4009710624901146,15.0,0.5200492080073011,15.0,0.48676630780535807,15,1.0068155158126593,-0.10223273718988901,0.0,0,0,0,86.49764917784742,SUCCESS,BULLISH,emergency,0,87108.58,87147.65,-0.04483196047167357,5.751075672645667
2025-12-24T05:15:00.984433+00:00,btc-updown-15m-1766553300,RESOLUTION,DOWN,BINANCE_FALLBACK_SHARED,30,30,1.0000,15.1022,15,0.5200,15,0.4868,15,1.0068,-0.1022,0.00,0.0000,0.0000,-0.1022,101.50,RESOLVED
2025-12-24T05:15:10.091958+00:00,btc-updown-15m-1766554200,TRADE,UP,DIR_AVERAGE_DOWN,4,4,0.520043165257866,2.080172661031464,4.0,0.520043165257866,0.0,0.0,0,0,0.0,4.0,0,0,0,99.41747651681595,SUCCESS,BULLISH,average_down,0,87095.06,87095.06,0.0,0.0
2025-12-24T05:15:15.634359+00:00,btc-updown-15m-1766554200,TRADE,UP,DIR_ACCUMULATE,4,4,0.5200243768599035,2.080097507439614,8.0,0.5200337710588847,0.0,0.0,0,0,0.0,8.0,0,0,0,97.33737900937633,SUCCESS,BULLISH,accumulate,0,87095.05,87095.06,-1.1481707452479291e-05,0.0033896622686823527
2025-12-24T05:15:21.044408+00:00,btc-updown-15m-1766554200,TRADE,DOWN,DIR_REBALANCE,5,5,0.4901049520102025,2.4505247600510125,8.0,0.5200337710588847,5.0,0.4901049520102025,5,1.0101387230690873,-0.05069361534543626,3.0,0,0,0,94.88685424932532,SUCCESS,BULLISH,rebalance,0,87095.06,87095.06,0.0,0.0
2025-12-24T05:15:26.481065+00:00,btc-updown-15m-1766554200,TRADE,UP,DIR_ACCUMULATE,4,2,0.5200550237146232,1.0401100474292464,10.0,0.5200380215900324,5.0,0.4901049520102025,5,1.010142973600235,-0.05071486800117486,5.0,0,0,0,93.84674420189607,SUCCESS,BULLISH,accumulate,0,87095.05,87095.06,-1.1481707452479291e-05,0.1103033369318251
2025-12-24T05:15:32.006203+00:00,btc-updown-15m-1766554200,TRADE,UP,DIR_ACCUMULATE,4,4,0.5200443899218375,2.08017755968735,14.0,0.5200398411134053,5.0,0.4901049520102025,5,1.0101447931236078,-0.05072396561803916,9.0,0,0,0,91.76656664220872,SUCCESS,BULLISH,accumulate,0,87095.06,87095.06,0.0,0.0
2025-12-24T05:15:37.460325+00:00,btc-updown-15m-1766554200,TRADE,DOWN,DIR_REBALANCE,5,3,0.49015064925061663,1.4704519477518498,14.0,0.5200398411134053,8.0,0.49012208847535776,8,1.010161929588763,-0.08129543671010353,6.0,0,0,0,90.29611469445686,SUCCESS,BULLISH,rebalance,0,87110.21,87095.06,0.01739478679962874,5.0140038317948274
2025-12-24T05:15:43.150601+00:00,btc-updown-15m-1766554200,TRADE,DOWN,DIR_REBALANCE,5,5,0.49023652959379826,2.4511826479689915,14.0,0.5200398411134053,13.0,0.49016610429014257,13,1.010205945403548,-0.13267729024612285,1.0,0,0,0,87.84493204648787,SUCCESS,BULLISH,rebalance,0,87110.21,87095.06,0.01739478679962874,5.012092841207933
2025-12-24T05:16:00.087060+00:00,btc-updown-15m-1766554200,TRADE,UP,DIR_AVERAGE_DOWN,2,2,0.5200046976128068,1.0400093952256135,16.0,0.5200354481758305,13.0,0.49016610429014257,13,1.010201552465973,-0.13262018205765025,3.0,0,0,0,86.80492265126226,SUCCESS,BULLISH,average_down,0,87105.69,87095.06,0.012205055028384683,2.766271075433299
2025-12-24T05:25:05.955752+00:00,btc-updown-15m-1766554200,TRADE,DOWN,DIR_EMERGENCY,3,3,0.4902265285105493,1.470679585531648,16.0,0.5200354481758305,16.0,0.49017743383146883,16,1.0102128820072993,-0.1634061121167889,0.0,0,0,0,85.33424306573062,SUCCESS,BULLISH,emergency,0,87224.75,87095.06,0.14890626402921397,6.750480255309886
2025-12-24T05:30:04.209000+00:00,btc-updown-15m-1766554200,RESOLUTION,UP,BINANCE_FALLBACK_SHARED,32,32,1.0000,16.1634,16,0.5200,16,0.4902,16,1.0102,-0.1634,0.00,0.0000,0.0000,-0.1634,101.33,RESOLVED
2025-12-24T08:57:14.677234+00:00,btc-updown-15m-1766565900,TRADE,UP,DIR_AVERAGE_DOWN,34,34,0.03001414859453221,1.020481052214095,34.0,0.030014148594532206,0.0,0.0,0,0,0.0,34.0,0,0,0,98.9795189477859,SUCCESS,BULLISH,average_down,0,86846.46,86942.46,-0.11041785567144063,3541.120812902412
2025-12-24T08:57:14.948582+00:00,btc-updown-15m-1766565900,RESOLUTION,DOWN,BINANCE_FALLBACK_SHARED,34,34,1.0000,1.0205,34,0.0300,0,0.0000,0,0.0000,0.0000,1.00,0.0000,0.0000,-1.0205,98.98,RESOLVED
2025-12-24T08:57:24.650559+00:00,btc-updown-15m-1766566800,TRADE,UP,DIR_AVERAGE_DOWN,8,8,0.5300803573526272,4.240642858821017,8.0,0.5300803573526272,0.0,0.0,0,0,0.0,8.0,0,0,0,94.73887608896489,SUCCESS,BULLISH,average_down,0,86842.96,86942.46,-0.1144435066594619,45.106338348780056
2025-12-24T08:57:30.317241+00:00,btc-updown-15m-1766566800,TRADE,DOWN,DIR_EMERGENCY,8,3,0.48017284462218524,1.4405185338665558,8.0,0.5300803573526272,3.0,0.4801728446221853,3,1.0102532019748125,-0.030759605924437494,5.0,0,0,0,93.29835755509833,SUCCESS,BULLISH,emergency,0,86842.97,86942.46,-0.11443200479950215,45.08088260336658
2025-12-24T08:57:35.842832+00:00,btc-updown-15m-1766566800,TRADE,DOWN,DIR_EMERGENCY,5,5,0.4801472847109548,2.400736423554774,8.0,0.5300803573526272,8.0,0.48015686967766624,8,1.0102372270302933,-0.08189781624234627,0.0,0,0,0,90.89762113154356,SUCCESS,BULLISH,emergency,0,86842.96,86942.46,-0.1144435066594619,45.07394282439723
2025-12-24T08:57:41.373206+00:00,btc-updown-15m-1766566800,TRADE,UP,DIR_AVERAGE_DOWN,8,8,0.5300358497662749,4.2402867981301995,16.0,0.530058103559451,8.0,0.48015686967766624,8,1.0102149732371173,-0.08171978589693829,8.0,0,0,0,86.65733433341336,SUCCESS,BULLISH,average_down,0,86842.96,86942.46,-0.1144435066594619,45.05426409971971
2025-12-24T08:57:47.006570+00:00,btc-updown-15m-1766566800,TRADE,DOWN,DIR_EMERGENCY,8,8,0.4800544215960603,3.8404353727684826,16.0,0.530058103559451,16.0,0.4801056456368633,16,1.0101637491963142,-0.16261998714102788,0.0,0,0,0,82.81689896064488,SUCCESS,BULLISH,emergency,0,86842.97,86942.46,-0.11443200479950215,45.03613797552617
2025-12-24T08:57:52.418967+00:00,btc-updown-15m-1766566800,TRADE,UP,DIR_AVERAGE_DOWN,8,8,0.5301168309315899,4.240934647452719,24.0,0.530077679350164,16.0,0.4801056456368633,16,1.0101833249870273,-0.16293319979243748,8.0,0,0,0,78.57596431319216,SUCCESS,BULLISH,average_down,0,86842.96,86942.46,-0.1144435066594619,45.03335057425188
2025-12-24T08:57:57.844498+00:00,btc-updown-15m-1766566800,TRADE,DOWN,DIR_EMERGENCY,8,8,0.48011158337740073,3.840892667019206,24.0,0.530077679350164,24.0,0.4801076248837091,24,1.010185304233873,-0.24444730161295425,0.0,0,0,0,74.73507164617295,SUCCESS,BULLISH,emergency,0,86842.97,86942.46,-0.11443200479950215,45.00991093327441
2025-12-24T08:58:03.354892+00:00,btc-updown-15m-1766566800,TRADE,UP,DIR_AVERAGE_DOWN,2,2,0.5300447203818889,1.0600894407637778,26.0,0.5300751440449121,24.0,0.4801076248837091,24,1.0101827689286211,-0.2443864542869072,2.0,0,0,0,73.67498220540918,SUCCESS,BULLISH,average_down,0,86823.55,86942.46,-0.13676861685303532,29.128578475559756
2025-12-24T08:58:08.894692+00:00,btc-updown-15m-1766566800,TRADE,DOWN,DIR_EMERGENCY,3,1,0.4799394119585461,0.4799394119585461,26.0,0.5300751440449121,25.0,0.4801008963667026,25,1.0101760404116147,-0.2544010102903671,1.0,0,0,0,73.19504279345064,SUCCESS,BULLISH,emergency,0,86822.08,86942.46,-0.13845939026800558,28.814531264279136
2025-12-24T08:58:14.552643+00:00,btc-updown-15m-1766566800,TRADE,DOWN,DIR_EMERGENCY,3,3,0.4802213684140115,1.4406641052420344,26.0,0.5300751440449121,28.0,0.4801138040860571,26,1.0101889481309692,-0.26491265140519804,2.0,0,0,0,71.7543786882086,SUCCESS,BULLISH,emergency,0,86822.09,86942.46,-0.13844788840804584,28.789682817023234
2025-12-24T08:58:25.561326+00:00,btc-updown-15m-1766566800,TRADE,UP,DIR_EMERGENCY,2,2,0.5302189608312727,1.0604379216625455,28.0,0.5300854166725093,28.0,0.4801138040860571,28,1.0101992207585664,-0.2855781812398588,0.0,0,0,0,70.69394076654606,SUCCESS,BULLISH,emergency,0,86814.21,86942.46,-0.14751135406106522,27.669130397345103
2025-12-24T09:00:05.148035+00:00,btc-updown-15m-1766566800,RESOLUTION,DOWN,BINANCE_FALLBACK_SHARED,56,56,1.0000,28.2856,28,0.5301,28,0.4801,28,1.0102,-0.2856,0.00,0.0000,0.0000,-0.2856,98.69,RESOLVED
2025-12-24T09:09:04.308692+00:00,btc-updown-15m-1766567700,TRADE,UP,DIR_AVERAGE_DOWN,8,8,0.5101037559138442,4.080830047310753,8.0,0.5101037559138442,0.0,0.0,0,0,0.0,8.0,0,0,0,95.91916995268924,SUCCESS,BULLISH,average_down,0,86850.33,86795.56,0.06310230615483566,13.41347743172969
2025-12-24T09:09:11.572877+00:00,btc-updown-15m-1766567700,TRADE,DOWN,DIR_REBALANCE,5,5,0.500027967705998,2.50013983852999,8.0,0.5101037559138442,5.0,0.500027967705998,5,1.0101317236198422,-0.050658618099210795,3.0,0,0,0,93.41903011415926,SUCCESS,BULLISH,rebalance,0,86851.16,86795.56,0.0640585762681937,13.452358520989204
2025-12-24T09:09:17.110274+00:00,btc-updown-15m-1766567700,TRADE,UP,DIR_ACCUMULATE,8,8,0.5099506402885499,4.079605122308399,16.0,0.510027198101197,5.0,0.500027967705998,5,1.010055165807195,-0.05027582903597505,11.0,0,0,0,89.33942499185086,SUCCESS,BULLISH,accumulate,0,86862.75,86795.56,0.07741179387517326,12.520830255453479
2025-12-24T09:09:22.650558+00:00,btc-updown-15m-1766567700,TRADE,DOWN,DIR_REBALANCE,5,5,0.5000640693541765,2.5003203467708826,16.0,0.510027198101197,10.0,0.5000460185300872,10,1.0100732166312842,-0.10073216631284243,6.0,0,0,0,86.83910464507998,SUCCESS,BULLISH,rebalance,0,86868.64,86795.56,0.0841978552820003,12.116889425930134
2025-12-24T09:09:28.162279+00:00,btc-updown-15m-1766567700,TRADE,DOWN,DIR_REBALANCE,5,5,0.5000085405065255,2.5000427025326277,16.0,0.510027198101197,15.0,0.5000335258555667,15,1.0100607239567636,-0.1509108593514541,1.0,0,0,0,84.33906194254736,SUCCESS,BULLISH,rebalance,0,86868.63,86795.56,0.0841863339553394,12.115145838284658
2025-12-24T09:09:38.960378+00:00,btc-updown-15m-1766567700,TRADE,UP,DIR_AVERAGE_DOWN,8,8,0.5100849239892246,4.0806793919137965,24.0,0.5100464400638729,15.0,0.5000335258555667,15,1.0100799659194397,-0.15119948879159573,9.0,0,0,0,80.25838255063357,SUCCESS,BULLISH,average_down,0,86868.64,86795.56,0.0841978552820003,12.11675199561868
2025-12-24T09:09:44.476445+00:00,btc-updown-15m-1766567700,TRADE,DOWN,DIR_REBALANCE,5,5,0.5001603662875931,2.5008018314379656,24.0,0.5100464400638729,20.0,0.5000652359635733,20,1.0101116760274462,-0.20223352054892452,4.0,0,0,0,77.7575807191956,SUCCESS,BULLISH,rebalance,0,86868.63,86795.56,0.0841863339553394,12.115017136207152
2025-12-24T09:09:50.106888+00:00,btc-updown-15m-1766567700,TRADE,UP,DIR_ACCUMULATE,2,1,0.5102384862337126,0.5102384862337126,25.0,0.5100541219106665,20.0,0.5000652359635733,20,1.0101193578742398,-0.20238715748479574,5.0,0,0,0,77.24734223296188,SUCCESS,BULLISH,accumulate,0,86867.58,86795.56,0.08297659465530735,11.863624473782615
2025-12-24T09:10:01.290239+00:00,btc-updown-15m-1766567700,TRADE,DOWN,DIR_EMERGENCY,5,5,0.5001409107416902,2.500704553708451,25.0,0.5100541219106665,25.0,0.5000803709191967,25,1.010134492829863,-0.25336232074657516,0.0,0,0,0,74.74663767925344,SUCCESS,BULLISH,emergency,0,86861.02,86795.56,0.07541860436179731,10.09743281137949
2025-12-24T09:15:02.128761+00:00,btc-updown-15m-1766567700,RESOLUTION,UP,BINANCE_FALLBACK_SHARED,50,50,1.0000,25.2534,25,0.5101,25,0.5001,25,1.0101,-0.2534,0.00,0.0000,0.0000,-0.2534,99.75,RESOLVED
2025-12-24T10:15:14.976200+00:00,btc-updown-15m-1766571300,TRADE,UP,DIR_AVERAGE_DOWN,8,3,0.4100698853389388,1.2302096560168163,3.0,0.4100698853389388,0.0,0.0,0,0,0.0,3.0,0,0,0,98.76979034398319,SUCCESS,BULLISH,average_down,0,87043.85,86812.8,0.26614738840355673,8025.108236043647
2025-12-24T10:15:15.771490+00:00,btc-updown-15m-1766571300,RESOLUTION,UP,BINANCE_FALLBACK_SHARED,3,3,1.0000,1.2302,3,0.4101,0,0.0000,0,0.0000,0.0000,1.00,0.0000,0.0000,1.7698,101.77,RESOLVED
2025-12-24T10:15:26.258003+00:00,btc-updown-15m-1766572200,TRADE,UP,DIR_AVERAGE_DOWN,4,3,0.5001332458666415,1.5003997375999245,3.0,0.5001332458666415,0.0,0.0,0,0,0.0,3.0,0,0,0,100.26939060638327,SUCCESS,BULLISH,average_down,0,87043.43,87067.02,-0.02709407075148668,82.25884589443578
2025-12-24T10:15:31.782488+00:00,btc-updown-15m-1766572200,TRADE,UP,DIR_ACCUMULATE,4,4,0.5000818842560227,2.000327537024091,7.0,0.5001038963748593,0.0,0.0,0,0,0.0,7.0,0,0,0,98.26906306935918,SUCCESS,BULLISH,accumulate,0,87038.17,87067.02,-0.03313539386096575,17.582606229476824
2025-12-24T10:15:37.506329+00:00,btc-updown-15m-1766572200,TRADE,DOWN,DIR_REBALANCE,5,5,0.5101102574919637,2.5505512874598186,7.0,0.5001038963748593,5.0,0.5101102574919637,5,1.010214153866823,-0.05107076933411503,2.0,0,0,0,95.71851178189935,SUCCESS,BULLISH,rebalance,0,87034.65,87067.02,-0.037178256474161966,16.33471240692642
2025-12-24T10:15:43.141140+00:00,btc-updown-15m-1766572200,TRADE,UP,DIR_AVERAGE_DOWN,4,2,0.5001593735129735,1.000318747025947,9.0,0.5001162246277736,5.0,0.5101102574919637,5,1.0102264821197373,-0.05113241059868656,4.0,0,0,0,94.71819303487341,SUCCESS,BULLISH,average_down,0,87034.66,87067.02,-0.03716677106900016,16.31423337799524
2025-12-24T10:15:48.568066+00:00,btc-updown-15m-1766572200,TRADE,UP,DIR_ACCUMULATE,4,4,0.500077080502293,2.000308322009172,13.0,0.5001041802814719,5.0,0.5101102574919637,5,1.0102144377734357,-0.05107218886717835,8.0,0,0,0,92.71788471286423,SUCCESS,BULLISH,accumulate,0,87045.02,87067.02,-0.025267891332447116,6.994833851643012
2025-12-24T10:15:53.997990+00:00,btc-updown-15m-1766572200,TRADE,DOWN,DIR_REBALANCE,5,5,0.5101212446478826,2.550606223239413,13.0,0.5001041802814719,10.0,0.5101157510699231,10,1.0102199313513949,-0.10219931351394873,3.0,0,0,0,90.16727848962482,SUCCESS,BULLISH,rebalance,0,87045.02,87067.02,-0.025267891332447116,6.994692403840468
2025-12-24T10:16:05.046384+00:00,btc-updown-15m-1766572200,TRADE,UP,DIR_ACCUMULATE,2,2,0.5000148309032612,1.0000296618065223,15.0,0.5000922670310437,10.0,0.5101157510699231,10,1.010208018100967,-0.10208018100966942,5.0,0,0,0,89.1672488278183,SUCCESS,BULLISH,accumulate,0,87045.02,87067.02,-0.025267891332447116,6.994341185319732
2025-12-24T10:25:03.537024+00:00,btc-updown-15m-1766572200,TRADE,DOWN,DIR_EMERGENCY,5,5,0.5300908208241193,2.6504541041205965,15.0,0.5000922670310437,15.0,0.5167741076546551,15,1.0168663746856987,-0.25299562028548106,0.0,0,0,0,86.5167947236977,SUCCESS,BULLISH,emergency,0,87078.3,87067.02,0.012955537010453367,3.0432446447040586
2025-12-24T10:30:04.935035+00:00,btc-updown-15m-1766572200,RESOLUTION,DOWN,BINANCE_FALLBACK_SHARED,30,30,1.0000,15.2530,15,0.5001,15,0.5168,15,1.0169,-0.2530,0.00,0.0000,0.0000,-0.2530,101.52,RESOLVED
2025-12-24T10:37:46.495780+00:00,btc-updown-15m-1766572200,TRADE,UP,DIR_AVERAGE_DOWN,4,4,0.8901526361640114,3.5606105446560457,4.0,0.8901526361640114,0.0,0.0,0,0,0.0,4.0,0,0,0,96.43938945534396,SUCCESS,BULLISH,average_down,0,87112.88,87067.02,0.0526720680230018,2187.441407845202
2025-12-24T10:37:46.790533+00:00,btc-updown-15m-1766572200,RESOLUTION,UP,BINANCE_FALLBACK_SHARED,4,4,1.0000,3.5606,4,0.8902,0,0.0000,0,0.0000,0.0000,1.00,0.0000,0.0000,0.4394,100.44,RESOLVED
2025-12-24T10:37:55.035451+00:00,btc-updown-15m-1766573100,TRADE,UP,DIR_AVERAGE_DOWN,8,8,0.48976727067633175,3.918138165410654,8.0,0.48976727067633175,0.0,0.0,0,0,0.0,8.0,0,0,0,96.5212512899333,SUCCESS,BULLISH,average_down,0,87112.89,87042.89,0.0804201239182201,1591.5719581381645
2025-12-24T10:38:00.579418+00:00,btc-updown-15m-1766573100,TRADE,DOWN,DIR_REBALANCE,5,5,0.5201339423340221,2.6006697116701103,8.0,0.48976727067633175,5.0,0.5201339423340221,5,1.009901213010354,-0.0495060650517698,3.0,0,0,0,93.9205815782632,SUCCESS,BULLISH,rebalance,0,87112.88,87042.89,0.08040863532909492,1269.826268365157
2025-12-24T10:38:06.079312+00:00,btc-updown-15m-1766573100,TRADE,UP,DIR_ACCUMULATE,7,7,0.49014219044266016,3.430995333098621,15.0,0.48994223323395164,5.0,0.5201339423340221,5,1.0100761755679737,-0.05038087783986844,10.0,0,0,0,90.48958624516457,SUCCESS,BULLISH,accumulate,0,87112.89,87042.89,0.0804201239182201,1115.4235792020165
2025-12-24T10:38:11.725980+00:00,btc-updown-15m-1766573100,TRADE,DOWN,DIR_REBALANCE,5,5,0.5201522218062664,2.600761109031332,15.0,0.48994223323395164,10.0,0.5201430820701443,10,1.0100853153040958,-0.10085315304095843,5.0,0,0,0,87.88882513613325,SUCCESS,BULLISH,rebalance,0,87112.88,87042.89,0.08040863532909492,966.9010805371155
2025-12-24T10:40:02.250585+00:00,btc-updown-15m-1766573100,TRADE,DOWN,DIR_EMERGENCY,5,5,0.5201883104110727,2.600941552055364,15.0,0.48994223323395164,15.0,0.5201581581837871,15,1.0101003914177387,-0.15150587126607995,0.0,0,0,0,85.28788358407789,SUCCESS,BULLISH,emergency,0,87114.78,87042.89,0.08259146726401136,83.41758700854494
2025-12-24T10:46:07.000421+00:00,btc-updown-15m-1766573100,TRADE,UP,DIR_AVERAGE_DOWN,8,8,0.4701173593242086,3.760938874593669,8.0,0.4701173593242086,0.0,0.0,0,0,0.0,8.0,0,0,0,96.23906112540634,SUCCESS,BULLISH,average_down,0,87095.54,87042.89,0.06048742177562599,2231.9154194661874
2025-12-24T10:46:07.812988+00:00,btc-updown-15m-1766573100,RESOLUTION,UP,BINANCE_FALLBACK_SHARED,8,8,1.0000,3.7609,8,0.4701,0,0.0000,0,0.0000,0.0000,1.00,0.0000,0.0000,4.2391,104.24,RESOLVED
2025-12-24T10:46:17.388329+00:00,btc-updown-15m-1766574000,TRADE,UP,DIR_AVERAGE_DOWN,4,2,0.5002488472959257,1.0004976945918513,2.0,0.5002488472959257,0.0,0.0,0,0,0.0,2.0,0,0,0,103.23856343081448,SUCCESS,BULLISH,average_down,0,87104.25,87112.89,-0.00991816480890419,3.609220477155911
2025-12-24T10:55:03.387143+00:00,btc-updown-15m-1766574000,TRADE,DOWN,DIR_EMERGENCY,2,2,0.5300033203226896,1.0600066406453792,2.0,0.5002488472959257,2.0,0.5300033203226896,2,1.0302521676186154,-0.060504335237230755,0.0,0,0,0,102.1785567901691,SUCCESS,BULLISH,emergency,0,87130.06,87112.89,0.01971005668621286,2.8316956266140703
2025-12-24T10:55:08.934612+00:00,btc-updown-15m-1766574000,TRADE,UP,DIR_AVERAGE_DOWN,8,8,0.48019029057229135,3.8415223245783308,10.0,0.4842020019170182,2.0,0.5300033203226896,2,1.0142053222397078,-0.02841064447941566,8.0,0,0,0,98.33703446559076,SUCCESS,BULLISH,average_down,0,87130.06,87112.89,0.01971005668621286,2.831745948831254
2025-12-24T10:55:14.439309+00:00,btc-updown-15m-1766574000,TRADE,DOWN,DIR_EMERGENCY,8,8,0.5302452447936,4.2419619583488,10.0,0.4842020019170182,10.0,0.5301968598994179,10,1.0143988618164361,-0.14398861816436126,0.0,0,0,0,94.09507250724197,SUCCESS,BULLISH,emergency,0,87127.99,87112.89,0.01733382970075476,2.46974487302457
2025-12-24T10:55:20.001257+00:00,btc-updown-15m-1766574000,TRADE,UP,DIR_AVERAGE_DOWN,5,5,0.48001427132851543,2.4000713566425773,15.0,0.4828060917208506,10.0,0.5301968598994179,10,1.0130029516202685,-0.13002951620268544,5.0,0,0,0,91.69500115059938,SUCCESS,BULLISH,average_down,0,87120.32,87112.89,0.008529162561370157,1.1677760433366613
2025-12-24T10:55:25.542776+00:00,btc-updown-15m-1766574000,TRADE,DOWN,DIR_EMERGENCY,5,5,0.530111870117569,2.650559350587845,15.0,0.4828060917208506,15.0,0.5301685299721349,15,1.0129746216929856,-0.19461932539478366,0.0,0,0,0,89.04444180001154,SUCCESS,BULLISH,emergency,0,87120.01,87112.89,0.008173302481406991,1.2559563990950955
2025-12-24T11:00:02.675494+00:00,btc-updown-15m-1766574000,RESOLUTION,DOWN,BINANCE_FALLBACK_SHARED,30,30,1.0000,15.1946,15,0.4828,15,0.5302,15,1.0130,-0.1946,0.00,0.0000,0.0000,-0.1946,104.04,RESOLVED
2025-12-24T11:03:03.735531+00:00,btc-updown-15m-1766574000,TRADE,UP,DIR_AVERAGE_DOWN,4,4,0.84033415984476,3.36133663937904,4.0,0.84033415984476,0.0,0.0,0,0,0.0,4.0,0,0,0,96.63866336062097,SUCCESS,BULLISH,average_down,0,87177.89,87112.89,0.07461582321514072,32.56585392286453
2025-12-24T11:03:04.009397+00:00,btc-updown-15m-1766574000,RESOLUTION,UP,BINANCE_FALLBACK_SHARED,4,4,1.0000,3.3613,4,0.8403,0,0.0000,0,0.0000,0.0000,1.00,0.0000,0.0000,0.6387,100.64,RESOLVED
2025-12-24T11:03:12.739966+00:00,btc-updown-15m-1766574900,TRADE,UP,DIR_AVERAGE_DOWN,4,4,0.5000490359137397,2.000196143654959,4.0,0.5000490359137397,0.0,0.0,0,0,0.0,4.0,0,0,0,98.638467216966,SUCCESS,BULLISH,average_down,0,87169.18,87077.66,0.10510158403428563,29.26173552888764
2025-12-24T11:03:23.799131+00:00,btc-updown-15m-1766574900,TRADE,UP,DIR_ACCUMULATE,4,4,0.5000099380717248,2.000039752286899,8.0,0.5000294869927322,0.0,0.0,0,0,0.0,8.0,0,0,0,96.63842746467911,SUCCESS,BULLISH,accumulate,0,87153.5,87077.66,0.08709466928715873,16.884878887283946
2025-12-24T11:03:29.313512+00:00,btc-updown-15m-1766574900,TRADE,DOWN,DIR_REBALANCE,5,5,0.5100261754330475,2.5501308771652376,8.0,0.5000294869927322,5.0,0.5100261754330475,5,1.0100556624257797,-0.05027831212889855,3.0,0,0,0,94.08829658751387,SUCCESS,BULLISH,rebalance,0,87153.49,87077.66,0.08708318528541274,16.87697129295932
2025-12-24T11:03:34.834853+00:00,btc-updown-15m-1766574900,TRADE,UP,DIR_ACCUMULATE,4,4,0.5001457197639002,2.000582879055601,12.0,0.5000682312497883,5.0,0.5100261754330475,5,1.010094406682836,-0.050472033414179496,7.0,0,0,0,92.08771370845827,SUCCESS,BULLISH,accumulate,0,87167.08,87077.66,0.10268994366637581,15.36719696104354
2025-12-24T11:03:40.445741+00:00,btc-updown-15m-1766574900,TRADE,DOWN,DIR_REBALANCE,5,5,0.5100159611588039,2.5500798057940193,12.0,0.5000682312497883,10.0,0.5100210682959256,10,1.0100892995457138,-0.10089299545713803,2.0,0,0,0,89.53763390266425,SUCCESS,BULLISH,rebalance,0,87167.07,87077.66,0.10267845966462981,15.36452438554158
2025-12-24T11:03:46.024836+00:00,btc-updown-15m-1766574900,TRADE,UP,DIR_AVERAGE_DOWN,3,3,0.5000907886574933,1.5002723659724801,15.0,0.5000727427313293,10.0,0.5100210682959256,10,1.010093811027255,-0.1009381102725504,5.0,0,0,0,88.03736153669178,SUCCESS,BULLISH,average_down,0,87174.35,87077.66,0.11103881294008398,15.524784686409042
2025-12-24T11:10:01.282783+00:00,btc-updown-15m-1766574900,TRADE,DOWN,DIR_EMERGENCY,5,4,0.5301062711980262,2.120425084792105,15.0,0.5000727427313293,14.0,0.5157596976965259,14,1.0158324404278551,-0.221654165989972,1.0,0,0,0,85.91693645189967,SUCCESS,BULLISH,emergency,0,87307.87,87077.66,0.2643732043327667,6.312496720358523
2025-12-24T11:10:06.810808+00:00,btc-updown-15m-1766574900,TRADE,DOWN,DIR_EMERGENCY,2,2,0.5302160383997354,1.0604320767994708,15.0,0.5000727427313293,16.0,0.5175667402844271,15,1.0176394830157562,-0.2645922452363436,1.0,0,0,0,84.8565043751002,SUCCESS,BULLISH,emergency,0,87307.87,87077.66,0.2643732043327667,6.374876765662947
2025-12-24T11:10:12.337293+00:00,btc-updown-15m-1766574900,TRADE,UP,DIR_EMERGENCY,3,1,0.47008147392181604,0.47008147392181604,16.0,0.49819828843073466,16.0,0.5175667402844271,16,1.0157650287151618,-0.2522404594425893,0.0,0,0,0,84.38642290117838,SUCCESS,BULLISH,emergency,0,87299.14,87077.66,0.25434767080327597,6.143573235313885
2025-12-24T11:15:01.183294+00:00,btc-updown-15m-1766574900,RESOLUTION,UP,BINANCE_FALLBACK_SHARED,32,32,1.0000,16.2522,16,0.4982,16,0.5176,16,1.0158,-0.2522,0.00,0.0000,0.0000,-0.2522,100.39,RESOLVED
2025-12-24T11:15:15.310777+00:00,btc-updown-15m-1766575800,TRADE,UP,DIR_AVERAGE_DOWN,4,4,0.5002141372975423,2.000856549190169,4.0,0.5002141372975423,0.0,0.0,0,0,0.0,4.0,0,0,0,98.3855663519882,SUCCESS,BULLISH,average_down,0,87287.08,87287.15,-8.01950802522857e-05,0.020603669448485722
2025-12-24T11:15:20.848268+00:00,btc-updown-15m-1766575800,TRADE,UP,DIR_ACCUMULATE,4,4,0.5001870496236714,2.0007481984946858,8.0,0.5002005934606069,0.0,0.0,0,0,0.0,8.0,0,0,0,96.38481815349351,SUCCESS,BULLISH,accumulate,0,87268.84,87287.15,-0.020976741708255652,4.035565837735152
2025-12-24T11:15:26.595653+00:00,btc-updown-15m-1766575800,TRADE,DOWN,DIR_REBALANCE,5,5,0.5102064546906889,2.5510322734534445,8.0,0.5002005934606069,5.0,0.5102064546906889,5,1.0104070481512957,-0.05203524075647836,3.0,0,0,0,93.83378588004007,SUCCESS,BULLISH,rebalance,0,87268.84,87287.15,-0.020976741708255652,4.477977564487467
2025-12-24T11:15:32.166251+00:00,btc-updown-15m-1766575800,TRADE,UP,DIR_ACCUMULATE,4,4,0.5002148095782549,2.0008592383130197,12.0,0.5002053321664895,5.0,0.5102064546906889,5,1.0104117868571785,-0.052058934285892366,7.0,0,0,0,91.83292664172704,SUCCESS,BULLISH,accumulate,0,87260.91,87287.15,-0.030061698657810096,5.9330689680389455
2025-12-24T11:15:37.704815+00:00,btc-updown-15m-1766575800,TRADE,DOWN,DIR_REBALANCE,5,5,0.5100131367858157,2.5500656839290787,12.0,0.5002053321664895,10.0,0.5101097957382523,10,1.0103151279047418,-0.10315127904741761,2.0,0,0,0,89.28286095779796,SUCCESS,BULLISH,rebalance,0,87260.91,87287.15,-0.030061698657810096,7.5808371847393285
2025-12-24T11:15:48.885641+00:00,btc-updown-15m-1766575800,TRADE,UP,DIR_AVERAGE_DOWN,3,3,0.5002411106246895,1.5007233318740685,15.0,0.5002124878581296,10.0,0.5101097957382523,10,1.0103222835963819,-0.10322283596381876,5.0,0,0,0,87.7821376259239,SUCCESS,BULLISH,average_down,0,87272.29,87287.15,-0.017024269895397643,2.555544192877858
2025-12-24T11:25:01.100768+00:00,btc-updown-15m-1766575800,TRADE,DOWN,DIR_EMERGENCY,5,5,0.5401062961068808,2.700531480534404,15.0,0.5002124878581296,15.0,0.5201086291944618,15,1.0203211170525912,-0.30481675578886813,0.0,0,0,0,85.08160614538949,SUCCESS,BULLISH,emergency,0,87300.73,87287.15,0.01555784557062723,1.9873461149593936
2025-12-24T11:30:05.276458+00:00,btc-updown-15m-1766575800,RESOLUTION,DOWN,BINANCE_FALLBACK_SHARED,30,30,1.0000,15.3048,15,0.5002,15,0.5201,15,1.0203,-0.3048,0.00,0.0000,0.0000,-0.3048,100.08,RESOLVED
2025-12-24T11:30:13.590830+00:00,btc-updown-15m-1766576700,TRADE,UP,DIR_AVERAGE_DOWN,4,4,0.5001605598061505,2.000642239224602,4.0,0.5001605598061505,0.0,0.0,0,0,0.0,4.0,0,0,0,98.08096390616488,SUCCESS,BULLISH,average_down,0,87232.63,87228.38,0.0048722674890901325,1.1956305143790729
2025-12-24T11:30:19.110633+00:00,btc-updown-15m-1766576700,TRADE,UP,DIR_ACCUMULATE,4,4,0.5001005274071537,2.000402109628615,8.0,0.5001305436066521,0.0,0.0,0,0,0.0,8.0,0,0,0,96.08056179653627,SUCCESS,BULLISH,accumulate,0,87232.63,87228.38,0.0048722674890901325,1.195653042423239
2025-12-24T11:30:24.611294+00:00,btc-updown-15m-1766576700,TRADE,DOWN,DIR_REBALANCE,5,5,0.5100980782247055,2.5504903911235277,8.0,0.5001305436066521,5.0,0.5100980782247055,5,1.0102286218313576,-0.05114310915678821,3.0,0,0,0,93.53007140541274,SUCCESS,BULLISH,rebalance,0,87232.63,87228.38,0.0048722674890901325,1.2693054398414738
2025-12-24T11:30:30.023383+00:00,btc-updown-15m-1766576700,TRADE,UP,DIR_ACCUMULATE,4,4,0.5001600684185302,2.000640273674121,12.0,0.5001403852106114,5.0,0.5100980782247055,5,1.010238463435317,-0.0511923171765849,7.0,0,0,0,91.52943113173862,SUCCESS,BULLISH,accumulate,0,87232.64,87228.38,0.0048837316478819864,2.0814150814656736
2025-12-24T11:30:35.705713+00:00,btc-updown-15m-1766576700,TRADE,DOWN,DIR_REBALANCE,5,5,0.510170478635469,2.5508523931773452,12.0,0.5001403852106114,10.0,0.5101342784300873,10,1.0102746636406987,-0.10274663640698734,2.0,0,0,0,88.97857873856127,SUCCESS,BULLISH,rebalance,0,87232.63,87228.38,0.0048722674890901325,2.076568962588108
2025-12-24T11:30:41.117442+00:00,btc-updown-15m-1766576700,TRADE,UP,DIR_AVERAGE_DOWN,3,3,0.5002456788356965,1.5007370365070893,15.0,0.5001614439356284,10.0,0.5101342784300873,10,1.0102957223657159,-0.10295722365715854,5.0,0,0,0,87.47784170205418,SUCCESS,BULLISH,average_down,0,87232.63,87228.38,0.0048722674890901325,2.0759330010938384
2025-12-24T11:40:04.823444+00:00,btc-updown-15m-1766576700,TRADE,DOWN,DIR_EMERGENCY,5,5,0.510228581906351,2.5511429095317553,15.0,0.5001614439356284,15.0,0.5101657129221752,15,1.0103271568578036,-0.15490735286705415,0.0,0,0,0,84.92669879252242,SUCCESS,BULLISH,emergency,0,87221.01,87228.38,-0.008449085034033528,2.3834077501881037
2025-12-24T11:45:15.876590+00:00,btc-updown-15m-1766576700,TRADE,UP,DIR_AVERAGE_DOWN,8,8,0.44000696761569486,3.520055740925559,8.0,0.44000696761569486,0.0,0.0,0,0,0.0,8.0,0,0,0,96.47994425907444,SUCCESS,BULLISH,average_down,0,87234.67,87228.38,0.007210955883846057,246.7319027194528
2025-12-24T11:45:16.652520+00:00,btc-updown-15m-1766576700,RESOLUTION,UP,BINANCE_FALLBACK_SHARED,8,8,1.0000,3.5201,8,0.4400,0,0.0000,0,0.0000,0.0000,1.00,0.0000,0.0000,4.4799,104.48,RESOLVED
2025-12-24T11:45:30.469889+00:00,btc-updown-15m-1766577600,TRADE,UP,DIR_AVERAGE_DOWN,4,4,0.5001195806746286,2.0004783226985143,4.0,0.5001195806746286,0.0,0.0,0,0,0.0,4.0,0,0,0,102.47946593637593,SUCCESS,BULLISH,average_down,0,87251.99,87246.24,0.006590541896132142,1.8968050038531614
2025-12-24T11:45:35.982641+00:00,btc-updown-15m-1766577600,TRADE,UP,DIR_ACCUMULATE,4,4,0.5000769631612042,2.000307852644817,8.0,0.5000982719179163,0.0,0.0,0,0,0.0,8.0,0,0,0,100.47915808373111,SUCCESS,BULLISH,accumulate,0,87252.0,87246.24,0.006602003708119411,1.8979779639022771
2025-12-24T11:45:41.571348+00:00,btc-updown-15m-1766577600,TRADE,DOWN,DIR_REBALANCE,5,5,0.5102103818234851,2.5510519091174255,8.0,0.5000982719179163,5.0,0.5102103818234851,5,1.0103086537414014,-0.051543268707007206,3.0,0,0,0,97.92810617461369,SUCCESS,BULLISH,rebalance,0,87252.0,87246.24,0.006602003708119411,1.8965240305564617
2025-12-24T11:45:47.201779+00:00,btc-updown-15m-1766577600,TRADE,UP,DIR_ACCUMULATE,4,4,0.5000165410184052,2.000066164073621,12.0,0.5000710282847459,5.0,0.5102103818234851,5,1.010281410108231,-0.051407050541154575,7.0,0,0,0,95.92804001054007,SUCCESS,BULLISH,accumulate,0,87252.0,87246.24,0.006602003708119411,1.8954663183354423
2025-12-24T11:45:52.733490+00:00,btc-updown-15m-1766577600,TRADE,DOWN,DIR_REBALANCE,5,3,0.5101648030244268,1.5304944090732804,12.0,0.5000710282847459,8.0,0.5101932897738383,8,1.0102643180585842,-0.0821145444686735,4.0,0,0,0,94.39754560146679,SUCCESS,BULLISH,rebalance,0,87252.0,87246.24,0.006602003708119411,1.8945004625016753
2025-12-24T11:45:58.252910+00:00,btc-updown-15m-1766577600,TRADE,UP,DIR_ACCUMULATE,3,3,0.5000532577811295,1.5001597733433885,15.0,0.5000674741840226,8.0,0.5101932897738383,8,1.010260763957861,-0.08208611166288726,7.0,0,0,0,92.8973858281234,SUCCESS,BULLISH,accumulate,0,87252.0,87246.24,0.006602003708119411,1.893642554199299
2025-12-24T11:46:03.858763+00:00,btc-updown-15m-1766577600,TRADE,DOWN,DIR_REBALANCE,5,5,0.5102123112302015,2.5510615561510077,15.0,0.5000674741840226,13.0,0.5102006057185934,13,1.010268079902616,-0.1334850387340083,2.0,0,0,0,90.34632427197239,SUCCESS,BULLISH,rebalance,0,87252.0,87246.24,0.006602003708119411,1.8925591042200793
2025-12-24T11:55:01.692658+00:00,btc-updown-15m-1766577600,TRADE,DOWN,DIR_EMERGENCY,2,2,0.5302548405292526,1.0605096810585053,15.0,0.5000674741840226,15.0,0.512874503693348,15,1.0129419778773707,-0.19412966816056088,0.0,0,0,0,89.28581459091389,SUCCESS,BULLISH,emergency,0,87258.44,87246.24,0.01398341063179008,6.208609357820827
2025-12-24T12:00:02.990881+00:00,btc-updown-15m-1766577600,RESOLUTION,DOWN,BINANCE_FALLBACK_SHARED,30,30,1.0000,15.1941,15,0.5001,15,0.5129,15,1.0129,-0.1941,0.00,0.0000,0.0000,-0.1941,104.29,RESOLVED
2025-12-24T12:00:11.433821+00:00,btc-updown-15m-1766578500,TRADE,UP,DIR_AVERAGE_DOWN,4,4,0.510151362934899,2.040605451739596,4.0,0.510151362934899,0.0,0.0,0,0,0.0,4.0,0,0,0,102.24520913917429,SUCCESS,BULLISH,average_down,0,87192.03,87203.94,-0.013657639780958856,3.887395857992488
2025-12-24T12:05:45.008464+00:00,btc-updown-15m-1766577600,TRADE,UP,DIR_AVERAGE_DOWN,12,12,0.20005998610747913,2.4007198332897497,12.0,0.20005998610747913,0.0,0.0,0,0,0.0,12.0,0,0,0,97.59928016671024,SUCCESS,BULLISH,average_down,0,87141.33,87246.24,-0.12024586962143409,4212.4690299805
2025-12-24T12:05:45.366909+00:00,btc-updown-15m-1766577600,RESOLUTION,DOWN,BINANCE_FALLBACK_SHARED,12,12,1.0000,2.4007,12,0.2001,0,0.0000,0,0.0000,0.0000,1.00,0.0000,0.0000,-2.4007,97.60,RESOLVED
2025-12-24T12:05:59.059005+00:00,btc-updown-15m-1766578500,TRADE,UP,DIR_AVERAGE_DOWN,4,2,0.5100760280750445,1.020152056150089,2.0,0.5100760280750445,0.0,0.0,0,0,0.0,2.0,0,0,0,96.57912811056015,SUCCESS,BULLISH,average_down,0,87148.18,87203.94,-0.06394206500303692,22.106826062538897
2025-12-24T12:06:43.091267+00:00,btc-updown-15m-1766578500,TRADE,DOWN,DIR_AVERAGE_DOWN,4,4,0.5002155469690602,2.000862187876241,2.0,0.5100760280750445,4.0,0.5002155469690602,2,1.0102915750441048,-0.020583150088209656,2.0,0,0,0,94.57826592268391,SUCCESS,BEARISH,average_down,1,87148.18,87203.94,-0.06394206500303692,22.00964195552576
2025-12-24T12:10:02.205122+00:00,btc-updown-15m-1766578500,TRADE,UP,DIR_EMERGENCY,2,2,0.5001848214853976,1.0003696429707951,4.0,0.5051304247802211,4.0,0.5002155469690602,4,1.0053459717492812,-0.02138388699712479,0.0,0,0,0,93.57789627971312,SUCCESS,BEARISH,emergency,1,87232.84,87203.94,0.033140704422293506,3.1099586295321116
2025-12-24T12:10:07.785872+00:00,btc-updown-15m-1766578500,TRADE,DOWN,DIR_AVERAGE_DOWN,4,4,0.5100243025317585,2.040097210127034,4.0,0.5051304247802211,8.0,0.5051199247504093,4,1.0102503495306303,-0.04100139812252124,4.0,0,0,0,91.53779906958609,SUCCESS,BEARISH,average_down,1,87232.84,87203.94,0.033140704422293506,3.1094755063287867
2025-12-24T12:10:13.315213+00:00,btc-updown-15m-1766578500,TRADE,UP,DIR_EMERGENCY,4,4,0.5001493021815501,2.0005972087262003,8.0,0.5026398634808855,8.0,0.5051199247504093,8,1.007759788231295,-0.06207830585035978,0.0,0,0,0,89.53720186085988,SUCCESS,BEARISH,emergency,1,87232.84,87203.94,0.033140704422293506,3.1093659103761957
2025-12-24T12:10:18.768306+00:00,btc-updown-15m-1766578500,TRADE,DOWN,DIR_AVERAGE_DOWN,4,4,0.510189765502226,2.040759062008904,8.0,0.5026398634808855,12.0,0.5068098716676815,8,1.009449735148567,-0.07559788118853561,4.0,0,0,0,87.49644279885098,SUCCESS,BEARISH,average_down,1,87232.84,87203.94,0.033140704422293506,3.3887764244566347
2025-12-24T12:10:29.711217+00:00,btc-updown-15m-1766578500,TRADE,UP,DIR_EMERGENCY,4,4,0.4900112263477242,1.9600449053908968,12.0,0.4984303177698317,12.0,0.5068098716676815,12,1.0052401894375134,-0.06288227325016038,0.0,0,0,0,85.53639789346008,SUCCESS,BEARISH,emergency,1,87232.85,87203.94,0.03315217179407661,4.210630857761763
2025-12-24T12:10:35.329072+00:00,btc-updown-15m-1766578500,TRADE,DOWN,DIR_AVERAGE_DOWN,3,3,0.5201458558668138,1.5604375676004416,12.0,0.4984303177698317,15.0,0.509477068507508,12,1.0079073862773398,-0.09488863532807734,3.0,0,0,0,83.97596032585963,SUCCESS,BEARISH,average_down,1,87232.85,87203.94,0.03315217179407661,4.283626477657059
2025-12-24T12:10:46.488964+00:00,btc-updown-15m-1766578500,TRADE,UP,DIR_EMERGENCY,3,3,0.49008103930124886,1.4702431179037465,15.0,0.49676046207611513,15.0,0.509477068507508,15,1.006237530583623,-0.09356295875434628,0.0,0,0,0,82.50571720795588,SUCCESS,BEARISH,emergency,1,87232.65,87203.94,0.03292282435861482,7.110769006324755
2025-12-24T12:15:00.930566+00:00,btc-updown-15m-1766578500,RESOLUTION,UP,BINANCE_FALLBACK_SHARED,30,30,1.0000,15.0936,15,0.4968,15,0.5095,15,1.0062,-0.0936,0.00,0.0000,0.0000,-0.0936,97.51,RESOLVED
2025-12-24T12:15:15.020690+00:00,btc-updown-15m-1766579400,TRADE,DOWN,DIR_AVERAGE_DOWN,4,1,0.5100667118081612,0.5100667118081612,0.0,0.0,1.0,0.5100667118081612,0,0,0.0,1.0,0,0,0,96.99565049614772,SUCCESS,BEARISH,average_down,1,87294.07,87287.88,0.007091477075628745,1.8933190263947928
2025-12-24T12:17:21.550770+00:00,btc-updown-15m-1766579400,TRADE,UP,DIR_AVERAGE_DOWN,8,8,0.490026297305333,3.920210378442664,8.0,0.490026297305333,1.0,0.5100667118081612,1,1.000093009113494,-9.300911349408025e-05,7.0,0,0,0,93.07544011770506,SUCCESS,BULLISH,average_down,2,87365.31,87287.88,0.08870647333855859,8.828077616537863
2025-12-24T12:17:27.057672+00:00,btc-updown-15m-1766579400,TRADE,DOWN,DIR_REBALANCE,5,3,0.5201010714737212,1.5603032144211637,8.0,0.490026297305333,4.0,0.5175924815573312,4,1.007618778862664,-0.030475115450656176,4.0,0,0,0,91.51513690328389,SUCCESS,BULLISH,rebalance,2,87365.31,87287.88,0.08870647333855859,8.834669193492779
2025-12-24T12:17:32.599882+00:00,btc-updown-15m-1766579400,TRADE,UP,DIR_ACCUMULATE,7,7,0.4902282561782147,3.431597793247503,15.0,0.4901205447793444,4.0,0.5175924815573312,4,1.0077130263366756,-0.030852105346702352,11.0,0,0,0,88.08353911003638,SUCCESS,BULLISH,accumulate,2,87389.48,87287.88,0.11639645733175243,11.854701004467834
2025-12-24T12:17:38.006870+00:00,btc-updown-15m-1766579400,TRADE,DOWN,DIR_REBALANCE,5,5,0.5200631907966002,2.600315953983001,15.0,0.4901205447793444,9.0,0.5189650978013696,9,1.009085642580714,-0.08177078322642584,6.0,0,0,0,85.48322315605338,SUCCESS,BULLISH,rebalance,2,87369.01,87287.88,0.0929453207020151,8.496887520137228
2025-12-24T12:17:43.644432+00:00,btc-updown-15m-1766579400,TRADE,DOWN,DIR_REBALANCE,5,5,0.5201220786856067,2.6006103934280334,15.0,0.4901205447793444,14.0,0.5193783052600257,14,1.0094988500393702,-0.13298390055118325,1.0,0,0,0,82.88261276262536,SUCCESS,BULLISH,rebalance,2,87334.78,87287.88,0.053730254417903356,4.683494319511852
2025-12-24T13:42:18.267653+00:00,btc-updown-15m-1766583900,TRADE,UP,DIR_AVERAGE_DOWN,4,4,0.5651106322994542,2.260442529197817,4.0,0.5651106322994542,0.0,0.0,0,0,0.0,4.0,0,0,0,97.73955747080218,SUCCESS,BULLISH,average_down,0,87169.26,87269.99,-0.11542341187389901,3589.42527887053
2025-12-24T13:42:18.818979+00:00,btc-updown-15m-1766583900,TRADE,DOWN,DIR_EMERGENCY,4,4,0.44011428871939723,1.760457154877589,4.0,0.5651106322994542,4.0,0.44011428871939723,4,1.0052249210188515,-0.0208996840754061,0.0,0,0,0,95.9791003159246,SUCCESS,BULLISH,emergency,0,87169.25,87269.99,-0.11543487056662345,3354.1238911951077
2025-12-24T13:42:19.348300+00:00,btc-updown-15m-1766583900,TRADE,UP,DIR_AVERAGE_DOWN,4,4,0.5650130180682096,2.2600520722728383,8.0,0.565061825183832,4.0,0.44011428871939723,4,1.0051761139032291,-0.02070445561291656,4.0,0,0,0,93.71904824365176,SUCCESS,BULLISH,average_down,0,87169.25,87269.99,-0.11543487056662345,3392.024799192623
2025-12-24T13:42:19.951583+00:00,btc-updown-15m-1766583900,TRADE,DOWN,DIR_EMERGENCY,4,4,0.4400895584175932,1.7603582336703727,8.0,0.565061825183832,8.0,0.4401019235684952,8,1.0051637487523273,-0.04130999001861824,0.0,0,0,0,91.95869000998138,SUCCESS,BULLISH,emergency,0,87169.25,87269.99,-0.11543487056662345,3392.024799192623
2025-12-24T13:42:20.459436+00:00,btc-updown-15m-1766583900,TRADE,UP,DIR_AVERAGE_DOWN,4,4,0.5652568748529562,2.2610274994118247,12.0,0.5651268417402067,8.0,0.4401019235684952,8,1.005228765308702,-0.041830122469615816,4.0,0,0,0,89.69766251056956,SUCCESS,BULLISH,average_down,0,87169.25,87269.99,-0.11543487056662345,3392.024799192623
2025-12-24T13:42:21.625218+00:00,btc-updown-15m-1766583900,TRADE,DOWN,DIR_EMERGENCY,4,2,0.4400001944955049,0.8800003889910099,12.0,0.5651268417402067,10.0,0.44008157775389717,10,1.0052084194941038,-0.052084194941037776,2.0,0,0,0,88.81766212157855,SUCCESS,BULLISH,emergency,0,87169.25,87269.99,-0.11543487056662345,3074.10532433228
2025-12-24T13:42:22.250080+00:00,btc-updown-15m-1766583900,TRADE,DOWN,DIR_EMERGENCY,3,3,0.44009123692700713,1.3202737107810214,12.0,0.5651268417402067,13.0,0.4400838067938456,12,1.0052106485340522,-0.06252778240862611,1.0,0,0,0,87.49738841079753,SUCCESS,BULLISH,emergency,0,87169.25,87269.99,-0.11543487056662345,2840.907898194241
2025-12-24T13:42:22.758671+00:00,btc-updown-15m-1766583900,TRADE,UP,DIR_EMERGENCY,2,2,0.5700129294456531,1.1400258588913061,14.0,0.5658248542695562,13.0,0.4400838067938456,13,1.0059086610634018,-0.07681259382422367,1.0,0,0,0,86.35736255190622,SUCCESS,BULLISH,emergency,0,87169.25,87269.99,-0.11543487056662345,2840.907898194241
2025-12-24T13:42:23.388018+00:00,btc-updown-15m-1766583900,TRADE,DOWN,DIR_EMERGENCY,3,3,0.44003203008510855,1.3200960902553256,14.0,0.5658248542695562,16.0,0.4400740986609574,14,1.0058989529305136,-0.08258534102718995,2.0,0,0,0,85.0372664616509,SUCCESS,BULLISH,emergency,0,87169.25,87269.99,-0.11543487056662345,2843.5968792961703
2025-12-24T13:42:23.893161+00:00,btc-updown-15m-1766583900,TRADE,UP,DIR_EMERGENCY,2,1,0.5700755251515038,0.5700755251515038,15.0,0.5661082323283526,16.0,0.4400740986609574,15,1.00618233098931,-0.09273496483965138,1.0,0,0,0,84.46719093649939,SUCCESS,BULLISH,emergency,0,87169.26,87269.99,-0.11542341187389901,2738.358831982701
2025-12-24T13:42:24.395198+00:00,btc-updown-15m-1766583900,TRADE,UP,DIR_EMERGENCY,2,2,0.5701802004924426,1.1403604009848851,17.0,0.5665872874064809,16.0,0.4400740986609574,16,1.0066613860674383,-0.1065821770790123,1.0,0,0,0,83.3268305355145,SUCCESS,BULLISH,emergency,0,87169.26,87269.99,-0.11542341187389901,2738.358831982701
2025-12-24T13:42:25.092625+00:00,btc-updown-15m-1766583900,TRADE,DOWN,DIR_EMERGENCY,3,3,0.44012346028014954,1.3203703808404486,17.0,0.5665872874064809,19.0,0.44008189260082986,17,1.0066691800073109,-0.1133760601242848,2.0,0,0,0,82.00646015467406,SUCCESS,BULLISH,emergency,0,87169.25,87269.99,-0.11543487056662345,2640.8224502699177
2025-12-24T13:42:25.581294+00:00,btc-updown-15m-1766583900,TRADE,UP,DIR_EMERGENCY,2,2,0.5700462691011374,1.1400925382022749,19.0,0.5669513907427606,19.0,0.44008189260082986,19,1.0070332833435904,-0.13363238352821827,0.0,0,0,0,80.86636761647179,SUCCESS,BULLISH,emergency,0,87169.25,87269.99,-0.11543487056662345,2642.5082611344087
2025-12-24T13:45:00.767351+00:00,btc-updown-15m-1766583900,RESOLUTION,DOWN,BINANCE_FALLBACK_SHARED,38,38,1.0000,19.1336,19,0.5670,19,0.4401,19,1.0070,-0.1336,0.00,0.0000,0.0000,-0.1336,99.87,RESOLVED
2025-12-24T13:45:04.203823+00:00,btc-updown-15m-1766584800,TRADE,UP,DIR_AVERAGE_DOWN,4,4,0.48005949201568765,1.9202379680627506,4.0,0.48005949201568765,0.0,0.0,0,0,0.0,4.0,0,0,0,97.94612964840904,SUCCESS,BULLISH,average_down,0,87178.85,87178.86,-1.1470670750639903e-05,0.0013517663015898897
2025-12-24T13:45:04.616040+00:00,btc-updown-15m-1766584800,TRADE,UP,DIR_ACCUMULATE,4,2,0.4801022535676867,0.9602045071353734,6.0,0.480073745866354,0.0,0.0,0,0,0.0,6.0,0,0,0,96.98592514127367,SUCCESS,BULLISH,accumulate,0,87178.86,87178.86,0.0,0.0
2025-12-24T13:45:07.397043+00:00,btc-updown-15m-1766584800,TRADE,DOWN,DIR_REBALANCE,5,5,0.47005090414267664,2.350254520713383,6.0,0.480073745866354,5.0,0.47005090414267664,5,0.9501246500090306,0.24937674995484715,1.0,0,0,0,94.63567062056029,SUCCESS,BULLISH,rebalance,0,87178.86,87178.86,0.0,0.0
2025-12-24T13:45:08.433186+00:00,btc-updown-15m-1766584800,TRADE,UP,DIR_AVERAGE_DOWN,4,4,0.48012917304108715,1.9205166921643486,10.0,0.4800959167362473,5.0,0.47005090414267664,5,0.9501468208789239,0.2492658956053806,5.0,0,0,0,92.71515392839594,SUCCESS,BULLISH,average_down,0,87178.85,87178.86,-1.1470670750639903e-05,0.0015421520875621634
2025-12-24T13:45:08.865988+00:00,btc-updown-15m-1766584800,TRADE,UP,DIR_ACCUMULATE,4,4,0.4800128438100134,1.9200513752400536,14.0,0.48007218161446613,5.0,0.47005090414267664,5,0.9501230857571428,0.24938457121428614,9.0,0,0,0,90.79510255315589,SUCCESS,BULLISH,accumulate,0,87178.85,87178.86,-1.1470670750639903e-05,0.0015421982827260679
2025-12-24T13:45:10.358570+00:00,btc-updown-15m-1766584800,TRADE,DOWN,DIR_REBALANCE,5,2,0.47008881364327715,0.9401776272865543,14.0,0.48007218161446613,7.0,0.4700617354285625,7,0.9501339170430286,0.3490625806987996,7.0,0,0,0,89.85492492586933,SUCCESS,BULLISH,rebalance,0,87193.78,87178.86,0.017114240768918352,2.0569823676294763
2025-12-24T13:45:10.771726+00:00,btc-updown-15m-1766584800,TRADE,DOWN,DIR_REBALANCE,5,3,0.4700664829137201,1.4101994487411602,14.0,0.48007218161446613,10.0,0.4700631596741098,10,0.9501353412885759,0.4986465871142409,4.0,0,0,0,88.44472547712817,SUCCESS,BULLISH,rebalance,0,87201.38,87178.86,0.025831950543978292,3.003705363268499
2025-12-24T13:45:11.290020+00:00,btc-updown-15m-1766584800,TRADE,UP,DIR_ACCUMULATE,3,3,0.4802043826546162,1.4406131479638487,17.0,0.4800955112097867,10.0,0.4700631596741098,10,0.9501586708838965,0.49841329116103505,7.0,0,0,0,87.00411232916433,SUCCESS,BULLISH,accumulate,0,87201.38,87178.86,0.025831950543978292,3.0037376896224495
2025-12-24T13:45:11.929755+00:00,btc-updown-15m-1766584800,TRADE,DOWN,DIR_REBALANCE,5,5,0.4700633117648095,2.3503165588240473,17.0,0.4800955112097867,15.0,0.4700632103710097,15,0.9501587215807964,0.7476191762880541,2.0,0,0,0,84.65379577034028,SUCCESS,BULLISH,rebalance,0,87201.39,87178.86,0.02584342121472893,3.0050389069175734
2025-12-24T13:55:00.558071+00:00,btc-updown-15m-1766584800,TRADE,DOWN,DIR_EMERGENCY,3,3,0.49008468452993503,1.4702540535898052,17.0,0.4800955112097867,18.0,0.47340012273083054,17,0.9534956339406173,0.7905742230095056,1.0,0,0,0,83.18354171675048,SUCCESS,BULLISH,emergency,0,87300.0,87178.86,0.1389557055460457,37.608004774656955
2025-12-24T13:55:01.017552+00:00,btc-updown-15m-1766584800,TRADE,UP,DIR_EMERGENCY,2,2,0.5201424888724583,1.0402849777449166,19.0,0.4843109825426995,18.0,0.47340012273083054,18,0.9577111052735301,0.7612001050764583,1.0,0,0,0,82.14325673900557,SUCCESS,BULLISH,emergency,0,87300.0,87178.86,0.1389557055460457,37.608976295817826
2025-12-24T13:55:01.542951+00:00,btc-updown-15m-1766584800,TRADE,DOWN,DIR_EMERGENCY,3,3,0.49003241127203656,1.4700972338161096,19.0,0.4843109825426995,21.0,0.4757761639510028,19,0.9600871464937023,0.7583442166196562,2.0,0,0,0,80.67315950518946,SUCCESS,BULLISH,emergency,0,87299.99,87178.86,0.13894423487529506,37.60441038627716
2025-12-24T13:55:01.967784+00:00,btc-updown-15m-1766584800,TRADE,UP,DIR_EMERGENCY,2,2,0.5201134602583678,1.0402269205167356,21.0,0.48772074232514406,21.0,0.4757761639510028,21,0.9634969062761469,0.7665649682009146,0.0,0,0,0,79.63293258467273,SUCCESS,BULLISH,emergency,0,87301.82,87178.86,0.14104336762376385,36.52607413042697
2025-12-24T14:00:00.461820+00:00,btc-updown-15m-1766584800,RESOLUTION,UP,BINANCE_FALLBACK_SHARED,42,42,1.0000,20.2334,21,0.4877,21,0.4758,21,0.9635,0.7666,0.00,0.0000,0.0000,0.7666,100.63,RESOLVED
2025-12-24T14:33:16.931990+00:00,btc-updown-15m-1766586600,TRADE,UP,DIR_AVERAGE_DOWN,8,8,0.40517245083363407,3.2413796066690725,8.0,0.40517245083363407,0.0,0.0,0,0,0.0,8.0,0,0,0,96.75862039333093,SUCCESS,BULLISH,average_down,0,87205.71,87241.03,-0.040485537596234744,9.799543065362576
2025-12-24T14:33:18.394185+00:00,btc-updown-15m-1766586600,RESOLUTION,DOWN,BINANCE_FALLBACK_SHARED,8,8,1.0000,3.2414,8,0.4052,0,0.0000,0,0.0000,0.0000,1.00,0.0000,0.0000,-3.2414,96.76,RESOLVED
2025-12-24T14:33:49.937701+00:00,btc-updown-15m-1766587500,TRADE,UP,DIR_AVERAGE_DOWN,4,4,0.4901606513336648,1.9606426053346593,4.0,0.4901606513336648,0.0,0.0,0,0,0.0,4.0,0,0,0,94.79797778799627,SUCCESS,BULLISH,average_down,0,87102.66,87241.03,-0.15860656390690864,15.42645200072931
2025-12-24T14:33:55.512524+00:00,btc-updown-15m-1766587500,TRADE,UP,DIR_ACCUMULATE,4,4,0.4901566444058957,1.9606265776235827,8.0,0.49015864786978025,0.0,0.0,0,0,0.0,8.0,0,0,0,92.83735121037269,SUCCESS,BULLISH,accumulate,0,87102.66,87241.03,-0.15860656390690864,15.436153460609242
2025-12-24T14:34:28.854562+00:00,btc-updown-15m-1766587500,TRADE,DOWN,DIR_REBALANCE,5,5,0.44011981705709075,2.200599085285454,8.0,0.49015864786978025,5.0,0.44011981705709075,5,0.9302784649268709,0.3486076753656453,3.0,0,0,0,90.63675212508724,SUCCESS,BEARISH,rebalance,1,87033.0,87241.03,-0.23845431444355808,26.43490308260739
2025-12-24T14:34:51.185473+00:00,btc-updown-15m-1766587500,TRADE,DOWN,DIR_ACCUMULATE,8,8,0.44009933365779674,3.520794669262374,8.0,0.49015864786978025,13.0,0.44010721188829444,8,0.9302658597580746,0.557873121935403,5.0,0,0,0,87.11595745582487,SUCCESS,BEARISH,accumulate,1,87009.43,87241.03,-0.2654714186662008,24.75419541206669
2025-12-24T14:35:02.338371+00:00,btc-updown-15m-1766587500,TRADE,DOWN,DIR_ACCUMULATE,3,3,0.4502068691237805,1.3506206073713414,8.0,0.49015864786978025,16.0,0.4420008976199481,8,0.9321595454897283,0.5427236360821732,8.0,0,0,0,85.76533684845353,SUCCESS,BEARISH,accumulate,1,87091.08,87241.03,-0.17188013484022036,14.108240386525779
2025-12-24T14:35:07.747848+00:00,btc-updown-15m-1766587500,TRADE,UP,DIR_REBALANCE,5,5,0.5201564857171451,2.6007824285857257,13.0,0.5016962778110744,16.0,0.4420008976199481,13,0.9436971754310225,0.7319367193967076,3.0,0,0,0,83.1645544198678,SUCCESS,BEARISH,rebalance,1,87064.22,87241.03,-0.20266840040746614,15.710245713700616
2025-12-24T14:45:00.599654+00:00,btc-updown-15m-1766587500,RESOLUTION,DOWN,BINANCE_FALLBACK_SHARED,29,29,1.0000,13.5941,13,0.5017,16,0.4420,13,0.9437,0.7319,0.19,0.0000,0.0000,2.4059,99.16,RESOLVED
2025-12-24T14:45:20.737157+00:00,btc-updown-15m-1766588400,TRADE,DOWN,DIR_AVERAGE_DOWN,4,4,0.4701807169591483,1.8807228678365933,0.0,0.0,4.0,0.4701807169591483,0,0,0.0,4.0,0,0,0,97.2838315520312,SUCCESS,BEARISH,average_down,1,86960.11,86994.32,-0.03932440646700428,2.441854191021826
2025-12-24T14:45:26.284547+00:00,btc-updown-15m-1766588400,TRADE,DOWN,DIR_ACCUMULATE,4,4,0.47005092966588496,1.8802037186635399,0.0,0.0,8.0,0.47011582331251667,0,0,0.0,8.0,0,0,0,95.40362783336766,SUCCESS,BEARISH,accumulate,1,86984.84,86994.32,-0.010897263177653986,0.678990096786696
2025-12-24T14:45:31.685205+00:00,btc-updown-15m-1766588400,TRADE,UP,DIR_REBALANCE,5,5,0.4902057220552476,2.451028610276238,5.0,0.4902057220552476,8.0,0.47011582331251667,5,0.9603215453677643,0.1983922731611787,3.0,0,0,0,92.95259922309143,SUCCESS,BEARISH,rebalance,1,86964.36,86994.32,-0.03443903004242852,2.131457485749589
2025-12-24T14:45:42.544850+00:00,btc-updown-15m-1766588400,TRADE,DOWN,DIR_ACCUMULATE,7,7,0.46005234944688006,3.2203664461281605,5.0,0.4902057220552476,15.0,0.4654195355085529,5,0.9556252575638005,0.22187371218099772,10.0,0,0,0,89.73223277696326,SUCCESS,BEARISH,accumulate,1,86948.0,86994.32,-0.0532448555262079,3.356485436452325
2025-12-24T14:45:47.934793+00:00,btc-updown-15m-1766588400,TRADE,UP,DIR_REBALANCE,5,5,0.4901257823355962,2.450628911677981,10.0,0.49016575219542186,15.0,0.4654195355085529,10,0.9555852877039748,0.44414712296025227,5.0,0,0,0,87.28160386528528,SUCCESS,BEARISH,rebalance,1,86900.01,86994.32,-0.10840937661218827,7.555505269722806
2025-12-24T14:53:30.199936+00:00,btc-updown-15m-1766587500,TRADE,UP,DIR_AVERAGE_DOWN,4,4,0.7252436029229729,2.9009744116918914,4.0,0.7252436029229729,0.0,0.0,0,0,0.0,4.0,0,0,0,97.09902558830811,SUCCESS,BULLISH,average_down,0,87094.27,87241.03,-0.16822359846048904,22.38806296339605
2025-12-24T14:53:30.495735+00:00,btc-updown-15m-1766587500,RESOLUTION,DOWN,BINANCE_FALLBACK_SHARED,4,4,1.0000,2.9010,4,0.7252,0,0.0000,0,0.0000,0.0000,1.00,0.0000,0.0000,-2.9010,97.10,RESOLVED
2025-12-24T14:53:38.917262+00:00,btc-updown-15m-1766588400,TRADE,UP,DIR_AVERAGE_DOWN,4,4,0.5002238168842635,2.000895267537054,4.0,0.5002238168842635,0.0,0.0,0,0,0.0,4.0,0,0,0,95.09813032077105,SUCCESS,BULLISH,average_down,0,87077.66,86994.32,0.09579935793508876,8.491659386842064
2025-12-24T14:53:49.955608+00:00,btc-updown-15m-1766588400,TRADE,UP,DIR_ACCUMULATE,4,4,0.5001844937849581,2.0007379751398324,8.0,0.5002041553346108,0.0,0.0,0,0,0.0,8.0,0,0,0,93.09739234563122,SUCCESS,BULLISH,accumulate,0,87050.01,86994.32,0.06401567366695637,5.183744951589062
2025-12-24T14:53:55.751623+00:00,btc-updown-15m-1766588400,TRADE,DOWN,DIR_REBALANCE,5,5,0.47004888730094446,2.350244436504722,8.0,0.5002041553346108,5.0,0.4700488873009444,5,0.9702530426355552,0.14873478682222385,3.0,0,0,0,90.7471479091265,SUCCESS,BULLISH,rebalance,0,87070.06,86994.32,0.08706315538760541,5.913893595165462
