timestamp,market_slug,event_type,trade_side,trade_mode,size_requested,size_filled,price,cost,pos_up_size,pos_up_avg_price,pos_down_size,pos_down_avg_price,pos_hedged_pairs,pos_pair_cost,pos_locked_profit,pos_imbalance,pnl_min,pnl_max,pnl_realized,balance_after,status
2025-12-20T08:19:03.963649+00:00,btc-updown-15m-1766218500,TRADE,UP,ACCUM,2,2,0.5202,1.0404,2,0.5202,0,0.0,0,0.0,0.0,1.0,-1.0404,0.9596,0.0,998.96,SUCCESS
2025-12-20T08:19:03.963932+00:00,btc-updown-15m-1766218500,TRADE,DOWN,ACCUM,2,2,0.49,0.9801,2,0.5202,2,0.49,2,1.0102,-0.0205,0.0,-0.0205,-0.0205,0.0,997.98,SUCCESS
2025-12-20T08:19:20.345563+00:00,btc-updown-15m-1766218500,TRADE,DOWN,ACCUM,2,2,0.4101,0.8202,2,0.5202,4,0.4501,2,0.9703,0.0594,0.5,-0.8407,1.1593,0.0,997.16,SUCCESS
2025-12-20T08:19:25.813424+00:00,btc-updown-15m-1766218500,TRADE,UP,ACCUM,2,2,0.5601,1.1201,4,0.5401,4,0.4501,4,0.9902,0.0392,0.0,0.0392,0.0392,0.0,996.04,SUCCESS
2025-12-20T08:19:25.813771+00:00,btc-updown-15m-1766218500,TRADE,DOWN,ACCUM,2,2,0.4498,0.8996,4,0.5401,6,0.45,4,0.9901,0.0396,0.33,-0.8604,1.1396,0.0,995.14,SUCCESS
2025-12-20T08:19:31.485598+00:00,btc-updown-15m-1766218500,TRADE,DOWN,ACCUM,2,2,0.4202,0.8404,4,0.5401,8,0.4425,4,0.9827,0.0693,0.5,-1.7008,2.2992,0.0,994.3,SUCCESS
2025-12-20T08:19:36.933621+00:00,btc-updown-15m-1766218500,TRADE,DOWN,ACCUM,2,2,0.4101,0.8203,4,0.5401,10,0.4361,4,0.9762,0.0952,0.6,-2.5211,3.4789,0.0,993.48,SUCCESS
2025-12-20T08:19:42.383091+00:00,btc-updown-15m-1766218500,TRADE,UP,ACCUM,2,2,0.5802,1.1603,6,0.5535,10,0.4361,6,0.9895,0.0628,0.4,-1.6814,2.3186,0.0,992.32,SUCCESS
2025-12-20T08:19:42.383896+00:00,btc-updown-15m-1766218500,TRADE,DOWN,ACCUM,2,2,0.4301,0.8601,6,0.5535,12,0.4351,6,0.9885,0.0688,0.5,-2.5415,3.4585,0.0,991.46,SUCCESS
2025-12-20T08:19:47.882301+00:00,btc-updown-15m-1766218500,TRADE,DOWN,ACCUM,2,2,0.4101,0.8202,6,0.5535,14,0.4315,6,0.985,0.0902,0.57,-3.3617,4.6383,0.0,990.64,SUCCESS
2025-12-20T08:19:53.356247+00:00,btc-updown-15m-1766218500,TRADE,UP,ACCUM,2,2,0.5903,1.1806,8,0.5627,14,0.4315,8,0.9942,0.0467,0.43,-2.5423,3.4577,0.0,989.46,SUCCESS
2025-12-20T08:19:53.356561+00:00,btc-updown-15m-1766218500,TRADE,DOWN,ACCUM,2,2,0.4201,0.8401,8,0.5627,16,0.4301,8,0.9927,0.0581,0.5,-3.3824,4.6176,0.0,988.62,SUCCESS
2025-12-20T08:19:58.932872+00:00,btc-updown-15m-1766218500,TRADE,DOWN,ACCUM,2,2,0.43,0.86,8,0.5627,18,0.4301,8,0.9927,0.0581,0.56,-4.2424,5.7576,0.0,987.76,SUCCESS
2025-12-20T08:20:09.828515+00:00,btc-updown-15m-1766218500,TRADE,DOWN,ACCUM,2,2,0.42,0.8401,8,0.5627,20,0.4291,8,0.9917,0.0662,0.6,-5.0825,6.9175,0.0,986.92,SUCCESS
2025-12-20T08:20:15.286692+00:00,btc-updown-15m-1766218500,TRADE,UP,ACCUM,2,2,0.5701,1.1401,10,0.5642,20,0.4291,10,0.9932,0.0679,0.5,-4.2226,5.7774,0.0,985.78,SUCCESS
2025-12-20T08:20:15.287061+00:00,btc-updown-15m-1766218500,TRADE,DOWN,ACCUM,2,2,0.4401,0.8802,10,0.5642,22,0.4301,10,0.9942,0.0579,0.55,-5.1028,6.8972,0.0,984.9,SUCCESS
2025-12-20T08:20:20.876660+00:00,btc-updown-15m-1766218500,TRADE,DOWN,ACCUM,2,2,0.4301,0.8602,10,0.5642,24,0.4301,10,0.9942,0.0578,0.58,-5.963,8.037,0.0,984.04,SUCCESS
2025-12-20T08:20:31.960751+00:00,btc-updown-15m-1766218500,TRADE,DOWN,ACCUM,2,2,0.3602,0.7203,10,0.5642,26,0.4247,10,0.9888,0.1116,0.62,-6.6834,9.3166,0.0,983.32,SUCCESS
2025-12-20T08:20:42.979680+00:00,btc-updown-15m-1766218500,TRADE,DOWN,ACCUM,2,2,0.18,0.36,10,0.5642,28,0.4072,10,0.9714,0.2864,0.64,-7.0434,10.9566,0.0,982.96,SUCCESS
2025-12-20T08:20:48.438297+00:00,btc-updown-15m-1766218500,TRADE,DOWN,ACCUM,2,2,0.24,0.48,10,0.5642,30,0.3961,10,0.9602,0.3978,0.67,-7.5234,12.4766,0.0,982.48,SUCCESS
2025-12-20T08:20:53.895568+00:00,btc-updown-15m-1766218500,TRADE,UP,ACCUM,2,2,0.7501,1.5001,12,0.5951,30,0.3961,12,0.9912,0.1056,0.6,-7.0236,10.9764,0.0,980.98,SUCCESS
2025-12-20T08:20:53.896607+00:00,btc-updown-15m-1766218500,TRADE,DOWN,ACCUM,2,2,0.2601,0.5201,12,0.5951,32,0.3876,12,0.9827,0.2076,0.62,-7.5437,12.4563,0.0,980.46,SUCCESS
2025-12-20T08:20:59.365742+00:00,btc-updown-15m-1766218500,TRADE,DOWN,ACCUM,2,2,0.2401,0.4801,12,0.5951,34,0.3789,12,0.974,0.3117,0.65,-8.0238,13.9762,0.0,979.98,SUCCESS
2025-12-20T08:21:04.810945+00:00,btc-updown-15m-1766218500,TRADE,UP,ACCUM,4,4,0.84,3.3601,16,0.6564,34,0.3789,16,1.0352,-0.564,0.53,-7.3839,10.6161,0.0,976.62,SUCCESS
2025-12-20T08:30:03.122618+00:00,btc-updown-15m-1766218500,RESOLUTION,DOWN,MARKET_END,50,50,1.0,23.3839,16,0.6564,34,0.3789,16,1.0352,-0.564,0.53,0.0,0.0,3.7961,1010.62,RESOLVED
2025-12-20T08:30:16.006448+00:00,btc-updown-15m-1766219400,TRADE,UP,ACCUM,2,2,0.4101,0.8202,2,0.4101,0,0.0,0,0.0,0.0,1.0,-0.8202,1.1798,0.0,1009.8,SUCCESS
2025-12-20T08:30:16.007043+00:00,btc-updown-15m-1766219400,TRADE,DOWN,ACCUM,2,2,0.6002,1.2004,2,0.4101,2,0.6002,2,1.0103,-0.0205,0.0,-0.0205,-0.0205,0.0,1008.6,SUCCESS
2025-12-20T08:30:43.893914+00:00,btc-updown-15m-1766219400,TRADE,DOWN,ACCUM,2,2,0.5302,1.0603,2,0.4101,4,0.5652,2,0.9753,0.0495,0.5,-1.0809,0.9191,0.0,1007.54,SUCCESS
2025-12-20T08:30:49.585256+00:00,btc-updown-15m-1766219400,TRADE,DOWN,ACCUM,2,2,0.54,1.08,2,0.4101,6,0.5568,2,0.9669,0.0663,0.67,-2.1609,1.8391,0.0,1006.46,SUCCESS
2025-12-20T08:30:55.038869+00:00,btc-updown-15m-1766219400,TRADE,UP,ACCUM,2,2,0.4602,0.9204,4,0.4351,6,0.5568,4,0.9919,0.0323,0.33,-1.0813,0.9187,0.0,1005.53,SUCCESS
2025-12-20T08:30:55.039237+00:00,btc-updown-15m-1766219400,TRADE,DOWN,ACCUM,2,2,0.5501,1.1001,4,0.4351,8,0.5551,4,0.9902,0.039,0.5,-2.1814,1.8186,0.0,1004.43,SUCCESS
2025-12-20T08:31:00.515698+00:00,btc-updown-15m-1766219400,TRADE,DOWN,ACCUM,2,1,0.54,0.54,4,0.4351,9,0.5534,4,0.9886,0.0457,0.56,-2.7214,2.2786,0.0,1003.89,SUCCESS
2025-12-20T08:31:06.008336+00:00,btc-updown-15m-1766219400,TRADE,DOWN,ACCUM,2,2,0.5502,1.1004,4,0.4351,11,0.5528,4,0.988,0.0481,0.64,-3.8217,3.1783,0.0,1002.79,SUCCESS
2025-12-20T08:31:11.613549+00:00,btc-updown-15m-1766219400,TRADE,DOWN,ACCUM,2,1,0.5402,0.5402,4,0.4351,12,0.5518,4,0.9869,0.0523,0.67,-4.3619,3.6381,0.0,1002.25,SUCCESS
2025-12-20T08:31:17.078652+00:00,btc-updown-15m-1766219400,TRADE,UP,ACCUM,2,2,0.4501,0.9001,6,0.4401,12,0.5518,6,0.9919,0.0487,0.5,-3.2621,2.7379,0.0,1001.35,SUCCESS
2025-12-20T08:31:17.078796+00:00,btc-updown-15m-1766219400,TRADE,DOWN,ACCUM,2,2,0.5601,1.1201,6,0.4401,14,0.553,6,0.9931,0.0416,0.57,-4.3822,3.6178,0.0,1000.23,SUCCESS
2025-12-20T08:31:22.654476+00:00,btc-updown-15m-1766219400,TRADE,UP,ACCUM,2,2,0.4401,0.8802,8,0.4401,14,0.553,8,0.9931,0.0554,0.43,-3.2624,2.7376,0.0,999.35,SUCCESS
2025-12-20T08:31:28.132107+00:00,btc-updown-15m-1766219400,TRADE,UP,ACCUM,2,2,0.4401,0.8802,10,0.4401,14,0.553,10,0.9931,0.0693,0.29,-2.1426,1.8574,0.0,998.47,SUCCESS
2025-12-20T08:31:33.626095+00:00,btc-updown-15m-1766219400,TRADE,UP,ACCUM,2,2,0.4402,0.8803,12,0.4401,14,0.553,12,0.9931,0.083,0.14,-1.0229,0.9771,0.0,997.59,SUCCESS
2025-12-20T08:31:39.074553+00:00,btc-updown-15m-1766219400,TRADE,UP,ACCUM,2,1,0.4401,0.4401,13,0.4401,14,0.553,13,0.9931,0.0899,0.07,-0.463,0.537,0.0,997.15,SUCCESS
2025-12-20T08:31:44.589911+00:00,btc-updown-15m-1766219400,TRADE,UP,ACCUM,2,2,0.42,0.84,15,0.4374,14,0.553,14,0.9904,0.1343,0.07,-0.3031,0.6969,0.0,996.31,SUCCESS
2025-12-20T08:31:50.050528+00:00,btc-updown-15m-1766219400,TRADE,UP,ACCUM,2,2,0.4101,0.8203,17,0.4342,14,0.553,14,0.9872,0.1793,0.18,-1.1234,1.8766,0.0,995.49,SUCCESS
2025-12-20T08:32:01.000046+00:00,btc-updown-15m-1766219400,TRADE,UP,ACCUM,2,2,0.38,0.76,19,0.4285,14,0.553,14,0.9815,0.2592,0.26,-1.8834,3.1166,0.0,994.73,SUCCESS
2025-12-20T08:32:06.553887+00:00,btc-updown-15m-1766219400,TRADE,DOWN,ACCUM,2,2,0.6402,1.2803,19,0.4285,16,0.5639,16,0.9924,0.1219,0.16,-1.1637,1.8363,0.0,993.45,SUCCESS
2025-12-20T08:32:17.510696+00:00,btc-updown-15m-1766219400,TRADE,UP,ACCUM,2,2,0.4,0.8001,21,0.4258,16,0.5639,16,0.9897,0.1653,0.24,-1.9638,3.0362,0.0,992.65,SUCCESS
2025-12-20T08:32:22.990473+00:00,btc-updown-15m-1766219400,TRADE,UP,ACCUM,2,2,0.4701,0.9402,23,0.4297,16,0.5639,16,0.9935,0.1036,0.3,-2.904,4.096,0.0,991.71,SUCCESS
2025-12-20T08:32:22.991318+00:00,btc-updown-15m-1766219400,TRADE,DOWN,ACCUM,2,2,0.5402,1.0805,23,0.4297,18,0.5612,18,0.9909,0.1639,0.22,-1.9844,3.0156,0.0,990.63,SUCCESS
2025-12-20T08:32:28.456470+00:00,btc-updown-15m-1766219400,TRADE,UP,ACCUM,2,2,0.4702,0.9404,25,0.4329,18,0.5612,18,0.9941,0.1055,0.28,-2.9248,4.0752,0.0,989.69,SUCCESS
2025-12-20T08:32:28.457703+00:00,btc-updown-15m-1766219400,TRADE,DOWN,ACCUM,2,1,0.5301,0.5301,25,0.4329,19,0.5596,19,0.9925,0.1425,0.24,-2.4549,3.5451,0.0,989.16,SUCCESS
2025-12-20T08:32:33.917277+00:00,btc-updown-15m-1766219400,TRADE,DOWN,ACCUM,2,2,0.5301,1.0603,25,0.4329,21,0.5568,21,0.9897,0.2164,0.16,-1.5152,2.4848,0.0,988.1,SUCCESS
2025-12-20T08:32:39.629168+00:00,btc-updown-15m-1766219400,TRADE,UP,ACCUM,2,2,0.4702,0.9403,27,0.4357,21,0.5568,21,0.9925,0.1584,0.22,-2.4556,3.5444,0.0,987.16,SUCCESS
2025-12-20T08:32:39.629535+00:00,btc-updown-15m-1766219400,TRADE,DOWN,ACCUM,2,2,0.5401,1.0803,27,0.4357,23,0.5553,23,0.991,0.2068,0.15,-1.5358,2.4642,0.0,986.08,SUCCESS
2025-12-20T08:32:45.117286+00:00,btc-updown-15m-1766219400,TRADE,UP,ACCUM,2,1,0.4702,0.4702,28,0.4369,23,0.5553,23,0.9922,0.1785,0.18,-2.006,2.994,0.0,985.61,SUCCESS
2025-12-20T08:32:45.117720+00:00,btc-updown-15m-1766219400,TRADE,DOWN,ACCUM,2,2,0.5401,1.0802,28,0.4369,25,0.5541,25,0.991,0.2245,0.11,-1.0862,1.9138,0.0,984.53,SUCCESS
2025-12-20T08:32:50.595423+00:00,btc-updown-15m-1766219400,TRADE,UP,ACCUM,2,2,0.47,0.9401,30,0.4391,25,0.5541,25,0.9932,0.1693,0.17,-2.0262,2.9738,0.0,983.59,SUCCESS
2025-12-20T08:32:50.596331+00:00,btc-updown-15m-1766219400,TRADE,DOWN,ACCUM,2,2,0.5501,1.1001,30,0.4391,27,0.5538,27,0.9929,0.1909,0.1,-1.1264,1.8736,0.0,982.49,SUCCESS
2025-12-20T08:32:56.103001+00:00,btc-updown-15m-1766219400,TRADE,UP,ACCUM,2,2,0.4701,0.9401,32,0.441,27,0.5538,27,0.9949,0.1387,0.16,-2.0665,2.9335,0.0,981.55,SUCCESS
2025-12-20T08:32:56.103260+00:00,btc-updown-15m-1766219400,TRADE,DOWN,ACCUM,2,2,0.5501,1.1002,32,0.441,29,0.5536,29,0.9946,0.1564,0.09,-1.1667,1.8333,0.0,980.45,SUCCESS
2025-12-20T08:33:01.579420+00:00,btc-updown-15m-1766219400,TRADE,DOWN,ACCUM,2,2,0.55,1.1001,32,0.441,31,0.5533,31,0.9944,0.1743,0.03,-0.2668,0.7332,0.0,979.35,SUCCESS
2025-12-20T08:33:07.052611+00:00,btc-updown-15m-1766219400,TRADE,DOWN,ACCUM,2,1,0.51,0.51,32,0.441,32,0.552,32,0.993,0.2232,0.0,0.2232,0.2232,0.0,978.84,SUCCESS
2025-12-20T08:33:12.540614+00:00,btc-updown-15m-1766219400,TRADE,DOWN,ACCUM,2,1,0.5301,0.5301,32,0.441,33,0.5513,32,0.9924,0.2444,0.03,-0.3069,0.6931,0.0,978.31,SUCCESS
2025-12-20T08:33:17.994101+00:00,btc-updown-15m-1766219400,TRADE,DOWN,ACCUM,2,2,0.5501,1.1001,32,0.441,35,0.5513,32,0.9923,0.2467,0.09,-1.4071,1.5929,0.0,977.21,SUCCESS
2025-12-20T08:33:29.020885+00:00,btc-updown-15m-1766219400,TRADE,UP,ACCUM,2,2,0.3902,0.7803,34,0.438,35,0.5513,34,0.9893,0.3639,0.03,-0.1874,0.8126,0.0,976.43,SUCCESS
2025-12-20T08:33:34.489757+00:00,btc-updown-15m-1766219400,TRADE,UP,ACCUM,2,2,0.3901,0.7802,36,0.4354,35,0.5513,35,0.9866,0.4679,0.03,0.0325,1.0325,0.0,975.65,SUCCESS
2025-12-20T08:33:34.490009+00:00,btc-updown-15m-1766219400,TRADE,DOWN,ACCUM,2,1,0.63,0.63,36,0.4354,36,0.5534,36,0.9888,0.4024,0.0,0.4024,0.4024,0.0,975.02,SUCCESS
2025-12-20T08:33:39.967040+00:00,btc-updown-15m-1766219400,TRADE,UP,ACCUM,2,2,0.4101,0.8201,38,0.434,36,0.5534,36,0.9875,0.4504,0.05,-0.4177,1.5823,0.0,974.2,SUCCESS
2025-12-20T08:33:39.967964+00:00,btc-updown-15m-1766219400,TRADE,DOWN,ACCUM,2,1,0.6001,0.6001,38,0.434,37,0.5547,37,0.9887,0.4163,0.03,-0.0177,0.9823,0.0,973.6,SUCCESS
2025-12-20T08:33:45.429532+00:00,btc-updown-15m-1766219400,TRADE,UP,ACCUM,2,2,0.4101,0.8202,40,0.4329,37,0.5547,37,0.9876,0.4606,0.07,-0.838,2.162,0.0,972.78,SUCCESS
2025-12-20T08:33:45.430332+00:00,btc-updown-15m-1766219400,TRADE,DOWN,ACCUM,2,2,0.6003,1.2006,40,0.4329,39,0.557,39,0.9899,0.3943,0.03,-0.0385,0.9615,0.0,971.58,SUCCESS
2025-12-20T08:33:50.891154+00:00,btc-updown-15m-1766219400,TRADE,UP,ACCUM,2,1,0.3802,0.3802,41,0.4316,39,0.557,39,0.9886,0.4444,0.05,-0.4187,1.5813,0.0,971.2,SUCCESS
2025-12-20T08:33:50.892450+00:00,btc-updown-15m-1766219400,TRADE,DOWN,ACCUM,2,2,0.64,1.28,41,0.4316,41,0.5611,41,0.9927,0.3013,0.0,0.3013,0.3013,0.0,969.92,SUCCESS
2025-12-20T08:33:56.356627+00:00,btc-updown-15m-1766219400,TRADE,UP,ACCUM,2,2,0.41,0.8201,43,0.4306,41,0.5611,41,0.9917,0.3423,0.05,-0.5188,1.4812,0.0,969.1,SUCCESS
2025-12-20T08:33:56.357983+00:00,btc-updown-15m-1766219400,TRADE,DOWN,ACCUM,2,2,0.6,1.2001,43,0.4306,43,0.5629,43,0.9935,0.2811,0.0,0.2811,0.2811,0.0,967.9,SUCCESS
2025-12-20T08:34:07.326913+00:00,btc-updown-15m-1766219400,TRADE,DOWN,ACCUM,2,2,0.5502,1.1003,43,0.4306,45,0.5623,43,0.9929,0.3055,0.04,-0.8192,1.1808,0.0,966.8,SUCCESS
2025-12-20T08:34:12.764010+00:00,btc-updown-15m-1766219400,TRADE,UP,ACCUM,2,2,0.46,0.92,45,0.4319,45,0.5623,45,0.9942,0.2608,0.0,0.2608,0.2608,0.0,965.88,SUCCESS
2025-12-20T08:34:12.764193+00:00,btc-updown-15m-1766219400,TRADE,DOWN,ACCUM,2,1,0.5501,0.5501,45,0.4319,46,0.5621,45,0.9939,0.2728,0.02,-0.2893,0.7107,0.0,965.33,SUCCESS
2025-12-20T08:34:18.201927+00:00,btc-updown-15m-1766219400,TRADE,UP,ACCUM,2,2,0.4401,0.8802,47,0.4322,46,0.5621,46,0.9943,0.2627,0.02,-0.1695,0.8305,0.0,964.45,SUCCESS
2025-12-20T08:34:18.203176+00:00,btc-updown-15m-1766219400,TRADE,DOWN,ACCUM,2,2,0.5703,1.1405,47,0.4322,48,0.5624,47,0.9946,0.2524,0.02,-0.31,0.69,0.0,963.31,SUCCESS
2025-12-20T08:34:23.677445+00:00,btc-updown-15m-1766219400,TRADE,DOWN,ACCUM,2,2,0.57,1.1401,47,0.4322,50,0.5627,47,0.9949,0.238,0.06,-1.4501,1.5499,0.0,962.17,SUCCESS
2025-12-20T08:44:33.237116+00:00,btc-updown-15m-1766219400,TRADE,UP,ACCUM,2,2,0.3201,0.6401,49,0.4276,50,0.5627,49,0.9904,0.4725,0.02,-0.0902,0.9098,0.0,961.53,SUCCESS
2025-12-20T08:44:38.686423+00:00,btc-updown-15m-1766219400,TRADE,UP,ACCUM,2,2,0.11,0.2201,51,0.4152,50,0.5627,50,0.9779,1.1049,0.02,0.6897,1.6897,0.0,961.31,SUCCESS
2025-12-20T09:00:06.907262+00:00,btc-updown-15m-1766221200,TRADE,UP,ACCUM,2,2,0.5001,1.0003,2,0.5001,0,0.0,0,0.0,0.0,1.0,-1.0003,0.9997,0.0,999.0,SUCCESS
2025-12-20T09:00:12.373396+00:00,btc-updown-15m-1766221200,TRADE,UP,ACCUM,2,2,0.4601,0.9201,4,0.4801,0,0.0,0,0.0,0.0,1.0,-1.9204,2.0796,0.0,998.08,SUCCESS
2025-12-20T09:00:12.373998+00:00,btc-updown-15m-1766221200,TRADE,DOWN,ACCUM,2,2,0.5502,1.1004,4,0.4801,2,0.5502,2,1.0303,-0.0606,0.5,-1.0208,0.9792,0.0,996.98,SUCCESS
2025-12-20T09:01:40.264473+00:00,btc-updown-15m-1766221200,TRADE,UP,ACCUM,2,2,0.3302,0.6603,6,0.4301,2,0.5502,2,0.9803,0.0394,0.67,-1.6811,2.3189,0.0,996.32,SUCCESS
2025-12-20T09:01:45.717454+00:00,btc-updown-15m-1766221200,TRADE,UP,ACCUM,2,1,0.3301,0.3301,7,0.4158,2,0.5502,2,0.966,0.0679,0.71,-2.0112,2.9888,0.0,995.99,SUCCESS
2025-12-20T09:01:51.156412+00:00,btc-updown-15m-1766221200,TRADE,UP,ACCUM,2,2,0.33,0.6601,9,0.3968,2,0.5502,2,0.947,0.1061,0.78,-2.6713,4.3287,0.0,995.33,SUCCESS
2025-12-20T09:01:56.619565+00:00,btc-updown-15m-1766221200,TRADE,UP,ACCUM,2,2,0.3,0.6001,11,0.3792,2,0.5502,2,0.9294,0.1412,0.82,-3.2713,5.7287,0.0,994.73,SUCCESS
2025-12-20T09:02:02.092332+00:00,btc-updown-15m-1766221200,TRADE,UP,ACCUM,2,2,0.3201,0.6402,13,0.3701,2,0.5502,2,0.9203,0.1594,0.85,-3.9115,7.0885,0.0,994.09,SUCCESS
2025-12-20T09:02:07.698899+00:00,btc-updown-15m-1766221200,TRADE,UP,ACCUM,2,2,0.4301,0.8602,15,0.3781,2,0.5502,2,0.9283,0.1434,0.87,-4.7717,8.2283,0.0,993.23,SUCCESS
2025-12-20T09:02:07.699066+00:00,btc-updown-15m-1766221200,TRADE,DOWN,ACCUM,2,2,0.59,1.1801,15,0.3781,4,0.5701,4,0.9482,0.2072,0.73,-3.9517,7.0483,0.0,992.05,SUCCESS
2025-12-20T09:02:13.147454+00:00,btc-updown-15m-1766221200,TRADE,DOWN,ACCUM,2,2,0.5901,1.1803,15,0.3781,6,0.5768,6,0.9549,0.2707,0.6,-3.132,5.868,0.0,990.87,SUCCESS
2025-12-20T09:02:18.708778+00:00,btc-updown-15m-1766221200,TRADE,UP,ACCUM,2,2,0.4101,0.8201,17,0.3818,6,0.5768,6,0.9586,0.2482,0.65,-3.9521,7.0479,0.0,990.05,SUCCESS
2025-12-20T09:02:18.708931+00:00,btc-updown-15m-1766221200,TRADE,DOWN,ACCUM,2,2,0.6003,1.2005,17,0.3818,8,0.5827,8,0.9645,0.2839,0.53,-3.1527,5.8473,0.0,988.85,SUCCESS
2025-12-20T09:02:24.180016+00:00,btc-updown-15m-1766221200,TRADE,UP,ACCUM,2,2,0.52,1.04,19,0.3964,8,0.5827,8,0.979,0.1676,0.58,-4.1927,6.8073,0.0,987.81,SUCCESS
2025-12-20T09:02:24.180363+00:00,btc-updown-15m-1766221200,TRADE,DOWN,ACCUM,2,2,0.5102,1.0205,19,0.3964,10,0.5682,10,0.9646,0.3543,0.47,-3.2131,5.7869,0.0,986.79,SUCCESS
2025-12-20T09:02:29.792857+00:00,btc-updown-15m-1766221200,TRADE,UP,ACCUM,2,2,0.5103,1.0205,21,0.4072,10,0.5682,10,0.9754,0.2459,0.52,-4.2336,6.7664,0.0,985.77,SUCCESS
2025-12-20T09:02:29.793973+00:00,btc-updown-15m-1766221200,TRADE,DOWN,ACCUM,2,2,0.5001,1.0002,21,0.4072,12,0.5568,12,0.9641,0.4312,0.43,-3.2339,5.7661,0.0,984.77,SUCCESS
2025-12-20T09:02:35.259578+00:00,btc-updown-15m-1766221200,TRADE,UP,ACCUM,2,2,0.4902,0.9803,23,0.4144,12,0.5568,12,0.9713,0.3447,0.48,-4.2142,6.7858,0.0,983.79,SUCCESS
2025-12-20T09:02:35.260489+00:00,btc-updown-15m-1766221200,TRADE,DOWN,ACCUM,2,2,0.5302,1.0605,23,0.4144,14,0.553,14,0.9675,0.4553,0.39,-3.2747,5.7253,0.0,982.73,SUCCESS
2025-12-20T09:02:40.745591+00:00,btc-updown-15m-1766221200,TRADE,UP,ACCUM,2,2,0.4602,0.9204,25,0.4181,14,0.553,14,0.9711,0.404,0.44,-4.1951,6.8049,0.0,981.8,SUCCESS
2025-12-20T09:02:46.180598+00:00,btc-updown-15m-1766221200,TRADE,UP,ACCUM,2,2,0.5202,1.0403,27,0.4257,14,0.553,14,0.9787,0.2982,0.48,-5.2354,7.7646,0.0,980.76,SUCCESS
2025-12-20T09:02:46.181636+00:00,btc-updown-15m-1766221200,TRADE,DOWN,ACCUM,2,2,0.4901,0.9801,27,0.4257,16,0.5452,16,0.9708,0.4668,0.41,-4.2156,6.7844,0.0,979.78,SUCCESS
2025-12-20T09:02:51.626538+00:00,btc-updown-15m-1766221200,TRADE,UP,ACCUM,2,2,0.5302,1.0604,29,0.4329,16,0.5452,16,0.978,0.3514,0.45,-5.2759,7.7241,0.0,978.72,SUCCESS
2025-12-20T09:02:51.626856+00:00,btc-updown-15m-1766221200,TRADE,DOWN,ACCUM,2,2,0.4902,0.9803,29,0.4329,18,0.539,18,0.9719,0.5054,0.38,-4.2562,6.7438,0.0,977.74,SUCCESS
2025-12-20T09:02:57.084785+00:00,btc-updown-15m-1766221200,TRADE,DOWN,ACCUM,2,2,0.4802,0.9605,29,0.4329,20,0.5332,20,0.966,0.6792,0.31,-3.2167,5.7833,0.0,976.78,SUCCESS
2025-12-20T09:03:02.535762+00:00,btc-updown-15m-1766221200,TRADE,UP,ACCUM,2,2,0.51,1.02,31,0.4378,20,0.5332,20,0.971,0.5797,0.35,-4.2367,6.7633,0.0,975.76,SUCCESS
2025-12-20T09:03:02.535953+00:00,btc-updown-15m-1766221200,TRADE,DOWN,ACCUM,2,2,0.5002,1.0003,31,0.4378,22,0.5302,22,0.968,0.7036,0.29,-3.237,5.763,0.0,974.76,SUCCESS
2025-12-20T09:03:08.120647+00:00,btc-updown-15m-1766221200,TRADE,UP,ACCUM,2,1,0.5101,0.5101,32,0.4401,22,0.5302,22,0.9703,0.6539,0.31,-3.7471,6.2529,0.0,974.25,SUCCESS
2025-12-20T09:03:13.570806+00:00,btc-updown-15m-1766221200,TRADE,UP,ACCUM,2,2,0.5201,1.0402,34,0.4448,22,0.5302,22,0.975,0.5504,0.35,-4.7874,7.2126,0.0,973.21,SUCCESS
2025-12-20T09:03:13.571053+00:00,btc-updown-15m-1766221200,TRADE,DOWN,ACCUM,2,2,0.4998,0.9995,34,0.4448,24,0.5276,24,0.9724,0.6612,0.29,-3.7869,6.2131,0.0,972.21,SUCCESS
2025-12-20T09:03:19.058895+00:00,btc-updown-15m-1766221200,TRADE,UP,ACCUM,2,2,0.5201,1.0401,36,0.449,24,0.5276,24,0.9766,0.5609,0.33,-4.827,7.173,0.0,971.17,SUCCESS
2025-12-20T09:03:19.059818+00:00,btc-updown-15m-1766221200,TRADE,DOWN,ACCUM,2,2,0.4901,0.9803,36,0.449,26,0.5248,26,0.9737,0.6826,0.28,-3.8073,6.1927,0.0,970.19,SUCCESS
2025-12-20T09:03:24.521929+00:00,btc-updown-15m-1766221200,TRADE,UP,ACCUM,2,2,0.5802,1.1604,38,0.4559,26,0.5248,26,0.9807,0.5031,0.32,-4.9677,7.0323,0.0,969.03,SUCCESS
2025-12-20T09:03:24.522199+00:00,btc-updown-15m-1766221200,TRADE,DOWN,ACCUM,2,2,0.4501,0.9001,38,0.4559,28,0.5194,28,0.9753,0.6912,0.26,-3.8678,6.1322,0.0,968.13,SUCCESS
2025-12-20T09:03:29.996005+00:00,btc-updown-15m-1766221200,TRADE,UP,ACCUM,2,2,0.6101,1.2202,40,0.4636,28,0.5194,28,0.983,0.4753,0.3,-5.0881,6.9119,0.0,966.91,SUCCESS
2025-12-20T09:03:29.996887+00:00,btc-updown-15m-1766221200,TRADE,DOWN,ACCUM,2,2,0.4001,0.8001,40,0.4636,30,0.5115,30,0.9751,0.7479,0.25,-3.8882,6.1118,0.0,966.11,SUCCESS
2025-12-20T09:03:35.435718+00:00,btc-updown-15m-1766221200,TRADE,UP,ACCUM,2,1,0.6101,0.6101,41,0.4672,30,0.5115,30,0.9786,0.6407,0.27,-4.4983,6.5017,0.0,965.5,SUCCESS
2025-12-20T09:03:35.435918+00:00,btc-updown-15m-1766221200,TRADE,DOWN,ACCUM,2,2,0.4001,0.8003,41,0.4672,32,0.5045,32,0.9717,0.906,0.22,-3.2986,5.7014,0.0,964.7,SUCCESS
2025-12-20T09:03:40.904793+00:00,btc-updown-15m-1766221200,TRADE,DOWN,ACCUM,2,2,0.39,0.7801,41,0.4672,34,0.4978,34,0.965,1.1916,0.17,-2.0787,4.9213,0.0,963.92,SUCCESS
2025-12-20T09:03:46.354252+00:00,btc-updown-15m-1766221200,TRADE,UP,ACCUM,2,2,0.5702,1.1404,43,0.472,34,0.4978,34,0.9697,1.0287,0.21,-3.2191,5.7809,0.0,962.78,SUCCESS
2025-12-20T09:03:51.967326+00:00,btc-updown-15m-1766221200,TRADE,UP,ACCUM,2,2,0.6001,1.2003,45,0.4777,34,0.4978,34,0.9754,0.835,0.24,-4.4194,6.5806,0.0,961.58,SUCCESS
2025-12-20T09:03:51.968310+00:00,btc-updown-15m-1766221200,TRADE,DOWN,ACCUM,2,2,0.3702,0.7403,45,0.4777,36,0.4907,36,0.9684,1.1394,0.2,-3.1597,5.8403,0.0,960.84,SUCCESS
2025-12-20T09:03:57.461095+00:00,btc-updown-15m-1766221200,TRADE,UP,ACCUM,2,2,0.7101,1.4202,47,0.4876,36,0.4907,36,0.9782,0.7833,0.23,-4.5799,6.4201,0.0,959.42,SUCCESS
2025-12-20T09:03:57.461253+00:00,btc-updown-15m-1766221200,TRADE,DOWN,ACCUM,2,2,0.3001,0.6002,47,0.4876,38,0.4806,38,0.9682,1.208,0.19,-3.1801,5.8199,0.0,958.82,SUCCESS
2025-12-20T09:04:02.950199+00:00,btc-updown-15m-1766221200,TRADE,UP,ACCUM,2,2,0.7701,1.5401,49,0.4991,38,0.4806,38,0.9797,0.7698,0.22,-4.7202,6.2798,0.0,957.28,SUCCESS
2025-12-20T09:04:02.950647+00:00,btc-updown-15m-1766221200,TRADE,DOWN,ACCUM,2,2,0.2399,0.4799,49,0.4991,40,0.4686,40,0.9677,1.2918,0.18,-3.2001,5.7999,0.0,956.8,SUCCESS
2025-12-20T09:04:08.412186+00:00,btc-updown-15m-1766221200,TRADE,UP,ACCUM,2,2,0.7801,1.5602,51,0.5101,40,0.4686,40,0.9787,0.851,0.22,-4.7603,6.2397,0.0,955.24,SUCCESS
2025-12-20T09:04:13.959735+00:00,btc-updown-15m-1766221200,TRADE,DOWN,ACCUM,2,2,0.2401,0.4802,51,0.5101,42,0.4577,42,0.9678,1.3506,0.18,-3.2404,5.7596,0.0,954.76,SUCCESS
2025-12-20T09:04:19.470913+00:00,btc-updown-15m-1766221200,TRADE,DOWN,ACCUM,2,2,0.2301,0.4602,51,0.5101,44,0.4474,44,0.9575,1.8702,0.14,-1.7006,5.2994,0.0,954.3,SUCCESS
2025-12-20T09:04:24.936739+00:00,btc-updown-15m-1766221200,TRADE,DOWN,ACCUM,2,2,0.2601,0.5201,51,0.5101,46,0.4392,46,0.9494,2.3298,0.1,-0.2207,4.7793,0.0,953.78,SUCCESS
2025-12-20T09:04:30.386624+00:00,btc-updown-15m-1766221200,TRADE,DOWN,ACCUM,2,2,0.2501,0.5001,51,0.5101,48,0.4314,48,0.9415,2.8095,0.06,1.2792,4.2792,0.0,953.28,SUCCESS
2025-12-20T09:04:35.840646+00:00,btc-updown-15m-1766221200,TRADE,DOWN,ACCUM,2,2,0.23,0.4599,51,0.5101,50,0.4233,50,0.9334,3.3294,0.02,2.8193,3.8193,0.0,952.82,SUCCESS
2025-12-20T09:15:00.990398+00:00,btc-updown-15m-1766221200,RESOLUTION,UP,MARKET_END,101,101,1.0,47.1807,51,0.5101,50,0.4233,50,0.9334,3.3294,0.02,0.0,0.0,3.8199,1004.33,RESOLVED
2025-12-20T09:15:08.085361+00:00,btc-updown-15m-1766222100,TRADE,DOWN,ACCUM,2,1,0.5201,0.5201,0,0.0,1,0.5201,0,0.0,0.0,1.0,-0.5201,0.4799,0.0,1003.81,SUCCESS
2025-12-20T09:15:13.575814+00:00,btc-updown-15m-1766222100,TRADE,UP,ACCUM,2,2,0.4902,0.9804,2,0.4902,1,0.5201,1,1.0103,-0.0103,0.5,-0.5004,0.4996,0.0,1002.83,SUCCESS
2025-12-20T09:15:13.575976+00:00,btc-updown-15m-1766222100,TRADE,DOWN,ACCUM,2,2,0.5203,1.0405,2,0.4902,3,0.5202,2,1.0104,-0.0207,0.33,-0.5409,0.4591,0.0,1001.79,SUCCESS
2025-12-20T09:17:03.149390+00:00,btc-updown-15m-1766222100,TRADE,DOWN,ACCUM,2,2,0.4302,0.8603,2,0.4902,5,0.4842,2,0.9744,0.0513,0.6,-1.4013,1.5987,0.0,1000.93,SUCCESS
2025-12-20T09:17:08.606270+00:00,btc-updown-15m-1766222100,TRADE,DOWN,ACCUM,2,2,0.4202,0.8404,2,0.4902,7,0.4659,2,0.9561,0.0878,0.71,-2.2417,2.7583,0.0,1000.09,SUCCESS
2025-12-20T09:17:14.241886+00:00,btc-updown-15m-1766222100,TRADE,DOWN,ACCUM,2,2,0.4201,0.8402,2,0.4902,9,0.4557,2,0.9459,0.1082,0.78,-3.0818,3.9182,0.0,999.25,SUCCESS
2025-12-20T09:17:19.680358+00:00,btc-updown-15m-1766222100,TRADE,UP,ACCUM,2,2,0.58,1.16,4,0.5351,9,0.4557,4,0.9908,0.0367,0.56,-2.2418,2.7582,0.0,998.09,SUCCESS
2025-12-20T09:17:19.680630+00:00,btc-updown-15m-1766222100,TRADE,DOWN,ACCUM,2,2,0.43,0.86,4,0.5351,11,0.451,4,0.9861,0.0554,0.64,-3.1019,3.8981,0.0,997.23,SUCCESS
2025-12-20T09:17:25.128481+00:00,btc-updown-15m-1766222100,TRADE,DOWN,ACCUM,2,2,0.4102,0.8203,4,0.5351,13,0.4448,4,0.9798,0.0806,0.69,-3.9222,5.0778,0.0,996.41,SUCCESS
2025-12-20T09:17:30.564753+00:00,btc-updown-15m-1766222100,TRADE,DOWN,ACCUM,2,2,0.4002,0.8004,4,0.5351,15,0.4388,4,0.9739,0.1044,0.73,-4.7226,6.2774,0.0,995.61,SUCCESS
2025-12-20T09:17:36.024062+00:00,btc-updown-15m-1766222100,TRADE,DOWN,ACCUM,2,2,0.4002,0.8003,4,0.5351,17,0.4343,4,0.9694,0.1225,0.76,-5.5229,7.4771,0.0,994.81,SUCCESS
2025-12-20T09:17:41.470095+00:00,btc-updown-15m-1766222100,TRADE,UP,ACCUM,2,2,0.5102,1.0204,6,0.5268,17,0.4343,6,0.9611,0.2336,0.65,-4.5434,6.4566,0.0,993.79,SUCCESS
2025-12-20T09:17:41.470419+00:00,btc-updown-15m-1766222100,TRADE,DOWN,ACCUM,2,2,0.5,1.0,6,0.5268,19,0.4412,6,0.968,0.1921,0.68,-5.5434,7.4566,0.0,992.79,SUCCESS
2025-12-20T09:17:46.977037+00:00,btc-updown-15m-1766222100,TRADE,UP,ACCUM,2,2,0.5301,1.0602,8,0.5276,19,0.4412,8,0.9688,0.2495,0.58,-4.6036,6.3964,0.0,991.73,SUCCESS
2025-12-20T09:17:46.977222+00:00,btc-updown-15m-1766222100,TRADE,DOWN,ACCUM,2,2,0.4802,0.9604,8,0.5276,21,0.4449,8,0.9725,0.2198,0.62,-5.5639,7.4361,0.0,990.77,SUCCESS
2025-12-20T09:17:52.460339+00:00,btc-updown-15m-1766222100,TRADE,UP,ACCUM,2,2,0.54,1.0801,10,0.5301,21,0.4449,10,0.975,0.2499,0.52,-4.644,6.356,0.0,989.69,SUCCESS
2025-12-20T09:17:52.460504+00:00,btc-updown-15m-1766222100,TRADE,DOWN,ACCUM,2,2,0.4701,0.9403,10,0.5301,23,0.4471,10,0.9772,0.228,0.57,-5.5843,7.4157,0.0,988.74,SUCCESS
2025-12-20T09:17:57.895750+00:00,btc-updown-15m-1766222100,TRADE,UP,ACCUM,2,2,0.5401,1.0802,12,0.5318,23,0.4471,12,0.9789,0.2536,0.48,-4.6645,6.3355,0.0,987.66,SUCCESS
2025-12-20T09:17:57.896054+00:00,btc-updown-15m-1766222100,TRADE,DOWN,ACCUM,2,2,0.4701,0.9402,12,0.5318,25,0.4489,12,0.9807,0.2315,0.52,-5.6047,7.3953,0.0,986.72,SUCCESS
2025-12-20T09:18:03.465745+00:00,btc-updown-15m-1766222100,TRADE,DOWN,ACCUM,2,2,0.46,0.9201,12,0.5318,27,0.4498,12,0.9815,0.2216,0.56,-6.5247,8.4753,0.0,985.8,SUCCESS
2025-12-20T09:18:09.127723+00:00,btc-updown-15m-1766222100,TRADE,UP,ACCUM,2,2,0.6,1.2001,14,0.5415,27,0.4498,14,0.9913,0.122,0.48,-5.7248,7.2752,0.0,984.6,SUCCESS
2025-12-20T09:18:09.127900+00:00,btc-updown-15m-1766222100,TRADE,DOWN,ACCUM,2,2,0.4101,0.8201,14,0.5415,29,0.447,14,0.9885,0.1604,0.52,-6.5449,8.4551,0.0,983.78,SUCCESS
2025-12-20T09:18:14.792437+00:00,btc-updown-15m-1766222100,TRADE,DOWN,ACCUM,2,2,0.4302,0.8603,14,0.5415,31,0.4459,14,0.9875,0.1756,0.55,-7.4053,9.5947,0.0,982.92,SUCCESS
2025-12-20T09:18:20.248224+00:00,btc-updown-15m-1766222100,TRADE,UP,ACCUM,2,2,0.6003,1.2006,16,0.5489,31,0.4459,16,0.9948,0.0831,0.48,-6.6059,8.3941,0.0,981.72,SUCCESS
2025-12-20T09:18:20.248462+00:00,btc-updown-15m-1766222100,TRADE,DOWN,ACCUM,2,2,0.4101,0.8201,16,0.5489,33,0.4438,16,0.9926,0.1179,0.52,-7.426,9.574,0.0,980.9,SUCCESS
2025-12-20T09:18:25.738739+00:00,btc-updown-15m-1766222100,TRADE,DOWN,ACCUM,2,2,0.4101,0.8203,16,0.5489,35,0.4418,16,0.9907,0.1487,0.54,-8.2462,10.7538,0.0,980.08,SUCCESS
2025-12-20T09:18:31.246624+00:00,btc-updown-15m-1766222100,TRADE,DOWN,ACCUM,2,2,0.4102,0.8204,16,0.5489,37,0.4401,16,0.989,0.176,0.57,-9.0666,11.9334,0.0,979.26,SUCCESS
2025-12-20T09:18:36.704976+00:00,btc-updown-15m-1766222100,TRADE,UP,ACCUM,4,4,0.6101,2.4402,20,0.5611,37,0.4401,20,1.0012,-0.0247,0.46,-7.5069,9.4931,0.0,976.82,SUCCESS
2025-12-20T09:30:10.019260+00:00,btc-updown-15m-1766223000,TRADE,UP,ACCUM,2,2,0.72,1.4399,2,0.72,0,0.0,0,0.0,0.0,1.0,-1.4399,0.5601,0.0,1000.07,SUCCESS
2025-12-20T09:30:15.510352+00:00,btc-updown-15m-1766223000,TRADE,UP,ACCUM,2,2,0.7003,1.4006,4,0.7101,0,0.0,0,0.0,0.0,1.0,-2.8405,1.1595,0.0,998.67,SUCCESS
2025-12-20T09:30:15.510546+00:00,btc-updown-15m-1766223000,TRADE,DOWN,ACCUM,2,2,0.3101,0.6203,4,0.7101,2,0.3101,2,1.0203,-0.0405,0.5,-1.4608,0.5392,0.0,998.05,SUCCESS
2025-12-20T09:32:43.604828+00:00,btc-updown-15m-1766223000,TRADE,UP,ACCUM,2,2,0.5301,1.0601,6,0.6501,2,0.3101,2,0.9602,0.0795,0.67,-2.5209,1.4791,0.0,996.99,SUCCESS
2025-12-20T09:32:49.251171+00:00,btc-updown-15m-1766223000,TRADE,UP,ACCUM,2,2,0.54,1.08,8,0.6226,2,0.3101,2,0.9327,0.1346,0.75,-3.6009,2.3991,0.0,995.91,SUCCESS
2025-12-20T09:32:54.733510+00:00,btc-updown-15m-1766223000,TRADE,UP,ACCUM,2,2,0.5001,1.0002,10,0.5981,2,0.3101,2,0.9082,0.1836,0.8,-4.6011,3.3989,0.0,994.91,SUCCESS
2025-12-20T09:33:00.199289+00:00,btc-updown-15m-1766223000,TRADE,UP,ACCUM,2,2,0.5201,1.0403,12,0.5851,2,0.3101,2,0.8952,0.2096,0.83,-5.6414,4.3586,0.0,993.87,SUCCESS
2025-12-20T09:33:05.670623+00:00,btc-updown-15m-1766223000,TRADE,DOWN,ACCUM,2,2,0.4402,0.8804,12,0.5851,4,0.3752,4,0.9603,0.1589,0.67,-4.5218,3.4782,0.0,992.99,SUCCESS
2025-12-20T09:33:11.127152+00:00,btc-updown-15m-1766223000,TRADE,UP,ACCUM,2,2,0.5102,1.0205,14,0.5744,4,0.3752,4,0.9496,0.2017,0.71,-5.5423,4.4577,0.0,991.97,SUCCESS
2025-12-20T09:33:16.592156+00:00,btc-updown-15m-1766223000,TRADE,UP,ACCUM,2,2,0.51,1.02,16,0.5663,4,0.3752,4,0.9415,0.2339,0.75,-6.5623,5.4377,0.0,990.95,SUCCESS
2025-12-20T09:33:16.592434+00:00,btc-updown-15m-1766223000,TRADE,DOWN,ACCUM,2,2,0.5001,1.0003,16,0.5663,6,0.4168,6,0.9832,0.1009,0.62,-5.5625,4.4375,0.0,989.95,SUCCESS
2025-12-20T09:33:27.490908+00:00,btc-updown-15m-1766223000,TRADE,UP,ACCUM,2,2,0.4998,0.9997,18,0.559,6,0.4168,6,0.9758,0.1453,0.67,-6.5622,5.4378,0.0,988.95,SUCCESS
2025-12-20T09:33:32.942180+00:00,btc-updown-15m-1766223000,TRADE,UP,ACCUM,2,2,0.3401,0.6803,20,0.5371,6,0.4168,6,0.9539,0.2766,0.7,-7.2425,6.7575,0.0,988.27,SUCCESS
2025-12-20T09:33:38.505215+00:00,btc-updown-15m-1766223000,TRADE,UP,ACCUM,2,2,0.5601,1.1202,22,0.5392,6,0.4168,6,0.956,0.264,0.73,-8.3627,7.6373,0.0,987.15,SUCCESS
2025-12-20T09:33:38.505548+00:00,btc-updown-15m-1766223000,TRADE,DOWN,ACCUM,2,2,0.4601,0.9202,22,0.5392,8,0.4276,8,0.9668,0.2655,0.64,-7.2829,6.7171,0.0,986.23,SUCCESS
2025-12-20T09:33:43.965417+00:00,btc-updown-15m-1766223000,TRADE,UP,ACCUM,2,1,0.5602,0.5602,23,0.5401,8,0.4276,8,0.9677,0.2582,0.65,-7.8431,7.1569,0.0,985.67,SUCCESS
2025-12-20T09:33:43.965688+00:00,btc-updown-15m-1766223000,TRADE,DOWN,ACCUM,2,2,0.4601,0.9202,23,0.5401,10,0.4341,10,0.9742,0.2578,0.57,-6.7633,6.2367,0.0,984.75,SUCCESS
2025-12-20T09:33:49.403689+00:00,btc-updown-15m-1766223000,TRADE,UP,ACCUM,2,2,0.5203,1.0405,25,0.5385,10,0.4341,10,0.9726,0.2737,0.6,-7.8038,7.1962,0.0,983.71,SUCCESS
2025-12-20T09:33:49.403913+00:00,btc-updown-15m-1766223000,TRADE,DOWN,ACCUM,2,2,0.5002,1.0003,25,0.5385,12,0.4451,12,0.9836,0.1964,0.52,-6.8041,6.1959,0.0,982.71,SUCCESS
2025-12-20T09:33:55.007018+00:00,btc-updown-15m-1766223000,TRADE,UP,ACCUM,2,2,0.5103,1.0205,27,0.5364,12,0.4451,12,0.9815,0.2215,0.56,-7.8246,7.1754,0.0,981.69,SUCCESS
2025-12-20T09:33:55.010079+00:00,btc-updown-15m-1766223000,TRADE,DOWN,ACCUM,2,2,0.5002,1.0004,27,0.5364,14,0.453,14,0.9894,0.1482,0.48,-6.8251,6.1749,0.0,980.68,SUCCESS
2025-12-20T09:34:00.591898+00:00,btc-updown-15m-1766223000,TRADE,UP,ACCUM,2,2,0.51,1.02,29,0.5346,14,0.453,14,0.9876,0.1737,0.52,-7.8451,7.1549,0.0,979.66,SUCCESS
2025-12-20T09:34:06.128633+00:00,btc-updown-15m-1766223000,TRADE,DOWN,ACCUM,2,2,0.4701,0.9402,29,0.5346,16,0.4551,16,0.9897,0.1644,0.45,-6.7853,6.2147,0.0,978.72,SUCCESS
2025-12-20T09:34:11.592078+00:00,btc-updown-15m-1766223000,TRADE,UP,ACCUM,2,2,0.5402,1.0804,31,0.5349,16,0.4551,16,0.9901,0.1586,0.48,-7.8656,7.1344,0.0,977.64,SUCCESS
2025-12-20T09:34:11.592987+00:00,btc-updown-15m-1766223000,TRADE,DOWN,ACCUM,2,2,0.4702,0.9404,31,0.5349,18,0.4568,18,0.9918,0.1483,0.42,-6.806,6.194,0.0,976.7,SUCCESS
2025-12-20T09:34:17.035521+00:00,btc-updown-15m-1766223000,TRADE,UP,ACCUM,2,2,0.47,0.9401,33,0.531,18,0.4568,18,0.9878,0.2191,0.45,-7.7461,7.2539,0.0,975.76,SUCCESS
2025-12-20T09:34:22.514967+00:00,btc-updown-15m-1766223000,TRADE,UP,ACCUM,2,2,0.4802,0.9603,35,0.5281,18,0.4568,18,0.9849,0.2714,0.49,-8.7064,8.2936,0.0,974.8,SUCCESS
2025-12-20T09:34:28.003219+00:00,btc-updown-15m-1766223000,TRADE,UP,ACCUM,2,2,0.4802,0.9604,37,0.5255,18,0.4568,18,0.9823,0.318,0.51,-9.6668,9.3332,0.0,973.84,SUCCESS
2025-12-20T09:34:28.003706+00:00,btc-updown-15m-1766223000,TRADE,DOWN,ACCUM,2,2,0.54,1.0801,37,0.5255,20,0.4651,20,0.9907,0.1869,0.46,-8.7469,8.2531,0.0,972.76,SUCCESS
2025-12-20T09:34:33.462918+00:00,btc-updown-15m-1766223000,TRADE,UP,ACCUM,2,2,0.4801,0.9602,39,0.5232,20,0.4651,20,0.9883,0.2335,0.49,-9.7071,9.2929,0.0,971.8,SUCCESS
2025-12-20T09:34:38.989112+00:00,btc-updown-15m-1766223000,TRADE,UP,ACCUM,2,2,0.4901,0.9803,41,0.5216,20,0.4651,20,0.9867,0.2657,0.51,-10.6873,10.3127,0.0,970.82,SUCCESS
2025-12-20T09:34:44.436631+00:00,btc-updown-15m-1766223000,TRADE,DOWN,ACCUM,4,4,0.6201,2.4802,41,0.5216,24,0.491,24,1.0125,-0.3008,0.41,-9.1676,7.8324,0.0,968.34,SUCCESS
2025-12-20T09:37:40.774894+00:00,btc-updown-15m-1766223000,TRADE,UP,ACCUM,2,2,0.1301,0.2601,43,0.5034,24,0.491,24,0.9943,0.1362,0.44,-9.4277,9.5723,0.0,968.08,SUCCESS
2025-12-20T09:37:46.237960+00:00,btc-updown-15m-1766223000,TRADE,UP,ACCUM,2,2,0.14,0.2801,45,0.4872,24,0.491,24,0.9782,0.5238,0.47,-9.7078,11.2922,0.0,967.8,SUCCESS
2025-12-20T09:37:51.712501+00:00,btc-updown-15m-1766223000,TRADE,DOWN,ACCUM,4,4,0.8601,3.4403,45,0.4872,28,0.5437,28,1.0309,-0.8654,0.38,-9.1481,7.8519,0.0,964.36,SUCCESS
2025-12-20T10:15:09.728673+00:00,btc-updown-15m-1766225700,TRADE,UP,ACCUM,2,1,0.4301,0.4301,1,0.4301,0,0.0,0,0.0,0.0,1.0,-0.4301,0.5699,0.0,1001.08,SUCCESS
2025-12-20T10:15:15.234770+00:00,btc-updown-15m-1766225700,TRADE,DOWN,ACCUM,2,2,0.5502,1.1005,1,0.4301,2,0.5502,1,0.9803,0.0197,0.5,-0.5306,0.4694,0.0,999.98,SUCCESS
2025-12-20T10:15:26.253977+00:00,btc-updown-15m-1766225700,TRADE,DOWN,ACCUM,2,2,0.5401,1.0801,1,0.4301,4,0.5451,1,0.9753,0.0247,0.75,-1.6107,1.3893,0.0,998.9,SUCCESS
2025-12-20T10:15:31.754118+00:00,btc-updown-15m-1766225700,TRADE,DOWN,ACCUM,2,2,0.53,1.0601,1,0.4301,6,0.5401,1,0.9702,0.0298,0.83,-2.6708,2.3292,0.0,997.84,SUCCESS
2025-12-20T10:15:37.369647+00:00,btc-updown-15m-1766225700,TRADE,DOWN,ACCUM,2,2,0.5301,1.0602,1,0.4301,8,0.5376,1,0.9677,0.0323,0.88,-3.731,3.269,0.0,996.78,SUCCESS
2025-12-20T10:15:42.840762+00:00,btc-updown-15m-1766225700,TRADE,DOWN,ACCUM,2,2,0.5,1.0001,1,0.4301,10,0.5301,1,0.9602,0.0398,0.9,-4.731,4.269,0.0,995.78,SUCCESS
2025-12-20T10:15:48.397211+00:00,btc-updown-15m-1766225700,TRADE,DOWN,ACCUM,2,2,0.4999,0.9999,1,0.4301,12,0.5251,1,0.9552,0.0448,0.92,-5.7309,5.2691,0.0,994.78,SUCCESS
2025-12-20T10:15:53.868637+00:00,btc-updown-15m-1766225700,TRADE,DOWN,ACCUM,2,2,0.49,0.9801,1,0.4301,14,0.5201,1,0.9502,0.0498,0.93,-6.711,6.289,0.0,993.8,SUCCESS
2025-12-20T10:15:59.329652+00:00,btc-updown-15m-1766225700,TRADE,DOWN,ACCUM,2,2,0.5002,1.0005,1,0.4301,16,0.5176,1,0.9477,0.0523,0.94,-7.7115,7.2885,0.0,992.8,SUCCESS
2025-12-20T10:16:04.830040+00:00,btc-updown-15m-1766225700,TRADE,DOWN,ACCUM,2,2,0.4702,0.9403,1,0.4301,18,0.5123,1,0.9424,0.0576,0.94,-8.6518,8.3482,0.0,991.86,SUCCESS
2025-12-20T10:16:10.431356+00:00,btc-updown-15m-1766225700,TRADE,DOWN,ACCUM,2,2,0.4701,0.9401,1,0.4301,20,0.5081,1,0.9382,0.0618,0.95,-9.5919,9.4081,0.0,990.92,SUCCESS
2025-12-20T10:16:16.041838+00:00,btc-updown-15m-1766225700,TRADE,DOWN,ACCUM,2,2,0.4902,0.9803,1,0.4301,22,0.5065,1,0.9366,0.0634,0.95,-10.5722,10.4278,0.0,989.94,SUCCESS
2025-12-20T10:16:21.530823+00:00,btc-updown-15m-1766225700,TRADE,UP,ACCUM,4,4,0.5301,2.1205,5,0.5101,22,0.5065,5,1.0166,-0.0829,0.77,-8.6928,8.3072,0.0,987.82,SUCCESS
2025-12-20T10:16:43.442217+00:00,btc-updown-15m-1766225700,TRADE,UP,ACCUM,2,1,0.28,0.28,6,0.4718,22,0.5065,6,0.9782,0.1306,0.73,-7.9728,8.0272,0.0,987.54,SUCCESS
2025-12-20T10:16:48.906783+00:00,btc-updown-15m-1766225700,TRADE,UP,ACCUM,2,2,0.3,0.6001,8,0.4288,22,0.5065,8,0.9353,0.5176,0.64,-6.5728,7.4272,0.0,986.94,SUCCESS
2025-12-20T10:16:54.604407+00:00,btc-updown-15m-1766225700,TRADE,UP,ACCUM,2,1,0.3101,0.3101,9,0.4156,22,0.5065,9,0.9221,0.701,0.59,-5.883,7.117,0.0,986.63,SUCCESS
2025-12-20T10:16:54.605130+00:00,btc-updown-15m-1766225700,TRADE,DOWN,ACCUM,2,2,0.7002,1.4004,9,0.4156,24,0.5226,9,0.9383,0.5557,0.62,-7.2834,7.7166,0.0,985.23,SUCCESS
2025-12-20T10:17:00.187589+00:00,btc-updown-15m-1766225700,TRADE,UP,ACCUM,2,2,0.3101,0.6202,11,0.3965,24,0.5226,11,0.9191,0.8903,0.54,-5.9036,7.0964,0.0,984.61,SUCCESS
2025-12-20T10:17:00.188105+00:00,btc-updown-15m-1766225700,TRADE,DOWN,ACCUM,2,1,0.7002,0.7002,11,0.3965,25,0.5297,11,0.9262,0.8122,0.56,-6.6038,7.3962,0.0,983.91,SUCCESS
2025-12-20T10:17:05.625218+00:00,btc-updown-15m-1766225700,TRADE,UP,ACCUM,2,2,0.32,0.64,13,0.3847,25,0.5297,13,0.9144,1.1127,0.48,-5.2438,6.7562,0.0,983.27,SUCCESS
2025-12-20T10:17:05.625402+00:00,btc-updown-15m-1766225700,TRADE,DOWN,ACCUM,2,2,0.7003,1.4006,13,0.3847,27,0.5423,13,0.927,0.9485,0.52,-6.6443,7.3557,0.0,981.87,SUCCESS
2025-12-20T10:17:11.110977+00:00,btc-updown-15m-1766225700,TRADE,UP,ACCUM,2,2,0.3201,0.6401,15,0.3761,27,0.5423,15,0.9184,1.2237,0.44,-5.2845,6.7155,0.0,981.23,SUCCESS
2025-12-20T10:17:11.111528+00:00,btc-updown-15m-1766225700,TRADE,DOWN,ACCUM,2,2,0.7,1.4,15,0.3761,29,0.5532,15,0.9293,1.0606,0.48,-6.6845,7.3155,0.0,979.83,SUCCESS
2025-12-20T10:17:16.550586+00:00,btc-updown-15m-1766225700,TRADE,UP,ACCUM,2,1,0.3101,0.3101,16,0.372,29,0.5532,16,0.9252,1.1973,0.45,-5.9945,7.0055,0.0,979.52,SUCCESS
2025-12-20T10:17:16.550772+00:00,btc-updown-15m-1766225700,TRADE,DOWN,ACCUM,2,2,0.7003,1.4006,16,0.372,31,0.5627,16,0.9347,1.0455,0.48,-7.3951,7.6049,0.0,978.11,SUCCESS
2025-12-20T10:17:22.005923+00:00,btc-updown-15m-1766225700,TRADE,UP,ACCUM,2,2,0.3101,0.6203,18,0.3651,31,0.5627,18,0.9278,1.2998,0.42,-6.0154,6.9846,0.0,977.49,SUCCESS
2025-12-20T10:17:22.006796+00:00,btc-updown-15m-1766225700,TRADE,DOWN,ACCUM,2,2,0.7001,1.4003,18,0.3651,33,0.571,18,0.9361,1.1499,0.45,-7.4157,7.5843,0.0,976.09,SUCCESS
2025-12-20T10:17:27.519813+00:00,btc-updown-15m-1766225700,TRADE,UP,ACCUM,2,2,0.31,0.62,20,0.3596,33,0.571,20,0.9306,1.3878,0.39,-6.0357,6.9643,0.0,975.47,SUCCESS
2025-12-20T10:17:32.987265+00:00,btc-updown-15m-1766225700,TRADE,UP,ACCUM,2,2,0.3201,0.6402,22,0.356,33,0.571,22,0.927,1.6055,0.33,-4.6759,6.3241,0.0,974.83,SUCCESS
2025-12-20T10:17:32.987815+00:00,btc-updown-15m-1766225700,TRADE,DOWN,ACCUM,2,2,0.69,1.3801,22,0.356,35,0.5778,22,0.9338,1.4559,0.37,-6.056,6.944,0.0,973.45,SUCCESS
2025-12-20T10:17:38.551960+00:00,btc-updown-15m-1766225700,TRADE,UP,ACCUM,2,2,0.3201,0.6401,24,0.353,35,0.5778,24,0.9308,1.6601,0.31,-4.6961,6.3039,0.0,972.81,SUCCESS
2025-12-20T10:17:38.552206+00:00,btc-updown-15m-1766225700,TRADE,DOWN,ACCUM,2,2,0.6901,1.3801,24,0.353,37,0.5839,24,0.9369,1.5145,0.35,-6.0762,6.9238,0.0,971.43,SUCCESS
2025-12-20T10:17:43.991220+00:00,btc-updown-15m-1766225700,TRADE,UP,ACCUM,2,1,0.3001,0.3001,25,0.3509,37,0.5839,25,0.9348,1.6304,0.32,-5.3764,6.6236,0.0,971.13,SUCCESS
2025-12-20T10:17:43.992060+00:00,btc-updown-15m-1766225700,TRADE,DOWN,ACCUM,2,2,0.7102,1.4204,25,0.3509,39,0.5904,25,0.9413,1.4685,0.36,-6.7968,7.2032,0.0,969.71,SUCCESS
2025-12-20T10:17:49.456768+00:00,btc-updown-15m-1766225700,TRADE,DOWN,ACCUM,2,2,0.7203,1.4406,25,0.3509,41,0.5967,25,0.9476,1.31,0.39,-8.2375,7.7625,0.0,968.27,SUCCESS
2025-12-20T10:17:55.039761+00:00,btc-updown-15m-1766225700,TRADE,UP,ACCUM,2,2,0.3,0.6,27,0.3471,41,0.5967,27,0.9438,1.5166,0.34,-6.8375,7.1625,0.0,967.67,SUCCESS
2025-12-20T10:18:00.656958+00:00,btc-updown-15m-1766225700,TRADE,UP,ACCUM,2,2,0.2901,0.5801,29,0.3432,41,0.5967,29,0.9399,1.743,0.29,-5.4176,6.5824,0.0,967.09,SUCCESS
2025-12-20T10:18:06.141086+00:00,btc-updown-15m-1766225700,TRADE,DOWN,ACCUM,2,2,0.7204,1.4407,29,0.3432,43,0.6025,29,0.9456,1.5763,0.33,-6.8583,7.1417,0.0,965.65,SUCCESS
2025-12-20T10:18:11.758558+00:00,btc-updown-15m-1766225700,TRADE,UP,ACCUM,2,2,0.2901,0.5802,31,0.3398,43,0.6025,31,0.9422,1.7912,0.28,-5.4384,6.5616,0.0,965.07,SUCCESS
2025-12-20T10:18:11.759896+00:00,btc-updown-15m-1766225700,TRADE,DOWN,ACCUM,2,2,0.7203,1.4405,31,0.3398,45,0.6077,31,0.9475,1.6289,0.31,-6.879,7.121,0.0,963.63,SUCCESS
2025-12-20T10:18:17.258394+00:00,btc-updown-15m-1766225700,TRADE,UP,ACCUM,2,2,0.2801,0.5602,33,0.3361,45,0.6077,33,0.9438,1.8533,0.27,-5.4392,6.5608,0.0,963.07,SUCCESS
2025-12-20T10:18:17.258875+00:00,btc-updown-15m-1766225700,TRADE,DOWN,ACCUM,2,2,0.7302,1.4604,33,0.3361,47,0.6129,33,0.9491,1.6812,0.3,-6.8996,7.1004,0.0,961.61,SUCCESS
2025-12-20T10:18:22.755350+00:00,btc-updown-15m-1766225700,TRADE,DOWN,ACCUM,2,1,0.7199,0.7199,33,0.3361,48,0.6151,33,0.9513,1.6077,0.31,-7.6195,7.3805,0.0,960.89,SUCCESS
2025-12-20T10:18:28.261655+00:00,btc-updown-15m-1766225700,TRADE,UP,ACCUM,2,2,0.2201,0.4402,35,0.3295,48,0.6151,35,0.9447,1.9372,0.27,-6.0597,6.9403,0.0,960.45,SUCCESS
2025-12-20T10:18:33.768234+00:00,btc-updown-15m-1766225700,TRADE,UP,ACCUM,2,2,0.21,0.4201,37,0.323,48,0.6151,37,0.9382,2.2868,0.23,-4.4798,6.5202,0.0,960.03,SUCCESS
2025-12-20T10:18:33.769324+00:00,btc-updown-15m-1766225700,TRADE,DOWN,ACCUM,2,2,0.8104,1.6207,37,0.323,50,0.623,37,0.946,1.9979,0.26,-6.1005,6.8995,0.0,958.41,SUCCESS
2025-12-20T10:18:44.706980+00:00,btc-updown-15m-1766225700,TRADE,UP,ACCUM,2,2,0.2401,0.4802,39,0.3188,50,0.623,39,0.9417,2.2718,0.22,-4.5807,6.4193,0.0,957.93,SUCCESS
2025-12-20T10:18:50.185468+00:00,btc-updown-15m-1766225700,TRADE,UP,ACCUM,2,2,0.23,0.46,41,0.3145,50,0.623,41,0.9374,2.5659,0.18,-3.0407,5.9593,0.0,957.47,SUCCESS
2025-12-20T10:18:55.770085+00:00,btc-updown-15m-1766225700,TRADE,UP,ACCUM,2,2,0.2201,0.4402,43,0.3101,50,0.623,43,0.933,2.8798,0.14,-1.4809,5.5191,0.0,957.03,SUCCESS
2025-12-20T10:19:01.335038+00:00,btc-updown-15m-1766225700,TRADE,UP,ACCUM,2,2,0.24,0.48,45,0.307,50,0.623,45,0.9299,3.1538,0.1,0.0391,5.0391,0.0,956.55,SUCCESS
2025-12-20T10:19:06.803204+00:00,btc-updown-15m-1766225700,TRADE,UP,ACCUM,2,2,0.23,0.4601,47,0.3037,50,0.623,47,0.9266,3.4479,0.06,1.579,4.579,0.0,956.09,SUCCESS
2025-12-20T10:19:12.270650+00:00,btc-updown-15m-1766225700,TRADE,UP,ACCUM,2,2,0.2201,0.4401,49,0.3003,50,0.623,49,0.9232,3.7618,0.02,3.1389,4.1389,0.0,955.65,SUCCESS
2025-12-20T10:19:17.741624+00:00,btc-updown-15m-1766225700,TRADE,UP,ACCUM,2,2,0.2201,0.4402,51,0.2971,50,0.623,50,0.9201,3.9958,0.02,3.6987,4.6987,0.0,955.21,SUCCESS
2025-12-20T10:30:02.912354+00:00,btc-updown-15m-1766225700,RESOLUTION,UP,MARKET_END,101,101,1.0,46.3013,51,0.2971,50,0.623,50,0.9201,3.9958,0.02,0.0,0.0,4.4016,1006.21,RESOLVED
2025-12-20T10:30:11.055357+00:00,btc-updown-15m-1766226600,TRADE,UP,ACCUM,2,2,0.6101,1.2202,2,0.6101,0,0.0,0,0.0,0.0,1.0,-1.2202,0.7798,0.0,1004.99,SUCCESS
2025-12-20T10:30:11.056161+00:00,btc-updown-15m-1766226600,TRADE,DOWN,ACCUM,2,1,0.4,0.4,2,0.6101,1,0.4,1,1.0101,-0.0101,0.5,-0.6202,0.3798,0.0,1004.59,SUCCESS
2025-12-20T10:30:43.986930+00:00,btc-updown-15m-1766226600,TRADE,DOWN,ACCUM,2,2,0.3701,0.7402,2,0.6101,3,0.3801,2,0.9902,0.0197,0.33,-0.3604,0.6396,0.0,1003.85,SUCCESS
2025-12-20T10:30:49.438953+00:00,btc-updown-15m-1766226600,TRADE,DOWN,ACCUM,2,2,0.3901,0.7802,2,0.6101,5,0.3841,2,0.9942,0.0116,0.6,-1.1406,1.8594,0.0,1003.07,SUCCESS
2025-12-20T10:30:55.036183+00:00,btc-updown-15m-1766226600,TRADE,DOWN,ACCUM,2,2,0.3699,0.7398,2,0.6101,7,0.38,2,0.9901,0.0198,0.71,-1.8804,3.1196,0.0,1002.33,SUCCESS
2025-12-20T10:31:00.564543+00:00,btc-updown-15m-1766226600,TRADE,DOWN,ACCUM,2,2,0.3702,0.7404,2,0.6101,9,0.3778,2,0.9879,0.0241,0.78,-2.6208,4.3792,0.0,1001.59,SUCCESS
2025-12-20T10:31:06.058613+00:00,btc-updown-15m-1766226600,TRADE,DOWN,ACCUM,2,2,0.3701,0.7403,2,0.6101,11,0.3764,2,0.9865,0.0269,0.82,-3.3611,5.6389,0.0,1000.85,SUCCESS
2025-12-20T10:31:11.698638+00:00,btc-updown-15m-1766226600,TRADE,DOWN,ACCUM,2,2,0.37,0.7401,2,0.6101,13,0.3755,2,0.9855,0.0289,0.85,-4.1011,6.8989,0.0,1000.11,SUCCESS
2025-12-20T10:31:17.333353+00:00,btc-updown-15m-1766226600,TRADE,DOWN,ACCUM,2,2,0.37,0.7401,2,0.6101,15,0.3747,2,0.9848,0.0304,0.87,-4.8412,8.1588,0.0,999.37,SUCCESS
2025-12-20T10:31:28.253558+00:00,btc-updown-15m-1766226600,TRADE,UP,ACCUM,2,2,0.5901,1.1802,4,0.6001,15,0.3747,4,0.9748,0.1007,0.73,-4.0214,6.9786,0.0,998.19,SUCCESS
2025-12-20T10:31:28.254799+00:00,btc-updown-15m-1766226600,TRADE,DOWN,ACCUM,2,2,0.4202,0.8404,4,0.6001,17,0.3801,4,0.9802,0.0793,0.76,-4.8617,8.1383,0.0,997.35,SUCCESS
2025-12-20T10:31:33.722422+00:00,btc-updown-15m-1766226600,TRADE,UP,ACCUM,2,2,0.6102,1.2205,6,0.6035,17,0.3801,6,0.9836,0.0987,0.65,-4.0822,6.9178,0.0,996.13,SUCCESS
2025-12-20T10:31:33.723475+00:00,btc-updown-15m-1766226600,TRADE,DOWN,ACCUM,2,2,0.4101,0.8203,6,0.6035,19,0.3832,6,0.9867,0.0797,0.68,-4.9025,8.0975,0.0,995.31,SUCCESS
2025-12-20T10:31:39.244442+00:00,btc-updown-15m-1766226600,TRADE,UP,ACCUM,2,1,0.51,0.51,7,0.5901,19,0.3832,7,0.9734,0.1864,0.63,-4.4125,7.5875,0.0,994.8,SUCCESS
2025-12-20T10:31:44.743854+00:00,btc-updown-15m-1766226600,TRADE,UP,ACCUM,2,2,0.5202,1.0405,9,0.5746,19,0.3832,9,0.9578,0.3795,0.53,-3.453,6.547,0.0,993.76,SUCCESS
2025-12-20T10:31:44.744280+00:00,btc-updown-15m-1766226600,TRADE,DOWN,ACCUM,2,2,0.4901,0.9801,9,0.5746,21,0.3934,9,0.968,0.2879,0.57,-4.4331,7.5669,0.0,992.78,SUCCESS
2025-12-20T10:31:50.224335+00:00,btc-updown-15m-1766226600,TRADE,UP,ACCUM,2,2,0.5301,1.0601,11,0.5665,21,0.3934,11,0.9599,0.441,0.48,-3.4932,6.5068,0.0,991.72,SUCCESS
2025-12-20T10:31:55.717144+00:00,btc-updown-15m-1766226600,TRADE,UP,ACCUM,2,2,0.6101,1.2202,13,0.5732,21,0.3934,13,0.9666,0.4339,0.38,-2.7135,5.2865,0.0,990.5,SUCCESS
2025-12-20T10:32:01.177148+00:00,btc-updown-15m-1766226600,TRADE,UP,ACCUM,2,2,0.5802,1.1603,15,0.5741,21,0.3934,15,0.9676,0.4867,0.29,-1.8738,4.1262,0.0,989.33,SUCCESS
2025-12-20T10:32:01.178031+00:00,btc-updown-15m-1766226600,TRADE,DOWN,ACCUM,2,2,0.4301,0.8603,15,0.5741,23,0.3966,15,0.9707,0.4388,0.35,-2.7341,5.2659,0.0,988.47,SUCCESS
2025-12-20T10:32:06.974456+00:00,btc-updown-15m-1766226600,TRADE,UP,ACCUM,2,2,0.5701,1.1403,17,0.5737,23,0.3966,17,0.9703,0.5053,0.26,-1.8743,4.1257,0.0,987.33,SUCCESS
2025-12-20T10:32:06.974634+00:00,btc-updown-15m-1766226600,TRADE,DOWN,ACCUM,2,2,0.44,0.88,17,0.5737,25,0.4001,17,0.9737,0.4463,0.32,-2.7544,5.2456,0.0,986.45,SUCCESS
2025-12-20T10:32:12.718975+00:00,btc-updown-15m-1766226600,TRADE,UP,ACCUM,2,2,0.5701,1.1402,19,0.5733,25,0.4001,19,0.9734,0.5059,0.24,-1.8946,4.1054,0.0,985.31,SUCCESS
2025-12-20T10:32:12.719390+00:00,btc-updown-15m-1766226600,TRADE,DOWN,ACCUM,2,2,0.4501,0.9003,19,0.5733,27,0.4038,19,0.9771,0.4355,0.3,-2.7949,5.2051,0.0,984.41,SUCCESS
2025-12-20T10:32:18.305681+00:00,btc-updown-15m-1766226600,TRADE,UP,ACCUM,2,2,0.5701,1.1402,21,0.573,27,0.4038,21,0.9768,0.4877,0.22,-1.935,4.065,0.0,983.27,SUCCESS
2025-12-20T10:32:18.306005+00:00,btc-updown-15m-1766226600,TRADE,DOWN,ACCUM,2,2,0.4502,0.9003,21,0.573,29,0.407,21,0.98,0.4205,0.28,-2.8354,5.1646,0.0,982.37,SUCCESS
2025-12-20T10:32:23.773641+00:00,btc-updown-15m-1766226600,TRADE,UP,ACCUM,2,2,0.5802,1.1605,23,0.5736,29,0.407,23,0.9806,0.4461,0.21,-1.9959,4.0041,0.0,981.21,SUCCESS
2025-12-20T10:32:29.264008+00:00,btc-updown-15m-1766226600,TRADE,UP,ACCUM,2,2,0.5902,1.1805,25,0.5749,29,0.407,25,0.9819,0.4516,0.14,-1.1763,2.8237,0.0,980.03,SUCCESS
2025-12-20T10:32:29.265504+00:00,btc-updown-15m-1766226600,TRADE,DOWN,ACCUM,2,2,0.4201,0.8401,25,0.5749,31,0.4078,25,0.9828,0.4306,0.19,-2.0164,3.9836,0.0,979.19,SUCCESS
2025-12-20T10:32:34.981554+00:00,btc-updown-15m-1766226600,TRADE,UP,ACCUM,2,2,0.6002,1.2005,27,0.5768,31,0.4078,27,0.9847,0.4144,0.13,-1.2169,2.7831,0.0,977.99,SUCCESS
2025-12-20T10:32:34.985009+00:00,btc-updown-15m-1766226600,TRADE,DOWN,ACCUM,2,2,0.42,0.84,27,0.5768,33,0.4086,27,0.9854,0.3945,0.18,-2.0569,3.9431,0.0,977.15,SUCCESS
2025-12-20T10:32:40.493899+00:00,btc-updown-15m-1766226600,TRADE,UP,ACCUM,2,2,0.59,1.1801,29,0.5777,33,0.4086,29,0.9863,0.3973,0.12,-1.237,2.763,0.0,975.97,SUCCESS
2025-12-20T10:32:40.494912+00:00,btc-updown-15m-1766226600,TRADE,DOWN,ACCUM,2,2,0.4301,0.8601,29,0.5777,35,0.4098,29,0.9875,0.3616,0.17,-2.0972,3.9028,0.0,975.11,SUCCESS
2025-12-20T10:32:46.017951+00:00,btc-updown-15m-1766226600,TRADE,DOWN,ACCUM,2,2,0.42,0.8401,29,0.5777,37,0.4104,29,0.9881,0.3456,0.22,-2.9373,5.0627,0.0,974.27,SUCCESS
2025-12-20T10:32:51.485514+00:00,btc-updown-15m-1766226600,TRADE,UP,ACCUM,2,2,0.5902,1.1805,31,0.5785,37,0.4104,31,0.9889,0.3444,0.16,-2.1177,3.8823,0.0,973.09,SUCCESS
2025-12-20T10:32:51.485963+00:00,btc-updown-15m-1766226600,TRADE,DOWN,ACCUM,2,2,0.4301,0.8602,31,0.5785,39,0.4114,31,0.9899,0.313,0.21,-2.9779,5.0221,0.0,972.23,SUCCESS
2025-12-20T10:32:56.951223+00:00,btc-updown-15m-1766226600,TRADE,UP,ACCUM,2,2,0.5903,1.1806,33,0.5792,39,0.4114,33,0.9906,0.3097,0.15,-2.1585,3.8415,0.0,971.05,SUCCESS
2025-12-20T10:32:56.951675+00:00,btc-updown-15m-1766226600,TRADE,DOWN,ACCUM,2,2,0.43,0.86,33,0.5792,41,0.4123,33,0.9915,0.2797,0.2,-3.0185,4.9815,0.0,970.19,SUCCESS
2025-12-20T10:33:02.542921+00:00,btc-updown-15m-1766226600,TRADE,UP,ACCUM,2,2,0.5898,1.1796,35,0.5799,41,0.4123,35,0.9921,0.2755,0.15,-2.1981,3.8019,0.0,969.01,SUCCESS
2025-12-20T10:33:02.543110+00:00,btc-updown-15m-1766226600,TRADE,DOWN,ACCUM,2,1,0.42,0.42,35,0.5799,42,0.4125,35,0.9923,0.2691,0.17,-2.6181,4.3819,0.0,968.59,SUCCESS
2025-12-20T10:33:07.981425+00:00,btc-updown-15m-1766226600,TRADE,UP,ACCUM,2,2,0.5702,1.1404,37,0.5793,42,0.4125,37,0.9918,0.3037,0.12,-1.7586,3.2414,0.0,967.45,SUCCESS
2025-12-20T10:33:07.981743+00:00,btc-updown-15m-1766226600,TRADE,DOWN,ACCUM,2,1,0.4401,0.4401,37,0.5793,43,0.4131,37,0.9924,0.2799,0.14,-2.1987,3.8013,0.0,967.01,SUCCESS
2025-12-20T10:33:13.458057+00:00,btc-updown-15m-1766226600,TRADE,UP,ACCUM,2,1,0.5601,0.5601,38,0.5788,43,0.4131,38,0.9919,0.3067,0.12,-1.7588,3.2412,0.0,966.45,SUCCESS
2025-12-20T10:33:13.458588+00:00,btc-updown-15m-1766226600,TRADE,DOWN,ACCUM,2,2,0.4502,0.9004,38,0.5788,45,0.4148,38,0.9936,0.2441,0.16,-2.6592,4.3408,0.0,965.55,SUCCESS
2025-12-20T10:33:18.912377+00:00,btc-updown-15m-1766226600,TRADE,UP,ACCUM,2,2,0.5701,1.1402,40,0.5784,45,0.4148,40,0.9931,0.2744,0.11,-1.7994,3.2006,0.0,964.41,SUCCESS
2025-12-20T10:33:18.912747+00:00,btc-updown-15m-1766226600,TRADE,DOWN,ACCUM,2,2,0.4401,0.8803,40,0.5784,47,0.4158,40,0.9942,0.2312,0.15,-2.6796,4.3204,0.0,963.53,SUCCESS
2025-12-20T10:33:24.466615+00:00,btc-updown-15m-1766226600,TRADE,UP,ACCUM,2,2,0.5801,1.1603,42,0.5785,47,0.4158,42,0.9943,0.2393,0.11,-1.8399,3.1601,0.0,962.37,SUCCESS
2025-12-20T10:33:29.948151+00:00,btc-updown-15m-1766226600,TRADE,UP,ACCUM,2,2,0.5202,1.0405,44,0.5758,47,0.4158,44,0.9917,0.3671,0.06,-0.8804,2.1196,0.0,961.33,SUCCESS
2025-12-20T10:33:35.428661+00:00,btc-updown-15m-1766226600,TRADE,UP,ACCUM,2,2,0.5201,1.0403,46,0.5734,47,0.4158,46,0.9892,0.4952,0.02,0.0793,1.0793,0.0,960.29,SUCCESS
2025-12-20T10:33:41.002988+00:00,btc-updown-15m-1766226600,TRADE,UP,ACCUM,2,2,0.5002,1.0004,48,0.5704,47,0.4158,47,0.9862,0.6492,0.02,0.0789,1.0789,0.0,959.29,SUCCESS
2025-12-20T10:33:41.003312+00:00,btc-updown-15m-1766226600,TRADE,DOWN,ACCUM,2,2,0.5202,1.0405,48,0.5704,49,0.4201,48,0.9904,0.4585,0.02,0.0384,1.0384,0.0,958.25,SUCCESS
2025-12-20T10:33:46.616924+00:00,btc-updown-15m-1766226600,TRADE,UP,ACCUM,2,2,0.49,0.9801,50,0.5671,49,0.4201,49,0.9872,0.6255,0.02,0.0584,1.0584,0.0,957.27,SUCCESS
2025-12-20T10:33:46.617292+00:00,btc-updown-15m-1766226600,TRADE,DOWN,ACCUM,2,2,0.5302,1.0603,50,0.5671,51,0.4244,50,0.9916,0.4225,0.02,-0.002,0.998,0.0,956.21,SUCCESS
2025-12-20T10:45:01.790671+00:00,btc-updown-15m-1766226600,RESOLUTION,DOWN,MARKET_END,101,101,1.0,50.002,50,0.5671,51,0.4244,50,0.9916,0.4225,0.02,0.0,0.0,1.0006,1007.64,RESOLVED
2025-12-20T10:45:09.281649+00:00,btc-updown-15m-1766227500,TRADE,UP,ACCUM,2,2,0.5102,1.0203,2,0.5102,0,0.0,0,0.0,0.0,1.0,-1.0203,0.9797,0.0,1006.62,SUCCESS
2025-12-20T10:45:09.281792+00:00,btc-updown-15m-1766227500,TRADE,DOWN,ACCUM,2,2,0.5002,1.0005,2,0.5102,2,0.5002,2,1.0104,-0.0208,0.0,-0.0208,-0.0208,0.0,1005.62,SUCCESS
2025-12-20T10:45:20.332200+00:00,btc-updown-15m-1766227500,TRADE,DOWN,ACCUM,2,1,0.37,0.37,2,0.5102,3,0.4568,2,0.967,0.066,0.33,-0.3908,0.6092,0.0,1005.25,SUCCESS
2025-12-20T10:45:31.290743+00:00,btc-updown-15m-1766227500,TRADE,DOWN,ACCUM,2,2,0.38,0.76,2,0.5102,5,0.4261,2,0.9363,0.1275,0.6,-1.1509,1.8491,0.0,1004.49,SUCCESS
2025-12-20T10:45:36.773812+00:00,btc-updown-15m-1766227500,TRADE,DOWN,ACCUM,2,2,0.3501,0.7003,2,0.5102,7,0.4044,2,0.9146,0.1709,0.71,-1.8511,3.1489,0.0,1003.79,SUCCESS
2025-12-20T10:45:42.451259+00:00,btc-updown-15m-1766227500,TRADE,UP,ACCUM,2,2,0.6502,1.3005,4,0.5802,7,0.4044,4,0.9846,0.0616,0.43,-1.1516,1.8484,0.0,1002.49,SUCCESS
2025-12-20T10:45:42.451727+00:00,btc-updown-15m-1766227500,TRADE,DOWN,ACCUM,2,2,0.36,0.72,4,0.5802,9,0.3945,4,0.9747,0.101,0.56,-1.8716,3.1284,0.0,1001.77,SUCCESS
2025-12-20T10:45:48.019729+00:00,btc-updown-15m-1766227500,TRADE,DOWN,ACCUM,2,2,0.37,0.7401,4,0.5802,11,0.3901,4,0.9703,0.1189,0.64,-2.6117,4.3883,0.0,1001.03,SUCCESS
2025-12-20T10:45:53.469605+00:00,btc-updown-15m-1766227500,TRADE,UP,ACCUM,2,2,0.6401,1.2801,6,0.6002,11,0.3901,6,0.9902,0.0586,0.45,-1.8918,3.1082,0.0,999.74,SUCCESS
2025-12-20T10:45:53.470638+00:00,btc-updown-15m-1766227500,TRADE,DOWN,ACCUM,2,2,0.37,0.74,6,0.6002,13,0.387,6,0.9871,0.0771,0.54,-2.6318,4.3682,0.0,999.0,SUCCESS
2025-12-20T10:45:58.941215+00:00,btc-updown-15m-1766227500,TRADE,UP,ACCUM,2,2,0.6202,1.2404,8,0.6052,13,0.387,8,0.9922,0.0627,0.38,-1.8722,3.1278,0.0,997.76,SUCCESS
2025-12-20T10:45:58.941387+00:00,btc-updown-15m-1766227500,TRADE,DOWN,ACCUM,2,2,0.39,0.7801,8,0.6052,15,0.3874,8,0.9926,0.0595,0.47,-2.6523,4.3477,0.0,996.98,SUCCESS
2025-12-20T10:46:04.532593+00:00,btc-updown-15m-1766227500,TRADE,DOWN,ACCUM,2,2,0.3902,0.7803,8,0.6052,17,0.3877,8,0.9929,0.0569,0.53,-3.4326,5.5674,0.0,996.2,SUCCESS
2025-12-20T10:46:09.986048+00:00,btc-updown-15m-1766227500,TRADE,DOWN,ACCUM,2,2,0.38,0.7601,8,0.6052,19,0.3869,8,0.9921,0.0634,0.58,-4.1927,6.8073,0.0,995.44,SUCCESS
2025-12-20T10:46:15.455710+00:00,btc-updown-15m-1766227500,TRADE,DOWN,ACCUM,2,2,0.3698,0.7397,8,0.6052,21,0.3853,8,0.9905,0.0764,0.62,-4.9323,8.0677,0.0,994.7,SUCCESS
2025-12-20T10:46:20.950519+00:00,btc-updown-15m-1766227500,TRADE,DOWN,ACCUM,2,2,0.3702,0.7404,8,0.6052,23,0.384,8,0.9891,0.0869,0.65,-5.6727,9.3273,0.0,993.96,SUCCESS
2025-12-20T10:46:26.554966+00:00,btc-updown-15m-1766227500,TRADE,DOWN,ACCUM,2,2,0.3499,0.6997,8,0.6052,25,0.3812,8,0.9864,0.1087,0.68,-6.3724,10.6276,0.0,993.26,SUCCESS
2025-12-20T10:46:32.001517+00:00,btc-updown-15m-1766227500,TRADE,UP,ACCUM,2,2,0.6202,1.2404,10,0.6082,25,0.3812,10,0.9894,0.1058,0.6,-5.6128,9.3872,0.0,992.02,SUCCESS
2025-12-20T10:46:37.490759+00:00,btc-updown-15m-1766227500,TRADE,UP,ACCUM,2,2,0.6403,1.2805,12,0.6135,25,0.3812,12,0.9948,0.0628,0.52,-4.8934,8.1066,0.0,990.74,SUCCESS
2025-12-20T10:46:37.491038+00:00,btc-updown-15m-1766227500,TRADE,DOWN,ACCUM,2,1,0.37,0.37,12,0.6135,26,0.3808,12,0.9943,0.068,0.54,-5.2634,8.7366,0.0,990.37,SUCCESS
2025-12-20T10:46:42.939260+00:00,btc-updown-15m-1766227500,TRADE,DOWN,ACCUM,2,2,0.37,0.7401,12,0.6135,28,0.38,12,0.9936,0.0772,0.57,-6.0034,9.9966,0.0,989.63,SUCCESS
2025-12-20T10:46:48.404122+00:00,btc-updown-15m-1766227500,TRADE,DOWN,ACCUM,2,2,0.3701,0.7402,12,0.6135,30,0.3794,12,0.9929,0.0852,0.6,-6.7436,11.2564,0.0,988.89,SUCCESS
2025-12-20T10:46:59.328045+00:00,btc-updown-15m-1766227500,TRADE,UP,ACCUM,2,2,0.5302,1.0603,14,0.6016,30,0.3794,14,0.981,0.2661,0.53,-5.8039,10.1961,0.0,987.83,SUCCESS
2025-12-20T10:47:04.830442+00:00,btc-updown-15m-1766227500,TRADE,DOWN,ACCUM,2,1,0.5101,0.5101,14,0.6016,31,0.3836,14,0.9852,0.207,0.55,-6.3141,10.6859,0.0,987.32,SUCCESS
2025-12-20T10:47:10.301217+00:00,btc-updown-15m-1766227500,TRADE,UP,ACCUM,2,2,0.4901,0.9803,16,0.5877,31,0.3836,16,0.9713,0.4596,0.48,-5.2943,9.7057,0.0,986.34,SUCCESS
2025-12-20T10:47:15.809198+00:00,btc-updown-15m-1766227500,TRADE,UP,ACCUM,2,2,0.4001,0.8002,18,0.5668,31,0.3836,18,0.9504,0.8922,0.42,-4.0945,8.9055,0.0,985.54,SUCCESS
2025-12-20T10:47:15.809647+00:00,btc-updown-15m-1766227500,TRADE,DOWN,ACCUM,2,2,0.6103,1.2206,18,0.5668,33,0.3973,18,0.9642,0.6449,0.45,-5.3151,9.6849,0.0,984.32,SUCCESS
2025-12-20T10:47:21.288377+00:00,btc-updown-15m-1766227500,TRADE,UP,ACCUM,2,2,0.44,0.8801,20,0.5542,33,0.3973,20,0.9515,0.9702,0.39,-4.1952,8.8048,0.0,983.44,SUCCESS
2025-12-20T10:47:21.289473+00:00,btc-updown-15m-1766227500,TRADE,DOWN,ACCUM,2,2,0.6203,1.2405,20,0.5542,35,0.4101,20,0.9642,0.7154,0.43,-5.4357,9.5643,0.0,982.2,SUCCESS
2025-12-20T10:47:26.772397+00:00,btc-updown-15m-1766227500,TRADE,UP,ACCUM,2,2,0.4001,0.8001,22,0.5401,35,0.4101,22,0.9502,1.0951,0.37,-4.2358,8.7642,0.0,981.4,SUCCESS
2025-12-20T10:47:26.772605+00:00,btc-updown-15m-1766227500,TRADE,DOWN,ACCUM,2,2,0.6302,1.2605,22,0.5401,37,0.422,22,0.9621,0.8333,0.41,-5.4963,9.5037,0.0,980.14,SUCCESS
2025-12-20T10:47:32.226146+00:00,btc-updown-15m-1766227500,TRADE,UP,ACCUM,2,2,0.3901,0.7802,24,0.5276,37,0.422,24,0.9496,1.2091,0.35,-4.2765,8.7235,0.0,979.36,SUCCESS
2025-12-20T10:47:32.226875+00:00,btc-updown-15m-1766227500,TRADE,DOWN,ACCUM,2,2,0.6203,1.2406,24,0.5276,39,0.4321,24,0.9598,0.9651,0.38,-5.5171,9.4829,0.0,978.12,SUCCESS
2025-12-20T10:47:37.693904+00:00,btc-updown-15m-1766227500,TRADE,UP,ACCUM,2,2,0.4101,0.8202,26,0.5186,39,0.4321,26,0.9507,1.2805,0.33,-4.3373,8.6627,0.0,977.3,SUCCESS
2025-12-20T10:47:37.694349+00:00,btc-updown-15m-1766227500,TRADE,DOWN,ACCUM,2,1,0.6203,0.6203,26,0.5186,40,0.4368,26,0.9555,1.1583,0.35,-4.9576,9.0424,0.0,976.68,SUCCESS
2025-12-20T10:47:43.148178+00:00,btc-updown-15m-1766227500,TRADE,UP,ACCUM,2,2,0.3901,0.7803,28,0.5094,40,0.4368,28,0.9463,1.5043,0.3,-3.7378,8.2622,0.0,975.9,SUCCESS
2025-12-20T10:47:43.149111+00:00,btc-updown-15m-1766227500,TRADE,DOWN,ACCUM,2,2,0.6203,1.2405,28,0.5094,42,0.4456,28,0.955,1.2598,0.33,-4.9784,9.0216,0.0,974.66,SUCCESS
2025-12-20T10:47:48.853129+00:00,btc-updown-15m-1766227500,TRADE,UP,ACCUM,2,2,0.3902,0.7804,30,0.5015,42,0.4456,30,0.9471,1.5882,0.29,-3.7587,8.2413,0.0,973.88,SUCCESS
2025-12-20T10:47:48.854139+00:00,btc-updown-15m-1766227500,TRADE,DOWN,ACCUM,2,1,0.6302,0.6302,30,0.5015,43,0.4499,30,0.9514,1.4595,0.3,-4.3889,8.6111,0.0,973.25,SUCCESS
2025-12-20T10:47:54.449170+00:00,btc-updown-15m-1766227500,TRADE,UP,ACCUM,2,2,0.3801,0.7603,32,0.4939,43,0.4499,32,0.9438,1.7994,0.26,-3.1492,7.8508,0.0,972.49,SUCCESS
2025-12-20T10:47:54.449434+00:00,btc-updown-15m-1766227500,TRADE,DOWN,ACCUM,2,2,0.6302,1.2604,32,0.4939,45,0.4579,32,0.9518,1.543,0.29,-4.4095,8.5905,0.0,971.23,SUCCESS
2025-12-20T10:48:00.035994+00:00,btc-updown-15m-1766227500,TRADE,DOWN,ACCUM,2,2,0.6201,1.2402,32,0.4939,47,0.4648,32,0.9587,1.3221,0.32,-5.6497,9.3503,0.0,969.99,SUCCESS
2025-12-20T10:48:05.509945+00:00,btc-updown-15m-1766227500,TRADE,UP,ACCUM,2,2,0.3902,0.7804,34,0.4878,47,0.4648,34,0.9526,1.6122,0.28,-4.4301,8.5699,0.0,969.21,SUCCESS
2025-12-20T10:48:05.510873+00:00,btc-updown-15m-1766227500,TRADE,DOWN,ACCUM,2,1,0.6203,0.6203,34,0.4878,48,0.468,34,0.9558,1.502,0.29,-5.0503,8.9497,0.0,968.59,SUCCESS
2025-12-20T10:48:10.995203+00:00,btc-updown-15m-1766227500,TRADE,UP,ACCUM,2,2,0.3902,0.7803,36,0.4824,48,0.468,36,0.9504,1.7857,0.25,-3.8307,8.1693,0.0,967.81,SUCCESS
2025-12-20T10:48:10.996366+00:00,btc-updown-15m-1766227500,TRADE,DOWN,ACCUM,2,2,0.6197,1.2394,36,0.4824,50,0.4741,36,0.9565,1.5672,0.28,-5.0701,8.9299,0.0,966.57,SUCCESS
2025-12-20T10:48:16.425633+00:00,btc-updown-15m-1766227500,TRADE,UP,ACCUM,2,2,0.4,0.8001,38,0.478,50,0.4741,38,0.9521,1.819,0.24,-3.8702,8.1298,0.0,965.77,SUCCESS
2025-12-20T10:48:21.885458+00:00,btc-updown-15m-1766227500,TRADE,UP,ACCUM,2,1,0.4002,0.4002,39,0.476,50,0.4741,39,0.9501,1.9447,0.22,-3.2703,7.7297,0.0,965.37,SUCCESS
2025-12-20T10:48:27.362236+00:00,btc-updown-15m-1766227500,TRADE,UP,ACCUM,2,2,0.4001,0.8003,41,0.4723,50,0.4741,41,0.9464,2.1963,0.18,-2.0706,6.9294,0.0,964.57,SUCCESS
2025-12-20T10:48:32.817915+00:00,btc-updown-15m-1766227500,TRADE,UP,ACCUM,2,2,0.4102,0.8204,43,0.4694,50,0.4741,43,0.9435,2.4277,0.14,-0.891,6.109,0.0,963.75,SUCCESS
2025-12-20T10:48:38.405156+00:00,btc-updown-15m-1766227500,TRADE,UP,ACCUM,2,2,0.3998,0.7996,45,0.4664,50,0.4741,45,0.9404,2.6799,0.1,0.3094,5.3094,0.0,962.95,SUCCESS
2025-12-20T10:48:43.928311+00:00,btc-updown-15m-1766227500,TRADE,UP,ACCUM,2,2,0.4,0.8001,47,0.4635,50,0.4741,47,0.9376,2.9316,0.06,1.5093,4.5093,0.0,962.15,SUCCESS
2025-12-20T10:48:49.425652+00:00,btc-updown-15m-1766227500,TRADE,UP,ACCUM,2,2,0.4101,0.8201,49,0.4613,50,0.4741,49,0.9354,3.1633,0.02,2.6892,3.6892,0.0,961.33,SUCCESS
2025-12-20T10:48:54.911554+00:00,btc-updown-15m-1766227500,TRADE,UP,ACCUM,2,2,0.4202,0.8404,51,0.4597,50,0.4741,50,0.9338,3.3085,0.02,2.8488,3.8488,0.0,960.49,SUCCESS
2025-12-20T11:00:00.099611+00:00,btc-updown-15m-1766227500,RESOLUTION,DOWN,MARKET_END,101,101,1.0,47.1512,51,0.4597,50,0.4741,50,0.9338,3.3085,0.02,0.0,0.0,2.8503,1010.95,RESOLVED
2025-12-20T11:00:07.387821+00:00,btc-updown-15m-1766228400,TRADE,UP,ACCUM,2,2,0.53,1.0601,2,0.53,0,0.0,0,0.0,0.0,1.0,-1.0601,0.9399,0.0,1009.89,SUCCESS
2025-12-20T11:00:07.388017+00:00,btc-updown-15m-1766228400,TRADE,DOWN,ACCUM,2,2,0.4802,0.9605,2,0.53,2,0.4802,2,1.0103,-0.0206,0.0,-0.0206,-0.0206,0.0,1008.92,SUCCESS
2025-12-20T11:01:40.999053+00:00,btc-updown-15m-1766228400,TRADE,UP,ACCUM,2,2,0.47,0.94,4,0.5,2,0.4802,2,0.9803,0.0395,0.5,-0.9606,1.0394,0.0,1007.98,SUCCESS
2025-12-20T11:01:46.508712+00:00,btc-updown-15m-1766228400,TRADE,UP,ACCUM,2,2,0.4702,0.9403,6,0.4901,2,0.4802,2,0.9703,0.0594,0.67,-1.9009,2.0991,0.0,1007.04,SUCCESS
2025-12-20T11:01:51.944189+00:00,btc-updown-15m-1766228400,TRADE,UP,ACCUM,2,2,0.4702,0.9404,8,0.4851,2,0.4802,2,0.9653,0.0693,0.75,-2.8414,3.1586,0.0,1006.1,SUCCESS
2025-12-20T11:01:57.487381+00:00,btc-updown-15m-1766228400,TRADE,UP,ACCUM,2,2,0.4901,0.9802,10,0.4861,2,0.4802,2,0.9663,0.0673,0.8,-3.8216,4.1784,0.0,1005.12,SUCCESS
2025-12-20T11:01:57.487719+00:00,btc-updown-15m-1766228400,TRADE,DOWN,ACCUM,2,2,0.52,1.0401,10,0.4861,4,0.5001,4,0.9862,0.055,0.6,-2.8616,3.1384,0.0,1004.08,SUCCESS
2025-12-20T11:02:02.958229+00:00,btc-updown-15m-1766228400,TRADE,UP,ACCUM,2,1,0.4802,0.4802,11,0.4856,4,0.5001,4,0.9857,0.0572,0.64,-3.3418,3.6582,0.0,1003.6,SUCCESS
2025-12-20T11:02:08.467832+00:00,btc-updown-15m-1766228400,TRADE,UP,ACCUM,2,2,0.4902,0.9805,13,0.4863,4,0.5001,4,0.9864,0.0543,0.69,-4.3223,4.6777,0.0,1002.62,SUCCESS
2025-12-20T11:02:08.469348+00:00,btc-updown-15m-1766228400,TRADE,DOWN,ACCUM,2,2,0.5201,1.0401,13,0.4863,6,0.5068,6,0.9931,0.0416,0.54,-3.3624,3.6376,0.0,1001.58,SUCCESS
2025-12-20T11:02:13.945799+00:00,btc-updown-15m-1766228400,TRADE,UP,ACCUM,2,2,0.4601,0.9203,15,0.4828,6,0.5068,6,0.9896,0.0625,0.6,-4.2827,4.7173,0.0,1000.66,SUCCESS
2025-12-20T11:02:19.522341+00:00,btc-updown-15m-1766228400,TRADE,UP,ACCUM,2,2,0.4001,0.8001,17,0.4731,6,0.5068,6,0.9798,0.1209,0.65,-5.0828,5.9172,0.0,999.86,SUCCESS
2025-12-20T11:02:24.970274+00:00,btc-updown-15m-1766228400,TRADE,UP,ACCUM,2,2,0.4002,0.8003,19,0.4654,6,0.5068,6,0.9722,0.167,0.68,-5.8832,7.1168,0.0,999.06,SUCCESS
2025-12-20T11:02:30.418504+00:00,btc-updown-15m-1766228400,TRADE,UP,ACCUM,2,2,0.4001,0.8002,21,0.4592,6,0.5068,6,0.966,0.2043,0.71,-6.6833,8.3167,0.0,998.26,SUCCESS
2025-12-20T11:02:35.895095+00:00,btc-updown-15m-1766228400,TRADE,DOWN,ACCUM,2,2,0.5403,1.0805,21,0.4592,8,0.5151,8,0.9743,0.2054,0.62,-5.7638,7.2362,0.0,997.18,SUCCESS
2025-12-20T11:02:41.463069+00:00,btc-updown-15m-1766228400,TRADE,UP,ACCUM,2,2,0.4602,0.9204,23,0.4593,8,0.5151,8,0.9744,0.2047,0.65,-6.6842,8.3158,0.0,996.26,SUCCESS
2025-12-20T11:02:46.937522+00:00,btc-updown-15m-1766228400,TRADE,UP,ACCUM,2,2,0.4701,0.9402,25,0.4601,8,0.5151,8,0.9753,0.1978,0.68,-7.6244,9.3756,0.0,995.32,SUCCESS
2025-12-20T11:02:46.937663+00:00,btc-updown-15m-1766228400,TRADE,DOWN,ACCUM,2,2,0.5499,1.0999,25,0.4601,10,0.5221,10,0.9822,0.1777,0.6,-6.7243,8.2757,0.0,994.22,SUCCESS
2025-12-20T11:02:52.396233+00:00,btc-updown-15m-1766228400,TRADE,UP,ACCUM,2,2,0.4501,0.9002,27,0.4594,10,0.5221,10,0.9815,0.1851,0.63,-7.6245,9.3755,0.0,993.32,SUCCESS
2025-12-20T11:02:52.397426+00:00,btc-updown-15m-1766228400,TRADE,DOWN,ACCUM,2,2,0.56,1.1201,27,0.4594,12,0.5284,12,0.9878,0.1463,0.56,-6.7445,8.2555,0.0,992.2,SUCCESS
2025-12-20T11:02:57.894671+00:00,btc-updown-15m-1766228400,TRADE,UP,ACCUM,2,2,0.4401,0.8802,29,0.4581,12,0.5284,12,0.9865,0.1622,0.59,-7.6247,9.3753,0.0,991.32,SUCCESS
2025-12-20T11:02:57.895110+00:00,btc-updown-15m-1766228400,TRADE,DOWN,ACCUM,2,2,0.5702,1.1404,29,0.4581,14,0.5344,14,0.9924,0.1058,0.52,-6.7651,8.2349,0.0,990.18,SUCCESS
2025-12-20T11:03:03.404326+00:00,btc-updown-15m-1766228400,TRADE,UP,ACCUM,2,2,0.3899,0.7797,31,0.4537,14,0.5344,14,0.988,0.1674,0.55,-7.5448,9.4552,0.0,989.4,SUCCESS
2025-12-20T11:03:08.991043+00:00,btc-updown-15m-1766228400,TRADE,UP,ACCUM,2,2,0.4201,0.8403,33,0.4516,14,0.5344,14,0.986,0.1958,0.58,-8.385,10.615,0.0,988.56,SUCCESS
2025-12-20T11:03:25.519052+00:00,btc-updown-15m-1766228400,TRADE,UP,ACCUM,2,2,0.4001,0.8002,35,0.4487,14,0.5344,14,0.9831,0.2371,0.6,-9.1852,11.8148,0.0,987.76,SUCCESS
2025-12-20T11:21:04.286665+00:00,btc-updown-15m-1766229300,TRADE,UP,ACCUM,2,2,0.5602,1.1205,2,0.5602,0,0.0,0,0.0,0.0,1.0,-1.1205,0.8795,0.0,1001.28,SUCCESS
2025-12-20T11:21:04.288069+00:00,btc-updown-15m-1766229300,TRADE,DOWN,ACCUM,2,2,0.4502,0.9004,2,0.5602,2,0.4502,2,1.0104,-0.0209,0.0,-0.0209,-0.0209,0.0,1000.38,SUCCESS
2025-12-20T11:21:48.281305+00:00,btc-updown-15m-1766229300,TRADE,DOWN,ACCUM,2,2,0.4001,0.8003,2,0.5602,4,0.4252,2,0.9854,0.0292,0.5,-0.8211,1.1789,0.0,999.58,SUCCESS
2025-12-20T11:21:53.866634+00:00,btc-updown-15m-1766229300,TRADE,DOWN,ACCUM,2,2,0.4001,0.8003,2,0.5602,6,0.4168,2,0.9771,0.0459,0.67,-1.6214,2.3786,0.0,998.78,SUCCESS
2025-12-20T11:21:59.327892+00:00,btc-updown-15m-1766229300,TRADE,DOWN,ACCUM,2,2,0.4101,0.8203,2,0.5602,8,0.4152,2,0.9754,0.0492,0.75,-2.4417,3.5583,0.0,997.96,SUCCESS
2025-12-20T11:22:04.890765+00:00,btc-updown-15m-1766229300,TRADE,DOWN,ACCUM,2,2,0.3001,0.6003,2,0.5602,10,0.3921,2,0.9524,0.0952,0.8,-3.042,4.958,0.0,997.36,SUCCESS
2025-12-20T11:22:10.601825+00:00,btc-updown-15m-1766229300,TRADE,DOWN,ACCUM,2,2,0.28,0.56,2,0.5602,12,0.3735,2,0.9337,0.1326,0.83,-3.602,6.398,0.0,996.8,SUCCESS
2025-12-20T11:22:16.184526+00:00,btc-updown-15m-1766229300,TRADE,DOWN,ACCUM,2,2,0.2901,0.5802,2,0.5602,14,0.3616,2,0.9218,0.1564,0.86,-4.1822,7.8178,0.0,996.22,SUCCESS
2025-12-20T11:22:21.685957+00:00,btc-updown-15m-1766229300,TRADE,DOWN,ACCUM,2,2,0.2401,0.4802,2,0.5602,16,0.3464,2,0.9066,0.1868,0.88,-4.6625,9.3375,0.0,995.74,SUCCESS
2025-12-20T11:22:27.163440+00:00,btc-updown-15m-1766229300,TRADE,DOWN,ACCUM,2,2,0.1501,0.3001,2,0.5602,18,0.3246,2,0.8848,0.2304,0.89,-4.9626,11.0374,0.0,995.44,SUCCESS
2025-12-20T11:22:32.681701+00:00,btc-updown-15m-1766229300,TRADE,DOWN,ACCUM,2,2,0.08,0.16,2,0.5602,20,0.3001,2,0.8603,0.2793,0.9,-5.1227,12.8773,0.0,995.28,SUCCESS
2025-12-20T11:22:38.133455+00:00,btc-updown-15m-1766229300,TRADE,DOWN,ACCUM,2,2,0.09,0.18,2,0.5602,22,0.281,2,0.8412,0.3175,0.91,-5.3027,14.6973,0.0,995.1,SUCCESS
2025-12-20T11:22:43.693175+00:00,btc-updown-15m-1766229300,TRADE,DOWN,ACCUM,2,2,0.09,0.1801,2,0.5602,24,0.2651,2,0.8253,0.3493,0.92,-5.4828,16.5172,0.0,994.92,SUCCESS
2025-12-20T11:30:04.116265+00:00,btc-updown-15m-1766230200,TRADE,UP,ACCUM,2,2,0.4901,0.9802,2,0.4901,0,0.0,0,0.0,0.0,1.0,-0.9802,1.0198,0.0,1001.42,SUCCESS
2025-12-20T11:30:04.116679+00:00,btc-updown-15m-1766230200,TRADE,DOWN,ACCUM,2,2,0.5202,1.0404,2,0.4901,2,0.5202,2,1.0103,-0.0206,0.0,-0.0206,-0.0206,0.0,1000.38,SUCCESS
2025-12-20T11:30:09.587295+00:00,btc-updown-15m-1766230200,TRADE,DOWN,ACCUM,2,2,0.4699,0.9398,2,0.4901,4,0.495,2,0.9852,0.0297,0.5,-0.9604,1.0396,0.0,999.44,SUCCESS
2025-12-20T11:30:15.097972+00:00,btc-updown-15m-1766230200,TRADE,DOWN,ACCUM,2,2,0.4602,0.9203,2,0.4901,6,0.4834,2,0.9735,0.0529,0.67,-1.8808,2.1192,0.0,998.52,SUCCESS
2025-12-20T11:30:20.581124+00:00,btc-updown-15m-1766230200,TRADE,DOWN,ACCUM,2,2,0.4002,0.8003,2,0.4901,8,0.4626,2,0.9527,0.0945,0.75,-2.6811,3.3189,0.0,997.72,SUCCESS
2025-12-20T11:30:26.073469+00:00,btc-updown-15m-1766230200,TRADE,DOWN,ACCUM,2,2,0.39,0.7801,2,0.4901,10,0.4481,2,0.9382,0.1236,0.8,-3.4612,4.5388,0.0,996.94,SUCCESS
2025-12-20T11:30:31.563007+00:00,btc-updown-15m-1766230200,TRADE,DOWN,ACCUM,2,2,0.3801,0.7603,2,0.4901,12,0.4368,2,0.9269,0.1462,0.83,-4.2215,5.7785,0.0,996.18,SUCCESS
2025-12-20T11:30:37.020470+00:00,btc-updown-15m-1766230200,TRADE,DOWN,ACCUM,2,2,0.3301,0.6602,2,0.4901,14,0.4215,2,0.9116,0.1767,0.86,-4.8816,7.1184,0.0,995.52,SUCCESS
2025-12-20T11:30:42.500823+00:00,btc-updown-15m-1766230200,TRADE,DOWN,ACCUM,2,2,0.32,0.64,2,0.4901,16,0.4088,2,0.899,0.2021,0.88,-5.5216,8.4784,0.0,994.88,SUCCESS
2025-12-20T11:30:47.989563+00:00,btc-updown-15m-1766230200,TRADE,UP,ACCUM,2,2,0.6802,1.3604,4,0.5851,16,0.4088,4,0.994,0.0241,0.75,-4.882,7.118,0.0,993.52,SUCCESS
2025-12-20T11:30:47.989833+00:00,btc-updown-15m-1766230200,TRADE,DOWN,ACCUM,2,2,0.33,0.6601,4,0.5851,18,0.4001,4,0.9852,0.0591,0.78,-5.542,8.458,0.0,992.86,SUCCESS
2025-12-20T11:30:53.535623+00:00,btc-updown-15m-1766230200,TRADE,DOWN,ACCUM,2,2,0.3101,0.6202,4,0.5851,20,0.3911,4,0.9762,0.0951,0.8,-6.1622,9.8378,0.0,992.24,SUCCESS
2025-12-20T11:30:59.015450+00:00,btc-updown-15m-1766230200,TRADE,DOWN,ACCUM,2,2,0.3501,0.7002,4,0.5851,22,0.3874,4,0.9725,0.11,0.82,-6.8624,11.1376,0.0,991.54,SUCCESS
2025-12-20T11:31:04.645975+00:00,btc-updown-15m-1766230200,TRADE,DOWN,ACCUM,2,2,0.3602,0.7203,4,0.5851,24,0.3851,4,0.9702,0.119,0.83,-7.5827,12.4173,0.0,990.82,SUCCESS
2025-12-20T11:31:10.138313+00:00,btc-updown-15m-1766230200,TRADE,DOWN,ACCUM,2,2,0.35,0.7,4,0.5851,26,0.3824,4,0.9675,0.1298,0.85,-8.2828,13.7172,0.0,990.12,SUCCESS
2025-12-20T11:31:15.681554+00:00,btc-updown-15m-1766230200,TRADE,UP,ACCUM,4,3,0.67,2.0101,7,0.6215,26,0.3824,7,1.0039,-0.0275,0.73,-7.2929,11.7071,0.0,988.11,SUCCESS
2025-12-20T11:31:43.120236+00:00,btc-updown-15m-1766230200,TRADE,UP,ACCUM,2,2,0.56,1.12,9,0.6079,26,0.3824,9,0.9903,0.0877,0.65,-6.413,10.587,0.0,986.99,SUCCESS
2025-12-20T11:31:48.598423+00:00,btc-updown-15m-1766230200,TRADE,UP,ACCUM,2,2,0.5501,1.1002,11,0.5974,26,0.3824,11,0.9798,0.2227,0.58,-5.5132,9.4868,0.0,985.89,SUCCESS
2025-12-20T11:31:54.126131+00:00,btc-updown-15m-1766230200,TRADE,UP,ACCUM,2,2,0.5501,1.1002,13,0.5901,26,0.3824,13,0.9725,0.3577,0.5,-4.6134,8.3866,0.0,984.79,SUCCESS
2025-12-20T11:31:54.127251+00:00,btc-updown-15m-1766230200,TRADE,DOWN,ACCUM,2,2,0.4702,0.9404,13,0.5901,28,0.3887,13,0.9788,0.2761,0.54,-5.5538,9.4462,0.0,983.85,SUCCESS
2025-12-20T11:31:59.684191+00:00,btc-updown-15m-1766230200,TRADE,DOWN,ACCUM,2,2,0.4602,0.9204,13,0.5901,30,0.3934,13,0.9835,0.2141,0.57,-6.4743,10.5257,0.0,982.93,SUCCESS
2025-12-20T11:32:05.186617+00:00,btc-updown-15m-1766230200,TRADE,UP,ACCUM,2,2,0.5602,1.1204,15,0.5861,30,0.3934,15,0.9795,0.3068,0.5,-5.5947,9.4053,0.0,981.81,SUCCESS
2025-12-20T11:32:05.187042+00:00,btc-updown-15m-1766230200,TRADE,DOWN,ACCUM,2,2,0.4601,0.9202,15,0.5861,32,0.3976,15,0.9837,0.2443,0.53,-6.5149,10.4851,0.0,980.89,SUCCESS
2025-12-20T11:32:10.668475+00:00,btc-updown-15m-1766230200,TRADE,UP,ACCUM,2,2,0.5703,1.1406,17,0.5842,32,0.3976,17,0.9818,0.3086,0.47,-5.6555,9.3445,0.0,979.74,SUCCESS
2025-12-20T11:32:10.668881+00:00,btc-updown-15m-1766230200,TRADE,DOWN,ACCUM,2,2,0.4601,0.9203,17,0.5842,34,0.4013,17,0.9855,0.246,0.5,-6.5757,10.4243,0.0,978.82,SUCCESS
2025-12-20T11:32:16.204307+00:00,btc-updown-15m-1766230200,TRADE,UP,ACCUM,2,2,0.5501,1.1001,19,0.5806,34,0.4013,19,0.9819,0.3434,0.44,-5.6758,9.3242,0.0,977.72,SUCCESS
2025-12-20T11:32:16.205285+00:00,btc-updown-15m-1766230200,TRADE,DOWN,ACCUM,2,2,0.4601,0.9203,19,0.5806,36,0.4046,19,0.9852,0.2812,0.47,-6.5961,10.4039,0.0,976.8,SUCCESS
2025-12-20T11:32:21.659958+00:00,btc-updown-15m-1766230200,TRADE,UP,ACCUM,2,2,0.5502,1.1003,21,0.5777,36,0.4046,21,0.9823,0.3718,0.42,-5.6965,9.3035,0.0,975.7,SUCCESS
2025-12-20T11:32:21.660897+00:00,btc-updown-15m-1766230200,TRADE,DOWN,ACCUM,2,2,0.4701,0.9402,21,0.5777,38,0.408,21,0.9857,0.2994,0.45,-6.6367,10.3633,0.0,974.76,SUCCESS
2025-12-20T11:32:27.374457+00:00,btc-updown-15m-1766230200,TRADE,UP,ACCUM,2,2,0.5601,1.1202,23,0.5762,38,0.408,23,0.9842,0.3632,0.39,-5.7568,9.2432,0.0,973.64,SUCCESS
2025-12-20T11:32:27.375308+00:00,btc-updown-15m-1766230200,TRADE,DOWN,ACCUM,2,2,0.4499,0.8998,23,0.5762,40,0.4101,23,0.9863,0.315,0.42,-6.6566,10.3434,0.0,972.74,SUCCESS
2025-12-20T11:32:32.838121+00:00,btc-updown-15m-1766230200,TRADE,UP,ACCUM,2,2,0.46,0.9201,25,0.5669,40,0.4101,25,0.977,0.5747,0.38,-5.5767,9.4233,0.0,971.82,SUCCESS
2025-12-20T11:32:32.839212+00:00,btc-updown-15m-1766230200,TRADE,DOWN,ACCUM,2,2,0.55,1.1,25,0.5669,42,0.4168,25,0.9837,0.4082,0.4,-6.6767,10.3233,0.0,970.72,SUCCESS
2025-12-20T11:32:38.560911+00:00,btc-updown-15m-1766230200,TRADE,UP,ACCUM,2,2,0.4701,0.9402,27,0.5597,42,0.4168,27,0.9765,0.6344,0.36,-5.617,9.383,0.0,969.78,SUCCESS
2025-12-20T11:32:38.561922+00:00,btc-updown-15m-1766230200,TRADE,DOWN,ACCUM,2,2,0.5399,1.0797,27,0.5597,44,0.4224,27,0.9821,0.4833,0.39,-6.6967,10.3033,0.0,968.7,SUCCESS
2025-12-20T11:32:44.004345+00:00,btc-updown-15m-1766230200,TRADE,UP,ACCUM,2,2,0.4801,0.9602,29,0.5543,44,0.4224,29,0.9766,0.6784,0.34,-5.6569,9.3431,0.0,967.74,SUCCESS
2025-12-20T11:32:44.005463+00:00,btc-updown-15m-1766230200,TRADE,DOWN,ACCUM,2,2,0.5402,1.0805,29,0.5543,46,0.4275,29,0.9817,0.5298,0.37,-6.7374,10.2626,0.0,966.66,SUCCESS
2025-12-20T11:32:49.468851+00:00,btc-updown-15m-1766230200,TRADE,UP,ACCUM,2,2,0.4801,0.9602,31,0.5495,46,0.4275,31,0.9769,0.7146,0.33,-5.6976,9.3024,0.0,965.7,SUCCESS
2025-12-20T11:32:55.051321+00:00,btc-updown-15m-1766230200,TRADE,UP,ACCUM,2,2,0.4302,0.8604,33,0.5422,46,0.4275,33,0.9697,0.9992,0.28,-4.558,8.442,0.0,964.84,SUCCESS
2025-12-20T11:32:55.051711+00:00,btc-updown-15m-1766230200,TRADE,DOWN,ACCUM,2,2,0.5802,1.1604,33,0.5422,48,0.4338,33,0.9761,0.7892,0.31,-5.7184,9.2816,0.0,963.68,SUCCESS
2025-12-20T11:33:00.514703+00:00,btc-updown-15m-1766230200,TRADE,UP,ACCUM,2,2,0.43,0.8601,35,0.5358,48,0.4338,35,0.9697,1.0615,0.27,-4.5785,8.4215,0.0,962.82,SUCCESS
2025-12-20T11:33:00.515099+00:00,btc-updown-15m-1766230200,TRADE,DOWN,ACCUM,2,2,0.6002,1.2004,35,0.5358,50,0.4405,35,0.9763,0.8286,0.3,-5.7789,9.2211,0.0,961.62,SUCCESS
2025-12-20T11:33:05.972881+00:00,btc-updown-15m-1766230200,TRADE,UP,ACCUM,2,2,0.5501,1.1002,37,0.5366,50,0.4405,37,0.9771,0.8473,0.26,-4.8791,8.1209,0.0,960.52,SUCCESS
2025-12-20T11:33:11.587929+00:00,btc-updown-15m-1766230200,TRADE,UP,ACCUM,2,2,0.5702,1.1403,39,0.5383,50,0.4405,39,0.9788,0.826,0.22,-4.0195,6.9805,0.0,959.38,SUCCESS
2025-12-20T11:33:22.626223+00:00,btc-updown-15m-1766230200,TRADE,UP,ACCUM,2,2,0.56,1.12,41,0.5394,50,0.4405,41,0.9799,0.825,0.18,-3.1395,5.8605,0.0,958.26,SUCCESS
2025-12-20T11:33:28.201892+00:00,btc-updown-15m-1766230200,TRADE,UP,ACCUM,2,2,0.5601,1.1201,43,0.5403,50,0.4405,43,0.9808,0.8239,0.14,-2.2596,4.7404,0.0,957.14,SUCCESS
2025-12-20T11:33:33.725649+00:00,btc-updown-15m-1766230200,TRADE,UP,ACCUM,2,2,0.5603,1.1205,45,0.5412,50,0.4405,45,0.9817,0.8224,0.1,-1.3801,3.6199,0.0,956.02,SUCCESS
2025-12-20T11:33:39.197556+00:00,btc-updown-15m-1766230200,TRADE,UP,ACCUM,2,2,0.5602,1.1205,47,0.542,50,0.4405,47,0.9825,0.8209,0.06,-0.5006,2.4994,0.0,954.9,SUCCESS
2025-12-20T11:33:44.649903+00:00,btc-updown-15m-1766230200,TRADE,UP,ACCUM,2,1,0.59,0.59,48,0.543,50,0.4405,48,0.9835,0.7904,0.04,-0.0906,1.9094,0.0,954.31,SUCCESS
2025-12-20T11:33:50.128518+00:00,btc-updown-15m-1766230200,TRADE,UP,ACCUM,2,2,0.6101,1.2201,50,0.5457,50,0.4405,50,0.9862,0.6892,0.0,0.6892,0.6892,0.0,953.09,SUCCESS
2025-12-20T11:45:00.327199+00:00,btc-updown-15m-1766230200,RESOLUTION,UP,MARKET_END,100,100,1.0,49.3108,50,0.5457,50,0.4405,50,0.9862,0.6892,0.0,0.0,0.0,0.69,1003.09,RESOLVED
2025-12-20T12:15:04.007712+00:00,btc-updown-15m-1766232900,TRADE,UP,ACCUM,1,1,0.51,0.51,1,0.51,0,0.0,0,0.0,0.0,1.0,-0.51,0.49,0.0,101.89,SUCCESS
2025-12-20T12:15:04.007989+00:00,btc-updown-15m-1766232900,TRADE,DOWN,ACCUM,1,1,0.5001,0.5001,1,0.51,1,0.5001,1,1.0101,-0.0101,0.0,-0.0101,-0.0101,0.0,101.39,SUCCESS
2025-12-20T12:15:15.247667+00:00,btc-updown-15m-1766232900,TRADE,UP,ACCUM,1,1,0.4701,0.4701,2,0.49,1,0.5001,1,0.9901,0.0099,0.5,-0.4802,0.5198,0.0,100.92,SUCCESS
2025-12-20T12:15:26.272787+00:00,btc-updown-15m-1766232900,TRADE,UP,ACCUM,1,1,0.35,0.35,3,0.4434,1,0.5001,1,0.9435,0.0565,0.67,-0.8302,1.1698,0.0,100.57,SUCCESS
2025-12-20T12:15:31.756400+00:00,btc-updown-15m-1766232900,TRADE,UP,ACCUM,1,1,0.3801,0.3801,4,0.4276,1,0.5001,1,0.9277,0.0723,0.75,-1.2103,1.7897,0.0,100.19,SUCCESS
2025-12-20T12:15:37.186970+00:00,btc-updown-15m-1766232900,TRADE,UP,ACCUM,1,1,0.3101,0.3101,5,0.4041,1,0.5001,1,0.9042,0.0958,0.8,-1.5204,2.4796,0.0,99.88,SUCCESS
2025-12-20T12:15:42.687197+00:00,btc-updown-15m-1766232900,TRADE,UP,ACCUM,1,1,0.3001,0.3001,6,0.3867,1,0.5001,1,0.8868,0.1132,0.83,-1.8205,3.1795,0.0,99.58,SUCCESS
2025-12-20T12:15:48.157220+00:00,btc-updown-15m-1766232900,TRADE,DOWN,ACCUM,1,1,0.71,0.71,6,0.3867,2,0.6051,2,0.9918,0.0164,0.67,-1.5305,2.4695,0.0,98.87,SUCCESS
2025-12-20T12:15:53.588853+00:00,btc-updown-15m-1766232900,TRADE,UP,ACCUM,1,1,0.29,0.29,7,0.3729,2,0.6051,2,0.978,0.0441,0.71,-1.8205,3.1795,0.0,98.58,SUCCESS
2025-12-20T12:15:59.054161+00:00,btc-updown-15m-1766232900,TRADE,UP,ACCUM,1,1,0.3001,0.3001,8,0.3638,2,0.6051,2,0.9689,0.0623,0.75,-2.1207,3.8793,0.0,98.28,SUCCESS
2025-12-20T12:16:10.035469+00:00,btc-updown-15m-1766232900,TRADE,UP,ACCUM,1,1,0.3401,0.3401,9,0.3612,2,0.6051,2,0.9662,0.0675,0.78,-2.4608,4.5392,0.0,97.94,SUCCESS
2025-12-20T12:16:10.036340+00:00,btc-updown-15m-1766232900,TRADE,DOWN,ACCUM,1,1,0.6701,0.6701,9,0.3612,3,0.6268,3,0.9879,0.0362,0.67,-2.1309,3.8691,0.0,97.27,SUCCESS
2025-12-20T12:16:15.609953+00:00,btc-updown-15m-1766232900,TRADE,UP,ACCUM,1,1,0.3301,0.3301,10,0.3581,3,0.6268,3,0.9848,0.0455,0.7,-2.461,4.539,0.0,96.94,SUCCESS
2025-12-20T12:16:21.117861+00:00,btc-updown-15m-1766232900,TRADE,UP,ACCUM,1,1,0.3301,0.3301,11,0.3555,3,0.6268,3,0.9823,0.0531,0.73,-2.7911,5.2089,0.0,96.61,SUCCESS
2025-12-20T12:16:26.736068+00:00,btc-updown-15m-1766232900,TRADE,UP,ACCUM,1,1,0.3201,0.3201,12,0.3526,3,0.6268,3,0.9793,0.062,0.75,-3.1113,5.8887,0.0,96.29,SUCCESS
2025-12-20T12:16:37.760351+00:00,btc-updown-15m-1766232900,TRADE,UP,ACCUM,1,1,0.32,0.32,13,0.3501,3,0.6268,3,0.9768,0.0695,0.77,-3.4313,6.5687,0.0,95.97,SUCCESS
2025-12-20T12:16:43.229346+00:00,btc-updown-15m-1766232900,TRADE,UP,ACCUM,1,1,0.3201,0.3201,14,0.3479,3,0.6268,3,0.9747,0.0759,0.79,-3.7514,7.2486,0.0,95.65,SUCCESS
2025-12-20T12:16:48.890889+00:00,btc-updown-15m-1766232900,TRADE,DOWN,ACCUM,2,2,0.7002,1.4003,14,0.3479,5,0.6561,5,1.0041,-0.0203,0.64,-3.1517,5.8483,0.0,94.25,SUCCESS
2025-12-20T12:18:39.499596+00:00,btc-updown-15m-1766232900,TRADE,UP,ACCUM,1,1,0.21,0.21,15,0.3387,5,0.6561,5,0.9949,0.0257,0.67,-3.3618,6.6382,0.0,94.04,SUCCESS
2025-12-20T12:18:44.991073+00:00,btc-updown-15m-1766232900,TRADE,UP,ACCUM,1,1,0.21,0.21,16,0.3307,5,0.6561,5,0.9868,0.0659,0.69,-3.5718,7.4282,0.0,93.83,SUCCESS
2025-12-20T12:19:29.275477+00:00,btc-updown-15m-1766232900,TRADE,DOWN,ACCUM,2,2,0.6803,1.3606,16,0.3307,7,0.663,7,0.9937,0.0439,0.56,-2.9324,6.0676,0.0,92.47,SUCCESS
2025-12-20T12:19:40.396135+00:00,btc-updown-15m-1766232900,TRADE,UP,ACCUM,1,1,0.3001,0.3001,17,0.3289,7,0.663,7,0.9919,0.0565,0.59,-3.2325,6.7675,0.0,92.17,SUCCESS
2025-12-20T12:19:51.347450+00:00,btc-updown-15m-1766232900,TRADE,UP,ACCUM,1,1,0.3201,0.3201,18,0.3284,7,0.663,7,0.9914,0.0599,0.61,-3.5526,7.4474,0.0,91.85,SUCCESS
2025-12-20T12:19:56.865659+00:00,btc-updown-15m-1766232900,TRADE,DOWN,ACCUM,2,2,0.71,1.42,18,0.3284,9,0.6735,9,1.0019,-0.017,0.5,-2.9727,6.0273,0.0,90.43,SUCCESS
2025-12-20T12:21:19.335910+00:00,btc-updown-15m-1766232900,TRADE,UP,ACCUM,1,1,0.19,0.19,19,0.3211,9,0.6735,9,0.9946,0.0486,0.53,-3.1627,6.8373,0.0,90.24,SUCCESS
2025-12-20T12:21:24.767073+00:00,btc-updown-15m-1766232900,TRADE,UP,ACCUM,1,1,0.2601,0.2601,20,0.3181,9,0.6735,9,0.9915,0.0761,0.55,-3.4228,7.5772,0.0,89.98,SUCCESS
2025-12-20T12:21:30.268282+00:00,btc-updown-15m-1766232900,TRADE,DOWN,ACCUM,2,2,0.7401,1.4802,20,0.3181,11,0.6856,11,1.0037,-0.0403,0.45,-2.903,6.097,0.0,88.5,SUCCESS
2025-12-20T12:24:04.848538+00:00,btc-updown-15m-1766232900,TRADE,UP,ACCUM,1,1,0.13,0.13,21,0.3091,11,0.6856,11,0.9947,0.0582,0.48,-3.033,6.967,0.0,88.37,SUCCESS
2025-12-20T12:24:10.338200+00:00,btc-updown-15m-1766232900,TRADE,UP,ACCUM,1,1,0.13,0.13,22,0.301,11,0.6856,11,0.9866,0.1478,0.5,-3.163,7.837,0.0,88.24,SUCCESS
2025-12-20T12:24:15.806787+00:00,btc-updown-15m-1766232900,TRADE,DOWN,ACCUM,2,2,0.8802,1.7604,22,0.301,13,0.7155,13,1.0165,-0.2146,0.41,-2.9234,6.0766,0.0,86.48,SUCCESS
2025-12-20T12:35:04.378153+00:00,btc-updown-15m-1766233800,TRADE,UP,ACCUM,1,1,0.5502,0.5502,1,0.5502,0,0.0,0,0.0,0.0,1.0,-0.5502,0.4498,0.0,101.85,SUCCESS
2025-12-20T12:35:04.378480+00:00,btc-updown-15m-1766233800,TRADE,DOWN,ACCUM,1,1,0.4602,0.4602,1,0.5502,1,0.4602,1,1.0104,-0.0104,0.0,-0.0104,-0.0104,0.0,101.39,SUCCESS
2025-12-20T12:37:10.568510+00:00,btc-updown-15m-1766233800,TRADE,UP,ACCUM,1,1,0.5002,0.5002,2,0.5252,1,0.4602,1,0.9854,0.0146,0.5,-0.5106,0.4894,0.0,100.89,SUCCESS
2025-12-20T12:37:21.497214+00:00,btc-updown-15m-1766233800,TRADE,UP,ACCUM,1,1,0.5001,0.5001,3,0.5168,1,0.4602,1,0.977,0.023,0.67,-1.0107,0.9893,0.0,100.39,SUCCESS
2025-12-20T12:37:26.955164+00:00,btc-updown-15m-1766233800,TRADE,UP,ACCUM,1,1,0.5203,0.5203,4,0.5177,1,0.4602,1,0.9779,0.0221,0.75,-1.5309,1.4691,0.0,99.87,SUCCESS
2025-12-20T12:37:32.444563+00:00,btc-updown-15m-1766233800,TRADE,UP,ACCUM,1,1,0.5302,0.5302,5,0.5202,1,0.4602,1,0.9804,0.0196,0.8,-2.0611,1.9389,0.0,99.34,SUCCESS
2025-12-20T12:37:32.444917+00:00,btc-updown-15m-1766233800,TRADE,DOWN,ACCUM,1,1,0.48,0.48,5,0.5202,2,0.4701,2,0.9903,0.0194,0.6,-1.5412,1.4588,0.0,98.86,SUCCESS
2025-12-20T12:37:37.903391+00:00,btc-updown-15m-1766233800,TRADE,UP,ACCUM,1,1,0.5298,0.5298,6,0.5218,2,0.4701,2,0.9919,0.0162,0.67,-2.071,1.929,0.0,98.33,SUCCESS
2025-12-20T12:37:37.903564+00:00,btc-updown-15m-1766233800,TRADE,DOWN,ACCUM,1,1,0.4802,0.4802,6,0.5218,3,0.4735,3,0.9953,0.0142,0.5,-1.5512,1.4488,0.0,97.85,SUCCESS
2025-12-20T12:37:48.919245+00:00,btc-updown-15m-1766233800,TRADE,DOWN,ACCUM,1,1,0.4701,0.4701,6,0.5218,4,0.4726,4,0.9944,0.0224,0.33,-1.0212,0.9788,0.0,97.38,SUCCESS
2025-12-20T12:38:00.058079+00:00,btc-updown-15m-1766233800,TRADE,DOWN,ACCUM,1,1,0.3702,0.3702,6,0.5218,5,0.4521,5,0.9739,0.1304,0.17,-0.3914,0.6086,0.0,97.01,SUCCESS
2025-12-20T12:38:05.522412+00:00,btc-updown-15m-1766233800,TRADE,UP,ACCUM,1,1,0.6301,0.6301,7,0.5373,5,0.4521,5,0.9894,0.053,0.29,-1.0215,0.9785,0.0,96.38,SUCCESS
2025-12-20T12:38:05.522820+00:00,btc-updown-15m-1766233800,TRADE,DOWN,ACCUM,1,1,0.3701,0.3701,7,0.5373,6,0.4385,6,0.9757,0.1457,0.14,-0.3916,0.6084,0.0,96.01,SUCCESS
2025-12-20T12:38:10.986887+00:00,btc-updown-15m-1766233800,TRADE,UP,ACCUM,1,1,0.63,0.63,8,0.5489,6,0.4385,6,0.9873,0.0761,0.25,-1.0217,0.9783,0.0,95.38,SUCCESS
2025-12-20T12:38:10.987143+00:00,btc-updown-15m-1766233800,TRADE,DOWN,ACCUM,1,1,0.3801,0.3801,8,0.5489,7,0.4301,7,0.979,0.1471,0.12,-0.4018,0.5982,0.0,95.0,SUCCESS
2025-12-20T12:38:16.447755+00:00,btc-updown-15m-1766233800,TRADE,UP,ACCUM,1,1,0.6203,0.6203,9,0.5568,7,0.4301,7,0.9869,0.0915,0.22,-1.0221,0.9779,0.0,94.38,SUCCESS
2025-12-20T12:38:16.448090+00:00,btc-updown-15m-1766233800,TRADE,DOWN,ACCUM,1,1,0.3901,0.3901,9,0.5568,8,0.4251,8,0.9819,0.1446,0.11,-0.4122,0.5878,0.0,93.99,SUCCESS
2025-12-20T12:38:21.898226+00:00,btc-updown-15m-1766233800,TRADE,UP,ACCUM,1,1,0.5901,0.5901,10,0.5601,8,0.4251,8,0.9853,0.118,0.2,-1.0023,0.9977,0.0,93.4,SUCCESS
2025-12-20T12:38:21.898609+00:00,btc-updown-15m-1766233800,TRADE,DOWN,ACCUM,1,1,0.42,0.42,10,0.5601,9,0.4246,9,0.9847,0.1378,0.1,-0.4223,0.5777,0.0,92.98,SUCCESS
2025-12-20T12:38:27.359726+00:00,btc-updown-15m-1766233800,TRADE,UP,ACCUM,1,1,0.5702,0.5702,11,0.561,9,0.4246,9,0.9856,0.1296,0.18,-0.9925,1.0075,0.0,92.41,SUCCESS
2025-12-20T12:38:27.359935+00:00,btc-updown-15m-1766233800,TRADE,DOWN,ACCUM,1,1,0.4299,0.4299,11,0.561,10,0.4251,10,0.9861,0.1386,0.09,-0.4224,0.5776,0.0,91.98,SUCCESS
2025-12-20T12:38:32.833683+00:00,btc-updown-15m-1766233800,TRADE,UP,ACCUM,1,1,0.5699,0.5699,12,0.5618,10,0.4251,10,0.9869,0.1313,0.17,-0.9923,1.0077,0.0,91.41,SUCCESS
2025-12-20T12:38:38.276708+00:00,btc-updown-15m-1766233800,TRADE,UP,ACCUM,1,1,0.5602,0.5602,13,0.5617,10,0.4251,10,0.9868,0.1324,0.23,-1.5526,1.4474,0.0,90.85,SUCCESS
2025-12-20T12:38:49.196165+00:00,btc-updown-15m-1766233800,TRADE,UP,ACCUM,1,1,0.54,0.54,14,0.5601,10,0.4251,10,0.9852,0.1479,0.29,-2.0926,1.9074,0.0,90.31,SUCCESS
2025-12-20T12:38:49.197092+00:00,btc-updown-15m-1766233800,TRADE,DOWN,ACCUM,1,1,0.4701,0.4701,14,0.5601,11,0.4292,11,0.9893,0.1176,0.21,-1.5627,1.4373,0.0,89.84,SUCCESS
2025-12-20T12:38:54.657778+00:00,btc-updown-15m-1766233800,TRADE,UP,ACCUM,1,1,0.56,0.56,15,0.5601,11,0.4292,11,0.9893,0.1177,0.27,-2.1227,1.8773,0.0,89.28,SUCCESS
2025-12-20T12:39:00.226647+00:00,btc-updown-15m-1766233800,TRADE,UP,ACCUM,1,1,0.5401,0.5401,16,0.5589,11,0.4292,11,0.988,0.1315,0.31,-2.6629,2.3371,0.0,88.74,SUCCESS
2025-12-20T12:39:00.227533+00:00,btc-updown-15m-1766233800,TRADE,DOWN,ACCUM,1,1,0.4701,0.4701,16,0.5589,12,0.4326,12,0.9915,0.1025,0.25,-2.1329,1.8671,0.0,88.27,SUCCESS
2025-12-20T12:39:05.718018+00:00,btc-updown-15m-1766233800,TRADE,UP,ACCUM,1,1,0.5401,0.5401,17,0.5578,12,0.4326,12,0.9904,0.1158,0.29,-2.673,2.327,0.0,87.73,SUCCESS
2025-12-20T12:39:11.169534+00:00,btc-updown-15m-1766233800,TRADE,UP,ACCUM,1,1,0.5202,0.5202,18,0.5557,12,0.4326,12,0.9883,0.1408,0.33,-3.1932,2.8068,0.0,87.21,SUCCESS
2025-12-20T12:39:11.170371+00:00,btc-updown-15m-1766233800,TRADE,DOWN,ACCUM,1,1,0.49,0.49,18,0.5557,13,0.437,13,0.9927,0.0951,0.28,-2.6832,2.3168,0.0,86.72,SUCCESS
2025-12-20T12:39:16.611688+00:00,btc-updown-15m-1766233800,TRADE,UP,ACCUM,1,1,0.54,0.54,19,0.5548,13,0.437,13,0.9919,0.1058,0.32,-3.2232,2.7768,0.0,86.18,SUCCESS
2025-12-20T12:39:22.076578+00:00,btc-updown-15m-1766233800,TRADE,UP,ACCUM,1,1,0.5301,0.5301,20,0.5536,13,0.437,13,0.9906,0.1219,0.35,-3.7534,3.2466,0.0,85.65,SUCCESS
2025-12-20T12:39:27.542044+00:00,btc-updown-15m-1766233800,TRADE,DOWN,ACCUM,1,1,0.4902,0.4902,20,0.5536,14,0.4408,14,0.9944,0.0781,0.3,-3.2435,2.7565,0.0,85.16,SUCCESS
2025-12-20T12:39:33.141948+00:00,btc-updown-15m-1766233800,TRADE,UP,ACCUM,1,1,0.5302,0.5302,21,0.5525,14,0.4408,14,0.9933,0.0938,0.33,-3.7737,3.2263,0.0,84.63,SUCCESS
2025-12-20T12:39:38.635206+00:00,btc-updown-15m-1766233800,TRADE,UP,ACCUM,1,1,0.5302,0.5302,22,0.5515,14,0.4408,14,0.9923,0.108,0.36,-4.3039,3.6961,0.0,84.1,SUCCESS
2025-12-20T12:39:44.112013+00:00,btc-updown-15m-1766233800,TRADE,UP,ACCUM,1,1,0.5302,0.5302,23,0.5506,14,0.4408,14,0.9914,0.1209,0.39,-4.834,4.166,0.0,83.57,SUCCESS
2025-12-20T12:39:44.112593+00:00,btc-updown-15m-1766233800,TRADE,DOWN,ACCUM,1,1,0.4799,0.4799,23,0.5506,15,0.4434,15,0.994,0.0904,0.35,-4.314,3.686,0.0,83.09,SUCCESS
2025-12-20T12:39:49.704133+00:00,btc-updown-15m-1766233800,TRADE,UP,ACCUM,1,1,0.5201,0.5201,24,0.5493,15,0.4434,15,0.9927,0.1095,0.38,-4.834,4.166,0.0,82.57,SUCCESS
2025-12-20T12:39:55.187807+00:00,btc-updown-15m-1766233800,TRADE,UP,ACCUM,1,1,0.5202,0.5202,25,0.5481,15,0.4434,15,0.9915,0.127,0.4,-5.3542,4.6458,0.0,82.05,SUCCESS
2025-12-20T12:40:00.648443+00:00,btc-updown-15m-1766233800,TRADE,UP,ACCUM,1,1,0.5,0.5,26,0.5463,15,0.4434,15,0.9897,0.1547,0.42,-5.8543,5.1457,0.0,81.55,SUCCESS
2025-12-20T12:40:06.144992+00:00,btc-updown-15m-1766233800,TRADE,DOWN,ACCUM,2,2,0.5501,1.1002,26,0.5463,17,0.456,17,1.0022,-0.038,0.35,-4.9544,4.0456,0.0,80.45,SUCCESS
2025-12-20T12:40:22.593324+00:00,btc-updown-15m-1766233800,TRADE,UP,ACCUM,1,1,0.34,0.34,27,0.5386,17,0.456,17,0.9946,0.0919,0.37,-5.2944,4.7056,0.0,80.11,SUCCESS
2025-12-20T12:40:28.041626+00:00,btc-updown-15m-1766233800,TRADE,UP,ACCUM,1,1,0.3301,0.3301,28,0.5312,17,0.456,17,0.9871,0.2185,0.39,-5.6245,5.3755,0.0,79.78,SUCCESS
2025-12-20T12:40:33.507734+00:00,btc-updown-15m-1766233800,TRADE,DOWN,ACCUM,2,2,0.7,1.4001,28,0.5312,19,0.4817,19,1.0128,-0.244,0.32,-5.0246,3.9754,0.0,78.38,SUCCESS
2025-12-20T12:45:02.346054+00:00,btc-updown-15m-1766233800,RESOLUTION,UP,MARKET_END,47,47,1.0,24.0246,28,0.5312,19,0.4817,19,1.0128,-0.244,0.32,0.0,0.0,-0.8052,106.38,RESOLVED
2025-12-20T13:02:09.388177+00:00,btc-updown-15m-1766235600,TRADE,DOWN,ACCUM,1,1,0.3,0.3,0,0.0,1,0.3,0,0.0,0.0,1.0,-0.3,0.7,0.0,102.1,SUCCESS
2025-12-20T13:02:20.334289+00:00,btc-updown-15m-1766235600,TRADE,UP,ACCUM,1,1,0.7702,0.7702,1,0.7702,1,0.3,1,1.0702,-0.0702,0.0,-0.0702,-0.0702,0.0,101.33,SUCCESS
2025-12-20T13:02:20.334645+00:00,btc-updown-15m-1766235600,TRADE,DOWN,ACCUM,1,1,0.24,0.24,1,0.7702,2,0.27,1,1.0402,-0.0402,0.5,-0.3102,0.6898,0.0,101.09,SUCCESS
2025-12-20T13:02:42.261231+00:00,btc-updown-15m-1766235600,TRADE,DOWN,ACCUM,1,1,0.09,0.09,1,0.7702,3,0.21,1,0.9802,0.0198,0.67,-0.4002,1.5998,0.0,101.0,SUCCESS
2025-12-20T13:02:47.880977+00:00,btc-updown-15m-1766235600,TRADE,DOWN,ACCUM,1,1,0.13,0.13,1,0.7702,4,0.19,1,0.9602,0.0398,0.75,-0.5302,2.4698,0.0,100.87,SUCCESS
2025-12-20T13:02:53.428050+00:00,btc-updown-15m-1766235600,TRADE,DOWN,ACCUM,1,1,0.1301,0.1301,1,0.7702,5,0.178,1,0.9482,0.0518,0.8,-0.6603,3.3397,0.0,100.74,SUCCESS
2025-12-20T13:02:58.878178+00:00,btc-updown-15m-1766235600,TRADE,DOWN,ACCUM,1,1,0.12,0.12,1,0.7702,6,0.1684,1,0.9385,0.0615,0.83,-0.7803,4.2197,0.0,100.62,SUCCESS
2025-12-20T13:03:04.322934+00:00,btc-updown-15m-1766235600,TRADE,UP,ACCUM,1,1,0.8803,0.8803,2,0.8252,6,0.1684,2,0.9936,0.0128,0.67,-0.6606,3.3394,0.0,99.74,SUCCESS
2025-12-20T13:03:15.240608+00:00,btc-updown-15m-1766235600,TRADE,DOWN,ACCUM,1,1,0.16,0.16,2,0.8252,7,0.1672,2,0.9924,0.0152,0.71,-0.8206,4.1794,0.0,99.58,SUCCESS
2025-12-20T13:03:20.887510+00:00,btc-updown-15m-1766235600,TRADE,UP,ACCUM,1,1,0.7703,0.7703,3,0.8069,7,0.1672,3,0.9741,0.0778,0.57,-0.5909,3.4091,0.0,98.81,SUCCESS
2025-12-20T13:03:26.452466+00:00,btc-updown-15m-1766235600,TRADE,DOWN,ACCUM,1,1,0.2301,0.2301,3,0.8069,8,0.175,3,0.9819,0.0542,0.62,-0.821,4.179,0.0,98.58,SUCCESS
2025-12-20T13:03:31.910488+00:00,btc-updown-15m-1766235600,TRADE,UP,ACCUM,1,1,0.7703,0.7703,4,0.7978,8,0.175,4,0.9728,0.1088,0.5,-0.5913,3.4087,0.0,97.81,SUCCESS
2025-12-20T13:03:31.912697+00:00,btc-updown-15m-1766235600,TRADE,DOWN,ACCUM,1,1,0.2401,0.2401,4,0.7978,9,0.1823,4,0.98,0.0799,0.56,-0.8314,4.1686,0.0,97.57,SUCCESS
2025-12-20T13:03:37.346377+00:00,btc-updown-15m-1766235600,TRADE,UP,ACCUM,1,1,0.7803,0.7803,5,0.7943,9,0.1823,5,0.9765,0.1174,0.44,-0.6117,3.3883,0.0,96.79,SUCCESS
2025-12-20T13:03:37.346655+00:00,btc-updown-15m-1766235600,TRADE,DOWN,ACCUM,1,1,0.2301,0.2301,5,0.7943,10,0.187,5,0.9813,0.0934,0.5,-0.8418,4.1582,0.0,96.56,SUCCESS
2025-12-20T13:03:42.940099+00:00,btc-updown-15m-1766235600,TRADE,UP,ACCUM,1,1,0.7803,0.7803,6,0.7919,10,0.187,6,0.979,0.1261,0.4,-0.6221,3.3779,0.0,95.78,SUCCESS
2025-12-20T13:03:42.940515+00:00,btc-updown-15m-1766235600,TRADE,DOWN,ACCUM,1,1,0.2401,0.2401,6,0.7919,11,0.1919,6,0.9838,0.0971,0.45,-0.8622,4.1378,0.0,95.54,SUCCESS
2025-12-20T13:03:48.490386+00:00,btc-updown-15m-1766235600,TRADE,UP,ACCUM,1,1,0.7903,0.7903,7,0.7917,11,0.1919,7,0.9836,0.1149,0.36,-0.6525,3.3475,0.0,94.75,SUCCESS
2025-12-20T13:03:48.491460+00:00,btc-updown-15m-1766235600,TRADE,DOWN,ACCUM,1,1,0.22,0.22,7,0.7917,12,0.1942,7,0.9859,0.0985,0.42,-0.8725,4.1275,0.0,94.53,SUCCESS
2025-12-20T13:03:53.946927+00:00,btc-updown-15m-1766235600,TRADE,DOWN,ACCUM,1,1,0.2201,0.2201,7,0.7917,13,0.1962,7,0.9879,0.0846,0.46,-1.0926,4.9074,0.0,94.31,SUCCESS
2025-12-20T13:03:59.395484+00:00,btc-updown-15m-1766235600,TRADE,UP,ACCUM,1,1,0.79,0.79,8,0.7915,13,0.1962,8,0.9877,0.0984,0.38,-0.8826,4.1174,0.0,93.52,SUCCESS
2025-12-20T13:04:04.957661+00:00,btc-updown-15m-1766235600,TRADE,UP,ACCUM,1,1,0.7301,0.7301,9,0.7847,13,0.1962,9,0.9809,0.172,0.31,-0.6128,3.3872,0.0,92.79,SUCCESS
2025-12-20T13:04:04.958076+00:00,btc-updown-15m-1766235600,TRADE,DOWN,ACCUM,1,1,0.2901,0.2901,9,0.7847,14,0.2029,9,0.9876,0.1117,0.36,-0.9028,4.0972,0.0,92.5,SUCCESS
2025-12-20T13:04:10.416298+00:00,btc-updown-15m-1766235600,TRADE,UP,ACCUM,1,1,0.6897,0.6897,10,0.7752,14,0.2029,10,0.9781,0.2191,0.29,-0.5925,3.4075,0.0,91.81,SUCCESS
2025-12-20T13:04:15.987069+00:00,btc-updown-15m-1766235600,TRADE,UP,ACCUM,1,1,0.7303,0.7303,11,0.7711,14,0.2029,11,0.974,0.286,0.21,-0.3227,2.6773,0.0,91.08,SUCCESS
2025-12-20T13:04:15.987620+00:00,btc-updown-15m-1766235600,TRADE,DOWN,ACCUM,1,1,0.28,0.28,11,0.7711,15,0.208,11,0.9791,0.2294,0.27,-0.6028,3.3972,0.0,90.8,SUCCESS
2025-12-20T13:04:21.454989+00:00,btc-updown-15m-1766235600,TRADE,UP,ACCUM,1,1,0.7302,0.7302,12,0.7677,15,0.208,12,0.9757,0.2911,0.2,-0.333,2.667,0.0,90.07,SUCCESS
2025-12-20T13:04:21.455480+00:00,btc-updown-15m-1766235600,TRADE,DOWN,ACCUM,1,1,0.2701,0.2701,12,0.7677,16,0.2119,12,0.9796,0.2446,0.25,-0.6031,3.3969,0.0,89.8,SUCCESS
2025-12-20T13:04:26.889680+00:00,btc-updown-15m-1766235600,TRADE,UP,ACCUM,1,1,0.7902,0.7902,13,0.7694,16,0.2119,13,0.9813,0.2425,0.19,-0.3933,2.6067,0.0,89.01,SUCCESS
2025-12-20T13:04:26.892808+00:00,btc-updown-15m-1766235600,TRADE,DOWN,ACCUM,1,1,0.2201,0.2201,13,0.7694,17,0.2124,13,0.9818,0.2362,0.24,-0.6134,3.3866,0.0,88.79,SUCCESS
2025-12-20T13:04:32.482576+00:00,btc-updown-15m-1766235600,TRADE,DOWN,ACCUM,1,1,0.2101,0.2101,13,0.7694,18,0.2123,13,0.9817,0.2379,0.28,-0.8235,4.1765,0.0,88.58,SUCCESS
2025-12-20T13:04:38.268860+00:00,btc-updown-15m-1766235600,TRADE,UP,ACCUM,1,1,0.8204,0.8204,14,0.7731,18,0.2123,14,0.9853,0.2053,0.22,-0.6438,3.3562,0.0,87.76,SUCCESS
2025-12-20T13:04:38.270242+00:00,btc-updown-15m-1766235600,TRADE,DOWN,ACCUM,1,1,0.1901,0.1901,14,0.7731,19,0.2111,14,0.9842,0.2216,0.26,-0.8339,4.1661,0.0,87.57,SUCCESS
2025-12-20T13:04:43.730091+00:00,btc-updown-15m-1766235600,TRADE,UP,ACCUM,1,1,0.8196,0.8196,15,0.7762,19,0.2111,15,0.9873,0.1909,0.21,-0.6535,3.3465,0.0,86.75,SUCCESS
2025-12-20T13:04:49.168871+00:00,btc-updown-15m-1766235600,TRADE,UP,ACCUM,1,1,0.8801,0.8801,16,0.7827,19,0.2111,16,0.9938,0.0997,0.16,-0.5336,2.4664,0.0,85.87,SUCCESS
2025-12-20T13:04:55.018516+00:00,btc-updown-15m-1766235600,TRADE,DOWN,ACCUM,1,1,0.1301,0.1301,16,0.7827,20,0.2071,16,0.9897,0.1646,0.2,-0.6637,3.3363,0.0,85.74,SUCCESS
2025-12-20T13:05:00.476011+00:00,btc-updown-15m-1766235600,TRADE,DOWN,ACCUM,1,1,0.08,0.08,16,0.7827,21,0.201,16,0.9837,0.2614,0.24,-0.7437,4.2563,0.0,85.66,SUCCESS
2025-12-20T13:05:05.946599+00:00,btc-updown-15m-1766235600,TRADE,UP,ACCUM,1,1,0.8704,0.8704,17,0.7878,21,0.201,17,0.9888,0.19,0.19,-0.614,3.386,0.0,84.79,SUCCESS
2025-12-20T13:05:05.947196+00:00,btc-updown-15m-1766235600,TRADE,DOWN,ACCUM,1,1,0.1401,0.1401,17,0.7878,22,0.1982,17,0.9861,0.2371,0.23,-0.7541,4.2459,0.0,84.65,SUCCESS
2025-12-20T13:05:11.411358+00:00,btc-updown-15m-1766235600,TRADE,UP,ACCUM,1,1,0.8202,0.8202,18,0.7896,22,0.1982,18,0.9879,0.2187,0.18,-0.5743,3.4257,0.0,83.83,SUCCESS
2025-12-20T13:05:11.411555+00:00,btc-updown-15m-1766235600,TRADE,DOWN,ACCUM,1,1,0.19,0.19,18,0.7896,23,0.1979,18,0.9875,0.2251,0.22,-0.7643,4.2357,0.0,83.64,SUCCESS
2025-12-20T13:05:16.861376+00:00,btc-updown-15m-1766235600,TRADE,UP,ACCUM,1,1,0.8402,0.8402,19,0.7923,23,0.1979,19,0.9902,0.187,0.17,-0.6046,3.3954,0.0,82.8,SUCCESS
2025-12-20T13:05:16.861818+00:00,btc-updown-15m-1766235600,TRADE,DOWN,ACCUM,1,1,0.1801,0.1801,19,0.7923,24,0.1971,19,0.9894,0.201,0.21,-0.7846,4.2154,0.0,82.62,SUCCESS
2025-12-20T13:05:22.341351+00:00,btc-updown-15m-1766235600,TRADE,UP,ACCUM,1,1,0.8801,0.8801,20,0.7967,24,0.1971,20,0.9938,0.1239,0.17,-0.6647,3.3353,0.0,81.74,SUCCESS
2025-12-20T13:05:22.342075+00:00,btc-updown-15m-1766235600,TRADE,DOWN,ACCUM,1,1,0.13,0.13,20,0.7967,25,0.1945,20,0.9911,0.1776,0.2,-0.7947,4.2053,0.0,81.61,SUCCESS
2025-12-20T13:05:27.817866+00:00,btc-updown-15m-1766235600,TRADE,UP,ACCUM,1,1,0.8697,0.8697,21,0.8001,25,0.1945,21,0.9946,0.1134,0.16,-0.6644,3.3356,0.0,80.74,SUCCESS
2025-12-20T13:05:33.404168+00:00,btc-updown-15m-1766235600,TRADE,DOWN,ACCUM,1,1,0.1601,0.1601,21,0.8001,26,0.1931,21,0.9933,0.1412,0.19,-0.8245,4.1755,0.0,80.58,SUCCESS
2025-12-20T13:05:38.869697+00:00,btc-updown-15m-1766235600,TRADE,UP,ACCUM,1,1,0.8302,0.8302,22,0.8015,26,0.1931,22,0.9946,0.1178,0.15,-0.6547,3.3453,0.0,79.75,SUCCESS
2025-12-20T13:05:38.870168+00:00,btc-updown-15m-1766235600,TRADE,DOWN,ACCUM,1,1,0.18,0.18,22,0.8015,27,0.1926,22,0.9942,0.1285,0.19,-0.8347,4.1653,0.0,79.57,SUCCESS
2025-12-20T13:05:44.325377+00:00,btc-updown-15m-1766235600,TRADE,DOWN,ACCUM,1,1,0.1601,0.1601,22,0.8015,28,0.1915,22,0.993,0.1541,0.21,-0.9947,5.0053,0.0,79.41,SUCCESS
2025-12-20T13:05:49.864287+00:00,btc-updown-15m-1766235600,TRADE,DOWN,ACCUM,1,1,0.1601,0.1601,22,0.8015,29,0.1904,22,0.9919,0.178,0.24,-1.1548,5.8452,0.0,79.25,SUCCESS
2025-12-20T13:06:00.906911+00:00,btc-updown-15m-1766235600,TRADE,DOWN,ACCUM,1,1,0.12,0.12,22,0.8015,30,0.1881,22,0.9896,0.2295,0.27,-1.2749,6.7251,0.0,79.13,SUCCESS
2025-12-20T13:06:06.496891+00:00,btc-updown-15m-1766235600,TRADE,UP,ACCUM,1,1,0.9004,0.9004,23,0.8058,30,0.1881,23,0.9939,0.1411,0.23,-1.1753,5.8247,0.0,78.22,SUCCESS
2025-12-20T13:06:28.345696+00:00,btc-updown-15m-1766235600,TRADE,UP,ACCUM,1,1,0.8302,0.8302,24,0.8068,30,0.1881,24,0.9949,0.1229,0.2,-1.0054,4.9946,0.0,77.39,SUCCESS
2025-12-20T13:07:28.719305+00:00,btc-updown-15m-1766235600,TRADE,UP,ACCUM,1,1,0.7503,0.7503,25,0.8046,30,0.1881,25,0.9926,0.1846,0.17,-0.7557,4.2443,0.0,76.64,SUCCESS
2025-12-20T13:07:34.190080+00:00,btc-updown-15m-1766235600,TRADE,UP,ACCUM,1,1,0.7602,0.7602,26,0.8029,30,0.1881,26,0.9909,0.2363,0.13,-0.5159,3.4841,0.0,75.88,SUCCESS
2025-12-20T13:07:39.867851+00:00,btc-updown-15m-1766235600,TRADE,UP,ACCUM,1,1,0.8003,0.8003,27,0.8028,30,0.1881,27,0.9908,0.248,0.1,-0.3162,2.6838,0.0,75.08,SUCCESS
2025-12-20T13:07:45.438575+00:00,btc-updown-15m-1766235600,TRADE,UP,ACCUM,1,1,0.7801,0.7801,28,0.802,30,0.1881,28,0.99,0.2799,0.07,-0.0962,1.9038,0.0,74.3,SUCCESS
2025-12-20T13:07:50.868329+00:00,btc-updown-15m-1766235600,TRADE,UP,ACCUM,1,1,0.7802,0.7802,29,0.8012,30,0.1881,29,0.9893,0.3116,0.03,0.1236,1.1236,0.0,73.52,SUCCESS
2025-12-20T13:07:56.305575+00:00,btc-updown-15m-1766235600,TRADE,UP,ACCUM,1,1,0.7603,0.7603,30,0.7998,30,0.1881,30,0.9879,0.3633,0.0,0.3633,0.3633,0.0,72.76,SUCCESS
2025-12-20T13:15:01.370949+00:00,btc-updown-15m-1766235600,RESOLUTION,DOWN,MARKET_END,60,60,1.0,29.6367,30,0.7998,30,0.1881,30,0.9879,0.3633,0.0,0.0,0.0,0.3633,102.76,RESOLVED
2025-12-20T13:16:04.516509+00:00,btc-updown-15m-1766236500,TRADE,UP,ACCUM,1,1,0.3901,0.3901,1,0.3901,0,0.0,0,0.0,0.0,1.0,-0.3901,0.6099,0.0,103.01,SUCCESS
2025-12-20T13:16:26.587274+00:00,btc-updown-15m-1766236500,TRADE,UP,ACCUM,1,1,0.2901,0.2901,2,0.3401,0,0.0,0,0.0,0.0,1.0,-0.6802,1.3198,0.0,102.72,SUCCESS
2025-12-20T13:16:26.587600+00:00,btc-updown-15m-1766236500,TRADE,DOWN,ACCUM,1,1,0.7202,0.7202,2,0.3401,1,0.7202,1,1.0603,-0.0603,0.5,-0.4004,0.5996,0.0,102.0,SUCCESS
2025-12-20T13:19:44.892770+00:00,btc-updown-15m-1766236500,TRADE,UP,ACCUM,1,1,0.14,0.14,3,0.2734,1,0.7202,1,0.9936,0.0064,0.67,-0.5404,1.4596,0.0,101.86,SUCCESS
2025-12-20T13:19:50.477012+00:00,btc-updown-15m-1766236500,TRADE,UP,ACCUM,1,1,0.14,0.14,4,0.2401,1,0.7202,1,0.9602,0.0398,0.75,-0.6804,2.3196,0.0,101.72,SUCCESS
2025-12-20T13:19:55.942145+00:00,btc-updown-15m-1766236500,TRADE,UP,ACCUM,1,1,0.14,0.14,5,0.2201,1,0.7202,1,0.9402,0.0598,0.8,-0.8204,3.1796,0.0,101.58,SUCCESS
2025-12-20T13:20:07.003652+00:00,btc-updown-15m-1766236500,TRADE,UP,ACCUM,1,1,0.1201,0.1201,6,0.2034,1,0.7202,1,0.9236,0.0764,0.83,-0.9405,4.0595,0.0,101.46,SUCCESS
2025-12-20T13:20:12.565753+00:00,btc-updown-15m-1766236500,TRADE,UP,ACCUM,1,1,0.11,0.11,7,0.1901,1,0.7202,1,0.9102,0.0898,0.86,-1.0505,4.9495,0.0,101.35,SUCCESS
2025-12-20T13:20:18.148701+00:00,btc-updown-15m-1766236500,TRADE,DOWN,ACCUM,1,1,0.8803,0.8803,7,0.1901,2,0.8002,2,0.9903,0.0194,0.71,-0.9308,4.0692,0.0,100.47,SUCCESS
2025-12-20T13:20:28.636589+00:00,btc-updown-15m-1766236500,TRADE,UP,ACCUM,1,1,0.14,0.14,8,0.1838,2,0.8002,2,0.984,0.0319,0.75,-1.0709,4.9291,0.0,100.33,SUCCESS
2025-12-20T13:20:34.069978+00:00,btc-updown-15m-1766236500,TRADE,UP,ACCUM,1,1,0.1601,0.1601,9,0.1812,2,0.8002,2,0.9814,0.0372,0.78,-1.2309,5.7691,0.0,100.17,SUCCESS
2025-12-20T13:20:39.505630+00:00,btc-updown-15m-1766236500,TRADE,UP,ACCUM,1,1,0.15,0.15,10,0.178,2,0.8002,2,0.9783,0.0434,0.8,-1.3809,6.6191,0.0,100.02,SUCCESS
2025-12-20T13:20:50.555903+00:00,btc-updown-15m-1766236500,TRADE,UP,ACCUM,1,1,0.15,0.15,11,0.1755,2,0.8002,2,0.9757,0.0485,0.82,-1.5309,7.4691,0.0,99.87,SUCCESS
2025-12-20T13:20:50.556771+00:00,btc-updown-15m-1766236500,TRADE,DOWN,ACCUM,1,1,0.8504,0.8504,11,0.1755,3,0.8169,3,0.9924,0.0227,0.73,-1.3813,6.6187,0.0,99.02,SUCCESS
2025-12-20T13:21:07.181350+00:00,btc-updown-15m-1766236500,TRADE,UP,ACCUM,1,1,0.19,0.19,12,0.1767,3,0.8169,3,0.9937,0.019,0.75,-1.5713,7.4287,0.0,98.83,SUCCESS
2025-12-20T13:21:07.181947+00:00,btc-updown-15m-1766236500,TRADE,DOWN,ACCUM,1,1,0.8204,0.8204,12,0.1767,4,0.8178,4,0.9945,0.022,0.67,-1.3917,6.6083,0.0,98.01,SUCCESS
2025-12-20T13:21:12.676602+00:00,btc-updown-15m-1766236500,TRADE,UP,ACCUM,1,1,0.12,0.12,13,0.1723,4,0.8178,4,0.9902,0.0394,0.69,-1.5117,7.4883,0.0,97.89,SUCCESS
2025-12-20T13:21:23.815912+00:00,btc-updown-15m-1766236500,TRADE,UP,ACCUM,1,1,0.05,0.05,14,0.1636,4,0.8178,4,0.9814,0.0743,0.71,-1.5617,8.4383,0.0,97.84,SUCCESS
2025-12-20T13:21:29.395725+00:00,btc-updown-15m-1766236500,TRADE,UP,ACCUM,1,1,0.12,0.12,15,0.1607,4,0.8178,4,0.9785,0.086,0.73,-1.6817,9.3183,0.0,97.72,SUCCESS
2025-12-20T13:21:34.835317+00:00,btc-updown-15m-1766236500,TRADE,DOWN,ACCUM,2,2,0.8502,1.7005,15,0.1607,6,0.8286,6,0.9893,0.0641,0.6,-1.3822,7.6178,0.0,96.02,SUCCESS
2025-12-20T13:21:40.331237+00:00,btc-updown-15m-1766236500,TRADE,UP,ACCUM,1,1,0.25,0.25,16,0.1663,6,0.8286,6,0.9949,0.0306,0.62,-1.6322,8.3678,0.0,95.77,SUCCESS
2025-12-20T13:21:40.331592+00:00,btc-updown-15m-1766236500,TRADE,DOWN,ACCUM,1,1,0.7203,0.7203,16,0.1663,7,0.8131,7,0.9794,0.144,0.56,-1.3525,7.6475,0.0,95.05,SUCCESS
2025-12-20T13:21:45.776007+00:00,btc-updown-15m-1766236500,TRADE,DOWN,ACCUM,1,1,0.6601,0.6601,16,0.1663,8,0.794,8,0.9603,0.3176,0.5,-1.0126,6.9874,0.0,94.39,SUCCESS
2025-12-20T13:21:51.230940+00:00,btc-updown-15m-1766236500,TRADE,UP,ACCUM,1,1,0.3901,0.3901,17,0.1794,8,0.794,8,0.9735,0.2123,0.53,-1.4027,7.5973,0.0,94.0,SUCCESS
2025-12-20T13:21:51.231312+00:00,btc-updown-15m-1766236500,TRADE,DOWN,ACCUM,1,1,0.6199,0.6199,17,0.1794,9,0.7747,9,0.9541,0.413,0.47,-1.0226,6.9774,0.0,93.38,SUCCESS
2025-12-20T13:21:56.732478+00:00,btc-updown-15m-1766236500,TRADE,UP,ACCUM,1,1,0.4901,0.4901,18,0.1967,9,0.7747,9,0.9714,0.2576,0.5,-1.5127,7.4873,0.0,92.89,SUCCESS
2025-12-20T13:21:56.732635+00:00,btc-updown-15m-1766236500,TRADE,DOWN,ACCUM,1,1,0.5199,0.5199,18,0.1967,10,0.7492,10,0.9459,0.541,0.44,-1.0326,6.9674,0.0,92.37,SUCCESS
2025-12-20T13:22:02.376656+00:00,btc-updown-15m-1766236500,TRADE,UP,ACCUM,1,1,0.46,0.46,19,0.2106,10,0.7492,10,0.9598,0.4025,0.47,-1.4926,7.5074,0.0,91.91,SUCCESS
2025-12-20T13:22:02.377694+00:00,btc-updown-15m-1766236500,TRADE,DOWN,ACCUM,1,1,0.5401,0.5401,19,0.2106,11,0.7302,11,0.9407,0.6518,0.42,-1.0327,6.9673,0.0,91.37,SUCCESS
2025-12-20T13:22:07.870659+00:00,btc-updown-15m-1766236500,TRADE,DOWN,ACCUM,1,1,0.48,0.48,19,0.2106,12,0.7093,12,0.9199,0.9612,0.37,-0.5128,6.4872,0.0,90.89,SUCCESS
2025-12-20T13:22:13.337796+00:00,btc-updown-15m-1766236500,TRADE,DOWN,ACCUM,1,1,0.52,0.52,19,0.2106,13,0.6948,13,0.9053,1.2306,0.32,-0.0328,5.9672,0.0,90.37,SUCCESS
2025-12-20T13:22:18.777705+00:00,btc-updown-15m-1766236500,TRADE,UP,ACCUM,1,1,0.4202,0.4202,20,0.221,13,0.6948,13,0.9158,1.0943,0.35,-0.453,6.547,0.0,89.95,SUCCESS
2025-12-20T13:22:18.778011+00:00,btc-updown-15m-1766236500,TRADE,DOWN,ACCUM,1,1,0.6001,0.6001,20,0.221,14,0.688,14,0.9091,1.2732,0.3,-0.0531,5.9469,0.0,89.35,SUCCESS
2025-12-20T13:22:24.342272+00:00,btc-updown-15m-1766236500,TRADE,UP,ACCUM,1,1,0.3301,0.3301,21,0.2262,14,0.688,14,0.9143,1.2005,0.33,-0.3832,6.6168,0.0,89.02,SUCCESS
2025-12-20T13:22:29.796021+00:00,btc-updown-15m-1766236500,TRADE,UP,ACCUM,1,1,0.21,0.21,22,0.2255,14,0.688,14,0.9135,1.2108,0.36,-0.5932,7.4068,0.0,88.81,SUCCESS
2025-12-20T13:22:29.796160+00:00,btc-updown-15m-1766236500,TRADE,DOWN,ACCUM,1,1,0.81,0.81,22,0.2255,15,0.6961,15,0.9216,1.1753,0.32,-0.4033,6.5967,0.0,88.0,SUCCESS
2025-12-20T13:22:40.730408+00:00,btc-updown-15m-1766236500,TRADE,UP,ACCUM,1,1,0.21,0.21,23,0.2248,15,0.6961,15,0.921,1.1854,0.35,-0.6133,7.3867,0.0,87.79,SUCCESS
2025-12-20T13:22:40.731286+00:00,btc-updown-15m-1766236500,TRADE,DOWN,ACCUM,1,1,0.8101,0.8101,23,0.2248,16,0.7033,16,0.9281,1.1504,0.3,-0.4234,6.5766,0.0,86.98,SUCCESS
2025-12-20T13:22:46.195667+00:00,btc-updown-15m-1766236500,TRADE,UP,ACCUM,1,1,0.14,0.14,24,0.2213,16,0.7033,16,0.9246,1.2069,0.33,-0.5634,7.4366,0.0,86.84,SUCCESS
2025-12-20T13:22:56.789514+00:00,btc-updown-15m-1766236500,TRADE,UP,ACCUM,1,1,0.17,0.17,25,0.2192,16,0.7033,16,0.9225,1.2397,0.36,-0.7335,8.2665,0.0,86.67,SUCCESS
2025-12-20T13:22:56.790036+00:00,btc-updown-15m-1766236500,TRADE,DOWN,ACCUM,1,1,0.8301,0.8301,25,0.2192,17,0.7107,17,0.93,1.1904,0.32,-0.5636,7.4364,0.0,85.84,SUCCESS
2025-12-20T13:23:02.243664+00:00,btc-updown-15m-1766236500,TRADE,UP,ACCUM,1,1,0.1599,0.1599,26,0.217,17,0.7107,17,0.9277,1.2292,0.35,-0.7235,8.2765,0.0,85.68,SUCCESS
2025-12-20T13:23:07.855449+00:00,btc-updown-15m-1766236500,TRADE,UP,ACCUM,1,1,0.16,0.16,27,0.2149,17,0.7107,17,0.9256,1.265,0.37,-0.8835,9.1165,0.0,85.52,SUCCESS
2025-12-20T13:23:07.855972+00:00,btc-updown-15m-1766236500,TRADE,DOWN,ACCUM,1,1,0.8601,0.8601,27,0.2149,18,0.719,18,0.9339,1.19,0.33,-0.7437,8.2563,0.0,84.66,SUCCESS
2025-12-20T13:23:13.311197+00:00,btc-updown-15m-1766236500,TRADE,UP,ACCUM,1,1,0.19,0.19,28,0.214,18,0.719,18,0.933,1.206,0.36,-0.9337,9.0663,0.0,84.47,SUCCESS
2025-12-20T13:23:18.782707+00:00,btc-updown-15m-1766236500,TRADE,UP,ACCUM,1,1,0.18,0.18,29,0.2128,18,0.719,18,0.9318,1.2271,0.38,-1.1137,9.8863,0.0,84.29,SUCCESS
2025-12-20T13:23:18.782974+00:00,btc-updown-15m-1766236500,TRADE,DOWN,ACCUM,1,1,0.8401,0.8401,29,0.2128,19,0.7254,19,0.9382,1.1741,0.34,-0.9538,9.0462,0.0,83.45,SUCCESS
2025-12-20T13:23:24.230121+00:00,btc-updown-15m-1766236500,TRADE,UP,ACCUM,1,1,0.17,0.17,30,0.2114,19,0.7254,19,0.9368,1.2012,0.37,-1.1238,9.8762,0.0,83.28,SUCCESS
2025-12-20T13:23:24.230300+00:00,btc-updown-15m-1766236500,TRADE,DOWN,ACCUM,1,1,0.8304,0.8304,30,0.2114,20,0.7307,20,0.942,1.1595,0.33,-0.9542,9.0458,0.0,82.45,SUCCESS
2025-12-20T13:23:29.676415+00:00,btc-updown-15m-1766236500,TRADE,DOWN,ACCUM,1,1,0.8104,0.8104,30,0.2114,21,0.7344,21,0.9458,1.1378,0.3,-0.7646,8.2354,0.0,81.64,SUCCESS
2025-12-20T13:23:35.122577+00:00,btc-updown-15m-1766236500,TRADE,DOWN,ACCUM,1,1,0.86,0.86,30,0.2114,22,0.7402,22,0.9515,1.0664,0.27,-0.6246,7.3754,0.0,80.78,SUCCESS
2025-12-20T13:23:40.594245+00:00,btc-updown-15m-1766236500,TRADE,DOWN,ACCUM,1,1,0.8602,0.8602,30,0.2114,23,0.7454,23,0.9567,0.9948,0.23,-0.4848,6.5152,0.0,79.92,SUCCESS
2025-12-20T13:23:46.248797+00:00,btc-updown-15m-1766236500,TRADE,DOWN,ACCUM,1,1,0.8604,0.8604,30,0.2114,24,0.7502,24,0.9615,0.923,0.2,-0.3452,5.6548,0.0,79.05,SUCCESS
2025-12-20T13:23:51.909160+00:00,btc-updown-15m-1766236500,TRADE,DOWN,ACCUM,1,1,0.9002,0.9002,30,0.2114,25,0.7562,25,0.9675,0.8115,0.17,-0.2454,4.7546,0.0,78.15,SUCCESS
2025-12-20T13:23:57.372051+00:00,btc-updown-15m-1766236500,TRADE,DOWN,ACCUM,1,1,0.9,0.9,30,0.2114,26,0.7617,26,0.9731,0.7001,0.13,-0.1454,3.8546,0.0,77.25,SUCCESS
2025-12-20T13:24:02.854671+00:00,btc-updown-15m-1766236500,TRADE,DOWN,ACCUM,1,1,0.8901,0.8901,30,0.2114,27,0.7665,27,0.9778,0.5986,0.1,-0.0355,2.9645,0.0,76.36,SUCCESS
2025-12-20T13:24:08.276027+00:00,btc-updown-15m-1766236500,TRADE,DOWN,ACCUM,1,1,0.88,0.88,30,0.2114,28,0.7705,28,0.9819,0.5072,0.07,0.0844,2.0844,0.0,75.48,SUCCESS
2025-12-20T13:24:13.753571+00:00,btc-updown-15m-1766236500,TRADE,DOWN,ACCUM,1,1,0.8603,0.8603,30,0.2114,29,0.7736,29,0.985,0.4355,0.03,0.2242,1.2242,0.0,74.62,SUCCESS
2025-12-20T13:24:19.214055+00:00,btc-updown-15m-1766236500,TRADE,DOWN,ACCUM,1,1,0.8402,0.8402,30,0.2114,30,0.7758,30,0.9872,0.3839,0.0,0.3839,0.3839,0.0,73.78,SUCCESS
2025-12-20T13:30:04.323102+00:00,btc-updown-15m-1766236500,RESOLUTION,UP,MARKET_END,60,60,1.0,29.6161,30,0.2114,30,0.7758,30,0.9872,0.3839,0.0,0.0,0.0,0.3839,103.78,RESOLVED
2025-12-20T13:30:17.158460+00:00,btc-updown-15m-1766237400,TRADE,UP,ACCUM,1,1,0.4701,0.4701,1,0.4701,0,0.0,0,0.0,0.0,1.0,-0.4701,0.5299,0.0,103.31,SUCCESS
2025-12-20T13:30:17.158783+00:00,btc-updown-15m-1766237400,TRADE,DOWN,ACCUM,1,1,0.5301,0.5301,1,0.4701,1,0.5301,1,1.0003,-0.0003,0.0,-0.0003,-0.0003,0.0,102.78,SUCCESS
2025-12-20T13:30:28.221840+00:00,btc-updown-15m-1766237400,TRADE,DOWN,ACCUM,1,1,0.5001,0.5001,1,0.4701,2,0.5151,1,0.9853,0.0147,0.5,-0.5004,0.4996,0.0,102.28,SUCCESS
2025-12-20T13:30:33.694098+00:00,btc-updown-15m-1766237400,TRADE,DOWN,ACCUM,1,1,0.4901,0.4901,1,0.4701,3,0.5068,1,0.9769,0.0231,0.67,-0.9904,1.0096,0.0,101.79,SUCCESS
2025-12-20T13:30:39.144512+00:00,btc-updown-15m-1766237400,TRADE,DOWN,ACCUM,1,1,0.4801,0.4801,1,0.4701,4,0.5001,1,0.9702,0.0298,0.75,-1.4705,1.5295,0.0,101.31,SUCCESS
2025-12-20T13:30:50.179306+00:00,btc-updown-15m-1766237400,TRADE,DOWN,ACCUM,1,1,0.4802,0.4802,1,0.4701,5,0.4961,1,0.9663,0.0337,0.8,-1.9507,2.0493,0.0,100.83,SUCCESS
2025-12-20T13:30:55.714522+00:00,btc-updown-15m-1766237400,TRADE,DOWN,ACCUM,1,1,0.46,0.46,1,0.4701,6,0.4901,1,0.9602,0.0398,0.83,-2.4108,2.5892,0.0,100.37,SUCCESS
2025-12-20T13:31:06.748446+00:00,btc-updown-15m-1766237400,TRADE,DOWN,ACCUM,1,1,0.4302,0.4302,1,0.4701,7,0.4815,1,0.9517,0.0483,0.86,-2.8409,3.1591,0.0,99.94,SUCCESS
2025-12-20T13:31:12.178023+00:00,btc-updown-15m-1766237400,TRADE,DOWN,ACCUM,1,1,0.4602,0.4602,1,0.4701,8,0.4789,1,0.949,0.051,0.88,-3.3011,3.6989,0.0,99.48,SUCCESS
2025-12-20T13:31:17.638719+00:00,btc-updown-15m-1766237400,TRADE,DOWN,ACCUM,1,1,0.44,0.44,1,0.4701,9,0.4746,1,0.9447,0.0553,0.89,-3.7411,4.2589,0.0,99.04,SUCCESS
2025-12-20T13:31:23.103263+00:00,btc-updown-15m-1766237400,TRADE,DOWN,ACCUM,1,1,0.4301,0.4301,1,0.4701,10,0.4701,1,0.9403,0.0597,0.9,-4.1713,4.8287,0.0,98.61,SUCCESS
2025-12-20T13:31:28.564571+00:00,btc-updown-15m-1766237400,TRADE,UP,ACCUM,1,1,0.5601,0.5601,2,0.5151,10,0.4701,2,0.9852,0.0296,0.8,-3.7313,4.2687,0.0,98.05,SUCCESS
2025-12-20T13:31:28.564768+00:00,btc-updown-15m-1766237400,TRADE,DOWN,ACCUM,1,1,0.4501,0.4501,2,0.5151,11,0.4683,2,0.9834,0.0332,0.82,-4.1815,4.8185,0.0,97.6,SUCCESS
2025-12-20T13:31:34.077047+00:00,btc-updown-15m-1766237400,TRADE,DOWN,ACCUM,1,1,0.4399,0.4399,2,0.5151,12,0.4659,2,0.981,0.0379,0.83,-4.6214,5.3786,0.0,97.16,SUCCESS
2025-12-20T13:31:39.520465+00:00,btc-updown-15m-1766237400,TRADE,DOWN,ACCUM,1,1,0.43,0.43,2,0.5151,13,0.4632,2,0.9783,0.0434,0.85,-5.0514,5.9486,0.0,96.73,SUCCESS
2025-12-20T13:31:50.418303+00:00,btc-updown-15m-1766237400,TRADE,UP,ACCUM,2,2,0.58,1.1599,4,0.5475,13,0.4632,4,1.0107,-0.0429,0.69,-4.2114,4.7886,0.0,95.57,SUCCESS
2025-12-20T13:36:41.375071+00:00,btc-updown-15m-1766237400,TRADE,DOWN,ACCUM,1,1,0.2201,0.2201,4,0.5475,14,0.4458,4,0.9933,0.0266,0.71,-4.4314,5.5686,0.0,95.35,SUCCESS
2025-12-20T13:36:46.845585+00:00,btc-updown-15m-1766237400,TRADE,DOWN,ACCUM,1,1,0.2,0.2,4,0.5475,15,0.4294,4,0.977,0.0921,0.73,-4.6315,6.3685,0.0,95.15,SUCCESS
2025-12-20T16:00:04.513435+00:00,btc-updown-15m-1766246400,TRADE,UP,ACCUM,1,1,0.6203,0.6203,1,0.6203,0,0.0,0,0.0,0.0,1.0,-0.6203,0.3797,0.0,101.78,SUCCESS
2025-12-20T16:00:04.514469+00:00,btc-updown-15m-1766246400,TRADE,DOWN,ACCUM,1,1,0.37,0.37,1,0.6203,1,0.37,1,0.9903,0.0097,0.0,0.0097,0.0097,0.0,101.41,SUCCESS
2025-12-20T16:00:10.096875+00:00,btc-updown-15m-1766246400,TRADE,DOWN,ACCUM,1,1,0.2601,0.2601,1,0.6203,2,0.315,1,0.9353,0.0647,0.5,-0.2504,0.7496,0.0,101.15,SUCCESS
2025-12-20T16:00:15.563485+00:00,btc-updown-15m-1766246400,TRADE,DOWN,ACCUM,1,1,0.2501,0.2501,1,0.6203,3,0.2934,1,0.9137,0.0863,0.67,-0.5004,1.4996,0.0,100.9,SUCCESS
2025-12-20T16:00:21.000707+00:00,btc-updown-15m-1766246400,TRADE,DOWN,ACCUM,1,1,0.29,0.29,1,0.6203,4,0.2925,1,0.9128,0.0872,0.75,-0.7904,2.2096,0.0,100.61,SUCCESS
2025-12-20T16:00:26.503733+00:00,btc-updown-15m-1766246400,TRADE,UP,ACCUM,1,1,0.7001,0.7001,2,0.6602,4,0.2925,2,0.9527,0.0946,0.5,-0.4905,1.5095,0.0,99.91,SUCCESS
2025-12-20T16:00:26.504246+00:00,btc-updown-15m-1766246400,TRADE,DOWN,ACCUM,1,1,0.3201,0.3201,2,0.6602,5,0.298,2,0.9582,0.0836,0.6,-0.8105,2.1895,0.0,99.59,SUCCESS
2025-12-20T16:00:31.952254+00:00,btc-updown-15m-1766246400,TRADE,UP,ACCUM,1,1,0.6601,0.6601,3,0.6601,5,0.298,3,0.9582,0.1254,0.4,-0.4706,1.5294,0.0,98.93,SUCCESS
2025-12-20T16:00:37.427859+00:00,btc-updown-15m-1766246400,TRADE,UP,ACCUM,1,1,0.6103,0.6103,4,0.6477,5,0.298,4,0.9457,0.2171,0.2,-0.0809,0.9191,0.0,98.32,SUCCESS
2025-12-20T16:00:37.428344+00:00,btc-updown-15m-1766246400,TRADE,DOWN,ACCUM,1,1,0.4002,0.4002,4,0.6477,6,0.3151,4,0.9627,0.149,0.33,-0.4811,1.5189,0.0,97.92,SUCCESS
2025-12-20T16:00:48.440425+00:00,btc-updown-15m-1766246400,TRADE,UP,ACCUM,1,1,0.5703,0.5703,5,0.6322,6,0.3151,5,0.9473,0.2637,0.17,-0.0514,0.9486,0.0,97.35,SUCCESS
2025-12-20T16:00:48.441341+00:00,btc-updown-15m-1766246400,TRADE,DOWN,ACCUM,1,1,0.4501,0.4501,5,0.6322,7,0.3344,5,0.9666,0.1672,0.29,-0.5015,1.4985,0.0,96.9,SUCCESS
2025-12-20T16:00:53.935261+00:00,btc-updown-15m-1766246400,TRADE,UP,ACCUM,1,1,0.5701,0.5701,6,0.6218,7,0.3344,6,0.9562,0.2628,0.14,-0.0716,0.9284,0.0,96.33,SUCCESS
2025-12-20T16:00:53.936121+00:00,btc-updown-15m-1766246400,TRADE,DOWN,ACCUM,1,1,0.45,0.45,6,0.6218,8,0.3488,6,0.9707,0.176,0.25,-0.5216,1.4784,0.0,95.88,SUCCESS
2025-12-20T16:00:59.565939+00:00,btc-updown-15m-1766246400,TRADE,DOWN,ACCUM,1,1,0.4302,0.4302,6,0.6218,9,0.3579,6,0.9797,0.1218,0.33,-0.9517,2.0483,0.0,95.45,SUCCESS
2025-12-20T16:01:05.216851+00:00,btc-updown-15m-1766246400,TRADE,DOWN,ACCUM,1,1,0.4101,0.4101,6,0.6218,10,0.3631,6,0.9849,0.0905,0.4,-1.3619,2.6381,0.0,95.04,SUCCESS
2025-12-20T16:01:10.683862+00:00,btc-updown-15m-1766246400,TRADE,UP,ACCUM,1,1,0.6101,0.6101,7,0.6202,10,0.3631,7,0.9832,0.1173,0.3,-0.9719,2.0281,0.0,94.43,SUCCESS
2025-12-20T16:01:10.684175+00:00,btc-updown-15m-1766246400,TRADE,DOWN,ACCUM,1,1,0.4099,0.4099,7,0.6202,11,0.3673,7,0.9875,0.0875,0.36,-1.3818,2.6182,0.0,94.02,SUCCESS
2025-12-20T16:01:16.157274+00:00,btc-updown-15m-1766246400,TRADE,UP,ACCUM,1,1,0.6001,0.6001,8,0.6177,11,0.3673,8,0.985,0.12,0.27,-0.982,2.018,0.0,93.42,SUCCESS
2025-12-20T16:01:16.159785+00:00,btc-updown-15m-1766246400,TRADE,DOWN,ACCUM,1,1,0.4101,0.4101,8,0.6177,12,0.3709,8,0.9886,0.0915,0.33,-1.3921,2.6079,0.0,93.01,SUCCESS
2025-12-20T16:01:21.821726+00:00,btc-updown-15m-1766246400,TRADE,UP,ACCUM,1,1,0.5903,0.5903,9,0.6146,12,0.3709,9,0.9855,0.1303,0.25,-0.9824,2.0176,0.0,92.42,SUCCESS
2025-12-20T16:01:21.822564+00:00,btc-updown-15m-1766246400,TRADE,DOWN,ACCUM,1,1,0.4201,0.4201,9,0.6146,13,0.3747,9,0.9893,0.0962,0.31,-1.4026,2.5974,0.0,92.0,SUCCESS
2025-12-20T16:01:27.271274+00:00,btc-updown-15m-1766246400,TRADE,UP,ACCUM,1,1,0.5301,0.5301,10,0.6062,13,0.3747,10,0.9809,0.1914,0.23,-0.9327,2.0673,0.0,91.47,SUCCESS
2025-12-20T16:01:32.701082+00:00,btc-updown-15m-1766246400,TRADE,UP,ACCUM,1,1,0.5502,0.5502,11,0.6011,13,0.3747,11,0.9758,0.2665,0.15,-0.4829,1.5171,0.0,90.92,SUCCESS
2025-12-20T16:01:32.701507+00:00,btc-updown-15m-1766246400,TRADE,DOWN,ACCUM,1,1,0.4602,0.4602,11,0.6011,14,0.3808,11,0.9819,0.1993,0.21,-0.9431,2.0569,0.0,90.46,SUCCESS
2025-12-20T16:01:38.144369+00:00,btc-updown-15m-1766246400,TRADE,DOWN,ACCUM,1,1,0.4601,0.4601,11,0.6011,15,0.3861,11,0.9872,0.1412,0.27,-1.4031,2.5969,0.0,90.0,SUCCESS
2025-12-20T16:01:44.676262+00:00,btc-updown-15m-1766246400,TRADE,UP,ACCUM,1,1,0.5103,0.5103,12,0.5935,15,0.3861,12,0.9796,0.2449,0.2,-0.9134,2.0866,0.0,89.49,SUCCESS
2025-12-20T16:01:50.173496+00:00,btc-updown-15m-1766246400,TRADE,UP,ACCUM,1,1,0.5201,0.5201,13,0.5879,15,0.3861,13,0.9739,0.3387,0.13,-0.4335,1.5665,0.0,88.97,SUCCESS
2025-12-20T16:01:55.805585+00:00,btc-updown-15m-1766246400,TRADE,UP,ACCUM,1,1,0.5202,0.5202,14,0.583,15,0.3861,14,0.9691,0.4324,0.07,0.0463,1.0463,0.0,88.45,SUCCESS
2025-12-20T16:02:01.271478+00:00,btc-updown-15m-1766246400,TRADE,UP,ACCUM,1,1,0.5202,0.5202,15,0.5788,15,0.3861,15,0.9649,0.5261,0.0,0.5261,0.5261,0.0,87.93,SUCCESS
2025-12-20T16:15:01.482960+00:00,btc-updown-15m-1766246400,RESOLUTION,DOWN,MARKET_END,30,30,1.0,14.4739,15,0.5788,15,0.3861,15,0.9649,0.5261,0.0,0.0,0.0,0.5265,102.93,RESOLVED
2025-12-20T16:15:08.721139+00:00,btc-updown-15m-1766247300,TRADE,UP,ACCUM,1,1,0.4801,0.4801,1,0.4801,0,0.0,0,0.0,0.0,1.0,-0.4801,0.5199,0.0,102.45,SUCCESS
2025-12-20T16:15:20.015571+00:00,btc-updown-15m-1766247300,TRADE,UP,ACCUM,1,1,0.49,0.49,2,0.4851,0,0.0,0,0.0,0.0,1.0,-0.9702,1.0298,0.0,101.96,SUCCESS
2025-12-20T16:15:20.015918+00:00,btc-updown-15m-1766247300,TRADE,DOWN,ACCUM,1,1,0.5201,0.5201,2,0.4851,1,0.5201,1,1.0052,-0.0052,0.5,-0.4903,0.5097,0.0,101.44,SUCCESS
2025-12-20T16:18:06.427478+00:00,btc-updown-15m-1766247300,TRADE,DOWN,ACCUM,1,1,0.43,0.43,2,0.4851,2,0.4751,2,0.9602,0.0797,0.0,0.0797,0.0797,0.0,101.01,SUCCESS
2025-12-20T16:18:12.052174+00:00,btc-updown-15m-1766247300,TRADE,UP,ACCUM,1,1,0.5802,0.5802,3,0.5168,2,0.4751,2,0.9919,0.0162,0.33,-0.5006,0.4994,0.0,100.43,SUCCESS
2025-12-20T16:18:12.052400+00:00,btc-updown-15m-1766247300,TRADE,DOWN,ACCUM,1,1,0.4401,0.4401,3,0.5168,3,0.4634,3,0.9802,0.0593,0.0,0.0593,0.0593,0.0,99.99,SUCCESS
2025-12-20T16:18:17.565371+00:00,btc-updown-15m-1766247300,TRADE,UP,ACCUM,1,1,0.47,0.47,4,0.5051,3,0.4634,3,0.9685,0.0944,0.25,-0.4107,0.5893,0.0,99.52,SUCCESS
2025-12-20T16:18:23.111046+00:00,btc-updown-15m-1766247300,TRADE,DOWN,ACCUM,1,1,0.4701,0.4701,4,0.5051,4,0.4651,4,0.9702,0.1192,0.0,0.1192,0.1192,0.0,99.05,SUCCESS
2025-12-20T16:18:28.553440+00:00,btc-updown-15m-1766247300,TRADE,UP,ACCUM,1,1,0.5501,0.5501,5,0.5141,4,0.4651,4,0.9792,0.0832,0.2,-0.4309,0.5691,0.0,98.5,SUCCESS
2025-12-20T16:18:28.553825+00:00,btc-updown-15m-1766247300,TRADE,DOWN,ACCUM,1,1,0.4702,0.4702,5,0.5141,5,0.4661,5,0.9802,0.0989,0.0,0.0989,0.0989,0.0,98.02,SUCCESS
2025-12-20T16:18:34.192447+00:00,btc-updown-15m-1766247300,TRADE,UP,ACCUM,1,1,0.5601,0.5601,6,0.5218,5,0.4661,5,0.9879,0.0606,0.17,-0.4612,0.5388,0.0,97.46,SUCCESS
2025-12-20T16:18:34.192713+00:00,btc-updown-15m-1766247300,TRADE,DOWN,ACCUM,1,1,0.4602,0.4602,6,0.5218,6,0.4651,6,0.9869,0.0787,0.0,0.0787,0.0787,0.0,97.0,SUCCESS
2025-12-20T16:18:39.677916+00:00,btc-updown-15m-1766247300,TRADE,UP,ACCUM,1,1,0.5502,0.5502,7,0.5258,6,0.4651,6,0.9909,0.0543,0.14,-0.4715,0.5285,0.0,96.45,SUCCESS
2025-12-20T16:18:39.678667+00:00,btc-updown-15m-1766247300,TRADE,DOWN,ACCUM,1,1,0.4802,0.4802,7,0.5258,7,0.4673,7,0.9931,0.0483,0.0,0.0483,0.0483,0.0,95.97,SUCCESS
2025-12-20T16:18:45.107084+00:00,btc-updown-15m-1766247300,TRADE,UP,ACCUM,1,1,0.5401,0.5401,8,0.5276,7,0.4673,7,0.9949,0.0358,0.12,-0.4918,0.5082,0.0,95.43,SUCCESS
2025-12-20T16:18:50.644650+00:00,btc-updown-15m-1766247300,TRADE,UP,ACCUM,1,1,0.5201,0.5201,9,0.5268,7,0.4673,7,0.994,0.0417,0.22,-1.0118,0.9882,0.0,94.91,SUCCESS
2025-12-20T16:18:56.179214+00:00,btc-updown-15m-1766247300,TRADE,UP,ACCUM,1,1,0.4901,0.4901,10,0.5231,7,0.4673,7,0.9904,0.0674,0.3,-1.5019,1.4981,0.0,94.42,SUCCESS
2025-12-20T16:19:07.341205+00:00,btc-updown-15m-1766247300,TRADE,UP,ACCUM,1,1,0.52,0.52,11,0.5228,7,0.4673,7,0.9901,0.0693,0.36,-2.0219,1.9781,0.0,93.9,SUCCESS
2025-12-20T16:19:07.342114+00:00,btc-updown-15m-1766247300,TRADE,DOWN,ACCUM,1,1,0.4902,0.4902,11,0.5228,8,0.4701,8,0.993,0.0563,0.27,-1.5121,1.4879,0.0,93.41,SUCCESS
2025-12-20T16:19:18.324447+00:00,btc-updown-15m-1766247300,TRADE,UP,ACCUM,1,1,0.53,0.53,12,0.5234,8,0.4701,8,0.9936,0.0516,0.33,-2.0421,1.9579,0.0,92.88,SUCCESS
2025-12-20T16:19:18.325717+00:00,btc-updown-15m-1766247300,TRADE,DOWN,ACCUM,1,1,0.48,0.48,12,0.5234,9,0.4712,9,0.9947,0.0481,0.25,-1.5221,1.4779,0.0,92.4,SUCCESS
2025-12-20T16:19:23.832885+00:00,btc-updown-15m-1766247300,TRADE,DOWN,ACCUM,1,1,0.3902,0.3902,12,0.5234,10,0.4631,10,0.9865,0.1345,0.17,-0.9123,1.0877,0.0,92.01,SUCCESS
2025-12-20T16:19:29.305206+00:00,btc-updown-15m-1766247300,TRADE,DOWN,ACCUM,1,1,0.4102,0.4102,12,0.5234,11,0.4583,11,0.9817,0.2009,0.08,-0.3225,0.6775,0.0,91.6,SUCCESS
2025-12-20T16:19:34.918568+00:00,btc-updown-15m-1766247300,TRADE,UP,ACCUM,1,1,0.6002,0.6002,13,0.5293,11,0.4583,11,0.9876,0.1359,0.15,-0.9227,1.0773,0.0,91.0,SUCCESS
2025-12-20T16:19:34.919584+00:00,btc-updown-15m-1766247300,TRADE,DOWN,ACCUM,1,1,0.4101,0.4101,13,0.5293,12,0.4543,12,0.9836,0.1965,0.08,-0.3328,0.6672,0.0,90.59,SUCCESS
2025-12-20T16:19:40.431344+00:00,btc-updown-15m-1766247300,TRADE,UP,ACCUM,1,1,0.6101,0.6101,14,0.5351,12,0.4543,12,0.9894,0.1273,0.14,-0.9429,1.0571,0.0,89.98,SUCCESS
2025-12-20T16:19:40.432523+00:00,btc-updown-15m-1766247300,TRADE,DOWN,ACCUM,1,1,0.4102,0.4102,14,0.5351,13,0.4509,13,0.986,0.182,0.07,-0.3531,0.6469,0.0,89.57,SUCCESS
2025-12-20T16:19:46.055849+00:00,btc-updown-15m-1766247300,TRADE,DOWN,ACCUM,1,1,0.4701,0.4701,14,0.5351,14,0.4523,14,0.9874,0.1768,0.0,0.1768,0.1768,0.0,89.1,SUCCESS
2025-12-20T16:19:57.004530+00:00,btc-updown-15m-1766247300,TRADE,UP,ACCUM,1,1,0.5702,0.5702,15,0.5374,14,0.4523,14,0.9897,0.144,0.07,-0.3934,0.6066,0.0,88.53,SUCCESS
2025-12-20T16:19:57.006983+00:00,btc-updown-15m-1766247300,TRADE,DOWN,ACCUM,1,1,0.4402,0.4402,15,0.5374,15,0.4515,15,0.9889,0.1664,0.0,0.1664,0.1664,0.0,88.09,SUCCESS
2025-12-20T16:30:02.184660+00:00,btc-updown-15m-1766247300,RESOLUTION,DOWN,MARKET_END,30,30,1.0,14.8336,15,0.5374,15,0.4515,15,0.9889,0.1664,0.0,0.0,0.0,0.1664,103.09,RESOLVED
2025-12-20T16:30:09.370372+00:00,btc-updown-15m-1766248200,TRADE,UP,ACCUM,1,1,0.5002,0.5002,1,0.5002,0,0.0,0,0.0,0.0,1.0,-0.5002,0.4998,0.0,102.59,SUCCESS
2025-12-20T16:30:09.370518+00:00,btc-updown-15m-1766248200,TRADE,DOWN,ACCUM,1,1,0.5101,0.5101,1,0.5002,1,0.5101,1,1.0103,-0.0103,0.0,-0.0103,-0.0103,0.0,102.08,SUCCESS
2025-12-20T16:32:22.573292+00:00,btc-updown-15m-1766248200,TRADE,UP,ACCUM,1,1,0.2601,0.2601,2,0.3801,1,0.5101,1,0.8903,0.1097,0.5,-0.2704,0.7296,0.0,101.82,SUCCESS
2025-12-20T16:32:28.112617+00:00,btc-updown-15m-1766248200,TRADE,UP,ACCUM,1,1,0.2901,0.2901,3,0.3501,1,0.5101,1,0.8603,0.1397,0.67,-0.5605,1.4395,0.0,101.53,SUCCESS
2025-12-20T16:32:33.760025+00:00,btc-updown-15m-1766248200,TRADE,UP,ACCUM,1,1,0.3001,0.3001,4,0.3376,1,0.5101,1,0.8477,0.1523,0.75,-0.8606,2.1394,0.0,101.23,SUCCESS
2025-12-20T16:32:33.760234+00:00,btc-updown-15m-1766248200,TRADE,DOWN,ACCUM,1,1,0.7302,0.7302,4,0.3376,2,0.6201,2,0.9578,0.0845,0.5,-0.5907,1.4093,0.0,100.5,SUCCESS
2025-12-20T16:32:39.257719+00:00,btc-updown-15m-1766248200,TRADE,UP,ACCUM,1,1,0.32,0.32,5,0.3341,2,0.6201,2,0.9542,0.0915,0.6,-0.9108,2.0892,0.0,100.18,SUCCESS
2025-12-20T16:32:39.257859+00:00,btc-updown-15m-1766248200,TRADE,DOWN,ACCUM,1,1,0.7002,0.7002,5,0.3341,3,0.6468,3,0.9809,0.0572,0.4,-0.6109,1.3891,0.0,99.48,SUCCESS
2025-12-20T16:32:44.760112+00:00,btc-updown-15m-1766248200,TRADE,UP,ACCUM,1,1,0.3101,0.3101,6,0.3301,3,0.6468,3,0.9769,0.0692,0.5,-0.9211,2.0789,0.0,99.17,SUCCESS
2025-12-20T16:32:50.512554+00:00,btc-updown-15m-1766248200,TRADE,UP,ACCUM,1,1,0.3001,0.3001,7,0.3258,3,0.6468,3,0.9726,0.0821,0.57,-1.2211,2.7789,0.0,98.87,SUCCESS
2025-12-20T16:32:56.015279+00:00,btc-updown-15m-1766248200,TRADE,UP,ACCUM,1,1,0.2999,0.2999,8,0.3226,3,0.6468,3,0.9694,0.0918,0.62,-1.521,3.479,0.0,98.57,SUCCESS
2025-12-20T16:32:56.016876+00:00,btc-updown-15m-1766248200,TRADE,DOWN,ACCUM,1,1,0.7101,0.7101,8,0.3226,4,0.6627,4,0.9852,0.0591,0.5,-1.2311,2.7689,0.0,97.86,SUCCESS
2025-12-20T16:33:01.583056+00:00,btc-updown-15m-1766248200,TRADE,UP,ACCUM,1,1,0.3001,0.3001,9,0.3201,4,0.6627,4,0.9827,0.0691,0.56,-1.5312,3.4688,0.0,97.56,SUCCESS
2025-12-20T16:33:07.067762+00:00,btc-updown-15m-1766248200,TRADE,UP,ACCUM,1,1,0.3299,0.3299,10,0.321,4,0.6627,4,0.9837,0.0652,0.6,-1.8611,4.1389,0.0,97.23,SUCCESS
2025-12-20T16:33:07.068801+00:00,btc-updown-15m-1766248200,TRADE,DOWN,ACCUM,1,1,0.6802,0.6802,10,0.321,5,0.6662,5,0.9872,0.064,0.5,-1.5413,3.4587,0.0,96.55,SUCCESS
2025-12-20T16:33:12.588875+00:00,btc-updown-15m-1766248200,TRADE,UP,ACCUM,1,1,0.3101,0.3101,11,0.3201,5,0.6662,5,0.9862,0.0689,0.55,-1.8514,4.1486,0.0,96.24,SUCCESS
2025-12-20T16:33:12.589822+00:00,btc-updown-15m-1766248200,TRADE,DOWN,ACCUM,1,1,0.7103,0.7103,11,0.3201,6,0.6735,6,0.9936,0.0386,0.45,-1.5617,3.4383,0.0,95.53,SUCCESS
2025-12-20T16:33:18.230752+00:00,btc-updown-15m-1766248200,TRADE,UP,ACCUM,1,1,0.3001,0.3001,12,0.3184,6,0.6735,6,0.9919,0.0485,0.5,-1.8618,4.1382,0.0,95.23,SUCCESS
2025-12-20T16:33:23.781363+00:00,btc-updown-15m-1766248200,TRADE,DOWN,ACCUM,2,2,0.7201,1.4402,12,0.3184,8,0.6852,8,1.0036,-0.0285,0.33,-1.302,2.698,0.0,93.79,SUCCESS
2025-12-20T16:35:14.792070+00:00,btc-updown-15m-1766248200,TRADE,DOWN,ACCUM,1,1,0.5598,0.5598,12,0.3184,9,0.6712,9,0.9896,0.0934,0.25,-0.8618,2.1382,0.0,93.23,SUCCESS
2025-12-20T16:35:20.273146+00:00,btc-updown-15m-1766248200,TRADE,DOWN,ACCUM,1,1,0.7102,0.7102,12,0.3184,10,0.6751,10,0.9935,0.0648,0.17,-0.572,1.428,0.0,92.52,SUCCESS
2025-12-20T16:35:25.757518+00:00,btc-updown-15m-1766248200,TRADE,UP,ACCUM,1,1,0.26,0.26,13,0.3139,10,0.6751,10,0.989,0.1097,0.23,-0.832,2.168,0.0,92.26,SUCCESS
2025-12-20T16:35:31.357188+00:00,btc-updown-15m-1766248200,TRADE,UP,ACCUM,1,1,0.2801,0.2801,14,0.3115,10,0.6751,10,0.9866,0.1338,0.29,-1.1122,2.8878,0.0,91.98,SUCCESS
2025-12-20T16:35:31.357341+00:00,btc-updown-15m-1766248200,TRADE,DOWN,ACCUM,1,1,0.7401,0.7401,14,0.3115,11,0.681,11,0.9925,0.0822,0.21,-0.8522,2.1478,0.0,91.24,SUCCESS
2025-12-20T16:35:36.902691+00:00,btc-updown-15m-1766248200,TRADE,UP,ACCUM,1,1,0.2801,0.2801,15,0.3094,11,0.681,11,0.9904,0.1053,0.27,-1.1323,2.8677,0.0,90.96,SUCCESS
2025-12-20T16:36:32.118685+00:00,btc-updown-15m-1766248200,TRADE,DOWN,ACCUM,1,1,0.7002,0.7002,15,0.3094,12,0.6826,12,0.992,0.0957,0.2,-0.8325,2.1675,0.0,90.26,SUCCESS
2025-12-20T16:36:48.612698+00:00,btc-updown-15m-1766248200,TRADE,DOWN,ACCUM,1,1,0.6801,0.6801,15,0.3094,13,0.6824,13,0.9918,0.1062,0.13,-0.5126,1.4874,0.0,89.58,SUCCESS
2025-12-20T16:36:54.071933+00:00,btc-updown-15m-1766248200,TRADE,DOWN,ACCUM,1,1,0.5101,0.5101,15,0.3094,14,0.6701,14,0.9795,0.2867,0.07,-0.0227,0.9773,0.0,89.07,SUCCESS
2025-12-20T16:36:59.551100+00:00,btc-updown-15m-1766248200,TRADE,DOWN,ACCUM,1,1,0.5302,0.5302,15,0.3094,15,0.6608,15,0.9702,0.4471,0.0,0.4471,0.4471,0.0,88.54,SUCCESS
2025-12-20T16:45:04.701393+00:00,btc-updown-15m-1766248200,RESOLUTION,UP,MARKET_END,30,30,1.0,14.5529,15,0.3094,15,0.6608,15,0.9702,0.4471,0.0,0.0,0.0,0.4471,103.54,RESOLVED
2025-12-20T16:45:12.285619+00:00,btc-updown-15m-1766249100,TRADE,UP,ACCUM,1,1,0.5201,0.5201,1,0.5201,0,0.0,0,0.0,0.0,1.0,-0.5201,0.4799,0.0,103.02,SUCCESS
2025-12-20T16:45:12.286078+00:00,btc-updown-15m-1766249100,TRADE,DOWN,ACCUM,1,1,0.4902,0.4902,1,0.5201,1,0.4902,1,1.0103,-0.0103,0.0,-0.0103,-0.0103,0.0,102.53,SUCCESS
2025-12-20T16:45:56.671733+00:00,btc-updown-15m-1766249100,TRADE,UP,ACCUM,1,1,0.47,0.47,2,0.4951,1,0.4902,1,0.9853,0.0147,0.5,-0.4803,0.5197,0.0,102.06,SUCCESS
2025-12-20T16:46:02.127696+00:00,btc-updown-15m-1766249100,TRADE,UP,ACCUM,1,1,0.48,0.48,3,0.49,1,0.4902,1,0.9803,0.0197,0.67,-0.9603,1.0397,0.0,101.58,SUCCESS
2025-12-20T16:46:07.545102+00:00,btc-updown-15m-1766249100,TRADE,UP,ACCUM,1,1,0.4899,0.4899,4,0.49,1,0.4902,1,0.9802,0.0198,0.75,-1.4503,1.5497,0.0,101.09,SUCCESS
2025-12-20T16:46:13.044464+00:00,btc-updown-15m-1766249100,TRADE,UP,ACCUM,1,1,0.4802,0.4802,5,0.4881,1,0.4902,1,0.9783,0.0217,0.8,-1.9305,2.0695,0.0,100.61,SUCCESS
2025-12-20T16:46:18.551483+00:00,btc-updown-15m-1766249100,TRADE,UP,ACCUM,1,1,0.4801,0.4801,6,0.4867,1,0.4902,1,0.9769,0.0231,0.83,-2.4106,2.5894,0.0,100.13,SUCCESS
2025-12-20T16:46:29.494967+00:00,btc-updown-15m-1766249100,TRADE,UP,ACCUM,1,1,0.4901,0.4901,7,0.4872,1,0.4902,1,0.9774,0.0226,0.86,-2.9007,3.0993,0.0,99.64,SUCCESS
2025-12-20T16:46:34.947597+00:00,btc-updown-15m-1766249100,TRADE,DOWN,ACCUM,2,2,0.5302,1.0605,7,0.4872,3,0.5169,3,1.0041,-0.0123,0.57,-1.9612,2.0388,0.0,98.58,SUCCESS
2025-12-20T16:46:46.604861+00:00,btc-updown-15m-1766249100,TRADE,DOWN,ACCUM,1,1,0.4801,0.4801,7,0.4872,4,0.5077,4,0.9949,0.0203,0.43,-1.4413,1.5587,0.0,98.1,SUCCESS
2025-12-20T16:46:52.173454+00:00,btc-updown-15m-1766249100,TRADE,DOWN,ACCUM,1,1,0.4802,0.4802,7,0.4872,5,0.5022,5,0.9894,0.0529,0.29,-0.9215,1.0785,0.0,97.62,SUCCESS
2025-12-20T16:46:57.725504+00:00,btc-updown-15m-1766249100,TRADE,UP,ACCUM,1,1,0.5301,0.5301,8,0.4926,5,0.5022,5,0.9948,0.0261,0.38,-1.4516,1.5484,0.0,97.09,SUCCESS
2025-12-20T16:46:57.725692+00:00,btc-updown-15m-1766249100,TRADE,DOWN,ACCUM,1,1,0.4801,0.4801,8,0.4926,6,0.4985,6,0.9911,0.0534,0.25,-0.9317,1.0683,0.0,96.61,SUCCESS
2025-12-20T16:47:14.411622+00:00,btc-updown-15m-1766249100,TRADE,DOWN,ACCUM,1,1,0.4598,0.4598,8,0.4926,7,0.493,7,0.9856,0.101,0.12,-0.3915,0.6085,0.0,96.15,SUCCESS
2025-12-20T16:47:19.996269+00:00,btc-updown-15m-1766249100,TRADE,UP,ACCUM,1,1,0.5603,0.5603,9,0.5001,7,0.493,7,0.9931,0.0484,0.22,-0.9518,1.0482,0.0,95.59,SUCCESS
2025-12-20T16:47:19.997096+00:00,btc-updown-15m-1766249100,TRADE,DOWN,ACCUM,1,1,0.45,0.45,9,0.5001,8,0.4876,8,0.9877,0.0983,0.11,-0.4018,0.5982,0.0,95.14,SUCCESS
2025-12-20T16:47:25.477537+00:00,btc-updown-15m-1766249100,TRADE,UP,ACCUM,1,1,0.5701,0.5701,10,0.5071,8,0.4876,8,0.9947,0.0423,0.2,-0.9719,1.0281,0.0,94.57,SUCCESS
2025-12-20T16:47:30.919217+00:00,btc-updown-15m-1766249100,TRADE,DOWN,ACCUM,1,1,0.46,0.46,10,0.5071,9,0.4846,9,0.9916,0.0752,0.1,-0.4319,0.5681,0.0,94.11,SUCCESS
2025-12-20T16:47:36.443760+00:00,btc-updown-15m-1766249100,TRADE,DOWN,ACCUM,1,1,0.4601,0.4601,10,0.5071,10,0.4821,10,0.9892,0.108,0.0,0.108,0.108,0.0,93.65,SUCCESS
2025-12-20T16:47:42.087623+00:00,btc-updown-15m-1766249100,TRADE,DOWN,ACCUM,1,1,0.2901,0.2901,10,0.5071,11,0.4647,10,0.9717,0.2826,0.09,-0.1821,0.8179,0.0,93.36,SUCCESS
2025-12-20T16:47:47.582566+00:00,btc-updown-15m-1766249100,TRADE,DOWN,ACCUM,1,1,0.28,0.28,10,0.5071,12,0.4493,10,0.9564,0.4364,0.17,-0.4621,1.5379,0.0,93.08,SUCCESS
2025-12-20T16:47:53.051197+00:00,btc-updown-15m-1766249100,TRADE,DOWN,ACCUM,1,1,0.2999,0.2999,10,0.5071,13,0.4378,10,0.9449,0.5513,0.23,-0.762,2.238,0.0,92.78,SUCCESS
2025-12-20T16:47:58.502166+00:00,btc-updown-15m-1766249100,TRADE,UP,ACCUM,1,1,0.72,0.72,11,0.5265,13,0.4378,11,0.9642,0.3935,0.15,-0.482,1.518,0.0,92.06,SUCCESS
2025-12-20T16:47:58.502351+00:00,btc-updown-15m-1766249100,TRADE,DOWN,ACCUM,1,1,0.3001,0.3001,11,0.5265,14,0.4279,11,0.9544,0.5017,0.21,-0.7821,2.2179,0.0,91.76,SUCCESS
2025-12-20T16:48:04.060337+00:00,btc-updown-15m-1766249100,TRADE,UP,ACCUM,1,1,0.7303,0.7303,12,0.5434,14,0.4279,12,0.9714,0.3435,0.14,-0.5124,1.4876,0.0,91.03,SUCCESS
2025-12-20T16:48:04.061368+00:00,btc-updown-15m-1766249100,TRADE,DOWN,ACCUM,1,1,0.2801,0.2801,12,0.5434,15,0.4181,12,0.9615,0.4618,0.2,-0.7925,2.2075,0.0,90.75,SUCCESS
2025-12-20T16:48:09.535792+00:00,btc-updown-15m-1766249100,TRADE,UP,ACCUM,1,1,0.7102,0.7102,13,0.5563,15,0.4181,13,0.9743,0.3335,0.13,-0.5027,1.4973,0.0,90.04,SUCCESS
2025-12-20T16:48:15.200463+00:00,btc-updown-15m-1766249100,TRADE,UP,ACCUM,1,1,0.7101,0.7101,14,0.5673,15,0.4181,14,0.9853,0.2053,0.07,-0.2128,0.7872,0.0,89.33,SUCCESS
2025-12-20T16:48:20.645127+00:00,btc-updown-15m-1766249100,TRADE,UP,ACCUM,1,1,0.7102,0.7102,15,0.5768,15,0.4181,15,0.9949,0.0769,0.0,0.0769,0.0769,0.0,88.62,SUCCESS
2025-12-20T17:00:00.891483+00:00,btc-updown-15m-1766249100,RESOLUTION,UP,MARKET_END,30,30,1.0,14.9231,15,0.5768,15,0.4181,15,0.9949,0.0769,0.0,0.0,0.0,0.0765,103.62,RESOLVED
2025-12-20T17:00:08.491483+00:00,btc-updown-15m-1766250000,TRADE,UP,ACCUM,1,1,0.6903,0.6903,1,0.6903,0,0.0,0,0.0,0.0,1.0,-0.6903,0.3097,0.0,102.93,SUCCESS
2025-12-20T17:00:08.491652+00:00,btc-updown-15m-1766250000,TRADE,DOWN,ACCUM,1,1,0.3201,0.3201,1,0.6903,1,0.3201,1,1.0104,-0.0104,0.0,-0.0104,-0.0104,0.0,102.61,SUCCESS
2025-12-20T17:00:24.997321+00:00,btc-updown-15m-1766250000,TRADE,UP,ACCUM,1,1,0.6402,0.6402,2,0.6653,1,0.3201,1,0.9854,0.0146,0.5,-0.6506,0.3494,0.0,101.97,SUCCESS
2025-12-20T17:00:30.476772+00:00,btc-updown-15m-1766250000,TRADE,UP,ACCUM,1,1,0.6501,0.6501,3,0.6602,1,0.3201,1,0.9804,0.0196,0.67,-1.3008,0.6992,0.0,101.32,SUCCESS
2025-12-20T17:00:35.926093+00:00,btc-updown-15m-1766250000,TRADE,UP,ACCUM,1,1,0.67,0.67,4,0.6627,1,0.3201,1,0.9828,0.0172,0.75,-1.9708,1.0292,0.0,100.65,SUCCESS
2025-12-20T17:00:35.926246+00:00,btc-updown-15m-1766250000,TRADE,DOWN,ACCUM,1,1,0.3401,0.3401,4,0.6627,2,0.3301,2,0.9928,0.0144,0.5,-1.3109,0.6891,0.0,100.31,SUCCESS
2025-12-20T17:00:46.819300+00:00,btc-updown-15m-1766250000,TRADE,DOWN,ACCUM,1,1,0.3201,0.3201,4,0.6627,3,0.3268,3,0.9894,0.0317,0.25,-0.631,0.369,0.0,99.99,SUCCESS
2025-12-20T17:00:52.311010+00:00,btc-updown-15m-1766250000,TRADE,UP,ACCUM,1,1,0.6897,0.6897,5,0.6681,3,0.3268,3,0.9948,0.0155,0.4,-1.3207,0.6793,0.0,99.3,SUCCESS
2025-12-20T17:00:52.311173+00:00,btc-updown-15m-1766250000,TRADE,DOWN,ACCUM,1,1,0.3201,0.3201,5,0.6681,4,0.3251,4,0.9932,0.0272,0.2,-0.6408,0.3592,0.0,98.98,SUCCESS
2025-12-20T17:00:57.762127+00:00,btc-updown-15m-1766250000,TRADE,DOWN,ACCUM,1,1,0.3201,0.3201,5,0.6681,5,0.3241,5,0.9922,0.0391,0.0,0.0391,0.0391,0.0,98.66,SUCCESS
2025-12-20T17:01:03.471082+00:00,btc-updown-15m-1766250000,TRADE,UP,ACCUM,1,1,0.6001,0.6001,6,0.6567,5,0.3241,5,0.9808,0.0958,0.17,-0.561,0.439,0.0,98.06,SUCCESS
2025-12-20T17:01:08.945244+00:00,btc-updown-15m-1766250000,TRADE,DOWN,ACCUM,1,1,0.4001,0.4001,6,0.6567,6,0.3368,6,0.9935,0.0389,0.0,0.0389,0.0389,0.0,97.66,SUCCESS
2025-12-20T17:01:20.136842+00:00,btc-updown-15m-1766250000,TRADE,UP,ACCUM,1,1,0.6101,0.6101,7,0.6501,6,0.3368,6,0.9868,0.0789,0.14,-0.5712,0.4288,0.0,97.05,SUCCESS
2025-12-20T17:01:25.746810+00:00,btc-updown-15m-1766250000,TRADE,UP,ACCUM,1,1,0.6603,0.6603,8,0.6514,6,0.3368,6,0.9881,0.0712,0.25,-1.2315,0.7685,0.0,96.39,SUCCESS
2025-12-20T17:01:25.747008+00:00,btc-updown-15m-1766250000,TRADE,DOWN,ACCUM,1,1,0.3602,0.3602,8,0.6514,7,0.3401,7,0.9915,0.0597,0.12,-0.5916,0.4084,0.0,96.02,SUCCESS
2025-12-20T17:01:31.346438+00:00,btc-updown-15m-1766250000,TRADE,UP,ACCUM,1,1,0.6202,0.6202,9,0.6479,7,0.3401,7,0.988,0.0839,0.22,-1.2119,0.7881,0.0,95.4,SUCCESS
2025-12-20T17:01:36.849377+00:00,btc-updown-15m-1766250000,TRADE,UP,ACCUM,1,1,0.6502,0.6502,10,0.6481,7,0.3401,7,0.9882,0.0823,0.3,-1.8621,1.1379,0.0,94.75,SUCCESS
2025-12-20T17:01:36.849825+00:00,btc-updown-15m-1766250000,TRADE,DOWN,ACCUM,1,1,0.3601,0.3601,10,0.6481,8,0.3426,8,0.9907,0.074,0.2,-1.2222,0.7778,0.0,94.39,SUCCESS
2025-12-20T17:01:42.366872+00:00,btc-updown-15m-1766250000,TRADE,DOWN,ACCUM,1,1,0.3101,0.3101,10,0.6481,9,0.339,9,0.9871,0.1159,0.1,-0.5323,0.4677,0.0,94.08,SUCCESS
2025-12-20T17:01:47.848090+00:00,btc-updown-15m-1766250000,TRADE,UP,ACCUM,1,1,0.7003,0.7003,11,0.6529,9,0.339,9,0.9919,0.0732,0.18,-1.2326,0.7674,0.0,93.38,SUCCESS
2025-12-20T17:01:53.397936+00:00,btc-updown-15m-1766250000,TRADE,DOWN,ACCUM,1,1,0.3,0.3,11,0.6529,10,0.3351,10,0.988,0.1203,0.09,-0.5326,0.4674,0.0,93.08,SUCCESS
2025-12-20T17:01:58.861710+00:00,btc-updown-15m-1766250000,TRADE,UP,ACCUM,1,1,0.6303,0.6303,12,0.651,10,0.3351,10,0.9861,0.1391,0.17,-1.1628,0.8372,0.0,92.45,SUCCESS
2025-12-20T17:01:58.862178+00:00,btc-updown-15m-1766250000,TRADE,DOWN,ACCUM,1,1,0.3801,0.3801,12,0.651,11,0.3392,11,0.9902,0.108,0.08,-0.543,0.457,0.0,92.07,SUCCESS
2025-12-20T17:02:04.313580+00:00,btc-updown-15m-1766250000,TRADE,UP,ACCUM,1,1,0.6203,0.6203,13,0.6486,11,0.3392,11,0.9878,0.134,0.15,-1.1633,0.8367,0.0,91.45,SUCCESS
2025-12-20T17:02:04.314518+00:00,btc-updown-15m-1766250000,TRADE,DOWN,ACCUM,1,1,0.3801,0.3801,13,0.6486,12,0.3426,12,0.9912,0.1053,0.08,-0.5434,0.4566,0.0,91.07,SUCCESS
2025-12-20T17:02:09.777514+00:00,btc-updown-15m-1766250000,TRADE,UP,ACCUM,1,1,0.64,0.64,14,0.648,12,0.3426,12,0.9906,0.1126,0.14,-1.1834,0.8166,0.0,90.43,SUCCESS
2025-12-20T17:02:09.778392+00:00,btc-updown-15m-1766250000,TRADE,DOWN,ACCUM,1,1,0.3701,0.3701,14,0.648,13,0.3447,13,0.9927,0.0946,0.07,-0.5534,0.4466,0.0,90.06,SUCCESS
2025-12-20T17:02:15.292615+00:00,btc-updown-15m-1766250000,TRADE,UP,ACCUM,1,1,0.6502,0.6502,15,0.6482,13,0.3447,13,0.9929,0.0926,0.13,-1.2037,0.7963,0.0,89.41,SUCCESS
2025-12-20T17:02:21.081640+00:00,btc-updown-15m-1766250000,TRADE,DOWN,ACCUM,1,1,0.35,0.35,15,0.6482,14,0.3451,14,0.9933,0.0944,0.07,-0.5537,0.4463,0.0,89.06,SUCCESS
2025-12-20T17:02:26.624573+00:00,btc-updown-15m-1766250000,TRADE,DOWN,ACCUM,1,1,0.3001,0.3001,15,0.6482,15,0.3421,15,0.9903,0.1462,0.0,0.1462,0.1462,0.0,88.76,SUCCESS
2025-12-20T17:15:01.818424+00:00,btc-updown-15m-1766250000,RESOLUTION,UP,MARKET_END,30,30,1.0,14.8538,15,0.6482,15,0.3421,15,0.9903,0.1462,0.0,0.0,0.0,0.1455,103.76,RESOLVED
2025-12-20T17:15:09.148256+00:00,btc-updown-15m-1766250900,TRADE,UP,ACCUM,1,1,0.4802,0.4802,1,0.4802,0,0.0,0,0.0,0.0,1.0,-0.4802,0.5198,0.0,103.28,SUCCESS
2025-12-20T17:15:09.148448+00:00,btc-updown-15m-1766250900,TRADE,DOWN,ACCUM,1,1,0.5301,0.5301,1,0.4802,1,0.5301,1,1.0103,-0.0103,0.0,-0.0103,-0.0103,0.0,102.75,SUCCESS
2025-12-20T17:15:20.043327+00:00,btc-updown-15m-1766250900,TRADE,UP,ACCUM,1,1,0.4401,0.4401,2,0.4602,1,0.5301,1,0.9903,0.0097,0.5,-0.4504,0.5496,0.0,102.31,SUCCESS
2025-12-20T17:15:25.675542+00:00,btc-updown-15m-1766250900,TRADE,UP,ACCUM,1,1,0.4402,0.4402,3,0.4535,1,0.5301,1,0.9836,0.0164,0.67,-0.8906,1.1094,0.0,101.87,SUCCESS
2025-12-20T17:15:31.175977+00:00,btc-updown-15m-1766250900,TRADE,UP,ACCUM,1,1,0.4502,0.4502,4,0.4527,1,0.5301,1,0.9828,0.0172,0.75,-1.3408,1.6592,0.0,101.42,SUCCESS
2025-12-20T17:15:36.640175+00:00,btc-updown-15m-1766250900,TRADE,UP,ACCUM,1,1,0.4802,0.4802,5,0.4582,1,0.5301,1,0.9883,0.0117,0.8,-1.8209,2.1791,0.0,100.94,SUCCESS
2025-12-20T17:15:36.640545+00:00,btc-updown-15m-1766250900,TRADE,DOWN,ACCUM,1,1,0.5301,0.5301,5,0.4582,2,0.5301,2,0.9883,0.0235,0.6,-1.351,1.649,0.0,100.41,SUCCESS
2025-12-20T17:15:42.059920+00:00,btc-updown-15m-1766250900,TRADE,UP,ACCUM,1,1,0.4702,0.4702,6,0.4602,2,0.5301,2,0.9903,0.0194,0.67,-1.8213,2.1787,0.0,99.94,SUCCESS
2025-12-20T17:15:42.060813+00:00,btc-updown-15m-1766250900,TRADE,DOWN,ACCUM,1,1,0.5401,0.5401,6,0.4602,3,0.5334,3,0.9936,0.0192,0.5,-1.3613,1.6387,0.0,99.4,SUCCESS
2025-12-20T17:16:04.029705+00:00,btc-updown-15m-1766250900,TRADE,DOWN,ACCUM,1,1,0.5201,0.5201,6,0.4602,4,0.5301,4,0.9903,0.0389,0.33,-0.8815,1.1185,0.0,98.88,SUCCESS
2025-12-20T17:16:09.693369+00:00,btc-updown-15m-1766250900,TRADE,DOWN,ACCUM,1,1,0.5201,0.5201,6,0.4602,5,0.5281,5,0.9883,0.0586,0.17,-0.4016,0.5984,0.0,98.36,SUCCESS
2025-12-20T17:16:15.161322+00:00,btc-updown-15m-1766250900,TRADE,UP,ACCUM,1,1,0.4898,0.4898,7,0.4644,5,0.5281,5,0.9925,0.0374,0.29,-0.8914,1.1086,0.0,97.87,SUCCESS
2025-12-20T17:16:15.162156+00:00,btc-updown-15m-1766250900,TRADE,DOWN,ACCUM,1,1,0.5202,0.5202,7,0.4644,6,0.5268,6,0.9912,0.0528,0.14,-0.4116,0.5884,0.0,97.35,SUCCESS
2025-12-20T17:16:20.632169+00:00,btc-updown-15m-1766250900,TRADE,DOWN,ACCUM,1,1,0.5202,0.5202,7,0.4644,7,0.5258,7,0.9903,0.0682,0.0,0.0682,0.0682,0.0,96.83,SUCCESS
2025-12-20T17:16:26.109497+00:00,btc-updown-15m-1766250900,TRADE,DOWN,ACCUM,1,1,0.5102,0.5102,7,0.4644,8,0.5239,7,0.9883,0.0819,0.12,-0.442,0.558,0.0,96.32,SUCCESS
2025-12-20T17:16:31.564776+00:00,btc-updown-15m-1766250900,TRADE,UP,ACCUM,1,1,0.5102,0.5102,8,0.4701,8,0.5239,8,0.994,0.0478,0.0,0.0478,0.0478,0.0,95.81,SUCCESS
2025-12-20T17:16:31.565983+00:00,btc-updown-15m-1766250900,TRADE,DOWN,ACCUM,1,1,0.5002,0.5002,8,0.4701,9,0.5213,8,0.9914,0.0689,0.11,-0.4524,0.5476,0.0,95.31,SUCCESS
2025-12-20T17:16:36.983820+00:00,btc-updown-15m-1766250900,TRADE,UP,ACCUM,1,1,0.5002,0.5002,9,0.4735,9,0.5213,9,0.9947,0.0474,0.0,0.0474,0.0474,0.0,94.81,SUCCESS
2025-12-20T17:16:42.455692+00:00,btc-updown-15m-1766250900,TRADE,DOWN,ACCUM,1,1,0.5101,0.5101,9,0.4735,10,0.5201,9,0.9936,0.0575,0.1,-0.4627,0.5373,0.0,94.3,SUCCESS
2025-12-20T17:16:53.350920+00:00,btc-updown-15m-1766250900,TRADE,DOWN,ACCUM,1,1,0.4801,0.4801,9,0.4735,11,0.5165,9,0.99,0.0902,0.18,-0.9428,1.0572,0.0,93.82,SUCCESS
2025-12-20T17:16:58.806304+00:00,btc-updown-15m-1766250900,TRADE,DOWN,ACCUM,1,1,0.4801,0.4801,9,0.4735,12,0.5135,9,0.9869,0.1175,0.25,-1.4229,1.5771,0.0,93.34,SUCCESS
2025-12-20T17:17:04.412107+00:00,btc-updown-15m-1766250900,TRADE,DOWN,ACCUM,1,1,0.4501,0.4501,9,0.4735,13,0.5086,9,0.9821,0.1614,0.31,-1.873,2.127,0.0,92.89,SUCCESS
2025-12-20T17:17:09.872234+00:00,btc-updown-15m-1766250900,TRADE,UP,ACCUM,1,1,0.5701,0.5701,10,0.4831,13,0.5086,10,0.9917,0.0827,0.23,-1.4431,1.5569,0.0,92.32,SUCCESS
2025-12-20T17:17:09.872544+00:00,btc-updown-15m-1766250900,TRADE,DOWN,ACCUM,1,1,0.4502,0.4502,10,0.4831,14,0.5044,10,0.9876,0.1244,0.29,-1.8933,2.1067,0.0,91.87,SUCCESS
2025-12-20T17:17:15.311475+00:00,btc-updown-15m-1766250900,TRADE,DOWN,ACCUM,1,1,0.4501,0.4501,10,0.4831,15,0.5008,10,0.9839,0.1606,0.33,-2.3434,2.6566,0.0,91.42,SUCCESS
2025-12-20T17:17:20.748382+00:00,btc-updown-15m-1766250900,TRADE,UP,ACCUM,1,1,0.5703,0.5703,11,0.4911,15,0.5008,11,0.9919,0.0896,0.27,-1.9137,2.0863,0.0,90.85,SUCCESS
2025-12-20T17:17:42.870436+00:00,btc-updown-15m-1766250900,TRADE,UP,ACCUM,1,1,0.44,0.44,12,0.4868,15,0.5008,12,0.9876,0.1488,0.2,-1.3536,1.6464,0.0,90.41,SUCCESS
2025-12-20T17:17:48.457711+00:00,btc-updown-15m-1766250900,TRADE,UP,ACCUM,1,1,0.4401,0.4401,13,0.4832,15,0.5008,13,0.984,0.2079,0.13,-0.7937,1.2063,0.0,89.97,SUCCESS
2025-12-20T17:17:53.895938+00:00,btc-updown-15m-1766250900,TRADE,UP,ACCUM,1,1,0.51,0.51,14,0.4851,15,0.5008,14,0.9859,0.1971,0.07,-0.3037,0.6963,0.0,89.46,SUCCESS
2025-12-20T17:17:59.345093+00:00,btc-updown-15m-1766250900,TRADE,UP,ACCUM,1,1,0.48,0.48,15,0.4848,15,0.5008,15,0.9856,0.2163,0.0,0.2163,0.2163,0.0,88.98,SUCCESS
2025-12-20T17:30:04.520534+00:00,btc-updown-15m-1766250900,RESOLUTION,DOWN,MARKET_END,30,30,1.0,14.7837,15,0.4848,15,0.5008,15,0.9856,0.2163,0.0,0.0,0.0,0.2163,103.98,RESOLVED
2025-12-20T17:30:11.809115+00:00,btc-updown-15m-1766251800,TRADE,DOWN,ACCUM,1,1,0.5301,0.5301,0,0.0,1,0.5301,0,0.0,0.0,1.0,-0.5301,0.4699,0.0,103.45,SUCCESS
2025-12-20T17:30:22.736397+00:00,btc-updown-15m-1766251800,TRADE,DOWN,ACCUM,1,1,0.5401,0.5401,0,0.0,2,0.5351,0,0.0,0.0,1.0,-1.0702,0.9298,0.0,102.91,SUCCESS
2025-12-20T17:30:33.837167+00:00,btc-updown-15m-1766251800,TRADE,UP,ACCUM,1,1,0.4702,0.4702,1,0.4702,2,0.5351,1,1.0053,-0.0053,0.5,-0.5404,0.4596,0.0,102.44,SUCCESS
2025-12-20T17:30:33.837513+00:00,btc-updown-15m-1766251800,TRADE,DOWN,ACCUM,1,1,0.54,0.54,1,0.4702,3,0.5367,1,1.0069,-0.0069,0.67,-1.0804,0.9196,0.0,101.9,SUCCESS
2025-12-20T17:31:40.056995+00:00,btc-updown-15m-1766251800,TRADE,UP,ACCUM,1,1,0.3802,0.3802,2,0.4252,3,0.5367,2,0.9619,0.0762,0.33,-0.4606,0.5394,0.0,101.52,SUCCESS
2025-12-20T17:31:45.499214+00:00,btc-updown-15m-1766251800,TRADE,DOWN,ACCUM,1,1,0.6601,0.6601,2,0.4252,4,0.5676,2,0.9928,0.0145,0.5,-1.1207,0.8793,0.0,100.86,SUCCESS
2025-12-20T17:31:50.938891+00:00,btc-updown-15m-1766251800,TRADE,UP,ACCUM,1,1,0.3001,0.3001,3,0.3835,4,0.5676,3,0.9511,0.1468,0.25,-0.4208,0.5792,0.0,100.56,SUCCESS
2025-12-20T17:31:56.479299+00:00,btc-updown-15m-1766251800,TRADE,UP,ACCUM,1,1,0.2801,0.2801,4,0.3576,4,0.5676,4,0.9252,0.2991,0.0,0.2991,0.2991,0.0,100.28,SUCCESS
2025-12-20T17:32:01.920856+00:00,btc-updown-15m-1766251800,TRADE,DOWN,ACCUM,1,1,0.7401,0.7401,4,0.3576,5,0.6021,4,0.9597,0.1611,0.2,-0.441,0.559,0.0,99.54,SUCCESS
2025-12-20T17:32:07.375852+00:00,btc-updown-15m-1766251800,TRADE,UP,ACCUM,1,1,0.4,0.4,5,0.3661,5,0.6021,5,0.9682,0.159,0.0,0.159,0.159,0.0,99.14,SUCCESS
2025-12-20T17:32:12.976858+00:00,btc-updown-15m-1766251800,TRADE,UP,ACCUM,1,1,0.4002,0.4002,6,0.3718,5,0.6021,5,0.9739,0.1306,0.17,-0.2412,0.7588,0.0,98.74,SUCCESS
2025-12-20T17:32:18.421352+00:00,btc-updown-15m-1766251800,TRADE,UP,ACCUM,1,1,0.3401,0.3401,7,0.3673,5,0.6021,5,0.9693,0.1533,0.29,-0.5813,1.4187,0.0,98.4,SUCCESS
2025-12-20T17:32:18.421766+00:00,btc-updown-15m-1766251800,TRADE,DOWN,ACCUM,1,1,0.6703,0.6703,7,0.3673,6,0.6134,6,0.9807,0.1157,0.14,-0.2515,0.7485,0.0,97.73,SUCCESS
2025-12-20T17:32:23.849261+00:00,btc-updown-15m-1766251800,TRADE,UP,ACCUM,1,1,0.3499,0.3499,8,0.3651,6,0.6134,6,0.9785,0.1288,0.25,-0.6014,1.3986,0.0,97.38,SUCCESS
2025-12-20T17:32:23.849419+00:00,btc-updown-15m-1766251800,TRADE,DOWN,ACCUM,1,1,0.6601,0.6601,8,0.3651,7,0.6201,7,0.9852,0.1036,0.12,-0.2615,0.7385,0.0,96.72,SUCCESS
2025-12-20T17:32:29.324603+00:00,btc-updown-15m-1766251800,TRADE,DOWN,ACCUM,1,1,0.6701,0.6701,8,0.3651,8,0.6264,8,0.9915,0.0684,0.0,0.0684,0.0684,0.0,96.05,SUCCESS
2025-12-20T17:32:34.937309+00:00,btc-updown-15m-1766251800,TRADE,UP,ACCUM,1,1,0.3401,0.3401,9,0.3623,8,0.6264,8,0.9887,0.0906,0.11,-0.2717,0.7283,0.0,95.71,SUCCESS
2025-12-20T17:32:40.370895+00:00,btc-updown-15m-1766251800,TRADE,UP,ACCUM,1,1,0.3001,0.3001,10,0.3561,8,0.6264,8,0.9825,0.1404,0.2,-0.5718,1.4282,0.0,95.41,SUCCESS
2025-12-20T17:32:45.811673+00:00,btc-updown-15m-1766251800,TRADE,UP,ACCUM,1,1,0.2901,0.2901,11,0.3501,8,0.6264,8,0.9765,0.1884,0.27,-0.8619,2.1381,0.0,95.12,SUCCESS
2025-12-20T17:32:51.279647+00:00,btc-updown-15m-1766251800,TRADE,DOWN,ACCUM,1,1,0.7103,0.7103,11,0.3501,9,0.6357,9,0.9858,0.1279,0.18,-0.5723,1.4277,0.0,94.41,SUCCESS
2025-12-20T17:32:56.743522+00:00,btc-updown-15m-1766251800,TRADE,UP,ACCUM,1,1,0.3102,0.3102,12,0.3468,9,0.6357,9,0.9825,0.1579,0.25,-0.8824,2.1176,0.0,94.1,SUCCESS
2025-12-20T17:32:56.743673+00:00,btc-updown-15m-1766251800,TRADE,DOWN,ACCUM,1,1,0.7002,0.7002,12,0.3468,10,0.6421,10,0.9889,0.1109,0.17,-0.5827,1.4173,0.0,93.4,SUCCESS
2025-12-20T17:33:02.201498+00:00,btc-updown-15m-1766251800,TRADE,UP,ACCUM,1,1,0.3,0.3,13,0.3432,10,0.6421,10,0.9853,0.1468,0.23,-0.8827,2.1173,0.0,93.1,SUCCESS
2025-12-20T17:33:07.775521+00:00,btc-updown-15m-1766251800,TRADE,DOWN,ACCUM,1,1,0.7201,0.7201,13,0.3432,11,0.6492,11,0.9924,0.0835,0.15,-0.6028,1.3972,0.0,92.38,SUCCESS
2025-12-20T17:33:13.242110+00:00,btc-updown-15m-1766251800,TRADE,UP,ACCUM,1,1,0.3001,0.3001,14,0.3401,11,0.6492,11,0.9893,0.1174,0.21,-0.9029,2.0971,0.0,92.08,SUCCESS
2025-12-20T17:33:18.718494+00:00,btc-updown-15m-1766251800,TRADE,DOWN,ACCUM,1,1,0.7102,0.7102,14,0.3401,12,0.6543,12,0.9944,0.067,0.14,-0.6132,1.3868,0.0,91.37,SUCCESS
2025-12-20T17:33:24.199618+00:00,btc-updown-15m-1766251800,TRADE,DOWN,ACCUM,1,1,0.6602,0.6602,14,0.3401,13,0.6548,13,0.9949,0.0667,0.07,-0.2734,0.7266,0.0,90.71,SUCCESS
2025-12-20T17:33:29.683207+00:00,btc-updown-15m-1766251800,TRADE,UP,ACCUM,1,1,0.34,0.34,15,0.3401,13,0.6548,13,0.9949,0.0668,0.13,-0.6134,1.3866,0.0,90.37,SUCCESS
2025-12-20T17:33:40.593972+00:00,btc-updown-15m-1766251800,TRADE,DOWN,ACCUM,1,1,0.6503,0.6503,15,0.3401,14,0.6545,14,0.9945,0.0764,0.07,-0.2636,0.7364,0.0,89.72,SUCCESS
2025-12-20T17:33:46.025840+00:00,btc-updown-15m-1766251800,TRADE,DOWN,ACCUM,1,1,0.54,0.54,15,0.3401,15,0.6468,15,0.9869,0.1963,0.0,0.1963,0.1963,0.0,89.18,SUCCESS
2025-12-20T17:45:01.287159+00:00,btc-updown-15m-1766251800,RESOLUTION,DOWN,MARKET_END,30,30,1.0,14.8037,15,0.3401,15,0.6468,15,0.9869,0.1963,0.0,0.0,0.0,0.1965,104.18,RESOLVED
2025-12-20T17:45:08.597330+00:00,btc-updown-15m-1766252700,TRADE,UP,ACCUM,1,1,0.5102,0.5102,1,0.5102,0,0.0,0,0.0,0.0,1.0,-0.5102,0.4898,0.0,103.67,SUCCESS
2025-12-20T17:45:08.597549+00:00,btc-updown-15m-1766252700,TRADE,DOWN,ACCUM,1,1,0.5,0.5,1,0.5102,1,0.5,1,1.0102,-0.0102,0.0,-0.0102,-0.0102,0.0,103.17,SUCCESS
2025-12-20T17:46:25.513096+00:00,btc-updown-15m-1766252700,TRADE,DOWN,ACCUM,1,1,0.4202,0.4202,1,0.5102,2,0.4601,1,0.9703,0.0297,0.5,-0.4304,0.5696,0.0,102.74,SUCCESS
2025-12-20T17:46:30.986862+00:00,btc-updown-15m-1766252700,TRADE,DOWN,ACCUM,1,1,0.31,0.31,1,0.5102,3,0.4101,1,0.9203,0.0797,0.67,-0.7404,1.2596,0.0,102.43,SUCCESS
2025-12-20T17:46:36.467973+00:00,btc-updown-15m-1766252700,TRADE,DOWN,ACCUM,1,1,0.3101,0.3101,1,0.5102,4,0.3851,1,0.8953,0.1047,0.75,-1.0506,1.9494,0.0,102.12,SUCCESS
2025-12-20T17:46:41.898359+00:00,btc-updown-15m-1766252700,TRADE,DOWN,ACCUM,1,1,0.3201,0.3201,1,0.5102,5,0.3721,1,0.8823,0.1177,0.8,-1.3706,2.6294,0.0,101.8,SUCCESS
2025-12-20T17:46:47.528209+00:00,btc-updown-15m-1766252700,TRADE,UP,ACCUM,1,1,0.7102,0.7102,2,0.6102,5,0.3721,2,0.9823,0.0355,0.6,-1.0808,1.9192,0.0,101.09,SUCCESS
2025-12-20T17:47:04.068531+00:00,btc-updown-15m-1766252700,TRADE,DOWN,ACCUM,1,1,0.32,0.32,2,0.6102,6,0.3634,2,0.9736,0.0528,0.67,-1.4008,2.5992,0.0,100.77,SUCCESS
2025-12-20T17:47:09.500396+00:00,btc-updown-15m-1766252700,TRADE,DOWN,ACCUM,1,1,0.3201,0.3201,2,0.6102,7,0.3572,2,0.9674,0.0652,0.71,-1.7209,3.2791,0.0,100.45,SUCCESS
2025-12-20T17:47:14.980685+00:00,btc-updown-15m-1766252700,TRADE,UP,ACCUM,1,1,0.6,0.6,3,0.6068,7,0.3572,3,0.964,0.1079,0.57,-1.3209,2.6791,0.0,99.85,SUCCESS
2025-12-20T17:47:20.481025+00:00,btc-updown-15m-1766252700,TRADE,UP,ACCUM,1,1,0.6302,0.6302,4,0.6126,7,0.3572,4,0.9699,0.1206,0.43,-0.9511,2.0489,0.0,99.22,SUCCESS
2025-12-20T17:47:20.481202+00:00,btc-updown-15m-1766252700,TRADE,DOWN,ACCUM,1,1,0.3801,0.3801,4,0.6126,8,0.3601,4,0.9727,0.1091,0.5,-1.3311,2.6689,0.0,98.84,SUCCESS
2025-12-20T17:47:25.949948+00:00,btc-updown-15m-1766252700,TRADE,UP,ACCUM,1,1,0.6403,0.6403,5,0.6182,8,0.3601,5,0.9782,0.1088,0.38,-0.9715,2.0285,0.0,98.2,SUCCESS
2025-12-20T17:47:25.950287+00:00,btc-updown-15m-1766252700,TRADE,DOWN,ACCUM,1,1,0.3801,0.3801,5,0.6182,9,0.3623,5,0.9805,0.0976,0.44,-1.3516,2.6484,0.0,97.82,SUCCESS
2025-12-20T17:47:31.410513+00:00,btc-updown-15m-1766252700,TRADE,UP,ACCUM,1,1,0.6202,0.6202,6,0.6185,9,0.3623,6,0.9808,0.1151,0.33,-0.9718,2.0282,0.0,97.2,SUCCESS
2025-12-20T17:47:36.851641+00:00,btc-updown-15m-1766252700,TRADE,UP,ACCUM,1,1,0.6402,0.6402,7,0.6216,9,0.3623,7,0.9839,0.1126,0.22,-0.612,1.388,0.0,96.56,SUCCESS
2025-12-20T17:47:36.851994+00:00,btc-updown-15m-1766252700,TRADE,DOWN,ACCUM,1,1,0.38,0.38,7,0.6216,10,0.3641,7,0.9857,0.1002,0.3,-0.9921,2.0079,0.0,96.18,SUCCESS
2025-12-20T17:47:42.317600+00:00,btc-updown-15m-1766252700,TRADE,UP,ACCUM,1,1,0.64,0.64,8,0.6239,10,0.3641,8,0.988,0.0961,0.2,-0.6321,1.3679,0.0,95.54,SUCCESS
2025-12-20T17:47:42.317767+00:00,btc-updown-15m-1766252700,TRADE,DOWN,ACCUM,1,1,0.38,0.38,8,0.6239,11,0.3655,8,0.9894,0.0845,0.27,-1.0121,1.9879,0.0,95.16,SUCCESS
2025-12-20T17:47:47.930450+00:00,btc-updown-15m-1766252700,TRADE,UP,ACCUM,1,1,0.6401,0.6401,9,0.6257,11,0.3655,9,0.9912,0.0789,0.18,-0.6522,1.3478,0.0,94.52,SUCCESS
2025-12-20T17:47:47.931299+00:00,btc-updown-15m-1766252700,TRADE,DOWN,ACCUM,1,1,0.3701,0.3701,9,0.6257,12,0.3659,9,0.9916,0.0754,0.25,-1.0223,1.9777,0.0,94.15,SUCCESS
2025-12-20T17:47:53.396313+00:00,btc-updown-15m-1766252700,TRADE,UP,ACCUM,1,1,0.64,0.64,10,0.6271,12,0.3659,10,0.9931,0.0695,0.17,-0.6623,1.3377,0.0,93.51,SUCCESS
2025-12-20T17:47:53.397356+00:00,btc-updown-15m-1766252700,TRADE,DOWN,ACCUM,1,1,0.37,0.37,10,0.6271,13,0.3662,10,0.9934,0.0663,0.23,-1.0323,1.9677,0.0,93.14,SUCCESS
2025-12-20T17:47:58.851621+00:00,btc-updown-15m-1766252700,TRADE,DOWN,ACCUM,1,1,0.3602,0.3602,10,0.6271,14,0.3658,10,0.9929,0.0707,0.29,-1.3925,2.6075,0.0,92.78,SUCCESS
2025-12-20T17:48:04.461522+00:00,btc-updown-15m-1766252700,TRADE,DOWN,ACCUM,1,1,0.3501,0.3501,10,0.6271,15,0.3647,10,0.9919,0.0811,0.33,-1.7426,3.2574,0.0,92.43,SUCCESS
2025-12-20T17:48:09.930433+00:00,btc-updown-15m-1766252700,TRADE,UP,ACCUM,1,1,0.66,0.66,11,0.6301,15,0.3647,11,0.9949,0.0564,0.27,-1.4026,2.5974,0.0,91.77,SUCCESS
2025-12-20T17:54:19.083312+00:00,btc-updown-15m-1766252700,TRADE,UP,ACCUM,1,1,0.4902,0.4902,12,0.6185,15,0.3647,12,0.9832,0.2015,0.2,-0.8927,2.1073,0.0,91.28,SUCCESS
2025-12-20T17:54:24.583606+00:00,btc-updown-15m-1766252700,TRADE,UP,ACCUM,1,1,0.41,0.41,13,0.6024,15,0.3647,13,0.9672,0.4267,0.13,-0.3028,1.6972,0.0,90.87,SUCCESS
2025-12-20T17:54:30.035657+00:00,btc-updown-15m-1766252700,TRADE,UP,ACCUM,1,1,0.3301,0.3301,14,0.583,15,0.3647,14,0.9477,0.7319,0.07,0.3671,1.3671,0.0,90.54,SUCCESS
2025-12-20T17:54:35.619795+00:00,btc-updown-15m-1766252700,TRADE,UP,ACCUM,1,1,0.26,0.26,15,0.5614,15,0.3647,15,0.9262,1.1071,0.0,1.1071,1.1071,0.0,90.28,SUCCESS
2025-12-20T18:00:00.754552+00:00,btc-updown-15m-1766252700,RESOLUTION,DOWN,MARKET_END,30,30,1.0,13.8929,15,0.5614,15,0.3647,15,0.9262,1.1071,0.0,0.0,0.0,1.1071,105.28,RESOLVED
2025-12-20T19:46:10.184056+00:00,btc-updown-15m-1766259900,TRADE,UP,ACCUM,1,1,0.3801,0.3801,1,0.3801,0,0.0,0,0.0,0.0,1.0,-0.3801,0.6199,0.0,102.02,SUCCESS
2025-12-20T19:46:10.185078+00:00,btc-updown-15m-1766259900,TRADE,DOWN,ACCUM,1,1,0.63,0.63,1,0.3801,1,0.63,1,1.0101,-0.0101,0.0,-0.0101,-0.0101,0.0,101.39,SUCCESS
2025-12-20T19:47:26.225130+00:00,btc-updown-15m-1766259900,TRADE,UP,ACCUM,1,1,0.3101,0.3101,2,0.3451,1,0.63,1,0.9752,0.0248,0.5,-0.3203,0.6797,0.0,101.08,SUCCESS
2025-12-20T19:47:37.017091+00:00,btc-updown-15m-1766259900,TRADE,UP,ACCUM,1,1,0.3,0.3,3,0.3301,1,0.63,1,0.9601,0.0399,0.67,-0.6203,1.3797,0.0,100.78,SUCCESS
2025-12-20T19:47:42.461570+00:00,btc-updown-15m-1766259900,TRADE,UP,ACCUM,1,1,0.31,0.31,4,0.3251,1,0.63,1,0.9551,0.0449,0.75,-0.9304,2.0696,0.0,100.47,SUCCESS
2025-12-20T19:47:48.019753+00:00,btc-updown-15m-1766259900,TRADE,UP,ACCUM,1,1,0.3402,0.3402,5,0.3281,1,0.63,1,0.9581,0.0419,0.8,-1.2705,2.7295,0.0,100.13,SUCCESS
2025-12-20T19:47:48.019919+00:00,btc-updown-15m-1766259900,TRADE,DOWN,ACCUM,1,1,0.6602,0.6602,5,0.3281,2,0.6451,2,0.9732,0.0536,0.6,-0.9307,2.0693,0.0,99.47,SUCCESS
2025-12-20T19:47:53.430445+00:00,btc-updown-15m-1766259900,TRADE,DOWN,ACCUM,1,1,0.6301,0.6301,5,0.3281,3,0.6401,3,0.9682,0.0954,0.4,-0.5608,1.4392,0.0,98.84,SUCCESS
2025-12-20T19:47:58.916751+00:00,btc-updown-15m-1766259900,TRADE,DOWN,ACCUM,1,1,0.4702,0.4702,5,0.3281,4,0.5976,4,0.9257,0.2972,0.2,-0.0309,0.9691,0.0,98.37,SUCCESS
2025-12-20T19:48:04.353187+00:00,btc-updown-15m-1766259900,TRADE,UP,ACCUM,1,1,0.57,0.57,6,0.3684,4,0.5976,4,0.966,0.1359,0.33,-0.601,1.399,0.0,97.8,SUCCESS
2025-12-20T19:48:04.354191+00:00,btc-updown-15m-1766259900,TRADE,DOWN,ACCUM,1,1,0.4401,0.4401,6,0.3684,5,0.5661,5,0.9345,0.3273,0.17,-0.0411,0.9589,0.0,97.36,SUCCESS
2025-12-20T19:48:09.737170+00:00,btc-updown-15m-1766259900,TRADE,UP,ACCUM,1,1,0.5702,0.5702,7,0.3972,5,0.5661,5,0.9634,0.1832,0.29,-0.6113,1.3887,0.0,96.79,SUCCESS
2025-12-20T19:48:09.737318+00:00,btc-updown-15m-1766259900,TRADE,DOWN,ACCUM,1,1,0.4501,0.4501,7,0.3972,6,0.5468,6,0.944,0.3358,0.14,-0.0614,0.9386,0.0,96.34,SUCCESS
2025-12-20T19:48:15.232968+00:00,btc-updown-15m-1766259900,TRADE,UP,ACCUM,1,1,0.5601,0.5601,8,0.4176,6,0.5468,6,0.9644,0.2137,0.25,-0.6215,1.3785,0.0,95.78,SUCCESS
2025-12-20T19:48:15.233865+00:00,btc-updown-15m-1766259900,TRADE,DOWN,ACCUM,1,1,0.4502,0.4502,8,0.4176,7,0.533,7,0.9506,0.346,0.12,-0.0716,0.9284,0.0,95.33,SUCCESS
2025-12-20T19:48:20.749270+00:00,btc-updown-15m-1766259900,TRADE,DOWN,ACCUM,1,1,0.4602,0.4602,8,0.4176,8,0.5239,8,0.9415,0.4682,0.0,0.4682,0.4682,0.0,94.87,SUCCESS
2025-12-20T19:48:31.590819+00:00,btc-updown-15m-1766259900,TRADE,UP,ACCUM,1,1,0.5001,0.5001,9,0.4268,8,0.5239,8,0.9506,0.3949,0.11,-0.0319,0.9681,0.0,94.37,SUCCESS
2025-12-20T19:48:31.591201+00:00,btc-updown-15m-1766259900,TRADE,DOWN,ACCUM,1,1,0.5101,0.5101,9,0.4268,9,0.5223,9,0.9491,0.458,0.0,0.458,0.458,0.0,93.86,SUCCESS
2025-12-20T19:48:37.011640+00:00,btc-updown-15m-1766259900,TRADE,UP,ACCUM,1,1,0.5001,0.5001,10,0.4341,9,0.5223,9,0.9564,0.392,0.1,-0.0421,0.9579,0.0,93.36,SUCCESS
2025-12-20T19:48:37.012203+00:00,btc-updown-15m-1766259900,TRADE,DOWN,ACCUM,1,1,0.5102,0.5102,10,0.4341,10,0.5211,10,0.9552,0.4477,0.0,0.4477,0.4477,0.0,92.85,SUCCESS
2025-12-20T19:48:42.400911+00:00,btc-updown-15m-1766259900,TRADE,UP,ACCUM,1,1,0.5101,0.5101,11,0.441,10,0.5211,10,0.9621,0.3786,0.09,-0.0624,0.9376,0.0,92.34,SUCCESS
2025-12-20T19:48:42.401245+00:00,btc-updown-15m-1766259900,TRADE,DOWN,ACCUM,1,1,0.5001,0.5001,11,0.441,11,0.5192,11,0.9602,0.4375,0.0,0.4375,0.4375,0.0,91.84,SUCCESS
2025-12-20T19:48:47.804710+00:00,btc-updown-15m-1766259900,TRADE,UP,ACCUM,1,1,0.5101,0.5101,12,0.4468,11,0.5192,11,0.966,0.3742,0.08,-0.0726,0.9274,0.0,91.33,SUCCESS
2025-12-20T19:48:47.805727+00:00,btc-updown-15m-1766259900,TRADE,DOWN,ACCUM,1,1,0.5102,0.5102,12,0.4468,12,0.5185,12,0.9652,0.4172,0.0,0.4172,0.4172,0.0,90.82,SUCCESS
2025-12-20T19:48:53.209361+00:00,btc-updown-15m-1766259900,TRADE,DOWN,ACCUM,1,1,0.51,0.51,12,0.4468,13,0.5178,12,0.9646,0.425,0.08,-0.0928,0.9072,0.0,90.31,SUCCESS
2025-12-20T19:48:58.609176+00:00,btc-updown-15m-1766259900,TRADE,UP,ACCUM,1,1,0.5002,0.5002,13,0.4509,13,0.5178,13,0.9687,0.407,0.0,0.407,0.407,0.0,89.81,SUCCESS
2025-12-20T19:49:04.108241+00:00,btc-updown-15m-1766259900,TRADE,UP,ACCUM,1,1,0.5202,0.5202,14,0.4558,13,0.5178,13,0.9736,0.3426,0.07,-0.1132,0.8868,0.0,89.29,SUCCESS
2025-12-20T19:49:04.109356+00:00,btc-updown-15m-1766259900,TRADE,DOWN,ACCUM,1,1,0.5,0.5,14,0.4558,14,0.5165,14,0.9724,0.3867,0.0,0.3867,0.3867,0.0,88.79,SUCCESS
2025-12-20T19:49:09.504005+00:00,btc-updown-15m-1766259900,TRADE,UP,ACCUM,1,1,0.5102,0.5102,15,0.4594,14,0.5165,14,0.976,0.336,0.07,-0.1234,0.8766,0.0,88.28,SUCCESS
2025-12-20T19:49:09.504437+00:00,btc-updown-15m-1766259900,TRADE,DOWN,ACCUM,1,1,0.5102,0.5102,15,0.4594,15,0.5161,15,0.9756,0.3664,0.0,0.3664,0.3664,0.0,87.77,SUCCESS
2025-12-20T20:00:21.121896+00:00,btc-updown-15m-1766260800,TRADE,DOWN,ACCUM,1,1,0.55,0.55,0,0.0,1,0.55,0,0.0,0.0,1.0,-0.55,0.45,0.0,101.85,SUCCESS
2025-12-20T20:00:26.563788+00:00,btc-updown-15m-1766260800,TRADE,UP,ACCUM,1,1,0.4202,0.4202,1,0.4202,1,0.55,1,0.9702,0.0298,0.0,0.0298,0.0298,0.0,101.43,SUCCESS
2025-12-20T20:00:26.563929+00:00,btc-updown-15m-1766260800,TRADE,DOWN,ACCUM,1,1,0.5902,0.5902,1,0.4202,2,0.5701,1,0.9903,0.0097,0.5,-0.5604,0.4396,0.0,100.84,SUCCESS
2025-12-20T20:00:31.975793+00:00,btc-updown-15m-1766260800,TRADE,DOWN,ACCUM,1,1,0.5501,0.5501,1,0.4202,3,0.5634,1,0.9836,0.0164,0.67,-1.1105,0.8895,0.0,100.29,SUCCESS
2025-12-20T20:00:37.489562+00:00,btc-updown-15m-1766260800,TRADE,DOWN,ACCUM,1,1,0.5698,0.5698,1,0.4202,4,0.565,1,0.9852,0.0148,0.75,-1.6803,1.3197,0.0,99.72,SUCCESS
2025-12-20T20:00:42.972047+00:00,btc-updown-15m-1766260800,TRADE,UP,ACCUM,1,1,0.4301,0.4301,2,0.4251,4,0.565,2,0.9902,0.0197,0.5,-1.1104,0.8896,0.0,99.29,SUCCESS
2025-12-20T20:00:48.357040+00:00,btc-updown-15m-1766260800,TRADE,UP,ACCUM,1,1,0.4301,0.4301,3,0.4268,4,0.565,3,0.9918,0.0246,0.25,-0.5405,0.4595,0.0,98.86,SUCCESS
2025-12-20T20:00:48.357205+00:00,btc-updown-15m-1766260800,TRADE,DOWN,ACCUM,1,1,0.5803,0.5803,3,0.4268,5,0.5681,3,0.9949,0.0154,0.4,-1.1207,0.8793,0.0,98.28,SUCCESS
2025-12-20T20:01:48.063418+00:00,btc-updown-15m-1766260800,TRADE,UP,ACCUM,1,1,0.4198,0.4198,4,0.425,5,0.5681,4,0.9931,0.0275,0.2,-0.5405,0.4595,0.0,97.86,SUCCESS
2025-12-20T20:01:53.470257+00:00,btc-updown-15m-1766260800,TRADE,UP,ACCUM,1,1,0.42,0.42,5,0.424,5,0.5681,5,0.9921,0.0394,0.0,0.0394,0.0394,0.0,97.44,SUCCESS
2025-12-20T20:01:59.089843+00:00,btc-updown-15m-1766260800,TRADE,UP,ACCUM,1,1,0.4298,0.4298,6,0.425,5,0.5681,5,0.9931,0.0346,0.17,-0.3904,0.6096,0.0,97.01,SUCCESS
2025-12-20T20:01:59.090043+00:00,btc-updown-15m-1766260800,TRADE,DOWN,ACCUM,1,1,0.5801,0.5801,6,0.425,6,0.5701,6,0.9951,0.0296,0.0,0.0296,0.0296,0.0,96.43,SUCCESS
2025-12-20T20:02:10.035062+00:00,btc-updown-15m-1766260800,TRADE,UP,ACCUM,1,1,0.4202,0.4202,7,0.4243,6,0.5701,6,0.9944,0.0337,0.14,-0.3906,0.6094,0.0,96.01,SUCCESS
2025-12-20T20:02:15.426360+00:00,btc-updown-15m-1766260800,TRADE,UP,ACCUM,1,1,0.4,0.4,8,0.4213,6,0.5701,6,0.9913,0.0519,0.25,-0.7906,1.2094,0.0,95.61,SUCCESS
2025-12-20T20:02:26.549775+00:00,btc-updown-15m-1766260800,TRADE,UP,ACCUM,1,1,0.4101,0.4101,9,0.42,6,0.5701,6,0.9901,0.0594,0.33,-1.2007,1.7993,0.0,95.2,SUCCESS
2025-12-20T20:02:31.965468+00:00,btc-updown-15m-1766260800,TRADE,DOWN,ACCUM,1,1,0.6003,0.6003,9,0.42,7,0.5744,7,0.9944,0.0391,0.22,-0.801,1.199,0.0,94.6,SUCCESS
2025-12-20T20:02:42.830601+00:00,btc-updown-15m-1766260800,TRADE,UP,ACCUM,1,1,0.4001,0.4001,10,0.418,7,0.5744,7,0.9924,0.053,0.3,-1.2011,1.7989,0.0,94.2,SUCCESS
2025-12-20T20:02:48.224134+00:00,btc-updown-15m-1766260800,TRADE,UP,ACCUM,1,1,0.3901,0.3901,11,0.4155,7,0.5744,7,0.9899,0.0708,0.36,-1.5912,2.4088,0.0,93.81,SUCCESS
2025-12-20T20:02:59.125431+00:00,btc-updown-15m-1766260800,TRADE,UP,ACCUM,1,1,0.3902,0.3902,12,0.4134,7,0.5744,7,0.9878,0.0856,0.42,-1.9814,3.0186,0.0,93.42,SUCCESS
2025-12-20T20:03:04.522094+00:00,btc-updown-15m-1766260800,TRADE,UP,ACCUM,1,1,0.3901,0.3901,13,0.4116,7,0.5744,7,0.986,0.0981,0.46,-2.3715,3.6285,0.0,93.03,SUCCESS
2025-12-20T20:03:04.522665+00:00,btc-updown-15m-1766260800,TRADE,DOWN,ACCUM,1,1,0.6203,0.6203,13,0.4116,8,0.5801,8,0.9917,0.0662,0.38,-1.9918,3.0082,0.0,92.41,SUCCESS
2025-12-20T20:03:09.920799+00:00,btc-updown-15m-1766260800,TRADE,UP,ACCUM,1,1,0.3801,0.3801,14,0.4094,8,0.5801,8,0.9895,0.0842,0.43,-2.3719,3.6281,0.0,92.03,SUCCESS
2025-12-20T20:03:15.290228+00:00,btc-updown-15m-1766260800,TRADE,DOWN,ACCUM,2,2,0.63,1.2601,14,0.4094,10,0.5901,10,0.9995,0.0054,0.29,-1.632,2.368,0.0,90.77,SUCCESS
2025-12-20T20:05:58.601939+00:00,btc-updown-15m-1766260800,TRADE,DOWN,ACCUM,1,1,0.5301,0.5301,14,0.4094,11,0.5847,11,0.994,0.0659,0.21,-1.1621,1.8379,0.0,90.24,SUCCESS
2025-12-20T20:06:04.098588+00:00,btc-updown-15m-1766260800,TRADE,DOWN,ACCUM,1,1,0.5302,0.5302,14,0.4094,12,0.5801,12,0.9895,0.1264,0.14,-0.6923,1.3077,0.0,89.71,SUCCESS
2025-12-20T20:06:09.606606+00:00,btc-updown-15m-1766260800,TRADE,UP,ACCUM,1,1,0.4801,0.4801,15,0.4141,12,0.5801,12,0.9942,0.0697,0.2,-1.1725,1.8275,0.0,89.23,SUCCESS
2025-12-20T20:06:09.607121+00:00,btc-updown-15m-1766260800,TRADE,DOWN,ACCUM,1,1,0.5401,0.5401,15,0.4141,13,0.577,13,0.9911,0.1156,0.13,-0.7126,1.2874,0.0,88.69,SUCCESS
2025-12-20T20:06:15.013187+00:00,btc-updown-15m-1766260800,TRADE,DOWN,ACCUM,1,1,0.5301,0.5301,15,0.4141,14,0.5737,14,0.9878,0.1714,0.07,-0.2426,0.7574,0.0,88.16,SUCCESS
2025-12-20T20:06:20.399553+00:00,btc-updown-15m-1766260800,TRADE,DOWN,ACCUM,1,1,0.5302,0.5302,15,0.4141,15,0.5708,15,0.9849,0.2271,0.0,0.2271,0.2271,0.0,87.63,SUCCESS
2025-12-20T20:15:04.855081+00:00,btc-updown-15m-1766261700,TRADE,UP,ACCUM,1,1,0.47,0.47,1,0.47,0,0.0,0,0.0,0.0,1.0,-0.47,0.53,0.0,101.93,SUCCESS
2025-12-20T20:15:10.255864+00:00,btc-updown-15m-1766261700,TRADE,UP,ACCUM,1,1,0.4701,0.4701,2,0.4701,0,0.0,0,0.0,0.0,1.0,-0.9401,1.0599,0.0,101.46,SUCCESS
2025-12-20T20:15:10.256832+00:00,btc-updown-15m-1766261700,TRADE,DOWN,ACCUM,1,1,0.5401,0.5401,2,0.4701,1,0.5401,1,1.0102,-0.0102,0.5,-0.4802,0.5198,0.0,100.92,SUCCESS
2025-12-20T20:17:58.953275+00:00,btc-updown-15m-1766261700,TRADE,DOWN,ACCUM,1,1,0.5002,0.5002,2,0.4701,2,0.5202,2,0.9902,0.0196,0.0,0.0196,0.0196,0.0,100.42,SUCCESS
2025-12-20T20:18:04.344183+00:00,btc-updown-15m-1766261700,TRADE,DOWN,ACCUM,1,1,0.5201,0.5201,2,0.4701,3,0.5201,2,0.9902,0.0196,0.33,-0.5005,0.4995,0.0,99.9,SUCCESS
2025-12-20T20:18:09.735201+00:00,btc-updown-15m-1766261700,TRADE,DOWN,ACCUM,1,1,0.5101,0.5101,2,0.4701,4,0.5176,2,0.9877,0.0246,0.5,-1.0106,0.9894,0.0,99.39,SUCCESS
2025-12-20T20:18:15.216622+00:00,btc-updown-15m-1766261700,TRADE,DOWN,ACCUM,1,1,0.5001,0.5001,2,0.4701,5,0.5141,2,0.9842,0.0317,0.6,-1.5107,1.4893,0.0,98.89,SUCCESS
2025-12-20T20:18:20.629840+00:00,btc-updown-15m-1766261700,TRADE,DOWN,ACCUM,1,1,0.5102,0.5102,2,0.4701,6,0.5135,2,0.9835,0.033,0.67,-2.0209,1.9791,0.0,98.38,SUCCESS
2025-12-20T20:18:26.039681+00:00,btc-updown-15m-1766261700,TRADE,UP,ACCUM,1,1,0.5,0.5,3,0.48,6,0.5135,3,0.9935,0.0195,0.5,-1.5209,1.4791,0.0,97.88,SUCCESS
2025-12-20T20:18:26.040381+00:00,btc-updown-15m-1766261700,TRADE,DOWN,ACCUM,1,1,0.5102,0.5102,3,0.48,7,0.513,3,0.993,0.0209,0.57,-2.0311,1.9689,0.0,97.37,SUCCESS
2025-12-20T20:18:31.486017+00:00,btc-updown-15m-1766261700,TRADE,DOWN,ACCUM,1,1,0.5001,0.5001,3,0.48,8,0.5114,3,0.9914,0.0257,0.62,-2.5312,2.4688,0.0,96.87,SUCCESS
2025-12-20T20:18:37.019295+00:00,btc-updown-15m-1766261700,TRADE,DOWN,ACCUM,1,1,0.5099,0.5099,3,0.48,9,0.5112,3,0.9913,0.0262,0.67,-3.0411,2.9589,0.0,96.36,SUCCESS
2025-12-20T20:18:42.417450+00:00,btc-updown-15m-1766261700,TRADE,UP,ACCUM,2,2,0.5102,1.0204,5,0.4921,9,0.5112,5,1.0033,-0.0166,0.44,-2.0615,1.9385,0.0,95.34,SUCCESS
2025-12-20T20:22:10.417546+00:00,btc-updown-15m-1766261700,TRADE,DOWN,ACCUM,1,1,0.4,0.4,5,0.4921,10,0.5001,5,0.9922,0.039,0.5,-2.4616,2.5384,0.0,94.94,SUCCESS
2025-12-20T20:22:15.919504+00:00,btc-updown-15m-1766261700,TRADE,DOWN,ACCUM,1,1,0.4201,0.4201,5,0.4921,11,0.4928,5,0.9849,0.0753,0.55,-2.8816,3.1184,0.0,94.52,SUCCESS
2025-12-20T20:22:21.353662+00:00,btc-updown-15m-1766261700,TRADE,UP,ACCUM,2,2,0.5803,1.1606,7,0.5173,11,0.4928,7,1.0101,-0.0709,0.36,-2.0422,1.9578,0.0,93.36,SUCCESS
2025-12-20T20:23:10.301946+00:00,btc-updown-15m-1766261700,TRADE,DOWN,ACCUM,1,1,0.2801,0.2801,7,0.5173,12,0.4751,7,0.9924,0.0532,0.42,-2.3223,2.6777,0.0,93.08,SUCCESS
2025-12-20T20:23:21.323038+00:00,btc-updown-15m-1766261700,TRADE,DOWN,ACCUM,1,1,0.28,0.28,7,0.5173,13,0.4601,7,0.9774,0.1583,0.46,-2.6023,3.3977,0.0,92.8,SUCCESS
2025-12-20T20:24:10.250324+00:00,btc-updown-15m-1766261700,TRADE,UP,ACCUM,2,2,0.6602,1.3204,9,0.5491,13,0.4601,9,1.0091,-0.0823,0.31,-1.9227,2.0773,0.0,91.48,SUCCESS
2025-12-20T20:25:10.460760+00:00,btc-updown-15m-1766261700,TRADE,DOWN,ACCUM,1,1,0.24,0.24,9,0.5491,14,0.4444,9,0.9934,0.0592,0.36,-2.1627,2.8373,0.0,91.24,SUCCESS
2025-12-20T20:25:15.981232+00:00,btc-updown-15m-1766261700,TRADE,DOWN,ACCUM,1,1,0.2501,0.2501,9,0.5491,15,0.4314,9,0.9805,0.1758,0.4,-2.4128,3.5872,0.0,90.99,SUCCESS
2025-12-20T20:25:26.788223+00:00,btc-updown-15m-1766261700,TRADE,UP,ACCUM,2,2,0.7301,1.4602,11,0.582,15,0.4314,11,1.0134,-0.1473,0.27,-1.873,2.127,0.0,89.53,SUCCESS
2025-12-20T20:30:04.134806+00:00,btc-updown-15m-1766261700,RESOLUTION,DOWN,MARKET_END,26,26,1.0,12.873,11,0.582,15,0.4314,11,1.0134,-0.1473,0.27,0.0,0.0,2.127,104.53,RESOLVED
2025-12-20T20:30:13.017227+00:00,btc-updown-15m-1766262600,TRADE,UP,ACCUM,1,1,0.49,0.49,1,0.49,0,0.0,0,0.0,0.0,1.0,-0.49,0.51,0.0,104.04,SUCCESS
2025-12-20T20:30:18.429075+00:00,btc-updown-15m-1766262600,TRADE,UP,ACCUM,1,1,0.4802,0.4802,2,0.4851,0,0.0,0,0.0,0.0,1.0,-0.9702,1.0298,0.0,103.56,SUCCESS
2025-12-20T20:30:23.819593+00:00,btc-updown-15m-1766262600,TRADE,UP,ACCUM,1,1,0.48,0.48,3,0.4834,0,0.0,0,0.0,0.0,1.0,-1.4502,1.5498,0.0,103.08,SUCCESS
2025-12-20T20:30:23.819915+00:00,btc-updown-15m-1766262600,TRADE,DOWN,ACCUM,1,1,0.5301,0.5301,3,0.4834,1,0.5301,1,1.0135,-0.0135,0.67,-0.9803,1.0197,0.0,102.55,SUCCESS
2025-12-20T20:33:39.691200+00:00,btc-updown-15m-1766262600,TRADE,UP,ACCUM,1,1,0.4001,0.4001,4,0.4626,1,0.5301,1,0.9927,0.0073,0.75,-1.3804,1.6196,0.0,102.15,SUCCESS
2025-12-20T20:33:45.181091+00:00,btc-updown-15m-1766262600,TRADE,UP,ACCUM,1,1,0.4001,0.4001,5,0.4501,1,0.5301,1,0.9802,0.0198,0.8,-1.7805,2.2195,0.0,101.75,SUCCESS
2025-12-20T20:33:56.086507+00:00,btc-updown-15m-1766262600,TRADE,UP,ACCUM,1,1,0.4001,0.4001,6,0.4418,1,0.5301,1,0.9718,0.0282,0.83,-2.1806,2.8194,0.0,101.35,SUCCESS
2025-12-20T20:34:07.048218+00:00,btc-updown-15m-1766262600,TRADE,UP,ACCUM,1,1,0.41,0.41,7,0.4372,1,0.5301,1,0.9673,0.0327,0.86,-2.5906,3.4094,0.0,100.94,SUCCESS
2025-12-20T20:34:12.437396+00:00,btc-updown-15m-1766262600,TRADE,DOWN,ACCUM,2,2,0.6002,1.2004,7,0.4372,3,0.5768,3,1.014,-0.0421,0.57,-1.791,2.209,0.0,99.74,SUCCESS
2025-12-20T20:36:55.113005+00:00,btc-updown-15m-1766262600,TRADE,DOWN,ACCUM,1,1,0.2201,0.2201,7,0.4372,4,0.4876,4,0.9249,0.3006,0.43,-1.0111,1.9889,0.0,99.52,SUCCESS
2025-12-20T20:37:05.899652+00:00,btc-updown-15m-1766262600,TRADE,UP,ACCUM,1,1,0.91,0.91,8,0.4963,4,0.4876,4,0.984,0.0642,0.5,-1.9211,2.0789,0.0,98.61,SUCCESS
2025-12-20T20:37:05.900018+00:00,btc-updown-15m-1766262600,TRADE,DOWN,ACCUM,1,1,0.12,0.12,8,0.4963,5,0.4141,5,0.9104,0.4478,0.38,-1.0411,1.9589,0.0,98.49,SUCCESS
2025-12-20T20:37:11.282066+00:00,btc-updown-15m-1766262600,TRADE,UP,ACCUM,1,1,0.7704,0.7704,9,0.5268,5,0.4141,5,0.9409,0.2956,0.44,-1.8115,2.1885,0.0,97.72,SUCCESS
2025-12-20T20:37:11.282233+00:00,btc-updown-15m-1766262600,TRADE,DOWN,ACCUM,1,1,0.2399,0.2399,9,0.5268,6,0.3851,6,0.9119,0.5289,0.33,-1.0514,1.9486,0.0,97.48,SUCCESS
2025-12-20T20:37:16.794058+00:00,btc-updown-15m-1766262600,TRADE,UP,ACCUM,1,1,0.7401,0.7401,10,0.5481,6,0.3851,6,0.9332,0.4009,0.4,-1.7915,2.2085,0.0,96.74,SUCCESS
2025-12-20T20:37:16.794258+00:00,btc-updown-15m-1766262600,TRADE,DOWN,ACCUM,1,1,0.2801,0.2801,10,0.5481,7,0.3701,7,0.9182,0.5727,0.3,-1.0716,1.9284,0.0,96.46,SUCCESS
2025-12-20T20:37:22.191228+00:00,btc-updown-15m-1766262600,TRADE,UP,ACCUM,1,1,0.7501,0.7501,11,0.5665,7,0.3701,7,0.9365,0.4442,0.36,-1.8217,2.1783,0.0,95.71,SUCCESS
2025-12-20T20:37:22.191422+00:00,btc-updown-15m-1766262600,TRADE,DOWN,ACCUM,1,1,0.26,0.26,11,0.5665,8,0.3563,8,0.9228,0.6177,0.27,-1.0817,1.9183,0.0,95.45,SUCCESS
2025-12-20T20:37:27.593429+00:00,btc-updown-15m-1766262600,TRADE,DOWN,ACCUM,1,1,0.3902,0.3902,11,0.5665,9,0.3601,9,0.9265,0.6611,0.18,-0.4719,1.5281,0.0,95.06,SUCCESS
2025-12-20T20:37:32.991713+00:00,btc-updown-15m-1766262600,TRADE,UP,ACCUM,1,1,0.6501,0.6501,12,0.5734,9,0.3601,9,0.9335,0.5984,0.25,-1.122,1.878,0.0,94.41,SUCCESS
2025-12-20T20:37:32.992130+00:00,btc-updown-15m-1766262600,TRADE,DOWN,ACCUM,1,1,0.3702,0.3702,12,0.5734,10,0.3611,10,0.9345,0.6548,0.17,-0.4921,1.5079,0.0,94.03,SUCCESS
2025-12-20T20:37:38.562250+00:00,btc-updown-15m-1766262600,TRADE,DOWN,ACCUM,1,1,0.36,0.36,12,0.5734,11,0.361,11,0.9344,0.7213,0.08,0.1479,1.1479,0.0,93.67,SUCCESS
2025-12-20T20:37:43.951350+00:00,btc-updown-15m-1766262600,TRADE,UP,ACCUM,1,1,0.6703,0.6703,13,0.5809,11,0.361,11,0.9419,0.6393,0.15,-0.5225,1.4775,0.0,93.0,SUCCESS
2025-12-20T20:37:43.952701+00:00,btc-updown-15m-1766262600,TRADE,DOWN,ACCUM,1,1,0.3501,0.3501,13,0.5809,12,0.3601,12,0.941,0.7083,0.08,0.1274,1.1274,0.0,92.65,SUCCESS
2025-12-20T20:37:49.373396+00:00,btc-updown-15m-1766262600,TRADE,UP,ACCUM,1,1,0.5402,0.5402,14,0.578,12,0.3601,12,0.9381,0.7431,0.14,-0.4128,1.5872,0.0,92.11,SUCCESS
2025-12-20T20:37:49.373540+00:00,btc-updown-15m-1766262600,TRADE,DOWN,ACCUM,1,1,0.4702,0.4702,14,0.578,13,0.3686,13,0.9465,0.695,0.07,0.117,1.117,0.0,91.64,SUCCESS
2025-12-20T20:37:54.801744+00:00,btc-updown-15m-1766262600,TRADE,UP,ACCUM,1,1,0.5402,0.5402,15,0.5755,13,0.3686,13,0.944,0.7277,0.13,-0.4232,1.5768,0.0,91.1,SUCCESS
2025-12-20T20:37:54.801926+00:00,btc-updown-15m-1766262600,TRADE,DOWN,ACCUM,1,1,0.4701,0.4701,15,0.5755,14,0.3758,14,0.9513,0.6822,0.07,0.1067,1.1067,0.0,90.63,SUCCESS
2025-12-20T20:38:00.364426+00:00,btc-updown-15m-1766262600,TRADE,DOWN,ACCUM,1,1,0.6003,0.6003,15,0.5755,15,0.3908,15,0.9662,0.5065,0.0,0.5065,0.5065,0.0,90.03,SUCCESS
2025-12-20T20:45:02.857101+00:00,btc-updown-15m-1766262600,RESOLUTION,UP,MARKET_END,30,30,1.0,14.4935,15,0.5755,15,0.3908,15,0.9662,0.5065,0.0,0.0,0.0,0.5055,105.03,RESOLVED
2025-12-20T20:45:10.272744+00:00,btc-updown-15m-1766263500,TRADE,UP,ACCUM,1,1,0.5302,0.5302,1,0.5302,0,0.0,0,0.0,0.0,1.0,-0.5302,0.4698,0.0,104.5,SUCCESS
2025-12-20T20:45:10.273069+00:00,btc-updown-15m-1766263500,TRADE,DOWN,ACCUM,1,1,0.4801,0.4801,1,0.5302,1,0.4801,1,1.0103,-0.0103,0.0,-0.0103,-0.0103,0.0,104.02,SUCCESS
2025-12-20T20:49:26.508507+00:00,btc-updown-15m-1766263500,TRADE,DOWN,ACCUM,1,1,0.4401,0.4401,1,0.5302,2,0.4601,1,0.9903,0.0097,0.5,-0.4504,0.5496,0.0,103.58,SUCCESS
2025-12-20T20:49:31.897839+00:00,btc-updown-15m-1766263500,TRADE,DOWN,ACCUM,1,1,0.4501,0.4501,1,0.5302,3,0.4568,1,0.987,0.013,0.67,-0.9006,1.0994,0.0,103.13,SUCCESS
2025-12-20T20:49:37.289812+00:00,btc-updown-15m-1766263500,TRADE,DOWN,ACCUM,1,1,0.4501,0.4501,1,0.5302,4,0.4551,1,0.9853,0.0147,0.75,-1.3507,1.6493,0.0,102.68,SUCCESS
2025-12-20T20:49:42.657023+00:00,btc-updown-15m-1766263500,TRADE,DOWN,ACCUM,1,1,0.46,0.46,1,0.5302,5,0.4561,1,0.9863,0.0137,0.8,-1.8107,2.1893,0.0,102.22,SUCCESS
2025-12-20T20:49:53.442767+00:00,btc-updown-15m-1766263500,TRADE,DOWN,ACCUM,1,1,0.47,0.47,1,0.5302,6,0.4584,1,0.9886,0.0114,0.83,-2.2807,2.7193,0.0,101.75,SUCCESS
2025-12-20T20:49:58.835524+00:00,btc-updown-15m-1766263500,TRADE,DOWN,ACCUM,1,1,0.4601,0.4601,1,0.5302,7,0.4587,1,0.9889,0.0111,0.86,-2.7408,3.2592,0.0,101.29,SUCCESS
2025-12-20T20:50:04.233514+00:00,btc-updown-15m-1766263500,TRADE,UP,ACCUM,2,2,0.5502,1.1005,3,0.5436,7,0.4587,3,1.0022,-0.0066,0.57,-1.8413,2.1587,0.0,100.19,SUCCESS
2025-12-20T20:51:31.003743+00:00,btc-updown-15m-1766263500,TRADE,DOWN,ACCUM,1,1,0.4001,0.4001,3,0.5436,8,0.4513,3,0.9949,0.0153,0.62,-2.2414,2.7586,0.0,99.79,SUCCESS
2025-12-20T20:51:36.391322+00:00,btc-updown-15m-1766263500,TRADE,DOWN,ACCUM,1,1,0.4002,0.4002,3,0.5436,9,0.4457,3,0.9892,0.0323,0.67,-2.6416,3.3584,0.0,99.39,SUCCESS
2025-12-20T20:51:41.870139+00:00,btc-updown-15m-1766263500,TRADE,UP,ACCUM,2,2,0.6102,1.2204,5,0.5702,9,0.4457,5,1.0159,-0.0793,0.44,-1.862,2.138,0.0,98.17,SUCCESS
2025-12-20T20:54:13.874986+00:00,btc-updown-15m-1766263500,TRADE,DOWN,ACCUM,1,1,0.1899,0.1899,5,0.5702,10,0.4201,5,0.9903,0.0485,0.5,-2.0519,2.9481,0.0,97.98,SUCCESS
2025-12-20T20:54:19.250636+00:00,btc-updown-15m-1766263500,TRADE,DOWN,ACCUM,1,1,0.2201,0.2201,5,0.5702,11,0.4019,5,0.9721,0.1395,0.55,-2.272,3.728,0.0,97.76,SUCCESS
2025-12-20T21:00:02.035655+00:00,btc-updown-15m-1766263500,RESOLUTION,UP,MARKET_END,16,16,1.0,7.272,5,0.5702,11,0.4019,5,0.9721,0.1395,0.55,0.0,0.0,-2.2719,102.76,RESOLVED
2025-12-20T21:00:47.407559+00:00,btc-updown-15m-1766264400,TRADE,UP,ACCUM,1,1,0.5101,0.5101,1,0.5101,0,0.0,0,0.0,0.0,1.0,-0.5101,0.4899,0.0,102.25,SUCCESS
2025-12-20T21:00:47.408165+00:00,btc-updown-15m-1766264400,TRADE,DOWN,ACCUM,1,1,0.5,0.5,1,0.5101,1,0.5,1,1.0101,-0.0101,0.0,-0.0101,-0.0101,0.0,101.75,SUCCESS
2025-12-20T21:01:52.636372+00:00,btc-updown-15m-1766264400,TRADE,DOWN,ACCUM,1,1,0.4101,0.4101,1,0.5101,2,0.455,1,0.9651,0.0349,0.5,-0.4202,0.5798,0.0,101.34,SUCCESS
2025-12-20T21:02:03.581126+00:00,btc-updown-15m-1766264400,TRADE,DOWN,ACCUM,1,1,0.3401,0.3401,1,0.5101,3,0.4167,1,0.9268,0.0732,0.67,-0.7603,1.2397,0.0,101.0,SUCCESS
2025-12-20T21:02:08.982737+00:00,btc-updown-15m-1766264400,TRADE,DOWN,ACCUM,1,1,0.3601,0.3601,1,0.5101,4,0.4026,1,0.9127,0.0873,0.75,-1.1204,1.8796,0.0,100.64,SUCCESS
2025-12-20T21:02:14.397064+00:00,btc-updown-15m-1766264400,TRADE,UP,ACCUM,1,1,0.6402,0.6402,2,0.5752,4,0.4026,2,0.9777,0.0446,0.5,-0.7606,1.2394,0.0,100.0,SUCCESS
2025-12-20T21:02:14.397203+00:00,btc-updown-15m-1766264400,TRADE,DOWN,ACCUM,1,1,0.3701,0.3701,2,0.5752,5,0.3961,2,0.9712,0.0576,0.6,-1.1306,1.8694,0.0,99.63,SUCCESS
2025-12-20T21:02:25.238815+00:00,btc-updown-15m-1766264400,TRADE,DOWN,ACCUM,1,1,0.3601,0.3601,2,0.5752,6,0.3901,2,0.9652,0.0695,0.67,-1.4907,2.5093,0.0,99.27,SUCCESS
2025-12-20T21:02:30.669223+00:00,btc-updown-15m-1766264400,TRADE,UP,ACCUM,1,1,0.6402,0.6402,3,0.5968,6,0.3901,3,0.9869,0.0393,0.5,-1.1309,1.8691,0.0,98.63,SUCCESS
2025-12-20T21:02:30.669638+00:00,btc-updown-15m-1766264400,TRADE,DOWN,ACCUM,1,1,0.37,0.37,3,0.5968,7,0.3872,3,0.984,0.0479,0.57,-1.5009,2.4991,0.0,98.26,SUCCESS
2025-12-20T21:02:36.270984+00:00,btc-updown-15m-1766264400,TRADE,UP,ACCUM,1,1,0.6101,0.6101,4,0.6001,7,0.3872,4,0.9874,0.0506,0.43,-1.111,1.889,0.0,97.65,SUCCESS
2025-12-20T21:02:36.272081+00:00,btc-updown-15m-1766264400,TRADE,DOWN,ACCUM,1,1,0.4302,0.4302,4,0.6001,8,0.3926,4,0.9927,0.0291,0.5,-1.5412,2.4588,0.0,97.22,SUCCESS
2025-12-20T21:02:41.698976+00:00,btc-updown-15m-1766264400,TRADE,UP,ACCUM,1,1,0.5702,0.5702,5,0.5941,8,0.3926,5,0.9867,0.0664,0.38,-1.1114,1.8886,0.0,96.65,SUCCESS
2025-12-20T21:02:47.115722+00:00,btc-updown-15m-1766264400,TRADE,UP,ACCUM,1,1,0.4698,0.4698,6,0.5734,8,0.3926,6,0.966,0.204,0.25,-0.5812,1.4188,0.0,96.18,SUCCESS
2025-12-20T21:02:52.640163+00:00,btc-updown-15m-1766264400,TRADE,DOWN,ACCUM,1,1,0.5102,0.5102,6,0.5734,9,0.4056,6,0.9791,0.1256,0.33,-1.0914,1.9086,0.0,95.67,SUCCESS
2025-12-20T21:02:58.056341+00:00,btc-updown-15m-1766264400,TRADE,UP,ACCUM,1,1,0.5301,0.5301,7,0.5672,9,0.4056,7,0.9729,0.1898,0.22,-0.6215,1.3785,0.0,95.14,SUCCESS
2025-12-20T21:02:58.056530+00:00,btc-updown-15m-1766264400,TRADE,DOWN,ACCUM,1,1,0.4901,0.4901,7,0.5672,10,0.4141,7,0.9813,0.1307,0.3,-1.1115,1.8885,0.0,94.65,SUCCESS
2025-12-20T21:03:03.464676+00:00,btc-updown-15m-1766264400,TRADE,UP,ACCUM,1,1,0.5402,0.5402,8,0.5639,10,0.4141,8,0.9779,0.1765,0.2,-0.6517,1.3483,0.0,94.11,SUCCESS
2025-12-20T21:03:03.464875+00:00,btc-updown-15m-1766264400,TRADE,DOWN,ACCUM,1,1,0.4702,0.4702,8,0.5639,11,0.4192,8,0.983,0.1357,0.27,-1.1219,1.8781,0.0,93.64,SUCCESS
2025-12-20T21:03:08.931486+00:00,btc-updown-15m-1766264400,TRADE,UP,ACCUM,1,1,0.57,0.57,9,0.5645,11,0.4192,9,0.9837,0.1465,0.18,-0.6919,1.3081,0.0,93.07,SUCCESS
2025-12-20T21:03:08.932546+00:00,btc-updown-15m-1766264400,TRADE,DOWN,ACCUM,1,1,0.4502,0.4502,9,0.5645,12,0.4218,9,0.9863,0.1232,0.25,-1.142,1.858,0.0,92.62,SUCCESS
2025-12-20T21:03:14.313129+00:00,btc-updown-15m-1766264400,TRADE,UP,ACCUM,1,1,0.5701,0.5701,10,0.5651,12,0.4218,10,0.9869,0.1314,0.17,-0.7121,1.2879,0.0,92.05,SUCCESS
2025-12-20T21:03:19.712667+00:00,btc-updown-15m-1766264400,TRADE,UP,ACCUM,1,1,0.5901,0.5901,11,0.5674,12,0.4218,11,0.9891,0.1196,0.08,-0.3022,0.6978,0.0,91.46,SUCCESS
2025-12-20T21:03:19.713578+00:00,btc-updown-15m-1766264400,TRADE,DOWN,ACCUM,1,1,0.42,0.42,11,0.5674,13,0.4216,11,0.989,0.121,0.15,-0.7222,1.2778,0.0,91.04,SUCCESS
2025-12-20T21:03:25.113343+00:00,btc-updown-15m-1766264400,TRADE,DOWN,ACCUM,1,1,0.4302,0.4302,11,0.5674,14,0.4222,11,0.9896,0.1143,0.21,-1.1524,1.8476,0.0,90.61,SUCCESS
2025-12-20T21:03:30.506680+00:00,btc-updown-15m-1766264400,TRADE,UP,ACCUM,1,1,0.5902,0.5902,12,0.5693,14,0.4222,12,0.9915,0.1019,0.14,-0.7426,1.2574,0.0,90.02,SUCCESS
2025-12-20T21:03:30.507555+00:00,btc-updown-15m-1766264400,TRADE,DOWN,ACCUM,1,1,0.4202,0.4202,12,0.5693,15,0.4221,12,0.9914,0.1035,0.2,-1.1628,1.8372,0.0,89.6,SUCCESS
2025-12-20T21:03:36.047500+00:00,btc-updown-15m-1766264400,TRADE,UP,ACCUM,1,1,0.59,0.59,13,0.5709,15,0.4221,13,0.993,0.0914,0.13,-0.7528,1.2472,0.0,89.01,SUCCESS
2025-12-20T21:03:41.439564+00:00,btc-updown-15m-1766264400,TRADE,UP,ACCUM,1,1,0.5903,0.5903,14,0.5723,15,0.4221,14,0.9944,0.079,0.07,-0.3431,0.6569,0.0,88.42,SUCCESS
2025-12-20T21:03:46.840568+00:00,btc-updown-15m-1766264400,TRADE,UP,ACCUM,1,1,0.5801,0.5801,15,0.5728,15,0.4221,15,0.9949,0.0768,0.0,0.0768,0.0768,0.0,87.84,SUCCESS
2025-12-20T21:15:04.470558+00:00,btc-updown-15m-1766264400,RESOLUTION,DOWN,MARKET_END,30,30,1.0,14.9232,15,0.5728,15,0.4221,15,0.9949,0.0768,0.0,0.0,0.0,0.0768,102.84,RESOLVED
2025-12-20T21:15:12.737438+00:00,btc-updown-15m-1766265300,TRADE,UP,ACCUM,1,1,0.4802,0.4802,1,0.4802,0,0.0,0,0.0,0.0,1.0,-0.4802,0.5198,0.0,102.36,SUCCESS
2025-12-20T21:15:12.737627+00:00,btc-updown-15m-1766265300,TRADE,DOWN,ACCUM,1,1,0.5301,0.5301,1,0.4802,1,0.5301,1,1.0103,-0.0103,0.0,-0.0103,-0.0103,0.0,101.83,SUCCESS
2025-12-20T21:15:18.142056+00:00,btc-updown-15m-1766265300,TRADE,UP,ACCUM,1,1,0.44,0.44,2,0.4601,1,0.5301,1,0.9902,0.0098,0.5,-0.4503,0.5497,0.0,101.39,SUCCESS
2025-12-20T21:15:34.342760+00:00,btc-updown-15m-1766265300,TRADE,UP,ACCUM,1,1,0.44,0.44,3,0.4534,1,0.5301,1,0.9835,0.0165,0.67,-0.8904,1.1096,0.0,100.95,SUCCESS
2025-12-20T21:15:39.761851+00:00,btc-updown-15m-1766265300,TRADE,UP,ACCUM,1,1,0.45,0.45,4,0.4526,1,0.5301,1,0.9827,0.0173,0.75,-1.3404,1.6596,0.0,100.5,SUCCESS
2025-12-20T21:15:45.170330+00:00,btc-updown-15m-1766265300,TRADE,UP,ACCUM,1,1,0.4601,0.4601,5,0.4541,1,0.5301,1,0.9842,0.0158,0.8,-1.8005,2.1995,0.0,100.04,SUCCESS
2025-12-20T21:15:45.170509+00:00,btc-updown-15m-1766265300,TRADE,DOWN,ACCUM,1,1,0.5502,0.5502,5,0.4541,2,0.5401,2,0.9942,0.0115,0.6,-1.3507,1.6493,0.0,99.49,SUCCESS
2025-12-20T21:15:50.560662+00:00,btc-updown-15m-1766265300,TRADE,UP,ACCUM,1,1,0.4401,0.4401,6,0.4518,2,0.5401,2,0.9919,0.0162,0.67,-1.7909,2.2091,0.0,99.05,SUCCESS
2025-12-20T21:15:55.936929+00:00,btc-updown-15m-1766265300,TRADE,UP,ACCUM,1,1,0.44,0.44,7,0.4501,2,0.5401,2,0.9902,0.0196,0.71,-2.2309,2.7691,0.0,98.61,SUCCESS
2025-12-20T21:16:01.558639+00:00,btc-updown-15m-1766265300,TRADE,DOWN,ACCUM,1,1,0.55,0.55,7,0.4501,3,0.5434,3,0.9935,0.0195,0.57,-1.7809,2.2191,0.0,98.06,SUCCESS
2025-12-20T21:16:06.954529+00:00,btc-updown-15m-1766265300,TRADE,DOWN,ACCUM,1,1,0.4802,0.4802,7,0.4501,4,0.5276,4,0.9777,0.0892,0.43,-1.2611,1.7389,0.0,97.58,SUCCESS
2025-12-20T21:16:12.376813+00:00,btc-updown-15m-1766265300,TRADE,DOWN,ACCUM,1,1,0.4902,0.4902,7,0.4501,5,0.5201,5,0.9702,0.1488,0.29,-0.7513,1.2487,0.0,97.09,SUCCESS
2025-12-20T21:16:17.807871+00:00,btc-updown-15m-1766265300,TRADE,UP,ACCUM,1,1,0.53,0.53,8,0.4601,5,0.5201,5,0.9802,0.0989,0.38,-1.2814,1.7186,0.0,96.56,SUCCESS
2025-12-20T21:16:17.808196+00:00,btc-updown-15m-1766265300,TRADE,DOWN,ACCUM,1,1,0.4802,0.4802,8,0.4601,6,0.5135,6,0.9736,0.1586,0.25,-0.7615,1.2385,0.0,96.08,SUCCESS
2025-12-20T21:16:23.199511+00:00,btc-updown-15m-1766265300,TRADE,DOWN,ACCUM,1,1,0.5102,0.5102,8,0.4601,7,0.513,7,0.9731,0.1883,0.12,-0.2717,0.7283,0.0,95.57,SUCCESS
2025-12-20T21:16:28.620618+00:00,btc-updown-15m-1766265300,TRADE,UP,ACCUM,1,1,0.5201,0.5201,9,0.4667,7,0.513,7,0.9798,0.1417,0.22,-0.7918,1.2082,0.0,95.05,SUCCESS
2025-12-20T21:16:28.620910+00:00,btc-updown-15m-1766265300,TRADE,DOWN,ACCUM,1,1,0.5002,0.5002,9,0.4667,8,0.5114,8,0.9782,0.1747,0.11,-0.292,0.708,0.0,94.55,SUCCESS
2025-12-20T21:16:34.029004+00:00,btc-updown-15m-1766265300,TRADE,UP,ACCUM,1,1,0.5302,0.5302,10,0.4731,8,0.5114,8,0.9845,0.1239,0.2,-0.8223,1.1777,0.0,94.02,SUCCESS
2025-12-20T21:16:34.029185+00:00,btc-updown-15m-1766265300,TRADE,DOWN,ACCUM,1,1,0.4901,0.4901,10,0.4731,9,0.509,9,0.9821,0.1607,0.1,-0.3124,0.6876,0.0,93.53,SUCCESS
2025-12-20T21:16:39.422332+00:00,btc-updown-15m-1766265300,TRADE,UP,ACCUM,1,1,0.5302,0.5302,11,0.4783,9,0.509,9,0.9873,0.114,0.18,-0.8426,1.1574,0.0,93.0,SUCCESS
2025-12-20T21:16:39.423559+00:00,btc-updown-15m-1766265300,TRADE,DOWN,ACCUM,1,1,0.4802,0.4802,11,0.4783,10,0.5062,10,0.9845,0.1555,0.09,-0.3228,0.6772,0.0,92.52,SUCCESS
2025-12-20T21:16:44.826297+00:00,btc-updown-15m-1766265300,TRADE,UP,ACCUM,1,1,0.52,0.52,12,0.4818,10,0.5062,10,0.9879,0.1207,0.17,-0.8428,1.1572,0.0,92.0,SUCCESS
2025-12-20T21:16:44.826483+00:00,btc-updown-15m-1766265300,TRADE,DOWN,ACCUM,1,1,0.4901,0.4901,12,0.4818,11,0.5047,11,0.9865,0.1488,0.08,-0.3329,0.6671,0.0,91.51,SUCCESS
2025-12-20T21:16:50.257794+00:00,btc-updown-15m-1766265300,TRADE,UP,ACCUM,1,1,0.5502,0.5502,13,0.487,11,0.5047,11,0.9917,0.0909,0.15,-0.8832,1.1168,0.0,90.96,SUCCESS
2025-12-20T21:16:50.258074+00:00,btc-updown-15m-1766265300,TRADE,DOWN,ACCUM,1,1,0.4601,0.4601,13,0.487,12,0.501,12,0.988,0.1438,0.08,-0.3432,0.6568,0.0,90.5,SUCCESS
2025-12-20T21:16:55.681963+00:00,btc-updown-15m-1766265300,TRADE,UP,ACCUM,1,1,0.5403,0.5403,14,0.4908,12,0.501,12,0.9918,0.0982,0.14,-0.8835,1.1165,0.0,89.95,SUCCESS
2025-12-20T21:16:55.682282+00:00,btc-updown-15m-1766265300,TRADE,DOWN,ACCUM,1,1,0.4702,0.4702,14,0.4908,13,0.4986,13,0.9895,0.1371,0.07,-0.3537,0.6463,0.0,89.48,SUCCESS
2025-12-20T21:17:01.080060+00:00,btc-updown-15m-1766265300,TRADE,UP,ACCUM,1,1,0.5502,0.5502,15,0.4948,13,0.4986,13,0.9934,0.0857,0.13,-0.9039,1.0961,0.0,88.93,SUCCESS
2025-12-20T21:17:06.489778+00:00,btc-updown-15m-1766265300,TRADE,DOWN,ACCUM,1,1,0.47,0.47,15,0.4948,14,0.4966,14,0.9914,0.1208,0.07,-0.374,0.626,0.0,88.46,SUCCESS
2025-12-20T21:17:11.986432+00:00,btc-updown-15m-1766265300,TRADE,DOWN,ACCUM,1,1,0.5001,0.5001,15,0.4948,15,0.4968,15,0.9916,0.1259,0.0,0.1259,0.1259,0.0,87.96,SUCCESS
2025-12-20T21:30:02.381670+00:00,btc-updown-15m-1766265300,RESOLUTION,DOWN,MARKET_END,30,30,1.0,14.8741,15,0.4948,15,0.4968,15,0.9916,0.1259,0.0,0.0,0.0,0.1259,102.96,RESOLVED
2025-12-20T21:30:15.536398+00:00,btc-updown-15m-1766266200,TRADE,UP,ACCUM,1,1,0.4698,0.4698,1,0.4698,0,0.0,0,0.0,0.0,1.0,-0.4698,0.5302,0.0,102.49,SUCCESS
2025-12-20T21:30:20.932569+00:00,btc-updown-15m-1766266200,TRADE,UP,ACCUM,1,1,0.4701,0.4701,2,0.4699,0,0.0,0,0.0,0.0,1.0,-0.9399,1.0601,0.0,102.02,SUCCESS
2025-12-20T21:30:20.932915+00:00,btc-updown-15m-1766266200,TRADE,DOWN,ACCUM,1,1,0.5401,0.5401,2,0.4699,1,0.5401,1,1.01,-0.01,0.5,-0.48,0.52,0.0,101.48,SUCCESS
2025-12-20T21:31:09.948018+00:00,btc-updown-15m-1766266200,TRADE,DOWN,ACCUM,1,1,0.51,0.51,2,0.4699,2,0.5251,2,0.995,0.01,0.0,0.01,0.01,0.0,100.97,SUCCESS
2025-12-20T21:32:09.399509+00:00,btc-updown-15m-1766266200,TRADE,DOWN,ACCUM,1,1,0.5202,0.5202,2,0.4699,3,0.5235,2,0.9934,0.0132,0.33,-0.5102,0.4898,0.0,100.45,SUCCESS
2025-12-20T21:32:14.819611+00:00,btc-updown-15m-1766266200,TRADE,DOWN,ACCUM,1,1,0.5201,0.5201,2,0.4699,4,0.5226,2,0.9926,0.0149,0.5,-1.0303,0.9697,0.0,99.93,SUCCESS
2025-12-20T21:32:20.400069+00:00,btc-updown-15m-1766266200,TRADE,DOWN,ACCUM,1,1,0.52,0.52,2,0.4699,5,0.5221,2,0.992,0.0159,0.6,-1.5504,1.4496,0.0,99.41,SUCCESS
2025-12-20T21:32:25.798870+00:00,btc-updown-15m-1766266200,TRADE,DOWN,ACCUM,1,1,0.5302,0.5302,2,0.4699,6,0.5235,2,0.9934,0.0132,0.67,-2.0806,1.9194,0.0,98.88,SUCCESS
2025-12-20T21:32:31.188064+00:00,btc-updown-15m-1766266200,TRADE,DOWN,ACCUM,1,1,0.5101,0.5101,2,0.4699,7,0.5215,2,0.9915,0.017,0.71,-2.5907,2.4093,0.0,98.37,SUCCESS
2025-12-20T21:32:36.593525+00:00,btc-updown-15m-1766266200,TRADE,DOWN,ACCUM,1,1,0.5099,0.5099,2,0.4699,8,0.5201,2,0.99,0.0199,0.75,-3.1006,2.8994,0.0,97.86,SUCCESS
2025-12-20T21:32:47.474274+00:00,btc-updown-15m-1766266200,TRADE,UP,ACCUM,2,2,0.51,1.0201,4,0.49,8,0.5201,4,1.0101,-0.0403,0.5,-2.1207,1.8793,0.0,96.84,SUCCESS
2025-12-20T21:36:19.568893+00:00,btc-updown-15m-1766266200,TRADE,DOWN,ACCUM,1,1,0.3502,0.3502,4,0.49,9,0.5012,4,0.9912,0.0352,0.56,-2.4709,2.5291,0.0,96.49,SUCCESS
2025-12-20T21:36:24.966174+00:00,btc-updown-15m-1766266200,TRADE,DOWN,ACCUM,1,1,0.4201,0.4201,4,0.49,10,0.4931,4,0.9831,0.0676,0.6,-2.891,3.109,0.0,96.07,SUCCESS
2025-12-20T21:36:35.793508+00:00,btc-updown-15m-1766266200,TRADE,UP,ACCUM,2,2,0.6001,1.2003,6,0.5267,10,0.4931,6,1.0198,-0.1188,0.4,-2.0913,1.9087,0.0,94.87,SUCCESS
2025-12-20T21:43:39.818559+00:00,btc-updown-15m-1766266200,TRADE,UP,ACCUM,1,1,0.2601,0.2601,7,0.4886,10,0.4931,7,0.9817,0.1279,0.3,-1.3514,1.6486,0.0,94.61,SUCCESS
2025-12-20T21:43:45.209489+00:00,btc-updown-15m-1766266200,TRADE,UP,ACCUM,1,1,0.2001,0.2001,8,0.4525,10,0.4931,8,0.9457,0.4348,0.2,-0.5514,1.4486,0.0,94.41,SUCCESS
2025-12-20T21:43:50.592082+00:00,btc-updown-15m-1766266200,TRADE,UP,ACCUM,1,1,0.14,0.14,9,0.4178,10,0.4931,9,0.9109,0.8017,0.1,0.3086,1.3086,0.0,94.27,SUCCESS
2025-12-20T21:43:50.592293+00:00,btc-updown-15m-1766266200,TRADE,DOWN,ACCUM,1,1,0.8803,0.8803,9,0.4178,11,0.5283,9,0.9461,0.4849,0.18,-0.5717,1.4283,0.0,93.39,SUCCESS
2025-12-20T21:43:56.001578+00:00,btc-updown-15m-1766266200,TRADE,UP,ACCUM,1,1,0.16,0.16,10,0.392,11,0.5283,10,0.9203,0.7965,0.09,0.2682,1.2682,0.0,93.23,SUCCESS
2025-12-20T21:43:56.001718+00:00,btc-updown-15m-1766266200,TRADE,DOWN,ACCUM,1,1,0.8801,0.8801,10,0.392,12,0.5576,10,0.9497,0.5034,0.17,-0.6119,1.3881,0.0,92.35,SUCCESS
2025-12-20T21:44:01.412427+00:00,btc-updown-15m-1766266200,TRADE,DOWN,ACCUM,1,1,0.89,0.89,10,0.392,13,0.5832,10,0.9752,0.2476,0.23,-1.5019,1.4981,0.0,91.46,SUCCESS
2025-12-20T21:44:06.969014+00:00,btc-updown-15m-1766266200,TRADE,UP,ACCUM,1,1,0.1701,0.1701,11,0.3719,13,0.5832,11,0.9551,0.4944,0.15,-0.672,1.328,0.0,91.29,SUCCESS
2025-12-20T21:44:12.451057+00:00,btc-updown-15m-1766266200,TRADE,UP,ACCUM,1,1,0.22,0.22,12,0.3592,13,0.5832,12,0.9424,0.6912,0.08,0.108,1.108,0.0,91.07,SUCCESS
2025-12-20T21:44:17.842917+00:00,btc-updown-15m-1766266200,TRADE,UP,ACCUM,1,1,0.1701,0.1701,13,0.3447,13,0.5832,13,0.9279,0.9379,0.0,0.9379,0.9379,0.0,90.9,SUCCESS
2025-12-20T21:44:17.843394+00:00,btc-updown-15m-1766266200,TRADE,DOWN,ACCUM,1,1,0.8402,0.8402,13,0.3447,14,0.6015,13,0.9462,0.6993,0.07,0.0977,1.0977,0.0,90.06,SUCCESS
2025-12-20T21:44:23.339727+00:00,btc-updown-15m-1766266200,TRADE,DOWN,ACCUM,1,1,0.8802,0.8802,13,0.3447,15,0.6201,13,0.9648,0.4578,0.13,-0.7824,1.2176,0.0,89.18,SUCCESS
2025-12-20T21:44:28.712401+00:00,btc-updown-15m-1766266200,TRADE,UP,ACCUM,1,1,0.3101,0.3101,14,0.3422,15,0.6201,14,0.9623,0.5276,0.07,-0.0925,0.9075,0.0,88.87,SUCCESS
2025-12-20T21:44:34.220182+00:00,btc-updown-15m-1766266200,TRADE,UP,ACCUM,1,1,0.2401,0.2401,15,0.3354,15,0.6201,15,0.9555,0.6674,0.0,0.6674,0.6674,0.0,88.63,SUCCESS
2025-12-20T21:45:04.548913+00:00,btc-updown-15m-1766266200,RESOLUTION,DOWN,MARKET_END,30,30,1.0,14.3326,15,0.3354,15,0.6201,15,0.9555,0.6674,0.0,0.0,0.0,0.6674,103.63,RESOLVED
2025-12-20T21:45:11.970868+00:00,btc-updown-15m-1766267100,TRADE,DOWN,ACCUM,1,1,0.49,0.49,0,0.0,1,0.49,0,0.0,0.0,1.0,-0.49,0.51,0.0,103.14,SUCCESS
2025-12-20T21:45:17.371035+00:00,btc-updown-15m-1766267100,TRADE,UP,ACCUM,1,1,0.5202,0.5202,1,0.5202,1,0.49,1,1.0102,-0.0102,0.0,-0.0102,-0.0102,0.0,102.62,SUCCESS
2025-12-20T21:46:34.284251+00:00,btc-updown-15m-1766267100,TRADE,UP,ACCUM,1,1,0.3301,0.3301,2,0.4252,1,0.49,1,0.9152,0.0848,0.5,-0.3404,0.6596,0.0,102.29,SUCCESS
2025-12-20T21:46:39.681865+00:00,btc-updown-15m-1766267100,TRADE,UP,ACCUM,1,1,0.32,0.32,3,0.3901,1,0.49,1,0.8802,0.1198,0.67,-0.6604,1.3396,0.0,101.97,SUCCESS
2025-12-20T21:46:45.055880+00:00,btc-updown-15m-1766267100,TRADE,UP,ACCUM,1,1,0.3301,0.3301,4,0.3751,1,0.49,1,0.8652,0.1348,0.75,-0.9905,2.0095,0.0,101.64,SUCCESS
2025-12-20T21:46:45.056025+00:00,btc-updown-15m-1766267100,TRADE,DOWN,ACCUM,1,1,0.6803,0.6803,4,0.3751,2,0.5852,2,0.9603,0.0794,0.5,-0.6708,1.3292,0.0,100.96,SUCCESS
2025-12-20T21:46:50.430022+00:00,btc-updown-15m-1766267100,TRADE,UP,ACCUM,1,1,0.4302,0.4302,5,0.3861,2,0.5852,2,0.9713,0.0574,0.6,-1.101,1.899,0.0,100.53,SUCCESS
2025-12-20T21:46:50.430220+00:00,btc-updown-15m-1766267100,TRADE,DOWN,ACCUM,1,1,0.5802,0.5802,5,0.3861,3,0.5835,3,0.9696,0.0911,0.4,-0.6812,1.3188,0.0,99.95,SUCCESS
2025-12-20T21:46:55.933930+00:00,btc-updown-15m-1766267100,TRADE,UP,ACCUM,1,1,0.4302,0.4302,6,0.3935,3,0.5835,3,0.977,0.069,0.5,-1.1114,1.8886,0.0,99.52,SUCCESS
2025-12-20T21:47:01.366382+00:00,btc-updown-15m-1766267100,TRADE,DOWN,ACCUM,1,1,0.61,0.61,6,0.3935,4,0.5901,4,0.9836,0.0655,0.33,-0.7215,1.2785,0.0,98.91,SUCCESS
2025-12-20T21:47:06.868922+00:00,btc-updown-15m-1766267100,TRADE,UP,ACCUM,1,1,0.4001,0.4001,7,0.3944,4,0.5901,4,0.9846,0.0617,0.43,-1.1216,1.8784,0.0,98.51,SUCCESS
2025-12-20T21:47:06.869234+00:00,btc-updown-15m-1766267100,TRADE,DOWN,ACCUM,1,1,0.6202,0.6202,7,0.3944,5,0.5961,5,0.9906,0.0471,0.29,-0.7418,1.2582,0.0,97.89,SUCCESS
2025-12-20T21:47:12.248445+00:00,btc-updown-15m-1766267100,TRADE,UP,ACCUM,1,1,0.3902,0.3902,8,0.3939,5,0.5961,5,0.99,0.0498,0.38,-1.1319,1.8681,0.0,97.5,SUCCESS
2025-12-20T21:47:23.341768+00:00,btc-updown-15m-1766267100,TRADE,UP,ACCUM,1,1,0.3701,0.3701,9,0.3913,5,0.5961,5,0.9874,0.063,0.44,-1.502,2.498,0.0,97.13,SUCCESS
2025-12-20T21:47:28.725169+00:00,btc-updown-15m-1766267100,TRADE,DOWN,ACCUM,1,1,0.64,0.64,9,0.3913,6,0.6035,6,0.9947,0.0317,0.33,-1.142,1.858,0.0,96.49,SUCCESS
2025-12-20T21:47:34.118356+00:00,btc-updown-15m-1766267100,TRADE,UP,ACCUM,1,1,0.3801,0.3801,10,0.3901,6,0.6035,6,0.9936,0.0384,0.4,-1.5221,2.4779,0.0,96.11,SUCCESS
2025-12-20T21:47:50.304403+00:00,btc-updown-15m-1766267100,TRADE,UP,ACCUM,1,1,0.3901,0.3901,11,0.3901,6,0.6035,6,0.9936,0.0385,0.45,-1.9122,3.0878,0.0,95.72,SUCCESS
2025-12-20T21:47:55.714358+00:00,btc-updown-15m-1766267100,TRADE,UP,ACCUM,1,1,0.3801,0.3801,12,0.3893,6,0.6035,6,0.9928,0.0435,0.5,-2.2924,3.7076,0.0,95.34,SUCCESS
2025-12-20T21:48:01.127420+00:00,btc-updown-15m-1766267100,TRADE,DOWN,ACCUM,2,2,0.6401,1.2802,12,0.3893,8,0.6126,8,1.0019,-0.0153,0.33,-1.5725,2.4275,0.0,94.06,SUCCESS
2025-12-20T21:48:11.983000+00:00,btc-updown-15m-1766267100,TRADE,UP,ACCUM,1,1,0.2101,0.2101,13,0.3755,8,0.6126,8,0.9881,0.095,0.38,-1.7826,3.2174,0.0,93.85,SUCCESS
2025-12-20T21:48:17.362034+00:00,btc-updown-15m-1766267100,TRADE,UP,ACCUM,1,1,0.1701,0.1701,14,0.3608,8,0.6126,8,0.9735,0.2124,0.43,-1.9527,4.0473,0.0,93.68,SUCCESS
2025-12-20T21:48:22.770662+00:00,btc-updown-15m-1766267100,TRADE,DOWN,ACCUM,2,2,0.8402,1.6805,14,0.3608,10,0.6581,10,1.019,-0.1898,0.29,-1.6332,2.3668,0.0,92.0,SUCCESS
2025-12-20T22:00:02.744965+00:00,btc-updown-15m-1766267100,RESOLUTION,DOWN,MARKET_END,24,24,1.0,11.6332,14,0.3608,10,0.6581,10,1.019,-0.1898,0.29,0.0,0.0,-1.6322,102.0,RESOLVED
2025-12-20T22:00:10.697393+00:00,btc-updown-15m-1766268000,TRADE,UP,ACCUM,1,1,0.6702,0.6702,1,0.6702,0,0.0,0,0.0,0.0,1.0,-0.6702,0.3298,0.0,101.33,SUCCESS
2025-12-20T22:00:16.142051+00:00,btc-updown-15m-1766268000,TRADE,UP,ACCUM,1,1,0.6303,0.6303,2,0.6502,0,0.0,0,0.0,0.0,1.0,-1.3005,0.6995,0.0,100.7,SUCCESS
2025-12-20T22:00:21.555788+00:00,btc-updown-15m-1766268000,TRADE,UP,ACCUM,1,1,0.6402,0.6402,3,0.6469,0,0.0,0,0.0,0.0,1.0,-1.9407,1.0593,0.0,100.06,SUCCESS
2025-12-20T22:00:21.555990+00:00,btc-updown-15m-1766268000,TRADE,DOWN,ACCUM,1,1,0.37,0.37,3,0.6469,1,0.37,1,1.0169,-0.0169,0.67,-1.3107,0.6893,0.0,99.69,SUCCESS
2025-12-20T22:00:37.794208+00:00,btc-updown-15m-1766268000,TRADE,DOWN,ACCUM,1,1,0.3199,0.3199,3,0.6469,2,0.3449,2,0.9918,0.0163,0.33,-0.6306,0.3694,0.0,99.37,SUCCESS
2025-12-20T22:00:43.203405+00:00,btc-updown-15m-1766268000,TRADE,DOWN,ACCUM,1,1,0.27,0.27,3,0.6469,3,0.32,3,0.9669,0.0994,0.0,0.0994,0.0994,0.0,99.1,SUCCESS
2025-12-20T22:00:48.591963+00:00,btc-updown-15m-1766268000,TRADE,UP,ACCUM,1,1,0.7504,0.7504,4,0.6728,3,0.32,3,0.9927,0.0218,0.25,-0.651,0.349,0.0,98.35,SUCCESS
2025-12-20T22:00:53.982455+00:00,btc-updown-15m-1766268000,TRADE,DOWN,ACCUM,1,1,0.27,0.27,4,0.6728,4,0.3075,4,0.9803,0.079,0.0,0.079,0.079,0.0,98.08,SUCCESS
2025-12-20T22:00:59.497356+00:00,btc-updown-15m-1766268000,TRADE,UP,ACCUM,1,1,0.7402,0.7402,5,0.6863,4,0.3075,4,0.9937,0.025,0.2,-0.6612,0.3388,0.0,97.34,SUCCESS
2025-12-20T22:00:59.497526+00:00,btc-updown-15m-1766268000,TRADE,DOWN,ACCUM,1,1,0.27,0.27,5,0.6863,5,0.3,5,0.9862,0.0688,0.0,0.0688,0.0688,0.0,97.07,SUCCESS
2025-12-20T22:01:04.879438+00:00,btc-updown-15m-1766268000,TRADE,UP,ACCUM,1,1,0.6501,0.6501,6,0.6802,5,0.3,5,0.9802,0.0989,0.17,-0.5813,0.4187,0.0,96.42,SUCCESS
2025-12-20T22:01:10.282556+00:00,btc-updown-15m-1766268000,TRADE,UP,ACCUM,1,1,0.6501,0.6501,7,0.6759,5,0.3,5,0.9759,0.1204,0.29,-1.2315,0.7685,0.0,95.77,SUCCESS
2025-12-20T22:01:10.283409+00:00,btc-updown-15m-1766268000,TRADE,DOWN,ACCUM,1,1,0.3601,0.3601,7,0.6759,6,0.31,6,0.9859,0.0844,0.14,-0.5916,0.4084,0.0,95.41,SUCCESS
2025-12-20T22:01:15.804069+00:00,btc-updown-15m-1766268000,TRADE,UP,ACCUM,1,1,0.6603,0.6603,8,0.674,6,0.31,6,0.984,0.0961,0.25,-1.2519,0.7481,0.0,94.75,SUCCESS
2025-12-20T22:01:15.804275+00:00,btc-updown-15m-1766268000,TRADE,DOWN,ACCUM,1,1,0.3501,0.3501,8,0.674,7,0.3157,7,0.9897,0.072,0.12,-0.602,0.398,0.0,94.4,SUCCESS
2025-12-20T22:01:21.199002+00:00,btc-updown-15m-1766268000,TRADE,UP,ACCUM,1,1,0.6502,0.6502,9,0.6713,7,0.3157,7,0.9871,0.0904,0.22,-1.2522,0.7478,0.0,93.75,SUCCESS
2025-12-20T22:01:26.727418+00:00,btc-updown-15m-1766268000,TRADE,UP,ACCUM,1,1,0.6702,0.6702,10,0.6712,7,0.3157,7,0.987,0.0912,0.3,-1.9225,1.0775,0.0,93.08,SUCCESS
2025-12-20T22:01:26.727587+00:00,btc-updown-15m-1766268000,TRADE,DOWN,ACCUM,1,1,0.3501,0.3501,10,0.6712,8,0.32,8,0.9913,0.0698,0.2,-1.2726,0.7274,0.0,92.73,SUCCESS
2025-12-20T22:01:32.227332+00:00,btc-updown-15m-1766268000,TRADE,UP,ACCUM,1,1,0.6603,0.6603,11,0.6702,8,0.32,8,0.9903,0.0778,0.27,-1.9329,1.0671,0.0,92.07,SUCCESS
2025-12-20T22:01:37.636337+00:00,btc-updown-15m-1766268000,TRADE,UP,ACCUM,1,1,0.6601,0.6601,12,0.6694,8,0.32,8,0.9894,0.0845,0.33,-2.5931,1.4069,0.0,91.41,SUCCESS
2025-12-20T22:01:37.636487+00:00,btc-updown-15m-1766268000,TRADE,DOWN,ACCUM,1,1,0.3502,0.3502,12,0.6694,9,0.3234,9,0.9928,0.065,0.25,-1.9432,1.0568,0.0,91.06,SUCCESS
2025-12-20T22:01:43.063638+00:00,btc-updown-15m-1766268000,TRADE,UP,ACCUM,1,1,0.6502,0.6502,13,0.6679,9,0.3234,9,0.9913,0.0783,0.31,-2.5934,1.4066,0.0,90.41,SUCCESS
2025-12-20T22:01:48.493179+00:00,btc-updown-15m-1766268000,TRADE,UP,ACCUM,1,1,0.6501,0.6501,14,0.6666,9,0.3234,9,0.99,0.0897,0.36,-3.2435,1.7565,0.0,89.75,SUCCESS
2025-12-20T22:01:48.493410+00:00,btc-updown-15m-1766268000,TRADE,DOWN,ACCUM,1,1,0.36,0.36,14,0.6666,10,0.3271,10,0.9937,0.063,0.29,-2.6036,1.3964,0.0,89.39,SUCCESS
2025-12-20T22:01:53.874791+00:00,btc-updown-15m-1766268000,TRADE,UP,ACCUM,1,1,0.6503,0.6503,15,0.6656,10,0.3271,10,0.9926,0.0739,0.33,-3.2538,1.7462,0.0,88.74,SUCCESS
2025-12-20T22:02:05.162430+00:00,btc-updown-15m-1766268000,TRADE,DOWN,ACCUM,1,1,0.34,0.34,15,0.6656,11,0.3282,11,0.9938,0.0684,0.27,-2.5938,1.4062,0.0,88.4,SUCCESS
2025-12-20T22:02:10.550580+00:00,btc-updown-15m-1766268000,TRADE,DOWN,ACCUM,1,1,0.3301,0.3301,15,0.6656,12,0.3284,12,0.9939,0.0728,0.2,-1.9239,1.0761,0.0,88.07,SUCCESS
2025-12-20T22:02:15.945010+00:00,btc-updown-15m-1766268000,TRADE,DOWN,ACCUM,1,1,0.33,0.33,15,0.6656,13,0.3285,13,0.9941,0.0772,0.13,-1.2539,0.7461,0.0,87.74,SUCCESS
2025-12-20T22:02:21.339210+00:00,btc-updown-15m-1766268000,TRADE,DOWN,ACCUM,1,1,0.3302,0.3302,15,0.6656,14,0.3286,14,0.9942,0.0815,0.07,-0.5841,0.4159,0.0,87.41,SUCCESS
2025-12-20T22:02:26.724995+00:00,btc-updown-15m-1766268000,TRADE,DOWN,ACCUM,1,1,0.3401,0.3401,15,0.6656,15,0.3294,15,0.9949,0.0759,0.0,0.0759,0.0759,0.0,87.07,SUCCESS
2025-12-20T22:15:04.489720+00:00,btc-updown-15m-1766268000,RESOLUTION,UP,MARKET_END,30,30,1.0,14.9241,15,0.6656,15,0.3294,15,0.9949,0.0759,0.0,0.0,0.0,0.075,102.07,RESOLVED
2025-12-20T22:15:11.634274+00:00,btc-updown-15m-1766268900,TRADE,DOWN,ACCUM,1,1,0.4701,0.4701,0,0.0,1,0.4701,0,0.0,0.0,1.0,-0.4701,0.5299,0.0,101.6,SUCCESS
2025-12-20T22:15:17.034359+00:00,btc-updown-15m-1766268900,TRADE,UP,ACCUM,1,1,0.5703,0.5703,1,0.5703,1,0.4701,1,1.0404,-0.0404,0.0,-0.0404,-0.0404,0.0,101.03,SUCCESS
2025-12-20T22:15:17.034732+00:00,btc-updown-15m-1766268900,TRADE,DOWN,ACCUM,1,1,0.44,0.44,1,0.5703,2,0.455,1,1.0253,-0.0253,0.5,-0.4804,0.5196,0.0,100.59,SUCCESS
2025-12-20T22:19:27.054996+00:00,btc-updown-15m-1766268900,TRADE,UP,ACCUM,1,1,0.4902,0.4902,2,0.5302,2,0.455,2,0.9853,0.0295,0.0,0.0295,0.0295,0.0,100.1,SUCCESS
2025-12-20T22:19:32.444273+00:00,btc-updown-15m-1766268900,TRADE,UP,ACCUM,1,1,0.4698,0.4698,3,0.5101,2,0.455,2,0.9651,0.0697,0.33,-0.4404,0.5596,0.0,99.63,SUCCESS
2025-12-20T22:19:37.855188+00:00,btc-updown-15m-1766268900,TRADE,UP,ACCUM,1,1,0.4501,0.4501,4,0.4951,2,0.455,2,0.9501,0.0997,0.5,-0.8905,1.1095,0.0,99.18,SUCCESS
2025-12-20T22:19:43.262515+00:00,btc-updown-15m-1766268900,TRADE,UP,ACCUM,1,1,0.4201,0.4201,5,0.4801,2,0.455,2,0.9351,0.1297,0.6,-1.3106,1.6894,0.0,98.76,SUCCESS
2025-12-20T22:19:54.140584+00:00,btc-updown-15m-1766268900,TRADE,UP,ACCUM,1,1,0.4001,0.4001,6,0.4668,2,0.455,2,0.9218,0.1564,0.67,-1.7107,2.2893,0.0,98.36,SUCCESS
2025-12-20T22:19:54.141145+00:00,btc-updown-15m-1766268900,TRADE,DOWN,ACCUM,1,1,0.6203,0.6203,6,0.4668,3,0.5101,3,0.9769,0.0694,0.5,-1.3309,1.6691,0.0,97.74,SUCCESS
2025-12-20T22:19:59.547613+00:00,btc-updown-15m-1766268900,TRADE,UP,ACCUM,1,1,0.4002,0.4002,7,0.4573,3,0.5101,3,0.9674,0.0979,0.57,-1.7311,2.2689,0.0,97.34,SUCCESS
2025-12-20T22:20:10.535620+00:00,btc-updown-15m-1766268900,TRADE,UP,ACCUM,1,1,0.3701,0.3701,8,0.4464,3,0.5101,3,0.9565,0.1306,0.62,-2.1012,2.8988,0.0,96.97,SUCCESS
2025-12-20T22:20:15.921734+00:00,btc-updown-15m-1766268900,TRADE,UP,ACCUM,1,1,0.4201,0.4201,9,0.4434,3,0.5101,3,0.9536,0.1393,0.67,-2.5213,3.4787,0.0,96.55,SUCCESS
2025-12-20T22:20:15.922084+00:00,btc-updown-15m-1766268900,TRADE,DOWN,ACCUM,1,1,0.6103,0.6103,9,0.4434,4,0.5351,4,0.9786,0.0856,0.56,-2.1316,2.8684,0.0,95.94,SUCCESS
2025-12-20T22:20:21.313851+00:00,btc-updown-15m-1766268900,TRADE,UP,ACCUM,1,1,0.4001,0.4001,10,0.4391,4,0.5351,4,0.9743,0.103,0.6,-2.5317,3.4683,0.0,95.54,SUCCESS
2025-12-20T22:20:21.314841+00:00,btc-updown-15m-1766268900,TRADE,DOWN,ACCUM,1,1,0.6101,0.6101,10,0.4391,5,0.5501,5,0.9892,0.0538,0.5,-2.1418,2.8582,0.0,94.93,SUCCESS
2025-12-20T22:20:26.716264+00:00,btc-updown-15m-1766268900,TRADE,UP,ACCUM,1,1,0.4102,0.4102,11,0.4365,5,0.5501,5,0.9866,0.0669,0.55,-2.552,3.448,0.0,94.52,SUCCESS
2025-12-20T22:20:32.118186+00:00,btc-updown-15m-1766268900,TRADE,DOWN,ACCUM,2,2,0.6002,1.2005,11,0.4365,7,0.5644,7,1.0009,-0.0065,0.36,-1.7525,2.2475,0.0,93.32,SUCCESS
2025-12-20T22:21:47.987361+00:00,btc-updown-15m-1766268900,TRADE,UP,ACCUM,1,1,0.36,0.36,12,0.4301,7,0.5644,7,0.9946,0.0381,0.42,-2.1125,2.8875,0.0,92.96,SUCCESS
2025-12-20T22:21:53.376523+00:00,btc-updown-15m-1766268900,TRADE,UP,ACCUM,1,1,0.35,0.35,13,0.424,7,0.5644,7,0.9884,0.0812,0.46,-2.4625,3.5375,0.0,92.61,SUCCESS
2025-12-20T22:22:04.255928+00:00,btc-updown-15m-1766268900,TRADE,DOWN,ACCUM,2,2,0.7002,1.4004,13,0.424,9,0.5946,9,1.0186,-0.1671,0.31,-1.8629,2.1371,0.0,91.21,SUCCESS
2025-12-20T22:26:24.264622+00:00,btc-updown-15m-1766268900,TRADE,DOWN,ACCUM,1,1,0.3001,0.3001,13,0.424,10,0.5652,10,0.9891,0.1089,0.23,-1.163,1.837,0.0,90.91,SUCCESS
2025-12-20T22:26:29.685182+00:00,btc-updown-15m-1766268900,TRADE,DOWN,ACCUM,1,1,0.18,0.18,13,0.424,11,0.5301,11,0.9541,0.5049,0.15,-0.343,1.657,0.0,90.73,SUCCESS
2025-12-20T22:26:35.074830+00:00,btc-updown-15m-1766268900,TRADE,DOWN,ACCUM,1,1,0.15,0.15,13,0.424,12,0.4985,12,0.9224,0.9309,0.08,0.507,1.507,0.0,90.58,SUCCESS
2025-12-20T22:26:40.485619+00:00,btc-updown-15m-1766268900,TRADE,UP,ACCUM,1,1,0.9202,0.9202,14,0.4594,12,0.4985,12,0.9579,0.5055,0.14,-0.4133,1.5867,0.0,89.66,SUCCESS
2025-12-20T22:26:40.485856+00:00,btc-updown-15m-1766268900,TRADE,DOWN,ACCUM,1,1,0.1,0.1,14,0.4594,13,0.4678,13,0.9272,0.9461,0.07,0.4867,1.4867,0.0,89.56,SUCCESS
2025-12-20T22:26:45.897137+00:00,btc-updown-15m-1766268900,TRADE,UP,ACCUM,1,1,0.9001,0.9001,15,0.4888,13,0.4678,13,0.9566,0.5641,0.13,-0.4134,1.5866,0.0,88.66,SUCCESS
2025-12-20T22:26:56.720803+00:00,btc-updown-15m-1766268900,TRADE,DOWN,ACCUM,1,1,0.13,0.13,15,0.4888,14,0.4437,14,0.9325,0.9453,0.07,0.4566,1.4566,0.0,88.53,SUCCESS
2025-12-20T22:27:02.097669+00:00,btc-updown-15m-1766268900,TRADE,DOWN,ACCUM,1,1,0.12,0.12,15,0.4888,15,0.4221,15,0.9109,1.3365,0.0,1.3365,1.3365,0.0,88.41,SUCCESS
2025-12-20T22:30:02.787417+00:00,btc-updown-15m-1766268900,RESOLUTION,UP,MARKET_END,30,30,1.0,13.6635,15,0.4888,15,0.4221,15,0.9109,1.3365,0.0,0.0,0.0,1.3365,103.41,RESOLVED
2025-12-20T22:30:10.385264+00:00,btc-updown-15m-1766269800,TRADE,UP,ACCUM,1,1,0.5102,0.5102,1,0.5102,0,0.0,0,0.0,0.0,1.0,-0.5102,0.4898,0.0,102.9,SUCCESS
2025-12-20T22:30:10.385556+00:00,btc-updown-15m-1766269800,TRADE,DOWN,ACCUM,1,1,0.5,0.5,1,0.5102,1,0.5,1,1.0103,-0.0103,0.0,-0.0103,-0.0103,0.0,102.4,SUCCESS
2025-12-20T22:30:15.797727+00:00,btc-updown-15m-1766269800,TRADE,DOWN,ACCUM,1,1,0.4501,0.4501,1,0.5102,2,0.4751,1,0.9853,0.0147,0.5,-0.4604,0.5396,0.0,101.95,SUCCESS
2025-12-20T22:30:21.204557+00:00,btc-updown-15m-1766269800,TRADE,DOWN,ACCUM,1,1,0.4601,0.4601,1,0.5102,3,0.4701,1,0.9803,0.0197,0.67,-0.9204,1.0796,0.0,101.49,SUCCESS
2025-12-20T22:30:26.644584+00:00,btc-updown-15m-1766269800,TRADE,DOWN,ACCUM,1,1,0.4801,0.4801,1,0.5102,4,0.4726,1,0.9828,0.0172,0.75,-1.4005,1.5995,0.0,101.01,SUCCESS
2025-12-20T22:30:37.537485+00:00,btc-updown-15m-1766269800,TRADE,DOWN,ACCUM,1,1,0.4001,0.4001,1,0.5102,5,0.4581,1,0.9683,0.0317,0.8,-1.8006,2.1994,0.0,100.61,SUCCESS
2025-12-20T22:30:42.927358+00:00,btc-updown-15m-1766269800,TRADE,DOWN,ACCUM,1,1,0.3902,0.3902,1,0.5102,6,0.4468,1,0.957,0.043,0.83,-2.1908,2.8092,0.0,100.22,SUCCESS
2025-12-20T22:30:48.433776+00:00,btc-updown-15m-1766269800,TRADE,DOWN,ACCUM,1,1,0.3802,0.3802,1,0.5102,7,0.4372,1,0.9475,0.0525,0.86,-2.571,3.429,0.0,99.84,SUCCESS
2025-12-20T22:30:53.810689+00:00,btc-updown-15m-1766269800,TRADE,UP,ACCUM,2,2,0.5503,1.1005,3,0.5369,7,0.4372,3,0.9742,0.0775,0.57,-1.6715,2.3285,0.0,98.74,SUCCESS
2025-12-20T22:30:59.204262+00:00,btc-updown-15m-1766269800,TRADE,UP,ACCUM,1,1,0.5501,0.5501,4,0.5402,7,0.4372,4,0.9775,0.0901,0.43,-1.2216,1.7784,0.0,98.19,SUCCESS
2025-12-20T22:30:59.205398+00:00,btc-updown-15m-1766269800,TRADE,DOWN,ACCUM,1,1,0.4602,0.4602,4,0.5402,8,0.4401,4,0.9803,0.0787,0.5,-1.6818,2.3182,0.0,97.73,SUCCESS
2025-12-20T22:31:04.692453+00:00,btc-updown-15m-1766269800,TRADE,UP,ACCUM,1,1,0.5503,0.5503,5,0.5422,8,0.4401,5,0.9823,0.0883,0.38,-1.2321,1.7679,0.0,97.18,SUCCESS
2025-12-20T22:31:04.692697+00:00,btc-updown-15m-1766269800,TRADE,DOWN,ACCUM,1,1,0.4601,0.4601,5,0.5422,9,0.4423,5,0.9846,0.0772,0.44,-1.6921,2.3079,0.0,96.72,SUCCESS
2025-12-20T22:31:10.187061+00:00,btc-updown-15m-1766269800,TRADE,UP,ACCUM,1,1,0.5501,0.5501,6,0.5435,9,0.4423,6,0.9859,0.0848,0.33,-1.2422,1.7578,0.0,96.17,SUCCESS
2025-12-20T22:31:10.187407+00:00,btc-updown-15m-1766269800,TRADE,DOWN,ACCUM,1,1,0.4602,0.4602,6,0.5435,10,0.4441,6,0.9877,0.074,0.4,-1.7025,2.2975,0.0,95.71,SUCCESS
2025-12-20T22:31:15.566417+00:00,btc-updown-15m-1766269800,TRADE,UP,ACCUM,1,1,0.5402,0.5402,7,0.5431,10,0.4441,7,0.9872,0.0897,0.3,-1.2426,1.7574,0.0,95.17,SUCCESS
2025-12-20T22:31:15.566604+00:00,btc-updown-15m-1766269800,TRADE,DOWN,ACCUM,1,1,0.4702,0.4702,7,0.5431,11,0.4465,7,0.9896,0.0731,0.36,-1.7129,2.2871,0.0,94.7,SUCCESS
2025-12-20T22:31:20.949949+00:00,btc-updown-15m-1766269800,TRADE,UP,ACCUM,1,1,0.5401,0.5401,8,0.5427,11,0.4465,8,0.9892,0.0865,0.27,-1.253,1.747,0.0,94.16,SUCCESS
2025-12-20T22:31:20.951731+00:00,btc-updown-15m-1766269800,TRADE,DOWN,ACCUM,1,1,0.48,0.48,8,0.5427,12,0.4493,8,0.992,0.0641,0.33,-1.733,2.267,0.0,93.68,SUCCESS
2025-12-20T22:31:26.379056+00:00,btc-updown-15m-1766269800,TRADE,DOWN,ACCUM,1,1,0.4702,0.4702,8,0.5427,13,0.4509,8,0.9936,0.0513,0.38,-2.2032,2.7968,0.0,93.21,SUCCESS
2025-12-20T22:31:31.763338+00:00,btc-updown-15m-1766269800,TRADE,DOWN,ACCUM,1,1,0.4602,0.4602,8,0.5427,14,0.4516,8,0.9943,0.0459,0.43,-2.6634,3.3366,0.0,92.75,SUCCESS
2025-12-20T22:31:37.261340+00:00,btc-updown-15m-1766269800,TRADE,UP,ACCUM,2,2,0.5501,1.1002,10,0.5442,14,0.4516,10,0.9957,0.0426,0.29,-1.7637,2.2363,0.0,91.65,SUCCESS
2025-12-20T22:31:58.974113+00:00,btc-updown-15m-1766269800,TRADE,DOWN,ACCUM,1,1,0.4302,0.4302,10,0.5442,15,0.4501,10,0.9943,0.0568,0.33,-2.1939,2.8061,0.0,91.22,SUCCESS
2025-12-20T22:45:04.506571+00:00,btc-updown-15m-1766269800,RESOLUTION,UP,MARKET_END,25,25,1.0,12.1939,10,0.5442,15,0.4501,10,0.9943,0.0568,0.33,0.0,0.0,-2.1935,101.22,RESOLVED
2025-12-20T22:45:11.932244+00:00,btc-updown-15m-1766270700,TRADE,DOWN,ACCUM,1,1,0.5102,0.5102,0,0.0,1,0.5102,0,0.0,0.0,1.0,-0.5102,0.4898,0.0,100.71,SUCCESS
2025-12-20T22:45:17.312274+00:00,btc-updown-15m-1766270700,TRADE,UP,ACCUM,1,1,0.5102,0.5102,1,0.5102,1,0.5102,1,1.0205,-0.0205,0.0,-0.0205,-0.0205,0.0,100.2,SUCCESS
2025-12-20T22:46:17.571426+00:00,btc-updown-15m-1766270700,TRADE,DOWN,ACCUM,1,1,0.3401,0.3401,1,0.5102,2,0.4252,1,0.9354,0.0646,0.5,-0.3605,0.6395,0.0,99.86,SUCCESS
2025-12-20T22:46:23.055608+00:00,btc-updown-15m-1766270700,TRADE,DOWN,ACCUM,1,1,0.2401,0.2401,1,0.5102,3,0.3635,1,0.8737,0.1263,0.67,-0.6006,1.3994,0.0,99.62,SUCCESS
2025-12-20T22:46:28.438259+00:00,btc-updown-15m-1766270700,TRADE,DOWN,ACCUM,1,1,0.22,0.22,1,0.5102,4,0.3276,1,0.8378,0.1622,0.75,-0.8206,2.1794,0.0,99.4,SUCCESS
2025-12-20T22:46:33.946034+00:00,btc-updown-15m-1766270700,TRADE,DOWN,ACCUM,1,1,0.2401,0.2401,1,0.5102,5,0.3101,1,0.8203,0.1797,0.8,-1.0607,2.9393,0.0,99.16,SUCCESS
2025-12-20T22:46:39.441429+00:00,btc-updown-15m-1766270700,TRADE,DOWN,ACCUM,1,1,0.25,0.25,1,0.5102,6,0.3001,1,0.8103,0.1897,0.83,-1.3107,3.6893,0.0,98.91,SUCCESS
2025-12-20T22:46:44.835420+00:00,btc-updown-15m-1766270700,TRADE,DOWN,ACCUM,1,1,0.24,0.24,1,0.5102,7,0.2915,1,0.8017,0.1983,0.86,-1.5507,4.4493,0.0,98.67,SUCCESS
2025-12-20T22:46:50.255234+00:00,btc-updown-15m-1766270700,TRADE,UP,ACCUM,2,2,0.7801,1.5603,3,0.6902,7,0.2915,3,0.9817,0.055,0.57,-1.111,2.889,0.0,97.11,SUCCESS
2025-12-20T22:46:55.668588+00:00,btc-updown-15m-1766270700,TRADE,UP,ACCUM,1,1,0.7403,0.7403,4,0.7027,7,0.2915,4,0.9942,0.0232,0.43,-0.8513,2.1487,0.0,96.37,SUCCESS
2025-12-20T22:47:11.874673+00:00,btc-updown-15m-1766270700,TRADE,UP,ACCUM,1,1,0.6601,0.6601,5,0.6942,7,0.2915,5,0.9857,0.0716,0.29,-0.5114,1.4886,0.0,95.71,SUCCESS
2025-12-20T22:47:17.245979+00:00,btc-updown-15m-1766270700,TRADE,UP,ACCUM,1,1,0.6301,0.6301,6,0.6835,7,0.2915,6,0.975,0.15,0.14,-0.1415,0.8585,0.0,95.08,SUCCESS
2025-12-20T22:47:22.759808+00:00,btc-updown-15m-1766270700,TRADE,DOWN,ACCUM,1,1,0.4401,0.4401,6,0.6835,8,0.3101,6,0.9936,0.0386,0.25,-0.5816,1.4184,0.0,94.64,SUCCESS
2025-12-20T22:47:28.139219+00:00,btc-updown-15m-1766270700,TRADE,UP,ACCUM,1,1,0.5801,0.5801,7,0.6687,8,0.3101,7,0.9788,0.1484,0.12,-0.1617,0.8383,0.0,94.06,SUCCESS
2025-12-20T22:47:33.521979+00:00,btc-updown-15m-1766270700,TRADE,UP,ACCUM,1,1,0.5701,0.5701,8,0.6564,8,0.3101,8,0.9665,0.2682,0.0,0.2682,0.2682,0.0,93.49,SUCCESS
2025-12-20T22:47:33.522167+00:00,btc-updown-15m-1766270700,TRADE,DOWN,ACCUM,1,1,0.4401,0.4401,8,0.6564,9,0.3245,8,0.9809,0.1526,0.11,-0.1719,0.8281,0.0,93.05,SUCCESS
2025-12-20T22:47:38.935235+00:00,btc-updown-15m-1766270700,TRADE,DOWN,ACCUM,1,1,0.4301,0.4301,8,0.6564,10,0.3351,8,0.9915,0.0682,0.2,-0.6019,1.3981,0.0,92.62,SUCCESS
2025-12-20T22:47:44.324188+00:00,btc-updown-15m-1766270700,TRADE,UP,ACCUM,1,1,0.6101,0.6101,9,0.6513,10,0.3351,9,0.9863,0.123,0.1,-0.2121,0.7879,0.0,92.0,SUCCESS
2025-12-20T22:47:49.878243+00:00,btc-updown-15m-1766270700,TRADE,DOWN,ACCUM,1,1,0.4102,0.4102,9,0.6513,11,0.3419,9,0.9932,0.0616,0.18,-0.6222,1.3778,0.0,91.59,SUCCESS
2025-12-20T22:47:55.284590+00:00,btc-updown-15m-1766270700,TRADE,DOWN,ACCUM,1,1,0.3401,0.3401,9,0.6513,12,0.3417,9,0.993,0.0629,0.25,-0.9623,2.0377,0.0,91.25,SUCCESS
2025-12-20T22:48:00.700062+00:00,btc-updown-15m-1766270700,TRADE,UP,ACCUM,1,1,0.6701,0.6701,10,0.6531,12,0.3417,10,0.9949,0.051,0.17,-0.6325,1.3675,0.0,90.58,SUCCESS
2025-12-20T22:48:00.701127+00:00,btc-updown-15m-1766270700,TRADE,DOWN,ACCUM,1,1,0.34,0.34,10,0.6531,13,0.3416,10,0.9948,0.0523,0.23,-0.9725,2.0275,0.0,90.24,SUCCESS
2025-12-20T22:48:06.095142+00:00,btc-updown-15m-1766270700,TRADE,DOWN,ACCUM,1,1,0.34,0.34,10,0.6531,14,0.3415,10,0.9947,0.0535,0.29,-1.3125,2.6875,0.0,89.9,SUCCESS
2025-12-20T22:48:11.509789+00:00,btc-updown-15m-1766270700,TRADE,DOWN,ACCUM,1,1,0.33,0.33,10,0.6531,15,0.3407,10,0.9939,0.0611,0.33,-1.6425,3.3575,0.0,89.57,SUCCESS
2025-12-20T22:49:16.771542+00:00,btc-updown-15m-1766270700,TRADE,UP,ACCUM,1,1,0.5798,0.5798,11,0.6465,15,0.3407,11,0.9872,0.1406,0.27,-1.2223,2.7777,0.0,88.99,SUCCESS
2025-12-20T22:49:22.174113+00:00,btc-updown-15m-1766270700,TRADE,UP,ACCUM,1,1,0.5702,0.5702,12,0.6401,15,0.3407,12,0.9809,0.2297,0.2,-0.7925,2.2075,0.0,88.42,SUCCESS
2025-12-20T22:49:27.551587+00:00,btc-updown-15m-1766270700,TRADE,UP,ACCUM,1,1,0.5501,0.5501,13,0.6332,15,0.3407,13,0.9739,0.3388,0.13,-0.3426,1.6574,0.0,87.87,SUCCESS
2025-12-20T22:49:32.942672+00:00,btc-updown-15m-1766270700,TRADE,UP,ACCUM,1,1,0.5603,0.5603,14,0.628,15,0.3407,14,0.9687,0.4378,0.07,0.0971,1.0971,0.0,87.31,SUCCESS
2025-12-20T22:49:43.726947+00:00,btc-updown-15m-1766270700,TRADE,UP,ACCUM,1,1,0.5901,0.5901,15,0.6255,15,0.3407,15,0.9662,0.5071,0.0,0.5071,0.5071,0.0,86.72,SUCCESS
2025-12-20T23:00:00.946830+00:00,btc-updown-15m-1766270700,RESOLUTION,UP,MARKET_END,30,30,1.0,14.4929,15,0.6255,15,0.3407,15,0.9662,0.5071,0.0,0.0,0.0,0.507,101.72,RESOLVED
2025-12-20T23:00:08.431621+00:00,btc-updown-15m-1766271600,TRADE,UP,ACCUM,1,1,0.4002,0.4002,1,0.4002,0,0.0,0,0.0,0.0,1.0,-0.4002,0.5998,0.0,101.32,SUCCESS
2025-12-20T23:00:08.432117+00:00,btc-updown-15m-1766271600,TRADE,DOWN,ACCUM,1,1,0.6102,0.6102,1,0.4002,1,0.6102,1,1.0103,-0.0103,0.0,-0.0103,-0.0103,0.0,100.71,SUCCESS
2025-12-20T23:00:40.973464+00:00,btc-updown-15m-1766271600,TRADE,DOWN,ACCUM,1,1,0.5401,0.5401,1,0.4002,2,0.5752,1,0.9753,0.0247,0.5,-0.5505,0.4495,0.0,100.17,SUCCESS
2025-12-20T23:00:51.858462+00:00,btc-updown-15m-1766271600,TRADE,DOWN,ACCUM,1,1,0.5501,0.5501,1,0.4002,3,0.5668,1,0.9669,0.0331,0.67,-1.1005,0.8995,0.0,99.62,SUCCESS
2025-12-20T23:00:57.272357+00:00,btc-updown-15m-1766271600,TRADE,DOWN,ACCUM,1,1,0.5402,0.5402,1,0.4002,4,0.5601,1,0.9603,0.0397,0.75,-1.6407,1.3593,0.0,99.08,SUCCESS
2025-12-20T23:01:02.663162+00:00,btc-updown-15m-1766271600,TRADE,DOWN,ACCUM,1,1,0.5103,0.5103,1,0.4002,5,0.5502,1,0.9503,0.0497,0.8,-2.1509,1.8491,0.0,98.57,SUCCESS
2025-12-20T23:01:08.045442+00:00,btc-updown-15m-1766271600,TRADE,DOWN,ACCUM,1,1,0.5002,0.5002,1,0.4002,6,0.5418,1,0.942,0.058,0.83,-2.6512,2.3488,0.0,98.07,SUCCESS
2025-12-20T23:01:18.835542+00:00,btc-updown-15m-1766271600,TRADE,DOWN,ACCUM,1,1,0.4901,0.4901,1,0.4002,7,0.5344,1,0.9346,0.0654,0.86,-3.1412,2.8588,0.0,97.58,SUCCESS
2025-12-20T23:02:02.435502+00:00,btc-updown-15m-1766271600,TRADE,UP,ACCUM,2,2,0.4501,0.9002,3,0.4334,7,0.5344,3,0.9679,0.0964,0.57,-2.0414,1.9586,0.0,96.68,SUCCESS
2025-12-20T23:02:07.821017+00:00,btc-updown-15m-1766271600,TRADE,UP,ACCUM,1,1,0.46,0.46,4,0.4401,7,0.5344,4,0.9745,0.1019,0.43,-1.5014,1.4986,0.0,96.22,SUCCESS
2025-12-20T23:02:13.211523+00:00,btc-updown-15m-1766271600,TRADE,UP,ACCUM,1,1,0.4701,0.4701,5,0.4461,7,0.5344,5,0.9805,0.0973,0.29,-0.9715,1.0285,0.0,95.75,SUCCESS
2025-12-20T23:02:13.212307+00:00,btc-updown-15m-1766271600,TRADE,DOWN,ACCUM,1,1,0.55,0.55,5,0.4461,8,0.5364,5,0.9825,0.0876,0.38,-1.5216,1.4784,0.0,95.2,SUCCESS
2025-12-20T23:02:18.615370+00:00,btc-updown-15m-1766271600,TRADE,UP,ACCUM,1,1,0.4601,0.4601,6,0.4484,8,0.5364,6,0.9848,0.0911,0.25,-0.9817,1.0183,0.0,94.74,SUCCESS
2025-12-20T23:02:18.615561+00:00,btc-updown-15m-1766271600,TRADE,DOWN,ACCUM,1,1,0.5501,0.5501,6,0.4484,9,0.5379,6,0.9863,0.082,0.33,-1.5318,1.4682,0.0,94.19,SUCCESS
2025-12-20T23:02:24.012231+00:00,btc-updown-15m-1766271600,TRADE,UP,ACCUM,1,1,0.4601,0.4601,7,0.4501,9,0.5379,7,0.988,0.084,0.22,-0.9919,1.0081,0.0,93.73,SUCCESS
2025-12-20T23:02:24.013090+00:00,btc-updown-15m-1766271600,TRADE,DOWN,ACCUM,1,1,0.5502,0.5502,7,0.4501,10,0.5391,7,0.9892,0.0753,0.3,-1.5421,1.4579,0.0,93.18,SUCCESS
2025-12-20T23:02:29.415659+00:00,btc-updown-15m-1766271600,TRADE,UP,ACCUM,1,1,0.4601,0.4601,8,0.4513,10,0.5391,8,0.9905,0.0761,0.2,-1.0022,0.9978,0.0,92.72,SUCCESS
2025-12-20T23:02:29.415977+00:00,btc-updown-15m-1766271600,TRADE,DOWN,ACCUM,1,1,0.5503,0.5503,8,0.4513,11,0.5402,8,0.9915,0.068,0.27,-1.5524,1.4476,0.0,92.17,SUCCESS
2025-12-20T23:02:34.783660+00:00,btc-updown-15m-1766271600,TRADE,DOWN,ACCUM,1,1,0.55,0.55,8,0.4513,12,0.541,8,0.9923,0.0615,0.33,-2.1024,1.8976,0.0,91.62,SUCCESS
2025-12-20T23:02:40.177067+00:00,btc-updown-15m-1766271600,TRADE,UP,ACCUM,1,1,0.4701,0.4701,9,0.4534,12,0.541,9,0.9944,0.0504,0.25,-1.5725,1.4275,0.0,91.15,SUCCESS
2025-12-20T23:02:40.177266+00:00,btc-updown-15m-1766271600,TRADE,DOWN,ACCUM,1,1,0.5401,0.5401,9,0.4534,13,0.5409,9,0.9943,0.051,0.31,-2.1126,1.8874,0.0,90.61,SUCCESS
2025-12-20T23:02:51.093400+00:00,btc-updown-15m-1766271600,TRADE,DOWN,ACCUM,1,1,0.5401,0.5401,9,0.4534,14,0.5409,9,0.9943,0.0515,0.36,-2.6528,2.3472,0.0,90.07,SUCCESS
2025-12-20T23:02:56.466099+00:00,btc-updown-15m-1766271600,TRADE,DOWN,ACCUM,1,1,0.5402,0.5402,9,0.4534,15,0.5408,9,0.9942,0.0519,0.4,-3.193,2.807,0.0,89.53,SUCCESS
2025-12-20T23:03:01.951921+00:00,btc-updown-15m-1766271600,TRADE,UP,ACCUM,2,2,0.4701,0.9402,11,0.4565,15,0.5408,11,0.9973,0.03,0.27,-2.1332,1.8668,0.0,88.59,SUCCESS
2025-12-20T23:04:49.964285+00:00,btc-updown-15m-1766271600,TRADE,UP,ACCUM,1,1,0.4002,0.4002,12,0.4518,15,0.5408,12,0.9926,0.089,0.2,-1.5334,1.4666,0.0,88.19,SUCCESS
2025-12-20T23:07:11.002757+00:00,btc-updown-15m-1766271600,TRADE,UP,ACCUM,1,1,0.46,0.46,13,0.4524,15,0.5408,13,0.9932,0.0882,0.13,-0.9935,1.0065,0.0,87.73,SUCCESS
2025-12-20T23:15:02.848747+00:00,btc-updown-15m-1766271600,RESOLUTION,DOWN,MARKET_END,28,28,1.0,13.9935,13,0.4524,15,0.5408,13,0.9932,0.0882,0.13,0.0,0.0,1.0068,102.73,RESOLVED
2025-12-20T23:15:10.520916+00:00,btc-updown-15m-1766272500,TRADE,DOWN,ACCUM,1,1,0.5201,0.5201,0,0.0,1,0.5201,0,0.0,0.0,1.0,-0.5201,0.4799,0.0,102.21,SUCCESS
2025-12-20T23:15:21.348714+00:00,btc-updown-15m-1766272500,TRADE,UP,ACCUM,1,1,0.4701,0.4701,1,0.4701,1,0.5201,1,0.9902,0.0098,0.0,0.0098,0.0098,0.0,101.74,SUCCESS
2025-12-20T23:15:21.348894+00:00,btc-updown-15m-1766272500,TRADE,DOWN,ACCUM,1,1,0.54,0.54,1,0.4701,2,0.5301,1,1.0002,-0.0002,0.5,-0.5303,0.4697,0.0,101.2,SUCCESS
2025-12-20T23:17:09.576970+00:00,btc-updown-15m-1766272500,TRADE,DOWN,ACCUM,1,1,0.5102,0.5102,1,0.4701,3,0.5234,1,0.9936,0.0064,0.67,-1.0405,0.9595,0.0,100.69,SUCCESS
2025-12-20T23:17:20.350300+00:00,btc-updown-15m-1766272500,TRADE,DOWN,ACCUM,1,1,0.5,0.5,1,0.4701,4,0.5176,1,0.9877,0.0123,0.75,-1.5405,1.4595,0.0,100.19,SUCCESS
2025-12-20T23:17:25.760771+00:00,btc-updown-15m-1766272500,TRADE,DOWN,ACCUM,1,1,0.5103,0.5103,1,0.4701,5,0.5161,1,0.9863,0.0137,0.8,-2.0508,1.9492,0.0,99.68,SUCCESS
2025-12-20T23:17:31.164140+00:00,btc-updown-15m-1766272500,TRADE,DOWN,ACCUM,1,1,0.5002,0.5002,1,0.4701,6,0.5135,1,0.9836,0.0164,0.83,-2.5509,2.4491,0.0,99.18,SUCCESS
2025-12-20T23:17:36.670419+00:00,btc-updown-15m-1766272500,TRADE,DOWN,ACCUM,1,1,0.5,0.5,1,0.4701,7,0.5115,1,0.9817,0.0183,0.86,-3.0509,2.9491,0.0,98.68,SUCCESS
2025-12-20T23:17:47.468947+00:00,btc-updown-15m-1766272500,TRADE,UP,ACCUM,2,2,0.5201,1.0401,3,0.5034,7,0.5115,3,1.015,-0.0449,0.57,-2.091,1.909,0.0,97.64,SUCCESS
2025-12-20T23:20:25.058505+00:00,btc-updown-15m-1766272500,TRADE,DOWN,ACCUM,1,1,0.29,0.29,3,0.5034,8,0.4838,3,0.9873,0.0382,0.62,-2.381,2.619,0.0,97.35,SUCCESS
2025-12-20T23:20:30.461309+00:00,btc-updown-15m-1766272500,TRADE,DOWN,ACCUM,1,1,0.28,0.28,3,0.5034,9,0.4612,3,0.9646,0.1061,0.67,-2.6611,3.3389,0.0,97.07,SUCCESS
2025-12-20T23:21:02.938282+00:00,btc-updown-15m-1766272500,TRADE,UP,ACCUM,2,2,0.6402,1.2805,5,0.5581,9,0.4612,5,1.0193,-0.0967,0.44,-1.9415,2.0585,0.0,95.79,SUCCESS
2025-12-20T23:21:29.855394+00:00,btc-updown-15m-1766272500,TRADE,UP,ACCUM,1,1,0.3501,0.3501,6,0.5235,9,0.4612,6,0.9847,0.092,0.33,-1.2916,1.7084,0.0,95.44,SUCCESS
2025-12-20T23:21:35.255388+00:00,btc-updown-15m-1766272500,TRADE,UP,ACCUM,1,1,0.2701,0.2701,7,0.4873,9,0.4612,7,0.9485,0.3606,0.22,-0.5618,1.4382,0.0,95.17,SUCCESS
2025-12-20T23:21:40.677057+00:00,btc-updown-15m-1766272500,TRADE,UP,ACCUM,1,1,0.1801,0.1801,8,0.4489,9,0.4612,8,0.9101,0.7194,0.11,0.2582,1.2582,0.0,94.99,SUCCESS
2025-12-20T23:21:40.677413+00:00,btc-updown-15m-1766272500,TRADE,DOWN,ACCUM,1,1,0.8297,0.8297,8,0.4489,10,0.4981,8,0.9469,0.4245,0.2,-0.5716,1.4284,0.0,94.16,SUCCESS
2025-12-20T23:21:46.086863+00:00,btc-updown-15m-1766272500,TRADE,UP,ACCUM,1,1,0.07,0.07,9,0.4068,10,0.4981,9,0.9048,0.8565,0.1,0.3584,1.3584,0.0,94.09,SUCCESS
2025-12-20T23:21:51.591850+00:00,btc-updown-15m-1766272500,TRADE,UP,ACCUM,1,1,0.1201,0.1201,10,0.3781,10,0.4981,10,0.8762,1.2384,0.0,1.2384,1.2384,0.0,93.97,SUCCESS
2025-12-20T23:21:51.592043+00:00,btc-updown-15m-1766272500,TRADE,DOWN,ACCUM,1,1,0.8901,0.8901,10,0.3781,11,0.5337,10,0.9118,0.8819,0.09,0.3482,1.3482,0.0,93.08,SUCCESS
2025-12-20T23:21:56.976822+00:00,btc-updown-15m-1766272500,TRADE,UP,ACCUM,1,1,0.13,0.13,11,0.3556,11,0.5337,11,0.8893,1.2182,0.0,1.2182,1.2182,0.0,92.95,SUCCESS
2025-12-20T23:21:56.977961+00:00,btc-updown-15m-1766272500,TRADE,DOWN,ACCUM,1,1,0.9001,0.9001,11,0.3556,12,0.5642,11,0.9198,0.8823,0.08,0.3181,1.3181,0.0,92.05,SUCCESS
2025-12-20T23:22:02.386680+00:00,btc-updown-15m-1766272500,TRADE,UP,ACCUM,1,1,0.12,0.12,12,0.3359,12,0.5642,12,0.9002,1.198,0.0,1.198,1.198,0.0,91.93,SUCCESS
2025-12-20T23:22:02.386863+00:00,btc-updown-15m-1766272500,TRADE,DOWN,ACCUM,1,1,0.8902,0.8902,12,0.3359,13,0.5893,12,0.9252,0.8971,0.08,0.3078,1.3078,0.0,91.04,SUCCESS
2025-12-20T23:22:07.769787+00:00,btc-updown-15m-1766272500,TRADE,DOWN,ACCUM,1,1,0.9003,0.9003,12,0.3359,14,0.6115,12,0.9475,0.6306,0.14,-0.5925,1.4075,0.0,90.14,SUCCESS
2025-12-20T23:22:13.167741+00:00,btc-updown-15m-1766272500,TRADE,UP,ACCUM,1,1,0.1,0.1,13,0.3178,14,0.6115,13,0.9293,0.919,0.07,0.3075,1.3075,0.0,90.04,SUCCESS
2025-12-20T23:22:13.168098+00:00,btc-updown-15m-1766272500,TRADE,DOWN,ACCUM,1,1,0.9104,0.9104,13,0.3178,15,0.6314,13,0.9492,0.66,0.13,-0.6029,1.3971,0.0,89.13,SUCCESS
2025-12-20T23:22:18.588210+00:00,btc-updown-15m-1766272500,TRADE,UP,ACCUM,1,1,0.11,0.11,14,0.3029,15,0.6314,14,0.9344,0.9185,0.07,0.2871,1.2871,0.0,89.02,SUCCESS
2025-12-20T23:22:23.980967+00:00,btc-updown-15m-1766272500,TRADE,UP,ACCUM,1,1,0.1,0.1,15,0.2894,15,0.6314,15,0.9209,1.187,0.0,1.187,1.187,0.0,88.92,SUCCESS
2025-12-20T23:30:00.035944+00:00,btc-updown-15m-1766272500,RESOLUTION,UP,MARKET_END,30,30,1.0,13.813,15,0.2894,15,0.6314,15,0.9209,1.187,0.0,0.0,0.0,1.188,103.92,RESOLVED
2025-12-20T23:30:07.336333+00:00,btc-updown-15m-1766273400,TRADE,UP,ACCUM,1,1,0.4901,0.4901,1,0.4901,0,0.0,0,0.0,0.0,1.0,-0.4901,0.5099,0.0,103.43,SUCCESS
2025-12-20T23:30:12.763471+00:00,btc-updown-15m-1766273400,TRADE,UP,ACCUM,1,1,0.5001,0.5001,2,0.4951,0,0.0,0,0.0,0.0,1.0,-0.9902,1.0098,0.0,102.93,SUCCESS
2025-12-20T23:30:12.763656+00:00,btc-updown-15m-1766273400,TRADE,DOWN,ACCUM,1,1,0.5102,0.5102,2,0.4951,1,0.5102,1,1.0053,-0.0053,0.5,-0.5005,0.4995,0.0,102.42,SUCCESS
2025-12-20T23:30:23.677949+00:00,btc-updown-15m-1766273400,TRADE,DOWN,ACCUM,1,1,0.4001,0.4001,2,0.4951,2,0.4552,2,0.9503,0.0995,0.0,0.0995,0.0995,0.0,102.02,SUCCESS
2025-12-20T23:30:29.075058+00:00,btc-updown-15m-1766273400,TRADE,UP,ACCUM,1,1,0.6102,0.6102,3,0.5335,2,0.4552,2,0.9886,0.0227,0.33,-0.5107,0.4893,0.0,101.41,SUCCESS
2025-12-20T23:30:29.075317+00:00,btc-updown-15m-1766273400,TRADE,DOWN,ACCUM,1,1,0.4102,0.4102,3,0.5335,3,0.4402,3,0.9736,0.0791,0.0,0.0791,0.0791,0.0,101.0,SUCCESS
2025-12-20T23:30:34.481524+00:00,btc-updown-15m-1766273400,TRADE,DOWN,ACCUM,1,1,0.3901,0.3901,3,0.5335,4,0.4277,3,0.9611,0.1166,0.25,-0.3111,0.6889,0.0,100.61,SUCCESS
2025-12-20T23:30:39.857572+00:00,btc-updown-15m-1766273400,TRADE,DOWN,ACCUM,1,1,0.4001,0.4001,3,0.5335,5,0.4221,3,0.9556,0.1331,0.4,-0.7112,1.2888,0.0,100.21,SUCCESS
2025-12-20T23:30:45.254309+00:00,btc-updown-15m-1766273400,TRADE,UP,ACCUM,1,1,0.6203,0.6203,4,0.5552,5,0.4221,4,0.9773,0.0907,0.2,-0.3315,0.6685,0.0,99.59,SUCCESS
2025-12-20T23:30:45.255455+00:00,btc-updown-15m-1766273400,TRADE,DOWN,ACCUM,1,1,0.39,0.39,4,0.5552,6,0.4168,4,0.972,0.1121,0.33,-0.7215,1.2785,0.0,99.2,SUCCESS
2025-12-20T23:30:50.670089+00:00,btc-updown-15m-1766273400,TRADE,DOWN,ACCUM,1,1,0.3901,0.3901,4,0.5552,7,0.413,4,0.9682,0.1274,0.43,-1.1115,1.8885,0.0,98.81,SUCCESS
2025-12-20T23:30:56.081215+00:00,btc-updown-15m-1766273400,TRADE,UP,ACCUM,1,1,0.6201,0.6201,5,0.5682,7,0.413,5,0.9811,0.0943,0.29,-0.7316,1.2684,0.0,98.19,SUCCESS
2025-12-20T23:30:56.082574+00:00,btc-updown-15m-1766273400,TRADE,DOWN,ACCUM,1,1,0.39,0.39,5,0.5682,8,0.4101,5,0.9783,0.1087,0.38,-1.1216,1.8784,0.0,97.8,SUCCESS
2025-12-20T23:31:01.607991+00:00,btc-updown-15m-1766273400,TRADE,DOWN,ACCUM,1,1,0.3898,0.3898,5,0.5682,9,0.4078,5,0.976,0.12,0.44,-1.5114,2.4886,0.0,97.41,SUCCESS
2025-12-20T23:31:07.106968+00:00,btc-updown-15m-1766273400,TRADE,UP,ACCUM,1,1,0.6203,0.6203,6,0.5768,9,0.4078,6,0.9847,0.0918,0.33,-1.1317,1.8683,0.0,96.79,SUCCESS
2025-12-20T23:31:07.107768+00:00,btc-updown-15m-1766273400,TRADE,DOWN,ACCUM,1,1,0.3901,0.3901,6,0.5768,10,0.4061,6,0.9829,0.1025,0.4,-1.5219,2.4781,0.0,96.4,SUCCESS
2025-12-20T23:31:12.491815+00:00,btc-updown-15m-1766273400,TRADE,UP,ACCUM,1,1,0.63,0.63,7,0.5844,10,0.4061,7,0.9905,0.0664,0.3,-1.1519,1.8481,0.0,95.77,SUCCESS
2025-12-20T23:31:12.492000+00:00,btc-updown-15m-1766273400,TRADE,DOWN,ACCUM,1,1,0.3801,0.3801,7,0.5844,11,0.4037,7,0.9882,0.0829,0.36,-1.532,2.468,0.0,95.39,SUCCESS
2025-12-20T23:31:17.895030+00:00,btc-updown-15m-1766273400,TRADE,DOWN,ACCUM,1,1,0.3801,0.3801,7,0.5844,12,0.4018,7,0.9862,0.0966,0.42,-1.9121,3.0879,0.0,95.01,SUCCESS
2025-12-20T23:31:23.418530+00:00,btc-updown-15m-1766273400,TRADE,UP,ACCUM,1,1,0.6202,0.6202,8,0.5889,12,0.4018,8,0.9907,0.0747,0.33,-1.5323,2.4677,0.0,94.39,SUCCESS
2025-12-20T23:31:23.418785+00:00,btc-updown-15m-1766273400,TRADE,DOWN,ACCUM,1,1,0.3901,0.3901,8,0.5889,13,0.4009,8,0.9898,0.0818,0.38,-1.9225,3.0775,0.0,94.0,SUCCESS
2025-12-20T23:31:28.824227+00:00,btc-updown-15m-1766273400,TRADE,DOWN,ACCUM,1,1,0.3801,0.3801,8,0.5889,14,0.3994,8,0.9883,0.0937,0.43,-2.3026,3.6974,0.0,93.62,SUCCESS
2025-12-20T23:31:34.318432+00:00,btc-updown-15m-1766273400,TRADE,UP,ACCUM,2,2,0.6301,1.2601,10,0.5971,14,0.3994,10,0.9965,0.0348,0.29,-1.5627,2.4373,0.0,92.35,SUCCESS
2025-12-20T23:32:01.645717+00:00,btc-updown-15m-1766273400,TRADE,DOWN,ACCUM,1,1,0.37,0.37,10,0.5971,15,0.3974,10,0.9946,0.0544,0.33,-1.9328,3.0672,0.0,91.98,SUCCESS
2025-12-20T23:32:07.052453+00:00,btc-updown-15m-1766273400,TRADE,UP,ACCUM,1,1,0.6002,0.6002,11,0.5974,15,0.3974,11,0.9948,0.0567,0.27,-1.533,2.467,0.0,91.38,SUCCESS
2025-12-20T23:32:12.466423+00:00,btc-updown-15m-1766273400,TRADE,UP,ACCUM,1,1,0.5901,0.5901,12,0.5968,15,0.3974,12,0.9942,0.0691,0.2,-1.1231,1.8769,0.0,90.79,SUCCESS
2025-12-20T23:32:17.974540+00:00,btc-updown-15m-1766273400,TRADE,UP,ACCUM,1,1,0.59,0.59,13,0.5963,15,0.3974,13,0.9937,0.0817,0.13,-0.7132,1.2868,0.0,90.2,SUCCESS
2025-12-20T23:32:23.392005+00:00,btc-updown-15m-1766273400,TRADE,UP,ACCUM,1,1,0.6001,0.6001,14,0.5966,15,0.3974,14,0.994,0.0841,0.07,-0.3133,0.6867,0.0,89.6,SUCCESS
2025-12-20T23:32:28.810011+00:00,btc-updown-15m-1766273400,TRADE,UP,ACCUM,1,1,0.5902,0.5902,15,0.5961,15,0.3974,15,0.9936,0.0965,0.0,0.0965,0.0965,0.0,89.01,SUCCESS
2025-12-20T23:45:03.097007+00:00,btc-updown-15m-1766273400,RESOLUTION,UP,MARKET_END,30,30,1.0,14.9035,15,0.5961,15,0.3974,15,0.9936,0.0965,0.0,0.0,0.0,0.0975,104.01,RESOLVED
2025-12-20T23:45:11.096214+00:00,btc-updown-15m-1766274300,TRADE,UP,ACCUM,1,1,0.4902,0.4902,1,0.4902,0,0.0,0,0.0,0.0,1.0,-0.4902,0.5098,0.0,103.52,SUCCESS
2025-12-20T23:45:16.739108+00:00,btc-updown-15m-1766274300,TRADE,UP,ACCUM,1,1,0.5001,0.5001,2,0.4951,0,0.0,0,0.0,0.0,1.0,-0.9903,1.0097,0.0,103.02,SUCCESS
2025-12-20T23:45:27.636190+00:00,btc-updown-15m-1766274300,TRADE,UP,ACCUM,1,1,0.5201,0.5201,3,0.5035,0,0.0,0,0.0,0.0,1.0,-1.5104,1.4896,0.0,102.5,SUCCESS
2025-12-20T23:45:33.447534+00:00,btc-updown-15m-1766274300,TRADE,UP,ACCUM,1,1,0.53,0.53,4,0.5101,0,0.0,0,0.0,0.0,1.0,-2.0405,1.9595,0.0,101.97,SUCCESS
2025-12-20T23:45:33.447842+00:00,btc-updown-15m-1766274300,TRADE,DOWN,ACCUM,1,1,0.4801,0.4801,4,0.5101,1,0.4801,1,0.9902,0.0098,0.75,-1.5205,1.4795,0.0,101.49,SUCCESS
2025-12-20T23:45:49.930778+00:00,btc-updown-15m-1766274300,TRADE,DOWN,ACCUM,1,1,0.4102,0.4102,4,0.5101,2,0.4451,2,0.9552,0.0895,0.5,-0.9307,1.0693,0.0,101.08,SUCCESS
2025-12-20T23:45:55.313422+00:00,btc-updown-15m-1766274300,TRADE,UP,ACCUM,1,1,0.6501,0.6501,5,0.5381,2,0.4451,2,0.9832,0.0335,0.6,-1.5808,1.4192,0.0,100.43,SUCCESS
2025-12-20T23:45:55.313625+00:00,btc-updown-15m-1766274300,TRADE,DOWN,ACCUM,1,1,0.36,0.36,5,0.5381,3,0.4168,3,0.9549,0.1354,0.4,-0.9408,1.0592,0.0,100.07,SUCCESS
2025-12-20T23:46:00.701072+00:00,btc-updown-15m-1766274300,TRADE,UP,ACCUM,1,1,0.6502,0.6502,6,0.5568,3,0.4168,3,0.9735,0.0794,0.5,-1.591,1.409,0.0,99.42,SUCCESS
2025-12-20T23:46:00.701700+00:00,btc-updown-15m-1766274300,TRADE,DOWN,ACCUM,1,1,0.3701,0.3701,6,0.5568,4,0.4051,4,0.9619,0.1525,0.33,-0.9611,1.0389,0.0,99.05,SUCCESS
2025-12-20T23:46:06.082412+00:00,btc-updown-15m-1766274300,TRADE,UP,ACCUM,1,1,0.6503,0.6503,7,0.5702,4,0.4051,4,0.9752,0.099,0.43,-1.6114,1.3886,0.0,98.4,SUCCESS
2025-12-20T23:46:11.470106+00:00,btc-updown-15m-1766274300,TRADE,DOWN,ACCUM,1,1,0.3801,0.3801,7,0.5702,5,0.4001,5,0.9703,0.1487,0.29,-0.9916,1.0084,0.0,98.02,SUCCESS
2025-12-20T23:46:16.861538+00:00,btc-updown-15m-1766274300,TRADE,UP,ACCUM,1,1,0.6303,0.6303,8,0.5777,5,0.4001,5,0.9778,0.1112,0.38,-1.6218,1.3782,0.0,97.39,SUCCESS
2025-12-20T23:46:16.861707+00:00,btc-updown-15m-1766274300,TRADE,DOWN,ACCUM,1,1,0.3799,0.3799,8,0.5777,6,0.3967,6,0.9744,0.1536,0.25,-1.0018,0.9982,0.0,97.01,SUCCESS
2025-12-20T23:46:22.267159+00:00,btc-updown-15m-1766274300,TRADE,UP,ACCUM,1,1,0.61,0.61,9,0.5813,6,0.3967,6,0.978,0.132,0.33,-1.6118,1.3882,0.0,96.4,SUCCESS
2025-12-20T23:46:22.268516+00:00,btc-updown-15m-1766274300,TRADE,DOWN,ACCUM,1,1,0.4001,0.4001,9,0.5813,7,0.3972,7,0.9785,0.1506,0.22,-1.0119,0.9881,0.0,96.0,SUCCESS
2025-12-20T23:46:27.682919+00:00,btc-updown-15m-1766274300,TRADE,UP,ACCUM,1,1,0.6001,0.6001,10,0.5831,7,0.3972,7,0.9804,0.1374,0.3,-1.612,1.388,0.0,95.4,SUCCESS
2025-12-20T23:46:27.683106+00:00,btc-updown-15m-1766274300,TRADE,DOWN,ACCUM,1,1,0.4102,0.4102,10,0.5831,8,0.3988,8,0.982,0.1441,0.2,-1.0222,0.9778,0.0,94.99,SUCCESS
2025-12-20T23:46:33.077798+00:00,btc-updown-15m-1766274300,TRADE,UP,ACCUM,1,1,0.5503,0.5503,11,0.5802,8,0.3988,8,0.979,0.168,0.27,-1.5724,1.4276,0.0,94.44,SUCCESS
2025-12-20T23:46:33.078212+00:00,btc-updown-15m-1766274300,TRADE,DOWN,ACCUM,1,1,0.46,0.46,11,0.5802,9,0.4056,9,0.9858,0.1278,0.18,-1.0325,0.9675,0.0,93.98,SUCCESS
2025-12-20T23:46:38.469584+00:00,btc-updown-15m-1766274300,TRADE,UP,ACCUM,1,1,0.5601,0.5601,12,0.5785,9,0.4056,9,0.9841,0.1429,0.25,-1.5926,1.4074,0.0,93.42,SUCCESS
2025-12-20T23:46:38.470428+00:00,btc-updown-15m-1766274300,TRADE,DOWN,ACCUM,1,1,0.4501,0.4501,12,0.5785,10,0.4101,10,0.9886,0.1143,0.17,-1.0427,0.9573,0.0,92.97,SUCCESS
2025-12-20T23:46:43.859142+00:00,btc-updown-15m-1766274300,TRADE,UP,ACCUM,1,1,0.5502,0.5502,13,0.5763,10,0.4101,10,0.9864,0.136,0.23,-1.5929,1.4071,0.0,92.42,SUCCESS
2025-12-20T23:46:43.859362+00:00,btc-updown-15m-1766274300,TRADE,DOWN,ACCUM,1,1,0.4601,0.4601,13,0.5763,11,0.4146,11,0.9909,0.0996,0.15,-1.053,0.947,0.0,91.96,SUCCESS
2025-12-20T23:46:49.418342+00:00,btc-updown-15m-1766274300,TRADE,UP,ACCUM,1,1,0.5602,0.5602,14,0.5752,11,0.4146,11,0.9898,0.1123,0.21,-1.6132,1.3868,0.0,91.4,SUCCESS
2025-12-20T23:46:49.418521+00:00,btc-updown-15m-1766274300,TRADE,DOWN,ACCUM,1,1,0.4501,0.4501,14,0.5752,12,0.4176,12,0.9927,0.087,0.14,-1.0633,0.9367,0.0,90.95,SUCCESS
2025-12-20T23:46:54.836972+00:00,btc-updown-15m-1766274300,TRADE,UP,ACCUM,1,1,0.5302,0.5302,15,0.5722,12,0.4176,12,0.9898,0.123,0.2,-1.5935,1.4065,0.0,90.42,SUCCESS
2025-12-20T23:47:11.200617+00:00,btc-updown-15m-1766274300,TRADE,DOWN,ACCUM,1,1,0.4802,0.4802,15,0.5722,13,0.4224,13,0.9946,0.0706,0.13,-1.0737,0.9263,0.0,89.94,SUCCESS
2025-12-20T23:49:05.631913+00:00,btc-updown-15m-1766274300,TRADE,DOWN,ACCUM,1,1,0.3801,0.3801,15,0.5722,14,0.4194,14,0.9916,0.1183,0.07,-0.4539,0.5461,0.0,89.56,SUCCESS
2025-12-20T23:49:11.044494+00:00,btc-updown-15m-1766274300,TRADE,DOWN,ACCUM,1,1,0.37,0.37,15,0.5722,15,0.4161,15,0.9883,0.1761,0.0,0.1761,0.1761,0.0,89.19,SUCCESS
2025-12-21T00:00:04.993011+00:00,btc-updown-15m-1766274300,RESOLUTION,DOWN,MARKET_END,30,30,1.0,14.8239,15,0.5722,15,0.4161,15,0.9883,0.1761,0.0,0.0,0.0,0.1755,104.19,RESOLVED
2025-12-21T00:00:12.142876+00:00,btc-updown-15m-1766275200,TRADE,UP,ACCUM,1,1,0.5001,0.5001,1,0.5001,0,0.0,0,0.0,0.0,1.0,-0.5001,0.4999,0.0,103.69,SUCCESS
2025-12-21T00:00:12.143071+00:00,btc-updown-15m-1766275200,TRADE,DOWN,ACCUM,1,1,0.5102,0.5102,1,0.5001,1,0.5102,1,1.0103,-0.0103,0.0,-0.0103,-0.0103,0.0,103.18,SUCCESS
2025-12-21T00:00:28.314561+00:00,btc-updown-15m-1766275200,TRADE,DOWN,ACCUM,1,1,0.3601,0.3601,1,0.5001,2,0.4351,1,0.9352,0.0648,0.5,-0.3704,0.6296,0.0,102.82,SUCCESS
2025-12-21T00:00:39.213161+00:00,btc-updown-15m-1766275200,TRADE,DOWN,ACCUM,1,1,0.36,0.36,1,0.5001,3,0.4101,1,0.9102,0.0898,0.67,-0.7304,1.2696,0.0,102.46,SUCCESS
2025-12-21T00:00:44.639621+00:00,btc-updown-15m-1766275200,TRADE,UP,ACCUM,1,1,0.5601,0.5601,2,0.5301,3,0.4101,2,0.9402,0.1196,0.33,-0.2904,0.7096,0.0,101.9,SUCCESS
2025-12-21T00:00:50.050300+00:00,btc-updown-15m-1766275200,TRADE,UP,ACCUM,1,1,0.6001,0.6001,3,0.5534,3,0.4101,3,0.9635,0.1094,0.0,0.1094,0.1094,0.0,101.3,SUCCESS
2025-12-21T00:00:55.460253+00:00,btc-updown-15m-1766275200,TRADE,DOWN,ACCUM,1,1,0.4101,0.4101,3,0.5534,4,0.4101,3,0.9635,0.1094,0.25,-0.3006,0.6994,0.0,100.89,SUCCESS
2025-12-21T00:01:00.874019+00:00,btc-updown-15m-1766275200,TRADE,DOWN,ACCUM,1,1,0.4201,0.4201,3,0.5534,5,0.4121,3,0.9655,0.1034,0.4,-0.7207,1.2793,0.0,100.47,SUCCESS
2025-12-21T00:01:06.286844+00:00,btc-updown-15m-1766275200,TRADE,UP,ACCUM,1,1,0.5901,0.5901,4,0.5626,5,0.4121,4,0.9747,0.1013,0.2,-0.3108,0.6892,0.0,99.88,SUCCESS
2025-12-21T00:01:06.287659+00:00,btc-updown-15m-1766275200,TRADE,DOWN,ACCUM,1,1,0.4301,0.4301,4,0.5626,6,0.4151,4,0.9777,0.0893,0.33,-0.7409,1.2591,0.0,99.45,SUCCESS
2025-12-21T00:01:11.695722+00:00,btc-updown-15m-1766275200,TRADE,UP,ACCUM,1,1,0.6001,0.6001,5,0.5701,6,0.4151,5,0.9852,0.074,0.17,-0.341,0.659,0.0,98.85,SUCCESS
2025-12-21T00:01:11.696093+00:00,btc-updown-15m-1766275200,TRADE,DOWN,ACCUM,1,1,0.43,0.43,5,0.5701,7,0.4172,5,0.9873,0.0634,0.29,-0.771,1.229,0.0,98.42,SUCCESS
2025-12-21T00:01:17.117396+00:00,btc-updown-15m-1766275200,TRADE,UP,ACCUM,1,1,0.6001,0.6001,6,0.5751,7,0.4172,6,0.9923,0.0461,0.14,-0.3711,0.6289,0.0,97.82,SUCCESS
2025-12-21T00:01:17.118240+00:00,btc-updown-15m-1766275200,TRADE,DOWN,ACCUM,1,1,0.4102,0.4102,6,0.5751,8,0.4163,6,0.9914,0.0514,0.25,-0.7813,1.2187,0.0,97.41,SUCCESS
2025-12-21T00:01:22.684364+00:00,btc-updown-15m-1766275200,TRADE,DOWN,ACCUM,1,1,0.42,0.42,6,0.5751,9,0.4167,6,0.9919,0.0489,0.33,-1.2013,1.7987,0.0,96.99,SUCCESS
2025-12-21T00:01:28.076194+00:00,btc-updown-15m-1766275200,TRADE,DOWN,ACCUM,1,1,0.4201,0.4201,6,0.5751,10,0.4171,6,0.9922,0.0469,0.4,-1.6215,2.3785,0.0,96.57,SUCCESS
2025-12-21T00:01:33.635235+00:00,btc-updown-15m-1766275200,TRADE,DOWN,ACCUM,1,1,0.4102,0.4102,6,0.5751,11,0.4165,6,0.9916,0.0506,0.45,-2.0317,2.9683,0.0,96.16,SUCCESS
2025-12-21T00:01:39.053593+00:00,btc-updown-15m-1766275200,TRADE,UP,ACCUM,1,1,0.5402,0.5402,7,0.5701,11,0.4165,7,0.9866,0.094,0.36,-1.5718,2.4282,0.0,95.62,SUCCESS
2025-12-21T00:01:44.513612+00:00,btc-updown-15m-1766275200,TRADE,UP,ACCUM,1,1,0.5402,0.5402,8,0.5664,11,0.4165,8,0.9828,0.1373,0.27,-1.1121,1.8879,0.0,95.08,SUCCESS
2025-12-21T00:01:49.905985+00:00,btc-updown-15m-1766275200,TRADE,UP,ACCUM,1,1,0.5402,0.5402,9,0.5635,11,0.4165,9,0.9799,0.1806,0.18,-0.6523,1.3477,0.0,94.54,SUCCESS
2025-12-21T00:01:49.906546+00:00,btc-updown-15m-1766275200,TRADE,DOWN,ACCUM,1,1,0.4801,0.4801,9,0.5635,12,0.4218,9,0.9852,0.1329,0.25,-1.1324,1.8676,0.0,94.06,SUCCESS
2025-12-21T00:01:55.312936+00:00,btc-updown-15m-1766275200,TRADE,UP,ACCUM,1,1,0.5402,0.5402,10,0.5611,12,0.4218,10,0.9829,0.171,0.17,-0.6726,1.3274,0.0,93.52,SUCCESS
2025-12-21T00:01:55.313107+00:00,btc-updown-15m-1766275200,TRADE,DOWN,ACCUM,1,1,0.48,0.48,10,0.5611,13,0.4262,10,0.9874,0.1261,0.23,-1.1526,1.8474,0.0,93.04,SUCCESS
2025-12-21T00:02:00.703805+00:00,btc-updown-15m-1766275200,TRADE,UP,ACCUM,1,1,0.5402,0.5402,11,0.5592,13,0.4262,11,0.9855,0.1597,0.15,-0.6928,1.3072,0.0,92.5,SUCCESS
2025-12-21T00:02:00.705507+00:00,btc-updown-15m-1766275200,TRADE,DOWN,ACCUM,1,1,0.4701,0.4701,11,0.5592,14,0.4294,11,0.9886,0.1253,0.21,-1.1628,1.8372,0.0,92.03,SUCCESS
2025-12-21T00:02:06.097713+00:00,btc-updown-15m-1766275200,TRADE,DOWN,ACCUM,1,1,0.4701,0.4701,11,0.5592,15,0.4321,11,0.9913,0.0955,0.27,-1.6329,2.3671,0.0,91.56,SUCCESS
2025-12-21T00:02:11.502507+00:00,btc-updown-15m-1766275200,TRADE,UP,ACCUM,1,1,0.55,0.55,12,0.5585,15,0.4321,12,0.9906,0.1134,0.2,-1.1829,1.8171,0.0,91.01,SUCCESS
2025-12-21T00:02:16.893087+00:00,btc-updown-15m-1766275200,TRADE,UP,ACCUM,1,1,0.5603,0.5603,13,0.5586,15,0.4321,13,0.9907,0.121,0.13,-0.7432,1.2568,0.0,90.45,SUCCESS
2025-12-21T00:02:22.290557+00:00,btc-updown-15m-1766275200,TRADE,UP,ACCUM,1,1,0.5601,0.5601,14,0.5587,15,0.4321,14,0.9908,0.1288,0.07,-0.3033,0.6967,0.0,89.89,SUCCESS
2025-12-21T00:02:27.704834+00:00,btc-updown-15m-1766275200,TRADE,UP,ACCUM,1,1,0.5701,0.5701,15,0.5595,15,0.4321,15,0.9916,0.1266,0.0,0.1266,0.1266,0.0,89.32,SUCCESS
2025-12-21T00:15:02.065571+00:00,btc-updown-15m-1766275200,RESOLUTION,UP,MARKET_END,30,30,1.0,14.8734,15,0.5595,15,0.4321,15,0.9916,0.1266,0.0,0.0,0.0,0.126,104.32,RESOLVED
2025-12-21T00:15:09.567670+00:00,btc-updown-15m-1766276100,TRADE,DOWN,ACCUM,1,1,0.5001,0.5001,0,0.0,1,0.5001,0,0.0,0.0,1.0,-0.5001,0.4999,0.0,103.82,SUCCESS
2025-12-21T00:15:14.960452+00:00,btc-updown-15m-1766276100,TRADE,UP,ACCUM,1,1,0.51,0.51,1,0.51,1,0.5001,1,1.0101,-0.0101,0.0,-0.0101,-0.0101,0.0,103.31,SUCCESS
2025-12-21T00:15:14.960625+00:00,btc-updown-15m-1766276100,TRADE,DOWN,ACCUM,1,1,0.5002,0.5002,1,0.51,2,0.5001,1,1.0102,-0.0102,0.5,-0.5103,0.4897,0.0,102.81,SUCCESS
2025-12-21T00:15:47.624584+00:00,btc-updown-15m-1766276100,TRADE,DOWN,ACCUM,1,1,0.39,0.39,1,0.51,3,0.4634,1,0.9735,0.0265,0.67,-0.9003,1.0997,0.0,102.42,SUCCESS
2025-12-21T00:15:53.015432+00:00,btc-updown-15m-1766276100,TRADE,DOWN,ACCUM,1,1,0.38,0.38,1,0.51,4,0.4426,1,0.9526,0.0474,0.75,-1.2803,1.7197,0.0,102.04,SUCCESS
2025-12-21T00:15:58.539544+00:00,btc-updown-15m-1766276100,TRADE,DOWN,ACCUM,1,1,0.3902,0.3902,1,0.51,5,0.4321,1,0.9421,0.0579,0.8,-1.6705,2.3295,0.0,101.65,SUCCESS
2025-12-21T00:16:03.928226+00:00,btc-updown-15m-1766276100,TRADE,DOWN,ACCUM,1,1,0.3698,0.3698,1,0.51,6,0.4217,1,0.9318,0.0682,0.83,-2.0403,2.9597,0.0,101.28,SUCCESS
2025-12-21T00:16:09.343883+00:00,btc-updown-15m-1766276100,TRADE,UP,ACCUM,1,1,0.6302,0.6302,2,0.5701,6,0.4217,2,0.9918,0.0163,0.67,-1.6706,2.3294,0.0,100.65,SUCCESS
2025-12-21T00:16:09.344077+00:00,btc-updown-15m-1766276100,TRADE,DOWN,ACCUM,1,1,0.3802,0.3802,2,0.5701,7,0.4158,2,0.9859,0.0282,0.71,-2.0507,2.9493,0.0,100.27,SUCCESS
2025-12-21T00:16:14.751222+00:00,btc-updown-15m-1766276100,TRADE,UP,ACCUM,1,1,0.59,0.59,3,0.5768,7,0.4158,3,0.9925,0.0224,0.57,-1.6407,2.3593,0.0,99.68,SUCCESS
2025-12-21T00:16:14.751426+00:00,btc-updown-15m-1766276100,TRADE,DOWN,ACCUM,1,1,0.4301,0.4301,3,0.5768,8,0.4176,3,0.9943,0.017,0.62,-2.0709,2.9291,0.0,99.25,SUCCESS
2025-12-21T00:16:25.549685+00:00,btc-updown-15m-1766276100,TRADE,DOWN,ACCUM,1,1,0.4202,0.4202,3,0.5768,9,0.4179,3,0.9946,0.0161,0.67,-2.491,3.509,0.0,98.83,SUCCESS
2025-12-21T00:16:30.934391+00:00,btc-updown-15m-1766276100,TRADE,UP,ACCUM,2,2,0.59,1.18,5,0.5821,9,0.4179,5,0.9999,0.0004,0.44,-1.671,2.329,0.0,97.65,SUCCESS
2025-12-21T00:17:03.527048+00:00,btc-updown-15m-1766276100,TRADE,UP,ACCUM,1,1,0.5301,0.5301,6,0.5734,9,0.4179,6,0.9913,0.0524,0.33,-1.2012,1.7988,0.0,97.12,SUCCESS
2025-12-21T00:17:08.918280+00:00,btc-updown-15m-1766276100,TRADE,UP,ACCUM,1,1,0.5701,0.5701,7,0.5729,9,0.4179,7,0.9908,0.0644,0.22,-0.7713,1.2287,0.0,96.55,SUCCESS
2025-12-21T00:17:08.918613+00:00,btc-updown-15m-1766276100,TRADE,DOWN,ACCUM,1,1,0.4402,0.4402,7,0.5729,10,0.4201,7,0.993,0.0488,0.3,-1.2115,1.7885,0.0,96.11,SUCCESS
2025-12-21T00:17:14.327089+00:00,btc-updown-15m-1766276100,TRADE,UP,ACCUM,1,1,0.5701,0.5701,8,0.5726,10,0.4201,8,0.9927,0.0586,0.2,-0.7816,1.2184,0.0,95.54,SUCCESS
2025-12-21T00:17:19.715783+00:00,btc-updown-15m-1766276100,TRADE,DOWN,ACCUM,1,1,0.4402,0.4402,8,0.5726,11,0.4219,8,0.9945,0.044,0.27,-1.2218,1.7782,0.0,95.1,SUCCESS
2025-12-21T00:17:52.137972+00:00,btc-updown-15m-1766276100,TRADE,DOWN,ACCUM,1,1,0.4201,0.4201,8,0.5726,12,0.4218,8,0.9943,0.0452,0.33,-1.6418,2.3582,0.0,94.68,SUCCESS
2025-12-21T00:17:57.705602+00:00,btc-updown-15m-1766276100,TRADE,DOWN,ACCUM,1,1,0.4202,0.4202,8,0.5726,13,0.4216,8,0.9942,0.0462,0.38,-2.062,2.938,0.0,94.25,SUCCESS
2025-12-21T00:18:03.219031+00:00,btc-updown-15m-1766276100,TRADE,DOWN,ACCUM,1,1,0.4298,0.4298,8,0.5726,14,0.4222,8,0.9948,0.0415,0.43,-2.4918,3.5082,0.0,93.83,SUCCESS
2025-12-21T00:18:08.613724+00:00,btc-updown-15m-1766276100,TRADE,UP,ACCUM,2,2,0.5803,1.1605,10,0.5741,14,0.4222,10,0.9963,0.0365,0.29,-1.6523,2.3477,0.0,92.66,SUCCESS
2025-12-21T00:19:18.869763+00:00,btc-updown-15m-1766276100,TRADE,DOWN,ACCUM,1,1,0.3101,0.3101,10,0.5741,15,0.4147,10,0.9889,0.1113,0.33,-1.9625,3.0375,0.0,92.35,SUCCESS
2025-12-21T00:30:00.081136+00:00,btc-updown-15m-1766276100,RESOLUTION,DOWN,MARKET_END,25,25,1.0,11.9625,10,0.5741,15,0.4147,10,0.9889,0.1113,0.33,0.0,0.0,3.0375,107.35,RESOLVED
2025-12-21T00:30:13.029530+00:00,btc-updown-15m-1766277000,TRADE,UP,ACCUM,1,1,0.4999,0.4999,1,0.4999,0,0.0,0,0.0,0.0,1.0,-0.4999,0.5001,0.0,106.85,SUCCESS
2025-12-21T00:30:13.030139+00:00,btc-updown-15m-1766277000,TRADE,DOWN,ACCUM,1,1,0.51,0.51,1,0.4999,1,0.51,1,1.0099,-0.0099,0.0,-0.0099,-0.0099,0.0,106.34,SUCCESS
2025-12-21T00:30:18.412844+00:00,btc-updown-15m-1766277000,TRADE,UP,ACCUM,1,1,0.4702,0.4702,2,0.485,1,0.51,1,0.995,0.005,0.5,-0.4801,0.5199,0.0,105.87,SUCCESS
2025-12-21T00:30:23.802289+00:00,btc-updown-15m-1766277000,TRADE,DOWN,ACCUM,1,1,0.4902,0.4902,2,0.485,2,0.5001,2,0.9851,0.0297,0.0,0.0297,0.0297,0.0,105.38,SUCCESS
2025-12-21T00:30:29.179467+00:00,btc-updown-15m-1766277000,TRADE,DOWN,ACCUM,1,1,0.47,0.47,2,0.485,3,0.4901,2,0.9751,0.0498,0.33,-0.4403,0.5597,0.0,104.91,SUCCESS
2025-12-21T00:30:34.621462+00:00,btc-updown-15m-1766277000,TRADE,DOWN,ACCUM,1,1,0.4801,0.4801,2,0.485,4,0.4876,2,0.9726,0.0548,0.5,-0.9204,1.0796,0.0,104.43,SUCCESS
2025-12-21T00:30:40.136530+00:00,btc-updown-15m-1766277000,TRADE,DOWN,ACCUM,1,1,0.4301,0.4301,2,0.485,5,0.4761,2,0.9611,0.0777,0.6,-1.3505,1.6495,0.0,104.0,SUCCESS
2025-12-21T00:30:45.584466+00:00,btc-updown-15m-1766277000,TRADE,DOWN,ACCUM,1,1,0.4401,0.4401,2,0.485,6,0.4701,2,0.9551,0.0897,0.67,-1.7906,2.2094,0.0,103.56,SUCCESS
2025-12-21T00:30:51.015707+00:00,btc-updown-15m-1766277000,TRADE,UP,ACCUM,1,1,0.57,0.57,3,0.5134,6,0.4701,3,0.9835,0.0496,0.5,-1.3607,1.6393,0.0,102.99,SUCCESS
2025-12-21T00:30:51.016113+00:00,btc-updown-15m-1766277000,TRADE,DOWN,ACCUM,1,1,0.4402,0.4402,3,0.5134,7,0.4658,3,0.9792,0.0624,0.57,-1.8008,2.1992,0.0,102.55,SUCCESS
2025-12-21T00:30:56.428410+00:00,btc-updown-15m-1766277000,TRADE,UP,ACCUM,1,1,0.5703,0.5703,4,0.5276,7,0.4658,4,0.9934,0.0264,0.43,-1.3711,1.6289,0.0,101.98,SUCCESS
2025-12-21T00:30:56.428587+00:00,btc-updown-15m-1766277000,TRADE,DOWN,ACCUM,1,1,0.4402,0.4402,4,0.5276,8,0.4626,4,0.9902,0.0392,0.5,-1.8113,2.1887,0.0,101.54,SUCCESS
2025-12-21T00:31:01.845718+00:00,btc-updown-15m-1766277000,TRADE,DOWN,ACCUM,1,1,0.44,0.44,4,0.5276,9,0.4601,4,0.9877,0.0492,0.56,-2.2513,2.7487,0.0,101.1,SUCCESS
2025-12-21T00:31:07.262816+00:00,btc-updown-15m-1766277000,TRADE,UP,ACCUM,1,1,0.56,0.56,5,0.5341,9,0.4601,5,0.9942,0.0291,0.44,-1.8113,2.1887,0.0,100.54,SUCCESS
2025-12-21T00:31:07.263150+00:00,btc-updown-15m-1766277000,TRADE,DOWN,ACCUM,1,1,0.4501,0.4501,5,0.5341,10,0.4591,5,0.9932,0.0341,0.5,-2.2614,2.7386,0.0,100.09,SUCCESS
2025-12-21T00:31:12.667990+00:00,btc-updown-15m-1766277000,TRADE,DOWN,ACCUM,1,1,0.4602,0.4602,5,0.5341,11,0.4592,5,0.9933,0.0336,0.55,-2.7217,3.2783,0.0,99.63,SUCCESS
2025-12-21T00:31:18.469456+00:00,btc-updown-15m-1766277000,TRADE,UP,ACCUM,2,2,0.5801,1.1601,7,0.5472,11,0.4592,7,1.0064,-0.045,0.36,-1.8818,2.1182,0.0,98.47,SUCCESS
2025-12-21T00:32:07.448984+00:00,btc-updown-15m-1766277000,TRADE,UP,ACCUM,1,1,0.3301,0.3301,8,0.5201,11,0.4592,8,0.9793,0.1658,0.27,-1.2118,1.7882,0.0,98.14,SUCCESS
2025-12-21T00:32:12.866809+00:00,btc-updown-15m-1766277000,TRADE,UP,ACCUM,1,1,0.3601,0.3601,9,0.5023,11,0.4592,9,0.9615,0.3464,0.18,-0.572,1.428,0.0,97.78,SUCCESS
2025-12-21T00:32:18.254949+00:00,btc-updown-15m-1766277000,TRADE,UP,ACCUM,1,1,0.3401,0.3401,10,0.4861,11,0.4592,10,0.9453,0.5471,0.09,0.0879,1.0879,0.0,97.44,SUCCESS
2025-12-21T00:32:18.256663+00:00,btc-updown-15m-1766277000,TRADE,DOWN,ACCUM,1,1,0.6803,0.6803,10,0.4861,12,0.4776,10,0.9637,0.3629,0.17,-0.5924,1.4076,0.0,96.76,SUCCESS
2025-12-21T00:32:23.757321+00:00,btc-updown-15m-1766277000,TRADE,UP,ACCUM,1,1,0.34,0.34,11,0.4728,12,0.4776,11,0.9504,0.5452,0.08,0.0675,1.0675,0.0,96.42,SUCCESS
2025-12-21T00:32:23.757529+00:00,btc-updown-15m-1766277000,TRADE,DOWN,ACCUM,1,1,0.6702,0.6702,11,0.4728,13,0.4924,11,0.9653,0.3822,0.15,-0.6026,1.3974,0.0,95.75,SUCCESS
2025-12-21T00:32:29.334171+00:00,btc-updown-15m-1766277000,TRADE,UP,ACCUM,1,1,0.3101,0.3101,12,0.4592,13,0.4924,12,0.9517,0.5797,0.08,0.0873,1.0873,0.0,95.44,SUCCESS
2025-12-21T00:32:34.731955+00:00,btc-updown-15m-1766277000,TRADE,DOWN,ACCUM,1,1,0.7303,0.7303,12,0.4592,14,0.5094,12,0.9687,0.3759,0.14,-0.643,1.357,0.0,94.71,SUCCESS
2025-12-21T00:32:40.220564+00:00,btc-updown-15m-1766277000,TRADE,UP,ACCUM,1,1,0.2801,0.2801,13,0.4455,14,0.5094,13,0.9549,0.5863,0.07,0.0769,1.0769,0.0,94.43,SUCCESS
2025-12-21T00:32:45.729331+00:00,btc-updown-15m-1766277000,TRADE,UP,ACCUM,1,1,0.2701,0.2701,14,0.4329,14,0.5094,14,0.9424,0.8068,0.0,0.8068,0.8068,0.0,94.16,SUCCESS
2025-12-21T00:32:45.729511+00:00,btc-updown-15m-1766277000,TRADE,DOWN,ACCUM,1,1,0.7501,0.7501,14,0.4329,15,0.5255,14,0.9584,0.5822,0.07,0.0567,1.0567,0.0,93.41,SUCCESS
2025-12-21T00:33:01.932747+00:00,btc-updown-15m-1766277000,TRADE,UP,ACCUM,1,1,0.2801,0.2801,15,0.4228,15,0.5255,15,0.9482,0.7766,0.0,0.7766,0.7766,0.0,93.13,SUCCESS
2025-12-21T00:45:00.710631+00:00,btc-updown-15m-1766277000,RESOLUTION,UP,MARKET_END,30,30,1.0,14.2234,15,0.4228,15,0.5255,15,0.9482,0.7766,0.0,0.0,0.0,0.7755,108.13,RESOLVED
2025-12-21T00:45:13.793166+00:00,btc-updown-15m-1766277900,TRADE,UP,ACCUM,1,1,0.5301,0.5301,1,0.5301,0,0.0,0,0.0,0.0,1.0,-0.5301,0.4699,0.0,107.6,SUCCESS
2025-12-21T00:45:13.794322+00:00,btc-updown-15m-1766277900,TRADE,DOWN,ACCUM,1,1,0.4702,0.4702,1,0.5301,1,0.4702,1,1.0003,-0.0003,0.0,-0.0003,-0.0003,0.0,107.13,SUCCESS
2025-12-21T00:46:02.709625+00:00,btc-updown-15m-1766277900,TRADE,UP,ACCUM,1,1,0.5101,0.5101,2,0.5201,1,0.4702,1,0.9903,0.0097,0.5,-0.5104,0.4896,0.0,106.62,SUCCESS
2025-12-21T00:46:08.095661+00:00,btc-updown-15m-1766277900,TRADE,UP,ACCUM,1,1,0.4802,0.4802,3,0.5068,1,0.4702,1,0.977,0.023,0.67,-0.9906,1.0094,0.0,106.14,SUCCESS
2025-12-21T00:46:13.468998+00:00,btc-updown-15m-1766277900,TRADE,UP,ACCUM,1,1,0.4901,0.4901,4,0.5026,1,0.4702,1,0.9728,0.0272,0.75,-1.4807,1.5193,0.0,105.65,SUCCESS
2025-12-21T00:46:18.936676+00:00,btc-updown-15m-1766277900,TRADE,UP,ACCUM,1,1,0.5101,0.5101,5,0.5041,1,0.4702,1,0.9743,0.0257,0.8,-1.9908,2.0092,0.0,105.14,SUCCESS
2025-12-21T00:46:18.936904+00:00,btc-updown-15m-1766277900,TRADE,DOWN,ACCUM,1,1,0.5002,0.5002,5,0.5041,2,0.4852,2,0.9893,0.0214,0.6,-1.4909,1.5091,0.0,104.64,SUCCESS
2025-12-21T00:46:24.334372+00:00,btc-updown-15m-1766277900,TRADE,UP,ACCUM,1,1,0.5101,0.5101,6,0.5051,2,0.4852,2,0.9903,0.0194,0.67,-2.0011,1.9989,0.0,104.13,SUCCESS
2025-12-21T00:46:24.334745+00:00,btc-updown-15m-1766277900,TRADE,DOWN,ACCUM,1,1,0.5002,0.5002,6,0.5051,3,0.4902,3,0.9953,0.0141,0.5,-1.5012,1.4988,0.0,103.63,SUCCESS
2025-12-21T00:46:40.529079+00:00,btc-updown-15m-1766277900,TRADE,UP,ACCUM,1,1,0.49,0.49,7,0.503,3,0.4902,3,0.9931,0.0206,0.57,-1.9912,2.0088,0.0,103.14,SUCCESS
2025-12-21T00:46:45.939402+00:00,btc-updown-15m-1766277900,TRADE,UP,ACCUM,1,1,0.48,0.48,8,0.5001,3,0.4902,3,0.9903,0.0292,0.62,-2.4713,2.5287,0.0,102.66,SUCCESS
2025-12-21T00:46:51.444484+00:00,btc-updown-15m-1766277900,TRADE,UP,ACCUM,1,1,0.4801,0.4801,9,0.4979,3,0.4902,3,0.988,0.0359,0.67,-2.9513,3.0487,0.0,102.18,SUCCESS
2025-12-21T00:46:56.842299+00:00,btc-updown-15m-1766277900,TRADE,DOWN,ACCUM,2,2,0.5502,1.1003,9,0.4979,5,0.5142,5,1.012,-0.0602,0.44,-2.0517,1.9483,0.0,101.08,SUCCESS
2025-12-21T00:51:55.221398+00:00,btc-updown-15m-1766277900,TRADE,DOWN,ACCUM,1,1,0.4001,0.4001,9,0.4979,6,0.4952,6,0.993,0.0419,0.33,-1.4517,1.5483,0.0,100.68,SUCCESS
2025-12-21T00:52:06.002712+00:00,btc-updown-15m-1766277900,TRADE,DOWN,ACCUM,1,1,0.4301,0.4301,9,0.4979,7,0.4859,7,0.9837,0.1139,0.22,-0.8818,1.1182,0.0,100.25,SUCCESS
2025-12-21T00:52:11.416039+00:00,btc-updown-15m-1766277900,TRADE,UP,ACCUM,1,1,0.6002,0.6002,10,0.5081,7,0.4859,7,0.994,0.0423,0.3,-1.482,1.518,0.0,99.65,SUCCESS
2025-12-21T00:52:11.416495+00:00,btc-updown-15m-1766277900,TRADE,DOWN,ACCUM,1,1,0.4201,0.4201,10,0.5081,8,0.4776,8,0.9857,0.1141,0.2,-0.9021,1.0979,0.0,99.23,SUCCESS
2025-12-21T00:52:16.872688+00:00,btc-updown-15m-1766277900,TRADE,UP,ACCUM,1,1,0.5901,0.5901,11,0.5156,8,0.4776,8,0.9932,0.0545,0.27,-1.4922,1.5078,0.0,98.64,SUCCESS
2025-12-21T00:52:16.872857+00:00,btc-updown-15m-1766277900,TRADE,DOWN,ACCUM,1,1,0.4201,0.4201,11,0.5156,9,0.4712,9,0.9868,0.1188,0.18,-0.9123,1.0877,0.0,98.22,SUCCESS
2025-12-21T00:52:22.268500+00:00,btc-updown-15m-1766277900,TRADE,UP,ACCUM,1,1,0.59,0.59,12,0.5218,9,0.4712,9,0.993,0.0629,0.25,-1.5024,1.4976,0.0,97.63,SUCCESS
2025-12-21T00:52:22.268885+00:00,btc-updown-15m-1766277900,TRADE,DOWN,ACCUM,1,1,0.4302,0.4302,12,0.5218,10,0.4671,10,0.9889,0.111,0.17,-0.9326,1.0674,0.0,97.2,SUCCESS
2025-12-21T00:52:27.705960+00:00,btc-updown-15m-1766277900,TRADE,UP,ACCUM,1,1,0.6002,0.6002,13,0.5278,10,0.4671,10,0.9949,0.0506,0.23,-1.5327,1.4673,0.0,96.6,SUCCESS
2025-12-21T00:52:33.112101+00:00,btc-updown-15m-1766277900,TRADE,DOWN,ACCUM,1,1,0.4299,0.4299,13,0.5278,11,0.4638,11,0.9915,0.093,0.15,-0.9626,1.0374,0.0,96.17,SUCCESS
2025-12-21T00:52:38.640500+00:00,btc-updown-15m-1766277900,TRADE,DOWN,ACCUM,1,1,0.42,0.42,13,0.5278,12,0.4601,12,0.9879,0.1451,0.08,-0.3826,0.6174,0.0,95.75,SUCCESS
2025-12-21T00:52:44.051368+00:00,btc-updown-15m-1766277900,TRADE,DOWN,ACCUM,1,1,0.4298,0.4298,13,0.5278,13,0.4578,13,0.9856,0.1875,0.0,0.1875,0.1875,0.0,95.32,SUCCESS
2025-12-21T00:52:49.623701+00:00,btc-updown-15m-1766277900,TRADE,UP,ACCUM,1,1,0.6102,0.6102,14,0.5337,13,0.4578,13,0.9915,0.111,0.07,-0.4226,0.5774,0.0,94.71,SUCCESS
2025-12-21T00:52:49.624551+00:00,btc-updown-15m-1766277900,TRADE,DOWN,ACCUM,1,1,0.4201,0.4201,14,0.5337,14,0.4551,14,0.9888,0.1573,0.0,0.1573,0.1573,0.0,94.29,SUCCESS
2025-12-21T00:52:55.043290+00:00,btc-updown-15m-1766277900,TRADE,UP,ACCUM,1,1,0.6,0.6,15,0.5381,14,0.4551,14,0.9932,0.0954,0.07,-0.4427,0.5573,0.0,93.69,SUCCESS
2025-12-21T00:52:55.044219+00:00,btc-updown-15m-1766277900,TRADE,DOWN,ACCUM,1,1,0.4201,0.4201,15,0.5381,15,0.4528,15,0.9909,0.1371,0.0,0.1371,0.1371,0.0,93.27,SUCCESS
2025-12-21T01:00:02.393669+00:00,btc-updown-15m-1766277900,RESOLUTION,DOWN,MARKET_END,30,30,1.0,14.8629,15,0.5381,15,0.4528,15,0.9909,0.1371,0.0,0.0,0.0,0.1365,108.27,RESOLVED
2025-12-21T01:00:09.497175+00:00,btc-updown-15m-1766278800,TRADE,UP,ACCUM,1,1,0.3401,0.3401,1,0.3401,0,0.0,0,0.0,0.0,1.0,-0.3401,0.6599,0.0,107.93,SUCCESS
2025-12-21T01:00:14.890678+00:00,btc-updown-15m-1766278800,TRADE,UP,ACCUM,1,1,0.34,0.34,2,0.3401,0,0.0,0,0.0,0.0,1.0,-0.6801,1.3199,0.0,107.59,SUCCESS
2025-12-21T01:00:14.890906+00:00,btc-updown-15m-1766278800,TRADE,DOWN,ACCUM,1,1,0.6702,0.6702,2,0.3401,1,0.6702,1,1.0102,-0.0102,0.5,-0.3503,0.6497,0.0,106.92,SUCCESS
2025-12-21T01:01:20.488570+00:00,btc-updown-15m-1766278800,TRADE,UP,ACCUM,1,1,0.2801,0.2801,3,0.3201,1,0.6702,1,0.9902,0.0098,0.67,-0.6304,1.3696,0.0,106.64,SUCCESS
2025-12-21T01:01:31.312780+00:00,btc-updown-15m-1766278800,TRADE,UP,ACCUM,1,1,0.2101,0.2101,4,0.2926,1,0.6702,1,0.9627,0.0373,0.75,-0.8405,2.1595,0.0,106.43,SUCCESS
2025-12-21T01:01:42.327015+00:00,btc-updown-15m-1766278800,TRADE,UP,ACCUM,1,1,0.21,0.21,5,0.2761,1,0.6702,1,0.9462,0.0538,0.8,-1.0505,2.9495,0.0,106.22,SUCCESS
2025-12-21T01:01:47.818265+00:00,btc-updown-15m-1766278800,TRADE,UP,ACCUM,1,1,0.2301,0.2301,6,0.2684,1,0.6702,1,0.9386,0.0614,0.83,-1.2806,3.7194,0.0,105.99,SUCCESS
2025-12-21T01:01:53.275414+00:00,btc-updown-15m-1766278800,TRADE,UP,ACCUM,1,1,0.2301,0.2301,7,0.2629,1,0.6702,1,0.9331,0.0669,0.86,-1.5106,4.4894,0.0,105.76,SUCCESS
2025-12-21T01:01:58.710221+00:00,btc-updown-15m-1766278800,TRADE,DOWN,ACCUM,2,1,0.7902,0.7902,7,0.2629,2,0.7302,2,0.9931,0.0138,0.71,-1.3008,3.6992,0.0,104.97,SUCCESS
2025-12-21T01:02:04.156929+00:00,btc-updown-15m-1766278800,TRADE,UP,ACCUM,1,1,0.23,0.23,8,0.2588,2,0.7302,2,0.989,0.022,0.75,-1.5309,4.4691,0.0,104.74,SUCCESS
2025-12-21T01:02:14.935279+00:00,btc-updown-15m-1766278800,TRADE,DOWN,ACCUM,2,2,0.7802,1.5604,8,0.2588,4,0.7552,4,1.014,-0.056,0.5,-1.0912,2.9088,0.0,103.18,SUCCESS
2025-12-21T01:07:35.672311+00:00,btc-updown-15m-1766278800,TRADE,UP,ACCUM,1,1,0.08,0.08,9,0.2389,4,0.7552,4,0.9941,0.0235,0.56,-1.1712,3.8288,0.0,103.1,SUCCESS
2025-12-21T01:07:41.088172+00:00,btc-updown-15m-1766278800,TRADE,UP,ACCUM,1,1,0.08,0.08,10,0.2231,4,0.7552,4,0.9782,0.0871,0.6,-1.2513,4.7487,0.0,103.02,SUCCESS
2025-12-21T01:08:46.774084+00:00,btc-updown-15m-1766278800,TRADE,DOWN,ACCUM,2,2,0.8803,1.7606,10,0.2231,6,0.7969,6,1.0199,-0.1197,0.4,-1.0119,2.9881,0.0,101.26,SUCCESS
2025-12-21T01:15:01.246848+00:00,btc-updown-15m-1766278800,RESOLUTION,DOWN,MARKET_END,16,16,1.0,7.0119,10,0.2231,6,0.7969,6,1.0199,-0.1197,0.4,0.0,0.0,-1.0124,107.26,RESOLVED
2025-12-21T01:15:08.610446+00:00,btc-updown-15m-1766279700,TRADE,UP,ACCUM,1,1,0.5701,0.5701,1,0.5701,0,0.0,0,0.0,0.0,1.0,-0.5701,0.4299,0.0,106.69,SUCCESS
2025-12-21T01:15:08.610704+00:00,btc-updown-15m-1766279700,TRADE,DOWN,ACCUM,1,1,0.44,0.44,1,0.5701,1,0.44,1,1.0101,-0.0101,0.0,-0.0101,-0.0101,0.0,106.25,SUCCESS
2025-12-21T01:15:24.836898+00:00,btc-updown-15m-1766279700,TRADE,DOWN,ACCUM,1,1,0.4001,0.4001,1,0.5701,2,0.4201,1,0.9901,0.0099,0.5,-0.4102,0.5898,0.0,105.85,SUCCESS
2025-12-21T01:15:30.281556+00:00,btc-updown-15m-1766279700,TRADE,DOWN,ACCUM,1,1,0.4199,0.4199,1,0.5701,3,0.42,1,0.9901,0.0099,0.67,-0.8301,1.1699,0.0,105.43,SUCCESS
2025-12-21T01:15:41.089892+00:00,btc-updown-15m-1766279700,TRADE,DOWN,ACCUM,1,1,0.4202,0.4202,1,0.5701,4,0.4201,1,0.9901,0.0099,0.75,-1.2503,1.7497,0.0,105.01,SUCCESS
2025-12-21T01:15:46.578824+00:00,btc-updown-15m-1766279700,TRADE,DOWN,ACCUM,1,1,0.42,0.42,1,0.5701,5,0.4201,1,0.9901,0.0099,0.8,-1.6703,2.3297,0.0,104.59,SUCCESS
2025-12-21T01:15:51.974077+00:00,btc-updown-15m-1766279700,TRADE,DOWN,ACCUM,1,1,0.41,0.41,1,0.5701,6,0.4184,1,0.9885,0.0115,0.83,-2.0803,2.9197,0.0,104.18,SUCCESS
2025-12-21T01:16:02.914361+00:00,btc-updown-15m-1766279700,TRADE,DOWN,ACCUM,1,1,0.4101,0.4101,1,0.5701,7,0.4172,1,0.9873,0.0127,0.86,-2.4904,3.5096,0.0,103.77,SUCCESS
2025-12-21T01:16:08.318171+00:00,btc-updown-15m-1766279700,TRADE,UP,ACCUM,2,2,0.6002,1.2005,3,0.5902,7,0.4172,3,1.0074,-0.0221,0.57,-1.6909,2.3091,0.0,102.57,SUCCESS
2025-12-21T01:20:01.563466+00:00,btc-updown-15m-1766279700,TRADE,DOWN,ACCUM,1,1,0.31,0.31,3,0.5902,8,0.4038,3,0.994,0.0181,0.62,-2.0009,2.9991,0.0,102.26,SUCCESS
2025-12-21T01:20:06.986261+00:00,btc-updown-15m-1766279700,TRADE,DOWN,ACCUM,1,1,0.3,0.3,3,0.5902,9,0.3923,3,0.9825,0.0526,0.67,-2.3009,3.6991,0.0,101.96,SUCCESS
2025-12-21T01:20:28.652537+00:00,btc-updown-15m-1766279700,TRADE,UP,ACCUM,2,2,0.5702,1.1404,5,0.5822,9,0.3923,5,0.9745,0.1277,0.44,-1.4413,2.5587,0.0,100.81,SUCCESS
2025-12-21T01:20:34.053841+00:00,btc-updown-15m-1766279700,TRADE,UP,ACCUM,1,1,0.5903,0.5903,6,0.5835,9,0.3923,6,0.9758,0.1452,0.33,-1.0316,1.9684,0.0,100.22,SUCCESS
2025-12-21T01:20:34.053993+00:00,btc-updown-15m-1766279700,TRADE,DOWN,ACCUM,1,1,0.4202,0.4202,6,0.5835,10,0.3951,6,0.9786,0.1284,0.4,-1.4518,2.5482,0.0,99.8,SUCCESS
2025-12-21T01:20:39.563340+00:00,btc-updown-15m-1766279700,TRADE,UP,ACCUM,1,1,0.6101,0.6101,7,0.5873,10,0.3951,7,0.9824,0.1233,0.3,-1.0619,1.9381,0.0,99.19,SUCCESS
2025-12-21T01:20:39.563509+00:00,btc-updown-15m-1766279700,TRADE,DOWN,ACCUM,1,1,0.4102,0.4102,7,0.5873,11,0.3964,7,0.9838,0.1137,0.36,-1.4721,2.5279,0.0,98.78,SUCCESS
2025-12-21T01:20:44.968735+00:00,btc-updown-15m-1766279700,TRADE,UP,ACCUM,1,1,0.6101,0.6101,8,0.5902,11,0.3964,8,0.9866,0.1071,0.27,-1.0822,1.9178,0.0,98.17,SUCCESS
2025-12-21T01:20:44.968924+00:00,btc-updown-15m-1766279700,TRADE,DOWN,ACCUM,1,1,0.4002,0.4002,8,0.5902,12,0.3967,8,0.9869,0.1046,0.33,-1.4824,2.5176,0.0,97.77,SUCCESS
2025-12-21T01:20:50.348321+00:00,btc-updown-15m-1766279700,TRADE,UP,ACCUM,1,1,0.6202,0.6202,9,0.5935,12,0.3967,9,0.9903,0.0877,0.25,-1.1025,1.8975,0.0,97.15,SUCCESS
2025-12-21T01:20:50.349175+00:00,btc-updown-15m-1766279700,TRADE,DOWN,ACCUM,1,1,0.39,0.39,9,0.5935,13,0.3962,9,0.9897,0.0923,0.31,-1.4926,2.5074,0.0,96.76,SUCCESS
2025-12-21T01:20:55.742149+00:00,btc-updown-15m-1766279700,TRADE,UP,ACCUM,1,1,0.6201,0.6201,10,0.5962,13,0.3962,10,0.9924,0.076,0.23,-1.1127,1.8873,0.0,96.14,SUCCESS
2025-12-21T01:20:55.742484+00:00,btc-updown-15m-1766279700,TRADE,DOWN,ACCUM,1,1,0.3901,0.3901,10,0.5962,14,0.3958,10,0.992,0.0803,0.29,-1.5029,2.4971,0.0,95.75,SUCCESS
2025-12-21T01:21:01.142142+00:00,btc-updown-15m-1766279700,TRADE,UP,ACCUM,1,1,0.6103,0.6103,11,0.5975,14,0.3958,11,0.9932,0.0743,0.21,-1.1131,1.8869,0.0,95.14,SUCCESS
2025-12-21T01:21:06.546659+00:00,btc-updown-15m-1766279700,TRADE,DOWN,ACCUM,1,1,0.39,0.39,11,0.5975,15,0.3954,11,0.9929,0.0785,0.27,-1.5032,2.4968,0.0,94.75,SUCCESS
2025-12-21T01:21:11.936328+00:00,btc-updown-15m-1766279700,TRADE,UP,ACCUM,1,1,0.6101,0.6101,12,0.5985,15,0.3954,12,0.9939,0.0729,0.2,-1.1133,1.8867,0.0,94.14,SUCCESS
2025-12-21T01:21:17.348509+00:00,btc-updown-15m-1766279700,TRADE,UP,ACCUM,1,1,0.6001,0.6001,13,0.5986,15,0.3954,13,0.994,0.0774,0.13,-0.7134,1.2866,0.0,93.54,SUCCESS
2025-12-21T01:21:44.336334+00:00,btc-updown-15m-1766279700,TRADE,UP,ACCUM,1,1,0.5899,0.5899,14,0.598,15,0.3954,14,0.9934,0.0922,0.07,-0.3033,0.6967,0.0,92.95,SUCCESS
2025-12-21T01:21:49.726751+00:00,btc-updown-15m-1766279700,TRADE,UP,ACCUM,1,1,0.5698,0.5698,15,0.5961,15,0.3954,15,0.9915,0.1269,0.0,0.1269,0.1269,0.0,92.38,SUCCESS
2025-12-21T01:30:01.699475+00:00,btc-updown-15m-1766279700,RESOLUTION,DOWN,MARKET_END,30,30,1.0,14.8731,15,0.5961,15,0.3954,15,0.9915,0.1269,0.0,0.0,0.0,0.1269,107.38,RESOLVED
2025-12-21T01:30:08.747092+00:00,btc-updown-15m-1766280600,TRADE,UP,ACCUM,1,1,0.4702,0.4702,1,0.4702,0,0.0,0,0.0,0.0,1.0,-0.4702,0.5298,0.0,106.91,SUCCESS
2025-12-21T01:30:08.747538+00:00,btc-updown-15m-1766280600,TRADE,DOWN,ACCUM,1,1,0.5401,0.5401,1,0.4702,1,0.5401,1,1.0102,-0.0102,0.0,-0.0102,-0.0102,0.0,106.37,SUCCESS
2025-12-21T01:30:14.141344+00:00,btc-updown-15m-1766280600,TRADE,DOWN,ACCUM,1,1,0.4801,0.4801,1,0.4702,2,0.5101,1,0.9803,0.0197,0.5,-0.4904,0.5096,0.0,105.89,SUCCESS
2025-12-21T01:30:19.537836+00:00,btc-updown-15m-1766280600,TRADE,UP,ACCUM,1,1,0.4502,0.4502,2,0.4602,2,0.5101,2,0.9703,0.0594,0.0,0.0594,0.0594,0.0,105.44,SUCCESS
2025-12-21T01:30:25.075551+00:00,btc-updown-15m-1766280600,TRADE,UP,ACCUM,1,1,0.3501,0.3501,3,0.4235,2,0.5101,2,0.9336,0.1329,0.33,-0.2906,0.7094,0.0,105.09,SUCCESS
2025-12-21T01:30:30.565147+00:00,btc-updown-15m-1766280600,TRADE,DOWN,ACCUM,1,1,0.6702,0.6702,3,0.4235,3,0.5635,3,0.9869,0.0392,0.0,0.0392,0.0392,0.0,104.42,SUCCESS
2025-12-21T01:30:36.122692+00:00,btc-updown-15m-1766280600,TRADE,UP,ACCUM,1,1,0.3601,0.3601,4,0.4076,3,0.5635,3,0.9711,0.0867,0.25,-0.3209,0.6791,0.0,104.06,SUCCESS
2025-12-21T01:30:41.536413+00:00,btc-updown-15m-1766280600,TRADE,UP,ACCUM,1,1,0.33,0.33,5,0.3921,3,0.5635,3,0.9556,0.1333,0.4,-0.651,1.349,0.0,103.73,SUCCESS
2025-12-21T01:30:46.948895+00:00,btc-updown-15m-1766280600,TRADE,UP,ACCUM,1,1,0.3402,0.3402,6,0.3835,3,0.5635,3,0.9469,0.1593,0.5,-0.9911,2.0089,0.0,103.39,SUCCESS
2025-12-21T01:30:46.949792+00:00,btc-updown-15m-1766280600,TRADE,DOWN,ACCUM,1,1,0.68,0.68,6,0.3835,4,0.5926,4,0.9761,0.0958,0.33,-0.6711,1.3289,0.0,102.71,SUCCESS
2025-12-21T01:30:52.344730+00:00,btc-updown-15m-1766280600,TRADE,UP,ACCUM,1,1,0.3498,0.3498,7,0.3787,4,0.5926,4,0.9713,0.115,0.43,-1.021,1.979,0.0,102.36,SUCCESS
2025-12-21T01:30:57.741300+00:00,btc-updown-15m-1766280600,TRADE,UP,ACCUM,1,1,0.35,0.35,8,0.3751,4,0.5926,4,0.9677,0.1293,0.5,-1.371,2.629,0.0,102.01,SUCCESS
2025-12-21T01:30:57.741495+00:00,btc-updown-15m-1766280600,TRADE,DOWN,ACCUM,1,1,0.6703,0.6703,8,0.3751,5,0.6081,5,0.9832,0.0839,0.38,-1.0413,1.9587,0.0,101.34,SUCCESS
2025-12-21T01:31:03.122742+00:00,btc-updown-15m-1766280600,TRADE,UP,ACCUM,1,1,0.3702,0.3702,9,0.3745,5,0.6081,5,0.9827,0.0867,0.44,-1.4115,2.5885,0.0,100.97,SUCCESS
2025-12-21T01:31:03.124601+00:00,btc-updown-15m-1766280600,TRADE,DOWN,ACCUM,1,1,0.6402,0.6402,9,0.3745,6,0.6135,6,0.988,0.0719,0.33,-1.0517,1.9483,0.0,100.33,SUCCESS
2025-12-21T01:31:08.587418+00:00,btc-updown-15m-1766280600,TRADE,UP,ACCUM,1,1,0.3802,0.3802,10,0.3751,6,0.6135,6,0.9886,0.0686,0.4,-1.4318,2.5682,0.0,99.95,SUCCESS
2025-12-21T01:31:08.587701+00:00,btc-updown-15m-1766280600,TRADE,DOWN,ACCUM,1,1,0.6201,0.6201,10,0.3751,7,0.6144,7,0.9895,0.0734,0.3,-1.0519,1.9481,0.0,99.33,SUCCESS
2025-12-21T01:31:14.005181+00:00,btc-updown-15m-1766280600,TRADE,DOWN,ACCUM,1,1,0.6301,0.6301,10,0.3751,8,0.6164,8,0.9915,0.0682,0.2,-0.682,1.318,0.0,98.7,SUCCESS
2025-12-21T01:31:19.415249+00:00,btc-updown-15m-1766280600,TRADE,UP,ACCUM,1,1,0.3902,0.3902,11,0.3765,8,0.6164,8,0.9928,0.0572,0.27,-1.0722,1.9278,0.0,98.31,SUCCESS
2025-12-21T01:31:24.828775+00:00,btc-updown-15m-1766280600,TRADE,UP,ACCUM,1,1,0.39,0.39,12,0.3776,8,0.6164,8,0.994,0.0482,0.33,-1.4622,2.5378,0.0,97.92,SUCCESS
2025-12-21T01:31:24.829120+00:00,btc-updown-15m-1766280600,TRADE,DOWN,ACCUM,1,1,0.6302,0.6302,12,0.3776,9,0.6179,9,0.9955,0.0404,0.25,-1.0924,1.9076,0.0,97.29,SUCCESS
2025-12-21T01:31:35.637011+00:00,btc-updown-15m-1766280600,TRADE,UP,ACCUM,1,1,0.37,0.37,13,0.377,9,0.6179,9,0.9949,0.0457,0.31,-1.4624,2.5376,0.0,96.92,SUCCESS
2025-12-21T01:31:41.196111+00:00,btc-updown-15m-1766280600,TRADE,UP,ACCUM,1,1,0.3701,0.3701,14,0.3765,9,0.6179,9,0.9944,0.0501,0.36,-1.8325,3.1675,0.0,96.55,SUCCESS
2025-12-21T01:31:46.584535+00:00,btc-updown-15m-1766280600,TRADE,UP,ACCUM,1,1,0.3502,0.3502,15,0.3748,9,0.6179,9,0.9927,0.0659,0.4,-2.1827,3.8173,0.0,96.2,SUCCESS
2025-12-21T01:31:51.987453+00:00,btc-updown-15m-1766280600,TRADE,DOWN,ACCUM,2,2,0.6603,1.3205,15,0.3748,11,0.6256,11,1.0004,-0.0041,0.27,-1.5032,2.4968,0.0,94.88,SUCCESS
2025-12-21T01:45:04.449313+00:00,btc-updown-15m-1766280600,RESOLUTION,DOWN,MARKET_END,26,26,1.0,12.5032,15,0.3748,11,0.6256,11,1.0004,-0.0041,0.27,0.0,0.0,-1.5036,105.88,RESOLVED
2025-12-21T01:45:27.714698+00:00,btc-updown-15m-1766281500,TRADE,UP,ACCUM,1,1,0.5703,0.5703,1,0.5703,0,0.0,0,0.0,0.0,1.0,-0.5703,0.4297,0.0,105.31,SUCCESS
2025-12-21T01:45:27.715018+00:00,btc-updown-15m-1766281500,TRADE,DOWN,ACCUM,1,1,0.4402,0.4402,1,0.5703,1,0.4402,1,1.0104,-0.0104,0.0,-0.0104,-0.0104,0.0,104.87,SUCCESS
2025-12-21T01:45:38.540610+00:00,btc-updown-15m-1766281500,TRADE,DOWN,ACCUM,1,1,0.4001,0.4001,1,0.5703,2,0.4201,1,0.9904,0.0096,0.5,-0.4105,0.5895,0.0,104.47,SUCCESS
2025-12-21T01:45:43.955383+00:00,btc-updown-15m-1766281500,TRADE,DOWN,ACCUM,1,1,0.37,0.37,1,0.5703,3,0.4034,1,0.9737,0.0263,0.67,-0.7805,1.2195,0.0,104.1,SUCCESS
2025-12-21T01:45:49.402131+00:00,btc-updown-15m-1766281500,TRADE,DOWN,ACCUM,1,1,0.3701,0.3701,1,0.5703,4,0.3951,1,0.9654,0.0346,0.75,-1.1507,1.8493,0.0,103.73,SUCCESS
2025-12-21T01:45:54.796848+00:00,btc-updown-15m-1766281500,TRADE,DOWN,ACCUM,1,1,0.3499,0.3499,1,0.5703,5,0.3861,1,0.9563,0.0437,0.8,-1.5006,2.4994,0.0,103.38,SUCCESS
2025-12-21T01:46:00.193540+00:00,btc-updown-15m-1766281500,TRADE,DOWN,ACCUM,1,1,0.3601,0.3601,1,0.5703,6,0.3817,1,0.952,0.048,0.83,-1.8606,3.1394,0.0,103.02,SUCCESS
2025-12-21T01:46:05.723320+00:00,btc-updown-15m-1766281500,TRADE,UP,ACCUM,1,1,0.6503,0.6503,2,0.6103,6,0.3817,2,0.992,0.016,0.67,-1.5109,2.4891,0.0,102.37,SUCCESS
2025-12-21T01:46:05.723686+00:00,btc-updown-15m-1766281500,TRADE,DOWN,ACCUM,1,1,0.3601,0.3601,2,0.6103,7,0.3786,2,0.9889,0.0222,0.71,-1.871,3.129,0.0,102.01,SUCCESS
2025-12-21T01:46:16.607313+00:00,btc-updown-15m-1766281500,TRADE,DOWN,ACCUM,1,1,0.3701,0.3701,2,0.6103,8,0.3776,2,0.9878,0.0243,0.75,-2.2411,3.7589,0.0,101.64,SUCCESS
2025-12-21T01:46:22.142310+00:00,btc-updown-15m-1766281500,TRADE,UP,ACCUM,2,1,0.6702,0.6702,3,0.6303,8,0.3776,3,1.0078,-0.0235,0.62,-1.9113,3.0887,0.0,100.97,SUCCESS
2025-12-21T01:47:32.876181+00:00,btc-updown-15m-1766281500,TRADE,UP,ACCUM,1,1,0.5603,0.5603,4,0.6128,8,0.3776,4,0.9903,0.0387,0.5,-1.4716,2.5284,0.0,100.41,SUCCESS
2025-12-21T01:47:38.250845+00:00,btc-updown-15m-1766281500,TRADE,UP,ACCUM,1,1,0.5501,0.5501,5,0.6002,8,0.3776,5,0.9778,0.111,0.38,-1.0217,1.9783,0.0,99.86,SUCCESS
2025-12-21T01:47:43.742371+00:00,btc-updown-15m-1766281500,TRADE,UP,ACCUM,1,1,0.5603,0.5603,6,0.5936,8,0.3776,6,0.9711,0.1732,0.25,-0.5819,1.4181,0.0,99.3,SUCCESS
2025-12-21T01:47:43.742543+00:00,btc-updown-15m-1766281500,TRADE,DOWN,ACCUM,1,1,0.4501,0.4501,6,0.5936,9,0.3856,6,0.9792,0.1249,0.33,-1.032,1.968,0.0,98.85,SUCCESS
2025-12-21T01:47:49.128679+00:00,btc-updown-15m-1766281500,TRADE,DOWN,ACCUM,1,1,0.4601,0.4601,6,0.5936,10,0.3931,6,0.9866,0.0802,0.4,-1.4921,2.5079,0.0,98.39,SUCCESS
2025-12-21T01:47:54.769130+00:00,btc-updown-15m-1766281500,TRADE,UP,ACCUM,1,1,0.5602,0.5602,7,0.5888,10,0.3931,7,0.9819,0.1269,0.3,-1.0523,1.9477,0.0,97.83,SUCCESS
2025-12-21T01:47:54.769333+00:00,btc-updown-15m-1766281500,TRADE,DOWN,ACCUM,1,1,0.46,0.46,7,0.5888,11,0.3992,7,0.988,0.0843,0.36,-1.5124,2.4876,0.0,97.37,SUCCESS
2025-12-21T01:48:00.164522+00:00,btc-updown-15m-1766281500,TRADE,UP,ACCUM,1,1,0.5701,0.5701,8,0.5865,11,0.3992,8,0.9856,0.115,0.27,-1.0824,1.9176,0.0,96.8,SUCCESS
2025-12-21T01:48:00.165013+00:00,btc-updown-15m-1766281500,TRADE,DOWN,ACCUM,1,1,0.4401,0.4401,8,0.5865,12,0.4026,8,0.989,0.0877,0.33,-1.5225,2.4775,0.0,96.36,SUCCESS
2025-12-21T01:48:05.713772+00:00,btc-updown-15m-1766281500,TRADE,UP,ACCUM,1,1,0.5803,0.5803,9,0.5858,12,0.4026,9,0.9883,0.1049,0.25,-1.1028,1.8972,0.0,95.78,SUCCESS
2025-12-21T01:48:05.713946+00:00,btc-updown-15m-1766281500,TRADE,DOWN,ACCUM,1,1,0.45,0.45,9,0.5858,13,0.4062,9,0.992,0.072,0.31,-1.5528,2.4472,0.0,95.33,SUCCESS
2025-12-21T01:48:11.135764+00:00,btc-updown-15m-1766281500,TRADE,UP,ACCUM,1,1,0.58,0.58,10,0.5852,13,0.4062,10,0.9914,0.0858,0.23,-1.1329,1.8671,0.0,94.75,SUCCESS
2025-12-21T01:48:16.586637+00:00,btc-updown-15m-1766281500,TRADE,UP,ACCUM,1,1,0.5802,0.5802,11,0.5847,13,0.4062,11,0.991,0.0994,0.15,-0.7131,1.2869,0.0,94.17,SUCCESS
2025-12-21T01:48:16.587454+00:00,btc-updown-15m-1766281500,TRADE,DOWN,ACCUM,1,1,0.4398,0.4398,11,0.5847,14,0.4086,11,0.9934,0.073,0.21,-1.1529,1.8471,0.0,93.73,SUCCESS
2025-12-21T01:48:22.008192+00:00,btc-updown-15m-1766281500,TRADE,UP,ACCUM,1,1,0.59,0.59,12,0.5852,14,0.4086,12,0.9938,0.0743,0.14,-0.7429,1.2571,0.0,93.14,SUCCESS
2025-12-21T01:48:27.540376+00:00,btc-updown-15m-1766281500,TRADE,UP,ACCUM,1,1,0.5901,0.5901,13,0.5856,14,0.4086,13,0.9942,0.0756,0.07,-0.333,0.667,0.0,92.55,SUCCESS
2025-12-21T01:48:38.334761+00:00,btc-updown-15m-1766281500,TRADE,UP,ACCUM,1,1,0.59,0.59,14,0.5859,14,0.4086,14,0.9945,0.0769,0.0,0.0769,0.0769,0.0,91.96,SUCCESS
2025-12-21T01:48:43.728688+00:00,btc-updown-15m-1766281500,TRADE,UP,ACCUM,1,1,0.5901,0.5901,15,0.5862,14,0.4086,14,0.9948,0.073,0.07,-0.5132,0.4868,0.0,91.37,SUCCESS
2025-12-21T01:48:54.675222+00:00,btc-updown-15m-1766281500,TRADE,DOWN,ACCUM,1,1,0.41,0.41,15,0.5862,15,0.4087,15,0.9949,0.0768,0.0,0.0768,0.0768,0.0,90.96,SUCCESS
2025-12-21T02:00:03.732253+00:00,btc-updown-15m-1766281500,RESOLUTION,UP,MARKET_END,30,30,1.0,14.9232,15,0.5862,15,0.4087,15,0.9949,0.0768,0.0,0.0,0.0,0.0765,105.96,RESOLVED
2025-12-21T02:00:11.950196+00:00,btc-updown-15m-1766282400,TRADE,UP,ACCUM,1,1,0.5903,0.5903,1,0.5903,0,0.0,0,0.0,0.0,1.0,-0.5903,0.4097,0.0,105.37,SUCCESS
2025-12-21T02:00:11.950412+00:00,btc-updown-15m-1766282400,TRADE,DOWN,ACCUM,1,1,0.4202,0.4202,1,0.5903,1,0.4202,1,1.0105,-0.0105,0.0,-0.0105,-0.0105,0.0,104.95,SUCCESS
2025-12-21T02:00:17.461528+00:00,btc-updown-15m-1766282400,TRADE,DOWN,ACCUM,1,1,0.3701,0.3701,1,0.5903,2,0.3952,1,0.9855,0.0145,0.5,-0.3806,0.6194,0.0,104.58,SUCCESS
2025-12-21T02:00:22.860002+00:00,btc-updown-15m-1766282400,TRADE,DOWN,ACCUM,1,1,0.37,0.37,1,0.5903,3,0.3868,1,0.9771,0.0229,0.67,-0.7506,1.2494,0.0,104.21,SUCCESS
2025-12-21T02:00:28.267132+00:00,btc-updown-15m-1766282400,TRADE,DOWN,ACCUM,1,1,0.3701,0.3701,1,0.5903,4,0.3826,1,0.9729,0.0271,0.75,-1.1208,1.8792,0.0,103.84,SUCCESS
2025-12-21T02:00:33.664494+00:00,btc-updown-15m-1766282400,TRADE,DOWN,ACCUM,1,1,0.34,0.34,1,0.5903,5,0.3741,1,0.9644,0.0356,0.8,-1.4608,2.5392,0.0,103.5,SUCCESS
2025-12-21T02:00:39.046009+00:00,btc-updown-15m-1766282400,TRADE,DOWN,ACCUM,1,1,0.34,0.34,1,0.5903,6,0.3684,1,0.9587,0.0413,0.83,-1.8008,3.1992,0.0,103.16,SUCCESS
2025-12-21T02:00:49.865451+00:00,btc-updown-15m-1766282400,TRADE,DOWN,ACCUM,1,1,0.3401,0.3401,1,0.5903,7,0.3644,1,0.9547,0.0453,0.86,-2.1409,3.8591,0.0,102.82,SUCCESS
2025-12-21T02:01:11.771763+00:00,btc-updown-15m-1766282400,TRADE,UP,ACCUM,2,2,0.5701,1.1403,3,0.5769,7,0.3644,3,0.9412,0.1763,0.57,-1.2812,2.7188,0.0,101.68,SUCCESS
2025-12-21T02:01:17.187084+00:00,btc-updown-15m-1766282400,TRADE,UP,ACCUM,1,1,0.5402,0.5402,4,0.5677,7,0.3644,4,0.9321,0.2717,0.43,-0.8214,2.1786,0.0,101.14,SUCCESS
2025-12-21T02:01:17.187671+00:00,btc-updown-15m-1766282400,TRADE,DOWN,ACCUM,1,1,0.4701,0.4701,4,0.5677,8,0.3776,4,0.9453,0.2188,0.5,-1.2916,2.7084,0.0,100.67,SUCCESS
2025-12-21T02:01:22.595682+00:00,btc-updown-15m-1766282400,TRADE,DOWN,ACCUM,1,1,0.45,0.45,4,0.5677,9,0.3856,4,0.9533,0.1866,0.56,-1.7416,3.2584,0.0,100.22,SUCCESS
2025-12-21T02:01:33.532612+00:00,btc-updown-15m-1766282400,TRADE,UP,ACCUM,1,1,0.58,0.58,5,0.5702,9,0.3856,5,0.9558,0.221,0.44,-1.3216,2.6784,0.0,99.64,SUCCESS
2025-12-21T02:01:33.533014+00:00,btc-updown-15m-1766282400,TRADE,DOWN,ACCUM,1,1,0.4401,0.4401,5,0.5702,10,0.3911,5,0.9613,0.1937,0.5,-1.7617,3.2383,0.0,99.2,SUCCESS
2025-12-21T02:01:38.974994+00:00,btc-updown-15m-1766282400,TRADE,DOWN,ACCUM,1,1,0.4201,0.4201,5,0.5702,11,0.3937,5,0.9639,0.1805,0.55,-2.1818,3.8182,0.0,98.77,SUCCESS
2025-12-21T02:01:44.560550+00:00,btc-updown-15m-1766282400,TRADE,UP,ACCUM,2,2,0.6401,1.2801,7,0.5901,11,0.3937,7,0.9839,0.1129,0.36,-1.462,2.538,0.0,97.49,SUCCESS
2025-12-21T02:01:49.978431+00:00,btc-updown-15m-1766282400,TRADE,UP,ACCUM,1,1,0.6201,0.6201,8,0.5939,11,0.3937,8,0.9876,0.0991,0.27,-1.0821,1.9179,0.0,96.87,SUCCESS
2025-12-21T02:01:49.978745+00:00,btc-updown-15m-1766282400,TRADE,DOWN,ACCUM,1,1,0.4002,0.4002,8,0.5939,12,0.3943,8,0.9881,0.0948,0.33,-1.4822,2.5178,0.0,96.47,SUCCESS
2025-12-21T02:01:55.415963+00:00,btc-updown-15m-1766282400,TRADE,UP,ACCUM,1,1,0.62,0.62,9,0.5968,12,0.3943,9,0.991,0.0806,0.25,-1.1022,1.8978,0.0,95.85,SUCCESS
2025-12-21T02:01:55.416144+00:00,btc-updown-15m-1766282400,TRADE,DOWN,ACCUM,1,1,0.4002,0.4002,9,0.5968,13,0.3947,9,0.9915,0.0765,0.31,-1.5024,2.4976,0.0,95.45,SUCCESS
2025-12-21T02:02:11.626895+00:00,btc-updown-15m-1766282400,TRADE,DOWN,ACCUM,1,1,0.3501,0.3501,9,0.5968,14,0.3915,9,0.9883,0.1052,0.36,-1.8525,3.1475,0.0,95.1,SUCCESS
2025-12-21T02:02:17.034619+00:00,btc-updown-15m-1766282400,TRADE,DOWN,ACCUM,1,1,0.3601,0.3601,9,0.5968,15,0.3894,9,0.9862,0.124,0.4,-2.2126,3.7874,0.0,94.74,SUCCESS
2025-12-21T02:02:22.450837+00:00,btc-updown-15m-1766282400,TRADE,UP,ACCUM,2,1,0.6503,0.6503,10,0.6021,15,0.3894,10,0.9916,0.0843,0.33,-1.8628,3.1372,0.0,94.09,SUCCESS
2025-12-21T02:02:27.845576+00:00,btc-updown-15m-1766282400,TRADE,UP,ACCUM,1,1,0.6302,0.6302,11,0.6047,15,0.3894,11,0.9941,0.0647,0.27,-1.493,2.507,0.0,93.46,SUCCESS
2025-12-21T02:07:42.373912+00:00,btc-updown-15m-1766282400,TRADE,UP,ACCUM,1,1,0.6101,0.6101,12,0.6051,15,0.3894,12,0.9946,0.0653,0.2,-1.103,1.897,0.0,92.85,SUCCESS
2025-12-21T02:07:47.793379+00:00,btc-updown-15m-1766282400,TRADE,UP,ACCUM,1,1,0.6002,0.6002,13,0.6047,15,0.3894,13,0.9942,0.0756,0.13,-0.7032,1.2968,0.0,92.25,SUCCESS
2025-12-21T02:07:53.183887+00:00,btc-updown-15m-1766282400,TRADE,UP,ACCUM,1,1,0.6103,0.6103,14,0.6051,15,0.3894,14,0.9946,0.0759,0.07,-0.3135,0.6865,0.0,91.64,SUCCESS
2025-12-21T02:12:24.634281+00:00,btc-updown-15m-1766282400,TRADE,UP,ACCUM,1,1,0.5601,0.5601,15,0.6021,15,0.3894,15,0.9916,0.1264,0.0,0.1264,0.1264,0.0,91.08,SUCCESS
2025-12-21T02:15:00.494341+00:00,btc-updown-15m-1766282400,RESOLUTION,DOWN,MARKET_END,30,30,1.0,14.8736,15,0.6021,15,0.3894,15,0.9916,0.1264,0.0,0.0,0.0,0.1275,106.08,RESOLVED
2025-12-21T02:15:08.489949+00:00,btc-updown-15m-1766283300,TRADE,UP,ACCUM,1,1,0.5102,0.5102,1,0.5102,0,0.0,0,0.0,0.0,1.0,-0.5102,0.4898,0.0,105.57,SUCCESS
2025-12-21T02:15:08.490121+00:00,btc-updown-15m-1766283300,TRADE,DOWN,ACCUM,1,1,0.5001,0.5001,1,0.5102,1,0.5001,1,1.0103,-0.0103,0.0,-0.0103,-0.0103,0.0,105.07,SUCCESS
2025-12-21T02:15:30.117839+00:00,btc-updown-15m-1766283300,TRADE,UP,ACCUM,1,1,0.4602,0.4602,2,0.4852,1,0.5001,1,0.9853,0.0147,0.5,-0.4705,0.5295,0.0,104.61,SUCCESS
2025-12-21T02:15:40.891860+00:00,btc-updown-15m-1766283300,TRADE,UP,ACCUM,1,1,0.4302,0.4302,3,0.4669,1,0.5001,1,0.9669,0.0331,0.67,-0.9007,1.0993,0.0,104.18,SUCCESS
2025-12-21T02:15:46.292641+00:00,btc-updown-15m-1766283300,TRADE,UP,ACCUM,1,1,0.4499,0.4499,4,0.4626,1,0.5001,1,0.9627,0.0373,0.75,-1.3506,1.6494,0.0,103.73,SUCCESS
2025-12-21T02:15:51.690543+00:00,btc-updown-15m-1766283300,TRADE,UP,ACCUM,1,1,0.4501,0.4501,5,0.4601,1,0.5001,1,0.9602,0.0398,0.8,-1.8006,2.1994,0.0,103.28,SUCCESS
2025-12-21T02:15:57.079451+00:00,btc-updown-15m-1766283300,TRADE,UP,ACCUM,1,1,0.4302,0.4302,6,0.4551,1,0.5001,1,0.9552,0.0448,0.83,-2.2308,2.7692,0.0,102.85,SUCCESS
2025-12-21T02:16:02.594299+00:00,btc-updown-15m-1766283300,TRADE,UP,ACCUM,1,1,0.4301,0.4301,7,0.4516,1,0.5001,1,0.9516,0.0484,0.86,-2.661,3.339,0.0,102.42,SUCCESS
2025-12-21T02:16:07.994628+00:00,btc-updown-15m-1766283300,TRADE,DOWN,ACCUM,2,2,0.6001,1.2002,7,0.4516,3,0.5668,3,1.0183,-0.055,0.57,-1.8612,2.1388,0.0,101.22,SUCCESS
2025-12-21T02:17:40.118439+00:00,btc-updown-15m-1766283300,TRADE,UP,ACCUM,1,1,0.26,0.26,8,0.4276,3,0.5668,3,0.9944,0.0169,0.62,-2.1212,2.8788,0.0,100.96,SUCCESS
2025-12-21T02:17:50.939704+00:00,btc-updown-15m-1766283300,TRADE,UP,ACCUM,1,1,0.2801,0.2801,9,0.4112,3,0.5668,3,0.978,0.0661,0.67,-2.4013,3.5987,0.0,100.68,SUCCESS
2025-12-21T02:18:34.445783+00:00,btc-updown-15m-1766283300,TRADE,DOWN,ACCUM,2,2,0.57,1.14,9,0.4112,5,0.5681,5,0.9793,0.1036,0.44,-1.5413,2.4587,0.0,99.54,SUCCESS
2025-12-21T02:18:39.966274+00:00,btc-updown-15m-1766283300,TRADE,UP,ACCUM,1,1,0.44,0.44,10,0.4141,5,0.5681,5,0.9822,0.0892,0.5,-1.9813,3.0187,0.0,99.1,SUCCESS
2025-12-21T02:18:45.345454+00:00,btc-updown-15m-1766283300,TRADE,DOWN,ACCUM,1,1,0.61,0.61,10,0.4141,6,0.5751,6,0.9892,0.0651,0.4,-1.5914,2.4086,0.0,98.49,SUCCESS
2025-12-21T02:18:50.746548+00:00,btc-updown-15m-1766283300,TRADE,UP,ACCUM,1,1,0.3901,0.3901,11,0.4119,6,0.5751,6,0.987,0.0781,0.45,-1.9815,3.0185,0.0,98.1,SUCCESS
2025-12-21T02:18:56.249316+00:00,btc-updown-15m-1766283300,TRADE,UP,ACCUM,1,1,0.3301,0.3301,12,0.4051,6,0.5751,6,0.9802,0.1191,0.5,-2.3116,3.6884,0.0,97.77,SUCCESS
2025-12-21T02:19:01.741620+00:00,btc-updown-15m-1766283300,TRADE,DOWN,ACCUM,2,2,0.6697,1.3394,12,0.4051,8,0.5987,8,1.0038,-0.0306,0.33,-1.651,2.349,0.0,96.43,SUCCESS
2025-12-21T02:21:44.614146+00:00,btc-updown-15m-1766283300,TRADE,UP,ACCUM,1,1,0.2601,0.2601,13,0.3939,8,0.5987,8,0.9927,0.0587,0.38,-1.9111,3.0889,0.0,96.17,SUCCESS
2025-12-21T02:21:50.118384+00:00,btc-updown-15m-1766283300,TRADE,UP,ACCUM,1,1,0.16,0.16,14,0.3772,8,0.5987,8,0.976,0.1923,0.43,-2.0711,3.9289,0.0,96.01,SUCCESS
2025-12-21T02:22:11.855133+00:00,btc-updown-15m-1766283300,TRADE,DOWN,ACCUM,2,2,0.7502,1.5003,14,0.3772,10,0.629,10,1.0062,-0.0625,0.29,-1.5714,2.4286,0.0,94.51,SUCCESS
2025-12-21T02:22:28.030343+00:00,btc-updown-15m-1766283300,TRADE,UP,ACCUM,1,1,0.16,0.16,15,0.3628,10,0.629,10,0.9918,0.0823,0.33,-1.7315,3.2685,0.0,94.35,SUCCESS
2025-12-21T02:30:03.779609+00:00,btc-updown-15m-1766283300,RESOLUTION,DOWN,MARKET_END,25,25,1.0,11.7315,15,0.3628,10,0.629,10,0.9918,0.0823,0.33,0.0,0.0,-1.7315,104.35,RESOLVED
2025-12-21T02:30:10.845801+00:00,btc-updown-15m-1766284200,TRADE,UP,ACCUM,1,1,0.5301,0.5301,1,0.5301,0,0.0,0,0.0,0.0,1.0,-0.5301,0.4699,0.0,103.82,SUCCESS
2025-12-21T02:30:10.845958+00:00,btc-updown-15m-1766284200,TRADE,DOWN,ACCUM,1,1,0.4802,0.4802,1,0.5301,1,0.4802,1,1.0103,-0.0103,0.0,-0.0103,-0.0103,0.0,103.34,SUCCESS
2025-12-21T02:30:43.329429+00:00,btc-updown-15m-1766284200,TRADE,UP,ACCUM,1,1,0.4702,0.4702,2,0.5001,1,0.4802,1,0.9803,0.0197,0.5,-0.4804,0.5196,0.0,102.87,SUCCESS
2025-12-21T02:30:48.744982+00:00,btc-updown-15m-1766284200,TRADE,UP,ACCUM,1,1,0.4401,0.4401,3,0.4801,1,0.4802,1,0.9603,0.0397,0.67,-0.9206,1.0794,0.0,102.43,SUCCESS
2025-12-21T02:30:54.148549+00:00,btc-updown-15m-1766284200,TRADE,UP,ACCUM,1,1,0.4601,0.4601,4,0.4751,1,0.4802,1,0.9553,0.0447,0.75,-1.3807,1.6193,0.0,101.97,SUCCESS
2025-12-21T02:30:59.565643+00:00,btc-updown-15m-1766284200,TRADE,UP,ACCUM,1,1,0.4501,0.4501,5,0.4701,1,0.4802,1,0.9503,0.0497,0.8,-1.8308,2.1692,0.0,101.52,SUCCESS
2025-12-21T02:31:04.962494+00:00,btc-updown-15m-1766284200,TRADE,UP,ACCUM,1,1,0.4202,0.4202,6,0.4618,1,0.4802,1,0.942,0.058,0.83,-2.2509,2.7491,0.0,101.1,SUCCESS
2025-12-21T02:31:10.363171+00:00,btc-updown-15m-1766284200,TRADE,UP,ACCUM,1,1,0.4302,0.4302,7,0.4573,1,0.4802,1,0.9374,0.0626,0.86,-2.6811,3.3189,0.0,100.67,SUCCESS
2025-12-21T02:31:15.797461+00:00,btc-updown-15m-1766284200,TRADE,DOWN,ACCUM,2,2,0.5502,1.1005,7,0.4573,3,0.5269,3,0.9842,0.0475,0.57,-1.7816,2.2184,0.0,99.57,SUCCESS
2025-12-21T02:31:21.180785+00:00,btc-updown-15m-1766284200,TRADE,UP,ACCUM,1,1,0.4602,0.4602,8,0.4576,3,0.5269,3,0.9845,0.0464,0.62,-2.2418,2.7582,0.0,99.11,SUCCESS
2025-12-21T02:31:21.181645+00:00,btc-updown-15m-1766284200,TRADE,DOWN,ACCUM,1,1,0.5601,0.5601,8,0.4576,4,0.5352,4,0.9928,0.0287,0.5,-1.8019,2.1981,0.0,98.55,SUCCESS
2025-12-21T02:31:26.579894+00:00,btc-updown-15m-1766284200,TRADE,UP,ACCUM,1,1,0.45,0.45,9,0.4568,4,0.5352,4,0.992,0.0321,0.56,-2.2519,2.7481,0.0,98.1,SUCCESS
2025-12-21T02:31:32.155101+00:00,btc-updown-15m-1766284200,TRADE,UP,ACCUM,1,1,0.4502,0.4502,10,0.4561,4,0.5352,4,0.9913,0.0347,0.6,-2.7021,3.2979,0.0,97.65,SUCCESS
2025-12-21T02:31:32.155480+00:00,btc-updown-15m-1766284200,TRADE,DOWN,ACCUM,1,1,0.5402,0.5402,10,0.4561,5,0.5362,5,0.9923,0.0384,0.5,-2.2423,2.7577,0.0,97.11,SUCCESS
2025-12-21T02:31:37.656742+00:00,btc-updown-15m-1766284200,TRADE,UP,ACCUM,1,1,0.44,0.44,11,0.4547,5,0.5362,5,0.9909,0.0457,0.55,-2.6823,3.3177,0.0,96.67,SUCCESS
2025-12-21T02:31:43.074558+00:00,btc-updown-15m-1766284200,TRADE,DOWN,ACCUM,2,1,0.3502,0.3502,11,0.4547,6,0.5052,6,0.9599,0.2409,0.45,-2.0325,2.9675,0.0,96.32,SUCCESS
2025-12-21T02:31:48.470216+00:00,btc-updown-15m-1766284200,TRADE,UP,ACCUM,1,1,0.6601,0.6601,12,0.4718,6,0.5052,6,0.977,0.1382,0.5,-2.6926,3.3074,0.0,95.66,SUCCESS
2025-12-21T02:31:48.470372+00:00,btc-updown-15m-1766284200,TRADE,DOWN,ACCUM,1,1,0.37,0.37,12,0.4718,7,0.4859,7,0.9577,0.2964,0.42,-2.0626,2.9374,0.0,95.29,SUCCESS
2025-12-21T02:31:53.991589+00:00,btc-updown-15m-1766284200,TRADE,DOWN,ACCUM,1,1,0.45,0.45,12,0.4718,8,0.4814,8,0.9532,0.3746,0.33,-1.5126,2.4874,0.0,94.84,SUCCESS
2025-12-21T02:31:59.483594+00:00,btc-updown-15m-1766284200,TRADE,UP,ACCUM,1,1,0.5402,0.5402,13,0.4771,8,0.4814,8,0.9584,0.3324,0.38,-2.0528,2.9472,0.0,94.3,SUCCESS
2025-12-21T02:31:59.484160+00:00,btc-updown-15m-1766284200,TRADE,DOWN,ACCUM,1,1,0.4701,0.4701,13,0.4771,9,0.4801,9,0.9572,0.3853,0.31,-1.5229,2.4771,0.0,93.83,SUCCESS
2025-12-21T02:32:04.909107+00:00,btc-updown-15m-1766284200,TRADE,UP,ACCUM,1,1,0.5402,0.5402,14,0.4816,9,0.4801,9,0.9617,0.3447,0.36,-2.0631,2.9369,0.0,93.29,SUCCESS
2025-12-21T02:32:10.278809+00:00,btc-updown-15m-1766284200,TRADE,UP,ACCUM,1,1,0.5502,0.5502,15,0.4861,9,0.4801,9,0.9663,0.3035,0.4,-2.6134,3.3866,0.0,92.74,SUCCESS
2025-12-21T02:32:10.279162+00:00,btc-updown-15m-1766284200,TRADE,DOWN,ACCUM,1,1,0.4802,0.4802,15,0.4861,10,0.4801,10,0.9663,0.3372,0.33,-2.0935,2.9065,0.0,92.26,SUCCESS
2025-12-21T02:32:21.072011+00:00,btc-updown-15m-1766284200,TRADE,DOWN,ACCUM,1,1,0.4401,0.4401,15,0.4861,11,0.4765,11,0.9626,0.411,0.27,-1.5336,2.4664,0.0,91.82,SUCCESS
2025-12-21T02:32:26.476865+00:00,btc-updown-15m-1766284200,TRADE,DOWN,ACCUM,1,1,0.4001,0.4001,15,0.4861,12,0.4701,12,0.9563,0.5248,0.2,-0.9336,2.0664,0.0,91.42,SUCCESS
2025-12-21T02:32:31.907852+00:00,btc-updown-15m-1766284200,TRADE,DOWN,ACCUM,1,1,0.36,0.36,15,0.4861,13,0.4617,13,0.9478,0.6786,0.13,-0.2937,1.7063,0.0,91.06,SUCCESS
2025-12-21T02:32:37.347060+00:00,btc-updown-15m-1766284200,TRADE,DOWN,ACCUM,1,1,0.3101,0.3101,15,0.4861,14,0.4508,14,0.937,0.8824,0.07,0.3963,1.3963,0.0,90.75,SUCCESS
2025-12-21T02:32:42.717801+00:00,btc-updown-15m-1766284200,TRADE,DOWN,ACCUM,1,1,0.3101,0.3101,15,0.4861,15,0.4414,15,0.9276,1.0862,0.0,1.0862,1.0862,0.0,90.44,SUCCESS
2025-12-21T02:45:02.416313+00:00,btc-updown-15m-1766284200,RESOLUTION,DOWN,MARKET_END,30,30,1.0,13.9138,15,0.4861,15,0.4414,15,0.9276,1.0862,0.0,0.0,0.0,1.0875,105.44,RESOLVED
2025-12-21T02:45:09.739601+00:00,btc-updown-15m-1766285100,TRADE,DOWN,ACCUM,1,1,0.4802,0.4802,0,0.0,1,0.4802,0,0.0,0.0,1.0,-0.4802,0.5198,0.0,104.96,SUCCESS
2025-12-21T02:45:15.443713+00:00,btc-updown-15m-1766285100,TRADE,UP,ACCUM,1,1,0.5301,0.5301,1,0.5301,1,0.4802,1,1.0103,-0.0103,0.0,-0.0103,-0.0103,0.0,104.43,SUCCESS
2025-12-21T02:45:15.444164+00:00,btc-updown-15m-1766285100,TRADE,DOWN,ACCUM,1,1,0.4802,0.4802,1,0.5301,2,0.4802,1,1.0103,-0.0103,0.5,-0.4904,0.5096,0.0,103.95,SUCCESS
2025-12-21T02:45:42.858838+00:00,btc-updown-15m-1766285100,TRADE,UP,ACCUM,1,1,0.4101,0.4101,2,0.4701,2,0.4802,2,0.9503,0.0995,0.0,0.0995,0.0995,0.0,103.54,SUCCESS
2025-12-21T02:45:48.355172+00:00,btc-updown-15m-1766285100,TRADE,UP,ACCUM,1,1,0.4001,0.4001,3,0.4468,2,0.4802,2,0.927,0.1461,0.33,-0.3007,0.6993,0.0,103.14,SUCCESS
2025-12-21T02:45:53.760225+00:00,btc-updown-15m-1766285100,TRADE,UP,ACCUM,1,1,0.3901,0.3901,4,0.4326,2,0.4802,2,0.9128,0.1744,0.5,-0.6908,1.3092,0.0,102.75,SUCCESS
2025-12-21T02:45:53.760499+00:00,btc-updown-15m-1766285100,TRADE,DOWN,ACCUM,1,1,0.6201,0.6201,4,0.4326,3,0.5268,3,0.9594,0.1217,0.25,-0.3109,0.6891,0.0,102.13,SUCCESS
2025-12-21T02:45:59.255532+00:00,btc-updown-15m-1766285100,TRADE,DOWN,ACCUM,1,1,0.6303,0.6303,4,0.4326,4,0.5527,4,0.9853,0.0588,0.0,0.0588,0.0588,0.0,101.5,SUCCESS
2025-12-21T02:46:10.155634+00:00,btc-updown-15m-1766285100,TRADE,UP,ACCUM,1,1,0.39,0.39,5,0.4241,4,0.5527,4,0.9768,0.0929,0.2,-0.3312,0.6688,0.0,101.11,SUCCESS
2025-12-21T02:46:15.541033+00:00,btc-updown-15m-1766285100,TRADE,UP,ACCUM,1,1,0.4701,0.4701,6,0.4318,4,0.5527,4,0.9844,0.0622,0.33,-0.8013,1.1987,0.0,100.64,SUCCESS
2025-12-21T02:46:15.541699+00:00,btc-updown-15m-1766285100,TRADE,DOWN,ACCUM,1,1,0.5502,0.5502,6,0.4318,5,0.5522,5,0.984,0.0802,0.17,-0.3515,0.6485,0.0,100.09,SUCCESS
2025-12-21T02:46:20.980159+00:00,btc-updown-15m-1766285100,TRADE,UP,ACCUM,1,1,0.3802,0.3802,7,0.4244,5,0.5522,5,0.9766,0.1171,0.29,-0.7317,1.2683,0.0,99.71,SUCCESS
2025-12-21T02:46:26.387151+00:00,btc-updown-15m-1766285100,TRADE,UP,ACCUM,1,1,0.3401,0.3401,8,0.4139,5,0.5522,5,0.9661,0.1697,0.38,-1.0718,1.9282,0.0,99.37,SUCCESS
2025-12-21T02:46:31.892125+00:00,btc-updown-15m-1766285100,TRADE,UP,ACCUM,1,1,0.3101,0.3101,9,0.4023,5,0.5522,5,0.9545,0.2274,0.44,-1.382,2.618,0.0,99.06,SUCCESS
2025-12-21T02:46:31.892495+00:00,btc-updown-15m-1766285100,TRADE,DOWN,ACCUM,1,1,0.7002,0.7002,9,0.4023,6,0.5769,6,0.9792,0.1249,0.33,-1.0821,1.9179,0.0,98.36,SUCCESS
2025-12-21T02:46:37.285470+00:00,btc-updown-15m-1766285100,TRADE,UP,ACCUM,1,1,0.3201,0.3201,10,0.3941,6,0.5769,6,0.971,0.1742,0.4,-1.4022,2.5978,0.0,98.04,SUCCESS
2025-12-21T02:46:42.680090+00:00,btc-updown-15m-1766285100,TRADE,UP,ACCUM,1,1,0.3701,0.3701,11,0.3919,6,0.5769,6,0.9688,0.1873,0.45,-1.7724,3.2276,0.0,97.67,SUCCESS
2025-12-21T02:46:42.681496+00:00,btc-updown-15m-1766285100,TRADE,DOWN,ACCUM,1,1,0.6403,0.6403,11,0.3919,7,0.5859,7,0.9778,0.1551,0.36,-1.4126,2.5874,0.0,97.03,SUCCESS
2025-12-21T02:46:48.103532+00:00,btc-updown-15m-1766285100,TRADE,DOWN,ACCUM,1,1,0.4901,0.4901,11,0.3919,8,0.5739,8,0.9659,0.273,0.27,-0.9027,2.0973,0.0,96.54,SUCCESS
2025-12-21T02:46:53.645401+00:00,btc-updown-15m-1766285100,TRADE,UP,ACCUM,1,1,0.5102,0.5102,12,0.4018,8,0.5739,8,0.9757,0.1942,0.33,-1.4129,2.5871,0.0,96.02,SUCCESS
2025-12-21T02:46:59.070385+00:00,btc-updown-15m-1766285100,TRADE,UP,ACCUM,1,1,0.5202,0.5202,13,0.4109,8,0.5739,8,0.9848,0.1213,0.38,-1.9331,3.0669,0.0,95.5,SUCCESS
2025-12-21T02:46:59.070719+00:00,btc-updown-15m-1766285100,TRADE,DOWN,ACCUM,1,1,0.4802,0.4802,13,0.4109,9,0.5635,9,0.9744,0.2302,0.31,-1.4133,2.5867,0.0,95.02,SUCCESS
2025-12-21T02:47:04.596021+00:00,btc-updown-15m-1766285100,TRADE,UP,ACCUM,1,1,0.6201,0.6201,14,0.4258,9,0.5635,9,0.9894,0.0957,0.36,-2.0334,2.9666,0.0,94.4,SUCCESS
2025-12-21T02:47:04.596907+00:00,btc-updown-15m-1766285100,TRADE,DOWN,ACCUM,1,1,0.4,0.4,14,0.4258,10,0.5472,10,0.973,0.2699,0.29,-1.4335,2.5665,0.0,94.0,SUCCESS
2025-12-21T02:47:10.018746+00:00,btc-updown-15m-1766285100,TRADE,DOWN,ACCUM,1,1,0.5001,0.5001,14,0.4258,11,0.5429,11,0.9687,0.3439,0.21,-0.9336,2.0664,0.0,93.5,SUCCESS
2025-12-21T02:47:15.444250+00:00,btc-updown-15m-1766285100,TRADE,UP,ACCUM,1,1,0.5201,0.5201,15,0.4321,11,0.5429,11,0.975,0.2748,0.27,-1.4537,2.5463,0.0,92.98,SUCCESS
2025-12-21T02:47:15.445854+00:00,btc-updown-15m-1766285100,TRADE,DOWN,ACCUM,1,1,0.51,0.51,15,0.4321,12,0.5402,12,0.9723,0.3327,0.2,-0.9637,2.0363,0.0,92.47,SUCCESS
2025-12-21T02:47:20.826411+00:00,btc-updown-15m-1766285100,TRADE,DOWN,ACCUM,1,1,0.5803,0.5803,15,0.4321,13,0.5432,13,0.9754,0.3203,0.13,-0.544,1.456,0.0,91.89,SUCCESS
2025-12-21T02:47:26.522592+00:00,btc-updown-15m-1766285100,TRADE,DOWN,ACCUM,1,1,0.5901,0.5901,15,0.4321,14,0.5466,14,0.9787,0.2981,0.07,-0.134,0.866,0.0,91.3,SUCCESS
2025-12-21T02:47:37.346981+00:00,btc-updown-15m-1766285100,TRADE,DOWN,ACCUM,1,1,0.6703,0.6703,15,0.4321,15,0.5548,15,0.987,0.1957,0.0,0.1957,0.1957,0.0,90.63,SUCCESS
2025-12-21T03:00:00.518069+00:00,btc-updown-15m-1766285100,RESOLUTION,UP,MARKET_END,30,30,1.0,14.8043,15,0.4321,15,0.5548,15,0.987,0.1957,0.0,0.0,0.0,0.1965,105.63,RESOLVED
2025-12-21T03:00:08.174371+00:00,btc-updown-15m-1766286000,TRADE,UP,ACCUM,1,1,0.5301,0.5301,1,0.5301,0,0.0,0,0.0,0.0,1.0,-0.5301,0.4699,0.0,105.1,SUCCESS
2025-12-21T03:00:08.174989+00:00,btc-updown-15m-1766286000,TRADE,DOWN,ACCUM,1,1,0.4801,0.4801,1,0.5301,1,0.4801,1,1.0102,-0.0102,0.0,-0.0102,-0.0102,0.0,104.62,SUCCESS
2025-12-21T03:01:56.963957+00:00,btc-updown-15m-1766286000,TRADE,DOWN,ACCUM,1,1,0.3801,0.3801,1,0.5301,2,0.4301,1,0.9602,0.0398,0.5,-0.3903,0.6097,0.0,104.24,SUCCESS
2025-12-21T03:02:02.383870+00:00,btc-updown-15m-1766286000,TRADE,DOWN,ACCUM,1,1,0.3101,0.3101,1,0.5301,3,0.3901,1,0.9202,0.0798,0.67,-0.7004,1.2996,0.0,103.93,SUCCESS
2025-12-21T03:02:07.763068+00:00,btc-updown-15m-1766286000,TRADE,DOWN,ACCUM,1,1,0.2799,0.2799,1,0.5301,4,0.3626,1,0.8926,0.1074,0.75,-0.9803,2.0197,0.0,103.65,SUCCESS
2025-12-21T03:02:13.265082+00:00,btc-updown-15m-1766286000,TRADE,DOWN,ACCUM,1,1,0.26,0.26,1,0.5301,5,0.3421,1,0.8721,0.1279,0.8,-1.2403,2.7597,0.0,103.39,SUCCESS
2025-12-21T03:02:18.661120+00:00,btc-updown-15m-1766286000,TRADE,DOWN,ACCUM,1,1,0.2301,0.2301,1,0.5301,6,0.3234,1,0.8535,0.1465,0.83,-1.4704,3.5296,0.0,103.16,SUCCESS
2025-12-21T03:02:24.035068+00:00,btc-updown-15m-1766286000,TRADE,UP,ACCUM,1,1,0.81,0.81,2,0.67,6,0.3234,2,0.9934,0.0131,0.67,-1.2804,2.7196,0.0,102.35,SUCCESS
2025-12-21T03:02:24.035413+00:00,btc-updown-15m-1766286000,TRADE,DOWN,ACCUM,1,1,0.2101,0.2101,2,0.67,7,0.3072,2,0.9773,0.0455,0.71,-1.4905,3.5095,0.0,102.14,SUCCESS
2025-12-21T03:02:29.440335+00:00,btc-updown-15m-1766286000,TRADE,DOWN,ACCUM,1,1,0.18,0.18,2,0.67,8,0.2913,2,0.9614,0.0773,0.75,-1.6706,4.3294,0.0,101.96,SUCCESS
2025-12-21T03:15:02.853130+00:00,btc-updown-15m-1766286000,RESOLUTION,UP,MARKET_END,10,10,1.0,3.6706,2,0.67,8,0.2913,2,0.9614,0.0773,0.75,0.0,0.0,-1.6704,103.96,RESOLVED
2025-12-21T03:15:10.039246+00:00,btc-updown-15m-1766286900,TRADE,UP,ACCUM,1,1,0.48,0.48,1,0.48,0,0.0,0,0.0,0.0,1.0,-0.48,0.52,0.0,103.48,SUCCESS
2025-12-21T03:15:10.039692+00:00,btc-updown-15m-1766286900,TRADE,DOWN,ACCUM,1,1,0.5299,0.5299,1,0.48,1,0.5299,1,1.0099,-0.0099,0.0,-0.0099,-0.0099,0.0,102.95,SUCCESS
2025-12-21T03:15:26.339644+00:00,btc-updown-15m-1766286900,TRADE,DOWN,ACCUM,1,1,0.5001,0.5001,1,0.48,2,0.515,1,0.995,0.005,0.5,-0.51,0.49,0.0,102.45,SUCCESS
2025-12-21T03:15:31.746112+00:00,btc-updown-15m-1766286900,TRADE,DOWN,ACCUM,1,1,0.5101,0.5101,1,0.48,3,0.5134,1,0.9934,0.0066,0.67,-1.0201,0.9799,0.0,101.94,SUCCESS
2025-12-21T03:15:48.050467+00:00,btc-updown-15m-1766286900,TRADE,UP,ACCUM,1,1,0.4802,0.4802,2,0.4801,3,0.5134,2,0.9935,0.0131,0.33,-0.5003,0.4997,0.0,101.46,SUCCESS
2025-12-21T03:16:04.285064+00:00,btc-updown-15m-1766286900,TRADE,DOWN,ACCUM,1,1,0.5102,0.5102,2,0.4801,4,0.5126,2,0.9927,0.0146,0.5,-1.0105,0.9895,0.0,100.95,SUCCESS
2025-12-21T03:16:09.844701+00:00,btc-updown-15m-1766286900,TRADE,DOWN,ACCUM,1,1,0.5101,0.5101,2,0.4801,5,0.5121,2,0.9922,0.0157,0.6,-1.5206,1.4794,0.0,100.44,SUCCESS
2025-12-21T03:16:15.244087+00:00,btc-updown-15m-1766286900,TRADE,UP,ACCUM,1,1,0.4801,0.4801,3,0.4801,5,0.5121,3,0.9922,0.0235,0.4,-1.0007,0.9993,0.0,99.96,SUCCESS
2025-12-21T03:16:20.656001+00:00,btc-updown-15m-1766286900,TRADE,UP,ACCUM,1,1,0.46,0.46,4,0.4751,5,0.5121,4,0.9872,0.0514,0.2,-0.4607,0.5393,0.0,99.5,SUCCESS
2025-12-21T03:16:26.057236+00:00,btc-updown-15m-1766286900,TRADE,UP,ACCUM,1,1,0.4701,0.4701,5,0.4741,5,0.5121,5,0.9862,0.0692,0.0,0.0692,0.0692,0.0,99.03,SUCCESS
2025-12-21T03:16:26.057415+00:00,btc-updown-15m-1766286900,TRADE,DOWN,ACCUM,1,1,0.5402,0.5402,5,0.4741,6,0.5168,5,0.9909,0.0457,0.17,-0.471,0.529,0.0,98.49,SUCCESS
2025-12-21T03:16:31.450273+00:00,btc-updown-15m-1766286900,TRADE,UP,ACCUM,1,1,0.4802,0.4802,6,0.4751,6,0.5168,6,0.9919,0.0488,0.0,0.0488,0.0488,0.0,98.01,SUCCESS
2025-12-21T03:16:31.450578+00:00,btc-updown-15m-1766286900,TRADE,DOWN,ACCUM,1,1,0.53,0.53,6,0.4751,7,0.5187,6,0.9938,0.0374,0.14,-0.4812,0.5188,0.0,97.48,SUCCESS
2025-12-21T03:16:36.844743+00:00,btc-updown-15m-1766286900,TRADE,DOWN,ACCUM,1,1,0.52,0.52,6,0.4751,8,0.5188,6,0.9939,0.0364,0.25,-1.0012,0.9988,0.0,96.96,SUCCESS
2025-12-21T03:16:47.800182+00:00,btc-updown-15m-1766286900,TRADE,DOWN,ACCUM,1,1,0.5201,0.5201,6,0.4751,9,0.519,6,0.9941,0.0355,0.33,-1.5214,1.4786,0.0,96.44,SUCCESS
2025-12-21T03:16:53.201664+00:00,btc-updown-15m-1766286900,TRADE,DOWN,ACCUM,1,1,0.5101,0.5101,6,0.4751,10,0.5181,6,0.9932,0.0409,0.4,-2.0314,1.9686,0.0,95.93,SUCCESS
2025-12-21T03:16:58.585777+00:00,btc-updown-15m-1766286900,TRADE,DOWN,ACCUM,1,1,0.5201,0.5201,6,0.4751,11,0.5183,6,0.9934,0.0398,0.45,-2.5515,2.4485,0.0,95.41,SUCCESS
2025-12-21T03:17:03.993162+00:00,btc-updown-15m-1766286900,TRADE,DOWN,ACCUM,1,1,0.5301,0.5301,6,0.4751,12,0.5192,6,0.9944,0.0339,0.5,-3.0816,2.9184,0.0,94.88,SUCCESS
2025-12-21T03:17:09.596830+00:00,btc-updown-15m-1766286900,TRADE,UP,ACCUM,2,2,0.5002,1.0004,8,0.4814,12,0.5192,8,1.0006,-0.005,0.33,-2.082,1.918,0.0,93.88,SUCCESS
2025-12-21T03:18:09.124372+00:00,btc-updown-15m-1766286900,TRADE,DOWN,ACCUM,1,1,0.44,0.44,8,0.4814,13,0.5132,8,0.9945,0.0438,0.38,-2.522,2.478,0.0,93.44,SUCCESS
2025-12-21T03:18:14.516579+00:00,btc-updown-15m-1766286900,TRADE,DOWN,ACCUM,1,1,0.4002,0.4002,8,0.4814,14,0.5051,8,0.9865,0.1083,0.43,-2.9221,3.0779,0.0,93.04,SUCCESS
2025-12-21T03:30:00.127349+00:00,btc-updown-15m-1766286900,RESOLUTION,DOWN,MARKET_END,22,22,1.0,10.9221,8,0.4814,14,0.5051,8,0.9865,0.1083,0.43,0.0,0.0,3.0779,107.04,RESOLVED
2025-12-21T03:30:13.329948+00:00,btc-updown-15m-1766287800,TRADE,UP,ACCUM,1,1,0.5101,0.5101,1,0.5101,0,0.0,0,0.0,0.0,1.0,-0.5101,0.4899,0.0,106.53,SUCCESS
2025-12-21T03:30:13.331576+00:00,btc-updown-15m-1766287800,TRADE,DOWN,ACCUM,1,1,0.5002,0.5002,1,0.5101,1,0.5002,1,1.0103,-0.0103,0.0,-0.0103,-0.0103,0.0,106.03,SUCCESS
2025-12-21T03:30:24.273204+00:00,btc-updown-15m-1766287800,TRADE,DOWN,ACCUM,1,1,0.4401,0.4401,1,0.5101,2,0.4701,1,0.9802,0.0198,0.5,-0.4504,0.5496,0.0,105.59,SUCCESS
2025-12-21T03:30:29.659043+00:00,btc-updown-15m-1766287800,TRADE,DOWN,ACCUM,1,1,0.4101,0.4101,1,0.5101,3,0.4501,1,0.9602,0.0398,0.67,-0.8605,1.1395,0.0,105.18,SUCCESS
2025-12-21T03:30:40.453153+00:00,btc-updown-15m-1766287800,TRADE,DOWN,ACCUM,1,1,0.3801,0.3801,1,0.5101,4,0.4326,1,0.9427,0.0573,0.75,-1.2406,1.7594,0.0,104.8,SUCCESS
2025-12-21T03:30:45.848810+00:00,btc-updown-15m-1766287800,TRADE,DOWN,ACCUM,1,1,0.3602,0.3602,1,0.5101,5,0.4181,1,0.9283,0.0717,0.8,-1.6008,2.3992,0.0,104.44,SUCCESS
2025-12-21T03:30:51.359390+00:00,btc-updown-15m-1766287800,TRADE,UP,ACCUM,1,1,0.6402,0.6402,2,0.5752,5,0.4181,2,0.9933,0.0134,0.6,-1.241,1.759,0.0,103.8,SUCCESS
2025-12-21T03:30:51.359631+00:00,btc-updown-15m-1766287800,TRADE,DOWN,ACCUM,1,1,0.3701,0.3701,2,0.5752,6,0.4101,2,0.9853,0.0294,0.67,-1.6112,2.3888,0.0,103.43,SUCCESS
2025-12-21T03:30:56.739762+00:00,btc-updown-15m-1766287800,TRADE,DOWN,ACCUM,1,1,0.3501,0.3501,2,0.5752,7,0.4016,2,0.9767,0.0465,0.71,-1.9612,3.0388,0.0,103.08,SUCCESS
2025-12-21T03:31:02.138745+00:00,btc-updown-15m-1766287800,TRADE,DOWN,ACCUM,1,1,0.38,0.38,2,0.5752,8,0.3989,2,0.974,0.0519,0.75,-2.3413,3.6587,0.0,102.7,SUCCESS
2025-12-21T03:31:07.713766+00:00,btc-updown-15m-1766287800,TRADE,UP,ACCUM,2,2,0.64,1.28,4,0.6076,8,0.3989,4,1.0065,-0.0258,0.5,-1.6213,2.3787,0.0,101.42,SUCCESS
2025-12-21T03:33:07.316327+00:00,btc-updown-15m-1766287800,TRADE,DOWN,ACCUM,1,1,0.24,0.24,4,0.6076,9,0.3812,4,0.9888,0.0448,0.56,-1.8613,3.1387,0.0,101.18,SUCCESS
2025-12-21T03:33:12.719214+00:00,btc-updown-15m-1766287800,TRADE,DOWN,ACCUM,1,1,0.1999,0.1999,4,0.6076,10,0.3631,4,0.9707,0.1173,0.6,-2.0613,3.9387,0.0,100.98,SUCCESS
2025-12-21T03:35:39.143369+00:00,btc-updown-15m-1766287800,TRADE,UP,ACCUM,2,2,0.71,1.42,6,0.6417,10,0.3631,6,1.0048,-0.0289,0.4,-1.4813,2.5187,0.0,99.56,SUCCESS
2025-12-21T03:36:06.248489+00:00,btc-updown-15m-1766287800,TRADE,UP,ACCUM,1,1,0.4401,0.4401,7,0.6129,10,0.3631,7,0.976,0.1679,0.3,-0.9214,2.0786,0.0,99.12,SUCCESS
2025-12-21T03:36:22.405909+00:00,btc-updown-15m-1766287800,TRADE,UP,ACCUM,1,1,0.41,0.41,8,0.5876,10,0.3631,8,0.9507,0.3948,0.2,-0.3314,1.6686,0.0,98.71,SUCCESS
2025-12-21T03:36:27.828593+00:00,btc-updown-15m-1766287800,TRADE,UP,ACCUM,1,1,0.39,0.39,9,0.5656,10,0.3631,9,0.9287,0.6417,0.1,0.2786,1.2786,0.0,98.32,SUCCESS
2025-12-21T03:36:33.211801+00:00,btc-updown-15m-1766287800,TRADE,UP,ACCUM,1,1,0.42,0.42,10,0.5511,10,0.3631,10,0.9141,0.8586,0.0,0.8586,0.8586,0.0,97.9,SUCCESS
2025-12-21T03:36:33.211965+00:00,btc-updown-15m-1766287800,TRADE,DOWN,ACCUM,1,1,0.6102,0.6102,10,0.5511,11,0.3856,10,0.9366,0.6339,0.09,0.2484,1.2484,0.0,97.29,SUCCESS
2025-12-21T03:36:38.738086+00:00,btc-updown-15m-1766287800,TRADE,DOWN,ACCUM,1,1,0.6103,0.6103,10,0.5511,12,0.4043,10,0.9553,0.4467,0.17,-0.3619,1.6381,0.0,96.68,SUCCESS
2025-12-21T03:36:44.137704+00:00,btc-updown-15m-1766287800,TRADE,UP,ACCUM,1,1,0.4401,0.4401,11,0.541,12,0.4043,11,0.9452,0.6023,0.08,0.1981,1.1981,0.0,96.24,SUCCESS
2025-12-21T03:36:49.570994+00:00,btc-updown-15m-1766287800,TRADE,DOWN,ACCUM,1,1,0.5903,0.5903,11,0.541,13,0.4186,11,0.9595,0.445,0.15,-0.3922,1.6078,0.0,95.65,SUCCESS
2025-12-21T03:36:54.953675+00:00,btc-updown-15m-1766287800,TRADE,DOWN,ACCUM,1,1,0.62,0.62,11,0.541,14,0.433,11,0.9739,0.2867,0.21,-1.0123,1.9877,0.0,95.03,SUCCESS
2025-12-21T03:37:00.363671+00:00,btc-updown-15m-1766287800,TRADE,UP,ACCUM,1,1,0.4101,0.4101,12,0.5301,14,0.433,12,0.963,0.4436,0.14,-0.4224,1.5776,0.0,94.62,SUCCESS
2025-12-21T03:37:00.364955+00:00,btc-updown-15m-1766287800,TRADE,DOWN,ACCUM,1,1,0.6001,0.6001,12,0.5301,15,0.4441,12,0.9742,0.3099,0.2,-1.0224,1.9776,0.0,94.02,SUCCESS
2025-12-21T03:37:11.190775+00:00,btc-updown-15m-1766287800,TRADE,UP,ACCUM,1,1,0.42,0.42,13,0.5216,15,0.4441,13,0.9657,0.4458,0.13,-0.4425,1.5575,0.0,93.6,SUCCESS
2025-12-21T03:37:16.672872+00:00,btc-updown-15m-1766287800,TRADE,UP,ACCUM,1,1,0.4302,0.4302,14,0.5151,15,0.4441,14,0.9592,0.5715,0.07,0.1273,1.1273,0.0,93.17,SUCCESS
2025-12-21T03:37:22.076234+00:00,btc-updown-15m-1766287800,TRADE,UP,ACCUM,1,1,0.4302,0.4302,15,0.5094,15,0.4441,15,0.9535,0.6971,0.0,0.6971,0.6971,0.0,92.74,SUCCESS
2025-12-21T03:45:04.945879+00:00,btc-updown-15m-1766287800,RESOLUTION,UP,MARKET_END,30,30,1.0,14.3029,15,0.5094,15,0.4441,15,0.9535,0.6971,0.0,0.0,0.0,0.6975,107.74,RESOLVED
2025-12-21T03:45:11.948315+00:00,btc-updown-15m-1766288700,TRADE,DOWN,ACCUM,1,1,0.49,0.49,0,0.0,1,0.49,0,0.0,0.0,1.0,-0.49,0.51,0.0,107.25,SUCCESS
2025-12-21T03:45:28.309457+00:00,btc-updown-15m-1766288700,TRADE,UP,ACCUM,1,1,0.54,0.54,1,0.54,1,0.49,1,1.03,-0.03,0.0,-0.03,-0.03,0.0,106.71,SUCCESS
2025-12-21T03:45:28.310846+00:00,btc-updown-15m-1766288700,TRADE,DOWN,ACCUM,1,1,0.47,0.47,1,0.54,2,0.48,1,1.02,-0.02,0.5,-0.5001,0.4999,0.0,106.24,SUCCESS
2025-12-21T03:47:59.996002+00:00,btc-updown-15m-1766288700,TRADE,DOWN,ACCUM,1,1,0.4,0.4,1,0.54,3,0.4533,1,0.9934,0.0066,0.67,-0.9,1.1,0.0,105.84,SUCCESS
2025-12-21T03:48:05.598585+00:00,btc-updown-15m-1766288700,TRADE,DOWN,ACCUM,1,1,0.3199,0.3199,1,0.54,4,0.42,1,0.96,0.04,0.75,-1.2199,1.7801,0.0,105.52,SUCCESS
2025-12-21T03:48:11.001643+00:00,btc-updown-15m-1766288700,TRADE,DOWN,ACCUM,1,1,0.3501,0.3501,1,0.54,5,0.406,1,0.946,0.054,0.8,-1.57,2.43,0.0,105.17,SUCCESS
2025-12-21T03:48:16.415587+00:00,btc-updown-15m-1766288700,TRADE,DOWN,ACCUM,1,1,0.3602,0.3602,1,0.54,6,0.3983,1,0.9384,0.0616,0.83,-1.9301,3.0699,0.0,104.81,SUCCESS
2025-12-21T03:48:21.935143+00:00,btc-updown-15m-1766288700,TRADE,DOWN,ACCUM,1,1,0.3601,0.3601,1,0.54,7,0.3929,1,0.9329,0.0671,0.86,-2.2902,3.7098,0.0,104.45,SUCCESS
2025-12-21T03:48:27.357271+00:00,btc-updown-15m-1766288700,TRADE,UP,ACCUM,2,2,0.6302,1.2605,3,0.6002,7,0.3929,3,0.993,0.0209,0.57,-1.5506,2.4494,0.0,103.19,SUCCESS
2025-12-21T03:48:33.029849+00:00,btc-updown-15m-1766288700,TRADE,DOWN,ACCUM,1,1,0.3802,0.3802,3,0.6002,8,0.3913,3,0.9914,0.0257,0.62,-1.9308,3.0692,0.0,102.81,SUCCESS
2025-12-21T03:48:38.439828+00:00,btc-updown-15m-1766288700,TRADE,DOWN,ACCUM,1,1,0.3801,0.3801,3,0.6002,9,0.39,3,0.9902,0.0294,0.67,-2.3109,3.6891,0.0,102.43,SUCCESS
2025-12-21T03:48:43.821234+00:00,btc-updown-15m-1766288700,TRADE,UP,ACCUM,2,2,0.6301,1.2601,5,0.6121,9,0.39,5,1.0022,-0.0108,0.44,-1.571,2.429,0.0,101.17,SUCCESS
2025-12-21T03:49:54.223456+00:00,btc-updown-15m-1766288700,TRADE,DOWN,ACCUM,1,1,0.2901,0.2901,5,0.6121,10,0.38,5,0.9922,0.0392,0.5,-1.8611,3.1389,0.0,100.88,SUCCESS
2025-12-21T03:49:59.626049+00:00,btc-updown-15m-1766288700,TRADE,DOWN,ACCUM,1,1,0.3001,0.3001,5,0.6121,11,0.3728,5,0.9849,0.0755,0.55,-2.1611,3.8389,0.0,100.58,SUCCESS
2025-12-21T03:50:05.014457+00:00,btc-updown-15m-1766288700,TRADE,UP,ACCUM,2,2,0.6902,1.3803,7,0.6344,11,0.3728,7,1.0072,-0.0504,0.36,-1.5415,2.4585,0.0,99.2,SUCCESS
2025-12-21T03:53:09.601888+00:00,btc-updown-15m-1766288700,TRADE,UP,ACCUM,1,1,0.5102,0.5102,8,0.6189,11,0.3728,8,0.9917,0.0667,0.27,-1.0517,1.9483,0.0,98.69,SUCCESS
2025-12-21T03:53:15.117192+00:00,btc-updown-15m-1766288700,TRADE,UP,ACCUM,1,1,0.5301,0.5301,9,0.609,11,0.3728,9,0.9818,0.1638,0.18,-0.5818,1.4182,0.0,98.16,SUCCESS
2025-12-21T03:53:20.517789+00:00,btc-updown-15m-1766288700,TRADE,UP,ACCUM,1,1,0.5301,0.5301,10,0.6011,11,0.3728,10,0.9739,0.261,0.09,-0.1118,0.8882,0.0,97.63,SUCCESS
2025-12-21T03:53:20.517967+00:00,btc-updown-15m-1766288700,TRADE,DOWN,ACCUM,1,1,0.4802,0.4802,10,0.6011,12,0.3817,10,0.9829,0.1714,0.17,-0.592,1.408,0.0,97.15,SUCCESS
2025-12-21T03:53:25.914245+00:00,btc-updown-15m-1766288700,TRADE,UP,ACCUM,1,1,0.5501,0.5501,11,0.5965,12,0.3817,11,0.9782,0.2396,0.08,-0.1421,0.8579,0.0,96.6,SUCCESS
2025-12-21T03:53:31.312667+00:00,btc-updown-15m-1766288700,TRADE,UP,ACCUM,1,1,0.5501,0.5501,12,0.5926,12,0.3817,12,0.9744,0.3078,0.0,0.3078,0.3078,0.0,96.05,SUCCESS
2025-12-21T03:53:31.312913+00:00,btc-updown-15m-1766288700,TRADE,DOWN,ACCUM,1,1,0.46,0.46,12,0.5926,13,0.3878,12,0.9804,0.2355,0.08,-0.1522,0.8478,0.0,95.59,SUCCESS
2025-12-21T03:53:36.704888+00:00,btc-updown-15m-1766288700,TRADE,UP,ACCUM,1,1,0.5503,0.5503,13,0.5894,13,0.3878,13,0.9771,0.2975,0.0,0.2975,0.2975,0.0,95.04,SUCCESS
2025-12-21T03:53:36.705428+00:00,btc-updown-15m-1766288700,TRADE,DOWN,ACCUM,1,1,0.4601,0.4601,13,0.5894,14,0.3929,13,0.9823,0.2304,0.07,-0.1626,0.8374,0.0,94.58,SUCCESS
2025-12-21T03:53:42.117822+00:00,btc-updown-15m-1766288700,TRADE,UP,ACCUM,1,1,0.55,0.55,14,0.5866,14,0.3929,14,0.9795,0.2874,0.0,0.2874,0.2874,0.0,94.03,SUCCESS
2025-12-21T03:53:47.833683+00:00,btc-updown-15m-1766288700,TRADE,UP,ACCUM,1,1,0.5301,0.5301,15,0.5828,14,0.3929,14,0.9757,0.3401,0.07,-0.2427,0.7573,0.0,93.5,SUCCESS
2025-12-21T03:53:47.834657+00:00,btc-updown-15m-1766288700,TRADE,DOWN,ACCUM,1,1,0.4802,0.4802,15,0.5828,15,0.3987,15,0.9815,0.2771,0.0,0.2771,0.2771,0.0,93.02,SUCCESS
2025-12-21T04:00:04.323160+00:00,btc-updown-15m-1766288700,RESOLUTION,UP,MARKET_END,30,30,1.0,14.7229,15,0.5828,15,0.3987,15,0.9815,0.2771,0.0,0.0,0.0,0.2775,108.02,RESOLVED
2025-12-21T04:00:16.947296+00:00,btc-updown-15m-1766289600,TRADE,UP,ACCUM,1,1,0.57,0.57,1,0.57,0,0.0,0,0.0,0.0,1.0,-0.57,0.43,0.0,107.45,SUCCESS
2025-12-21T04:00:16.947604+00:00,btc-updown-15m-1766289600,TRADE,DOWN,ACCUM,1,1,0.4302,0.4302,1,0.57,1,0.4302,1,1.0002,-0.0002,0.0,-0.0002,-0.0002,0.0,107.01,SUCCESS
2025-12-21T04:01:01.014739+00:00,btc-updown-15m-1766289600,TRADE,DOWN,ACCUM,1,1,0.4101,0.4101,1,0.57,2,0.4202,1,0.9902,0.0098,0.5,-0.4104,0.5896,0.0,106.6,SUCCESS
2025-12-21T04:01:06.510991+00:00,btc-updown-15m-1766289600,TRADE,DOWN,ACCUM,1,1,0.4202,0.4202,1,0.57,3,0.4202,1,0.9902,0.0098,0.67,-0.8306,1.1694,0.0,106.18,SUCCESS
2025-12-21T04:01:11.897426+00:00,btc-updown-15m-1766289600,TRADE,DOWN,ACCUM,1,1,0.39,0.39,1,0.57,4,0.4126,1,0.9827,0.0173,0.75,-1.2206,1.7794,0.0,105.79,SUCCESS
2025-12-21T04:01:17.283745+00:00,btc-updown-15m-1766289600,TRADE,DOWN,ACCUM,1,1,0.3901,0.3901,1,0.57,5,0.4081,1,0.9781,0.0219,0.8,-1.6106,2.3894,0.0,105.4,SUCCESS
2025-12-21T04:01:22.688542+00:00,btc-updown-15m-1766289600,TRADE,DOWN,ACCUM,1,1,0.3801,0.3801,1,0.57,6,0.4034,1,0.9735,0.0265,0.83,-1.9907,3.0093,0.0,105.02,SUCCESS
2025-12-21T04:01:28.081648+00:00,btc-updown-15m-1766289600,TRADE,UP,ACCUM,1,1,0.6102,0.6102,2,0.5901,6,0.4034,2,0.9936,0.0129,0.67,-1.6009,2.3991,0.0,104.41,SUCCESS
2025-12-21T04:01:28.082872+00:00,btc-updown-15m-1766289600,TRADE,DOWN,ACCUM,1,1,0.4,0.4,2,0.5901,7,0.403,2,0.9931,0.0139,0.71,-2.0009,2.9991,0.0,104.01,SUCCESS
2025-12-21T04:01:33.475570+00:00,btc-updown-15m-1766289600,TRADE,DOWN,ACCUM,1,1,0.4102,0.4102,2,0.5901,8,0.4039,2,0.994,0.0121,0.75,-2.4111,3.5889,0.0,103.6,SUCCESS
2025-12-21T04:01:39.075485+00:00,btc-updown-15m-1766289600,TRADE,UP,ACCUM,2,2,0.6002,1.2004,4,0.5952,8,0.4039,4,0.999,0.0039,0.5,-1.6115,2.3885,0.0,102.4,SUCCESS
2025-12-21T04:02:38.739413+00:00,btc-updown-15m-1766289600,TRADE,UP,ACCUM,1,1,0.4802,0.4802,5,0.5722,8,0.4039,5,0.976,0.1199,0.38,-1.0917,1.9083,0.0,101.92,SUCCESS
2025-12-21T04:02:44.217203+00:00,btc-updown-15m-1766289600,TRADE,UP,ACCUM,1,1,0.5601,0.5601,6,0.5702,8,0.4039,6,0.974,0.1559,0.25,-0.6518,1.3482,0.0,101.36,SUCCESS
2025-12-21T04:02:44.218152+00:00,btc-updown-15m-1766289600,TRADE,DOWN,ACCUM,1,1,0.4602,0.4602,6,0.5702,9,0.4101,6,0.9803,0.1183,0.33,-1.112,1.888,0.0,100.9,SUCCESS
2025-12-21T04:02:49.616755+00:00,btc-updown-15m-1766289600,TRADE,UP,ACCUM,1,1,0.5501,0.5501,7,0.5673,9,0.4101,7,0.9774,0.1581,0.22,-0.6621,1.3379,0.0,100.35,SUCCESS
2025-12-21T04:02:49.617635+00:00,btc-updown-15m-1766289600,TRADE,DOWN,ACCUM,1,1,0.4802,0.4802,7,0.5673,10,0.4171,7,0.9844,0.1091,0.3,-1.1423,1.8577,0.0,99.87,SUCCESS
2025-12-21T04:02:55.020242+00:00,btc-updown-15m-1766289600,TRADE,UP,ACCUM,1,1,0.5201,0.5201,8,0.5614,10,0.4171,8,0.9785,0.1718,0.2,-0.6624,1.3376,0.0,99.35,SUCCESS
2025-12-21T04:03:00.416853+00:00,btc-updown-15m-1766289600,TRADE,UP,ACCUM,1,1,0.5301,0.5301,9,0.5579,10,0.4171,9,0.975,0.2246,0.1,-0.1925,0.8075,0.0,98.82,SUCCESS
2025-12-21T04:03:00.417254+00:00,btc-updown-15m-1766289600,TRADE,DOWN,ACCUM,1,1,0.4902,0.4902,9,0.5579,11,0.4238,9,0.9817,0.1648,0.18,-0.6827,1.3173,0.0,98.33,SUCCESS
2025-12-21T04:03:05.835503+00:00,btc-updown-15m-1766289600,TRADE,DOWN,ACCUM,1,1,0.5,0.5,9,0.5579,12,0.4301,9,0.988,0.1076,0.25,-1.1827,1.8173,0.0,97.83,SUCCESS
2025-12-21T04:03:11.229603+00:00,btc-updown-15m-1766289600,TRADE,UP,ACCUM,1,1,0.5098,0.5098,10,0.5531,12,0.4301,10,0.9832,0.1678,0.17,-0.6925,1.3075,0.0,97.32,SUCCESS
2025-12-21T04:03:16.677848+00:00,btc-updown-15m-1766289600,TRADE,UP,ACCUM,1,1,0.4802,0.4802,11,0.5465,12,0.4301,11,0.9766,0.2575,0.08,-0.1727,0.8273,0.0,96.84,SUCCESS
2025-12-21T04:03:16.678807+00:00,btc-updown-15m-1766289600,TRADE,DOWN,ACCUM,1,1,0.5402,0.5402,11,0.5465,13,0.4386,11,0.9851,0.1643,0.15,-0.7129,1.2871,0.0,96.3,SUCCESS
2025-12-21T04:03:22.079372+00:00,btc-updown-15m-1766289600,TRADE,UP,ACCUM,1,1,0.31,0.31,12,0.5268,13,0.4386,12,0.9654,0.4157,0.08,-0.0229,0.9771,0.0,95.99,SUCCESS
2025-12-21T04:03:27.472491+00:00,btc-updown-15m-1766289600,TRADE,UP,ACCUM,1,1,0.3401,0.3401,13,0.5124,13,0.4386,13,0.951,0.637,0.0,0.637,0.637,0.0,95.65,SUCCESS
2025-12-21T04:03:27.474222+00:00,btc-updown-15m-1766289600,TRADE,DOWN,ACCUM,1,1,0.6802,0.6802,13,0.5124,14,0.4558,13,0.9683,0.4127,0.07,-0.0432,0.9568,0.0,94.97,SUCCESS
2025-12-21T04:03:32.877708+00:00,btc-updown-15m-1766289600,TRADE,DOWN,ACCUM,1,1,0.71,0.71,13,0.5124,15,0.4728,13,0.9852,0.1924,0.13,-0.7532,1.2468,0.0,94.26,SUCCESS
2025-12-21T04:03:38.259263+00:00,btc-updown-15m-1766289600,TRADE,UP,ACCUM,1,1,0.2701,0.2701,14,0.4951,15,0.4728,14,0.9679,0.4495,0.07,-0.0233,0.9767,0.0,93.99,SUCCESS
2025-12-21T04:03:43.677367+00:00,btc-updown-15m-1766289600,TRADE,UP,ACCUM,1,1,0.27,0.27,15,0.4801,15,0.4728,15,0.9529,0.7067,0.0,0.7067,0.7067,0.0,93.72,SUCCESS
2025-12-21T04:15:01.741175+00:00,btc-updown-15m-1766289600,RESOLUTION,UP,MARKET_END,30,30,1.0,14.2933,15,0.4801,15,0.4728,15,0.9529,0.7067,0.0,0.0,0.0,0.7065,108.72,RESOLVED
2025-12-21T04:15:09.772080+00:00,btc-updown-15m-1766290500,TRADE,UP,ACCUM,1,1,0.5801,0.5801,1,0.5801,0,0.0,0,0.0,0.0,1.0,-0.5801,0.4199,0.0,108.14,SUCCESS
2025-12-21T04:15:09.772419+00:00,btc-updown-15m-1766290500,TRADE,DOWN,ACCUM,1,1,0.4302,0.4302,1,0.5801,1,0.4302,1,1.0103,-0.0103,0.0,-0.0103,-0.0103,0.0,107.71,SUCCESS
2025-12-21T04:16:25.841296+00:00,btc-updown-15m-1766290500,TRADE,DOWN,ACCUM,1,1,0.3601,0.3601,1,0.5801,2,0.3951,1,0.9753,0.0247,0.5,-0.3704,0.6296,0.0,107.35,SUCCESS
2025-12-21T04:16:36.825928+00:00,btc-updown-15m-1766290500,TRADE,DOWN,ACCUM,1,1,0.35,0.35,1,0.5801,3,0.3801,1,0.9602,0.0398,0.67,-0.7204,1.2796,0.0,107.0,SUCCESS
2025-12-21T04:16:42.221988+00:00,btc-updown-15m-1766290500,TRADE,DOWN,ACCUM,1,1,0.3501,0.3501,1,0.5801,4,0.3726,1,0.9527,0.0473,0.75,-1.0705,1.9295,0.0,106.65,SUCCESS
2025-12-21T04:16:47.654520+00:00,btc-updown-15m-1766290500,TRADE,DOWN,ACCUM,1,1,0.34,0.34,1,0.5801,5,0.3661,1,0.9462,0.0538,0.8,-1.4105,2.5895,0.0,106.31,SUCCESS
2025-12-21T04:17:03.987782+00:00,btc-updown-15m-1766290500,TRADE,DOWN,ACCUM,1,1,0.32,0.32,1,0.5801,6,0.3584,1,0.9385,0.0615,0.83,-1.7305,3.2695,0.0,105.99,SUCCESS
2025-12-21T04:17:09.492907+00:00,btc-updown-15m-1766290500,TRADE,DOWN,ACCUM,1,1,0.3301,0.3301,1,0.5801,7,0.3544,1,0.9345,0.0655,0.86,-2.0607,3.9393,0.0,105.66,SUCCESS
2025-12-21T04:17:14.904813+00:00,btc-updown-15m-1766290500,TRADE,UP,ACCUM,2,2,0.6903,1.3806,3,0.6536,7,0.3544,3,1.008,-0.0239,0.57,-1.4413,2.5587,0.0,104.28,SUCCESS
2025-12-21T04:19:09.180248+00:00,btc-updown-15m-1766290500,TRADE,UP,ACCUM,1,1,0.5799,0.5799,4,0.6352,7,0.3544,4,0.9895,0.0419,0.43,-1.0212,1.9788,0.0,103.7,SUCCESS
2025-12-21T04:19:19.980375+00:00,btc-updown-15m-1766290500,TRADE,DOWN,ACCUM,1,1,0.3801,0.3801,4,0.6352,8,0.3576,4,0.9927,0.029,0.5,-1.4013,2.5987,0.0,103.32,SUCCESS
2025-12-21T04:19:25.496233+00:00,btc-updown-15m-1766290500,TRADE,UP,ACCUM,1,1,0.6401,0.6401,5,0.6361,8,0.3576,5,0.9937,0.0314,0.38,-1.0413,1.9587,0.0,102.68,SUCCESS
2025-12-21T04:19:31.019400+00:00,btc-updown-15m-1766290500,TRADE,UP,ACCUM,1,1,0.6401,0.6401,6,0.6368,8,0.3576,6,0.9944,0.0337,0.25,-0.6815,1.3185,0.0,102.04,SUCCESS
2025-12-21T04:19:36.413280+00:00,btc-updown-15m-1766290500,TRADE,UP,ACCUM,1,1,0.6402,0.6402,7,0.6373,8,0.3576,7,0.9949,0.0359,0.12,-0.3217,0.6783,0.0,101.4,SUCCESS
2025-12-21T04:19:58.282936+00:00,btc-updown-15m-1766290500,TRADE,DOWN,ACCUM,1,1,0.3101,0.3101,7,0.6373,9,0.3523,7,0.9896,0.0728,0.22,-0.6318,1.3682,0.0,101.09,SUCCESS
2025-12-21T04:20:09.106217+00:00,btc-updown-15m-1766290500,TRADE,DOWN,ACCUM,1,1,0.22,0.22,7,0.6373,10,0.3391,7,0.9764,0.1654,0.3,-0.8518,2.1482,0.0,100.87,SUCCESS
2025-12-21T04:20:14.597823+00:00,btc-updown-15m-1766290500,TRADE,UP,ACCUM,1,1,0.7801,0.7801,8,0.6551,10,0.3391,8,0.9942,0.0463,0.2,-0.6319,1.3681,0.0,100.09,SUCCESS
2025-12-21T04:20:14.598093+00:00,btc-updown-15m-1766290500,TRADE,DOWN,ACCUM,1,1,0.2299,0.2299,8,0.6551,11,0.3292,8,0.9843,0.1256,0.27,-0.8618,2.1382,0.0,99.86,SUCCESS
2025-12-21T04:20:19.995742+00:00,btc-updown-15m-1766290500,TRADE,DOWN,ACCUM,1,1,0.2301,0.2301,8,0.6551,12,0.3209,8,0.976,0.1917,0.33,-1.092,2.908,0.0,99.63,SUCCESS
2025-12-21T04:20:25.511847+00:00,btc-updown-15m-1766290500,TRADE,DOWN,ACCUM,1,1,0.18,0.18,8,0.6551,13,0.3101,8,0.9652,0.2784,0.38,-1.272,3.728,0.0,99.45,SUCCESS
2025-12-21T04:20:31.056424+00:00,btc-updown-15m-1766290500,TRADE,UP,ACCUM,1,1,0.8604,0.8604,9,0.6779,13,0.3101,9,0.988,0.1079,0.31,-1.1323,2.8677,0.0,98.59,SUCCESS
2025-12-21T04:20:31.056599+00:00,btc-updown-15m-1766290500,TRADE,DOWN,ACCUM,1,1,0.1501,0.1501,9,0.6779,14,0.2986,9,0.9766,0.2108,0.36,-1.2824,3.7176,0.0,98.44,SUCCESS
2025-12-21T04:20:36.439685+00:00,btc-updown-15m-1766290500,TRADE,DOWN,ACCUM,1,1,0.1701,0.1701,9,0.6779,15,0.2901,9,0.968,0.2879,0.4,-1.4525,4.5475,0.0,98.27,SUCCESS
2025-12-21T04:20:47.233505+00:00,btc-updown-15m-1766290500,TRADE,UP,ACCUM,2,2,0.8402,1.6804,11,0.7074,15,0.2901,11,0.9975,0.0274,0.27,-1.1328,2.8672,0.0,96.59,SUCCESS
2025-12-21T04:23:25.113882+00:00,btc-updown-15m-1766290500,TRADE,UP,ACCUM,1,1,0.6602,0.6602,12,0.7035,15,0.2901,12,0.9936,0.0771,0.2,-0.7931,2.2069,0.0,95.93,SUCCESS
2025-12-21T04:23:35.978888+00:00,btc-updown-15m-1766290500,TRADE,UP,ACCUM,1,1,0.6401,0.6401,13,0.6986,15,0.2901,13,0.9887,0.147,0.13,-0.4332,1.5668,0.0,95.29,SUCCESS
2025-12-21T04:23:41.391121+00:00,btc-updown-15m-1766290500,TRADE,UP,ACCUM,1,1,0.6903,0.6903,14,0.698,15,0.2901,14,0.9881,0.1666,0.07,-0.1235,0.8765,0.0,94.6,SUCCESS
2025-12-21T04:23:46.781425+00:00,btc-updown-15m-1766290500,TRADE,UP,ACCUM,1,1,0.7401,0.7401,15,0.7008,15,0.2901,15,0.9909,0.1365,0.0,0.1365,0.1365,0.0,93.86,SUCCESS
2025-12-21T04:30:03.261934+00:00,btc-updown-15m-1766290500,RESOLUTION,DOWN,MARKET_END,30,30,1.0,14.8635,15,0.7008,15,0.2901,15,0.9909,0.1365,0.0,0.0,0.0,0.1365,108.86,RESOLVED
2025-12-21T04:30:10.764450+00:00,btc-updown-15m-1766291400,TRADE,UP,ACCUM,1,1,0.5002,0.5002,1,0.5002,0,0.0,0,0.0,0.0,1.0,-0.5002,0.4998,0.0,108.36,SUCCESS
2025-12-21T04:30:10.764701+00:00,btc-updown-15m-1766291400,TRADE,DOWN,ACCUM,1,1,0.5101,0.5101,1,0.5002,1,0.5101,1,1.0103,-0.0103,0.0,-0.0103,-0.0103,0.0,107.85,SUCCESS
2025-12-21T04:30:54.291580+00:00,btc-updown-15m-1766291400,TRADE,DOWN,ACCUM,1,1,0.4001,0.4001,1,0.5002,2,0.4551,1,0.9553,0.0447,0.5,-0.4103,0.5897,0.0,107.45,SUCCESS
2025-12-21T04:30:59.692106+00:00,btc-updown-15m-1766291400,TRADE,UP,ACCUM,1,1,0.5701,0.5701,2,0.5351,2,0.4551,2,0.9902,0.0196,0.0,0.0196,0.0196,0.0,106.88,SUCCESS
2025-12-21T04:30:59.692265+00:00,btc-updown-15m-1766291400,TRADE,DOWN,ACCUM,1,1,0.45,0.45,2,0.5351,3,0.4534,2,0.9885,0.023,0.33,-0.4304,0.5696,0.0,106.43,SUCCESS
2025-12-21T04:31:21.387322+00:00,btc-updown-15m-1766291400,TRADE,UP,ACCUM,1,1,0.4901,0.4901,3,0.5201,3,0.4534,3,0.9735,0.0795,0.0,0.0795,0.0795,0.0,105.94,SUCCESS
2025-12-21T04:31:26.797249+00:00,btc-updown-15m-1766291400,TRADE,UP,ACCUM,1,1,0.4701,0.4701,4,0.5076,3,0.4534,3,0.961,0.117,0.25,-0.3906,0.6094,0.0,105.47,SUCCESS
2025-12-21T04:31:32.214089+00:00,btc-updown-15m-1766291400,TRADE,DOWN,ACCUM,1,1,0.5402,0.5402,4,0.5076,4,0.4751,4,0.9827,0.0692,0.0,0.0692,0.0692,0.0,104.93,SUCCESS
2025-12-21T04:31:37.710654+00:00,btc-updown-15m-1766291400,TRADE,UP,ACCUM,1,1,0.4702,0.4702,5,0.5001,4,0.4751,4,0.9752,0.0992,0.2,-0.401,0.599,0.0,104.46,SUCCESS
2025-12-21T04:31:43.109484+00:00,btc-updown-15m-1766291400,TRADE,UP,ACCUM,1,1,0.4699,0.4699,6,0.4951,4,0.4751,4,0.9702,0.1193,0.33,-0.8708,1.1292,0.0,103.99,SUCCESS
2025-12-21T04:31:43.110503+00:00,btc-updown-15m-1766291400,TRADE,DOWN,ACCUM,1,1,0.5402,0.5402,6,0.4951,5,0.4881,5,0.9832,0.084,0.17,-0.411,0.589,0.0,103.45,SUCCESS
2025-12-21T04:31:48.625258+00:00,btc-updown-15m-1766291400,TRADE,UP,ACCUM,1,1,0.4601,0.4601,7,0.4901,5,0.4881,5,0.9782,0.1091,0.29,-0.8711,1.1289,0.0,102.99,SUCCESS
2025-12-21T04:31:48.625508+00:00,btc-updown-15m-1766291400,TRADE,DOWN,ACCUM,1,1,0.5502,0.5502,7,0.4901,6,0.4985,6,0.9885,0.0688,0.14,-0.4213,0.5787,0.0,102.44,SUCCESS
2025-12-21T04:31:54.121772+00:00,btc-updown-15m-1766291400,TRADE,UP,ACCUM,1,1,0.46,0.46,8,0.4863,6,0.4985,6,0.9848,0.0913,0.25,-0.8813,1.1187,0.0,101.98,SUCCESS
2025-12-21T04:31:59.543402+00:00,btc-updown-15m-1766291400,TRADE,UP,ACCUM,1,1,0.45,0.45,9,0.4823,6,0.4985,6,0.9807,0.1155,0.33,-1.3313,1.6687,0.0,101.53,SUCCESS
2025-12-21T04:32:04.960081+00:00,btc-updown-15m-1766291400,TRADE,DOWN,ACCUM,1,1,0.5501,0.5501,9,0.4823,7,0.5058,7,0.9881,0.0831,0.22,-0.8815,1.1185,0.0,100.98,SUCCESS
2025-12-21T04:32:10.347553+00:00,btc-updown-15m-1766291400,TRADE,UP,ACCUM,1,1,0.4902,0.4902,10,0.4831,7,0.5058,7,0.9889,0.0776,0.3,-1.3717,1.6283,0.0,100.49,SUCCESS
2025-12-21T04:32:10.348441+00:00,btc-updown-15m-1766291400,TRADE,DOWN,ACCUM,1,1,0.52,0.52,10,0.4831,8,0.5076,8,0.9907,0.0745,0.2,-0.8917,1.1083,0.0,99.97,SUCCESS
2025-12-21T04:32:15.773494+00:00,btc-updown-15m-1766291400,TRADE,DOWN,ACCUM,1,1,0.4602,0.4602,10,0.4831,9,0.5023,9,0.9854,0.1312,0.1,-0.3519,0.6481,0.0,99.51,SUCCESS
2025-12-21T04:32:26.686102+00:00,btc-updown-15m-1766291400,TRADE,DOWN,ACCUM,1,1,0.4702,0.4702,10,0.4831,10,0.4991,10,0.9822,0.1779,0.0,0.1779,0.1779,0.0,99.04,SUCCESS
2025-12-21T04:32:32.070376+00:00,btc-updown-15m-1766291400,TRADE,DOWN,ACCUM,1,1,0.4702,0.4702,10,0.4831,11,0.4965,10,0.9796,0.2043,0.09,-0.2922,0.7078,0.0,98.57,SUCCESS
2025-12-21T04:32:37.455941+00:00,btc-updown-15m-1766291400,TRADE,UP,ACCUM,1,1,0.5402,0.5402,11,0.4883,11,0.4965,11,0.9848,0.1675,0.0,0.1675,0.1675,0.0,98.03,SUCCESS
2025-12-21T04:32:37.456800+00:00,btc-updown-15m-1766291400,TRADE,DOWN,ACCUM,1,1,0.4702,0.4702,11,0.4883,12,0.4943,11,0.9826,0.1917,0.08,-0.3026,0.6974,0.0,97.56,SUCCESS
2025-12-21T04:32:42.848884+00:00,btc-updown-15m-1766291400,TRADE,UP,ACCUM,1,1,0.5302,0.5302,12,0.4918,12,0.4943,12,0.9861,0.1672,0.0,0.1672,0.1672,0.0,97.03,SUCCESS
2025-12-21T04:32:42.849152+00:00,btc-updown-15m-1766291400,TRADE,DOWN,ACCUM,1,1,0.4801,0.4801,12,0.4918,13,0.4932,12,0.985,0.1803,0.08,-0.3129,0.6871,0.0,96.55,SUCCESS
2025-12-21T04:32:48.262949+00:00,btc-updown-15m-1766291400,TRADE,UP,ACCUM,1,1,0.5303,0.5303,13,0.4947,13,0.4932,13,0.9879,0.1568,0.0,0.1568,0.1568,0.0,96.02,SUCCESS
2025-12-21T04:32:48.263260+00:00,btc-updown-15m-1766291400,TRADE,DOWN,ACCUM,1,1,0.4901,0.4901,13,0.4947,14,0.493,13,0.9877,0.1597,0.07,-0.3333,0.6667,0.0,95.52,SUCCESS
2025-12-21T04:32:53.797140+00:00,btc-updown-15m-1766291400,TRADE,UP,ACCUM,1,1,0.5301,0.5301,14,0.4973,14,0.493,14,0.9902,0.1366,0.0,0.1366,0.1366,0.0,94.99,SUCCESS
2025-12-21T04:32:59.190051+00:00,btc-updown-15m-1766291400,TRADE,UP,ACCUM,1,1,0.5301,0.5301,15,0.4994,14,0.493,14,0.9924,0.1059,0.07,-0.3935,0.6065,0.0,94.46,SUCCESS
2025-12-21T04:32:59.191050+00:00,btc-updown-15m-1766291400,TRADE,DOWN,ACCUM,1,1,0.49,0.49,15,0.4994,15,0.4928,15,0.9922,0.1165,0.0,0.1165,0.1165,0.0,93.97,SUCCESS
2025-12-21T04:45:02.817545+00:00,btc-updown-15m-1766291400,RESOLUTION,DOWN,MARKET_END,30,30,1.0,14.8835,15,0.4994,15,0.4928,15,0.9922,0.1165,0.0,0.0,0.0,0.117,108.97,RESOLVED
2025-12-21T04:45:10.335570+00:00,btc-updown-15m-1766292300,TRADE,UP,ACCUM,1,1,0.5402,0.5402,1,0.5402,0,0.0,0,0.0,0.0,1.0,-0.5402,0.4598,0.0,108.43,SUCCESS
2025-12-21T04:45:10.335791+00:00,btc-updown-15m-1766292300,TRADE,DOWN,ACCUM,1,1,0.47,0.47,1,0.5402,1,0.47,1,1.0102,-0.0102,0.0,-0.0102,-0.0102,0.0,107.96,SUCCESS
2025-12-21T04:45:21.108928+00:00,btc-updown-15m-1766292300,TRADE,UP,ACCUM,1,1,0.49,0.49,2,0.5151,1,0.47,1,0.9851,0.0149,0.5,-0.5002,0.4998,0.0,107.47,SUCCESS
2025-12-21T04:45:26.501867+00:00,btc-updown-15m-1766292300,TRADE,UP,ACCUM,1,1,0.4902,0.4902,3,0.5068,1,0.47,1,0.9768,0.0232,0.67,-0.9904,1.0096,0.0,106.98,SUCCESS
2025-12-21T04:45:31.903463+00:00,btc-updown-15m-1766292300,TRADE,UP,ACCUM,1,1,0.4701,0.4701,4,0.4976,1,0.47,1,0.9676,0.0324,0.75,-1.4604,1.5396,0.0,106.51,SUCCESS
2025-12-21T04:45:37.307687+00:00,btc-updown-15m-1766292300,TRADE,UP,ACCUM,1,1,0.4801,0.4801,5,0.4941,1,0.47,1,0.9641,0.0359,0.8,-1.9405,2.0595,0.0,106.03,SUCCESS
2025-12-21T04:45:42.719552+00:00,btc-updown-15m-1766292300,TRADE,UP,ACCUM,1,1,0.4802,0.4802,6,0.4918,1,0.47,1,0.9618,0.0382,0.83,-2.4207,2.5793,0.0,105.55,SUCCESS
2025-12-21T04:46:04.315138+00:00,btc-updown-15m-1766292300,TRADE,UP,ACCUM,1,1,0.42,0.42,7,0.4815,1,0.47,1,0.9515,0.0485,0.86,-2.8408,3.1592,0.0,105.13,SUCCESS
2025-12-21T04:46:36.728332+00:00,btc-updown-15m-1766292300,TRADE,DOWN,ACCUM,2,2,0.56,1.1201,7,0.4815,3,0.53,3,1.0116,-0.0347,0.57,-1.9608,2.0392,0.0,104.01,SUCCESS
2025-12-21T04:49:02.756302+00:00,btc-updown-15m-1766292300,TRADE,UP,ACCUM,1,1,0.3402,0.3402,8,0.4639,3,0.53,3,0.9939,0.0183,0.62,-2.301,2.699,0.0,103.67,SUCCESS
2025-12-21T04:49:18.935944+00:00,btc-updown-15m-1766292300,TRADE,UP,ACCUM,1,1,0.28,0.28,9,0.4434,3,0.53,3,0.9735,0.0796,0.67,-2.581,3.419,0.0,103.39,SUCCESS
2025-12-21T04:54:33.810892+00:00,btc-updown-15m-1766292300,TRADE,DOWN,ACCUM,2,2,0.5601,1.1202,9,0.4434,5,0.5421,5,0.9855,0.0725,0.44,-1.7012,2.2988,0.0,102.27,SUCCESS
2025-12-21T04:54:39.189172+00:00,btc-updown-15m-1766292300,TRADE,UP,ACCUM,1,1,0.42,0.42,10,0.4411,5,0.5421,5,0.9831,0.0843,0.5,-2.1212,2.8788,0.0,101.85,SUCCESS
2025-12-21T04:54:44.765262+00:00,btc-updown-15m-1766292300,TRADE,DOWN,ACCUM,1,1,0.6002,0.6002,10,0.4411,6,0.5517,6,0.9928,0.043,0.4,-1.7214,2.2786,0.0,101.25,SUCCESS
2025-12-21T04:54:50.158562+00:00,btc-updown-15m-1766292300,TRADE,UP,ACCUM,1,1,0.4202,0.4202,11,0.4392,6,0.5517,6,0.9909,0.0544,0.45,-2.1415,2.8585,0.0,100.83,SUCCESS
2025-12-21T04:54:55.559081+00:00,btc-updown-15m-1766292300,TRADE,UP,ACCUM,1,1,0.42,0.42,12,0.4376,6,0.5517,6,0.9893,0.064,0.5,-2.5616,3.4384,0.0,100.41,SUCCESS
2025-12-21T04:55:01.010931+00:00,btc-updown-15m-1766292300,TRADE,DOWN,ACCUM,2,2,0.61,1.2201,12,0.4376,8,0.5663,8,1.0039,-0.0313,0.33,-1.7816,2.2184,0.0,99.19,SUCCESS
2025-12-21T04:56:17.193296+00:00,btc-updown-15m-1766292300,TRADE,UP,ACCUM,1,1,0.2401,0.2401,13,0.4224,8,0.5663,8,0.9887,0.0903,0.38,-2.0217,2.9783,0.0,98.95,SUCCESS
2025-12-21T04:56:22.757829+00:00,btc-updown-15m-1766292300,TRADE,UP,ACCUM,1,1,0.2301,0.2301,14,0.4087,8,0.5663,8,0.975,0.2002,0.43,-2.2518,3.7482,0.0,98.72,SUCCESS
2025-12-21T04:56:33.596772+00:00,btc-updown-15m-1766292300,TRADE,DOWN,ACCUM,2,2,0.7801,1.5603,14,0.4087,10,0.6091,10,1.0177,-0.1774,0.29,-1.8121,2.1879,0.0,97.16,SUCCESS
2025-12-21T04:59:05.523911+00:00,btc-updown-15m-1766292300,TRADE,UP,ACCUM,1,1,0.06,0.06,15,0.3854,10,0.6091,10,0.9945,0.055,0.33,-1.8721,3.1279,0.0,97.1,SUCCESS
2025-12-21T05:00:05.026955+00:00,btc-updown-15m-1766292300,RESOLUTION,UP,MARKET_END,25,25,1.0,11.8721,15,0.3854,10,0.6091,10,0.9945,0.055,0.33,0.0,0.0,3.128,112.1,RESOLVED
2025-12-21T05:00:44.403747+00:00,btc-updown-15m-1766293200,TRADE,UP,ACCUM,1,1,0.3701,0.3701,1,0.3701,0,0.0,0,0.0,0.0,1.0,-0.3701,0.6299,0.0,111.73,SUCCESS
2025-12-21T05:00:44.404192+00:00,btc-updown-15m-1766293200,TRADE,DOWN,ACCUM,1,1,0.6402,0.6402,1,0.3701,1,0.6402,1,1.0103,-0.0103,0.0,-0.0103,-0.0103,0.0,111.09,SUCCESS
2025-12-21T05:00:49.810911+00:00,btc-updown-15m-1766293200,TRADE,DOWN,ACCUM,1,1,0.6003,0.6003,1,0.3701,2,0.6202,1,0.9903,0.0097,0.5,-0.6106,0.3894,0.0,110.49,SUCCESS
2025-12-21T05:00:55.214374+00:00,btc-updown-15m-1766293200,TRADE,DOWN,ACCUM,1,1,0.6302,0.6302,1,0.3701,3,0.6236,1,0.9937,0.0063,0.67,-1.2408,0.7592,0.0,109.86,SUCCESS
2025-12-21T05:01:06.056359+00:00,btc-updown-15m-1766293200,TRADE,UP,ACCUM,1,1,0.3701,0.3701,2,0.3701,3,0.6236,2,0.9937,0.0127,0.33,-0.6109,0.3891,0.0,109.49,SUCCESS
2025-12-21T05:01:16.849406+00:00,btc-updown-15m-1766293200,TRADE,UP,ACCUM,1,1,0.3701,0.3701,3,0.3701,3,0.6236,3,0.9937,0.019,0.0,0.019,0.019,0.0,109.12,SUCCESS
2025-12-21T05:01:22.222810+00:00,btc-updown-15m-1766293200,TRADE,UP,ACCUM,1,1,0.3702,0.3702,4,0.3701,3,0.6236,3,0.9937,0.019,0.25,-0.3511,0.6489,0.0,108.75,SUCCESS
2025-12-21T05:01:27.668611+00:00,btc-updown-15m-1766293200,TRADE,UP,ACCUM,1,1,0.3701,0.3701,5,0.3701,3,0.6236,3,0.9937,0.019,0.4,-0.7212,1.2788,0.0,108.38,SUCCESS
2025-12-21T05:01:49.301864+00:00,btc-updown-15m-1766293200,TRADE,DOWN,ACCUM,1,1,0.6003,0.6003,5,0.3701,4,0.6177,4,0.9878,0.0486,0.2,-0.3215,0.6785,0.0,107.78,SUCCESS
2025-12-21T05:01:54.692787+00:00,btc-updown-15m-1766293200,TRADE,DOWN,ACCUM,1,1,0.6203,0.6203,5,0.3701,5,0.6183,5,0.9884,0.0582,0.0,0.0582,0.0582,0.0,107.16,SUCCESS
2025-12-21T05:02:00.088654+00:00,btc-updown-15m-1766293200,TRADE,UP,ACCUM,1,1,0.4,0.4,6,0.3751,5,0.6183,5,0.9933,0.0333,0.17,-0.3418,0.6582,0.0,106.76,SUCCESS
2025-12-21T05:02:00.089172+00:00,btc-updown-15m-1766293200,TRADE,DOWN,ACCUM,1,1,0.6099,0.6099,6,0.3751,6,0.6169,6,0.992,0.0483,0.0,0.0483,0.0483,0.0,106.15,SUCCESS
2025-12-21T05:02:05.484377+00:00,btc-updown-15m-1766293200,TRADE,DOWN,ACCUM,1,1,0.6001,0.6001,6,0.3751,7,0.6145,6,0.9896,0.0626,0.14,-0.5518,0.4482,0.0,105.55,SUCCESS
2025-12-21T05:02:10.876777+00:00,btc-updown-15m-1766293200,TRADE,DOWN,ACCUM,1,1,0.5802,0.5802,6,0.3751,8,0.6102,6,0.9853,0.0884,0.25,-1.132,0.868,0.0,104.97,SUCCESS
2025-12-21T05:02:16.407718+00:00,btc-updown-15m-1766293200,TRADE,DOWN,ACCUM,1,1,0.4301,0.4301,6,0.3751,9,0.5902,6,0.9653,0.2084,0.33,-1.5621,1.4379,0.0,104.54,SUCCESS
2025-12-21T05:02:21.804288+00:00,btc-updown-15m-1766293200,TRADE,DOWN,ACCUM,1,1,0.34,0.34,6,0.3751,10,0.5652,6,0.9402,0.3585,0.4,-1.9021,2.0979,0.0,104.2,SUCCESS
2025-12-21T05:02:27.196693+00:00,btc-updown-15m-1766293200,TRADE,UP,ACCUM,1,1,0.5302,0.5302,7,0.3972,10,0.5652,7,0.9624,0.2632,0.3,-1.4323,1.5677,0.0,103.67,SUCCESS
2025-12-21T05:02:27.197003+00:00,btc-updown-15m-1766293200,TRADE,DOWN,ACCUM,1,1,0.4801,0.4801,7,0.3972,11,0.5574,7,0.9547,0.3173,0.36,-1.9124,2.0876,0.0,103.19,SUCCESS
2025-12-21T05:02:32.598767+00:00,btc-updown-15m-1766293200,TRADE,UP,ACCUM,1,1,0.5601,0.5601,8,0.4176,11,0.5574,8,0.975,0.1998,0.27,-1.4725,1.5275,0.0,102.63,SUCCESS
2025-12-21T05:02:37.977450+00:00,btc-updown-15m-1766293200,TRADE,UP,ACCUM,1,1,0.5401,0.5401,9,0.4312,11,0.5574,9,0.9886,0.1023,0.18,-1.0126,0.9874,0.0,102.09,SUCCESS
2025-12-21T05:02:37.977689+00:00,btc-updown-15m-1766293200,TRADE,DOWN,ACCUM,1,1,0.4702,0.4702,9,0.4312,12,0.5502,9,0.9814,0.1677,0.25,-1.4828,1.5172,0.0,101.62,SUCCESS
2025-12-21T05:02:43.366052+00:00,btc-updown-15m-1766293200,TRADE,UP,ACCUM,1,1,0.5301,0.5301,10,0.4411,12,0.5502,10,0.9913,0.0874,0.17,-1.0129,0.9871,0.0,101.09,SUCCESS
2025-12-21T05:02:43.366776+00:00,btc-updown-15m-1766293200,TRADE,DOWN,ACCUM,1,1,0.4801,0.4801,10,0.4411,13,0.5448,10,0.9859,0.1413,0.23,-1.493,1.507,0.0,100.61,SUCCESS
2025-12-21T05:02:48.872138+00:00,btc-updown-15m-1766293200,TRADE,UP,ACCUM,1,1,0.5302,0.5302,11,0.4492,13,0.5448,11,0.994,0.0663,0.15,-1.0232,0.9768,0.0,100.08,SUCCESS
2025-12-21T05:02:48.872943+00:00,btc-updown-15m-1766293200,TRADE,DOWN,ACCUM,1,1,0.49,0.49,11,0.4492,14,0.5409,11,0.9901,0.1093,0.21,-1.5132,1.4868,0.0,99.59,SUCCESS
2025-12-21T05:02:54.277168+00:00,btc-updown-15m-1766293200,TRADE,DOWN,ACCUM,1,1,0.4901,0.4901,11,0.4492,15,0.5375,11,0.9867,0.1465,0.27,-2.0034,1.9966,0.0,99.1,SUCCESS
2025-12-21T05:02:59.674044+00:00,btc-updown-15m-1766293200,TRADE,UP,ACCUM,1,1,0.5302,0.5302,12,0.456,15,0.5375,12,0.9934,0.0788,0.2,-1.5336,1.4664,0.0,98.57,SUCCESS
2025-12-21T05:04:26.920173+00:00,btc-updown-15m-1766293200,TRADE,UP,ACCUM,1,1,0.3201,0.3201,13,0.4455,15,0.5375,13,0.983,0.2213,0.13,-0.8537,1.1463,0.0,98.25,SUCCESS
2025-12-21T05:04:32.334830+00:00,btc-updown-15m-1766293200,TRADE,UP,ACCUM,1,1,0.34,0.34,14,0.438,15,0.5375,14,0.9754,0.3438,0.07,-0.1937,0.8063,0.0,97.91,SUCCESS
2025-12-21T05:04:43.212582+00:00,btc-updown-15m-1766293200,TRADE,UP,ACCUM,1,1,0.3302,0.3302,15,0.4308,15,0.5375,15,0.9683,0.4761,0.0,0.4761,0.4761,0.0,97.58,SUCCESS
2025-12-21T05:15:01.463247+00:00,btc-updown-15m-1766293200,RESOLUTION,UP,MARKET_END,30,30,1.0,14.5239,15,0.4308,15,0.5375,15,0.9683,0.4761,0.0,0.0,0.0,0.4761,112.58,RESOLVED
2025-12-21T05:15:13.951302+00:00,btc-updown-15m-1766294100,TRADE,UP,ACCUM,1,1,0.6803,0.6803,1,0.6803,0,0.0,0,0.0,0.0,1.0,-0.6803,0.3197,0.0,111.9,SUCCESS
2025-12-21T05:15:13.951475+00:00,btc-updown-15m-1766294100,TRADE,DOWN,ACCUM,1,1,0.3301,0.3301,1,0.6803,1,0.3301,1,1.0104,-0.0104,0.0,-0.0104,-0.0104,0.0,111.57,SUCCESS
2025-12-21T05:15:35.522021+00:00,btc-updown-15m-1766294100,TRADE,DOWN,ACCUM,1,1,0.2901,0.2901,1,0.6803,2,0.3101,1,0.9904,0.0096,0.5,-0.3005,0.6995,0.0,111.28,SUCCESS
2025-12-21T05:15:41.031220+00:00,btc-updown-15m-1766294100,TRADE,DOWN,ACCUM,1,1,0.2999,0.2999,1,0.6803,3,0.3067,1,0.987,0.013,0.67,-0.6004,1.3996,0.0,110.98,SUCCESS
2025-12-21T05:15:46.431810+00:00,btc-updown-15m-1766294100,TRADE,DOWN,ACCUM,1,1,0.3,0.3,1,0.6803,4,0.305,1,0.9853,0.0147,0.75,-0.9004,2.0996,0.0,110.68,SUCCESS
2025-12-21T05:15:51.833554+00:00,btc-updown-15m-1766294100,TRADE,UP,ACCUM,1,1,0.6801,0.6801,2,0.6802,4,0.305,2,0.9852,0.0295,0.5,-0.5806,1.4194,0.0,110.0,SUCCESS
2025-12-21T05:15:51.833796+00:00,btc-updown-15m-1766294100,TRADE,DOWN,ACCUM,1,1,0.35,0.35,2,0.6802,5,0.314,2,0.9942,0.0115,0.6,-0.9306,2.0694,0.0,109.65,SUCCESS
2025-12-21T05:15:57.228759+00:00,btc-updown-15m-1766294100,TRADE,UP,ACCUM,1,1,0.57,0.57,3,0.6435,5,0.314,3,0.9575,0.1275,0.4,-0.5006,1.4994,0.0,109.08,SUCCESS
2025-12-21T05:16:02.625794+00:00,btc-updown-15m-1766294100,TRADE,UP,ACCUM,1,1,0.5601,0.5601,4,0.6226,5,0.314,4,0.9367,0.2533,0.2,-0.0607,0.9393,0.0,108.52,SUCCESS
2025-12-21T05:16:02.625947+00:00,btc-updown-15m-1766294100,TRADE,DOWN,ACCUM,1,1,0.4501,0.4501,4,0.6226,6,0.3367,4,0.9594,0.1626,0.33,-0.5109,1.4891,0.0,108.07,SUCCESS
2025-12-21T05:16:08.035317+00:00,btc-updown-15m-1766294100,TRADE,UP,ACCUM,1,1,0.5801,0.5801,5,0.6141,6,0.3367,5,0.9509,0.2457,0.17,-0.091,0.909,0.0,107.49,SUCCESS
2025-12-21T05:16:08.035803+00:00,btc-updown-15m-1766294100,TRADE,DOWN,ACCUM,1,1,0.4602,0.4602,5,0.6141,7,0.3544,5,0.9685,0.1575,0.29,-0.5512,1.4488,0.0,107.03,SUCCESS
2025-12-21T05:16:13.439370+00:00,btc-updown-15m-1766294100,TRADE,UP,ACCUM,1,1,0.56,0.56,6,0.6051,7,0.3544,6,0.9595,0.2432,0.14,-0.1111,0.8889,0.0,106.47,SUCCESS
2025-12-21T05:16:13.439725+00:00,btc-updown-15m-1766294100,TRADE,DOWN,ACCUM,1,1,0.4601,0.4601,6,0.6051,8,0.3676,6,0.9727,0.1639,0.25,-0.5712,1.4288,0.0,106.01,SUCCESS
2025-12-21T05:16:18.817219+00:00,btc-updown-15m-1766294100,TRADE,UP,ACCUM,1,1,0.5701,0.5701,7,0.6001,8,0.3676,7,0.9677,0.2263,0.12,-0.1413,0.8587,0.0,105.44,SUCCESS
2025-12-21T05:16:24.198883+00:00,btc-updown-15m-1766294100,TRADE,DOWN,ACCUM,1,1,0.4402,0.4402,7,0.6001,9,0.3756,7,0.9757,0.1698,0.22,-0.5815,1.4185,0.0,105.0,SUCCESS
2025-12-21T05:16:29.606130+00:00,btc-updown-15m-1766294100,TRADE,UP,ACCUM,1,1,0.6503,0.6503,8,0.6064,9,0.3756,8,0.982,0.1439,0.11,-0.2317,0.7683,0.0,104.35,SUCCESS
2025-12-21T05:16:29.606637+00:00,btc-updown-15m-1766294100,TRADE,DOWN,ACCUM,1,1,0.3701,0.3701,8,0.6064,10,0.3751,8,0.9815,0.1483,0.2,-0.6018,1.3982,0.0,103.98,SUCCESS
2025-12-21T05:16:35.120990+00:00,btc-updown-15m-1766294100,TRADE,UP,ACCUM,1,1,0.6502,0.6502,9,0.6112,10,0.3751,9,0.9863,0.123,0.1,-0.2521,0.7479,0.0,103.33,SUCCESS
2025-12-21T05:16:40.536157+00:00,btc-updown-15m-1766294100,TRADE,UP,ACCUM,1,1,0.6702,0.6702,10,0.6171,10,0.3751,10,0.9922,0.0777,0.0,0.0777,0.0777,0.0,102.66,SUCCESS
2025-12-21T05:16:40.536396+00:00,btc-updown-15m-1766294100,TRADE,DOWN,ACCUM,1,1,0.35,0.35,10,0.6171,11,0.3728,10,0.9899,0.1005,0.09,-0.2723,0.7277,0.0,102.31,SUCCESS
2025-12-21T05:16:45.925884+00:00,btc-updown-15m-1766294100,TRADE,UP,ACCUM,1,1,0.6502,0.6502,11,0.6201,11,0.3728,11,0.993,0.0775,0.0,0.0775,0.0775,0.0,101.66,SUCCESS
2025-12-21T05:16:45.926928+00:00,btc-updown-15m-1766294100,TRADE,DOWN,ACCUM,1,1,0.3601,0.3601,11,0.6201,12,0.3717,11,0.9919,0.0892,0.08,-0.2826,0.7174,0.0,101.3,SUCCESS
2025-12-21T05:16:51.328270+00:00,btc-updown-15m-1766294100,TRADE,DOWN,ACCUM,1,1,0.4001,0.4001,11,0.6201,13,0.3739,11,0.9941,0.0652,0.15,-0.6826,1.3174,0.0,100.9,SUCCESS
2025-12-21T05:16:56.740036+00:00,btc-updown-15m-1766294100,TRADE,UP,ACCUM,1,1,0.6203,0.6203,12,0.6202,13,0.3739,12,0.9941,0.071,0.08,-0.3029,0.6971,0.0,100.28,SUCCESS
2025-12-21T05:17:02.140986+00:00,btc-updown-15m-1766294100,TRADE,UP,ACCUM,1,1,0.6303,0.6303,13,0.6209,13,0.3739,13,0.9949,0.0668,0.0,0.0668,0.0668,0.0,99.65,SUCCESS
2025-12-21T05:17:02.141750+00:00,btc-updown-15m-1766294100,TRADE,DOWN,ACCUM,1,1,0.38,0.38,13,0.6209,14,0.3744,13,0.9953,0.0611,0.07,-0.3133,0.6867,0.0,99.27,SUCCESS
2025-12-21T05:17:29.431351+00:00,btc-updown-15m-1766294100,TRADE,UP,ACCUM,1,1,0.6001,0.6001,14,0.6195,14,0.3744,14,0.9938,0.0866,0.0,0.0866,0.0866,0.0,98.67,SUCCESS
2025-12-21T05:17:34.812761+00:00,btc-updown-15m-1766294100,TRADE,UP,ACCUM,1,1,0.5802,0.5802,15,0.6168,14,0.3744,14,0.9912,0.1233,0.07,-0.4936,0.5064,0.0,98.09,SUCCESS
2025-12-21T05:17:45.728764+00:00,btc-updown-15m-1766294100,TRADE,DOWN,ACCUM,1,1,0.42,0.42,15,0.6168,15,0.3774,15,0.9942,0.0864,0.0,0.0864,0.0864,0.0,97.67,SUCCESS
2025-12-21T05:45:16.964696+00:00,btc-updown-15m-1766295900,TRADE,UP,ACCUM,1,1,0.4101,0.4101,1,0.4101,0,0.0,0,0.0,0.0,1.0,-0.4101,0.5899,0.0,109.99,SUCCESS
2025-12-21T05:45:16.966067+00:00,btc-updown-15m-1766295900,TRADE,DOWN,ACCUM,1,1,0.6003,0.6003,1,0.4101,1,0.6003,1,1.0103,-0.0103,0.0,-0.0103,-0.0103,0.0,109.39,SUCCESS
2025-12-21T05:45:38.587151+00:00,btc-updown-15m-1766295900,TRADE,DOWN,ACCUM,1,1,0.5603,0.5603,1,0.4101,2,0.5803,1,0.9903,0.0097,0.5,-0.5706,0.4294,0.0,108.83,SUCCESS
2025-12-21T05:45:44.026330+00:00,btc-updown-15m-1766295900,TRADE,DOWN,ACCUM,1,1,0.5302,0.5302,1,0.4101,3,0.5636,1,0.9736,0.0264,0.67,-1.1008,0.8992,0.0,108.3,SUCCESS
2025-12-21T05:45:49.443614+00:00,btc-updown-15m-1766295900,TRADE,DOWN,ACCUM,1,1,0.5402,0.5402,1,0.4101,4,0.5577,1,0.9678,0.0322,0.75,-1.641,1.359,0.0,107.76,SUCCESS
2025-12-21T05:45:54.850753+00:00,btc-updown-15m-1766295900,TRADE,DOWN,ACCUM,1,1,0.5102,0.5102,1,0.4101,5,0.5482,1,0.9583,0.0417,0.8,-2.1512,1.8488,0.0,107.25,SUCCESS
2025-12-21T05:46:05.655338+00:00,btc-updown-15m-1766295900,TRADE,DOWN,ACCUM,1,1,0.5101,0.5101,1,0.4101,6,0.5419,1,0.952,0.048,0.83,-2.6613,2.3387,0.0,106.74,SUCCESS
2025-12-21T05:46:27.394884+00:00,btc-updown-15m-1766295900,TRADE,DOWN,ACCUM,1,1,0.5201,0.5201,1,0.4101,7,0.5388,1,0.9488,0.0512,0.86,-3.1814,2.8186,0.0,106.22,SUCCESS
2025-12-21T05:46:32.883388+00:00,btc-updown-15m-1766295900,TRADE,UP,ACCUM,1,1,0.4802,0.4802,2,0.4451,7,0.5388,2,0.9839,0.0322,0.71,-2.6616,2.3384,0.0,105.74,SUCCESS
2025-12-21T05:46:32.883541+00:00,btc-updown-15m-1766295900,TRADE,DOWN,ACCUM,1,1,0.5302,0.5302,2,0.4451,8,0.5377,2,0.9828,0.0344,0.75,-3.1917,2.8083,0.0,105.21,SUCCESS
2025-12-21T05:46:38.270688+00:00,btc-updown-15m-1766295900,TRADE,DOWN,ACCUM,1,1,0.5401,0.5401,2,0.4451,9,0.538,2,0.9831,0.0338,0.78,-3.7319,3.2681,0.0,104.67,SUCCESS
2025-12-21T05:46:43.666294+00:00,btc-updown-15m-1766295900,TRADE,UP,ACCUM,2,2,0.4702,0.9405,4,0.4577,9,0.538,4,0.9956,0.0175,0.56,-2.6723,2.3277,0.0,103.73,SUCCESS
2025-12-21T05:46:59.987489+00:00,btc-updown-15m-1766295900,TRADE,DOWN,ACCUM,1,1,0.4601,0.4601,4,0.4577,10,0.5302,4,0.9878,0.0486,0.6,-3.1325,2.8675,0.0,103.27,SUCCESS
2025-12-21T05:47:10.879111+00:00,btc-updown-15m-1766295900,TRADE,DOWN,ACCUM,1,1,0.4901,0.4901,4,0.4577,11,0.5265,4,0.9842,0.0632,0.64,-3.6225,3.3775,0.0,102.78,SUCCESS
2025-12-21T05:47:16.294064+00:00,btc-updown-15m-1766295900,TRADE,UP,ACCUM,2,2,0.53,1.06,6,0.4818,11,0.5265,6,1.0083,-0.0499,0.45,-2.6826,2.3174,0.0,101.72,SUCCESS
2025-12-21T05:47:59.617867+00:00,btc-updown-15m-1766295900,TRADE,UP,ACCUM,1,1,0.34,0.34,7,0.4615,11,0.5265,7,0.9881,0.0835,0.36,-2.0226,1.9774,0.0,101.38,SUCCESS
2025-12-21T05:48:05.015453+00:00,btc-updown-15m-1766295900,TRADE,UP,ACCUM,1,1,0.3701,0.3701,8,0.4501,11,0.5265,8,0.9766,0.1869,0.27,-1.3926,1.6074,0.0,101.01,SUCCESS
2025-12-21T05:48:10.613641+00:00,btc-updown-15m-1766295900,TRADE,DOWN,ACCUM,1,1,0.7103,0.7103,8,0.4501,12,0.5418,8,0.9919,0.0644,0.33,-2.103,1.897,0.0,100.3,SUCCESS
2025-12-21T05:48:15.999818+00:00,btc-updown-15m-1766295900,TRADE,UP,ACCUM,1,1,0.3,0.3,9,0.4334,12,0.5418,9,0.9753,0.2225,0.25,-1.403,1.597,0.0,100.0,SUCCESS
2025-12-21T05:48:21.389726+00:00,btc-updown-15m-1766295900,TRADE,UP,ACCUM,1,1,0.3302,0.3302,10,0.4231,12,0.5418,10,0.9649,0.3505,0.17,-0.7332,1.2668,0.0,99.67,SUCCESS
2025-12-21T05:48:21.389957+00:00,btc-updown-15m-1766295900,TRADE,DOWN,ACCUM,1,1,0.6903,0.6903,10,0.4231,13,0.5533,10,0.9764,0.2363,0.23,-1.4235,1.5765,0.0,98.98,SUCCESS
2025-12-21T05:48:26.795096+00:00,btc-updown-15m-1766295900,TRADE,UP,ACCUM,1,1,0.3301,0.3301,11,0.4146,13,0.5533,11,0.9679,0.3529,0.15,-0.7536,1.2464,0.0,98.65,SUCCESS
2025-12-21T05:48:26.795561+00:00,btc-updown-15m-1766295900,TRADE,DOWN,ACCUM,1,1,0.6903,0.6903,11,0.4146,14,0.5631,11,0.9777,0.2453,0.21,-1.4439,1.5561,0.0,97.96,SUCCESS
2025-12-21T05:48:32.362427+00:00,btc-updown-15m-1766295900,TRADE,UP,ACCUM,1,1,0.3201,0.3201,12,0.4068,14,0.5631,12,0.9698,0.3622,0.14,-0.764,1.236,0.0,97.64,SUCCESS
2025-12-21T05:48:37.931379+00:00,btc-updown-15m-1766295900,TRADE,UP,ACCUM,1,1,0.3302,0.3302,13,0.4009,14,0.5631,13,0.9639,0.4689,0.07,-0.0941,0.9059,0.0,97.31,SUCCESS
2025-12-21T05:48:37.932296+00:00,btc-updown-15m-1766295900,TRADE,DOWN,ACCUM,1,1,0.6902,0.6902,13,0.4009,15,0.5715,13,0.9724,0.3587,0.13,-0.7843,1.2157,0.0,96.62,SUCCESS
2025-12-21T05:48:43.447968+00:00,btc-updown-15m-1766295900,TRADE,UP,ACCUM,1,1,0.3101,0.3101,14,0.3944,15,0.5715,14,0.9659,0.4771,0.07,-0.0944,0.9056,0.0,96.31,SUCCESS
2025-12-21T05:48:43.448797+00:00,btc-updown-15m-1766295900,TRADE,DOWN,ACCUM,1,1,0.7001,0.7001,14,0.3944,16,0.5796,14,0.974,0.3646,0.12,-0.7945,1.2055,0.0,95.61,SUCCESS
2025-12-21T05:48:48.852880+00:00,btc-updown-15m-1766295900,TRADE,UP,ACCUM,1,1,0.32,0.32,15,0.3894,16,0.5796,15,0.969,0.4651,0.06,-0.1145,0.8855,0.0,95.29,SUCCESS
2025-12-21T05:48:54.231196+00:00,btc-updown-15m-1766295900,TRADE,UP,ACCUM,1,1,0.3301,0.3301,16,0.3857,16,0.5796,16,0.9653,0.5554,0.0,0.5554,0.5554,0.0,94.96,SUCCESS
2025-12-21T05:48:54.232162+00:00,btc-updown-15m-1766295900,TRADE,DOWN,ACCUM,1,1,0.6903,0.6903,16,0.3857,17,0.5861,16,0.9718,0.4512,0.06,-0.1349,0.8651,0.0,94.27,SUCCESS
2025-12-21T05:48:59.629395+00:00,btc-updown-15m-1766295900,TRADE,UP,ACCUM,1,1,0.3201,0.3201,17,0.3819,17,0.5861,17,0.9679,0.545,0.0,0.545,0.545,0.0,93.94,SUCCESS
2025-12-21T05:48:59.629561+00:00,btc-updown-15m-1766295900,TRADE,DOWN,ACCUM,1,1,0.69,0.69,17,0.3819,18,0.5919,17,0.9737,0.4468,0.06,-0.145,0.855,0.0,93.25,SUCCESS
2025-12-21T05:49:05.003226+00:00,btc-updown-15m-1766295900,TRADE,UP,ACCUM,1,1,0.31,0.31,18,0.3779,18,0.5919,18,0.9697,0.5449,0.0,0.5449,0.5449,0.0,92.94,SUCCESS
2025-12-21T05:49:05.004253+00:00,btc-updown-15m-1766295900,TRADE,DOWN,ACCUM,1,1,0.7002,0.7002,18,0.3779,19,0.5976,18,0.9754,0.4423,0.05,-0.1553,0.8447,0.0,92.24,SUCCESS
2025-12-21T05:49:10.405918+00:00,btc-updown-15m-1766295900,TRADE,DOWN,ACCUM,1,1,0.7002,0.7002,18,0.3779,20,0.6027,18,0.9806,0.3499,0.1,-0.8555,1.1445,0.0,91.54,SUCCESS
2025-12-21T05:49:15.805469+00:00,btc-updown-15m-1766295900,TRADE,UP,ACCUM,1,1,0.3101,0.3101,19,0.3743,20,0.6027,19,0.977,0.4371,0.05,-0.1656,0.8344,0.0,91.23,SUCCESS
2025-12-21T05:49:21.356906+00:00,btc-updown-15m-1766295900,TRADE,UP,ACCUM,1,1,0.3201,0.3201,20,0.3716,20,0.6027,20,0.9743,0.5143,0.0,0.5143,0.5143,0.0,90.91,SUCCESS
2025-12-21T06:00:04.126504+00:00,btc-updown-15m-1766295900,RESOLUTION,UP,MARKET_END,40,40,1.0,19.4857,20,0.3716,20,0.6027,20,0.9743,0.5143,0.0,0.0,0.0,0.514,110.91,RESOLVED
2025-12-21T06:00:33.240847+00:00,btc-updown-15m-1766296800,TRADE,DOWN,ACCUM,1,1,0.7402,0.7402,0,0.0,1,0.7402,0,0.0,0.0,1.0,-0.7402,0.2598,0.0,110.17,SUCCESS
2025-12-21T06:00:38.663548+00:00,btc-updown-15m-1766296800,TRADE,UP,ACCUM,1,1,0.3301,0.3301,1,0.3301,1,0.7402,1,1.0704,-0.0704,0.0,-0.0704,-0.0704,0.0,109.84,SUCCESS
2025-12-21T06:00:38.663734+00:00,btc-updown-15m-1766296800,TRADE,DOWN,ACCUM,1,1,0.6803,0.6803,1,0.3301,2,0.7103,1,1.0404,-0.0404,0.5,-0.7506,0.2494,0.0,109.16,SUCCESS
2025-12-21T06:01:05.701749+00:00,btc-updown-15m-1766296800,TRADE,DOWN,ACCUM,1,1,0.5703,0.5703,1,0.3301,3,0.6636,1,0.9937,0.0063,0.67,-1.3209,0.6791,0.0,108.59,SUCCESS
2025-12-21T06:01:11.210119+00:00,btc-updown-15m-1766296800,TRADE,DOWN,ACCUM,1,1,0.5501,0.5501,1,0.3301,4,0.6352,1,0.9653,0.0347,0.75,-1.871,1.129,0.0,108.04,SUCCESS
2025-12-21T06:01:16.631126+00:00,btc-updown-15m-1766296800,TRADE,DOWN,ACCUM,1,1,0.5602,0.5602,1,0.3301,5,0.6202,1,0.9503,0.0497,0.8,-2.4311,1.5689,0.0,107.48,SUCCESS
2025-12-21T06:01:27.590900+00:00,btc-updown-15m-1766296800,TRADE,DOWN,ACCUM,1,1,0.5702,0.5702,1,0.3301,6,0.6119,1,0.942,0.058,0.83,-3.0014,1.9986,0.0,106.91,SUCCESS
2025-12-21T06:01:33.092386+00:00,btc-updown-15m-1766296800,TRADE,DOWN,ACCUM,1,1,0.56,0.56,1,0.3301,7,0.6045,1,0.9346,0.0654,0.86,-3.5614,2.4386,0.0,106.35,SUCCESS
2025-12-21T06:01:38.597942+00:00,btc-updown-15m-1766296800,TRADE,UP,ACCUM,1,1,0.4501,0.4501,2,0.3901,7,0.6045,2,0.9946,0.0109,0.71,-3.0115,1.9885,0.0,105.9,SUCCESS
2025-12-21T06:01:38.598302+00:00,btc-updown-15m-1766296800,TRADE,DOWN,ACCUM,1,1,0.5702,0.5702,2,0.3901,8,0.6002,2,0.9903,0.0194,0.75,-3.5817,2.4183,0.0,105.33,SUCCESS
2025-12-21T06:01:44.000207+00:00,btc-updown-15m-1766296800,TRADE,DOWN,ACCUM,1,1,0.5703,0.5703,2,0.3901,9,0.5969,2,0.987,0.0261,0.78,-4.152,2.848,0.0,104.76,SUCCESS
2025-12-21T06:01:49.415361+00:00,btc-updown-15m-1766296800,TRADE,UP,ACCUM,2,2,0.4402,0.8804,4,0.4151,9,0.5969,4,1.012,-0.048,0.56,-3.0323,1.9677,0.0,103.88,SUCCESS
2025-12-21T06:07:04.392656+00:00,btc-updown-15m-1766296800,TRADE,DOWN,ACCUM,1,1,0.37,0.37,4,0.4151,10,0.5742,4,0.9893,0.0427,0.6,-3.4024,2.5976,0.0,103.51,SUCCESS
2025-12-21T06:07:15.206743+00:00,btc-updown-15m-1766296800,TRADE,DOWN,ACCUM,1,1,0.4802,0.4802,4,0.4151,11,0.5656,4,0.9808,0.0769,0.64,-3.8825,3.1175,0.0,103.03,SUCCESS
2025-12-21T06:07:20.607425+00:00,btc-updown-15m-1766296800,TRADE,UP,ACCUM,2,2,0.5301,1.0602,6,0.4535,11,0.5656,6,1.0191,-0.1146,0.45,-2.9428,2.0572,0.0,101.97,SUCCESS
2025-12-21T06:11:09.339532+00:00,btc-updown-15m-1766296800,TRADE,DOWN,ACCUM,1,1,0.08,0.08,6,0.4535,12,0.5252,6,0.9786,0.1282,0.5,-3.0228,2.9772,0.0,101.89,SUCCESS
2025-12-21T06:11:20.147862+00:00,btc-updown-15m-1766296800,TRADE,DOWN,ACCUM,1,1,0.13,0.13,6,0.4535,13,0.4948,6,0.9482,0.3106,0.54,-3.1528,3.8472,0.0,101.76,SUCCESS
2025-12-21T06:15:03.023496+00:00,btc-updown-15m-1766296800,RESOLUTION,DOWN,MARKET_END,19,19,1.0,9.1528,6,0.4535,13,0.4948,6,0.9482,0.3106,0.54,0.0,0.0,3.8466,114.76,RESOLVED
2025-12-21T06:15:10.086566+00:00,btc-updown-15m-1766297700,TRADE,UP,ACCUM,1,1,0.5002,0.5002,1,0.5002,0,0.0,0,0.0,0.0,1.0,-0.5002,0.4998,0.0,114.26,SUCCESS
2025-12-21T06:15:10.086834+00:00,btc-updown-15m-1766297700,TRADE,DOWN,ACCUM,1,1,0.5102,0.5102,1,0.5002,1,0.5102,1,1.0104,-0.0104,0.0,-0.0104,-0.0104,0.0,113.75,SUCCESS
2025-12-21T06:16:04.393736+00:00,btc-updown-15m-1766297700,TRADE,DOWN,ACCUM,1,1,0.44,0.44,1,0.5002,2,0.4751,1,0.9753,0.0247,0.5,-0.4505,0.5495,0.0,113.31,SUCCESS
2025-12-21T06:16:09.772701+00:00,btc-updown-15m-1766297700,TRADE,DOWN,ACCUM,1,1,0.43,0.43,1,0.5002,3,0.4601,1,0.9603,0.0397,0.67,-0.8805,1.1195,0.0,112.88,SUCCESS
2025-12-21T06:16:15.287815+00:00,btc-updown-15m-1766297700,TRADE,DOWN,ACCUM,1,1,0.43,0.43,1,0.5002,4,0.4526,1,0.9528,0.0472,0.75,-1.3105,1.6895,0.0,112.45,SUCCESS
2025-12-21T06:16:20.714551+00:00,btc-updown-15m-1766297700,TRADE,DOWN,ACCUM,1,1,0.44,0.44,1,0.5002,5,0.4501,1,0.9503,0.0497,0.8,-1.7505,2.2495,0.0,112.01,SUCCESS
2025-12-21T06:16:26.105802+00:00,btc-updown-15m-1766297700,TRADE,DOWN,ACCUM,1,1,0.43,0.43,1,0.5002,6,0.4467,1,0.9469,0.0531,0.83,-2.1805,2.8195,0.0,111.58,SUCCESS
2025-12-21T06:16:31.520439+00:00,btc-updown-15m-1766297700,TRADE,DOWN,ACCUM,1,1,0.4098,0.4098,1,0.5002,7,0.4415,1,0.9416,0.0584,0.86,-2.5904,3.4096,0.0,111.17,SUCCESS
2025-12-21T06:16:36.928297+00:00,btc-updown-15m-1766297700,TRADE,DOWN,ACCUM,1,1,0.4101,0.4101,1,0.5002,8,0.4375,1,0.9377,0.0623,0.88,-3.0005,3.9995,0.0,110.76,SUCCESS
2025-12-21T06:16:42.336827+00:00,btc-updown-15m-1766297700,TRADE,UP,ACCUM,2,2,0.6003,1.2006,3,0.5669,8,0.4375,3,1.0045,-0.0134,0.62,-2.2011,2.7989,0.0,109.56,SUCCESS
2025-12-21T06:21:47.103763+00:00,btc-updown-15m-1766297700,TRADE,UP,ACCUM,1,1,0.5001,0.5001,4,0.5502,8,0.4375,4,0.9878,0.049,0.5,-1.7012,2.2988,0.0,109.06,SUCCESS
2025-12-21T06:21:52.614709+00:00,btc-updown-15m-1766297700,TRADE,UP,ACCUM,1,1,0.5101,0.5101,5,0.5422,8,0.4375,5,0.9797,0.1013,0.38,-1.2113,1.7887,0.0,108.55,SUCCESS
2025-12-21T06:21:58.012598+00:00,btc-updown-15m-1766297700,TRADE,UP,ACCUM,1,1,0.5201,0.5201,6,0.5385,8,0.4375,6,0.9761,0.1436,0.25,-0.7314,1.2686,0.0,108.03,SUCCESS
2025-12-21T06:21:58.012815+00:00,btc-updown-15m-1766297700,TRADE,DOWN,ACCUM,1,1,0.5102,0.5102,6,0.5385,9,0.4456,6,0.9841,0.0952,0.33,-1.2416,1.7584,0.0,107.52,SUCCESS
2025-12-21T06:22:03.414936+00:00,btc-updown-15m-1766297700,TRADE,UP,ACCUM,1,1,0.5101,0.5101,7,0.5345,9,0.4456,7,0.9801,0.1395,0.22,-0.7517,1.2483,0.0,107.01,SUCCESS
2025-12-21T06:22:03.415110+00:00,btc-updown-15m-1766297700,TRADE,DOWN,ACCUM,1,1,0.5101,0.5101,7,0.5345,10,0.4521,7,0.9865,0.0943,0.3,-1.2619,1.7381,0.0,106.5,SUCCESS
2025-12-21T06:22:08.828461+00:00,btc-updown-15m-1766297700,TRADE,UP,ACCUM,1,1,0.52,0.52,8,0.5327,10,0.4521,8,0.9847,0.1222,0.2,-0.7819,1.2181,0.0,105.98,SUCCESS
2025-12-21T06:22:08.828893+00:00,btc-updown-15m-1766297700,TRADE,DOWN,ACCUM,1,1,0.5102,0.5102,8,0.5327,11,0.4573,8,0.99,0.08,0.27,-1.2921,1.7079,0.0,105.47,SUCCESS
2025-12-21T06:22:14.262527+00:00,btc-updown-15m-1766297700,TRADE,UP,ACCUM,1,1,0.51,0.51,9,0.5301,11,0.4573,9,0.9875,0.1126,0.18,-0.8021,1.1979,0.0,104.96,SUCCESS
2025-12-21T06:22:19.660655+00:00,btc-updown-15m-1766297700,TRADE,UP,ACCUM,1,1,0.5002,0.5002,10,0.5272,11,0.4573,10,0.9845,0.155,0.09,-0.3024,0.6976,0.0,104.46,SUCCESS
2025-12-21T06:22:19.662458+00:00,btc-updown-15m-1766297700,TRADE,DOWN,ACCUM,1,1,0.51,0.51,10,0.5272,12,0.4617,10,0.9889,0.1111,0.17,-0.8124,1.1876,0.0,103.95,SUCCESS
2025-12-21T06:22:25.064820+00:00,btc-updown-15m-1766297700,TRADE,UP,ACCUM,1,1,0.5201,0.5201,11,0.5265,12,0.4617,11,0.9882,0.1293,0.08,-0.3324,0.6676,0.0,103.43,SUCCESS
2025-12-21T06:22:25.064957+00:00,btc-updown-15m-1766297700,TRADE,DOWN,ACCUM,1,1,0.5102,0.5102,11,0.5265,13,0.4655,11,0.992,0.0883,0.15,-0.8426,1.1574,0.0,102.92,SUCCESS
2025-12-21T06:22:30.888601+00:00,btc-updown-15m-1766297700,TRADE,UP,ACCUM,1,1,0.5102,0.5102,12,0.5251,13,0.4655,12,0.9906,0.1127,0.08,-0.3528,0.6472,0.0,102.41,SUCCESS
2025-12-21T06:22:30.890317+00:00,btc-updown-15m-1766297700,TRADE,DOWN,ACCUM,1,1,0.5001,0.5001,12,0.5251,14,0.4679,12,0.9931,0.083,0.14,-0.8529,1.1471,0.0,101.91,SUCCESS
2025-12-21T06:22:36.279599+00:00,btc-updown-15m-1766297700,TRADE,UP,ACCUM,1,1,0.21,0.21,13,0.5009,14,0.4679,13,0.9688,0.4051,0.07,-0.0629,0.9371,0.0,101.7,SUCCESS
2025-12-21T06:22:41.690841+00:00,btc-updown-15m-1766297700,TRADE,UP,ACCUM,1,1,0.1501,0.1501,14,0.4758,14,0.4679,14,0.9438,0.7871,0.0,0.7871,0.7871,0.0,101.55,SUCCESS
2025-12-21T06:22:41.692410+00:00,btc-updown-15m-1766297700,TRADE,DOWN,ACCUM,1,1,0.8604,0.8604,14,0.4758,15,0.4941,14,0.9699,0.4208,0.07,-0.0733,0.9267,0.0,100.69,SUCCESS
2025-12-21T06:22:47.181844+00:00,btc-updown-15m-1766297700,TRADE,DOWN,ACCUM,1,1,0.8903,0.8903,14,0.4758,16,0.5189,14,0.9947,0.0741,0.12,-0.9636,1.0364,0.0,99.8,SUCCESS
2025-12-21T06:22:52.579666+00:00,btc-updown-15m-1766297700,TRADE,UP,ACCUM,1,1,0.13,0.13,15,0.4528,16,0.5189,15,0.9717,0.4252,0.06,-0.0937,0.9063,0.0,99.67,SUCCESS
2025-12-21T06:22:57.977527+00:00,btc-updown-15m-1766297700,TRADE,UP,ACCUM,1,1,0.13,0.13,16,0.4326,16,0.5189,16,0.9515,0.7763,0.0,0.7763,0.7763,0.0,99.54,SUCCESS
2025-12-21T06:22:57.977916+00:00,btc-updown-15m-1766297700,TRADE,DOWN,ACCUM,1,1,0.8802,0.8802,16,0.4326,17,0.5401,16,0.9727,0.4362,0.06,-0.1039,0.8961,0.0,98.66,SUCCESS
2025-12-21T06:23:03.408783+00:00,btc-updown-15m-1766297700,TRADE,DOWN,ACCUM,1,1,0.8904,0.8904,16,0.4326,18,0.5596,16,0.9922,0.1249,0.11,-0.9943,1.0057,0.0,97.77,SUCCESS
2025-12-21T06:23:08.822995+00:00,btc-updown-15m-1766297700,TRADE,UP,ACCUM,1,1,0.14,0.14,17,0.4154,18,0.5596,17,0.975,0.4253,0.06,-0.1343,0.8657,0.0,97.63,SUCCESS
2025-12-21T06:23:14.322592+00:00,btc-updown-15m-1766297700,TRADE,UP,ACCUM,1,1,0.14,0.14,18,0.4001,18,0.5596,18,0.9597,0.7257,0.0,0.7257,0.7257,0.0,97.49,SUCCESS
2025-12-21T06:23:14.323463+00:00,btc-updown-15m-1766297700,TRADE,DOWN,ACCUM,1,1,0.8604,0.8604,18,0.4001,19,0.5754,18,0.9755,0.4407,0.05,-0.1347,0.8653,0.0,96.63,SUCCESS
2025-12-21T06:23:19.714561+00:00,btc-updown-15m-1766297700,TRADE,UP,ACCUM,1,1,0.12,0.12,19,0.3854,19,0.5754,19,0.9608,0.7453,0.0,0.7453,0.7453,0.0,96.51,SUCCESS
2025-12-21T06:23:19.715316+00:00,btc-updown-15m-1766297700,TRADE,DOWN,ACCUM,1,1,0.8796,0.8796,19,0.3854,20,0.5906,19,0.976,0.4562,0.05,-0.1344,0.8656,0.0,95.63,SUCCESS
2025-12-21T06:23:25.136051+00:00,btc-updown-15m-1766297700,TRADE,UP,ACCUM,1,1,0.12,0.12,20,0.3721,20,0.5906,20,0.9627,0.7456,0.0,0.7456,0.7456,0.0,95.51,SUCCESS
2025-12-21T06:30:02.129980+00:00,btc-updown-15m-1766297700,RESOLUTION,DOWN,MARKET_END,40,40,1.0,19.2544,20,0.3721,20,0.5906,20,0.9627,0.7456,0.0,0.0,0.0,0.7456,115.51,RESOLVED
2025-12-21T06:30:09.184036+00:00,btc-updown-15m-1766298600,TRADE,UP,ACCUM,1,1,0.6102,0.6102,1,0.6102,0,0.0,0,0.0,0.0,1.0,-0.6102,0.3898,0.0,114.9,SUCCESS
2025-12-21T06:30:09.184166+00:00,btc-updown-15m-1766298600,TRADE,DOWN,ACCUM,1,1,0.4,0.4,1,0.6102,1,0.4,1,1.0102,-0.0102,0.0,-0.0102,-0.0102,0.0,114.5,SUCCESS
2025-12-21T06:31:14.477720+00:00,btc-updown-15m-1766298600,TRADE,UP,ACCUM,1,1,0.4899,0.4899,2,0.5501,1,0.4,1,0.9501,0.0499,0.5,-0.5002,0.4998,0.0,114.01,SUCCESS
2025-12-21T06:31:19.882115+00:00,btc-updown-15m-1766298600,TRADE,UP,ACCUM,1,1,0.4802,0.4802,3,0.5268,1,0.4,1,0.9268,0.0732,0.67,-0.9804,1.0196,0.0,113.53,SUCCESS
2025-12-21T06:31:25.264891+00:00,btc-updown-15m-1766298600,TRADE,UP,ACCUM,1,1,0.5002,0.5002,4,0.5201,1,0.4,1,0.9202,0.0798,0.75,-1.4806,1.5194,0.0,113.03,SUCCESS
2025-12-21T06:31:25.265070+00:00,btc-updown-15m-1766298600,TRADE,DOWN,ACCUM,1,1,0.52,0.52,4,0.5201,2,0.46,2,0.9802,0.0397,0.5,-1.0006,0.9994,0.0,112.51,SUCCESS
2025-12-21T06:31:36.160870+00:00,btc-updown-15m-1766298600,TRADE,UP,ACCUM,1,1,0.4702,0.4702,5,0.5101,2,0.46,2,0.9702,0.0596,0.6,-1.4708,1.5292,0.0,112.04,SUCCESS
2025-12-21T06:31:41.557247+00:00,btc-updown-15m-1766298600,TRADE,UP,ACCUM,1,1,0.41,0.41,6,0.4935,2,0.46,2,0.9535,0.093,0.67,-1.8808,2.1192,0.0,111.63,SUCCESS
2025-12-21T06:31:46.949988+00:00,btc-updown-15m-1766298600,TRADE,UP,ACCUM,1,1,0.46,0.46,7,0.4887,2,0.46,2,0.9487,0.1026,0.71,-2.3409,2.6591,0.0,111.17,SUCCESS
2025-12-21T06:31:46.950170+00:00,btc-updown-15m-1766298600,TRADE,DOWN,ACCUM,1,1,0.56,0.56,7,0.4887,3,0.4934,3,0.982,0.0539,0.57,-1.9009,2.0991,0.0,110.61,SUCCESS
2025-12-21T06:31:52.336818+00:00,btc-updown-15m-1766298600,TRADE,UP,ACCUM,1,1,0.3502,0.3502,8,0.4714,3,0.4934,3,0.9647,0.1058,0.62,-2.2511,2.7489,0.0,110.26,SUCCESS
2025-12-21T06:31:57.749123+00:00,btc-updown-15m-1766298600,TRADE,UP,ACCUM,1,1,0.33,0.33,9,0.4557,3,0.4934,3,0.949,0.1529,0.67,-2.5811,3.4189,0.0,109.93,SUCCESS
2025-12-21T06:32:03.151535+00:00,btc-updown-15m-1766298600,TRADE,UP,ACCUM,1,1,0.3402,0.3402,10,0.4441,3,0.4934,3,0.9375,0.1876,0.7,-2.9213,4.0787,0.0,109.59,SUCCESS
2025-12-21T06:32:03.152392+00:00,btc-updown-15m-1766298600,TRADE,DOWN,ACCUM,1,1,0.6702,0.6702,10,0.4441,4,0.5376,4,0.9817,0.0733,0.6,-2.5915,3.4085,0.0,108.92,SUCCESS
2025-12-21T06:32:08.550922+00:00,btc-updown-15m-1766298600,TRADE,UP,ACCUM,1,1,0.3601,0.3601,11,0.4365,4,0.5376,4,0.974,0.1038,0.64,-2.9515,4.0485,0.0,108.56,SUCCESS
2025-12-21T06:32:14.039560+00:00,btc-updown-15m-1766298600,TRADE,DOWN,ACCUM,2,1,0.6401,0.6401,11,0.4365,5,0.5581,5,0.9946,0.0272,0.55,-2.5917,3.4083,0.0,107.92,SUCCESS
2025-12-21T06:32:19.446258+00:00,btc-updown-15m-1766298600,TRADE,UP,ACCUM,1,1,0.38,0.38,12,0.4318,5,0.5581,5,0.9899,0.0507,0.58,-2.9717,4.0283,0.0,107.54,SUCCESS
2025-12-21T06:32:24.927613+00:00,btc-updown-15m-1766298600,TRADE,DOWN,ACCUM,2,2,0.6298,1.2596,12,0.4318,7,0.5786,7,1.0103,-0.0724,0.42,-2.2313,2.7687,0.0,106.28,SUCCESS
2025-12-21T06:39:18.917597+00:00,btc-updown-15m-1766298600,TRADE,UP,ACCUM,1,1,0.21,0.21,13,0.4147,7,0.5786,7,0.9933,0.047,0.46,-2.4413,3.5587,0.0,106.07,SUCCESS
2025-12-21T06:39:24.315188+00:00,btc-updown-15m-1766298600,TRADE,UP,ACCUM,1,1,0.17,0.17,14,0.3972,7,0.5786,7,0.9758,0.1694,0.5,-2.6113,4.3887,0.0,105.9,SUCCESS
2025-12-21T06:45:00.843695+00:00,btc-updown-15m-1766298600,RESOLUTION,DOWN,MARKET_END,21,21,1.0,9.6113,14,0.3972,7,0.5786,7,0.9758,0.1694,0.5,0.0,0.0,-2.611,112.9,RESOLVED
2025-12-21T06:45:29.950391+00:00,btc-updown-15m-1766299500,TRADE,UP,ACCUM,1,1,0.5502,0.5502,1,0.5502,0,0.0,0,0.0,0.0,1.0,-0.5502,0.4498,0.0,112.35,SUCCESS
2025-12-21T06:45:29.951222+00:00,btc-updown-15m-1766299500,TRADE,DOWN,ACCUM,1,1,0.4601,0.4601,1,0.5502,1,0.4601,1,1.0103,-0.0103,0.0,-0.0103,-0.0103,0.0,111.89,SUCCESS
2025-12-21T06:45:57.033351+00:00,btc-updown-15m-1766299500,TRADE,DOWN,ACCUM,1,1,0.37,0.37,1,0.5502,2,0.4151,1,0.9653,0.0347,0.5,-0.3804,0.6196,0.0,111.52,SUCCESS
2025-12-21T06:46:02.439998+00:00,btc-updown-15m-1766299500,TRADE,DOWN,ACCUM,1,1,0.3801,0.3801,1,0.5502,3,0.4034,1,0.9536,0.0464,0.67,-0.7605,1.2395,0.0,111.14,SUCCESS
2025-12-21T06:46:07.850872+00:00,btc-updown-15m-1766299500,TRADE,DOWN,ACCUM,1,1,0.3101,0.3101,1,0.5502,4,0.3801,1,0.9303,0.0697,0.75,-1.0706,1.9294,0.0,110.83,SUCCESS
2025-12-21T06:46:13.275467+00:00,btc-updown-15m-1766299500,TRADE,DOWN,ACCUM,1,1,0.3101,0.3101,1,0.5502,5,0.3661,1,0.9163,0.0837,0.8,-1.3808,2.6192,0.0,110.51,SUCCESS
2025-12-21T06:46:18.656848+00:00,btc-updown-15m-1766299500,TRADE,UP,ACCUM,1,1,0.7002,0.7002,2,0.6252,5,0.3661,2,0.9913,0.0174,0.6,-1.081,1.919,0.0,109.81,SUCCESS
2025-12-21T06:46:18.657044+00:00,btc-updown-15m-1766299500,TRADE,DOWN,ACCUM,1,1,0.3201,0.3201,2,0.6252,6,0.3584,2,0.9836,0.0327,0.67,-1.4011,2.5989,0.0,109.49,SUCCESS
2025-12-21T06:46:24.174478+00:00,btc-updown-15m-1766299500,TRADE,DOWN,ACCUM,1,1,0.3301,0.3301,2,0.6252,7,0.3544,2,0.9796,0.0408,0.71,-1.7311,3.2689,0.0,109.16,SUCCESS
2025-12-21T06:46:29.593087+00:00,btc-updown-15m-1766299500,TRADE,DOWN,ACCUM,1,1,0.37,0.37,2,0.6252,8,0.3563,2,0.9815,0.0369,0.75,-2.1011,3.8989,0.0,108.79,SUCCESS
2025-12-21T06:46:34.987232+00:00,btc-updown-15m-1766299500,TRADE,DOWN,ACCUM,1,1,0.3601,0.3601,2,0.6252,9,0.3568,2,0.9819,0.0361,0.78,-2.4612,4.5388,0.0,108.43,SUCCESS
2025-12-21T06:46:40.402413+00:00,btc-updown-15m-1766299500,TRADE,UP,ACCUM,2,2,0.6703,1.3406,4,0.6477,9,0.3568,4,1.0045,-0.018,0.56,-1.8018,3.1982,0.0,107.09,SUCCESS
2025-12-21T06:49:28.721555+00:00,btc-updown-15m-1766299500,TRADE,UP,ACCUM,1,1,0.4001,0.4001,5,0.5982,9,0.3568,5,0.955,0.2251,0.44,-1.2019,2.7981,0.0,106.69,SUCCESS
2025-12-21T06:49:34.146467+00:00,btc-updown-15m-1766299500,TRADE,DOWN,ACCUM,1,1,0.6301,0.6301,5,0.5982,10,0.3841,5,0.9823,0.0885,0.5,-1.832,3.168,0.0,106.06,SUCCESS
2025-12-21T06:49:39.549822+00:00,btc-updown-15m-1766299500,TRADE,UP,ACCUM,1,1,0.4201,0.4201,6,0.5685,10,0.3841,6,0.9526,0.2842,0.4,-1.2521,2.7479,0.0,105.64,SUCCESS
2025-12-21T06:49:44.997732+00:00,btc-updown-15m-1766299500,TRADE,UP,ACCUM,1,1,0.41,0.41,7,0.5459,10,0.3841,7,0.93,0.4901,0.3,-0.6622,2.3378,0.0,105.23,SUCCESS
2025-12-21T06:49:44.997891+00:00,btc-updown-15m-1766299500,TRADE,DOWN,ACCUM,1,1,0.6002,0.6002,7,0.5459,11,0.4037,7,0.9496,0.3526,0.36,-1.2624,2.7376,0.0,104.63,SUCCESS
2025-12-21T06:49:50.436109+00:00,btc-updown-15m-1766299500,TRADE,UP,ACCUM,1,1,0.4301,0.4301,8,0.5314,11,0.4037,8,0.9352,0.5187,0.27,-0.6925,2.3075,0.0,104.2,SUCCESS
2025-12-21T06:49:55.936747+00:00,btc-updown-15m-1766299500,TRADE,UP,ACCUM,1,1,0.2601,0.2601,9,0.5013,11,0.4037,9,0.905,0.8549,0.18,0.0474,2.0474,0.0,103.94,SUCCESS
2025-12-21T06:49:55.937178+00:00,btc-updown-15m-1766299500,TRADE,DOWN,ACCUM,1,1,0.7901,0.7901,9,0.5013,12,0.4359,9,0.9372,0.5651,0.25,-0.7427,2.2573,0.0,103.15,SUCCESS
2025-12-21T06:50:01.349423+00:00,btc-updown-15m-1766299500,TRADE,DOWN,ACCUM,1,1,0.8001,0.8001,9,0.5013,13,0.464,9,0.9652,0.313,0.31,-1.5428,2.4572,0.0,102.35,SUCCESS
2025-12-21T06:50:06.760633+00:00,btc-updown-15m-1766299500,TRADE,UP,ACCUM,1,1,0.2901,0.2901,10,0.4802,13,0.464,10,0.9441,0.5589,0.23,-0.8329,2.1671,0.0,102.06,SUCCESS
2025-12-21T06:50:06.761027+00:00,btc-updown-15m-1766299500,TRADE,DOWN,ACCUM,1,1,0.7201,0.7201,10,0.4802,14,0.4822,10,0.9624,0.376,0.29,-1.553,2.447,0.0,101.34,SUCCESS
2025-12-21T06:50:12.181411+00:00,btc-updown-15m-1766299500,TRADE,UP,ACCUM,1,1,0.21,0.21,11,0.4556,14,0.4822,11,0.9378,0.6838,0.21,-0.763,2.237,0.0,101.13,SUCCESS
2025-12-21T06:50:17.581637+00:00,btc-updown-15m-1766299500,TRADE,UP,ACCUM,1,1,0.2101,0.2101,12,0.4351,14,0.4822,12,0.9174,0.9914,0.14,0.0269,2.0269,0.0,100.92,SUCCESS
2025-12-21T06:50:22.991492+00:00,btc-updown-15m-1766299500,TRADE,UP,ACCUM,1,1,0.21,0.21,13,0.4178,14,0.4822,13,0.9001,1.2991,0.07,0.8169,1.8169,0.0,100.71,SUCCESS
2025-12-21T06:50:22.991799+00:00,btc-updown-15m-1766299500,TRADE,DOWN,ACCUM,1,1,0.8103,0.8103,13,0.4178,15,0.5041,13,0.9219,1.0149,0.13,0.0066,2.0066,0.0,99.9,SUCCESS
2025-12-21T06:50:28.411829+00:00,btc-updown-15m-1766299500,TRADE,UP,ACCUM,1,1,0.2101,0.2101,14,0.403,15,0.5041,14,0.9071,1.3007,0.07,0.7966,1.7966,0.0,99.69,SUCCESS
2025-12-21T06:50:28.411985+00:00,btc-updown-15m-1766299500,TRADE,DOWN,ACCUM,1,1,0.8001,0.8001,14,0.403,16,0.5226,14,0.9256,1.0417,0.12,-0.0035,1.9965,0.0,98.89,SUCCESS
2025-12-21T06:50:33.838834+00:00,btc-updown-15m-1766299500,TRADE,UP,ACCUM,1,1,0.2101,0.2101,15,0.3901,16,0.5226,15,0.9127,1.309,0.06,0.7864,1.7864,0.0,98.68,SUCCESS
2025-12-21T06:50:39.262359+00:00,btc-updown-15m-1766299500,TRADE,UP,ACCUM,1,1,0.1901,0.1901,16,0.3776,16,0.5226,16,0.9002,1.5963,0.0,1.5963,1.5963,0.0,98.49,SUCCESS
2025-12-21T06:50:44.677782+00:00,btc-updown-15m-1766299500,TRADE,UP,ACCUM,1,1,0.1901,0.1901,17,0.3666,16,0.5226,16,0.8892,1.7728,0.06,1.4062,2.4062,0.0,98.3,SUCCESS
2025-12-21T06:50:44.678707+00:00,btc-updown-15m-1766299500,TRADE,DOWN,ACCUM,1,1,0.8203,0.8203,17,0.3666,17,0.5401,17,0.9067,1.5859,0.0,1.5859,1.5859,0.0,97.48,SUCCESS
2025-12-21T06:50:50.100724+00:00,btc-updown-15m-1766299500,TRADE,DOWN,ACCUM,1,1,0.8202,0.8202,17,0.3666,18,0.5557,17,0.9223,1.3214,0.06,0.7658,1.7658,0.0,96.66,SUCCESS
2025-12-21T06:50:55.523408+00:00,btc-updown-15m-1766299500,TRADE,UP,ACCUM,1,1,0.18,0.18,18,0.3562,18,0.5557,18,0.9119,1.5857,0.0,1.5857,1.5857,0.0,96.48,SUCCESS
2025-12-21T06:50:55.524509+00:00,btc-updown-15m-1766299500,TRADE,DOWN,ACCUM,1,1,0.8301,0.8301,18,0.3562,19,0.5701,18,0.9263,1.3258,0.05,0.7557,1.7557,0.0,95.65,SUCCESS
2025-12-21T06:51:01.085101+00:00,btc-updown-15m-1766299500,TRADE,UP,ACCUM,1,1,0.18,0.18,19,0.3469,19,0.5701,19,0.9171,1.5756,0.0,1.5756,1.5756,0.0,95.47,SUCCESS
2025-12-21T06:51:06.505470+00:00,btc-updown-15m-1766299500,TRADE,UP,ACCUM,1,1,0.1901,0.1901,20,0.3391,19,0.5701,19,0.9092,1.7247,0.05,1.3855,2.3855,0.0,95.28,SUCCESS
2025-12-21T06:51:17.354744+00:00,btc-updown-15m-1766299500,TRADE,DOWN,ACCUM,1,1,0.8503,0.8503,20,0.3391,20,0.5841,20,0.9232,1.5353,0.0,1.5353,1.5353,0.0,94.43,SUCCESS
2025-12-21T07:00:00.308894+00:00,btc-updown-15m-1766299500,RESOLUTION,UP,MARKET_END,40,40,1.0,18.4647,20,0.3391,20,0.5841,20,0.9232,1.5353,0.0,0.0,0.0,1.536,114.43,RESOLVED
2025-12-21T07:00:07.387314+00:00,btc-updown-15m-1766300400,TRADE,UP,ACCUM,1,1,0.6002,0.6002,1,0.6002,0,0.0,0,0.0,0.0,1.0,-0.6002,0.3998,0.0,113.83,SUCCESS
2025-12-21T07:00:07.387852+00:00,btc-updown-15m-1766300400,TRADE,DOWN,ACCUM,1,1,0.41,0.41,1,0.6002,1,0.41,1,1.0102,-0.0102,0.0,-0.0102,-0.0102,0.0,113.42,SUCCESS
2025-12-21T07:01:39.904827+00:00,btc-updown-15m-1766300400,TRADE,DOWN,ACCUM,1,1,0.3701,0.3701,1,0.6002,2,0.3901,1,0.9903,0.0097,0.5,-0.3803,0.6197,0.0,113.05,SUCCESS
2025-12-21T07:01:45.552167+00:00,btc-updown-15m-1766300400,TRADE,DOWN,ACCUM,1,1,0.37,0.37,1,0.6002,3,0.3834,1,0.9836,0.0164,0.67,-0.7503,1.2497,0.0,112.68,SUCCESS
2025-12-21T07:01:50.974935+00:00,btc-updown-15m-1766300400,TRADE,DOWN,ACCUM,1,1,0.3801,0.3801,1,0.6002,4,0.3826,1,0.9828,0.0172,0.75,-1.1305,1.8695,0.0,112.3,SUCCESS
2025-12-21T07:01:56.357811+00:00,btc-updown-15m-1766300400,TRADE,DOWN,ACCUM,1,1,0.3701,0.3701,1,0.6002,5,0.3801,1,0.9803,0.0197,0.8,-1.5006,2.4994,0.0,111.93,SUCCESS
2025-12-21T07:02:01.762137+00:00,btc-updown-15m-1766300400,TRADE,DOWN,ACCUM,1,1,0.3801,0.3801,1,0.6002,6,0.3801,1,0.9803,0.0197,0.83,-1.8807,3.1193,0.0,111.55,SUCCESS
2025-12-21T07:02:07.153880+00:00,btc-updown-15m-1766300400,TRADE,DOWN,ACCUM,1,1,0.3902,0.3902,1,0.6002,7,0.3815,1,0.9817,0.0183,0.86,-2.2709,3.7291,0.0,111.16,SUCCESS
2025-12-21T07:02:17.973722+00:00,btc-updown-15m-1766300400,TRADE,DOWN,ACCUM,1,1,0.3802,0.3802,1,0.6002,8,0.3814,1,0.9816,0.0184,0.88,-2.651,4.349,0.0,110.78,SUCCESS
2025-12-21T07:02:23.362431+00:00,btc-updown-15m-1766300400,TRADE,UP,ACCUM,2,2,0.6302,1.2605,3,0.6202,8,0.3814,3,1.0016,-0.0047,0.62,-1.9115,3.0885,0.0,109.52,SUCCESS
2025-12-21T07:02:34.189729+00:00,btc-updown-15m-1766300400,TRADE,DOWN,ACCUM,1,1,0.3202,0.3202,3,0.6202,9,0.3746,3,0.9948,0.0157,0.67,-2.2317,3.7683,0.0,109.2,SUCCESS
2025-12-21T07:02:39.643160+00:00,btc-updown-15m-1766300400,TRADE,DOWN,ACCUM,1,1,0.3202,0.3202,3,0.6202,10,0.3691,3,0.9893,0.032,0.7,-2.5518,4.4482,0.0,108.88,SUCCESS
2025-12-21T07:04:39.072026+00:00,btc-updown-15m-1766300400,TRADE,UP,ACCUM,2,2,0.6301,1.2603,5,0.6242,10,0.3691,5,0.9933,0.0335,0.5,-1.8121,3.1879,0.0,107.62,SUCCESS
2025-12-21T07:05:11.606986+00:00,btc-updown-15m-1766300400,TRADE,DOWN,ACCUM,1,1,0.3201,0.3201,5,0.6242,11,0.3647,5,0.9888,0.0558,0.55,-2.1322,3.8678,0.0,107.3,SUCCESS
2025-12-21T07:05:22.413027+00:00,btc-updown-15m-1766300400,TRADE,DOWN,ACCUM,1,1,0.3301,0.3301,5,0.6242,12,0.3618,5,0.986,0.0702,0.58,-2.4623,4.5377,0.0,106.97,SUCCESS
2025-12-21T07:05:27.822534+00:00,btc-updown-15m-1766300400,TRADE,UP,ACCUM,2,2,0.7001,1.4001,7,0.6459,12,0.3618,7,1.0076,-0.0535,0.42,-1.8624,3.1376,0.0,105.57,SUCCESS
2025-12-21T07:07:27.233178+00:00,btc-updown-15m-1766300400,TRADE,DOWN,ACCUM,1,1,0.1901,0.1901,7,0.6459,13,0.3486,7,0.9944,0.0389,0.46,-2.0525,3.9475,0.0,105.38,SUCCESS
2025-12-21T07:07:32.620304+00:00,btc-updown-15m-1766300400,TRADE,DOWN,ACCUM,1,1,0.2501,0.2501,7,0.6459,14,0.3415,7,0.9874,0.0882,0.5,-2.3026,4.6974,0.0,105.13,SUCCESS
2025-12-21T07:07:43.425316+00:00,btc-updown-15m-1766300400,TRADE,UP,ACCUM,2,2,0.7102,1.4204,9,0.6602,14,0.3415,9,1.0017,-0.0153,0.36,-1.723,3.277,0.0,103.71,SUCCESS
2025-12-21T07:09:04.880109+00:00,btc-updown-15m-1766300400,TRADE,DOWN,ACCUM,1,1,0.2001,0.2001,9,0.6602,15,0.3321,9,0.9923,0.0696,0.4,-1.9231,4.0769,0.0,103.51,SUCCESS
2025-12-21T07:09:10.491867+00:00,btc-updown-15m-1766300400,TRADE,DOWN,ACCUM,1,1,0.2,0.2,9,0.6602,16,0.3239,9,0.984,0.1439,0.44,-2.1231,4.8769,0.0,103.31,SUCCESS
2025-12-21T07:09:15.892911+00:00,btc-updown-15m-1766300400,TRADE,UP,ACCUM,2,2,0.8103,1.6207,11,0.6875,16,0.3239,11,1.0113,-0.1245,0.31,-1.7437,3.2563,0.0,101.69,SUCCESS
2025-12-21T07:13:26.567877+00:00,btc-updown-15m-1766300400,TRADE,DOWN,ACCUM,1,1,0.04,0.04,11,0.6875,17,0.3072,11,0.9946,0.0592,0.35,-1.7837,4.2163,0.0,101.65,SUCCESS
2025-12-21T07:13:31.987770+00:00,btc-updown-15m-1766300400,TRADE,DOWN,ACCUM,1,1,0.04,0.04,11,0.6875,18,0.2923,11,0.9798,0.2224,0.39,-1.8237,5.1763,0.0,101.61,SUCCESS
2025-12-21T07:15:04.383104+00:00,btc-updown-15m-1766300400,RESOLUTION,DOWN,MARKET_END,29,29,1.0,12.8237,11,0.6875,18,0.2923,11,0.9798,0.2224,0.39,0.0,0.0,5.1763,119.61,RESOLVED
2025-12-21T07:15:11.518362+00:00,btc-updown-15m-1766301300,TRADE,DOWN,ACCUM,1,1,0.5001,0.5001,0,0.0,1,0.5001,0,0.0,0.0,1.0,-0.5001,0.4999,0.0,119.11,SUCCESS
2025-12-21T07:15:17.089393+00:00,btc-updown-15m-1766301300,TRADE,UP,ACCUM,1,1,0.5202,0.5202,1,0.5202,1,0.5001,1,1.0203,-0.0203,0.0,-0.0203,-0.0203,0.0,118.59,SUCCESS
2025-12-21T07:15:17.089544+00:00,btc-updown-15m-1766301300,TRADE,DOWN,ACCUM,1,1,0.49,0.49,1,0.5202,2,0.4951,1,1.0152,-0.0152,0.5,-0.5103,0.4897,0.0,118.1,SUCCESS
2025-12-21T07:15:44.342774+00:00,btc-updown-15m-1766301300,TRADE,UP,ACCUM,1,1,0.4101,0.4101,2,0.4651,2,0.4951,2,0.9602,0.0796,0.0,0.0796,0.0796,0.0,117.69,SUCCESS
2025-12-21T07:16:06.223246+00:00,btc-updown-15m-1766301300,TRADE,UP,ACCUM,1,1,0.4902,0.4902,3,0.4735,2,0.4951,2,0.9685,0.0629,0.33,-0.4106,0.5894,0.0,117.2,SUCCESS
2025-12-21T07:16:06.223730+00:00,btc-updown-15m-1766301300,TRADE,DOWN,ACCUM,1,1,0.52,0.52,3,0.4735,3,0.5034,3,0.9769,0.0694,0.0,0.0694,0.0694,0.0,116.68,SUCCESS
2025-12-21T07:16:11.607252+00:00,btc-updown-15m-1766301300,TRADE,DOWN,ACCUM,1,1,0.5202,0.5202,3,0.4735,4,0.5076,3,0.9811,0.0568,0.25,-0.4508,0.5492,0.0,116.16,SUCCESS
2025-12-21T07:16:17.076201+00:00,btc-updown-15m-1766301300,TRADE,UP,ACCUM,1,1,0.4701,0.4701,4,0.4726,4,0.5076,4,0.9802,0.0791,0.0,0.0791,0.0791,0.0,115.69,SUCCESS
2025-12-21T07:16:17.076466+00:00,btc-updown-15m-1766301300,TRADE,DOWN,ACCUM,1,1,0.5401,0.5401,4,0.4726,5,0.5141,4,0.9867,0.0532,0.2,-0.4609,0.5391,0.0,115.15,SUCCESS
2025-12-21T07:16:22.520416+00:00,btc-updown-15m-1766301300,TRADE,UP,ACCUM,1,1,0.4702,0.4702,5,0.4721,5,0.5141,5,0.9862,0.0689,0.0,0.0689,0.0689,0.0,114.68,SUCCESS
2025-12-21T07:16:22.520571+00:00,btc-updown-15m-1766301300,TRADE,DOWN,ACCUM,1,1,0.5402,0.5402,5,0.4721,6,0.5184,5,0.9906,0.0471,0.17,-0.4713,0.5287,0.0,114.14,SUCCESS
2025-12-21T07:16:27.913639+00:00,btc-updown-15m-1766301300,TRADE,UP,ACCUM,1,1,0.4802,0.4802,6,0.4735,6,0.5184,6,0.9919,0.0485,0.0,0.0485,0.0485,0.0,113.66,SUCCESS
2025-12-21T07:16:27.913945+00:00,btc-updown-15m-1766301300,TRADE,DOWN,ACCUM,1,1,0.53,0.53,6,0.4735,7,0.5201,6,0.9936,0.0386,0.14,-0.4815,0.5185,0.0,113.13,SUCCESS
2025-12-21T07:16:33.291913+00:00,btc-updown-15m-1766301300,TRADE,UP,ACCUM,1,1,0.4798,0.4798,7,0.4744,7,0.5201,7,0.9945,0.0387,0.0,0.0387,0.0387,0.0,112.65,SUCCESS
2025-12-21T07:16:44.168197+00:00,btc-updown-15m-1766301300,TRADE,UP,ACCUM,1,1,0.4701,0.4701,8,0.4738,7,0.5201,7,0.9939,0.0424,0.12,-0.4315,0.5685,0.0,112.18,SUCCESS
2025-12-21T07:16:49.562724+00:00,btc-updown-15m-1766301300,TRADE,UP,ACCUM,1,1,0.4702,0.4702,9,0.4734,7,0.5201,7,0.9935,0.0452,0.22,-0.9017,1.0983,0.0,111.71,SUCCESS
2025-12-21T07:16:54.972291+00:00,btc-updown-15m-1766301300,TRADE,DOWN,ACCUM,1,1,0.4602,0.4602,9,0.4734,8,0.5126,8,0.9861,0.1116,0.11,-0.3619,0.6381,0.0,111.25,SUCCESS
2025-12-21T07:17:00.369089+00:00,btc-updown-15m-1766301300,TRADE,DOWN,ACCUM,1,1,0.4301,0.4301,9,0.4734,9,0.5034,9,0.9769,0.208,0.0,0.208,0.208,0.0,110.82,SUCCESS
2025-12-21T07:17:05.774802+00:00,btc-updown-15m-1766301300,TRADE,UP,ACCUM,1,1,0.5602,0.5602,10,0.4821,9,0.5034,9,0.9856,0.1299,0.1,-0.3522,0.6478,0.0,110.26,SUCCESS
2025-12-21T07:17:11.165752+00:00,btc-updown-15m-1766301300,TRADE,DOWN,ACCUM,1,1,0.46,0.46,10,0.4821,10,0.4991,10,0.9812,0.1878,0.0,0.1878,0.1878,0.0,109.8,SUCCESS
2025-12-21T07:17:16.571256+00:00,btc-updown-15m-1766301300,TRADE,DOWN,ACCUM,1,1,0.3401,0.3401,10,0.4821,11,0.4846,10,0.9668,0.3324,0.09,-0.1522,0.8478,0.0,109.46,SUCCESS
2025-12-21T07:17:27.511598+00:00,btc-updown-15m-1766301300,TRADE,DOWN,ACCUM,1,1,0.4201,0.4201,10,0.4821,12,0.4793,10,0.9614,0.3862,0.17,-0.5723,1.4277,0.0,109.04,SUCCESS
2025-12-21T07:17:33.015093+00:00,btc-updown-15m-1766301300,TRADE,UP,ACCUM,1,1,0.5702,0.5702,11,0.4901,12,0.4793,11,0.9694,0.3367,0.08,-0.1425,0.8575,0.0,108.46,SUCCESS
2025-12-21T07:17:33.015929+00:00,btc-updown-15m-1766301300,TRADE,DOWN,ACCUM,1,1,0.45,0.45,11,0.4901,13,0.477,11,0.9671,0.3615,0.15,-0.5925,1.4075,0.0,108.01,SUCCESS
2025-12-21T07:17:38.427998+00:00,btc-updown-15m-1766301300,TRADE,UP,ACCUM,1,1,0.59,0.59,12,0.4984,13,0.477,12,0.9755,0.2945,0.08,-0.1825,0.8175,0.0,107.42,SUCCESS
2025-12-21T07:17:38.428435+00:00,btc-updown-15m-1766301300,TRADE,DOWN,ACCUM,1,1,0.4201,0.4201,12,0.4984,14,0.473,12,0.9714,0.3433,0.14,-0.6026,1.3974,0.0,107.0,SUCCESS
2025-12-21T07:17:43.823196+00:00,btc-updown-15m-1766301300,TRADE,UP,ACCUM,1,1,0.6001,0.6001,13,0.5063,14,0.473,13,0.9792,0.2702,0.07,-0.2027,0.7973,0.0,106.4,SUCCESS
2025-12-21T07:17:43.824037+00:00,btc-updown-15m-1766301300,TRADE,DOWN,ACCUM,1,1,0.42,0.42,13,0.5063,15,0.4694,13,0.9757,0.3161,0.13,-0.6228,1.3772,0.0,105.98,SUCCESS
2025-12-21T07:17:49.228484+00:00,btc-updown-15m-1766301300,TRADE,UP,ACCUM,1,1,0.6203,0.6203,14,0.5144,15,0.4694,14,0.9838,0.2264,0.07,-0.2431,0.7569,0.0,105.36,SUCCESS
2025-12-21T07:17:49.228872+00:00,btc-updown-15m-1766301300,TRADE,DOWN,ACCUM,1,1,0.4001,0.4001,14,0.5144,16,0.4651,14,0.9795,0.287,0.12,-0.6432,1.3568,0.0,104.96,SUCCESS
2025-12-21T07:17:54.635972+00:00,btc-updown-15m-1766301300,TRADE,UP,ACCUM,1,1,0.63,0.63,15,0.5221,16,0.4651,15,0.9872,0.1919,0.06,-0.2732,0.7268,0.0,104.33,SUCCESS
2025-12-21T07:17:54.636567+00:00,btc-updown-15m-1766301300,TRADE,DOWN,ACCUM,1,1,0.38,0.38,15,0.5221,17,0.4601,15,0.9822,0.2669,0.12,-0.6532,1.3468,0.0,103.95,SUCCESS
2025-12-21T07:18:00.021893+00:00,btc-updown-15m-1766301300,TRADE,DOWN,ACCUM,1,1,0.3901,0.3901,15,0.5221,18,0.4562,15,0.9783,0.3253,0.17,-1.0433,1.9567,0.0,103.56,SUCCESS
2025-12-21T07:18:05.449684+00:00,btc-updown-15m-1766301300,TRADE,UP,ACCUM,1,1,0.6303,0.6303,16,0.5289,18,0.4562,16,0.9851,0.2387,0.11,-0.6737,1.3263,0.0,102.93,SUCCESS
2025-12-21T07:18:05.450027+00:00,btc-updown-15m-1766301300,TRADE,DOWN,ACCUM,1,1,0.39,0.39,16,0.5289,19,0.4527,16,0.9816,0.2945,0.16,-1.0637,1.9363,0.0,102.54,SUCCESS
2025-12-21T07:18:10.857731+00:00,btc-updown-15m-1766301300,TRADE,UP,ACCUM,1,1,0.63,0.63,17,0.5348,19,0.4527,17,0.9875,0.2117,0.11,-0.6937,1.3063,0.0,101.91,SUCCESS
2025-12-21T07:18:10.857984+00:00,btc-updown-15m-1766301300,TRADE,DOWN,ACCUM,1,1,0.39,0.39,17,0.5348,20,0.4496,17,0.9844,0.265,0.15,-1.0837,1.9163,0.0,101.52,SUCCESS
2025-12-21T07:18:16.266809+00:00,btc-updown-15m-1766301300,TRADE,UP,ACCUM,1,1,0.6302,0.6302,18,0.5401,20,0.4496,18,0.9897,0.1853,0.1,-0.7139,1.2861,0.0,100.89,SUCCESS
2025-12-21T07:18:21.656165+00:00,btc-updown-15m-1766301300,TRADE,UP,ACCUM,1,1,0.6302,0.6302,19,0.5449,20,0.4496,19,0.9944,0.1055,0.05,-0.3441,0.6559,0.0,100.26,SUCCESS
2025-12-21T07:20:05.051167+00:00,btc-updown-15m-1766301300,TRADE,UP,ACCUM,1,1,0.51,0.51,20,0.5431,20,0.4496,20,0.9927,0.1459,0.0,0.1459,0.1459,0.0,99.75,SUCCESS
2025-12-21T07:30:04.085429+00:00,btc-updown-15m-1766301300,RESOLUTION,DOWN,MARKET_END,40,40,1.0,19.8541,20,0.5431,20,0.4496,20,0.9927,0.1459,0.0,0.0,0.0,0.1459,119.75,RESOLVED
2025-12-21T07:30:11.053889+00:00,btc-updown-15m-1766302200,TRADE,UP,ACCUM,1,1,0.4901,0.4901,1,0.4901,0,0.0,0,0.0,0.0,1.0,-0.4901,0.5099,0.0,119.26,SUCCESS
2025-12-21T07:30:11.054392+00:00,btc-updown-15m-1766302200,TRADE,DOWN,ACCUM,1,1,0.5202,0.5202,1,0.4901,1,0.5202,1,1.0103,-0.0103,0.0,-0.0103,-0.0103,0.0,118.74,SUCCESS
2025-12-21T07:31:21.869116+00:00,btc-updown-15m-1766302200,TRADE,UP,ACCUM,1,1,0.4001,0.4001,2,0.4451,1,0.5202,1,0.9653,0.0347,0.5,-0.4104,0.5896,0.0,118.34,SUCCESS
2025-12-21T07:31:27.269828+00:00,btc-updown-15m-1766302200,TRADE,UP,ACCUM,1,1,0.4101,0.4101,3,0.4334,1,0.5202,1,0.9536,0.0464,0.67,-0.8205,1.1795,0.0,117.93,SUCCESS
2025-12-21T07:31:32.673675+00:00,btc-updown-15m-1766302200,TRADE,UP,ACCUM,1,1,0.42,0.42,4,0.4301,1,0.5202,1,0.9503,0.0497,0.75,-1.2405,1.7595,0.0,117.51,SUCCESS
2025-12-21T07:31:32.673943+00:00,btc-updown-15m-1766302200,TRADE,DOWN,ACCUM,1,1,0.6002,0.6002,4,0.4301,2,0.5602,2,0.9903,0.0194,0.5,-0.8407,1.1593,0.0,116.91,SUCCESS
2025-12-21T07:31:38.078782+00:00,btc-updown-15m-1766302200,TRADE,UP,ACCUM,1,1,0.4102,0.4102,5,0.4261,2,0.5602,2,0.9863,0.0274,0.6,-1.2509,1.7491,0.0,116.5,SUCCESS
2025-12-21T07:31:43.479518+00:00,btc-updown-15m-1766302200,TRADE,UP,ACCUM,1,1,0.4201,0.4201,6,0.4251,2,0.5602,2,0.9853,0.0293,0.67,-1.6711,2.3289,0.0,116.08,SUCCESS
2025-12-21T07:31:48.910647+00:00,btc-updown-15m-1766302200,TRADE,UP,ACCUM,1,1,0.4301,0.4301,7,0.4258,2,0.5602,2,0.986,0.0279,0.71,-2.1012,2.8988,0.0,115.65,SUCCESS
2025-12-21T07:31:54.333494+00:00,btc-updown-15m-1766302200,TRADE,UP,ACCUM,1,1,0.4202,0.4202,8,0.4251,2,0.5602,2,0.9853,0.0293,0.75,-2.5214,3.4786,0.0,115.23,SUCCESS
2025-12-21T07:31:59.738298+00:00,btc-updown-15m-1766302200,TRADE,UP,ACCUM,1,1,0.4201,0.4201,9,0.4246,2,0.5602,2,0.9848,0.0304,0.78,-2.9414,4.0586,0.0,114.81,SUCCESS
2025-12-21T07:32:10.578982+00:00,btc-updown-15m-1766302200,TRADE,DOWN,ACCUM,2,2,0.5799,1.1599,9,0.4246,4,0.5701,4,0.9946,0.0215,0.56,-2.1013,2.8987,0.0,113.65,SUCCESS
2025-12-21T07:32:38.092776+00:00,btc-updown-15m-1766302200,TRADE,DOWN,ACCUM,1,1,0.57,0.57,9,0.4246,5,0.5701,5,0.9946,0.027,0.44,-1.6713,2.3287,0.0,113.08,SUCCESS
2025-12-21T07:32:48.985021+00:00,btc-updown-15m-1766302200,TRADE,UP,ACCUM,1,1,0.4202,0.4202,10,0.4241,5,0.5701,5,0.9942,0.0291,0.5,-2.0914,2.9086,0.0,112.66,SUCCESS
2025-12-21T07:32:54.400988+00:00,btc-updown-15m-1766302200,TRADE,UP,ACCUM,1,1,0.4299,0.4299,11,0.4246,5,0.5701,5,0.9947,0.0265,0.55,-2.5213,3.4787,0.0,112.23,SUCCESS
2025-12-21T07:32:59.836829+00:00,btc-updown-15m-1766302200,TRADE,DOWN,ACCUM,1,1,0.5702,0.5702,11,0.4246,6,0.5701,6,0.9947,0.0317,0.45,-2.0915,2.9085,0.0,111.66,SUCCESS
2025-12-21T07:33:10.796492+00:00,btc-updown-15m-1766302200,TRADE,UP,ACCUM,1,1,0.4102,0.4102,12,0.4234,6,0.5701,6,0.9935,0.0389,0.5,-2.5017,3.4983,0.0,111.25,SUCCESS
2025-12-21T07:33:16.210662+00:00,btc-updown-15m-1766302200,TRADE,UP,ACCUM,1,1,0.4201,0.4201,13,0.4232,6,0.5701,6,0.9933,0.0404,0.54,-2.9218,4.0782,0.0,110.83,SUCCESS
2025-12-21T07:33:21.610772+00:00,btc-updown-15m-1766302200,TRADE,DOWN,ACCUM,2,2,0.5801,1.1601,13,0.4232,8,0.5726,8,0.9958,0.034,0.38,-2.0819,2.9181,0.0,109.67,SUCCESS
2025-12-21T07:34:05.030197+00:00,btc-updown-15m-1766302200,TRADE,DOWN,ACCUM,1,1,0.5302,0.5302,13,0.4232,9,0.5679,9,0.991,0.0806,0.31,-1.6121,2.3879,0.0,109.14,SUCCESS
2025-12-21T07:34:15.896350+00:00,btc-updown-15m-1766302200,TRADE,UP,ACCUM,1,1,0.4702,0.4702,14,0.4265,9,0.5679,9,0.9944,0.0504,0.36,-2.0823,2.9177,0.0,108.67,SUCCESS
2025-12-21T07:34:15.897169+00:00,btc-updown-15m-1766302200,TRADE,DOWN,ACCUM,1,1,0.5401,0.5401,14,0.4265,10,0.5651,10,0.9916,0.0837,0.29,-1.6224,2.3776,0.0,108.13,SUCCESS
2025-12-21T07:34:21.312721+00:00,btc-updown-15m-1766302200,TRADE,UP,ACCUM,1,1,0.4702,0.4702,15,0.4294,10,0.5651,10,0.9945,0.0546,0.33,-2.0926,2.9074,0.0,107.66,SUCCESS
2025-12-21T07:34:26.740625+00:00,btc-updown-15m-1766302200,TRADE,DOWN,ACCUM,1,1,0.5302,0.5302,15,0.4294,11,0.5619,11,0.9914,0.095,0.27,-1.6228,2.3772,0.0,107.13,SUCCESS
2025-12-21T07:34:37.615875+00:00,btc-updown-15m-1766302200,TRADE,UP,ACCUM,1,1,0.4701,0.4701,16,0.432,11,0.5619,11,0.9939,0.0671,0.31,-2.0929,2.9071,0.0,106.66,SUCCESS
2025-12-21T07:34:37.616243+00:00,btc-updown-15m-1766302200,TRADE,DOWN,ACCUM,1,1,0.5403,0.5403,16,0.432,12,0.5601,12,0.9921,0.0948,0.25,-1.6331,2.3669,0.0,106.12,SUCCESS
2025-12-21T07:34:43.021231+00:00,btc-updown-15m-1766302200,TRADE,UP,ACCUM,1,1,0.4801,0.4801,17,0.4348,12,0.5601,12,0.9949,0.0609,0.29,-2.1132,2.8868,0.0,105.64,SUCCESS
2025-12-21T07:34:43.022254+00:00,btc-updown-15m-1766302200,TRADE,DOWN,ACCUM,1,1,0.5302,0.5302,17,0.4348,13,0.5578,13,0.9926,0.0958,0.24,-1.6434,2.3566,0.0,105.11,SUCCESS
2025-12-21T07:34:48.635230+00:00,btc-updown-15m-1766302200,TRADE,DOWN,ACCUM,1,1,0.5201,0.5201,17,0.4348,14,0.5551,14,0.9899,0.1409,0.18,-1.1636,1.8364,0.0,104.59,SUCCESS
2025-12-21T07:34:54.187968+00:00,btc-updown-15m-1766302200,TRADE,DOWN,ACCUM,1,1,0.5201,0.5201,17,0.4348,15,0.5528,15,0.9876,0.186,0.12,-0.6836,1.3164,0.0,104.07,SUCCESS
2025-12-21T07:34:59.615769+00:00,btc-updown-15m-1766302200,TRADE,DOWN,ACCUM,1,1,0.53,0.53,17,0.4348,16,0.5514,16,0.9862,0.2212,0.06,-0.2137,0.7863,0.0,103.54,SUCCESS
2025-12-21T07:35:05.022073+00:00,btc-updown-15m-1766302200,TRADE,UP,ACCUM,1,1,0.4701,0.4701,18,0.4368,16,0.5514,16,0.9881,0.1898,0.11,-0.6837,1.3163,0.0,103.07,SUCCESS
2025-12-21T07:35:05.022512+00:00,btc-updown-15m-1766302200,TRADE,DOWN,ACCUM,1,1,0.54,0.54,18,0.4368,17,0.5507,17,0.9875,0.213,0.06,-0.2238,0.7762,0.0,102.53,SUCCESS
2025-12-21T07:35:10.418179+00:00,btc-updown-15m-1766302200,TRADE,UP,ACCUM,1,1,0.4701,0.4701,19,0.4385,17,0.5507,17,0.9892,0.1832,0.11,-0.6939,1.3061,0.0,102.06,SUCCESS
2025-12-21T07:35:10.418491+00:00,btc-updown-15m-1766302200,TRADE,DOWN,ACCUM,1,1,0.53,0.53,19,0.4385,18,0.5495,18,0.9881,0.2147,0.05,-0.2239,0.7761,0.0,101.53,SUCCESS
2025-12-21T07:35:15.827951+00:00,btc-updown-15m-1766302200,TRADE,DOWN,ACCUM,1,1,0.5401,0.5401,19,0.4385,19,0.5491,19,0.9876,0.236,0.0,0.236,0.236,0.0,100.99,SUCCESS
2025-12-21T07:35:21.250153+00:00,btc-updown-15m-1766302200,TRADE,UP,ACCUM,1,1,0.4902,0.4902,20,0.4411,19,0.5491,19,0.9902,0.1869,0.05,-0.2542,0.7458,0.0,100.5,SUCCESS
2025-12-21T07:35:21.250657+00:00,btc-updown-15m-1766302200,TRADE,DOWN,ACCUM,1,1,0.52,0.52,20,0.4411,20,0.5476,20,0.9887,0.2258,0.0,0.2258,0.2258,0.0,99.98,SUCCESS
2025-12-21T07:45:00.149809+00:00,btc-updown-15m-1766302200,RESOLUTION,UP,MARKET_END,40,40,1.0,19.7742,20,0.4411,20,0.5476,20,0.9887,0.2258,0.0,0.0,0.0,0.226,119.98,RESOLVED
2025-12-21T07:45:13.616534+00:00,btc-updown-15m-1766303100,TRADE,DOWN,ACCUM,1,1,0.48,0.48,0,0.0,1,0.48,0,0.0,0.0,1.0,-0.48,0.52,0.0,119.5,SUCCESS
2025-12-21T07:45:24.487118+00:00,btc-updown-15m-1766303100,TRADE,UP,ACCUM,1,1,0.52,0.52,1,0.52,1,0.48,1,1.0001,-0.0001,0.0,-0.0001,-0.0001,0.0,118.98,SUCCESS
2025-12-21T07:45:24.487279+00:00,btc-updown-15m-1766303100,TRADE,DOWN,ACCUM,1,1,0.4902,0.4902,1,0.52,2,0.4851,1,1.0052,-0.0052,0.5,-0.4903,0.5097,0.0,118.49,SUCCESS
2025-12-21T07:46:51.246966+00:00,btc-updown-15m-1766303100,TRADE,DOWN,ACCUM,1,1,0.45,0.45,1,0.52,3,0.4734,1,0.9934,0.0066,0.67,-0.9403,1.0597,0.0,118.04,SUCCESS
2025-12-21T07:47:02.149923+00:00,btc-updown-15m-1766303100,TRADE,DOWN,ACCUM,1,1,0.4701,0.4701,1,0.52,4,0.4726,1,0.9926,0.0074,0.75,-1.4105,1.5895,0.0,117.57,SUCCESS
2025-12-21T07:47:07.764200+00:00,btc-updown-15m-1766303100,TRADE,DOWN,ACCUM,1,1,0.4701,0.4701,1,0.52,5,0.4721,1,0.9921,0.0079,0.8,-1.8806,2.1194,0.0,117.1,SUCCESS
2025-12-21T07:47:18.828307+00:00,btc-updown-15m-1766303100,TRADE,DOWN,ACCUM,1,1,0.4702,0.4702,1,0.52,6,0.4718,1,0.9918,0.0082,0.83,-2.3507,2.6493,0.0,116.63,SUCCESS
2025-12-21T07:47:29.855680+00:00,btc-updown-15m-1766303100,TRADE,DOWN,ACCUM,1,1,0.35,0.35,1,0.52,7,0.4544,1,0.9744,0.0256,0.86,-2.7008,3.2992,0.0,116.28,SUCCESS
2025-12-21T07:47:35.267827+00:00,btc-updown-15m-1766303100,TRADE,DOWN,ACCUM,1,1,0.3601,0.3601,1,0.52,8,0.4426,1,0.9626,0.0374,0.88,-3.0609,3.9391,0.0,115.92,SUCCESS
2025-12-21T08:00:02.200140+00:00,btc-updown-15m-1766303100,RESOLUTION,DOWN,MARKET_END,9,9,1.0,4.0609,1,0.52,8,0.4426,1,0.9626,0.0374,0.88,0.0,0.0,3.9391,123.92,RESOLVED
2025-12-21T08:00:09.904647+00:00,btc-updown-15m-1766304000,TRADE,UP,ACCUM,1,1,0.4902,0.4902,1,0.4902,0,0.0,0,0.0,0.0,1.0,-0.4902,0.5098,0.0,123.43,SUCCESS
2025-12-21T08:00:09.905431+00:00,btc-updown-15m-1766304000,TRADE,DOWN,ACCUM,1,1,0.5201,0.5201,1,0.4902,1,0.5201,1,1.0102,-0.0102,0.0,-0.0102,-0.0102,0.0,122.91,SUCCESS
2025-12-21T08:01:04.154759+00:00,btc-updown-15m-1766304000,TRADE,DOWN,ACCUM,1,1,0.46,0.46,1,0.4902,2,0.49,1,0.9802,0.0198,0.5,-0.4703,0.5297,0.0,122.45,SUCCESS
2025-12-21T08:01:15.052330+00:00,btc-updown-15m-1766304000,TRADE,DOWN,ACCUM,1,1,0.46,0.46,1,0.4902,3,0.48,1,0.9702,0.0298,0.67,-0.9303,1.0697,0.0,121.99,SUCCESS
2025-12-21T08:01:20.443521+00:00,btc-updown-15m-1766304000,TRADE,DOWN,ACCUM,1,1,0.4101,0.4101,1,0.4902,4,0.4625,1,0.9527,0.0473,0.75,-1.3403,1.6597,0.0,121.58,SUCCESS
2025-12-21T08:01:25.843898+00:00,btc-updown-15m-1766304000,TRADE,DOWN,ACCUM,1,1,0.4001,0.4001,1,0.4902,5,0.4501,1,0.9402,0.0598,0.8,-1.7404,2.2596,0.0,121.18,SUCCESS
2025-12-21T08:01:31.322645+00:00,btc-updown-15m-1766304000,TRADE,UP,ACCUM,1,1,0.5002,0.5002,2,0.4952,5,0.4501,2,0.9452,0.1096,0.6,-1.2406,1.7594,0.0,120.68,SUCCESS
2025-12-21T08:01:31.322838+00:00,btc-updown-15m-1766304000,TRADE,DOWN,ACCUM,1,1,0.5202,0.5202,2,0.4952,6,0.4618,2,0.9569,0.0862,0.67,-1.7608,2.2392,0.0,120.16,SUCCESS
2025-12-21T08:01:36.706261+00:00,btc-updown-15m-1766304000,TRADE,UP,ACCUM,1,1,0.4701,0.4701,3,0.4868,6,0.4618,3,0.9486,0.1543,0.5,-1.231,1.769,0.0,119.69,SUCCESS
2025-12-21T08:01:36.706452+00:00,btc-updown-15m-1766304000,TRADE,DOWN,ACCUM,1,1,0.5501,0.5501,3,0.4868,7,0.4744,3,0.9612,0.1164,0.57,-1.7811,2.2189,0.0,119.14,SUCCESS
2025-12-21T08:01:42.150390+00:00,btc-updown-15m-1766304000,TRADE,UP,ACCUM,1,1,0.4402,0.4402,4,0.4752,7,0.4744,4,0.9495,0.2018,0.43,-1.2213,1.7787,0.0,118.7,SUCCESS
2025-12-21T08:01:42.151005+00:00,btc-updown-15m-1766304000,TRADE,DOWN,ACCUM,1,1,0.5801,0.5801,4,0.4752,8,0.4876,4,0.9628,0.149,0.5,-1.8014,2.1986,0.0,118.12,SUCCESS
2025-12-21T08:01:47.669658+00:00,btc-updown-15m-1766304000,TRADE,UP,ACCUM,1,1,0.5202,0.5202,5,0.4842,8,0.4876,5,0.9718,0.1412,0.38,-1.3216,1.6784,0.0,117.6,SUCCESS
2025-12-21T08:01:47.669820+00:00,btc-updown-15m-1766304000,TRADE,DOWN,ACCUM,1,1,0.4899,0.4899,5,0.4842,9,0.4879,5,0.972,0.1399,0.44,-1.8115,2.1885,0.0,117.11,SUCCESS
2025-12-21T08:01:58.438153+00:00,btc-updown-15m-1766304000,TRADE,DOWN,ACCUM,1,1,0.5001,0.5001,5,0.4842,10,0.4891,5,0.9732,0.1338,0.5,-2.3116,2.6884,0.0,116.61,SUCCESS
2025-12-21T08:02:04.060773+00:00,btc-updown-15m-1766304000,TRADE,UP,ACCUM,1,1,0.47,0.47,6,0.4818,10,0.4891,6,0.9709,0.1747,0.4,-1.7816,2.2184,0.0,116.14,SUCCESS
2025-12-21T08:02:04.060949+00:00,btc-updown-15m-1766304000,TRADE,DOWN,ACCUM,1,1,0.5202,0.5202,6,0.4818,11,0.4919,6,0.9737,0.1578,0.45,-2.3017,2.6983,0.0,115.62,SUCCESS
2025-12-21T08:02:14.854683+00:00,btc-updown-15m-1766304000,TRADE,UP,ACCUM,1,1,0.52,0.52,7,0.4873,11,0.4919,7,0.9792,0.1459,0.36,-1.8218,2.1782,0.0,115.1,SUCCESS
2025-12-21T08:02:14.855089+00:00,btc-updown-15m-1766304000,TRADE,DOWN,ACCUM,1,1,0.49,0.49,7,0.4873,12,0.4917,7,0.979,0.1469,0.42,-2.3118,2.6882,0.0,114.61,SUCCESS
2025-12-21T08:02:20.251415+00:00,btc-updown-15m-1766304000,TRADE,UP,ACCUM,1,1,0.5402,0.5402,8,0.4939,12,0.4917,8,0.9856,0.115,0.33,-1.852,2.148,0.0,114.07,SUCCESS
2025-12-21T08:02:20.251776+00:00,btc-updown-15m-1766304000,TRADE,DOWN,ACCUM,1,1,0.4701,0.4701,8,0.4939,13,0.4901,8,0.984,0.1283,0.38,-2.3221,2.6779,0.0,113.6,SUCCESS
2025-12-21T08:02:25.656216+00:00,btc-updown-15m-1766304000,TRADE,UP,ACCUM,1,1,0.5202,0.5202,9,0.4968,13,0.4901,9,0.9869,0.118,0.31,-1.8423,2.1577,0.0,113.08,SUCCESS
2025-12-21T08:02:25.656490+00:00,btc-updown-15m-1766304000,TRADE,DOWN,ACCUM,1,1,0.4902,0.4902,9,0.4968,14,0.4901,9,0.9869,0.118,0.36,-2.3325,2.6675,0.0,112.59,SUCCESS
2025-12-21T08:02:31.159912+00:00,btc-updown-15m-1766304000,TRADE,UP,ACCUM,1,1,0.5299,0.5299,10,0.5001,14,0.4901,10,0.9902,0.098,0.29,-1.8624,2.1376,0.0,112.06,SUCCESS
2025-12-21T08:02:31.160085+00:00,btc-updown-15m-1766304000,TRADE,DOWN,ACCUM,1,1,0.4999,0.4999,10,0.5001,15,0.4907,10,0.9909,0.0915,0.33,-2.3622,2.6378,0.0,111.56,SUCCESS
2025-12-21T08:02:36.658433+00:00,btc-updown-15m-1766304000,TRADE,UP,ACCUM,1,1,0.52,0.52,11,0.5019,15,0.4907,11,0.9927,0.0807,0.27,-1.8822,2.1178,0.0,111.04,SUCCESS
2025-12-21T08:02:36.659267+00:00,btc-updown-15m-1766304000,TRADE,DOWN,ACCUM,1,1,0.4902,0.4902,11,0.5019,16,0.4907,11,0.9926,0.0811,0.31,-2.3724,2.6276,0.0,110.55,SUCCESS
2025-12-21T08:02:42.056237+00:00,btc-updown-15m-1766304000,TRADE,DOWN,ACCUM,1,1,0.4901,0.4901,11,0.5019,17,0.4907,11,0.9926,0.0815,0.35,-2.8625,3.1375,0.0,110.06,SUCCESS
2025-12-21T08:02:47.451748+00:00,btc-updown-15m-1766304000,TRADE,DOWN,ACCUM,1,1,0.4802,0.4802,11,0.5019,18,0.4901,11,0.992,0.0879,0.39,-3.3427,3.6573,0.0,109.58,SUCCESS
2025-12-21T08:02:52.834947+00:00,btc-updown-15m-1766304000,TRADE,UP,ACCUM,2,2,0.5201,1.0403,13,0.5047,18,0.4901,13,0.9948,0.0674,0.28,-2.383,2.617,0.0,108.54,SUCCESS
2025-12-21T08:03:31.083508+00:00,btc-updown-15m-1766304000,TRADE,UP,ACCUM,1,1,0.4899,0.4899,14,0.5037,18,0.4901,14,0.9938,0.0874,0.22,-1.8729,2.1271,0.0,108.05,SUCCESS
2025-12-21T08:03:36.493928+00:00,btc-updown-15m-1766304000,TRADE,UP,ACCUM,1,1,0.4001,0.4001,15,0.4968,18,0.4901,15,0.9869,0.1972,0.17,-1.2731,1.7269,0.0,107.64,SUCCESS
2025-12-21T08:03:41.889721+00:00,btc-updown-15m-1766304000,TRADE,UP,ACCUM,1,1,0.4802,0.4802,16,0.4957,18,0.4901,16,0.9858,0.2269,0.11,-0.7532,1.2468,0.0,107.16,SUCCESS
2025-12-21T08:03:41.890341+00:00,btc-updown-15m-1766304000,TRADE,DOWN,ACCUM,1,1,0.5401,0.5401,16,0.4957,19,0.4927,16,0.9884,0.1848,0.16,-1.2933,1.7067,0.0,106.62,SUCCESS
2025-12-21T08:03:47.404475+00:00,btc-updown-15m-1766304000,TRADE,UP,ACCUM,1,1,0.4901,0.4901,17,0.4954,19,0.4927,17,0.9881,0.202,0.11,-0.7834,1.2166,0.0,106.13,SUCCESS
2025-12-21T08:03:52.803617+00:00,btc-updown-15m-1766304000,TRADE,UP,ACCUM,1,1,0.4702,0.4702,18,0.494,19,0.4927,18,0.9867,0.2391,0.05,-0.2537,0.7463,0.0,105.66,SUCCESS
2025-12-21T08:03:52.804894+00:00,btc-updown-15m-1766304000,TRADE,DOWN,ACCUM,1,1,0.5402,0.5402,18,0.494,20,0.4951,18,0.9891,0.1963,0.1,-0.7938,1.2062,0.0,105.12,SUCCESS
2025-12-21T08:03:58.215069+00:00,btc-updown-15m-1766304000,TRADE,UP,ACCUM,1,1,0.4702,0.4702,19,0.4928,20,0.4951,19,0.9878,0.231,0.05,-0.2641,0.7359,0.0,104.65,SUCCESS
2025-12-21T08:04:03.706575+00:00,btc-updown-15m-1766304000,TRADE,UP,ACCUM,1,1,0.3902,0.3902,20,0.4876,20,0.4951,20,0.9827,0.3458,0.0,0.3458,0.3458,0.0,104.26,SUCCESS
2025-12-21T08:15:00.818401+00:00,btc-updown-15m-1766304000,RESOLUTION,UP,MARKET_END,40,40,1.0,19.6542,20,0.4876,20,0.4951,20,0.9827,0.3458,0.0,0.0,0.0,0.346,124.26,RESOLVED
2025-12-21T08:15:13.444109+00:00,btc-updown-15m-1766304900,TRADE,UP,ACCUM,1,1,0.5,0.5,1,0.5,0,0.0,0,0.0,0.0,1.0,-0.5,0.5,0.0,123.76,SUCCESS
2025-12-21T08:15:13.444573+00:00,btc-updown-15m-1766304900,TRADE,DOWN,ACCUM,1,1,0.5101,0.5101,1,0.5,1,0.5101,1,1.0102,-0.0102,0.0,-0.0102,-0.0102,0.0,123.25,SUCCESS
2025-12-21T08:15:24.279857+00:00,btc-updown-15m-1766304900,TRADE,UP,ACCUM,1,1,0.4101,0.4101,2,0.4551,1,0.5101,1,0.9652,0.0348,0.5,-0.4202,0.5798,0.0,122.84,SUCCESS
2025-12-21T08:15:29.862449+00:00,btc-updown-15m-1766304900,TRADE,UP,ACCUM,1,1,0.41,0.41,3,0.4401,1,0.5101,1,0.9502,0.0498,0.67,-0.8303,1.1697,0.0,122.43,SUCCESS
2025-12-21T08:15:35.277390+00:00,btc-updown-15m-1766304900,TRADE,UP,ACCUM,1,1,0.5201,0.5201,4,0.4601,1,0.5101,1,0.9702,0.0298,0.75,-1.3504,1.6496,0.0,121.91,SUCCESS
2025-12-21T08:15:35.277571+00:00,btc-updown-15m-1766304900,TRADE,DOWN,ACCUM,1,1,0.4899,0.4899,4,0.4601,2,0.5,2,0.9601,0.0798,0.5,-0.8403,1.1597,0.0,121.42,SUCCESS
2025-12-21T08:15:40.699216+00:00,btc-updown-15m-1766304900,TRADE,UP,ACCUM,1,1,0.5002,0.5002,5,0.4681,2,0.5,2,0.9681,0.0638,0.6,-1.3405,1.6595,0.0,120.92,SUCCESS
2025-12-21T08:15:40.699581+00:00,btc-updown-15m-1766304900,TRADE,DOWN,ACCUM,1,1,0.5102,0.5102,5,0.4681,3,0.5034,3,0.9715,0.0855,0.4,-0.8507,1.1493,0.0,120.41,SUCCESS
2025-12-21T08:15:46.232020+00:00,btc-updown-15m-1766304900,TRADE,UP,ACCUM,1,1,0.5101,0.5101,6,0.4751,3,0.5034,3,0.9785,0.0645,0.5,-1.3608,1.6392,0.0,119.9,SUCCESS
2025-12-21T08:15:51.650487+00:00,btc-updown-15m-1766304900,TRADE,UP,ACCUM,1,1,0.4901,0.4901,7,0.4772,3,0.5034,3,0.9807,0.058,0.57,-1.851,2.149,0.0,119.41,SUCCESS
2025-12-21T08:15:51.650915+00:00,btc-updown-15m-1766304900,TRADE,DOWN,ACCUM,1,1,0.52,0.52,7,0.4772,4,0.5076,4,0.9848,0.0607,0.43,-1.371,1.629,0.0,118.89,SUCCESS
2025-12-21T08:15:57.053557+00:00,btc-updown-15m-1766304900,TRADE,DOWN,ACCUM,1,1,0.5401,0.5401,7,0.4772,5,0.5141,5,0.9913,0.0434,0.29,-0.9111,1.0889,0.0,118.35,SUCCESS
2025-12-21T08:16:02.569779+00:00,btc-updown-15m-1766304900,TRADE,UP,ACCUM,1,1,0.4501,0.4501,8,0.4739,5,0.5141,5,0.9879,0.0603,0.38,-1.3612,1.6388,0.0,117.9,SUCCESS
2025-12-21T08:16:13.495087+00:00,btc-updown-15m-1766304900,TRADE,UP,ACCUM,1,1,0.47,0.47,9,0.4734,5,0.5141,5,0.9875,0.0625,0.44,-1.8313,2.1687,0.0,117.43,SUCCESS
2025-12-21T08:16:13.496108+00:00,btc-updown-15m-1766304900,TRADE,DOWN,ACCUM,1,1,0.5401,0.5401,9,0.4734,6,0.5184,6,0.9918,0.049,0.33,-1.3713,1.6287,0.0,116.89,SUCCESS
2025-12-21T08:16:18.889675+00:00,btc-updown-15m-1766304900,TRADE,DOWN,ACCUM,1,1,0.46,0.46,9,0.4734,7,0.5101,7,0.9835,0.1155,0.22,-0.8313,1.1687,0.0,116.43,SUCCESS
2025-12-21T08:16:24.410784+00:00,btc-updown-15m-1766304900,TRADE,DOWN,ACCUM,1,1,0.42,0.42,9,0.4734,8,0.4988,8,0.9722,0.2221,0.11,-0.2514,0.7486,0.0,116.01,SUCCESS
2025-12-21T08:16:29.835978+00:00,btc-updown-15m-1766304900,TRADE,DOWN,ACCUM,1,1,0.3601,0.3601,9,0.4734,9,0.4834,9,0.9568,0.3885,0.0,0.3885,0.3885,0.0,115.65,SUCCESS
2025-12-21T08:16:35.227172+00:00,btc-updown-15m-1766304900,TRADE,UP,ACCUM,1,1,0.64,0.64,10,0.4901,9,0.4834,9,0.9735,0.2387,0.1,-0.2514,0.7486,0.0,115.01,SUCCESS
2025-12-21T08:16:35.228256+00:00,btc-updown-15m-1766304900,TRADE,DOWN,ACCUM,1,1,0.3701,0.3701,10,0.4901,10,0.4721,10,0.9622,0.3785,0.0,0.3785,0.3785,0.0,114.64,SUCCESS
2025-12-21T08:16:40.641561+00:00,btc-updown-15m-1766304900,TRADE,UP,ACCUM,1,1,0.6703,0.6703,11,0.5065,10,0.4721,10,0.9785,0.2147,0.09,-0.2918,0.7082,0.0,113.97,SUCCESS
2025-12-21T08:16:40.641754+00:00,btc-updown-15m-1766304900,TRADE,DOWN,ACCUM,1,1,0.3501,0.3501,11,0.5065,11,0.461,11,0.9674,0.3581,0.0,0.3581,0.3581,0.0,113.62,SUCCESS
2025-12-21T08:16:46.110837+00:00,btc-updown-15m-1766304900,TRADE,DOWN,ACCUM,1,1,0.3601,0.3601,11,0.5065,12,0.4526,11,0.959,0.4506,0.08,-0.0019,0.9981,0.0,113.26,SUCCESS
2025-12-21T08:16:51.515796+00:00,btc-updown-15m-1766304900,TRADE,UP,ACCUM,1,1,0.6201,0.6201,12,0.5159,12,0.4526,12,0.9685,0.378,0.0,0.378,0.378,0.0,112.64,SUCCESS
2025-12-21T08:16:51.516115+00:00,btc-updown-15m-1766304900,TRADE,DOWN,ACCUM,1,1,0.3902,0.3902,12,0.5159,13,0.4478,12,0.9637,0.4356,0.08,-0.0122,0.9878,0.0,112.25,SUCCESS
2025-12-21T08:16:56.918998+00:00,btc-updown-15m-1766304900,TRADE,UP,ACCUM,1,1,0.61,0.61,13,0.5232,13,0.4478,13,0.9709,0.3778,0.0,0.3778,0.3778,0.0,111.64,SUCCESS
2025-12-21T08:17:02.374510+00:00,btc-updown-15m-1766304900,TRADE,DOWN,ACCUM,1,1,0.4002,0.4002,13,0.5232,14,0.4444,13,0.9675,0.422,0.07,-0.0224,0.9776,0.0,111.24,SUCCESS
2025-12-21T08:17:07.827433+00:00,btc-updown-15m-1766304900,TRADE,UP,ACCUM,1,1,0.6201,0.6201,14,0.5301,14,0.4444,14,0.9745,0.3575,0.0,0.3575,0.3575,0.0,110.62,SUCCESS
2025-12-21T08:17:13.369744+00:00,btc-updown-15m-1766304900,TRADE,UP,ACCUM,1,1,0.6401,0.6401,15,0.5374,14,0.4444,14,0.9818,0.2548,0.07,-0.2826,0.7174,0.0,109.98,SUCCESS
2025-12-21T08:17:13.370606+00:00,btc-updown-15m-1766304900,TRADE,DOWN,ACCUM,1,1,0.3699,0.3699,15,0.5374,15,0.4394,15,0.9768,0.3474,0.0,0.3474,0.3474,0.0,109.61,SUCCESS
2025-12-21T08:17:18.782814+00:00,btc-updown-15m-1766304900,TRADE,UP,ACCUM,1,1,0.68,0.68,16,0.5463,15,0.4394,15,0.9857,0.2138,0.06,-0.3326,0.6674,0.0,108.93,SUCCESS
2025-12-21T08:17:18.784451+00:00,btc-updown-15m-1766304900,TRADE,DOWN,ACCUM,1,1,0.3501,0.3501,16,0.5463,16,0.4338,16,0.9802,0.3173,0.0,0.3173,0.3173,0.0,108.58,SUCCESS
2025-12-21T08:17:24.204335+00:00,btc-updown-15m-1766304900,TRADE,DOWN,ACCUM,1,1,0.3501,0.3501,16,0.5463,17,0.4289,16,0.9752,0.3962,0.06,-0.0327,0.9673,0.0,108.23,SUCCESS
2025-12-21T08:17:35.028798+00:00,btc-updown-15m-1766304900,TRADE,UP,ACCUM,1,1,0.6603,0.6603,17,0.553,17,0.4289,17,0.9819,0.307,0.0,0.307,0.307,0.0,107.57,SUCCESS
2025-12-21T08:17:35.029117+00:00,btc-updown-15m-1766304900,TRADE,DOWN,ACCUM,1,1,0.3601,0.3601,17,0.553,18,0.4251,17,0.9781,0.372,0.06,-0.0531,0.9469,0.0,107.21,SUCCESS
2025-12-21T08:17:40.472922+00:00,btc-updown-15m-1766304900,TRADE,UP,ACCUM,1,1,0.6602,0.6602,18,0.559,18,0.4251,18,0.9841,0.2867,0.0,0.2867,0.2867,0.0,106.55,SUCCESS
2025-12-21T08:17:40.473090+00:00,btc-updown-15m-1766304900,TRADE,DOWN,ACCUM,1,1,0.3601,0.3601,18,0.559,19,0.4217,18,0.9806,0.3483,0.05,-0.0733,0.9267,0.0,106.19,SUCCESS
2025-12-21T08:17:45.883531+00:00,btc-updown-15m-1766304900,TRADE,UP,ACCUM,1,1,0.6601,0.6601,19,0.5643,19,0.4217,19,0.986,0.2666,0.0,0.2666,0.2666,0.0,105.53,SUCCESS
2025-12-21T08:17:51.292788+00:00,btc-updown-15m-1766304900,TRADE,UP,ACCUM,1,1,0.6802,0.6802,20,0.5701,19,0.4217,19,0.9918,0.1565,0.05,-0.4136,0.5864,0.0,104.85,SUCCESS
2025-12-21T08:17:51.292998+00:00,btc-updown-15m-1766304900,TRADE,DOWN,ACCUM,1,1,0.3301,0.3301,20,0.5701,20,0.4171,20,0.9872,0.2563,0.0,0.2563,0.2563,0.0,104.52,SUCCESS
2025-12-21T08:30:03.893660+00:00,btc-updown-15m-1766304900,RESOLUTION,UP,MARKET_END,40,40,1.0,19.7437,20,0.5701,20,0.4171,20,0.9872,0.2563,0.0,0.0,0.0,0.256,124.52,RESOLVED
2025-12-21T08:30:10.887230+00:00,btc-updown-15m-1766305800,TRADE,UP,ACCUM,1,1,0.4201,0.4201,1,0.4201,0,0.0,0,0.0,0.0,1.0,-0.4201,0.5799,0.0,124.1,SUCCESS
2025-12-21T08:30:10.887447+00:00,btc-updown-15m-1766305800,TRADE,DOWN,ACCUM,1,1,0.5903,0.5903,1,0.4201,1,0.5903,1,1.0103,-0.0103,0.0,-0.0103,-0.0103,0.0,123.51,SUCCESS
2025-12-21T08:30:28.007647+00:00,btc-updown-15m-1766305800,TRADE,UP,ACCUM,1,1,0.36,0.36,2,0.39,1,0.5903,1,0.9803,0.0197,0.5,-0.3704,0.6296,0.0,123.15,SUCCESS
2025-12-21T08:30:33.437232+00:00,btc-updown-15m-1766305800,TRADE,UP,ACCUM,1,1,0.3599,0.3599,3,0.38,1,0.5903,1,0.9703,0.0297,0.67,-0.7302,1.2698,0.0,122.79,SUCCESS
2025-12-21T08:30:41.353868+00:00,btc-updown-15m-1766305800,TRADE,UP,ACCUM,1,1,0.3701,0.3701,4,0.3775,1,0.5903,1,0.9678,0.0322,0.75,-1.1004,1.8996,0.0,122.42,SUCCESS
2025-12-21T08:30:47.103860+00:00,btc-updown-15m-1766305800,TRADE,UP,ACCUM,1,1,0.5001,0.5001,5,0.402,1,0.5903,1,0.9923,0.0077,0.8,-1.6004,2.3996,0.0,121.92,SUCCESS
2025-12-21T08:30:47.104530+00:00,btc-updown-15m-1766305800,TRADE,DOWN,ACCUM,1,1,0.5203,0.5203,5,0.402,2,0.5553,2,0.9573,0.0854,0.6,-1.1207,1.8793,0.0,121.4,SUCCESS
2025-12-21T08:30:58.327317+00:00,btc-updown-15m-1766305800,TRADE,UP,ACCUM,1,1,0.4901,0.4901,6,0.4167,2,0.5553,2,0.972,0.056,0.67,-1.6108,2.3892,0.0,120.91,SUCCESS
2025-12-21T08:30:58.328471+00:00,btc-updown-15m-1766305800,TRADE,DOWN,ACCUM,1,1,0.5402,0.5402,6,0.4167,3,0.5503,3,0.967,0.0991,0.5,-1.151,1.849,0.0,120.37,SUCCESS
2025-12-21T08:31:03.794037+00:00,btc-updown-15m-1766305800,TRADE,UP,ACCUM,1,1,0.47,0.47,7,0.4243,3,0.5503,3,0.9746,0.0763,0.57,-1.621,2.379,0.0,119.9,SUCCESS
2025-12-21T08:31:03.794210+00:00,btc-updown-15m-1766305800,TRADE,DOWN,ACCUM,1,1,0.5501,0.5501,7,0.4243,4,0.5502,4,0.9745,0.1019,0.43,-1.1711,1.8289,0.0,119.35,SUCCESS
2025-12-21T08:31:09.207931+00:00,btc-updown-15m-1766305800,TRADE,UP,ACCUM,1,1,0.4501,0.4501,8,0.4275,4,0.5502,4,0.9778,0.089,0.5,-1.6212,2.3788,0.0,118.9,SUCCESS
2025-12-21T08:31:09.208797+00:00,btc-updown-15m-1766305800,TRADE,DOWN,ACCUM,1,1,0.5601,0.5601,8,0.4275,5,0.5522,5,0.9797,0.1013,0.38,-1.1813,1.8187,0.0,118.34,SUCCESS
2025-12-21T08:31:14.603657+00:00,btc-updown-15m-1766305800,TRADE,UP,ACCUM,1,1,0.43,0.43,9,0.4278,5,0.5522,5,0.98,0.1,0.44,-1.6113,2.3887,0.0,117.91,SUCCESS
2025-12-21T08:31:14.603853+00:00,btc-updown-15m-1766305800,TRADE,DOWN,ACCUM,1,1,0.5802,0.5802,9,0.4278,6,0.5569,6,0.9847,0.092,0.33,-1.1915,1.8085,0.0,117.33,SUCCESS
2025-12-21T08:31:20.014175+00:00,btc-updown-15m-1766305800,TRADE,UP,ACCUM,1,1,0.47,0.47,10,0.432,6,0.5569,6,0.9889,0.0667,0.4,-1.6615,2.3385,0.0,116.86,SUCCESS
2025-12-21T08:31:20.015771+00:00,btc-updown-15m-1766305800,TRADE,DOWN,ACCUM,1,1,0.5501,0.5501,10,0.432,7,0.5559,7,0.9879,0.0846,0.3,-1.2116,1.7884,0.0,116.31,SUCCESS
2025-12-21T08:31:25.531780+00:00,btc-updown-15m-1766305800,TRADE,UP,ACCUM,1,1,0.4901,0.4901,11,0.4373,7,0.5559,7,0.9932,0.0476,0.36,-1.7016,2.2984,0.0,115.82,SUCCESS
2025-12-21T08:31:25.532169+00:00,btc-updown-15m-1766305800,TRADE,DOWN,ACCUM,1,1,0.5201,0.5201,11,0.4373,8,0.5514,8,0.9887,0.0902,0.27,-1.2217,1.7783,0.0,115.3,SUCCESS
2025-12-21T08:31:31.045054+00:00,btc-updown-15m-1766305800,TRADE,DOWN,ACCUM,1,1,0.5102,0.5102,11,0.4373,9,0.5468,9,0.9841,0.1427,0.18,-0.7319,1.2681,0.0,114.79,SUCCESS
2025-12-21T08:31:36.532493+00:00,btc-updown-15m-1766305800,TRADE,UP,ACCUM,1,1,0.5001,0.5001,12,0.4425,9,0.5468,9,0.9894,0.0956,0.25,-1.232,1.768,0.0,114.29,SUCCESS
2025-12-21T08:31:36.533333+00:00,btc-updown-15m-1766305800,TRADE,DOWN,ACCUM,1,1,0.5202,0.5202,12,0.4425,10,0.5442,10,0.9867,0.1329,0.17,-0.7521,1.2479,0.0,113.77,SUCCESS
2025-12-21T08:31:41.933244+00:00,btc-updown-15m-1766305800,TRADE,DOWN,ACCUM,1,1,0.4001,0.4001,12,0.4425,11,0.5311,11,0.9736,0.2903,0.08,-0.1522,0.8478,0.0,113.37,SUCCESS
2025-12-21T08:31:47.368176+00:00,btc-updown-15m-1766305800,TRADE,UP,ACCUM,1,1,0.59,0.59,13,0.4539,11,0.5311,11,0.9849,0.1656,0.15,-0.7422,1.2578,0.0,112.78,SUCCESS
2025-12-21T08:31:47.368493+00:00,btc-updown-15m-1766305800,TRADE,DOWN,ACCUM,1,1,0.4302,0.4302,13,0.4539,12,0.5227,12,0.9765,0.2815,0.08,-0.1724,0.8276,0.0,112.35,SUCCESS
2025-12-21T08:31:52.774588+00:00,btc-updown-15m-1766305800,TRADE,UP,ACCUM,1,1,0.5701,0.5701,14,0.4622,12,0.5227,12,0.9848,0.1819,0.14,-0.7425,1.2575,0.0,111.78,SUCCESS
2025-12-21T08:31:52.775057+00:00,btc-updown-15m-1766305800,TRADE,DOWN,ACCUM,1,1,0.4601,0.4601,14,0.4622,13,0.5178,13,0.98,0.2596,0.07,-0.2026,0.7974,0.0,111.32,SUCCESS
2025-12-21T08:31:58.200976+00:00,btc-updown-15m-1766305800,TRADE,UP,ACCUM,1,1,0.5102,0.5102,15,0.4654,13,0.5178,13,0.9832,0.218,0.13,-0.7128,1.2872,0.0,110.81,SUCCESS
2025-12-21T08:32:03.694407+00:00,btc-updown-15m-1766305800,TRADE,UP,ACCUM,1,1,0.5001,0.5001,16,0.4676,13,0.5178,13,0.9854,0.1898,0.19,-1.2129,1.7871,0.0,110.31,SUCCESS
2025-12-21T08:32:03.694581+00:00,btc-updown-15m-1766305800,TRADE,DOWN,ACCUM,1,1,0.5101,0.5101,16,0.4676,14,0.5173,14,0.9848,0.2121,0.12,-0.723,1.277,0.0,109.8,SUCCESS
2025-12-21T08:32:09.140463+00:00,btc-updown-15m-1766305800,TRADE,UP,ACCUM,1,1,0.51,0.51,17,0.4701,14,0.5173,14,0.9873,0.1771,0.18,-1.2331,1.7669,0.0,109.29,SUCCESS
2025-12-21T08:32:09.141882+00:00,btc-updown-15m-1766305800,TRADE,DOWN,ACCUM,1,1,0.5001,0.5001,17,0.4701,15,0.5161,15,0.9862,0.2069,0.12,-0.7332,1.2668,0.0,108.79,SUCCESS
2025-12-21T08:32:14.658114+00:00,btc-updown-15m-1766305800,TRADE,UP,ACCUM,1,1,0.62,0.62,18,0.4784,15,0.5161,15,0.9945,0.0819,0.17,-1.3532,1.6468,0.0,108.17,SUCCESS
2025-12-21T08:32:14.658362+00:00,btc-updown-15m-1766305800,TRADE,DOWN,ACCUM,1,1,0.39,0.39,18,0.4784,16,0.5083,16,0.9867,0.2135,0.11,-0.7432,1.2568,0.0,107.78,SUCCESS
2025-12-21T08:32:20.084568+00:00,btc-updown-15m-1766305800,TRADE,UP,ACCUM,1,1,0.6201,0.6201,19,0.4858,16,0.5083,16,0.9941,0.0942,0.16,-1.3634,1.6366,0.0,107.16,SUCCESS
2025-12-21T08:32:20.085402+00:00,btc-updown-15m-1766305800,TRADE,DOWN,ACCUM,1,1,0.39,0.39,19,0.4858,17,0.5013,17,0.9872,0.2183,0.11,-0.7534,1.2466,0.0,106.77,SUCCESS
2025-12-21T08:32:25.510372+00:00,btc-updown-15m-1766305800,TRADE,DOWN,ACCUM,1,1,0.3201,0.3201,19,0.4858,18,0.4912,18,0.9771,0.4124,0.05,-0.0735,0.9265,0.0,106.45,SUCCESS
2025-12-21T08:32:30.916284+00:00,btc-updown-15m-1766305800,TRADE,UP,ACCUM,1,1,0.7801,0.7801,20,0.5006,18,0.4912,18,0.9918,0.1476,0.1,-0.8535,1.1465,0.0,105.67,SUCCESS
2025-12-21T08:32:36.340258+00:00,btc-updown-15m-1766305800,TRADE,DOWN,ACCUM,1,1,0.2101,0.2101,20,0.5006,19,0.4764,19,0.977,0.4369,0.05,-0.0636,0.9364,0.0,105.46,SUCCESS
2025-12-21T08:32:41.738928+00:00,btc-updown-15m-1766305800,TRADE,DOWN,ACCUM,1,1,0.17,0.17,20,0.5006,20,0.4611,20,0.9617,0.7663,0.0,0.7663,0.7663,0.0,105.29,SUCCESS
2025-12-21T08:45:01.408009+00:00,btc-updown-15m-1766305800,RESOLUTION,DOWN,MARKET_END,40,40,1.0,19.2337,20,0.5006,20,0.4611,20,0.9617,0.7663,0.0,0.0,0.0,0.7663,125.29,RESOLVED
2025-12-21T08:45:19.359319+00:00,btc-updown-15m-1766306700,TRADE,UP,ACCUM,1,1,0.4502,0.4502,1,0.4502,0,0.0,0,0.0,0.0,1.0,-0.4502,0.5498,0.0,124.84,SUCCESS
2025-12-21T08:45:19.360117+00:00,btc-updown-15m-1766306700,TRADE,DOWN,ACCUM,1,1,0.5601,0.5601,1,0.4502,1,0.5601,1,1.0102,-0.0102,0.0,-0.0102,-0.0102,0.0,124.28,SUCCESS
2025-12-21T08:45:30.216119+00:00,btc-updown-15m-1766306700,TRADE,UP,ACCUM,1,1,0.41,0.41,2,0.4301,1,0.5601,1,0.9902,0.0098,0.5,-0.4203,0.5797,0.0,123.87,SUCCESS
2025-12-21T08:45:35.653484+00:00,btc-updown-15m-1766306700,TRADE,UP,ACCUM,1,1,0.31,0.31,3,0.3901,1,0.5601,1,0.9501,0.0499,0.67,-0.7303,1.2697,0.0,123.56,SUCCESS
2025-12-21T08:45:41.050430+00:00,btc-updown-15m-1766306700,TRADE,UP,ACCUM,1,1,0.36,0.36,4,0.3826,1,0.5601,1,0.9426,0.0574,0.75,-1.0903,1.9097,0.0,123.2,SUCCESS
2025-12-21T08:45:46.565443+00:00,btc-updown-15m-1766306700,TRADE,UP,ACCUM,1,1,0.34,0.34,5,0.3741,1,0.5601,1,0.9341,0.0659,0.8,-1.4304,2.5696,0.0,122.86,SUCCESS
2025-12-21T08:45:51.958547+00:00,btc-updown-15m-1766306700,TRADE,UP,ACCUM,1,1,0.4301,0.4301,6,0.3834,1,0.5601,1,0.9435,0.0565,0.83,-1.8605,3.1395,0.0,122.43,SUCCESS
2025-12-21T08:45:57.466366+00:00,btc-updown-15m-1766306700,TRADE,UP,ACCUM,1,1,0.4701,0.4701,7,0.3958,1,0.5601,1,0.9558,0.0442,0.86,-2.3306,3.6694,0.0,121.96,SUCCESS
2025-12-21T08:45:57.466655+00:00,btc-updown-15m-1766306700,TRADE,DOWN,ACCUM,1,1,0.5501,0.5501,7,0.3958,2,0.5551,2,0.9509,0.0982,0.71,-1.8808,3.1192,0.0,121.41,SUCCESS
2025-12-21T08:46:02.859841+00:00,btc-updown-15m-1766306700,TRADE,UP,ACCUM,1,1,0.4102,0.4102,8,0.3976,2,0.5551,2,0.9527,0.0946,0.75,-2.2909,3.7091,0.0,121.0,SUCCESS
2025-12-21T08:46:08.252972+00:00,btc-updown-15m-1766306700,TRADE,UP,ACCUM,1,1,0.4501,0.4501,9,0.4034,2,0.5551,2,0.9585,0.083,0.78,-2.741,4.259,0.0,120.55,SUCCESS
2025-12-21T08:46:08.253836+00:00,btc-updown-15m-1766306700,TRADE,DOWN,ACCUM,1,1,0.5702,0.5702,9,0.4034,3,0.5601,3,0.9636,0.1093,0.67,-2.3112,3.6888,0.0,119.98,SUCCESS
2025-12-21T08:46:13.640822+00:00,btc-updown-15m-1766306700,TRADE,UP,ACCUM,1,1,0.4601,0.4601,10,0.4091,3,0.5601,3,0.9692,0.0923,0.7,-2.7713,4.2287,0.0,119.52,SUCCESS
2025-12-21T08:46:19.040487+00:00,btc-updown-15m-1766306700,TRADE,DOWN,ACCUM,2,2,0.5399,1.0799,10,0.4091,5,0.5521,5,0.9612,0.1942,0.5,-1.8512,3.1488,0.0,118.44,SUCCESS
2025-12-21T08:46:24.439714+00:00,btc-updown-15m-1766306700,TRADE,UP,ACCUM,1,1,0.5202,0.5202,11,0.4192,5,0.5521,5,0.9712,0.1438,0.55,-2.3714,3.6286,0.0,117.92,SUCCESS
2025-12-21T08:46:24.440144+00:00,btc-updown-15m-1766306700,TRADE,DOWN,ACCUM,1,1,0.49,0.49,11,0.4192,6,0.5417,6,0.9609,0.2345,0.45,-1.8614,3.1386,0.0,117.43,SUCCESS
2025-12-21T08:46:30.210106+00:00,btc-updown-15m-1766306700,TRADE,UP,ACCUM,1,1,0.4401,0.4401,12,0.4209,6,0.5417,6,0.9626,0.2241,0.5,-2.3015,3.6985,0.0,116.99,SUCCESS
2025-12-21T08:46:30.210280+00:00,btc-updown-15m-1766306700,TRADE,DOWN,ACCUM,1,1,0.5703,0.5703,12,0.4209,7,0.5458,7,0.9667,0.2329,0.42,-1.8718,3.1282,0.0,116.41,SUCCESS
2025-12-21T08:46:35.990600+00:00,btc-updown-15m-1766306700,TRADE,DOWN,ACCUM,1,1,0.6099,0.6099,12,0.4209,8,0.5538,8,0.9747,0.2021,0.33,-1.4817,2.5183,0.0,115.8,SUCCESS
2025-12-21T08:46:41.414756+00:00,btc-updown-15m-1766306700,TRADE,UP,ACCUM,1,1,0.3201,0.3201,13,0.4132,8,0.5538,8,0.967,0.2641,0.38,-1.8018,3.1982,0.0,115.48,SUCCESS
2025-12-21T08:46:41.414937+00:00,btc-updown-15m-1766306700,TRADE,DOWN,ACCUM,1,1,0.69,0.69,13,0.4132,9,0.5689,9,0.9821,0.1609,0.31,-1.4919,2.5081,0.0,114.79,SUCCESS
2025-12-21T08:46:46.929504+00:00,btc-updown-15m-1766306700,TRADE,UP,ACCUM,1,1,0.34,0.34,14,0.408,9,0.5689,9,0.9769,0.2079,0.36,-1.8319,3.1681,0.0,114.45,SUCCESS
2025-12-21T08:46:46.930163+00:00,btc-updown-15m-1766306700,TRADE,DOWN,ACCUM,1,1,0.6701,0.6701,14,0.408,10,0.5791,10,0.987,0.1298,0.29,-1.502,2.498,0.0,113.78,SUCCESS
2025-12-21T08:46:52.336504+00:00,btc-updown-15m-1766306700,TRADE,UP,ACCUM,1,1,0.3502,0.3502,15,0.4041,10,0.5791,10,0.9832,0.1683,0.33,-1.8522,3.1478,0.0,113.43,SUCCESS
2025-12-21T08:46:57.728387+00:00,btc-updown-15m-1766306700,TRADE,UP,ACCUM,1,1,0.3499,0.3499,16,0.4007,10,0.5791,10,0.9798,0.2022,0.38,-2.202,3.798,0.0,113.08,SUCCESS
2025-12-21T08:47:03.142346+00:00,btc-updown-15m-1766306700,TRADE,UP,ACCUM,1,1,0.3,0.3,17,0.3948,10,0.5791,10,0.9739,0.2615,0.41,-2.502,4.498,0.0,112.78,SUCCESS
2025-12-21T08:47:03.143094+00:00,btc-updown-15m-1766306700,TRADE,DOWN,ACCUM,1,1,0.7101,0.7101,17,0.3948,11,0.591,11,0.9858,0.1566,0.35,-2.2121,3.7879,0.0,112.07,SUCCESS
2025-12-21T08:47:08.525611+00:00,btc-updown-15m-1766306700,TRADE,UP,ACCUM,1,1,0.3701,0.3701,18,0.3934,11,0.591,11,0.9844,0.1717,0.39,-2.5822,4.4178,0.0,111.7,SUCCESS
2025-12-21T08:47:08.525901+00:00,btc-updown-15m-1766306700,TRADE,DOWN,ACCUM,1,1,0.6403,0.6403,18,0.3934,12,0.5951,12,0.9885,0.138,0.33,-2.2225,3.7775,0.0,111.06,SUCCESS
2025-12-21T08:47:13.905181+00:00,btc-updown-15m-1766306700,TRADE,DOWN,ACCUM,1,1,0.5901,0.5901,18,0.3934,13,0.5947,13,0.9881,0.1545,0.28,-1.8126,3.1874,0.0,110.47,SUCCESS
2025-12-21T08:47:24.720330+00:00,btc-updown-15m-1766306700,TRADE,UP,ACCUM,1,1,0.4801,0.4801,19,0.398,13,0.5947,13,0.9927,0.0952,0.32,-2.2927,3.7073,0.0,109.99,SUCCESS
2025-12-21T08:47:30.228466+00:00,btc-updown-15m-1766306700,TRADE,DOWN,ACCUM,1,1,0.5302,0.5302,19,0.398,14,0.5901,14,0.9881,0.1669,0.26,-1.8229,3.1771,0.0,109.46,SUCCESS
2025-12-21T08:47:35.723288+00:00,btc-updown-15m-1766306700,TRADE,UP,ACCUM,1,1,0.5002,0.5002,20,0.4031,14,0.5901,14,0.9932,0.0954,0.3,-2.3231,3.6769,0.0,108.96,SUCCESS
2025-12-21T08:47:35.724104+00:00,btc-updown-15m-1766306700,TRADE,DOWN,ACCUM,1,1,0.5102,0.5102,20,0.4031,15,0.5848,15,0.9879,0.1822,0.25,-1.8333,3.1667,0.0,108.45,SUCCESS
2025-12-21T08:47:41.156541+00:00,btc-updown-15m-1766306700,TRADE,DOWN,ACCUM,1,1,0.5302,0.5302,20,0.4031,16,0.5814,16,0.9844,0.2488,0.2,-1.3635,2.6365,0.0,107.92,SUCCESS
2025-12-21T08:47:46.551691+00:00,btc-updown-15m-1766306700,TRADE,DOWN,ACCUM,1,1,0.5602,0.5602,20,0.4031,17,0.5801,17,0.9832,0.2856,0.15,-0.9236,2.0764,0.0,107.36,SUCCESS
2025-12-21T08:47:57.477143+00:00,btc-updown-15m-1766306700,TRADE,DOWN,ACCUM,1,1,0.5301,0.5301,20,0.4031,18,0.5773,18,0.9804,0.3524,0.1,-0.4538,1.5462,0.0,106.83,SUCCESS
2025-12-21T08:48:08.272329+00:00,btc-updown-15m-1766306700,TRADE,DOWN,ACCUM,1,1,0.5802,0.5802,20,0.4031,19,0.5775,19,0.9806,0.3691,0.05,-0.034,0.966,0.0,106.25,SUCCESS
2025-12-21T08:48:13.768055+00:00,btc-updown-15m-1766306700,TRADE,DOWN,ACCUM,1,1,0.6803,0.6803,20,0.4031,20,0.5826,20,0.9857,0.2857,0.0,0.2857,0.2857,0.0,105.57,SUCCESS
2025-12-21T09:00:02.882899+00:00,btc-updown-15m-1766306700,RESOLUTION,UP,MARKET_END,40,40,1.0,19.7143,20,0.4031,20,0.5826,20,0.9857,0.2857,0.0,0.0,0.0,0.286,125.57,RESOLVED
2025-12-21T09:00:10.012087+00:00,btc-updown-15m-1766307600,TRADE,UP,ACCUM,1,1,0.6601,0.6601,1,0.6601,0,0.0,0,0.0,0.0,1.0,-0.6601,0.3399,0.0,124.91,SUCCESS
2025-12-21T09:00:10.012257+00:00,btc-updown-15m-1766307600,TRADE,DOWN,ACCUM,1,1,0.3401,0.3401,1,0.6601,1,0.3401,1,1.0002,-0.0002,0.0,-0.0002,-0.0002,0.0,124.57,SUCCESS
2025-12-21T09:00:37.172189+00:00,btc-updown-15m-1766307600,TRADE,DOWN,ACCUM,1,1,0.3001,0.3001,1,0.6601,2,0.3201,1,0.9802,0.0198,0.5,-0.3003,0.6997,0.0,124.27,SUCCESS
2025-12-21T09:00:42.691185+00:00,btc-updown-15m-1766307600,TRADE,DOWN,ACCUM,1,1,0.2801,0.2801,1,0.6601,3,0.3068,1,0.9668,0.0332,0.67,-0.5804,1.4196,0.0,123.99,SUCCESS
2025-12-21T09:00:48.110537+00:00,btc-updown-15m-1766307600,TRADE,DOWN,ACCUM,1,1,0.25,0.25,1,0.6601,4,0.2926,1,0.9526,0.0474,0.75,-0.8304,2.1696,0.0,123.74,SUCCESS
2025-12-21T09:00:59.051608+00:00,btc-updown-15m-1766307600,TRADE,DOWN,ACCUM,1,1,0.2101,0.2101,1,0.6601,5,0.2761,1,0.9361,0.0639,0.8,-1.0405,2.9595,0.0,123.53,SUCCESS
2025-12-21T09:01:04.472618+00:00,btc-updown-15m-1766307600,TRADE,DOWN,ACCUM,1,1,0.23,0.23,1,0.6601,6,0.2684,1,0.9285,0.0715,0.83,-1.2706,3.7294,0.0,123.3,SUCCESS
2025-12-21T09:01:09.895718+00:00,btc-updown-15m-1766307600,TRADE,DOWN,ACCUM,1,1,0.1901,0.1901,1,0.6601,7,0.2572,1,0.9173,0.0827,0.86,-1.4606,4.5394,0.0,123.11,SUCCESS
2025-12-21T09:01:15.402060+00:00,btc-updown-15m-1766307600,TRADE,UP,ACCUM,1,1,0.8004,0.8004,2,0.7302,7,0.2572,2,0.9874,0.0251,0.71,-1.261,3.739,0.0,122.31,SUCCESS
2025-12-21T09:01:15.402357+00:00,btc-updown-15m-1766307600,TRADE,DOWN,ACCUM,1,1,0.21,0.21,2,0.7302,8,0.2513,2,0.9815,0.0369,0.75,-1.471,4.529,0.0,122.1,SUCCESS
2025-12-21T09:01:20.793471+00:00,btc-updown-15m-1766307600,TRADE,DOWN,ACCUM,1,1,0.22,0.22,2,0.7302,9,0.2478,2,0.9781,0.0439,0.78,-1.6911,5.3089,0.0,121.88,SUCCESS
2025-12-21T09:01:26.242906+00:00,btc-updown-15m-1766307600,TRADE,UP,ACCUM,2,2,0.7904,1.5808,4,0.7603,9,0.2478,4,1.0081,-0.0326,0.56,-1.2718,3.7282,0.0,120.3,SUCCESS
2025-12-21T09:04:51.517643+00:00,btc-updown-15m-1766307600,TRADE,DOWN,ACCUM,1,1,0.11,0.11,4,0.7603,10,0.2341,4,0.9944,0.0225,0.6,-1.3819,4.6181,0.0,120.19,SUCCESS
2025-12-21T09:05:02.332613+00:00,btc-updown-15m-1766307600,TRADE,DOWN,ACCUM,1,1,0.12,0.12,4,0.7603,11,0.2237,4,0.984,0.064,0.64,-1.5019,5.4981,0.0,120.07,SUCCESS
2025-12-21T09:05:20.113297+00:00,btc-updown-15m-1766307600,TRADE,UP,ACCUM,2,2,0.8104,1.6208,6,0.777,11,0.2237,6,1.0007,-0.0042,0.45,-1.1227,3.8773,0.0,118.45,SUCCESS
2025-12-21T09:05:49.266531+00:00,btc-updown-15m-1766307600,TRADE,UP,ACCUM,1,1,0.6601,0.6601,7,0.7603,11,0.2237,7,0.984,0.112,0.36,-0.7828,3.2172,0.0,117.79,SUCCESS
2025-12-21T09:05:54.691633+00:00,btc-updown-15m-1766307600,TRADE,UP,ACCUM,1,1,0.5301,0.5301,8,0.7315,11,0.2237,8,0.9552,0.3582,0.27,-0.3129,2.6871,0.0,117.26,SUCCESS
2025-12-21T09:06:00.112482+00:00,btc-updown-15m-1766307600,TRADE,UP,ACCUM,1,1,0.5703,0.5703,9,0.7136,11,0.2237,9,0.9373,0.5643,0.18,0.1169,2.1169,0.0,116.69,SUCCESS
2025-12-21T09:06:00.112635+00:00,btc-updown-15m-1766307600,TRADE,DOWN,ACCUM,1,1,0.4402,0.4402,9,0.7136,12,0.2417,9,0.9553,0.4019,0.25,-0.3233,2.6767,0.0,116.25,SUCCESS
2025-12-21T09:06:05.522392+00:00,btc-updown-15m-1766307600,TRADE,UP,ACCUM,1,1,0.59,0.59,10,0.7012,12,0.2417,10,0.943,0.5701,0.17,0.0866,2.0866,0.0,115.66,SUCCESS
2025-12-21T09:06:05.522701+00:00,btc-updown-15m-1766307600,TRADE,DOWN,ACCUM,1,1,0.4202,0.4202,10,0.7012,13,0.2555,10,0.9567,0.4329,0.23,-0.3335,2.6665,0.0,115.24,SUCCESS
2025-12-21T09:06:10.906538+00:00,btc-updown-15m-1766307600,TRADE,UP,ACCUM,1,1,0.5302,0.5302,11,0.6857,13,0.2555,11,0.9412,0.6472,0.15,0.1363,2.1363,0.0,114.71,SUCCESS
2025-12-21T09:06:10.906719+00:00,btc-updown-15m-1766307600,TRADE,DOWN,ACCUM,1,1,0.48,0.48,11,0.6857,14,0.2715,11,0.9572,0.4708,0.21,-0.3438,2.6562,0.0,114.23,SUCCESS
2025-12-21T09:06:16.299805+00:00,btc-updown-15m-1766307600,TRADE,UP,ACCUM,1,1,0.66,0.66,12,0.6836,14,0.2715,12,0.9551,0.5393,0.14,-0.0038,1.9962,0.0,113.57,SUCCESS
2025-12-21T09:06:16.300071+00:00,btc-updown-15m-1766307600,TRADE,DOWN,ACCUM,1,1,0.37,0.37,12,0.6836,15,0.2781,12,0.9616,0.4605,0.2,-0.3738,2.6262,0.0,113.2,SUCCESS
2025-12-21T09:06:21.682702+00:00,btc-updown-15m-1766307600,TRADE,UP,ACCUM,1,1,0.6502,0.6502,13,0.681,15,0.2781,13,0.9591,0.5322,0.13,-0.024,1.976,0.0,112.55,SUCCESS
2025-12-21T09:06:21.683602+00:00,btc-updown-15m-1766307600,TRADE,DOWN,ACCUM,1,1,0.3602,0.3602,13,0.681,16,0.2832,13,0.9642,0.4655,0.19,-0.3842,2.6158,0.0,112.19,SUCCESS
2025-12-21T09:06:27.254650+00:00,btc-updown-15m-1766307600,TRADE,UP,ACCUM,1,1,0.6801,0.6801,14,0.6809,16,0.2832,14,0.9641,0.5021,0.12,-0.0643,1.9357,0.0,111.51,SUCCESS
2025-12-21T09:06:27.255048+00:00,btc-updown-15m-1766307600,TRADE,DOWN,ACCUM,1,1,0.3301,0.3301,14,0.6809,17,0.286,14,0.9669,0.4636,0.18,-0.3943,2.6057,0.0,111.18,SUCCESS
2025-12-21T09:06:39.970181+00:00,btc-updown-15m-1766307600,TRADE,UP,ACCUM,1,1,0.5701,0.5701,15,0.6735,17,0.286,15,0.9595,0.6075,0.12,0.0356,2.0356,0.0,110.61,SUCCESS
2025-12-21T09:06:39.971057+00:00,btc-updown-15m-1766307600,TRADE,DOWN,ACCUM,1,1,0.44,0.44,15,0.6735,18,0.2945,15,0.9681,0.4791,0.17,-0.4045,2.5955,0.0,110.17,SUCCESS
2025-12-21T09:06:45.469715+00:00,btc-updown-15m-1766307600,TRADE,UP,ACCUM,1,1,0.5601,0.5601,16,0.6664,18,0.2945,16,0.961,0.6245,0.11,0.0355,2.0355,0.0,109.61,SUCCESS
2025-12-21T09:06:45.470190+00:00,btc-updown-15m-1766307600,TRADE,DOWN,ACCUM,1,1,0.45,0.45,16,0.6664,19,0.3027,16,0.9692,0.4935,0.16,-0.4146,2.5854,0.0,109.16,SUCCESS
2025-12-21T09:06:50.904253+00:00,btc-updown-15m-1766307600,TRADE,DOWN,ACCUM,1,1,0.52,0.52,16,0.6664,20,0.3136,16,0.98,0.3197,0.2,-0.9346,3.0654,0.0,108.64,SUCCESS
2025-12-21T09:06:58.793254+00:00,btc-updown-15m-1766307600,TRADE,UP,ACCUM,1,1,0.4201,0.4201,17,0.652,20,0.3136,17,0.9655,0.586,0.15,-0.3547,2.6453,0.0,108.22,SUCCESS
2025-12-21T09:07:07.647794+00:00,btc-updown-15m-1766307600,TRADE,UP,ACCUM,1,1,0.5402,0.5402,18,0.6457,20,0.3136,18,0.9593,0.7322,0.1,0.1051,2.1051,0.0,107.68,SUCCESS
2025-12-21T09:07:13.187210+00:00,btc-updown-15m-1766307600,TRADE,UP,ACCUM,1,1,0.5102,0.5102,19,0.6386,20,0.3136,19,0.9522,0.9085,0.05,0.5949,1.5949,0.0,107.17,SUCCESS
2025-12-21T09:07:18.583097+00:00,btc-updown-15m-1766307600,TRADE,UP,ACCUM,1,1,0.5201,0.5201,20,0.6327,20,0.3136,20,0.9463,1.0748,0.0,1.0748,1.0748,0.0,106.65,SUCCESS
2025-12-21T09:15:01.538714+00:00,btc-updown-15m-1766307600,RESOLUTION,DOWN,MARKET_END,40,40,1.0,18.9252,20,0.6327,20,0.3136,20,0.9463,1.0748,0.0,0.0,0.0,1.074,126.65,RESOLVED
2025-12-21T09:15:09.194574+00:00,btc-updown-15m-1766308500,TRADE,UP,ACCUM,1,1,0.4298,0.4298,1,0.4298,0,0.0,0,0.0,0.0,1.0,-0.4298,0.5702,0.0,126.22,SUCCESS
2025-12-21T09:15:09.194901+00:00,btc-updown-15m-1766308500,TRADE,DOWN,ACCUM,1,1,0.5802,0.5802,1,0.4298,1,0.5802,1,1.01,-0.01,0.0,-0.01,-0.01,0.0,125.64,SUCCESS
2025-12-21T09:15:25.630249+00:00,btc-updown-15m-1766308500,TRADE,UP,ACCUM,1,1,0.3801,0.3801,2,0.405,1,0.5802,1,0.9852,0.0148,0.5,-0.3901,0.6099,0.0,125.26,SUCCESS
2025-12-21T09:15:31.127168+00:00,btc-updown-15m-1766308500,TRADE,UP,ACCUM,1,1,0.3601,0.3601,3,0.39,1,0.5802,1,0.9702,0.0298,0.67,-0.7502,1.2498,0.0,124.9,SUCCESS
2025-12-21T09:15:36.529910+00:00,btc-updown-15m-1766308500,TRADE,UP,ACCUM,1,1,0.3701,0.3701,4,0.385,1,0.5802,1,0.9652,0.0348,0.75,-1.1203,1.8797,0.0,124.53,SUCCESS
2025-12-21T09:15:41.932069+00:00,btc-updown-15m-1766308500,TRADE,UP,ACCUM,1,1,0.3701,0.3701,5,0.382,1,0.5802,1,0.9622,0.0378,0.8,-1.4903,2.5097,0.0,124.16,SUCCESS
2025-12-21T09:15:47.462629+00:00,btc-updown-15m-1766308500,TRADE,UP,ACCUM,1,1,0.37,0.37,6,0.38,1,0.5802,1,0.9602,0.0398,0.83,-1.8603,3.1397,0.0,123.79,SUCCESS
2025-12-21T09:15:53.076701+00:00,btc-updown-15m-1766308500,TRADE,UP,ACCUM,1,1,0.36,0.36,7,0.3772,1,0.5802,1,0.9574,0.0426,0.86,-2.2203,3.7797,0.0,123.43,SUCCESS
2025-12-21T09:15:58.477652+00:00,btc-updown-15m-1766308500,TRADE,UP,ACCUM,1,1,0.3201,0.3201,8,0.37,1,0.5802,1,0.9502,0.0498,0.88,-2.5405,4.4595,0.0,123.11,SUCCESS
2025-12-21T09:16:09.595880+00:00,btc-updown-15m-1766308500,TRADE,DOWN,ACCUM,2,2,0.5903,1.1806,8,0.37,3,0.5869,3,0.957,0.1291,0.62,-1.7211,3.2789,0.0,121.93,SUCCESS
2025-12-21T09:16:15.097626+00:00,btc-updown-15m-1766308500,TRADE,UP,ACCUM,1,1,0.5001,0.5001,9,0.3845,3,0.5869,3,0.9714,0.0858,0.67,-2.2212,3.7788,0.0,121.43,SUCCESS
2025-12-21T09:16:15.097804+00:00,btc-updown-15m-1766308500,TRADE,DOWN,ACCUM,1,1,0.5101,0.5101,9,0.3845,4,0.5677,4,0.9522,0.1912,0.56,-1.7313,3.2687,0.0,120.92,SUCCESS
2025-12-21T09:16:20.588927+00:00,btc-updown-15m-1766308500,TRADE,UP,ACCUM,1,1,0.5397,0.5397,10,0.4,4,0.5677,4,0.9677,0.1291,0.6,-2.271,3.729,0.0,120.38,SUCCESS
2025-12-21T09:16:20.589466+00:00,btc-updown-15m-1766308500,TRADE,DOWN,ACCUM,1,1,0.4701,0.4701,10,0.4,5,0.5482,5,0.9482,0.2589,0.5,-1.7411,3.2589,0.0,119.91,SUCCESS
2025-12-21T09:16:31.618341+00:00,btc-updown-15m-1766308500,TRADE,UP,ACCUM,1,1,0.5702,0.5702,11,0.4155,5,0.5482,5,0.9637,0.1816,0.55,-2.3113,3.6887,0.0,119.34,SUCCESS
2025-12-21T09:16:31.618549+00:00,btc-updown-15m-1766308500,TRADE,DOWN,ACCUM,1,1,0.4401,0.4401,11,0.4155,6,0.5302,6,0.9457,0.326,0.45,-1.7514,3.2486,0.0,118.9,SUCCESS
2025-12-21T09:16:37.124217+00:00,btc-updown-15m-1766308500,TRADE,UP,ACCUM,1,1,0.5802,0.5802,12,0.4292,6,0.5302,6,0.9594,0.2437,0.5,-2.3316,3.6684,0.0,118.32,SUCCESS
2025-12-21T09:16:37.124376+00:00,btc-updown-15m-1766308500,TRADE,DOWN,ACCUM,1,1,0.4502,0.4502,12,0.4292,7,0.5187,7,0.948,0.3643,0.42,-1.7818,3.2182,0.0,117.87,SUCCESS
2025-12-21T09:16:42.744353+00:00,btc-updown-15m-1766308500,TRADE,UP,ACCUM,1,1,0.5801,0.5801,13,0.4408,7,0.5187,7,0.9596,0.283,0.46,-2.3619,3.6381,0.0,117.29,SUCCESS
2025-12-21T09:16:42.744699+00:00,btc-updown-15m-1766308500,TRADE,DOWN,ACCUM,1,1,0.4301,0.4301,13,0.4408,8,0.5077,8,0.9485,0.4121,0.38,-1.792,3.208,0.0,116.86,SUCCESS
2025-12-21T09:16:48.252470+00:00,btc-updown-15m-1766308500,TRADE,UP,ACCUM,1,1,0.56,0.56,14,0.4493,8,0.5077,8,0.957,0.344,0.43,-2.352,3.648,0.0,116.3,SUCCESS
2025-12-21T09:16:48.252907+00:00,btc-updown-15m-1766308500,TRADE,DOWN,ACCUM,1,1,0.4502,0.4502,14,0.4493,9,0.5013,9,0.9506,0.4444,0.36,-1.8022,3.1978,0.0,115.84,SUCCESS
2025-12-21T09:16:53.790758+00:00,btc-updown-15m-1766308500,TRADE,UP,ACCUM,1,1,0.5702,0.5702,15,0.4574,9,0.5013,9,0.9587,0.3719,0.4,-2.3724,3.6276,0.0,115.27,SUCCESS
2025-12-21T09:16:53.792501+00:00,btc-updown-15m-1766308500,TRADE,DOWN,ACCUM,1,1,0.4402,0.4402,15,0.4574,10,0.4952,10,0.9526,0.4744,0.33,-1.8126,3.1874,0.0,114.83,SUCCESS
2025-12-21T09:16:59.295853+00:00,btc-updown-15m-1766308500,TRADE,UP,ACCUM,1,1,0.57,0.57,16,0.4644,10,0.4952,10,0.9596,0.404,0.38,-2.3826,3.6174,0.0,114.26,SUCCESS
2025-12-21T09:16:59.296081+00:00,btc-updown-15m-1766308500,TRADE,DOWN,ACCUM,1,1,0.4602,0.4602,16,0.4644,11,0.492,11,0.9564,0.4794,0.31,-1.8428,3.1572,0.0,113.8,SUCCESS
2025-12-21T09:17:04.902602+00:00,btc-updown-15m-1766308500,TRADE,UP,ACCUM,1,1,0.6001,0.6001,17,0.4724,11,0.492,11,0.9644,0.3916,0.35,-2.4429,3.5571,0.0,113.2,SUCCESS
2025-12-21T09:17:04.903497+00:00,btc-updown-15m-1766308500,TRADE,DOWN,ACCUM,1,1,0.42,0.42,17,0.4724,12,0.486,12,0.9584,0.4992,0.29,-1.8629,3.1371,0.0,112.78,SUCCESS
2025-12-21T09:17:10.514785+00:00,btc-updown-15m-1766308500,TRADE,DOWN,ACCUM,1,1,0.4301,0.4301,17,0.4724,13,0.4817,13,0.9541,0.5967,0.24,-1.293,2.707,0.0,112.35,SUCCESS
2025-12-21T09:17:21.510018+00:00,btc-updown-15m-1766308500,TRADE,UP,ACCUM,1,1,0.5902,0.5902,18,0.479,13,0.4817,13,0.9606,0.5116,0.28,-1.8832,3.1168,0.0,111.76,SUCCESS
2025-12-21T09:17:21.511272+00:00,btc-updown-15m-1766308500,TRADE,DOWN,ACCUM,1,1,0.42,0.42,18,0.479,14,0.4773,14,0.9562,0.6126,0.22,-1.3032,2.6968,0.0,111.34,SUCCESS
2025-12-21T09:17:27.117603+00:00,btc-updown-15m-1766308500,TRADE,UP,ACCUM,1,1,0.6302,0.6302,19,0.4869,14,0.4773,14,0.9642,0.5012,0.26,-1.9334,3.0666,0.0,110.71,SUCCESS
2025-12-21T09:17:32.685654+00:00,btc-updown-15m-1766308500,TRADE,UP,ACCUM,1,1,0.6302,0.6302,20,0.4941,14,0.4773,14,0.9714,0.4009,0.3,-2.5636,3.4364,0.0,110.08,SUCCESS
2025-12-21T09:17:49.428749+00:00,btc-updown-15m-1766308500,TRADE,DOWN,ACCUM,1,1,0.3101,0.3101,20,0.4941,15,0.4661,15,0.9602,0.5966,0.25,-1.8737,3.1263,0.0,109.77,SUCCESS
2025-12-21T09:17:54.915048+00:00,btc-updown-15m-1766308500,TRADE,DOWN,ACCUM,1,1,0.37,0.37,20,0.4941,16,0.4601,16,0.9542,0.7325,0.2,-1.2438,2.7562,0.0,109.4,SUCCESS
2025-12-21T09:18:00.528465+00:00,btc-updown-15m-1766308500,TRADE,DOWN,ACCUM,1,1,0.3301,0.3301,20,0.4941,17,0.4525,17,0.9466,0.9083,0.15,-0.5739,2.4261,0.0,109.07,SUCCESS
2025-12-21T09:18:06.149785+00:00,btc-updown-15m-1766308500,TRADE,DOWN,ACCUM,1,1,0.2601,0.2601,20,0.4941,18,0.4418,18,0.9359,1.1541,0.1,0.166,2.166,0.0,108.81,SUCCESS
2025-12-21T09:18:11.753312+00:00,btc-updown-15m-1766308500,TRADE,DOWN,ACCUM,1,1,0.2801,0.2801,20,0.4941,19,0.4333,19,0.9274,1.3799,0.05,0.8859,1.8859,0.0,108.53,SUCCESS
2025-12-21T09:18:17.253739+00:00,btc-updown-15m-1766308500,TRADE,DOWN,ACCUM,1,1,0.3001,0.3001,20,0.4941,20,0.4266,20,0.9207,1.5858,0.0,1.5858,1.5858,0.0,108.23,SUCCESS
2025-12-21T09:30:01.769099+00:00,btc-updown-15m-1766308500,RESOLUTION,UP,MARKET_END,40,40,1.0,18.4142,20,0.4941,20,0.4266,20,0.9207,1.5858,0.0,0.0,0.0,1.586,128.23,RESOLVED
2025-12-21T09:30:10.439646+00:00,btc-updown-15m-1766309400,TRADE,UP,ACCUM,1,1,0.4902,0.4902,1,0.4902,0,0.0,0,0.0,0.0,1.0,-0.4902,0.5098,0.0,127.74,SUCCESS
2025-12-21T09:30:10.439842+00:00,btc-updown-15m-1766309400,TRADE,DOWN,ACCUM,1,1,0.5202,0.5202,1,0.4902,1,0.5202,1,1.0104,-0.0104,0.0,-0.0104,-0.0104,0.0,127.22,SUCCESS
2025-12-21T09:30:49.718905+00:00,btc-updown-15m-1766309400,TRADE,DOWN,ACCUM,1,1,0.4701,0.4701,1,0.4902,2,0.4952,1,0.9854,0.0146,0.5,-0.4805,0.5195,0.0,126.75,SUCCESS
2025-12-21T09:31:00.654872+00:00,btc-updown-15m-1766309400,TRADE,DOWN,ACCUM,1,1,0.4602,0.4602,1,0.4902,3,0.4835,1,0.9737,0.0263,0.67,-0.9407,1.0593,0.0,126.29,SUCCESS
2025-12-21T09:31:06.229236+00:00,btc-updown-15m-1766309400,TRADE,DOWN,ACCUM,1,1,0.4702,0.4702,1,0.4902,4,0.4802,1,0.9704,0.0296,0.75,-1.4109,1.5891,0.0,125.82,SUCCESS
2025-12-21T09:31:11.759209+00:00,btc-updown-15m-1766309400,TRADE,DOWN,ACCUM,1,1,0.4702,0.4702,1,0.4902,5,0.4782,1,0.9684,0.0316,0.8,-1.8811,2.1189,0.0,125.35,SUCCESS
2025-12-21T09:31:17.390001+00:00,btc-updown-15m-1766309400,TRADE,UP,ACCUM,1,1,0.5398,0.5398,2,0.515,5,0.4782,2,0.9932,0.0136,0.6,-1.4209,1.5791,0.0,124.81,SUCCESS
2025-12-21T09:31:17.390146+00:00,btc-updown-15m-1766309400,TRADE,DOWN,ACCUM,1,1,0.4801,0.4801,2,0.515,6,0.4785,2,0.9935,0.013,0.67,-1.9011,2.0989,0.0,124.33,SUCCESS
2025-12-21T09:31:34.062369+00:00,btc-updown-15m-1766309400,TRADE,DOWN,ACCUM,1,1,0.48,0.48,2,0.515,7,0.4787,2,0.9937,0.0125,0.71,-2.3811,2.6189,0.0,123.85,SUCCESS
2025-12-21T09:31:45.447154+00:00,btc-updown-15m-1766309400,TRADE,DOWN,ACCUM,1,1,0.4601,0.4601,2,0.515,8,0.4764,2,0.9914,0.0172,0.75,-2.8412,3.1588,0.0,123.39,SUCCESS
2025-12-21T09:31:50.870680+00:00,btc-updown-15m-1766309400,TRADE,DOWN,ACCUM,1,1,0.45,0.45,2,0.515,9,0.4735,2,0.9885,0.0231,0.78,-3.2912,3.7088,0.0,122.94,SUCCESS
2025-12-21T09:45:02.220108+00:00,btc-updown-15m-1766309400,RESOLUTION,UP,MARKET_END,11,11,1.0,5.2912,2,0.515,9,0.4735,2,0.9885,0.0231,0.78,0.0,0.0,-3.2915,124.94,RESOLVED
2025-12-21T10:30:08.989017+00:00,btc-updown-15m-1766313000,TRADE,UP,ACCUM,1,1,0.5102,0.5102,1,0.5102,0,0.0,0,0.0,0.0,1.0,-0.5102,0.4898,0.0,99.49,SUCCESS
2025-12-21T10:30:20.264626+00:00,btc-updown-15m-1766313000,TRADE,UP,ACCUM,1,1,0.4501,0.4501,2,0.4802,0,0.0,0,0.0,0.0,1.0,-0.9603,1.0397,0.0,99.04,SUCCESS
2025-12-21T10:30:20.265476+00:00,btc-updown-15m-1766313000,TRADE,DOWN,ACCUM,1,1,0.5601,0.5601,2,0.4802,1,0.5601,1,1.0403,-0.0403,0.5,-0.5204,0.4796,0.0,98.48,SUCCESS
2025-12-21T10:32:44.877556+00:00,btc-updown-15m-1766313000,TRADE,UP,ACCUM,1,1,0.3401,0.3401,3,0.4335,1,0.5601,1,0.9936,0.0064,0.67,-0.8605,1.1395,0.0,98.14,SUCCESS
2025-12-21T10:32:50.280109+00:00,btc-updown-15m-1766313000,TRADE,UP,ACCUM,1,1,0.3201,0.3201,4,0.4051,1,0.5601,1,0.9652,0.0348,0.75,-1.1807,1.8193,0.0,97.82,SUCCESS
2025-12-21T10:32:55.919117+00:00,btc-updown-15m-1766313000,TRADE,UP,ACCUM,1,1,0.2901,0.2901,5,0.3821,1,0.5601,1,0.9422,0.0578,0.8,-1.4708,2.5292,0.0,97.53,SUCCESS
2025-12-21T10:33:01.432337+00:00,btc-updown-15m-1766313000,TRADE,UP,ACCUM,1,1,0.2801,0.2801,6,0.3651,1,0.5601,1,0.9252,0.0748,0.83,-1.7508,3.2492,0.0,97.25,SUCCESS
2025-12-21T10:33:07.157435+00:00,btc-updown-15m-1766313000,TRADE,UP,ACCUM,1,1,0.2901,0.2901,7,0.3544,1,0.5601,1,0.9145,0.0855,0.86,-2.0409,3.9591,0.0,96.96,SUCCESS
2025-12-21T10:36:50.197156+00:00,btc-updown-15m-1766313000,TRADE,DOWN,ACCUM,2,2,0.71,1.42,7,0.3544,3,0.66,3,1.0144,-0.0433,0.57,-1.4609,2.5391,0.0,95.54,SUCCESS
2025-12-21T10:36:55.809524+00:00,btc-updown-15m-1766313000,TRADE,DOWN,ACCUM,1,1,0.57,0.57,7,0.3544,4,0.6375,4,0.9919,0.0323,0.43,-1.0309,1.9691,0.0,94.97,SUCCESS
2025-12-21T10:37:01.432435+00:00,btc-updown-15m-1766313000,TRADE,DOWN,ACCUM,1,1,0.4301,0.4301,7,0.3544,5,0.596,5,0.9504,0.2478,0.29,-0.4611,1.5389,0.0,94.54,SUCCESS
2025-12-21T10:37:07.054036+00:00,btc-updown-15m-1766313000,TRADE,UP,ACCUM,1,1,0.4902,0.4902,8,0.3714,5,0.596,5,0.9674,0.1629,0.38,-0.9512,2.0488,0.0,94.05,SUCCESS
2025-12-21T10:37:07.054185+00:00,btc-updown-15m-1766313000,TRADE,DOWN,ACCUM,1,1,0.5501,0.5501,8,0.3714,6,0.5884,6,0.9598,0.2414,0.25,-0.5013,1.4987,0.0,93.5,SUCCESS
2025-12-21T10:37:12.557682+00:00,btc-updown-15m-1766313000,TRADE,UP,ACCUM,1,1,0.3602,0.3602,9,0.3701,6,0.5884,6,0.9585,0.2489,0.33,-0.8615,2.1385,0.0,93.14,SUCCESS
2025-12-21T10:37:12.557927+00:00,btc-updown-15m-1766313000,TRADE,DOWN,ACCUM,1,1,0.6501,0.6501,9,0.3701,7,0.5972,7,0.9673,0.2287,0.22,-0.5116,1.4884,0.0,92.49,SUCCESS
2025-12-21T10:37:18.202223+00:00,btc-updown-15m-1766313000,TRADE,UP,ACCUM,1,1,0.38,0.38,10,0.3711,7,0.5972,7,0.9683,0.2218,0.3,-0.8916,2.1084,0.0,92.11,SUCCESS
2025-12-21T10:37:18.202625+00:00,btc-updown-15m-1766313000,TRADE,DOWN,ACCUM,1,1,0.6301,0.6301,10,0.3711,8,0.6013,8,0.9724,0.2205,0.2,-0.5217,1.4783,0.0,91.48,SUCCESS
2025-12-21T10:37:23.640807+00:00,btc-updown-15m-1766313000,TRADE,UP,ACCUM,1,1,0.3902,0.3902,11,0.3728,8,0.6013,8,0.9742,0.2066,0.27,-0.9119,2.0881,0.0,91.09,SUCCESS
2025-12-21T10:37:29.146983+00:00,btc-updown-15m-1766313000,TRADE,UP,ACCUM,1,1,0.3401,0.3401,12,0.3701,8,0.6013,8,0.9714,0.2285,0.33,-1.252,2.748,0.0,90.75,SUCCESS
2025-12-21T10:37:29.147831+00:00,btc-updown-15m-1766313000,TRADE,DOWN,ACCUM,1,1,0.6702,0.6702,12,0.3701,9,0.609,9,0.9791,0.1882,0.25,-0.9222,2.0778,0.0,90.08,SUCCESS
2025-12-21T10:37:34.821768+00:00,btc-updown-15m-1766313000,TRADE,UP,ACCUM,1,1,0.31,0.31,13,0.3655,9,0.609,9,0.9745,0.2298,0.31,-1.2322,2.7678,0.0,89.77,SUCCESS
2025-12-21T10:37:34.822660+00:00,btc-updown-15m-1766313000,TRADE,DOWN,ACCUM,1,1,0.7303,0.7303,13,0.3655,10,0.6211,10,0.9866,0.134,0.23,-0.9625,2.0375,0.0,89.04,SUCCESS
2025-12-21T10:37:46.083910+00:00,btc-updown-15m-1766313000,TRADE,UP,ACCUM,1,1,0.2901,0.2901,14,0.3601,10,0.6211,10,0.9812,0.1879,0.29,-1.2526,2.7474,0.0,88.75,SUCCESS
2025-12-21T10:37:51.596613+00:00,btc-updown-15m-1766313000,TRADE,UP,ACCUM,1,1,0.3101,0.3101,15,0.3568,10,0.6211,10,0.9779,0.2212,0.33,-1.5627,3.4373,0.0,88.44,SUCCESS
2025-12-21T10:37:51.596891+00:00,btc-updown-15m-1766313000,TRADE,DOWN,ACCUM,1,1,0.7103,0.7103,15,0.3568,11,0.6292,11,0.986,0.1541,0.27,-1.273,2.727,0.0,87.73,SUCCESS
2025-12-21T10:37:57.383206+00:00,btc-updown-15m-1766313000,TRADE,DOWN,ACCUM,1,1,0.7202,0.7202,15,0.3568,12,0.6368,12,0.9936,0.0771,0.2,-0.9932,2.0068,0.0,87.01,SUCCESS
2025-12-21T10:38:08.615660+00:00,btc-updown-15m-1766313000,TRADE,DOWN,ACCUM,1,1,0.6,0.6,15,0.3568,13,0.634,13,0.9907,0.1203,0.13,-0.5932,1.4068,0.0,86.41,SUCCESS
2025-12-21T10:38:14.037627+00:00,btc-updown-15m-1766313000,TRADE,DOWN,ACCUM,1,1,0.5402,0.5402,15,0.3568,14,0.6273,14,0.984,0.2233,0.07,-0.1335,0.8665,0.0,85.87,SUCCESS
2025-12-21T10:38:19.665584+00:00,btc-updown-15m-1766313000,TRADE,DOWN,ACCUM,1,1,0.4401,0.4401,15,0.3568,15,0.6148,15,0.9716,0.4264,0.0,0.4264,0.4264,0.0,85.43,SUCCESS
2025-12-21T10:45:02.181205+00:00,btc-updown-15m-1766313000,RESOLUTION,DOWN,MARKET_END,30,30,1.0,14.5736,15,0.3568,15,0.6148,15,0.9716,0.4264,0.0,0.0,0.0,0.4264,100.43,RESOLVED
2025-12-21T12:30:09.114943+00:00,btc-updown-15m-1766320200,TRADE,DOWN,ACCUM,1,1,0.5101,0.5101,0,0.0,1,0.5101,0,0.0,0.0,1.0,-0.5101,0.4899,0.0,99.49,SUCCESS
2025-12-21T12:30:20.200177+00:00,btc-updown-15m-1766320200,TRADE,DOWN,ACCUM,1,1,0.5201,0.5201,0,0.0,2,0.5151,0,0.0,0.0,1.0,-1.0301,0.9699,0.0,98.97,SUCCESS
2025-12-21T12:30:25.646745+00:00,btc-updown-15m-1766320200,TRADE,UP,ACCUM,1,1,0.5002,0.5002,1,0.5002,2,0.5151,1,1.0153,-0.0153,0.5,-0.5304,0.4696,0.0,98.47,SUCCESS
2025-12-21T12:30:25.647272+00:00,btc-updown-15m-1766320200,TRADE,DOWN,ACCUM,1,1,0.5101,0.5101,1,0.5002,3,0.5134,1,1.0137,-0.0137,0.67,-1.0405,0.9595,0.0,97.96,SUCCESS
2025-12-21T12:31:21.075414+00:00,btc-updown-15m-1766320200,TRADE,DOWN,ACCUM,1,1,0.4301,0.4301,1,0.5002,4,0.4926,1,0.9928,0.0072,0.75,-1.4706,1.5294,0.0,97.53,SUCCESS
2025-12-21T12:31:26.602967+00:00,btc-updown-15m-1766320200,TRADE,DOWN,ACCUM,1,1,0.3602,0.3602,1,0.5002,5,0.4661,1,0.9664,0.0336,0.8,-1.8308,2.1692,0.0,97.17,SUCCESS
2025-12-21T12:31:32.119104+00:00,btc-updown-15m-1766320200,TRADE,DOWN,ACCUM,1,1,0.3502,0.3502,1,0.5002,6,0.4468,1,0.947,0.053,0.83,-2.1809,2.8191,0.0,96.82,SUCCESS
2025-12-21T12:31:37.631263+00:00,btc-updown-15m-1766320200,TRADE,DOWN,ACCUM,1,1,0.27,0.27,1,0.5002,7,0.4215,1,0.9218,0.0782,0.86,-2.4509,3.5491,0.0,96.55,SUCCESS
2025-12-21T12:32:55.186002+00:00,btc-updown-15m-1766320200,TRADE,UP,ACCUM,2,2,0.6302,1.2605,3,0.5869,7,0.4215,3,1.0084,-0.0253,0.57,-1.7114,2.2886,0.0,95.29,SUCCESS
2025-12-21T12:33:22.826446+00:00,btc-updown-15m-1766320200,TRADE,UP,ACCUM,1,1,0.52,0.52,4,0.5702,7,0.4215,4,0.9917,0.0332,0.43,-1.2314,1.7686,0.0,94.77,SUCCESS
2025-12-21T12:33:28.477301+00:00,btc-updown-15m-1766320200,TRADE,UP,ACCUM,1,1,0.5101,0.5101,5,0.5582,7,0.4215,5,0.9797,0.1016,0.29,-0.7415,1.2585,0.0,94.26,SUCCESS
2025-12-21T12:33:39.391317+00:00,btc-updown-15m-1766320200,TRADE,UP,ACCUM,1,1,0.38,0.38,6,0.5285,7,0.4215,6,0.95,0.3,0.14,-0.1215,0.8785,0.0,93.88,SUCCESS
2025-12-21T12:33:45.002891+00:00,btc-updown-15m-1766320200,TRADE,UP,ACCUM,1,1,0.2801,0.2801,7,0.493,7,0.4215,7,0.9145,0.5984,0.0,0.5984,0.5984,0.0,93.6,SUCCESS
2025-12-21T12:33:50.543413+00:00,btc-updown-15m-1766320200,TRADE,UP,ACCUM,1,1,0.2201,0.2201,8,0.4589,7,0.4215,7,0.8804,0.8372,0.12,0.3783,1.3783,0.0,93.38,SUCCESS
2025-12-21T12:33:50.543946+00:00,btc-updown-15m-1766320200,TRADE,DOWN,ACCUM,1,1,0.7998,0.7998,8,0.4589,8,0.4688,8,0.9277,0.5785,0.0,0.5785,0.5785,0.0,92.58,SUCCESS
2025-12-21T12:33:56.156888+00:00,btc-updown-15m-1766320200,TRADE,DOWN,ACCUM,1,1,0.6402,0.6402,8,0.4589,9,0.4879,8,0.9467,0.4262,0.11,-0.0617,0.9383,0.0,91.94,SUCCESS
2025-12-21T12:34:01.569187+00:00,btc-updown-15m-1766320200,TRADE,UP,ACCUM,1,1,0.3701,0.3701,9,0.449,9,0.4879,9,0.9369,0.5682,0.0,0.5682,0.5682,0.0,91.57,SUCCESS
2025-12-21T12:34:01.570157+00:00,btc-updown-15m-1766320200,TRADE,DOWN,ACCUM,1,1,0.6403,0.6403,9,0.449,10,0.5031,9,0.9521,0.4309,0.1,-0.0722,0.9278,0.0,90.93,SUCCESS
2025-12-21T12:34:07.080293+00:00,btc-updown-15m-1766320200,TRADE,UP,ACCUM,1,1,0.3601,0.3601,10,0.4401,10,0.5031,10,0.9432,0.5677,0.0,0.5677,0.5677,0.0,90.57,SUCCESS
2025-12-21T12:34:07.080439+00:00,btc-updown-15m-1766320200,TRADE,DOWN,ACCUM,1,1,0.6502,0.6502,10,0.4401,11,0.5165,10,0.9566,0.434,0.09,-0.0825,0.9175,0.0,89.92,SUCCESS
2025-12-21T12:34:12.814779+00:00,btc-updown-15m-1766320200,TRADE,UP,ACCUM,1,1,0.3001,0.3001,11,0.4274,11,0.5165,11,0.9439,0.6174,0.0,0.6174,0.6174,0.0,89.62,SUCCESS
2025-12-21T12:34:12.815752+00:00,btc-updown-15m-1766320200,TRADE,DOWN,ACCUM,1,1,0.72,0.72,11,0.4274,12,0.5334,11,0.9608,0.4308,0.08,-0.1027,0.8973,0.0,88.9,SUCCESS
2025-12-21T12:34:18.434983+00:00,btc-updown-15m-1766320200,TRADE,UP,ACCUM,1,1,0.2901,0.2901,12,0.416,12,0.5334,12,0.9494,0.6072,0.0,0.6072,0.6072,0.0,88.61,SUCCESS
2025-12-21T12:34:23.954108+00:00,btc-updown-15m-1766320200,TRADE,UP,ACCUM,1,1,0.3801,0.3801,13,0.4132,12,0.5334,12,0.9466,0.6403,0.08,0.2272,1.2272,0.0,88.23,SUCCESS
2025-12-21T12:34:29.568690+00:00,btc-updown-15m-1766320200,TRADE,UP,ACCUM,1,1,0.4001,0.4001,14,0.4123,12,0.5334,12,0.9457,0.6516,0.14,-0.1729,1.8271,0.0,87.83,SUCCESS
2025-12-21T12:34:29.568887+00:00,btc-updown-15m-1766320200,TRADE,DOWN,ACCUM,1,1,0.6001,0.6001,14,0.4123,13,0.5386,13,0.9508,0.6392,0.07,0.227,1.227,0.0,87.23,SUCCESS
2025-12-21T12:34:34.964066+00:00,btc-updown-15m-1766320200,TRADE,UP,ACCUM,1,1,0.38,0.38,15,0.4101,13,0.5386,13,0.9487,0.6672,0.13,-0.153,1.847,0.0,86.85,SUCCESS
2025-12-21T12:34:34.965200+00:00,btc-updown-15m-1766320200,TRADE,DOWN,ACCUM,1,1,0.6303,0.6303,15,0.4101,14,0.5451,14,0.9552,0.6268,0.07,0.2167,1.2167,0.0,86.22,SUCCESS
2025-12-21T12:34:40.575353+00:00,btc-updown-15m-1766320200,TRADE,DOWN,ACCUM,1,1,0.6302,0.6302,15,0.4101,15,0.5508,15,0.9609,0.5865,0.0,0.5865,0.5865,0.0,85.59,SUCCESS
2025-12-21T12:45:01.039706+00:00,btc-updown-15m-1766320200,RESOLUTION,DOWN,MARKET_END,30,30,1.0,14.4135,15,0.4101,15,0.5508,15,0.9609,0.5865,0.0,0.0,0.0,0.5865,100.59,RESOLVED
2025-12-21T12:45:09.829239+00:00,btc-updown-15m-1766321100,TRADE,DOWN,ACCUM,1,1,0.5401,0.5401,0,0.0,1,0.5401,0,0.0,0.0,1.0,-0.5401,0.4599,0.0,100.05,SUCCESS
2025-12-21T12:45:20.744775+00:00,btc-updown-15m-1766321100,TRADE,UP,ACCUM,1,1,0.4801,0.4801,1,0.4801,1,0.5401,1,1.0202,-0.0202,0.0,-0.0202,-0.0202,0.0,99.57,SUCCESS
2025-12-21T12:45:20.745640+00:00,btc-updown-15m-1766321100,TRADE,DOWN,ACCUM,1,1,0.5301,0.5301,1,0.4801,2,0.5351,1,1.0152,-0.0152,0.5,-0.5504,0.4496,0.0,99.04,SUCCESS
2025-12-21T12:45:31.972700+00:00,btc-updown-15m-1766321100,TRADE,DOWN,ACCUM,1,1,0.4401,0.4401,1,0.4801,3,0.5034,1,0.9836,0.0164,0.67,-0.9905,1.0095,0.0,98.6,SUCCESS
2025-12-21T12:45:37.576573+00:00,btc-updown-15m-1766321100,TRADE,DOWN,ACCUM,1,1,0.38,0.38,1,0.4801,4,0.4726,1,0.9527,0.0473,0.75,-1.3705,1.6295,0.0,98.22,SUCCESS
2025-12-21T12:45:43.213802+00:00,btc-updown-15m-1766321100,TRADE,DOWN,ACCUM,1,1,0.3202,0.3202,1,0.4801,5,0.4421,1,0.9222,0.0778,0.8,-1.6906,2.3094,0.0,97.9,SUCCESS
2025-12-21T12:45:48.845549+00:00,btc-updown-15m-1766321100,TRADE,DOWN,ACCUM,1,1,0.33,0.33,1,0.4801,6,0.4234,1,0.9035,0.0965,0.83,-2.0207,2.9793,0.0,97.57,SUCCESS
2025-12-21T12:45:54.271667+00:00,btc-updown-15m-1766321100,TRADE,DOWN,ACCUM,1,1,0.3801,0.3801,1,0.4801,7,0.4172,1,0.8974,0.1026,0.86,-2.4008,3.5992,0.0,97.19,SUCCESS
2025-12-21T12:45:59.782685+00:00,btc-updown-15m-1766321100,TRADE,UP,ACCUM,2,2,0.6203,1.2405,3,0.5735,7,0.4172,3,0.9908,0.0277,0.57,-1.6413,2.3587,0.0,95.95,SUCCESS
2025-12-21T12:46:10.710583+00:00,btc-updown-15m-1766321100,TRADE,UP,ACCUM,1,1,0.5502,0.5502,4,0.5677,7,0.4172,4,0.9849,0.0602,0.43,-1.1915,1.8085,0.0,95.39,SUCCESS
2025-12-21T12:46:16.215744+00:00,btc-updown-15m-1766321100,TRADE,UP,ACCUM,1,1,0.56,0.56,5,0.5662,7,0.4172,5,0.9834,0.0829,0.29,-0.7515,1.2485,0.0,94.83,SUCCESS
2025-12-21T12:46:21.617721+00:00,btc-updown-15m-1766321100,TRADE,DOWN,ACCUM,1,1,0.4102,0.4102,5,0.5662,8,0.4163,5,0.9825,0.0874,0.38,-1.1617,1.8383,0.0,94.42,SUCCESS
2025-12-21T12:46:27.224751+00:00,btc-updown-15m-1766321100,TRADE,UP,ACCUM,1,1,0.6203,0.6203,6,0.5752,8,0.4163,6,0.9915,0.0507,0.25,-0.7819,1.2181,0.0,93.8,SUCCESS
2025-12-21T12:46:27.225029+00:00,btc-updown-15m-1766321100,TRADE,DOWN,ACCUM,1,1,0.3801,0.3801,6,0.5752,9,0.4123,6,0.9875,0.0749,0.33,-1.162,1.838,0.0,93.42,SUCCESS
2025-12-21T12:46:32.830496+00:00,btc-updown-15m-1766321100,TRADE,DOWN,ACCUM,1,1,0.3699,0.3699,6,0.5752,10,0.4081,6,0.9833,0.1004,0.4,-1.5319,2.4681,0.0,93.05,SUCCESS
2025-12-21T12:46:38.450120+00:00,btc-updown-15m-1766321100,TRADE,DOWN,ACCUM,1,1,0.3401,0.3401,6,0.5752,11,0.4019,6,0.9771,0.1374,0.45,-1.872,3.128,0.0,92.71,SUCCESS
2025-12-21T12:46:49.745019+00:00,btc-updown-15m-1766321100,TRADE,UP,ACCUM,1,1,0.6702,0.6702,7,0.5888,11,0.4019,7,0.9907,0.0654,0.36,-1.5422,2.4578,0.0,92.04,SUCCESS
2025-12-21T12:46:49.745908+00:00,btc-updown-15m-1766321100,TRADE,DOWN,ACCUM,1,1,0.3401,0.3401,7,0.5888,12,0.3967,7,0.9855,0.1014,0.42,-1.8823,3.1177,0.0,91.7,SUCCESS
2025-12-21T12:46:55.366198+00:00,btc-updown-15m-1766321100,TRADE,DOWN,ACCUM,1,1,0.36,0.36,7,0.5888,13,0.3939,7,0.9827,0.1212,0.46,-2.2423,3.7577,0.0,91.34,SUCCESS
2025-12-21T12:47:00.985161+00:00,btc-updown-15m-1766321100,TRADE,UP,ACCUM,2,2,0.5703,1.1405,9,0.5847,13,0.3939,9,0.9786,0.1928,0.31,-1.3829,2.6171,0.0,90.2,SUCCESS
2025-12-21T12:47:06.594607+00:00,btc-updown-15m-1766321100,TRADE,UP,ACCUM,1,1,0.5701,0.5701,10,0.5832,13,0.3939,10,0.9771,0.2289,0.23,-0.9529,2.0471,0.0,89.63,SUCCESS
2025-12-21T12:47:06.594799+00:00,btc-updown-15m-1766321100,TRADE,DOWN,ACCUM,1,1,0.4301,0.4301,10,0.5832,14,0.3965,10,0.9797,0.203,0.29,-1.383,2.617,0.0,89.2,SUCCESS
2025-12-21T12:47:12.018981+00:00,btc-updown-15m-1766321100,TRADE,UP,ACCUM,1,1,0.5803,0.5803,11,0.5829,14,0.3965,11,0.9794,0.2262,0.21,-0.9633,2.0367,0.0,88.62,SUCCESS
2025-12-21T12:47:12.019525+00:00,btc-updown-15m-1766321100,TRADE,DOWN,ACCUM,1,1,0.4301,0.4301,11,0.5829,15,0.3987,11,0.9817,0.2016,0.27,-1.3934,2.6066,0.0,88.19,SUCCESS
2025-12-21T12:47:23.236429+00:00,btc-updown-15m-1766321100,TRADE,UP,ACCUM,1,1,0.6401,0.6401,12,0.5877,15,0.3987,12,0.9864,0.1627,0.2,-1.0335,1.9665,0.0,87.55,SUCCESS
2025-12-21T12:47:28.835135+00:00,btc-updown-15m-1766321100,TRADE,UP,ACCUM,1,1,0.64,0.64,13,0.5917,15,0.3987,13,0.9905,0.124,0.13,-0.6735,1.3265,0.0,86.91,SUCCESS
2025-12-21T12:48:07.778080+00:00,btc-updown-15m-1766321100,TRADE,UP,ACCUM,1,1,0.6403,0.6403,14,0.5952,15,0.3987,14,0.9939,0.085,0.07,-0.3138,0.6862,0.0,86.27,SUCCESS
2025-12-21T12:50:48.234725+00:00,btc-updown-15m-1766321100,TRADE,UP,ACCUM,1,1,0.6102,0.6102,15,0.5962,15,0.3987,15,0.9949,0.076,0.0,0.076,0.076,0.0,85.66,SUCCESS
2025-12-21T13:00:03.001700+00:00,btc-updown-15m-1766321100,RESOLUTION,DOWN,MARKET_END,30,30,1.0,14.924,15,0.5962,15,0.3987,15,0.9949,0.076,0.0,0.0,0.0,0.076,100.66,RESOLVED
2025-12-21T13:00:11.690739+00:00,btc-updown-15m-1766322000,TRADE,DOWN,ACCUM,1,1,0.4101,0.4101,0,0.0,1,0.4101,0,0.0,0.0,1.0,-0.4101,0.5899,0.0,100.25,SUCCESS
2025-12-21T13:00:17.343319+00:00,btc-updown-15m-1766322000,TRADE,UP,ACCUM,1,1,0.6602,0.6602,1,0.6602,1,0.4101,1,1.0703,-0.0703,0.0,-0.0703,-0.0703,0.0,99.59,SUCCESS
2025-12-21T13:00:17.343488+00:00,btc-updown-15m-1766322000,TRADE,DOWN,ACCUM,1,1,0.35,0.35,1,0.6602,2,0.38,1,1.0403,-0.0403,0.5,-0.4203,0.5797,0.0,99.24,SUCCESS
2025-12-21T13:00:50.253244+00:00,btc-updown-15m-1766322000,TRADE,UP,ACCUM,1,1,0.56,0.56,2,0.6101,2,0.38,2,0.9902,0.0196,0.0,0.0196,0.0196,0.0,98.68,SUCCESS
2025-12-21T13:00:55.659156+00:00,btc-updown-15m-1766322000,TRADE,UP,ACCUM,1,1,0.5202,0.5202,3,0.5802,2,0.38,2,0.9602,0.0796,0.33,-0.5006,0.4994,0.0,98.16,SUCCESS
2025-12-21T13:01:01.159487+00:00,btc-updown-15m-1766322000,TRADE,UP,ACCUM,1,1,0.5301,0.5301,4,0.5677,2,0.38,2,0.9477,0.1046,0.5,-1.0307,0.9693,0.0,97.63,SUCCESS
2025-12-21T13:01:12.192156+00:00,btc-updown-15m-1766322000,TRADE,UP,ACCUM,1,1,0.58,0.58,5,0.5701,2,0.38,2,0.9502,0.0997,0.6,-1.6107,1.3893,0.0,97.05,SUCCESS
2025-12-21T13:01:12.193186+00:00,btc-updown-15m-1766322000,TRADE,DOWN,ACCUM,1,1,0.4601,0.4601,5,0.5701,3,0.4067,3,0.9768,0.0695,0.4,-1.0708,0.9292,0.0,96.59,SUCCESS
2025-12-21T13:01:17.585639+00:00,btc-updown-15m-1766322000,TRADE,UP,ACCUM,1,1,0.5801,0.5801,6,0.5718,3,0.4067,3,0.9785,0.0645,0.5,-1.6509,1.3491,0.0,96.01,SUCCESS
2025-12-21T13:01:17.585854+00:00,btc-updown-15m-1766322000,TRADE,DOWN,ACCUM,1,1,0.4301,0.4301,6,0.5718,4,0.4125,4,0.9843,0.0626,0.33,-1.081,0.919,0.0,95.58,SUCCESS
2025-12-21T13:01:23.090885+00:00,btc-updown-15m-1766322000,TRADE,UP,ACCUM,1,1,0.5702,0.5702,7,0.5716,4,0.4125,4,0.9841,0.0636,0.43,-1.6511,1.3489,0.0,95.01,SUCCESS
2025-12-21T13:01:23.091068+00:00,btc-updown-15m-1766322000,TRADE,DOWN,ACCUM,1,1,0.45,0.45,7,0.5716,5,0.42,5,0.9916,0.042,0.29,-1.1012,0.8988,0.0,94.56,SUCCESS
2025-12-21T13:01:28.603049+00:00,btc-updown-15m-1766322000,TRADE,UP,ACCUM,1,1,0.5601,0.5601,8,0.5701,5,0.42,5,0.9902,0.0491,0.38,-1.6613,1.3387,0.0,94.0,SUCCESS
2025-12-21T13:01:34.100234+00:00,btc-updown-15m-1766322000,TRADE,UP,ACCUM,1,1,0.5803,0.5803,9,0.5713,5,0.42,5,0.9913,0.0435,0.44,-2.2416,1.7584,0.0,93.42,SUCCESS
2025-12-21T13:01:34.100813+00:00,btc-updown-15m-1766322000,TRADE,DOWN,ACCUM,1,1,0.44,0.44,9,0.5713,6,0.4234,6,0.9946,0.0322,0.33,-1.6816,1.3184,0.0,92.98,SUCCESS
2025-12-21T13:01:39.698169+00:00,btc-updown-15m-1766322000,TRADE,UP,ACCUM,1,1,0.57,0.57,10,0.5711,6,0.4234,6,0.9945,0.0329,0.4,-2.2516,1.7484,0.0,92.41,SUCCESS
2025-12-21T13:01:45.104967+00:00,btc-updown-15m-1766322000,TRADE,DOWN,ACCUM,1,1,0.4002,0.4002,10,0.5711,7,0.4201,7,0.9912,0.0616,0.3,-1.6518,1.3482,0.0,92.01,SUCCESS
2025-12-21T13:01:50.530550+00:00,btc-updown-15m-1766322000,TRADE,UP,ACCUM,1,1,0.6002,0.6002,11,0.5738,7,0.4201,7,0.9938,0.0431,0.36,-2.252,1.748,0.0,91.41,SUCCESS
2025-12-21T13:01:50.532003+00:00,btc-updown-15m-1766322000,TRADE,DOWN,ACCUM,1,1,0.4202,0.4202,11,0.5738,8,0.4201,8,0.9939,0.0492,0.27,-1.6722,1.3278,0.0,90.99,SUCCESS
2025-12-21T13:01:56.038418+00:00,btc-updown-15m-1766322000,TRADE,DOWN,ACCUM,1,1,0.4202,0.4202,11,0.5738,9,0.4201,9,0.9939,0.0552,0.18,-1.0923,0.9077,0.0,90.57,SUCCESS
2025-12-21T13:02:07.042469+00:00,btc-updown-15m-1766322000,TRADE,DOWN,ACCUM,1,1,0.39,0.39,11,0.5738,10,0.4171,10,0.9909,0.0914,0.09,-0.4824,0.5176,0.0,90.18,SUCCESS
2025-12-21T13:02:12.655571+00:00,btc-updown-15m-1766322000,TRADE,DOWN,ACCUM,1,1,0.3601,0.3601,11,0.5738,11,0.4119,11,0.9857,0.1575,0.0,0.1575,0.1575,0.0,89.82,SUCCESS
2025-12-21T13:02:18.172045+00:00,btc-updown-15m-1766322000,TRADE,UP,ACCUM,1,1,0.6503,0.6503,12,0.5802,11,0.4119,11,0.9921,0.0874,0.08,-0.4928,0.5072,0.0,89.17,SUCCESS
2025-12-21T13:02:18.173140+00:00,btc-updown-15m-1766322000,TRADE,DOWN,ACCUM,1,1,0.3702,0.3702,12,0.5802,12,0.4084,12,0.9886,0.1371,0.0,0.1371,0.1371,0.0,88.8,SUCCESS
2025-12-21T13:02:23.693427+00:00,btc-updown-15m-1766322000,TRADE,DOWN,ACCUM,1,1,0.3802,0.3802,12,0.5802,13,0.4063,12,0.9864,0.1631,0.08,-0.2431,0.7569,0.0,88.42,SUCCESS
2025-12-21T13:02:29.293169+00:00,btc-updown-15m-1766322000,TRADE,UP,ACCUM,1,1,0.63,0.63,13,0.584,13,0.4063,13,0.9902,0.1269,0.0,0.1269,0.1269,0.0,87.79,SUCCESS
2025-12-21T13:02:29.294305+00:00,btc-updown-15m-1766322000,TRADE,DOWN,ACCUM,1,1,0.38,0.38,13,0.584,14,0.4044,13,0.9884,0.1512,0.07,-0.2531,0.7469,0.0,87.41,SUCCESS
2025-12-21T13:02:34.701961+00:00,btc-updown-15m-1766322000,TRADE,UP,ACCUM,1,1,0.6501,0.6501,14,0.5887,14,0.4044,14,0.9931,0.0968,0.0,0.0968,0.0968,0.0,86.76,SUCCESS
2025-12-21T13:02:45.853825+00:00,btc-updown-15m-1766322000,TRADE,DOWN,ACCUM,1,1,0.3701,0.3701,14,0.5887,15,0.4021,14,0.9908,0.1288,0.07,-0.2733,0.7267,0.0,86.39,SUCCESS
2025-12-21T13:03:07.768897+00:00,btc-updown-15m-1766322000,TRADE,UP,ACCUM,1,1,0.6303,0.6303,15,0.5915,15,0.4021,15,0.9936,0.0964,0.0,0.0964,0.0964,0.0,85.76,SUCCESS
2025-12-21T13:15:00.450654+00:00,btc-updown-15m-1766322000,RESOLUTION,DOWN,MARKET_END,30,30,1.0,14.9036,15,0.5915,15,0.4021,15,0.9936,0.0964,0.0,0.0,0.0,0.0964,100.76,RESOLVED
2025-12-21T13:15:08.940340+00:00,btc-updown-15m-1766322900,TRADE,UP,ACCUM,1,1,0.5101,0.5101,1,0.5101,0,0.0,0,0.0,0.0,1.0,-0.5101,0.4899,0.0,100.25,SUCCESS
2025-12-21T13:15:08.940573+00:00,btc-updown-15m-1766322900,TRADE,DOWN,ACCUM,1,1,0.5002,0.5002,1,0.5101,1,0.5002,1,1.0103,-0.0103,0.0,-0.0103,-0.0103,0.0,99.75,SUCCESS
2025-12-21T13:15:19.771860+00:00,btc-updown-15m-1766322900,TRADE,UP,ACCUM,1,1,0.3501,0.3501,2,0.4301,1,0.5002,1,0.9303,0.0697,0.5,-0.3604,0.6396,0.0,99.4,SUCCESS
2025-12-21T13:15:30.766342+00:00,btc-updown-15m-1766322900,TRADE,UP,ACCUM,1,1,0.3601,0.3601,3,0.4068,1,0.5002,1,0.9069,0.0931,0.67,-0.7205,1.2795,0.0,99.04,SUCCESS
2025-12-21T13:15:36.282249+00:00,btc-updown-15m-1766322900,TRADE,UP,ACCUM,1,1,0.4101,0.4101,4,0.4076,1,0.5002,1,0.9078,0.0922,0.75,-1.1305,1.8695,0.0,98.63,SUCCESS
2025-12-21T13:15:36.282707+00:00,btc-updown-15m-1766322900,TRADE,DOWN,ACCUM,1,1,0.6101,0.6101,4,0.4076,2,0.5551,2,0.9627,0.0745,0.5,-0.7407,1.2593,0.0,98.02,SUCCESS
2025-12-21T13:15:41.697682+00:00,btc-updown-15m-1766322900,TRADE,UP,ACCUM,1,1,0.38,0.38,5,0.4021,2,0.5551,2,0.9572,0.0855,0.6,-1.1207,1.8793,0.0,97.64,SUCCESS
2025-12-21T13:15:47.125450+00:00,btc-updown-15m-1766322900,TRADE,UP,ACCUM,1,1,0.4202,0.4202,6,0.4051,2,0.5551,2,0.9602,0.0795,0.67,-1.5409,2.4591,0.0,97.22,SUCCESS
2025-12-21T13:15:47.126264+00:00,btc-updown-15m-1766322900,TRADE,DOWN,ACCUM,1,1,0.6001,0.6001,6,0.4051,3,0.5701,3,0.9752,0.0743,0.5,-1.141,1.859,0.0,96.62,SUCCESS
2025-12-21T13:15:52.531720+00:00,btc-updown-15m-1766322900,TRADE,UP,ACCUM,1,1,0.4099,0.4099,7,0.4058,3,0.5701,3,0.9759,0.0723,0.57,-1.5509,2.4491,0.0,96.21,SUCCESS
2025-12-21T13:15:57.928821+00:00,btc-updown-15m-1766322900,TRADE,UP,ACCUM,1,1,0.41,0.41,8,0.4063,3,0.5701,3,0.9764,0.0707,0.62,-1.9609,3.0391,0.0,95.8,SUCCESS
2025-12-21T13:16:03.354970+00:00,btc-updown-15m-1766322900,TRADE,UP,ACCUM,1,1,0.3599,0.3599,9,0.4012,3,0.5701,3,0.9713,0.0861,0.67,-2.3208,3.6792,0.0,95.44,SUCCESS
2025-12-21T13:16:25.435282+00:00,btc-updown-15m-1766322900,TRADE,DOWN,ACCUM,2,2,0.6802,1.3603,9,0.4012,5,0.6141,5,1.0153,-0.0765,0.44,-1.6811,2.3189,0.0,94.08,SUCCESS
2025-12-21T13:21:17.459985+00:00,btc-updown-15m-1766322900,TRADE,DOWN,ACCUM,1,1,0.48,0.48,9,0.4012,6,0.5918,6,0.9929,0.0423,0.33,-1.1612,1.8388,0.0,93.6,SUCCESS
2025-12-21T13:21:23.071776+00:00,btc-updown-15m-1766322900,TRADE,DOWN,ACCUM,1,1,0.4701,0.4701,9,0.4012,7,0.5744,7,0.9756,0.1711,0.22,-0.6312,1.3688,0.0,93.13,SUCCESS
2025-12-21T13:21:28.571211+00:00,btc-updown-15m-1766322900,TRADE,UP,ACCUM,1,1,0.5302,0.5302,10,0.4141,7,0.5744,7,0.9885,0.0808,0.3,-1.1614,1.8386,0.0,92.6,SUCCESS
2025-12-21T13:21:44.918652+00:00,btc-updown-15m-1766322900,TRADE,DOWN,ACCUM,1,1,0.5202,0.5202,10,0.4141,8,0.5676,8,0.9817,0.1465,0.2,-0.6816,1.3184,0.0,92.08,SUCCESS
2025-12-21T13:21:50.332012+00:00,btc-updown-15m-1766322900,TRADE,UP,ACCUM,1,1,0.4199,0.4199,11,0.4146,8,0.5676,8,0.9822,0.1423,0.27,-1.1015,1.8985,0.0,91.66,SUCCESS
2025-12-21T13:21:50.332638+00:00,btc-updown-15m-1766322900,TRADE,DOWN,ACCUM,1,1,0.5801,0.5801,11,0.4146,9,0.569,9,0.9836,0.1476,0.18,-0.6816,1.3184,0.0,91.08,SUCCESS
2025-12-21T13:21:55.805561+00:00,btc-updown-15m-1766322900,TRADE,UP,ACCUM,1,1,0.4401,0.4401,12,0.4167,9,0.569,9,0.9857,0.1284,0.25,-1.1217,1.8783,0.0,90.64,SUCCESS
2025-12-21T13:21:55.805937+00:00,btc-updown-15m-1766322900,TRADE,DOWN,ACCUM,1,1,0.5701,0.5701,12,0.4167,10,0.5691,10,0.9858,0.1416,0.17,-0.6918,1.3082,0.0,90.07,SUCCESS
2025-12-21T13:22:01.424681+00:00,btc-updown-15m-1766322900,TRADE,UP,ACCUM,1,1,0.43,0.43,13,0.4177,10,0.5691,10,0.9869,0.1314,0.23,-1.1218,1.8782,0.0,89.64,SUCCESS
2025-12-21T13:22:01.425814+00:00,btc-updown-15m-1766322900,TRADE,DOWN,ACCUM,1,1,0.5901,0.5901,13,0.4177,11,0.571,11,0.9888,0.1235,0.15,-0.7119,1.2881,0.0,89.05,SUCCESS
2025-12-21T13:22:06.931525+00:00,btc-updown-15m-1766322900,TRADE,UP,ACCUM,1,1,0.43,0.43,14,0.4186,11,0.571,11,0.9896,0.1139,0.21,-1.142,1.858,0.0,88.62,SUCCESS
2025-12-21T13:22:18.191023+00:00,btc-updown-15m-1766322900,TRADE,UP,ACCUM,1,1,0.4702,0.4702,15,0.4221,11,0.571,11,0.9931,0.076,0.27,-1.6122,2.3878,0.0,88.15,SUCCESS
2025-12-21T13:22:23.697021+00:00,btc-updown-15m-1766322900,TRADE,DOWN,ACCUM,1,1,0.4801,0.4801,15,0.4221,12,0.5634,12,0.9855,0.1739,0.2,-1.0922,1.9078,0.0,87.67,SUCCESS
2025-12-21T13:22:29.277566+00:00,btc-updown-15m-1766322900,TRADE,DOWN,ACCUM,1,1,0.6001,0.6001,15,0.4221,13,0.5663,13,0.9883,0.1518,0.13,-0.6923,1.3077,0.0,87.07,SUCCESS
2025-12-21T13:22:34.785878+00:00,btc-updown-15m-1766322900,TRADE,DOWN,ACCUM,1,1,0.6303,0.6303,15,0.4221,14,0.5708,14,0.9929,0.0994,0.07,-0.3226,0.6774,0.0,86.44,SUCCESS
2025-12-21T13:23:40.554534+00:00,btc-updown-15m-1766322900,TRADE,DOWN,ACCUM,1,1,0.58,0.58,15,0.4221,15,0.5715,15,0.9935,0.0973,0.0,0.0973,0.0973,0.0,85.86,SUCCESS
2025-12-21T13:30:03.452920+00:00,btc-updown-15m-1766322900,RESOLUTION,DOWN,MARKET_END,30,30,1.0,14.9027,15,0.4221,15,0.5715,15,0.9935,0.0973,0.0,0.0,0.0,0.0973,100.86,RESOLVED
2025-12-21T13:30:17.907986+00:00,btc-updown-15m-1766323800,TRADE,UP,ACCUM,1,1,0.26,0.26,1,0.26,0,0.0,0,0.0,0.0,1.0,-0.26,0.74,0.0,100.6,SUCCESS
2025-12-21T13:30:17.908427+00:00,btc-updown-15m-1766323800,TRADE,DOWN,ACCUM,1,1,0.7504,0.7504,1,0.26,1,0.7504,1,1.0103,-0.0103,0.0,-0.0103,-0.0103,0.0,99.85,SUCCESS
2025-12-21T13:30:23.415474+00:00,btc-updown-15m-1766323800,TRADE,DOWN,ACCUM,1,1,0.6902,0.6902,1,0.26,2,0.7203,1,0.9802,0.0198,0.5,-0.7005,0.2995,0.0,99.16,SUCCESS
2025-12-21T13:30:28.867474+00:00,btc-updown-15m-1766323800,TRADE,DOWN,ACCUM,1,1,0.6102,0.6102,1,0.26,3,0.6836,1,0.9435,0.0565,0.67,-1.3107,0.6893,0.0,98.55,SUCCESS
2025-12-21T13:30:34.368148+00:00,btc-updown-15m-1766323800,TRADE,DOWN,ACCUM,1,1,0.5502,0.5502,1,0.26,4,0.6502,1,0.9102,0.0898,0.75,-1.8609,1.1391,0.0,98.0,SUCCESS
2025-12-21T13:30:39.896716+00:00,btc-updown-15m-1766323800,TRADE,UP,ACCUM,1,1,0.4201,0.4201,2,0.34,4,0.6502,2,0.9903,0.0195,0.5,-1.281,0.719,0.0,97.58,SUCCESS
2025-12-21T13:30:39.897015+00:00,btc-updown-15m-1766323800,TRADE,DOWN,ACCUM,1,1,0.55,0.55,2,0.34,5,0.6302,2,0.9702,0.0595,0.6,-1.831,1.169,0.0,97.03,SUCCESS
2025-12-21T13:30:45.430529+00:00,btc-updown-15m-1766323800,TRADE,DOWN,ACCUM,1,1,0.5603,0.5603,2,0.34,6,0.6185,2,0.9586,0.0829,0.67,-2.3913,1.6087,0.0,96.46,SUCCESS
2025-12-21T13:30:51.063717+00:00,btc-updown-15m-1766323800,TRADE,UP,ACCUM,1,1,0.4401,0.4401,3,0.3734,6,0.6185,3,0.9919,0.0242,0.5,-1.8314,1.1686,0.0,96.02,SUCCESS
2025-12-21T13:30:56.539392+00:00,btc-updown-15m-1766323800,TRADE,DOWN,ACCUM,1,1,0.5001,0.5001,3,0.3734,7,0.6016,3,0.975,0.075,0.57,-2.3315,1.6685,0.0,95.52,SUCCESS
2025-12-21T13:31:02.088379+00:00,btc-updown-15m-1766323800,TRADE,DOWN,ACCUM,1,1,0.5302,0.5302,3,0.3734,8,0.5927,3,0.9661,0.1018,0.62,-2.8617,2.1383,0.0,94.99,SUCCESS
2025-12-21T13:31:07.699977+00:00,btc-updown-15m-1766323800,TRADE,UP,ACCUM,1,1,0.3801,0.3801,4,0.3751,8,0.5927,4,0.9678,0.1289,0.5,-2.2418,1.7582,0.0,94.61,SUCCESS
2025-12-21T13:31:07.700328+00:00,btc-updown-15m-1766323800,TRADE,DOWN,ACCUM,1,1,0.64,0.64,4,0.3751,9,0.5979,4,0.973,0.1079,0.56,-2.8818,2.1182,0.0,93.97,SUCCESS
2025-12-21T13:31:13.211746+00:00,btc-updown-15m-1766323800,TRADE,UP,ACCUM,1,1,0.3701,0.3701,5,0.3741,9,0.5979,5,0.972,0.1398,0.44,-2.252,1.748,0.0,93.6,SUCCESS
2025-12-21T13:31:13.214044+00:00,btc-updown-15m-1766323800,TRADE,DOWN,ACCUM,1,1,0.6401,0.6401,5,0.3741,10,0.6022,5,0.9762,0.1188,0.5,-2.8921,2.1079,0.0,92.96,SUCCESS
2025-12-21T13:31:18.628286+00:00,btc-updown-15m-1766323800,TRADE,UP,ACCUM,1,1,0.28,0.28,6,0.3584,10,0.6022,6,0.9606,0.2366,0.4,-2.1721,1.8279,0.0,92.68,SUCCESS
2025-12-21T13:31:18.628571+00:00,btc-updown-15m-1766323800,TRADE,DOWN,ACCUM,1,1,0.7303,0.7303,6,0.3584,11,0.6138,6,0.9722,0.1667,0.45,-2.9023,2.0977,0.0,91.95,SUCCESS
2025-12-21T13:31:24.006682+00:00,btc-updown-15m-1766323800,TRADE,UP,ACCUM,1,1,0.31,0.31,7,0.3515,11,0.6138,7,0.9653,0.2429,0.36,-2.2123,1.7877,0.0,91.64,SUCCESS
2025-12-21T13:31:24.006885+00:00,btc-updown-15m-1766323800,TRADE,DOWN,ACCUM,1,1,0.7101,0.7101,7,0.3515,12,0.6218,7,0.9733,0.1867,0.42,-2.9225,2.0775,0.0,90.93,SUCCESS
2025-12-21T13:31:29.654836+00:00,btc-updown-15m-1766323800,TRADE,UP,ACCUM,1,1,0.3401,0.3401,8,0.3501,12,0.6218,8,0.9719,0.2248,0.33,-2.2626,1.7374,0.0,90.59,SUCCESS
2025-12-21T13:31:29.655732+00:00,btc-updown-15m-1766323800,TRADE,DOWN,ACCUM,1,1,0.6702,0.6702,8,0.3501,13,0.6256,8,0.9756,0.195,0.38,-2.9327,2.0673,0.0,89.92,SUCCESS
2025-12-21T13:31:35.164414+00:00,btc-updown-15m-1766323800,TRADE,UP,ACCUM,1,1,0.2701,0.2701,9,0.3412,13,0.6256,9,0.9667,0.2994,0.31,-2.2029,1.7971,0.0,89.65,SUCCESS
2025-12-21T13:31:35.165419+00:00,btc-updown-15m-1766323800,TRADE,DOWN,ACCUM,1,1,0.7401,0.7401,9,0.3412,14,0.6337,9,0.9749,0.2257,0.36,-2.943,2.057,0.0,88.91,SUCCESS
2025-12-21T13:31:40.553712+00:00,btc-updown-15m-1766323800,TRADE,UP,ACCUM,1,1,0.31,0.31,10,0.3381,14,0.6337,10,0.9718,0.282,0.29,-2.253,1.747,0.0,88.6,SUCCESS
2025-12-21T13:31:40.553919+00:00,btc-updown-15m-1766323800,TRADE,DOWN,ACCUM,1,1,0.7002,0.7002,10,0.3381,15,0.6382,10,0.9762,0.2376,0.33,-2.9532,2.0468,0.0,87.9,SUCCESS
2025-12-21T13:31:46.161758+00:00,btc-updown-15m-1766323800,TRADE,UP,ACCUM,1,1,0.2601,0.2601,11,0.331,15,0.6382,11,0.9691,0.3394,0.27,-2.2133,1.7867,0.0,87.64,SUCCESS
2025-12-21T13:31:51.565271+00:00,btc-updown-15m-1766323800,TRADE,UP,ACCUM,1,1,0.3099,0.3099,12,0.3292,15,0.6382,12,0.9674,0.3913,0.2,-1.5232,1.4768,0.0,87.33,SUCCESS
2025-12-21T13:31:56.995013+00:00,btc-updown-15m-1766323800,TRADE,UP,ACCUM,1,1,0.26,0.26,13,0.3239,15,0.6382,13,0.9621,0.4932,0.13,-0.7832,1.2168,0.0,87.07,SUCCESS
2025-12-21T13:32:08.232607+00:00,btc-updown-15m-1766323800,TRADE,UP,ACCUM,1,1,0.21,0.21,14,0.3158,15,0.6382,14,0.9539,0.645,0.07,0.0068,1.0068,0.0,86.86,SUCCESS
2025-12-21T13:32:13.734899+00:00,btc-updown-15m-1766323800,TRADE,UP,ACCUM,1,1,0.2001,0.2001,15,0.3081,15,0.6382,15,0.9462,0.8067,0.0,0.8067,0.8067,0.0,86.66,SUCCESS
2025-12-21T13:45:00.843736+00:00,btc-updown-15m-1766323800,RESOLUTION,DOWN,MARKET_END,30,30,1.0,14.1933,15,0.3081,15,0.6382,15,0.9462,0.8067,0.0,0.0,0.0,0.8067,101.66,RESOLVED
2025-12-21T13:45:09.438103+00:00,btc-updown-15m-1766324700,TRADE,UP,ACCUM,1,1,0.51,0.51,1,0.51,0,0.0,0,0.0,0.0,1.0,-0.51,0.49,0.0,101.15,SUCCESS
2025-12-21T13:45:09.438542+00:00,btc-updown-15m-1766324700,TRADE,DOWN,ACCUM,1,1,0.5002,0.5002,1,0.51,1,0.5002,1,1.0103,-0.0103,0.0,-0.0103,-0.0103,0.0,100.65,SUCCESS
2025-12-21T13:45:14.957964+00:00,btc-updown-15m-1766324700,TRADE,DOWN,ACCUM,1,1,0.4401,0.4401,1,0.51,2,0.4701,1,0.9802,0.0198,0.5,-0.4503,0.5497,0.0,100.21,SUCCESS
2025-12-21T13:45:20.579296+00:00,btc-updown-15m-1766324700,TRADE,UP,ACCUM,1,1,0.5301,0.5301,2,0.5201,2,0.4701,2,0.9902,0.0196,0.0,0.0196,0.0196,0.0,99.68,SUCCESS
2025-12-21T13:45:20.579713+00:00,btc-updown-15m-1766324700,TRADE,DOWN,ACCUM,1,1,0.4702,0.4702,2,0.5201,3,0.4702,2,0.9902,0.0195,0.33,-0.4506,0.5494,0.0,99.21,SUCCESS
2025-12-21T13:45:31.608002+00:00,btc-updown-15m-1766324700,TRADE,UP,ACCUM,1,1,0.5301,0.5301,3,0.5234,3,0.4702,3,0.9936,0.0192,0.0,0.0192,0.0192,0.0,98.68,SUCCESS
2025-12-21T13:45:37.123669+00:00,btc-updown-15m-1766324700,TRADE,UP,ACCUM,1,1,0.5202,0.5202,4,0.5226,3,0.4702,3,0.9928,0.0217,0.25,-0.501,0.499,0.0,98.16,SUCCESS
2025-12-21T13:45:42.531778+00:00,btc-updown-15m-1766324700,TRADE,UP,ACCUM,1,1,0.5102,0.5102,5,0.5201,3,0.4702,3,0.9903,0.0291,0.4,-1.0112,0.9888,0.0,97.65,SUCCESS
2025-12-21T13:45:48.051298+00:00,btc-updown-15m-1766324700,TRADE,UP,ACCUM,1,1,0.43,0.43,6,0.5051,3,0.4702,3,0.9753,0.0742,0.5,-1.4412,1.5588,0.0,97.22,SUCCESS
2025-12-21T13:45:53.476019+00:00,btc-updown-15m-1766324700,TRADE,UP,ACCUM,1,1,0.5001,0.5001,7,0.5044,3,0.4702,3,0.9746,0.0763,0.57,-1.9413,2.0587,0.0,96.72,SUCCESS
2025-12-21T13:45:53.477018+00:00,btc-updown-15m-1766324700,TRADE,DOWN,ACCUM,1,1,0.51,0.51,7,0.5044,4,0.4801,4,0.9845,0.0619,0.43,-1.4513,1.5487,0.0,96.21,SUCCESS
2025-12-21T13:45:58.982720+00:00,btc-updown-15m-1766324700,TRADE,UP,ACCUM,1,1,0.42,0.42,8,0.4939,4,0.4801,4,0.974,0.104,0.5,-1.8714,2.1286,0.0,95.79,SUCCESS
2025-12-21T13:46:04.528570+00:00,btc-updown-15m-1766324700,TRADE,UP,ACCUM,1,1,0.4302,0.4302,9,0.4868,4,0.4801,4,0.9669,0.1324,0.56,-2.3015,2.6985,0.0,95.36,SUCCESS
2025-12-21T13:46:04.529425+00:00,btc-updown-15m-1766324700,TRADE,DOWN,ACCUM,1,1,0.58,0.58,9,0.4868,5,0.5001,5,0.9869,0.0656,0.44,-1.8815,2.1185,0.0,94.78,SUCCESS
2025-12-21T13:46:09.944218+00:00,btc-updown-15m-1766324700,TRADE,UP,ACCUM,1,1,0.43,0.43,10,0.4811,5,0.5001,5,0.9812,0.0939,0.5,-2.3116,2.6884,0.0,94.35,SUCCESS
2025-12-21T13:46:15.443445+00:00,btc-updown-15m-1766324700,TRADE,UP,ACCUM,1,1,0.4702,0.4702,11,0.4801,5,0.5001,5,0.9802,0.0989,0.55,-2.7818,3.2182,0.0,93.88,SUCCESS
2025-12-21T13:46:15.443641+00:00,btc-updown-15m-1766324700,TRADE,DOWN,ACCUM,1,1,0.54,0.54,11,0.4801,6,0.5068,6,0.9869,0.0787,0.45,-2.3218,2.6782,0.0,93.34,SUCCESS
2025-12-21T13:46:26.478279+00:00,btc-updown-15m-1766324700,TRADE,UP,ACCUM,1,1,0.49,0.49,12,0.4809,6,0.5068,6,0.9877,0.0738,0.5,-2.8119,3.1881,0.0,92.85,SUCCESS
2025-12-21T13:46:26.478481+00:00,btc-updown-15m-1766324700,TRADE,DOWN,ACCUM,1,1,0.52,0.52,12,0.4809,7,0.5087,7,0.9896,0.0728,0.42,-2.3319,2.6681,0.0,92.33,SUCCESS
2025-12-21T13:46:32.070532+00:00,btc-updown-15m-1766324700,TRADE,UP,ACCUM,1,1,0.4802,0.4802,13,0.4809,7,0.5087,7,0.9895,0.0732,0.46,-2.8121,3.1879,0.0,91.85,SUCCESS
2025-12-21T13:46:32.071714+00:00,btc-updown-15m-1766324700,TRADE,DOWN,ACCUM,1,1,0.53,0.53,13,0.4809,8,0.5113,8,0.9922,0.0623,0.38,-2.3421,2.6579,0.0,91.32,SUCCESS
2025-12-21T13:46:37.583323+00:00,btc-updown-15m-1766324700,TRADE,DOWN,ACCUM,1,1,0.5101,0.5101,13,0.4809,9,0.5112,9,0.9921,0.0713,0.31,-1.8522,2.1478,0.0,90.81,SUCCESS
2025-12-21T13:46:42.977973+00:00,btc-updown-15m-1766324700,TRADE,DOWN,ACCUM,1,1,0.4502,0.4502,13,0.4809,10,0.5051,10,0.986,0.1402,0.23,-1.3024,1.6976,0.0,90.36,SUCCESS
2025-12-21T13:46:48.598244+00:00,btc-updown-15m-1766324700,TRADE,UP,ACCUM,1,1,0.5702,0.5702,14,0.4873,10,0.5051,10,0.9924,0.0764,0.29,-1.8726,2.1274,0.0,89.79,SUCCESS
2025-12-21T13:46:54.220642+00:00,btc-updown-15m-1766324700,TRADE,DOWN,ACCUM,1,1,0.4601,0.4601,14,0.4873,11,0.501,11,0.9883,0.129,0.21,-1.3328,1.6672,0.0,89.33,SUCCESS
2025-12-21T13:46:59.633057+00:00,btc-updown-15m-1766324700,TRADE,DOWN,ACCUM,1,1,0.49,0.49,14,0.4873,12,0.5001,12,0.9874,0.1517,0.14,-0.8228,1.1772,0.0,88.84,SUCCESS
2025-12-21T13:47:05.440571+00:00,btc-updown-15m-1766324700,TRADE,UP,ACCUM,1,1,0.5001,0.5001,15,0.4881,12,0.5001,12,0.9882,0.1415,0.2,-1.3229,1.6771,0.0,88.34,SUCCESS
2025-12-21T13:47:05.441010+00:00,btc-updown-15m-1766324700,TRADE,DOWN,ACCUM,1,1,0.52,0.52,15,0.4881,13,0.5016,13,0.9897,0.1333,0.13,-0.8429,1.1571,0.0,87.82,SUCCESS
2025-12-21T13:47:10.994337+00:00,btc-updown-15m-1766324700,TRADE,DOWN,ACCUM,1,1,0.5701,0.5701,15,0.4881,14,0.5065,14,0.9946,0.0751,0.07,-0.413,0.587,0.0,87.25,SUCCESS
2025-12-21T14:00:04.778167+00:00,btc-updown-15m-1766324700,RESOLUTION,DOWN,MARKET_END,29,29,1.0,14.413,15,0.4881,14,0.5065,14,0.9946,0.0751,0.07,0.0,0.0,-0.413,101.25,RESOLVED
2025-12-21T14:00:13.272129+00:00,btc-updown-15m-1766325600,TRADE,DOWN,ACCUM,1,1,0.5002,0.5002,0,0.0,1,0.5002,0,0.0,0.0,1.0,-0.5002,0.4998,0.0,100.75,SUCCESS
2025-12-21T14:00:18.780929+00:00,btc-updown-15m-1766325600,TRADE,UP,ACCUM,1,1,0.5101,0.5101,1,0.5101,1,0.5002,1,1.0103,-0.0103,0.0,-0.0103,-0.0103,0.0,100.24,SUCCESS
2025-12-21T14:00:18.781126+00:00,btc-updown-15m-1766325600,TRADE,DOWN,ACCUM,1,1,0.5002,0.5002,1,0.5101,2,0.5002,1,1.0103,-0.0103,0.5,-0.5105,0.4895,0.0,99.74,SUCCESS
2025-12-21T14:00:51.476172+00:00,btc-updown-15m-1766325600,TRADE,DOWN,ACCUM,1,1,0.4501,0.4501,1,0.5101,3,0.4835,1,0.9936,0.0064,0.67,-0.9605,1.0395,0.0,99.29,SUCCESS
2025-12-21T14:01:02.665044+00:00,btc-updown-15m-1766325600,TRADE,DOWN,ACCUM,1,1,0.4199,0.4199,1,0.5101,4,0.4676,1,0.9777,0.0223,0.75,-1.3804,1.6196,0.0,98.87,SUCCESS
2025-12-21T14:01:08.160658+00:00,btc-updown-15m-1766325600,TRADE,DOWN,ACCUM,1,1,0.25,0.25,1,0.5101,5,0.4241,1,0.9342,0.0658,0.8,-1.6304,2.3696,0.0,98.62,SUCCESS
2025-12-21T14:01:13.581976+00:00,btc-updown-15m-1766325600,TRADE,DOWN,ACCUM,1,1,0.3001,0.3001,1,0.5101,6,0.4034,1,0.9135,0.0865,0.83,-1.9305,3.0695,0.0,98.32,SUCCESS
2025-12-21T14:01:18.992189+00:00,btc-updown-15m-1766325600,TRADE,UP,ACCUM,1,1,0.6202,0.6202,2,0.5652,6,0.4034,2,0.9686,0.0629,0.67,-1.5507,2.4493,0.0,97.7,SUCCESS
2025-12-21T14:01:18.992570+00:00,btc-updown-15m-1766325600,TRADE,DOWN,ACCUM,1,1,0.3901,0.3901,2,0.5652,7,0.4015,2,0.9667,0.0667,0.71,-1.9408,3.0592,0.0,97.31,SUCCESS
2025-12-21T14:01:24.401683+00:00,btc-updown-15m-1766325600,TRADE,DOWN,ACCUM,1,1,0.35,0.35,2,0.5652,8,0.3951,2,0.9602,0.0796,0.75,-2.2908,3.7092,0.0,96.96,SUCCESS
2025-12-21T14:15:05.106932+00:00,btc-updown-15m-1766325600,RESOLUTION,DOWN,MARKET_END,10,10,1.0,4.2908,2,0.5652,8,0.3951,2,0.9602,0.0796,0.75,0.0,0.0,3.7092,104.96,RESOLVED
2025-12-21T14:15:18.870948+00:00,btc-updown-15m-1766326500,TRADE,UP,ACCUM,1,1,0.5602,0.5602,1,0.5602,0,0.0,0,0.0,0.0,1.0,-0.5602,0.4398,0.0,104.4,SUCCESS
2025-12-21T14:15:18.871299+00:00,btc-updown-15m-1766326500,TRADE,DOWN,ACCUM,1,1,0.4502,0.4502,1,0.5602,1,0.4502,1,1.0104,-0.0104,0.0,-0.0104,-0.0104,0.0,103.95,SUCCESS
2025-12-21T14:15:24.409406+00:00,btc-updown-15m-1766326500,TRADE,DOWN,ACCUM,1,1,0.4001,0.4001,1,0.5602,2,0.4252,1,0.9854,0.0146,0.5,-0.4106,0.5894,0.0,103.55,SUCCESS
2025-12-21T14:15:35.468007+00:00,btc-updown-15m-1766326500,TRADE,DOWN,ACCUM,1,1,0.38,0.38,1,0.5602,3,0.4101,1,0.9703,0.0297,0.67,-0.7906,1.2094,0.0,103.17,SUCCESS
2025-12-21T14:15:46.504270+00:00,btc-updown-15m-1766326500,TRADE,DOWN,ACCUM,1,1,0.3901,0.3901,1,0.5602,4,0.4051,1,0.9653,0.0347,0.75,-1.1806,1.8194,0.0,102.78,SUCCESS
2025-12-21T14:15:51.920390+00:00,btc-updown-15m-1766326500,TRADE,DOWN,ACCUM,1,1,0.37,0.37,1,0.5602,5,0.3981,1,0.9583,0.0417,0.8,-1.5506,2.4494,0.0,102.41,SUCCESS
2025-12-21T14:15:57.459365+00:00,btc-updown-15m-1766326500,TRADE,UP,ACCUM,1,1,0.5798,0.5798,2,0.57,5,0.3981,2,0.9681,0.0638,0.6,-1.1304,1.8696,0.0,101.83,SUCCESS
2025-12-21T14:15:57.459721+00:00,btc-updown-15m-1766326500,TRADE,DOWN,ACCUM,1,1,0.4301,0.4301,2,0.57,6,0.4034,2,0.9734,0.0532,0.67,-1.5605,2.4395,0.0,101.4,SUCCESS
2025-12-21T14:16:02.893942+00:00,btc-updown-15m-1766326500,TRADE,UP,ACCUM,1,1,0.6303,0.6303,3,0.5901,6,0.4034,3,0.9935,0.0194,0.5,-1.1908,1.8092,0.0,100.77,SUCCESS
2025-12-21T14:16:02.894162+00:00,btc-updown-15m-1766326500,TRADE,DOWN,ACCUM,1,1,0.3702,0.3702,3,0.5901,7,0.3987,3,0.9888,0.0337,0.57,-1.561,2.439,0.0,100.4,SUCCESS
2025-12-21T14:16:08.386063+00:00,btc-updown-15m-1766326500,TRADE,DOWN,ACCUM,1,1,0.3902,0.3902,3,0.5901,8,0.3976,3,0.9877,0.0369,0.62,-1.9512,3.0488,0.0,100.01,SUCCESS
2025-12-21T14:16:14.003227+00:00,btc-updown-15m-1766326500,TRADE,UP,ACCUM,1,1,0.5901,0.5901,4,0.5901,8,0.3976,4,0.9877,0.0492,0.5,-1.5412,2.4588,0.0,99.42,SUCCESS
2025-12-21T14:16:14.003571+00:00,btc-updown-15m-1766326500,TRADE,DOWN,ACCUM,1,1,0.4101,0.4101,4,0.5901,9,0.399,4,0.9891,0.0436,0.56,-1.9514,3.0486,0.0,99.01,SUCCESS
2025-12-21T14:16:19.513400+00:00,btc-updown-15m-1766326500,TRADE,UP,ACCUM,1,1,0.5701,0.5701,5,0.5861,9,0.399,5,0.9851,0.0745,0.44,-1.5215,2.4785,0.0,98.44,SUCCESS
2025-12-21T14:16:19.514043+00:00,btc-updown-15m-1766326500,TRADE,DOWN,ACCUM,1,1,0.4401,0.4401,5,0.5861,10,0.4031,5,0.9892,0.0539,0.5,-1.9616,3.0384,0.0,98.0,SUCCESS
2025-12-21T14:16:24.944760+00:00,btc-updown-15m-1766326500,TRADE,UP,ACCUM,1,1,0.5901,0.5901,6,0.5868,10,0.4031,6,0.9899,0.0607,0.4,-1.5517,2.4483,0.0,97.41,SUCCESS
2025-12-21T14:16:24.944972+00:00,btc-updown-15m-1766326500,TRADE,DOWN,ACCUM,1,1,0.4202,0.4202,6,0.5868,11,0.4047,6,0.9914,0.0514,0.45,-1.9719,3.0281,0.0,96.99,SUCCESS
2025-12-21T14:16:30.476196+00:00,btc-updown-15m-1766326500,TRADE,DOWN,ACCUM,1,1,0.3901,0.3901,6,0.5868,12,0.4035,6,0.9902,0.0587,0.5,-2.3621,3.6379,0.0,96.6,SUCCESS
2025-12-21T14:16:36.031104+00:00,btc-updown-15m-1766326500,TRADE,UP,ACCUM,2,2,0.5802,1.1605,8,0.5851,12,0.4035,8,0.9886,0.0913,0.33,-1.5225,2.4775,0.0,95.44,SUCCESS
2025-12-21T14:16:41.545324+00:00,btc-updown-15m-1766326500,TRADE,UP,ACCUM,1,1,0.6301,0.6301,9,0.5901,12,0.4035,9,0.9936,0.0578,0.25,-1.1526,1.8474,0.0,94.81,SUCCESS
2025-12-21T14:16:41.546314+00:00,btc-updown-15m-1766326500,TRADE,DOWN,ACCUM,1,1,0.3801,0.3801,9,0.5901,13,0.4017,9,0.9918,0.0739,0.31,-1.5327,2.4673,0.0,94.43,SUCCESS
2025-12-21T14:16:46.938896+00:00,btc-updown-15m-1766326500,TRADE,DOWN,ACCUM,1,1,0.37,0.37,9,0.5901,14,0.3994,9,0.9895,0.0942,0.36,-1.9028,3.0972,0.0,94.06,SUCCESS
2025-12-21T14:16:52.432834+00:00,btc-updown-15m-1766326500,TRADE,UP,ACCUM,1,1,0.64,0.64,10,0.5951,14,0.3994,10,0.9945,0.0548,0.29,-1.5428,2.4572,0.0,93.42,SUCCESS
2025-12-21T14:16:52.433738+00:00,btc-updown-15m-1766326500,TRADE,DOWN,ACCUM,1,1,0.3801,0.3801,10,0.5951,15,0.3981,10,0.9932,0.0677,0.33,-1.9229,3.0771,0.0,93.04,SUCCESS
2025-12-21T14:17:03.443946+00:00,btc-updown-15m-1766326500,TRADE,UP,ACCUM,1,1,0.6102,0.6102,11,0.5965,15,0.3981,11,0.9946,0.0593,0.27,-1.5332,2.4668,0.0,92.43,SUCCESS
2025-12-21T14:26:18.162723+00:00,btc-updown-15m-1766326500,TRADE,UP,ACCUM,1,1,0.5903,0.5903,12,0.596,15,0.3981,12,0.9941,0.0709,0.2,-1.1234,1.8766,0.0,91.84,SUCCESS
2025-12-21T14:26:29.086304+00:00,btc-updown-15m-1766326500,TRADE,UP,ACCUM,1,1,0.6001,0.6001,13,0.5963,15,0.3981,13,0.9944,0.0728,0.13,-0.7235,1.2765,0.0,91.24,SUCCESS
2025-12-21T14:26:34.533177+00:00,btc-updown-15m-1766326500,TRADE,UP,ACCUM,1,1,0.51,0.51,14,0.5901,15,0.3981,14,0.9882,0.1646,0.07,-0.2335,0.7665,0.0,90.73,SUCCESS
2025-12-21T14:26:40.096961+00:00,btc-updown-15m-1766326500,TRADE,UP,ACCUM,1,1,0.4502,0.4502,15,0.5808,15,0.3981,15,0.9789,0.3163,0.0,0.3163,0.3163,0.0,90.28,SUCCESS
2025-12-21T14:30:02.829108+00:00,btc-updown-15m-1766326500,RESOLUTION,DOWN,MARKET_END,30,30,1.0,14.6837,15,0.5808,15,0.3981,15,0.9789,0.3163,0.0,0.0,0.0,0.3163,105.28,RESOLVED
2025-12-21T14:30:11.746861+00:00,btc-updown-15m-1766327400,TRADE,UP,ACCUM,1,1,0.4901,0.4901,1,0.4901,0,0.0,0,0.0,0.0,1.0,-0.4901,0.5099,0.0,104.79,SUCCESS
2025-12-21T14:30:11.747077+00:00,btc-updown-15m-1766327400,TRADE,DOWN,ACCUM,1,1,0.5202,0.5202,1,0.4901,1,0.5202,1,1.0103,-0.0103,0.0,-0.0103,-0.0103,0.0,104.26,SUCCESS
2025-12-21T14:30:44.959317+00:00,btc-updown-15m-1766327400,TRADE,DOWN,ACCUM,1,1,0.4802,0.4802,1,0.4901,2,0.5002,1,0.9903,0.0097,0.5,-0.4905,0.5095,0.0,103.78,SUCCESS
2025-12-21T14:30:50.395590+00:00,btc-updown-15m-1766327400,TRADE,DOWN,ACCUM,1,1,0.4101,0.4101,1,0.4901,3,0.4702,1,0.9603,0.0397,0.67,-0.9006,1.0994,0.0,103.37,SUCCESS
2025-12-21T14:30:55.918093+00:00,btc-updown-15m-1766327400,TRADE,DOWN,ACCUM,1,1,0.4302,0.4302,1,0.4901,4,0.4602,1,0.9503,0.0497,0.75,-1.3308,1.6692,0.0,102.94,SUCCESS
2025-12-21T14:31:01.319671+00:00,btc-updown-15m-1766327400,TRADE,DOWN,ACCUM,1,1,0.4102,0.4102,1,0.4901,5,0.4502,1,0.9403,0.0597,0.8,-1.741,2.259,0.0,102.53,SUCCESS
2025-12-21T14:31:07.018227+00:00,btc-updown-15m-1766327400,TRADE,DOWN,ACCUM,1,1,0.4101,0.4101,1,0.4901,6,0.4435,1,0.9336,0.0664,0.83,-2.1511,2.8489,0.0,102.12,SUCCESS
2025-12-21T14:31:12.424239+00:00,btc-updown-15m-1766327400,TRADE,UP,ACCUM,1,1,0.6001,0.6001,2,0.5451,6,0.4435,2,0.9886,0.0228,0.67,-1.7512,2.2488,0.0,101.52,SUCCESS
2025-12-21T14:31:18.048841+00:00,btc-updown-15m-1766327400,TRADE,DOWN,ACCUM,1,1,0.33,0.33,2,0.5451,7,0.4273,2,0.9724,0.0552,0.71,-2.0812,2.9188,0.0,101.19,SUCCESS
2025-12-21T14:31:23.464087+00:00,btc-updown-15m-1766327400,TRADE,DOWN,ACCUM,1,1,0.3202,0.3202,2,0.5451,8,0.4139,2,0.959,0.082,0.75,-2.4014,3.5986,0.0,100.87,SUCCESS
2025-12-21T14:31:28.987229+00:00,btc-updown-15m-1766327400,TRADE,UP,ACCUM,2,2,0.6603,1.3207,4,0.6027,8,0.4139,4,1.0166,-0.0665,0.5,-1.7221,2.2779,0.0,99.55,SUCCESS
2025-12-21T14:35:59.229353+00:00,btc-updown-15m-1766327400,TRADE,DOWN,ACCUM,1,1,0.2101,0.2101,4,0.6027,9,0.3913,4,0.994,0.0241,0.56,-1.9321,3.0679,0.0,99.34,SUCCESS
2025-12-21T14:36:04.749898+00:00,btc-updown-15m-1766327400,TRADE,DOWN,ACCUM,1,1,0.22,0.22,4,0.6027,10,0.3741,4,0.9769,0.0926,0.6,-2.1522,3.8478,0.0,99.12,SUCCESS
2025-12-21T14:36:21.416133+00:00,btc-updown-15m-1766327400,TRADE,UP,ACCUM,2,2,0.5701,1.1403,6,0.5919,10,0.3741,6,0.966,0.204,0.4,-1.2925,2.7075,0.0,97.98,SUCCESS
2025-12-21T14:36:26.944123+00:00,btc-updown-15m-1766327400,TRADE,UP,ACCUM,1,1,0.5302,0.5302,7,0.5831,10,0.3741,7,0.9572,0.2997,0.3,-0.8227,2.1773,0.0,97.45,SUCCESS
2025-12-21T14:36:26.944282+00:00,btc-updown-15m-1766327400,TRADE,DOWN,ACCUM,1,1,0.4901,0.4901,7,0.5831,11,0.3847,7,0.9677,0.2259,0.36,-1.3128,2.6872,0.0,96.96,SUCCESS
2025-12-21T14:36:32.441152+00:00,btc-updown-15m-1766327400,TRADE,UP,ACCUM,1,1,0.5201,0.5201,8,0.5752,11,0.3847,8,0.9599,0.3211,0.27,-0.833,2.167,0.0,96.44,SUCCESS
2025-12-21T14:36:32.441303+00:00,btc-updown-15m-1766327400,TRADE,DOWN,ACCUM,1,1,0.4902,0.4902,8,0.5752,12,0.3935,8,0.9687,0.2507,0.33,-1.3231,2.6769,0.0,95.95,SUCCESS
2025-12-21T14:36:37.922562+00:00,btc-updown-15m-1766327400,TRADE,UP,ACCUM,1,1,0.45,0.45,9,0.5613,12,0.3935,9,0.9548,0.4072,0.25,-0.7732,2.2268,0.0,95.5,SUCCESS
2025-12-21T14:36:37.922899+00:00,btc-updown-15m-1766327400,TRADE,DOWN,ACCUM,1,1,0.5502,0.5502,9,0.5613,13,0.4055,9,0.9668,0.2987,0.31,-1.3233,2.6767,0.0,94.95,SUCCESS
2025-12-21T14:36:43.414459+00:00,btc-updown-15m-1766327400,TRADE,UP,ACCUM,1,1,0.4702,0.4702,10,0.5522,13,0.4055,10,0.9577,0.423,0.23,-0.7935,2.2065,0.0,94.48,SUCCESS
2025-12-21T14:36:43.414598+00:00,btc-updown-15m-1766327400,TRADE,DOWN,ACCUM,1,1,0.5301,0.5301,10,0.5522,14,0.4144,10,0.9666,0.334,0.29,-1.3236,2.6764,0.0,93.95,SUCCESS
2025-12-21T14:36:54.438943+00:00,btc-updown-15m-1766327400,TRADE,UP,ACCUM,1,1,0.4601,0.4601,11,0.5438,14,0.4144,11,0.9582,0.4595,0.21,-0.7837,2.2163,0.0,93.49,SUCCESS
2025-12-21T14:36:54.439785+00:00,btc-updown-15m-1766327400,TRADE,DOWN,ACCUM,1,1,0.5601,0.5601,11,0.5438,15,0.4241,11,0.9679,0.3527,0.27,-1.3439,2.6561,0.0,92.93,SUCCESS
2025-12-21T14:37:00.066915+00:00,btc-updown-15m-1766327400,TRADE,UP,ACCUM,1,1,0.4501,0.4501,12,0.536,15,0.4241,12,0.9601,0.4784,0.2,-0.794,2.206,0.0,92.48,SUCCESS
2025-12-21T14:37:05.572263+00:00,btc-updown-15m-1766327400,TRADE,UP,ACCUM,1,1,0.4502,0.4502,13,0.5294,15,0.4241,13,0.9535,0.6041,0.13,-0.2442,1.7558,0.0,92.03,SUCCESS
2025-12-21T14:37:10.947819+00:00,btc-updown-15m-1766327400,TRADE,UP,ACCUM,1,1,0.3101,0.3101,14,0.5137,15,0.4241,14,0.9379,0.8699,0.07,0.4457,1.4457,0.0,91.72,SUCCESS
2025-12-21T14:37:16.460799+00:00,btc-updown-15m-1766327400,TRADE,UP,ACCUM,1,1,0.4,0.4,15,0.5062,15,0.4241,15,0.9303,1.0457,0.0,1.0457,1.0457,0.0,91.32,SUCCESS
2025-12-21T14:45:00.919230+00:00,btc-updown-15m-1766327400,RESOLUTION,DOWN,MARKET_END,30,30,1.0,13.9543,15,0.5062,15,0.4241,15,0.9303,1.0457,0.0,0.0,0.0,1.0457,106.32,RESOLVED
2025-12-21T14:45:09.807446+00:00,btc-updown-15m-1766328300,TRADE,UP,ACCUM,1,1,0.49,0.49,1,0.49,0,0.0,0,0.0,0.0,1.0,-0.49,0.51,0.0,105.83,SUCCESS
2025-12-21T14:45:09.808229+00:00,btc-updown-15m-1766328300,TRADE,DOWN,ACCUM,1,1,0.5201,0.5201,1,0.49,1,0.5201,1,1.0102,-0.0102,0.0,-0.0102,-0.0102,0.0,105.31,SUCCESS
2025-12-21T14:45:31.974557+00:00,btc-updown-15m-1766328300,TRADE,UP,ACCUM,1,1,0.4101,0.4101,2,0.4501,1,0.5201,1,0.9702,0.0298,0.5,-0.4203,0.5797,0.0,104.9,SUCCESS
2025-12-21T14:45:37.482562+00:00,btc-updown-15m-1766328300,TRADE,UP,ACCUM,1,1,0.41,0.41,3,0.4367,1,0.5201,1,0.9568,0.0432,0.67,-0.8303,1.1697,0.0,104.49,SUCCESS
2025-12-21T14:45:42.916093+00:00,btc-updown-15m-1766328300,TRADE,UP,ACCUM,1,1,0.4201,0.4201,4,0.4326,1,0.5201,1,0.9527,0.0473,0.75,-1.2504,1.7496,0.0,104.07,SUCCESS
2025-12-21T14:45:48.445111+00:00,btc-updown-15m-1766328300,TRADE,UP,ACCUM,1,1,0.37,0.37,5,0.4201,1,0.5201,1,0.9402,0.0598,0.8,-1.6204,2.3796,0.0,103.7,SUCCESS
2025-12-21T14:45:53.830123+00:00,btc-updown-15m-1766328300,TRADE,UP,ACCUM,1,1,0.38,0.38,6,0.4134,1,0.5201,1,0.9335,0.0665,0.83,-2.0004,2.9996,0.0,103.32,SUCCESS
2025-12-21T14:45:59.350141+00:00,btc-updown-15m-1766328300,TRADE,UP,ACCUM,1,1,0.3801,0.3801,7,0.4086,1,0.5201,1,0.9288,0.0712,0.86,-2.3806,3.6194,0.0,102.94,SUCCESS
2025-12-21T14:45:59.351026+00:00,btc-updown-15m-1766328300,TRADE,DOWN,ACCUM,1,1,0.6303,0.6303,7,0.4086,2,0.5752,2,0.9838,0.0323,0.71,-2.0108,2.9892,0.0,102.31,SUCCESS
2025-12-21T14:46:04.853633+00:00,btc-updown-15m-1766328300,TRADE,UP,ACCUM,1,1,0.3401,0.3401,8,0.4001,2,0.5752,2,0.9753,0.0494,0.75,-2.351,3.649,0.0,101.97,SUCCESS
2025-12-21T14:46:27.155414+00:00,btc-updown-15m-1766328300,TRADE,DOWN,ACCUM,2,2,0.6102,1.2203,8,0.4001,4,0.5927,4,0.9928,0.029,0.5,-1.5713,2.4287,0.0,100.75,SUCCESS
2025-12-21T14:46:43.562407+00:00,btc-updown-15m-1766328300,TRADE,UP,ACCUM,1,1,0.3799,0.3799,9,0.3978,4,0.5927,4,0.9905,0.0379,0.56,-1.9512,3.0488,0.0,100.37,SUCCESS
2025-12-21T14:46:48.975334+00:00,btc-updown-15m-1766328300,TRADE,UP,ACCUM,1,1,0.3801,0.3801,10,0.3961,4,0.5927,4,0.9887,0.045,0.6,-2.3313,3.6687,0.0,99.99,SUCCESS
2025-12-21T14:46:54.600915+00:00,btc-updown-15m-1766328300,TRADE,DOWN,ACCUM,2,2,0.6397,1.2794,10,0.3961,6,0.6084,6,1.0044,-0.0265,0.4,-1.6107,2.3893,0.0,98.71,SUCCESS
2025-12-21T14:48:00.806959+00:00,btc-updown-15m-1766328300,TRADE,DOWN,ACCUM,1,1,0.5201,0.5201,10,0.3961,7,0.5958,7,0.9918,0.0573,0.3,-1.1309,1.8691,0.0,98.19,SUCCESS
2025-12-21T14:48:06.330528+00:00,btc-updown-15m-1766328300,TRADE,DOWN,ACCUM,1,1,0.4901,0.4901,10,0.3961,8,0.5826,8,0.9786,0.1711,0.2,-0.621,1.379,0.0,97.7,SUCCESS
2025-12-21T14:48:12.006763+00:00,btc-updown-15m-1766328300,TRADE,UP,ACCUM,1,1,0.5102,0.5102,11,0.4064,8,0.5826,8,0.989,0.0881,0.27,-1.1312,1.8688,0.0,97.19,SUCCESS
2025-12-21T14:48:12.007001+00:00,btc-updown-15m-1766328300,TRADE,DOWN,ACCUM,1,1,0.5002,0.5002,11,0.4064,9,0.5734,9,0.9798,0.1815,0.18,-0.6314,1.3686,0.0,96.69,SUCCESS
2025-12-21T14:48:17.527296+00:00,btc-updown-15m-1766328300,TRADE,UP,ACCUM,1,1,0.5101,0.5101,12,0.4151,9,0.5734,9,0.9885,0.1037,0.25,-1.1415,1.8585,0.0,96.18,SUCCESS
2025-12-21T14:48:17.527487+00:00,btc-updown-15m-1766328300,TRADE,DOWN,ACCUM,1,1,0.5001,0.5001,12,0.4151,10,0.5661,10,0.9811,0.1886,0.17,-0.6416,1.3584,0.0,95.68,SUCCESS
2025-12-21T14:48:22.959793+00:00,btc-updown-15m-1766328300,TRADE,UP,ACCUM,1,1,0.5101,0.5101,13,0.4224,10,0.5661,10,0.9885,0.1155,0.23,-1.1516,1.8484,0.0,95.17,SUCCESS
2025-12-21T14:48:22.960251+00:00,btc-updown-15m-1766328300,TRADE,DOWN,ACCUM,1,1,0.5001,0.5001,13,0.4224,11,0.5601,11,0.9825,0.193,0.15,-0.6518,1.3482,0.0,94.67,SUCCESS
2025-12-21T14:48:28.491798+00:00,btc-updown-15m-1766328300,TRADE,UP,ACCUM,1,1,0.5102,0.5102,14,0.4286,11,0.5601,11,0.9887,0.124,0.21,-1.162,1.838,0.0,94.16,SUCCESS
2025-12-21T14:48:28.492751+00:00,btc-updown-15m-1766328300,TRADE,DOWN,ACCUM,1,1,0.5,0.5,14,0.4286,12,0.5551,12,0.9837,0.1953,0.14,-0.662,1.338,0.0,93.66,SUCCESS
2025-12-21T14:48:34.107097+00:00,btc-updown-15m-1766328300,TRADE,UP,ACCUM,1,1,0.51,0.51,15,0.4341,12,0.5551,12,0.9892,0.1302,0.2,-1.172,1.828,0.0,93.15,SUCCESS
2025-12-21T14:48:34.107371+00:00,btc-updown-15m-1766328300,TRADE,DOWN,ACCUM,1,1,0.5101,0.5101,15,0.4341,13,0.5516,13,0.9857,0.186,0.13,-0.6821,1.3179,0.0,92.64,SUCCESS
2025-12-21T14:48:50.650425+00:00,btc-updown-15m-1766328300,TRADE,DOWN,ACCUM,1,1,0.4901,0.4901,15,0.4341,14,0.5472,14,0.9813,0.2619,0.07,-0.1722,0.8278,0.0,92.15,SUCCESS
2025-12-21T14:49:01.887142+00:00,btc-updown-15m-1766328300,TRADE,DOWN,ACCUM,1,1,0.4799,0.4799,15,0.4341,15,0.5427,15,0.9768,0.3478,0.0,0.3478,0.3478,0.0,91.67,SUCCESS
2025-12-21T15:00:03.488108+00:00,btc-updown-15m-1766328300,RESOLUTION,DOWN,MARKET_END,30,30,1.0,14.6522,15,0.4341,15,0.5427,15,0.9768,0.3478,0.0,0.0,0.0,0.3478,106.67,RESOLVED
2025-12-21T15:00:12.567961+00:00,btc-updown-15m-1766329200,TRADE,UP,ACCUM,1,1,0.4901,0.4901,1,0.4901,0,0.0,0,0.0,0.0,1.0,-0.4901,0.5099,0.0,106.18,SUCCESS
2025-12-21T15:00:12.568138+00:00,btc-updown-15m-1766329200,TRADE,DOWN,ACCUM,1,1,0.5202,0.5202,1,0.4901,1,0.5202,1,1.0103,-0.0103,0.0,-0.0103,-0.0103,0.0,105.66,SUCCESS
2025-12-21T15:00:34.989982+00:00,btc-updown-15m-1766329200,TRADE,UP,ACCUM,1,1,0.4301,0.4301,2,0.4601,1,0.5202,1,0.9803,0.0197,0.5,-0.4404,0.5596,0.0,105.23,SUCCESS
2025-12-21T15:00:40.552971+00:00,btc-updown-15m-1766329200,TRADE,UP,ACCUM,1,1,0.3802,0.3802,3,0.4335,1,0.5202,1,0.9536,0.0464,0.67,-0.8206,1.1794,0.0,104.85,SUCCESS
2025-12-21T15:00:46.122205+00:00,btc-updown-15m-1766329200,TRADE,UP,ACCUM,1,1,0.36,0.36,4,0.4151,1,0.5202,1,0.9353,0.0647,0.75,-1.1806,1.8194,0.0,104.49,SUCCESS
2025-12-21T15:00:51.664780+00:00,btc-updown-15m-1766329200,TRADE,UP,ACCUM,1,1,0.3601,0.3601,5,0.4041,1,0.5202,1,0.9243,0.0757,0.8,-1.5407,2.4593,0.0,104.13,SUCCESS
2025-12-21T15:00:57.339201+00:00,btc-updown-15m-1766329200,TRADE,UP,ACCUM,1,1,0.39,0.39,6,0.4018,1,0.5202,1,0.9219,0.0781,0.83,-1.9307,3.0693,0.0,103.74,SUCCESS
2025-12-21T15:00:57.340119+00:00,btc-updown-15m-1766329200,TRADE,DOWN,ACCUM,1,1,0.6202,0.6202,6,0.4018,2,0.5702,2,0.972,0.0561,0.67,-1.5509,2.4491,0.0,103.12,SUCCESS
2025-12-21T15:01:08.804787+00:00,btc-updown-15m-1766329200,TRADE,UP,ACCUM,1,1,0.4,0.4,7,0.4015,2,0.5702,2,0.9717,0.0566,0.71,-1.951,3.049,0.0,102.72,SUCCESS
2025-12-21T15:01:08.806151+00:00,btc-updown-15m-1766329200,TRADE,DOWN,ACCUM,1,1,0.6103,0.6103,7,0.4015,3,0.5836,3,0.9851,0.0448,0.57,-1.5612,2.4388,0.0,102.11,SUCCESS
2025-12-21T15:01:14.431810+00:00,btc-updown-15m-1766329200,TRADE,DOWN,ACCUM,1,1,0.6203,0.6203,7,0.4015,4,0.5927,4,0.9943,0.023,0.43,-1.1816,1.8184,0.0,101.49,SUCCESS
2025-12-21T15:01:19.972641+00:00,btc-updown-15m-1766329200,TRADE,DOWN,ACCUM,1,1,0.5903,0.5903,7,0.4015,5,0.5923,5,0.9938,0.0312,0.29,-0.7718,1.2282,0.0,100.9,SUCCESS
2025-12-21T15:01:26.100789+00:00,btc-updown-15m-1766329200,TRADE,DOWN,ACCUM,1,1,0.5902,0.5902,7,0.4015,6,0.5919,6,0.9934,0.0395,0.14,-0.362,0.638,0.0,100.31,SUCCESS
2025-12-21T15:01:43.181081+00:00,btc-updown-15m-1766329200,TRADE,UP,ACCUM,1,1,0.33,0.33,8,0.3926,6,0.5919,6,0.9845,0.0931,0.25,-0.692,1.308,0.0,99.98,SUCCESS
2025-12-21T15:01:48.759401+00:00,btc-updown-15m-1766329200,TRADE,UP,ACCUM,1,1,0.34,0.34,9,0.3867,6,0.5919,6,0.9786,0.1282,0.33,-1.0321,1.9679,0.0,99.64,SUCCESS
2025-12-21T15:01:54.349829+00:00,btc-updown-15m-1766329200,TRADE,UP,ACCUM,1,1,0.3401,0.3401,10,0.3821,6,0.5919,6,0.974,0.1561,0.4,-1.3722,2.6278,0.0,99.3,SUCCESS
2025-12-21T15:01:59.967608+00:00,btc-updown-15m-1766329200,TRADE,UP,ACCUM,1,1,0.33,0.33,11,0.3773,6,0.5919,6,0.9692,0.1845,0.45,-1.7022,3.2978,0.0,98.97,SUCCESS
2025-12-21T15:01:59.968447+00:00,btc-updown-15m-1766329200,TRADE,DOWN,ACCUM,1,1,0.6801,0.6801,11,0.3773,7,0.6045,7,0.9818,0.1271,0.36,-1.3823,2.6177,0.0,98.29,SUCCESS
2025-12-21T15:02:05.588945+00:00,btc-updown-15m-1766329200,TRADE,UP,ACCUM,1,1,0.3299,0.3299,12,0.3734,7,0.6045,7,0.9779,0.1548,0.42,-1.7121,3.2879,0.0,97.96,SUCCESS
2025-12-21T15:02:05.589779+00:00,btc-updown-15m-1766329200,TRADE,DOWN,ACCUM,1,1,0.6903,0.6903,12,0.3734,8,0.6152,8,0.9886,0.0911,0.33,-1.4025,2.5975,0.0,97.27,SUCCESS
2025-12-21T15:02:11.190170+00:00,btc-updown-15m-1766329200,TRADE,UP,ACCUM,1,1,0.3201,0.3201,13,0.3693,8,0.6152,8,0.9845,0.1239,0.38,-1.7226,3.2774,0.0,96.95,SUCCESS
2025-12-21T15:02:16.814031+00:00,btc-updown-15m-1766329200,TRADE,UP,ACCUM,1,1,0.3301,0.3301,14,0.3665,8,0.6152,8,0.9817,0.1462,0.43,-2.0527,3.9473,0.0,96.62,SUCCESS
2025-12-21T15:02:16.815123+00:00,btc-updown-15m-1766329200,TRADE,DOWN,ACCUM,1,1,0.6802,0.6802,14,0.3665,9,0.6225,9,0.9889,0.0995,0.36,-1.7329,3.2671,0.0,95.94,SUCCESS
2025-12-21T15:02:22.445602+00:00,btc-updown-15m-1766329200,TRADE,UP,ACCUM,1,1,0.34,0.34,15,0.3647,9,0.6225,9,0.9872,0.1155,0.4,-2.0729,3.9271,0.0,95.6,SUCCESS
2025-12-21T15:02:22.445756+00:00,btc-updown-15m-1766329200,TRADE,DOWN,ACCUM,1,1,0.6701,0.6701,15,0.3647,10,0.6272,10,0.9919,0.0807,0.33,-1.7429,3.2571,0.0,94.93,SUCCESS
2025-12-21T15:02:33.560269+00:00,btc-updown-15m-1766329200,TRADE,DOWN,ACCUM,1,1,0.6302,0.6302,15,0.3647,11,0.6275,11,0.9922,0.0857,0.27,-1.3732,2.6268,0.0,94.3,SUCCESS
2025-12-21T15:02:39.296803+00:00,btc-updown-15m-1766329200,TRADE,DOWN,ACCUM,1,1,0.6401,0.6401,15,0.3647,12,0.6285,12,0.9933,0.0809,0.2,-1.0132,1.9868,0.0,93.66,SUCCESS
2025-12-21T15:03:29.936174+00:00,btc-updown-15m-1766329200,TRADE,DOWN,ACCUM,1,1,0.65,0.65,15,0.3647,13,0.6302,13,0.9949,0.0662,0.13,-0.6632,1.3368,0.0,93.01,SUCCESS
2025-12-21T15:15:02.844630+00:00,btc-updown-15m-1766329200,RESOLUTION,DOWN,MARKET_END,28,28,1.0,13.6632,15,0.3647,13,0.6302,13,0.9949,0.0662,0.13,0.0,0.0,-0.6632,106.01,RESOLVED
2025-12-21T15:15:11.917195+00:00,btc-updown-15m-1766330100,TRADE,UP,ACCUM,1,1,0.5301,0.5301,1,0.5301,0,0.0,0,0.0,0.0,1.0,-0.5301,0.4699,0.0,105.48,SUCCESS
2025-12-21T15:15:11.917394+00:00,btc-updown-15m-1766330100,TRADE,DOWN,ACCUM,1,1,0.48,0.48,1,0.5301,1,0.48,1,1.0101,-0.0101,0.0,-0.0101,-0.0101,0.0,105.0,SUCCESS
2025-12-21T15:15:23.084511+00:00,btc-updown-15m-1766330100,TRADE,DOWN,ACCUM,1,1,0.4101,0.4101,1,0.5301,2,0.4451,1,0.9751,0.0249,0.5,-0.4202,0.5798,0.0,104.59,SUCCESS
2025-12-21T15:15:28.839535+00:00,btc-updown-15m-1766330100,TRADE,DOWN,ACCUM,1,1,0.4102,0.4102,1,0.5301,3,0.4334,1,0.9635,0.0365,0.67,-0.8304,1.1696,0.0,104.18,SUCCESS
2025-12-21T15:15:40.119496+00:00,btc-updown-15m-1766330100,TRADE,UP,ACCUM,1,1,0.49,0.49,2,0.51,3,0.4334,2,0.9435,0.113,0.33,-0.3204,0.6796,0.0,103.69,SUCCESS
2025-12-21T15:15:40.119988+00:00,btc-updown-15m-1766330100,TRADE,DOWN,ACCUM,1,1,0.5399,0.5399,2,0.51,4,0.46,2,0.9701,0.0598,0.5,-0.8603,1.1397,0.0,103.15,SUCCESS
2025-12-21T15:15:45.762634+00:00,btc-updown-15m-1766330100,TRADE,UP,ACCUM,1,1,0.5101,0.5101,3,0.5101,4,0.46,3,0.9701,0.0897,0.25,-0.3704,0.6296,0.0,102.64,SUCCESS
2025-12-21T15:15:45.763007+00:00,btc-updown-15m-1766330100,TRADE,DOWN,ACCUM,1,1,0.4902,0.4902,3,0.5101,5,0.4661,3,0.9761,0.0716,0.4,-0.8606,1.1394,0.0,102.14,SUCCESS
2025-12-21T15:15:51.413931+00:00,btc-updown-15m-1766330100,TRADE,UP,ACCUM,1,1,0.5702,0.5702,4,0.5251,5,0.4661,4,0.9912,0.0354,0.2,-0.4307,0.5693,0.0,101.57,SUCCESS
2025-12-21T15:15:51.414808+00:00,btc-updown-15m-1766330100,TRADE,DOWN,ACCUM,1,1,0.4402,0.4402,4,0.5251,6,0.4618,4,0.9868,0.0526,0.33,-0.8709,1.1291,0.0,101.13,SUCCESS
2025-12-21T15:15:57.054743+00:00,btc-updown-15m-1766330100,TRADE,UP,ACCUM,1,1,0.5402,0.5402,5,0.5281,6,0.4618,5,0.9899,0.0506,0.17,-0.4111,0.5889,0.0,100.59,SUCCESS
2025-12-21T15:15:57.055612+00:00,btc-updown-15m-1766330100,TRADE,DOWN,ACCUM,1,1,0.4701,0.4701,5,0.5281,7,0.4629,5,0.9911,0.0447,0.29,-0.8812,1.1188,0.0,100.12,SUCCESS
2025-12-21T15:16:02.690270+00:00,btc-updown-15m-1766330100,TRADE,UP,ACCUM,1,1,0.5202,0.5202,6,0.5268,7,0.4629,6,0.9897,0.0616,0.14,-0.4014,0.5986,0.0,99.6,SUCCESS
2025-12-21T15:16:02.690468+00:00,btc-updown-15m-1766330100,TRADE,DOWN,ACCUM,1,1,0.4902,0.4902,6,0.5268,8,0.4663,6,0.9931,0.0411,0.25,-0.8916,1.1084,0.0,99.11,SUCCESS
2025-12-21T15:16:08.358562+00:00,btc-updown-15m-1766330100,TRADE,UP,ACCUM,1,1,0.5202,0.5202,7,0.5259,8,0.4663,7,0.9922,0.0546,0.12,-0.4118,0.5882,0.0,98.59,SUCCESS
2025-12-21T15:16:13.989332+00:00,btc-updown-15m-1766330100,TRADE,UP,ACCUM,1,1,0.5302,0.5302,8,0.5264,8,0.4663,8,0.9927,0.0581,0.0,0.0581,0.0581,0.0,98.06,SUCCESS
2025-12-21T15:16:19.529613+00:00,btc-updown-15m-1766330100,TRADE,UP,ACCUM,1,1,0.5302,0.5302,9,0.5268,8,0.4663,8,0.9932,0.0547,0.11,-0.4721,0.5279,0.0,97.53,SUCCESS
2025-12-21T15:16:25.168483+00:00,btc-updown-15m-1766330100,TRADE,UP,ACCUM,1,1,0.47,0.47,10,0.5211,8,0.4663,8,0.9875,0.1001,0.2,-0.9421,1.0579,0.0,97.06,SUCCESS
2025-12-21T15:16:36.439651+00:00,btc-updown-15m-1766330100,TRADE,UP,ACCUM,1,1,0.4801,0.4801,11,0.5174,8,0.4663,8,0.9838,0.13,0.27,-1.4223,1.5777,0.0,96.58,SUCCESS
2025-12-21T15:16:36.440704+00:00,btc-updown-15m-1766330100,TRADE,DOWN,ACCUM,1,1,0.5301,0.5301,11,0.5174,9,0.4734,9,0.9908,0.0825,0.18,-0.9524,1.0476,0.0,96.05,SUCCESS
2025-12-21T15:16:42.121974+00:00,btc-updown-15m-1766330100,TRADE,UP,ACCUM,1,1,0.4601,0.4601,12,0.5126,9,0.4734,9,0.9861,0.1255,0.25,-1.4124,1.5876,0.0,95.59,SUCCESS
2025-12-21T15:16:47.636466+00:00,btc-updown-15m-1766330100,TRADE,UP,ACCUM,1,1,0.4702,0.4702,13,0.5094,9,0.4734,9,0.9828,0.1548,0.31,-1.8826,2.1174,0.0,95.12,SUCCESS
2025-12-21T15:16:47.637458+00:00,btc-updown-15m-1766330100,TRADE,DOWN,ACCUM,1,1,0.5402,0.5402,13,0.5094,10,0.4801,10,0.9895,0.1053,0.23,-1.4228,1.5772,0.0,94.58,SUCCESS
2025-12-21T15:16:53.297431+00:00,btc-updown-15m-1766330100,TRADE,UP,ACCUM,1,1,0.4402,0.4402,14,0.5044,10,0.4801,10,0.9845,0.1547,0.29,-1.863,2.137,0.0,94.14,SUCCESS
2025-12-21T15:16:58.824341+00:00,btc-updown-15m-1766330100,TRADE,UP,ACCUM,1,1,0.3901,0.3901,15,0.4968,10,0.4801,10,0.9769,0.2309,0.33,-2.2531,2.7469,0.0,93.75,SUCCESS
2025-12-21T15:23:06.309557+00:00,btc-updown-15m-1766330100,TRADE,DOWN,ACCUM,1,1,0.4801,0.4801,15,0.4968,11,0.4801,11,0.9769,0.2541,0.27,-1.7331,2.2669,0.0,93.27,SUCCESS
2025-12-21T15:23:11.910440+00:00,btc-updown-15m-1766330100,TRADE,DOWN,ACCUM,1,1,0.5299,0.5299,15,0.4968,12,0.4842,12,0.9811,0.2274,0.2,-1.263,1.737,0.0,92.74,SUCCESS
2025-12-21T15:30:00.431150+00:00,btc-updown-15m-1766330100,RESOLUTION,DOWN,MARKET_END,27,27,1.0,13.263,15,0.4968,12,0.4842,12,0.9811,0.2274,0.2,0.0,0.0,-1.263,104.74,RESOLVED
2025-12-21T18:00:13.422343+00:00,btc-updown-15m-1766340000,TRADE,UP,ACCUM,1,1,0.4302,0.4302,1,0.4302,0,0.0,0,0.0,0.0,1.0,-0.4302,0.5698,0.0,99.57,SUCCESS
2025-12-21T18:00:19.053793+00:00,btc-updown-15m-1766340000,TRADE,UP,ACCUM,1,1,0.4502,0.4502,2,0.4402,0,0.0,0,0.0,0.0,1.0,-0.8804,1.1196,0.0,99.12,SUCCESS
2025-12-21T18:00:19.054325+00:00,btc-updown-15m-1766340000,TRADE,DOWN,ACCUM,1,1,0.5601,0.5601,2,0.4402,1,0.5601,1,1.0003,-0.0003,0.5,-0.4405,0.5595,0.0,98.56,SUCCESS
2025-12-21T18:00:46.314539+00:00,btc-updown-15m-1766340000,TRADE,DOWN,ACCUM,1,1,0.5202,0.5202,2,0.4402,2,0.5402,2,0.9804,0.0393,0.0,0.0393,0.0393,0.0,98.04,SUCCESS
2025-12-21T18:00:51.826151+00:00,btc-updown-15m-1766340000,TRADE,DOWN,ACCUM,1,1,0.53,0.53,2,0.4402,3,0.5368,2,0.977,0.046,0.33,-0.4908,0.5092,0.0,97.51,SUCCESS
2025-12-21T18:00:57.200975+00:00,btc-updown-15m-1766340000,TRADE,UP,ACCUM,1,1,0.43,0.43,3,0.4368,3,0.5368,3,0.9736,0.0792,0.0,0.0792,0.0792,0.0,97.08,SUCCESS
2025-12-21T18:01:02.712874+00:00,btc-updown-15m-1766340000,TRADE,UP,ACCUM,1,1,0.43,0.43,4,0.4351,3,0.5368,3,0.9719,0.0843,0.25,-0.3508,0.6492,0.0,96.65,SUCCESS
2025-12-21T18:01:02.713050+00:00,btc-updown-15m-1766340000,TRADE,DOWN,ACCUM,1,1,0.5803,0.5803,4,0.4351,4,0.5477,4,0.9828,0.0689,0.0,0.0689,0.0689,0.0,96.07,SUCCESS
2025-12-21T18:01:08.228214+00:00,btc-updown-15m-1766340000,TRADE,UP,ACCUM,1,1,0.31,0.31,5,0.4101,4,0.5477,4,0.9578,0.169,0.2,-0.2411,0.7589,0.0,95.76,SUCCESS
2025-12-21T18:01:13.753671+00:00,btc-updown-15m-1766340000,TRADE,UP,ACCUM,1,1,0.2501,0.2501,6,0.3834,4,0.5477,4,0.9311,0.2756,0.33,-0.4912,1.5088,0.0,95.51,SUCCESS
2025-12-21T18:01:19.274002+00:00,btc-updown-15m-1766340000,TRADE,UP,ACCUM,1,1,0.2701,0.2701,7,0.3672,4,0.5477,4,0.9149,0.3404,0.43,-0.7613,2.2387,0.0,95.24,SUCCESS
2025-12-21T18:01:19.274659+00:00,btc-updown-15m-1766340000,TRADE,DOWN,ACCUM,1,1,0.74,0.74,7,0.3672,5,0.5861,5,0.9534,0.2331,0.29,-0.5013,1.4987,0.0,94.5,SUCCESS
2025-12-21T18:01:24.763969+00:00,btc-updown-15m-1766340000,TRADE,UP,ACCUM,1,1,0.25,0.25,8,0.3526,5,0.5861,5,0.9387,0.3064,0.38,-0.7513,2.2487,0.0,94.25,SUCCESS
2025-12-21T18:01:24.764948+00:00,btc-updown-15m-1766340000,TRADE,DOWN,ACCUM,1,1,0.7601,0.7601,8,0.3526,6,0.6151,6,0.9677,0.1937,0.25,-0.5114,1.4886,0.0,93.49,SUCCESS
2025-12-21T18:01:30.177361+00:00,btc-updown-15m-1766340000,TRADE,UP,ACCUM,1,1,0.2501,0.2501,9,0.3412,6,0.6151,6,0.9563,0.262,0.33,-0.7615,2.2385,0.0,93.24,SUCCESS
2025-12-21T18:01:30.177565+00:00,btc-updown-15m-1766340000,TRADE,DOWN,ACCUM,1,1,0.7604,0.7604,9,0.3412,7,0.6359,7,0.9771,0.1605,0.22,-0.5219,1.4781,0.0,92.48,SUCCESS
2025-12-21T18:01:35.685643+00:00,btc-updown-15m-1766340000,TRADE,UP,ACCUM,1,1,0.23,0.23,10,0.3301,7,0.6359,7,0.966,0.2383,0.3,-0.7519,2.2481,0.0,92.25,SUCCESS
2025-12-21T18:01:41.314947+00:00,btc-updown-15m-1766340000,TRADE,UP,ACCUM,1,1,0.22,0.22,11,0.3201,7,0.6359,7,0.956,0.3083,0.36,-0.972,3.028,0.0,92.03,SUCCESS
2025-12-21T18:01:41.315126+00:00,btc-updown-15m-1766340000,TRADE,DOWN,ACCUM,1,1,0.7901,0.7901,11,0.3201,8,0.6552,8,0.9752,0.1982,0.27,-0.762,2.238,0.0,91.24,SUCCESS
2025-12-21T18:01:46.718302+00:00,btc-updown-15m-1766340000,TRADE,UP,ACCUM,1,1,0.2401,0.2401,12,0.3134,8,0.6552,8,0.9686,0.2515,0.33,-1.0022,2.9978,0.0,91.0,SUCCESS
2025-12-21T18:01:46.718720+00:00,btc-updown-15m-1766340000,TRADE,DOWN,ACCUM,1,1,0.7803,0.7803,12,0.3134,9,0.6691,9,0.9825,0.1578,0.25,-0.7824,2.2176,0.0,90.22,SUCCESS
2025-12-21T18:01:52.286316+00:00,btc-updown-15m-1766340000,TRADE,UP,ACCUM,1,1,0.2401,0.2401,13,0.3078,9,0.6691,9,0.9768,0.2086,0.31,-1.0225,2.9775,0.0,89.98,SUCCESS
2025-12-21T18:01:52.286497+00:00,btc-updown-15m-1766340000,TRADE,DOWN,ACCUM,1,1,0.7704,0.7704,13,0.3078,10,0.6792,10,0.987,0.1304,0.23,-0.7929,2.2071,0.0,89.21,SUCCESS
2025-12-21T18:01:57.783814+00:00,btc-updown-15m-1766340000,TRADE,UP,ACCUM,1,1,0.26,0.26,14,0.3044,10,0.6792,10,0.9835,0.1645,0.29,-1.0529,2.9471,0.0,88.95,SUCCESS
2025-12-21T18:01:57.784213+00:00,btc-updown-15m-1766340000,TRADE,DOWN,ACCUM,1,1,0.7601,0.7601,14,0.3044,11,0.6865,11,0.9909,0.1,0.21,-0.813,2.187,0.0,88.19,SUCCESS
2025-12-21T18:02:03.296272+00:00,btc-updown-15m-1766340000,TRADE,UP,ACCUM,1,1,0.2701,0.2701,15,0.3021,11,0.6865,11,0.9886,0.1252,0.27,-1.0831,2.9169,0.0,87.92,SUCCESS
2025-12-21T18:02:08.677146+00:00,btc-updown-15m-1766340000,TRADE,DOWN,ACCUM,1,1,0.7201,0.7201,15,0.3021,12,0.6893,12,0.9914,0.103,0.2,-0.8032,2.1968,0.0,87.2,SUCCESS
2025-12-21T18:15:03.323921+00:00,btc-updown-15m-1766340000,RESOLUTION,DOWN,MARKET_END,27,27,1.0,12.8032,15,0.3021,12,0.6893,12,0.9914,0.103,0.2,0.0,0.0,-0.8032,99.2,RESOLVED
2025-12-21T18:15:11.367177+00:00,btc-updown-15m-1766340900,TRADE,UP,ACCUM,1,1,0.5002,0.5002,1,0.5002,0,0.0,0,0.0,0.0,1.0,-0.5002,0.4998,0.0,98.7,SUCCESS
2025-12-21T18:15:11.367524+00:00,btc-updown-15m-1766340900,TRADE,DOWN,ACCUM,1,1,0.5102,0.5102,1,0.5002,1,0.5102,1,1.0104,-0.0104,0.0,-0.0104,-0.0104,0.0,98.19,SUCCESS
2025-12-21T18:15:16.814231+00:00,btc-updown-15m-1766340900,TRADE,DOWN,ACCUM,1,1,0.47,0.47,1,0.5002,2,0.4901,1,0.9903,0.0097,0.5,-0.4804,0.5196,0.0,97.72,SUCCESS
2025-12-21T18:15:22.323090+00:00,btc-updown-15m-1766340900,TRADE,DOWN,ACCUM,1,1,0.5001,0.5001,1,0.5002,3,0.4935,1,0.9936,0.0064,0.67,-0.9805,1.0195,0.0,97.22,SUCCESS
2025-12-21T18:15:27.759038+00:00,btc-updown-15m-1766340900,TRADE,DOWN,ACCUM,1,1,0.4901,0.4901,1,0.5002,4,0.4926,1,0.9928,0.0072,0.75,-1.4707,1.5293,0.0,96.73,SUCCESS
2025-12-21T18:15:33.165280+00:00,btc-updown-15m-1766340900,TRADE,DOWN,ACCUM,1,1,0.4802,0.4802,1,0.5002,5,0.4901,1,0.9903,0.0097,0.8,-1.9509,2.0491,0.0,96.25,SUCCESS
2025-12-21T18:15:38.558529+00:00,btc-updown-15m-1766340900,TRADE,DOWN,ACCUM,1,1,0.4401,0.4401,1,0.5002,6,0.4818,1,0.982,0.018,0.83,-2.391,2.609,0.0,95.81,SUCCESS
2025-12-21T18:15:43.936425+00:00,btc-updown-15m-1766340900,TRADE,DOWN,ACCUM,1,1,0.4401,0.4401,1,0.5002,7,0.4758,1,0.976,0.024,0.86,-2.8311,3.1689,0.0,95.37,SUCCESS
2025-12-21T18:30:00.255348+00:00,btc-updown-15m-1766340900,RESOLUTION,UP,MARKET_END,8,8,1.0,3.8311,1,0.5002,7,0.4758,1,0.976,0.024,0.86,0.0,0.0,-2.8308,96.37,RESOLVED
2025-12-21T18:30:08.768654+00:00,btc-updown-15m-1766341800,TRADE,UP,ACCUM,1,1,0.51,0.51,1,0.51,0,0.0,0,0.0,0.0,1.0,-0.51,0.49,0.0,95.86,SUCCESS
2025-12-21T18:30:08.768814+00:00,btc-updown-15m-1766341800,TRADE,DOWN,ACCUM,1,1,0.5002,0.5002,1,0.51,1,0.5002,1,1.0102,-0.0102,0.0,-0.0102,-0.0102,0.0,95.36,SUCCESS
2025-12-21T18:30:24.926145+00:00,btc-updown-15m-1766341800,TRADE,DOWN,ACCUM,1,1,0.43,0.43,1,0.51,2,0.4651,1,0.9751,0.0249,0.5,-0.4403,0.5597,0.0,94.93,SUCCESS
2025-12-21T18:30:30.454987+00:00,btc-updown-15m-1766341800,TRADE,DOWN,ACCUM,1,1,0.4502,0.4502,1,0.51,3,0.4601,1,0.9702,0.0298,0.67,-0.8905,1.1095,0.0,94.48,SUCCESS
2025-12-21T18:30:35.984992+00:00,btc-updown-15m-1766341800,TRADE,DOWN,ACCUM,1,1,0.4601,0.4601,1,0.51,4,0.4601,1,0.9702,0.0298,0.75,-1.3505,1.6495,0.0,94.02,SUCCESS
2025-12-21T18:30:41.895838+00:00,btc-updown-15m-1766341800,TRADE,UP,ACCUM,1,1,0.51,0.51,2,0.51,4,0.4601,2,0.9701,0.0597,0.5,-0.8605,1.1395,0.0,93.51,SUCCESS
2025-12-21T18:30:41.896948+00:00,btc-updown-15m-1766341800,TRADE,DOWN,ACCUM,1,1,0.5001,0.5001,2,0.51,5,0.4681,2,0.9781,0.0437,0.6,-1.3606,1.6394,0.0,93.01,SUCCESS
2025-12-21T18:30:47.386803+00:00,btc-updown-15m-1766341800,TRADE,UP,ACCUM,1,1,0.5101,0.5101,3,0.51,5,0.4681,3,0.9781,0.0656,0.4,-0.8707,1.1293,0.0,92.5,SUCCESS
2025-12-21T18:30:47.386987+00:00,btc-updown-15m-1766341800,TRADE,DOWN,ACCUM,1,1,0.4998,0.4998,3,0.51,6,0.4734,3,0.9834,0.0497,0.5,-1.3704,1.6296,0.0,92.0,SUCCESS
2025-12-21T18:31:03.898824+00:00,btc-updown-15m-1766341800,TRADE,DOWN,ACCUM,1,1,0.4002,0.4002,3,0.51,7,0.4629,3,0.973,0.0811,0.57,-1.7706,2.2294,0.0,91.6,SUCCESS
2025-12-21T18:31:09.405611+00:00,btc-updown-15m-1766341800,TRADE,UP,ACCUM,1,1,0.54,0.54,4,0.5175,7,0.4629,4,0.9805,0.0782,0.43,-1.3106,1.6894,0.0,91.06,SUCCESS
2025-12-21T18:31:09.405916+00:00,btc-updown-15m-1766341800,TRADE,DOWN,ACCUM,1,1,0.4702,0.4702,4,0.5175,8,0.4638,4,0.9814,0.0745,0.5,-1.7808,2.2192,0.0,90.58,SUCCESS
2025-12-21T18:31:14.906510+00:00,btc-updown-15m-1766341800,TRADE,UP,ACCUM,1,1,0.5301,0.5301,5,0.52,8,0.4638,5,0.9839,0.0806,0.38,-1.3109,1.6891,0.0,90.05,SUCCESS
2025-12-21T18:31:14.907374+00:00,btc-updown-15m-1766341800,TRADE,DOWN,ACCUM,1,1,0.4902,0.4902,5,0.52,9,0.4668,5,0.9868,0.0659,0.44,-1.8011,2.1989,0.0,89.56,SUCCESS
2025-12-21T18:31:26.022554+00:00,btc-updown-15m-1766341800,TRADE,DOWN,ACCUM,1,1,0.38,0.38,5,0.52,10,0.4581,5,0.9781,0.1093,0.5,-2.1811,2.8189,0.0,89.18,SUCCESS
2025-12-21T18:31:31.528337+00:00,btc-updown-15m-1766341800,TRADE,UP,ACCUM,1,1,0.5501,0.5501,6,0.5251,10,0.4581,6,0.9832,0.1011,0.4,-1.7313,2.2687,0.0,88.63,SUCCESS
2025-12-21T18:31:37.032289+00:00,btc-updown-15m-1766341800,TRADE,UP,ACCUM,1,1,0.5402,0.5402,7,0.5272,10,0.4581,7,0.9853,0.1028,0.3,-1.2715,1.7285,0.0,88.09,SUCCESS
2025-12-21T18:31:37.032453+00:00,btc-updown-15m-1766341800,TRADE,DOWN,ACCUM,1,1,0.4701,0.4701,7,0.5272,11,0.4592,7,0.9864,0.0951,0.36,-1.7416,2.2584,0.0,87.62,SUCCESS
2025-12-21T18:31:42.571465+00:00,btc-updown-15m-1766341800,TRADE,DOWN,ACCUM,1,1,0.45,0.45,7,0.5272,12,0.4584,7,0.9856,0.1005,0.42,-2.1916,2.8084,0.0,87.17,SUCCESS
2025-12-21T18:31:48.073095+00:00,btc-updown-15m-1766341800,TRADE,DOWN,ACCUM,1,1,0.3801,0.3801,7,0.5272,13,0.4524,7,0.9796,0.1426,0.46,-2.5717,3.4283,0.0,86.79,SUCCESS
2025-12-21T18:31:53.475943+00:00,btc-updown-15m-1766341800,TRADE,UP,ACCUM,2,2,0.6601,1.3203,9,0.5568,13,0.4524,9,1.0092,-0.0824,0.31,-1.892,2.108,0.0,85.47,SUCCESS
2025-12-21T18:32:26.433592+00:00,btc-updown-15m-1766341800,TRADE,DOWN,ACCUM,1,1,0.2501,0.2501,9,0.5568,14,0.4379,9,0.9947,0.0476,0.36,-2.1421,2.8579,0.0,85.22,SUCCESS
2025-12-21T18:32:31.926192+00:00,btc-updown-15m-1766341800,TRADE,DOWN,ACCUM,1,1,0.1901,0.1901,9,0.5568,15,0.4214,9,0.9782,0.1964,0.4,-2.3321,3.6679,0.0,85.03,SUCCESS
2025-12-21T18:32:42.790597+00:00,btc-updown-15m-1766341800,TRADE,UP,ACCUM,2,2,0.7702,1.5404,11,0.5956,15,0.4214,11,1.017,-0.1869,0.27,-1.8726,2.1274,0.0,83.49,SUCCESS
2025-12-21T18:45:05.342734+00:00,btc-updown-15m-1766341800,RESOLUTION,UP,MARKET_END,26,26,1.0,12.8726,11,0.5956,15,0.4214,11,1.017,-0.1869,0.27,0.0,0.0,-1.8726,94.49,RESOLVED
2025-12-21T18:45:13.860699+00:00,btc-updown-15m-1766342700,TRADE,UP,ACCUM,1,1,0.4801,0.4801,1,0.4801,0,0.0,0,0.0,0.0,1.0,-0.4801,0.5199,0.0,94.01,SUCCESS
2025-12-21T18:45:19.345112+00:00,btc-updown-15m-1766342700,TRADE,UP,ACCUM,1,1,0.4901,0.4901,2,0.4851,0,0.0,0,0.0,0.0,1.0,-0.9701,1.0299,0.0,93.52,SUCCESS
2025-12-21T18:45:19.345431+00:00,btc-updown-15m-1766342700,TRADE,DOWN,ACCUM,1,1,0.5198,0.5198,2,0.4851,1,0.5198,1,1.0049,-0.0049,0.5,-0.49,0.51,0.0,93.0,SUCCESS
2025-12-21T18:45:52.109880+00:00,btc-updown-15m-1766342700,TRADE,DOWN,ACCUM,1,1,0.4502,0.4502,2,0.4851,2,0.485,2,0.9701,0.0598,0.0,0.0598,0.0598,0.0,92.55,SUCCESS
2025-12-21T18:45:57.494942+00:00,btc-updown-15m-1766342700,TRADE,DOWN,ACCUM,1,1,0.4501,0.4501,2,0.4851,3,0.4734,2,0.9584,0.0831,0.33,-0.3902,0.6098,0.0,92.1,SUCCESS
2025-12-21T18:46:02.988060+00:00,btc-updown-15m-1766342700,TRADE,UP,ACCUM,1,1,0.5802,0.5802,3,0.5168,3,0.4734,3,0.9902,0.0295,0.0,0.0295,0.0295,0.0,91.52,SUCCESS
2025-12-21T18:46:02.988340+00:00,btc-updown-15m-1766342700,TRADE,DOWN,ACCUM,1,1,0.4301,0.4301,3,0.5168,4,0.4626,3,0.9793,0.062,0.25,-0.4006,0.5994,0.0,91.09,SUCCESS
2025-12-21T18:46:08.365287+00:00,btc-updown-15m-1766342700,TRADE,UP,ACCUM,1,1,0.5601,0.5601,4,0.5276,4,0.4626,4,0.9902,0.0393,0.0,0.0393,0.0393,0.0,90.53,SUCCESS
2025-12-21T18:46:13.738902+00:00,btc-updown-15m-1766342700,TRADE,DOWN,ACCUM,1,1,0.43,0.43,4,0.5276,5,0.456,4,0.9837,0.0653,0.2,-0.3907,0.6093,0.0,90.1,SUCCESS
2025-12-21T18:46:19.149156+00:00,btc-updown-15m-1766342700,TRADE,DOWN,ACCUM,1,1,0.4102,0.4102,4,0.5276,6,0.4484,4,0.976,0.0959,0.33,-0.8009,1.1991,0.0,89.69,SUCCESS
2025-12-21T18:46:24.664039+00:00,btc-updown-15m-1766342700,TRADE,UP,ACCUM,1,1,0.6102,0.6102,5,0.5441,6,0.4484,5,0.9925,0.0373,0.17,-0.4111,0.5889,0.0,89.08,SUCCESS
2025-12-21T18:46:24.664357+00:00,btc-updown-15m-1766342700,TRADE,DOWN,ACCUM,1,1,0.3901,0.3901,5,0.5441,7,0.4401,5,0.9842,0.0789,0.29,-0.8012,1.1988,0.0,88.69,SUCCESS
2025-12-21T18:46:30.060314+00:00,btc-updown-15m-1766342700,TRADE,DOWN,ACCUM,1,1,0.37,0.37,5,0.5441,8,0.4313,5,0.9755,0.1227,0.38,-1.1713,1.8287,0.0,88.32,SUCCESS
2025-12-21T18:46:35.462494+00:00,btc-updown-15m-1766342700,TRADE,DOWN,ACCUM,1,1,0.3602,0.3602,5,0.5441,9,0.4234,5,0.9676,0.1622,0.44,-1.5314,2.4686,0.0,87.96,SUCCESS
2025-12-21T18:46:41.065791+00:00,btc-updown-15m-1766342700,TRADE,UP,ACCUM,1,1,0.6602,0.6602,6,0.5635,9,0.4234,6,0.9869,0.0786,0.33,-1.1916,1.8084,0.0,87.3,SUCCESS
2025-12-21T18:46:46.552591+00:00,btc-updown-15m-1766342700,TRADE,DOWN,ACCUM,1,1,0.31,0.31,6,0.5635,10,0.4121,6,0.9756,0.1467,0.4,-1.5016,2.4984,0.0,86.99,SUCCESS
2025-12-21T18:46:51.929622+00:00,btc-updown-15m-1766342700,TRADE,DOWN,ACCUM,1,1,0.3101,0.3101,6,0.5635,11,0.4028,6,0.9663,0.2023,0.45,-1.8117,3.1883,0.0,86.68,SUCCESS
2025-12-21T18:46:57.333921+00:00,btc-updown-15m-1766342700,TRADE,UP,ACCUM,1,1,0.7,0.7,7,0.583,11,0.4028,7,0.9858,0.0994,0.36,-1.5118,2.4882,0.0,85.98,SUCCESS
2025-12-21T18:46:57.334871+00:00,btc-updown-15m-1766342700,TRADE,DOWN,ACCUM,1,1,0.3101,0.3101,7,0.583,12,0.3951,7,0.9781,0.1535,0.42,-1.8219,3.1781,0.0,85.67,SUCCESS
2025-12-21T18:47:02.965045+00:00,btc-updown-15m-1766342700,TRADE,UP,ACCUM,1,1,0.6703,0.6703,8,0.5939,12,0.3951,8,0.989,0.0882,0.33,-1.4922,2.5078,0.0,85.0,SUCCESS
2025-12-21T18:47:02.966233+00:00,btc-updown-15m-1766342700,TRADE,DOWN,ACCUM,1,1,0.3401,0.3401,8,0.5939,13,0.3908,8,0.9847,0.122,0.38,-1.8322,3.1678,0.0,84.66,SUCCESS
2025-12-21T18:47:08.446824+00:00,btc-updown-15m-1766342700,TRADE,UP,ACCUM,1,1,0.6301,0.6301,9,0.5979,13,0.3908,9,0.9888,0.101,0.31,-1.4623,2.5377,0.0,84.03,SUCCESS
2025-12-21T18:47:13.874521+00:00,btc-updown-15m-1766342700,TRADE,UP,ACCUM,1,1,0.6503,0.6503,10,0.6032,13,0.3908,10,0.994,0.0599,0.23,-1.1127,1.8873,0.0,83.38,SUCCESS
2025-12-21T18:47:13.876256+00:00,btc-updown-15m-1766342700,TRADE,DOWN,ACCUM,1,1,0.3501,0.3501,10,0.6032,14,0.3879,10,0.9911,0.089,0.29,-1.4628,2.5372,0.0,83.03,SUCCESS
2025-12-21T18:47:19.372651+00:00,btc-updown-15m-1766342700,TRADE,DOWN,ACCUM,1,1,0.3,0.3,10,0.6032,15,0.3821,10,0.9852,0.1476,0.33,-1.7628,3.2372,0.0,82.73,SUCCESS
2025-12-21T18:47:24.973483+00:00,btc-updown-15m-1766342700,TRADE,UP,ACCUM,1,1,0.7001,0.7001,11,0.612,15,0.3821,11,0.9941,0.0654,0.27,-1.4629,2.5371,0.0,82.03,SUCCESS
2025-12-21T18:49:36.274187+00:00,btc-updown-15m-1766342700,TRADE,UP,ACCUM,1,1,0.5801,0.5801,12,0.6093,15,0.3821,12,0.9914,0.1032,0.2,-1.0431,1.9569,0.0,81.45,SUCCESS
2025-12-21T18:49:41.955836+00:00,btc-updown-15m-1766342700,TRADE,UP,ACCUM,1,1,0.6401,0.6401,13,0.6117,15,0.3821,13,0.9938,0.081,0.13,-0.6832,1.3168,0.0,80.81,SUCCESS
2025-12-21T18:52:04.341475+00:00,btc-updown-15m-1766342700,TRADE,UP,ACCUM,1,1,0.6101,0.6101,14,0.6116,15,0.3821,14,0.9937,0.0888,0.07,-0.2933,0.7067,0.0,80.2,SUCCESS
2025-12-21T18:52:09.939943+00:00,btc-updown-15m-1766342700,TRADE,UP,ACCUM,1,1,0.5201,0.5201,15,0.6055,15,0.3821,15,0.9876,0.1866,0.0,0.1866,0.1866,0.0,79.68,SUCCESS
2025-12-21T19:00:02.669152+00:00,btc-updown-15m-1766342700,RESOLUTION,UP,MARKET_END,30,30,1.0,14.8134,15,0.6055,15,0.3821,15,0.9876,0.1866,0.0,0.0,0.0,0.1866,94.68,RESOLVED
2025-12-21T19:00:11.384297+00:00,btc-updown-15m-1766343600,TRADE,DOWN,ACCUM,1,1,0.4502,0.4502,0,0.0,1,0.4502,0,0.0,0.0,1.0,-0.4502,0.5498,0.0,94.23,SUCCESS
2025-12-21T19:00:16.799271+00:00,btc-updown-15m-1766343600,TRADE,UP,ACCUM,1,1,0.6102,0.6102,1,0.6102,1,0.4502,1,1.0604,-0.0604,0.0,-0.0604,-0.0604,0.0,93.62,SUCCESS
2025-12-21T19:00:16.799465+00:00,btc-updown-15m-1766343600,TRADE,DOWN,ACCUM,1,1,0.4001,0.4001,1,0.6102,2,0.4252,1,1.0354,-0.0354,0.5,-0.4605,0.5395,0.0,93.22,SUCCESS
2025-12-21T19:02:32.152978+00:00,btc-updown-15m-1766343600,TRADE,UP,ACCUM,1,1,0.52,0.52,2,0.5651,2,0.4252,2,0.9903,0.0194,0.0,0.0194,0.0194,0.0,92.7,SUCCESS
2025-12-21T19:02:42.949292+00:00,btc-updown-15m-1766343600,TRADE,UP,ACCUM,1,1,0.49,0.49,3,0.5401,2,0.4252,2,0.9653,0.0695,0.33,-0.4706,0.5294,0.0,92.21,SUCCESS
2025-12-21T19:02:48.352690+00:00,btc-updown-15m-1766343600,TRADE,UP,ACCUM,1,1,0.4701,0.4701,4,0.5226,2,0.4252,2,0.9477,0.1045,0.5,-0.9407,1.0593,0.0,91.74,SUCCESS
2025-12-21T19:02:53.736167+00:00,btc-updown-15m-1766343600,TRADE,UP,ACCUM,1,1,0.4702,0.4702,5,0.5121,2,0.4252,2,0.9373,0.1255,0.6,-1.4109,1.5891,0.0,91.27,SUCCESS
2025-12-21T19:02:53.736364+00:00,btc-updown-15m-1766343600,TRADE,DOWN,ACCUM,1,1,0.5402,0.5402,5,0.5121,3,0.4635,3,0.9756,0.0732,0.4,-0.951,1.049,0.0,90.73,SUCCESS
2025-12-21T19:02:59.131873+00:00,btc-updown-15m-1766343600,TRADE,UP,ACCUM,1,1,0.4102,0.4102,6,0.4951,3,0.4635,3,0.9586,0.1242,0.5,-1.3612,1.6388,0.0,90.32,SUCCESS
2025-12-21T19:03:04.553895+00:00,btc-updown-15m-1766343600,TRADE,DOWN,ACCUM,1,1,0.4999,0.4999,6,0.4951,4,0.4726,4,0.9677,0.1291,0.33,-0.8611,1.1389,0.0,89.82,SUCCESS
2025-12-21T19:03:09.943597+00:00,btc-updown-15m-1766343600,TRADE,UP,ACCUM,1,1,0.5402,0.5402,7,0.5016,4,0.4726,4,0.9742,0.1034,0.43,-1.4013,1.5987,0.0,89.28,SUCCESS
2025-12-21T19:03:09.944437+00:00,btc-updown-15m-1766343600,TRADE,DOWN,ACCUM,1,1,0.4801,0.4801,7,0.5016,5,0.4741,5,0.9757,0.1217,0.29,-0.8814,1.1186,0.0,88.8,SUCCESS
2025-12-21T19:03:15.335554+00:00,btc-updown-15m-1766343600,TRADE,UP,ACCUM,1,1,0.5001,0.5001,8,0.5014,5,0.4741,5,0.9755,0.1226,0.38,-1.3815,1.6185,0.0,88.3,SUCCESS
2025-12-21T19:03:15.335944+00:00,btc-updown-15m-1766343600,TRADE,DOWN,ACCUM,1,1,0.5102,0.5102,8,0.5014,6,0.4801,6,0.9815,0.111,0.25,-0.8917,1.1083,0.0,87.79,SUCCESS
2025-12-21T19:03:20.725496+00:00,btc-updown-15m-1766343600,TRADE,DOWN,ACCUM,1,1,0.5202,0.5202,8,0.5014,7,0.4858,7,0.9872,0.0895,0.12,-0.4119,0.5881,0.0,87.27,SUCCESS
2025-12-21T19:03:26.095639+00:00,btc-updown-15m-1766343600,TRADE,UP,ACCUM,1,1,0.4402,0.4402,9,0.4946,7,0.4858,7,0.9804,0.1371,0.22,-0.8521,1.1479,0.0,86.83,SUCCESS
2025-12-21T19:03:31.591546+00:00,btc-updown-15m-1766343600,TRADE,UP,ACCUM,1,1,0.4102,0.4102,10,0.4861,7,0.4858,7,0.972,0.1962,0.3,-1.2622,1.7378,0.0,86.42,SUCCESS
2025-12-21T19:03:31.592426+00:00,btc-updown-15m-1766343600,TRADE,DOWN,ACCUM,1,1,0.6001,0.6001,10,0.4861,8,0.5001,8,0.9863,0.1099,0.2,-0.8624,1.1376,0.0,85.82,SUCCESS
2025-12-21T19:03:36.990945+00:00,btc-updown-15m-1766343600,TRADE,UP,ACCUM,1,1,0.4201,0.4201,11,0.4801,8,0.5001,8,0.9803,0.158,0.27,-1.2824,1.7176,0.0,85.4,SUCCESS
2025-12-21T19:03:42.408734+00:00,btc-updown-15m-1766343600,TRADE,UP,ACCUM,1,1,0.3302,0.3302,12,0.4676,8,0.5001,8,0.9678,0.2579,0.33,-1.6126,2.3874,0.0,85.07,SUCCESS
2025-12-21T19:03:47.800957+00:00,btc-updown-15m-1766343600,TRADE,UP,ACCUM,1,1,0.3201,0.3201,13,0.4563,8,0.5001,8,0.9564,0.3487,0.38,-1.9327,3.0673,0.0,84.75,SUCCESS
2025-12-21T19:03:53.209178+00:00,btc-updown-15m-1766343600,TRADE,UP,ACCUM,1,1,0.2801,0.2801,14,0.4437,8,0.5001,8,0.9438,0.4494,0.43,-2.2128,3.7872,0.0,84.47,SUCCESS
2025-12-21T19:03:53.209363+00:00,btc-updown-15m-1766343600,TRADE,DOWN,ACCUM,1,1,0.7301,0.7301,14,0.4437,9,0.5257,9,0.9694,0.2756,0.36,-1.9429,3.0571,0.0,83.74,SUCCESS
2025-12-21T19:04:03.988462+00:00,btc-updown-15m-1766343600,TRADE,UP,ACCUM,1,1,0.2301,0.2301,15,0.4295,9,0.5257,9,0.9551,0.4038,0.4,-2.173,3.827,0.0,83.51,SUCCESS
2025-12-21T19:04:03.989349+00:00,btc-updown-15m-1766343600,TRADE,DOWN,ACCUM,1,1,0.7801,0.7801,15,0.4295,10,0.5511,10,0.9806,0.1942,0.33,-1.9531,3.0469,0.0,82.73,SUCCESS
2025-12-21T19:04:52.874718+00:00,btc-updown-15m-1766343600,TRADE,DOWN,ACCUM,1,1,0.7003,0.7003,15,0.4295,11,0.5647,11,0.9941,0.0645,0.27,-1.6534,2.3466,0.0,82.03,SUCCESS
2025-12-21T19:05:30.617678+00:00,btc-updown-15m-1766343600,TRADE,DOWN,ACCUM,1,1,0.5702,0.5702,15,0.4295,12,0.5651,12,0.9946,0.0648,0.2,-1.2236,1.7764,0.0,81.46,SUCCESS
2025-12-21T19:05:36.007843+00:00,btc-updown-15m-1766343600,TRADE,DOWN,ACCUM,1,1,0.5502,0.5502,15,0.4295,13,0.564,13,0.9935,0.0851,0.13,-0.7738,1.2262,0.0,80.91,SUCCESS
2025-12-21T19:15:04.380094+00:00,btc-updown-15m-1766343600,RESOLUTION,DOWN,MARKET_END,28,28,1.0,13.7738,15,0.4295,13,0.564,13,0.9935,0.0851,0.13,0.0,0.0,-0.7745,93.91,RESOLVED
2025-12-21T19:15:12.421764+00:00,btc-updown-15m-1766344500,TRADE,UP,ACCUM,1,1,0.5002,0.5002,1,0.5002,0,0.0,0,0.0,0.0,1.0,-0.5002,0.4998,0.0,93.41,SUCCESS
2025-12-21T19:15:12.421925+00:00,btc-updown-15m-1766344500,TRADE,DOWN,ACCUM,1,1,0.5102,0.5102,1,0.5002,1,0.5102,1,1.0104,-0.0104,0.0,-0.0104,-0.0104,0.0,92.9,SUCCESS
2025-12-21T19:16:33.436039+00:00,btc-updown-15m-1766344500,TRADE,UP,ACCUM,1,1,0.4601,0.4601,2,0.4801,1,0.5102,1,0.9903,0.0097,0.5,-0.4705,0.5295,0.0,92.44,SUCCESS
2025-12-21T19:16:44.248845+00:00,btc-updown-15m-1766344500,TRADE,DOWN,ACCUM,1,1,0.4901,0.4901,2,0.4801,2,0.5002,2,0.9803,0.0394,0.0,0.0394,0.0394,0.0,91.95,SUCCESS
2025-12-21T19:16:49.639115+00:00,btc-updown-15m-1766344500,TRADE,DOWN,ACCUM,1,1,0.48,0.48,2,0.4801,3,0.4934,2,0.9736,0.0528,0.33,-0.4406,0.5594,0.0,91.47,SUCCESS
2025-12-21T19:16:55.147711+00:00,btc-updown-15m-1766344500,TRADE,UP,ACCUM,1,1,0.5302,0.5302,3,0.4968,3,0.4934,3,0.9903,0.0292,0.0,0.0292,0.0292,0.0,90.94,SUCCESS
2025-12-21T19:16:55.147885+00:00,btc-updown-15m-1766344500,TRADE,DOWN,ACCUM,1,1,0.4802,0.4802,3,0.4968,4,0.4901,3,0.987,0.0391,0.25,-0.451,0.549,0.0,90.45,SUCCESS
2025-12-21T19:17:00.628862+00:00,btc-updown-15m-1766344500,TRADE,DOWN,ACCUM,1,1,0.4801,0.4801,3,0.4968,5,0.4881,3,0.985,0.0451,0.4,-0.9312,1.0688,0.0,89.97,SUCCESS
2025-12-21T19:17:06.003915+00:00,btc-updown-15m-1766344500,TRADE,DOWN,ACCUM,1,1,0.49,0.49,3,0.4968,6,0.4884,3,0.9853,0.0442,0.5,-1.4212,1.5788,0.0,89.48,SUCCESS
2025-12-21T19:17:11.394344+00:00,btc-updown-15m-1766344500,TRADE,DOWN,ACCUM,1,1,0.47,0.47,3,0.4968,7,0.4858,3,0.9826,0.0521,0.57,-1.8912,2.1088,0.0,89.01,SUCCESS
2025-12-21T19:17:16.823043+00:00,btc-updown-15m-1766344500,TRADE,UP,ACCUM,1,1,0.4902,0.4902,4,0.4952,7,0.4858,4,0.981,0.076,0.43,-1.3814,1.6186,0.0,88.52,SUCCESS
2025-12-21T19:17:16.823679+00:00,btc-updown-15m-1766344500,TRADE,DOWN,ACCUM,1,1,0.5203,0.5203,4,0.4952,8,0.4901,4,0.9853,0.0588,0.5,-1.9016,2.0984,0.0,88.0,SUCCESS
2025-12-21T19:17:22.200445+00:00,btc-updown-15m-1766344500,TRADE,UP,ACCUM,1,1,0.4801,0.4801,5,0.4922,8,0.4901,5,0.9823,0.0886,0.38,-1.3817,1.6183,0.0,87.52,SUCCESS
2025-12-21T19:17:22.201494+00:00,btc-updown-15m-1766344500,TRADE,DOWN,ACCUM,1,1,0.53,0.53,5,0.4922,9,0.4945,5,0.9867,0.0665,0.44,-1.9117,2.0883,0.0,86.99,SUCCESS
2025-12-21T19:17:32.992854+00:00,btc-updown-15m-1766344500,TRADE,UP,ACCUM,1,1,0.53,0.53,6,0.4985,9,0.4945,6,0.993,0.0419,0.33,-1.4417,1.5583,0.0,86.46,SUCCESS
2025-12-21T19:17:32.993749+00:00,btc-updown-15m-1766344500,TRADE,DOWN,ACCUM,1,1,0.4802,0.4802,6,0.4985,10,0.4931,6,0.9916,0.0505,0.4,-1.922,2.078,0.0,85.98,SUCCESS
2025-12-21T19:17:38.385771+00:00,btc-updown-15m-1766344500,TRADE,UP,ACCUM,1,1,0.4901,0.4901,7,0.4973,10,0.4931,7,0.9904,0.0672,0.3,-1.4121,1.5879,0.0,85.49,SUCCESS
2025-12-21T19:17:38.385939+00:00,btc-updown-15m-1766344500,TRADE,DOWN,ACCUM,1,1,0.5203,0.5203,7,0.4973,11,0.4956,7,0.9929,0.05,0.36,-1.9323,2.0677,0.0,84.97,SUCCESS
2025-12-21T19:17:43.795331+00:00,btc-updown-15m-1766344500,TRADE,UP,ACCUM,1,1,0.5002,0.5002,8,0.4977,11,0.4956,8,0.9932,0.0542,0.27,-1.4326,1.5674,0.0,84.47,SUCCESS
2025-12-21T19:17:49.194665+00:00,btc-updown-15m-1766344500,TRADE,UP,ACCUM,1,1,0.5102,0.5102,9,0.499,11,0.4956,9,0.9946,0.0484,0.18,-0.9428,1.0572,0.0,83.96,SUCCESS
2025-12-21T19:17:49.194851+00:00,btc-updown-15m-1766344500,TRADE,DOWN,ACCUM,1,1,0.5001,0.5001,9,0.499,12,0.496,9,0.995,0.045,0.25,-1.4429,1.5571,0.0,83.46,SUCCESS
2025-12-21T19:18:10.787787+00:00,btc-updown-15m-1766344500,TRADE,DOWN,ACCUM,1,1,0.4501,0.4501,9,0.499,13,0.4924,9,0.9915,0.0767,0.31,-1.893,2.107,0.0,83.01,SUCCESS
2025-12-21T19:18:16.188123+00:00,btc-updown-15m-1766344500,TRADE,DOWN,ACCUM,1,1,0.4601,0.4601,9,0.499,14,0.4901,9,0.9892,0.0975,0.36,-2.3531,2.6469,0.0,82.55,SUCCESS
2025-12-21T19:18:21.578542+00:00,btc-updown-15m-1766344500,TRADE,UP,ACCUM,1,1,0.5501,0.5501,10,0.5042,14,0.4901,10,0.9943,0.0573,0.29,-1.9032,2.0968,0.0,82.0,SUCCESS
2025-12-21T19:18:21.579089+00:00,btc-updown-15m-1766344500,TRADE,DOWN,ACCUM,1,1,0.4601,0.4601,10,0.5042,15,0.4881,10,0.9923,0.0773,0.33,-2.3633,2.6367,0.0,81.54,SUCCESS
2025-12-21T19:18:43.126249+00:00,btc-updown-15m-1766344500,TRADE,UP,ACCUM,1,1,0.49,0.49,11,0.5029,15,0.4881,11,0.991,0.0992,0.27,-1.8532,2.1468,0.0,81.05,SUCCESS
2025-12-21T19:18:53.950240+00:00,btc-updown-15m-1766344500,TRADE,UP,ACCUM,1,1,0.4899,0.4899,12,0.5018,15,0.4881,12,0.9899,0.1212,0.2,-1.3431,1.6569,0.0,80.56,SUCCESS
2025-12-21T19:18:59.337232+00:00,btc-updown-15m-1766344500,TRADE,UP,ACCUM,1,1,0.4902,0.4902,13,0.5009,15,0.4881,13,0.989,0.1429,0.13,-0.8334,1.1666,0.0,80.07,SUCCESS
2025-12-21T19:19:10.300358+00:00,btc-updown-15m-1766344500,TRADE,UP,ACCUM,1,1,0.4801,0.4801,14,0.4994,15,0.4881,14,0.9875,0.1747,0.07,-0.3134,0.6866,0.0,79.59,SUCCESS
2025-12-21T19:19:15.701105+00:00,btc-updown-15m-1766344500,TRADE,UP,ACCUM,1,1,0.5402,0.5402,15,0.5021,15,0.4881,15,0.9902,0.1464,0.0,0.1464,0.1464,0.0,79.05,SUCCESS
2025-12-21T19:30:04.989180+00:00,btc-updown-15m-1766344500,RESOLUTION,DOWN,MARKET_END,30,30,1.0,14.8536,15,0.5021,15,0.4881,15,0.9902,0.1464,0.0,0.0,0.0,0.147,94.05,RESOLVED
2025-12-21T19:30:23.714098+00:00,btc-updown-15m-1766345400,TRADE,UP,ACCUM,1,1,0.3901,0.3901,1,0.3901,0,0.0,0,0.0,0.0,1.0,-0.3901,0.6099,0.0,93.66,SUCCESS
2025-12-21T19:30:34.634310+00:00,btc-updown-15m-1766345400,TRADE,UP,ACCUM,1,1,0.3801,0.3801,2,0.3851,0,0.0,0,0.0,0.0,1.0,-0.7702,1.2298,0.0,93.28,SUCCESS
2025-12-21T19:30:34.634668+00:00,btc-updown-15m-1766345400,TRADE,DOWN,ACCUM,1,1,0.63,0.63,2,0.3851,1,0.63,1,1.0151,-0.0151,0.5,-0.4002,0.5998,0.0,92.65,SUCCESS
2025-12-21T19:31:28.746105+00:00,btc-updown-15m-1766345400,TRADE,UP,ACCUM,1,1,0.26,0.26,3,0.3434,1,0.63,1,0.9734,0.0266,0.67,-0.6602,1.3398,0.0,92.39,SUCCESS
2025-12-21T19:31:34.168620+00:00,btc-updown-15m-1766345400,TRADE,UP,ACCUM,1,1,0.33,0.33,4,0.3401,1,0.63,1,0.9701,0.0299,0.75,-0.9903,2.0097,0.0,92.06,SUCCESS
2025-12-21T19:31:39.673621+00:00,btc-updown-15m-1766345400,TRADE,UP,ACCUM,1,1,0.32,0.32,5,0.3361,1,0.63,1,0.9661,0.0339,0.8,-1.3103,2.6897,0.0,91.74,SUCCESS
2025-12-21T19:31:45.083782+00:00,btc-updown-15m-1766345400,TRADE,UP,ACCUM,1,1,0.2901,0.2901,6,0.3284,1,0.63,1,0.9584,0.0416,0.83,-1.6004,3.3996,0.0,91.45,SUCCESS
2025-12-21T19:31:50.496106+00:00,btc-updown-15m-1766345400,TRADE,UP,ACCUM,1,1,0.3001,0.3001,7,0.3244,1,0.63,1,0.9544,0.0456,0.86,-1.9005,4.0995,0.0,91.15,SUCCESS
2025-12-21T19:31:55.894586+00:00,btc-updown-15m-1766345400,TRADE,DOWN,ACCUM,2,2,0.6603,1.3205,7,0.3244,3,0.6502,3,0.9745,0.0764,0.57,-1.221,2.779,0.0,89.83,SUCCESS
2025-12-21T19:32:01.306794+00:00,btc-updown-15m-1766345400,TRADE,DOWN,ACCUM,1,1,0.7001,0.7001,7,0.3244,4,0.6627,4,0.987,0.052,0.43,-0.9211,2.0789,0.0,89.13,SUCCESS
2025-12-21T19:32:06.711731+00:00,btc-updown-15m-1766345400,TRADE,DOWN,ACCUM,1,1,0.7001,0.7001,7,0.3244,5,0.6701,5,0.9945,0.0275,0.29,-0.6212,1.3788,0.0,88.43,SUCCESS
2025-12-21T19:32:12.231853+00:00,btc-updown-15m-1766345400,TRADE,UP,ACCUM,1,1,0.2901,0.2901,8,0.3201,5,0.6701,5,0.9902,0.0489,0.38,-0.9113,2.0887,0.0,88.14,SUCCESS
2025-12-21T19:32:17.646966+00:00,btc-updown-15m-1766345400,TRADE,UP,ACCUM,1,1,0.3001,0.3001,9,0.3179,5,0.6701,5,0.988,0.06,0.44,-1.2114,2.7886,0.0,87.84,SUCCESS
2025-12-21T19:32:23.051653+00:00,btc-updown-15m-1766345400,TRADE,UP,ACCUM,1,1,0.28,0.28,10,0.3141,5,0.6701,5,0.9842,0.0789,0.5,-1.4914,3.5086,0.0,87.56,SUCCESS
2025-12-21T19:32:28.463044+00:00,btc-updown-15m-1766345400,TRADE,UP,ACCUM,1,1,0.2501,0.2501,11,0.3083,5,0.6701,5,0.9784,0.108,0.55,-1.7415,4.2585,0.0,87.31,SUCCESS
2025-12-21T19:32:33.834907+00:00,btc-updown-15m-1766345400,TRADE,DOWN,ACCUM,2,2,0.7703,1.5407,11,0.3083,7,0.6988,7,1.007,-0.0491,0.36,-1.2822,2.7178,0.0,85.77,SUCCESS
2025-12-21T19:33:28.031241+00:00,btc-updown-15m-1766345400,TRADE,UP,ACCUM,1,1,0.16,0.16,12,0.2959,7,0.6988,7,0.9947,0.0373,0.42,-1.4422,3.5578,0.0,85.61,SUCCESS
2025-12-21T19:33:33.449342+00:00,btc-updown-15m-1766345400,TRADE,UP,ACCUM,1,1,0.16,0.16,13,0.2855,7,0.6988,7,0.9842,0.1105,0.46,-1.6022,4.3978,0.0,85.45,SUCCESS
2025-12-21T19:33:38.849472+00:00,btc-updown-15m-1766345400,TRADE,DOWN,ACCUM,2,2,0.8497,1.6994,13,0.2855,9,0.7323,9,1.0178,-0.1599,0.31,-1.3017,2.6983,0.0,83.75,SUCCESS
2025-12-21T19:39:32.417582+00:00,btc-updown-15m-1766345400,TRADE,DOWN,ACCUM,1,1,0.4801,0.4801,13,0.2855,10,0.7071,10,0.9925,0.0746,0.23,-0.7818,2.2182,0.0,83.27,SUCCESS
2025-12-21T19:39:37.824712+00:00,btc-updown-15m-1766345400,TRADE,DOWN,ACCUM,1,1,0.3502,0.3502,13,0.2855,11,0.6746,11,0.9601,0.439,0.15,-0.1319,1.8681,0.0,82.92,SUCCESS
2025-12-21T19:39:43.205962+00:00,btc-updown-15m-1766345400,TRADE,DOWN,ACCUM,1,1,0.3701,0.3701,13,0.2855,12,0.6493,12,0.9347,0.7834,0.08,0.498,1.498,0.0,82.55,SUCCESS
2025-12-21T19:39:48.608181+00:00,btc-updown-15m-1766345400,TRADE,UP,ACCUM,1,1,0.6199,0.6199,14,0.3093,12,0.6493,12,0.9586,0.4967,0.14,-0.1219,1.8781,0.0,81.93,SUCCESS
2025-12-21T19:39:48.608338+00:00,btc-updown-15m-1766345400,TRADE,DOWN,ACCUM,1,1,0.4,0.4,14,0.3093,13,0.6301,13,0.9394,0.7874,0.07,0.478,1.478,0.0,81.53,SUCCESS
2025-12-21T19:39:54.021659+00:00,btc-updown-15m-1766345400,TRADE,UP,ACCUM,1,1,0.6002,0.6002,15,0.3287,13,0.6301,13,0.9588,0.5353,0.13,-0.1222,1.8778,0.0,80.93,SUCCESS
2025-12-21T19:39:54.021918+00:00,btc-updown-15m-1766345400,TRADE,DOWN,ACCUM,1,1,0.41,0.41,15,0.3287,14,0.6144,14,0.9431,0.7965,0.07,0.4678,1.4678,0.0,80.52,SUCCESS
2025-12-21T19:39:59.435365+00:00,btc-updown-15m-1766345400,TRADE,DOWN,ACCUM,1,1,0.4502,0.4502,15,0.3287,15,0.6034,15,0.9322,1.0176,0.0,1.0176,1.0176,0.0,80.07,SUCCESS
2025-12-21T19:45:00.896243+00:00,btc-updown-15m-1766345400,RESOLUTION,UP,MARKET_END,30,30,1.0,13.9824,15,0.3287,15,0.6034,15,0.9322,1.0176,0.0,0.0,0.0,1.0176,95.07,RESOLVED
2025-12-21T19:45:08.987757+00:00,btc-updown-15m-1766346300,TRADE,UP,ACCUM,1,1,0.4802,0.4802,1,0.4802,0,0.0,0,0.0,0.0,1.0,-0.4802,0.5198,0.0,94.59,SUCCESS
2025-12-21T19:45:19.787793+00:00,btc-updown-15m-1766346300,TRADE,UP,ACCUM,1,1,0.4201,0.4201,2,0.4501,0,0.0,0,0.0,0.0,1.0,-0.9003,1.0997,0.0,94.17,SUCCESS
2025-12-21T19:45:19.788129+00:00,btc-updown-15m-1766346300,TRADE,DOWN,ACCUM,1,1,0.5902,0.5902,2,0.4501,1,0.5902,1,1.0403,-0.0403,0.5,-0.4905,0.5095,0.0,93.58,SUCCESS
2025-12-21T19:46:35.983026+00:00,btc-updown-15m-1766346300,TRADE,UP,ACCUM,1,1,0.29,0.29,3,0.3968,1,0.5902,1,0.987,0.013,0.67,-0.7805,1.2195,0.0,93.29,SUCCESS
2025-12-21T19:46:41.384540+00:00,btc-updown-15m-1766346300,TRADE,UP,ACCUM,1,1,0.2801,0.2801,4,0.3676,1,0.5902,1,0.9578,0.0422,0.75,-1.0606,1.9394,0.0,93.01,SUCCESS
2025-12-21T19:46:46.781640+00:00,btc-updown-15m-1766346300,TRADE,UP,ACCUM,1,1,0.3201,0.3201,5,0.3581,1,0.5902,1,0.9483,0.0517,0.8,-1.3807,2.6193,0.0,92.69,SUCCESS
2025-12-21T19:46:52.202621+00:00,btc-updown-15m-1766346300,TRADE,UP,ACCUM,1,1,0.3301,0.3301,6,0.3534,1,0.5902,1,0.9436,0.0564,0.83,-1.7108,3.2892,0.0,92.36,SUCCESS
2025-12-21T19:46:57.597699+00:00,btc-updown-15m-1766346300,TRADE,UP,ACCUM,1,1,0.35,0.35,7,0.3529,1,0.5902,1,0.9432,0.0568,0.86,-2.0608,3.9392,0.0,92.01,SUCCESS
2025-12-21T19:47:02.987086+00:00,btc-updown-15m-1766346300,TRADE,DOWN,ACCUM,2,2,0.7001,1.4002,7,0.3529,3,0.6635,3,1.0164,-0.0493,0.57,-1.461,2.539,0.0,90.61,SUCCESS
2025-12-21T19:50:19.867883+00:00,btc-updown-15m-1766346300,TRADE,DOWN,ACCUM,1,1,0.5702,0.5702,7,0.3529,4,0.6402,4,0.9931,0.0276,0.43,-1.0313,1.9687,0.0,90.04,SUCCESS
2025-12-21T19:50:25.294166+00:00,btc-updown-15m-1766346300,TRADE,DOWN,ACCUM,1,1,0.5703,0.5703,7,0.3529,5,0.6262,5,0.9791,0.1044,0.29,-0.6015,1.3985,0.0,89.47,SUCCESS
2025-12-21T19:50:36.135940+00:00,btc-updown-15m-1766346300,TRADE,UP,ACCUM,1,1,0.4602,0.4602,8,0.3664,5,0.6262,5,0.9925,0.0373,0.38,-1.0618,1.9382,0.0,89.01,SUCCESS
2025-12-21T19:50:36.136140+00:00,btc-updown-15m-1766346300,TRADE,DOWN,ACCUM,1,1,0.5501,0.5501,8,0.3664,6,0.6135,6,0.9799,0.1209,0.25,-0.6118,1.3882,0.0,88.46,SUCCESS
2025-12-21T19:50:41.681078+00:00,btc-updown-15m-1766346300,TRADE,UP,ACCUM,1,1,0.4701,0.4701,9,0.3779,6,0.6135,6,0.9914,0.0517,0.33,-1.082,1.918,0.0,87.99,SUCCESS
2025-12-21T19:50:41.681513+00:00,btc-updown-15m-1766346300,TRADE,DOWN,ACCUM,1,1,0.5602,0.5602,9,0.3779,7,0.6059,7,0.9838,0.1136,0.22,-0.6421,1.3579,0.0,87.43,SUCCESS
2025-12-21T19:50:47.091286+00:00,btc-updown-15m-1766346300,TRADE,DOWN,ACCUM,1,1,0.5302,0.5302,9,0.3779,8,0.5964,8,0.9743,0.2055,0.11,-0.1724,0.8276,0.0,86.9,SUCCESS
2025-12-21T19:50:52.533368+00:00,btc-updown-15m-1766346300,TRADE,UP,ACCUM,1,1,0.4902,0.4902,10,0.3891,8,0.5964,8,0.9855,0.1157,0.2,-0.6626,1.3374,0.0,86.41,SUCCESS
2025-12-21T19:50:52.533707+00:00,btc-updown-15m-1766346300,TRADE,DOWN,ACCUM,1,1,0.52,0.52,10,0.3891,9,0.5879,9,0.9771,0.2065,0.1,-0.1826,0.8174,0.0,85.89,SUCCESS
2025-12-21T19:50:57.964432+00:00,btc-updown-15m-1766346300,TRADE,DOWN,ACCUM,1,1,0.5602,0.5602,10,0.3891,10,0.5852,10,0.9743,0.2572,0.0,0.2572,0.2572,0.0,85.33,SUCCESS
2025-12-21T19:51:03.373178+00:00,btc-updown-15m-1766346300,TRADE,UP,ACCUM,1,1,0.5202,0.5202,11,0.401,10,0.5852,10,0.9862,0.138,0.09,-0.263,0.737,0.0,84.81,SUCCESS
2025-12-21T19:51:08.775002+00:00,btc-updown-15m-1766346300,TRADE,DOWN,ACCUM,1,1,0.43,0.43,11,0.401,11,0.5711,11,0.9721,0.3069,0.0,0.3069,0.3069,0.0,84.38,SUCCESS
2025-12-21T19:51:25.167482+00:00,btc-updown-15m-1766346300,TRADE,DOWN,ACCUM,1,1,0.4301,0.4301,11,0.401,12,0.5593,11,0.9604,0.4361,0.08,-0.1232,0.8768,0.0,83.95,SUCCESS
2025-12-21T19:51:30.597178+00:00,btc-updown-15m-1766346300,TRADE,UP,ACCUM,1,1,0.6103,0.6103,12,0.4185,12,0.5593,12,0.9778,0.2665,0.0,0.2665,0.2665,0.0,83.34,SUCCESS
2025-12-21T19:51:30.598583+00:00,btc-updown-15m-1766346300,TRADE,DOWN,ACCUM,1,1,0.3999,0.3999,12,0.4185,13,0.547,12,0.9655,0.4137,0.08,-0.1333,0.8667,0.0,82.94,SUCCESS
2025-12-21T19:51:36.120795+00:00,btc-updown-15m-1766346300,TRADE,UP,ACCUM,1,1,0.68,0.68,13,0.4386,13,0.547,13,0.9856,0.1867,0.0,0.1867,0.1867,0.0,82.26,SUCCESS
2025-12-21T19:51:36.121364+00:00,btc-updown-15m-1766346300,TRADE,DOWN,ACCUM,1,1,0.3401,0.3401,13,0.4386,14,0.5323,13,0.9709,0.3789,0.07,-0.1534,0.8466,0.0,81.92,SUCCESS
2025-12-21T19:51:41.522888+00:00,btc-updown-15m-1766346300,TRADE,UP,ACCUM,1,1,0.7503,0.7503,14,0.4609,14,0.5323,14,0.9931,0.0963,0.0,0.0963,0.0963,0.0,81.17,SUCCESS
2025-12-21T19:51:41.523910+00:00,btc-updown-15m-1766346300,TRADE,DOWN,ACCUM,1,1,0.2701,0.2701,14,0.4609,15,0.5148,14,0.9756,0.341,0.07,-0.1738,0.8262,0.0,80.9,SUCCESS
2025-12-21T19:51:46.953341+00:00,btc-updown-15m-1766346300,TRADE,UP,ACCUM,1,1,0.7302,0.7302,15,0.4788,15,0.5148,15,0.9936,0.096,0.0,0.096,0.096,0.0,80.17,SUCCESS
2025-12-21T20:00:00.010697+00:00,btc-updown-15m-1766346300,RESOLUTION,UP,MARKET_END,30,30,1.0,14.904,15,0.4788,15,0.5148,15,0.9936,0.096,0.0,0.0,0.0,0.096,95.17,RESOLVED
2025-12-21T20:00:08.736830+00:00,btc-updown-15m-1766347200,TRADE,UP,ACCUM,1,1,0.4701,0.4701,1,0.4701,0,0.0,0,0.0,0.0,1.0,-0.4701,0.5299,0.0,94.7,SUCCESS
2025-12-21T20:00:08.737035+00:00,btc-updown-15m-1766347200,TRADE,DOWN,ACCUM,1,1,0.54,0.54,1,0.4701,1,0.54,1,1.0102,-0.0102,0.0,-0.0102,-0.0102,0.0,94.16,SUCCESS
2025-12-21T20:02:40.685953+00:00,btc-updown-15m-1766347200,TRADE,UP,ACCUM,1,1,0.3801,0.3801,2,0.4251,1,0.54,1,0.9651,0.0349,0.5,-0.3902,0.6098,0.0,93.78,SUCCESS
2025-12-21T20:02:46.187537+00:00,btc-updown-15m-1766347200,TRADE,UP,ACCUM,1,1,0.3401,0.3401,3,0.3968,1,0.54,1,0.9368,0.0632,0.67,-0.7303,1.2697,0.0,93.44,SUCCESS
2025-12-21T20:02:51.595831+00:00,btc-updown-15m-1766347200,TRADE,UP,ACCUM,1,1,0.3501,0.3501,4,0.3851,1,0.54,1,0.9251,0.0749,0.75,-1.0804,1.9196,0.0,93.09,SUCCESS
2025-12-21T20:02:57.000001+00:00,btc-updown-15m-1766347200,TRADE,DOWN,ACCUM,1,1,0.6703,0.6703,4,0.3851,2,0.6052,2,0.9902,0.0195,0.5,-0.7506,1.2494,0.0,92.42,SUCCESS
2025-12-21T20:03:02.386079+00:00,btc-updown-15m-1766347200,TRADE,UP,ACCUM,1,1,0.35,0.35,5,0.3781,2,0.6052,2,0.9832,0.0336,0.6,-1.1007,1.8993,0.0,92.07,SUCCESS
2025-12-21T20:03:07.904293+00:00,btc-updown-15m-1766347200,TRADE,UP,ACCUM,1,1,0.3801,0.3801,6,0.3784,2,0.6052,2,0.9836,0.0329,0.67,-1.4808,2.5192,0.0,91.69,SUCCESS
2025-12-21T20:03:07.904603+00:00,btc-updown-15m-1766347200,TRADE,DOWN,ACCUM,1,1,0.6402,0.6402,6,0.3784,3,0.6168,3,0.9953,0.0142,0.5,-1.121,1.879,0.0,91.05,SUCCESS
2025-12-21T20:03:13.305485+00:00,btc-updown-15m-1766347200,TRADE,DOWN,ACCUM,1,1,0.5598,0.5598,6,0.3784,4,0.6026,4,0.981,0.076,0.33,-0.6808,1.3192,0.0,90.49,SUCCESS
2025-12-21T20:03:18.696741+00:00,btc-updown-15m-1766347200,TRADE,UP,ACCUM,1,1,0.38,0.38,7,0.3786,4,0.6026,4,0.9812,0.0751,0.43,-1.0608,1.9392,0.0,90.11,SUCCESS
2025-12-21T20:03:18.696935+00:00,btc-updown-15m-1766347200,TRADE,DOWN,ACCUM,1,1,0.6297,0.6297,7,0.3786,5,0.608,5,0.9866,0.0668,0.29,-0.6905,1.3095,0.0,89.48,SUCCESS
2025-12-21T20:03:24.124476+00:00,btc-updown-15m-1766347200,TRADE,UP,ACCUM,1,1,0.38,0.38,8,0.3788,5,0.608,5,0.9868,0.0659,0.38,-1.0705,1.9295,0.0,89.1,SUCCESS
2025-12-21T20:03:24.125421+00:00,btc-updown-15m-1766347200,TRADE,DOWN,ACCUM,1,1,0.6301,0.6301,8,0.3788,6,0.6117,6,0.9905,0.057,0.25,-0.7006,1.2994,0.0,88.47,SUCCESS
2025-12-21T20:03:29.538131+00:00,btc-updown-15m-1766347200,TRADE,UP,ACCUM,1,1,0.3301,0.3301,9,0.3734,6,0.6117,6,0.9851,0.0895,0.33,-1.0307,1.9693,0.0,88.14,SUCCESS
2025-12-21T20:03:45.797634+00:00,btc-updown-15m-1766347200,TRADE,UP,ACCUM,1,1,0.3201,0.3201,10,0.3681,6,0.6117,6,0.9798,0.1215,0.4,-1.3508,2.6492,0.0,87.82,SUCCESS
2025-12-21T20:03:51.300322+00:00,btc-updown-15m-1766347200,TRADE,UP,ACCUM,1,1,0.3201,0.3201,11,0.3637,6,0.6117,6,0.9754,0.1476,0.45,-1.671,3.329,0.0,87.5,SUCCESS
2025-12-21T20:03:51.300501+00:00,btc-updown-15m-1766347200,TRADE,DOWN,ACCUM,1,1,0.6901,0.6901,11,0.3637,7,0.6229,7,0.9866,0.0938,0.36,-1.3611,2.6389,0.0,86.8,SUCCESS
2025-12-21T20:04:02.116802+00:00,btc-updown-15m-1766347200,TRADE,UP,ACCUM,1,1,0.2601,0.2601,12,0.3551,7,0.6229,7,0.978,0.1542,0.42,-1.6212,3.3788,0.0,86.54,SUCCESS
2025-12-21T20:04:07.683692+00:00,btc-updown-15m-1766347200,TRADE,UP,ACCUM,1,1,0.2501,0.2501,13,0.347,7,0.6229,7,0.9699,0.2107,0.46,-1.8713,4.1287,0.0,86.29,SUCCESS
2025-12-21T20:04:13.074249+00:00,btc-updown-15m-1766347200,TRADE,DOWN,ACCUM,2,2,0.7603,1.5206,13,0.347,9,0.6534,9,1.0004,-0.0038,0.31,-1.3919,2.6081,0.0,84.77,SUCCESS
2025-12-21T20:04:23.873699+00:00,btc-updown-15m-1766347200,TRADE,UP,ACCUM,1,1,0.2701,0.2701,14,0.3415,9,0.6534,9,0.9949,0.0456,0.36,-1.6619,3.3381,0.0,84.5,SUCCESS
2025-12-21T20:04:29.288948+00:00,btc-updown-15m-1766347200,TRADE,UP,ACCUM,1,1,0.3001,0.3001,15,0.3388,9,0.6534,9,0.9922,0.0705,0.4,-1.9621,4.0379,0.0,84.2,SUCCESS
2025-12-21T20:04:34.677609+00:00,btc-updown-15m-1766347200,TRADE,DOWN,ACCUM,2,2,0.7202,1.4405,15,0.3388,11,0.6656,11,1.0043,-0.0475,0.27,-1.4025,2.5975,0.0,82.76,SUCCESS
2025-12-21T20:15:05.041624+00:00,btc-updown-15m-1766347200,RESOLUTION,DOWN,MARKET_END,26,26,1.0,12.4025,15,0.3388,11,0.6656,11,1.0043,-0.0475,0.27,0.0,0.0,-1.4025,93.76,RESOLVED
2025-12-21T20:15:13.175352+00:00,btc-updown-15m-1766348100,TRADE,UP,ACCUM,1,1,0.6001,0.6001,1,0.6001,0,0.0,0,0.0,0.0,1.0,-0.6001,0.3999,0.0,93.16,SUCCESS
2025-12-21T20:15:13.175521+00:00,btc-updown-15m-1766348100,TRADE,DOWN,ACCUM,1,1,0.4101,0.4101,1,0.6001,1,0.4101,1,1.0102,-0.0102,0.0,-0.0102,-0.0102,0.0,92.75,SUCCESS
2025-12-21T20:15:18.579627+00:00,btc-updown-15m-1766348100,TRADE,UP,ACCUM,1,1,0.5201,0.5201,2,0.5601,1,0.4101,1,0.9702,0.0298,0.5,-0.5303,0.4697,0.0,92.23,SUCCESS
2025-12-21T20:15:23.971539+00:00,btc-updown-15m-1766348100,TRADE,UP,ACCUM,1,1,0.5401,0.5401,3,0.5534,1,0.4101,1,0.9635,0.0365,0.67,-1.0704,0.9296,0.0,91.69,SUCCESS
2025-12-21T20:15:29.376461+00:00,btc-updown-15m-1766348100,TRADE,UP,ACCUM,1,1,0.5603,0.5603,4,0.5551,1,0.4101,1,0.9652,0.0348,0.75,-1.6306,1.3694,0.0,91.13,SUCCESS
2025-12-21T20:15:34.907706+00:00,btc-updown-15m-1766348100,TRADE,UP,ACCUM,1,1,0.5601,0.5601,5,0.5561,1,0.4101,1,0.9662,0.0338,0.8,-2.1908,1.8092,0.0,90.57,SUCCESS
2025-12-21T20:15:34.908765+00:00,btc-updown-15m-1766348100,TRADE,DOWN,ACCUM,1,1,0.46,0.46,5,0.5561,2,0.435,2,0.9912,0.0177,0.6,-1.6508,1.3492,0.0,90.11,SUCCESS
2025-12-21T20:15:45.690634+00:00,btc-updown-15m-1766348100,TRADE,UP,ACCUM,1,1,0.4901,0.4901,6,0.5451,2,0.435,2,0.9802,0.0397,0.67,-2.1409,1.8591,0.0,89.62,SUCCESS
2025-12-21T20:15:51.105868+00:00,btc-updown-15m-1766348100,TRADE,UP,ACCUM,1,1,0.5102,0.5102,7,0.5402,2,0.435,2,0.9752,0.0496,0.71,-2.6511,2.3489,0.0,89.11,SUCCESS
2025-12-21T20:15:56.520018+00:00,btc-updown-15m-1766348100,TRADE,UP,ACCUM,1,1,0.5202,0.5202,8,0.5377,2,0.435,2,0.9727,0.0546,0.75,-3.1714,2.8286,0.0,88.59,SUCCESS
2025-12-21T20:16:02.029407+00:00,btc-updown-15m-1766348100,TRADE,DOWN,ACCUM,2,2,0.4902,0.9804,8,0.5377,4,0.4626,4,1.0003,-0.0012,0.5,-2.1518,1.8482,0.0,87.61,SUCCESS
2025-12-21T20:16:45.397429+00:00,btc-updown-15m-1766348100,TRADE,UP,ACCUM,1,1,0.49,0.49,9,0.5324,4,0.4626,4,0.995,0.02,0.56,-2.6418,2.3582,0.0,87.12,SUCCESS
2025-12-21T20:16:50.790722+00:00,btc-updown-15m-1766348100,TRADE,DOWN,ACCUM,1,1,0.45,0.45,9,0.5324,5,0.4601,5,0.9925,0.0376,0.44,-2.0919,1.9081,0.0,86.67,SUCCESS
2025-12-21T20:16:56.233051+00:00,btc-updown-15m-1766348100,TRADE,DOWN,ACCUM,1,1,0.4402,0.4402,9,0.5324,6,0.4568,6,0.9892,0.065,0.33,-1.5321,1.4679,0.0,86.23,SUCCESS
2025-12-21T20:17:01.645724+00:00,btc-updown-15m-1766348100,TRADE,UP,ACCUM,1,1,0.5802,0.5802,10,0.5372,6,0.4568,6,0.994,0.0363,0.4,-2.1123,1.8877,0.0,85.65,SUCCESS
2025-12-21T20:17:01.646133+00:00,btc-updown-15m-1766348100,TRADE,DOWN,ACCUM,1,1,0.4399,0.4399,10,0.5372,7,0.4544,7,0.9915,0.0592,0.3,-1.5522,1.4478,0.0,85.21,SUCCESS
2025-12-21T20:17:07.034290+00:00,btc-updown-15m-1766348100,TRADE,DOWN,ACCUM,1,1,0.4501,0.4501,10,0.5372,8,0.4538,8,0.991,0.072,0.2,-1.0023,0.9977,0.0,84.76,SUCCESS
2025-12-21T20:17:12.487125+00:00,btc-updown-15m-1766348100,TRADE,UP,ACCUM,1,1,0.5602,0.5602,11,0.5393,8,0.4538,8,0.9931,0.0552,0.27,-1.5626,1.4374,0.0,84.2,SUCCESS
2025-12-21T20:17:12.487303+00:00,btc-updown-15m-1766348100,TRADE,DOWN,ACCUM,1,1,0.45,0.45,11,0.5393,9,0.4534,9,0.9927,0.0659,0.18,-1.0126,0.9874,0.0,83.75,SUCCESS
2025-12-21T20:17:23.273317+00:00,btc-updown-15m-1766348100,TRADE,UP,ACCUM,1,1,0.52,0.52,12,0.5377,9,0.4534,9,0.9911,0.0804,0.25,-1.5326,1.4674,0.0,83.23,SUCCESS
2025-12-21T20:17:28.651387+00:00,btc-updown-15m-1766348100,TRADE,UP,ACCUM,1,1,0.5102,0.5102,13,0.5355,9,0.4534,9,0.989,0.0994,0.31,-2.0428,1.9572,0.0,82.72,SUCCESS
2025-12-21T20:17:39.501887+00:00,btc-updown-15m-1766348100,TRADE,UP,ACCUM,1,1,0.4901,0.4901,14,0.5323,9,0.4534,9,0.9857,0.1286,0.36,-2.5329,2.4671,0.0,82.23,SUCCESS
2025-12-21T20:17:45.083052+00:00,btc-updown-15m-1766348100,TRADE,UP,ACCUM,1,1,0.4801,0.4801,15,0.5288,9,0.4534,9,0.9822,0.1599,0.4,-3.0129,2.9871,0.0,81.75,SUCCESS
2025-12-21T20:17:45.083264+00:00,btc-updown-15m-1766348100,TRADE,DOWN,ACCUM,1,1,0.5302,0.5302,15,0.5288,10,0.4611,10,0.9899,0.1009,0.33,-2.5431,2.4569,0.0,81.22,SUCCESS
2025-12-21T20:17:55.871312+00:00,btc-updown-15m-1766348100,TRADE,DOWN,ACCUM,1,1,0.4901,0.4901,15,0.5288,11,0.4637,11,0.9925,0.082,0.27,-2.0333,1.9667,0.0,80.73,SUCCESS
2025-12-21T20:18:01.277606+00:00,btc-updown-15m-1766348100,TRADE,DOWN,ACCUM,1,1,0.4902,0.4902,15,0.5288,12,0.4659,12,0.9948,0.063,0.2,-1.5234,1.4766,0.0,80.24,SUCCESS
2025-12-21T20:18:22.867125+00:00,btc-updown-15m-1766348100,TRADE,DOWN,ACCUM,1,1,0.4502,0.4502,15,0.5288,13,0.4647,13,0.9935,0.084,0.13,-0.9736,1.0264,0.0,79.79,SUCCESS
2025-12-21T20:18:33.737280+00:00,btc-updown-15m-1766348100,TRADE,DOWN,ACCUM,1,1,0.4802,0.4802,15,0.5288,14,0.4658,14,0.9946,0.075,0.07,-0.4538,0.5462,0.0,79.31,SUCCESS
2025-12-21T20:18:39.148238+00:00,btc-updown-15m-1766348100,TRADE,DOWN,ACCUM,1,1,0.45,0.45,15,0.5288,15,0.4648,15,0.9936,0.0962,0.0,0.0962,0.0962,0.0,78.86,SUCCESS
2025-12-21T20:30:02.267311+00:00,btc-updown-15m-1766348100,RESOLUTION,DOWN,MARKET_END,30,30,1.0,14.9038,15,0.5288,15,0.4648,15,0.9936,0.0962,0.0,0.0,0.0,0.0962,93.86,RESOLVED
2025-12-21T20:30:10.457927+00:00,btc-updown-15m-1766349000,TRADE,DOWN,ACCUM,1,1,0.4301,0.4301,0,0.0,1,0.4301,0,0.0,0.0,1.0,-0.4301,0.5699,0.0,93.43,SUCCESS
2025-12-21T20:30:15.854093+00:00,btc-updown-15m-1766349000,TRADE,UP,ACCUM,1,1,0.5802,0.5802,1,0.5802,1,0.4301,1,1.0103,-0.0103,0.0,-0.0103,-0.0103,0.0,92.85,SUCCESS
2025-12-21T20:30:15.854302+00:00,btc-updown-15m-1766349000,TRADE,DOWN,ACCUM,1,1,0.4302,0.4302,1,0.5802,2,0.4301,1,1.0104,-0.0104,0.5,-0.4405,0.5595,0.0,92.42,SUCCESS
2025-12-21T20:30:43.103960+00:00,btc-updown-15m-1766349000,TRADE,UP,ACCUM,1,1,0.51,0.51,2,0.5451,2,0.4301,2,0.9753,0.0495,0.0,0.0495,0.0495,0.0,91.91,SUCCESS
2025-12-21T20:30:48.505854+00:00,btc-updown-15m-1766349000,TRADE,UP,ACCUM,1,1,0.5001,0.5001,3,0.5301,2,0.4301,2,0.9602,0.0795,0.33,-0.4506,0.5494,0.0,91.41,SUCCESS
2025-12-21T20:30:53.915586+00:00,btc-updown-15m-1766349000,TRADE,UP,ACCUM,1,1,0.4798,0.4798,4,0.5175,2,0.4301,2,0.9477,0.1047,0.5,-0.9304,1.0696,0.0,90.93,SUCCESS
2025-12-21T20:30:53.916209+00:00,btc-updown-15m-1766349000,TRADE,DOWN,ACCUM,1,1,0.5302,0.5302,4,0.5175,3,0.4635,3,0.981,0.057,0.25,-0.4605,0.5395,0.0,90.4,SUCCESS
2025-12-21T20:31:04.856345+00:00,btc-updown-15m-1766349000,TRADE,UP,ACCUM,1,1,0.4701,0.4701,5,0.508,3,0.4635,3,0.9715,0.0855,0.4,-0.9306,1.0694,0.0,89.93,SUCCESS
2025-12-21T20:31:10.294105+00:00,btc-updown-15m-1766349000,TRADE,UP,ACCUM,1,1,0.4602,0.4602,6,0.5001,3,0.4635,3,0.9635,0.1094,0.5,-1.3908,1.6092,0.0,89.47,SUCCESS
2025-12-21T20:31:10.295246+00:00,btc-updown-15m-1766349000,TRADE,DOWN,ACCUM,1,1,0.5503,0.5503,6,0.5001,4,0.4852,4,0.9852,0.0591,0.33,-0.9411,1.0589,0.0,88.92,SUCCESS
2025-12-21T20:31:15.701279+00:00,btc-updown-15m-1766349000,TRADE,UP,ACCUM,1,1,0.4601,0.4601,7,0.4944,4,0.4852,4,0.9795,0.0819,0.43,-1.4012,1.5988,0.0,88.46,SUCCESS
2025-12-21T20:31:21.096474+00:00,btc-updown-15m-1766349000,TRADE,UP,ACCUM,1,1,0.4702,0.4702,8,0.4913,4,0.4852,4,0.9765,0.094,0.5,-1.8714,2.1286,0.0,87.99,SUCCESS
2025-12-21T20:31:21.096827+00:00,btc-updown-15m-1766349000,TRADE,DOWN,ACCUM,1,1,0.5502,0.5502,8,0.4913,5,0.4982,5,0.9895,0.0524,0.38,-1.4216,1.5784,0.0,87.44,SUCCESS
2025-12-21T20:31:26.485588+00:00,btc-updown-15m-1766349000,TRADE,UP,ACCUM,1,1,0.4602,0.4602,9,0.4879,5,0.4982,5,0.9861,0.0697,0.44,-1.8818,2.1182,0.0,86.98,SUCCESS
2025-12-21T20:31:31.878113+00:00,btc-updown-15m-1766349000,TRADE,UP,ACCUM,1,1,0.5501,0.5501,10,0.4941,5,0.4982,5,0.9923,0.0386,0.5,-2.4318,2.5682,0.0,86.43,SUCCESS
2025-12-21T20:31:31.879197+00:00,btc-updown-15m-1766349000,TRADE,DOWN,ACCUM,1,1,0.4502,0.4502,10,0.4941,6,0.4902,6,0.9843,0.0943,0.4,-1.8821,2.1179,0.0,85.98,SUCCESS
2025-12-21T20:31:37.249387+00:00,btc-updown-15m-1766349000,TRADE,DOWN,ACCUM,1,1,0.5,0.5,10,0.4941,7,0.4916,7,0.9857,0.1002,0.3,-1.3821,1.6179,0.0,85.48,SUCCESS
2025-12-21T20:31:42.663244+00:00,btc-updown-15m-1766349000,TRADE,UP,ACCUM,1,1,0.5201,0.5201,11,0.4965,7,0.4916,7,0.9881,0.0836,0.36,-1.9022,2.0978,0.0,84.96,SUCCESS
2025-12-21T20:31:42.664791+00:00,btc-updown-15m-1766349000,TRADE,DOWN,ACCUM,1,1,0.5002,0.5002,11,0.4965,8,0.4927,8,0.9891,0.0869,0.27,-1.4024,1.5976,0.0,84.46,SUCCESS
2025-12-21T20:31:48.054943+00:00,btc-updown-15m-1766349000,TRADE,UP,ACCUM,1,1,0.5101,0.5101,12,0.4976,8,0.4927,8,0.9903,0.0778,0.33,-1.9126,2.0874,0.0,83.95,SUCCESS
2025-12-21T20:31:48.055165+00:00,btc-updown-15m-1766349000,TRADE,DOWN,ACCUM,1,1,0.5001,0.5001,12,0.4976,9,0.4935,9,0.9911,0.0801,0.25,-1.4127,1.5873,0.0,83.45,SUCCESS
2025-12-21T20:31:53.469045+00:00,btc-updown-15m-1766349000,TRADE,UP,ACCUM,1,1,0.4901,0.4901,13,0.497,9,0.4935,9,0.9905,0.0853,0.31,-1.9028,2.0972,0.0,82.96,SUCCESS
2025-12-21T20:31:53.469803+00:00,btc-updown-15m-1766349000,TRADE,DOWN,ACCUM,1,1,0.5201,0.5201,13,0.497,10,0.4962,10,0.9932,0.0682,0.23,-1.4229,1.5771,0.0,82.44,SUCCESS
2025-12-21T20:31:58.891398+00:00,btc-updown-15m-1766349000,TRADE,UP,ACCUM,1,1,0.4802,0.4802,14,0.4958,10,0.4962,10,0.992,0.0802,0.29,-1.9031,2.0969,0.0,81.96,SUCCESS
2025-12-21T20:32:04.287478+00:00,btc-updown-15m-1766349000,TRADE,UP,ACCUM,1,1,0.4601,0.4601,15,0.4934,10,0.4962,10,0.9896,0.104,0.33,-2.3632,2.6368,0.0,81.5,SUCCESS
2025-12-21T20:32:09.784093+00:00,btc-updown-15m-1766349000,TRADE,DOWN,ACCUM,1,1,0.5502,0.5502,15,0.4934,11,0.5011,11,0.9945,0.0603,0.27,-1.9135,2.0865,0.0,80.95,SUCCESS
2025-12-21T20:33:31.274646+00:00,btc-updown-15m-1766349000,TRADE,DOWN,ACCUM,1,1,0.5002,0.5002,15,0.4934,12,0.501,12,0.9944,0.0667,0.2,-1.4137,1.5863,0.0,80.45,SUCCESS
2025-12-21T20:33:42.152311+00:00,btc-updown-15m-1766349000,TRADE,DOWN,ACCUM,1,1,0.3801,0.3801,15,0.4934,13,0.4917,13,0.9851,0.1931,0.13,-0.7938,1.2062,0.0,80.07,SUCCESS
2025-12-21T20:33:47.590303+00:00,btc-updown-15m-1766349000,TRADE,DOWN,ACCUM,1,1,0.37,0.37,15,0.4934,14,0.483,14,0.9765,0.3296,0.07,-0.1639,0.8361,0.0,79.7,SUCCESS
2025-12-21T20:33:53.002656+00:00,btc-updown-15m-1766349000,TRADE,DOWN,ACCUM,1,1,0.3901,0.3901,15,0.4934,15,0.4768,15,0.9703,0.446,0.0,0.446,0.446,0.0,79.31,SUCCESS
2025-12-21T20:45:02.115859+00:00,btc-updown-15m-1766349000,RESOLUTION,DOWN,MARKET_END,30,30,1.0,14.554,15,0.4934,15,0.4768,15,0.9703,0.446,0.0,0.0,0.0,0.446,94.31,RESOLVED
2025-12-21T20:45:10.021380+00:00,btc-updown-15m-1766349900,TRADE,UP,ACCUM,1,1,0.5101,0.5101,1,0.5101,0,0.0,0,0.0,0.0,1.0,-0.5101,0.4899,0.0,93.8,SUCCESS
2025-12-21T20:45:10.021581+00:00,btc-updown-15m-1766349900,TRADE,DOWN,ACCUM,1,1,0.5001,0.5001,1,0.5101,1,0.5001,1,1.0103,-0.0103,0.0,-0.0103,-0.0103,0.0,93.3,SUCCESS
2025-12-21T20:46:31.429743+00:00,btc-updown-15m-1766349900,TRADE,UP,ACCUM,1,1,0.45,0.45,2,0.4801,1,0.5001,1,0.9802,0.0198,0.5,-0.4603,0.5397,0.0,92.85,SUCCESS
2025-12-21T20:46:36.914638+00:00,btc-updown-15m-1766349900,TRADE,UP,ACCUM,1,1,0.5,0.5,3,0.4867,1,0.5001,1,0.9869,0.0131,0.67,-0.9603,1.0397,0.0,92.35,SUCCESS
2025-12-21T20:46:36.914959+00:00,btc-updown-15m-1766349900,TRADE,DOWN,ACCUM,1,1,0.5203,0.5203,3,0.4867,2,0.5102,2,0.9969,0.0062,0.33,-0.4806,0.5194,0.0,91.83,SUCCESS
2025-12-21T20:46:47.931245+00:00,btc-updown-15m-1766349900,TRADE,UP,ACCUM,1,1,0.4702,0.4702,4,0.4826,2,0.5102,2,0.9928,0.0144,0.5,-0.9508,1.0492,0.0,91.35,SUCCESS
2025-12-21T20:46:53.322989+00:00,btc-updown-15m-1766349900,TRADE,UP,ACCUM,1,1,0.4801,0.4801,5,0.4821,2,0.5102,2,0.9923,0.0154,0.6,-1.4309,1.5691,0.0,90.87,SUCCESS
2025-12-21T20:46:58.704657+00:00,btc-updown-15m-1766349900,TRADE,UP,ACCUM,1,1,0.4802,0.4802,6,0.4818,2,0.5102,2,0.992,0.016,0.67,-1.9111,2.0889,0.0,90.39,SUCCESS
2025-12-21T20:47:04.084480+00:00,btc-updown-15m-1766349900,TRADE,UP,ACCUM,1,1,0.4601,0.4601,7,0.4787,2,0.5102,2,0.9889,0.0222,0.71,-2.3712,2.6288,0.0,89.93,SUCCESS
2025-12-21T20:47:09.487636+00:00,btc-updown-15m-1766349900,TRADE,UP,ACCUM,1,1,0.4502,0.4502,8,0.4751,2,0.5102,2,0.9853,0.0294,0.75,-2.8214,3.1786,0.0,89.48,SUCCESS
2025-12-21T20:47:47.357060+00:00,btc-updown-15m-1766349900,TRADE,DOWN,ACCUM,2,2,0.5501,1.1002,8,0.4751,4,0.5301,4,1.0053,-0.0211,0.5,-1.9216,2.0784,0.0,88.38,SUCCESS
2025-12-21T20:48:03.649893+00:00,btc-updown-15m-1766349900,TRADE,DOWN,ACCUM,1,1,0.4699,0.4699,8,0.4751,5,0.5181,5,0.9932,0.0339,0.38,-1.3915,1.6085,0.0,87.91,SUCCESS
2025-12-21T20:48:09.066398+00:00,btc-updown-15m-1766349900,TRADE,DOWN,ACCUM,1,1,0.4801,0.4801,8,0.4751,6,0.5118,6,0.9869,0.0787,0.25,-0.8716,1.1284,0.0,87.43,SUCCESS
2025-12-21T20:48:14.482959+00:00,btc-updown-15m-1766349900,TRADE,UP,ACCUM,1,1,0.4401,0.4401,9,0.4712,6,0.5118,6,0.983,0.102,0.33,-1.3116,1.6884,0.0,86.99,SUCCESS
2025-12-21T20:48:20.036398+00:00,btc-updown-15m-1766349900,TRADE,UP,ACCUM,1,1,0.4301,0.4301,10,0.4671,6,0.5118,6,0.9789,0.1267,0.4,-1.7417,2.2583,0.0,86.56,SUCCESS
2025-12-21T20:48:20.036603+00:00,btc-updown-15m-1766349900,TRADE,DOWN,ACCUM,1,1,0.59,0.59,10,0.4671,7,0.5229,7,0.9901,0.0696,0.3,-1.3318,1.6682,0.0,85.97,SUCCESS
2025-12-21T20:48:30.829009+00:00,btc-updown-15m-1766349900,TRADE,UP,ACCUM,1,1,0.5001,0.5001,11,0.4701,7,0.5229,7,0.9931,0.0486,0.36,-1.8318,2.1682,0.0,85.47,SUCCESS
2025-12-21T20:48:30.829905+00:00,btc-updown-15m-1766349900,TRADE,DOWN,ACCUM,1,1,0.5202,0.5202,11,0.4701,8,0.5226,8,0.9927,0.0583,0.27,-1.352,1.648,0.0,84.95,SUCCESS
2025-12-21T20:48:36.334953+00:00,btc-updown-15m-1766349900,TRADE,DOWN,ACCUM,1,1,0.5103,0.5103,11,0.4701,9,0.5212,9,0.9913,0.0779,0.18,-0.8623,1.1377,0.0,84.44,SUCCESS
2025-12-21T20:48:41.742297+00:00,btc-updown-15m-1766349900,TRADE,DOWN,ACCUM,1,1,0.49,0.49,11,0.4701,10,0.5181,10,0.9882,0.1178,0.09,-0.3523,0.6477,0.0,83.95,SUCCESS
2025-12-21T20:48:47.139334+00:00,btc-updown-15m-1766349900,TRADE,UP,ACCUM,1,1,0.51,0.51,12,0.4734,10,0.5181,10,0.9915,0.0845,0.17,-0.8623,1.1377,0.0,83.44,SUCCESS
2025-12-21T20:48:52.530354+00:00,btc-updown-15m-1766349900,TRADE,UP,ACCUM,1,1,0.5,0.5,13,0.4755,10,0.5181,10,0.9936,0.0641,0.23,-1.3624,1.6376,0.0,82.94,SUCCESS
2025-12-21T20:48:52.530594+00:00,btc-updown-15m-1766349900,TRADE,DOWN,ACCUM,1,1,0.51,0.51,13,0.4755,11,0.5174,11,0.9929,0.0785,0.15,-0.8724,1.1276,0.0,82.43,SUCCESS
2025-12-21T20:48:57.929754+00:00,btc-updown-15m-1766349900,TRADE,UP,ACCUM,1,1,0.4902,0.4902,14,0.4765,11,0.5174,11,0.9939,0.067,0.21,-1.3626,1.6374,0.0,81.94,SUCCESS
2025-12-21T20:49:03.468352+00:00,btc-updown-15m-1766349900,TRADE,UP,ACCUM,1,1,0.49,0.49,15,0.4774,11,0.5174,11,0.9948,0.0571,0.27,-1.8526,2.1474,0.0,81.45,SUCCESS
2025-12-21T20:49:03.469199+00:00,btc-updown-15m-1766349900,TRADE,DOWN,ACCUM,1,1,0.5301,0.5301,15,0.4774,12,0.5184,12,0.9959,0.0496,0.2,-1.3827,1.6173,0.0,80.92,SUCCESS
2025-12-21T20:49:41.255437+00:00,btc-updown-15m-1766349900,TRADE,DOWN,ACCUM,1,1,0.46,0.46,15,0.4774,13,0.5139,13,0.9914,0.1122,0.13,-0.8427,1.1573,0.0,80.46,SUCCESS
2025-12-21T20:49:46.645972+00:00,btc-updown-15m-1766349900,TRADE,DOWN,ACCUM,1,1,0.4598,0.4598,15,0.4774,14,0.5101,14,0.9875,0.1749,0.07,-0.3025,0.6975,0.0,80.0,SUCCESS
2025-12-21T20:49:57.464962+00:00,btc-updown-15m-1766349900,TRADE,DOWN,ACCUM,1,1,0.5201,0.5201,15,0.4774,15,0.5107,15,0.9882,0.1774,0.0,0.1774,0.1774,0.0,79.48,SUCCESS
2025-12-21T21:00:00.297332+00:00,btc-updown-15m-1766349900,RESOLUTION,DOWN,MARKET_END,30,30,1.0,14.8226,15,0.4774,15,0.5107,15,0.9882,0.1774,0.0,0.0,0.0,0.1774,94.48,RESOLVED
2025-12-21T21:00:08.061918+00:00,btc-updown-15m-1766350800,TRADE,UP,ACCUM,1,1,0.5502,0.5502,1,0.5502,0,0.0,0,0.0,0.0,1.0,-0.5502,0.4498,0.0,93.93,SUCCESS
2025-12-21T21:00:08.062179+00:00,btc-updown-15m-1766350800,TRADE,DOWN,ACCUM,1,1,0.4602,0.4602,1,0.5502,1,0.4602,1,1.0104,-0.0104,0.0,-0.0104,-0.0104,0.0,93.47,SUCCESS
2025-12-21T21:00:18.889905+00:00,btc-updown-15m-1766350800,TRADE,UP,ACCUM,1,1,0.51,0.51,2,0.5301,1,0.4602,1,0.9903,0.0097,0.5,-0.5205,0.4795,0.0,92.96,SUCCESS
2025-12-21T21:00:24.306291+00:00,btc-updown-15m-1766350800,TRADE,UP,ACCUM,1,1,0.5101,0.5101,3,0.5235,1,0.4602,1,0.9837,0.0163,0.67,-1.0306,0.9694,0.0,92.45,SUCCESS
2025-12-21T21:00:29.735826+00:00,btc-updown-15m-1766350800,TRADE,UP,ACCUM,1,1,0.5201,0.5201,4,0.5226,1,0.4602,1,0.9828,0.0172,0.75,-1.5507,1.4493,0.0,91.93,SUCCESS
2025-12-21T21:00:35.124353+00:00,btc-updown-15m-1766350800,TRADE,UP,ACCUM,1,1,0.49,0.49,5,0.5161,1,0.4602,1,0.9763,0.0237,0.8,-2.0407,1.9593,0.0,91.44,SUCCESS
2025-12-21T21:00:40.631523+00:00,btc-updown-15m-1766350800,TRADE,UP,ACCUM,1,1,0.4902,0.4902,6,0.5118,1,0.4602,1,0.972,0.028,0.83,-2.5309,2.4691,0.0,90.95,SUCCESS
2025-12-21T21:00:46.018769+00:00,btc-updown-15m-1766350800,TRADE,UP,ACCUM,1,1,0.5,0.5,7,0.5101,1,0.4602,1,0.9703,0.0297,0.86,-3.0309,2.9691,0.0,90.45,SUCCESS
2025-12-21T21:00:51.414570+00:00,btc-updown-15m-1766350800,TRADE,DOWN,ACCUM,2,2,0.51,1.0201,7,0.5101,3,0.4934,3,1.0035,-0.0106,0.57,-2.0509,1.9491,0.0,89.43,SUCCESS
2025-12-21T21:01:02.218647+00:00,btc-updown-15m-1766350800,TRADE,UP,ACCUM,1,1,0.3901,0.3901,8,0.4951,3,0.4934,3,0.9885,0.0344,0.62,-2.441,2.559,0.0,89.04,SUCCESS
2025-12-21T21:01:07.660657+00:00,btc-updown-15m-1766350800,TRADE,UP,ACCUM,1,1,0.4001,0.4001,9,0.4845,3,0.4934,3,0.978,0.0661,0.67,-2.8411,3.1589,0.0,88.64,SUCCESS
2025-12-21T21:04:45.338393+00:00,btc-updown-15m-1766350800,TRADE,DOWN,ACCUM,2,2,0.56,1.1201,9,0.4845,5,0.5201,5,1.0046,-0.023,0.44,-1.9611,2.0389,0.0,87.52,SUCCESS
2025-12-21T21:04:50.764633+00:00,btc-updown-15m-1766350800,TRADE,DOWN,ACCUM,1,1,0.4101,0.4101,9,0.4845,6,0.5017,6,0.9863,0.0823,0.33,-1.3712,1.6288,0.0,87.11,SUCCESS
2025-12-21T21:04:56.183068+00:00,btc-updown-15m-1766350800,TRADE,DOWN,ACCUM,1,1,0.4202,0.4202,9,0.4845,7,0.4901,7,0.9746,0.1777,0.22,-0.7914,1.2086,0.0,86.69,SUCCESS
2025-12-21T21:05:01.574927+00:00,btc-updown-15m-1766350800,TRADE,UP,ACCUM,1,1,0.6499,0.6499,10,0.5011,7,0.4901,7,0.9912,0.0619,0.3,-1.4413,1.5587,0.0,86.04,SUCCESS
2025-12-21T21:05:01.575320+00:00,btc-updown-15m-1766350800,TRADE,DOWN,ACCUM,1,1,0.3602,0.3602,10,0.5011,8,0.4738,8,0.9749,0.2007,0.2,-0.8015,1.1985,0.0,85.68,SUCCESS
2025-12-21T21:05:06.984393+00:00,btc-updown-15m-1766350800,TRADE,UP,ACCUM,1,1,0.5501,0.5501,11,0.5055,8,0.4738,8,0.9794,0.165,0.27,-1.3516,1.6484,0.0,85.13,SUCCESS
2025-12-21T21:05:06.984625+00:00,btc-updown-15m-1766350800,TRADE,DOWN,ACCUM,1,1,0.4701,0.4701,11,0.5055,9,0.4734,9,0.979,0.1894,0.18,-0.8216,1.1784,0.0,84.66,SUCCESS
2025-12-21T21:05:12.370499+00:00,btc-updown-15m-1766350800,TRADE,DOWN,ACCUM,1,1,0.4802,0.4802,11,0.5055,10,0.4741,10,0.9796,0.2037,0.09,-0.3018,0.6982,0.0,84.18,SUCCESS
2025-12-21T21:05:17.896912+00:00,btc-updown-15m-1766350800,TRADE,UP,ACCUM,1,1,0.5402,0.5402,12,0.5084,10,0.4741,10,0.9825,0.1748,0.17,-0.842,1.158,0.0,83.64,SUCCESS
2025-12-21T21:05:17.898714+00:00,btc-updown-15m-1766350800,TRADE,DOWN,ACCUM,1,1,0.4801,0.4801,12,0.5084,11,0.4746,11,0.9831,0.1863,0.08,-0.3221,0.6779,0.0,83.16,SUCCESS
2025-12-21T21:05:23.386260+00:00,btc-updown-15m-1766350800,TRADE,UP,ACCUM,1,1,0.4701,0.4701,13,0.5055,11,0.4746,11,0.9801,0.2187,0.15,-0.7922,1.2078,0.0,82.69,SUCCESS
2025-12-21T21:05:23.386557+00:00,btc-updown-15m-1766350800,TRADE,DOWN,ACCUM,1,1,0.5401,0.5401,13,0.5055,12,0.4801,12,0.9856,0.1731,0.08,-0.3323,0.6677,0.0,82.15,SUCCESS
2025-12-21T21:05:28.774205+00:00,btc-updown-15m-1766350800,TRADE,UP,ACCUM,1,1,0.4801,0.4801,14,0.5037,12,0.4801,12,0.9838,0.1949,0.14,-0.8125,1.1875,0.0,81.67,SUCCESS
2025-12-21T21:05:28.775060+00:00,btc-updown-15m-1766350800,TRADE,DOWN,ACCUM,1,1,0.5303,0.5303,14,0.5037,13,0.484,13,0.9876,0.1609,0.07,-0.3427,0.6573,0.0,81.14,SUCCESS
2025-12-21T21:05:34.200084+00:00,btc-updown-15m-1766350800,TRADE,UP,ACCUM,1,1,0.4902,0.4902,15,0.5028,13,0.484,13,0.9867,0.1726,0.13,-0.8329,1.1671,0.0,80.65,SUCCESS
2025-12-21T21:05:34.200387+00:00,btc-updown-15m-1766350800,TRADE,DOWN,ACCUM,1,1,0.5402,0.5402,15,0.5028,14,0.488,14,0.9907,0.1296,0.07,-0.3731,0.6269,0.0,80.11,SUCCESS
2025-12-21T21:05:39.602524+00:00,btc-updown-15m-1766350800,TRADE,DOWN,ACCUM,1,1,0.5102,0.5102,15,0.5028,15,0.4895,15,0.9922,0.1167,0.0,0.1167,0.1167,0.0,79.6,SUCCESS
2025-12-21T21:15:03.532088+00:00,btc-updown-15m-1766350800,RESOLUTION,UP,MARKET_END,30,30,1.0,14.8833,15,0.5028,15,0.4895,15,0.9922,0.1167,0.0,0.0,0.0,0.1155,94.6,RESOLVED
2025-12-21T21:15:11.557513+00:00,btc-updown-15m-1766351700,TRADE,DOWN,ACCUM,1,1,0.5001,0.5001,0,0.0,1,0.5001,0,0.0,0.0,1.0,-0.5001,0.4999,0.0,94.1,SUCCESS
2025-12-21T21:15:16.977264+00:00,btc-updown-15m-1766351700,TRADE,UP,ACCUM,1,1,0.5102,0.5102,1,0.5102,1,0.5001,1,1.0103,-0.0103,0.0,-0.0103,-0.0103,0.0,93.59,SUCCESS
2025-12-21T21:15:16.977569+00:00,btc-updown-15m-1766351700,TRADE,DOWN,ACCUM,1,1,0.5001,0.5001,1,0.5102,2,0.5001,1,1.0103,-0.0103,0.5,-0.5104,0.4896,0.0,93.09,SUCCESS
2025-12-21T21:16:00.444159+00:00,btc-updown-15m-1766351700,TRADE,DOWN,ACCUM,1,1,0.25,0.25,1,0.5102,3,0.4167,1,0.927,0.073,0.67,-0.7605,1.2395,0.0,92.84,SUCCESS
2025-12-21T21:16:05.843166+00:00,btc-updown-15m-1766351700,TRADE,DOWN,ACCUM,1,1,0.3101,0.3101,1,0.5102,4,0.3901,1,0.9003,0.0997,0.75,-1.0706,1.9294,0.0,92.53,SUCCESS
2025-12-21T21:16:11.249077+00:00,btc-updown-15m-1766351700,TRADE,DOWN,ACCUM,1,1,0.31,0.31,1,0.5102,5,0.3741,1,0.8843,0.1157,0.8,-1.3806,2.6194,0.0,92.22,SUCCESS
2025-12-21T21:16:16.815557+00:00,btc-updown-15m-1766351700,TRADE,DOWN,ACCUM,1,1,0.3101,0.3101,1,0.5102,6,0.3634,1,0.8736,0.1264,0.83,-1.6907,3.3093,0.0,91.91,SUCCESS
2025-12-21T21:16:22.321253+00:00,btc-updown-15m-1766351700,TRADE,DOWN,ACCUM,1,1,0.31,0.31,1,0.5102,7,0.3558,1,0.866,0.134,0.86,-2.0007,3.9993,0.0,91.6,SUCCESS
2025-12-21T21:16:33.342235+00:00,btc-updown-15m-1766351700,TRADE,UP,ACCUM,2,2,0.7397,1.4794,3,0.6632,7,0.3558,3,1.019,-0.0569,0.57,-1.4801,2.5199,0.0,90.12,SUCCESS
2025-12-21T21:18:43.797923+00:00,btc-updown-15m-1766351700,TRADE,DOWN,ACCUM,1,1,0.15,0.15,3,0.6632,8,0.3301,3,0.9933,0.0202,0.62,-1.6301,3.3699,0.0,89.97,SUCCESS
2025-12-21T21:18:49.301013+00:00,btc-updown-15m-1766351700,TRADE,DOWN,ACCUM,1,1,0.15,0.15,3,0.6632,9,0.3101,3,0.9733,0.0802,0.67,-1.7801,4.2199,0.0,89.82,SUCCESS
2025-12-21T21:30:02.065247+00:00,btc-updown-15m-1766351700,RESOLUTION,UP,MARKET_END,12,12,1.0,4.7801,3,0.6632,9,0.3101,3,0.9733,0.0802,0.67,0.0,0.0,-1.7801,92.82,RESOLVED
2025-12-21T21:30:10.920729+00:00,btc-updown-15m-1766352600,TRADE,UP,ACCUM,1,1,0.4901,0.4901,1,0.4901,0,0.0,0,0.0,0.0,1.0,-0.4901,0.5099,0.0,92.33,SUCCESS
2025-12-21T21:30:10.921574+00:00,btc-updown-15m-1766352600,TRADE,DOWN,ACCUM,1,1,0.5203,0.5203,1,0.4901,1,0.5203,1,1.0103,-0.0103,0.0,-0.0103,-0.0103,0.0,91.81,SUCCESS
2025-12-21T21:31:10.634652+00:00,btc-updown-15m-1766352600,TRADE,DOWN,ACCUM,1,1,0.4402,0.4402,1,0.4901,2,0.4802,1,0.9703,0.0297,0.5,-0.4505,0.5495,0.0,91.37,SUCCESS
2025-12-21T21:31:16.055487+00:00,btc-updown-15m-1766352600,TRADE,DOWN,ACCUM,1,1,0.43,0.43,1,0.4901,3,0.4635,1,0.9536,0.0464,0.67,-0.8806,1.1194,0.0,90.94,SUCCESS
2025-12-21T21:31:26.965204+00:00,btc-updown-15m-1766352600,TRADE,DOWN,ACCUM,1,1,0.3901,0.3901,1,0.4901,4,0.4452,1,0.9352,0.0648,0.75,-1.2707,1.7293,0.0,90.55,SUCCESS
2025-12-21T21:31:32.381944+00:00,btc-updown-15m-1766352600,TRADE,UP,ACCUM,1,1,0.6,0.6,2,0.5451,4,0.4452,2,0.9902,0.0196,0.5,-0.8707,1.1293,0.0,89.95,SUCCESS
2025-12-21T21:31:32.382151+00:00,btc-updown-15m-1766352600,TRADE,DOWN,ACCUM,1,1,0.4101,0.4101,2,0.5451,5,0.4381,2,0.9832,0.0336,0.6,-1.2808,1.7192,0.0,89.54,SUCCESS
2025-12-21T21:31:37.798114+00:00,btc-updown-15m-1766352600,TRADE,UP,ACCUM,1,1,0.53,0.53,3,0.54,5,0.4381,3,0.9782,0.0655,0.4,-0.8108,1.1892,0.0,89.01,SUCCESS
2025-12-21T21:31:37.798254+00:00,btc-updown-15m-1766352600,TRADE,DOWN,ACCUM,1,1,0.4802,0.4802,3,0.54,6,0.4451,3,0.9852,0.0445,0.5,-1.291,1.709,0.0,88.53,SUCCESS
2025-12-21T21:31:43.174682+00:00,btc-updown-15m-1766352600,TRADE,UP,ACCUM,1,1,0.5501,0.5501,4,0.5426,6,0.4451,4,0.9877,0.0492,0.33,-0.8411,1.1589,0.0,87.98,SUCCESS
2025-12-21T21:31:43.174953+00:00,btc-updown-15m-1766352600,TRADE,DOWN,ACCUM,1,1,0.4701,0.4701,4,0.5426,7,0.4487,4,0.9913,0.0349,0.43,-1.3112,1.6888,0.0,87.51,SUCCESS
2025-12-21T21:31:48.570864+00:00,btc-updown-15m-1766352600,TRADE,UP,ACCUM,1,1,0.5502,0.5502,5,0.5441,7,0.4487,5,0.9928,0.036,0.29,-0.8614,1.1386,0.0,86.96,SUCCESS
2025-12-21T21:31:48.571225+00:00,btc-updown-15m-1766352600,TRADE,DOWN,ACCUM,1,1,0.4701,0.4701,5,0.5441,8,0.4514,5,0.9955,0.0227,0.38,-1.3315,1.6685,0.0,86.49,SUCCESS
2025-12-21T21:31:59.375096+00:00,btc-updown-15m-1766352600,TRADE,UP,ACCUM,1,1,0.5401,0.5401,6,0.5434,8,0.4514,6,0.9948,0.0312,0.25,-0.8716,1.1284,0.0,85.95,SUCCESS
2025-12-21T21:32:26.774206+00:00,btc-updown-15m-1766352600,TRADE,UP,ACCUM,1,1,0.5401,0.5401,7,0.543,8,0.4514,7,0.9943,0.0397,0.12,-0.4117,0.5883,0.0,85.41,SUCCESS
2025-12-21T21:32:32.175173+00:00,btc-updown-15m-1766352600,TRADE,DOWN,ACCUM,1,1,0.3801,0.3801,7,0.543,9,0.4435,7,0.9864,0.0951,0.22,-0.7918,1.2082,0.0,85.03,SUCCESS
2025-12-21T21:32:37.691293+00:00,btc-updown-15m-1766352600,TRADE,DOWN,ACCUM,1,1,0.3702,0.3702,7,0.543,10,0.4361,7,0.9791,0.1464,0.3,-1.162,1.838,0.0,84.66,SUCCESS
2025-12-21T21:32:43.144816+00:00,btc-updown-15m-1766352600,TRADE,UP,ACCUM,1,1,0.6302,0.6302,8,0.5539,10,0.4361,8,0.99,0.0801,0.2,-0.7922,1.2078,0.0,84.03,SUCCESS
2025-12-21T21:32:43.145273+00:00,btc-updown-15m-1766352600,TRADE,DOWN,ACCUM,1,1,0.3801,0.3801,8,0.5539,11,0.431,8,0.9849,0.1208,0.27,-1.1723,1.8277,0.0,83.65,SUCCESS
2025-12-21T21:32:59.376653+00:00,btc-updown-15m-1766352600,TRADE,UP,ACCUM,1,1,0.5702,0.5702,9,0.5557,11,0.431,9,0.9867,0.1196,0.18,-0.7425,1.2575,0.0,83.08,SUCCESS
2025-12-21T21:32:59.376997+00:00,btc-updown-15m-1766352600,TRADE,DOWN,ACCUM,1,1,0.44,0.44,9,0.5557,12,0.4318,9,0.9875,0.1129,0.25,-1.1825,1.8175,0.0,82.64,SUCCESS
2025-12-21T21:33:04.812892+00:00,btc-updown-15m-1766352600,TRADE,UP,ACCUM,1,1,0.6202,0.6202,10,0.5621,12,0.4318,10,0.9939,0.0609,0.17,-0.8027,1.1973,0.0,82.02,SUCCESS
2025-12-21T21:33:10.247594+00:00,btc-updown-15m-1766352600,TRADE,DOWN,ACCUM,1,1,0.39,0.39,10,0.5621,13,0.4286,10,0.9907,0.093,0.23,-1.1927,1.8073,0.0,81.63,SUCCESS
2025-12-21T21:33:15.638285+00:00,btc-updown-15m-1766352600,TRADE,DOWN,ACCUM,1,1,0.39,0.39,10,0.5621,14,0.4258,10,0.9879,0.1205,0.29,-1.5827,2.4173,0.0,81.24,SUCCESS
2025-12-21T21:33:21.020205+00:00,btc-updown-15m-1766352600,TRADE,UP,ACCUM,1,1,0.6301,0.6301,11,0.5683,14,0.4258,11,0.9941,0.0646,0.21,-1.2129,1.7871,0.0,80.61,SUCCESS
2025-12-21T21:33:21.020394+00:00,btc-updown-15m-1766352600,TRADE,DOWN,ACCUM,1,1,0.38,0.38,11,0.5683,15,0.4228,11,0.9911,0.0982,0.27,-1.5929,2.4071,0.0,80.23,SUCCESS
2025-12-21T21:35:03.972205+00:00,btc-updown-15m-1766352600,TRADE,UP,ACCUM,1,1,0.5903,0.5903,12,0.5701,15,0.4228,12,0.9929,0.0851,0.2,-1.1832,1.8168,0.0,79.64,SUCCESS
2025-12-21T21:35:09.369289+00:00,btc-updown-15m-1766352600,TRADE,UP,ACCUM,1,1,0.5902,0.5902,13,0.5717,15,0.4228,13,0.9944,0.0722,0.13,-0.7734,1.2266,0.0,79.05,SUCCESS
2025-12-21T21:35:36.740338+00:00,btc-updown-15m-1766352600,TRADE,UP,ACCUM,1,1,0.5202,0.5202,14,0.568,15,0.4228,14,0.9908,0.1292,0.07,-0.2935,0.7065,0.0,78.53,SUCCESS
2025-12-21T21:35:42.253552+00:00,btc-updown-15m-1766352600,TRADE,UP,ACCUM,1,1,0.5402,0.5402,15,0.5661,15,0.4228,15,0.9889,0.1663,0.0,0.1663,0.1663,0.0,77.99,SUCCESS
2025-12-21T21:45:00.601935+00:00,btc-updown-15m-1766352600,RESOLUTION,DOWN,MARKET_END,30,30,1.0,14.8337,15,0.5661,15,0.4228,15,0.9889,0.1663,0.0,0.0,0.0,0.1663,92.99,RESOLVED
2025-12-21T21:45:08.878860+00:00,btc-updown-15m-1766353500,TRADE,UP,ACCUM,1,1,0.5002,0.5002,1,0.5002,0,0.0,0,0.0,0.0,1.0,-0.5002,0.4998,0.0,92.49,SUCCESS
2025-12-21T21:45:08.879050+00:00,btc-updown-15m-1766353500,TRADE,DOWN,ACCUM,1,1,0.5102,0.5102,1,0.5002,1,0.5102,1,1.0104,-0.0104,0.0,-0.0104,-0.0104,0.0,91.98,SUCCESS
2025-12-21T21:45:25.248774+00:00,btc-updown-15m-1766353500,TRADE,DOWN,ACCUM,1,1,0.47,0.47,1,0.5002,2,0.4901,1,0.9903,0.0097,0.5,-0.4805,0.5195,0.0,91.51,SUCCESS
2025-12-21T21:45:30.649378+00:00,btc-updown-15m-1766353500,TRADE,DOWN,ACCUM,1,1,0.4399,0.4399,1,0.5002,3,0.4734,1,0.9736,0.0264,0.67,-0.9204,1.0796,0.0,91.07,SUCCESS
2025-12-21T21:45:36.084361+00:00,btc-updown-15m-1766353500,TRADE,DOWN,ACCUM,1,1,0.3801,0.3801,1,0.5002,4,0.4501,1,0.9503,0.0497,0.75,-1.3005,1.6995,0.0,90.69,SUCCESS
2025-12-21T21:45:41.754437+00:00,btc-updown-15m-1766353500,TRADE,DOWN,ACCUM,1,1,0.4201,0.4201,1,0.5002,5,0.4441,1,0.9443,0.0557,0.8,-1.7206,2.2794,0.0,90.27,SUCCESS
2025-12-21T21:45:47.266025+00:00,btc-updown-15m-1766353500,TRADE,UP,ACCUM,1,1,0.5901,0.5901,2,0.5451,5,0.4441,2,0.9892,0.0216,0.6,-1.3106,1.6894,0.0,89.68,SUCCESS
2025-12-21T21:45:47.266525+00:00,btc-updown-15m-1766353500,TRADE,DOWN,ACCUM,1,1,0.4201,0.4201,2,0.5451,6,0.4401,2,0.9852,0.0296,0.67,-1.7307,2.2693,0.0,89.26,SUCCESS
2025-12-21T21:45:52.649016+00:00,btc-updown-15m-1766353500,TRADE,DOWN,ACCUM,1,1,0.4,0.4,2,0.5451,7,0.4343,2,0.9795,0.041,0.71,-2.1307,2.8693,0.0,88.86,SUCCESS
2025-12-21T21:45:58.077965+00:00,btc-updown-15m-1766353500,TRADE,DOWN,ACCUM,1,1,0.4201,0.4201,2,0.5451,8,0.4326,2,0.9777,0.0446,0.75,-2.5508,3.4492,0.0,88.44,SUCCESS
2025-12-21T21:46:03.481688+00:00,btc-updown-15m-1766353500,TRADE,UP,ACCUM,2,1,0.5902,0.5902,3,0.5601,8,0.4326,3,0.9927,0.0219,0.62,-2.1409,2.8591,0.0,87.85,SUCCESS
2025-12-21T21:46:08.894519+00:00,btc-updown-15m-1766353500,TRADE,DOWN,ACCUM,1,1,0.41,0.41,3,0.5601,9,0.4301,3,0.9902,0.0294,0.67,-2.551,3.449,0.0,87.44,SUCCESS
2025-12-21T21:46:14.315750+00:00,btc-updown-15m-1766353500,TRADE,UP,ACCUM,2,2,0.5101,1.0202,5,0.5401,9,0.4301,5,0.9702,0.1491,0.44,-1.5711,2.4289,0.0,86.41,SUCCESS
2025-12-21T21:46:19.715267+00:00,btc-updown-15m-1766353500,TRADE,UP,ACCUM,1,1,0.5001,0.5001,6,0.5334,9,0.4301,6,0.9635,0.219,0.33,-1.0712,1.9288,0.0,85.91,SUCCESS
2025-12-21T21:46:19.716326+00:00,btc-updown-15m-1766353500,TRADE,DOWN,ACCUM,1,1,0.5202,0.5202,6,0.5334,10,0.4391,6,0.9725,0.1649,0.4,-1.5913,2.4087,0.0,85.39,SUCCESS
2025-12-21T21:46:25.085890+00:00,btc-updown-15m-1766353500,TRADE,UP,ACCUM,1,1,0.5401,0.5401,7,0.5344,10,0.4391,7,0.9735,0.1858,0.3,-1.1314,1.8686,0.0,84.85,SUCCESS
2025-12-21T21:46:25.086072+00:00,btc-updown-15m-1766353500,TRADE,DOWN,ACCUM,1,1,0.4702,0.4702,7,0.5344,11,0.4419,7,0.9763,0.166,0.36,-1.6016,2.3984,0.0,84.38,SUCCESS
2025-12-21T21:46:30.554369+00:00,btc-updown-15m-1766353500,TRADE,UP,ACCUM,1,1,0.53,0.53,8,0.5338,11,0.4419,8,0.9757,0.1941,0.27,-1.1316,1.8684,0.0,83.85,SUCCESS
2025-12-21T21:46:30.554882+00:00,btc-updown-15m-1766353500,TRADE,DOWN,ACCUM,1,1,0.4901,0.4901,8,0.5338,12,0.4459,8,0.9798,0.162,0.33,-1.6217,2.3783,0.0,83.36,SUCCESS
2025-12-21T21:46:35.944358+00:00,btc-updown-15m-1766353500,TRADE,UP,ACCUM,1,1,0.5201,0.5201,9,0.5323,12,0.4459,9,0.9782,0.1959,0.25,-1.1418,1.8582,0.0,82.84,SUCCESS
2025-12-21T21:46:35.944545+00:00,btc-updown-15m-1766353500,TRADE,DOWN,ACCUM,1,1,0.4901,0.4901,9,0.5323,13,0.4493,9,0.9816,0.1653,0.31,-1.6319,2.3681,0.0,82.35,SUCCESS
2025-12-21T21:46:46.781537+00:00,btc-updown-15m-1766353500,TRADE,UP,ACCUM,1,1,0.5602,0.5602,10,0.5351,13,0.4493,10,0.9844,0.1558,0.23,-1.1921,1.8079,0.0,81.79,SUCCESS
2025-12-21T21:46:46.782044+00:00,btc-updown-15m-1766353500,TRADE,DOWN,ACCUM,1,1,0.4501,0.4501,10,0.5351,14,0.4494,10,0.9845,0.1552,0.29,-1.6423,2.3577,0.0,81.34,SUCCESS
2025-12-21T21:46:52.189117+00:00,btc-updown-15m-1766353500,TRADE,UP,ACCUM,1,1,0.4302,0.4302,11,0.5256,14,0.4494,11,0.9749,0.2757,0.21,-1.0725,1.9275,0.0,80.91,SUCCESS
2025-12-21T21:46:52.189382+00:00,btc-updown-15m-1766353500,TRADE,DOWN,ACCUM,1,1,0.5902,0.5902,11,0.5256,15,0.4588,11,0.9843,0.1724,0.27,-1.6626,2.3374,0.0,80.32,SUCCESS
2025-12-21T21:46:57.699427+00:00,btc-updown-15m-1766353500,TRADE,UP,ACCUM,1,1,0.2601,0.2601,12,0.5034,15,0.4588,12,0.9622,0.4535,0.2,-0.9227,2.0773,0.0,80.06,SUCCESS
2025-12-21T21:47:03.085990+00:00,btc-updown-15m-1766353500,TRADE,UP,ACCUM,1,1,0.2901,0.2901,13,0.487,15,0.4588,13,0.9458,0.7047,0.13,-0.2128,1.7872,0.0,79.77,SUCCESS
2025-12-21T21:47:08.489134+00:00,btc-updown-15m-1766353500,TRADE,UP,ACCUM,1,1,0.3901,0.3901,14,0.4801,15,0.4588,14,0.9389,0.8559,0.07,0.3971,1.3971,0.0,79.38,SUCCESS
2025-12-21T21:47:13.963286+00:00,btc-updown-15m-1766353500,TRADE,UP,ACCUM,1,1,0.4702,0.4702,15,0.4794,15,0.4588,15,0.9382,0.9269,0.0,0.9269,0.9269,0.0,78.91,SUCCESS
2025-12-21T22:00:03.719508+00:00,btc-updown-15m-1766353500,RESOLUTION,DOWN,MARKET_END,30,30,1.0,14.0731,15,0.4794,15,0.4588,15,0.9382,0.9269,0.0,0.0,0.0,0.9269,93.91,RESOLVED
2025-12-21T22:00:11.817297+00:00,btc-updown-15m-1766354400,TRADE,UP,ACCUM,1,1,0.4101,0.4101,1,0.4101,0,0.0,0,0.0,0.0,1.0,-0.4101,0.5899,0.0,93.5,SUCCESS
2025-12-21T22:00:11.817648+00:00,btc-updown-15m-1766354400,TRADE,DOWN,ACCUM,1,1,0.6,0.6,1,0.4101,1,0.6,1,1.0101,-0.0101,0.0,-0.0101,-0.0101,0.0,92.9,SUCCESS
2025-12-21T22:00:39.225532+00:00,btc-updown-15m-1766354400,TRADE,UP,ACCUM,1,1,0.36,0.36,2,0.3851,1,0.6,1,0.9851,0.0149,0.5,-0.3701,0.6299,0.0,92.54,SUCCESS
2025-12-21T22:00:44.659665+00:00,btc-updown-15m-1766354400,TRADE,UP,ACCUM,1,1,0.36,0.36,3,0.3767,1,0.6,1,0.9767,0.0233,0.67,-0.7302,1.2698,0.0,92.18,SUCCESS
2025-12-21T22:00:50.100831+00:00,btc-updown-15m-1766354400,TRADE,UP,ACCUM,1,1,0.36,0.36,4,0.3725,1,0.6,1,0.9725,0.0275,0.75,-1.0902,1.9098,0.0,91.82,SUCCESS
2025-12-21T22:00:55.489539+00:00,btc-updown-15m-1766354400,TRADE,UP,ACCUM,1,1,0.3501,0.3501,5,0.3681,1,0.6,1,0.9681,0.0319,0.8,-1.4403,2.5597,0.0,91.47,SUCCESS
2025-12-21T22:01:00.946492+00:00,btc-updown-15m-1766354400,TRADE,DOWN,ACCUM,1,1,0.63,0.63,5,0.3681,2,0.615,2,0.983,0.0339,0.6,-1.0703,1.9297,0.0,90.84,SUCCESS
2025-12-21T22:01:06.348732+00:00,btc-updown-15m-1766354400,TRADE,UP,ACCUM,1,1,0.3901,0.3901,6,0.3717,2,0.615,2,0.9867,0.0265,0.67,-1.4604,2.5396,0.0,90.45,SUCCESS
2025-12-21T22:01:06.348941+00:00,btc-updown-15m-1766354400,TRADE,DOWN,ACCUM,1,1,0.6198,0.6198,6,0.3717,3,0.6166,3,0.9883,0.0351,0.5,-1.0801,1.9199,0.0,89.83,SUCCESS
2025-12-21T22:01:11.758066+00:00,btc-updown-15m-1766354400,TRADE,UP,ACCUM,1,1,0.4002,0.4002,7,0.3758,3,0.6166,3,0.9924,0.0229,0.57,-1.4803,2.5197,0.0,89.43,SUCCESS
2025-12-21T22:01:11.758703+00:00,btc-updown-15m-1766354400,TRADE,DOWN,ACCUM,1,1,0.6102,0.6102,7,0.3758,4,0.615,4,0.9908,0.0369,0.43,-1.0905,1.9095,0.0,88.82,SUCCESS
2025-12-21T22:01:17.178542+00:00,btc-updown-15m-1766354400,TRADE,UP,ACCUM,1,1,0.3701,0.3701,8,0.3751,4,0.615,4,0.9901,0.0397,0.5,-1.4606,2.5394,0.0,88.45,SUCCESS
2025-12-21T22:01:22.615498+00:00,btc-updown-15m-1766354400,TRADE,DOWN,ACCUM,1,1,0.6302,0.6302,8,0.3751,5,0.618,5,0.9931,0.0345,0.38,-1.0908,1.9092,0.0,87.82,SUCCESS
2025-12-21T22:01:28.029778+00:00,btc-updown-15m-1766354400,TRADE,UP,ACCUM,1,1,0.3802,0.3802,9,0.3757,5,0.618,5,0.9937,0.0316,0.44,-1.471,2.529,0.0,87.44,SUCCESS
2025-12-21T22:01:33.599356+00:00,btc-updown-15m-1766354400,TRADE,UP,ACCUM,1,1,0.3601,0.3601,10,0.3741,5,0.618,5,0.9921,0.0394,0.5,-1.8311,3.1689,0.0,87.08,SUCCESS
2025-12-21T22:01:44.417033+00:00,btc-updown-15m-1766354400,TRADE,UP,ACCUM,1,1,0.3601,0.3601,11,0.3728,5,0.618,5,0.9908,0.0458,0.55,-2.1911,3.8089,0.0,86.72,SUCCESS
2025-12-21T22:01:49.825286+00:00,btc-updown-15m-1766354400,TRADE,DOWN,ACCUM,2,2,0.6603,1.3206,11,0.3728,7,0.6301,7,1.0029,-0.0204,0.36,-1.5117,2.4883,0.0,85.4,SUCCESS
2025-12-21T22:02:17.001991+00:00,btc-updown-15m-1766354400,TRADE,DOWN,ACCUM,1,1,0.5001,0.5001,11,0.3728,8,0.6138,8,0.9867,0.1067,0.27,-1.0118,1.9882,0.0,84.9,SUCCESS
2025-12-21T22:02:22.534812+00:00,btc-updown-15m-1766354400,TRADE,DOWN,ACCUM,1,1,0.4801,0.4801,11,0.3728,9,0.599,9,0.9718,0.2538,0.18,-0.4918,1.5082,0.0,84.42,SUCCESS
2025-12-21T22:02:27.924456+00:00,btc-updown-15m-1766354400,TRADE,UP,ACCUM,1,1,0.5402,0.5402,12,0.3868,9,0.599,9,0.9858,0.1282,0.25,-1.0321,1.9679,0.0,83.88,SUCCESS
2025-12-21T22:02:27.925660+00:00,btc-updown-15m-1766354400,TRADE,DOWN,ACCUM,1,1,0.4702,0.4702,12,0.3868,10,0.5861,10,0.9729,0.2713,0.17,-0.5022,1.4978,0.0,83.41,SUCCESS
2025-12-21T22:02:33.310493+00:00,btc-updown-15m-1766354400,TRADE,UP,ACCUM,1,1,0.5302,0.5302,13,0.3978,10,0.5861,10,0.9839,0.161,0.23,-1.0324,1.9676,0.0,82.88,SUCCESS
2025-12-21T22:02:33.310646+00:00,btc-updown-15m-1766354400,TRADE,DOWN,ACCUM,1,1,0.4801,0.4801,13,0.3978,11,0.5765,11,0.9743,0.2831,0.15,-0.5125,1.4875,0.0,82.4,SUCCESS
2025-12-21T22:02:38.710540+00:00,btc-updown-15m-1766354400,TRADE,DOWN,ACCUM,1,1,0.42,0.42,13,0.3978,12,0.5634,12,0.9612,0.4652,0.08,0.0674,1.0674,0.0,81.98,SUCCESS
2025-12-21T22:02:44.106239+00:00,btc-updown-15m-1766354400,TRADE,UP,ACCUM,1,1,0.5902,0.5902,14,0.4115,12,0.5634,12,0.975,0.3003,0.14,-0.5227,1.4773,0.0,81.39,SUCCESS
2025-12-21T22:02:44.106413+00:00,btc-updown-15m-1766354400,TRADE,DOWN,ACCUM,1,1,0.4201,0.4201,14,0.4115,13,0.5524,13,0.9639,0.4687,0.07,0.0571,1.0571,0.0,80.97,SUCCESS
2025-12-21T22:02:49.489205+00:00,btc-updown-15m-1766354400,TRADE,UP,ACCUM,1,1,0.6101,0.6101,15,0.4248,13,0.5524,13,0.9772,0.2966,0.13,-0.553,1.447,0.0,80.36,SUCCESS
2025-12-21T22:02:49.490364+00:00,btc-updown-15m-1766354400,TRADE,DOWN,ACCUM,1,1,0.4001,0.4001,15,0.4248,14,0.5415,14,0.9663,0.4717,0.07,0.0469,1.0469,0.0,79.96,SUCCESS
2025-12-21T22:02:54.889439+00:00,btc-updown-15m-1766354400,TRADE,DOWN,ACCUM,1,1,0.4,0.4,15,0.4248,15,0.5321,15,0.9569,0.6469,0.0,0.6469,0.6469,0.0,79.56,SUCCESS
2025-12-21T22:15:03.858674+00:00,btc-updown-15m-1766354400,RESOLUTION,UP,MARKET_END,30,30,1.0,14.3531,15,0.4248,15,0.5321,15,0.9569,0.6469,0.0,0.0,0.0,0.6469,94.56,RESOLVED
2025-12-21T22:15:12.005779+00:00,btc-updown-15m-1766355300,TRADE,UP,ACCUM,1,1,0.5102,0.5102,1,0.5102,0,0.0,0,0.0,0.0,1.0,-0.5102,0.4898,0.0,94.05,SUCCESS
2025-12-21T22:15:12.006194+00:00,btc-updown-15m-1766355300,TRADE,DOWN,ACCUM,1,1,0.5002,0.5002,1,0.5102,1,0.5002,1,1.0104,-0.0104,0.0,-0.0104,-0.0104,0.0,93.55,SUCCESS
2025-12-21T22:15:33.585735+00:00,btc-updown-15m-1766355300,TRADE,DOWN,ACCUM,1,1,0.3799,0.3799,1,0.5102,2,0.44,1,0.9503,0.0497,0.5,-0.3903,0.6097,0.0,93.17,SUCCESS
2025-12-21T22:15:38.984594+00:00,btc-updown-15m-1766355300,TRADE,DOWN,ACCUM,1,1,0.3501,0.3501,1,0.5102,3,0.4101,1,0.9203,0.0797,0.67,-0.7404,1.2596,0.0,92.82,SUCCESS
2025-12-21T22:15:44.374756+00:00,btc-updown-15m-1766355300,TRADE,DOWN,ACCUM,1,1,0.3301,0.3301,1,0.5102,4,0.3901,1,0.9003,0.0997,0.75,-1.0705,1.9295,0.0,92.49,SUCCESS
2025-12-21T22:15:49.761545+00:00,btc-updown-15m-1766355300,TRADE,DOWN,ACCUM,1,1,0.3001,0.3001,1,0.5102,5,0.3721,1,0.8823,0.1177,0.8,-1.3707,2.6293,0.0,92.19,SUCCESS
2025-12-21T22:15:55.270910+00:00,btc-updown-15m-1766355300,TRADE,UP,ACCUM,1,1,0.7103,0.7103,2,0.6103,5,0.3721,2,0.9824,0.0353,0.6,-1.081,1.919,0.0,91.48,SUCCESS
2025-12-21T22:15:55.271783+00:00,btc-updown-15m-1766355300,TRADE,DOWN,ACCUM,1,1,0.3001,0.3001,2,0.6103,6,0.3601,2,0.9704,0.0593,0.67,-1.3811,2.6189,0.0,91.18,SUCCESS
2025-12-21T22:16:00.671874+00:00,btc-updown-15m-1766355300,TRADE,DOWN,ACCUM,1,1,0.25,0.25,2,0.6103,7,0.3444,2,0.9546,0.0907,0.71,-1.6311,3.3689,0.0,90.93,SUCCESS
2025-12-21T22:16:06.057817+00:00,btc-updown-15m-1766355300,TRADE,UP,ACCUM,1,1,0.73,0.73,3,0.6502,7,0.3444,3,0.9946,0.0163,0.57,-1.3611,2.6389,0.0,90.2,SUCCESS
2025-12-21T22:16:06.058231+00:00,btc-updown-15m-1766355300,TRADE,DOWN,ACCUM,1,1,0.2801,0.2801,3,0.6502,8,0.3363,3,0.9865,0.0405,0.62,-1.6412,3.3588,0.0,89.92,SUCCESS
2025-12-21T22:16:11.500528+00:00,btc-updown-15m-1766355300,TRADE,DOWN,ACCUM,1,1,0.2901,0.2901,3,0.6502,9,0.3312,3,0.9814,0.0559,0.67,-1.9313,4.0687,0.0,89.63,SUCCESS
2025-12-21T22:16:16.888525+00:00,btc-updown-15m-1766355300,TRADE,UP,ACCUM,2,2,0.72,1.4401,5,0.6781,9,0.3312,5,1.0093,-0.0466,0.44,-1.3714,2.6286,0.0,88.19,SUCCESS
2025-12-21T22:17:00.217551+00:00,btc-updown-15m-1766355300,TRADE,UP,ACCUM,1,1,0.55,0.55,6,0.6568,9,0.3312,6,0.988,0.0722,0.33,-0.9214,2.0786,0.0,87.64,SUCCESS
2025-12-21T22:17:11.026972+00:00,btc-updown-15m-1766355300,TRADE,UP,ACCUM,1,1,0.62,0.62,7,0.6515,9,0.3312,7,0.9827,0.1209,0.22,-0.5415,1.4585,0.0,87.02,SUCCESS
2025-12-21T22:17:11.027556+00:00,btc-updown-15m-1766355300,TRADE,DOWN,ACCUM,1,1,0.3999,0.3999,7,0.6515,10,0.3381,7,0.9896,0.0729,0.3,-0.9413,2.0587,0.0,86.62,SUCCESS
2025-12-21T22:17:16.412782+00:00,btc-updown-15m-1766355300,TRADE,UP,ACCUM,1,1,0.6402,0.6402,8,0.6501,10,0.3381,8,0.9882,0.0946,0.2,-0.5815,1.4185,0.0,85.98,SUCCESS
2025-12-21T22:17:16.413173+00:00,btc-updown-15m-1766355300,TRADE,DOWN,ACCUM,1,1,0.3801,0.3801,8,0.6501,11,0.3419,8,0.992,0.0641,0.27,-0.9616,2.0384,0.0,85.6,SUCCESS
2025-12-21T22:17:21.806523+00:00,btc-updown-15m-1766355300,TRADE,UP,ACCUM,1,1,0.6299,0.6299,9,0.6479,11,0.3419,9,0.9897,0.0923,0.18,-0.5914,1.4086,0.0,84.97,SUCCESS
2025-12-21T22:17:27.214954+00:00,btc-updown-15m-1766355300,TRADE,UP,ACCUM,1,1,0.6402,0.6402,10,0.6471,11,0.3419,10,0.989,0.1102,0.09,-0.2317,0.7683,0.0,84.33,SUCCESS
2025-12-21T22:17:27.215202+00:00,btc-updown-15m-1766355300,TRADE,DOWN,ACCUM,1,1,0.3701,0.3701,10,0.6471,12,0.3442,10,0.9913,0.0867,0.17,-0.6017,1.3983,0.0,83.96,SUCCESS
2025-12-21T22:17:32.604667+00:00,btc-updown-15m-1766355300,TRADE,UP,ACCUM,1,1,0.6603,0.6603,11,0.6483,12,0.3442,11,0.9925,0.0822,0.08,-0.262,0.738,0.0,83.3,SUCCESS
2025-12-21T22:17:38.013055+00:00,btc-updown-15m-1766355300,TRADE,UP,ACCUM,1,1,0.6502,0.6502,12,0.6485,12,0.3442,12,0.9927,0.0877,0.0,0.0877,0.0877,0.0,82.65,SUCCESS
2025-12-21T22:17:38.013349+00:00,btc-updown-15m-1766355300,TRADE,DOWN,ACCUM,1,1,0.37,0.37,12,0.6485,13,0.3462,12,0.9947,0.064,0.08,-0.2823,0.7177,0.0,82.28,SUCCESS
2025-12-21T22:17:43.414200+00:00,btc-updown-15m-1766355300,TRADE,UP,ACCUM,1,1,0.6402,0.6402,13,0.6478,13,0.3462,13,0.994,0.0775,0.0,0.0775,0.0775,0.0,81.64,SUCCESS
2025-12-21T22:17:48.852511+00:00,btc-updown-15m-1766355300,TRADE,UP,ACCUM,1,1,0.5901,0.5901,14,0.6437,13,0.3462,13,0.9899,0.1311,0.07,-0.5126,0.4874,0.0,81.05,SUCCESS
2025-12-21T22:17:59.749132+00:00,btc-updown-15m-1766355300,TRADE,UP,ACCUM,1,1,0.5302,0.5302,15,0.6361,13,0.3462,13,0.9823,0.2295,0.13,-1.0428,0.9572,0.0,80.52,SUCCESS
2025-12-21T22:30:00.359770+00:00,btc-updown-15m-1766355300,RESOLUTION,UP,MARKET_END,28,28,1.0,14.0428,15,0.6361,13,0.3462,13,0.9823,0.2295,0.13,0.0,0.0,0.9572,95.52,RESOLVED
2025-12-21T22:30:08.334867+00:00,btc-updown-15m-1766356200,TRADE,UP,ACCUM,1,1,0.53,0.53,1,0.53,0,0.0,0,0.0,0.0,1.0,-0.53,0.47,0.0,94.99,SUCCESS
2025-12-21T22:30:13.814365+00:00,btc-updown-15m-1766356200,TRADE,UP,ACCUM,1,1,0.5602,0.5602,2,0.5451,0,0.0,0,0.0,0.0,1.0,-1.0902,0.9098,0.0,94.43,SUCCESS
2025-12-21T22:30:13.814835+00:00,btc-updown-15m-1766356200,TRADE,DOWN,ACCUM,1,1,0.4501,0.4501,2,0.5451,1,0.4501,1,0.9952,0.0048,0.5,-0.5403,0.4597,0.0,93.98,SUCCESS
2025-12-21T22:30:24.636429+00:00,btc-updown-15m-1766356200,TRADE,DOWN,ACCUM,1,1,0.4101,0.4101,2,0.5451,2,0.4301,2,0.9752,0.0495,0.0,0.0495,0.0495,0.0,93.57,SUCCESS
2025-12-21T22:30:30.192388+00:00,btc-updown-15m-1766356200,TRADE,UP,ACCUM,1,1,0.6001,0.6001,3,0.5634,2,0.4301,2,0.9936,0.0129,0.33,-0.5505,0.4495,0.0,92.97,SUCCESS
2025-12-21T22:30:30.192698+00:00,btc-updown-15m-1766356200,TRADE,DOWN,ACCUM,1,1,0.4002,0.4002,3,0.5634,3,0.4201,3,0.9836,0.0493,0.0,0.0493,0.0493,0.0,92.57,SUCCESS
2025-12-21T22:30:35.592974+00:00,btc-updown-15m-1766356200,TRADE,DOWN,ACCUM,1,1,0.3101,0.3101,3,0.5634,4,0.3926,3,0.9561,0.1318,0.25,-0.2608,0.7392,0.0,92.26,SUCCESS
2025-12-21T22:30:41.196585+00:00,btc-updown-15m-1766356200,TRADE,DOWN,ACCUM,1,1,0.3101,0.3101,3,0.5634,5,0.3761,3,0.9396,0.1813,0.4,-0.5709,1.4291,0.0,91.95,SUCCESS
2025-12-21T22:30:52.015583+00:00,btc-updown-15m-1766356200,TRADE,UP,ACCUM,1,1,0.75,0.75,4,0.6101,5,0.3761,4,0.9862,0.0552,0.2,-0.3209,0.6791,0.0,91.2,SUCCESS
2025-12-21T22:30:52.015939+00:00,btc-updown-15m-1766356200,TRADE,DOWN,ACCUM,1,1,0.26,0.26,4,0.6101,6,0.3568,4,0.9669,0.1326,0.33,-0.581,1.419,0.0,90.94,SUCCESS
2025-12-21T22:30:57.403938+00:00,btc-updown-15m-1766356200,TRADE,DOWN,ACCUM,1,1,0.22,0.22,4,0.6101,7,0.3372,4,0.9473,0.2107,0.43,-0.801,2.199,0.0,90.72,SUCCESS
2025-12-21T22:31:02.808510+00:00,btc-updown-15m-1766356200,TRADE,UP,ACCUM,1,1,0.7903,0.7903,5,0.6461,7,0.3372,5,0.9834,0.0832,0.29,-0.5913,1.4087,0.0,89.93,SUCCESS
2025-12-21T22:31:13.716903+00:00,btc-updown-15m-1766356200,TRADE,DOWN,ACCUM,1,1,0.2699,0.2699,5,0.6461,8,0.3288,5,0.9749,0.1253,0.38,-0.8612,2.1388,0.0,89.66,SUCCESS
2025-12-21T22:31:19.122264+00:00,btc-updown-15m-1766356200,TRADE,DOWN,ACCUM,1,1,0.3401,0.3401,5,0.6461,9,0.3301,5,0.9762,0.119,0.44,-1.2013,2.7987,0.0,89.32,SUCCESS
2025-12-21T22:31:24.568050+00:00,btc-updown-15m-1766356200,TRADE,UP,ACCUM,1,1,0.62,0.62,6,0.6418,9,0.3301,6,0.9719,0.1689,0.33,-0.8213,2.1787,0.0,88.7,SUCCESS
2025-12-21T22:31:24.568547+00:00,btc-updown-15m-1766356200,TRADE,DOWN,ACCUM,1,1,0.3901,0.3901,6,0.6418,10,0.3361,6,0.9779,0.1329,0.4,-1.2115,2.7885,0.0,88.31,SUCCESS
2025-12-21T22:31:29.992949+00:00,btc-updown-15m-1766356200,TRADE,UP,ACCUM,1,1,0.5902,0.5902,7,0.6344,10,0.3361,7,0.9705,0.2065,0.3,-0.8017,2.1983,0.0,87.72,SUCCESS
2025-12-21T22:31:29.993126+00:00,btc-updown-15m-1766356200,TRADE,DOWN,ACCUM,1,1,0.4201,0.4201,7,0.6344,11,0.3437,7,0.9781,0.1531,0.36,-1.2218,2.7782,0.0,87.3,SUCCESS
2025-12-21T22:31:35.409390+00:00,btc-updown-15m-1766356200,TRADE,UP,ACCUM,1,1,0.5801,0.5801,8,0.6276,11,0.3437,8,0.9713,0.2293,0.27,-0.8019,2.1981,0.0,86.72,SUCCESS
2025-12-21T22:31:35.411207+00:00,btc-updown-15m-1766356200,TRADE,DOWN,ACCUM,1,1,0.44,0.44,8,0.6276,12,0.3517,8,0.9794,0.1651,0.33,-1.2419,2.7581,0.0,86.28,SUCCESS
2025-12-21T22:31:40.992873+00:00,btc-updown-15m-1766356200,TRADE,UP,ACCUM,1,1,0.4802,0.4802,9,0.6112,12,0.3517,9,0.963,0.3331,0.25,-0.7221,2.2779,0.0,85.79,SUCCESS
2025-12-21T22:31:40.993106+00:00,btc-updown-15m-1766356200,TRADE,DOWN,ACCUM,1,1,0.54,0.54,9,0.6112,13,0.3662,9,0.9775,0.2028,0.31,-1.2622,2.7378,0.0,85.25,SUCCESS
2025-12-21T22:31:46.488977+00:00,btc-updown-15m-1766356200,TRADE,UP,ACCUM,1,1,0.4401,0.4401,10,0.5941,13,0.3662,10,0.9604,0.3964,0.23,-0.7023,2.2977,0.0,84.81,SUCCESS
2025-12-21T22:31:46.489862+00:00,btc-updown-15m-1766356200,TRADE,DOWN,ACCUM,1,1,0.5703,0.5703,10,0.5941,14,0.3808,10,0.9749,0.2507,0.29,-1.2726,2.7274,0.0,84.24,SUCCESS
2025-12-21T22:31:51.907345+00:00,btc-updown-15m-1766356200,TRADE,UP,ACCUM,1,1,0.4501,0.4501,11,0.581,14,0.3808,11,0.9618,0.4198,0.21,-0.7226,2.2774,0.0,83.79,SUCCESS
2025-12-21T22:31:51.907787+00:00,btc-updown-15m-1766356200,TRADE,DOWN,ACCUM,1,1,0.5601,0.5601,11,0.581,15,0.3928,11,0.9738,0.2883,0.27,-1.2827,2.7173,0.0,83.23,SUCCESS
2025-12-21T22:31:57.303629+00:00,btc-updown-15m-1766356200,TRADE,UP,ACCUM,1,1,0.3901,0.3901,12,0.5651,15,0.3928,12,0.9579,0.5054,0.2,-0.6728,2.3272,0.0,82.84,SUCCESS
2025-12-21T22:32:02.694359+00:00,btc-updown-15m-1766356200,TRADE,UP,ACCUM,1,1,0.3701,0.3701,13,0.5501,15,0.3928,13,0.9429,0.7426,0.13,-0.0429,1.9571,0.0,82.47,SUCCESS
2025-12-21T22:32:13.600802+00:00,btc-updown-15m-1766356200,TRADE,UP,ACCUM,1,1,0.3801,0.3801,14,0.538,15,0.3928,14,0.9307,0.9697,0.07,0.577,1.577,0.0,82.09,SUCCESS
2025-12-21T22:32:24.503517+00:00,btc-updown-15m-1766356200,TRADE,UP,ACCUM,1,1,0.36,0.36,15,0.5261,15,0.3928,15,0.9189,1.217,0.0,1.217,1.217,0.0,81.73,SUCCESS
2025-12-21T22:45:03.411718+00:00,btc-updown-15m-1766356200,RESOLUTION,UP,MARKET_END,30,30,1.0,13.783,15,0.5261,15,0.3928,15,0.9189,1.217,0.0,0.0,0.0,1.217,96.73,RESOLVED
2025-12-21T22:45:11.285185+00:00,btc-updown-15m-1766357100,TRADE,UP,ACCUM,1,1,0.4502,0.4502,1,0.4502,0,0.0,0,0.0,0.0,1.0,-0.4502,0.5498,0.0,96.28,SUCCESS
2025-12-21T22:45:11.285346+00:00,btc-updown-15m-1766357100,TRADE,DOWN,ACCUM,1,1,0.56,0.56,1,0.4502,1,0.56,1,1.0102,-0.0102,0.0,-0.0102,-0.0102,0.0,95.72,SUCCESS
2025-12-21T22:45:22.473733+00:00,btc-updown-15m-1766357100,TRADE,DOWN,ACCUM,1,1,0.5098,0.5098,1,0.4502,2,0.5349,1,0.9851,0.0149,0.5,-0.52,0.48,0.0,95.21,SUCCESS
2025-12-21T22:45:27.880967+00:00,btc-updown-15m-1766357100,TRADE,DOWN,ACCUM,1,1,0.5201,0.5201,1,0.4502,3,0.53,1,0.9802,0.0198,0.67,-1.0401,0.9599,0.0,94.69,SUCCESS
2025-12-21T22:45:33.276255+00:00,btc-updown-15m-1766357100,TRADE,DOWN,ACCUM,1,1,0.5,0.5,1,0.4502,4,0.5225,1,0.9727,0.0273,0.75,-1.5402,1.4598,0.0,94.19,SUCCESS
2025-12-21T22:45:44.108011+00:00,btc-updown-15m-1766357100,TRADE,DOWN,ACCUM,1,1,0.48,0.48,1,0.4502,5,0.514,1,0.9642,0.0358,0.8,-2.0202,1.9798,0.0,93.71,SUCCESS
2025-12-21T22:46:05.762017+00:00,btc-updown-15m-1766357100,TRADE,DOWN,ACCUM,1,1,0.4901,0.4901,1,0.4502,6,0.51,1,0.9602,0.0398,0.83,-2.5103,2.4897,0.0,93.22,SUCCESS
2025-12-21T22:46:11.607754+00:00,btc-updown-15m-1766357100,TRADE,DOWN,ACCUM,1,1,0.4902,0.4902,1,0.4502,7,0.5072,1,0.9574,0.0426,0.86,-3.0005,2.9995,0.0,92.73,SUCCESS
2025-12-21T22:46:27.878046+00:00,btc-updown-15m-1766357100,TRADE,UP,ACCUM,2,2,0.5302,1.0604,3,0.5035,7,0.5072,3,1.0107,-0.0322,0.57,-2.0609,1.9391,0.0,91.67,SUCCESS
2025-12-21T22:46:49.613528+00:00,btc-updown-15m-1766357100,TRADE,DOWN,ACCUM,1,1,0.3601,0.3601,3,0.5035,8,0.4888,3,0.9923,0.023,0.62,-2.421,2.579,0.0,91.31,SUCCESS
2025-12-21T22:47:06.179121+00:00,btc-updown-15m-1766357100,TRADE,DOWN,ACCUM,1,1,0.3101,0.3101,3,0.5035,9,0.4689,3,0.9725,0.0826,0.67,-2.7311,3.2689,0.0,91.0,SUCCESS
2025-12-21T22:47:11.625714+00:00,btc-updown-15m-1766357100,TRADE,UP,ACCUM,2,2,0.6,1.2001,5,0.5421,9,0.4689,5,1.0111,-0.0554,0.44,-1.9312,2.0688,0.0,89.8,SUCCESS
2025-12-21T22:48:44.428061+00:00,btc-updown-15m-1766357100,TRADE,UP,ACCUM,1,1,0.4201,0.4201,6,0.5218,9,0.4689,6,0.9907,0.0556,0.33,-1.3513,1.6487,0.0,89.38,SUCCESS
2025-12-21T22:48:49.935842+00:00,btc-updown-15m-1766357100,TRADE,UP,ACCUM,1,1,0.4001,0.4001,7,0.5044,9,0.4689,7,0.9734,0.1865,0.22,-0.7514,1.2486,0.0,88.98,SUCCESS
2025-12-21T22:48:55.466490+00:00,btc-updown-15m-1766357100,TRADE,UP,ACCUM,1,1,0.5102,0.5102,8,0.5051,9,0.4689,8,0.9741,0.2074,0.11,-0.2615,0.7385,0.0,88.47,SUCCESS
2025-12-21T22:48:55.466932+00:00,btc-updown-15m-1766357100,TRADE,DOWN,ACCUM,1,1,0.5001,0.5001,8,0.5051,10,0.4721,8,0.9772,0.1824,0.2,-0.7617,1.2383,0.0,87.97,SUCCESS
2025-12-21T22:49:00.869559+00:00,btc-updown-15m-1766357100,TRADE,UP,ACCUM,1,1,0.5502,0.5502,9,0.5101,10,0.4721,9,0.9822,0.1602,0.1,-0.3119,0.6881,0.0,87.42,SUCCESS
2025-12-21T22:49:00.869754+00:00,btc-updown-15m-1766357100,TRADE,DOWN,ACCUM,1,1,0.46,0.46,9,0.5101,11,0.471,9,0.9811,0.1701,0.18,-0.7719,1.2281,0.0,86.96,SUCCESS
2025-12-21T22:49:06.351321+00:00,btc-updown-15m-1766357100,TRADE,UP,ACCUM,1,1,0.5601,0.5601,10,0.5151,11,0.471,10,0.9861,0.139,0.09,-0.332,0.668,0.0,86.4,SUCCESS
2025-12-21T22:49:06.352204+00:00,btc-updown-15m-1766357100,TRADE,DOWN,ACCUM,1,1,0.4501,0.4501,10,0.5151,12,0.4692,10,0.9844,0.1564,0.17,-0.7821,1.2179,0.0,85.95,SUCCESS
2025-12-21T22:49:11.743642+00:00,btc-updown-15m-1766357100,TRADE,UP,ACCUM,1,1,0.5602,0.5602,11,0.5192,12,0.4692,11,0.9885,0.1269,0.08,-0.3423,0.6577,0.0,85.39,SUCCESS
2025-12-21T22:49:11.743838+00:00,btc-updown-15m-1766357100,TRADE,DOWN,ACCUM,1,1,0.4501,0.4501,11,0.5192,13,0.4678,11,0.987,0.1432,0.15,-0.7924,1.2076,0.0,84.94,SUCCESS
2025-12-21T22:49:17.128130+00:00,btc-updown-15m-1766357100,TRADE,UP,ACCUM,1,1,0.5302,0.5302,12,0.5201,13,0.4678,12,0.9879,0.1452,0.08,-0.3225,0.6775,0.0,84.41,SUCCESS
2025-12-21T22:49:17.129278+00:00,btc-updown-15m-1766357100,TRADE,DOWN,ACCUM,1,1,0.4901,0.4901,12,0.5201,14,0.4693,12,0.9895,0.1261,0.14,-0.8126,1.1874,0.0,83.92,SUCCESS
2025-12-21T22:49:22.538623+00:00,btc-updown-15m-1766357100,TRADE,DOWN,ACCUM,1,1,0.4801,0.4801,12,0.5201,15,0.4701,12,0.9902,0.1175,0.2,-1.2927,1.7073,0.0,83.44,SUCCESS
2025-12-21T23:00:04.365823+00:00,btc-updown-15m-1766357100,RESOLUTION,UP,MARKET_END,27,27,1.0,13.2927,12,0.5201,15,0.4701,12,0.9902,0.1175,0.2,0.0,0.0,-1.2927,95.44,RESOLVED
2025-12-21T23:00:12.714114+00:00,btc-updown-15m-1766358000,TRADE,DOWN,ACCUM,1,1,0.3901,0.3901,0,0.0,1,0.3901,0,0.0,0.0,1.0,-0.3901,0.6099,0.0,95.05,SUCCESS
2025-12-21T23:00:23.600300+00:00,btc-updown-15m-1766358000,TRADE,UP,ACCUM,1,1,0.6003,0.6003,1,0.6003,1,0.3901,1,0.9904,0.0096,0.0,0.0096,0.0096,0.0,94.45,SUCCESS
2025-12-21T23:00:29.028660+00:00,btc-updown-15m-1766358000,TRADE,DOWN,ACCUM,1,1,0.35,0.35,1,0.6003,2,0.3701,1,0.9703,0.0297,0.5,-0.3404,0.6596,0.0,94.1,SUCCESS
2025-12-21T23:00:34.408533+00:00,btc-updown-15m-1766358000,TRADE,DOWN,ACCUM,1,1,0.3501,0.3501,1,0.6003,3,0.3634,1,0.9637,0.0363,0.67,-0.6905,1.3095,0.0,93.75,SUCCESS
2025-12-21T23:00:39.816456+00:00,btc-updown-15m-1766358000,TRADE,UP,ACCUM,1,1,0.6202,0.6202,2,0.6102,3,0.3634,2,0.9737,0.0527,0.33,-0.3107,0.6893,0.0,93.13,SUCCESS
2025-12-21T23:00:45.313295+00:00,btc-updown-15m-1766358000,TRADE,UP,ACCUM,1,1,0.5602,0.5602,3,0.5935,3,0.3634,3,0.957,0.1291,0.0,0.1291,0.1291,0.0,92.57,SUCCESS
2025-12-21T23:00:50.727065+00:00,btc-updown-15m-1766358000,TRADE,UP,ACCUM,1,1,0.5301,0.5301,4,0.5777,3,0.3634,3,0.9411,0.1767,0.25,-0.401,0.599,0.0,92.04,SUCCESS
2025-12-21T23:00:50.727221+00:00,btc-updown-15m-1766358000,TRADE,DOWN,ACCUM,1,1,0.4902,0.4902,4,0.5777,4,0.3951,4,0.9728,0.1088,0.0,0.1088,0.1088,0.0,91.55,SUCCESS
2025-12-21T23:00:56.123006+00:00,btc-updown-15m-1766358000,TRADE,UP,ACCUM,1,1,0.5301,0.5301,5,0.5682,4,0.3951,4,0.9633,0.1469,0.2,-0.4213,0.5787,0.0,91.02,SUCCESS
2025-12-21T23:00:56.124156+00:00,btc-updown-15m-1766358000,TRADE,DOWN,ACCUM,1,1,0.4801,0.4801,5,0.5682,5,0.4121,5,0.9803,0.0986,0.0,0.0986,0.0986,0.0,90.54,SUCCESS
2025-12-21T23:01:07.183724+00:00,btc-updown-15m-1766358000,TRADE,DOWN,ACCUM,1,1,0.4,0.4,5,0.5682,6,0.4101,5,0.9783,0.1087,0.17,-0.3014,0.6986,0.0,90.14,SUCCESS
2025-12-21T23:01:12.614554+00:00,btc-updown-15m-1766358000,TRADE,DOWN,ACCUM,1,1,0.4001,0.4001,5,0.5682,7,0.4087,5,0.9768,0.1158,0.29,-0.7016,1.2984,0.0,89.74,SUCCESS
2025-12-21T23:01:18.005221+00:00,btc-updown-15m-1766358000,TRADE,DOWN,ACCUM,1,1,0.3601,0.3601,5,0.5682,8,0.4026,5,0.9708,0.1462,0.38,-1.0616,1.9384,0.0,89.38,SUCCESS
2025-12-21T23:01:28.842567+00:00,btc-updown-15m-1766358000,TRADE,DOWN,ACCUM,1,1,0.2699,0.2699,5,0.5682,9,0.3879,5,0.956,0.2199,0.44,-1.3315,2.6685,0.0,89.11,SUCCESS
2025-12-21T23:01:34.244278+00:00,btc-updown-15m-1766358000,TRADE,UP,ACCUM,1,1,0.7504,0.7504,6,0.5985,9,0.3879,6,0.9864,0.0817,0.33,-1.0819,1.9181,0.0,88.36,SUCCESS
2025-12-21T23:01:34.244668+00:00,btc-updown-15m-1766358000,TRADE,DOWN,ACCUM,1,1,0.2601,0.2601,6,0.5985,10,0.3751,6,0.9736,0.1583,0.4,-1.342,2.658,0.0,88.1,SUCCESS
2025-12-21T23:01:39.669464+00:00,btc-updown-15m-1766358000,TRADE,DOWN,ACCUM,1,1,0.22,0.22,6,0.5985,11,0.361,6,0.9595,0.2429,0.45,-1.562,3.438,0.0,87.88,SUCCESS
2025-12-21T23:01:45.084493+00:00,btc-updown-15m-1766358000,TRADE,UP,ACCUM,1,1,0.8003,0.8003,7,0.6274,11,0.361,7,0.9883,0.0817,0.36,-1.3622,2.6378,0.0,87.08,SUCCESS
2025-12-21T23:01:45.085417+00:00,btc-updown-15m-1766358000,TRADE,DOWN,ACCUM,1,1,0.2101,0.2101,7,0.6274,12,0.3484,7,0.9758,0.1697,0.42,-1.5723,3.4277,0.0,86.87,SUCCESS
2025-12-21T23:01:50.607941+00:00,btc-updown-15m-1766358000,TRADE,DOWN,ACCUM,1,1,0.2201,0.2201,7,0.6274,13,0.3385,7,0.9659,0.2388,0.46,-1.7924,4.2076,0.0,86.65,SUCCESS
2025-12-21T23:01:56.028166+00:00,btc-updown-15m-1766358000,TRADE,UP,ACCUM,2,2,0.7903,1.5806,9,0.6636,13,0.3385,9,1.0021,-0.0188,0.31,-1.373,2.627,0.0,85.07,SUCCESS
2025-12-21T23:02:01.458877+00:00,btc-updown-15m-1766358000,TRADE,DOWN,ACCUM,1,1,0.18,0.18,9,0.6636,14,0.3272,9,0.9908,0.0831,0.36,-1.553,3.447,0.0,84.89,SUCCESS
2025-12-21T23:02:06.874186+00:00,btc-updown-15m-1766358000,TRADE,DOWN,ACCUM,1,1,0.14,0.14,9,0.6636,15,0.3147,9,0.9783,0.1954,0.4,-1.693,4.307,0.0,84.75,SUCCESS
2025-12-21T23:02:17.777151+00:00,btc-updown-15m-1766358000,TRADE,UP,ACCUM,2,2,0.8701,1.7401,11,0.7011,15,0.3147,11,1.0158,-0.1742,0.27,-1.4332,2.5668,0.0,83.01,SUCCESS
2025-12-21T23:15:04.146751+00:00,btc-updown-15m-1766358000,RESOLUTION,UP,MARKET_END,26,26,1.0,12.4332,11,0.7011,15,0.3147,11,1.0158,-0.1742,0.27,0.0,0.0,-1.4332,94.01,RESOLVED
2025-12-21T23:15:17.443637+00:00,btc-updown-15m-1766358900,TRADE,UP,ACCUM,1,1,0.4602,0.4602,1,0.4602,0,0.0,0,0.0,0.0,1.0,-0.4602,0.5398,0.0,93.55,SUCCESS
2025-12-21T23:15:17.445585+00:00,btc-updown-15m-1766358900,TRADE,DOWN,ACCUM,1,1,0.5503,0.5503,1,0.4602,1,0.5503,1,1.0105,-0.0105,0.0,-0.0105,-0.0105,0.0,93.0,SUCCESS
2025-12-21T23:15:28.323583+00:00,btc-updown-15m-1766358900,TRADE,DOWN,ACCUM,1,1,0.4501,0.4501,1,0.4602,2,0.5002,1,0.9604,0.0396,0.5,-0.4606,0.5394,0.0,92.55,SUCCESS
2025-12-21T23:15:33.802900+00:00,btc-updown-15m-1766358900,TRADE,DOWN,ACCUM,1,1,0.41,0.41,1,0.4602,3,0.4701,1,0.9303,0.0697,0.67,-0.8706,1.1294,0.0,92.14,SUCCESS
2025-12-21T23:15:44.842083+00:00,btc-updown-15m-1766358900,TRADE,DOWN,ACCUM,1,1,0.3201,0.3201,1,0.4602,4,0.4326,1,0.8928,0.1072,0.75,-1.1907,1.8093,0.0,91.82,SUCCESS
2025-12-21T23:15:50.290982+00:00,btc-updown-15m-1766358900,TRADE,DOWN,ACCUM,1,1,0.29,0.29,1,0.4602,5,0.4041,1,0.8643,0.1357,0.8,-1.4807,2.5193,0.0,91.53,SUCCESS
2025-12-21T23:15:56.004312+00:00,btc-updown-15m-1766358900,TRADE,UP,ACCUM,1,1,0.72,0.72,2,0.5901,5,0.4041,2,0.9942,0.0116,0.6,-1.2007,1.7993,0.0,90.81,SUCCESS
2025-12-21T23:15:56.005198+00:00,btc-updown-15m-1766358900,TRADE,DOWN,ACCUM,1,1,0.29,0.29,2,0.5901,6,0.3851,2,0.9752,0.0496,0.67,-1.4907,2.5093,0.0,90.52,SUCCESS
2025-12-21T23:16:06.819901+00:00,btc-updown-15m-1766358900,TRADE,DOWN,ACCUM,1,1,0.3001,0.3001,2,0.5901,7,0.3729,2,0.9631,0.0739,0.71,-1.7908,3.2092,0.0,90.22,SUCCESS
2025-12-21T23:16:12.268042+00:00,btc-updown-15m-1766358900,TRADE,DOWN,ACCUM,1,1,0.2701,0.2701,2,0.5901,8,0.3601,2,0.9502,0.0996,0.75,-2.0609,3.9391,0.0,89.95,SUCCESS
2025-12-21T23:16:23.073258+00:00,btc-updown-15m-1766358900,TRADE,UP,ACCUM,2,2,0.6703,1.3407,4,0.6302,8,0.3601,4,0.9903,0.0388,0.5,-1.4016,2.5984,0.0,88.61,SUCCESS
2025-12-21T23:16:28.493756+00:00,btc-updown-15m-1766358900,TRADE,DOWN,ACCUM,1,1,0.3598,0.3598,4,0.6302,9,0.3601,4,0.9903,0.0389,0.56,-1.7614,3.2386,0.0,88.25,SUCCESS
2025-12-21T23:16:33.895038+00:00,btc-updown-15m-1766358900,TRADE,DOWN,ACCUM,1,1,0.35,0.35,4,0.6302,10,0.3591,4,0.9893,0.0429,0.6,-2.1114,3.8886,0.0,87.9,SUCCESS
2025-12-21T23:16:39.383920+00:00,btc-updown-15m-1766358900,TRADE,UP,ACCUM,2,2,0.6603,1.3205,6,0.6402,10,0.3591,6,0.9993,0.0042,0.4,-1.432,2.568,0.0,86.58,SUCCESS
2025-12-21T23:17:06.603084+00:00,btc-updown-15m-1766358900,TRADE,DOWN,ACCUM,1,1,0.29,0.29,6,0.6402,11,0.3528,6,0.993,0.0419,0.45,-1.722,3.278,0.0,86.29,SUCCESS
2025-12-21T23:17:11.997900+00:00,btc-updown-15m-1766358900,TRADE,DOWN,ACCUM,1,1,0.29,0.29,6,0.6402,12,0.3475,6,0.9878,0.0733,0.5,-2.012,3.988,0.0,86.0,SUCCESS
2025-12-21T23:17:17.422219+00:00,btc-updown-15m-1766358900,TRADE,UP,ACCUM,2,2,0.7102,1.4203,8,0.6577,12,0.3475,8,1.0053,-0.0421,0.33,-1.4323,2.5677,0.0,84.58,SUCCESS
2025-12-21T23:18:17.236305+00:00,btc-updown-15m-1766358900,TRADE,UP,ACCUM,1,1,0.5401,0.5401,9,0.6446,12,0.3475,9,0.9922,0.0702,0.25,-0.9724,2.0276,0.0,84.04,SUCCESS
2025-12-21T23:18:22.630984+00:00,btc-updown-15m-1766358900,TRADE,UP,ACCUM,1,1,0.55,0.55,10,0.6352,12,0.3475,10,0.9827,0.1727,0.17,-0.5224,1.4776,0.0,83.49,SUCCESS
2025-12-21T23:18:28.139312+00:00,btc-updown-15m-1766358900,TRADE,UP,ACCUM,1,1,0.6803,0.6803,11,0.6393,12,0.3475,11,0.9868,0.1448,0.08,-0.2027,0.7973,0.0,82.81,SUCCESS
2025-12-21T23:18:28.139505+00:00,btc-updown-15m-1766358900,TRADE,DOWN,ACCUM,1,1,0.35,0.35,11,0.6393,13,0.3477,11,0.987,0.1427,0.15,-0.5528,1.4472,0.0,82.46,SUCCESS
2025-12-21T23:18:33.644803+00:00,btc-updown-15m-1766358900,TRADE,UP,ACCUM,1,1,0.67,0.67,12,0.6418,13,0.3477,12,0.9896,0.125,0.08,-0.2228,0.7772,0.0,81.79,SUCCESS
2025-12-21T23:18:33.645040+00:00,btc-updown-15m-1766358900,TRADE,DOWN,ACCUM,1,1,0.3501,0.3501,12,0.6418,14,0.3479,12,0.9898,0.1229,0.14,-0.5729,1.4271,0.0,81.44,SUCCESS
2025-12-21T23:18:39.132719+00:00,btc-updown-15m-1766358900,TRADE,UP,ACCUM,1,1,0.6303,0.6303,13,0.641,14,0.3479,13,0.9889,0.1447,0.07,-0.2032,0.7968,0.0,80.8,SUCCESS
2025-12-21T23:18:39.132916+00:00,btc-updown-15m-1766358900,TRADE,DOWN,ACCUM,1,1,0.3799,0.3799,13,0.641,15,0.35,13,0.991,0.1171,0.13,-0.583,1.417,0.0,80.43,SUCCESS
2025-12-21T23:18:44.516924+00:00,btc-updown-15m-1766358900,TRADE,UP,ACCUM,1,1,0.6703,0.6703,14,0.6431,15,0.35,14,0.9931,0.0967,0.07,-0.2533,0.7467,0.0,79.75,SUCCESS
2025-12-21T23:18:49.917754+00:00,btc-updown-15m-1766358900,TRADE,UP,ACCUM,1,1,0.63,0.63,15,0.6422,15,0.35,15,0.9922,0.1166,0.0,0.1166,0.1166,0.0,79.12,SUCCESS
2025-12-22T02:45:08.036433+00:00,btc-updown-15m-1766371500,TRADE,UP,ACCUM,1,1,0.5401,0.5401,1,0.5401,0,0.0,0,0.0,0.0,1.0,-0.5401,0.4599,0.0,487.46,SUCCESS
2025-12-22T02:45:08.036780+00:00,btc-updown-15m-1766371500,TRADE,DOWN,ACCUM,1,1,0.4699,0.4699,1,0.5401,1,0.4699,1,1.01,-0.01,0.0,-0.01,-0.01,0.0,486.99,SUCCESS
2025-12-22T02:45:18.814604+00:00,btc-updown-15m-1766371500,TRADE,DOWN,ACCUM,1,1,0.3901,0.3901,1,0.5401,2,0.43,1,0.9701,0.0299,0.5,-0.4001,0.5999,0.0,486.6,SUCCESS
2025-12-22T02:45:24.217275+00:00,btc-updown-15m-1766371500,TRADE,UP,ACCUM,1,1,0.58,0.58,2,0.56,2,0.43,2,0.99,0.0199,0.0,0.0199,0.0199,0.0,486.02,SUCCESS
2025-12-22T02:45:29.628423+00:00,btc-updown-15m-1766371500,TRADE,DOWN,ACCUM,1,1,0.39,0.39,2,0.56,3,0.4167,2,0.9767,0.0466,0.33,-0.3701,0.6299,0.0,485.63,SUCCESS
2025-12-22T02:45:35.033988+00:00,btc-updown-15m-1766371500,TRADE,DOWN,ACCUM,1,1,0.37,0.37,2,0.56,4,0.405,2,0.965,0.0699,0.5,-0.7401,1.2599,0.0,485.26,SUCCESS
2025-12-22T02:45:40.443210+00:00,btc-updown-15m-1766371500,TRADE,DOWN,ACCUM,1,1,0.35,0.35,2,0.56,5,0.394,2,0.954,0.0919,0.6,-1.0901,1.9099,0.0,484.91,SUCCESS
2025-12-22T02:45:51.241086+00:00,btc-updown-15m-1766371500,TRADE,DOWN,ACCUM,1,1,0.31,0.31,2,0.56,6,0.38,2,0.9401,0.1199,0.67,-1.4002,2.5998,0.0,484.6,SUCCESS
2025-12-22T02:45:56.658869+00:00,btc-updown-15m-1766371500,TRADE,UP,ACCUM,1,1,0.7101,0.7101,3,0.6101,6,0.38,3,0.9901,0.0298,0.5,-1.1103,1.8897,0.0,483.89,SUCCESS
2025-12-22T02:46:02.081634+00:00,btc-updown-15m-1766371500,TRADE,DOWN,ACCUM,1,1,0.29,0.29,3,0.6101,7,0.3672,3,0.9772,0.0683,0.57,-1.4003,2.5997,0.0,483.6,SUCCESS
2025-12-22T02:46:13.010819+00:00,btc-updown-15m-1766371500,TRADE,DOWN,ACCUM,1,1,0.3001,0.3001,3,0.6101,8,0.3588,3,0.9688,0.0935,0.62,-1.7004,3.2996,0.0,483.3,SUCCESS
2025-12-22T02:46:18.425717+00:00,btc-updown-15m-1766371500,TRADE,DOWN,ACCUM,1,1,0.2701,0.2701,3,0.6101,9,0.3489,3,0.959,0.1231,0.67,-1.9705,4.0295,0.0,483.03,SUCCESS
2025-12-22T02:46:23.827638+00:00,btc-updown-15m-1766371500,TRADE,UP,ACCUM,2,2,0.75,1.5001,5,0.666,9,0.3489,5,1.015,-0.0748,0.44,-1.4705,2.5295,0.0,481.53,SUCCESS
2025-12-22T02:49:06.896945+00:00,btc-updown-15m-1766371500,TRADE,DOWN,ACCUM,1,1,0.14,0.14,5,0.666,10,0.328,5,0.9941,0.0296,0.5,-1.6106,3.3894,0.0,481.39,SUCCESS
2025-12-22T02:49:12.289762+00:00,btc-updown-15m-1766371500,TRADE,DOWN,ACCUM,1,1,0.1401,0.1401,5,0.666,11,0.3109,5,0.977,0.115,0.55,-1.7506,4.2494,0.0,481.25,SUCCESS
2025-12-22T03:00:09.021216+00:00,btc-updown-15m-1766372400,TRADE,UP,ACCUM,5,5,0.4901,2.4506,5,0.4901,0,0.0,0,0.0,0.0,1.0,-2.4506,2.5494,0.0,485.55,SUCCESS
2025-12-22T03:00:09.022166+00:00,btc-updown-15m-1766372400,TRADE,DOWN,ACCUM,5,5,0.5201,2.6003,5,0.4901,5,0.5201,5,1.0102,-0.0509,0.0,-0.0509,-0.0509,0.0,482.95,SUCCESS
2025-12-22T03:02:19.383611+00:00,btc-updown-15m-1766372400,TRADE,DOWN,ACCUM,5,5,0.4802,2.4008,5,0.4901,10,0.5001,5,0.9902,0.0488,0.5,-2.4517,2.5483,0.0,480.55,SUCCESS
2025-12-22T03:02:24.817345+00:00,btc-updown-15m-1766372400,TRADE,DOWN,ACCUM,5,5,0.4902,2.4512,5,0.4901,15,0.4968,5,0.9869,0.0653,0.67,-4.9029,5.0971,0.0,478.1,SUCCESS
2025-12-22T03:02:30.342152+00:00,btc-updown-15m-1766372400,TRADE,UP,ACCUM,5,5,0.4198,2.099,10,0.455,15,0.4968,10,0.9518,0.4822,0.33,-2.0019,2.9981,0.0,476.0,SUCCESS
2025-12-22T03:02:35.766799+00:00,btc-updown-15m-1766372400,TRADE,UP,ACCUM,5,5,0.4201,2.1005,15,0.4433,15,0.4968,15,0.9402,0.8976,0.0,0.8976,0.8976,0.0,473.9,SUCCESS
2025-12-22T03:02:35.767184+00:00,btc-updown-15m-1766372400,TRADE,DOWN,ACCUM,5,5,0.6001,3.0006,15,0.4433,20,0.5226,15,0.966,0.5102,0.25,-2.103,2.897,0.0,470.9,SUCCESS
2025-12-22T03:02:41.155958+00:00,btc-updown-15m-1766372400,TRADE,UP,ACCUM,5,5,0.4001,2.0006,20,0.4325,20,0.5226,20,0.9552,0.8963,0.0,0.8963,0.8963,0.0,468.9,SUCCESS
2025-12-22T03:02:41.156128+00:00,btc-updown-15m-1766372400,TRADE,DOWN,ACCUM,5,5,0.6201,3.1005,20,0.4325,25,0.5421,20,0.9747,0.5065,0.2,-2.2042,2.7958,0.0,465.8,SUCCESS
2025-12-22T03:02:46.550625+00:00,btc-updown-15m-1766372400,TRADE,UP,ACCUM,5,5,0.3798,1.8992,25,0.422,25,0.5421,25,0.9641,0.8966,0.0,0.8966,0.8966,0.0,463.9,SUCCESS
2025-12-22T03:02:46.551550+00:00,btc-updown-15m-1766372400,TRADE,DOWN,ACCUM,5,5,0.6302,3.1508,25,0.422,30,0.5568,25,0.9788,0.5299,0.17,-2.2542,2.7458,0.0,460.75,SUCCESS
2025-12-22T03:02:57.482027+00:00,btc-updown-15m-1766372400,TRADE,UP,ACCUM,5,5,0.38,1.9001,30,0.415,30,0.5568,30,0.9718,0.8457,0.0,0.8457,0.8457,0.0,458.85,SUCCESS
2025-12-22T03:02:57.482912+00:00,btc-updown-15m-1766372400,TRADE,DOWN,ACCUM,5,5,0.6398,3.1988,30,0.415,35,0.5687,30,0.9837,0.4902,0.14,-2.3531,2.6469,0.0,455.65,SUCCESS
2025-12-22T03:03:08.303486+00:00,btc-updown-15m-1766372400,TRADE,UP,ACCUM,5,5,0.3802,1.9008,35,0.41,35,0.5687,35,0.9787,0.7461,0.0,0.7461,0.7461,0.0,453.75,SUCCESS
2025-12-22T03:03:08.304705+00:00,btc-updown-15m-1766372400,TRADE,DOWN,ACCUM,5,5,0.6403,3.2013,35,0.41,40,0.5776,35,0.9876,0.4328,0.12,-2.4552,2.5448,0.0,450.54,SUCCESS
2025-12-22T03:03:13.710807+00:00,btc-updown-15m-1766372400,TRADE,UP,ACCUM,5,5,0.2901,1.4507,40,0.395,40,0.5776,40,0.9726,1.0941,0.0,1.0941,1.0941,0.0,449.09,SUCCESS
2025-12-22T03:03:19.117367+00:00,btc-updown-15m-1766372400,TRADE,UP,ACCUM,5,5,0.2601,1.3005,45,0.38,40,0.5776,40,0.9577,1.6938,0.11,-0.2064,4.7936,0.0,447.79,SUCCESS
2025-12-22T03:03:24.498281+00:00,btc-updown-15m-1766372400,TRADE,UP,ACCUM,5,5,0.1901,0.9504,50,0.361,40,0.5776,40,0.9387,2.4537,0.2,-1.1568,8.8432,0.0,446.84,SUCCESS
2025-12-22T03:03:24.498692+00:00,btc-updown-15m-1766372400,TRADE,DOWN,ACCUM,5,5,0.8201,4.1006,50,0.361,45,0.6046,45,0.9656,1.5478,0.1,-0.2574,4.7426,0.0,442.74,SUCCESS
2025-12-22T03:03:29.920203+00:00,btc-updown-15m-1766372400,TRADE,UP,ACCUM,5,5,0.2201,1.1003,55,0.3482,45,0.6046,45,0.9528,2.1246,0.18,-1.3578,8.6422,0.0,441.64,SUCCESS
2025-12-22T03:03:29.921311+00:00,btc-updown-15m-1766372400,TRADE,DOWN,ACCUM,5,5,0.79,3.9502,55,0.3482,50,0.6231,50,0.9713,1.4332,0.09,-0.308,4.692,0.0,437.69,SUCCESS
2025-12-22T03:03:35.313060+00:00,btc-updown-15m-1766372400,TRADE,UP,ACCUM,5,5,0.2301,1.1503,60,0.3384,50,0.6231,50,0.9615,1.9256,0.17,-1.4583,8.5417,0.0,436.54,SUCCESS
2025-12-22T03:03:35.313231+00:00,btc-updown-15m-1766372400,TRADE,DOWN,ACCUM,5,5,0.7804,3.9018,60,0.3384,55,0.6374,55,0.9758,1.3318,0.08,-0.3601,4.6399,0.0,432.64,SUCCESS
2025-12-22T03:03:40.722227+00:00,btc-updown-15m-1766372400,TRADE,DOWN,ACCUM,5,5,0.83,4.1502,60,0.3384,60,0.6535,60,0.9918,0.4898,0.0,0.4898,0.4898,0.0,428.49,SUCCESS
2025-12-22T03:15:00.917687+00:00,btc-updown-15m-1766372400,RESOLUTION,UP,MARKET_END,120,120,1.0,59.5102,60,0.3384,60,0.6535,60,0.9918,0.4898,0.0,0.0,0.0,0.4898,488.49,RESOLVED
2025-12-22T03:15:08.990126+00:00,btc-updown-15m-1766373300,TRADE,UP,ACCUM,5,5,0.4802,2.4011,5,0.4802,0,0.0,0,0.0,0.0,1.0,-2.4011,2.5989,0.0,486.09,SUCCESS
2025-12-22T03:15:08.990301+00:00,btc-updown-15m-1766373300,TRADE,DOWN,ACCUM,5,5,0.5302,2.6509,5,0.4802,5,0.5302,5,1.0104,-0.052,0.0,-0.052,-0.052,0.0,483.44,SUCCESS
2025-12-22T03:16:24.986969+00:00,btc-updown-15m-1766373300,TRADE,DOWN,ACCUM,5,5,0.4701,2.3503,5,0.4802,10,0.5001,5,0.9803,0.0983,0.5,-2.4023,2.5977,0.0,481.09,SUCCESS
2025-12-22T03:16:30.380045+00:00,btc-updown-15m-1766373300,TRADE,DOWN,ACCUM,5,5,0.4402,2.201,5,0.4802,15,0.4801,5,0.9604,0.1981,0.67,-4.6034,5.3966,0.0,478.89,SUCCESS
2025-12-22T03:18:07.919756+00:00,btc-updown-15m-1766373300,TRADE,UP,ACCUM,5,5,0.54,2.7001,10,0.5101,15,0.4801,10,0.9903,0.0972,0.33,-2.3035,2.6965,0.0,476.19,SUCCESS
2025-12-22T03:18:13.347191+00:00,btc-updown-15m-1766373300,TRADE,DOWN,ACCUM,5,5,0.4601,2.3003,10,0.5101,20,0.4751,10,0.9853,0.1475,0.5,-4.6038,5.3962,0.0,473.89,SUCCESS
2025-12-22T03:18:18.748467+00:00,btc-updown-15m-1766373300,TRADE,UP,ACCUM,5,3,0.6002,1.8006,13,0.5309,20,0.4751,13,1.006,-0.0786,0.35,-3.4045,3.5955,0.0,472.09,SUCCESS
2025-12-22T03:30:06.734227+00:00,btc-updown-15m-1766374200,TRADE,UP,ACCUM,5,5,0.4501,2.2507,5,0.4501,0,0.0,0,0.0,0.0,1.0,-2.2507,2.7493,0.0,485.75,SUCCESS
2025-12-22T03:30:06.735105+00:00,btc-updown-15m-1766374200,TRADE,DOWN,ACCUM,5,5,0.5603,2.8013,5,0.4501,5,0.5603,5,1.0104,-0.052,0.0,-0.052,-0.052,0.0,482.95,SUCCESS
2025-12-22T03:30:23.216098+00:00,btc-updown-15m-1766374200,TRADE,DOWN,ACCUM,5,5,0.4502,2.2509,5,0.4501,10,0.5052,5,0.9554,0.2232,0.5,-2.3029,2.6971,0.0,480.7,SUCCESS
2025-12-22T03:30:34.079111+00:00,btc-updown-15m-1766374200,TRADE,UP,ACCUM,5,5,0.5,2.5,10,0.4751,10,0.5052,10,0.9803,0.197,0.0,0.197,0.197,0.0,478.2,SUCCESS
2025-12-22T03:30:34.079509+00:00,btc-updown-15m-1766374200,TRADE,DOWN,ACCUM,5,5,0.5101,2.5505,10,0.4751,15,0.5068,10,0.9819,0.1808,0.33,-2.3534,2.6466,0.0,475.65,SUCCESS
2025-12-22T03:30:39.475570+00:00,btc-updown-15m-1766374200,TRADE,DOWN,ACCUM,5,5,0.5299,2.6497,10,0.4751,20,0.5126,10,0.9877,0.123,0.5,-5.0032,4.9968,0.0,473.0,SUCCESS
2025-12-22T03:30:44.900811+00:00,btc-updown-15m-1766374200,TRADE,DOWN,ACCUM,5,5,0.5001,2.5004,10,0.4751,25,0.5101,10,0.9852,0.1481,0.6,-7.5036,7.4964,0.0,470.5,SUCCESS
2025-12-22T03:30:50.324556+00:00,btc-updown-15m-1766374200,TRADE,UP,ACCUM,5,5,0.44,2.2001,15,0.4634,25,0.5101,15,0.9735,0.3974,0.4,-4.7037,5.2963,0.0,468.3,SUCCESS
2025-12-22T03:30:55.750665+00:00,btc-updown-15m-1766374200,TRADE,DOWN,ACCUM,5,5,0.5401,2.7004,15,0.4634,30,0.5151,15,0.9785,0.3225,0.5,-7.4041,7.5959,0.0,465.6,SUCCESS
2025-12-22T03:31:01.181630+00:00,btc-updown-15m-1766374200,TRADE,UP,ACCUM,5,5,0.4801,2.4004,20,0.4676,30,0.5151,20,0.9827,0.3466,0.33,-4.8045,5.1955,0.0,463.2,SUCCESS
2025-12-22T03:31:01.182017+00:00,btc-updown-15m-1766374200,TRADE,DOWN,ACCUM,5,5,0.54,2.7001,20,0.4676,35,0.5187,20,0.9862,0.2754,0.43,-7.5046,7.4954,0.0,460.5,SUCCESS
2025-12-22T03:31:06.582186+00:00,btc-updown-15m-1766374200,TRADE,UP,ACCUM,5,5,0.4201,2.1005,25,0.4581,35,0.5187,25,0.9767,0.5816,0.29,-4.6051,5.3949,0.0,458.39,SUCCESS
2025-12-22T03:31:12.006129+00:00,btc-updown-15m-1766374200,TRADE,UP,ACCUM,5,5,0.4102,2.0508,30,0.4501,35,0.5187,30,0.9688,0.9375,0.14,-1.6559,3.3441,0.0,456.34,SUCCESS
2025-12-22T03:31:12.006300+00:00,btc-updown-15m-1766374200,TRADE,DOWN,ACCUM,5,5,0.6002,3.001,30,0.4501,40,0.5289,30,0.9789,0.6317,0.25,-4.6569,5.3431,0.0,453.34,SUCCESS
2025-12-22T03:31:17.411441+00:00,btc-updown-15m-1766374200,TRADE,UP,ACCUM,5,5,0.3701,1.8503,35,0.4387,40,0.5289,35,0.9675,1.1371,0.12,-1.5072,3.4928,0.0,451.49,SUCCESS
2025-12-22T03:31:17.412588+00:00,btc-updown-15m-1766374200,TRADE,DOWN,ACCUM,5,5,0.6503,3.2515,35,0.4387,45,0.5424,35,0.981,0.6648,0.22,-4.7587,5.2413,0.0,448.24,SUCCESS
2025-12-22T03:31:22.829697+00:00,btc-updown-15m-1766374200,TRADE,UP,ACCUM,5,2,0.4202,0.8404,37,0.4377,45,0.5424,37,0.98,0.7397,0.18,-3.5991,4.4009,0.0,447.4,SUCCESS
2025-12-22T03:31:22.829874+00:00,btc-updown-15m-1766374200,TRADE,DOWN,ACCUM,5,5,0.5901,2.9506,37,0.4377,50,0.5471,37,0.9848,0.563,0.26,-6.5498,6.4502,0.0,444.45,SUCCESS
2025-12-22T03:31:28.347492+00:00,btc-updown-15m-1766374200,TRADE,UP,ACCUM,5,5,0.3902,1.9509,42,0.432,50,0.5471,42,0.9791,0.8764,0.16,-3.5006,4.4994,0.0,442.5,SUCCESS
2025-12-22T03:31:28.348022+00:00,btc-updown-15m-1766374200,TRADE,DOWN,ACCUM,5,5,0.6002,3.0008,42,0.432,55,0.552,42,0.984,0.6739,0.24,-6.5015,6.4985,0.0,439.5,SUCCESS
2025-12-22T03:31:33.778968+00:00,btc-updown-15m-1766374200,TRADE,UP,ACCUM,5,5,0.41,2.0501,47,0.4297,55,0.552,47,0.9816,0.8641,0.15,-3.5516,4.4484,0.0,437.45,SUCCESS
2025-12-22T03:31:33.779293+00:00,btc-updown-15m-1766374200,TRADE,DOWN,ACCUM,5,1,0.6003,0.6003,47,0.4297,56,0.5528,47,0.9825,0.8235,0.16,-4.1518,4.8482,0.0,436.85,SUCCESS
2025-12-22T03:31:39.300230+00:00,btc-updown-15m-1766374200,TRADE,DOWN,ACCUM,5,5,0.64,3.2002,47,0.4297,61,0.56,47,0.9896,0.4875,0.23,-7.352,6.648,0.0,433.65,SUCCESS
2025-12-22T03:31:44.689224+00:00,btc-updown-15m-1766374200,TRADE,UP,ACCUM,5,3,0.36,1.0801,50,0.4255,61,0.56,50,0.9855,0.7275,0.18,-5.4321,5.5679,0.0,432.57,SUCCESS
2025-12-22T03:31:50.078599+00:00,btc-updown-15m-1766374200,TRADE,UP,ACCUM,5,5,0.3701,1.8504,55,0.4204,61,0.56,55,0.9804,1.0773,0.1,-2.2825,3.7175,0.0,430.72,SUCCESS
2025-12-22T03:31:50.078975+00:00,btc-updown-15m-1766374200,TRADE,DOWN,ACCUM,5,5,0.6402,3.201,55,0.4204,66,0.566,55,0.9865,0.743,0.17,-5.4835,5.5165,0.0,427.52,SUCCESS
2025-12-22T03:31:55.509394+00:00,btc-updown-15m-1766374200,TRADE,UP,ACCUM,5,5,0.3501,1.7503,60,0.4146,66,0.566,60,0.9806,1.1625,0.09,-2.2338,3.7662,0.0,425.77,SUCCESS
2025-12-22T03:31:55.509911+00:00,btc-updown-15m-1766374200,TRADE,DOWN,ACCUM,5,5,0.6601,3.3006,60,0.4146,71,0.5727,60,0.9872,0.765,0.15,-5.5343,5.4657,0.0,422.47,SUCCESS
2025-12-22T03:32:01.023859+00:00,btc-updown-15m-1766374200,TRADE,DOWN,ACCUM,5,5,0.6703,3.3516,60,0.4146,76,0.5791,60,0.9937,0.3795,0.21,-8.886,7.114,0.0,419.11,SUCCESS
2025-12-22T03:32:11.962789+00:00,btc-updown-15m-1766374200,TRADE,UP,ACCUM,5,5,0.4102,2.0509,65,0.4142,76,0.5791,65,0.9933,0.4332,0.14,-5.9369,5.0631,0.0,417.06,SUCCESS
2025-12-22T03:32:17.348333+00:00,btc-updown-15m-1766374200,TRADE,UP,ACCUM,5,5,0.3401,1.7003,70,0.4089,76,0.5791,70,0.988,0.8374,0.08,-2.6372,3.3628,0.0,415.36,SUCCESS
2025-12-22T03:32:22.761633+00:00,btc-updown-15m-1766374200,TRADE,UP,ACCUM,5,5,0.3201,1.6004,75,0.403,76,0.5791,75,0.9821,1.3415,0.01,0.7624,1.7624,0.0,413.76,SUCCESS
2025-12-22T03:45:03.179831+00:00,btc-updown-15m-1766374200,RESOLUTION,DOWN,MARKET_END,151,151,1.0,74.2376,75,0.403,76,0.5791,75,0.9821,1.3415,0.01,0.0,0.0,1.7624,489.76,RESOLVED
2025-12-22T03:45:11.677551+00:00,btc-updown-15m-1766375100,TRADE,UP,ACCUM,5,5,0.4901,2.4503,5,0.4901,0,0.0,0,0.0,0.0,1.0,-2.4503,2.5497,0.0,487.31,SUCCESS
2025-12-22T03:45:11.677741+00:00,btc-updown-15m-1766375100,TRADE,DOWN,ACCUM,5,5,0.5202,2.6011,5,0.4901,5,0.5202,5,1.0103,-0.0514,0.0,-0.0514,-0.0514,0.0,484.71,SUCCESS
2025-12-22T03:45:22.546553+00:00,btc-updown-15m-1766375100,TRADE,DOWN,ACCUM,5,5,0.4301,2.1505,5,0.4901,10,0.4752,5,0.9652,0.1739,0.5,-2.2019,2.7981,0.0,482.56,SUCCESS
2025-12-22T03:45:28.005921+00:00,btc-updown-15m-1766375100,TRADE,DOWN,ACCUM,5,4,0.43,1.72,5,0.4901,14,0.4623,5,0.9523,0.2384,0.64,-3.9219,5.0781,0.0,480.84,SUCCESS
2025-12-22T03:45:33.414497+00:00,btc-updown-15m-1766375100,TRADE,DOWN,ACCUM,5,5,0.4201,2.1005,5,0.4901,19,0.4512,5,0.9412,0.2939,0.74,-6.0224,7.9776,0.0,478.74,SUCCESS
2025-12-22T03:45:38.811237+00:00,btc-updown-15m-1766375100,TRADE,DOWN,ACCUM,5,5,0.3802,1.9008,5,0.4901,24,0.4364,5,0.9264,0.3679,0.79,-7.9232,11.0768,0.0,476.84,SUCCESS
2025-12-22T03:45:44.243700+00:00,btc-updown-15m-1766375100,TRADE,UP,ACCUM,5,5,0.6102,3.0511,10,0.5501,24,0.4364,10,0.9865,0.1349,0.58,-5.9743,8.0257,0.0,473.79,SUCCESS
2025-12-22T03:45:44.244913+00:00,btc-updown-15m-1766375100,TRADE,DOWN,ACCUM,5,5,0.4002,2.0008,10,0.5501,29,0.4301,10,0.9803,0.1974,0.66,-7.975,11.025,0.0,471.79,SUCCESS
2025-12-22T03:45:49.675463+00:00,btc-updown-15m-1766375100,TRADE,DOWN,ACCUM,5,5,0.4002,2.0008,10,0.5501,34,0.4257,10,0.9759,0.2415,0.71,-9.9758,14.0242,0.0,469.79,SUCCESS
2025-12-22T03:45:55.074941+00:00,btc-updown-15m-1766375100,TRADE,UP,ACCUM,10,10,0.6202,6.2018,20,0.5852,34,0.4257,20,1.0109,-0.2175,0.41,-6.1776,7.8224,0.0,463.58,SUCCESS
2025-12-22T03:46:22.221297+00:00,btc-updown-15m-1766375100,TRADE,DOWN,ACCUM,5,5,0.26,1.3,20,0.5852,39,0.4045,20,0.9896,0.2074,0.49,-7.4776,11.5224,0.0,462.28,SUCCESS
2025-12-22T03:46:27.675205+00:00,btc-updown-15m-1766375100,TRADE,DOWN,ACCUM,5,5,0.2801,1.4004,20,0.5852,44,0.3903,20,0.9755,0.4901,0.55,-8.878,15.122,0.0,460.88,SUCCESS
2025-12-22T03:46:33.103421+00:00,btc-updown-15m-1766375100,TRADE,UP,ACCUM,10,10,0.7103,7.1027,30,0.6269,44,0.3903,30,1.0172,-0.516,0.32,-5.9807,8.0193,0.0,453.78,SUCCESS
2025-12-22T03:51:10.043843+00:00,btc-updown-15m-1766375100,TRADE,UP,ACCUM,5,5,0.4401,2.2004,35,0.6002,44,0.3903,35,0.9905,0.332,0.2,-3.1811,5.8189,0.0,451.58,SUCCESS
2025-12-22T03:51:15.556895+00:00,btc-updown-15m-1766375100,TRADE,UP,ACCUM,5,5,0.41,2.0502,40,0.5764,44,0.3903,40,0.9667,1.3301,0.09,-0.2313,3.7687,0.0,449.53,SUCCESS
2025-12-22T03:51:20.945610+00:00,btc-updown-15m-1766375100,TRADE,DOWN,ACCUM,5,5,0.6003,3.0015,40,0.5764,49,0.4118,40,0.9882,0.4731,0.18,-3.2327,5.7673,0.0,446.53,SUCCESS
2025-12-22T03:51:26.412744+00:00,btc-updown-15m-1766375100,TRADE,UP,ACCUM,5,5,0.4401,2.2007,45,0.5613,49,0.4118,45,0.973,1.2137,0.08,-0.4334,3.5666,0.0,444.33,SUCCESS
2025-12-22T03:51:31.826856+00:00,btc-updown-15m-1766375100,TRADE,DOWN,ACCUM,5,5,0.5901,2.9506,45,0.5613,54,0.4283,45,0.9895,0.4705,0.17,-3.384,5.616,0.0,441.38,SUCCESS
2025-12-22T03:51:37.226099+00:00,btc-updown-15m-1766375100,TRADE,UP,ACCUM,5,5,0.4401,2.2004,50,0.5491,54,0.4283,50,0.9774,1.1287,0.07,-0.5845,3.4155,0.0,439.18,SUCCESS
2025-12-22T03:51:42.760586+00:00,btc-updown-15m-1766375100,TRADE,DOWN,ACCUM,5,5,0.5901,2.9507,50,0.5491,59,0.442,50,0.9911,0.4428,0.15,-3.5351,5.4649,0.0,436.23,SUCCESS
2025-12-22T03:51:48.279975+00:00,btc-updown-15m-1766375100,TRADE,UP,ACCUM,5,5,0.4002,2.001,55,0.5356,59,0.442,55,0.9776,1.2319,0.07,-0.5361,3.4639,0.0,434.23,SUCCESS
2025-12-22T03:51:53.675048+00:00,btc-updown-15m-1766375100,TRADE,UP,ACCUM,5,5,0.4302,2.1508,60,0.5268,59,0.442,59,0.9688,1.8399,0.02,1.3131,2.3131,0.0,432.08,SUCCESS
2025-12-22T03:51:53.675906+00:00,btc-updown-15m-1766375100,TRADE,DOWN,ACCUM,5,5,0.5801,2.9003,60,0.5268,64,0.4528,60,0.9796,1.2239,0.06,-0.5872,3.4128,0.0,429.18,SUCCESS
2025-12-22T03:51:59.098627+00:00,btc-updown-15m-1766375100,TRADE,UP,ACCUM,5,5,0.4202,2.1008,65,0.5186,64,0.4528,64,0.9714,1.8307,0.02,1.312,2.312,0.0,427.07,SUCCESS
2025-12-22T03:51:59.099307+00:00,btc-updown-15m-1766375100,TRADE,DOWN,ACCUM,5,5,0.5901,2.9505,65,0.5186,69,0.4627,65,0.9813,1.2124,0.06,-0.6385,3.3615,0.0,424.12,SUCCESS
2025-12-22T03:52:04.530503+00:00,btc-updown-15m-1766375100,TRADE,UP,ACCUM,5,5,0.3901,1.9504,70,0.5094,69,0.4627,69,0.9722,1.9206,0.01,1.4111,2.4111,0.0,422.17,SUCCESS
2025-12-22T03:52:04.531396+00:00,btc-updown-15m-1766375100,TRADE,DOWN,ACCUM,5,5,0.6303,3.1515,70,0.5094,74,0.4741,70,0.9835,1.1558,0.05,-0.7404,3.2596,0.0,419.02,SUCCESS
2025-12-22T03:52:09.942770+00:00,btc-updown-15m-1766375100,TRADE,UP,ACCUM,5,5,0.4602,2.3009,75,0.5061,74,0.4741,74,0.9802,1.4649,0.01,0.9587,1.9587,0.0,416.72,SUCCESS
2025-12-22T03:52:09.943173+00:00,btc-updown-15m-1766375100,TRADE,DOWN,ACCUM,5,5,0.5501,2.7506,75,0.5061,79,0.4789,75,0.985,1.1236,0.05,-0.7919,3.2081,0.0,413.97,SUCCESS
2025-12-22T04:00:03.532589+00:00,btc-updown-15m-1766375100,RESOLUTION,UP,MARKET_END,154,154,1.0,75.7919,75,0.5061,79,0.4789,75,0.985,1.1236,0.05,0.0,0.0,-0.7906,488.97,RESOLVED
2025-12-22T04:00:11.692165+00:00,btc-updown-15m-1766376000,TRADE,UP,ACCUM,5,5,0.5001,2.5004,5,0.5001,0,0.0,0,0.0,0.0,1.0,-2.5004,2.4996,0.0,486.47,SUCCESS
2025-12-22T04:00:11.692349+00:00,btc-updown-15m-1766376000,TRADE,DOWN,ACCUM,5,5,0.51,2.5502,5,0.5001,5,0.51,5,1.0101,-0.0506,0.0,-0.0506,-0.0506,0.0,483.92,SUCCESS
2025-12-22T04:00:33.319885+00:00,btc-updown-15m-1766376000,TRADE,DOWN,ACCUM,5,5,0.4601,2.3003,5,0.5001,10,0.485,5,0.9851,0.0744,0.5,-2.3509,2.6491,0.0,481.62,SUCCESS
2025-12-22T04:00:38.832869+00:00,btc-updown-15m-1766376000,TRADE,DOWN,ACCUM,5,5,0.4502,2.251,5,0.5001,15,0.4734,5,0.9735,0.1325,0.67,-4.6019,5.3981,0.0,479.37,SUCCESS
2025-12-22T04:00:44.243401+00:00,btc-updown-15m-1766376000,TRADE,DOWN,ACCUM,5,5,0.4502,2.2508,5,0.5001,20,0.4676,5,0.9677,0.1616,0.75,-6.8526,8.1474,0.0,477.12,SUCCESS
2025-12-22T04:00:49.793154+00:00,btc-updown-15m-1766376000,TRADE,DOWN,ACCUM,5,5,0.4502,2.251,5,0.5001,25,0.4641,5,0.9642,0.179,0.8,-9.1037,10.8963,0.0,474.87,SUCCESS
2025-12-22T04:00:55.451035+00:00,btc-updown-15m-1766376000,TRADE,DOWN,ACCUM,5,5,0.4101,2.0505,5,0.5001,30,0.4551,5,0.9552,0.224,0.83,-11.1542,13.8458,0.0,472.82,SUCCESS
2025-12-22T04:01:06.509507+00:00,btc-updown-15m-1766376000,TRADE,UP,ACCUM,10,8,0.5898,4.7183,13,0.5553,30,0.4551,13,1.0104,-0.1353,0.57,-7.8725,9.1275,0.0,468.1,SUCCESS
2025-12-22T04:03:00.515207+00:00,btc-updown-15m-1766376000,TRADE,DOWN,ACCUM,5,5,0.3401,1.7005,13,0.5553,35,0.4387,13,0.994,0.0783,0.63,-9.5729,12.4271,0.0,466.4,SUCCESS
2025-12-22T04:03:49.521869+00:00,btc-updown-15m-1766376000,TRADE,UP,ACCUM,10,7,0.4202,2.9414,20,0.508,35,0.4387,20,0.9467,1.0661,0.43,-5.5144,9.4856,0.0,463.46,SUCCESS
2025-12-22T04:03:54.963893+00:00,btc-updown-15m-1766376000,TRADE,UP,ACCUM,5,5,0.43,2.1502,25,0.4924,35,0.4387,25,0.9311,1.7223,0.29,-2.6646,7.3354,0.0,461.31,SUCCESS
2025-12-22T04:03:54.964102+00:00,btc-updown-15m-1766376000,TRADE,DOWN,ACCUM,5,5,0.5903,2.9513,25,0.4924,40,0.4576,25,0.9501,1.2487,0.38,-5.6159,9.3841,0.0,458.35,SUCCESS
2025-12-22T04:04:00.507147+00:00,btc-updown-15m-1766376000,TRADE,UP,ACCUM,5,5,0.4402,2.2011,30,0.4837,40,0.4576,30,0.9414,1.7595,0.25,-2.8169,7.1831,0.0,456.15,SUCCESS
2025-12-22T04:04:05.904720+00:00,btc-updown-15m-1766376000,TRADE,UP,ACCUM,5,5,0.4002,2.0008,35,0.4718,40,0.4576,35,0.9294,2.4705,0.12,0.1823,5.1823,0.0,454.15,SUCCESS
2025-12-22T04:04:05.904904+00:00,btc-updown-15m-1766376000,TRADE,DOWN,ACCUM,5,5,0.6002,3.001,35,0.4718,45,0.4735,35,0.9453,1.9161,0.22,-2.8187,7.1813,0.0,451.15,SUCCESS
2025-12-22T04:04:11.296359+00:00,btc-updown-15m-1766376000,TRADE,UP,ACCUM,5,5,0.39,1.9501,40,0.4616,45,0.4735,40,0.935,2.5986,0.11,0.2312,5.2312,0.0,449.2,SUCCESS
2025-12-22T04:04:11.296663+00:00,btc-updown-15m-1766376000,TRADE,DOWN,ACCUM,5,5,0.6202,3.1011,40,0.4616,50,0.4882,40,0.9497,2.0116,0.2,-2.8699,7.1301,0.0,446.1,SUCCESS
2025-12-22T04:04:16.700616+00:00,btc-updown-15m-1766376000,TRADE,UP,ACCUM,5,5,0.4301,2.1505,45,0.4581,50,0.4882,45,0.9462,2.4204,0.1,-0.0204,4.9796,0.0,443.95,SUCCESS
2025-12-22T04:04:16.701487+00:00,btc-updown-15m-1766376000,TRADE,DOWN,ACCUM,5,5,0.59,2.9502,45,0.4581,55,0.4974,45,0.9555,2.0035,0.18,-2.9706,7.0294,0.0,441.0,SUCCESS
2025-12-22T04:04:22.121045+00:00,btc-updown-15m-1766376000,TRADE,UP,ACCUM,5,2,0.4601,0.9202,47,0.4581,55,0.4974,47,0.9556,2.0885,0.15,-1.8908,6.1092,0.0,440.08,SUCCESS
2025-12-22T04:04:22.121389+00:00,btc-updown-15m-1766376000,TRADE,DOWN,ACCUM,5,3,0.5502,1.6506,47,0.4581,58,0.5001,47,0.9583,1.9602,0.19,-3.5414,7.4586,0.0,438.43,SUCCESS
2025-12-22T04:04:27.525867+00:00,btc-updown-15m-1766376000,TRADE,UP,ACCUM,5,5,0.4702,2.3509,52,0.4593,58,0.5001,52,0.9595,2.1086,0.1,-0.8923,5.1077,0.0,436.08,SUCCESS
2025-12-22T04:04:27.526744+00:00,btc-updown-15m-1766376000,TRADE,DOWN,ACCUM,5,5,0.5502,2.7509,52,0.4593,63,0.5041,52,0.9634,1.9021,0.17,-3.6432,7.3568,0.0,433.33,SUCCESS
2025-12-22T04:04:33.039185+00:00,btc-updown-15m-1766376000,TRADE,UP,ACCUM,5,5,0.4301,2.1504,57,0.4567,63,0.5041,57,0.9609,2.2311,0.1,-0.7936,5.2064,0.0,431.18,SUCCESS
2025-12-22T04:04:33.039788+00:00,btc-updown-15m-1766376000,TRADE,DOWN,ACCUM,5,5,0.5802,2.901,57,0.4567,68,0.5097,57,0.9665,1.9122,0.16,-3.6946,7.3054,0.0,428.28,SUCCESS
2025-12-22T04:04:38.590472+00:00,btc-updown-15m-1766376000,TRADE,DOWN,ACCUM,5,5,0.5802,2.901,57,0.4567,73,0.5145,57,0.9713,1.6371,0.22,-6.5955,9.4045,0.0,425.37,SUCCESS
2025-12-22T04:04:44.117164+00:00,btc-updown-15m-1766376000,TRADE,UP,ACCUM,5,5,0.46,2.3,62,0.457,73,0.5145,62,0.9715,1.7644,0.15,-3.8956,7.1044,0.0,423.07,SUCCESS
2025-12-22T04:04:44.117391+00:00,btc-updown-15m-1766376000,TRADE,DOWN,ACCUM,5,5,0.55,2.7501,62,0.457,78,0.5168,62,0.9738,1.6233,0.21,-6.6457,9.3543,0.0,420.32,SUCCESS
2025-12-22T04:04:49.545110+00:00,btc-updown-15m-1766376000,TRADE,UP,ACCUM,5,2,0.44,0.8801,64,0.4565,78,0.5168,64,0.9733,1.7096,0.18,-5.5258,8.4742,0.0,419.44,SUCCESS
2025-12-22T04:04:55.033113+00:00,btc-updown-15m-1766376000,TRADE,UP,ACCUM,5,5,0.4201,2.1005,69,0.4538,78,0.5168,69,0.9707,2.0251,0.12,-2.6262,6.3738,0.0,417.34,SUCCESS
2025-12-22T04:05:00.468400+00:00,btc-updown-15m-1766376000,TRADE,UP,ACCUM,5,5,0.3702,1.8509,74,0.4482,78,0.5168,74,0.965,2.5901,0.05,0.5229,4.5229,0.0,415.49,SUCCESS
2025-12-22T04:05:05.869472+00:00,btc-updown-15m-1766376000,TRADE,UP,ACCUM,5,5,0.3801,1.9004,79,0.4439,78,0.5168,78,0.9607,3.0663,0.01,2.6225,3.6225,0.0,413.59,SUCCESS
2025-12-22T04:15:00.094781+00:00,btc-updown-15m-1766376000,RESOLUTION,UP,MARKET_END,157,157,1.0,75.3775,79,0.4439,78,0.5168,78,0.9607,3.0663,0.01,0.0,0.0,3.6225,492.59,RESOLVED
2025-12-22T04:15:07.878181+00:00,btc-updown-15m-1766376900,TRADE,UP,ACCUM,5,5,0.5702,2.8509,5,0.5702,0,0.0,0,0.0,0.0,1.0,-2.8509,2.1491,0.0,489.74,SUCCESS
2025-12-22T04:15:07.878648+00:00,btc-updown-15m-1766376900,TRADE,DOWN,ACCUM,5,5,0.4402,2.2009,5,0.5702,5,0.4402,5,1.0104,-0.0518,0.0,-0.0518,-0.0518,0.0,487.54,SUCCESS
2025-12-22T04:15:45.883472+00:00,btc-updown-15m-1766376900,TRADE,UP,ACCUM,5,5,0.5301,2.6505,10,0.5501,5,0.4402,5,0.9903,0.0484,0.5,-2.7023,2.2977,0.0,484.89,SUCCESS
2025-12-22T04:15:51.415600+00:00,btc-updown-15m-1766376900,TRADE,UP,ACCUM,5,5,0.4901,2.4503,15,0.5301,5,0.4402,5,0.9703,0.1486,0.67,-5.1526,4.8474,0.0,482.44,SUCCESS
2025-12-22T04:15:56.819211+00:00,btc-updown-15m-1766376900,TRADE,UP,ACCUM,5,5,0.4902,2.4509,20,0.5201,5,0.4402,5,0.9603,0.1985,0.75,-7.6036,7.3964,0.0,479.99,SUCCESS
2025-12-22T04:16:02.366687+00:00,btc-updown-15m-1766376900,TRADE,UP,ACCUM,5,3,0.5002,1.5006,23,0.5175,5,0.4402,5,0.9577,0.2115,0.78,-9.1042,8.8958,0.0,478.49,SUCCESS
2025-12-22T04:16:07.808151+00:00,btc-updown-15m-1766376900,TRADE,UP,ACCUM,5,5,0.4901,2.4507,28,0.5126,5,0.4402,5,0.9528,0.2359,0.82,-11.5549,11.4451,0.0,476.04,SUCCESS
2025-12-22T04:16:13.201452+00:00,btc-updown-15m-1766376900,TRADE,DOWN,ACCUM,10,10,0.4602,4.6023,28,0.5126,15,0.4535,15,0.9662,0.5072,0.46,-6.1571,6.8429,0.0,471.44,SUCCESS
2025-12-22T04:16:18.622651+00:00,btc-updown-15m-1766376900,TRADE,UP,ACCUM,5,5,0.5801,2.9007,33,0.5229,15,0.4535,15,0.9764,0.3538,0.55,-9.0578,8.9422,0.0,468.54,SUCCESS
2025-12-22T04:16:18.623613+00:00,btc-updown-15m-1766376900,TRADE,DOWN,ACCUM,5,5,0.4302,2.151,33,0.5229,20,0.4477,20,0.9706,0.5885,0.39,-6.2088,6.7912,0.0,466.38,SUCCESS
2025-12-22T04:16:24.153639+00:00,btc-updown-15m-1766376900,TRADE,UP,ACCUM,5,5,0.5801,2.9003,38,0.5304,20,0.4477,20,0.9781,0.438,0.47,-9.1091,8.8909,0.0,463.48,SUCCESS
2025-12-22T04:16:24.153858+00:00,btc-updown-15m-1766376900,TRADE,DOWN,ACCUM,5,2,0.43,0.86,38,0.5304,22,0.4461,22,0.9765,0.5172,0.42,-7.9691,8.0309,0.0,462.62,SUCCESS
2025-12-22T04:16:29.609132+00:00,btc-updown-15m-1766376900,TRADE,UP,ACCUM,5,5,0.6,3.0,43,0.5385,22,0.4461,22,0.9846,0.3391,0.49,-10.9692,10.0308,0.0,459.62,SUCCESS
2025-12-22T04:16:29.610091+00:00,btc-updown-15m-1766376900,TRADE,DOWN,ACCUM,5,5,0.4101,2.0503,43,0.5385,27,0.4394,27,0.9779,0.5963,0.37,-8.0195,7.9805,0.0,457.57,SUCCESS
2025-12-22T04:16:35.044296+00:00,btc-updown-15m-1766376900,TRADE,UP,ACCUM,5,5,0.6198,3.0991,48,0.547,27,0.4394,27,0.9864,0.3676,0.44,-11.1186,9.8814,0.0,454.47,SUCCESS
2025-12-22T04:16:35.044666+00:00,btc-updown-15m-1766376900,TRADE,DOWN,ACCUM,5,5,0.3901,1.9504,48,0.547,32,0.4317,32,0.9787,0.6824,0.33,-8.069,7.931,0.0,452.52,SUCCESS
2025-12-22T04:16:40.440462+00:00,btc-updown-15m-1766376900,TRADE,UP,ACCUM,5,5,0.6003,3.0015,53,0.552,32,0.4317,32,0.9837,0.5214,0.4,-11.0704,9.9296,0.0,449.52,SUCCESS
2025-12-22T04:16:40.441460+00:00,btc-updown-15m-1766376900,TRADE,DOWN,ACCUM,5,5,0.4101,2.0506,53,0.552,37,0.4288,37,0.9808,0.7108,0.3,-8.1211,7.8789,0.0,447.47,SUCCESS
2025-12-22T04:16:45.837046+00:00,btc-updown-15m-1766376900,TRADE,UP,ACCUM,5,5,0.6003,3.0015,58,0.5562,37,0.4288,37,0.985,0.5567,0.36,-11.1226,9.8774,0.0,444.47,SUCCESS
2025-12-22T04:16:45.837554+00:00,btc-updown-15m-1766376900,TRADE,DOWN,ACCUM,5,5,0.41,2.0502,58,0.5562,42,0.4266,42,0.9827,0.7257,0.28,-8.1728,7.8272,0.0,442.42,SUCCESS
2025-12-22T04:16:51.496177+00:00,btc-updown-15m-1766376900,TRADE,UP,ACCUM,5,5,0.6001,3.0003,63,0.5596,42,0.4266,42,0.9862,0.5794,0.33,-11.173,9.827,0.0,439.42,SUCCESS
2025-12-22T04:16:51.496604+00:00,btc-updown-15m-1766376900,TRADE,DOWN,ACCUM,5,5,0.4101,2.0506,63,0.5596,47,0.4248,47,0.9845,0.7306,0.25,-8.2237,7.7763,0.0,437.37,SUCCESS
2025-12-22T04:16:56.900750+00:00,btc-updown-15m-1766376900,TRADE,UP,ACCUM,5,5,0.6102,3.0512,68,0.5634,47,0.4248,47,0.9882,0.5557,0.31,-11.2749,9.7251,0.0,434.32,SUCCESS
2025-12-22T04:16:56.900890+00:00,btc-updown-15m-1766376900,TRADE,DOWN,ACCUM,5,2,0.4201,0.8403,68,0.5634,49,0.4246,49,0.988,0.5887,0.28,-10.1152,8.8848,0.0,433.48,SUCCESS
2025-12-22T04:17:02.324567+00:00,btc-updown-15m-1766376900,TRADE,DOWN,ACCUM,5,5,0.4302,2.151,68,0.5634,54,0.4251,54,0.9885,0.6209,0.21,-7.2661,6.7339,0.0,431.33,SUCCESS
2025-12-22T04:17:07.841474+00:00,btc-updown-15m-1766376900,TRADE,UP,ACCUM,5,5,0.6101,3.0504,73,0.5666,54,0.4251,54,0.9917,0.4481,0.26,-10.3166,8.6834,0.0,428.28,SUCCESS
2025-12-22T04:17:13.237628+00:00,btc-updown-15m-1766376900,TRADE,UP,ACCUM,5,5,0.5701,2.8503,78,0.5668,54,0.4251,54,0.9919,0.436,0.31,-13.1669,10.8331,0.0,425.43,SUCCESS
2025-12-22T04:17:13.238482+00:00,btc-updown-15m-1766376900,TRADE,DOWN,ACCUM,5,5,0.4401,2.2004,78,0.5668,59,0.4264,59,0.9932,0.4016,0.24,-10.3673,8.6327,0.0,423.23,SUCCESS
2025-12-22T04:17:18.646720+00:00,btc-updown-15m-1766376900,TRADE,DOWN,ACCUM,5,5,0.44,2.2001,78,0.5668,64,0.4275,64,0.9943,0.3676,0.18,-7.5674,6.4326,0.0,421.03,SUCCESS
2025-12-22T04:17:57.000306+00:00,btc-updown-15m-1766376900,TRADE,DOWN,ACCUM,5,5,0.4302,2.1509,78,0.5668,69,0.4277,69,0.9945,0.3828,0.12,-4.7183,4.2817,0.0,418.87,SUCCESS
2025-12-22T04:18:07.901677+00:00,btc-updown-15m-1766376900,TRADE,DOWN,ACCUM,5,4,0.43,1.7201,78,0.5668,73,0.4278,73,0.9946,0.3955,0.06,-2.4384,2.5616,0.0,417.15,SUCCESS
2025-12-22T04:18:13.314345+00:00,btc-updown-15m-1766376900,TRADE,DOWN,ACCUM,5,5,0.4302,2.1508,78,0.5668,78,0.4279,78,0.9947,0.4108,0.0,0.4108,0.4108,0.0,415.0,SUCCESS
2025-12-22T04:30:02.973300+00:00,btc-updown-15m-1766376900,RESOLUTION,UP,MARKET_END,156,156,1.0,77.5892,78,0.5668,78,0.4279,78,0.9947,0.4108,0.0,0.0,0.0,0.4108,493.0,RESOLVED
2025-12-22T04:30:10.744435+00:00,btc-updown-15m-1766377800,TRADE,UP,ACCUM,5,5,0.4601,2.3007,5,0.4601,0,0.0,0,0.0,0.0,1.0,-2.3007,2.6993,0.0,490.7,SUCCESS
2025-12-22T04:30:10.744860+00:00,btc-updown-15m-1766377800,TRADE,DOWN,ACCUM,5,5,0.5501,2.7506,5,0.4601,5,0.5501,5,1.0103,-0.0513,0.0,-0.0513,-0.0513,0.0,487.95,SUCCESS
2025-12-22T04:30:16.179181+00:00,btc-updown-15m-1766377800,TRADE,UP,ACCUM,5,5,0.4202,2.1008,10,0.4401,5,0.5501,5,0.9903,0.0487,0.5,-2.1521,2.8479,0.0,485.85,SUCCESS
2025-12-22T04:30:21.609372+00:00,btc-updown-15m-1766377800,TRADE,UP,ACCUM,5,5,0.4302,2.1509,15,0.4368,5,0.5501,5,0.9869,0.0653,0.67,-4.303,5.697,0.0,483.7,SUCCESS
2025-12-22T04:30:27.071791+00:00,btc-updown-15m-1766377800,TRADE,UP,ACCUM,5,5,0.37,1.8501,20,0.4201,5,0.5501,5,0.9702,0.1488,0.75,-6.1531,8.8469,0.0,481.85,SUCCESS
2025-12-22T04:30:32.484550+00:00,btc-updown-15m-1766377800,TRADE,UP,ACCUM,5,5,0.3501,1.7503,25,0.4061,5,0.5501,5,0.9562,0.2188,0.8,-7.9035,12.0965,0.0,480.1,SUCCESS
2025-12-22T04:30:37.919959+00:00,btc-updown-15m-1766377800,TRADE,UP,ACCUM,5,5,0.3401,1.7007,30,0.3951,5,0.5501,5,0.9452,0.2738,0.83,-9.6041,15.3959,0.0,478.4,SUCCESS
2025-12-22T04:30:54.317889+00:00,btc-updown-15m-1766377800,TRADE,DOWN,ACCUM,10,10,0.6401,6.401,30,0.3951,15,0.6101,15,1.0052,-0.0784,0.5,-6.0052,8.9948,0.0,472.0,SUCCESS
2025-12-22T04:31:21.402709+00:00,btc-updown-15m-1766377800,TRADE,UP,ACCUM,5,5,0.3201,1.6005,35,0.3844,15,0.6101,15,0.9945,0.0823,0.57,-7.6057,12.3943,0.0,470.4,SUCCESS
2025-12-22T04:31:26.819209+00:00,btc-updown-15m-1766377800,TRADE,UP,ACCUM,5,5,0.3201,1.6004,40,0.3764,15,0.6101,15,0.9865,0.2029,0.62,-9.2061,15.7939,0.0,468.8,SUCCESS
2025-12-22T04:38:31.521944+00:00,btc-updown-15m-1766377800,TRADE,DOWN,ACCUM,10,10,0.53,5.3001,40,0.3764,25,0.5781,25,0.9544,1.1392,0.38,-4.5062,10.4938,0.0,463.5,SUCCESS
2025-12-22T04:38:37.064640+00:00,btc-updown-15m-1766377800,TRADE,UP,ACCUM,5,5,0.4502,2.2508,45,0.3846,25,0.5781,25,0.9626,0.9342,0.44,-6.7571,13.2429,0.0,461.25,SUCCESS
2025-12-22T04:38:37.065038+00:00,btc-updown-15m-1766377800,TRADE,DOWN,ACCUM,5,5,0.5602,2.8009,45,0.3846,30,0.5751,30,0.9597,1.2105,0.33,-4.5579,10.4421,0.0,458.45,SUCCESS
2025-12-22T04:38:42.452753+00:00,btc-updown-15m-1766377800,TRADE,DOWN,ACCUM,5,5,0.5602,2.801,45,0.3846,35,0.573,35,0.9575,1.4867,0.22,-2.3589,7.6411,0.0,455.64,SUCCESS
2025-12-22T04:38:47.856858+00:00,btc-updown-15m-1766377800,TRADE,DOWN,ACCUM,5,2,0.6202,1.2404,45,0.3846,37,0.5755,37,0.9601,1.4772,0.18,-1.5993,6.4007,0.0,454.4,SUCCESS
2025-12-22T04:38:53.264623+00:00,btc-updown-15m-1766377800,TRADE,UP,ACCUM,5,5,0.3901,1.9506,50,0.3851,37,0.5755,37,0.9606,1.4566,0.26,-3.55,9.45,0.0,452.45,SUCCESS
2025-12-22T04:38:53.264804+00:00,btc-updown-15m-1766377800,TRADE,DOWN,ACCUM,5,5,0.6201,3.1005,50,0.3851,42,0.5808,42,0.9659,1.4305,0.16,-1.6504,6.3496,0.0,449.35,SUCCESS
2025-12-22T04:38:58.785974+00:00,btc-updown-15m-1766377800,TRADE,UP,ACCUM,5,5,0.3601,1.8005,55,0.3828,42,0.5808,42,0.9637,1.5261,0.24,-3.4509,9.5491,0.0,447.55,SUCCESS
2025-12-22T04:38:58.786982+00:00,btc-updown-15m-1766377800,TRADE,DOWN,ACCUM,5,5,0.65,3.2501,55,0.3828,47,0.5882,47,0.971,1.3618,0.15,-1.701,6.299,0.0,444.3,SUCCESS
2025-12-22T04:39:04.183533+00:00,btc-updown-15m-1766377800,TRADE,UP,ACCUM,5,5,0.47,2.3502,60,0.3901,47,0.5882,47,0.9783,1.0203,0.22,-4.0512,8.9488,0.0,441.95,SUCCESS
2025-12-22T04:39:09.589768+00:00,btc-updown-15m-1766377800,TRADE,UP,ACCUM,5,5,0.3901,1.9505,65,0.3901,47,0.5882,47,0.9783,1.0203,0.28,-6.0017,11.9983,0.0,440.0,SUCCESS
2025-12-22T04:39:09.590076+00:00,btc-updown-15m-1766377800,TRADE,DOWN,ACCUM,5,5,0.6102,3.0509,65,0.3901,52,0.5903,52,0.9804,1.0188,0.2,-4.0526,8.9474,0.0,436.95,SUCCESS
2025-12-22T04:39:15.195747+00:00,btc-updown-15m-1766377800,TRADE,UP,ACCUM,5,5,0.4,2.0002,70,0.3908,52,0.5903,52,0.9811,0.982,0.26,-6.0527,11.9473,0.0,434.95,SUCCESS
2025-12-22T04:39:15.195906+00:00,btc-updown-15m-1766377800,TRADE,DOWN,ACCUM,5,5,0.62,3.1001,70,0.3908,57,0.5929,57,0.9837,0.9278,0.19,-4.1529,8.8471,0.0,431.85,SUCCESS
2025-12-22T04:39:20.619437+00:00,btc-updown-15m-1766377800,TRADE,UP,ACCUM,5,5,0.42,2.1,75,0.3928,57,0.5929,57,0.9857,0.8168,0.24,-6.2529,11.7471,0.0,429.75,SUCCESS
2025-12-22T04:39:20.619810+00:00,btc-updown-15m-1766377800,TRADE,DOWN,ACCUM,5,5,0.5903,2.9514,75,0.3928,62,0.5927,62,0.9855,0.9016,0.17,-4.2043,8.7957,0.0,426.8,SUCCESS
2025-12-22T04:39:26.018862+00:00,btc-updown-15m-1766377800,TRADE,DOWN,ACCUM,5,3,0.5298,1.5895,75,0.3928,65,0.5898,65,0.9826,1.1339,0.13,-2.7938,7.2062,0.0,425.21,SUCCESS
2025-12-22T04:39:31.418148+00:00,btc-updown-15m-1766377800,TRADE,DOWN,ACCUM,5,5,0.5198,2.5992,75,0.3928,70,0.5848,70,0.9776,1.5709,0.07,-0.393,4.607,0.0,422.61,SUCCESS
2025-12-22T04:39:42.219404+00:00,btc-updown-15m-1766377800,TRADE,DOWN,ACCUM,5,5,0.6101,3.0507,75,0.3928,75,0.5865,75,0.9792,1.5564,0.0,1.5564,1.5564,0.0,419.56,SUCCESS
2025-12-22T04:45:04.956146+00:00,btc-updown-15m-1766377800,RESOLUTION,UP,MARKET_END,150,150,1.0,73.4436,75,0.3928,75,0.5865,75,0.9792,1.5564,0.0,0.0,0.0,1.5564,494.56,RESOLVED
2025-12-22T04:45:12.987294+00:00,btc-updown-15m-1766378700,TRADE,UP,ACCUM,5,5,0.47,2.3501,5,0.47,0,0.0,0,0.0,0.0,1.0,-2.3501,2.6499,0.0,492.21,SUCCESS
2025-12-22T04:45:12.987778+00:00,btc-updown-15m-1766378700,TRADE,DOWN,ACCUM,5,5,0.54,2.7001,5,0.47,5,0.54,5,1.01,-0.0501,0.0,-0.0501,-0.0501,0.0,489.51,SUCCESS
2025-12-22T04:46:35.627613+00:00,btc-updown-15m-1766378700,TRADE,UP,ACCUM,5,5,0.4201,2.1003,10,0.445,5,0.54,5,0.9851,0.0747,0.5,-2.1505,2.8495,0.0,487.41,SUCCESS
2025-12-22T04:46:41.188788+00:00,btc-updown-15m-1766378700,TRADE,UP,ACCUM,5,5,0.4199,2.0997,15,0.4367,5,0.54,5,0.9767,0.1165,0.67,-4.2502,5.7498,0.0,485.31,SUCCESS
2025-12-22T04:46:46.650792+00:00,btc-updown-15m-1766378700,TRADE,UP,ACCUM,5,5,0.39,1.9502,20,0.425,5,0.54,5,0.965,0.1748,0.75,-6.2003,8.7997,0.0,483.36,SUCCESS
2025-12-22T04:46:52.136081+00:00,btc-updown-15m-1766378700,TRADE,UP,ACCUM,5,5,0.4101,2.0503,25,0.422,5,0.54,5,0.962,0.1898,0.8,-8.2507,11.7493,0.0,481.31,SUCCESS
2025-12-22T04:46:57.693651+00:00,btc-updown-15m-1766378700,TRADE,UP,ACCUM,5,5,0.4398,2.1991,30,0.425,5,0.54,5,0.965,0.175,0.83,-10.4498,14.5502,0.0,479.11,SUCCESS
2025-12-22T04:46:57.693848+00:00,btc-updown-15m-1766378700,TRADE,DOWN,ACCUM,5,5,0.57,2.8501,30,0.425,10,0.555,10,0.98,0.1999,0.67,-8.2999,11.7001,0.0,476.26,SUCCESS
2025-12-22T04:47:03.093635+00:00,btc-updown-15m-1766378700,TRADE,UP,ACCUM,5,5,0.4701,2.3506,35,0.4314,10,0.555,10,0.9865,0.1354,0.71,-10.6505,14.3495,0.0,473.91,SUCCESS
2025-12-22T04:47:03.093808+00:00,btc-updown-15m-1766378700,TRADE,DOWN,ACCUM,5,5,0.5402,2.7011,35,0.4314,15,0.5501,15,0.9815,0.2771,0.57,-8.3517,11.6483,0.0,471.21,SUCCESS
2025-12-22T04:47:08.617810+00:00,btc-updown-15m-1766378700,TRADE,UP,ACCUM,5,3,0.4601,1.3803,38,0.4337,15,0.5501,15,0.9838,0.2431,0.61,-9.732,13.268,0.0,469.83,SUCCESS
2025-12-22T04:47:14.040011+00:00,btc-updown-15m-1766378700,TRADE,DOWN,ACCUM,10,10,0.5602,5.6019,38,0.4337,25,0.5541,25,0.9878,0.3042,0.34,-5.3339,7.6661,0.0,464.23,SUCCESS
2025-12-22T04:47:19.508678+00:00,btc-updown-15m-1766378700,TRADE,UP,ACCUM,5,3,0.3999,1.1998,41,0.4312,25,0.5541,25,0.9854,0.366,0.39,-6.5336,9.4664,0.0,463.03,SUCCESS
2025-12-22T04:47:24.960093+00:00,btc-updown-15m-1766378700,TRADE,UP,ACCUM,5,5,0.3801,1.9006,46,0.4257,25,0.5541,25,0.9798,0.5049,0.46,-8.4342,12.5658,0.0,461.13,SUCCESS
2025-12-22T04:47:36.019297+00:00,btc-updown-15m-1766378700,TRADE,DOWN,ACCUM,10,10,0.6401,6.4006,46,0.4257,35,0.5787,35,1.0044,-0.1524,0.24,-4.8348,6.1652,0.0,454.73,SUCCESS
2025-12-22T04:50:25.117392+00:00,btc-updown-15m-1766378700,TRADE,UP,ACCUM,5,5,0.3301,1.6507,51,0.4163,35,0.5787,35,0.995,0.1754,0.31,-6.4855,9.5145,0.0,453.07,SUCCESS
2025-12-22T04:50:30.537366+00:00,btc-updown-15m-1766378700,TRADE,UP,ACCUM,5,5,0.32,1.6001,56,0.4077,35,0.5787,35,0.9864,0.4764,0.38,-8.0855,12.9145,0.0,451.47,SUCCESS
2025-12-22T04:50:36.063307+00:00,btc-updown-15m-1766378700,TRADE,DOWN,ACCUM,10,10,0.7101,7.1008,56,0.4077,45,0.6079,45,1.0156,-0.7015,0.2,-5.1863,5.8137,0.0,444.37,SUCCESS
2025-12-22T04:51:30.581198+00:00,btc-updown-15m-1766378700,TRADE,DOWN,ACCUM,5,5,0.4,2.0001,56,0.4077,50,0.5871,50,0.9948,0.2598,0.11,-2.1864,3.8136,0.0,442.37,SUCCESS
2025-12-22T04:51:36.037993+00:00,btc-updown-15m-1766378700,TRADE,DOWN,ACCUM,5,5,0.38,1.9,56,0.4077,55,0.5683,55,0.976,1.3212,0.02,0.9135,1.9135,0.0,440.47,SUCCESS
2025-12-22T04:51:41.506417+00:00,btc-updown-15m-1766378700,TRADE,UP,ACCUM,5,5,0.5503,2.7513,61,0.4194,55,0.5683,55,0.9877,0.6786,0.1,-1.8378,4.1622,0.0,437.72,SUCCESS
2025-12-22T04:51:41.506807+00:00,btc-updown-15m-1766378700,TRADE,DOWN,ACCUM,5,1,0.46,0.46,61,0.4194,56,0.5663,56,0.9857,0.7992,0.08,-1.2978,3.7022,0.0,437.26,SUCCESS
2025-12-22T04:51:46.907243+00:00,btc-updown-15m-1766378700,TRADE,DOWN,ACCUM,5,5,0.4001,2.0004,61,0.4194,61,0.5527,61,0.9721,1.7018,0.0,1.7018,1.7018,0.0,435.26,SUCCESS
2025-12-22T04:51:52.308331+00:00,btc-updown-15m-1766378700,TRADE,UP,ACCUM,5,5,0.6103,3.0515,66,0.4339,61,0.5527,61,0.9866,0.8196,0.08,-1.3497,3.6503,0.0,432.21,SUCCESS
2025-12-22T04:51:52.308921+00:00,btc-updown-15m-1766378700,TRADE,DOWN,ACCUM,5,5,0.4102,2.0508,66,0.4339,66,0.5419,66,0.9758,1.5995,0.0,1.5995,1.5995,0.0,430.16,SUCCESS
2025-12-22T04:51:57.821260+00:00,btc-updown-15m-1766378700,TRADE,UP,ACCUM,5,5,0.6102,3.0512,71,0.4463,66,0.5419,66,0.9882,0.7797,0.07,-1.4517,3.5483,0.0,427.11,SUCCESS
2025-12-22T04:51:57.822221+00:00,btc-updown-15m-1766378700,TRADE,DOWN,ACCUM,5,5,0.4001,2.0005,71,0.4463,71,0.5319,71,0.9782,1.5479,0.0,1.5479,1.5479,0.0,425.11,SUCCESS
2025-12-22T04:52:03.242723+00:00,btc-updown-15m-1766378700,TRADE,UP,ACCUM,5,5,0.4602,2.3011,76,0.4472,71,0.5319,71,0.9791,1.4828,0.07,-0.7532,4.2468,0.0,422.81,SUCCESS
2025-12-22T04:52:03.243103+00:00,btc-updown-15m-1766378700,TRADE,DOWN,ACCUM,5,5,0.5503,2.7514,76,0.4472,76,0.5331,76,0.9803,1.4954,0.0,1.4954,1.4954,0.0,420.06,SUCCESS
2025-12-22T05:00:01.679597+00:00,btc-updown-15m-1766378700,RESOLUTION,DOWN,MARKET_END,152,152,1.0,74.5046,76,0.4472,76,0.5331,76,0.9803,1.4954,0.0,0.0,0.0,1.4972,496.06,RESOLVED
2025-12-22T05:00:15.841494+00:00,btc-updown-15m-1766379600,TRADE,UP,ACCUM,5,5,0.5601,2.8004,5,0.5601,0,0.0,0,0.0,0.0,1.0,-2.8004,2.1996,0.0,493.26,SUCCESS
2025-12-22T05:00:15.842096+00:00,btc-updown-15m-1766379600,TRADE,DOWN,ACCUM,5,1,0.4501,0.4501,5,0.5601,1,0.4501,1,1.0102,-0.0102,0.8,-2.2506,1.7494,0.0,492.8,SUCCESS
2025-12-22T05:01:10.495016+00:00,btc-updown-15m-1766379600,TRADE,DOWN,ACCUM,5,5,0.4102,2.051,5,0.5601,6,0.4169,5,0.9769,0.1153,0.17,-0.3015,0.6985,0.0,490.75,SUCCESS
2025-12-22T05:01:15.956590+00:00,btc-updown-15m-1766379600,TRADE,UP,ACCUM,5,5,0.5802,2.9011,10,0.5702,6,0.4169,6,0.987,0.0779,0.4,-2.2027,1.7973,0.0,487.85,SUCCESS
2025-12-22T05:01:15.956867+00:00,btc-updown-15m-1766379600,TRADE,DOWN,ACCUM,5,5,0.4401,2.2004,10,0.5702,11,0.4274,10,0.9976,0.0243,0.09,-0.4031,0.5969,0.0,485.65,SUCCESS
2025-12-22T05:01:26.822366+00:00,btc-updown-15m-1766379600,TRADE,UP,ACCUM,5,5,0.5401,2.7003,15,0.5601,11,0.4274,11,0.9875,0.1371,0.27,-2.1034,1.8966,0.0,482.95,SUCCESS
2025-12-22T05:01:32.330078+00:00,btc-updown-15m-1766379600,TRADE,UP,ACCUM,5,5,0.5802,2.901,20,0.5651,11,0.4274,11,0.9926,0.0819,0.45,-5.0045,3.9955,0.0,480.05,SUCCESS
2025-12-22T05:01:32.330440+00:00,btc-updown-15m-1766379600,TRADE,DOWN,ACCUM,5,5,0.4201,2.1005,20,0.5651,16,0.4251,16,0.9903,0.1556,0.2,-2.1049,1.8951,0.0,477.95,SUCCESS
2025-12-22T05:01:37.790023+00:00,btc-updown-15m-1766379600,TRADE,DOWN,ACCUM,5,5,0.3902,1.9509,20,0.5651,21,0.4168,20,0.982,0.3609,0.05,-0.0559,0.9441,0.0,476.0,SUCCESS
2025-12-22T05:01:43.215502+00:00,btc-updown-15m-1766379600,TRADE,UP,ACCUM,5,5,0.6103,3.0513,25,0.5742,21,0.4168,21,0.991,0.1895,0.16,-2.1072,1.8928,0.0,472.95,SUCCESS
2025-12-22T05:01:43.215683+00:00,btc-updown-15m-1766379600,TRADE,DOWN,ACCUM,5,5,0.4001,2.0003,25,0.5742,26,0.4136,25,0.9878,0.3061,0.04,-0.1075,0.8925,0.0,470.95,SUCCESS
2025-12-22T05:01:48.656062+00:00,btc-updown-15m-1766379600,TRADE,UP,ACCUM,5,2,0.5702,1.1405,27,0.5739,26,0.4136,26,0.9875,0.3259,0.04,-0.248,0.752,0.0,469.81,SUCCESS
2025-12-22T05:01:48.657225+00:00,btc-updown-15m-1766379600,TRADE,DOWN,ACCUM,5,5,0.4401,2.2005,27,0.5739,31,0.4179,27,0.9917,0.223,0.13,-1.4484,2.5516,0.0,467.61,SUCCESS
2025-12-22T05:01:54.106540+00:00,btc-updown-15m-1766379600,TRADE,UP,ACCUM,5,4,0.5098,2.0393,31,0.5656,31,0.4179,31,0.9835,0.5123,0.0,0.5123,0.5123,0.0,465.57,SUCCESS
2025-12-22T05:01:59.546978+00:00,btc-updown-15m-1766379600,TRADE,UP,ACCUM,5,5,0.5201,2.6006,36,0.5593,31,0.4179,31,0.9772,0.7082,0.14,-2.0883,2.9117,0.0,462.97,SUCCESS
2025-12-22T05:01:59.547453+00:00,btc-updown-15m-1766379600,TRADE,DOWN,ACCUM,5,5,0.5002,2.5008,36,0.5593,36,0.4293,36,0.9886,0.4109,0.0,0.4109,0.4109,0.0,460.47,SUCCESS
2025-12-22T05:02:04.979941+00:00,btc-updown-15m-1766379600,TRADE,UP,ACCUM,5,5,0.53,2.6501,41,0.5557,36,0.4293,36,0.985,0.5395,0.12,-2.2391,2.7609,0.0,457.82,SUCCESS
2025-12-22T05:02:04.980202+00:00,btc-updown-15m-1766379600,TRADE,DOWN,ACCUM,5,5,0.4802,2.4011,41,0.5557,41,0.4355,41,0.9912,0.3598,0.0,0.3598,0.3598,0.0,455.42,SUCCESS
2025-12-22T05:02:10.662182+00:00,btc-updown-15m-1766379600,TRADE,UP,ACCUM,5,5,0.4902,2.4512,46,0.5486,41,0.4355,41,0.9841,0.6516,0.11,-2.0915,2.9085,0.0,452.96,SUCCESS
2025-12-22T05:02:16.128298+00:00,btc-updown-15m-1766379600,TRADE,UP,ACCUM,5,5,0.47,2.35,51,0.5409,41,0.4355,41,0.9764,0.9675,0.2,-4.4415,5.5585,0.0,450.61,SUCCESS
2025-12-22T05:02:21.566000+00:00,btc-updown-15m-1766379600,TRADE,DOWN,ACCUM,5,5,0.5302,2.6508,51,0.5409,46,0.4458,46,0.9867,0.6123,0.1,-2.0922,2.9078,0.0,447.96,SUCCESS
2025-12-22T05:02:32.558418+00:00,btc-updown-15m-1766379600,TRADE,UP,ACCUM,5,5,0.4501,2.2507,56,0.5328,46,0.4458,46,0.9786,0.985,0.18,-4.3429,5.6571,0.0,445.71,SUCCESS
2025-12-22T05:02:37.987838+00:00,btc-updown-15m-1766379600,TRADE,DOWN,ACCUM,5,5,0.5502,2.7509,56,0.5328,51,0.456,51,0.9888,0.5702,0.09,-2.0938,2.9062,0.0,442.96,SUCCESS
2025-12-22T05:02:43.490877+00:00,btc-updown-15m-1766379600,TRADE,UP,ACCUM,5,4,0.4202,1.6806,60,0.5253,51,0.456,51,0.9813,0.9532,0.15,-3.7744,5.2256,0.0,441.28,SUCCESS
2025-12-22T05:02:48.935422+00:00,btc-updown-15m-1766379600,TRADE,UP,ACCUM,5,5,0.4602,2.3008,65,0.5203,51,0.456,51,0.9763,1.2087,0.22,-6.0752,7.9248,0.0,438.98,SUCCESS
2025-12-22T05:02:48.935671+00:00,btc-updown-15m-1766379600,TRADE,DOWN,ACCUM,5,5,0.5502,2.7508,65,0.5203,56,0.4644,56,0.9847,0.8565,0.14,-3.826,5.174,0.0,436.23,SUCCESS
2025-12-22T05:02:54.504204+00:00,btc-updown-15m-1766379600,TRADE,UP,ACCUM,5,5,0.4402,2.2008,70,0.5146,56,0.4644,56,0.979,1.177,0.2,-6.0268,7.9732,0.0,434.03,SUCCESS
2025-12-22T05:02:54.505239+00:00,btc-updown-15m-1766379600,TRADE,DOWN,ACCUM,5,3,0.5803,1.7408,70,0.5146,59,0.4703,59,0.9849,0.8925,0.16,-4.7676,6.2324,0.0,432.29,SUCCESS
2025-12-22T05:03:00.018333+00:00,btc-updown-15m-1766379600,TRADE,UP,ACCUM,5,5,0.39,1.9502,75,0.5063,59,0.4703,59,0.9766,1.3822,0.21,-6.7178,9.2822,0.0,430.34,SUCCESS
2025-12-22T05:03:05.438728+00:00,btc-updown-15m-1766379600,TRADE,DOWN,ACCUM,5,5,0.6302,3.1509,75,0.5063,64,0.4828,64,0.9891,0.7001,0.15,-4.8687,6.1313,0.0,427.19,SUCCESS
2025-12-22T05:05:38.828206+00:00,btc-updown-15m-1766379600,TRADE,DOWN,ACCUM,5,1,0.5399,0.5399,75,0.5063,65,0.4837,65,0.9899,0.6539,0.13,-4.4086,5.5914,0.0,426.65,SUCCESS
2025-12-22T05:05:44.358892+00:00,btc-updown-15m-1766379600,TRADE,DOWN,ACCUM,5,5,0.54,2.7,75,0.5063,70,0.4877,70,0.994,0.4227,0.07,-2.1086,2.8914,0.0,423.95,SUCCESS
2025-12-22T05:06:00.698037+00:00,btc-updown-15m-1766379600,TRADE,DOWN,ACCUM,5,5,0.39,1.9501,75,0.5063,75,0.4812,75,0.9874,0.9413,0.0,0.9413,0.9413,0.0,422.0,SUCCESS
2025-12-22T05:15:03.537975+00:00,btc-updown-15m-1766379600,RESOLUTION,DOWN,MARKET_END,150,150,1.0,74.0587,75,0.5063,75,0.4812,75,0.9874,0.9413,0.0,0.0,0.0,0.9375,497.0,RESOLVED
2025-12-22T05:15:11.557807+00:00,btc-updown-15m-1766380500,TRADE,UP,ACCUM,5,5,0.5603,2.8014,5,0.5603,0,0.0,0,0.0,0.0,1.0,-2.8014,2.1986,0.0,494.2,SUCCESS
2025-12-22T05:15:11.558244+00:00,btc-updown-15m-1766380500,TRADE,DOWN,ACCUM,5,5,0.4501,2.2503,5,0.5603,5,0.4501,5,1.0103,-0.0517,0.0,-0.0517,-0.0517,0.0,491.95,SUCCESS
2025-12-22T05:15:33.294238+00:00,btc-updown-15m-1766380500,TRADE,UP,ACCUM,5,5,0.52,2.6001,10,0.5401,5,0.4501,5,0.9902,0.0489,0.5,-2.6518,2.3482,0.0,489.35,SUCCESS
2025-12-22T05:15:38.818164+00:00,btc-updown-15m-1766380500,TRADE,UP,ACCUM,5,5,0.55,2.7501,15,0.5434,5,0.4501,5,0.9935,0.0325,0.67,-5.4018,4.5982,0.0,486.6,SUCCESS
2025-12-22T05:15:44.221949+00:00,btc-updown-15m-1766380500,TRADE,DOWN,ACCUM,5,5,0.4402,2.2008,15,0.5434,10,0.4451,10,0.9885,0.1146,0.33,-2.6026,2.3974,0.0,484.39,SUCCESS
2025-12-22T05:15:49.658614+00:00,btc-updown-15m-1766380500,TRADE,DOWN,ACCUM,5,5,0.4401,2.2007,15,0.5434,15,0.4435,15,0.9869,0.1967,0.0,0.1967,0.1967,0.0,482.19,SUCCESS
2025-12-22T05:15:55.125312+00:00,btc-updown-15m-1766380500,TRADE,DOWN,ACCUM,5,5,0.4302,2.1508,15,0.5434,20,0.4401,15,0.9836,0.2465,0.25,-1.9541,3.0459,0.0,480.04,SUCCESS
2025-12-22T05:16:00.589435+00:00,btc-updown-15m-1766380500,TRADE,UP,ACCUM,5,5,0.5803,2.9013,20,0.5526,20,0.4401,20,0.9928,0.1446,0.0,0.1446,0.1446,0.0,477.14,SUCCESS
2025-12-22T05:16:06.009052+00:00,btc-updown-15m-1766380500,TRADE,DOWN,ACCUM,5,5,0.4401,2.2005,20,0.5526,25,0.4401,20,0.9928,0.1447,0.2,-2.0559,2.9441,0.0,474.94,SUCCESS
2025-12-22T05:16:11.503516+00:00,btc-updown-15m-1766380500,TRADE,DOWN,ACCUM,5,5,0.43,2.1502,20,0.5526,30,0.4384,20,0.9911,0.1784,0.33,-4.2061,5.7939,0.0,472.79,SUCCESS
2025-12-22T05:16:16.913369+00:00,btc-updown-15m-1766380500,TRADE,DOWN,ACCUM,5,5,0.4102,2.0508,20,0.5526,35,0.4344,20,0.987,0.2592,0.43,-6.2569,8.7431,0.0,470.74,SUCCESS
2025-12-22T05:16:22.331125+00:00,btc-updown-15m-1766380500,TRADE,UP,ACCUM,5,5,0.59,2.9501,25,0.5601,35,0.4344,25,0.9945,0.1371,0.29,-4.207,5.793,0.0,467.79,SUCCESS
2025-12-22T05:16:22.331332+00:00,btc-updown-15m-1766380500,TRADE,DOWN,ACCUM,5,5,0.42,2.1002,25,0.5601,40,0.4326,25,0.9927,0.1819,0.38,-6.3072,8.6928,0.0,465.69,SUCCESS
2025-12-22T05:16:27.805482+00:00,btc-updown-15m-1766380500,TRADE,DOWN,ACCUM,5,5,0.3701,1.8507,25,0.5601,45,0.4257,25,0.9858,0.3554,0.44,-8.158,11.842,0.0,463.84,SUCCESS
2025-12-22T05:16:33.234900+00:00,btc-updown-15m-1766380500,TRADE,UP,ACCUM,5,5,0.61,3.0502,30,0.5684,45,0.4257,30,0.9941,0.1768,0.33,-6.2082,8.7918,0.0,460.79,SUCCESS
2025-12-22T05:16:33.236740+00:00,btc-updown-15m-1766380500,TRADE,DOWN,ACCUM,5,5,0.4,2.0001,30,0.5684,50,0.4231,30,0.9915,0.2538,0.4,-8.2083,11.7917,0.0,458.79,SUCCESS
2025-12-22T05:16:38.710297+00:00,btc-updown-15m-1766380500,TRADE,DOWN,ACCUM,5,5,0.4102,2.051,30,0.5684,55,0.4219,30,0.9904,0.289,0.45,-10.2593,14.7407,0.0,456.74,SUCCESS
2025-12-22T05:16:44.126481+00:00,btc-updown-15m-1766380500,TRADE,UP,ACCUM,10,10,0.52,5.2001,40,0.5563,55,0.4219,40,0.9783,0.8696,0.27,-5.4594,9.5406,0.0,451.54,SUCCESS
2025-12-22T05:16:49.558835+00:00,btc-updown-15m-1766380500,TRADE,UP,ACCUM,5,5,0.5602,2.8008,45,0.5568,55,0.4219,45,0.9787,0.9592,0.18,-3.2602,6.7398,0.0,448.74,SUCCESS
2025-12-22T05:16:54.988992+00:00,btc-updown-15m-1766380500,TRADE,UP,ACCUM,5,5,0.5701,2.8505,50,0.5581,55,0.4219,50,0.98,0.999,0.09,-1.1107,3.8893,0.0,445.89,SUCCESS
2025-12-22T05:16:54.989205+00:00,btc-updown-15m-1766380500,TRADE,DOWN,ACCUM,5,5,0.4302,2.151,50,0.5581,60,0.4226,50,0.9807,0.9646,0.17,-3.2617,6.7383,0.0,443.74,SUCCESS
2025-12-22T05:17:00.484605+00:00,btc-updown-15m-1766380500,TRADE,UP,ACCUM,5,5,0.5603,2.8013,55,0.5583,60,0.4226,55,0.9809,1.0501,0.08,-1.063,3.937,0.0,440.93,SUCCESS
2025-12-22T05:17:06.092922+00:00,btc-updown-15m-1766380500,TRADE,UP,ACCUM,5,5,0.5999,2.9997,60,0.5618,60,0.4226,60,0.9844,0.9374,0.0,0.9374,0.9374,0.0,437.93,SUCCESS
2025-12-22T05:17:06.093426+00:00,btc-updown-15m-1766380500,TRADE,DOWN,ACCUM,5,5,0.4102,2.051,60,0.5618,65,0.4217,60,0.9834,0.9947,0.08,-1.1136,3.8864,0.0,435.88,SUCCESS
2025-12-22T05:17:11.569645+00:00,btc-updown-15m-1766380500,TRADE,DOWN,ACCUM,5,5,0.2901,1.4504,60,0.5618,70,0.4123,60,0.974,1.5586,0.14,-2.5641,7.4359,0.0,434.43,SUCCESS
2025-12-22T05:17:17.147389+00:00,btc-updown-15m-1766380500,TRADE,UP,ACCUM,5,5,0.7302,3.651,65,0.5747,70,0.4123,65,0.987,0.8463,0.07,-1.215,3.785,0.0,430.78,SUCCESS
2025-12-22T05:17:17.147679+00:00,btc-updown-15m-1766380500,TRADE,DOWN,ACCUM,5,4,0.2901,1.1604,65,0.5747,74,0.4057,65,0.9804,1.2755,0.12,-2.3754,6.6246,0.0,429.62,SUCCESS
2025-12-22T05:17:22.632144+00:00,btc-updown-15m-1766380500,TRADE,UP,ACCUM,5,5,0.71,3.5501,70,0.5844,74,0.4057,70,0.99,0.6971,0.05,-0.9256,3.0744,0.0,426.07,SUCCESS
2025-12-22T05:17:22.632454+00:00,btc-updown-15m-1766380500,TRADE,DOWN,ACCUM,5,5,0.3,1.5002,70,0.5844,79,0.399,70,0.9834,1.165,0.11,-2.4258,6.5742,0.0,424.57,SUCCESS
2025-12-22T05:17:28.069394+00:00,btc-updown-15m-1766380500,TRADE,UP,ACCUM,5,5,0.7002,3.5012,75,0.5921,79,0.399,75,0.9911,0.6689,0.05,-0.927,3.073,0.0,421.07,SUCCESS
2025-12-22T05:30:03.999978+00:00,btc-updown-15m-1766380500,RESOLUTION,DOWN,MARKET_END,154,154,1.0,75.927,75,0.5921,79,0.399,75,0.9911,0.6689,0.05,0.0,0.0,3.0715,500.07,RESOLVED
2025-12-22T05:30:18.058161+00:00,btc-updown-15m-1766381400,TRADE,UP,ACCUM,5,5,0.4902,2.4512,5,0.4902,0,0.0,0,0.0,0.0,1.0,-2.4512,2.5488,0.0,497.62,SUCCESS
2025-12-22T05:30:18.059130+00:00,btc-updown-15m-1766381400,TRADE,DOWN,ACCUM,5,5,0.52,2.6001,5,0.4902,5,0.52,5,1.0103,-0.0513,0.0,-0.0513,-0.0513,0.0,495.02,SUCCESS
2025-12-22T05:30:45.215638+00:00,btc-updown-15m-1766381400,TRADE,DOWN,ACCUM,5,5,0.48,2.4001,5,0.4902,10,0.5,5,0.9903,0.0487,0.5,-2.4514,2.5486,0.0,492.62,SUCCESS
2025-12-22T05:30:50.688739+00:00,btc-updown-15m-1766381400,TRADE,DOWN,ACCUM,5,5,0.4902,2.4509,5,0.4902,15,0.4967,5,0.987,0.0651,0.67,-4.9022,5.0978,0.0,490.17,SUCCESS
2025-12-22T05:30:56.125911+00:00,btc-updown-15m-1766381400,TRADE,DOWN,ACCUM,5,5,0.4501,2.2505,5,0.4902,20,0.4851,5,0.9753,0.1234,0.75,-7.1527,7.8473,0.0,487.92,SUCCESS
2025-12-22T05:31:07.097766+00:00,btc-updown-15m-1766381400,TRADE,DOWN,ACCUM,5,5,0.39,1.9499,5,0.4902,25,0.4661,5,0.9563,0.2185,0.8,-9.1026,10.8974,0.0,485.97,SUCCESS
2025-12-22T05:31:12.546849+00:00,btc-updown-15m-1766381400,TRADE,DOWN,ACCUM,5,5,0.3802,1.9009,5,0.4902,30,0.4517,5,0.942,0.2901,0.83,-11.0035,13.9965,0.0,484.07,SUCCESS
2025-12-22T05:32:50.843788+00:00,btc-updown-15m-1766381400,TRADE,UP,ACCUM,10,10,0.5702,5.7016,15,0.5435,30,0.4517,15,0.9953,0.071,0.5,-6.7052,8.2948,0.0,478.36,SUCCESS
2025-12-22T05:32:56.277814+00:00,btc-updown-15m-1766381400,TRADE,DOWN,ACCUM,5,5,0.4001,2.0006,15,0.5435,35,0.4444,15,0.9879,0.1816,0.57,-8.7058,11.2942,0.0,476.36,SUCCESS
2025-12-22T05:33:07.167105+00:00,btc-updown-15m-1766381400,TRADE,DOWN,ACCUM,5,5,0.3602,1.8008,15,0.5435,40,0.4338,15,0.9774,0.3395,0.62,-10.5066,14.4934,0.0,474.56,SUCCESS
2025-12-22T05:33:18.292583+00:00,btc-updown-15m-1766381400,TRADE,UP,ACCUM,10,8,0.6501,5.2006,23,0.5806,40,0.4338,23,1.0144,-0.3318,0.42,-7.7072,9.2928,0.0,469.36,SUCCESS
2025-12-22T05:34:51.438465+00:00,btc-updown-15m-1766381400,TRADE,DOWN,ACCUM,5,5,0.2401,1.2004,23,0.5806,45,0.4123,23,0.9929,0.1634,0.49,-8.9076,13.0924,0.0,468.16,SUCCESS
2025-12-22T05:35:02.454048+00:00,btc-updown-15m-1766381400,TRADE,UP,ACCUM,10,10,0.64,6.4002,33,0.5986,45,0.4123,33,1.0109,-0.36,0.27,-5.3077,6.6923,0.0,461.76,SUCCESS
2025-12-22T05:36:24.621351+00:00,btc-updown-15m-1766381400,TRADE,DOWN,ACCUM,5,5,0.2301,1.1504,33,0.5986,50,0.3941,33,0.9927,0.2414,0.34,-6.4581,10.5419,0.0,460.61,SUCCESS
2025-12-22T05:36:30.048875+00:00,btc-updown-15m-1766381400,TRADE,DOWN,ACCUM,5,5,0.18,0.9001,33,0.5986,55,0.3746,33,0.9732,0.8837,0.4,-7.3581,14.6419,0.0,459.71,SUCCESS
2025-12-22T05:36:46.460797+00:00,btc-updown-15m-1766381400,TRADE,UP,ACCUM,10,10,0.7801,7.8006,43,0.6408,55,0.3746,43,1.0154,-0.6632,0.22,-5.1588,6.8412,0.0,451.91,SUCCESS
2025-12-22T05:37:30.098240+00:00,btc-updown-15m-1766381400,TRADE,DOWN,ACCUM,5,5,0.12,0.6002,43,0.6408,60,0.3534,43,0.9942,0.2491,0.28,-5.7589,11.2411,0.0,451.31,SUCCESS
2025-12-22T05:37:35.532814+00:00,btc-updown-15m-1766381400,TRADE,DOWN,ACCUM,5,1,0.13,0.13,43,0.6408,61,0.3497,43,0.9905,0.4066,0.3,-5.8889,12.1111,0.0,451.18,SUCCESS
2025-12-22T05:37:40.951768+00:00,btc-updown-15m-1766381400,TRADE,DOWN,ACCUM,5,5,0.17,0.8502,43,0.6408,66,0.3361,43,0.9769,0.9921,0.35,-6.739,16.261,0.0,450.33,SUCCESS
2025-12-22T05:45:03.181638+00:00,btc-updown-15m-1766381400,RESOLUTION,UP,MARKET_END,109,109,1.0,49.739,43,0.6408,66,0.3361,43,0.9769,0.9921,0.35,0.0,0.0,-6.739,493.33,RESOLVED
2025-12-22T11:00:07.731978+00:00,btc-updown-15m-1766401200,TRADE,DOWN,ACCUM,1,1,0.5201,0.5201,0,0.0000,1,0.5201,0,0.0000,0.0000,1.00,-0.5201,0.4799,0.0000,99.48,SUCCESS
2025-12-22T11:00:13.461495+00:00,btc-updown-15m-1766401200,TRADE,UP,ACCUM,1,1,0.5002,0.5002,1,0.5002,1,0.5201,1,1.0202,-0.0202,0.00,-0.0202,-0.0202,0.0000,98.98,SUCCESS
2025-12-22T11:00:13.464196+00:00,btc-updown-15m-1766401200,TRADE,DOWN,ACCUM,1,1,0.5101,0.5101,1,0.5002,2,0.5151,1,1.0153,-0.0153,0.50,-0.5303,0.4697,0.0000,98.47,SUCCESS
2025-12-22T11:00:51.869606+00:00,btc-updown-15m-1766401200,TRADE,UP,ACCUM,1,1,0.4200,0.4200,2,0.4601,2,0.5151,2,0.9752,0.0496,0.00,0.0496,0.0496,0.0000,98.05,SUCCESS
2025-12-22T11:00:57.270268+00:00,btc-updown-15m-1766401200,TRADE,UP,ACCUM,1,1,0.3702,0.3702,3,0.4301,2,0.5151,2,0.9452,0.1096,0.33,-0.3205,0.6795,0.0000,97.68,SUCCESS
2025-12-22T11:01:02.679157+00:00,btc-updown-15m-1766401200,TRADE,UP,ACCUM,1,1,0.4000,0.4000,4,0.4226,2,0.5151,2,0.9377,0.1246,0.50,-0.7206,1.2794,0.0000,97.28,SUCCESS
2025-12-22T11:01:02.679521+00:00,btc-updown-15m-1766401200,TRADE,DOWN,ACCUM,1,1,0.6103,0.6103,4,0.4226,3,0.5468,3,0.9694,0.0918,0.25,-0.3308,0.6692,0.0000,96.67,SUCCESS
2025-12-22T11:01:08.149566+00:00,btc-updown-15m-1766401200,TRADE,UP,ACCUM,1,1,0.3901,0.3901,5,0.4161,3,0.5468,3,0.9629,0.1113,0.40,-0.7209,1.2791,0.0000,96.28,SUCCESS
2025-12-22T11:01:08.149745+00:00,btc-updown-15m-1766401200,TRADE,DOWN,ACCUM,1,1,0.6202,0.6202,5,0.4161,4,0.5652,4,0.9813,0.0749,0.20,-0.3412,0.6588,0.0000,95.66,SUCCESS
2025-12-22T11:01:13.680995+00:00,btc-updown-15m-1766401200,TRADE,DOWN,ACCUM,1,1,0.6300,0.6300,5,0.4161,5,0.5781,5,0.9942,0.0288,0.00,0.0288,0.0288,0.0000,95.03,SUCCESS
2025-12-22T11:01:19.470963+00:00,btc-updown-15m-1766401200,TRADE,UP,ACCUM,1,1,0.4201,0.4201,6,0.4168,5,0.5781,5,0.9949,0.0255,0.17,-0.3912,0.6088,0.0000,94.61,SUCCESS
2025-12-22T11:01:19.471706+00:00,btc-updown-15m-1766401200,TRADE,DOWN,ACCUM,1,1,0.5801,0.5801,6,0.4168,6,0.5785,6,0.9952,0.0287,0.00,0.0287,0.0287,0.0000,94.03,SUCCESS
2025-12-22T11:01:24.875444+00:00,btc-updown-15m-1766401200,TRADE,DOWN,ACCUM,1,1,0.5602,0.5602,6,0.4168,7,0.5758,6,0.9926,0.0444,0.14,-0.5315,0.4685,0.0000,93.47,SUCCESS
2025-12-22T11:01:30.304355+00:00,btc-updown-15m-1766401200,TRADE,UP,ACCUM,1,1,0.3999,0.3999,7,0.4143,7,0.5758,7,0.9902,0.0686,0.00,0.0686,0.0686,0.0000,93.07,SUCCESS
2025-12-22T11:01:35.824552+00:00,btc-updown-15m-1766401200,TRADE,UP,ACCUM,1,1,0.4302,0.4302,8,0.4163,7,0.5758,7,0.9922,0.0548,0.12,-0.3616,0.6384,0.0000,92.64,SUCCESS
2025-12-22T11:01:35.825064+00:00,btc-updown-15m-1766401200,TRADE,DOWN,ACCUM,1,1,0.5802,0.5802,8,0.4163,8,0.5764,8,0.9927,0.0582,0.00,0.0582,0.0582,0.0000,92.06,SUCCESS
2025-12-22T11:01:41.259472+00:00,btc-updown-15m-1766401200,TRADE,DOWN,ACCUM,1,1,0.5702,0.5702,8,0.4163,9,0.5757,8,0.9920,0.0637,0.11,-0.5120,0.4880,0.0000,91.49,SUCCESS
2025-12-22T11:01:46.670290+00:00,btc-updown-15m-1766401200,TRADE,UP,ACCUM,1,1,0.4401,0.4401,9,0.4190,9,0.5757,9,0.9947,0.0479,0.00,0.0479,0.0479,0.0000,91.05,SUCCESS
2025-12-22T11:01:46.670463+00:00,btc-updown-15m-1766401200,TRADE,DOWN,ACCUM,1,1,0.5701,0.5701,9,0.4190,10,0.5751,9,0.9941,0.0530,0.10,-0.5222,0.4778,0.0000,90.48,SUCCESS
2025-12-22T11:01:52.201613+00:00,btc-updown-15m-1766401200,TRADE,DOWN,ACCUM,1,1,0.5801,0.5801,9,0.4190,11,0.5756,9,0.9946,0.0489,0.18,-1.1023,0.8977,0.0000,89.90,SUCCESS
2025-12-22T11:02:03.050763+00:00,btc-updown-15m-1766401200,TRADE,UP,ACCUM,1,1,0.3600,0.3600,10,0.4131,11,0.5756,10,0.9887,0.1133,0.09,-0.4623,0.5377,0.0000,89.54,SUCCESS
2025-12-22T11:02:08.476645+00:00,btc-updown-15m-1766401200,TRADE,UP,ACCUM,1,1,0.4301,0.4301,11,0.4146,11,0.5756,11,0.9902,0.1076,0.00,0.1076,0.1076,0.0000,89.11,SUCCESS
2025-12-22T11:02:13.891391+00:00,btc-updown-15m-1766401200,TRADE,UP,ACCUM,1,1,0.4401,0.4401,12,0.4167,11,0.5756,11,0.9923,0.0843,0.08,-0.3325,0.6675,0.0000,88.67,SUCCESS
2025-12-22T11:02:24.902346+00:00,btc-updown-15m-1766401200,TRADE,DOWN,ACCUM,1,1,0.5002,0.5002,12,0.4167,12,0.5693,12,0.9861,0.1673,0.00,0.1673,0.1673,0.0000,88.17,SUCCESS
2025-12-22T11:02:35.906303+00:00,btc-updown-15m-1766401200,TRADE,UP,ACCUM,1,1,0.4101,0.4101,13,0.4162,12,0.5693,12,0.9856,0.1734,0.08,-0.2428,0.7572,0.0000,87.76,SUCCESS
2025-12-22T11:02:35.907945+00:00,btc-updown-15m-1766401200,TRADE,DOWN,ACCUM,1,1,0.6000,0.6000,13,0.4162,13,0.5717,13,0.9879,0.1571,0.00,0.1571,0.1571,0.0000,87.16,SUCCESS
2025-12-22T11:02:41.426958+00:00,btc-updown-15m-1766401200,TRADE,UP,ACCUM,1,1,0.4001,0.4001,14,0.4151,13,0.5717,13,0.9868,0.1721,0.07,-0.2429,0.7571,0.0000,86.76,SUCCESS
2025-12-22T11:02:46.815873+00:00,btc-updown-15m-1766401200,TRADE,DOWN,ACCUM,1,1,0.6601,0.6601,14,0.4151,14,0.5780,14,0.9931,0.0970,0.00,0.0970,0.0970,0.0000,86.10,SUCCESS
2025-12-22T11:02:52.225516+00:00,btc-updown-15m-1766401200,TRADE,UP,ACCUM,1,1,0.3300,0.3300,15,0.4094,14,0.5780,14,0.9874,0.1764,0.07,-0.2330,0.7670,0.0000,85.77,SUCCESS
2025-12-22T11:02:57.669148+00:00,btc-updown-15m-1766401200,TRADE,DOWN,ACCUM,1,1,0.6800,0.6800,15,0.4094,15,0.5848,15,0.9942,0.0870,0.00,0.0870,0.0870,0.0000,85.09,SUCCESS
2025-12-22T11:15:03.245247+00:00,btc-updown-15m-1766401200,RESOLUTION,UP,BINANCE_FALLBACK,30,30,1.0000,14.9130,15,0.4094,15,0.5848,15,0.9942,0.0870,0.00,0.0000,0.0000,0.0870,100.09,RESOLVED
2025-12-22T11:45:07.566351+00:00,btc-updown-15m-1766403900,TRADE,UP,ACCUM,2,2,0.4801,0.9601,2,0.4801,0,0.0000,0,0.0000,0.0000,1.00,-0.9601,1.0399,0.0000,99.04,SUCCESS
2025-12-22T11:45:07.566752+00:00,btc-updown-15m-1766403900,TRADE,DOWN,ACCUM,2,2,0.5301,1.0602,2,0.4801,2,0.5301,2,1.0102,-0.0203,0.00,-0.0203,-0.0203,0.0000,97.98,SUCCESS
2025-12-22T11:45:24.094887+00:00,btc-updown-15m-1766403900,TRADE,DOWN,ACCUM,2,1,0.4700,0.4700,2,0.4801,3,0.5101,2,0.9901,0.0197,0.33,-0.4903,0.5097,0.0000,97.51,SUCCESS
2025-12-22T11:45:29.500565+00:00,btc-updown-15m-1766403900,TRADE,DOWN,ACCUM,2,2,0.4602,0.9204,2,0.4801,5,0.4901,2,0.9702,0.0596,0.60,-1.4107,1.5893,0.0000,96.59,SUCCESS
2025-12-22T11:45:40.418164+00:00,btc-updown-15m-1766403900,TRADE,DOWN,ACCUM,2,2,0.4001,0.8002,2,0.4801,7,0.4644,2,0.9445,0.1111,0.71,-2.2110,2.7890,0.0000,95.79,SUCCESS
2025-12-22T11:45:45.839016+00:00,btc-updown-15m-1766403900,TRADE,UP,ACCUM,2,2,0.5601,1.1202,4,0.5201,7,0.4644,4,0.9845,0.0621,0.43,-1.3312,1.6688,0.0000,94.67,SUCCESS
2025-12-22T11:45:51.330987+00:00,btc-updown-15m-1766403900,TRADE,UP,ACCUM,2,2,0.5501,1.1002,6,0.5301,7,0.4644,6,0.9945,0.0330,0.14,-0.4314,0.5686,0.0000,93.57,SUCCESS
2025-12-22T11:45:51.331168+00:00,btc-updown-15m-1766403900,TRADE,DOWN,ACCUM,2,2,0.4902,0.9803,6,0.5301,9,0.4701,6,1.0002,-0.0013,0.33,-1.4117,1.5883,0.0000,92.59,SUCCESS
2025-12-22T11:45:56.873643+00:00,btc-updown-15m-1766403900,TRADE,UP,ACCUM,2,2,0.4902,0.9803,8,0.5201,9,0.4701,8,0.9902,0.0781,0.11,-0.3920,0.6080,0.0000,91.61,SUCCESS
2025-12-22T11:46:02.383717+00:00,btc-updown-15m-1766403900,TRADE,UP,ACCUM,2,2,0.4901,0.9803,10,0.5141,9,0.4701,9,0.9842,0.1418,0.10,-0.3723,0.6277,0.0000,90.63,SUCCESS
2025-12-22T11:46:07.831761+00:00,btc-updown-15m-1766403900,TRADE,UP,ACCUM,2,2,0.5002,1.0004,12,0.5118,9,0.4701,9,0.9819,0.1627,0.25,-1.3727,1.6273,0.0000,89.63,SUCCESS
2025-12-22T11:46:07.832694+00:00,btc-updown-15m-1766403900,TRADE,DOWN,ACCUM,2,2,0.5202,1.0405,12,0.5118,11,0.4792,11,0.9910,0.0986,0.08,-0.4132,0.5868,0.0000,88.59,SUCCESS
2025-12-22T11:46:13.253136+00:00,btc-updown-15m-1766403900,TRADE,UP,ACCUM,2,2,0.5002,1.0003,14,0.5101,11,0.4792,11,0.9894,0.1169,0.21,-1.4135,1.5865,0.0000,87.59,SUCCESS
2025-12-22T11:46:24.039167+00:00,btc-updown-15m-1766403900,TRADE,UP,ACCUM,2,2,0.5001,1.0002,16,0.5089,11,0.4792,11,0.9881,0.1307,0.31,-2.4137,2.5863,0.0000,86.59,SUCCESS
2025-12-22T11:46:24.040498+00:00,btc-updown-15m-1766403900,TRADE,DOWN,ACCUM,2,2,0.5102,1.0205,16,0.5089,13,0.4840,13,0.9929,0.0924,0.19,-1.4342,1.5658,0.0000,85.57,SUCCESS
2025-12-22T11:46:40.373847+00:00,btc-updown-15m-1766403900,TRADE,DOWN,ACCUM,2,2,0.4700,0.9401,16,0.5089,15,0.4821,15,0.9910,0.1346,0.06,-0.3742,0.6258,0.0000,84.63,SUCCESS
