timestamp,market_slug,event_type,trade_side,trade_mode,size_requested,size_filled,price,cost,pos_up_size,pos_up_avg_price,pos_down_size,pos_down_avg_price,pos_hedged_pairs,pos_pair_cost,pos_locked_profit,pos_imbalance,pnl_min,pnl_max,pnl_realized,balance_after,status
2026-01-04T08:03:34.892765+00:00,btc-updown-15m-1767513600,TRADE,DOWN,ACCUM,5,5,0.9100,4.5500,0,0.0000,0,0.0000,0,0.0000,0.0000,0.00,0.0000,0.0000,0.0000,217.43,SUCCESS
2026-01-04T08:05:03.077580+00:00,btc-updown-15m-1767513600,TRADE,DOWN,ACCUM,5,5,0.9700,4.8500,0,0.0000,5,0.9700,0,0.0000,0.0000,1.00,-4.8500,0.1500,0.0000,217.43,SUCCESS
2026-01-04T08:15:01.033545+00:00,btc-updown-15m-1767513600,RESOLUTION,DOWN,BINANCE_FALLBACK_SHARED,5,5,1.0000,4.8500,0,0.0000,5,0.9700,0,0.0000,0.0000,1.00,0.0000,0.0000,0.1500,217.43,RESOLVED
2026-01-04T08:15:10.123948+00:00,btc-updown-15m-1767514500,TRADE,DOWN,ACCUM,5,5,0.4600,2.3000,0,0.0000,0,0.0000,0,0.0000,0.0000,0.00,0.0000,0.0000,0.0000,217.43,SUCCESS
2026-01-04T08:15:11.023508+00:00,btc-updown-15m-1767514500,TRADE,UP,ACCUM,5,5,0.4700,2.3500,0,0.0000,0,0.0000,0,0.0000,0.0000,0.00,0.0000,0.0000,0.0000,217.43,SUCCESS
2026-01-04T08:15:17.005228+00:00,btc-updown-15m-1767514500,TRADE,UP,ACCUM,5,5,0.4700,2.3500,5,0.4700,0,0.0000,0,0.0000,0.0000,1.00,-2.3500,2.6500,0.0000,210.23,SUCCESS
2026-01-04T08:15:51.154104+00:00,btc-updown-15m-1767514500,TRADE,DOWN,ACCUM,5,5,0.4600,2.3000,5,0.4700,5,0.4600,5,0.9300,0.3500,0.00,0.3500,0.3500,0.0000,207.93,SUCCESS
2026-01-04T08:15:57.069602+00:00,btc-updown-15m-1767514500,TRADE,DOWN,ACCUM,5,5,0.3500,1.7500,5,0.4700,5,0.4600,5,0.9300,0.3500,0.00,0.3500,0.3500,0.0000,207.93,SUCCESS
2026-01-04T08:15:57.308449+00:00,btc-updown-15m-1767514500,TRADE,UP,ACCUM,5,5,0.5800,2.9000,5,0.4700,5,0.4600,5,0.9300,0.3500,0.00,0.3500,0.3500,0.0000,207.93,SUCCESS
2026-01-04T08:16:09.314822+00:00,btc-updown-15m-1767514500,TRADE,DOWN,ACCUM,5,5,0.3500,1.7500,5,0.4700,10,0.4050,5,0.8750,0.6250,0.50,-1.4000,3.6000,0.0000,207.93,SUCCESS
2026-01-04T08:17:12.431500+00:00,btc-updown-15m-1767514500,TRADE,UP,ACCUM,5,5,0.5800,2.9000,10,0.5250,10,0.4050,10,0.9300,0.7000,0.00,0.7000,0.7000,0.0000,206.18,SUCCESS
2026-01-04T08:17:18.156401+00:00,btc-updown-15m-1767514500,TRADE,DOWN,ACCUM,5,5,0.3500,1.7500,10,0.5250,10,0.4050,10,0.9300,0.7000,0.00,0.7000,0.7000,0.0000,206.18,SUCCESS
2026-01-04T08:17:18.387798+00:00,btc-updown-15m-1767514500,TRADE,UP,ACCUM,5,5,0.5800,2.9000,10,0.5250,10,0.4050,10,0.9300,0.7000,0.00,0.7000,0.7000,0.0000,206.18,SUCCESS
2026-01-04T08:17:24.553635+00:00,btc-updown-15m-1767514500,TRADE,UP,ACCUM,5,5,0.5800,2.9000,15,0.5433,10,0.4050,10,0.9483,0.5167,0.33,-2.2000,2.8000,0.0000,203.28,SUCCESS
2026-01-04T08:18:28.159741+00:00,btc-updown-15m-1767514500,TRADE,DOWN,ACCUM,5,5,0.3500,1.7497,15,0.5433,15,0.3867,15,0.9300,1.0499,0.00,1.0495,1.0503,0.0000,204.53,SUCCESS
2026-01-04T08:30:05.483957+00:00,btc-updown-15m-1767514500,RESOLUTION,DOWN,BINANCE_FALLBACK_SHARED,30,30,1.0000,13.9497,15,0.5433,15,0.3867,15,0.9300,1.0499,0.00,0.0000,0.0000,1.0495,204.53,RESOLVED
2026-01-04T08:30:14.296343+00:00,btc-updown-15m-1767515400,TRADE,DOWN,ACCUM,5,5,0.4000,2.0000,0,0.0000,0,0.0000,0,0.0000,0.0000,0.00,0.0000,0.0000,0.0000,204.53,SUCCESS
2026-01-04T08:30:15.159602+00:00,btc-updown-15m-1767515400,TRADE,UP,ACCUM,5,5,0.5300,2.6500,0,0.0000,0,0.0000,0,0.0000,0.0000,0.00,0.0000,0.0000,0.0000,204.53,SUCCESS
2026-01-04T08:31:09.033546+00:00,btc-updown-15m-1767515400,TRADE,DOWN,ACCUM,5,5,0.4000,2.0000,0,0.0000,5,0.4000,0,0.0000,0.0000,1.00,-2.0000,3.0000,0.0000,203.63,SUCCESS
2026-01-04T08:32:18.245152+00:00,btc-updown-15m-1767515400,TRADE,UP,ACCUM,5,5,0.5500,2.7500,0,0.0000,5,0.4000,0,0.0000,0.0000,1.00,-2.0000,3.0000,0.0000,203.63,SUCCESS
2026-01-04T08:34:19.877898+00:00,btc-updown-15m-1767515400,TRADE,UP,ACCUM,5,5,0.5700,2.8500,0,0.0000,5,0.4000,0,0.0000,0.0000,1.00,-2.0000,3.0000,0.0000,203.63,SUCCESS
2026-01-04T08:35:24.073627+00:00,btc-updown-15m-1767515400,TRADE,UP,ACCUM,5,5,0.6100,3.0500,0,0.0000,5,0.4000,0,0.0000,0.0000,1.00,-2.0000,3.0000,0.0000,203.63,SUCCESS
2026-01-04T08:36:28.234225+00:00,btc-updown-15m-1767515400,TRADE,UP,ACCUM,5,5,0.6500,3.2500,0,0.0000,5,0.4000,0,0.0000,0.0000,1.00,-2.0000,3.0000,0.0000,203.63,SUCCESS
2026-01-04T08:37:32.095070+00:00,btc-updown-15m-1767515400,TRADE,UP,ACCUM,5,5,0.6900,3.4500,0,0.0000,5,0.4000,0,0.0000,0.0000,1.00,-2.0000,3.0000,0.0000,203.63,SUCCESS
2026-01-04T08:38:58.189530+00:00,btc-updown-15m-1767515400,TRADE,UP,ACCUM,5,5,0.8100,4.0500,0,0.0000,5,0.4000,0,0.0000,0.0000,1.00,-2.0000,3.0000,0.0000,203.63,SUCCESS
2026-01-04T08:45:01.689272+00:00,btc-updown-15m-1767515400,RESOLUTION,UP,BINANCE_FALLBACK_SHARED,5,5,1.0000,2.0000,0,0.0000,5,0.4000,0,0.0000,0.0000,1.00,0.0000,0.0000,-2.0000,203.63,RESOLVED
2026-01-04T09:45:10.912814+00:00,btc-updown-15m-1767519900,TRADE,UP,ACCUM,5,5,0.3900,1.9500,0,0.0000,0,0.0000,0,0.0000,0.0000,0.00,0.0000,0.0000,0.0000,216.63,SUCCESS
2026-01-04T09:45:12.137833+00:00,btc-updown-15m-1767519900,TRADE,DOWN,ACCUM,5,5,0.5300,2.6500,0,0.0000,0,0.0000,0,0.0000,0.0000,0.00,0.0000,0.0000,0.0000,216.63,SUCCESS
2026-01-04T09:45:18.510950+00:00,btc-updown-15m-1767519900,TRADE,UP,ACCUM,5,5,0.3900,1.9500,5,0.3900,0,0.0000,0,0.0000,0.0000,1.00,-1.9500,3.0500,0.0000,214.68,SUCCESS
2026-01-04T09:45:19.117123+00:00,btc-updown-15m-1767519900,TRADE,DOWN,ACCUM,5,5,0.5300,2.6500,5,0.3900,5,0.5300,5,0.9200,0.4000,0.00,0.4000,0.4000,0.0000,214.68,SUCCESS
2026-01-04T09:45:25.114157+00:00,btc-updown-15m-1767519900,TRADE,DOWN,ACCUM,5,5,0.4200,2.1000,5,0.3900,5,0.5300,5,0.9200,0.4000,0.00,0.4000,0.4000,0.0000,214.68,SUCCESS
2026-01-04T09:45:25.427871+00:00,btc-updown-15m-1767519900,TRADE,UP,ACCUM,5,5,0.5100,2.5500,5,0.3900,5,0.5300,5,0.9200,0.4000,0.00,0.4000,0.4000,0.0000,214.68,SUCCESS
2026-01-04T09:45:44.331666+00:00,btc-updown-15m-1767519900,TRADE,DOWN,ACCUM,5,5,0.4200,2.1000,5,0.3900,10,0.4750,5,0.8650,0.6750,0.50,-1.7000,3.3000,0.0000,209.93,SUCCESS
2026-01-04T09:46:13.586443+00:00,btc-updown-15m-1767519900,TRADE,UP,ACCUM,5,5,0.5100,2.5500,10,0.4500,10,0.4750,10,0.9250,0.7500,0.00,0.7500,0.7500,0.0000,207.38,SUCCESS
2026-01-04T09:46:19.583799+00:00,btc-updown-15m-1767519900,TRADE,UP,ACCUM,5,5,0.3800,1.9000,10,0.4500,10,0.4750,10,0.9250,0.7500,0.00,0.7500,0.7500,0.0000,207.38,SUCCESS
2026-01-04T09:46:19.922827+00:00,btc-updown-15m-1767519900,TRADE,DOWN,ACCUM,5,5,0.5700,2.8500,10,0.4500,10,0.4750,10,0.9250,0.7500,0.00,0.7500,0.7500,0.0000,207.38,SUCCESS
2026-01-04T09:46:38.815689+00:00,btc-updown-15m-1767519900,TRADE,UP,ACCUM,5,5,0.3800,1.9000,15,0.4267,10,0.4750,10,0.9017,0.9833,0.33,-1.1500,3.8500,0.0000,207.38,SUCCESS
2026-01-04T09:46:45.422300+00:00,btc-updown-15m-1767519900,TRADE,DOWN,ACCUM,5,5,0.5700,2.8500,15,0.4267,15,0.5067,15,0.9333,1.0000,0.00,1.0000,1.0000,0.0000,205.48,SUCCESS
2026-01-04T10:00:01.268808+00:00,btc-updown-15m-1767519900,RESOLUTION,UP,BINANCE_FALLBACK_SHARED,30,30,1.0000,14.0000,15,0.4267,15,0.5067,15,0.9333,1.0000,0.00,0.0000,0.0000,1.0000,205.48,RESOLVED
2026-01-04T10:00:12.266323+00:00,btc-updown-15m-1767520800,TRADE,DOWN,ACCUM,5,5,0.4600,2.3000,0,0.0000,0,0.0000,0,0.0000,0.0000,0.00,0.0000,0.0000,0.0000,205.48,SUCCESS
2026-01-04T10:00:13.512683+00:00,btc-updown-15m-1767520800,TRADE,UP,ACCUM,5,5,0.4700,2.3500,0,0.0000,0,0.0000,0,0.0000,0.0000,0.00,0.0000,0.0000,0.0000,205.48,SUCCESS
2026-01-04T10:00:32.378572+00:00,btc-updown-15m-1767520800,TRADE,UP,ACCUM,5,5,0.4700,2.3500,5,0.4700,0,0.0000,0,0.0000,0.0000,1.00,-2.3500,2.6500,0.0000,200.28,SUCCESS
2026-01-04T10:00:44.676751+00:00,btc-updown-15m-1767520800,TRADE,DOWN,ACCUM,5,5,0.4600,2.3000,5,0.4700,5,0.4600,5,0.9300,0.3500,0.00,0.3500,0.3500,0.0000,200.28,SUCCESS
2026-01-04T10:00:50.681944+00:00,btc-updown-15m-1767520800,TRADE,UP,ACCUM,5,5,0.4600,2.3000,5,0.4700,5,0.4600,5,0.9300,0.3500,0.00,0.3500,0.3500,0.0000,200.28,SUCCESS
2026-01-04T10:00:51.001084+00:00,btc-updown-15m-1767520800,TRADE,DOWN,ACCUM,5,5,0.4600,2.3000,5,0.4700,5,0.4600,5,0.9300,0.3500,0.00,0.3500,0.3500,0.0000,200.28,SUCCESS
2026-01-04T10:01:09.859346+00:00,btc-updown-15m-1767520800,TRADE,DOWN,ACCUM,5,5,0.4600,2.3000,5,0.4700,10,0.4600,5,0.9300,0.3500,0.50,-1.9500,3.0500,0.0000,195.68,SUCCESS
2026-01-04T10:02:27.706767+00:00,btc-updown-15m-1767520800,TRADE,UP,ACCUM,5,5,0.4600,2.3000,10,0.4650,10,0.4600,10,0.9250,0.7500,0.00,0.7500,0.7500,0.0000,195.68,SUCCESS
2026-01-04T10:02:33.703218+00:00,btc-updown-15m-1767520800,TRADE,UP,ACCUM,5,5,0.3600,1.8000,10,0.4650,10,0.4600,10,0.9250,0.7500,0.00,0.7500,0.7500,0.0000,195.68,SUCCESS
2026-01-04T10:02:34.031938+00:00,btc-updown-15m-1767520800,TRADE,DOWN,ACCUM,5,5,0.5700,2.8500,10,0.4650,10,0.4600,10,0.9250,0.7500,0.00,0.7500,0.7500,0.0000,195.68,SUCCESS
2026-01-04T10:02:52.988615+00:00,btc-updown-15m-1767520800,TRADE,UP,ACCUM,5,5,0.3600,1.8000,15,0.4300,10,0.4600,10,0.8900,1.1000,0.33,-1.0500,3.9500,0.0000,190.53,SUCCESS
2026-01-04T10:02:53.604429+00:00,btc-updown-15m-1767520800,TRADE,DOWN,ACCUM,5,5,0.5700,2.8500,15,0.4300,15,0.4967,15,0.9267,1.1000,0.00,1.1000,1.1000,0.0000,190.53,SUCCESS
2026-01-04T10:15:00.605190+00:00,btc-updown-15m-1767520800,RESOLUTION,UP,BINANCE_FALLBACK_SHARED,30,30,1.0000,13.9000,15,0.4300,15,0.4967,15,0.9267,1.1000,0.00,0.0000,0.0000,1.1000,190.53,RESOLVED
2026-01-04T10:15:10.723694+00:00,btc-updown-15m-1767521700,TRADE,UP,ACCUM,5,5,0.4100,2.0500,0,0.0000,0,0.0000,0,0.0000,0.0000,0.00,0.0000,0.0000,0.0000,190.53,SUCCESS
2026-01-04T10:15:11.995954+00:00,btc-updown-15m-1767521700,TRADE,DOWN,ACCUM,5,5,0.5200,2.6000,0,0.0000,0,0.0000,0,0.0000,0.0000,0.00,0.0000,0.0000,0.0000,190.53,SUCCESS
2026-01-04T10:15:18.308727+00:00,btc-updown-15m-1767521700,TRADE,UP,ACCUM,5,5,0.4100,2.0500,5,0.4100,0,0.0000,0,0.0000,0.0000,1.00,-2.0500,2.9500,0.0000,203.73,SUCCESS
2026-01-04T10:17:21.269423+00:00,btc-updown-15m-1767521700,TRADE,DOWN,ACCUM,5,5,0.5400,2.7000,5,0.4100,0,0.0000,0,0.0000,0.0000,1.00,-2.0500,2.9500,0.0000,203.73,SUCCESS
2026-01-04T10:17:27.551509+00:00,btc-updown-15m-1767521700,TRADE,DOWN,ACCUM,5,5,0.5400,2.7000,5,0.4100,5,0.5400,5,0.9500,0.2500,0.00,0.2500,0.2500,0.0000,198.98,SUCCESS
2026-01-04T10:17:33.560570+00:00,btc-updown-15m-1767521700,TRADE,UP,ACCUM,5,5,0.4200,2.1000,5,0.4100,5,0.5400,5,0.9500,0.2500,0.00,0.2500,0.2500,0.0000,198.98,SUCCESS
2026-01-04T10:17:33.869119+00:00,btc-updown-15m-1767521700,TRADE,DOWN,ACCUM,5,5,0.5000,2.5000,5,0.4100,5,0.5400,5,0.9500,0.2500,0.00,0.2500,0.2500,0.0000,198.98,SUCCESS
2026-01-04T10:17:40.137676+00:00,btc-updown-15m-1767521700,TRADE,UP,ACCUM,5,5,0.4200,2.1000,10,0.4150,5,0.5400,5,0.9550,0.2250,0.50,-1.8500,3.1500,0.0000,198.98,SUCCESS
2026-01-04T10:19:40.803437+00:00,btc-updown-15m-1767521700,TRADE,DOWN,ACCUM,5,5,0.5200,2.6000,10,0.4150,5,0.5400,5,0.9550,0.2250,0.50,-1.8500,3.1500,0.0000,198.98,SUCCESS
2026-01-04T10:20:47.788172+00:00,btc-updown-15m-1767521700,TRADE,DOWN,ACCUM,5,5,0.5600,2.8000,10,0.4150,5,0.5400,5,0.9550,0.2250,0.50,-1.8500,3.1500,0.0000,198.98,SUCCESS
2026-01-04T10:21:42.178673+00:00,btc-updown-15m-1767521700,TRADE,DOWN,ACCUM,5,5,0.5600,2.8000,10,0.4150,10,0.5500,10,0.9650,0.3500,0.00,0.3500,0.3500,0.0000,209.08,SUCCESS
2026-01-04T10:21:48.190432+00:00,btc-updown-15m-1767521700,TRADE,UP,ACCUM,5,5,0.4600,2.3000,10,0.4150,10,0.5500,10,0.9650,0.3500,0.00,0.3500,0.3500,0.0000,209.08,SUCCESS
2026-01-04T10:21:48.500326+00:00,btc-updown-15m-1767521700,TRADE,DOWN,ACCUM,5,5,0.4900,2.4500,10,0.4150,10,0.5500,10,0.9650,0.3500,0.00,0.3500,0.3500,0.0000,209.08,SUCCESS
2026-01-04T10:21:54.772642+00:00,btc-updown-15m-1767521700,TRADE,UP,ACCUM,5,5,0.4600,2.3000,15,0.4300,10,0.5500,10,0.9800,0.2000,0.33,-1.9500,3.0500,0.0000,206.78,SUCCESS
2026-01-04T10:22:49.741430+00:00,btc-updown-15m-1767521700,TRADE,DOWN,ACCUM,5,5,0.5300,2.6500,15,0.4300,10,0.5500,10,0.9800,0.2000,0.33,-1.9500,3.0500,0.0000,206.78,SUCCESS
2026-01-04T10:23:55.545704+00:00,btc-updown-15m-1767521700,TRADE,DOWN,ACCUM,5,5,0.5700,2.8500,15,0.4300,10,0.5500,10,0.9800,0.2000,0.33,-1.9500,3.0500,0.0000,206.78,SUCCESS
2026-01-04T10:30:13.345152+00:00,btc-updown-15m-1767522600,TRADE,DOWN,ACCUM,5,5,0.4300,2.1500,0,0.0000,0,0.0000,0,0.0000,0.0000,0.00,0.0000,0.0000,0.0000,206.78,SUCCESS
2026-01-04T10:30:14.598809+00:00,btc-updown-15m-1767522600,TRADE,UP,ACCUM,5,5,0.5300,2.6500,0,0.0000,0,0.0000,0,0.0000,0.0000,0.00,0.0000,0.0000,0.0000,206.78,SUCCESS
2026-01-04T10:30:21.202037+00:00,btc-updown-15m-1767522600,TRADE,UP,ACCUM,5,5,0.5300,2.6500,5,0.5300,0,0.0000,0,0.0000,0.0000,1.00,-2.6500,2.3500,0.0000,204.13,SUCCESS
2026-01-04T10:31:01.525246+00:00,btc-updown-15m-1767522600,TRADE,DOWN,ACCUM,5,5,0.4300,2.1500,5,0.5300,5,0.4300,5,0.9600,0.2000,0.00,0.2000,0.2000,0.0000,201.98,SUCCESS
2026-01-04T10:31:07.536690+00:00,btc-updown-15m-1767522600,TRADE,DOWN,ACCUM,5,5,0.3800,1.9000,5,0.5300,5,0.4300,5,0.9600,0.2000,0.00,0.2000,0.2000,0.0000,201.98,SUCCESS
2026-01-04T10:31:07.850491+00:00,btc-updown-15m-1767522600,TRADE,UP,ACCUM,5,5,0.5500,2.7500,5,0.5300,5,0.4300,5,0.9600,0.2000,0.00,0.2000,0.2000,0.0000,201.98,SUCCESS
2026-01-04T10:31:20.419715+00:00,btc-updown-15m-1767522600,TRADE,DOWN,ACCUM,5,5,0.3800,1.9000,5,0.5300,10,0.4050,5,0.9350,0.3250,0.50,-1.7000,3.3000,0.0000,201.98,SUCCESS
2026-01-04T10:33:09.166569+00:00,btc-updown-15m-1767522600,TRADE,UP,ACCUM,5,5,0.5700,2.8500,5,0.5300,10,0.4050,5,0.9350,0.3250,0.50,-1.7000,3.3000,0.0000,201.98,SUCCESS
2026-01-04T10:35:03.990229+00:00,btc-updown-15m-1767522600,TRADE,UP,ACCUM,5,5,0.7600,3.8000,5,0.5300,10,0.4050,5,0.9350,0.3250,0.50,-1.7000,3.3000,0.0000,201.98,SUCCESS
2026-01-04T10:35:10.386091+00:00,btc-updown-15m-1767522600,TRADE,UP,ACCUM,5,5,0.7600,3.8000,10,0.6450,10,0.4050,10,1.0500,-0.5000,0.00,-0.5000,-0.5000,0.0000,206.28,SUCCESS
2026-01-04T10:35:16.446399+00:00,btc-updown-15m-1767522600,TRADE,DOWN,ACCUM,5,5,0.2300,1.1500,10,0.6450,10,0.4050,10,1.0500,-0.5000,0.00,-0.5000,-0.5000,0.0000,206.28,SUCCESS
2026-01-04T10:35:16.761499+00:00,btc-updown-15m-1767522600,TRADE,UP,ACCUM,5,5,0.7100,3.5500,10,0.6450,10,0.4050,10,1.0500,-0.5000,0.00,-0.5000,-0.5000,0.0000,206.28,SUCCESS
2026-01-04T10:35:29.399040+00:00,btc-updown-15m-1767522600,TRADE,DOWN,ACCUM,5,5,0.2300,1.1500,10,0.6450,15,0.3467,10,0.9917,0.0833,0.33,-1.6500,3.3500,0.0000,206.28,SUCCESS
2026-01-04T10:35:35.964095+00:00,btc-updown-15m-1767522600,TRADE,UP,ACCUM,5,5,0.7100,3.5500,15,0.6667,15,0.3467,15,1.0133,-0.2000,0.00,-0.2000,-0.2000,0.0000,205.13,SUCCESS
2026-01-04T10:45:12.492074+00:00,btc-updown-15m-1767523500,TRADE,DOWN,ACCUM,5,5,0.4600,2.3000,0,0.0000,0,0.0000,0,0.0000,0.0000,0.00,0.0000,0.0000,0.0000,201.58,SUCCESS
2026-01-04T10:45:13.709401+00:00,btc-updown-15m-1767523500,TRADE,UP,ACCUM,5,5,0.4800,2.4000,0,0.0000,0,0.0000,0,0.0000,0.0000,0.00,0.0000,0.0000,0.0000,201.58,SUCCESS
2026-01-04T10:45:26.394281+00:00,btc-updown-15m-1767523500,TRADE,UP,ACCUM,5,5,0.4800,2.4000,5,0.4800,0,0.0000,0,0.0000,0.0000,1.00,-2.4000,2.6000,0.0000,201.58,SUCCESS
2026-01-04T10:47:06.347883+00:00,btc-updown-15m-1767523500,TRADE,DOWN,ACCUM,5,5,0.4600,2.3000,5,0.4800,5,0.4600,5,0.9400,0.3000,0.00,0.3000,0.3000,0.0000,199.18,SUCCESS
2026-01-04T10:47:12.333620+00:00,btc-updown-15m-1767523500,TRADE,DOWN,ACCUM,5,5,0.3900,1.9500,5,0.4800,5,0.4600,5,0.9400,0.3000,0.00,0.3000,0.3000,0.0000,199.18,SUCCESS
2026-01-04T10:47:12.652931+00:00,btc-updown-15m-1767523500,TRADE,UP,ACCUM,5,5,0.5400,2.7000,5,0.4800,5,0.4600,5,0.9400,0.3000,0.00,0.3000,0.3000,0.0000,199.18,SUCCESS
2026-01-04T10:47:25.523887+00:00,btc-updown-15m-1767523500,TRADE,UP,ACCUM,5,5,0.5400,2.7000,10,0.5100,5,0.4600,5,0.9700,0.1500,0.50,-2.4000,2.6000,0.0000,196.88,SUCCESS
2026-01-04T10:47:37.792156+00:00,btc-updown-15m-1767523500,TRADE,DOWN,ACCUM,5,5,0.3900,1.9500,10,0.5100,10,0.4250,10,0.9350,0.6500,0.00,0.6500,0.6500,0.0000,194.18,SUCCESS
2026-01-04T10:47:43.814376+00:00,btc-updown-15m-1767523500,TRADE,DOWN,ACCUM,5,5,0.2800,1.4000,10,0.5100,10,0.4250,10,0.9350,0.6500,0.00,0.6500,0.6500,0.0000,194.18,SUCCESS
2026-01-04T10:47:44.136184+00:00,btc-updown-15m-1767523500,TRADE,UP,ACCUM,5,5,0.6300,3.1500,10,0.5100,10,0.4250,10,0.9350,0.6500,0.00,0.6500,0.6500,0.0000,194.18,SUCCESS
2026-01-04T10:47:50.783401+00:00,btc-updown-15m-1767523500,TRADE,UP,ACCUM,5,5,0.6300,3.1500,15,0.5500,10,0.4250,10,0.9750,0.2500,0.33,-2.5000,2.5000,0.0000,192.23,SUCCESS
2026-01-04T10:49:46.355218+00:00,btc-updown-15m-1767523500,TRADE,DOWN,ACCUM,5,5,0.3000,1.5000,15,0.5500,10,0.4250,10,0.9750,0.2500,0.33,-2.5000,2.5000,0.0000,192.23,SUCCESS
2026-01-04T10:50:53.157293+00:00,btc-updown-15m-1767523500,TRADE,DOWN,ACCUM,5,5,0.3400,1.7000,15,0.5500,10,0.4250,10,0.9750,0.2500,0.33,-2.5000,2.5000,0.0000,192.23,SUCCESS
2026-01-04T10:51:59.741088+00:00,btc-updown-15m-1767523500,TRADE,DOWN,ACCUM,5,5,0.3800,1.9000,15,0.5500,10,0.4250,10,0.9750,0.2500,0.33,-2.5000,2.5000,0.0000,192.23,SUCCESS
2026-01-04T10:52:59.847288+00:00,btc-updown-15m-1767523500,TRADE,DOWN,ACCUM,5,5,0.3800,1.9000,15,0.5500,15,0.4100,15,0.9600,0.6000,0.00,0.6000,0.6000,0.0000,202.18,SUCCESS
2026-01-04T11:00:00.410410+00:00,btc-updown-15m-1767523500,RESOLUTION,UP,BINANCE_FALLBACK_SHARED,30,30,1.0000,14.4000,15,0.5500,15,0.4100,15,0.9600,0.6000,0.00,0.0000,0.0000,0.6000,202.18,RESOLVED
2026-01-04T11:00:11.853568+00:00,btc-updown-15m-1767524400,TRADE,UP,ACCUM,5,5,0.3600,1.8000,5,0.3600,0,0.0000,0,0.0000,0.0000,1.00,-1.8000,3.2000,0.0000,202.18,SUCCESS
2026-01-04T11:00:12.916672+00:00,btc-updown-15m-1767524400,TRADE,DOWN,ACCUM,5,5,0.5700,2.8500,5,0.3600,0,0.0000,0,0.0000,0.0000,1.00,-1.8000,3.2000,0.0000,202.18,SUCCESS
2026-01-04T11:00:47.198335+00:00,btc-updown-15m-1767524400,TRADE,DOWN,ACCUM,5,5,0.5700,2.8500,5,0.3600,5,0.5700,5,0.9300,0.3500,0.00,0.3500,0.3500,0.0000,197.58,SUCCESS
2026-01-04T11:00:53.031682+00:00,btc-updown-15m-1767524400,TRADE,UP,ACCUM,5,5,0.4100,2.0500,5,0.3600,5,0.5700,5,0.9300,0.3500,0.00,0.3500,0.3500,0.0000,197.58,SUCCESS
2026-01-04T11:00:53.366774+00:00,btc-updown-15m-1767524400,TRADE,DOWN,ACCUM,5,5,0.5200,2.6000,5,0.3600,5,0.5700,5,0.9300,0.3500,0.00,0.3500,0.3500,0.0000,197.58,SUCCESS
2026-01-04T11:01:18.202044+00:00,btc-updown-15m-1767524400,TRADE,UP,ACCUM,5,5,0.4100,2.0500,10,0.3850,5,0.5700,5,0.9550,0.2250,0.50,-1.7000,3.3000,0.0000,195.53,SUCCESS
2026-01-04T11:02:59.464946+00:00,btc-updown-15m-1767524400,TRADE,DOWN,ACCUM,5,5,0.5400,2.7000,10,0.3850,5,0.5700,5,0.9550,0.2250,0.50,-1.7000,3.3000,0.0000,195.53,SUCCESS
2026-01-04T11:05:04.381366+00:00,btc-updown-15m-1767524400,TRADE,DOWN,ACCUM,5,5,0.8200,4.1000,10,0.3850,5,0.5700,5,0.9550,0.2250,0.50,-1.7000,3.3000,0.0000,195.53,SUCCESS
2026-01-04T11:06:10.494507+00:00,btc-updown-15m-1767524400,TRADE,DOWN,ACCUM,5,5,0.8600,4.3000,10,0.3850,5,0.5700,5,0.9550,0.2250,0.50,-1.7000,3.3000,0.0000,195.53,SUCCESS
2026-01-04T11:07:16.125302+00:00,btc-updown-15m-1767524400,TRADE,DOWN,ACCUM,5,5,0.9000,4.5000,10,0.3850,5,0.5700,5,0.9550,0.2250,0.50,-1.7000,3.3000,0.0000,195.53,SUCCESS
2026-01-04T11:15:04.387137+00:00,btc-updown-15m-1767524400,RESOLUTION,DOWN,BINANCE_FALLBACK_SHARED,15,15,1.0000,6.7000,10,0.3850,5,0.5700,5,0.9550,0.2250,0.50,0.0000,0.0000,-1.7000,195.53,RESOLVED
2026-01-04T11:15:14.606030+00:00,btc-updown-15m-1767525300,TRADE,UP,ACCUM,5,5,0.4500,2.2500,0,0.0000,0,0.0000,0,0.0000,0.0000,0.00,0.0000,0.0000,0.0000,195.53,SUCCESS
2026-01-04T11:15:15.639749+00:00,btc-updown-15m-1767525300,TRADE,DOWN,ACCUM,5,5,0.4700,2.3500,0,0.0000,0,0.0000,0,0.0000,0.0000,0.00,0.0000,0.0000,0.0000,195.53,SUCCESS
2026-01-04T11:30:13.031072+00:00,btc-updown-15m-1767526200,TRADE,UP,ACCUM,5,5,0.4600,2.3000,0,0.0000,0,0.0000,0,0.0000,0.0000,0.00,0.0000,0.0000,0.0000,210.93,SUCCESS
2026-01-04T11:30:14.165708+00:00,btc-updown-15m-1767526200,TRADE,DOWN,ACCUM,5,5,0.4700,2.3500,0,0.0000,0,0.0000,0,0.0000,0.0000,0.00,0.0000,0.0000,0.0000,210.93,SUCCESS
2026-01-04T11:30:20.363081+00:00,btc-updown-15m-1767526200,TRADE,DOWN,ACCUM,5,5,0.4700,2.3500,0,0.0000,5,0.4700,0,0.0000,0.0000,1.00,-2.3500,2.6500,0.0000,209.00,SUCCESS
2026-01-04T11:32:14.618203+00:00,btc-updown-15m-1767526200,TRADE,UP,ACCUM,5,5,0.4800,2.4000,0,0.0000,5,0.4700,0,0.0000,0.0000,1.00,-2.3500,2.6500,0.0000,209.00,SUCCESS
2026-01-04T11:34:20.381418+00:00,btc-updown-15m-1767526200,TRADE,UP,ACCUM,5,5,0.5000,2.5000,0,0.0000,5,0.4700,0,0.0000,0.0000,1.00,-2.3500,2.6500,0.0000,209.00,SUCCESS
2026-01-04T11:35:26.269921+00:00,btc-updown-15m-1767526200,TRADE,UP,ACCUM,5,5,0.5400,2.7000,0,0.0000,5,0.4700,0,0.0000,0.0000,1.00,-2.3500,2.6500,0.0000,209.00,SUCCESS
2026-01-04T11:36:32.543653+00:00,btc-updown-15m-1767526200,TRADE,UP,ACCUM,5,5,0.5800,2.9000,0,0.0000,5,0.4700,0,0.0000,0.0000,1.00,-2.3500,2.6500,0.0000,209.00,SUCCESS
2026-01-04T11:36:38.839506+00:00,btc-updown-15m-1767526200,TRADE,UP,ACCUM,5,5,0.5800,2.9000,5,0.5800,5,0.4700,5,1.0500,-0.2500,0.00,-0.2500,-0.2500,0.0000,210.68,SUCCESS
2026-01-04T11:36:44.973799+00:00,btc-updown-15m-1767526200,TRADE,DOWN,ACCUM,5,5,0.4500,2.2500,5,0.5800,5,0.4700,5,1.0500,-0.2500,0.00,-0.2500,-0.2500,0.0000,210.68,SUCCESS
2026-01-04T11:36:45.300270+00:00,btc-updown-15m-1767526200,TRADE,UP,ACCUM,5,5,0.5000,2.5000,5,0.5800,5,0.4700,5,1.0500,-0.2500,0.00,-0.2500,-0.2500,0.0000,210.68,SUCCESS
2026-01-04T11:36:51.516570+00:00,btc-updown-15m-1767526200,TRADE,UP,ACCUM,5,5,0.5000,2.5000,10,0.5400,5,0.4700,5,1.0100,-0.0500,0.50,-2.7500,2.2500,0.0000,210.68,SUCCESS
2026-01-04T11:37:04.097235+00:00,btc-updown-15m-1767526200,TRADE,DOWN,ACCUM,5,5,0.4500,2.2500,10,0.5400,10,0.4600,10,1.0000,0.0000,0.00,0.0000,0.0000,0.0000,208.18,SUCCESS
2026-01-04T11:37:10.011781+00:00,btc-updown-15m-1767526200,TRADE,DOWN,ACCUM,5,5,0.4700,2.3500,10,0.5400,10,0.4600,10,1.0000,0.0000,0.00,0.0000,0.0000,0.0000,208.18,SUCCESS
2026-01-04T11:37:10.335954+00:00,btc-updown-15m-1767526200,TRADE,UP,ACCUM,5,5,0.4800,2.4000,10,0.5400,10,0.4600,10,1.0000,0.0000,0.00,0.0000,0.0000,0.0000,208.18,SUCCESS
2026-01-04T11:37:16.537004+00:00,btc-updown-15m-1767526200,TRADE,DOWN,ACCUM,5,5,0.4700,2.3494,10,0.5400,15,0.4633,10,1.0033,-0.0333,0.33,-2.3494,2.6493,0.0000,205.93,SUCCESS
2026-01-04T11:38:04.136570+00:00,btc-updown-15m-1767526200,TRADE,UP,ACCUM,5,5,0.4800,2.4000,15,0.5200,15,0.4633,15,0.9833,0.2500,0.00,0.2493,0.2506,0.0000,203.58,SUCCESS
2026-01-04T11:45:02.197893+00:00,btc-updown-15m-1767526200,RESOLUTION,UP,BINANCE_FALLBACK_SHARED,30,30,1.0000,14.7494,15,0.5200,15,0.4633,15,0.9833,0.2500,0.00,0.0000,0.0000,0.2506,203.58,RESOLVED
2026-01-04T11:45:12.658889+00:00,btc-updown-15m-1767527100,TRADE,UP,ACCUM,5,5,0.3800,1.9000,0,0.0000,0,0.0000,0,0.0000,0.0000,0.00,0.0000,0.0000,0.0000,203.58,SUCCESS
2026-01-04T11:45:13.741053+00:00,btc-updown-15m-1767527100,TRADE,DOWN,ACCUM,5,5,0.5300,2.6500,0,0.0000,0,0.0000,0,0.0000,0.0000,0.00,0.0000,0.0000,0.0000,203.58,SUCCESS
2026-01-04T11:45:44.574816+00:00,btc-updown-15m-1767527100,TRADE,DOWN,ACCUM,5,5,0.5300,2.6500,0,0.0000,5,0.5300,0,0.0000,0.0000,1.00,-2.6500,2.3500,0.0000,200.31,SUCCESS
2026-01-04T11:47:14.698734+00:00,btc-updown-15m-1767527100,TRADE,UP,ACCUM,5,5,0.4000,2.0000,0,0.0000,5,0.5300,0,0.0000,0.0000,1.00,-2.6500,2.3500,0.0000,200.31,SUCCESS
2026-01-04T11:49:19.391729+00:00,btc-updown-15m-1767527100,TRADE,UP,ACCUM,5,5,0.4200,2.1000,0,0.0000,5,0.5300,0,0.0000,0.0000,1.00,-2.6500,2.3500,0.0000,200.31,SUCCESS
2026-01-04T11:50:13.052283+00:00,btc-updown-15m-1767527100,TRADE,UP,ACCUM,5,5,0.4200,2.1000,5,0.4200,5,0.5300,5,0.9500,0.2500,0.00,0.2500,0.2500,0.0000,213.52,SUCCESS
2026-01-04T11:50:19.010143+00:00,btc-updown-15m-1767527100,TRADE,UP,ACCUM,5,5,0.3700,1.8500,5,0.4200,5,0.5300,5,0.9500,0.2500,0.00,0.2500,0.2500,0.0000,213.52,SUCCESS
2026-01-04T11:50:19.253818+00:00,btc-updown-15m-1767527100,TRADE,DOWN,ACCUM,5,5,0.5800,2.9000,5,0.4200,5,0.5300,5,0.9500,0.2500,0.00,0.2500,0.2500,0.0000,213.52,SUCCESS
2026-01-04T11:50:31.588254+00:00,btc-updown-15m-1767527100,TRADE,UP,ACCUM,5,5,0.3700,1.8500,10,0.3950,5,0.5300,5,0.9250,0.3750,0.50,-1.6000,3.4000,0.0000,209.57,SUCCESS
2026-01-04T11:51:26.599658+00:00,btc-updown-15m-1767527100,TRADE,DOWN,ACCUM,5,5,0.6100,3.0500,10,0.3950,10,0.5700,10,0.9650,0.3500,0.00,0.3500,0.3500,0.0000,209.57,SUCCESS
2026-01-04T11:51:32.606064+00:00,btc-updown-15m-1767527100,TRADE,UP,ACCUM,5,5,0.3500,1.7500,10,0.3950,10,0.5700,10,0.9650,0.3500,0.00,0.3500,0.3500,0.0000,209.57,SUCCESS
2026-01-04T11:51:32.918527+00:00,btc-updown-15m-1767527100,TRADE,DOWN,ACCUM,5,5,0.5900,2.9500,10,0.3950,10,0.5700,10,0.9650,0.3500,0.00,0.3500,0.3500,0.0000,209.57,SUCCESS
2026-01-04T11:51:39.115381+00:00,btc-updown-15m-1767527100,TRADE,UP,ACCUM,5,5,0.3500,1.7478,15,0.3800,10,0.5700,10,0.9500,0.4999,0.33,-1.3978,3.5960,0.0000,206.52,SUCCESS
2026-01-04T11:52:39.395549+00:00,btc-updown-15m-1767527100,TRADE,DOWN,ACCUM,5,5,0.6300,3.1500,15,0.3800,10,0.5700,10,0.9500,0.4999,0.33,-1.3978,3.5960,0.0000,206.52,SUCCESS
2026-01-04T11:53:44.978231+00:00,btc-updown-15m-1767527100,TRADE,DOWN,ACCUM,5,5,0.6700,3.3500,15,0.3800,10,0.5700,10,0.9500,0.4999,0.33,-1.3978,3.5960,0.0000,206.52,SUCCESS
2026-01-04T11:54:51.199461+00:00,btc-updown-15m-1767527100,TRADE,DOWN,ACCUM,5,5,0.7100,3.5500,15,0.3800,10,0.5700,10,0.9500,0.4999,0.33,-1.3978,3.5960,0.0000,206.52,SUCCESS
2026-01-04T12:00:12.329064+00:00,btc-updown-15m-1767528000,TRADE,UP,ACCUM,5,5,0.5200,2.6000,0,0.0000,0,0.0000,0,0.0000,0.0000,0.00,0.0000,0.0000,0.0000,204.78,SUCCESS
2026-01-04T12:00:13.606474+00:00,btc-updown-15m-1767528000,TRADE,DOWN,ACCUM,5,5,0.4100,2.0500,0,0.0000,0,0.0000,0,0.0000,0.0000,0.00,0.0000,0.0000,0.0000,204.78,SUCCESS
2026-01-04T12:00:19.782730+00:00,btc-updown-15m-1767528000,TRADE,UP,ACCUM,5,5,0.5200,2.6000,5,0.5200,0,0.0000,0,0.0000,0.0000,1.00,-2.6000,2.4000,0.0000,204.78,SUCCESS
2026-01-04T12:01:49.440504+00:00,btc-updown-15m-1767528000,TRADE,DOWN,ACCUM,5,5,0.4100,2.0500,5,0.5200,5,0.4100,5,0.9300,0.3500,0.00,0.3500,0.3500,0.0000,202.18,SUCCESS
2026-01-04T12:01:55.461798+00:00,btc-updown-15m-1767528000,TRADE,UP,ACCUM,5,5,0.6000,3.0000,5,0.5200,5,0.4100,5,0.9300,0.3500,0.00,0.3500,0.3500,0.0000,202.18,SUCCESS
2026-01-04T12:01:55.693137+00:00,btc-updown-15m-1767528000,TRADE,DOWN,ACCUM,5,5,0.3300,1.6500,5,0.5200,5,0.4100,5,0.9300,0.3500,0.00,0.3500,0.3500,0.0000,202.18,SUCCESS
2026-01-04T12:02:01.843313+00:00,btc-updown-15m-1767528000,TRADE,UP,ACCUM,5,5,0.6000,3.0000,10,0.5600,5,0.4100,5,0.9700,0.1500,0.50,-2.6500,2.3500,0.0000,197.13,SUCCESS
2026-01-04T12:04:01.312615+00:00,btc-updown-15m-1767528000,TRADE,DOWN,ACCUM,5,5,0.3500,1.7500,10,0.5600,5,0.4100,5,0.9700,0.1500,0.50,-2.6500,2.3500,0.0000,197.13,SUCCESS
2026-01-04T12:04:07.797655+00:00,btc-updown-15m-1767528000,TRADE,DOWN,ACCUM,5,5,0.3500,1.7500,10,0.5600,10,0.3800,10,0.9400,0.6000,0.00,0.6000,0.6000,0.0000,195.38,SUCCESS
2026-01-04T12:04:13.734018+00:00,btc-updown-15m-1767528000,TRADE,UP,ACCUM,5,5,0.6100,3.0500,10,0.5600,10,0.3800,10,0.9400,0.6000,0.00,0.6000,0.6000,0.0000,195.38,SUCCESS
2026-01-04T12:04:14.062884+00:00,btc-updown-15m-1767528000,TRADE,DOWN,ACCUM,5,5,0.3200,1.6000,10,0.5600,10,0.3800,10,0.9400,0.6000,0.00,0.6000,0.6000,0.0000,195.38,SUCCESS
2026-01-04T12:04:59.805078+00:00,btc-updown-15m-1767528000,TRADE,DOWN,ACCUM,5,5,0.3200,1.6000,10,0.5600,15,0.3600,10,0.9200,0.8000,0.33,-1.0000,4.0000,0.0000,203.78,SUCCESS
2026-01-04T12:05:06.087025+00:00,btc-updown-15m-1767528000,TRADE,UP,ACCUM,5,5,0.6100,3.0500,15,0.5767,15,0.3600,15,0.9367,0.9500,0.00,0.9500,0.9500,0.0000,200.73,SUCCESS
2026-01-04T12:30:11.562825+00:00,btc-updown-15m-1767529800,TRADE,DOWN,ACCUM,5,5,0.5600,2.8000,0,0.0000,0,0.0000,0,0.0000,0.0000,0.00,0.0000,0.0000,0.0000,215.73,SUCCESS
2026-01-04T12:30:12.598142+00:00,btc-updown-15m-1767529800,TRADE,UP,ACCUM,5,5,0.3700,1.8500,0,0.0000,0,0.0000,0,0.0000,0.0000,0.00,0.0000,0.0000,0.0000,215.73,SUCCESS
2026-01-04T12:30:25.142206+00:00,btc-updown-15m-1767529800,TRADE,UP,ACCUM,5,5,0.3700,1.8500,5,0.3700,0,0.0000,0,0.0000,0.0000,1.00,-1.8500,3.1500,0.0000,213.88,SUCCESS
2026-01-04T12:31:18.233915+00:00,btc-updown-15m-1767529800,TRADE,DOWN,ACCUM,5,5,0.5600,2.8000,5,0.3700,5,0.5600,5,0.9300,0.3500,0.00,0.3500,0.3500,0.0000,211.08,SUCCESS
2026-01-04T12:31:24.129646+00:00,btc-updown-15m-1767529800,TRADE,DOWN,ACCUM,5,5,0.5700,2.8500,5,0.3700,5,0.5600,5,0.9300,0.3500,0.00,0.3500,0.3500,0.0000,211.08,SUCCESS
2026-01-04T12:31:24.458535+00:00,btc-updown-15m-1767529800,TRADE,UP,ACCUM,5,5,0.3600,1.8000,5,0.3700,5,0.5600,5,0.9300,0.3500,0.00,0.3500,0.3500,0.0000,211.08,SUCCESS
2026-01-04T12:31:43.168802+00:00,btc-updown-15m-1767529800,TRADE,DOWN,ACCUM,5,5,0.5700,2.8500,5,0.3700,10,0.5650,5,0.9350,0.3250,0.50,-2.5000,2.5000,0.0000,211.08,SUCCESS
2026-01-04T12:33:25.557174+00:00,btc-updown-15m-1767529800,TRADE,UP,ACCUM,5,5,0.3800,1.9000,5,0.3700,10,0.5650,5,0.9350,0.3250,0.50,-2.5000,2.5000,0.0000,211.08,SUCCESS
2026-01-04T12:33:55.322908+00:00,btc-updown-15m-1767529800,TRADE,UP,ACCUM,5,5,0.3800,1.9000,10,0.3750,10,0.5650,10,0.9400,0.6000,0.00,0.6000,0.6000,0.0000,208.23,SUCCESS
2026-01-04T12:34:01.466625+00:00,btc-updown-15m-1767529800,TRADE,DOWN,ACCUM,5,5,0.6800,3.4000,10,0.3750,10,0.5650,10,0.9400,0.6000,0.00,0.6000,0.6000,0.0000,208.23,SUCCESS
2026-01-04T12:34:02.713740+00:00,btc-updown-15m-1767529800,TRADE,UP,ACCUM,5,5,0.2500,1.2500,15,0.3333,10,0.5650,10,0.8983,1.0167,0.33,-0.6500,4.3500,0.0000,206.33,SUCCESS
2026-01-04T12:35:02.736919+00:00,btc-updown-15m-1767529800,TRADE,DOWN,ACCUM,5,5,0.7200,3.6000,15,0.3333,10,0.5650,10,0.8983,1.0167,0.33,-0.6500,4.3500,0.0000,206.33,SUCCESS
2026-01-04T12:36:08.259129+00:00,btc-updown-15m-1767529800,TRADE,DOWN,ACCUM,5,5,0.7600,3.8000,15,0.3333,10,0.5650,10,0.8983,1.0167,0.33,-0.6500,4.3500,0.0000,206.33,SUCCESS
2026-01-04T12:37:14.175323+00:00,btc-updown-15m-1767529800,TRADE,DOWN,ACCUM,5,5,0.8000,4.0000,15,0.3333,10,0.5650,10,0.8983,1.0167,0.33,-0.6500,4.3500,0.0000,206.33,SUCCESS
2026-01-04T12:38:20.067302+00:00,btc-updown-15m-1767529800,TRADE,DOWN,ACCUM,5,5,0.8400,4.2000,15,0.3333,10,0.5650,10,0.8983,1.0167,0.33,-0.6500,4.3500,0.0000,206.33,SUCCESS
2026-01-04T12:39:07.667412+00:00,btc-updown-15m-1767529800,TRADE,DOWN,ACCUM,5,5,0.8400,4.2000,15,0.3333,10,0.5650,10,0.8983,1.0167,0.33,-0.6500,4.3500,0.0000,206.33,SUCCESS
2026-01-04T13:00:10.762168+00:00,btc-updown-15m-1767531600,TRADE,UP,ACCUM,5,5,0.4700,2.3500,0,0.0000,0,0.0000,0,0.0000,0.0000,0.00,0.0000,0.0000,0.0000,215.38,SUCCESS
2026-01-04T13:00:17.507120+00:00,btc-updown-15m-1767531600,TRADE,DOWN,ACCUM,5,5,0.5300,2.6500,0,0.0000,0,0.0000,0,0.0000,0.0000,0.00,0.0000,0.0000,0.0000,215.38,SUCCESS
2026-01-04T13:00:29.601408+00:00,btc-updown-15m-1767531600,TRADE,DOWN,ACCUM,5,5,0.5300,2.6500,0,0.0000,5,0.5300,0,0.0000,0.0000,1.00,-2.6500,2.3500,0.0000,210.38,SUCCESS
2026-01-04T13:00:35.938214+00:00,btc-updown-15m-1767531600,TRADE,UP,ACCUM,5,5,0.4700,2.3500,5,0.4700,5,0.5300,5,1.0000,0.0000,0.00,0.0000,0.0000,0.0000,210.38,SUCCESS
2026-01-04T13:00:42.025458+00:00,btc-updown-15m-1767531600,TRADE,DOWN,ACCUM,5,5,0.5300,2.6500,5,0.4700,5,0.5300,5,1.0000,0.0000,0.00,0.0000,0.0000,0.0000,210.38,SUCCESS
2026-01-04T13:02:23.261643+00:00,btc-updown-15m-1767531600,TRADE,DOWN,ACCUM,5,5,0.5300,2.6500,5,0.4700,10,0.5300,5,1.0000,0.0000,0.50,-2.6500,2.3500,0.0000,210.38,SUCCESS
2026-01-04T13:03:04.220040+00:00,btc-updown-15m-1767531600,TRADE,UP,ACCUM,5,5,0.5100,2.5500,10,0.4900,10,0.5300,10,1.0200,-0.2000,0.00,-0.2000,-0.2000,0.0000,202.38,SUCCESS
2026-01-04T13:03:10.132805+00:00,btc-updown-15m-1767531600,TRADE,DOWN,ACCUM,5,5,0.5400,2.7000,10,0.4900,10,0.5300,10,1.0200,-0.2000,0.00,-0.2000,-0.2000,0.0000,202.38,SUCCESS
2026-01-04T13:03:21.957475+00:00,btc-updown-15m-1767531600,TRADE,UP,ACCUM,5,5,0.4800,2.4000,10,0.4900,10,0.5300,10,1.0200,-0.2000,0.00,-0.2000,-0.2000,0.0000,202.38,SUCCESS
2026-01-04T13:03:28.277966+00:00,btc-updown-15m-1767531600,TRADE,DOWN,ACCUM,5,5,0.5400,2.7000,10,0.4900,15,0.5333,10,1.0233,-0.2333,0.33,-2.9000,2.1000,0.0000,195.08,SUCCESS
2026-01-04T13:03:34.558249+00:00,btc-updown-15m-1767531600,TRADE,UP,ACCUM,5,5,0.4800,2.4000,15,0.4867,15,0.5333,15,1.0200,-0.3000,0.00,-0.3000,-0.3000,0.0000,192.68,SUCCESS
2026-01-04T13:15:11.454710+00:00,btc-updown-15m-1767532500,TRADE,DOWN,ACCUM,5,5,0.5500,2.7500,0,0.0000,0,0.0000,0,0.0000,0.0000,0.00,0.0000,0.0000,0.0000,220.27,SUCCESS
2026-01-04T13:17:16.610846+00:00,btc-updown-15m-1767532500,TRADE,DOWN,ACCUM,5,5,0.5700,2.8500,0,0.0000,0,0.0000,0,0.0000,0.0000,0.00,0.0000,0.0000,0.0000,220.27,SUCCESS
2026-01-04T13:19:22.117039+00:00,btc-updown-15m-1767532500,TRADE,DOWN,ACCUM,5,5,0.5900,2.9500,0,0.0000,0,0.0000,0,0.0000,0.0000,0.00,0.0000,0.0000,0.0000,220.27,SUCCESS
2026-01-04T13:20:27.657359+00:00,btc-updown-15m-1767532500,TRADE,DOWN,ACCUM,5,5,0.6300,3.1500,0,0.0000,0,0.0000,0,0.0000,0.0000,0.00,0.0000,0.0000,0.0000,220.27,SUCCESS
2026-01-04T13:21:33.454779+00:00,btc-updown-15m-1767532500,TRADE,DOWN,ACCUM,5,5,0.6700,3.3500,0,0.0000,0,0.0000,0,0.0000,0.0000,0.00,0.0000,0.0000,0.0000,220.27,SUCCESS
2026-01-04T13:22:39.122553+00:00,btc-updown-15m-1767532500,TRADE,DOWN,ACCUM,10,10,0.7100,7.1000,0,0.0000,0,0.0000,0,0.0000,0.0000,0.00,0.0000,0.0000,0.0000,220.27,SUCCESS
2026-01-04T13:23:44.794700+00:00,btc-updown-15m-1767532500,TRADE,DOWN,ACCUM,10,10,0.7500,7.5000,0,0.0000,0,0.0000,0,0.0000,0.0000,0.00,0.0000,0.0000,0.0000,220.27,SUCCESS
2026-01-04T13:24:20.426231+00:00,btc-updown-15m-1767532500,TRADE,DOWN,ACCUM,10,10,0.7500,7.5000,0,0.0000,10,0.7500,0,0.0000,0.0000,1.00,-7.5000,2.5000,0.0000,212.77,SUCCESS
2026-01-04T13:24:27.393693+00:00,btc-updown-15m-1767532500,TRADE,UP,ACCUM,10,10,0.3700,3.7000,0,0.0000,10,0.7500,0,0.0000,0.0000,1.00,-7.5000,2.5000,0.0000,212.77,SUCCESS
2026-01-04T13:24:33.606733+00:00,btc-updown-15m-1767532500,TRADE,UP,ACCUM,10,10,0.3700,3.7000,10,0.3700,10,0.7500,10,1.1200,-1.2000,0.00,-1.2000,-1.2000,0.0000,212.77,SUCCESS
2026-01-04T13:24:39.477363+00:00,btc-updown-15m-1767532500,TRADE,DOWN,ACCUM,5,5,0.5800,2.9000,10,0.3700,10,0.7500,10,1.1200,-1.2000,0.00,-1.2000,-1.2000,0.0000,212.77,SUCCESS
2026-01-04T13:25:16.283556+00:00,btc-updown-15m-1767532500,TRADE,DOWN,ACCUM,5,5,0.6400,3.2000,10,0.3700,10,0.7500,10,1.1200,-1.2000,0.00,-1.2000,-1.2000,0.0000,212.77,SUCCESS
2026-01-04T13:25:22.480205+00:00,btc-updown-15m-1767532500,TRADE,DOWN,ACCUM,5,5,0.6400,3.2000,10,0.3700,15,0.7133,10,1.0833,-0.8333,0.33,-4.4000,0.6000,0.0000,209.07,SUCCESS
2026-01-04T13:25:29.242887+00:00,btc-updown-15m-1767532500,TRADE,UP,ACCUM,5,5,0.3400,1.7000,15,0.3600,15,0.7133,15,1.0733,-1.1000,0.00,-1.1000,-1.1000,0.0000,205.87,SUCCESS
2026-01-04T16:00:09.457919+00:00,btc-updown-15m-1767542400,TRADE,UP,ACCUM,5,5,0.4600,2.3000,0,0.0000,0,0.0000,0,0.0000,0.0000,0.00,0.0000,0.0000,0.0000,222.77,SUCCESS
2026-01-04T16:00:21.718376+00:00,btc-updown-15m-1767542400,TRADE,DOWN,ACCUM,5,5,0.5000,2.5000,0,0.0000,0,0.0000,0,0.0000,0.0000,0.00,0.0000,0.0000,0.0000,222.77,SUCCESS
2026-01-04T16:00:56.417866+00:00,btc-updown-15m-1767542400,TRADE,DOWN,ACCUM,5,5,0.5000,2.5000,0,0.0000,5,0.5000,0,0.0000,0.0000,1.00,-2.5000,2.5000,0.0000,220.47,SUCCESS
2026-01-04T16:01:02.640781+00:00,btc-updown-15m-1767542400,TRADE,UP,ACCUM,5,5,0.4600,2.3000,5,0.4600,5,0.5000,5,0.9600,0.2000,0.00,0.2000,0.2000,0.0000,217.97,SUCCESS
2026-01-04T16:01:08.442070+00:00,btc-updown-15m-1767542400,TRADE,UP,ACCUM,5,5,0.5300,2.6500,5,0.4600,5,0.5000,5,0.9600,0.2000,0.00,0.2000,0.2000,0.0000,217.97,SUCCESS
2026-01-04T16:01:14.310173+00:00,btc-updown-15m-1767542400,TRADE,DOWN,ACCUM,5,5,0.4700,2.3500,5,0.4600,5,0.5000,5,0.9600,0.2000,0.00,0.2000,0.2000,0.0000,217.97,SUCCESS
2026-01-04T16:01:20.445447+00:00,btc-updown-15m-1767542400,TRADE,UP,ACCUM,5,5,0.5300,2.6500,10,0.4950,5,0.5000,5,0.9950,0.0250,0.50,-2.4500,2.5500,0.0000,212.97,SUCCESS
2026-01-04T16:01:26.580495+00:00,btc-updown-15m-1767542400,TRADE,DOWN,ACCUM,5,5,0.4700,2.3500,10,0.4950,10,0.4850,10,0.9800,0.2000,0.00,0.2000,0.2000,0.0000,212.97,SUCCESS
2026-01-04T16:01:32.323265+00:00,btc-updown-15m-1767542400,TRADE,UP,ACCUM,5,5,0.5200,2.6000,10,0.4950,10,0.4850,10,0.9800,0.2000,0.00,0.2000,0.2000,0.0000,212.97,SUCCESS
2026-01-04T16:01:38.221332+00:00,btc-updown-15m-1767542400,TRADE,UP,ACCUM,5,5,0.5200,2.6000,15,0.5033,10,0.4850,10,0.9883,0.1167,0.33,-2.4000,2.6000,0.0000,212.97,SUCCESS
2026-01-04T16:01:44.688605+00:00,btc-updown-15m-1767542400,TRADE,DOWN,ACCUM,5,5,0.3800,1.9000,15,0.5033,15,0.4500,15,0.9533,0.7000,0.00,0.7000,0.7000,0.0000,210.37,SUCCESS
2026-01-04T16:15:00.398486+00:00,btc-updown-15m-1767542400,RESOLUTION,DOWN,BINANCE_FALLBACK_SHARED,30,30,1.0000,14.3000,15,0.5033,15,0.4500,15,0.9533,0.7000,0.00,0.0000,0.0000,0.7000,210.37,RESOLVED
2026-01-04T16:15:09.705429+00:00,btc-updown-15m-1767543300,TRADE,UP,ACCUM,5,5,0.4700,2.3500,0,0.0000,0,0.0000,0,0.0000,0.0000,0.00,0.0000,0.0000,0.0000,210.37,SUCCESS
2026-01-04T16:15:16.080245+00:00,btc-updown-15m-1767543300,TRADE,DOWN,ACCUM,5,5,0.4700,2.3500,0,0.0000,0,0.0000,0,0.0000,0.0000,0.00,0.0000,0.0000,0.0000,210.37,SUCCESS
2026-01-04T16:15:56.594708+00:00,btc-updown-15m-1767543300,TRADE,UP,ACCUM,5,5,0.4700,2.3500,5,0.4700,0,0.0000,0,0.0000,0.0000,1.00,-2.3500,2.6500,0.0000,206.37,SUCCESS
2026-01-04T16:16:19.945757+00:00,btc-updown-15m-1767543300,TRADE,DOWN,ACCUM,5,5,0.4700,2.3500,5,0.4700,5,0.4700,5,0.9400,0.3000,0.00,0.3000,0.3000,0.0000,206.37,SUCCESS
2026-01-04T16:16:25.761496+00:00,btc-updown-15m-1767543300,TRADE,UP,ACCUM,5,5,0.4700,2.3500,5,0.4700,5,0.4700,5,0.9400,0.3000,0.00,0.3000,0.3000,0.0000,206.37,SUCCESS
2026-01-04T16:18:28.059315+00:00,btc-updown-15m-1767543300,TRADE,DOWN,ACCUM,5,5,0.5300,2.6500,5,0.4700,5,0.4700,5,0.9400,0.3000,0.00,0.3000,0.3000,0.0000,206.37,SUCCESS
2026-01-04T16:19:20.051180+00:00,btc-updown-15m-1767543300,TRADE,DOWN,ACCUM,5,5,0.5300,2.6500,5,0.4700,10,0.5000,5,0.9700,0.1500,0.50,-2.3500,2.6500,0.0000,214.02,SUCCESS
2026-01-04T16:19:26.147453+00:00,btc-updown-15m-1767543300,TRADE,UP,ACCUM,5,5,0.4700,2.3500,10,0.4700,10,0.5000,10,0.9700,0.3000,0.00,0.3000,0.3000,0.0000,214.02,SUCCESS
2026-01-04T16:19:31.871883+00:00,btc-updown-15m-1767543300,TRADE,UP,ACCUM,5,5,0.5000,2.5000,10,0.4700,10,0.5000,10,0.9700,0.3000,0.00,0.3000,0.3000,0.0000,214.02,SUCCESS
2026-01-04T16:20:12.219582+00:00,btc-updown-15m-1767543300,TRADE,DOWN,ACCUM,5,5,0.5000,2.5000,10,0.4700,10,0.5000,10,0.9700,0.3000,0.00,0.3000,0.3000,0.0000,214.02,SUCCESS
2026-01-04T16:20:18.138049+00:00,btc-updown-15m-1767543300,TRADE,UP,ACCUM,5,5,0.5000,2.5000,15,0.4800,10,0.5000,10,0.9800,0.2000,0.33,-2.2000,2.8000,0.0000,211.52,SUCCESS
2026-01-04T16:20:24.198538+00:00,btc-updown-15m-1767543300,TRADE,DOWN,ACCUM,5,5,0.5000,2.5000,15,0.4800,15,0.5000,15,0.9800,0.3000,0.00,0.3000,0.3000,0.0000,209.02,SUCCESS
2026-01-04T16:30:04.850678+00:00,btc-updown-15m-1767543300,RESOLUTION,UP,BINANCE_FALLBACK_SHARED,30,30,1.0000,14.7000,15,0.4800,15,0.5000,15,0.9800,0.3000,0.00,0.0000,0.0000,0.3000,209.02,RESOLVED
2026-01-04T16:30:14.278205+00:00,btc-updown-15m-1767544200,TRADE,DOWN,ACCUM,5,5,0.4700,2.3500,0,0.0000,0,0.0000,0,0.0000,0.0000,0.00,0.0000,0.0000,0.0000,209.02,SUCCESS
2026-01-04T16:32:15.703353+00:00,btc-updown-15m-1767544200,TRADE,DOWN,ACCUM,5,5,0.4900,2.4500,0,0.0000,0,0.0000,0,0.0000,0.0000,0.00,0.0000,0.0000,0.0000,209.02,SUCCESS
2026-01-04T16:32:45.098025+00:00,btc-updown-15m-1767544200,TRADE,UP,ACCUM,5,5,0.4700,2.3500,0,0.0000,0,0.0000,0,0.0000,0.0000,0.00,0.0000,0.0000,0.0000,209.02,SUCCESS
2026-01-04T16:32:51.078717+00:00,btc-updown-15m-1767544200,TRADE,DOWN,ACCUM,5,5,0.4900,2.4500,0,0.0000,5,0.4900,0,0.0000,0.0000,1.00,-2.4500,2.5500,0.0000,206.57,SUCCESS
2026-01-04T16:34:46.520499+00:00,btc-updown-15m-1767544200,TRADE,UP,ACCUM,5,5,0.4900,2.4500,0,0.0000,5,0.4900,0,0.0000,0.0000,1.00,-2.4500,2.5500,0.0000,206.57,SUCCESS
2026-01-04T16:35:50.665165+00:00,btc-updown-15m-1767544200,TRADE,UP,ACCUM,5,5,0.5300,2.6500,0,0.0000,5,0.4900,0,0.0000,0.0000,1.00,-2.4500,2.5500,0.0000,206.57,SUCCESS
2026-01-04T16:36:48.189136+00:00,btc-updown-15m-1767544200,TRADE,UP,ACCUM,5,5,0.5300,2.6500,5,0.5300,5,0.4900,5,1.0200,-0.1000,0.00,-0.1000,-0.1000,0.0000,221.57,SUCCESS
2026-01-04T16:36:53.922670+00:00,btc-updown-15m-1767544200,TRADE,UP,ACCUM,5,5,0.5900,2.9500,5,0.5300,5,0.4900,5,1.0200,-0.1000,0.00,-0.1000,-0.1000,0.0000,221.57,SUCCESS
2026-01-04T16:37:58.162907+00:00,btc-updown-15m-1767544200,TRADE,UP,ACCUM,10,10,0.6300,6.3000,5,0.5300,5,0.4900,5,1.0200,-0.1000,0.00,-0.1000,-0.1000,0.0000,221.57,SUCCESS
2026-01-04T16:39:01.847896+00:00,btc-updown-15m-1767544200,TRADE,UP,ACCUM,10,10,0.6700,6.7000,5,0.5300,5,0.4900,5,1.0200,-0.1000,0.00,-0.1000,-0.1000,0.0000,221.57,SUCCESS
2026-01-04T16:39:42.352586+00:00,btc-updown-15m-1767544200,TRADE,UP,ACCUM,10,10,0.6700,6.7000,15,0.6233,5,0.4900,5,1.1133,-0.5667,0.67,-6.8000,3.2000,0.0000,212.22,SUCCESS
2026-01-04T17:15:28.628764+00:00,btc-updown-15m-1767546900,TRADE,UP,ACCUM,5,5,0.5100,2.5500,0,0.0000,0,0.0000,0,0.0000,0.0000,0.00,0.0000,0.0000,0.0000,222.02,SUCCESS
2026-01-04T17:15:29.523120+00:00,btc-updown-15m-1767546900,TRADE,DOWN,ACCUM,5,5,0.4200,2.1000,0,0.0000,0,0.0000,0,0.0000,0.0000,0.00,0.0000,0.0000,0.0000,222.02,SUCCESS
2026-01-04T17:15:59.548150+00:00,btc-updown-15m-1767546900,TRADE,DOWN,ACCUM,5,5,0.4200,2.1000,0,0.0000,5,0.4200,0,0.0000,0.0000,1.00,-2.1000,2.9000,0.0000,219.92,SUCCESS
2026-01-04T17:16:11.202319+00:00,btc-updown-15m-1767546900,TRADE,UP,ACCUM,5,5,0.5100,2.5500,5,0.5100,5,0.4200,5,0.9300,0.3500,0.00,0.3500,0.3500,0.0000,219.92,SUCCESS
2026-01-04T17:16:16.940590+00:00,btc-updown-15m-1767546900,TRADE,DOWN,ACCUM,5,5,0.5300,2.6500,5,0.5100,5,0.4200,5,0.9300,0.3500,0.00,0.3500,0.3500,0.0000,219.92,SUCCESS
2026-01-04T17:16:17.172816+00:00,btc-updown-15m-1767546900,TRADE,UP,ACCUM,5,5,0.3900,1.9500,5,0.5100,5,0.4200,5,0.9300,0.3500,0.00,0.3500,0.3500,0.0000,219.92,SUCCESS
2026-01-04T17:17:11.393961+00:00,btc-updown-15m-1767546900,TRADE,UP,ACCUM,5,5,0.3900,1.9500,10,0.4500,5,0.4200,5,0.8700,0.6500,0.50,-1.6000,3.4000,0.0000,217.37,SUCCESS
2026-01-04T17:18:21.569839+00:00,btc-updown-15m-1767546900,TRADE,DOWN,ACCUM,5,5,0.5300,2.6500,10,0.4500,10,0.4750,10,0.9250,0.7500,0.00,0.7500,0.7500,0.0000,212.77,SUCCESS
2026-01-04T17:18:27.285149+00:00,btc-updown-15m-1767546900,TRADE,DOWN,ACCUM,5,5,0.5000,2.5000,10,0.4500,10,0.4750,10,0.9250,0.7500,0.00,0.7500,0.7500,0.0000,212.77,SUCCESS
2026-01-04T17:18:27.499392+00:00,btc-updown-15m-1767546900,TRADE,UP,ACCUM,5,5,0.4200,2.1000,10,0.4500,10,0.4750,10,0.9250,0.7500,0.00,0.7500,0.7500,0.0000,212.77,SUCCESS
2026-01-04T17:18:45.503726+00:00,btc-updown-15m-1767546900,TRADE,DOWN,ACCUM,5,5,0.5000,2.5000,10,0.4500,15,0.4833,10,0.9333,0.6667,0.33,-1.7500,3.2500,0.0000,212.77,SUCCESS
2026-01-04T17:19:08.876618+00:00,btc-updown-15m-1767546900,TRADE,UP,ACCUM,5,5,0.4200,2.1000,15,0.4400,15,0.4833,15,0.9233,1.1500,0.00,1.1500,1.1500,0.0000,210.27,SUCCESS
2026-01-04T17:30:04.545222+00:00,btc-updown-15m-1767546900,RESOLUTION,UP,BINANCE_FALLBACK_SHARED,30,30,1.0000,13.8500,15,0.4400,15,0.4833,15,0.9233,1.1500,0.00,0.0000,0.0000,1.1500,210.27,RESOLVED
2026-01-04T17:30:23.760931+00:00,btc-updown-15m-1767547800,TRADE,DOWN,ACCUM,5,5,0.4900,2.4500,0,0.0000,0,0.0000,0,0.0000,0.0000,0.00,0.0000,0.0000,0.0000,210.27,SUCCESS
2026-01-04T17:30:24.646947+00:00,btc-updown-15m-1767547800,TRADE,UP,ACCUM,5,5,0.4400,2.2000,0,0.0000,0,0.0000,0,0.0000,0.0000,0.00,0.0000,0.0000,0.0000,210.27,SUCCESS
2026-01-04T17:30:30.956801+00:00,btc-updown-15m-1767547800,TRADE,DOWN,ACCUM,5,5,0.4900,2.4500,0,0.0000,5,0.4900,0,0.0000,0.0000,1.00,-2.4500,2.5500,0.0000,208.17,SUCCESS
2026-01-04T17:32:26.692484+00:00,btc-updown-15m-1767547800,TRADE,UP,ACCUM,5,5,0.4600,2.3000,0,0.0000,5,0.4900,0,0.0000,0.0000,1.00,-2.4500,2.5500,0.0000,208.17,SUCCESS
2026-01-04T17:34:28.161583+00:00,btc-updown-15m-1767547800,TRADE,UP,ACCUM,5,5,0.4800,2.4000,0,0.0000,5,0.4900,0,0.0000,0.0000,1.00,-2.4500,2.5500,0.0000,208.17,SUCCESS
2026-01-04T17:35:31.960806+00:00,btc-updown-15m-1767547800,TRADE,UP,ACCUM,5,5,0.5200,2.6000,0,0.0000,5,0.4900,0,0.0000,0.0000,1.00,-2.4500,2.5500,0.0000,208.17,SUCCESS
2026-01-04T17:36:35.966882+00:00,btc-updown-15m-1767547800,TRADE,UP,ACCUM,5,5,0.5600,2.8000,0,0.0000,5,0.4900,0,0.0000,0.0000,1.00,-2.4500,2.5500,0.0000,208.17,SUCCESS
2026-01-04T17:37:40.038849+00:00,btc-updown-15m-1767547800,TRADE,UP,ACCUM,5,5,0.6000,3.0000,0,0.0000,5,0.4900,0,0.0000,0.0000,1.00,-2.4500,2.5500,0.0000,208.17,SUCCESS
2026-01-04T17:38:44.318866+00:00,btc-updown-15m-1767547800,TRADE,UP,ACCUM,5,5,0.6400,3.2000,0,0.0000,5,0.4900,0,0.0000,0.0000,1.00,-2.4500,2.5500,0.0000,208.17,SUCCESS
2026-01-04T17:39:48.402506+00:00,btc-updown-15m-1767547800,TRADE,UP,ACCUM,5,5,0.6800,3.4000,0,0.0000,5,0.4900,0,0.0000,0.0000,1.00,-2.4500,2.5500,0.0000,208.17,SUCCESS
2026-01-04T17:40:23.976246+00:00,btc-updown-15m-1767547800,TRADE,UP,ACCUM,5,5,0.7400,3.7000,0,0.0000,5,0.4900,0,0.0000,0.0000,1.00,-2.4500,2.5500,0.0000,208.17,SUCCESS
2026-01-04T17:40:59.418395+00:00,btc-updown-15m-1767547800,TRADE,UP,ACCUM,5,5,0.8000,4.0000,0,0.0000,5,0.4900,0,0.0000,0.0000,1.00,-2.4500,2.5500,0.0000,208.17,SUCCESS
2026-01-04T17:41:28.484376+00:00,btc-updown-15m-1767547800,TRADE,UP,ACCUM,5,5,0.8000,4.0000,5,0.8000,5,0.4900,5,1.2900,-1.4500,0.00,-1.4500,-1.4500,0.0000,220.72,SUCCESS
2026-01-04T17:41:34.356650+00:00,btc-updown-15m-1767547800,TRADE,UP,ACCUM,10,10,0.7600,7.6000,5,0.8000,5,0.4900,5,1.2900,-1.4500,0.00,-1.4500,-1.4500,0.0000,220.72,SUCCESS
2026-01-04T17:41:34.579164+00:00,btc-updown-15m-1767547800,TRADE,DOWN,ACCUM,10,10,0.2100,2.1000,5,0.8000,5,0.4900,5,1.2900,-1.4500,0.00,-1.4500,-1.4500,0.0000,220.72,SUCCESS
2026-01-04T17:41:46.663115+00:00,btc-updown-15m-1767547800,TRADE,DOWN,ACCUM,10,10,0.2100,2.0981,5,0.8000,15,0.3034,5,1.1034,-0.5169,0.67,-3.5481,6.4429,0.0000,214.62,SUCCESS
2026-01-04T17:41:58.395150+00:00,btc-updown-15m-1767547800,TRADE,UP,ACCUM,9,10,0.7600,7.6000,15,0.7733,15,0.3034,15,1.0767,-1.1501,0.00,-1.1571,-1.1481,0.0000,214.62,SUCCESS
2026-01-04T17:45:03.698217+00:00,btc-updown-15m-1767547800,RESOLUTION,UP,BINANCE_FALLBACK_SHARED,30,30,1.0000,16.1481,15,0.7733,15,0.3034,15,1.0767,-1.1501,0.00,0.0000,0.0000,-1.1481,214.62,RESOLVED
2026-01-04T17:45:24.531191+00:00,btc-updown-15m-1767548700,TRADE,UP,ACCUM,5,5,0.4800,2.4000,0,0.0000,0,0.0000,0,0.0000,0.0000,0.00,0.0000,0.0000,0.0000,214.62,SUCCESS
2026-01-04T17:45:25.617841+00:00,btc-updown-15m-1767548700,TRADE,DOWN,ACCUM,5,5,0.4500,2.2500,0,0.0000,0,0.0000,0,0.0000,0.0000,0.00,0.0000,0.0000,0.0000,214.62,SUCCESS
2026-01-04T17:45:31.920641+00:00,btc-updown-15m-1767548700,TRADE,UP,ACCUM,5,5,0.4800,2.4000,5,0.4800,0,0.0000,0,0.0000,0.0000,1.00,-2.4000,2.6000,0.0000,207.02,SUCCESS
2026-01-04T17:46:29.650051+00:00,btc-updown-15m-1767548700,TRADE,DOWN,ACCUM,5,5,0.4500,2.2500,5,0.4800,5,0.4500,5,0.9300,0.3500,0.00,0.3500,0.3500,0.0000,204.62,SUCCESS
2026-01-04T17:46:35.378811+00:00,btc-updown-15m-1767548700,TRADE,UP,ACCUM,5,5,0.5300,2.6500,5,0.4800,5,0.4500,5,0.9300,0.3500,0.00,0.3500,0.3500,0.0000,204.62,SUCCESS
2026-01-04T17:46:35.611566+00:00,btc-updown-15m-1767548700,TRADE,DOWN,ACCUM,5,5,0.4000,2.0000,5,0.4800,5,0.4500,5,0.9300,0.3500,0.00,0.3500,0.3500,0.0000,204.62,SUCCESS
2026-01-04T17:46:59.699814+00:00,btc-updown-15m-1767548700,TRADE,UP,ACCUM,5,5,0.5300,2.6500,10,0.5050,5,0.4500,5,0.9550,0.2250,0.50,-2.3000,2.7000,0.0000,202.37,SUCCESS
2026-01-04T17:48:38.517603+00:00,btc-updown-15m-1767548700,TRADE,DOWN,ACCUM,5,5,0.4200,2.1000,10,0.5050,5,0.4500,5,0.9550,0.2250,0.50,-2.3000,2.7000,0.0000,202.37,SUCCESS
2026-01-04T17:49:48.031305+00:00,btc-updown-15m-1767548700,TRADE,DOWN,ACCUM,5,5,0.4200,2.1000,10,0.5050,10,0.4350,10,0.9400,0.6000,0.00,0.6000,0.6000,0.0000,212.62,SUCCESS
2026-01-04T17:49:53.759012+00:00,btc-updown-15m-1767548700,TRADE,UP,ACCUM,5,5,0.6200,3.1000,10,0.5050,10,0.4350,10,0.9400,0.6000,0.00,0.6000,0.6000,0.0000,212.62,SUCCESS
2026-01-04T17:49:53.990399+00:00,btc-updown-15m-1767548700,TRADE,DOWN,ACCUM,5,5,0.3100,1.5500,10,0.5050,10,0.4350,10,0.9400,0.6000,0.00,0.6000,0.6000,0.0000,212.62,SUCCESS
2026-01-04T17:49:59.935780+00:00,btc-updown-15m-1767548700,TRADE,UP,ACCUM,5,5,0.6200,3.1000,15,0.5433,10,0.4350,10,0.9783,0.2167,0.33,-2.5000,2.5000,0.0000,212.62,SUCCESS
2026-01-04T17:50:06.076404+00:00,btc-updown-15m-1767548700,TRADE,DOWN,ACCUM,5,5,0.3100,1.5500,15,0.5433,15,0.3933,15,0.9367,0.9500,0.00,0.9500,0.9500,0.0000,209.52,SUCCESS
2026-01-04T18:00:01.774950+00:00,btc-updown-15m-1767548700,RESOLUTION,DOWN,BINANCE_FALLBACK_SHARED,30,30,1.0000,14.0500,15,0.5433,15,0.3933,15,0.9367,0.9500,0.00,0.0000,0.0000,0.9500,209.52,RESOLVED
2026-01-04T18:00:20.675960+00:00,btc-updown-15m-1767549600,TRADE,DOWN,ACCUM,5,5,0.6000,3.0000,0,0.0000,0,0.0000,0,0.0000,0.0000,0.00,0.0000,0.0000,0.0000,209.52,SUCCESS
2026-01-04T18:00:21.512496+00:00,btc-updown-15m-1767549600,TRADE,UP,ACCUM,5,5,0.3100,1.5500,0,0.0000,0,0.0000,0,0.0000,0.0000,0.00,0.0000,0.0000,0.0000,209.52,SUCCESS
2026-01-04T18:00:39.757165+00:00,btc-updown-15m-1767549600,TRADE,UP,ACCUM,5,5,0.3100,1.5500,5,0.3100,0,0.0000,0,0.0000,0.0000,1.00,-1.5500,3.4500,0.0000,207.97,SUCCESS
2026-01-04T18:01:08.831843+00:00,btc-updown-15m-1767549600,TRADE,DOWN,ACCUM,5,5,0.6000,3.0000,5,0.3100,5,0.6000,5,0.9100,0.4500,0.00,0.4500,0.4500,0.0000,206.42,SUCCESS
2026-01-04T18:01:14.642780+00:00,btc-updown-15m-1767549600,TRADE,DOWN,ACCUM,5,5,0.5300,2.6500,5,0.3100,5,0.6000,5,0.9100,0.4500,0.00,0.4500,0.4500,0.0000,206.42,SUCCESS
2026-01-04T18:01:14.971138+00:00,btc-updown-15m-1767549600,TRADE,UP,ACCUM,5,5,0.3500,1.7500,5,0.3100,5,0.6000,5,0.9100,0.4500,0.00,0.4500,0.4500,0.0000,206.42,SUCCESS
2026-01-04T18:01:20.916392+00:00,btc-updown-15m-1767549600,TRADE,DOWN,ACCUM,5,5,0.5300,2.6500,5,0.3100,10,0.5650,5,0.8750,0.6250,0.50,-2.2000,2.8000,0.0000,200.77,SUCCESS
2026-01-04T18:02:07.569512+00:00,btc-updown-15m-1767549600,TRADE,UP,ACCUM,5,5,0.3500,1.7500,10,0.3300,10,0.5650,10,0.8950,1.0500,0.00,1.0500,1.0500,0.0000,200.77,SUCCESS
2026-01-04T18:02:13.318171+00:00,btc-updown-15m-1767549600,TRADE,DOWN,ACCUM,5,5,0.6300,3.1500,10,0.3300,10,0.5650,10,0.8950,1.0500,0.00,1.0500,1.0500,0.0000,200.77,SUCCESS
2026-01-04T18:02:13.548127+00:00,btc-updown-15m-1767549600,TRADE,UP,ACCUM,5,5,0.3000,1.5000,10,0.3300,10,0.5650,10,0.8950,1.0500,0.00,1.0500,1.0500,0.0000,200.77,SUCCESS
2026-01-04T18:03:13.488216+00:00,btc-updown-15m-1767549600,TRADE,UP,ACCUM,5,5,0.3000,1.4979,15,0.3200,10,0.5650,10,0.8850,1.1499,0.33,-0.4479,4.5450,0.0000,198.59,SUCCESS
2026-01-04T18:03:42.342650+00:00,btc-updown-15m-1767549600,TRADE,DOWN,ACCUM,5,5,0.6300,3.1500,15,0.3200,15,0.5867,15,0.9067,1.3992,0.00,1.3950,1.4021,0.0000,197.53,SUCCESS
2026-01-04T18:15:04.467869+00:00,btc-updown-15m-1767549600,RESOLUTION,DOWN,BINANCE_FALLBACK_SHARED,30,30,1.0000,13.5979,15,0.3200,15,0.5867,15,0.9067,1.3992,0.00,0.0000,0.0000,1.4021,197.53,RESOLVED
2026-01-04T18:15:22.857017+00:00,btc-updown-15m-1767550500,TRADE,UP,ACCUM,5,5,0.5200,2.6000,0,0.0000,0,0.0000,0,0.0000,0.0000,0.00,0.0000,0.0000,0.0000,197.53,SUCCESS
2026-01-04T18:15:23.734038+00:00,btc-updown-15m-1767550500,TRADE,DOWN,ACCUM,5,5,0.4100,2.0500,0,0.0000,0,0.0000,0,0.0000,0.0000,0.00,0.0000,0.0000,0.0000,197.53,SUCCESS
2026-01-04T18:16:11.844624+00:00,btc-updown-15m-1767550500,TRADE,DOWN,ACCUM,5,5,0.4100,2.0500,0,0.0000,5,0.4100,0,0.0000,0.0000,1.00,-2.0500,2.9500,0.0000,209.38,SUCCESS
2026-01-04T18:16:23.502103+00:00,btc-updown-15m-1767550500,TRADE,UP,ACCUM,5,5,0.5200,2.6000,5,0.5200,5,0.4100,5,0.9300,0.3500,0.00,0.3500,0.3500,0.0000,207.33,SUCCESS
2026-01-04T18:16:29.206943+00:00,btc-updown-15m-1767550500,TRADE,DOWN,ACCUM,5,5,0.4700,2.3500,5,0.5200,5,0.4100,5,0.9300,0.3500,0.00,0.3500,0.3500,0.0000,207.33,SUCCESS
2026-01-04T18:16:29.527869+00:00,btc-updown-15m-1767550500,TRADE,UP,ACCUM,5,5,0.4600,2.3000,5,0.5200,5,0.4100,5,0.9300,0.3500,0.00,0.3500,0.3500,0.0000,207.33,SUCCESS
2026-01-04T18:16:35.756418+00:00,btc-updown-15m-1767550500,TRADE,UP,ACCUM,5,5,0.4600,2.3000,10,0.4900,5,0.4100,5,0.9000,0.5000,0.50,-1.9500,3.0500,0.0000,202.43,SUCCESS
2026-01-04T18:16:58.930623+00:00,btc-updown-15m-1767550500,TRADE,DOWN,ACCUM,5,5,0.4700,2.3500,10,0.4900,10,0.4400,10,0.9300,0.7000,0.00,0.7000,0.7000,0.0000,202.43,SUCCESS
2026-01-04T18:17:04.651303+00:00,btc-updown-15m-1767550500,TRADE,UP,ACCUM,5,5,0.4900,2.4500,10,0.4900,10,0.4400,10,0.9300,0.7000,0.00,0.7000,0.7000,0.0000,202.43,SUCCESS
2026-01-04T18:17:04.874380+00:00,btc-updown-15m-1767550500,TRADE,DOWN,ACCUM,5,5,0.4400,2.2000,10,0.4900,10,0.4400,10,0.9300,0.7000,0.00,0.7000,0.7000,0.0000,202.43,SUCCESS
2026-01-04T18:18:04.746140+00:00,btc-updown-15m-1767550500,TRADE,UP,ACCUM,5,5,0.4900,2.4500,15,0.4900,10,0.4400,10,0.9300,0.7000,0.33,-1.7500,3.2500,0.0000,215.08,SUCCESS
2026-01-04T18:19:08.951524+00:00,btc-updown-15m-1767550500,TRADE,DOWN,ACCUM,5,5,0.4600,2.3000,15,0.4900,10,0.4400,10,0.9300,0.7000,0.33,-1.7500,3.2500,0.0000,215.08,SUCCESS
2026-01-04T18:20:13.066787+00:00,btc-updown-15m-1767550500,TRADE,DOWN,ACCUM,5,5,0.5000,2.5000,15,0.4900,10,0.4400,10,0.9300,0.7000,0.33,-1.7500,3.2500,0.0000,215.08,SUCCESS
2026-01-04T18:21:17.317408+00:00,btc-updown-15m-1767550500,TRADE,DOWN,ACCUM,5,5,0.5400,2.7000,15,0.4900,10,0.4400,10,0.9300,0.7000,0.33,-1.7500,3.2500,0.0000,215.08,SUCCESS
2026-01-04T18:22:21.347330+00:00,btc-updown-15m-1767550500,TRADE,DOWN,ACCUM,5,5,0.5800,2.9000,15,0.4900,10,0.4400,10,0.9300,0.7000,0.33,-1.7500,3.2500,0.0000,215.08,SUCCESS
2026-01-04T18:23:25.546792+00:00,btc-updown-15m-1767550500,TRADE,DOWN,ACCUM,5,5,0.6200,3.1000,15,0.4900,10,0.4400,10,0.9300,0.7000,0.33,-1.7500,3.2500,0.0000,215.08,SUCCESS
2026-01-04T18:24:28.544870+00:00,btc-updown-15m-1767550500,TRADE,DOWN,ACCUM,5,5,0.6600,3.3000,15,0.4900,10,0.4400,10,0.9300,0.7000,0.33,-1.7500,3.2500,0.0000,215.08,SUCCESS
2026-01-04T18:25:03.738193+00:00,btc-updown-15m-1767550500,TRADE,DOWN,ACCUM,5,5,0.7200,3.6000,15,0.4900,10,0.4400,10,0.9300,0.7000,0.33,-1.7500,3.2500,0.0000,215.08,SUCCESS
2026-01-04T18:25:38.944793+00:00,btc-updown-15m-1767550500,TRADE,DOWN,ACCUM,5,5,0.7800,3.9000,15,0.4900,10,0.4400,10,0.9300,0.7000,0.33,-1.7500,3.2500,0.0000,215.08,SUCCESS
2026-01-04T18:26:14.140130+00:00,btc-updown-15m-1767550500,TRADE,DOWN,ACCUM,5,5,0.8400,4.2000,15,0.4900,10,0.4400,10,0.9300,0.7000,0.33,-1.7500,3.2500,0.0000,215.08,SUCCESS
2026-01-04T18:26:48.830790+00:00,btc-updown-15m-1767550500,TRADE,DOWN,ACCUM,5,5,0.9000,4.5000,15,0.4900,10,0.4400,10,0.9300,0.7000,0.33,-1.7500,3.2500,0.0000,215.08,SUCCESS
2026-01-04T18:30:04.012372+00:00,btc-updown-15m-1767550500,RESOLUTION,DOWN,BINANCE_FALLBACK_SHARED,25,25,1.0000,11.7500,15,0.4900,10,0.4400,10,0.9300,0.7000,0.33,0.0000,0.0000,-1.7500,215.08,RESOLVED
2026-01-04T18:30:23.194338+00:00,btc-updown-15m-1767551400,TRADE,DOWN,ACCUM,5,5,0.4800,2.4000,0,0.0000,0,0.0000,0,0.0000,0.0000,0.00,0.0000,0.0000,0.0000,215.08,SUCCESS
2026-01-04T18:30:24.074886+00:00,btc-updown-15m-1767551400,TRADE,UP,ACCUM,5,5,0.4500,2.2500,0,0.0000,0,0.0000,0,0.0000,0.0000,0.00,0.0000,0.0000,0.0000,215.08,SUCCESS
2026-01-04T18:30:36.385572+00:00,btc-updown-15m-1767551400,TRADE,UP,ACCUM,5,5,0.4500,2.2500,5,0.4500,0,0.0000,0,0.0000,0.0000,1.00,-2.2500,2.7500,0.0000,222.63,SUCCESS
2026-01-04T18:30:48.008549+00:00,btc-updown-15m-1767551400,TRADE,DOWN,ACCUM,5,5,0.4800,2.4000,5,0.4500,5,0.4800,5,0.9300,0.3500,0.00,0.3500,0.3500,0.0000,220.38,SUCCESS
2026-01-04T18:30:53.742837+00:00,btc-updown-15m-1767551400,TRADE,DOWN,ACCUM,5,5,0.4800,2.4000,5,0.4500,5,0.4800,5,0.9300,0.3500,0.00,0.3500,0.3500,0.0000,220.38,SUCCESS
2026-01-04T18:30:53.964189+00:00,btc-updown-15m-1767551400,TRADE,UP,ACCUM,5,5,0.4500,2.2500,5,0.4500,5,0.4800,5,0.9300,0.3500,0.00,0.3500,0.3500,0.0000,220.38,SUCCESS
2026-01-04T18:31:01.612170+00:00,btc-updown-15m-1767551400,TRADE,UP,ACCUM,5,5,0.4500,2.2500,10,0.4500,5,0.4800,5,0.9300,0.3500,0.50,-1.9000,3.1000,0.0000,217.98,SUCCESS
2026-01-04T18:31:07.697007+00:00,btc-updown-15m-1767551400,TRADE,DOWN,ACCUM,5,5,0.4800,2.4000,10,0.4500,10,0.4800,10,0.9300,0.7000,0.00,0.7000,0.7000,0.0000,215.73,SUCCESS
2026-01-04T18:31:13.483600+00:00,btc-updown-15m-1767551400,TRADE,UP,ACCUM,5,5,0.4900,2.4500,10,0.4500,10,0.4800,10,0.9300,0.7000,0.00,0.7000,0.7000,0.0000,215.73,SUCCESS
2026-01-04T18:31:13.713316+00:00,btc-updown-15m-1767551400,TRADE,DOWN,ACCUM,5,5,0.4400,2.2000,10,0.4500,10,0.4800,10,0.9300,0.7000,0.00,0.7000,0.7000,0.0000,215.73,SUCCESS
2026-01-04T18:31:26.267086+00:00,btc-updown-15m-1767551400,TRADE,UP,ACCUM,5,5,0.4900,2.4500,15,0.4633,10,0.4800,10,0.9433,0.5667,0.33,-1.7500,3.2500,0.0000,213.33,SUCCESS
2026-01-04T18:32:47.624690+00:00,btc-updown-15m-1767551400,TRADE,DOWN,ACCUM,5,5,0.4400,2.2000,15,0.4633,15,0.4667,15,0.9300,1.0500,0.00,1.0500,1.0500,0.0000,208.68,SUCCESS
2026-01-04T18:45:03.380574+00:00,btc-updown-15m-1767551400,RESOLUTION,UP,BINANCE_FALLBACK_SHARED,30,30,1.0000,13.9500,15,0.4633,15,0.4667,15,0.9300,1.0500,0.00,0.0000,0.0000,1.0500,208.68,RESOLVED
2026-01-04T18:45:22.836636+00:00,btc-updown-15m-1767552300,TRADE,UP,ACCUM,5,5,0.4900,2.4500,0,0.0000,0,0.0000,0,0.0000,0.0000,0.00,0.0000,0.0000,0.0000,208.68,SUCCESS
2026-01-04T18:45:23.790413+00:00,btc-updown-15m-1767552300,TRADE,DOWN,ACCUM,5,5,0.4400,2.2000,0,0.0000,0,0.0000,0,0.0000,0.0000,0.00,0.0000,0.0000,0.0000,208.68,SUCCESS
2026-01-04T18:46:00.044148+00:00,btc-updown-15m-1767552300,TRADE,UP,ACCUM,5,5,0.4900,2.4452,5,0.4900,0,0.0000,0,0.0000,0.0000,1.00,-2.4452,2.5450,0.0000,208.44,SUCCESS
2026-01-04T18:47:26.920828+00:00,btc-updown-15m-1767552300,TRADE,DOWN,ACCUM,5,5,0.4600,2.3000,5,0.4900,0,0.0000,0,0.0000,0.0000,1.00,-2.4452,2.5450,0.0000,208.44,SUCCESS
2026-01-04T18:49:29.402391+00:00,btc-updown-15m-1767552300,TRADE,DOWN,ACCUM,5,5,0.4800,2.4000,5,0.4900,0,0.0000,0,0.0000,0.0000,1.00,-2.4452,2.5450,0.0000,208.44,SUCCESS
2026-01-04T18:50:33.416397+00:00,btc-updown-15m-1767552300,TRADE,DOWN,ACCUM,5,5,0.5200,2.6000,5,0.4900,0,0.0000,0,0.0000,0.0000,1.00,-2.4452,2.5450,0.0000,208.44,SUCCESS
2026-01-04T18:51:37.033306+00:00,btc-updown-15m-1767552300,TRADE,DOWN,ACCUM,5,5,0.5600,2.8000,5,0.4900,0,0.0000,0,0.0000,0.0000,1.00,-2.4452,2.5450,0.0000,208.44,SUCCESS
2026-01-04T18:52:41.191754+00:00,btc-updown-15m-1767552300,TRADE,DOWN,ACCUM,5,5,0.6000,3.0000,5,0.4900,0,0.0000,0,0.0000,0.0000,1.00,-2.4452,2.5450,0.0000,208.44,SUCCESS
2026-01-04T18:53:44.922377+00:00,btc-updown-15m-1767552300,TRADE,DOWN,ACCUM,5,5,0.6400,3.2000,5,0.4900,0,0.0000,0,0.0000,0.0000,1.00,-2.4452,2.5450,0.0000,208.44,SUCCESS
2026-01-04T18:54:48.430556+00:00,btc-updown-15m-1767552300,TRADE,DOWN,ACCUM,5,5,0.6800,3.4000,5,0.4900,0,0.0000,0,0.0000,0.0000,1.00,-2.4452,2.5450,0.0000,208.44,SUCCESS
2026-01-04T18:55:23.401853+00:00,btc-updown-15m-1767552300,TRADE,DOWN,ACCUM,5,5,0.7400,3.7000,5,0.4900,0,0.0000,0,0.0000,0.0000,1.00,-2.4452,2.5450,0.0000,208.44,SUCCESS
2026-01-04T18:55:58.583983+00:00,btc-updown-15m-1767552300,TRADE,DOWN,ACCUM,5,5,0.8000,4.0000,5,0.4900,0,0.0000,0,0.0000,0.0000,1.00,-2.4452,2.5450,0.0000,208.44,SUCCESS
2026-01-04T18:56:27.549136+00:00,btc-updown-15m-1767552300,TRADE,DOWN,ACCUM,5,5,0.8000,4.0000,5,0.4900,5,0.8000,5,1.2900,-1.4472,0.00,-1.4550,-1.4452,0.0000,221.23,SUCCESS
2026-01-04T18:56:33.295429+00:00,btc-updown-15m-1767552300,TRADE,DOWN,ACCUM,10,10,0.7700,7.7000,5,0.4900,5,0.8000,5,1.2900,-1.4472,0.00,-1.4550,-1.4452,0.0000,221.23,SUCCESS
2026-01-04T18:56:33.525061+00:00,btc-updown-15m-1767552300,TRADE,UP,ACCUM,10,10,0.2000,2.0000,5,0.4900,5,0.8000,5,1.2900,-1.4472,0.00,-1.4550,-1.4452,0.0000,221.23,SUCCESS
2026-01-04T18:56:39.510344+00:00,btc-updown-15m-1767552300,TRADE,DOWN,ACCUM,10,10,0.7700,7.7000,5,0.4900,15,0.7800,5,1.2700,-1.3474,0.67,-9.1550,0.8548,0.0000,209.84,SUCCESS
2026-01-04T18:56:39.939096+00:00,btc-updown-15m-1767552300,TRADE,UP,ACCUM,10,10,0.2000,2.0000,15,0.2965,15,0.7800,15,1.0765,-1.1474,0.00,-1.1550,-1.1452,0.0000,209.84,SUCCESS
2026-01-04T19:00:05.788547+00:00,btc-updown-15m-1767552300,RESOLUTION,DOWN,BINANCE_FALLBACK_SHARED,30,30,1.0000,16.1452,15,0.2965,15,0.7800,15,1.0765,-1.1474,0.00,0.0000,0.0000,-1.1452,209.84,RESOLVED
2026-01-04T19:00:25.162207+00:00,btc-updown-15m-1767553200,TRADE,DOWN,ACCUM,5,5,0.5100,2.5500,0,0.0000,0,0.0000,0,0.0000,0.0000,0.00,0.0000,0.0000,0.0000,209.84,SUCCESS
2026-01-04T19:00:26.003233+00:00,btc-updown-15m-1767553200,TRADE,UP,ACCUM,5,5,0.4200,2.1000,0,0.0000,0,0.0000,0,0.0000,0.0000,0.00,0.0000,0.0000,0.0000,209.84,SUCCESS
2026-01-04T19:00:31.929839+00:00,btc-updown-15m-1767553200,TRADE,DOWN,ACCUM,5,5,0.5100,2.5500,0,0.0000,5,0.5100,0,0.0000,0.0000,1.00,-2.5500,2.4500,0.0000,207.53,SUCCESS
2026-01-04T19:01:29.919325+00:00,btc-updown-15m-1767553200,TRADE,UP,ACCUM,5,5,0.4200,2.1000,5,0.4200,5,0.5100,5,0.9300,0.3500,0.00,0.3500,0.3500,0.0000,204.98,SUCCESS
2026-01-04T19:01:35.755864+00:00,btc-updown-15m-1767553200,TRADE,DOWN,ACCUM,5,5,0.6600,3.3000,5,0.4200,5,0.5100,5,0.9300,0.3500,0.00,0.3500,0.3500,0.0000,204.98,SUCCESS
2026-01-04T19:01:35.989631+00:00,btc-updown-15m-1767553200,TRADE,UP,ACCUM,5,5,0.2700,1.3500,5,0.4200,5,0.5100,5,0.9300,0.3500,0.00,0.3500,0.3500,0.0000,204.98,SUCCESS
2026-01-04T19:01:41.924825+00:00,btc-updown-15m-1767553200,TRADE,DOWN,ACCUM,5,5,0.6600,3.3000,5,0.4200,10,0.5850,5,1.0050,-0.0250,0.50,-2.9500,2.0500,0.0000,202.88,SUCCESS
2026-01-04T19:01:42.344956+00:00,btc-updown-15m-1767553200,TRADE,UP,ACCUM,5,5,0.2700,1.3500,10,0.3450,10,0.5850,10,0.9300,0.7000,0.00,0.7000,0.7000,0.0000,202.88,SUCCESS
2026-01-04T19:01:48.062198+00:00,btc-updown-15m-1767553200,TRADE,DOWN,ACCUM,5,5,0.7300,3.6500,10,0.3450,10,0.5850,10,0.9300,0.7000,0.00,0.7000,0.7000,0.0000,202.88,SUCCESS
2026-01-04T19:02:11.200754+00:00,btc-updown-15m-1767553200,TRADE,UP,ACCUM,5,5,0.2000,1.0000,10,0.3450,10,0.5850,10,0.9300,0.7000,0.00,0.7000,0.7000,0.0000,202.88,SUCCESS
2026-01-04T19:02:17.207141+00:00,btc-updown-15m-1767553200,TRADE,DOWN,ACCUM,5,5,0.7300,3.6500,10,0.3450,15,0.6333,10,0.9783,0.2167,0.33,-2.9500,2.0500,0.0000,194.58,SUCCESS
2026-01-04T19:03:43.918510+00:00,btc-updown-15m-1767553200,TRADE,UP,ACCUM,5,5,0.2000,1.0000,15,0.2967,15,0.6333,15,0.9300,1.0500,0.00,1.0500,1.0500,0.0000,209.58,SUCCESS
2026-01-04T19:15:04.695758+00:00,btc-updown-15m-1767553200,RESOLUTION,DOWN,BINANCE_FALLBACK_SHARED,30,30,1.0000,13.9500,15,0.2967,15,0.6333,15,0.9300,1.0500,0.00,0.0000,0.0000,1.0500,209.58,RESOLVED
2026-01-04T19:15:23.986032+00:00,btc-updown-15m-1767554100,TRADE,UP,ACCUM,5,5,0.6500,3.2500,0,0.0000,0,0.0000,0,0.0000,0.0000,0.00,0.0000,0.0000,0.0000,209.58,SUCCESS
2026-01-04T19:15:24.854159+00:00,btc-updown-15m-1767554100,TRADE,DOWN,ACCUM,5,5,0.2800,1.4000,0,0.0000,0,0.0000,0,0.0000,0.0000,0.00,0.0000,0.0000,0.0000,209.58,SUCCESS
2026-01-04T19:15:30.940475+00:00,btc-updown-15m-1767554100,TRADE,UP,ACCUM,5,5,0.6500,3.2500,5,0.6500,0,0.0000,0,0.0000,0.0000,1.00,-3.2500,1.7500,0.0000,205.33,SUCCESS
2026-01-04T19:16:40.317902+00:00,btc-updown-15m-1767554100,TRADE,DOWN,ACCUM,5,5,0.2800,1.4000,5,0.6500,5,0.2800,5,0.9300,0.3500,0.00,0.3500,0.3500,0.0000,205.33,SUCCESS
2026-01-04T19:16:46.135063+00:00,btc-updown-15m-1767554100,TRADE,UP,ACCUM,5,5,0.7000,3.5000,5,0.6500,5,0.2800,5,0.9300,0.3500,0.00,0.3500,0.3500,0.0000,205.33,SUCCESS
2026-01-04T19:16:46.356891+00:00,btc-updown-15m-1767554100,TRADE,DOWN,ACCUM,5,5,0.2300,1.1500,5,0.6500,5,0.2800,5,0.9300,0.3500,0.00,0.3500,0.3500,0.0000,205.33,SUCCESS
2026-01-04T19:17:09.987786+00:00,btc-updown-15m-1767554100,TRADE,UP,ACCUM,5,5,0.7000,3.5000,10,0.6750,5,0.2800,5,0.9550,0.2250,0.50,-3.1500,1.8500,0.0000,200.43,SUCCESS
2026-01-04T19:18:48.318943+00:00,btc-updown-15m-1767554100,TRADE,DOWN,ACCUM,5,5,0.2500,1.2500,10,0.6750,5,0.2800,5,0.9550,0.2250,0.50,-3.1500,1.8500,0.0000,200.43,SUCCESS
2026-01-04T19:20:04.555656+00:00,btc-updown-15m-1767554100,TRADE,DOWN,ACCUM,5,5,0.2800,1.4000,10,0.6750,10,0.2800,10,0.9550,0.4500,0.00,0.4500,0.4500,0.0000,215.43,SUCCESS
2026-01-04T19:20:10.283334+00:00,btc-updown-15m-1767554100,TRADE,UP,ACCUM,5,5,0.7300,3.6500,10,0.6750,10,0.2800,10,0.9550,0.4500,0.00,0.4500,0.4500,0.0000,215.43,SUCCESS
2026-01-04T19:20:10.509034+00:00,btc-updown-15m-1767554100,TRADE,DOWN,ACCUM,5,5,0.2200,1.1000,10,0.6750,10,0.2800,10,0.9550,0.4500,0.00,0.4500,0.4500,0.0000,215.43,SUCCESS
2026-01-04T19:20:16.686879+00:00,btc-updown-15m-1767554100,TRADE,DOWN,ACCUM,5,5,0.2200,1.1000,10,0.6750,15,0.2600,10,0.9350,0.6500,0.33,-0.6500,4.3500,0.0000,214.08,SUCCESS
2026-01-04T19:21:14.906948+00:00,btc-updown-15m-1767554100,TRADE,UP,ACCUM,5,5,0.7700,3.8500,10,0.6750,15,0.2600,10,0.9350,0.6500,0.33,-0.6500,4.3500,0.0000,214.08,SUCCESS
2026-01-04T19:22:18.359360+00:00,btc-updown-15m-1767554100,TRADE,UP,ACCUM,5,5,0.8100,4.0500,10,0.6750,15,0.2600,10,0.9350,0.6500,0.33,-0.6500,4.3500,0.0000,214.08,SUCCESS
2026-01-04T19:23:21.981732+00:00,btc-updown-15m-1767554100,TRADE,UP,ACCUM,5,5,0.8500,4.2500,10,0.6750,15,0.2600,10,0.9350,0.6500,0.33,-0.6500,4.3500,0.0000,214.08,SUCCESS
2026-01-04T19:24:25.595703+00:00,btc-updown-15m-1767554100,TRADE,UP,ACCUM,5,5,0.8900,4.4500,10,0.6750,15,0.2600,10,0.9350,0.6500,0.33,-0.6500,4.3500,0.0000,214.08,SUCCESS
2026-01-04T19:25:06.356043+00:00,btc-updown-15m-1767554100,TRADE,UP,ACCUM,5,5,0.9400,4.7000,10,0.6750,15,0.2600,10,0.9350,0.6500,0.33,-0.6500,4.3500,0.0000,214.08,SUCCESS
2026-01-04T19:25:41.239256+00:00,btc-updown-15m-1767554100,TRADE,UP,ACCUM,5,5,0.9600,4.8000,10,0.6750,15,0.2600,10,0.9350,0.6500,0.33,-0.6500,4.3500,0.0000,214.08,SUCCESS
2026-01-04T19:26:15.609171+00:00,btc-updown-15m-1767554100,TRADE,UP,ACCUM,5,5,0.9600,4.8000,15,0.7700,15,0.2600,15,1.0300,-0.4500,0.00,-0.4500,-0.4500,0.0000,212.98,SUCCESS
2026-01-04T19:30:01.082317+00:00,btc-updown-15m-1767554100,RESOLUTION,UP,BINANCE_FALLBACK_SHARED,30,30,1.0000,15.4500,15,0.7700,15,0.2600,15,1.0300,-0.4500,0.00,0.0000,0.0000,-0.4500,212.98,RESOLVED
2026-01-04T19:30:19.928462+00:00,btc-updown-15m-1767555000,TRADE,UP,ACCUM,5,5,0.4800,2.4000,0,0.0000,0,0.0000,0,0.0000,0.0000,0.00,0.0000,0.0000,0.0000,212.98,SUCCESS
2026-01-04T19:30:20.786847+00:00,btc-updown-15m-1767555000,TRADE,DOWN,ACCUM,5,5,0.4500,2.2500,0,0.0000,0,0.0000,0,0.0000,0.0000,0.00,0.0000,0.0000,0.0000,212.98,SUCCESS
2026-01-04T19:31:02.513392+00:00,btc-updown-15m-1767555000,TRADE,UP,ACCUM,5,5,0.4800,2.4000,5,0.4800,0,0.0000,0,0.0000,0.0000,1.00,-2.4000,2.6000,0.0000,208.18,SUCCESS
2026-01-04T19:31:25.901706+00:00,btc-updown-15m-1767555000,TRADE,DOWN,ACCUM,5,5,0.4500,2.2500,5,0.4800,5,0.4500,5,0.9300,0.3500,0.00,0.3500,0.3500,0.0000,203.53,SUCCESS
2026-01-04T19:31:31.668617+00:00,btc-updown-15m-1767555000,TRADE,UP,ACCUM,5,5,0.6100,3.0500,5,0.4800,5,0.4500,5,0.9300,0.3500,0.00,0.3500,0.3500,0.0000,203.53,SUCCESS
2026-01-04T19:31:31.886979+00:00,btc-updown-15m-1767555000,TRADE,DOWN,ACCUM,5,5,0.3200,1.6000,5,0.4800,5,0.4500,5,0.9300,0.3500,0.00,0.3500,0.3500,0.0000,203.53,SUCCESS
2026-01-04T19:31:37.808608+00:00,btc-updown-15m-1767555000,TRADE,UP,ACCUM,5,5,0.6100,3.0500,10,0.5450,5,0.4500,5,0.9950,0.0250,0.50,-2.7000,2.3000,0.0000,203.53,SUCCESS
2026-01-04T19:31:49.714699+00:00,btc-updown-15m-1767555000,TRADE,DOWN,ACCUM,5,5,0.3200,1.6000,10,0.5450,10,0.3850,10,0.9300,0.7000,0.00,0.7000,0.7000,0.0000,200.48,SUCCESS
2026-01-04T19:31:55.505999+00:00,btc-updown-15m-1767555000,TRADE,UP,ACCUM,5,5,0.6700,3.3500,10,0.5450,10,0.3850,10,0.9300,0.7000,0.00,0.7000,0.7000,0.0000,200.48,SUCCESS
2026-01-04T19:31:55.745422+00:00,btc-updown-15m-1767555000,TRADE,DOWN,ACCUM,5,5,0.2600,1.3000,10,0.5450,10,0.3850,10,0.9300,0.7000,0.00,0.7000,0.7000,0.0000,200.48,SUCCESS
2026-01-04T19:32:19.718215+00:00,btc-updown-15m-1767555000,TRADE,UP,ACCUM,5,5,0.6700,3.3500,15,0.5867,10,0.3850,10,0.9717,0.2833,0.33,-2.6500,2.3500,0.0000,195.53,SUCCESS
2026-01-04T19:33:12.153069+00:00,btc-updown-15m-1767555000,TRADE,DOWN,ACCUM,5,5,0.2600,1.3000,15,0.5867,15,0.3433,15,0.9300,1.0500,0.00,1.0500,1.0500,0.0000,210.53,SUCCESS
2026-01-04T19:45:03.240761+00:00,btc-updown-15m-1767555000,RESOLUTION,DOWN,BINANCE_FALLBACK_SHARED,30,30,1.0000,13.9500,15,0.5867,15,0.3433,15,0.9300,1.0500,0.00,0.0000,0.0000,1.0500,210.53,RESOLVED
2026-01-04T19:45:22.875463+00:00,btc-updown-15m-1767555900,TRADE,UP,ACCUM,5,5,0.5100,2.5500,0,0.0000,0,0.0000,0,0.0000,0.0000,0.00,0.0000,0.0000,0.0000,210.53,SUCCESS
2026-01-04T19:45:23.805878+00:00,btc-updown-15m-1767555900,TRADE,DOWN,ACCUM,5,5,0.4100,2.0500,0,0.0000,0,0.0000,0,0.0000,0.0000,0.00,0.0000,0.0000,0.0000,210.53,SUCCESS
2026-01-04T19:45:41.624611+00:00,btc-updown-15m-1767555900,TRADE,UP,ACCUM,5,5,0.5100,2.5500,5,0.5100,0,0.0000,0,0.0000,0.0000,1.00,-2.5500,2.4500,0.0000,209.23,SUCCESS
2026-01-04T19:46:56.760781+00:00,btc-updown-15m-1767555900,TRADE,DOWN,ACCUM,5,5,0.4100,2.0500,5,0.5100,5,0.4100,5,0.9200,0.4000,0.00,0.4000,0.4000,0.0000,206.68,SUCCESS
2026-01-04T19:47:02.499915+00:00,btc-updown-15m-1767555900,TRADE,UP,ACCUM,5,5,0.5400,2.7000,5,0.5100,5,0.4100,5,0.9200,0.4000,0.00,0.4000,0.4000,0.0000,206.68,SUCCESS
2026-01-04T19:47:02.732691+00:00,btc-updown-15m-1767555900,TRADE,DOWN,ACCUM,5,5,0.3800,1.9000,5,0.5100,5,0.4100,5,0.9200,0.4000,0.00,0.4000,0.4000,0.0000,206.68,SUCCESS
2026-01-04T19:49:08.393000+00:00,btc-updown-15m-1767555900,TRADE,UP,ACCUM,5,5,0.5600,2.8000,5,0.5100,5,0.4100,5,0.9200,0.4000,0.00,0.4000,0.4000,0.0000,206.68,SUCCESS
2026-01-04T19:49:09.348365+00:00,btc-updown-15m-1767555900,TRADE,DOWN,ACCUM,5,5,0.4000,2.0000,5,0.5100,5,0.4100,5,0.9200,0.4000,0.00,0.4000,0.4000,0.0000,206.68,SUCCESS
2026-01-04T19:49:15.575322+00:00,btc-updown-15m-1767555900,TRADE,DOWN,ACCUM,5,5,0.4000,2.0000,5,0.5100,10,0.4050,5,0.9150,0.4250,0.50,-1.6000,3.4000,0.0000,217.63,SUCCESS
2026-01-04T19:50:13.791619+00:00,btc-updown-15m-1767555900,TRADE,UP,ACCUM,5,5,0.6000,3.0000,5,0.5100,10,0.4050,5,0.9150,0.4250,0.50,-1.6000,3.4000,0.0000,217.63,SUCCESS
2026-01-04T19:51:17.303670+00:00,btc-updown-15m-1767555900,TRADE,UP,ACCUM,5,5,0.6400,3.2000,5,0.5100,10,0.4050,5,0.9150,0.4250,0.50,-1.6000,3.4000,0.0000,217.63,SUCCESS
2026-01-04T19:52:21.046756+00:00,btc-updown-15m-1767555900,TRADE,UP,ACCUM,5,5,0.6800,3.4000,5,0.5100,10,0.4050,5,0.9150,0.4250,0.50,-1.6000,3.4000,0.0000,217.63,SUCCESS
2026-01-04T19:53:25.099200+00:00,btc-updown-15m-1767555900,TRADE,UP,ACCUM,5,5,0.7200,3.6000,5,0.5100,10,0.4050,5,0.9150,0.4250,0.50,-1.6000,3.4000,0.0000,217.63,SUCCESS
2026-01-04T19:54:28.657377+00:00,btc-updown-15m-1767555900,TRADE,UP,ACCUM,5,5,0.7600,3.8000,5,0.5100,10,0.4050,5,0.9150,0.4250,0.50,-1.6000,3.4000,0.0000,217.63,SUCCESS
2026-01-04T19:55:03.750417+00:00,btc-updown-15m-1767555900,TRADE,UP,ACCUM,5,5,0.8200,4.1000,5,0.5100,10,0.4050,5,0.9150,0.4250,0.50,-1.6000,3.4000,0.0000,217.63,SUCCESS
2026-01-04T19:55:38.971944+00:00,btc-updown-15m-1767555900,TRADE,UP,ACCUM,5,5,0.8800,4.4000,5,0.5100,10,0.4050,5,0.9150,0.4250,0.50,-1.6000,3.4000,0.0000,217.63,SUCCESS
2026-01-04T19:56:14.003605+00:00,btc-updown-15m-1767555900,TRADE,UP,ACCUM,5,5,0.9400,4.7000,5,0.5100,10,0.4050,5,0.9150,0.4250,0.50,-1.6000,3.4000,0.0000,217.63,SUCCESS
2026-01-04T20:00:04.037668+00:00,btc-updown-15m-1767555900,RESOLUTION,UP,BINANCE_FALLBACK_SHARED,15,15,1.0000,6.6000,5,0.5100,10,0.4050,5,0.9150,0.4250,0.50,0.0000,0.0000,-1.6000,217.63,RESOLVED
2026-01-04T20:00:23.162044+00:00,btc-updown-15m-1767556800,TRADE,DOWN,ACCUM,5,5,0.5600,2.8000,0,0.0000,0,0.0000,0,0.0000,0.0000,0.00,0.0000,0.0000,0.0000,217.63,SUCCESS
2026-01-04T20:00:24.107145+00:00,btc-updown-15m-1767556800,TRADE,UP,ACCUM,5,5,0.3700,1.8500,0,0.0000,0,0.0000,0,0.0000,0.0000,0.00,0.0000,0.0000,0.0000,217.63,SUCCESS
2026-01-04T20:00:47.882572+00:00,btc-updown-15m-1767556800,TRADE,DOWN,ACCUM,5,5,0.5600,2.8000,0,0.0000,5,0.5600,0,0.0000,0.0000,1.00,-2.8000,2.2000,0.0000,222.63,SUCCESS
2026-01-04T20:02:25.976119+00:00,btc-updown-15m-1767556800,TRADE,UP,ACCUM,5,5,0.3900,1.9500,0,0.0000,5,0.5600,0,0.0000,0.0000,1.00,-2.8000,2.2000,0.0000,222.63,SUCCESS
2026-01-04T20:04:28.062060+00:00,btc-updown-15m-1767556800,TRADE,UP,ACCUM,5,5,0.4100,2.0500,0,0.0000,5,0.5600,0,0.0000,0.0000,1.00,-2.8000,2.2000,0.0000,222.63,SUCCESS
2026-01-04T20:05:31.628849+00:00,btc-updown-15m-1767556800,TRADE,UP,ACCUM,5,5,0.4500,2.2500,0,0.0000,5,0.5600,0,0.0000,0.0000,1.00,-2.8000,2.2000,0.0000,222.63,SUCCESS
2026-01-04T20:06:06.633071+00:00,btc-updown-15m-1767556800,TRADE,UP,ACCUM,5,5,0.4500,2.2500,5,0.4500,5,0.5600,5,1.0100,-0.0500,0.00,-0.0500,-0.0500,0.0000,219.83,SUCCESS
2026-01-04T20:06:12.428308+00:00,btc-updown-15m-1767556800,TRADE,DOWN,ACCUM,5,5,0.5700,2.8500,5,0.4500,5,0.5600,5,1.0100,-0.0500,0.00,-0.0500,-0.0500,0.0000,219.83,SUCCESS
2026-01-04T20:06:12.679580+00:00,btc-updown-15m-1767556800,TRADE,UP,ACCUM,5,5,0.3700,1.8500,5,0.4500,5,0.5600,5,1.0100,-0.0500,0.00,-0.0500,-0.0500,0.0000,219.83,SUCCESS
2026-01-04T20:06:18.717696+00:00,btc-updown-15m-1767556800,TRADE,DOWN,ACCUM,5,5,0.5700,2.8500,5,0.4500,10,0.5650,5,1.0150,-0.0750,0.50,-2.9000,2.1000,0.0000,214.73,SUCCESS
2026-01-04T20:07:17.368686+00:00,btc-updown-15m-1767556800,TRADE,UP,ACCUM,5,5,0.4100,2.0500,5,0.4500,10,0.5650,5,1.0150,-0.0750,0.50,-2.9000,2.1000,0.0000,214.73,SUCCESS
2026-01-04T20:07:23.373210+00:00,btc-updown-15m-1767556800,TRADE,UP,ACCUM,5,5,0.4100,2.0500,5,0.4500,10,0.5650,5,1.0150,-0.0750,0.50,-2.9000,2.1000,0.0000,214.73,SUCCESS
2026-01-04T20:07:29.301923+00:00,btc-updown-15m-1767556800,TRADE,UP,ACCUM,5,5,0.4100,2.0500,5,0.4500,10,0.5650,5,1.0150,-0.0750,0.50,-2.9000,2.1000,0.0000,214.73,SUCCESS
2026-01-04T20:07:35.249771+00:00,btc-updown-15m-1767556800,TRADE,UP,ACCUM,5,5,0.4100,2.0500,5,0.4500,10,0.5650,5,1.0150,-0.0750,0.50,-2.9000,2.1000,0.0000,214.73,SUCCESS
2026-01-04T20:07:41.180815+00:00,btc-updown-15m-1767556800,TRADE,UP,ACCUM,5,5,0.4100,2.0500,5,0.4500,10,0.5650,5,1.0150,-0.0750,0.50,-2.9000,2.1000,0.0000,214.73,SUCCESS
2026-01-04T20:07:47.098940+00:00,btc-updown-15m-1767556800,TRADE,UP,ACCUM,5,5,0.4100,2.0500,5,0.4500,10,0.5650,5,1.0150,-0.0750,0.50,-2.9000,2.1000,0.0000,214.73,SUCCESS
2026-01-04T20:07:53.115760+00:00,btc-updown-15m-1767556800,TRADE,UP,ACCUM,5,5,0.4100,2.0500,5,0.4500,10,0.5650,5,1.0150,-0.0750,0.50,-2.9000,2.1000,0.0000,214.73,SUCCESS
2026-01-04T20:07:59.136872+00:00,btc-updown-15m-1767556800,TRADE,UP,ACCUM,5,5,0.4100,2.0500,5,0.4500,10,0.5650,5,1.0150,-0.0750,0.50,-2.9000,2.1000,0.0000,214.73,SUCCESS
2026-01-04T20:08:05.126758+00:00,btc-updown-15m-1767556800,TRADE,UP,ACCUM,5,5,0.4100,2.0500,5,0.4500,10,0.5650,5,1.0150,-0.0750,0.50,-2.9000,2.1000,0.0000,214.73,SUCCESS
2026-01-04T20:08:11.076977+00:00,btc-updown-15m-1767556800,TRADE,UP,ACCUM,5,5,0.4100,2.0500,5,0.4500,10,0.5650,5,1.0150,-0.0750,0.50,-2.9000,2.1000,0.0000,214.73,SUCCESS
2026-01-04T20:08:17.017294+00:00,btc-updown-15m-1767556800,TRADE,UP,ACCUM,5,5,0.4100,2.0500,5,0.4500,10,0.5650,5,1.0150,-0.0750,0.50,-2.9000,2.1000,0.0000,214.73,SUCCESS
2026-01-04T20:08:23.016343+00:00,btc-updown-15m-1767556800,TRADE,UP,ACCUM,5,5,0.4100,2.0500,5,0.4500,10,0.5650,5,1.0150,-0.0750,0.50,-2.9000,2.1000,0.0000,214.73,SUCCESS
2026-01-04T20:08:29.034893+00:00,btc-updown-15m-1767556800,TRADE,UP,ACCUM,5,5,0.4100,2.0500,5,0.4500,10,0.5650,5,1.0150,-0.0750,0.50,-2.9000,2.1000,0.0000,214.73,SUCCESS
2026-01-04T20:08:34.960268+00:00,btc-updown-15m-1767556800,TRADE,UP,ACCUM,5,5,0.4100,2.0500,5,0.4500,10,0.5650,5,1.0150,-0.0750,0.50,-2.9000,2.1000,0.0000,214.73,SUCCESS
2026-01-04T20:08:40.929414+00:00,btc-updown-15m-1767556800,TRADE,UP,ACCUM,5,5,0.4100,2.0500,5,0.4500,10,0.5650,5,1.0150,-0.0750,0.50,-2.9000,2.1000,0.0000,214.73,SUCCESS
2026-01-04T20:08:46.891877+00:00,btc-updown-15m-1767556800,TRADE,UP,ACCUM,5,5,0.4100,2.0500,5,0.4500,10,0.5650,5,1.0150,-0.0750,0.50,-2.9000,2.1000,0.0000,214.73,SUCCESS
2026-01-04T20:08:53.104243+00:00,btc-updown-15m-1767556800,TRADE,UP,ACCUM,5,5,0.4100,2.0500,5,0.4500,10,0.5650,5,1.0150,-0.0750,0.50,-2.9000,2.1000,0.0000,214.73,SUCCESS
2026-01-04T20:08:59.014427+00:00,btc-updown-15m-1767556800,TRADE,UP,ACCUM,5,5,0.4100,2.0500,5,0.4500,10,0.5650,5,1.0150,-0.0750,0.50,-2.9000,2.1000,0.0000,214.73,SUCCESS
2026-01-04T20:09:05.046202+00:00,btc-updown-15m-1767556800,TRADE,UP,ACCUM,5,5,0.4100,2.0500,5,0.4500,10,0.5650,5,1.0150,-0.0750,0.50,-2.9000,2.1000,0.0000,214.73,SUCCESS
2026-01-04T20:09:10.959384+00:00,btc-updown-15m-1767556800,TRADE,UP,ACCUM,5,5,0.4100,2.0500,5,0.4500,10,0.5650,5,1.0150,-0.0750,0.50,-2.9000,2.1000,0.0000,214.73,SUCCESS
2026-01-04T20:09:16.996665+00:00,btc-updown-15m-1767556800,TRADE,UP,ACCUM,5,5,0.4100,2.0500,5,0.4500,10,0.5650,5,1.0150,-0.0750,0.50,-2.9000,2.1000,0.0000,214.73,SUCCESS
2026-01-04T20:09:23.034099+00:00,btc-updown-15m-1767556800,TRADE,UP,ACCUM,5,5,0.4100,2.0500,5,0.4500,10,0.5650,5,1.0150,-0.0750,0.50,-2.9000,2.1000,0.0000,214.73,SUCCESS
2026-01-04T20:09:29.102406+00:00,btc-updown-15m-1767556800,TRADE,UP,ACCUM,5,5,0.4100,2.0500,5,0.4500,10,0.5650,5,1.0150,-0.0750,0.50,-2.9000,2.1000,0.0000,214.73,SUCCESS
2026-01-04T20:09:35.050888+00:00,btc-updown-15m-1767556800,TRADE,UP,ACCUM,5,5,0.4100,2.0500,5,0.4500,10,0.5650,5,1.0150,-0.0750,0.50,-2.9000,2.1000,0.0000,214.73,SUCCESS
2026-01-04T20:09:40.985828+00:00,btc-updown-15m-1767556800,TRADE,UP,ACCUM,5,5,0.4100,2.0500,5,0.4500,10,0.5650,5,1.0150,-0.0750,0.50,-2.9000,2.1000,0.0000,214.73,SUCCESS
2026-01-04T20:09:47.000078+00:00,btc-updown-15m-1767556800,TRADE,UP,ACCUM,5,5,0.4100,2.0500,5,0.4500,10,0.5650,5,1.0150,-0.0750,0.50,-2.9000,2.1000,0.0000,214.73,SUCCESS
2026-01-04T20:09:52.979952+00:00,btc-updown-15m-1767556800,TRADE,UP,ACCUM,5,5,0.4100,2.0500,5,0.4500,10,0.5650,5,1.0150,-0.0750,0.50,-2.9000,2.1000,0.0000,214.73,SUCCESS
2026-01-04T20:09:58.879577+00:00,btc-updown-15m-1767556800,TRADE,UP,ACCUM,5,5,0.4100,2.0500,5,0.4500,10,0.5650,5,1.0150,-0.0750,0.50,-2.9000,2.1000,0.0000,214.73,SUCCESS
2026-01-04T20:10:04.907337+00:00,btc-updown-15m-1767556800,TRADE,UP,ACCUM,5,5,0.4100,2.0500,5,0.4500,10,0.5650,5,1.0150,-0.0750,0.50,-2.9000,2.1000,0.0000,214.73,SUCCESS
2026-01-04T20:10:10.925140+00:00,btc-updown-15m-1767556800,TRADE,UP,ACCUM,5,5,0.4100,2.0500,5,0.4500,10,0.5650,5,1.0150,-0.0750,0.50,-2.9000,2.1000,0.0000,214.73,SUCCESS
2026-01-04T20:10:16.857246+00:00,btc-updown-15m-1767556800,TRADE,UP,ACCUM,5,5,0.4100,2.0500,5,0.4500,10,0.5650,5,1.0150,-0.0750,0.50,-2.9000,2.1000,0.0000,214.73,SUCCESS
2026-01-04T20:10:22.772455+00:00,btc-updown-15m-1767556800,TRADE,UP,ACCUM,5,5,0.4100,2.0500,5,0.4500,10,0.5650,5,1.0150,-0.0750,0.50,-2.9000,2.1000,0.0000,214.73,SUCCESS
2026-01-04T20:10:40.160619+00:00,btc-updown-15m-1767556800,TRADE,UP,ACCUM,5,5,0.4100,2.0500,5,0.4500,10,0.5650,5,1.0150,-0.0750,0.50,-2.9000,2.1000,0.0000,214.73,SUCCESS
2026-01-04T20:10:46.367167+00:00,btc-updown-15m-1767556800,TRADE,UP,ACCUM,5,5,0.4100,2.0500,5,0.4500,10,0.5650,5,1.0150,-0.0750,0.50,-2.9000,2.1000,0.0000,214.73,SUCCESS
2026-01-04T20:11:26.130032+00:00,btc-updown-15m-1767556800,TRADE,UP,ACCUM,5,5,0.4200,2.1000,5,0.4500,10,0.5650,5,1.0150,-0.0750,0.50,-2.9000,2.1000,0.0000,214.73,SUCCESS
2026-01-04T20:13:02.443947+00:00,btc-updown-15m-1767556800,TRADE,UP,ACCUM,5,5,0.4400,2.2000,5,0.4500,10,0.5650,5,1.0150,-0.0750,0.50,-2.9000,2.1000,0.0000,214.73,SUCCESS
2026-01-04T20:15:04.334113+00:00,btc-updown-15m-1767556800,RESOLUTION,UP,BINANCE_FALLBACK_SHARED,15,15,1.0000,7.9000,5,0.4500,10,0.5650,5,1.0150,-0.0750,0.50,0.0000,0.0000,-2.9000,214.73,RESOLVED
2026-01-04T20:15:23.169194+00:00,btc-updown-15m-1767557700,TRADE,DOWN,ACCUM,5,5,0.5000,2.5000,0,0.0000,0,0.0000,0,0.0000,0.0000,0.00,0.0000,0.0000,0.0000,214.73,SUCCESS
2026-01-04T20:15:24.032882+00:00,btc-updown-15m-1767557700,TRADE,UP,ACCUM,5,5,0.4300,2.1500,0,0.0000,0,0.0000,0,0.0000,0.0000,0.00,0.0000,0.0000,0.0000,214.73,SUCCESS
2026-01-04T20:15:36.239234+00:00,btc-updown-15m-1767557700,TRADE,UP,ACCUM,5,5,0.4300,2.1500,5,0.4300,0,0.0000,0,0.0000,0.0000,1.00,-2.1500,2.8500,0.0000,217.58,SUCCESS
2026-01-04T20:17:19.006159+00:00,btc-updown-15m-1767557700,TRADE,DOWN,ACCUM,5,5,0.5000,2.5000,5,0.4300,5,0.5000,5,0.9300,0.3500,0.00,0.3500,0.3500,0.0000,217.58,SUCCESS
2026-01-04T20:17:24.771662+00:00,btc-updown-15m-1767557700,TRADE,UP,ACCUM,5,5,0.5100,2.5500,5,0.4300,5,0.5000,5,0.9300,0.3500,0.00,0.3500,0.3500,0.0000,217.58,SUCCESS
2026-01-04T20:17:25.045805+00:00,btc-updown-15m-1767557700,TRADE,DOWN,ACCUM,5,5,0.4200,2.1000,5,0.4300,5,0.5000,5,0.9300,0.3500,0.00,0.3500,0.3500,0.0000,217.58,SUCCESS
2026-01-04T20:17:31.334427+00:00,btc-updown-15m-1767557700,TRADE,DOWN,ACCUM,5,5,0.4200,2.1000,5,0.4300,10,0.4600,5,0.8900,0.5500,0.50,-1.7500,3.2500,0.0000,215.08,SUCCESS
2026-01-04T20:17:48.633488+00:00,btc-updown-15m-1767557700,TRADE,UP,ACCUM,5,5,0.5100,2.5500,10,0.4700,10,0.4600,10,0.9300,0.7000,0.00,0.7000,0.7000,0.0000,212.98,SUCCESS
2026-01-04T20:17:54.406398+00:00,btc-updown-15m-1767557700,TRADE,DOWN,ACCUM,5,5,0.4800,2.4000,10,0.4700,10,0.4600,10,0.9300,0.7000,0.00,0.7000,0.7000,0.0000,212.98,SUCCESS
2026-01-04T20:17:54.648466+00:00,btc-updown-15m-1767557700,TRADE,UP,ACCUM,5,5,0.4500,2.2500,10,0.4700,10,0.4600,10,0.9300,0.7000,0.00,0.7000,0.7000,0.0000,212.98,SUCCESS
2026-01-04T20:18:06.671561+00:00,btc-updown-15m-1767557700,TRADE,DOWN,ACCUM,5,5,0.4800,2.4000,10,0.4700,15,0.4667,10,0.9367,0.6333,0.33,-1.7000,3.3000,0.0000,208.03,SUCCESS
2026-01-04T20:19:04.066864+00:00,btc-updown-15m-1767557700,TRADE,UP,ACCUM,5,5,0.4500,2.2500,15,0.4633,15,0.4667,15,0.9300,1.0500,0.00,1.0500,1.0500,0.0000,208.03,SUCCESS
2026-01-04T20:30:04.678667+00:00,btc-updown-15m-1767557700,RESOLUTION,UP,BINANCE_FALLBACK_SHARED,30,30,1.0000,13.9500,15,0.4633,15,0.4667,15,0.9300,1.0500,0.00,0.0000,0.0000,1.0500,208.03,RESOLVED
2026-01-04T20:30:23.380940+00:00,btc-updown-15m-1767558600,TRADE,DOWN,ACCUM,5,5,0.6100,3.0500,0,0.0000,0,0.0000,0,0.0000,0.0000,0.00,0.0000,0.0000,0.0000,208.03,SUCCESS
2026-01-04T20:30:24.387684+00:00,btc-updown-15m-1767558600,TRADE,UP,ACCUM,5,5,0.3200,1.6000,0,0.0000,0,0.0000,0,0.0000,0.0000,0.00,0.0000,0.0000,0.0000,208.03,SUCCESS
2026-01-04T20:30:36.511664+00:00,btc-updown-15m-1767558600,TRADE,UP,ACCUM,5,5,0.3200,1.6000,5,0.3200,0,0.0000,0,0.0000,0.0000,1.00,-1.6000,3.4000,0.0000,204.18,SUCCESS
2026-01-04T20:32:26.161175+00:00,btc-updown-15m-1767558600,TRADE,DOWN,ACCUM,5,5,0.6300,3.1500,5,0.3200,0,0.0000,0,0.0000,0.0000,1.00,-1.6000,3.4000,0.0000,204.18,SUCCESS
2026-01-04T20:33:24.067546+00:00,btc-updown-15m-1767558600,TRADE,DOWN,ACCUM,5,5,0.6300,3.1500,5,0.3200,5,0.6300,5,0.9500,0.2500,0.00,0.2500,0.2500,0.0000,204.18,SUCCESS
2026-01-04T20:33:29.884460+00:00,btc-updown-15m-1767558600,TRADE,DOWN,ACCUM,5,5,0.6200,3.1000,5,0.3200,5,0.6300,5,0.9500,0.2500,0.00,0.2500,0.2500,0.0000,204.18,SUCCESS
2026-01-04T20:33:30.112173+00:00,btc-updown-15m-1767558600,TRADE,UP,ACCUM,5,5,0.3100,1.5500,5,0.3200,5,0.6300,5,0.9500,0.2500,0.00,0.2500,0.2500,0.0000,204.18,SUCCESS
2026-01-04T20:33:36.286368+00:00,btc-updown-15m-1767558600,TRADE,UP,ACCUM,5,5,0.3100,1.5500,10,0.3150,5,0.6300,5,0.9450,0.2750,0.50,-1.3000,3.7000,0.0000,201.03,SUCCESS
2026-01-04T20:35:03.506620+00:00,btc-updown-15m-1767558600,TRADE,DOWN,ACCUM,5,5,0.7800,3.9000,10,0.3150,5,0.6300,5,0.9450,0.2750,0.50,-1.3000,3.7000,0.0000,201.03,SUCCESS
2026-01-04T20:35:20.847890+00:00,btc-updown-15m-1767558600,TRADE,DOWN,ACCUM,5,5,0.7800,3.9000,10,0.3150,10,0.7050,10,1.0200,-0.2000,0.00,-0.2000,-0.2000,0.0000,195.58,SUCCESS
2026-01-04T20:35:26.658409+00:00,btc-updown-15m-1767558600,TRADE,DOWN,ACCUM,5,5,0.6900,3.4500,10,0.3150,10,0.7050,10,1.0200,-0.2000,0.00,-0.2000,-0.2000,0.0000,195.58,SUCCESS
2026-01-04T20:35:26.889944+00:00,btc-updown-15m-1767558600,TRADE,UP,ACCUM,5,5,0.2600,1.3000,10,0.3150,10,0.7050,10,1.0200,-0.2000,0.00,-0.2000,-0.2000,0.0000,195.58,SUCCESS
2026-01-04T20:35:50.816043+00:00,btc-updown-15m-1767558600,TRADE,DOWN,ACCUM,5,5,0.6900,3.4500,10,0.3150,15,0.7000,10,1.0150,-0.1500,0.33,-3.6500,1.3500,0.0000,192.13,SUCCESS
2026-01-04T20:36:31.688131+00:00,btc-updown-15m-1767558600,TRADE,UP,ACCUM,5,5,0.3000,1.5000,10,0.3150,15,0.7000,10,1.0150,-0.1500,0.33,-3.6500,1.3500,0.0000,192.13,SUCCESS
2026-01-04T20:36:37.650675+00:00,btc-updown-15m-1767558600,TRADE,UP,ACCUM,5,5,0.3000,1.5000,15,0.3100,15,0.7000,15,1.0100,-0.1500,0.00,-0.1500,-0.1500,0.0000,192.13,SUCCESS
2026-01-04T20:45:03.172475+00:00,btc-updown-15m-1767558600,RESOLUTION,DOWN,BINANCE_FALLBACK_SHARED,30,30,1.0000,15.1500,15,0.3100,15,0.7000,15,1.0100,-0.1500,0.00,0.0000,0.0000,-0.1500,192.13,RESOLVED
2026-01-04T20:45:22.468556+00:00,btc-updown-15m-1767559500,TRADE,DOWN,ACCUM,5,5,0.5900,2.9500,0,0.0000,0,0.0000,0,0.0000,0.0000,0.00,0.0000,0.0000,0.0000,192.13,SUCCESS
2026-01-04T20:45:23.444865+00:00,btc-updown-15m-1767559500,TRADE,UP,ACCUM,5,5,0.3400,1.7000,0,0.0000,0,0.0000,0,0.0000,0.0000,0.00,0.0000,0.0000,0.0000,192.13,SUCCESS
2026-01-04T20:45:29.682017+00:00,btc-updown-15m-1767559500,TRADE,UP,ACCUM,5,5,0.3400,1.7000,5,0.3400,0,0.0000,0,0.0000,0.0000,1.00,-1.7000,3.3000,0.0000,203.93,SUCCESS
2026-01-04T20:47:25.025559+00:00,btc-updown-15m-1767559500,TRADE,DOWN,ACCUM,5,5,0.6100,3.0500,5,0.3400,0,0.0000,0,0.0000,0.0000,1.00,-1.7000,3.3000,0.0000,203.93,SUCCESS
2026-01-04T20:47:48.284393+00:00,btc-updown-15m-1767559500,TRADE,DOWN,ACCUM,5,5,0.6100,3.0500,5,0.3400,5,0.6100,5,0.9500,0.2500,0.00,0.2500,0.2500,0.0000,203.93,SUCCESS
2026-01-04T20:47:54.102039+00:00,btc-updown-15m-1767559500,TRADE,UP,ACCUM,5,5,0.4700,2.3500,5,0.3400,5,0.6100,5,0.9500,0.2500,0.00,0.2500,0.2500,0.0000,203.93,SUCCESS
2026-01-04T20:47:54.352473+00:00,btc-updown-15m-1767559500,TRADE,DOWN,ACCUM,5,5,0.4600,2.3000,5,0.3400,5,0.6100,5,0.9500,0.2500,0.00,0.2500,0.2500,0.0000,203.93,SUCCESS
2026-01-04T20:48:18.324869+00:00,btc-updown-15m-1767559500,TRADE,UP,ACCUM,5,5,0.4700,2.3500,10,0.4050,5,0.6100,5,1.0150,-0.0750,0.50,-2.1000,2.9000,0.0000,215.88,SUCCESS
2026-01-04T20:49:56.693893+00:00,btc-updown-15m-1767559500,TRADE,DOWN,ACCUM,5,5,0.4800,2.4000,10,0.4050,5,0.6100,5,1.0150,-0.0750,0.50,-2.1000,2.9000,0.0000,215.88,SUCCESS
2026-01-04T20:50:08.412981+00:00,btc-updown-15m-1767559500,TRADE,DOWN,ACCUM,5,5,0.4800,2.4000,10,0.4050,10,0.5450,10,0.9500,0.5000,0.00,0.5000,0.5000,0.0000,211.13,SUCCESS
2026-01-04T20:50:14.315810+00:00,btc-updown-15m-1767559500,TRADE,DOWN,ACCUM,5,5,0.4800,2.4000,10,0.4050,10,0.5450,10,0.9500,0.5000,0.00,0.5000,0.5000,0.0000,211.13,SUCCESS
2026-01-04T20:50:14.579804+00:00,btc-updown-15m-1767559500,TRADE,UP,ACCUM,5,5,0.4700,2.3500,10,0.4050,10,0.5450,10,0.9500,0.5000,0.00,0.5000,0.5000,0.0000,211.13,SUCCESS
2026-01-04T20:50:20.954069+00:00,btc-updown-15m-1767559500,TRADE,DOWN,ACCUM,5,5,0.4800,2.4000,10,0.4050,15,0.5233,10,0.9283,0.7167,0.33,-1.9000,3.1000,0.0000,211.13,SUCCESS
2026-01-04T20:51:19.022470+00:00,btc-updown-15m-1767559500,TRADE,UP,ACCUM,5,5,0.5100,2.5500,10,0.4050,15,0.5233,10,0.9283,0.7167,0.33,-1.9000,3.1000,0.0000,211.13,SUCCESS
2026-01-04T20:52:22.525707+00:00,btc-updown-15m-1767559500,TRADE,UP,ACCUM,5,5,0.5500,2.7500,10,0.4050,15,0.5233,10,0.9283,0.7167,0.33,-1.9000,3.1000,0.0000,211.13,SUCCESS
2026-01-04T20:53:26.425703+00:00,btc-updown-15m-1767559500,TRADE,UP,ACCUM,5,5,0.5900,2.9500,10,0.4050,15,0.5233,10,0.9283,0.7167,0.33,-1.9000,3.1000,0.0000,211.13,SUCCESS
2026-01-04T20:54:30.077558+00:00,btc-updown-15m-1767559500,TRADE,UP,ACCUM,5,5,0.6300,3.1500,10,0.4050,15,0.5233,10,0.9283,0.7167,0.33,-1.9000,3.1000,0.0000,211.13,SUCCESS
2026-01-04T20:55:05.058872+00:00,btc-updown-15m-1767559500,TRADE,UP,ACCUM,5,5,0.6900,3.4500,10,0.4050,15,0.5233,10,0.9283,0.7167,0.33,-1.9000,3.1000,0.0000,211.13,SUCCESS
2026-01-04T20:55:40.266501+00:00,btc-updown-15m-1767559500,TRADE,UP,ACCUM,5,5,0.7500,3.7500,10,0.4050,15,0.5233,10,0.9283,0.7167,0.33,-1.9000,3.1000,0.0000,211.13,SUCCESS
2026-01-04T20:55:51.949003+00:00,btc-updown-15m-1767559500,TRADE,UP,ACCUM,5,5,0.7500,3.7500,15,0.5200,15,0.5233,15,1.0433,-0.6500,0.00,-0.6500,-0.6500,0.0000,208.73,SUCCESS
2026-01-04T21:00:02.377079+00:00,btc-updown-15m-1767559500,RESOLUTION,UP,BINANCE_FALLBACK_SHARED,30,30,1.0000,15.6500,15,0.5200,15,0.5233,15,1.0433,-0.6500,0.00,0.0000,0.0000,-0.6500,208.73,RESOLVED
2026-01-04T21:00:20.968241+00:00,btc-updown-15m-1767560400,TRADE,DOWN,ACCUM,5,5,0.5800,2.9000,0,0.0000,0,0.0000,0,0.0000,0.0000,0.00,0.0000,0.0000,0.0000,208.73,SUCCESS
2026-01-04T21:00:21.838259+00:00,btc-updown-15m-1767560400,TRADE,UP,ACCUM,5,5,0.3500,1.7500,0,0.0000,0,0.0000,0,0.0000,0.0000,0.00,0.0000,0.0000,0.0000,208.73,SUCCESS
2026-01-04T21:00:33.926473+00:00,btc-updown-15m-1767560400,TRADE,UP,ACCUM,5,5,0.3500,1.7500,5,0.3500,0,0.0000,0,0.0000,0.0000,1.00,-1.7500,3.2500,0.0000,203.23,SUCCESS
2026-01-04T21:00:39.876242+00:00,btc-updown-15m-1767560400,TRADE,DOWN,ACCUM,5,5,0.5800,2.9000,5,0.3500,5,0.5800,5,0.9300,0.3500,0.00,0.3500,0.3500,0.0000,203.23,SUCCESS
2026-01-04T21:00:45.712332+00:00,btc-updown-15m-1767560400,TRADE,DOWN,ACCUM,5,5,0.6400,3.2000,5,0.3500,5,0.5800,5,0.9300,0.3500,0.00,0.3500,0.3500,0.0000,203.23,SUCCESS
2026-01-04T21:00:45.958818+00:00,btc-updown-15m-1767560400,TRADE,UP,ACCUM,5,5,0.2800,1.4000,5,0.3500,5,0.5800,5,0.9300,0.3500,0.00,0.3500,0.3500,0.0000,203.23,SUCCESS
2026-01-04T21:01:45.662731+00:00,btc-updown-15m-1767560400,TRADE,UP,ACCUM,5,5,0.2800,1.4000,10,0.3150,5,0.5800,5,0.8950,0.5250,0.50,-1.0500,3.9500,0.0000,198.93,SUCCESS
2026-01-04T21:02:49.618150+00:00,btc-updown-15m-1767560400,TRADE,DOWN,ACCUM,5,5,0.6600,3.3000,10,0.3150,5,0.5800,5,0.8950,0.5250,0.50,-1.0500,3.9500,0.0000,198.93,SUCCESS
2026-01-04T21:03:07.092713+00:00,btc-updown-15m-1767560400,TRADE,DOWN,ACCUM,5,5,0.6600,3.3000,10,0.3150,10,0.6200,10,0.9350,0.6500,0.00,0.6500,0.6500,0.0000,198.93,SUCCESS
2026-01-04T21:03:12.857618+00:00,btc-updown-15m-1767560400,TRADE,DOWN,ACCUM,5,5,0.5000,2.5000,10,0.3150,10,0.6200,10,0.9350,0.6500,0.00,0.6500,0.6500,0.0000,198.93,SUCCESS
2026-01-04T21:03:13.097974+00:00,btc-updown-15m-1767560400,TRADE,UP,ACCUM,5,5,0.4200,2.1000,10,0.3150,10,0.6200,10,0.9350,0.6500,0.00,0.6500,0.6500,0.0000,198.93,SUCCESS
2026-01-04T21:03:19.287499+00:00,btc-updown-15m-1767560400,TRADE,DOWN,ACCUM,5,5,0.5000,2.5000,10,0.3150,15,0.5800,10,0.8950,1.0500,0.33,-1.8500,3.1500,0.0000,210.63,SUCCESS
2026-01-04T21:05:02.881271+00:00,btc-updown-15m-1767560400,TRADE,UP,ACCUM,5,5,0.6200,3.1000,10,0.3150,15,0.5800,10,0.8950,1.0500,0.33,-1.8500,3.1500,0.0000,210.63,SUCCESS
2026-01-04T21:06:06.403434+00:00,btc-updown-15m-1767560400,TRADE,UP,ACCUM,5,5,0.6600,3.3000,10,0.3150,15,0.5800,10,0.8950,1.0500,0.33,-1.8500,3.1500,0.0000,210.63,SUCCESS
2026-01-04T21:07:09.969721+00:00,btc-updown-15m-1767560400,TRADE,UP,ACCUM,5,5,0.7000,3.5000,10,0.3150,15,0.5800,10,0.8950,1.0500,0.33,-1.8500,3.1500,0.0000,210.63,SUCCESS
2026-01-04T21:08:13.760000+00:00,btc-updown-15m-1767560400,TRADE,UP,ACCUM,5,5,0.7400,3.7000,10,0.3150,15,0.5800,10,0.8950,1.0500,0.33,-1.8500,3.1500,0.0000,210.63,SUCCESS
2026-01-04T21:09:17.724586+00:00,btc-updown-15m-1767560400,TRADE,UP,ACCUM,5,5,0.7800,3.9000,10,0.3150,15,0.5800,10,0.8950,1.0500,0.33,-1.8500,3.1500,0.0000,210.63,SUCCESS
2026-01-04T21:10:04.466882+00:00,btc-updown-15m-1767560400,TRADE,UP,ACCUM,5,5,0.9000,4.5000,10,0.3150,15,0.5800,10,0.8950,1.0500,0.33,-1.8500,3.1500,0.0000,210.63,SUCCESS
2026-01-04T21:10:39.676296+00:00,btc-updown-15m-1767560400,TRADE,UP,ACCUM,5,5,0.9600,4.8000,10,0.3150,15,0.5800,10,0.8950,1.0500,0.33,-1.8500,3.1500,0.0000,210.63,SUCCESS
2026-01-04T21:12:57.289665+00:00,btc-updown-15m-1767560400,TRADE,UP,ACCUM,5,5,0.9600,4.8000,15,0.5300,15,0.5800,15,1.1100,-1.6500,0.00,-1.6500,-1.6500,0.0000,208.13,SUCCESS
2026-01-04T21:15:02.653411+00:00,btc-updown-15m-1767560400,RESOLUTION,UP,BINANCE_FALLBACK_SHARED,30,30,1.0000,16.6500,15,0.5300,15,0.5800,15,1.1100,-1.6500,0.00,0.0000,0.0000,-1.6500,208.13,RESOLVED
2026-01-04T21:15:21.560700+00:00,btc-updown-15m-1767561300,TRADE,DOWN,ACCUM,5,5,0.5000,2.5000,0,0.0000,0,0.0000,0,0.0000,0.0000,0.00,0.0000,0.0000,0.0000,208.13,SUCCESS
2026-01-04T21:15:23.301554+00:00,btc-updown-15m-1767561300,TRADE,UP,ACCUM,5,5,0.4300,2.1500,5,0.4300,0,0.0000,0,0.0000,0.0000,1.00,-2.1500,2.8500,0.0000,203.33,SUCCESS
2026-01-04T21:17:24.750510+00:00,btc-updown-15m-1767561300,TRADE,DOWN,ACCUM,5,5,0.5200,2.6000,5,0.4300,0,0.0000,0,0.0000,0.0000,1.00,-2.1500,2.8500,0.0000,203.33,SUCCESS
2026-01-04T21:19:31.380818+00:00,btc-updown-15m-1767561300,TRADE,DOWN,ACCUM,5,5,0.5400,2.7000,5,0.4300,0,0.0000,0,0.0000,0.0000,1.00,-2.1500,2.8500,0.0000,203.33,SUCCESS
2026-01-04T21:20:35.021117+00:00,btc-updown-15m-1767561300,TRADE,DOWN,ACCUM,5,5,0.5800,2.9000,5,0.4300,0,0.0000,0,0.0000,0.0000,1.00,-2.1500,2.8500,0.0000,203.33,SUCCESS
2026-01-04T21:21:38.737356+00:00,btc-updown-15m-1767561300,TRADE,DOWN,ACCUM,5,5,0.6200,3.1000,5,0.4300,0,0.0000,0,0.0000,0.0000,1.00,-2.1500,2.8500,0.0000,203.33,SUCCESS
2026-01-04T21:22:42.351702+00:00,btc-updown-15m-1767561300,TRADE,DOWN,ACCUM,5,5,0.6600,3.3000,5,0.4300,0,0.0000,0,0.0000,0.0000,1.00,-2.1500,2.8500,0.0000,203.33,SUCCESS
2026-01-04T21:23:46.443632+00:00,btc-updown-15m-1767561300,TRADE,DOWN,ACCUM,5,5,0.7000,3.5000,5,0.4300,0,0.0000,0,0.0000,0.0000,1.00,-2.1500,2.8500,0.0000,203.33,SUCCESS
2026-01-04T21:24:50.196709+00:00,btc-updown-15m-1767561300,TRADE,DOWN,ACCUM,5,5,0.7400,3.7000,5,0.4300,0,0.0000,0,0.0000,0.0000,1.00,-2.1500,2.8500,0.0000,203.33,SUCCESS
2026-01-04T21:25:25.126647+00:00,btc-updown-15m-1767561300,TRADE,DOWN,ACCUM,5,5,0.8000,4.0000,5,0.4300,0,0.0000,0,0.0000,0.0000,1.00,-2.1500,2.8500,0.0000,203.33,SUCCESS
2026-01-04T21:26:00.238390+00:00,btc-updown-15m-1767561300,TRADE,DOWN,ACCUM,5,5,0.8600,4.3000,5,0.4300,0,0.0000,0,0.0000,0.0000,1.00,-2.1500,2.8500,0.0000,203.33,SUCCESS
2026-01-04T21:26:29.079306+00:00,btc-updown-15m-1767561300,TRADE,DOWN,ACCUM,5,5,0.8600,4.3000,5,0.4300,5,0.8600,5,1.2900,-1.4500,0.00,-1.4500,-1.4500,0.0000,216.48,SUCCESS
2026-01-04T21:26:34.841888+00:00,btc-updown-15m-1767561300,TRADE,DOWN,ACCUM,10,10,0.8400,8.4000,5,0.4300,5,0.8600,5,1.2900,-1.4500,0.00,-1.4500,-1.4500,0.0000,216.48,SUCCESS
2026-01-04T21:26:35.075483+00:00,btc-updown-15m-1767561300,TRADE,UP,ACCUM,10,10,0.1200,1.2000,5,0.4300,5,0.8600,5,1.2900,-1.4500,0.00,-1.4500,-1.4500,0.0000,216.48,SUCCESS
2026-01-04T21:26:40.991593+00:00,btc-updown-15m-1767561300,TRADE,DOWN,ACCUM,10,10,0.8400,8.4000,5,0.4300,15,0.8467,5,1.2767,-1.3833,0.67,-9.8500,0.1500,0.0000,203.78,SUCCESS
2026-01-04T21:27:31.366355+00:00,btc-updown-15m-1767561300,TRADE,UP,ACCUM,10,10,0.1200,1.2000,15,0.2233,15,0.8467,15,1.0700,-1.0500,0.00,-1.0500,-1.0500,0.0000,203.78,SUCCESS
2026-01-04T21:30:01.760915+00:00,btc-updown-15m-1767561300,RESOLUTION,DOWN,BINANCE_FALLBACK_SHARED,30,30,1.0000,16.0500,15,0.2233,15,0.8467,15,1.0700,-1.0500,0.00,0.0000,0.0000,-1.0500,203.78,RESOLVED
2026-01-04T21:30:20.660743+00:00,btc-updown-15m-1767562200,TRADE,UP,ACCUM,5,5,0.4700,2.3500,0,0.0000,0,0.0000,0,0.0000,0.0000,0.00,0.0000,0.0000,0.0000,203.78,SUCCESS
2026-01-04T21:30:22.307657+00:00,btc-updown-15m-1767562200,TRADE,DOWN,ACCUM,5,5,0.4600,2.3000,0,0.0000,5,0.4600,0,0.0000,0.0000,1.00,-2.3000,2.7000,0.0000,202.58,SUCCESS
2026-01-04T21:32:22.380230+00:00,btc-updown-15m-1767562200,TRADE,UP,ACCUM,5,5,0.4700,2.3463,5,0.4700,5,0.4600,5,0.9300,0.3494,0.00,0.3458,0.3537,0.0000,200.53,SUCCESS
2026-01-04T21:32:28.121214+00:00,btc-updown-15m-1767562200,TRADE,DOWN,ACCUM,5,5,0.5000,2.5000,5,0.4700,5,0.4600,5,0.9300,0.3494,0.00,0.3458,0.3537,0.0000,200.53,SUCCESS
2026-01-04T21:32:28.337849+00:00,btc-updown-15m-1767562200,TRADE,UP,ACCUM,5,5,0.4300,2.1500,5,0.4700,5,0.4600,5,0.9300,0.3494,0.00,0.3458,0.3537,0.0000,200.53,SUCCESS
2026-01-04T21:32:46.387899+00:00,btc-updown-15m-1767562200,TRADE,UP,ACCUM,5,5,0.4300,2.1500,10,0.4500,5,0.4600,5,0.9100,0.4501,0.50,-1.7963,3.1958,0.0000,198.18,SUCCESS
2026-01-04T21:34:18.107816+00:00,btc-updown-15m-1767562200,TRADE,DOWN,ACCUM,5,5,0.5000,2.5000,10,0.4500,10,0.4800,10,0.9300,0.6996,0.00,0.6958,0.7037,0.0000,211.03,SUCCESS
2026-01-04T21:34:23.831577+00:00,btc-updown-15m-1767562200,TRADE,UP,ACCUM,5,5,0.5200,2.6000,10,0.4500,10,0.4800,10,0.9300,0.6996,0.00,0.6958,0.7037,0.0000,211.03,SUCCESS
2026-01-04T21:34:24.055862+00:00,btc-updown-15m-1767562200,TRADE,DOWN,ACCUM,5,5,0.4100,2.0500,10,0.4500,10,0.4800,10,0.9300,0.6996,0.00,0.6958,0.7037,0.0000,211.03,SUCCESS
2026-01-04T21:34:30.195850+00:00,btc-updown-15m-1767562200,TRADE,DOWN,ACCUM,5,5,0.4100,2.0500,10,0.4500,15,0.4567,10,0.9067,0.9328,0.33,-1.3542,3.6537,0.0000,208.53,SUCCESS
2026-01-04T21:35:28.336465+00:00,btc-updown-15m-1767562200,TRADE,UP,ACCUM,5,5,0.5600,2.8000,10,0.4500,15,0.4567,10,0.9067,0.9328,0.33,-1.3542,3.6537,0.0000,208.53,SUCCESS
2026-01-04T21:36:32.326920+00:00,btc-updown-15m-1767562200,TRADE,UP,ACCUM,5,5,0.6000,3.0000,10,0.4500,15,0.4567,10,0.9067,0.9328,0.33,-1.3542,3.6537,0.0000,208.53,SUCCESS
2026-01-04T21:37:35.946741+00:00,btc-updown-15m-1767562200,TRADE,UP,ACCUM,5,5,0.6400,3.2000,10,0.4500,15,0.4567,10,0.9067,0.9328,0.33,-1.3542,3.6537,0.0000,208.53,SUCCESS
2026-01-04T21:38:39.821917+00:00,btc-updown-15m-1767562200,TRADE,UP,ACCUM,5,5,0.6800,3.4000,10,0.4500,15,0.4567,10,0.9067,0.9328,0.33,-1.3542,3.6537,0.0000,208.53,SUCCESS
2026-01-04T21:38:45.745679+00:00,btc-updown-15m-1767562200,TRADE,UP,ACCUM,5,5,0.6800,3.4000,15,0.5267,15,0.4567,15,0.9834,0.2494,0.00,0.2458,0.2537,0.0000,203.08,SUCCESS
2026-01-04T21:45:02.354981+00:00,btc-updown-15m-1767562200,RESOLUTION,DOWN,BINANCE_FALLBACK_SHARED,30,30,1.0000,14.7463,15,0.5267,15,0.4567,15,0.9834,0.2494,0.00,0.0000,0.0000,0.2537,203.08,RESOLVED
2026-01-04T21:45:20.853877+00:00,btc-updown-15m-1767563100,TRADE,DOWN,ACCUM,5,5,0.4800,2.4000,0,0.0000,0,0.0000,0,0.0000,0.0000,0.00,0.0000,0.0000,0.0000,203.08,SUCCESS
2026-01-04T21:45:21.822372+00:00,btc-updown-15m-1767563100,TRADE,UP,ACCUM,5,5,0.4400,2.2000,0,0.0000,0,0.0000,0,0.0000,0.0000,0.00,0.0000,0.0000,0.0000,203.08,SUCCESS
2026-01-04T21:45:45.934723+00:00,btc-updown-15m-1767563100,TRADE,UP,ACCUM,5,5,0.4400,2.2000,5,0.4400,0,0.0000,0,0.0000,0.0000,1.00,-2.2000,2.8000,0.0000,203.08,SUCCESS
2026-01-04T21:46:15.257127+00:00,btc-updown-15m-1767563100,TRADE,DOWN,ACCUM,5,5,0.4800,2.4000,5,0.4400,5,0.4800,5,0.9200,0.4000,0.00,0.4000,0.4000,0.0000,200.88,SUCCESS
2026-01-04T21:46:20.983523+00:00,btc-updown-15m-1767563100,TRADE,UP,ACCUM,5,5,0.5000,2.5000,5,0.4400,5,0.4800,5,0.9200,0.4000,0.00,0.4000,0.4000,0.0000,200.88,SUCCESS
2026-01-04T21:46:21.231738+00:00,btc-updown-15m-1767563100,TRADE,DOWN,ACCUM,5,5,0.4300,2.1500,5,0.4400,5,0.4800,5,0.9200,0.4000,0.00,0.4000,0.4000,0.0000,200.88,SUCCESS
2026-01-04T21:46:33.181419+00:00,btc-updown-15m-1767563100,TRADE,DOWN,ACCUM,5,5,0.4300,2.1500,5,0.4400,10,0.4550,5,0.8950,0.5250,0.50,-1.7500,3.2500,0.0000,198.48,SUCCESS
2026-01-04T21:46:33.640890+00:00,btc-updown-15m-1767563100,TRADE,UP,ACCUM,5,5,0.5000,2.5000,10,0.4700,10,0.4550,10,0.9250,0.7500,0.00,0.7500,0.7500,0.0000,196.33,SUCCESS
2026-01-04T21:46:39.657334+00:00,btc-updown-15m-1767563100,TRADE,DOWN,ACCUM,5,5,0.5000,2.5000,10,0.4700,10,0.4550,10,0.9250,0.7500,0.00,0.7500,0.7500,0.0000,196.33,SUCCESS
2026-01-04T21:46:40.621411+00:00,btc-updown-15m-1767563100,TRADE,UP,ACCUM,5,5,0.4300,2.1500,15,0.4567,10,0.4550,10,0.9117,0.8833,0.33,-1.4000,3.6000,0.0000,193.83,SUCCESS
2026-01-04T21:48:41.479645+00:00,btc-updown-15m-1767563100,TRADE,DOWN,ACCUM,5,5,0.5200,2.6000,15,0.4567,10,0.4550,10,0.9117,0.8833,0.33,-1.4000,3.6000,0.0000,193.83,SUCCESS
2026-01-04T21:50:02.289819+00:00,btc-updown-15m-1767563100,TRADE,DOWN,ACCUM,5,5,0.6000,3.0000,15,0.4567,10,0.4550,10,0.9117,0.8833,0.33,-1.4000,3.6000,0.0000,193.83,SUCCESS
2026-01-04T21:50:08.255968+00:00,btc-updown-15m-1767563100,TRADE,DOWN,ACCUM,5,5,0.6000,3.0000,15,0.4567,15,0.5033,15,0.9600,0.6000,0.00,0.6000,0.6000,0.0000,191.78,SUCCESS
2026-01-04T22:00:04.016323+00:00,btc-updown-15m-1767563100,RESOLUTION,UP,BINANCE_FALLBACK_SHARED,30,30,1.0000,14.4000,15,0.4567,15,0.5033,15,0.9600,0.6000,0.00,0.0000,0.0000,0.6000,191.78,RESOLVED
2026-01-04T22:00:31.069358+00:00,btc-updown-15m-1767564000,TRADE,DOWN,ACCUM,5,5,0.6200,3.1000,0,0.0000,0,0.0000,0,0.0000,0.0000,0.00,0.0000,0.0000,0.0000,191.78,SUCCESS
2026-01-04T22:00:31.924001+00:00,btc-updown-15m-1767564000,TRADE,UP,ACCUM,5,5,0.3100,1.5500,0,0.0000,0,0.0000,0,0.0000,0.0000,0.00,0.0000,0.0000,0.0000,191.78,SUCCESS
2026-01-04T22:00:38.138754+00:00,btc-updown-15m-1767564000,TRADE,UP,ACCUM,5,5,0.3100,1.5500,5,0.3100,0,0.0000,0,0.0000,0.0000,1.00,-1.5500,3.4500,0.0000,188.78,SUCCESS
2026-01-04T22:01:12.921609+00:00,btc-updown-15m-1767564000,TRADE,DOWN,ACCUM,5,5,0.6200,3.0967,5,0.3100,5,0.6200,5,0.9300,0.3496,0.00,0.3480,0.3533,0.0000,187.23,SUCCESS
2026-01-04T22:01:18.678315+00:00,btc-updown-15m-1767564000,TRADE,DOWN,ACCUM,5,5,0.5200,2.6000,5,0.3100,5,0.6200,5,0.9300,0.3496,0.00,0.3480,0.3533,0.0000,187.23,SUCCESS
2026-01-04T22:01:18.900673+00:00,btc-updown-15m-1767564000,TRADE,UP,ACCUM,5,5,0.4100,2.0500,5,0.3100,5,0.6200,5,0.9300,0.3496,0.00,0.3480,0.3533,0.0000,187.23,SUCCESS
2026-01-04T22:01:25.068055+00:00,btc-updown-15m-1767564000,TRADE,DOWN,ACCUM,5,5,0.5200,2.6000,5,0.3100,10,0.5700,5,0.8800,0.6001,0.50,-2.2467,2.7480,0.0000,184.14,SUCCESS
2026-01-04T22:03:20.120161+00:00,btc-updown-15m-1767564000,TRADE,UP,ACCUM,5,5,0.4300,2.1500,5,0.3100,10,0.5700,5,0.8800,0.6001,0.50,-2.2467,2.7480,0.0000,184.14,SUCCESS
2026-01-04T22:05:05.004261+00:00,btc-updown-15m-1767564000,TRADE,UP,ACCUM,5,5,0.6300,3.1500,5,0.3100,10,0.5700,5,0.8800,0.6001,0.50,-2.2467,2.7480,0.0000,184.14,SUCCESS
2026-01-04T22:06:08.458065+00:00,btc-updown-15m-1767564000,TRADE,UP,ACCUM,5,5,0.6700,3.3500,5,0.3100,10,0.5700,5,0.8800,0.6001,0.50,-2.2467,2.7480,0.0000,184.14,SUCCESS
2026-01-04T22:07:14.128748+00:00,btc-updown-15m-1767564000,TRADE,UP,ACCUM,5,5,0.7100,3.5500,5,0.3100,10,0.5700,5,0.8800,0.6001,0.50,-2.2467,2.7480,0.0000,184.14,SUCCESS
2026-01-04T22:08:17.900326+00:00,btc-updown-15m-1767564000,TRADE,UP,ACCUM,5,5,0.7500,3.7500,5,0.3100,10,0.5700,5,0.8800,0.6001,0.50,-2.2467,2.7480,0.0000,184.14,SUCCESS
2026-01-04T22:09:22.270430+00:00,btc-updown-15m-1767564000,TRADE,UP,ACCUM,5,5,0.7900,3.9500,5,0.3100,10,0.5700,5,0.8800,0.6001,0.50,-2.2467,2.7480,0.0000,184.14,SUCCESS
2026-01-04T22:10:03.385837+00:00,btc-updown-15m-1767564000,TRADE,UP,ACCUM,5,5,0.9000,4.5000,5,0.3100,10,0.5700,5,0.8800,0.6001,0.50,-2.2467,2.7480,0.0000,184.14,SUCCESS
2026-01-04T22:10:38.431409+00:00,btc-updown-15m-1767564000,TRADE,UP,ACCUM,5,5,0.9100,4.5500,5,0.3100,10,0.5700,5,0.8800,0.6001,0.50,-2.2467,2.7480,0.0000,184.14,SUCCESS
2026-01-04T22:11:19.378899+00:00,btc-updown-15m-1767564000,TRADE,UP,ACCUM,5,5,0.9200,4.6000,5,0.3100,10,0.5700,5,0.8800,0.6001,0.50,-2.2467,2.7480,0.0000,184.14,SUCCESS
2026-01-04T22:11:55.343899+00:00,btc-updown-15m-1767564000,TRADE,UP,ACCUM,5,5,0.9500,4.7500,5,0.3100,10,0.5700,5,0.8800,0.6001,0.50,-2.2467,2.7480,0.0000,184.14,SUCCESS
2026-01-04T22:13:02.977405+00:00,btc-updown-15m-1767564000,TRADE,UP,ACCUM,5,5,0.9500,4.7500,10,0.6300,10,0.5700,10,1.2000,-1.9987,0.00,-2.0020,-1.9967,0.0000,181.54,SUCCESS
2026-01-04T22:13:08.799876+00:00,btc-updown-15m-1767564000,TRADE,DOWN,ACCUM,5,5,0.7500,3.7539,10,0.6300,10,0.5700,10,1.2000,-1.9987,0.00,-2.0020,-1.9967,0.0000,181.54,SUCCESS
2026-01-04T22:13:09.536943+00:00,btc-updown-15m-1767564000,TRADE,UP,ACCUM,5,5,0.2300,1.1500,10,0.6300,10,0.5700,10,1.2000,-1.9987,0.00,-2.0020,-1.9967,0.0000,181.54,SUCCESS
2026-01-04T22:13:26.418429+00:00,btc-updown-15m-1767564000,TRADE,DOWN,ACCUM,5,5,0.7500,3.7500,10,0.6300,15,0.6300,10,1.2600,-2.6000,0.33,-5.7467,-0.7520,0.0000,171.89,SUCCESS
2026-01-04T22:13:26.844038+00:00,btc-updown-15m-1767564000,TRADE,UP,ACCUM,5,5,0.2300,1.1488,15,0.4968,15,0.6300,15,1.1268,-1.9008,0.00,-1.9008,-1.9008,0.0000,171.89,SUCCESS
2026-01-04T22:15:03.658113+00:00,btc-updown-15m-1767564000,RESOLUTION,DOWN,BINANCE_FALLBACK_SHARED,30,30,1.0000,16.8955,15,0.4968,15,0.6300,15,1.1268,-1.9008,0.00,0.0000,0.0000,-1.9008,171.89,RESOLVED
2026-01-04T22:15:22.163539+00:00,btc-updown-15m-1767564900,TRADE,DOWN,ACCUM,5,5,0.5600,2.8000,0,0.0000,0,0.0000,0,0.0000,0.0000,0.00,0.0000,0.0000,0.0000,171.89,SUCCESS
2026-01-04T22:15:23.072355+00:00,btc-updown-15m-1767564900,TRADE,UP,ACCUM,5,5,0.3700,1.8500,0,0.0000,0,0.0000,0,0.0000,0.0000,0.00,0.0000,0.0000,0.0000,171.89,SUCCESS
2026-01-04T22:15:29.230185+00:00,btc-updown-15m-1767564900,TRADE,UP,ACCUM,5,5,0.3700,1.8500,5,0.3700,0,0.0000,0,0.0000,0.0000,1.00,-1.8500,3.1500,0.0000,171.89,SUCCESS
2026-01-04T22:16:03.798217+00:00,btc-updown-15m-1767564900,TRADE,DOWN,ACCUM,5,5,0.5600,2.8000,5,0.3700,5,0.5600,5,0.9300,0.3500,0.00,0.3500,0.3500,0.0000,170.04,SUCCESS
2026-01-04T22:16:09.526378+00:00,btc-updown-15m-1767564900,TRADE,DOWN,ACCUM,5,5,0.4900,2.4500,5,0.3700,5,0.5600,5,0.9300,0.3500,0.00,0.3500,0.3500,0.0000,170.04,SUCCESS
2026-01-04T22:16:09.747139+00:00,btc-updown-15m-1767564900,TRADE,UP,ACCUM,5,5,0.4400,2.2000,5,0.3700,5,0.5600,5,0.9300,0.3500,0.00,0.3500,0.3500,0.0000,170.04,SUCCESS
2026-01-04T22:16:15.827795+00:00,btc-updown-15m-1767564900,TRADE,DOWN,ACCUM,5,5,0.4900,2.4500,5,0.3700,10,0.5250,5,0.8950,0.5250,0.50,-2.1000,2.9000,0.0000,167.24,SUCCESS
2026-01-04T22:18:10.814713+00:00,btc-updown-15m-1767564900,TRADE,UP,ACCUM,5,5,0.4600,2.3000,5,0.3700,10,0.5250,5,0.8950,0.5250,0.50,-2.1000,2.9000,0.0000,167.24,SUCCESS
2026-01-04T22:20:06.555457+00:00,btc-updown-15m-1767564900,TRADE,UP,ACCUM,5,5,0.7000,3.5000,5,0.3700,10,0.5250,5,0.8950,0.5250,0.50,-2.1000,2.9000,0.0000,167.24,SUCCESS
2026-01-04T22:20:12.589562+00:00,btc-updown-15m-1767564900,TRADE,UP,ACCUM,5,5,0.7000,3.5000,10,0.5350,10,0.5250,10,1.0600,-0.6000,0.00,-0.6000,-0.6000,0.0000,164.79,SUCCESS
2026-01-04T22:20:18.298964+00:00,btc-updown-15m-1767564900,TRADE,UP,ACCUM,5,5,0.6800,3.4000,10,0.5350,10,0.5250,10,1.0600,-0.6000,0.00,-0.6000,-0.6000,0.0000,164.79,SUCCESS
2026-01-04T22:20:18.523164+00:00,btc-updown-15m-1767564900,TRADE,DOWN,ACCUM,5,5,0.2700,1.3500,10,0.5350,10,0.5250,10,1.0600,-0.6000,0.00,-0.6000,-0.6000,0.0000,164.79,SUCCESS
2026-01-04T22:20:24.705813+00:00,btc-updown-15m-1767564900,TRADE,DOWN,ACCUM,5,5,0.2700,1.3500,10,0.5350,15,0.4400,10,0.9750,0.2500,0.33,-1.9500,3.0500,0.0000,161.29,SUCCESS
2026-01-04T22:21:22.652812+00:00,btc-updown-15m-1767564900,TRADE,UP,ACCUM,5,5,0.7200,3.6000,10,0.5350,15,0.4400,10,0.9750,0.2500,0.33,-1.9500,3.0500,0.0000,161.29,SUCCESS
2026-01-04T22:22:26.991453+00:00,btc-updown-15m-1767564900,TRADE,UP,ACCUM,5,5,0.7600,3.8000,10,0.5350,15,0.4400,10,0.9750,0.2500,0.33,-1.9500,3.0500,0.0000,161.29,SUCCESS
2026-01-04T22:22:38.767938+00:00,btc-updown-15m-1767564900,TRADE,UP,ACCUM,5,5,0.7600,3.8000,15,0.6100,15,0.4400,15,1.0500,-0.7500,0.00,-0.7500,-0.7500,0.0000,204.93,SUCCESS
2026-01-04T22:30:04.283421+00:00,btc-updown-15m-1767564900,RESOLUTION,UP,BINANCE_FALLBACK_SHARED,30,30,1.0000,15.7500,15,0.6100,15,0.4400,15,1.0500,-0.7500,0.00,0.0000,0.0000,-0.7500,204.93,RESOLVED
2026-01-04T22:30:23.453487+00:00,btc-updown-15m-1767565800,TRADE,DOWN,ACCUM,5,5,0.4700,2.3500,0,0.0000,0,0.0000,0,0.0000,0.0000,0.00,0.0000,0.0000,0.0000,204.93,SUCCESS
2026-01-04T22:30:24.356694+00:00,btc-updown-15m-1767565800,TRADE,UP,ACCUM,5,5,0.4600,2.3000,0,0.0000,0,0.0000,0,0.0000,0.0000,0.00,0.0000,0.0000,0.0000,204.93,SUCCESS
2026-01-04T22:31:06.331009+00:00,btc-updown-15m-1767565800,TRADE,UP,ACCUM,5,5,0.4600,2.3000,5,0.4600,0,0.0000,0,0.0000,0.0000,1.00,-2.3000,2.7000,0.0000,198.83,SUCCESS
2026-01-04T22:31:23.888270+00:00,btc-updown-15m-1767565800,TRADE,DOWN,ACCUM,5,5,0.4700,2.3500,5,0.4600,5,0.4700,5,0.9300,0.3500,0.00,0.3500,0.3500,0.0000,198.83,SUCCESS
2026-01-04T22:31:29.707063+00:00,btc-updown-15m-1767565800,TRADE,UP,ACCUM,5,5,0.5100,2.5500,5,0.4600,5,0.4700,5,0.9300,0.3500,0.00,0.3500,0.3500,0.0000,198.83,SUCCESS
2026-01-04T22:31:30.024456+00:00,btc-updown-15m-1767565800,TRADE,DOWN,ACCUM,5,5,0.4200,2.1000,5,0.4600,5,0.4700,5,0.9300,0.3500,0.00,0.3500,0.3500,0.0000,198.83,SUCCESS
2026-01-04T22:32:35.732229+00:00,btc-updown-15m-1767565800,TRADE,UP,ACCUM,5,5,0.5100,2.5500,10,0.4850,5,0.4700,5,0.9550,0.2250,0.50,-2.2000,2.8000,0.0000,193.93,SUCCESS
2026-01-04T22:33:04.990106+00:00,btc-updown-15m-1767565800,TRADE,DOWN,ACCUM,5,5,0.4200,2.1000,10,0.4850,10,0.4450,10,0.9300,0.7000,0.00,0.7000,0.7000,0.0000,193.93,SUCCESS
2026-01-04T22:33:10.693616+00:00,btc-updown-15m-1767565800,TRADE,DOWN,ACCUM,5,5,0.6100,3.0500,10,0.4850,10,0.4450,10,0.9300,0.7000,0.00,0.7000,0.7000,0.0000,193.93,SUCCESS
2026-01-04T22:33:11.005626+00:00,btc-updown-15m-1767565800,TRADE,UP,ACCUM,5,5,0.3200,1.6000,10,0.4850,10,0.4450,10,0.9300,0.7000,0.00,0.7000,0.7000,0.0000,193.93,SUCCESS
2026-01-04T22:33:29.147554+00:00,btc-updown-15m-1767565800,TRADE,UP,ACCUM,5,5,0.3200,1.5981,15,0.4300,10,0.4450,10,0.8750,1.2496,0.33,-0.8981,4.0960,0.0000,190.24,SUCCESS
2026-01-04T22:35:02.239208+00:00,btc-updown-15m-1767565800,TRADE,DOWN,ACCUM,5,5,0.6700,3.3500,15,0.4300,10,0.4450,10,0.8750,1.2496,0.33,-0.8981,4.0960,0.0000,190.24,SUCCESS
2026-01-04T22:35:08.182873+00:00,btc-updown-15m-1767565800,TRADE,DOWN,ACCUM,5,5,0.6700,3.3500,15,0.4300,15,0.5200,15,0.9500,0.7491,0.00,0.7460,0.7519,0.0000,201.89,SUCCESS
2026-01-04T22:45:01.786972+00:00,btc-updown-15m-1767565800,RESOLUTION,DOWN,BINANCE_FALLBACK_SHARED,30,30,1.0000,14.2481,15,0.4300,15,0.5200,15,0.9500,0.7491,0.00,0.0000,0.0000,0.7519,201.89,RESOLVED
2026-01-04T22:45:20.614675+00:00,btc-updown-15m-1767566700,TRADE,DOWN,ACCUM,5,5,0.4900,2.4500,0,0.0000,0,0.0000,0,0.0000,0.0000,0.00,0.0000,0.0000,0.0000,201.89,SUCCESS
2026-01-04T22:45:21.482882+00:00,btc-updown-15m-1767566700,TRADE,UP,ACCUM,5,5,0.4400,2.2000,0,0.0000,0,0.0000,0,0.0000,0.0000,0.00,0.0000,0.0000,0.0000,201.89,SUCCESS
2026-01-04T22:45:39.445203+00:00,btc-updown-15m-1767566700,TRADE,UP,ACCUM,5,5,0.4400,2.2000,5,0.4400,0,0.0000,0,0.0000,0.0000,1.00,-2.2000,2.8000,0.0000,201.89,SUCCESS
2026-01-04T22:45:51.118668+00:00,btc-updown-15m-1767566700,TRADE,DOWN,ACCUM,5,5,0.4900,2.4500,5,0.4400,5,0.4900,5,0.9300,0.3500,0.00,0.3500,0.3500,0.0000,199.69,SUCCESS
2026-01-04T22:45:56.812109+00:00,btc-updown-15m-1767566700,TRADE,UP,ACCUM,5,5,0.4800,2.4000,5,0.4400,5,0.4900,5,0.9300,0.3500,0.00,0.3500,0.3500,0.0000,199.69,SUCCESS
2026-01-04T22:45:57.046909+00:00,btc-updown-15m-1767566700,TRADE,DOWN,ACCUM,5,5,0.4500,2.2500,5,0.4400,5,0.4900,5,0.9300,0.3500,0.00,0.3500,0.3500,0.0000,199.69,SUCCESS
2026-01-04T22:46:39.067821+00:00,btc-updown-15m-1767566700,TRADE,DOWN,ACCUM,5,5,0.4500,2.2500,5,0.4400,10,0.4700,5,0.9100,0.4500,0.50,-1.9000,3.1000,0.0000,197.24,SUCCESS
2026-01-04T22:47:59.824806+00:00,btc-updown-15m-1767566700,TRADE,UP,ACCUM,5,5,0.5000,2.5000,5,0.4400,10,0.4700,5,0.9100,0.4500,0.50,-1.9000,3.1000,0.0000,197.24,SUCCESS
2026-01-04T22:50:01.877047+00:00,btc-updown-15m-1767566700,TRADE,UP,ACCUM,5,5,0.5900,2.9500,10,0.5150,10,0.4700,10,0.9850,0.1500,0.00,0.1500,0.1500,0.0000,194.99,SUCCESS
2026-01-04T22:50:07.698367+00:00,btc-updown-15m-1767566700,TRADE,UP,ACCUM,5,5,0.5600,2.8000,10,0.5150,10,0.4700,10,0.9850,0.1500,0.00,0.1500,0.1500,0.0000,194.99,SUCCESS
2026-01-04T22:50:07.927758+00:00,btc-updown-15m-1767566700,TRADE,DOWN,ACCUM,5,5,0.3800,1.9000,10,0.5150,10,0.4700,10,0.9850,0.1500,0.00,0.1500,0.1500,0.0000,194.99,SUCCESS
2026-01-04T22:50:25.771535+00:00,btc-updown-15m-1767566700,TRADE,UP,ACCUM,5,5,0.5600,2.8000,15,0.5300,10,0.4700,10,1.0000,0.0000,0.33,-2.6500,2.3500,0.0000,192.04,SUCCESS
2026-01-04T22:51:12.760780+00:00,btc-updown-15m-1767566700,TRADE,DOWN,ACCUM,5,5,0.4200,2.1000,15,0.5300,10,0.4700,10,1.0000,0.0000,0.33,-2.6500,2.3500,0.0000,192.04,SUCCESS
2026-01-04T22:51:41.671539+00:00,btc-updown-15m-1767566700,TRADE,DOWN,ACCUM,5,5,0.4200,2.1000,15,0.5300,15,0.4533,15,0.9833,0.2500,0.00,0.2500,0.2500,0.0000,187.14,SUCCESS
2026-01-04T23:00:02.711468+00:00,btc-updown-15m-1767566700,RESOLUTION,UP,BINANCE_FALLBACK_SHARED,30,30,1.0000,14.7500,15,0.5300,15,0.4533,15,0.9833,0.2500,0.00,0.0000,0.0000,0.2500,187.14,RESOLVED
2026-01-04T23:00:21.121837+00:00,btc-updown-15m-1767567600,TRADE,UP,ACCUM,5,5,0.6100,3.0500,0,0.0000,0,0.0000,0,0.0000,0.0000,0.00,0.0000,0.0000,0.0000,187.14,SUCCESS
2026-01-04T23:00:22.032230+00:00,btc-updown-15m-1767567600,TRADE,DOWN,ACCUM,5,5,0.3200,1.6000,0,0.0000,0,0.0000,0,0.0000,0.0000,0.00,0.0000,0.0000,0.0000,187.14,SUCCESS
2026-01-04T23:00:34.228800+00:00,btc-updown-15m-1767567600,TRADE,DOWN,ACCUM,5,5,0.3200,1.6000,0,0.0000,5,0.3200,0,0.0000,0.0000,1.00,-1.6000,3.4000,0.0000,200.54,SUCCESS
2026-01-04T23:02:23.990327+00:00,btc-updown-15m-1767567600,TRADE,UP,ACCUM,5,5,0.6300,3.1500,0,0.0000,5,0.3200,0,0.0000,0.0000,1.00,-1.6000,3.4000,0.0000,200.54,SUCCESS
2026-01-04T23:04:25.353888+00:00,btc-updown-15m-1767567600,TRADE,UP,ACCUM,5,5,0.6500,3.2500,0,0.0000,5,0.3200,0,0.0000,0.0000,1.00,-1.6000,3.4000,0.0000,200.54,SUCCESS
2026-01-04T23:05:29.240675+00:00,btc-updown-15m-1767567600,TRADE,UP,ACCUM,5,5,0.6900,3.4500,0,0.0000,5,0.3200,0,0.0000,0.0000,1.00,-1.6000,3.4000,0.0000,200.54,SUCCESS
2026-01-04T23:06:32.854000+00:00,btc-updown-15m-1767567600,TRADE,UP,ACCUM,5,5,0.7300,3.6500,0,0.0000,5,0.3200,0,0.0000,0.0000,1.00,-1.6000,3.4000,0.0000,200.54,SUCCESS
2026-01-04T23:07:36.274285+00:00,btc-updown-15m-1767567600,TRADE,UP,ACCUM,5,5,0.7700,3.8500,0,0.0000,5,0.3200,0,0.0000,0.0000,1.00,-1.6000,3.4000,0.0000,200.54,SUCCESS
2026-01-04T23:08:38.894325+00:00,btc-updown-15m-1767567600,TRADE,UP,ACCUM,5,5,0.8100,4.0500,0,0.0000,5,0.3200,0,0.0000,0.0000,1.00,-1.6000,3.4000,0.0000,200.54,SUCCESS
2026-01-04T23:10:42.781395+00:00,btc-updown-15m-1767567600,TRADE,UP,ACCUM,5,5,0.9000,4.5000,0,0.0000,5,0.3200,0,0.0000,0.0000,1.00,-1.6000,3.4000,0.0000,200.54,SUCCESS
2026-01-04T23:13:01.011742+00:00,btc-updown-15m-1767567600,TRADE,UP,ACCUM,5,5,0.9200,4.6000,0,0.0000,5,0.3200,0,0.0000,0.0000,1.00,-1.6000,3.4000,0.0000,200.54,SUCCESS
2026-01-04T23:15:05.556381+00:00,btc-updown-15m-1767567600,RESOLUTION,UP,BINANCE_FALLBACK_SHARED,5,5,1.0000,1.6000,0,0.0000,5,0.3200,0,0.0000,0.0000,1.00,0.0000,0.0000,-1.6000,200.54,RESOLVED
2026-01-04T23:15:25.959742+00:00,btc-updown-15m-1767568500,TRADE,UP,ACCUM,5,5,0.5100,2.5500,0,0.0000,0,0.0000,0,0.0000,0.0000,0.00,0.0000,0.0000,0.0000,200.54,SUCCESS
2026-01-04T23:15:26.874306+00:00,btc-updown-15m-1767568500,TRADE,DOWN,ACCUM,5,5,0.4200,2.1000,0,0.0000,0,0.0000,0,0.0000,0.0000,0.00,0.0000,0.0000,0.0000,200.54,SUCCESS
2026-01-04T23:15:32.988441+00:00,btc-updown-15m-1767568500,TRADE,UP,ACCUM,5,5,0.5100,2.5500,5,0.5100,0,0.0000,0,0.0000,0.0000,1.00,-2.5500,2.4500,0.0000,212.99,SUCCESS
2026-01-04T23:17:16.197544+00:00,btc-updown-15m-1767568500,TRADE,DOWN,ACCUM,5,5,0.4200,2.1000,5,0.5100,5,0.4200,5,0.9300,0.3500,0.00,0.3500,0.3500,0.0000,210.89,SUCCESS
2026-01-04T23:17:21.966812+00:00,btc-updown-15m-1767568500,TRADE,DOWN,ACCUM,5,5,0.4900,2.4500,5,0.5100,5,0.4200,5,0.9300,0.3500,0.00,0.3500,0.3500,0.0000,210.89,SUCCESS
2026-01-04T23:17:22.200847+00:00,btc-updown-15m-1767568500,TRADE,UP,ACCUM,5,5,0.4400,2.2000,5,0.5100,5,0.4200,5,0.9300,0.3500,0.00,0.3500,0.3500,0.0000,210.89,SUCCESS
2026-01-04T23:17:34.102013+00:00,btc-updown-15m-1767568500,TRADE,DOWN,ACCUM,5,5,0.4900,2.4500,5,0.5100,10,0.4550,5,0.9650,0.1750,0.50,-2.1000,2.9000,0.0000,210.89,SUCCESS
2026-01-04T23:17:40.206793+00:00,btc-updown-15m-1767568500,TRADE,UP,ACCUM,5,5,0.4400,2.2000,10,0.4750,10,0.4550,10,0.9300,0.7000,0.00,0.7000,0.7000,0.0000,206.24,SUCCESS
2026-01-04T23:17:45.953612+00:00,btc-updown-15m-1767568500,TRADE,UP,ACCUM,5,5,0.5200,2.6000,10,0.4750,10,0.4550,10,0.9300,0.7000,0.00,0.7000,0.7000,0.0000,206.24,SUCCESS
2026-01-04T23:17:46.203499+00:00,btc-updown-15m-1767568500,TRADE,DOWN,ACCUM,5,5,0.4100,2.0500,10,0.4750,10,0.4550,10,0.9300,0.7000,0.00,0.7000,0.7000,0.0000,206.24,SUCCESS
2026-01-04T23:17:58.211548+00:00,btc-updown-15m-1767568500,TRADE,UP,ACCUM,5,5,0.5200,2.6000,15,0.4900,10,0.4550,10,0.9450,0.5500,0.33,-1.9000,3.1000,0.0000,203.64,SUCCESS
2026-01-04T23:19:35.999864+00:00,btc-updown-15m-1767568500,TRADE,DOWN,ACCUM,5,5,0.4100,2.0500,15,0.4900,15,0.4400,15,0.9300,1.0500,0.00,1.0500,1.0500,0.0000,203.64,SUCCESS
2026-01-04T23:30:01.628475+00:00,btc-updown-15m-1767568500,RESOLUTION,UP,BINANCE_FALLBACK_SHARED,30,30,1.0000,13.9500,15,0.4900,15,0.4400,15,0.9300,1.0500,0.00,0.0000,0.0000,1.0500,203.64,RESOLVED
2026-01-04T23:30:19.964496+00:00,btc-updown-15m-1767569400,TRADE,DOWN,ACCUM,5,5,0.5100,2.5500,0,0.0000,0,0.0000,0,0.0000,0.0000,0.00,0.0000,0.0000,0.0000,203.64,SUCCESS
2026-01-04T23:30:20.815552+00:00,btc-updown-15m-1767569400,TRADE,UP,ACCUM,5,5,0.4200,2.1000,0,0.0000,0,0.0000,0,0.0000,0.0000,0.00,0.0000,0.0000,0.0000,203.64,SUCCESS
2026-01-04T23:30:26.807975+00:00,btc-updown-15m-1767569400,TRADE,DOWN,ACCUM,5,5,0.5100,2.5500,0,0.0000,5,0.5100,0,0.0000,0.0000,1.00,-2.5500,2.4500,0.0000,199.04,SUCCESS
2026-01-04T23:30:27.224430+00:00,btc-updown-15m-1767569400,TRADE,UP,ACCUM,5,5,0.4200,2.1000,5,0.4200,5,0.5100,5,0.9300,0.3500,0.00,0.3500,0.3500,0.0000,199.04,SUCCESS
2026-01-04T23:30:32.939814+00:00,btc-updown-15m-1767569400,TRADE,UP,ACCUM,5,5,0.4600,2.3000,5,0.4200,5,0.5100,5,0.9300,0.3500,0.00,0.3500,0.3500,0.0000,199.04,SUCCESS
2026-01-04T23:30:33.169048+00:00,btc-updown-15m-1767569400,TRADE,DOWN,ACCUM,5,5,0.4500,2.2500,5,0.4200,5,0.5100,5,0.9300,0.3500,0.00,0.3500,0.3500,0.0000,199.04,SUCCESS
2026-01-04T23:30:39.435263+00:00,btc-updown-15m-1767569400,TRADE,UP,ACCUM,5,5,0.4600,2.3000,10,0.4400,5,0.5100,5,0.9500,0.2500,0.50,-1.9500,3.0500,0.0000,194.64,SUCCESS
2026-01-04T23:32:34.740361+00:00,btc-updown-15m-1767569400,TRADE,DOWN,ACCUM,5,5,0.4700,2.3500,10,0.4400,5,0.5100,5,0.9500,0.2500,0.50,-1.9500,3.0500,0.0000,194.64,SUCCESS
2026-01-04T23:34:36.211552+00:00,btc-updown-15m-1767569400,TRADE,DOWN,ACCUM,5,5,0.4900,2.4500,10,0.4400,5,0.5100,5,0.9500,0.2500,0.50,-1.9500,3.0500,0.0000,194.64,SUCCESS
2026-01-04T23:34:53.548749+00:00,btc-updown-15m-1767569400,TRADE,DOWN,ACCUM,5,5,0.4900,2.4500,10,0.4400,10,0.5000,10,0.9400,0.6000,0.00,0.6000,0.6000,0.0000,209.64,SUCCESS
2026-01-04T23:34:59.257315+00:00,btc-updown-15m-1767569400,TRADE,UP,ACCUM,5,5,0.5600,2.8000,10,0.4400,10,0.5000,10,0.9400,0.6000,0.00,0.6000,0.6000,0.0000,209.64,SUCCESS
2026-01-04T23:34:59.484805+00:00,btc-updown-15m-1767569400,TRADE,DOWN,ACCUM,5,5,0.3700,1.8500,10,0.4400,10,0.5000,10,0.9400,0.6000,0.00,0.6000,0.6000,0.0000,209.64,SUCCESS
2026-01-04T23:35:05.799305+00:00,btc-updown-15m-1767569400,TRADE,DOWN,ACCUM,5,5,0.3700,1.8500,10,0.4400,15,0.4567,10,0.8967,1.0333,0.33,-1.2500,3.7500,0.0000,207.19,SUCCESS
2026-01-04T23:35:46.286960+00:00,btc-updown-15m-1767569400,TRADE,UP,ACCUM,5,5,0.5600,2.8000,15,0.4800,15,0.4567,15,0.9367,0.9500,0.00,0.9500,0.9500,0.0000,205.34,SUCCESS
2026-01-04T23:45:01.852960+00:00,btc-updown-15m-1767569400,RESOLUTION,DOWN,BINANCE_FALLBACK_SHARED,30,30,1.0000,14.0500,15,0.4800,15,0.4567,15,0.9367,0.9500,0.00,0.0000,0.0000,0.9500,205.34,RESOLVED
2026-01-04T23:45:20.362917+00:00,btc-updown-15m-1767570300,TRADE,UP,ACCUM,5,5,0.4700,2.3500,0,0.0000,0,0.0000,0,0.0000,0.0000,0.00,0.0000,0.0000,0.0000,205.34,SUCCESS
2026-01-04T23:45:21.232206+00:00,btc-updown-15m-1767570300,TRADE,DOWN,ACCUM,5,5,0.4600,2.3000,0,0.0000,0,0.0000,0,0.0000,0.0000,0.00,0.0000,0.0000,0.0000,205.34,SUCCESS
2026-01-04T23:45:45.386206+00:00,btc-updown-15m-1767570300,TRADE,UP,ACCUM,5,5,0.4700,2.3500,5,0.4700,0,0.0000,0,0.0000,0.0000,1.00,-2.3500,2.6500,0.0000,202.54,SUCCESS
2026-01-04T23:47:23.438047+00:00,btc-updown-15m-1767570300,TRADE,DOWN,ACCUM,5,5,0.4800,2.4000,5,0.4700,0,0.0000,0,0.0000,0.0000,1.00,-2.3500,2.6500,0.0000,202.54,SUCCESS
2026-01-04T23:47:29.359144+00:00,btc-updown-15m-1767570300,TRADE,DOWN,ACCUM,5,5,0.4800,2.4000,5,0.4700,5,0.4800,5,0.9500,0.2500,0.00,0.2500,0.2500,0.0000,200.19,SUCCESS
2026-01-04T23:47:35.108249+00:00,btc-updown-15m-1767570300,TRADE,DOWN,ACCUM,5,5,0.5000,2.5000,5,0.4700,5,0.4800,5,0.9500,0.2500,0.00,0.2500,0.2500,0.0000,200.19,SUCCESS
2026-01-04T23:47:35.387313+00:00,btc-updown-15m-1767570300,TRADE,UP,ACCUM,5,5,0.4300,2.1500,5,0.4700,5,0.4800,5,0.9500,0.2500,0.00,0.2500,0.2500,0.0000,200.19,SUCCESS
2026-01-04T23:47:59.411185+00:00,btc-updown-15m-1767570300,TRADE,DOWN,ACCUM,5,5,0.5000,2.5000,5,0.4700,10,0.4900,5,0.9600,0.2000,0.50,-2.2500,2.7500,0.0000,197.79,SUCCESS
2026-01-04T23:48:05.715397+00:00,btc-updown-15m-1767570300,TRADE,UP,ACCUM,5,5,0.4300,2.1500,10,0.4500,10,0.4900,10,0.9400,0.6000,0.00,0.6000,0.6000,0.0000,195.29,SUCCESS
2026-01-04T23:48:11.436063+00:00,btc-updown-15m-1767570300,TRADE,DOWN,ACCUM,5,5,0.6000,3.0000,10,0.4500,10,0.4900,10,0.9400,0.6000,0.00,0.6000,0.6000,0.0000,195.29,SUCCESS
2026-01-04T23:48:11.687088+00:00,btc-updown-15m-1767570300,TRADE,UP,ACCUM,5,5,0.3300,1.6500,10,0.4500,10,0.4900,10,0.9400,0.6000,0.00,0.6000,0.6000,0.0000,195.29,SUCCESS
2026-01-04T23:48:47.491502+00:00,btc-updown-15m-1767570300,TRADE,UP,ACCUM,5,5,0.3300,1.6500,15,0.4100,10,0.4900,10,0.9000,1.0000,0.33,-1.0500,3.9500,0.0000,193.14,SUCCESS
2026-01-04T23:49:16.518561+00:00,btc-updown-15m-1767570300,TRADE,DOWN,ACCUM,5,5,0.6000,3.0000,15,0.4100,15,0.5267,15,0.9367,0.9500,0.00,0.9500,0.9500,0.0000,203.49,SUCCESS
