timestamp,market_slug,event_type,trade_side,trade_mode,size_requested,size_filled,price,cost,pos_up_size,pos_up_avg_price,pos_down_size,pos_down_avg_price,pos_hedged_pairs,pos_pair_cost,pos_locked_profit,pos_imbalance,pnl_min,pnl_max,pnl_realized,balance_after,status
2025-12-24T15:15:20.166695+00:00,btc-updown-15m-1766589300,TRADE,UP,ACCUM,6,6,0.5452,3.2713,6,0.5452,0,0.0000,0,0.0000,0.0000,1.00,-3.2713,2.7287,0.0000,496.73,SUCCESS
2025-12-24T15:15:20.167136+00:00,btc-updown-15m-1766589300,TRADE,DOWN,ACCUM,6,6,0.4551,2.7306,6,0.5452,6,0.4551,6,1.0003,-0.0019,0.00,-0.0019,-0.0019,0.0000,494.00,SUCCESS
2025-12-24T15:15:20.672673+00:00,btc-updown-15m-1766589300,RESOLUTION,DOWN,BINANCE_FALLBACK_SHARED,12,12,1.0000,6.0019,6,0.5452,6,0.4551,6,1.0003,-0.0019,0.00,0.0000,0.0000,-0.0019,500.00,RESOLVED
2025-12-24T15:15:29.840662+00:00,btc-updown-15m-1766590200,TRADE,UP,ACCUM,6,6,0.4901,2.9407,6,0.4901,0,0.0000,0,0.0000,0.0000,1.00,-2.9407,3.0593,0.0000,497.06,SUCCESS
2025-12-24T15:15:29.841032+00:00,btc-updown-15m-1766590200,TRADE,DOWN,ACCUM,6,6,0.4602,2.7609,6,0.4901,6,0.4602,6,0.9503,0.2983,0.00,0.2983,0.2983,0.0000,494.30,SUCCESS
2025-12-24T15:15:35.912776+00:00,btc-updown-15m-1766590200,TRADE,UP,ACCUM,5,5,0.4901,2.4506,11,0.4901,6,0.4602,6,0.9503,0.2983,0.45,-2.1523,2.8477,0.0000,491.85,SUCCESS
2025-12-24T15:15:35.913241+00:00,btc-updown-15m-1766590200,TRADE,DOWN,ACCUM,5,5,0.4599,2.2993,11,0.4901,11,0.4600,11,0.9501,0.5484,0.00,0.5484,0.5484,0.0000,489.55,SUCCESS
2025-12-24T15:15:42.613607+00:00,btc-updown-15m-1766590200,TRADE,UP,ACCUM,4,4,0.4902,1.9606,15,0.4901,11,0.4600,11,0.9502,0.5483,0.27,-1.4122,2.5878,0.0000,487.59,SUCCESS
2025-12-24T15:15:53.977160+00:00,btc-updown-15m-1766590200,TRADE,UP,ACCUM,4,4,0.4901,1.9602,19,0.4901,11,0.4600,11,0.9501,0.5485,0.42,-3.3725,4.6275,0.0000,485.63,SUCCESS
2025-12-24T15:15:59.399019+00:00,btc-updown-15m-1766590200,TRADE,DOWN,ACCUM,4,4,0.4602,1.8409,19,0.4901,15,0.4601,15,0.9502,0.7471,0.21,-1.2134,2.7866,0.0000,483.78,SUCCESS
2025-12-24T15:16:10.358941+00:00,btc-updown-15m-1766590200,TRADE,UP,ACCUM,4,2,0.4902,0.9804,21,0.4901,15,0.4601,15,0.9502,0.7470,0.29,-2.1938,3.8062,0.0000,482.80,SUCCESS
2025-12-24T15:16:15.817622+00:00,btc-updown-15m-1766590200,TRADE,DOWN,ACCUM,4,4,0.4601,1.8405,21,0.4901,19,0.4601,19,0.9502,0.9460,0.10,-0.0343,1.9657,0.0000,480.96,SUCCESS
2025-12-24T15:16:21.465825+00:00,btc-updown-15m-1766590200,TRADE,UP,ACCUM,3,3,0.4901,1.4704,24,0.4901,19,0.4601,19,0.9502,0.9460,0.21,-1.5046,3.4954,0.0000,479.49,SUCCESS
2025-12-24T15:16:38.348602+00:00,btc-updown-15m-1766590200,TRADE,UP,ACCUM,3,3,0.4902,1.4705,27,0.4901,19,0.4601,19,0.9502,0.9459,0.30,-2.9752,5.0248,0.0000,478.02,SUCCESS
2025-12-24T15:16:38.348942+00:00,btc-updown-15m-1766590200,TRADE,DOWN,ACCUM,4,4,0.4601,1.8404,27,0.4901,23,0.4601,23,0.9502,1.1450,0.15,-0.8156,3.1844,0.0000,476.18,SUCCESS
2025-12-24T15:16:49.381123+00:00,btc-updown-15m-1766590200,TRADE,UP,ACCUM,3,3,0.4901,1.4704,30,0.4901,23,0.4601,23,0.9502,1.1449,0.23,-2.2860,4.7140,0.0000,474.71,SUCCESS
2025-12-24T15:16:49.382458+00:00,btc-updown-15m-1766590200,TRADE,DOWN,ACCUM,3,3,0.4600,1.3800,30,0.4901,26,0.4601,26,0.9502,1.2945,0.13,-0.6660,3.3340,0.0000,473.33,SUCCESS
2025-12-24T15:16:54.778047+00:00,btc-updown-15m-1766590200,TRADE,UP,ACCUM,3,3,0.4902,1.4705,33,0.4901,26,0.4601,26,0.9502,1.2944,0.21,-2.1366,4.8634,0.0000,471.86,SUCCESS
2025-12-24T15:16:54.778261+00:00,btc-updown-15m-1766590200,TRADE,DOWN,ACCUM,3,3,0.4600,1.3801,33,0.4901,29,0.4601,29,0.9502,1.4439,0.12,-0.5167,3.4833,0.0000,470.48,SUCCESS
2025-12-24T15:17:05.994043+00:00,btc-updown-15m-1766590200,TRADE,DOWN,ACCUM,3,3,0.4602,1.3806,33,0.4901,32,0.4601,32,0.9502,1.5929,0.03,1.1028,2.1028,0.0000,469.10,SUCCESS
2025-12-24T15:17:11.739269+00:00,btc-updown-15m-1766590200,TRADE,UP,ACCUM,3,3,0.4902,1.4706,36,0.4901,32,0.4601,32,0.9502,1.5927,0.11,-0.3678,3.6322,0.0000,467.63,SUCCESS
2025-12-24T15:17:17.452789+00:00,btc-updown-15m-1766590200,TRADE,UP,ACCUM,3,3,0.4902,1.4707,39,0.4901,32,0.4601,32,0.9502,1.5925,0.18,-1.8385,5.1615,0.0000,466.16,SUCCESS
2025-12-24T15:17:17.453323+00:00,btc-updown-15m-1766590200,TRADE,DOWN,ACCUM,3,3,0.4599,1.3797,39,0.4901,35,0.4601,35,0.9502,1.7424,0.10,-0.2182,3.7818,0.0000,464.78,SUCCESS
2025-12-24T15:17:28.734621+00:00,btc-updown-15m-1766590200,TRADE,UP,ACCUM,3,3,0.4900,1.4700,42,0.4901,35,0.4601,35,0.9502,1.7427,0.17,-1.6882,5.3118,0.0000,463.31,SUCCESS
2025-12-24T15:17:28.734982+00:00,btc-updown-15m-1766590200,TRADE,DOWN,ACCUM,3,3,0.4600,1.3801,42,0.4901,38,0.4601,38,0.9502,1.8922,0.10,-0.0683,3.9317,0.0000,461.93,SUCCESS
2025-12-24T15:17:34.751918+00:00,btc-updown-15m-1766590200,TRADE,UP,ACCUM,3,1,0.4901,0.4901,43,0.4901,38,0.4601,38,0.9502,1.8923,0.12,-0.5584,4.4416,0.0000,461.44,SUCCESS
2025-12-24T15:17:34.752225+00:00,btc-updown-15m-1766590200,TRADE,DOWN,ACCUM,3,3,0.4602,1.3806,43,0.4901,41,0.4601,41,0.9502,2.0413,0.05,1.0610,3.0610,0.0000,460.06,SUCCESS
2025-12-24T15:17:45.794659+00:00,btc-updown-15m-1766590200,TRADE,UP,ACCUM,3,3,0.4900,1.4701,46,0.4901,41,0.4601,41,0.9502,2.0415,0.11,-0.4092,4.5908,0.0000,458.59,SUCCESS
2025-12-24T15:17:45.795814+00:00,btc-updown-15m-1766590200,TRADE,DOWN,ACCUM,3,3,0.4602,1.3805,46,0.4901,44,0.4601,44,0.9502,2.1906,0.04,1.2104,3.2104,0.0000,457.21,SUCCESS
2025-12-24T15:17:51.244817+00:00,btc-updown-15m-1766590200,TRADE,UP,ACCUM,3,3,0.4901,1.4702,49,0.4901,44,0.4601,44,0.9502,2.1908,0.10,-0.2599,4.7401,0.0000,455.74,SUCCESS
2025-12-24T15:18:13.859632+00:00,btc-updown-15m-1766590200,TRADE,UP,ACCUM,3,3,0.4902,1.4707,52,0.4901,44,0.4601,44,0.9502,2.1905,0.15,-1.7305,6.2695,0.0000,454.27,SUCCESS
2025-12-24T15:18:13.860827+00:00,btc-updown-15m-1766590200,TRADE,DOWN,ACCUM,3,3,0.4602,1.3806,52,0.4901,47,0.4601,47,0.9502,2.3395,0.10,-0.1111,4.8889,0.0000,452.89,SUCCESS
2025-12-24T15:18:25.306371+00:00,btc-updown-15m-1766590200,TRADE,UP,ACCUM,3,3,0.4901,1.4704,55,0.4901,47,0.4601,47,0.9502,2.3395,0.15,-1.5815,6.4185,0.0000,451.42,SUCCESS
2025-12-24T15:18:30.918141+00:00,btc-updown-15m-1766590200,TRADE,UP,ACCUM,3,3,0.4902,1.4705,58,0.4901,47,0.4601,47,0.9502,2.3394,0.19,-3.0521,7.9479,0.0000,449.95,SUCCESS
2025-12-24T15:18:30.918622+00:00,btc-updown-15m-1766590200,TRADE,DOWN,ACCUM,3,3,0.4602,1.3806,58,0.4901,50,0.4601,50,0.9502,2.4884,0.14,-1.4326,6.5674,0.0000,448.57,SUCCESS
2025-12-24T15:18:36.352691+00:00,btc-updown-15m-1766590200,TRADE,UP,ACCUM,3,3,0.4901,1.4702,61,0.4901,50,0.4601,50,0.9502,2.4886,0.18,-2.9028,8.0972,0.0000,447.10,SUCCESS
2025-12-24T15:18:47.433199+00:00,btc-updown-15m-1766590200,TRADE,DOWN,ACCUM,3,3,0.4601,1.3803,61,0.4901,53,0.4601,53,0.9502,2.6379,0.13,-1.2831,6.7169,0.0000,445.71,SUCCESS
2025-12-24T15:18:54.044766+00:00,btc-updown-15m-1766590200,TRADE,DOWN,ACCUM,3,3,0.4602,1.3806,61,0.4901,56,0.4601,56,0.9502,2.7869,0.08,0.3363,5.3363,0.0000,444.33,SUCCESS
2025-12-24T15:19:16.146902+00:00,btc-updown-15m-1766590200,TRADE,DOWN,ACCUM,3,3,0.4600,1.3800,61,0.4901,59,0.4601,59,0.9502,2.9365,0.03,1.9562,3.9562,0.0000,442.95,SUCCESS
2025-12-24T15:19:21.577474+00:00,btc-updown-15m-1766590200,TRADE,DOWN,ACCUM,3,3,0.4601,1.3803,61,0.4901,62,0.4601,61,0.9502,3.0360,0.02,2.5759,3.5759,0.0000,441.57,SUCCESS
2025-12-24T15:30:01.876822+00:00,btc-updown-15m-1766590200,RESOLUTION,DOWN,BINANCE_FALLBACK_SHARED,123,123,1.0000,58.4241,61,0.4901,62,0.4601,61,0.9502,3.0360,0.02,0.0000,0.0000,3.5759,503.57,RESOLVED
2025-12-24T15:30:11.088729+00:00,btc-updown-15m-1766591100,TRADE,UP,ACCUM,6,6,0.4902,2.9412,6,0.4902,0,0.0000,0,0.0000,0.0000,1.00,-2.9412,3.0588,0.0000,500.63,SUCCESS
2025-12-24T15:30:44.720368+00:00,btc-updown-15m-1766591100,TRADE,DOWN,ACCUM,6,6,0.4702,2.8214,6,0.4902,6,0.4702,6,0.9604,0.2375,0.00,0.2375,0.2375,0.0000,497.81,SUCCESS
2025-12-24T15:30:50.264290+00:00,btc-updown-15m-1766591100,TRADE,UP,ACCUM,5,5,0.4901,2.4503,11,0.4901,6,0.4702,6,0.9604,0.2378,0.45,-2.2129,2.7871,0.0000,495.36,SUCCESS
2025-12-24T15:30:50.264603+00:00,btc-updown-15m-1766591100,TRADE,DOWN,ACCUM,5,5,0.4601,2.3004,11,0.4901,11,0.4656,11,0.9558,0.4867,0.00,0.4867,0.4867,0.0000,493.06,SUCCESS
2025-12-24T15:30:55.874840+00:00,btc-updown-15m-1766591100,TRADE,UP,ACCUM,4,4,0.4900,1.9601,15,0.4901,11,0.4656,11,0.9557,0.4870,0.27,-1.4734,2.5266,0.0000,491.10,SUCCESS
2025-12-24T15:30:55.875594+00:00,btc-updown-15m-1766591100,TRADE,DOWN,ACCUM,4,4,0.4601,1.8404,15,0.4901,15,0.4641,15,0.9543,0.6862,0.00,0.6862,0.6862,0.0000,489.26,SUCCESS
2025-12-24T15:31:01.527260+00:00,btc-updown-15m-1766591100,TRADE,DOWN,ACCUM,4,1,0.4601,0.4601,15,0.4901,16,0.4639,15,0.9540,0.6900,0.06,0.2261,1.2261,0.0000,488.80,SUCCESS
2025-12-24T15:31:12.533964+00:00,btc-updown-15m-1766591100,TRADE,DOWN,ACCUM,4,4,0.4600,1.8401,15,0.4901,20,0.4631,15,0.9532,0.7016,0.25,-1.6140,3.3860,0.0000,486.96,SUCCESS
2025-12-24T15:31:17.959621+00:00,btc-updown-15m-1766591100,TRADE,UP,ACCUM,4,4,0.4901,1.9602,19,0.4901,20,0.4631,19,0.9532,0.8889,0.05,0.4258,1.4258,0.0000,485.00,SUCCESS
2025-12-24T15:31:17.960031+00:00,btc-updown-15m-1766591100,TRADE,DOWN,ACCUM,4,4,0.4600,1.8401,19,0.4901,24,0.4626,19,0.9527,0.8987,0.21,-1.4143,3.5857,0.0000,483.16,SUCCESS
2025-12-24T15:31:23.559656+00:00,btc-updown-15m-1766591100,TRADE,DOWN,ACCUM,3,3,0.4602,1.3805,19,0.4901,27,0.4623,19,0.9524,0.9039,0.30,-2.7948,5.2052,0.0000,481.78,SUCCESS
2025-12-24T15:31:40.781256+00:00,btc-updown-15m-1766591100,TRADE,UP,ACCUM,4,4,0.4901,1.9604,23,0.4901,27,0.4623,23,0.9524,1.0941,0.15,-0.7552,3.2448,0.0000,479.82,SUCCESS
2025-12-24T15:31:46.413117+00:00,btc-updown-15m-1766591100,TRADE,UP,ACCUM,3,3,0.4902,1.4707,26,0.4901,27,0.4623,26,0.9524,1.2365,0.04,0.7741,1.7741,0.0000,478.35,SUCCESS
2025-12-24T15:31:52.017310+00:00,btc-updown-15m-1766591100,TRADE,UP,ACCUM,3,2,0.4901,0.9802,28,0.4901,27,0.4623,27,0.9524,1.2840,0.04,0.7939,1.7939,0.0000,477.37,SUCCESS
2025-12-24T15:32:03.132069+00:00,btc-updown-15m-1766591100,TRADE,UP,ACCUM,3,3,0.4901,1.4702,31,0.4901,27,0.4623,27,0.9524,1.2841,0.13,-0.6763,3.3237,0.0000,475.90,SUCCESS
2025-12-24T15:32:03.133425+00:00,btc-updown-15m-1766591100,TRADE,DOWN,ACCUM,3,3,0.4601,1.3803,31,0.4901,30,0.4621,30,0.9522,1.4335,0.03,0.9434,1.9434,0.0000,474.52,SUCCESS
2025-12-24T15:32:14.884911+00:00,btc-updown-15m-1766591100,TRADE,DOWN,ACCUM,3,3,0.4602,1.3807,31,0.4901,33,0.4619,31,0.9520,1.4866,0.06,0.5627,2.5627,0.0000,473.14,SUCCESS
2025-12-24T15:32:20.542077+00:00,btc-updown-15m-1766591100,TRADE,UP,ACCUM,3,3,0.4902,1.4705,34,0.4901,33,0.4619,33,0.9521,1.5823,0.03,1.0922,2.0922,0.0000,471.67,SUCCESS
2025-12-24T15:32:20.542461+00:00,btc-updown-15m-1766591100,TRADE,DOWN,ACCUM,3,3,0.4598,1.3794,34,0.4901,36,0.4618,34,0.9519,1.6363,0.06,0.7128,2.7128,0.0000,470.29,SUCCESS
2025-12-24T15:32:26.100804+00:00,btc-updown-15m-1766591100,TRADE,UP,ACCUM,3,3,0.4800,1.4401,37,0.4893,36,0.4618,36,0.9511,1.7619,0.03,1.2726,2.2726,0.0000,468.85,SUCCESS
2025-12-24T15:32:26.101247+00:00,btc-updown-15m-1766591100,TRADE,DOWN,ACCUM,3,2,0.4702,0.9403,37,0.4893,38,0.4622,37,0.9515,1.7945,0.03,1.3323,2.3323,0.0000,467.91,SUCCESS
2025-12-24T15:32:31.903111+00:00,btc-updown-15m-1766591100,TRADE,UP,ACCUM,3,3,0.4802,1.4407,40,0.4886,38,0.4622,38,0.9508,1.8688,0.05,0.8916,2.8916,0.0000,466.47,SUCCESS
2025-12-24T15:32:31.903599+00:00,btc-updown-15m-1766591100,TRADE,DOWN,ACCUM,3,3,0.4699,1.4097,40,0.4886,41,0.4628,40,0.9514,1.9446,0.02,1.4819,2.4819,0.0000,465.06,SUCCESS
2025-12-24T15:32:37.674851+00:00,btc-updown-15m-1766591100,TRADE,UP,ACCUM,3,3,0.4801,1.4402,43,0.4880,41,0.4628,41,0.9508,2.0177,0.05,1.0417,3.0417,0.0000,463.62,SUCCESS
2025-12-24T15:32:43.368880+00:00,btc-updown-15m-1766591100,TRADE,UP,ACCUM,3,3,0.4801,1.4404,46,0.4875,41,0.4628,41,0.9503,2.0388,0.11,-0.3988,4.6012,0.0000,462.18,SUCCESS
2025-12-24T15:32:48.982832+00:00,btc-updown-15m-1766591100,TRADE,UP,ACCUM,3,3,0.4802,1.4407,49,0.4871,41,0.4628,41,0.9498,2.0570,0.16,-1.8395,6.1605,0.0000,460.73,SUCCESS
2025-12-24T15:33:11.533321+00:00,btc-updown-15m-1766591100,TRADE,DOWN,ACCUM,3,3,0.4702,1.4106,49,0.4871,44,0.4633,44,0.9503,2.1852,0.10,-0.2501,4.7499,0.0000,459.32,SUCCESS
2025-12-24T15:33:17.054761+00:00,btc-updown-15m-1766591100,TRADE,DOWN,ACCUM,3,3,0.4701,1.4104,49,0.4871,47,0.4637,47,0.9508,2.3136,0.04,1.3395,3.3395,0.0000,457.91,SUCCESS
2025-12-24T15:33:28.258076+00:00,btc-updown-15m-1766591100,TRADE,UP,ACCUM,3,3,0.4800,1.4401,52,0.4867,47,0.4637,47,0.9504,2.3327,0.10,-0.1006,4.8994,0.0000,456.47,SUCCESS
2025-12-24T15:33:28.258676+00:00,btc-updown-15m-1766591100,TRADE,DOWN,ACCUM,3,3,0.4702,1.4107,52,0.4867,50,0.4641,50,0.9508,2.4621,0.04,1.4888,3.4888,0.0000,455.06,SUCCESS
2025-12-24T15:33:34.050199+00:00,btc-updown-15m-1766591100,TRADE,UP,ACCUM,3,3,0.4802,1.4405,55,0.4863,50,0.4641,50,0.9504,2.4798,0.09,0.0483,5.0483,0.0000,453.62,SUCCESS
2025-12-24T15:33:34.050476+00:00,btc-updown-15m-1766591100,TRADE,DOWN,ACCUM,3,3,0.4700,1.4101,55,0.4863,53,0.4644,53,0.9507,2.6108,0.04,1.6382,3.6382,0.0000,452.21,SUCCESS
2025-12-24T15:33:39.845326+00:00,btc-updown-15m-1766591100,TRADE,UP,ACCUM,3,3,0.4802,1.4406,58,0.4860,53,0.4644,53,0.9504,2.6276,0.09,0.1977,5.1977,0.0000,450.77,SUCCESS
2025-12-24T15:33:39.845666+00:00,btc-updown-15m-1766591100,TRADE,DOWN,ACCUM,3,3,0.4701,1.4104,58,0.4860,56,0.4647,56,0.9507,2.7593,0.03,1.7873,3.7873,0.0000,449.36,SUCCESS
2025-12-24T15:33:50.888396+00:00,btc-updown-15m-1766591100,TRADE,UP,ACCUM,3,3,0.4801,1.4402,61,0.4857,56,0.4647,56,0.9504,2.7756,0.08,0.3471,5.3471,0.0000,447.92,SUCCESS
2025-12-24T15:33:56.319421+00:00,btc-updown-15m-1766591100,TRADE,DOWN,ACCUM,3,3,0.4701,1.4104,61,0.4857,59,0.4650,59,0.9507,2.9081,0.03,1.9367,3.9367,0.0000,446.51,SUCCESS
2025-12-24T15:34:02.216010+00:00,btc-updown-15m-1766591100,TRADE,DOWN,ACCUM,3,3,0.4700,1.4101,61,0.4857,62,0.4653,61,0.9510,2.9919,0.02,2.5266,3.5266,0.0000,445.10,SUCCESS
2025-12-24T15:45:06.604447+00:00,btc-updown-15m-1766591100,RESOLUTION,UP,BINANCE_FALLBACK_SHARED,123,123,1.0000,58.4734,61,0.4857,62,0.4653,61,0.9510,2.9919,0.02,0.0000,0.0000,2.5266,506.10,RESOLVED
2025-12-24T15:45:15.562437+00:00,btc-updown-15m-1766592000,TRADE,DOWN,ACCUM,6,6,0.4800,2.8799,0,0.0000,6,0.4800,0,0.0000,0.0000,1.00,-2.8799,3.1201,0.0000,503.22,SUCCESS
2025-12-24T15:45:32.424513+00:00,btc-updown-15m-1766592000,TRADE,UP,ACCUM,6,6,0.4700,2.8201,6,0.4700,6,0.4800,6,0.9500,0.2999,0.00,0.2999,0.2999,0.0000,500.40,SUCCESS
2025-12-24T15:45:37.830098+00:00,btc-updown-15m-1766592000,TRADE,UP,ACCUM,5,5,0.4702,2.3508,11,0.4701,6,0.4800,6,0.9501,0.2996,0.45,-2.0509,2.9491,0.0000,498.05,SUCCESS
2025-12-24T15:45:43.237305+00:00,btc-updown-15m-1766592000,TRADE,DOWN,ACCUM,5,5,0.4801,2.4003,11,0.4701,11,0.4800,11,0.9501,0.5488,0.00,0.5488,0.5488,0.0000,495.65,SUCCESS
2025-12-24T15:45:48.648489+00:00,btc-updown-15m-1766592000,TRADE,UP,ACCUM,4,4,0.4700,1.8802,15,0.4701,11,0.4800,11,0.9501,0.5489,0.27,-1.3314,2.6686,0.0000,493.77,SUCCESS
2025-12-24T15:45:48.648942+00:00,btc-updown-15m-1766592000,TRADE,DOWN,ACCUM,4,4,0.4800,1.9201,15,0.4701,15,0.4800,15,0.9501,0.7485,0.00,0.7485,0.7485,0.0000,491.85,SUCCESS
2025-12-24T15:45:59.487280+00:00,btc-updown-15m-1766592000,TRADE,DOWN,ACCUM,4,4,0.4801,1.9206,15,0.4701,19,0.4800,15,0.9501,0.7482,0.21,-1.1720,2.8280,0.0000,489.93,SUCCESS
2025-12-24T15:46:04.895457+00:00,btc-updown-15m-1766592000,TRADE,DOWN,ACCUM,4,4,0.4901,1.9606,15,0.4701,23,0.4818,15,0.9519,0.7218,0.35,-3.1326,4.8674,0.0000,487.97,SUCCESS
2025-12-24T15:46:17.140086+00:00,btc-updown-15m-1766592000,TRADE,UP,ACCUM,4,2,0.4601,0.9203,17,0.4689,23,0.4818,17,0.9507,0.8379,0.26,-2.0529,3.9471,0.0000,487.05,SUCCESS
2025-12-24T15:46:22.576046+00:00,btc-updown-15m-1766592000,TRADE,UP,ACCUM,4,1,0.4602,0.4602,18,0.4684,23,0.4818,18,0.9502,0.8959,0.22,-1.5131,3.4869,0.0000,486.59,SUCCESS
2025-12-24T15:46:22.576469+00:00,btc-updown-15m-1766592000,TRADE,DOWN,ACCUM,3,2,0.4902,0.9803,18,0.4684,25,0.4825,18,0.9509,0.8839,0.28,-2.4934,4.5066,0.0000,485.61,SUCCESS
2025-12-24T15:46:33.974371+00:00,btc-updown-15m-1766592000,TRADE,UP,ACCUM,4,4,0.4600,1.8400,22,0.4669,25,0.4825,22,0.9494,1.1140,0.12,-0.3335,2.6665,0.0000,483.77,SUCCESS
2025-12-24T15:46:39.555511+00:00,btc-updown-15m-1766592000,TRADE,UP,ACCUM,3,3,0.4601,1.3802,25,0.4661,25,0.4825,25,0.9485,1.2863,0.00,1.2863,1.2863,0.0000,482.39,SUCCESS
2025-12-24T15:46:46.152222+00:00,btc-updown-15m-1766592000,TRADE,DOWN,ACCUM,3,3,0.4901,1.4703,25,0.4661,28,0.4833,25,0.9494,1.2659,0.11,-0.1840,2.8160,0.0000,480.92,SUCCESS
2025-12-24T15:46:51.962019+00:00,btc-updown-15m-1766592000,TRADE,UP,ACCUM,3,3,0.4602,1.3806,28,0.4654,28,0.4833,28,0.9487,1.4354,0.00,1.4354,1.4354,0.0000,479.54,SUCCESS
2025-12-24T15:46:51.962925+00:00,btc-updown-15m-1766592000,TRADE,DOWN,ACCUM,3,3,0.4900,1.4701,28,0.4654,31,0.4839,28,0.9494,1.4172,0.10,-0.0347,2.9653,0.0000,478.07,SUCCESS
2025-12-24T15:46:57.568292+00:00,btc-updown-15m-1766592000,TRADE,UP,ACCUM,3,3,0.4600,1.3801,31,0.4649,31,0.4839,31,0.9489,1.5852,0.00,1.5852,1.5852,0.0000,476.69,SUCCESS
2025-12-24T15:46:57.568585+00:00,btc-updown-15m-1766592000,TRADE,DOWN,ACCUM,3,3,0.4901,1.4704,31,0.4649,34,0.4845,31,0.9494,1.5683,0.09,0.1149,3.1149,0.0000,475.22,SUCCESS
2025-12-24T15:47:08.735868+00:00,btc-updown-15m-1766592000,TRADE,UP,ACCUM,3,3,0.4602,1.3805,34,0.4645,34,0.4845,34,0.9490,1.7344,0.00,1.7344,1.7344,0.0000,473.84,SUCCESS
2025-12-24T15:47:08.737158+00:00,btc-updown-15m-1766592000,TRADE,DOWN,ACCUM,3,2,0.4902,0.9804,34,0.4645,36,0.4848,34,0.9493,1.7236,0.06,0.7540,2.7540,0.0000,472.85,SUCCESS
2025-12-24T15:47:19.877975+00:00,btc-updown-15m-1766592000,TRADE,DOWN,ACCUM,3,3,0.4802,1.4405,34,0.4645,39,0.4844,34,0.9489,1.7358,0.13,-0.6865,4.3135,0.0000,471.41,SUCCESS
2025-12-24T15:47:25.472338+00:00,btc-updown-15m-1766592000,TRADE,UP,ACCUM,3,3,0.4701,1.4103,37,0.4650,39,0.4844,37,0.9494,1.8721,0.05,0.9032,2.9032,0.0000,470.00,SUCCESS
2025-12-24T15:47:25.473033+00:00,btc-updown-15m-1766592000,TRADE,DOWN,ACCUM,3,3,0.4801,1.4402,37,0.4650,42,0.4841,37,0.9491,1.8837,0.12,-0.5369,4.4631,0.0000,468.56,SUCCESS
2025-12-24T15:47:31.152376+00:00,btc-updown-15m-1766592000,TRADE,UP,ACCUM,3,3,0.4700,1.4101,40,0.4653,42,0.4841,40,0.9495,2.0212,0.05,1.0529,3.0529,0.0000,467.15,SUCCESS
2025-12-24T15:47:36.926888+00:00,btc-updown-15m-1766592000,TRADE,UP,ACCUM,3,3,0.4702,1.4106,43,0.4657,42,0.4841,42,0.9498,2.1080,0.02,1.6423,2.6423,0.0000,465.74,SUCCESS
2025-12-24T15:47:42.517331+00:00,btc-updown-15m-1766592000,TRADE,DOWN,ACCUM,3,3,0.4800,1.4401,43,0.4657,45,0.4839,43,0.9495,2.1700,0.04,1.2022,3.2022,0.0000,464.30,SUCCESS
2025-12-24T15:47:47.935196+00:00,btc-updown-15m-1766592000,TRADE,DOWN,ACCUM,3,3,0.4802,1.4406,43,0.4657,48,0.4836,43,0.9493,2.1798,0.10,-0.2383,4.7617,0.0000,462.86,SUCCESS
2025-12-24T15:47:58.931099+00:00,btc-updown-15m-1766592000,TRADE,DOWN,ACCUM,3,3,0.4801,1.4403,43,0.4657,51,0.4834,43,0.9491,2.1888,0.16,-1.6786,6.3214,0.0000,461.42,SUCCESS
2025-12-24T15:48:38.255423+00:00,btc-updown-15m-1766592000,TRADE,UP,ACCUM,3,2,0.4602,0.9204,45,0.4654,51,0.4834,45,0.9489,2.3015,0.12,-0.5990,5.4010,0.0000,460.50,SUCCESS
2025-12-24T15:48:43.886903+00:00,btc-updown-15m-1766592000,TRADE,UP,ACCUM,3,3,0.4601,1.3802,48,0.4651,51,0.4834,48,0.9485,2.4711,0.06,1.0208,4.0208,0.0000,459.12,SUCCESS
2025-12-24T15:49:00.626543+00:00,btc-updown-15m-1766592000,TRADE,UP,ACCUM,3,1,0.4599,0.4599,49,0.4650,51,0.4834,49,0.9484,2.5278,0.04,1.5610,3.5610,0.0000,458.66,SUCCESS
2025-12-24T15:49:00.627106+00:00,btc-updown-15m-1766592000,TRADE,DOWN,ACCUM,3,3,0.4900,1.4700,49,0.4650,54,0.4838,49,0.9488,2.5099,0.09,0.0910,5.0910,0.0000,457.19,SUCCESS
2025-12-24T15:49:06.295099+00:00,btc-updown-15m-1766592000,TRADE,DOWN,ACCUM,3,3,0.4901,1.4703,49,0.4650,57,0.4841,49,0.9491,2.4936,0.14,-1.3793,6.6207,0.0000,455.72,SUCCESS
2025-12-24T15:49:11.902309+00:00,btc-updown-15m-1766592000,TRADE,DOWN,ACCUM,3,3,0.4902,1.4707,49,0.4650,60,0.4844,49,0.9494,2.4787,0.18,-2.8500,8.1500,0.0000,454.25,SUCCESS
2025-12-24T15:49:17.465634+00:00,btc-updown-15m-1766592000,TRADE,UP,ACCUM,3,3,0.4602,1.3806,52,0.4647,60,0.4844,52,0.9491,2.6448,0.13,-1.2306,6.7694,0.0000,452.87,SUCCESS
2025-12-24T15:49:22.894612+00:00,btc-updown-15m-1766592000,TRADE,UP,ACCUM,3,3,0.4602,1.3806,55,0.4645,60,0.4844,55,0.9489,2.8109,0.08,0.3888,5.3888,0.0000,451.49,SUCCESS
2025-12-24T15:49:28.672163+00:00,btc-updown-15m-1766592000,TRADE,UP,ACCUM,3,3,0.4600,1.3801,58,0.4642,60,0.4844,58,0.9487,2.9776,0.03,2.0087,4.0087,0.0000,450.11,SUCCESS
2025-12-24T15:49:34.078764+00:00,btc-updown-15m-1766592000,TRADE,UP,ACCUM,3,3,0.4601,1.3802,61,0.4640,60,0.4844,60,0.9485,3.0925,0.02,2.6285,3.6285,0.0000,448.73,SUCCESS
2025-12-24T16:00:03.122660+00:00,btc-updown-15m-1766592000,RESOLUTION,DOWN,BINANCE_FALLBACK_SHARED,121,121,1.0000,57.3715,61,0.4640,60,0.4844,60,0.9485,3.0925,0.02,0.0000,0.0000,2.6285,508.73,RESOLVED
2025-12-24T16:00:13.086551+00:00,btc-updown-15m-1766592900,TRADE,UP,ACCUM,6,6,0.4702,2.8210,6,0.4702,0,0.0000,0,0.0000,0.0000,1.00,-2.8210,3.1790,0.0000,505.91,SUCCESS
2025-12-24T16:00:13.087031+00:00,btc-updown-15m-1766592900,TRADE,DOWN,ACCUM,6,6,0.4799,2.8794,6,0.4702,6,0.4799,6,0.9501,0.2996,0.00,0.2996,0.2996,0.0000,503.03,SUCCESS
2025-12-24T16:00:18.863793+00:00,btc-updown-15m-1766592900,TRADE,DOWN,ACCUM,5,5,0.4800,2.4002,6,0.4702,11,0.4800,6,0.9501,0.2992,0.45,-2.1006,2.8994,0.0000,500.63,SUCCESS
2025-12-24T16:00:24.582272+00:00,btc-updown-15m-1766592900,TRADE,UP,ACCUM,5,5,0.4700,2.3501,11,0.4701,11,0.4800,11,0.9501,0.5493,0.00,0.5493,0.5493,0.0000,498.28,SUCCESS
2025-12-24T16:00:35.801102+00:00,btc-updown-15m-1766592900,TRADE,DOWN,ACCUM,4,4,0.4801,1.9203,11,0.4701,15,0.4800,11,0.9501,0.5490,0.27,-1.3710,2.6290,0.0000,496.36,SUCCESS
2025-12-24T16:00:41.246295+00:00,btc-updown-15m-1766592900,TRADE,UP,ACCUM,4,4,0.4700,1.8801,15,0.4701,15,0.4800,15,0.9501,0.7490,0.00,0.7490,0.7490,0.0000,494.48,SUCCESS
2025-12-24T16:00:46.802279+00:00,btc-updown-15m-1766592900,TRADE,UP,ACCUM,4,4,0.4701,1.8802,19,0.4701,15,0.4800,15,0.9501,0.7490,0.21,-1.1313,2.8687,0.0000,492.60,SUCCESS
2025-12-24T16:00:46.802740+00:00,btc-updown-15m-1766592900,TRADE,DOWN,ACCUM,4,4,0.4800,1.9199,19,0.4701,19,0.4800,19,0.9501,0.9489,0.00,0.9489,0.9489,0.0000,490.68,SUCCESS
2025-12-24T16:00:52.356810+00:00,btc-updown-15m-1766592900,TRADE,UP,ACCUM,4,4,0.4701,1.8806,23,0.4701,19,0.4800,19,0.9501,0.9486,0.17,-0.9317,3.0683,0.0000,488.80,SUCCESS
2025-12-24T16:01:08.929530+00:00,btc-updown-15m-1766592900,TRADE,DOWN,ACCUM,4,4,0.4700,1.8801,23,0.4701,23,0.4783,23,0.9483,1.1881,0.00,1.1881,1.1881,0.0000,486.92,SUCCESS
2025-12-24T16:01:14.518268+00:00,btc-updown-15m-1766592900,TRADE,UP,ACCUM,3,3,0.4801,1.4404,26,0.4712,23,0.4783,23,0.9495,1.1615,0.12,-0.2523,2.7477,0.0000,485.48,SUCCESS
2025-12-24T16:01:19.965307+00:00,btc-updown-15m-1766592900,TRADE,UP,ACCUM,3,3,0.4802,1.4405,29,0.4722,23,0.4783,23,0.9504,1.1402,0.21,-1.6928,4.3072,0.0000,484.04,SUCCESS
2025-12-24T16:01:19.965699+00:00,btc-updown-15m-1766592900,TRADE,DOWN,ACCUM,3,3,0.4700,1.4101,29,0.4722,26,0.4773,26,0.9495,1.3136,0.10,-0.1030,2.8970,0.0000,482.63,SUCCESS
2025-12-24T16:01:25.683286+00:00,btc-updown-15m-1766592900,TRADE,UP,ACCUM,3,3,0.4801,1.4402,32,0.4729,26,0.4773,26,0.9502,1.2944,0.19,-1.5431,4.4569,0.0000,481.19,SUCCESS
2025-12-24T16:01:25.684049+00:00,btc-updown-15m-1766592900,TRADE,DOWN,ACCUM,3,3,0.4700,1.4101,32,0.4729,29,0.4766,29,0.9495,1.4655,0.09,0.0468,3.0468,0.0000,479.78,SUCCESS
2025-12-24T16:01:53.235503+00:00,btc-updown-15m-1766592900,TRADE,UP,ACCUM,3,3,0.4802,1.4406,35,0.4735,29,0.4766,29,0.9501,1.4474,0.17,-1.3938,4.6062,0.0000,478.34,SUCCESS
2025-12-24T16:02:04.609026+00:00,btc-updown-15m-1766592900,TRADE,UP,ACCUM,3,3,0.4800,1.4401,38,0.4740,29,0.4766,29,0.9506,1.4325,0.24,-2.8339,6.1661,0.0000,476.90,SUCCESS
2025-12-24T16:02:04.610899+00:00,btc-updown-15m-1766592900,TRADE,DOWN,ACCUM,3,3,0.4702,1.4105,38,0.4740,32,0.4760,32,0.9500,1.5999,0.16,-1.2443,4.7557,0.0000,475.48,SUCCESS
2025-12-24T16:02:10.197082+00:00,btc-updown-15m-1766592900,TRADE,UP,ACCUM,3,3,0.4802,1.4406,41,0.4745,32,0.4760,32,0.9505,1.5855,0.22,-2.6850,6.3150,0.0000,474.04,SUCCESS
2025-12-24T16:02:21.251926+00:00,btc-updown-15m-1766592900,TRADE,DOWN,ACCUM,3,3,0.4700,1.4101,41,0.4745,35,0.4754,35,0.9499,1.7519,0.15,-1.0951,4.9049,0.0000,472.63,SUCCESS
2025-12-24T16:02:26.692829+00:00,btc-updown-15m-1766592900,TRADE,DOWN,ACCUM,3,2,0.4800,0.9600,41,0.4745,37,0.4757,37,0.9502,1.8429,0.10,-0.0551,3.9449,0.0000,471.67,SUCCESS
2025-12-24T16:02:37.741204+00:00,btc-updown-15m-1766592900,TRADE,UP,ACCUM,3,3,0.4702,1.4107,44,0.4742,37,0.4757,37,0.9499,1.8536,0.16,-1.4658,5.5342,0.0000,470.26,SUCCESS
2025-12-24T16:02:43.308716+00:00,btc-updown-15m-1766592900,TRADE,DOWN,ACCUM,3,3,0.4798,1.4393,44,0.4742,40,0.4760,40,0.9502,1.9917,0.09,0.0948,4.0948,0.0000,468.82,SUCCESS
2025-12-24T16:02:54.803207+00:00,btc-updown-15m-1766592900,TRADE,UP,ACCUM,3,3,0.4701,1.4104,47,0.4739,40,0.4760,40,0.9499,2.0020,0.15,-1.3156,5.6844,0.0000,467.41,SUCCESS
2025-12-24T16:03:00.361557+00:00,btc-updown-15m-1766592900,TRADE,UP,ACCUM,3,3,0.4701,1.4102,50,0.4737,40,0.4760,40,0.9497,2.0113,0.20,-2.7258,7.2742,0.0000,466.00,SUCCESS
2025-12-24T16:03:00.361957+00:00,btc-updown-15m-1766592900,TRADE,DOWN,ACCUM,3,3,0.4801,1.4404,50,0.4737,43,0.4763,43,0.9500,2.1498,0.14,-1.1662,5.8338,0.0000,464.56,SUCCESS
2025-12-24T16:03:05.970977+00:00,btc-updown-15m-1766592900,TRADE,DOWN,ACCUM,3,3,0.4801,1.4404,50,0.4737,46,0.4765,46,0.9503,2.2883,0.08,0.3934,4.3934,0.0000,463.12,SUCCESS
2025-12-24T16:03:11.536151+00:00,btc-updown-15m-1766592900,TRADE,UP,ACCUM,3,3,0.4702,1.4105,53,0.4735,46,0.4765,46,0.9501,2.2975,0.13,-1.0171,5.9829,0.0000,461.71,SUCCESS
2025-12-24T16:03:17.099861+00:00,btc-updown-15m-1766592900,TRADE,DOWN,ACCUM,3,1,0.4800,0.4800,53,0.4735,47,0.4766,47,0.9501,2.3440,0.11,-0.4971,5.5029,0.0000,461.23,SUCCESS
2025-12-24T16:03:22.692255+00:00,btc-updown-15m-1766592900,TRADE,UP,ACCUM,3,3,0.4702,1.4105,56,0.4733,47,0.4766,47,0.9499,2.3524,0.16,-1.9077,7.0923,0.0000,459.82,SUCCESS
2025-12-24T16:03:22.692711+00:00,btc-updown-15m-1766592900,TRADE,DOWN,ACCUM,3,2,0.4799,0.9598,56,0.4733,49,0.4767,49,0.9501,2.4459,0.12,-0.8675,6.1325,0.0000,458.86,SUCCESS
2025-12-24T16:03:28.068474+00:00,btc-updown-15m-1766592900,TRADE,UP,ACCUM,3,3,0.4702,1.4105,59,0.4732,49,0.4767,49,0.9499,2.4538,0.17,-2.2780,7.7220,0.0000,457.45,SUCCESS
2025-12-24T16:03:33.643453+00:00,btc-updown-15m-1766592900,TRADE,DOWN,ACCUM,3,3,0.4801,1.4403,59,0.4732,52,0.4769,52,0.9501,2.5940,0.12,-0.7182,6.2818,0.0000,456.01,SUCCESS
2025-12-24T16:03:39.116388+00:00,btc-updown-15m-1766592900,TRADE,DOWN,ACCUM,3,3,0.4802,1.4406,59,0.4732,55,0.4771,55,0.9503,2.7339,0.07,0.8412,4.8412,0.0000,454.57,SUCCESS
2025-12-24T16:03:44.828732+00:00,btc-updown-15m-1766592900,TRADE,UP,ACCUM,3,3,0.4701,1.4103,62,0.4730,55,0.4771,55,0.9501,2.7421,0.11,-0.5691,6.4309,0.0000,453.16,SUCCESS
2025-12-24T16:03:44.829737+00:00,btc-updown-15m-1766592900,TRADE,DOWN,ACCUM,3,3,0.4801,1.4404,62,0.4730,58,0.4773,58,0.9503,2.8826,0.06,0.9905,4.9905,0.0000,451.72,SUCCESS
2025-12-24T16:03:50.440213+00:00,btc-updown-15m-1766592900,TRADE,DOWN,ACCUM,3,3,0.4799,1.4396,62,0.4730,61,0.4774,61,0.9504,3.0240,0.02,2.5510,3.5510,0.0000,450.28,SUCCESS
2025-12-24T16:15:03.861470+00:00,btc-updown-15m-1766592900,RESOLUTION,UP,BINANCE_FALLBACK_SHARED,123,123,1.0000,58.4490,62,0.4730,61,0.4774,61,0.9504,3.0240,0.02,0.0000,0.0000,3.5510,512.28,RESOLVED
2025-12-24T16:15:12.378441+00:00,btc-updown-15m-1766593800,TRADE,DOWN,ACCUM,6,6,0.4801,2.8807,0,0.0000,6,0.4801,0,0.0000,0.0000,1.00,-2.8807,3.1193,0.0000,509.40,SUCCESS
2025-12-24T16:15:17.888122+00:00,btc-updown-15m-1766593800,TRADE,UP,ACCUM,6,6,0.4701,2.8208,6,0.4701,6,0.4801,6,0.9503,0.2985,0.00,0.2985,0.2985,0.0000,506.58,SUCCESS
2025-12-24T16:15:23.335657+00:00,btc-updown-15m-1766593800,TRADE,UP,ACCUM,5,5,0.4702,2.3509,11,0.4701,6,0.4801,6,0.9503,0.2984,0.45,-2.0524,2.9476,0.0000,504.23,SUCCESS
2025-12-24T16:15:23.335856+00:00,btc-updown-15m-1766593800,TRADE,DOWN,ACCUM,5,5,0.4799,2.3997,11,0.4701,11,0.4800,11,0.9502,0.5480,0.00,0.5480,0.5480,0.0000,501.83,SUCCESS
2025-12-24T16:15:50.521549+00:00,btc-updown-15m-1766593800,TRADE,UP,ACCUM,4,4,0.4701,1.8802,15,0.4701,11,0.4800,11,0.9502,0.5482,0.27,-1.3323,2.6677,0.0000,499.95,SUCCESS
2025-12-24T16:15:50.522553+00:00,btc-updown-15m-1766593800,TRADE,DOWN,ACCUM,4,4,0.4801,1.9203,15,0.4701,15,0.4800,15,0.9502,0.7475,0.00,0.7475,0.7475,0.0000,498.03,SUCCESS
2025-12-24T16:16:01.449747+00:00,btc-updown-15m-1766593800,TRADE,DOWN,ACCUM,4,4,0.4799,1.9197,15,0.4701,19,0.4800,15,0.9501,0.7478,0.21,-1.1722,2.8278,0.0000,496.11,SUCCESS
2025-12-24T16:16:06.960560+00:00,btc-updown-15m-1766593800,TRADE,UP,ACCUM,4,2,0.4702,0.9403,17,0.4701,19,0.4800,17,0.9501,0.8475,0.11,-0.1125,1.8875,0.0000,495.17,SUCCESS
2025-12-24T16:16:06.960731+00:00,btc-updown-15m-1766593800,TRADE,DOWN,ACCUM,4,4,0.4802,1.9209,17,0.4701,23,0.4801,17,0.9502,0.8469,0.26,-2.0334,3.9666,0.0000,493.25,SUCCESS
2025-12-24T16:16:12.467796+00:00,btc-updown-15m-1766593800,TRADE,UP,ACCUM,4,4,0.4700,1.8801,21,0.4701,23,0.4801,21,0.9502,1.0466,0.09,0.0865,2.0865,0.0000,491.37,SUCCESS
2025-12-24T16:16:12.468180+00:00,btc-updown-15m-1766593800,TRADE,DOWN,ACCUM,3,3,0.4801,1.4402,21,0.4701,26,0.4801,21,0.9502,1.0466,0.19,-1.3537,3.6463,0.0000,489.93,SUCCESS
2025-12-24T16:16:17.879881+00:00,btc-updown-15m-1766593800,TRADE,DOWN,ACCUM,3,3,0.4802,1.4407,21,0.4701,29,0.4801,21,0.9502,1.0462,0.28,-2.7944,5.2056,0.0000,488.49,SUCCESS
2025-12-24T16:16:23.273405+00:00,btc-updown-15m-1766593800,TRADE,UP,ACCUM,3,3,0.4702,1.4107,24,0.4701,29,0.4801,24,0.9502,1.1953,0.17,-1.2051,3.7949,0.0000,487.08,SUCCESS
2025-12-24T16:16:28.842684+00:00,btc-updown-15m-1766593800,TRADE,DOWN,ACCUM,3,3,0.4801,1.4404,24,0.4701,32,0.4801,24,0.9502,1.1952,0.25,-2.6455,5.3545,0.0000,485.63,SUCCESS
2025-12-24T16:16:56.566072+00:00,btc-updown-15m-1766593800,TRADE,UP,ACCUM,3,3,0.4701,1.4102,27,0.4701,32,0.4801,27,0.9502,1.3447,0.16,-1.0557,3.9443,0.0000,484.22,SUCCESS
2025-12-24T16:17:02.177953+00:00,btc-updown-15m-1766593800,TRADE,UP,ACCUM,3,3,0.4702,1.4106,30,0.4701,32,0.4801,30,0.9502,1.4939,0.06,0.5337,2.5337,0.0000,482.81,SUCCESS
2025-12-24T16:17:02.178428+00:00,btc-updown-15m-1766593800,TRADE,DOWN,ACCUM,3,3,0.4802,1.4406,30,0.4701,35,0.4801,30,0.9502,1.4936,0.14,-0.9069,4.0931,0.0000,481.37,SUCCESS
2025-12-24T16:17:07.730687+00:00,btc-updown-15m-1766593800,TRADE,UP,ACCUM,3,3,0.4701,1.4104,33,0.4701,35,0.4801,33,0.9502,1.6429,0.06,0.6828,2.6828,0.0000,479.96,SUCCESS
2025-12-24T16:17:13.138634+00:00,btc-updown-15m-1766593800,TRADE,DOWN,ACCUM,3,3,0.4802,1.4406,33,0.4701,38,0.4801,33,0.9502,1.6426,0.13,-0.7579,4.2421,0.0000,478.52,SUCCESS
2025-12-24T16:17:18.554195+00:00,btc-updown-15m-1766593800,TRADE,UP,ACCUM,3,3,0.4700,1.4101,36,0.4701,38,0.4801,36,0.9502,1.7922,0.05,0.8320,2.8320,0.0000,477.11,SUCCESS
2025-12-24T16:17:24.336278+00:00,btc-updown-15m-1766593800,TRADE,UP,ACCUM,3,3,0.4701,1.4102,39,0.4701,38,0.4801,38,0.9502,1.8919,0.03,1.4218,2.4218,0.0000,475.70,SUCCESS
2025-12-24T16:17:40.964976+00:00,btc-updown-15m-1766593800,TRADE,UP,ACCUM,3,3,0.4701,1.4103,42,0.4701,38,0.4801,38,0.9502,1.8920,0.10,0.0115,4.0115,0.0000,474.29,SUCCESS
2025-12-24T16:17:46.357143+00:00,btc-updown-15m-1766593800,TRADE,UP,ACCUM,3,3,0.4701,1.4103,45,0.4701,38,0.4801,38,0.9502,1.8920,0.16,-1.3988,5.6012,0.0000,472.88,SUCCESS
2025-12-24T16:17:46.357580+00:00,btc-updown-15m-1766593800,TRADE,DOWN,ACCUM,3,3,0.4800,1.4401,45,0.4701,41,0.4801,41,0.9502,2.0415,0.09,0.1611,4.1611,0.0000,471.44,SUCCESS
2025-12-24T16:18:03.233430+00:00,btc-updown-15m-1766593800,TRADE,DOWN,ACCUM,3,3,0.4802,1.4405,45,0.4701,44,0.4801,44,0.9502,2.1907,0.02,1.7206,2.7206,0.0000,470.00,SUCCESS
2025-12-24T16:18:08.646881+00:00,btc-updown-15m-1766593800,TRADE,UP,ACCUM,3,3,0.4700,1.4101,48,0.4701,44,0.4801,44,0.9502,2.1909,0.08,0.3105,4.3105,0.0000,468.59,SUCCESS
2025-12-24T16:18:14.367641+00:00,btc-updown-15m-1766593800,TRADE,UP,ACCUM,3,3,0.4702,1.4107,51,0.4701,44,0.4801,44,0.9502,2.1906,0.14,-1.1002,5.8998,0.0000,467.18,SUCCESS
2025-12-24T16:18:20.143126+00:00,btc-updown-15m-1766593800,TRADE,UP,ACCUM,3,3,0.4702,1.4107,54,0.4701,44,0.4801,44,0.9502,2.1903,0.19,-2.5109,7.4891,0.0000,465.77,SUCCESS
2025-12-24T16:18:20.144313+00:00,btc-updown-15m-1766593800,TRADE,DOWN,ACCUM,3,3,0.4800,1.4401,54,0.4701,47,0.4801,47,0.9502,2.3399,0.13,-0.9509,6.0491,0.0000,464.33,SUCCESS
2025-12-24T16:18:25.743703+00:00,btc-updown-15m-1766593800,TRADE,DOWN,ACCUM,3,3,0.4901,1.4704,54,0.4701,50,0.4807,50,0.9508,2.4591,0.07,0.5786,4.5786,0.0000,462.86,SUCCESS
2025-12-24T16:18:31.167310+00:00,btc-updown-15m-1766593800,TRADE,UP,ACCUM,3,3,0.4602,1.3805,57,0.4696,50,0.4807,50,0.9503,2.4853,0.12,-0.8018,6.1982,0.0000,461.48,SUCCESS
2025-12-24T16:18:36.734991+00:00,btc-updown-15m-1766593800,TRADE,DOWN,ACCUM,3,3,0.4902,1.4705,57,0.4696,53,0.4812,53,0.9508,2.6060,0.07,0.7276,4.7276,0.0000,460.01,SUCCESS
2025-12-24T16:18:53.253863+00:00,btc-updown-15m-1766593800,TRADE,UP,ACCUM,3,3,0.4601,1.3803,60,0.4691,53,0.4812,53,0.9504,2.6312,0.12,-0.6527,6.3473,0.0000,458.63,SUCCESS
2025-12-24T16:19:09.950824+00:00,btc-updown-15m-1766593800,TRADE,DOWN,ACCUM,3,3,0.4901,1.4704,60,0.4691,56,0.4817,56,0.9508,2.7534,0.07,0.8769,4.8769,0.0000,457.16,SUCCESS
2025-12-24T16:19:15.531289+00:00,btc-updown-15m-1766593800,TRADE,DOWN,ACCUM,3,3,0.4901,1.4703,60,0.4691,59,0.4821,59,0.9513,2.8757,0.02,2.4066,3.4066,0.0000,455.69,SUCCESS
2025-12-24T16:19:21.134630+00:00,btc-updown-15m-1766593800,TRADE,DOWN,ACCUM,3,3,0.4902,1.4706,60,0.4691,62,0.4825,60,0.9516,2.9010,0.03,1.9360,3.9360,0.0000,454.22,SUCCESS
2025-12-24T16:30:02.364325+00:00,btc-updown-15m-1766593800,RESOLUTION,DOWN,BINANCE_FALLBACK_SHARED,122,122,1.0000,58.0640,60,0.4691,62,0.4825,60,0.9516,2.9010,0.03,0.0000,0.0000,3.9360,516.22,RESOLVED
2025-12-24T16:30:10.929220+00:00,btc-updown-15m-1766594700,TRADE,UP,ACCUM,6,6,0.4800,2.8802,6,0.4800,0,0.0000,0,0.0000,0.0000,1.00,-2.8802,3.1198,0.0000,513.34,SUCCESS
2025-12-24T16:30:27.431536+00:00,btc-updown-15m-1766594700,TRADE,DOWN,ACCUM,6,2,0.4700,0.9401,6,0.4800,2,0.4700,2,0.9501,0.0999,0.67,-1.8202,2.1798,0.0000,512.40,SUCCESS
2025-12-24T16:30:33.070850+00:00,btc-updown-15m-1766594700,TRADE,UP,ACCUM,5,3,0.4800,1.4401,9,0.4800,2,0.4700,2,0.9501,0.0999,0.78,-3.2603,3.7397,0.0000,510.96,SUCCESS
2025-12-24T16:31:06.720621+00:00,btc-updown-15m-1766594700,TRADE,DOWN,ACCUM,5,5,0.4701,2.3504,9,0.4800,7,0.4701,7,0.9501,0.3493,0.22,-0.6108,1.3892,0.0000,508.61,SUCCESS
2025-12-24T16:31:12.245245+00:00,btc-updown-15m-1766594700,TRADE,UP,ACCUM,5,5,0.4800,2.4002,14,0.4800,7,0.4701,7,0.9501,0.3493,0.50,-3.0110,3.9890,0.0000,506.21,SUCCESS
2025-12-24T16:31:40.008074+00:00,btc-updown-15m-1766594700,TRADE,DOWN,ACCUM,5,5,0.4601,2.3007,14,0.4800,12,0.4659,12,0.9460,0.6484,0.14,-0.3117,1.6883,0.0000,503.90,SUCCESS
2025-12-24T16:31:45.420930+00:00,btc-updown-15m-1766594700,TRADE,DOWN,ACCUM,4,4,0.4600,1.8401,14,0.4800,16,0.4645,14,0.9445,0.7772,0.12,-0.1518,1.8482,0.0000,502.06,SUCCESS
2025-12-24T16:31:51.040107+00:00,btc-updown-15m-1766594700,TRADE,UP,ACCUM,4,4,0.4901,1.9603,18,0.4823,16,0.4645,16,0.9467,0.8524,0.11,-0.1121,1.8879,0.0000,500.10,SUCCESS
2025-12-24T16:32:07.889902+00:00,btc-updown-15m-1766594700,TRADE,DOWN,ACCUM,4,4,0.4602,1.8406,18,0.4823,20,0.4636,18,0.9459,0.9744,0.10,0.0472,2.0472,0.0000,498.26,SUCCESS
2025-12-24T16:32:18.821757+00:00,btc-updown-15m-1766594700,TRADE,DOWN,ACCUM,4,4,0.4601,1.8404,18,0.4823,24,0.4630,18,0.9453,0.9849,0.25,-1.7932,4.2068,0.0000,496.42,SUCCESS
2025-12-24T16:32:24.450527+00:00,btc-updown-15m-1766594700,TRADE,UP,ACCUM,4,4,0.4902,1.9606,22,0.4837,24,0.4630,22,0.9467,1.1722,0.08,0.2462,2.2462,0.0000,494.46,SUCCESS
2025-12-24T16:32:24.451563+00:00,btc-updown-15m-1766594700,TRADE,DOWN,ACCUM,3,2,0.4600,0.9200,22,0.4837,26,0.4628,22,0.9465,1.1773,0.15,-0.6738,3.3262,0.0000,493.54,SUCCESS
2025-12-24T16:32:29.885884+00:00,btc-updown-15m-1766594700,TRADE,DOWN,ACCUM,3,3,0.4601,1.3802,22,0.4837,29,0.4625,22,0.9462,1.1835,0.24,-2.0540,4.9460,0.0000,492.16,SUCCESS
2025-12-24T16:32:35.415553+00:00,btc-updown-15m-1766594700,TRADE,DOWN,ACCUM,3,3,0.4601,1.3803,22,0.4837,32,0.4623,22,0.9460,1.1884,0.31,-3.4344,6.5656,0.0000,490.78,SUCCESS
2025-12-24T16:32:40.837101+00:00,btc-updown-15m-1766594700,TRADE,UP,ACCUM,3,3,0.4902,1.4707,25,0.4845,32,0.4623,25,0.9468,1.3309,0.22,-1.9051,5.0949,0.0000,489.31,SUCCESS
2025-12-24T16:32:46.492807+00:00,btc-updown-15m-1766594700,TRADE,UP,ACCUM,3,3,0.4902,1.4705,28,0.4851,32,0.4623,28,0.9474,1.4736,0.12,-0.3756,3.6244,0.0000,487.84,SUCCESS
2025-12-24T16:32:51.915882+00:00,btc-updown-15m-1766594700,TRADE,UP,ACCUM,3,3,0.4902,1.4706,31,0.4856,32,0.4623,31,0.9479,1.6161,0.03,1.1538,2.1538,0.0000,486.37,SUCCESS
2025-12-24T16:32:51.917219+00:00,btc-updown-15m-1766594700,TRADE,DOWN,ACCUM,3,3,0.4601,1.3803,31,0.4856,35,0.4621,31,0.9477,1.6219,0.11,-0.2264,3.7736,0.0000,484.99,SUCCESS
2025-12-24T16:32:57.480905+00:00,btc-updown-15m-1766594700,TRADE,DOWN,ACCUM,3,3,0.4599,1.3798,31,0.4856,38,0.4619,31,0.9475,1.6272,0.18,-1.6063,5.3937,0.0000,483.61,SUCCESS
2025-12-24T16:33:02.878183+00:00,btc-updown-15m-1766594700,TRADE,UP,ACCUM,3,3,0.4902,1.4705,34,0.4860,38,0.4619,34,0.9479,1.7709,0.11,-0.0768,3.9232,0.0000,482.14,SUCCESS
2025-12-24T16:33:08.277777+00:00,btc-updown-15m-1766594700,TRADE,UP,ACCUM,3,3,0.4902,1.4706,37,0.4863,38,0.4619,37,0.9483,1.9146,0.03,1.4527,2.4527,0.0000,480.67,SUCCESS
2025-12-24T16:33:13.780451+00:00,btc-updown-15m-1766594700,TRADE,UP,ACCUM,3,3,0.4902,1.4705,40,0.4866,38,0.4619,38,0.9485,1.9554,0.05,0.9822,2.9822,0.0000,479.20,SUCCESS
2025-12-24T16:33:24.693821+00:00,btc-updown-15m-1766594700,TRADE,DOWN,ACCUM,3,3,0.4601,1.3804,40,0.4866,41,0.4618,40,0.9484,2.0636,0.02,1.6018,2.6018,0.0000,477.82,SUCCESS
2025-12-24T16:33:30.214785+00:00,btc-updown-15m-1766594700,TRADE,UP,ACCUM,3,3,0.4901,1.4704,43,0.4869,41,0.4618,41,0.9487,2.1051,0.05,1.1313,3.1313,0.0000,476.35,SUCCESS
2025-12-24T16:33:30.215244+00:00,btc-updown-15m-1766594700,TRADE,DOWN,ACCUM,3,3,0.4601,1.3802,43,0.4869,44,0.4617,43,0.9485,2.2128,0.02,1.7511,2.7511,0.0000,474.97,SUCCESS
2025-12-24T16:33:35.916314+00:00,btc-updown-15m-1766594700,TRADE,UP,ACCUM,3,3,0.4901,1.4702,46,0.4871,44,0.4617,44,0.9488,2.2550,0.04,1.2808,3.2808,0.0000,473.50,SUCCESS
2025-12-24T16:33:41.604180+00:00,btc-updown-15m-1766594700,TRADE,UP,ACCUM,3,3,0.4801,1.4402,49,0.4866,44,0.4617,44,0.9483,2.2739,0.10,-0.1593,4.8407,0.0000,472.06,SUCCESS
2025-12-24T16:33:41.604501+00:00,btc-updown-15m-1766594700,TRADE,DOWN,ACCUM,3,3,0.4700,1.4101,49,0.4866,47,0.4622,47,0.9489,2.4038,0.04,1.4305,3.4305,0.0000,470.65,SUCCESS
2025-12-24T16:33:52.769746+00:00,btc-updown-15m-1766594700,TRADE,DOWN,ACCUM,3,3,0.4701,1.4103,49,0.4866,50,0.4627,49,0.9493,2.4829,0.02,2.0203,3.0203,0.0000,469.24,SUCCESS
2025-12-24T16:33:58.445110+00:00,btc-updown-15m-1766594700,TRADE,DOWN,ACCUM,3,3,0.4699,1.4096,49,0.4866,53,0.4631,49,0.9497,2.4630,0.08,0.6107,4.6107,0.0000,467.83,SUCCESS
2025-12-24T16:34:03.952514+00:00,btc-updown-15m-1766594700,TRADE,UP,ACCUM,3,3,0.4801,1.4404,52,0.4863,53,0.4631,52,0.9494,2.6334,0.02,2.1703,3.1703,0.0000,466.39,SUCCESS
2025-12-24T16:34:09.455707+00:00,btc-updown-15m-1766594700,TRADE,UP,ACCUM,3,1,0.4800,0.4800,53,0.4862,53,0.4631,53,0.9492,2.6903,0.00,2.6903,2.6903,0.0000,465.91,SUCCESS
2025-12-24T16:34:15.076150+00:00,btc-updown-15m-1766594700,TRADE,UP,ACCUM,3,3,0.4701,1.4102,56,0.4853,53,0.4631,53,0.9484,2.7360,0.05,1.2801,4.2801,0.0000,464.50,SUCCESS
2025-12-24T16:34:20.602866+00:00,btc-updown-15m-1766594700,TRADE,UP,ACCUM,3,1,0.4701,0.4701,57,0.4850,53,0.4631,53,0.9481,2.7501,0.07,0.8100,4.8100,0.0000,464.03,SUCCESS
2025-12-24T16:34:20.603458+00:00,btc-updown-15m-1766594700,TRADE,DOWN,ACCUM,3,3,0.4801,1.4402,57,0.4850,56,0.4640,56,0.9490,2.8548,0.02,2.3698,3.3698,0.0000,462.59,SUCCESS
2025-12-24T16:34:26.061763+00:00,btc-updown-15m-1766594700,TRADE,UP,ACCUM,3,3,0.4701,1.4103,60,0.4843,56,0.4640,56,0.9483,2.8966,0.07,0.9595,4.9595,0.0000,461.18,SUCCESS
2025-12-24T16:34:26.062369+00:00,btc-updown-15m-1766594700,TRADE,DOWN,ACCUM,3,3,0.4802,1.4407,60,0.4843,59,0.4648,59,0.9491,3.0031,0.02,2.5188,3.5188,0.0000,459.73,SUCCESS
2025-12-24T16:34:37.081954+00:00,btc-updown-15m-1766594700,TRADE,DOWN,ACCUM,3,3,0.4800,1.4401,60,0.4843,62,0.4656,60,0.9498,3.0099,0.03,2.0788,4.0788,0.0000,458.29,SUCCESS
2025-12-24T16:45:01.358967+00:00,btc-updown-15m-1766594700,RESOLUTION,UP,BINANCE_FALLBACK_SHARED,122,122,1.0000,57.9212,60,0.4843,62,0.4656,60,0.9498,3.0099,0.03,0.0000,0.0000,2.0788,518.29,RESOLVED
2025-12-24T16:45:09.914382+00:00,btc-updown-15m-1766595600,TRADE,DOWN,ACCUM,6,6,0.4800,2.8802,0,0.0000,6,0.4800,0,0.0000,0.0000,1.00,-2.8802,3.1198,0.0000,515.41,SUCCESS
2025-12-24T16:45:15.314182+00:00,btc-updown-15m-1766595600,TRADE,UP,ACCUM,6,6,0.4702,2.8211,6,0.4702,6,0.4800,6,0.9502,0.2987,0.00,0.2987,0.2987,0.0000,512.59,SUCCESS
2025-12-24T16:45:20.824185+00:00,btc-updown-15m-1766595600,TRADE,DOWN,ACCUM,5,2,0.4802,0.9603,6,0.4702,8,0.4801,6,0.9503,0.2985,0.25,-0.6616,1.3384,0.0000,511.63,SUCCESS
2025-12-24T16:45:31.958538+00:00,btc-updown-15m-1766595600,TRADE,UP,ACCUM,5,5,0.4700,2.3502,11,0.4701,8,0.4801,8,0.9502,0.3985,0.27,-1.0118,1.9882,0.0000,509.28,SUCCESS
2025-12-24T16:45:31.959871+00:00,btc-updown-15m-1766595600,TRADE,DOWN,ACCUM,5,5,0.4800,2.4000,11,0.4701,13,0.4800,11,0.9502,0.5482,0.15,-0.4119,1.5881,0.0000,506.88,SUCCESS
2025-12-24T16:45:37.484168+00:00,btc-updown-15m-1766595600,TRADE,UP,ACCUM,4,4,0.4702,1.8809,15,0.4702,13,0.4800,13,0.9502,0.6475,0.13,-0.2928,1.7072,0.0000,505.00,SUCCESS
2025-12-24T16:45:43.224820+00:00,btc-updown-15m-1766595600,TRADE,DOWN,ACCUM,4,4,0.4801,1.9206,15,0.4702,17,0.4801,15,0.9502,0.7467,0.12,-0.2134,1.7866,0.0000,503.08,SUCCESS
2025-12-24T16:45:48.723403+00:00,btc-updown-15m-1766595600,TRADE,UP,ACCUM,4,4,0.4702,1.8808,19,0.4702,17,0.4801,17,0.9502,0.8461,0.11,-0.0942,1.9058,0.0000,501.20,SUCCESS
2025-12-24T16:45:48.723731+00:00,btc-updown-15m-1766595600,TRADE,DOWN,ACCUM,4,4,0.4800,1.9202,19,0.4702,21,0.4801,19,0.9502,0.9458,0.10,-0.0144,1.9856,0.0000,499.28,SUCCESS
2025-12-24T16:45:54.215294+00:00,btc-updown-15m-1766595600,TRADE,UP,ACCUM,4,4,0.4602,1.8408,23,0.4684,21,0.4801,21,0.9485,1.0817,0.09,0.1448,2.1448,0.0000,497.44,SUCCESS
2025-12-24T16:45:59.717911+00:00,btc-updown-15m-1766595600,TRADE,UP,ACCUM,3,3,0.4601,1.3804,26,0.4675,21,0.4801,21,0.9475,1.1018,0.19,-1.2356,3.7644,0.0000,496.06,SUCCESS
2025-12-24T16:45:59.718553+00:00,btc-updown-15m-1766595600,TRADE,DOWN,ACCUM,3,3,0.4901,1.4704,26,0.4675,24,0.4813,24,0.9488,1.2290,0.08,0.2940,2.2940,0.0000,494.59,SUCCESS
2025-12-24T16:46:05.217684+00:00,btc-updown-15m-1766595600,TRADE,UP,ACCUM,3,3,0.4602,1.3805,29,0.4667,24,0.4813,24,0.9480,1.2471,0.17,-1.0865,3.9135,0.0000,493.21,SUCCESS
2025-12-24T16:46:05.219034+00:00,btc-updown-15m-1766595600,TRADE,DOWN,ACCUM,3,3,0.4901,1.4702,29,0.4667,27,0.4823,27,0.9490,1.3767,0.07,0.4433,2.4433,0.0000,491.74,SUCCESS
2025-12-24T16:46:16.270260+00:00,btc-updown-15m-1766595600,TRADE,UP,ACCUM,3,3,0.4602,1.3807,32,0.4661,27,0.4823,27,0.9484,1.3932,0.16,-0.9374,4.0626,0.0000,490.36,SUCCESS
2025-12-24T16:46:16.271753+00:00,btc-updown-15m-1766595600,TRADE,DOWN,ACCUM,3,3,0.4901,1.4702,32,0.4661,30,0.4831,30,0.9492,1.5246,0.06,0.5924,2.5924,0.0000,488.89,SUCCESS
2025-12-24T16:46:27.447363+00:00,btc-updown-15m-1766595600,TRADE,UP,ACCUM,3,3,0.4601,1.3804,35,0.4656,30,0.4831,30,0.9487,1.5400,0.14,-0.7880,4.2120,0.0000,487.51,SUCCESS
2025-12-24T16:46:27.448753+00:00,btc-updown-15m-1766595600,TRADE,DOWN,ACCUM,3,3,0.4902,1.4706,35,0.4656,33,0.4837,33,0.9493,1.6726,0.06,0.7414,2.7414,0.0000,486.04,SUCCESS
2025-12-24T16:46:33.049923+00:00,btc-updown-15m-1766595600,TRADE,DOWN,ACCUM,3,3,0.4902,1.4706,35,0.4656,36,0.4843,35,0.9499,1.7551,0.03,1.2708,2.2708,0.0000,484.57,SUCCESS
2025-12-24T16:46:38.454881+00:00,btc-updown-15m-1766595600,TRADE,DOWN,ACCUM,3,3,0.4902,1.4705,35,0.4656,39,0.4847,35,0.9503,1.7392,0.10,-0.1997,3.8003,0.0000,483.10,SUCCESS
2025-12-24T16:46:44.023882+00:00,btc-updown-15m-1766595600,TRADE,UP,ACCUM,3,3,0.4600,1.3800,38,0.4652,39,0.4847,38,0.9499,1.9050,0.03,1.4203,2.4203,0.0000,481.72,SUCCESS
2025-12-24T16:46:49.540978+00:00,btc-updown-15m-1766595600,TRADE,DOWN,ACCUM,3,3,0.4900,1.4701,38,0.4652,42,0.4851,38,0.9502,1.8906,0.10,-0.0498,3.9502,0.0000,480.25,SUCCESS
2025-12-24T16:46:54.967794+00:00,btc-updown-15m-1766595600,TRADE,UP,ACCUM,3,3,0.4600,1.3801,41,0.4648,42,0.4851,41,0.9499,2.0552,0.02,1.5701,2.5701,0.0000,478.86,SUCCESS
2025-12-24T16:46:54.968379+00:00,btc-updown-15m-1766595600,TRADE,DOWN,ACCUM,3,3,0.4901,1.4702,41,0.4648,45,0.4854,41,0.9502,2.0416,0.09,0.0999,4.0999,0.0000,477.39,SUCCESS
2025-12-24T16:47:00.720839+00:00,btc-updown-15m-1766595600,TRADE,UP,ACCUM,3,3,0.4601,1.3803,44,0.4645,45,0.4854,44,0.9499,2.2050,0.02,1.7195,2.7195,0.0000,476.01,SUCCESS
2025-12-24T16:47:00.721458+00:00,btc-updown-15m-1766595600,TRADE,DOWN,ACCUM,3,3,0.4900,1.4699,44,0.4645,48,0.4857,44,0.9502,2.1925,0.08,0.2496,4.2496,0.0000,474.54,SUCCESS
2025-12-24T16:47:06.229911+00:00,btc-updown-15m-1766595600,TRADE,DOWN,ACCUM,3,3,0.4901,1.4703,44,0.4645,51,0.4860,44,0.9504,2.1811,0.14,-1.2206,5.7794,0.0000,473.07,SUCCESS
2025-12-24T16:47:22.656916+00:00,btc-updown-15m-1766595600,TRADE,DOWN,ACCUM,3,3,0.4901,1.4703,44,0.4645,54,0.4862,44,0.9507,2.1710,0.19,-2.6910,7.3090,0.0000,471.60,SUCCESS
2025-12-24T16:47:33.592944+00:00,btc-updown-15m-1766595600,TRADE,UP,ACCUM,3,3,0.4600,1.3800,47,0.4642,54,0.4862,47,0.9504,2.3324,0.13,-1.0710,5.9290,0.0000,470.22,SUCCESS
2025-12-24T16:47:39.087182+00:00,btc-updown-15m-1766595600,TRADE,UP,ACCUM,3,3,0.4602,1.3806,50,0.4639,54,0.4862,50,0.9501,2.4932,0.07,0.5484,4.5484,0.0000,468.84,SUCCESS
2025-12-24T16:47:39.087473+00:00,btc-updown-15m-1766595600,TRADE,DOWN,ACCUM,3,3,0.4902,1.4706,50,0.4639,57,0.4864,50,0.9503,2.4827,0.12,-0.9222,6.0778,0.0000,467.37,SUCCESS
2025-12-24T16:47:44.486761+00:00,btc-updown-15m-1766595600,TRADE,UP,ACCUM,3,3,0.4602,1.3807,53,0.4637,57,0.4864,53,0.9501,2.6428,0.07,0.6972,4.6972,0.0000,465.99,SUCCESS
2025-12-24T16:47:44.488292+00:00,btc-updown-15m-1766595600,TRADE,DOWN,ACCUM,3,3,0.4901,1.4704,53,0.4637,60,0.4866,53,0.9503,2.6330,0.12,-0.7732,6.2268,0.0000,464.52,SUCCESS
2025-12-24T16:48:11.824398+00:00,btc-updown-15m-1766595600,TRADE,UP,ACCUM,3,3,0.4601,1.3803,56,0.4635,60,0.4866,56,0.9501,2.7928,0.07,0.8465,4.8465,0.0000,463.14,SUCCESS
2025-12-24T16:48:17.751716+00:00,btc-updown-15m-1766595600,TRADE,UP,ACCUM,3,3,0.4602,1.3807,59,0.4634,60,0.4866,59,0.9500,2.9524,0.02,2.4658,3.4658,0.0000,461.76,SUCCESS
2025-12-24T16:48:39.927227+00:00,btc-updown-15m-1766595600,TRADE,UP,ACCUM,3,1,0.4602,0.4602,60,0.4633,60,0.4866,60,0.9499,3.0056,0.00,3.0056,3.0056,0.0000,461.30,SUCCESS
2025-12-24T17:00:00.576241+00:00,btc-updown-15m-1766595600,RESOLUTION,DOWN,BINANCE_FALLBACK_SHARED,120,120,1.0000,56.9944,60,0.4633,60,0.4866,60,0.9499,3.0056,0.00,0.0000,0.0000,3.0056,521.30,RESOLVED
2025-12-24T17:00:09.775685+00:00,btc-updown-15m-1766596500,TRADE,DOWN,ACCUM,6,6,0.4801,2.8806,0,0.0000,6,0.4801,0,0.0000,0.0000,1.00,-2.8806,3.1194,0.0000,518.42,SUCCESS
2025-12-24T17:00:15.346211+00:00,btc-updown-15m-1766596500,TRADE,UP,ACCUM,6,6,0.4700,2.8201,6,0.4700,6,0.4801,6,0.9501,0.2993,0.00,0.2993,0.2993,0.0000,515.60,SUCCESS
2025-12-24T17:00:21.016271+00:00,btc-updown-15m-1766596500,TRADE,UP,ACCUM,5,5,0.4701,2.3507,11,0.4701,6,0.4801,6,0.9502,0.2989,0.45,-2.0515,2.9485,0.0000,513.25,SUCCESS
2025-12-24T17:00:32.340995+00:00,btc-updown-15m-1766596500,TRADE,UP,ACCUM,4,1,0.4702,0.4702,12,0.4701,6,0.4801,6,0.9502,0.2989,0.50,-2.5217,3.4783,0.0000,512.78,SUCCESS
2025-12-24T17:00:37.899665+00:00,btc-updown-15m-1766596500,TRADE,UP,ACCUM,4,4,0.4700,1.8801,16,0.4701,6,0.4801,6,0.9502,0.2990,0.62,-4.4017,5.5983,0.0000,510.90,SUCCESS
2025-12-24T17:00:37.900189+00:00,btc-updown-15m-1766596500,TRADE,DOWN,ACCUM,5,4,0.4801,1.9204,16,0.4701,10,0.4801,10,0.9502,0.4982,0.38,-2.3222,3.6778,0.0000,508.98,SUCCESS
2025-12-24T17:00:43.295231+00:00,btc-updown-15m-1766596500,TRADE,UP,ACCUM,4,4,0.4702,1.8809,20,0.4701,10,0.4801,10,0.9502,0.4979,0.50,-4.2031,5.7969,0.0000,507.10,SUCCESS
2025-12-24T17:00:43.296525+00:00,btc-updown-15m-1766596500,TRADE,DOWN,ACCUM,5,5,0.4798,2.3990,20,0.4701,15,0.4800,15,0.9501,0.7484,0.25,-1.6021,3.3979,0.0000,504.70,SUCCESS
2025-12-24T17:00:48.850734+00:00,btc-updown-15m-1766596500,TRADE,UP,ACCUM,4,4,0.4702,1.8809,24,0.4701,15,0.4800,15,0.9501,0.7481,0.38,-3.4830,5.5170,0.0000,502.82,SUCCESS
2025-12-24T17:00:48.851063+00:00,btc-updown-15m-1766596500,TRADE,DOWN,ACCUM,4,4,0.4801,1.9204,24,0.4701,19,0.4800,19,0.9501,0.9472,0.21,-1.4034,3.5966,0.0000,500.90,SUCCESS
2025-12-24T17:00:54.258851+00:00,btc-updown-15m-1766596500,TRADE,UP,ACCUM,3,3,0.4701,1.4103,27,0.4701,19,0.4800,19,0.9501,0.9473,0.30,-2.8137,5.1863,0.0000,499.49,SUCCESS
2025-12-24T17:00:54.260378+00:00,btc-updown-15m-1766596500,TRADE,DOWN,ACCUM,4,4,0.4801,1.9203,27,0.4701,23,0.4800,23,0.9502,1.1465,0.15,-0.7339,3.2661,0.0000,497.57,SUCCESS
2025-12-24T17:01:05.441198+00:00,btc-updown-15m-1766596500,TRADE,UP,ACCUM,3,3,0.4701,1.4104,30,0.4701,23,0.4800,23,0.9502,1.1465,0.23,-2.1443,4.8557,0.0000,496.16,SUCCESS
2025-12-24T17:01:05.444979+00:00,btc-updown-15m-1766596500,TRADE,DOWN,ACCUM,3,3,0.4801,1.4404,30,0.4701,26,0.4800,26,0.9502,1.2958,0.13,-0.5847,3.4153,0.0000,494.72,SUCCESS
2025-12-24T17:01:10.957265+00:00,btc-updown-15m-1766596500,TRADE,UP,ACCUM,3,3,0.4701,1.4102,33,0.4701,26,0.4800,26,0.9502,1.2959,0.21,-1.9949,5.0051,0.0000,493.31,SUCCESS
2025-12-24T17:01:10.957804+00:00,btc-updown-15m-1766596500,TRADE,DOWN,ACCUM,3,3,0.4801,1.4404,33,0.4701,29,0.4801,29,0.9502,1.4451,0.12,-0.4354,3.5646,0.0000,491.87,SUCCESS
2025-12-24T17:01:16.622131+00:00,btc-updown-15m-1766596500,TRADE,DOWN,ACCUM,3,3,0.4800,1.4400,33,0.4701,32,0.4800,32,0.9502,1.5947,0.03,1.1246,2.1246,0.0000,490.43,SUCCESS
2025-12-24T17:01:22.137895+00:00,btc-updown-15m-1766596500,TRADE,UP,ACCUM,3,3,0.4700,1.4101,36,0.4701,32,0.4800,32,0.9502,1.5950,0.11,-0.2855,3.7145,0.0000,489.01,SUCCESS
2025-12-24T17:01:27.531568+00:00,btc-updown-15m-1766596500,TRADE,DOWN,ACCUM,3,3,0.4801,1.4403,36,0.4701,35,0.4801,35,0.9502,1.7444,0.03,1.2743,2.2743,0.0000,487.57,SUCCESS
2025-12-24T17:01:33.083455+00:00,btc-updown-15m-1766596500,TRADE,UP,ACCUM,3,3,0.4702,1.4107,39,0.4701,35,0.4801,35,0.9502,1.7441,0.10,-0.1364,3.8636,0.0000,486.16,SUCCESS
2025-12-24T17:01:33.084082+00:00,btc-updown-15m-1766596500,TRADE,DOWN,ACCUM,3,3,0.4800,1.4401,39,0.4701,38,0.4801,38,0.9502,1.8936,0.03,1.4234,2.4234,0.0000,484.72,SUCCESS
2025-12-24T17:01:38.842810+00:00,btc-updown-15m-1766596500,TRADE,UP,ACCUM,3,3,0.4701,1.4104,42,0.4701,38,0.4801,38,0.9502,1.8935,0.10,0.0130,4.0130,0.0000,483.31,SUCCESS
2025-12-24T17:01:38.843456+00:00,btc-updown-15m-1766596500,TRADE,DOWN,ACCUM,3,3,0.4800,1.4400,42,0.4701,41,0.4800,41,0.9502,2.0431,0.02,1.5730,2.5730,0.0000,481.87,SUCCESS
2025-12-24T17:01:49.662380+00:00,btc-updown-15m-1766596500,TRADE,DOWN,ACCUM,3,2,0.4801,0.9602,42,0.4701,43,0.4801,42,0.9502,2.0928,0.02,1.6128,2.6128,0.0000,480.91,SUCCESS
2025-12-24T17:01:55.199625+00:00,btc-updown-15m-1766596500,TRADE,DOWN,ACCUM,3,3,0.4801,1.4402,42,0.4701,46,0.4801,42,0.9502,2.0928,0.09,0.1726,4.1726,0.0000,479.47,SUCCESS
2025-12-24T17:02:00.711745+00:00,btc-updown-15m-1766596500,TRADE,DOWN,ACCUM,3,3,0.4801,1.4402,42,0.4701,49,0.4801,42,0.9502,2.0928,0.14,-1.2676,5.7324,0.0000,478.03,SUCCESS
2025-12-24T17:02:06.261031+00:00,btc-updown-15m-1766596500,TRADE,DOWN,ACCUM,3,3,0.4802,1.4407,42,0.4701,52,0.4801,42,0.9502,2.0923,0.19,-2.7083,7.2917,0.0000,476.59,SUCCESS
2025-12-24T17:02:11.669637+00:00,btc-updown-15m-1766596500,TRADE,UP,ACCUM,3,1,0.4701,0.4701,43,0.4701,52,0.4801,43,0.9502,2.1422,0.17,-2.1784,6.8216,0.0000,476.12,SUCCESS
2025-12-24T17:02:22.489073+00:00,btc-updown-15m-1766596500,TRADE,UP,ACCUM,3,3,0.4702,1.4105,46,0.4701,52,0.4801,46,0.9502,2.2916,0.12,-0.5888,5.4112,0.0000,474.71,SUCCESS
2025-12-24T17:02:33.573821+00:00,btc-updown-15m-1766596500,TRADE,DOWN,ACCUM,3,3,0.4798,1.4394,46,0.4701,55,0.4800,46,0.9502,2.2922,0.16,-2.0282,6.9718,0.0000,473.27,SUCCESS
2025-12-24T17:02:50.179985+00:00,btc-updown-15m-1766596500,TRADE,UP,ACCUM,3,3,0.4701,1.4102,49,0.4701,55,0.4800,49,0.9502,2.4418,0.11,-0.4384,5.5616,0.0000,471.86,SUCCESS
2025-12-24T17:02:55.559499+00:00,btc-updown-15m-1766596500,TRADE,UP,ACCUM,3,3,0.4701,1.4104,52,0.4701,55,0.4800,52,0.9502,2.5913,0.05,1.1512,4.1512,0.0000,470.45,SUCCESS
2025-12-24T17:02:55.561193+00:00,btc-updown-15m-1766596500,TRADE,DOWN,ACCUM,3,3,0.4800,1.4400,52,0.4701,58,0.4800,52,0.9502,2.5914,0.10,-0.2888,5.7112,0.0000,469.01,SUCCESS
2025-12-24T17:03:06.709596+00:00,btc-updown-15m-1766596500,TRADE,DOWN,ACCUM,3,3,0.4801,1.4403,52,0.4701,61,0.4800,52,0.9502,2.5913,0.15,-1.7291,7.2709,0.0000,467.57,SUCCESS
2025-12-24T17:03:12.086311+00:00,btc-updown-15m-1766596500,TRADE,UP,ACCUM,3,3,0.4702,1.4105,55,0.4701,61,0.4800,55,0.9502,2.7407,0.10,-0.1396,5.8604,0.0000,466.16,SUCCESS
2025-12-24T17:03:33.835123+00:00,btc-updown-15m-1766596500,TRADE,UP,ACCUM,3,3,0.4701,1.4103,58,0.4701,61,0.4800,58,0.9502,2.8903,0.05,1.4502,4.4502,0.0000,464.75,SUCCESS
2025-12-24T17:03:39.264737+00:00,btc-updown-15m-1766596500,TRADE,UP,ACCUM,3,3,0.4700,1.4101,61,0.4701,61,0.4800,61,0.9502,3.0400,0.00,3.0400,3.0400,0.0000,463.34,SUCCESS
2025-12-24T17:15:00.556540+00:00,btc-updown-15m-1766596500,RESOLUTION,UP,BINANCE_FALLBACK_SHARED,122,122,1.0000,57.9600,61,0.4701,61,0.4800,61,0.9502,3.0400,0.00,0.0000,0.0000,3.0400,524.34,RESOLVED
2025-12-24T17:15:09.421237+00:00,btc-updown-15m-1766597400,TRADE,UP,ACCUM,6,6,0.4701,2.8207,6,0.4701,0,0.0000,0,0.0000,0.0000,1.00,-2.8207,3.1793,0.0000,521.52,SUCCESS
2025-12-24T17:15:14.988261+00:00,btc-updown-15m-1766597400,TRADE,DOWN,ACCUM,6,6,0.4802,2.8810,6,0.4701,6,0.4802,6,0.9503,0.2983,0.00,0.2983,0.2983,0.0000,518.64,SUCCESS
2025-12-24T17:15:20.404765+00:00,btc-updown-15m-1766597400,TRADE,UP,ACCUM,5,5,0.4702,2.3509,11,0.4701,6,0.4802,6,0.9503,0.2981,0.45,-2.0526,2.9474,0.0000,516.29,SUCCESS
2025-12-24T17:15:36.885333+00:00,btc-updown-15m-1766597400,TRADE,UP,ACCUM,4,4,0.4702,1.8807,15,0.4702,6,0.4802,6,0.9503,0.2981,0.60,-3.9333,5.0667,0.0000,514.41,SUCCESS
2025-12-24T17:15:36.886630+00:00,btc-updown-15m-1766597400,TRADE,DOWN,ACCUM,5,5,0.4801,2.4007,15,0.4702,11,0.4802,11,0.9503,0.5466,0.27,-1.3340,2.6660,0.0000,512.01,SUCCESS
2025-12-24T17:15:42.636335+00:00,btc-updown-15m-1766597400,TRADE,DOWN,ACCUM,4,4,0.4800,1.9201,15,0.4702,15,0.4801,15,0.9503,0.7459,0.00,0.7459,0.7459,0.0000,510.09,SUCCESS
2025-12-24T17:15:59.266365+00:00,btc-updown-15m-1766597400,TRADE,DOWN,ACCUM,4,4,0.4801,1.9205,15,0.4702,19,0.4801,15,0.9503,0.7458,0.21,-1.1747,2.8253,0.0000,508.17,SUCCESS
2025-12-24T17:16:04.666298+00:00,btc-updown-15m-1766597400,TRADE,UP,ACCUM,4,1,0.4700,0.4700,16,0.4701,19,0.4801,16,0.9503,0.7957,0.16,-0.6447,2.3553,0.0000,507.70,SUCCESS
2025-12-24T17:16:10.357751+00:00,btc-updown-15m-1766597400,TRADE,DOWN,ACCUM,4,4,0.4802,1.9208,16,0.4701,23,0.4801,16,0.9503,0.7955,0.30,-2.5654,4.4346,0.0000,505.78,SUCCESS
2025-12-24T17:16:15.753580+00:00,btc-updown-15m-1766597400,TRADE,UP,ACCUM,4,3,0.4702,1.4107,19,0.4702,23,0.4801,19,0.9503,0.9444,0.17,-0.9761,3.0239,0.0000,504.36,SUCCESS
2025-12-24T17:16:21.258492+00:00,btc-updown-15m-1766597400,TRADE,UP,ACCUM,4,4,0.4699,1.8797,23,0.4701,23,0.4801,23,0.9503,1.1441,0.00,1.1441,1.1441,0.0000,502.48,SUCCESS
2025-12-24T17:16:26.950802+00:00,btc-updown-15m-1766597400,TRADE,UP,ACCUM,3,3,0.4702,1.4107,26,0.4701,23,0.4801,23,0.9503,1.1439,0.12,-0.2665,2.7335,0.0000,501.07,SUCCESS
2025-12-24T17:16:32.467514+00:00,btc-updown-15m-1766597400,TRADE,DOWN,ACCUM,3,3,0.4802,1.4405,26,0.4701,26,0.4801,26,0.9503,1.2930,0.00,1.2930,1.2930,0.0000,499.63,SUCCESS
2025-12-24T17:16:38.098506+00:00,btc-updown-15m-1766597400,TRADE,UP,ACCUM,3,3,0.4702,1.4105,29,0.4701,26,0.4801,26,0.9503,1.2928,0.10,-0.1176,2.8824,0.0000,498.22,SUCCESS
2025-12-24T17:16:49.100073+00:00,btc-updown-15m-1766597400,TRADE,DOWN,ACCUM,3,2,0.4801,0.9603,29,0.4701,28,0.4801,28,0.9503,1.3923,0.03,0.9222,1.9222,0.0000,497.26,SUCCESS
2025-12-24T17:16:54.499789+00:00,btc-updown-15m-1766597400,TRADE,UP,ACCUM,3,3,0.4700,1.4101,32,0.4701,28,0.4801,28,0.9503,1.3926,0.12,-0.4879,3.5121,0.0000,495.85,SUCCESS
2025-12-24T17:17:00.011561+00:00,btc-updown-15m-1766597400,TRADE,UP,ACCUM,3,2,0.4700,0.9401,34,0.4701,28,0.4801,28,0.9503,1.3927,0.18,-1.4280,4.5720,0.0000,494.91,SUCCESS
2025-12-24T17:17:00.012586+00:00,btc-updown-15m-1766597400,TRADE,DOWN,ACCUM,3,3,0.4800,1.4400,34,0.4701,31,0.4801,31,0.9502,1.5423,0.09,0.1320,3.1320,0.0000,493.47,SUCCESS
2025-12-24T17:17:05.426816+00:00,btc-updown-15m-1766597400,TRADE,DOWN,ACCUM,3,3,0.4800,1.4401,34,0.4701,34,0.4801,34,0.9502,1.6919,0.00,1.6919,1.6919,0.0000,492.03,SUCCESS
2025-12-24T17:17:10.830323+00:00,btc-updown-15m-1766597400,TRADE,DOWN,ACCUM,3,3,0.4902,1.4705,34,0.4701,37,0.4809,34,0.9511,1.6641,0.08,0.2213,3.2213,0.0000,490.56,SUCCESS
2025-12-24T17:17:16.246983+00:00,btc-updown-15m-1766597400,TRADE,DOWN,ACCUM,3,3,0.4901,1.4702,34,0.4701,40,0.4816,34,0.9517,1.6408,0.15,-1.2489,4.7511,0.0000,489.09,SUCCESS
2025-12-24T17:17:21.871941+00:00,btc-updown-15m-1766597400,TRADE,UP,ACCUM,3,3,0.4600,1.3801,37,0.4693,40,0.4816,37,0.9509,1.8159,0.07,0.3710,3.3710,0.0000,487.71,SUCCESS
2025-12-24T17:17:27.287352+00:00,btc-updown-15m-1766597400,TRADE,UP,ACCUM,3,3,0.4602,1.3806,40,0.4686,40,0.4816,40,0.9502,1.9904,0.00,1.9904,1.9904,0.0000,486.33,SUCCESS
2025-12-24T17:17:27.287923+00:00,btc-updown-15m-1766597400,TRADE,DOWN,ACCUM,3,2,0.4901,0.9801,40,0.4686,42,0.4820,40,0.9506,1.9743,0.05,1.0103,3.0103,0.0000,485.35,SUCCESS
2025-12-24T17:17:32.801861+00:00,btc-updown-15m-1766597400,TRADE,DOWN,ACCUM,3,3,0.4901,1.4703,40,0.4686,45,0.4826,40,0.9512,1.9528,0.11,-0.4601,4.5399,0.0000,483.88,SUCCESS
2025-12-24T17:17:38.240134+00:00,btc-updown-15m-1766597400,TRADE,DOWN,ACCUM,3,3,0.4901,1.4704,40,0.4686,48,0.4830,40,0.9517,1.9338,0.17,-1.9305,6.0695,0.0000,482.41,SUCCESS
2025-12-24T17:17:54.803758+00:00,btc-updown-15m-1766597400,TRADE,UP,ACCUM,3,1,0.4600,0.4600,41,0.4684,48,0.4830,41,0.9514,1.9908,0.15,-1.3905,5.6095,0.0000,481.95,SUCCESS
2025-12-24T17:18:00.380888+00:00,btc-updown-15m-1766597400,TRADE,UP,ACCUM,3,3,0.4600,1.3801,44,0.4678,48,0.4830,44,0.9509,2.1615,0.08,0.2294,4.2294,0.0000,480.57,SUCCESS
2025-12-24T17:18:00.381269+00:00,btc-updown-15m-1766597400,TRADE,DOWN,ACCUM,3,3,0.4902,1.4706,44,0.4678,51,0.4835,44,0.9513,2.1430,0.14,-1.2412,5.7588,0.0000,479.10,SUCCESS
2025-12-24T17:18:11.631009+00:00,btc-updown-15m-1766597400,TRADE,UP,ACCUM,3,3,0.4600,1.3799,47,0.4673,51,0.4835,47,0.9508,2.3127,0.08,0.3789,4.3789,0.0000,477.72,SUCCESS
2025-12-24T17:18:11.632590+00:00,btc-updown-15m-1766597400,TRADE,DOWN,ACCUM,3,3,0.4900,1.4700,47,0.4673,54,0.4838,47,0.9512,2.2956,0.13,-1.0911,5.9089,0.0000,476.25,SUCCESS
2025-12-24T17:18:17.234644+00:00,btc-updown-15m-1766597400,TRADE,UP,ACCUM,3,2,0.4599,0.9199,49,0.4670,54,0.4838,49,0.9509,2.4081,0.09,-0.0110,4.9890,0.0000,475.33,SUCCESS
2025-12-24T17:18:17.235202+00:00,btc-updown-15m-1766597400,TRADE,DOWN,ACCUM,3,3,0.4902,1.4707,49,0.4670,57,0.4842,49,0.9512,2.3916,0.14,-1.4817,6.5183,0.0000,473.86,SUCCESS
2025-12-24T17:18:22.753437+00:00,btc-updown-15m-1766597400,TRADE,UP,ACCUM,3,3,0.4601,1.3802,52,0.4666,57,0.4842,52,0.9508,2.5589,0.09,0.1381,5.1381,0.0000,472.48,SUCCESS
2025-12-24T17:18:22.753913+00:00,btc-updown-15m-1766597400,TRADE,DOWN,ACCUM,3,3,0.4901,1.4703,52,0.4666,60,0.4845,52,0.9511,2.5434,0.13,-1.3322,6.6678,0.0000,471.01,SUCCESS
2025-12-24T17:18:28.149829+00:00,btc-updown-15m-1766597400,TRADE,UP,ACCUM,3,3,0.4600,1.3801,55,0.4663,60,0.4845,55,0.9507,2.7099,0.08,0.2877,5.2877,0.0000,469.63,SUCCESS
2025-12-24T17:18:45.088870+00:00,btc-updown-15m-1766597400,TRADE,UP,ACCUM,3,3,0.4600,1.3801,58,0.4660,60,0.4845,58,0.9504,2.8765,0.03,1.9076,3.9076,0.0000,468.25,SUCCESS
2025-12-24T17:19:35.245732+00:00,btc-updown-15m-1766597400,TRADE,UP,ACCUM,3,3,0.4602,1.3806,61,0.4657,60,0.4845,60,0.9501,2.9926,0.02,2.5270,3.5270,0.0000,466.87,SUCCESS
2025-12-24T17:30:05.093007+00:00,btc-updown-15m-1766597400,RESOLUTION,UP,BINANCE_FALLBACK_SHARED,121,121,1.0000,57.4730,61,0.4657,60,0.4845,60,0.9501,2.9926,0.02,0.0000,0.0000,3.5270,527.87,RESOLVED
2025-12-24T17:30:24.002999+00:00,btc-updown-15m-1766598300,TRADE,DOWN,ACCUM,6,6,0.4902,2.9409,0,0.0000,6,0.4902,0,0.0000,0.0000,1.00,-2.9409,3.0591,0.0000,524.93,SUCCESS
2025-12-24T17:30:52.021948+00:00,btc-updown-15m-1766598300,TRADE,UP,ACCUM,6,4,0.4500,1.8001,4,0.4500,6,0.4902,4,0.9402,0.2393,0.33,-0.7410,1.2590,0.0000,523.13,SUCCESS
2025-12-24T17:30:57.609820+00:00,btc-updown-15m-1766598300,TRADE,UP,ACCUM,5,5,0.4502,2.2509,9,0.4501,6,0.4902,6,0.9403,0.3584,0.33,-0.9919,2.0081,0.0000,520.88,SUCCESS
2025-12-24T17:30:57.610275+00:00,btc-updown-15m-1766598300,TRADE,DOWN,ACCUM,5,5,0.4900,2.4500,9,0.4501,11,0.4901,9,0.9402,0.5383,0.18,-0.4419,1.5581,0.0000,518.43,SUCCESS
2025-12-24T17:31:03.103745+00:00,btc-updown-15m-1766598300,TRADE,UP,ACCUM,5,5,0.4501,2.2504,14,0.4501,11,0.4901,11,0.9402,0.6580,0.21,-0.6923,2.3077,0.0000,516.18,SUCCESS
2025-12-24T17:31:08.515829+00:00,btc-updown-15m-1766598300,TRADE,UP,ACCUM,4,4,0.4498,1.7992,18,0.4500,11,0.4901,11,0.9401,0.6587,0.39,-2.4915,4.5085,0.0000,514.38,SUCCESS
2025-12-24T17:31:19.430684+00:00,btc-updown-15m-1766598300,TRADE,DOWN,ACCUM,4,4,0.4901,1.9602,18,0.4500,15,0.4901,15,0.9401,0.8984,0.17,-0.4517,2.5483,0.0000,512.42,SUCCESS
2025-12-24T17:31:35.883999+00:00,btc-updown-15m-1766598300,TRADE,DOWN,ACCUM,4,4,0.4902,1.9608,18,0.4500,19,0.4901,18,0.9401,1.0775,0.05,0.5874,1.5874,0.0000,510.45,SUCCESS
2025-12-24T17:31:41.584684+00:00,btc-updown-15m-1766598300,TRADE,UP,ACCUM,4,4,0.4499,1.7997,22,0.4500,19,0.4901,19,0.9401,1.1378,0.14,-0.2123,2.7877,0.0000,508.66,SUCCESS
2025-12-24T17:31:41.585269+00:00,btc-updown-15m-1766598300,TRADE,DOWN,ACCUM,4,4,0.4900,1.9601,22,0.4500,23,0.4901,22,0.9401,1.3177,0.04,0.8277,1.8277,0.0000,506.70,SUCCESS
2025-12-24T17:31:52.376027+00:00,btc-updown-15m-1766598300,TRADE,DOWN,ACCUM,3,3,0.5002,1.5006,22,0.4500,26,0.4913,22,0.9413,1.2921,0.15,-0.6729,3.3271,0.0000,505.19,SUCCESS
2025-12-24T17:31:57.793402+00:00,btc-updown-15m-1766598300,TRADE,DOWN,ACCUM,3,2,0.4901,0.9802,22,0.4500,28,0.4912,22,0.9412,1.2939,0.21,-1.6531,4.3469,0.0000,504.21,SUCCESS
2025-12-24T17:32:03.205452+00:00,btc-updown-15m-1766598300,TRADE,UP,ACCUM,3,3,0.4502,1.3506,25,0.4500,28,0.4912,25,0.9412,1.4698,0.11,-0.0037,2.9963,0.0000,502.86,SUCCESS
2025-12-24T17:32:14.166960+00:00,btc-updown-15m-1766598300,TRADE,UP,ACCUM,3,3,0.4502,1.3506,28,0.4501,28,0.4912,28,0.9412,1.6457,0.00,1.6457,1.6457,0.0000,501.51,SUCCESS
2025-12-24T17:32:14.168392+00:00,btc-updown-15m-1766598300,TRADE,DOWN,ACCUM,3,3,0.4902,1.4707,28,0.4501,31,0.4911,28,0.9411,1.6483,0.10,0.1751,3.1751,0.0000,500.04,SUCCESS
2025-12-24T17:32:25.200532+00:00,btc-updown-15m-1766598300,TRADE,UP,ACCUM,3,2,0.4498,0.8996,30,0.4500,31,0.4911,30,0.9411,1.7666,0.03,1.2755,2.2755,0.0000,499.14,SUCCESS
2025-12-24T17:32:25.202104+00:00,btc-updown-15m-1766598300,TRADE,DOWN,ACCUM,3,3,0.4901,1.4702,30,0.4500,34,0.4910,30,0.9410,1.7692,0.12,-0.1947,3.8053,0.0000,497.67,SUCCESS
2025-12-24T17:32:41.643035+00:00,btc-updown-15m-1766598300,TRADE,DOWN,ACCUM,3,3,0.4902,1.4707,30,0.4500,37,0.4909,30,0.9410,1.7711,0.19,-1.6654,5.3346,0.0000,496.20,SUCCESS
2025-12-24T17:32:52.531652+00:00,btc-updown-15m-1766598300,TRADE,DOWN,ACCUM,3,3,0.4902,1.4706,30,0.4500,40,0.4909,30,0.9409,1.7728,0.25,-3.1359,6.8641,0.0000,494.73,SUCCESS
2025-12-24T17:33:09.328626+00:00,btc-updown-15m-1766598300,TRADE,UP,ACCUM,3,3,0.4600,1.3801,33,0.4509,40,0.4909,33,0.9418,1.9200,0.17,-1.5161,5.4839,0.0000,493.35,SUCCESS
2025-12-24T17:33:20.330532+00:00,btc-updown-15m-1766598300,TRADE,DOWN,ACCUM,3,3,0.4902,1.4705,33,0.4509,43,0.4908,33,0.9418,1.9216,0.23,-2.9866,7.0134,0.0000,491.88,SUCCESS
2025-12-24T17:33:31.395232+00:00,btc-updown-15m-1766598300,TRADE,UP,ACCUM,3,3,0.4601,1.3803,36,0.4517,43,0.4908,36,0.9425,2.0688,0.16,-1.3669,5.6331,0.0000,490.50,SUCCESS
2025-12-24T17:33:42.205580+00:00,btc-updown-15m-1766598300,TRADE,DOWN,ACCUM,3,3,0.4901,1.4702,36,0.4517,46,0.4908,36,0.9425,2.0706,0.22,-2.8371,7.1629,0.0000,489.03,SUCCESS
2025-12-24T17:34:20.966239+00:00,btc-updown-15m-1766598300,TRADE,UP,ACCUM,3,3,0.4502,1.3506,39,0.4516,46,0.4908,39,0.9424,2.2477,0.15,-1.1877,5.8123,0.0000,487.68,SUCCESS
2025-12-24T17:34:26.468981+00:00,btc-updown-15m-1766598300,TRADE,UP,ACCUM,3,3,0.4502,1.3505,42,0.4515,46,0.4908,42,0.9423,2.4249,0.09,0.4618,4.4618,0.0000,486.33,SUCCESS
2025-12-24T17:34:32.081416+00:00,btc-updown-15m-1766598300,TRADE,DOWN,ACCUM,3,3,0.4902,1.4707,42,0.4515,49,0.4907,42,0.9422,2.4263,0.14,-1.0089,5.9911,0.0000,484.86,SUCCESS
2025-12-24T17:34:37.582565+00:00,btc-updown-15m-1766598300,TRADE,UP,ACCUM,3,3,0.4602,1.3805,45,0.4521,49,0.4907,45,0.9428,2.5736,0.08,0.6106,4.6106,0.0000,483.48,SUCCESS
2025-12-24T17:34:43.013105+00:00,btc-updown-15m-1766598300,TRADE,UP,ACCUM,3,3,0.4601,1.3804,48,0.4526,49,0.4907,48,0.9433,2.7210,0.02,2.2303,3.2303,0.0000,482.10,SUCCESS
2025-12-24T17:34:54.064375+00:00,btc-updown-15m-1766598300,TRADE,UP,ACCUM,3,3,0.4601,1.3802,51,0.4530,49,0.4907,49,0.9438,2.7560,0.04,1.8500,3.8500,0.0000,480.72,SUCCESS
2025-12-24T17:34:54.065407+00:00,btc-updown-15m-1766598300,TRADE,DOWN,ACCUM,3,3,0.4900,1.4700,51,0.4530,52,0.4907,51,0.9437,2.8707,0.02,2.3800,3.3800,0.0000,479.25,SUCCESS
2025-12-24T17:34:59.466444+00:00,btc-updown-15m-1766598300,TRADE,DOWN,ACCUM,3,3,0.4902,1.4706,51,0.4530,55,0.4907,51,0.9437,2.8720,0.07,0.9094,4.9094,0.0000,477.78,SUCCESS
2025-12-24T17:35:10.397842+00:00,btc-updown-15m-1766598300,TRADE,UP,ACCUM,3,1,0.4700,0.4700,52,0.4533,55,0.4907,52,0.9440,2.9113,0.05,1.4393,4.4393,0.0000,477.31,SUCCESS
2025-12-24T17:35:10.398493+00:00,btc-updown-15m-1766598300,TRADE,DOWN,ACCUM,2,2,0.5002,1.0004,52,0.4533,57,0.4910,52,0.9443,2.8940,0.09,0.4390,5.4390,0.0000,476.31,SUCCESS
2025-12-24T17:35:15.847842+00:00,btc-updown-15m-1766598300,TRADE,UP,ACCUM,3,3,0.4702,1.4107,55,0.4543,57,0.4910,55,0.9453,3.0103,0.04,2.0283,4.0283,0.0000,474.90,SUCCESS
2025-12-24T17:35:15.848160+00:00,btc-updown-15m-1766598300,TRADE,DOWN,ACCUM,2,2,0.5001,1.0002,55,0.4543,59,0.4913,55,0.9456,2.9934,0.07,1.0281,5.0281,0.0000,473.90,SUCCESS
2025-12-24T17:35:21.539024+00:00,btc-updown-15m-1766598300,TRADE,UP,ACCUM,3,3,0.4702,1.4106,58,0.4551,59,0.4913,58,0.9464,3.1088,0.02,2.6175,3.6175,0.0000,472.48,SUCCESS
2025-12-24T17:35:21.539915+00:00,btc-updown-15m-1766598300,TRADE,DOWN,ACCUM,2,2,0.5001,1.0003,58,0.4551,61,0.4916,58,0.9467,3.0920,0.05,1.6172,4.6172,0.0000,471.48,SUCCESS
2025-12-24T17:35:27.164288+00:00,btc-updown-15m-1766598300,TRADE,UP,ACCUM,3,3,0.4700,1.4100,61,0.4558,61,0.4916,61,0.9474,3.2072,0.00,3.2072,3.2072,0.0000,470.07,SUCCESS
2025-12-24T17:45:02.123373+00:00,btc-updown-15m-1766598300,RESOLUTION,DOWN,BINANCE_FALLBACK_SHARED,122,122,1.0000,57.7928,61,0.4558,61,0.4916,61,0.9474,3.2072,0.00,0.0000,0.0000,3.2072,531.07,RESOLVED
2025-12-24T17:45:11.469060+00:00,btc-updown-15m-1766599200,TRADE,UP,ACCUM,6,6,0.4702,2.8212,6,0.4702,0,0.0000,0,0.0000,0.0000,1.00,-2.8212,3.1788,0.0000,528.25,SUCCESS
2025-12-24T17:45:11.469576+00:00,btc-updown-15m-1766599200,TRADE,DOWN,ACCUM,6,6,0.4801,2.8809,6,0.4702,6,0.4801,6,0.9503,0.2979,0.00,0.2979,0.2979,0.0000,525.37,SUCCESS
2025-12-24T17:45:22.309747+00:00,btc-updown-15m-1766599200,TRADE,UP,ACCUM,5,5,0.4702,2.3510,11,0.4702,6,0.4801,6,0.9503,0.2979,0.45,-2.0531,2.9469,0.0000,523.02,SUCCESS
2025-12-24T17:45:27.715335+00:00,btc-updown-15m-1766599200,TRADE,UP,ACCUM,4,4,0.4702,1.8807,15,0.4702,6,0.4801,6,0.9503,0.2979,0.60,-3.9338,5.0662,0.0000,521.14,SUCCESS
2025-12-24T17:45:27.715989+00:00,btc-updown-15m-1766599200,TRADE,DOWN,ACCUM,5,5,0.4801,2.4007,15,0.4702,11,0.4801,11,0.9503,0.5462,0.27,-1.3346,2.6654,0.0000,518.74,SUCCESS
2025-12-24T17:45:33.135444+00:00,btc-updown-15m-1766599200,TRADE,DOWN,ACCUM,4,4,0.4802,1.9208,15,0.4702,15,0.4802,15,0.9504,0.7447,0.00,0.7447,0.7447,0.0000,516.82,SUCCESS
2025-12-24T17:45:38.711867+00:00,btc-updown-15m-1766599200,TRADE,UP,ACCUM,4,4,0.4798,1.9192,19,0.4722,15,0.4802,15,0.9524,0.7143,0.21,-1.1745,2.8255,0.0000,514.90,SUCCESS
2025-12-24T17:45:50.183502+00:00,btc-updown-15m-1766599200,TRADE,UP,ACCUM,4,4,0.4700,1.8801,23,0.4718,15,0.4802,15,0.9520,0.7200,0.35,-3.0547,4.9453,0.0000,513.02,SUCCESS
2025-12-24T17:45:50.184634+00:00,btc-updown-15m-1766599200,TRADE,DOWN,ACCUM,4,4,0.4702,1.8808,23,0.4718,19,0.4781,19,0.9499,0.9519,0.17,-0.9354,3.0646,0.0000,511.14,SUCCESS
2025-12-24T17:45:55.773794+00:00,btc-updown-15m-1766599200,TRADE,UP,ACCUM,3,3,0.4700,1.4100,26,0.4716,19,0.4781,19,0.9497,0.9559,0.27,-2.3454,4.6546,0.0000,509.73,SUCCESS
2025-12-24T17:45:55.774354+00:00,btc-updown-15m-1766599200,TRADE,DOWN,ACCUM,4,4,0.4701,1.8803,26,0.4716,23,0.4767,23,0.9483,1.1891,0.12,-0.2257,2.7743,0.0000,507.85,SUCCESS
2025-12-24T17:46:01.302088+00:00,btc-updown-15m-1766599200,TRADE,UP,ACCUM,3,1,0.4702,0.4702,27,0.4716,23,0.4767,23,0.9482,1.1904,0.15,-0.6959,3.3041,0.0000,507.38,SUCCESS
2025-12-24T17:46:06.699645+00:00,btc-updown-15m-1766599200,TRADE,UP,ACCUM,3,3,0.4701,1.4103,30,0.4714,23,0.4767,23,0.9481,1.1937,0.23,-2.1062,4.8938,0.0000,505.97,SUCCESS
2025-12-24T17:46:12.216671+00:00,btc-updown-15m-1766599200,TRADE,DOWN,ACCUM,3,3,0.4702,1.4106,30,0.4714,26,0.4759,26,0.9474,1.3689,0.13,-0.5168,3.4832,0.0000,504.56,SUCCESS
2025-12-24T17:46:17.717284+00:00,btc-updown-15m-1766599200,TRADE,DOWN,ACCUM,3,3,0.4802,1.4405,30,0.4714,29,0.4764,29,0.9478,1.5141,0.03,1.0426,2.0426,0.0000,503.12,SUCCESS
2025-12-24T17:46:23.121032+00:00,btc-updown-15m-1766599200,TRADE,UP,ACCUM,3,3,0.4702,1.4106,33,0.4713,29,0.4764,29,0.9477,1.5173,0.12,-0.3680,3.6320,0.0000,501.71,SUCCESS
2025-12-24T17:46:23.121640+00:00,btc-updown-15m-1766599200,TRADE,DOWN,ACCUM,3,3,0.4802,1.4407,33,0.4713,32,0.4767,32,0.9480,1.6627,0.03,1.1913,2.1913,0.0000,500.27,SUCCESS
2025-12-24T17:46:28.555258+00:00,btc-updown-15m-1766599200,TRADE,UP,ACCUM,3,3,0.4700,1.4101,36,0.4712,32,0.4767,32,0.9479,1.6660,0.11,-0.2188,3.7812,0.0000,498.86,SUCCESS
2025-12-24T17:46:39.517521+00:00,btc-updown-15m-1766599200,TRADE,DOWN,ACCUM,3,3,0.4802,1.4406,36,0.4712,35,0.4770,35,0.9482,1.8118,0.03,1.3406,2.3406,0.0000,497.42,SUCCESS
2025-12-24T17:46:50.472067+00:00,btc-updown-15m-1766599200,TRADE,DOWN,ACCUM,3,3,0.4802,1.4405,36,0.4712,38,0.4773,36,0.9485,1.8547,0.05,0.9001,2.9001,0.0000,495.97,SUCCESS
2025-12-24T17:46:56.031637+00:00,btc-updown-15m-1766599200,TRADE,UP,ACCUM,3,3,0.4702,1.4105,39,0.4711,38,0.4773,38,0.9484,1.9608,0.03,1.4896,2.4896,0.0000,494.56,SUCCESS
2025-12-24T17:47:01.761865+00:00,btc-updown-15m-1766599200,TRADE,UP,ACCUM,3,3,0.4701,1.4102,42,0.4711,38,0.4773,38,0.9483,1.9636,0.10,0.0794,4.0794,0.0000,493.15,SUCCESS
2025-12-24T17:47:07.343654+00:00,btc-updown-15m-1766599200,TRADE,UP,ACCUM,3,3,0.4701,1.4103,45,0.4710,38,0.4773,38,0.9483,1.9660,0.16,-1.3309,5.6691,0.0000,491.74,SUCCESS
2025-12-24T17:47:18.724992+00:00,btc-updown-15m-1766599200,TRADE,UP,ACCUM,3,3,0.4702,1.4106,48,0.4709,38,0.4773,38,0.9482,1.9679,0.21,-2.7415,7.2585,0.0000,490.33,SUCCESS
2025-12-24T17:47:29.652322+00:00,btc-updown-15m-1766599200,TRADE,DOWN,ACCUM,3,3,0.4798,1.4394,48,0.4709,41,0.4775,41,0.9484,2.1156,0.15,-1.1810,5.8190,0.0000,488.89,SUCCESS
2025-12-24T17:47:35.206896+00:00,btc-updown-15m-1766599200,TRADE,DOWN,ACCUM,3,3,0.4801,1.4404,48,0.4709,44,0.4776,44,0.9486,2.2623,0.08,0.3786,4.3786,0.0000,487.45,SUCCESS
2025-12-24T17:47:40.880626+00:00,btc-updown-15m-1766599200,TRADE,DOWN,ACCUM,3,3,0.4801,1.4404,48,0.4709,47,0.4778,47,0.9487,2.4091,0.02,1.9382,2.9382,0.0000,486.01,SUCCESS
2025-12-24T17:47:46.483578+00:00,btc-updown-15m-1766599200,TRADE,UP,ACCUM,3,3,0.4702,1.4106,51,0.4709,47,0.4778,47,0.9487,2.4112,0.08,0.5276,4.5276,0.0000,484.60,SUCCESS
2025-12-24T17:47:52.028568+00:00,btc-updown-15m-1766599200,TRADE,UP,ACCUM,3,3,0.4700,1.4101,54,0.4709,47,0.4778,47,0.9487,2.4134,0.13,-0.8825,6.1175,0.0000,483.19,SUCCESS
2025-12-24T17:47:57.571360+00:00,btc-updown-15m-1766599200,TRADE,UP,ACCUM,3,3,0.4701,1.4102,57,0.4708,47,0.4778,47,0.9486,2.4153,0.18,-2.2927,7.7073,0.0000,481.78,SUCCESS
2025-12-24T17:47:57.571927+00:00,btc-updown-15m-1766599200,TRADE,DOWN,ACCUM,3,1,0.4802,0.4802,57,0.4708,48,0.4779,48,0.9487,2.4644,0.16,-1.7729,7.2271,0.0000,481.30,SUCCESS
2025-12-24T17:48:02.976760+00:00,btc-updown-15m-1766599200,TRADE,DOWN,ACCUM,3,3,0.4802,1.4406,57,0.4708,51,0.4780,51,0.9488,2.6114,0.11,-0.2135,5.7865,0.0000,479.86,SUCCESS
2025-12-24T17:48:08.543390+00:00,btc-updown-15m-1766599200,TRADE,DOWN,ACCUM,3,1,0.4802,0.4802,57,0.4708,52,0.4780,52,0.9488,2.6604,0.09,0.3064,5.3064,0.0000,479.38,SUCCESS
2025-12-24T17:48:14.052949+00:00,btc-updown-15m-1766599200,TRADE,UP,ACCUM,3,3,0.4701,1.4102,60,0.4708,52,0.4780,52,0.9488,2.6623,0.13,-1.1039,6.8961,0.0000,477.97,SUCCESS
2025-12-24T17:48:14.053771+00:00,btc-updown-15m-1766599200,TRADE,DOWN,ACCUM,3,3,0.4802,1.4407,60,0.4708,55,0.4781,55,0.9489,2.8093,0.08,0.4554,5.4554,0.0000,476.53,SUCCESS
2025-12-24T17:48:19.612416+00:00,btc-updown-15m-1766599200,TRADE,DOWN,ACCUM,3,3,0.4801,1.4404,60,0.4708,58,0.4783,58,0.9490,2.9566,0.03,2.0150,4.0150,0.0000,475.09,SUCCESS
2025-12-24T17:48:25.203471+00:00,btc-updown-15m-1766599200,TRADE,DOWN,ACCUM,3,3,0.4801,1.4404,60,0.4708,61,0.4783,60,0.9491,3.0529,0.02,2.5746,3.5746,0.0000,473.65,SUCCESS
2025-12-24T18:00:02.880916+00:00,btc-updown-15m-1766599200,RESOLUTION,DOWN,BINANCE_FALLBACK_SHARED,121,121,1.0000,57.4254,60,0.4708,61,0.4783,60,0.9491,3.0529,0.02,0.0000,0.0000,3.5746,534.65,RESOLVED
2025-12-24T18:00:11.761623+00:00,btc-updown-15m-1766600100,TRADE,UP,ACCUM,6,6,0.4902,2.9414,6,0.4902,0,0.0000,0,0.0000,0.0000,1.00,-2.9414,3.0586,0.0000,531.71,SUCCESS
2025-12-24T18:00:11.761974+00:00,btc-updown-15m-1766600100,TRADE,DOWN,ACCUM,6,6,0.4601,2.7609,6,0.4902,6,0.4601,6,0.9504,0.2977,0.00,0.2977,0.2977,0.0000,528.95,SUCCESS
2025-12-24T18:00:17.275413+00:00,btc-updown-15m-1766600100,TRADE,UP,ACCUM,5,5,0.4900,2.4498,11,0.4901,6,0.4601,6,0.9503,0.2985,0.45,-2.1521,2.8479,0.0000,526.50,SUCCESS
2025-12-24T18:00:28.367094+00:00,btc-updown-15m-1766600100,TRADE,UP,ACCUM,4,4,0.4802,1.9209,15,0.4875,6,0.4601,6,0.9476,0.3143,0.60,-4.0730,4.9270,0.0000,524.58,SUCCESS
2025-12-24T18:00:28.367757+00:00,btc-updown-15m-1766600100,TRADE,DOWN,ACCUM,5,5,0.4701,2.3503,15,0.4875,11,0.4646,11,0.9521,0.5267,0.27,-1.4232,2.5768,0.0000,522.23,SUCCESS
2025-12-24T18:00:39.276852+00:00,btc-updown-15m-1766600100,TRADE,DOWN,ACCUM,4,4,0.4700,1.8802,15,0.4875,15,0.4661,15,0.9536,0.6966,0.00,0.6966,0.6966,0.0000,520.35,SUCCESS
2025-12-24T18:00:44.884584+00:00,btc-updown-15m-1766600100,TRADE,DOWN,ACCUM,4,4,0.4701,1.8804,15,0.4875,19,0.4669,15,0.9544,0.6839,0.21,-1.1838,2.8162,0.0000,518.47,SUCCESS
2025-12-24T18:00:50.307233+00:00,btc-updown-15m-1766600100,TRADE,DOWN,ACCUM,4,4,0.4702,1.8809,15,0.4875,23,0.4675,15,0.9550,0.6753,0.35,-3.0647,4.9353,0.0000,516.58,SUCCESS
2025-12-24T18:01:12.414879+00:00,btc-updown-15m-1766600100,TRADE,UP,ACCUM,4,4,0.4902,1.9608,19,0.4880,23,0.4675,19,0.9556,0.8445,0.17,-1.0255,2.9745,0.0000,514.62,SUCCESS
2025-12-24T18:01:17.807292+00:00,btc-updown-15m-1766600100,TRADE,UP,ACCUM,4,4,0.4902,1.9606,23,0.4884,23,0.4675,23,0.9559,1.0139,0.00,1.0139,1.0139,0.0000,512.66,SUCCESS
2025-12-24T18:01:34.188558+00:00,btc-updown-15m-1766600100,TRADE,DOWN,ACCUM,3,3,0.4600,1.3801,23,0.4884,26,0.4666,23,0.9551,1.0337,0.12,-0.3662,2.6338,0.0000,511.28,SUCCESS
2025-12-24T18:01:39.679247+00:00,btc-updown-15m-1766600100,TRADE,UP,ACCUM,3,3,0.4802,1.4406,26,0.4875,26,0.4666,26,0.9541,1.1931,0.00,1.1931,1.1931,0.0000,509.84,SUCCESS
2025-12-24T18:01:56.183605+00:00,btc-updown-15m-1766600100,TRADE,DOWN,ACCUM,3,3,0.4602,1.3805,26,0.4875,29,0.4660,26,0.9534,1.2106,0.10,-0.1874,2.8126,0.0000,508.46,SUCCESS
2025-12-24T18:02:18.004605+00:00,btc-updown-15m-1766600100,TRADE,DOWN,ACCUM,3,2,0.4601,0.9203,26,0.4875,31,0.4656,26,0.9531,1.2204,0.16,-1.1076,3.8924,0.0000,507.54,SUCCESS
2025-12-24T18:02:23.425980+00:00,btc-updown-15m-1766600100,TRADE,UP,ACCUM,3,3,0.4802,1.4407,29,0.4867,31,0.4656,29,0.9523,1.3829,0.06,0.4517,2.4517,0.0000,506.10,SUCCESS
2025-12-24T18:02:28.813923+00:00,btc-updown-15m-1766600100,TRADE,DOWN,ACCUM,3,3,0.4601,1.3802,29,0.4867,34,0.4651,29,0.9518,1.3971,0.15,-0.9285,4.0715,0.0000,504.72,SUCCESS
2025-12-24T18:02:34.314272+00:00,btc-updown-15m-1766600100,TRADE,UP,ACCUM,3,3,0.4800,1.4401,32,0.4861,34,0.4651,32,0.9512,1.5616,0.06,0.6314,2.6314,0.0000,503.28,SUCCESS
2025-12-24T18:02:39.711622+00:00,btc-updown-15m-1766600100,TRADE,UP,ACCUM,3,3,0.4801,1.4404,35,0.4856,34,0.4651,34,0.9507,1.6766,0.03,1.1910,2.1910,0.0000,501.84,SUCCESS
2025-12-24T18:02:45.233408+00:00,btc-updown-15m-1766600100,TRADE,UP,ACCUM,3,3,0.4801,1.4404,38,0.4852,34,0.4651,34,0.9503,1.6912,0.11,-0.2494,3.7506,0.0000,500.40,SUCCESS
2025-12-24T18:02:50.723775+00:00,btc-updown-15m-1766600100,TRADE,UP,ACCUM,3,3,0.4800,1.4401,41,0.4848,34,0.4651,34,0.9499,1.7039,0.17,-1.6896,5.3104,0.0000,498.96,SUCCESS
2025-12-24T18:02:56.319206+00:00,btc-updown-15m-1766600100,TRADE,UP,ACCUM,3,3,0.4901,1.4702,44,0.4851,34,0.4651,34,0.9502,1.6916,0.23,-3.1598,6.8402,0.0000,497.49,SUCCESS
2025-12-24T18:02:56.320769+00:00,btc-updown-15m-1766600100,TRADE,DOWN,ACCUM,3,3,0.4601,1.3804,44,0.4851,37,0.4647,37,0.9498,1.8558,0.16,-1.5402,5.4598,0.0000,496.11,SUCCESS
2025-12-24T18:03:01.825153+00:00,btc-updown-15m-1766600100,TRADE,DOWN,ACCUM,3,3,0.4602,1.3805,44,0.4851,40,0.4644,40,0.9495,2.0198,0.09,0.0793,4.0793,0.0000,494.73,SUCCESS
2025-12-24T18:03:07.328354+00:00,btc-updown-15m-1766600100,TRADE,UP,ACCUM,3,3,0.4901,1.4702,47,0.4855,40,0.4644,40,0.9498,2.0072,0.15,-1.3909,5.6091,0.0000,493.26,SUCCESS
2025-12-24T18:03:07.328927+00:00,btc-updown-15m-1766600100,TRADE,DOWN,ACCUM,3,3,0.4600,1.3801,47,0.4855,43,0.4641,43,0.9495,2.1708,0.09,0.2289,4.2289,0.0000,491.88,SUCCESS
2025-12-24T18:03:18.108020+00:00,btc-updown-15m-1766600100,TRADE,UP,ACCUM,3,3,0.4901,1.4704,50,0.4857,43,0.4641,43,0.9498,2.1587,0.14,-1.2415,5.7585,0.0000,490.41,SUCCESS
2025-12-24T18:03:18.108688+00:00,btc-updown-15m-1766600100,TRADE,DOWN,ACCUM,3,3,0.4601,1.3804,50,0.4857,46,0.4638,46,0.9495,2.3211,0.08,0.3781,4.3781,0.0000,489.03,SUCCESS
2025-12-24T18:03:23.717532+00:00,btc-updown-15m-1766600100,TRADE,DOWN,ACCUM,3,3,0.4602,1.3806,50,0.4857,49,0.4636,49,0.9493,2.4833,0.02,1.9976,2.9976,0.0000,487.65,SUCCESS
2025-12-24T18:03:29.140198+00:00,btc-updown-15m-1766600100,TRADE,UP,ACCUM,3,3,0.4902,1.4706,53,0.4860,49,0.4636,49,0.9496,2.4709,0.08,0.5270,4.5270,0.0000,486.18,SUCCESS
2025-12-24T18:03:29.142720+00:00,btc-updown-15m-1766600100,TRADE,DOWN,ACCUM,3,3,0.4601,1.3802,53,0.4860,52,0.4634,52,0.9494,2.6328,0.02,2.1469,3.1469,0.0000,484.80,SUCCESS
2025-12-24T18:03:34.661707+00:00,btc-updown-15m-1766600100,TRADE,UP,ACCUM,3,3,0.4902,1.4705,56,0.4862,52,0.4634,52,0.9496,2.6212,0.07,0.6764,4.6764,0.0000,483.33,SUCCESS
2025-12-24T18:03:34.662310+00:00,btc-updown-15m-1766600100,TRADE,DOWN,ACCUM,3,3,0.4601,1.3803,56,0.4862,55,0.4632,55,0.9494,2.7822,0.02,2.2960,3.2960,0.0000,481.95,SUCCESS
2025-12-24T18:03:45.772312+00:00,btc-updown-15m-1766600100,TRADE,UP,ACCUM,2,2,0.5002,1.0005,58,0.4867,55,0.4632,55,0.9499,2.7556,0.05,1.2956,4.2956,0.0000,480.94,SUCCESS
2025-12-24T18:03:45.772915+00:00,btc-updown-15m-1766600100,TRADE,DOWN,ACCUM,3,3,0.4500,1.3501,58,0.4867,58,0.4625,58,0.9492,2.9455,0.00,2.9455,2.9455,0.0000,479.59,SUCCESS
2025-12-24T18:03:51.168285+00:00,btc-updown-15m-1766600100,TRADE,UP,ACCUM,2,1,0.5002,0.5002,59,0.4869,58,0.4625,58,0.9494,2.9322,0.02,2.4452,3.4452,0.0000,479.09,SUCCESS
2025-12-24T18:04:02.171788+00:00,btc-updown-15m-1766600100,TRADE,UP,ACCUM,2,2,0.5002,1.0005,61,0.4874,58,0.4625,58,0.9499,2.9068,0.05,1.4447,4.4447,0.0000,478.09,SUCCESS
2025-12-24T18:04:07.672007+00:00,btc-updown-15m-1766600100,TRADE,DOWN,ACCUM,3,3,0.4502,1.3506,61,0.4874,61,0.4619,61,0.9493,3.0941,0.00,3.0941,3.0941,0.0000,476.74,SUCCESS
2025-12-24T18:15:04.179688+00:00,btc-updown-15m-1766600100,RESOLUTION,UP,BINANCE_FALLBACK_SHARED,122,122,1.0000,57.9059,61,0.4874,61,0.4619,61,0.9493,3.0941,0.00,0.0000,0.0000,3.0941,537.74,RESOLVED
2025-12-24T18:15:12.977778+00:00,btc-updown-15m-1766601000,TRADE,UP,ACCUM,6,6,0.4802,2.8810,6,0.4802,0,0.0000,0,0.0000,0.0000,1.00,-2.8810,3.1190,0.0000,534.86,SUCCESS
2025-12-24T18:15:18.533840+00:00,btc-updown-15m-1766601000,TRADE,DOWN,ACCUM,6,6,0.4700,2.8202,6,0.4802,6,0.4700,6,0.9502,0.2988,0.00,0.2988,0.2988,0.0000,532.04,SUCCESS
2025-12-24T18:15:24.075069+00:00,btc-updown-15m-1766601000,TRADE,DOWN,ACCUM,5,5,0.4700,2.3502,6,0.4802,11,0.4700,6,0.9502,0.2988,0.45,-2.0514,2.9486,0.0000,529.69,SUCCESS
2025-12-24T18:15:29.612354+00:00,btc-updown-15m-1766601000,TRADE,UP,ACCUM,5,5,0.4802,2.4008,11,0.4802,11,0.4700,11,0.9502,0.5479,0.00,0.5479,0.5479,0.0000,527.29,SUCCESS
2025-12-24T18:15:29.612773+00:00,btc-updown-15m-1766601000,TRADE,DOWN,ACCUM,4,4,0.4700,1.8802,11,0.4802,15,0.4700,11,0.9502,0.5478,0.27,-1.3323,2.6677,0.0000,525.41,SUCCESS
2025-12-24T18:15:40.494703+00:00,btc-updown-15m-1766601000,TRADE,DOWN,ACCUM,4,1,0.4701,0.4701,11,0.4802,16,0.4700,11,0.9502,0.5478,0.31,-1.8025,3.1975,0.0000,524.94,SUCCESS
2025-12-24T18:15:46.197639+00:00,btc-updown-15m-1766601000,TRADE,UP,ACCUM,4,4,0.4801,1.9205,15,0.4802,16,0.4700,15,0.9502,0.7471,0.06,0.2771,1.2771,0.0000,523.02,SUCCESS
2025-12-24T18:15:51.855538+00:00,btc-updown-15m-1766601000,TRADE,UP,ACCUM,4,4,0.4701,1.8804,19,0.4780,16,0.4700,16,0.9481,0.8307,0.16,-0.6034,2.3966,0.0000,521.14,SUCCESS
2025-12-24T18:15:51.855845+00:00,btc-updown-15m-1766601000,TRADE,DOWN,ACCUM,4,4,0.4802,1.9208,19,0.4780,20,0.4721,19,0.9501,0.9479,0.05,0.4759,1.4759,0.0000,519.22,SUCCESS
2025-12-24T18:16:08.164762+00:00,btc-updown-15m-1766601000,TRADE,UP,ACCUM,4,2,0.4702,0.9403,21,0.4773,20,0.4721,20,0.9494,1.0128,0.05,0.5356,1.5356,0.0000,518.28,SUCCESS
2025-12-24T18:16:08.165682+00:00,btc-updown-15m-1766601000,TRADE,DOWN,ACCUM,4,4,0.4802,1.9206,21,0.4773,24,0.4734,21,0.9507,1.0352,0.12,-0.3851,2.6149,0.0000,516.36,SUCCESS
2025-12-24T18:16:13.586719+00:00,btc-updown-15m-1766601000,TRADE,UP,ACCUM,3,3,0.4600,1.3800,24,0.4751,24,0.4734,24,0.9485,1.2349,0.00,1.2349,1.2349,0.0000,514.98,SUCCESS
2025-12-24T18:16:24.391670+00:00,btc-updown-15m-1766601000,TRADE,DOWN,ACCUM,3,3,0.4801,1.4402,24,0.4751,27,0.4742,24,0.9493,1.2172,0.11,-0.2053,2.7947,0.0000,513.54,SUCCESS
2025-12-24T18:16:40.922764+00:00,btc-updown-15m-1766601000,TRADE,DOWN,ACCUM,3,3,0.4800,1.4400,24,0.4751,30,0.4747,24,0.9499,1.2031,0.20,-1.6453,4.3547,0.0000,512.10,SUCCESS
2025-12-24T18:16:57.702495+00:00,btc-updown-15m-1766601000,TRADE,DOWN,ACCUM,3,3,0.4801,1.4404,24,0.4751,33,0.4752,24,0.9504,1.1914,0.27,-3.0858,5.9142,0.0000,510.66,SUCCESS
2025-12-24T18:17:03.377621+00:00,btc-updown-15m-1766601000,TRADE,UP,ACCUM,3,3,0.4600,1.3800,27,0.4734,33,0.4752,27,0.9487,1.3856,0.18,-1.4658,4.5342,0.0000,509.28,SUCCESS
2025-12-24T18:17:08.991925+00:00,btc-updown-15m-1766601000,TRADE,UP,ACCUM,3,3,0.4601,1.3803,30,0.4721,33,0.4752,30,0.9473,1.5796,0.09,0.1539,3.1539,0.0000,507.90,SUCCESS
2025-12-24T18:17:31.051208+00:00,btc-updown-15m-1766601000,TRADE,DOWN,ACCUM,3,3,0.4801,1.4403,30,0.4721,36,0.4756,30,0.9478,1.5674,0.17,-1.2864,4.7136,0.0000,506.46,SUCCESS
2025-12-24T18:17:36.473646+00:00,btc-updown-15m-1766601000,TRADE,UP,ACCUM,3,3,0.4599,1.3796,33,0.4710,36,0.4756,33,0.9466,1.7609,0.08,0.3340,3.3340,0.0000,505.08,SUCCESS
2025-12-24T18:17:36.474119+00:00,btc-updown-15m-1766601000,TRADE,DOWN,ACCUM,3,3,0.4900,1.4701,33,0.4710,39,0.4767,33,0.9477,1.7244,0.15,-1.1361,4.8639,0.0000,503.61,SUCCESS
2025-12-24T18:17:42.019027+00:00,btc-updown-15m-1766601000,TRADE,UP,ACCUM,3,3,0.4600,1.3800,36,0.4701,39,0.4767,36,0.9468,1.9141,0.08,0.4838,3.4838,0.0000,502.23,SUCCESS
2025-12-24T18:17:47.539871+00:00,btc-updown-15m-1766601000,TRADE,UP,ACCUM,3,3,0.4602,1.3806,39,0.4693,39,0.4767,39,0.9461,2.1032,0.00,2.1032,2.1032,0.0000,500.85,SUCCESS
2025-12-24T18:17:53.058308+00:00,btc-updown-15m-1766601000,TRADE,UP,ACCUM,3,3,0.4602,1.3807,42,0.4687,39,0.4767,39,0.9454,2.1286,0.07,0.7226,3.7226,0.0000,499.47,SUCCESS
2025-12-24T18:17:58.718524+00:00,btc-updown-15m-1766601000,TRADE,UP,ACCUM,3,3,0.4601,1.3802,45,0.4681,39,0.4767,39,0.9448,2.1509,0.13,-0.6577,5.3423,0.0000,498.09,SUCCESS
2025-12-24T18:18:04.239488+00:00,btc-updown-15m-1766601000,TRADE,UP,ACCUM,3,3,0.4601,1.3802,48,0.4676,39,0.4767,39,0.9443,2.1705,0.19,-2.0378,6.9622,0.0000,496.71,SUCCESS
2025-12-24T18:18:20.440662+00:00,btc-updown-15m-1766601000,TRADE,DOWN,ACCUM,3,3,0.4801,1.4404,48,0.4676,42,0.4770,42,0.9446,2.3273,0.12,-0.4782,5.5218,0.0000,495.27,SUCCESS
2025-12-24T18:18:25.858087+00:00,btc-updown-15m-1766601000,TRADE,DOWN,ACCUM,3,3,0.4802,1.4405,48,0.4676,45,0.4772,45,0.9448,2.4840,0.06,1.0812,4.0812,0.0000,493.82,SUCCESS
2025-12-24T18:18:31.260340+00:00,btc-updown-15m-1766601000,TRADE,UP,ACCUM,3,3,0.4600,1.3800,51,0.4672,45,0.4772,45,0.9444,2.5041,0.12,-0.2988,5.7012,0.0000,492.44,SUCCESS
2025-12-24T18:18:36.796162+00:00,btc-updown-15m-1766601000,TRADE,DOWN,ACCUM,3,3,0.4802,1.4406,51,0.4672,48,0.4774,48,0.9445,2.6620,0.06,1.2606,4.2606,0.0000,491.00,SUCCESS
2025-12-24T18:18:42.219187+00:00,btc-updown-15m-1766601000,TRADE,UP,ACCUM,3,3,0.4600,1.3801,54,0.4668,48,0.4774,48,0.9441,2.6810,0.11,-0.1195,5.8805,0.0000,489.62,SUCCESS
2025-12-24T18:18:53.281336+00:00,btc-updown-15m-1766601000,TRADE,DOWN,ACCUM,3,3,0.4801,1.4402,54,0.4668,51,0.4775,51,0.9443,2.8406,0.06,1.4403,4.4403,0.0000,488.18,SUCCESS
2025-12-24T18:19:04.452910+00:00,btc-updown-15m-1766601000,TRADE,UP,ACCUM,3,2,0.4600,0.9200,56,0.4665,51,0.4775,51,0.9441,2.8528,0.09,0.5203,5.5203,0.0000,487.26,SUCCESS
2025-12-24T18:19:04.454509+00:00,btc-updown-15m-1766601000,TRADE,DOWN,ACCUM,3,3,0.4802,1.4405,56,0.4665,54,0.4777,54,0.9442,3.0128,0.04,2.0797,4.0797,0.0000,485.82,SUCCESS
2025-12-24T18:19:15.517774+00:00,btc-updown-15m-1766601000,TRADE,UP,ACCUM,3,3,0.4598,1.3795,59,0.4662,54,0.4777,54,0.9439,3.0311,0.08,0.7002,5.7002,0.0000,484.44,SUCCESS
2025-12-24T18:19:15.519037+00:00,btc-updown-15m-1766601000,TRADE,DOWN,ACCUM,3,3,0.4801,1.4404,59,0.4662,57,0.4778,57,0.9440,3.1922,0.03,2.2599,4.2599,0.0000,483.00,SUCCESS
2025-12-24T18:19:21.007937+00:00,btc-updown-15m-1766601000,TRADE,DOWN,ACCUM,3,3,0.4801,1.4402,59,0.4662,60,0.4779,59,0.9441,3.2976,0.02,2.8197,3.8197,0.0000,481.56,SUCCESS
2025-12-24T18:19:26.505095+00:00,btc-updown-15m-1766601000,TRADE,UP,ACCUM,3,3,0.4601,1.3804,62,0.4659,60,0.4779,60,0.9438,3.3711,0.03,2.4393,4.4393,0.0000,480.18,SUCCESS
2025-12-24T18:30:03.052466+00:00,btc-updown-15m-1766601000,RESOLUTION,UP,BINANCE_FALLBACK_SHARED,122,122,1.0000,57.5607,62,0.4659,60,0.4779,60,0.9438,3.3711,0.03,0.0000,0.0000,4.4393,542.18,RESOLVED
2025-12-24T18:30:11.720244+00:00,btc-updown-15m-1766601900,TRADE,UP,ACCUM,6,6,0.4700,2.8202,6,0.4700,0,0.0000,0,0.0000,0.0000,1.00,-2.8202,3.1798,0.0000,539.36,SUCCESS
2025-12-24T18:30:17.126972+00:00,btc-updown-15m-1766601900,TRADE,DOWN,ACCUM,6,6,0.4802,2.8813,6,0.4700,6,0.4802,6,0.9502,0.2985,0.00,0.2985,0.2985,0.0000,536.48,SUCCESS
2025-12-24T18:30:22.518999+00:00,btc-updown-15m-1766601900,TRADE,UP,ACCUM,5,4,0.4701,1.8805,10,0.4701,6,0.4802,6,0.9503,0.2983,0.40,-1.5819,2.4181,0.0000,534.60,SUCCESS
2025-12-24T18:30:22.519563+00:00,btc-updown-15m-1766601900,TRADE,DOWN,ACCUM,5,5,0.4802,2.4011,10,0.4701,11,0.4802,10,0.9503,0.4972,0.09,0.0170,1.0170,0.0000,532.20,SUCCESS
2025-12-24T18:30:28.064147+00:00,btc-updown-15m-1766601900,TRADE,DOWN,ACCUM,4,4,0.4802,1.9207,10,0.4701,15,0.4802,10,0.9503,0.4973,0.33,-1.9037,3.0963,0.0000,530.28,SUCCESS
2025-12-24T18:30:33.666068+00:00,btc-updown-15m-1766601900,TRADE,UP,ACCUM,5,5,0.4702,2.3510,15,0.4701,15,0.4802,15,0.9503,0.7453,0.00,0.7453,0.7453,0.0000,527.93,SUCCESS
2025-12-24T18:30:44.615649+00:00,btc-updown-15m-1766601900,TRADE,UP,ACCUM,4,2,0.4702,0.9404,17,0.4701,15,0.4802,15,0.9503,0.7451,0.12,-0.1951,1.8049,0.0000,526.99,SUCCESS
2025-12-24T18:30:44.616902+00:00,btc-updown-15m-1766601900,TRADE,DOWN,ACCUM,4,2,0.4802,0.9604,17,0.4701,17,0.4802,17,0.9503,0.8445,0.00,0.8445,0.8445,0.0000,526.03,SUCCESS
2025-12-24T18:30:50.098517+00:00,btc-updown-15m-1766601900,TRADE,DOWN,ACCUM,4,4,0.4901,1.9605,17,0.4701,21,0.4821,17,0.9522,0.8123,0.19,-1.1160,2.8840,0.0000,524.07,SUCCESS
2025-12-24T18:30:55.609684+00:00,btc-updown-15m-1766601900,TRADE,DOWN,ACCUM,3,3,0.4801,1.4402,17,0.4701,24,0.4818,17,0.9520,0.8167,0.29,-2.5562,4.4438,0.0000,522.63,SUCCESS
2025-12-24T18:31:01.004397+00:00,btc-updown-15m-1766601900,TRADE,UP,ACCUM,4,4,0.4600,1.8401,21,0.4682,24,0.4818,21,0.9500,1.0492,0.12,-0.3963,2.6037,0.0000,520.79,SUCCESS
2025-12-24T18:31:12.142052+00:00,btc-updown-15m-1766601900,TRADE,DOWN,ACCUM,3,3,0.4799,1.4396,21,0.4682,27,0.4816,21,0.9498,1.0538,0.22,-1.8359,4.1641,0.0000,519.35,SUCCESS
2025-12-24T18:31:23.258919+00:00,btc-updown-15m-1766601900,TRADE,UP,ACCUM,3,3,0.4599,1.3796,24,0.4672,27,0.4816,24,0.9488,1.2293,0.11,-0.2155,2.7845,0.0000,517.97,SUCCESS
2025-12-24T18:31:28.673842+00:00,btc-updown-15m-1766601900,TRADE,UP,ACCUM,3,3,0.4601,1.3802,27,0.4664,27,0.4816,27,0.9480,1.4043,0.00,1.4043,1.4043,0.0000,516.59,SUCCESS
2025-12-24T18:31:34.282142+00:00,btc-updown-15m-1766601900,TRADE,UP,ACCUM,3,3,0.4601,1.3803,30,0.4657,27,0.4816,27,0.9474,1.4212,0.10,0.0240,3.0240,0.0000,515.21,SUCCESS
2025-12-24T18:31:39.670856+00:00,btc-updown-15m-1766601900,TRADE,UP,ACCUM,3,3,0.4702,1.4107,33,0.4662,27,0.4816,27,0.9478,1.4102,0.18,-1.3867,4.6133,0.0000,513.80,SUCCESS
2025-12-24T18:31:45.094526+00:00,btc-updown-15m-1766601900,TRADE,DOWN,ACCUM,3,3,0.4801,1.4404,33,0.4662,30,0.4815,30,0.9476,1.5713,0.09,0.1729,3.1729,0.0000,512.36,SUCCESS
2025-12-24T18:31:50.729487+00:00,btc-updown-15m-1766601900,TRADE,DOWN,ACCUM,3,3,0.4801,1.4403,33,0.4662,33,0.4813,33,0.9475,1.7325,0.00,1.7325,1.7325,0.0000,510.92,SUCCESS
2025-12-24T18:31:56.337174+00:00,btc-updown-15m-1766601900,TRADE,UP,ACCUM,3,3,0.4701,1.4102,36,0.4665,33,0.4813,33,0.9478,1.7217,0.08,0.3223,3.3223,0.0000,509.50,SUCCESS
2025-12-24T18:32:12.694450+00:00,btc-updown-15m-1766601900,TRADE,UP,ACCUM,3,3,0.4702,1.4105,39,0.4668,33,0.4813,33,0.9481,1.7124,0.15,-1.0882,4.9118,0.0000,508.09,SUCCESS
2025-12-24T18:32:18.307538+00:00,btc-updown-15m-1766601900,TRADE,DOWN,ACCUM,3,3,0.4802,1.4407,39,0.4668,36,0.4813,36,0.9480,1.8714,0.08,0.4711,3.4711,0.0000,506.65,SUCCESS
2025-12-24T18:32:29.151512+00:00,btc-updown-15m-1766601900,TRADE,DOWN,ACCUM,3,3,0.4802,1.4407,39,0.4668,39,0.4812,39,0.9479,2.0304,0.00,2.0304,2.0304,0.0000,505.21,SUCCESS
2025-12-24T18:32:34.750250+00:00,btc-updown-15m-1766601900,TRADE,UP,ACCUM,3,3,0.4701,1.4102,42,0.4670,39,0.4812,39,0.9482,2.0212,0.07,0.6203,3.6203,0.0000,503.80,SUCCESS
2025-12-24T18:32:34.750597+00:00,btc-updown-15m-1766601900,TRADE,DOWN,ACCUM,3,3,0.4800,1.4401,42,0.4670,42,0.4811,42,0.9481,2.1802,0.00,2.1802,2.1802,0.0000,502.36,SUCCESS
2025-12-24T18:32:40.169499+00:00,btc-updown-15m-1766601900,TRADE,UP,ACCUM,3,3,0.4702,1.4106,45,0.4672,42,0.4811,42,0.9483,2.1712,0.07,0.7695,3.7695,0.0000,500.95,SUCCESS
2025-12-24T18:32:56.572831+00:00,btc-updown-15m-1766601900,TRADE,UP,ACCUM,3,3,0.4701,1.4102,48,0.4674,42,0.4811,42,0.9485,2.1637,0.12,-0.6407,5.3593,0.0000,499.54,SUCCESS
2025-12-24T18:33:01.950959+00:00,btc-updown-15m-1766601900,TRADE,DOWN,ACCUM,3,3,0.4802,1.4406,48,0.4674,45,0.4810,45,0.9484,2.3209,0.06,0.9188,3.9188,0.0000,498.10,SUCCESS
2025-12-24T18:33:07.454753+00:00,btc-updown-15m-1766601900,TRADE,DOWN,ACCUM,3,3,0.4900,1.4700,48,0.4674,48,0.4816,48,0.9490,2.4487,0.00,2.4487,2.4487,0.0000,496.63,SUCCESS
2025-12-24T18:33:18.312498+00:00,btc-updown-15m-1766601900,TRADE,UP,ACCUM,3,3,0.4601,1.3802,51,0.4670,48,0.4816,48,0.9486,2.4694,0.06,1.0685,4.0685,0.0000,495.25,SUCCESS
2025-12-24T18:33:18.313232+00:00,btc-updown-15m-1766601900,TRADE,DOWN,ACCUM,3,1,0.4902,0.4902,51,0.4670,49,0.4818,49,0.9487,2.5122,0.04,1.5783,3.5783,0.0000,494.76,SUCCESS
2025-12-24T18:33:29.301066+00:00,btc-updown-15m-1766601900,TRADE,UP,ACCUM,3,2,0.4601,0.9201,53,0.4667,49,0.4818,49,0.9485,2.5249,0.08,0.6581,4.6581,0.0000,493.84,SUCCESS
2025-12-24T18:33:40.354113+00:00,btc-updown-15m-1766601900,TRADE,DOWN,ACCUM,3,3,0.4802,1.4405,53,0.4667,52,0.4817,52,0.9484,2.6843,0.02,2.2176,3.2176,0.0000,492.40,SUCCESS
2025-12-24T18:33:45.749803+00:00,btc-updown-15m-1766601900,TRADE,UP,ACCUM,3,3,0.4700,1.4100,56,0.4669,52,0.4817,52,0.9486,2.6751,0.07,0.8076,4.8076,0.0000,490.99,SUCCESS
2025-12-24T18:33:51.246369+00:00,btc-updown-15m-1766601900,TRADE,UP,ACCUM,3,3,0.4701,1.4104,59,0.4670,52,0.4817,52,0.9487,2.6665,0.12,-0.6028,6.3972,0.0000,489.58,SUCCESS
2025-12-24T18:33:56.797731+00:00,btc-updown-15m-1766601900,TRADE,UP,ACCUM,3,3,0.4702,1.4106,62,0.4672,52,0.4817,52,0.9489,2.6586,0.16,-2.0134,7.9866,0.0000,488.17,SUCCESS
2025-12-24T18:33:56.798660+00:00,btc-updown-15m-1766601900,TRADE,DOWN,ACCUM,3,3,0.4802,1.4405,62,0.4672,55,0.4816,55,0.9488,2.8165,0.11,-0.4538,6.5462,0.0000,486.73,SUCCESS
2025-12-24T18:34:02.199095+00:00,btc-updown-15m-1766601900,TRADE,DOWN,ACCUM,3,1,0.4802,0.4802,62,0.4672,56,0.4816,56,0.9488,2.8691,0.10,0.0660,6.0660,0.0000,486.25,SUCCESS
2025-12-24T18:34:24.426092+00:00,btc-updown-15m-1766601900,TRADE,DOWN,ACCUM,3,3,0.4801,1.4403,62,0.4672,59,0.4815,59,0.9487,3.0272,0.05,1.6256,4.6256,0.0000,484.81,SUCCESS
2025-12-24T18:34:35.325364+00:00,btc-updown-15m-1766601900,TRADE,DOWN,ACCUM,3,1,0.4801,0.4801,62,0.4672,60,0.4815,60,0.9487,3.0799,0.03,2.1455,4.1455,0.0000,484.33,SUCCESS
2025-12-24T18:45:04.211619+00:00,btc-updown-15m-1766601900,RESOLUTION,UP,BINANCE_FALLBACK_SHARED,122,122,1.0000,57.8545,62,0.4672,60,0.4815,60,0.9487,3.0799,0.03,0.0000,0.0000,4.1455,546.33,RESOLVED
2025-12-24T18:45:12.709999+00:00,btc-updown-15m-1766602800,TRADE,UP,ACCUM,6,6,0.4702,2.8211,6,0.4702,0,0.0000,0,0.0000,0.0000,1.00,-2.8211,3.1789,0.0000,543.51,SUCCESS
2025-12-24T18:45:12.710664+00:00,btc-updown-15m-1766602800,TRADE,DOWN,ACCUM,6,6,0.4801,2.8807,6,0.4702,6,0.4801,6,0.9503,0.2982,0.00,0.2982,0.2982,0.0000,540.63,SUCCESS
2025-12-24T18:45:29.055878+00:00,btc-updown-15m-1766602800,TRADE,UP,ACCUM,5,1,0.4700,0.4700,7,0.4702,6,0.4801,6,0.9503,0.2983,0.14,-0.1718,0.8282,0.0000,540.16,SUCCESS
2025-12-24T18:45:39.988731+00:00,btc-updown-15m-1766602800,TRADE,UP,ACCUM,5,3,0.4700,1.4101,10,0.4701,6,0.4801,6,0.9502,0.2986,0.40,-1.5819,2.4181,0.0000,538.75,SUCCESS
2025-12-24T18:45:39.989241+00:00,btc-updown-15m-1766602800,TRADE,DOWN,ACCUM,5,5,0.4801,2.4003,10,0.4701,11,0.4801,10,0.9502,0.4979,0.09,0.0178,1.0178,0.0000,536.35,SUCCESS
2025-12-24T18:45:45.445259+00:00,btc-updown-15m-1766602800,TRADE,DOWN,ACCUM,4,1,0.4801,0.4801,10,0.4701,12,0.4801,10,0.9502,0.4979,0.17,-0.4623,1.5377,0.0000,535.87,SUCCESS
2025-12-24T18:45:50.847460+00:00,btc-updown-15m-1766602800,TRADE,UP,ACCUM,5,5,0.4701,2.3506,15,0.4701,12,0.4801,12,0.9502,0.5975,0.20,-0.8129,2.1871,0.0000,533.52,SUCCESS
2025-12-24T18:45:50.848947+00:00,btc-updown-15m-1766602800,TRADE,DOWN,ACCUM,4,4,0.4800,1.9201,15,0.4701,16,0.4801,15,0.9502,0.7471,0.06,0.2670,1.2670,0.0000,531.60,SUCCESS
2025-12-24T18:45:56.445901+00:00,btc-updown-15m-1766602800,TRADE,UP,ACCUM,4,4,0.4601,1.8403,19,0.4680,16,0.4801,16,0.9481,0.8307,0.16,-0.5733,2.4267,0.0000,529.75,SUCCESS
2025-12-24T18:45:56.446578+00:00,btc-updown-15m-1766602800,TRADE,DOWN,ACCUM,4,4,0.4901,1.9605,19,0.4680,20,0.4821,19,0.9501,0.9483,0.05,0.4662,1.4662,0.0000,527.79,SUCCESS
2025-12-24T18:46:01.946075+00:00,btc-updown-15m-1766602800,TRADE,DOWN,ACCUM,4,4,0.4801,1.9204,19,0.4680,24,0.4818,19,0.9498,0.9546,0.21,-1.4542,3.5458,0.0000,525.87,SUCCESS
2025-12-24T18:46:07.345955+00:00,btc-updown-15m-1766602800,TRADE,UP,ACCUM,4,4,0.4601,1.8404,23,0.4666,24,0.4818,23,0.9484,1.1871,0.04,0.7054,1.7054,0.0000,524.03,SUCCESS
2025-12-24T18:46:07.346733+00:00,btc-updown-15m-1766602800,TRADE,DOWN,ACCUM,3,2,0.4901,0.9802,23,0.4666,26,0.4824,23,0.9490,1.1723,0.12,-0.2748,2.7252,0.0000,523.05,SUCCESS
2025-12-24T18:46:12.849538+00:00,btc-updown-15m-1766602800,TRADE,DOWN,ACCUM,3,3,0.4902,1.4705,23,0.4666,29,0.4832,23,0.9498,1.1539,0.21,-1.7453,4.2547,0.0000,521.58,SUCCESS
2025-12-24T18:46:18.263502+00:00,btc-updown-15m-1766602800,TRADE,UP,ACCUM,3,3,0.4602,1.3805,26,0.4659,29,0.4832,26,0.9491,1.3238,0.10,-0.1258,2.8742,0.0000,520.20,SUCCESS
2025-12-24T18:46:29.162046+00:00,btc-updown-15m-1766602800,TRADE,DOWN,ACCUM,3,3,0.4801,1.4403,26,0.4659,32,0.4829,26,0.9488,1.3314,0.19,-1.5661,4.4339,0.0000,518.76,SUCCESS
2025-12-24T18:46:34.668134+00:00,btc-updown-15m-1766602800,TRADE,DOWN,ACCUM,3,3,0.4800,1.4401,26,0.4659,35,0.4827,26,0.9485,1.3378,0.26,-3.0061,5.9939,0.0000,517.32,SUCCESS
2025-12-24T18:46:45.584332+00:00,btc-updown-15m-1766602800,TRADE,UP,ACCUM,3,3,0.4602,1.3806,29,0.4653,35,0.4827,29,0.9480,1.5092,0.17,-1.3868,4.6132,0.0000,515.94,SUCCESS
2025-12-24T18:46:51.118496+00:00,btc-updown-15m-1766602800,TRADE,UP,ACCUM,3,1,0.4601,0.4601,30,0.4651,35,0.4827,30,0.9478,1.5664,0.14,-0.8469,4.1531,0.0000,515.48,SUCCESS
2025-12-24T18:46:51.119155+00:00,btc-updown-15m-1766602800,TRADE,DOWN,ACCUM,3,3,0.4802,1.4406,30,0.4651,38,0.4825,30,0.9476,1.5722,0.21,-2.2875,5.7125,0.0000,514.04,SUCCESS
2025-12-24T18:47:02.233700+00:00,btc-updown-15m-1766602800,TRADE,UP,ACCUM,3,3,0.4599,1.3796,33,0.4646,38,0.4825,33,0.9471,1.7452,0.13,-0.6671,4.3329,0.0000,512.66,SUCCESS
2025-12-24T18:47:13.342997+00:00,btc-updown-15m-1766602800,TRADE,UP,ACCUM,3,3,0.4602,1.3805,36,0.4643,38,0.4825,36,0.9467,1.9173,0.05,0.9523,2.9523,0.0000,511.28,SUCCESS
2025-12-24T18:47:13.343626+00:00,btc-updown-15m-1766602800,TRADE,DOWN,ACCUM,3,3,0.4801,1.4402,36,0.4643,41,0.4823,36,0.9466,1.9236,0.12,-0.4878,4.5122,0.0000,509.84,SUCCESS
2025-12-24T18:47:18.854137+00:00,btc-updown-15m-1766602800,TRADE,DOWN,ACCUM,3,3,0.4798,1.4395,36,0.4643,44,0.4821,36,0.9464,1.9297,0.18,-1.9273,6.0727,0.0000,508.40,SUCCESS
2025-12-24T18:47:24.234777+00:00,btc-updown-15m-1766602800,TRADE,UP,ACCUM,3,3,0.4602,1.3805,39,0.4640,44,0.4821,39,0.9461,2.1028,0.11,-0.3079,4.6921,0.0000,507.02,SUCCESS
2025-12-24T18:47:29.617579+00:00,btc-updown-15m-1766602800,TRADE,DOWN,ACCUM,3,3,0.4902,1.4705,39,0.4640,47,0.4826,39,0.9466,2.0828,0.17,-1.7783,6.2217,0.0000,505.55,SUCCESS
2025-12-24T18:47:35.118519+00:00,btc-updown-15m-1766602800,TRADE,UP,ACCUM,3,3,0.4600,1.3801,42,0.4637,47,0.4826,42,0.9463,2.2548,0.11,-0.1584,4.8416,0.0000,504.17,SUCCESS
2025-12-24T18:47:40.543025+00:00,btc-updown-15m-1766602800,TRADE,UP,ACCUM,3,3,0.4602,1.3806,45,0.4634,47,0.4826,45,0.9461,2.4263,0.04,1.4610,3.4610,0.0000,502.79,SUCCESS
2025-12-24T18:47:46.166104+00:00,btc-updown-15m-1766602800,TRADE,UP,ACCUM,3,3,0.4600,1.3801,48,0.4632,47,0.4826,47,0.9459,2.5442,0.02,2.0809,3.0809,0.0000,501.41,SUCCESS
2025-12-24T18:47:46.166564+00:00,btc-updown-15m-1766602800,TRADE,DOWN,ACCUM,3,3,0.4900,1.4701,48,0.4632,50,0.4831,48,0.9463,2.5770,0.04,1.6108,3.6108,0.0000,499.94,SUCCESS
2025-12-24T18:47:51.536243+00:00,btc-updown-15m-1766602800,TRADE,DOWN,ACCUM,3,3,0.4902,1.4706,48,0.4632,53,0.4835,48,0.9467,2.5576,0.09,0.1402,5.1402,0.0000,498.47,SUCCESS
2025-12-24T18:48:02.508824+00:00,btc-updown-15m-1766602800,TRADE,DOWN,ACCUM,3,3,0.4901,1.4702,48,0.4632,56,0.4838,48,0.9471,2.5407,0.14,-1.3300,6.6700,0.0000,497.00,SUCCESS
2025-12-24T18:48:08.134070+00:00,btc-updown-15m-1766602800,TRADE,UP,ACCUM,3,2,0.4602,0.9204,50,0.4631,56,0.4838,50,0.9469,2.6526,0.11,-0.2504,5.7496,0.0000,496.08,SUCCESS
2025-12-24T18:48:08.134424+00:00,btc-updown-15m-1766602800,TRADE,DOWN,ACCUM,3,3,0.4900,1.4701,50,0.4631,59,0.4842,50,0.9473,2.6369,0.15,-1.7205,7.2795,0.0000,494.61,SUCCESS
2025-12-24T18:48:35.789237+00:00,btc-updown-15m-1766602800,TRADE,UP,ACCUM,3,3,0.4602,1.3805,53,0.4629,59,0.4842,53,0.9471,2.8039,0.10,-0.1010,5.8990,0.0000,493.23,SUCCESS
2025-12-24T18:48:41.201034+00:00,btc-updown-15m-1766602800,TRADE,UP,ACCUM,3,3,0.4600,1.3800,56,0.4628,59,0.4842,56,0.9469,2.9714,0.05,1.5190,4.5190,0.0000,491.85,SUCCESS
2025-12-24T18:48:57.688340+00:00,btc-updown-15m-1766602800,TRADE,UP,ACCUM,3,3,0.4601,1.3802,59,0.4626,59,0.4842,59,0.9468,3.1388,0.00,3.1388,3.1388,0.0000,490.47,SUCCESS
2025-12-24T18:48:57.688718+00:00,btc-updown-15m-1766602800,TRADE,DOWN,ACCUM,3,3,0.4902,1.4705,59,0.4626,62,0.4844,59,0.9471,3.1216,0.05,1.6683,4.6683,0.0000,489.00,SUCCESS
2025-12-24T18:49:08.917445+00:00,btc-updown-15m-1766602800,TRADE,UP,ACCUM,3,3,0.4601,1.3804,62,0.4625,62,0.4844,62,0.9470,3.2879,0.00,3.2879,3.2879,0.0000,487.62,SUCCESS
2025-12-24T19:00:01.075299+00:00,btc-updown-15m-1766602800,RESOLUTION,UP,BINANCE_FALLBACK_SHARED,124,124,1.0000,58.7121,62,0.4625,62,0.4844,62,0.9470,3.2879,0.00,0.0000,0.0000,3.2879,549.62,RESOLVED
2025-12-24T19:00:10.114333+00:00,btc-updown-15m-1766603700,TRADE,DOWN,ACCUM,6,6,0.4802,2.8813,0,0.0000,6,0.4802,0,0.0000,0.0000,1.00,-2.8813,3.1187,0.0000,546.73,SUCCESS
2025-12-24T19:00:31.866163+00:00,btc-updown-15m-1766603700,TRADE,UP,ACCUM,6,2,0.4700,0.9400,2,0.4700,6,0.4802,2,0.9502,0.0996,0.67,-1.8213,2.1787,0.0000,545.79,SUCCESS
2025-12-24T19:00:37.289272+00:00,btc-updown-15m-1766603700,TRADE,DOWN,ACCUM,5,5,0.4800,2.4001,2,0.4700,11,0.4801,2,0.9501,0.0997,0.82,-4.2214,4.7786,0.0000,543.39,SUCCESS
2025-12-24T19:01:15.609635+00:00,btc-updown-15m-1766603700,TRADE,UP,ACCUM,5,5,0.4700,2.3500,7,0.4700,11,0.4801,7,0.9501,0.3491,0.36,-1.5714,2.4286,0.0000,541.04,SUCCESS
2025-12-24T19:01:21.187746+00:00,btc-updown-15m-1766603700,TRADE,UP,ACCUM,5,5,0.4701,2.3507,12,0.4701,11,0.4801,11,0.9502,0.5479,0.08,0.0779,1.0779,0.0000,538.69,SUCCESS
2025-12-24T19:01:32.293151+00:00,btc-updown-15m-1766603700,TRADE,UP,ACCUM,4,4,0.4701,1.8805,16,0.4701,11,0.4801,11,0.9502,0.5477,0.31,-1.8027,3.1973,0.0000,536.81,SUCCESS
2025-12-24T19:01:32.293631+00:00,btc-updown-15m-1766603700,TRADE,DOWN,ACCUM,4,4,0.4801,1.9205,16,0.4701,15,0.4801,15,0.9502,0.7470,0.06,0.2769,1.2769,0.0000,534.89,SUCCESS
2025-12-24T19:01:43.134036+00:00,btc-updown-15m-1766603700,TRADE,UP,ACCUM,4,4,0.4701,1.8804,20,0.4701,15,0.4801,15,0.9502,0.7469,0.25,-1.6035,3.3965,0.0000,533.01,SUCCESS
2025-12-24T19:01:59.543175+00:00,btc-updown-15m-1766603700,TRADE,UP,ACCUM,4,4,0.4702,1.8808,24,0.4701,15,0.4801,15,0.9502,0.7466,0.38,-3.4843,5.5157,0.0000,531.13,SUCCESS
2025-12-24T19:01:59.543757+00:00,btc-updown-15m-1766603700,TRADE,DOWN,ACCUM,4,4,0.4801,1.9205,24,0.4701,19,0.4801,19,0.9502,0.9457,0.21,-1.4049,3.5951,0.0000,529.21,SUCCESS
2025-12-24T19:02:05.146381+00:00,btc-updown-15m-1766603700,TRADE,UP,ACCUM,3,3,0.4702,1.4105,27,0.4701,19,0.4801,19,0.9502,0.9455,0.30,-2.8154,5.1846,0.0000,527.80,SUCCESS
2025-12-24T19:02:16.180839+00:00,btc-updown-15m-1766603700,TRADE,DOWN,ACCUM,4,4,0.4801,1.9204,27,0.4701,23,0.4801,23,0.9502,1.1447,0.15,-0.7358,3.2642,0.0000,525.88,SUCCESS
2025-12-24T19:02:21.682345+00:00,btc-updown-15m-1766603700,TRADE,DOWN,ACCUM,3,3,0.4802,1.4405,27,0.4701,26,0.4801,26,0.9502,1.2939,0.04,0.8237,1.8237,0.0000,524.44,SUCCESS
2025-12-24T19:02:32.686090+00:00,btc-updown-15m-1766603700,TRADE,UP,ACCUM,3,3,0.4702,1.4107,30,0.4701,26,0.4801,26,0.9502,1.2936,0.13,-0.5869,3.4131,0.0000,523.03,SUCCESS
2025-12-24T19:02:32.687164+00:00,btc-updown-15m-1766603700,TRADE,DOWN,ACCUM,3,3,0.4801,1.4403,30,0.4701,29,0.4801,29,0.9502,1.4429,0.03,0.9728,1.9728,0.0000,521.59,SUCCESS
2025-12-24T19:02:38.294120+00:00,btc-updown-15m-1766603700,TRADE,UP,ACCUM,3,1,0.4702,0.4702,31,0.4701,29,0.4801,29,0.9502,1.4428,0.06,0.5026,2.5026,0.0000,521.12,SUCCESS
2025-12-24T19:02:38.294908+00:00,btc-updown-15m-1766603700,TRADE,DOWN,ACCUM,3,3,0.4802,1.4405,31,0.4701,32,0.4801,31,0.9503,1.5422,0.03,1.0621,2.0621,0.0000,519.68,SUCCESS
2025-12-24T19:02:43.810985+00:00,btc-updown-15m-1766603700,TRADE,DOWN,ACCUM,3,3,0.4801,1.4402,31,0.4701,35,0.4801,31,0.9502,1.5423,0.11,-0.3782,3.6218,0.0000,518.24,SUCCESS
2025-12-24T19:02:49.306874+00:00,btc-updown-15m-1766603700,TRADE,UP,ACCUM,3,3,0.4701,1.4102,34,0.4701,35,0.4801,34,0.9502,1.6917,0.03,1.2116,2.2116,0.0000,516.83,SUCCESS
2025-12-24T19:02:49.307417+00:00,btc-updown-15m-1766603700,TRADE,DOWN,ACCUM,3,3,0.4801,1.4403,34,0.4701,38,0.4801,34,0.9502,1.6918,0.11,-0.2287,3.7713,0.0000,515.39,SUCCESS
2025-12-24T19:02:54.697938+00:00,btc-updown-15m-1766603700,TRADE,UP,ACCUM,3,3,0.4702,1.4106,37,0.4701,38,0.4801,37,0.9502,1.8409,0.03,1.3608,2.3608,0.0000,513.98,SUCCESS
2025-12-24T19:02:54.698469+00:00,btc-updown-15m-1766603700,TRADE,DOWN,ACCUM,3,1,0.4798,0.4798,37,0.4701,39,0.4801,37,0.9502,1.8412,0.05,0.8810,2.8810,0.0000,513.50,SUCCESS
2025-12-24T19:03:00.125567+00:00,btc-updown-15m-1766603700,TRADE,UP,ACCUM,3,3,0.4701,1.4104,40,0.4701,39,0.4801,39,0.9502,1.9407,0.03,1.4706,2.4706,0.0000,512.09,SUCCESS
2025-12-24T19:03:11.303681+00:00,btc-updown-15m-1766603700,TRADE,DOWN,ACCUM,3,3,0.4900,1.4701,40,0.4701,42,0.4808,40,0.9509,1.9621,0.05,1.0005,3.0005,0.0000,510.62,SUCCESS
2025-12-24T19:03:16.721372+00:00,btc-updown-15m-1766603700,TRADE,UP,ACCUM,3,1,0.4601,0.4601,41,0.4699,42,0.4808,41,0.9507,2.0212,0.02,1.5404,2.5404,0.0000,510.16,SUCCESS
2025-12-24T19:03:27.739866+00:00,btc-updown-15m-1766603700,TRADE,UP,ACCUM,3,1,0.4601,0.4601,42,0.4696,42,0.4808,42,0.9505,2.0803,0.00,2.0803,2.0803,0.0000,509.70,SUCCESS
2025-12-24T19:03:27.740537+00:00,btc-updown-15m-1766603700,TRADE,DOWN,ACCUM,3,3,0.4898,1.4693,42,0.4696,45,0.4814,42,0.9511,2.0553,0.07,0.6110,3.6110,0.0000,508.23,SUCCESS
2025-12-24T19:03:33.137817+00:00,btc-updown-15m-1766603700,TRADE,DOWN,ACCUM,3,1,0.4902,0.4902,42,0.4696,46,0.4816,42,0.9513,2.0473,0.09,0.1208,4.1208,0.0000,507.74,SUCCESS
2025-12-24T19:03:44.062081+00:00,btc-updown-15m-1766603700,TRADE,UP,ACCUM,3,3,0.4599,1.3797,45,0.4690,46,0.4816,45,0.9506,2.2227,0.02,1.7411,2.7411,0.0000,506.36,SUCCESS
2025-12-24T19:03:55.075101+00:00,btc-updown-15m-1766603700,TRADE,UP,ACCUM,3,3,0.4602,1.3805,48,0.4684,46,0.4816,46,0.9501,2.2975,0.04,1.3606,3.3606,0.0000,504.98,SUCCESS
2025-12-24T19:03:55.075467+00:00,btc-updown-15m-1766603700,TRADE,DOWN,ACCUM,3,3,0.4901,1.4703,48,0.4684,49,0.4821,48,0.9506,2.3725,0.02,1.8903,2.8903,0.0000,503.51,SUCCESS
2025-12-24T19:04:00.580258+00:00,btc-updown-15m-1766603700,TRADE,UP,ACCUM,3,1,0.4601,0.4601,49,0.4683,49,0.4821,49,0.9504,2.4302,0.00,2.4302,2.4302,0.0000,503.05,SUCCESS
2025-12-24T19:04:22.885024+00:00,btc-updown-15m-1766603700,TRADE,UP,ACCUM,3,3,0.4601,1.3803,52,0.4678,49,0.4821,49,0.9499,2.4533,0.06,1.0499,4.0499,0.0000,501.67,SUCCESS
2025-12-24T19:04:22.885662+00:00,btc-updown-15m-1766603700,TRADE,DOWN,ACCUM,3,3,0.4902,1.4707,52,0.4678,52,0.4826,52,0.9504,2.5792,0.00,2.5792,2.5792,0.0000,500.20,SUCCESS
2025-12-24T19:04:28.273943+00:00,btc-updown-15m-1766603700,TRADE,UP,ACCUM,3,3,0.4601,1.3803,55,0.4674,52,0.4826,52,0.9500,2.6010,0.05,1.1988,4.1988,0.0000,498.81,SUCCESS
2025-12-24T19:04:33.935248+00:00,btc-updown-15m-1766603700,TRADE,DOWN,ACCUM,3,3,0.4902,1.4706,55,0.4674,55,0.4830,55,0.9504,2.7282,0.00,2.7282,2.7282,0.0000,497.34,SUCCESS
2025-12-24T19:04:44.872419+00:00,btc-updown-15m-1766603700,TRADE,DOWN,ACCUM,3,3,0.4902,1.4707,55,0.4674,58,0.4834,55,0.9508,2.7077,0.05,1.2576,4.2576,0.0000,495.87,SUCCESS
2025-12-24T19:04:50.373884+00:00,btc-updown-15m-1766603700,TRADE,DOWN,ACCUM,3,3,0.4900,1.4700,55,0.4674,61,0.4837,55,0.9511,2.6898,0.10,-0.2124,5.7876,0.0000,494.40,SUCCESS
2025-12-24T19:05:01.184625+00:00,btc-updown-15m-1766603700,TRADE,UP,ACCUM,3,3,0.4701,1.4104,58,0.4675,61,0.4837,58,0.9512,2.8283,0.05,1.3772,4.3772,0.0000,492.99,SUCCESS
2025-12-24T19:05:06.685340+00:00,btc-updown-15m-1766603700,TRADE,UP,ACCUM,3,3,0.4700,1.4101,61,0.4677,61,0.4837,61,0.9514,2.9671,0.00,2.9671,2.9671,0.0000,491.58,SUCCESS
2025-12-24T19:15:04.726992+00:00,btc-updown-15m-1766603700,RESOLUTION,DOWN,BINANCE_FALLBACK_SHARED,122,122,1.0000,58.0329,61,0.4677,61,0.4837,61,0.9514,2.9671,0.00,0.0000,0.0000,2.9671,552.58,RESOLVED
2025-12-24T19:15:13.000415+00:00,btc-updown-15m-1766604600,TRADE,UP,ACCUM,6,3,0.4901,1.4702,3,0.4901,0,0.0000,0,0.0000,0.0000,1.00,-1.4702,1.5298,0.0000,551.11,SUCCESS
2025-12-24T19:15:18.415651+00:00,btc-updown-15m-1766604600,TRADE,DOWN,ACCUM,6,3,0.4602,1.3805,3,0.4901,3,0.4602,3,0.9502,0.1493,0.00,0.1493,0.1493,0.0000,549.73,SUCCESS
2025-12-24T19:15:23.922145+00:00,btc-updown-15m-1766604600,TRADE,UP,ACCUM,5,5,0.4901,2.4504,8,0.4901,3,0.4602,3,0.9502,0.1493,0.62,-2.3011,2.6989,0.0000,547.28,SUCCESS
2025-12-24T19:15:29.321805+00:00,btc-updown-15m-1766604600,TRADE,UP,ACCUM,5,5,0.4901,2.4507,13,0.4901,3,0.4602,3,0.9503,0.1492,0.77,-4.7518,5.2482,0.0000,544.83,SUCCESS
2025-12-24T19:15:34.835516+00:00,btc-updown-15m-1766604600,TRADE,DOWN,ACCUM,5,5,0.4601,2.3007,13,0.4901,8,0.4602,8,0.9502,0.3980,0.38,-2.0525,2.9475,0.0000,542.53,SUCCESS
2025-12-24T19:15:51.421172+00:00,btc-updown-15m-1766604600,TRADE,UP,ACCUM,4,4,0.4901,1.9604,17,0.4901,8,0.4602,8,0.9502,0.3980,0.53,-4.0129,4.9871,0.0000,540.57,SUCCESS
2025-12-24T19:15:56.935156+00:00,btc-updown-15m-1766604600,TRADE,DOWN,ACCUM,5,5,0.4601,2.3005,17,0.4901,13,0.4601,13,0.9502,0.6470,0.24,-1.3134,2.6866,0.0000,538.27,SUCCESS
2025-12-24T19:16:07.951088+00:00,btc-updown-15m-1766604600,TRADE,UP,ACCUM,4,4,0.4901,1.9606,21,0.4901,13,0.4601,13,0.9502,0.6469,0.38,-3.2740,4.7260,0.0000,536.31,SUCCESS
2025-12-24T19:16:30.105535+00:00,btc-updown-15m-1766604600,TRADE,DOWN,ACCUM,4,4,0.4602,1.8408,21,0.4901,17,0.4602,17,0.9503,0.8456,0.19,-1.1148,2.8852,0.0000,534.47,SUCCESS
2025-12-24T19:16:35.624269+00:00,btc-updown-15m-1766604600,TRADE,UP,ACCUM,3,3,0.4902,1.4705,24,0.4901,17,0.4602,17,0.9503,0.8455,0.29,-2.5853,4.4147,0.0000,533.00,SUCCESS
2025-12-24T19:16:41.025025+00:00,btc-updown-15m-1766604600,TRADE,DOWN,ACCUM,4,4,0.4601,1.8405,24,0.4901,21,0.4601,21,0.9503,1.0446,0.12,-0.4258,2.5742,0.0000,531.16,SUCCESS
2025-12-24T19:16:46.649809+00:00,btc-updown-15m-1766604600,TRADE,UP,ACCUM,3,3,0.4900,1.4700,27,0.4901,21,0.4601,21,0.9502,1.0448,0.22,-1.8958,4.1042,0.0000,529.69,SUCCESS
2025-12-24T19:16:52.157768+00:00,btc-updown-15m-1766604600,TRADE,UP,ACCUM,3,3,0.4900,1.4701,30,0.4901,21,0.4601,21,0.9502,1.0450,0.30,-3.3658,5.6342,0.0000,528.22,SUCCESS
2025-12-24T19:16:52.158299+00:00,btc-updown-15m-1766604600,TRADE,DOWN,ACCUM,3,3,0.4602,1.3805,30,0.4901,24,0.4601,24,0.9502,1.1942,0.20,-1.7463,4.2537,0.0000,526.84,SUCCESS
2025-12-24T19:17:02.966068+00:00,btc-updown-15m-1766604600,TRADE,DOWN,ACCUM,3,3,0.4602,1.3805,30,0.4901,27,0.4601,27,0.9502,1.3435,0.10,-0.1268,2.8732,0.0000,525.46,SUCCESS
2025-12-24T19:17:08.380518+00:00,btc-updown-15m-1766604600,TRADE,DOWN,ACCUM,3,3,0.4601,1.3804,30,0.4901,30,0.4601,30,0.9502,1.4928,0.00,1.4928,1.4928,0.0000,524.08,SUCCESS
2025-12-24T19:17:13.911077+00:00,btc-updown-15m-1766604600,TRADE,UP,ACCUM,3,3,0.4702,1.4107,33,0.4883,30,0.4601,30,0.9484,1.5470,0.09,0.0821,3.0821,0.0000,522.67,SUCCESS
2025-12-24T19:17:24.821972+00:00,btc-updown-15m-1766604600,TRADE,UP,ACCUM,3,3,0.4900,1.4700,36,0.4884,30,0.4601,30,0.9486,1.5427,0.17,-1.3879,4.6121,0.0000,521.20,SUCCESS
2025-12-24T19:17:30.443683+00:00,btc-updown-15m-1766604600,TRADE,UP,ACCUM,3,3,0.4900,1.4701,39,0.4886,30,0.4601,30,0.9487,1.5390,0.23,-2.8580,6.1420,0.0000,519.73,SUCCESS
2025-12-24T19:17:30.444166+00:00,btc-updown-15m-1766604600,TRADE,DOWN,ACCUM,3,3,0.4602,1.3805,39,0.4886,33,0.4601,33,0.9487,1.6928,0.15,-1.2385,4.7615,0.0000,518.34,SUCCESS
2025-12-24T19:17:41.366044+00:00,btc-updown-15m-1766604600,TRADE,UP,ACCUM,3,3,0.4901,1.4704,42,0.4887,33,0.4601,33,0.9488,1.6891,0.21,-2.7089,6.2911,0.0000,516.87,SUCCESS
2025-12-24T19:17:52.171033+00:00,btc-updown-15m-1766604600,TRADE,DOWN,ACCUM,3,3,0.4599,1.3796,42,0.4887,36,0.4601,36,0.9488,1.8434,0.14,-1.0886,4.9114,0.0000,515.49,SUCCESS
2025-12-24T19:17:57.562045+00:00,btc-updown-15m-1766604600,TRADE,UP,ACCUM,3,3,0.4900,1.4701,45,0.4888,36,0.4601,36,0.9489,1.8401,0.20,-2.5587,6.4413,0.0000,514.02,SUCCESS
2025-12-24T19:17:57.562601+00:00,btc-updown-15m-1766604600,TRADE,DOWN,ACCUM,3,3,0.4600,1.3801,45,0.4888,39,0.4601,39,0.9489,1.9938,0.13,-0.9388,5.0612,0.0000,512.64,SUCCESS
2025-12-24T19:18:02.987826+00:00,btc-updown-15m-1766604600,TRADE,DOWN,ACCUM,3,3,0.4602,1.3805,45,0.4888,42,0.4601,42,0.9489,2.1470,0.07,0.6807,3.6807,0.0000,511.26,SUCCESS
2025-12-24T19:18:13.942390+00:00,btc-updown-15m-1766604600,TRADE,DOWN,ACCUM,3,3,0.4602,1.3807,45,0.4888,45,0.4601,45,0.9489,2.3000,0.00,2.3000,2.3000,0.0000,509.88,SUCCESS
2025-12-24T19:18:19.574576+00:00,btc-updown-15m-1766604600,TRADE,UP,ACCUM,3,3,0.4902,1.4705,48,0.4888,45,0.4601,45,0.9490,2.2961,0.06,0.8295,3.8295,0.0000,508.41,SUCCESS
2025-12-24T19:18:19.575036+00:00,btc-updown-15m-1766604600,TRADE,DOWN,ACCUM,3,3,0.4600,1.3801,48,0.4888,48,0.4601,48,0.9490,2.4494,0.00,2.4494,2.4494,0.0000,507.03,SUCCESS
2025-12-24T19:18:25.088456+00:00,btc-updown-15m-1766604600,TRADE,UP,ACCUM,3,3,0.4901,1.4702,51,0.4889,48,0.4601,48,0.9490,2.4459,0.06,0.9791,3.9791,0.0000,505.56,SUCCESS
2025-12-24T19:18:25.089635+00:00,btc-updown-15m-1766604600,TRADE,DOWN,ACCUM,3,2,0.4600,0.9201,51,0.4889,50,0.4601,50,0.9490,2.5480,0.02,2.0591,3.0591,0.0000,504.64,SUCCESS
2025-12-24T19:18:30.496741+00:00,btc-updown-15m-1766604600,TRADE,UP,ACCUM,3,1,0.4901,0.4901,52,0.4889,50,0.4601,50,0.9491,2.5469,0.04,1.5690,3.5690,0.0000,504.15,SUCCESS
2025-12-24T19:18:30.497282+00:00,btc-updown-15m-1766604600,TRADE,DOWN,ACCUM,3,3,0.4600,1.3800,52,0.4889,53,0.4601,52,0.9491,2.6491,0.02,2.1890,3.1890,0.0000,502.77,SUCCESS
2025-12-24T19:18:35.993667+00:00,btc-updown-15m-1766604600,TRADE,UP,ACCUM,3,3,0.4901,1.4704,55,0.4890,53,0.4601,53,0.9491,2.6966,0.04,1.7186,3.7186,0.0000,501.30,SUCCESS
2025-12-24T19:18:35.995136+00:00,btc-updown-15m-1766604600,TRADE,DOWN,ACCUM,3,3,0.4602,1.3805,55,0.4890,56,0.4601,55,0.9491,2.7982,0.02,2.3381,3.3381,0.0000,499.92,SUCCESS
2025-12-24T19:18:41.499406+00:00,btc-updown-15m-1766604600,TRADE,UP,ACCUM,3,3,0.4900,1.4701,58,0.4891,56,0.4601,56,0.9492,2.8461,0.03,1.8680,3.8680,0.0000,498.45,SUCCESS
2025-12-24T19:18:41.499902+00:00,btc-updown-15m-1766604600,TRADE,DOWN,ACCUM,3,3,0.4601,1.3804,58,0.4891,59,0.4601,58,0.9492,2.9478,0.02,2.4877,3.4877,0.0000,497.07,SUCCESS
2025-12-24T19:18:58.069094+00:00,btc-updown-15m-1766604600,TRADE,UP,ACCUM,3,3,0.4901,1.4702,61,0.4891,59,0.4601,59,0.9492,2.9957,0.03,2.0174,4.0174,0.0000,495.60,SUCCESS
2025-12-24T19:18:58.069749+00:00,btc-updown-15m-1766604600,TRADE,DOWN,ACCUM,3,3,0.4600,1.3801,61,0.4891,62,0.4601,61,0.9492,3.0974,0.02,2.6373,3.6373,0.0000,494.22,SUCCESS
2025-12-24T19:30:01.845748+00:00,btc-updown-15m-1766604600,RESOLUTION,UP,BINANCE_FALLBACK_SHARED,123,123,1.0000,58.3627,61,0.4891,62,0.4601,61,0.9492,3.0974,0.02,0.0000,0.0000,2.6373,555.22,RESOLVED
2025-12-24T19:30:11.101140+00:00,btc-updown-15m-1766605500,TRADE,UP,ACCUM,6,6,0.4702,2.8212,6,0.4702,0,0.0000,0,0.0000,0.0000,1.00,-2.8212,3.1788,0.0000,552.40,SUCCESS
2025-12-24T19:30:11.101325+00:00,btc-updown-15m-1766605500,TRADE,DOWN,ACCUM,6,2,0.4801,0.9603,6,0.4702,2,0.4801,2,0.9503,0.0993,0.67,-1.7815,2.2185,0.0000,551.44,SUCCESS
2025-12-24T19:30:17.097311+00:00,btc-updown-15m-1766605500,TRADE,UP,ACCUM,5,5,0.4701,2.3504,11,0.4701,2,0.4801,2,0.9503,0.0994,0.82,-4.1319,4.8681,0.0000,549.09,SUCCESS
2025-12-24T19:30:17.098123+00:00,btc-updown-15m-1766605500,TRADE,DOWN,ACCUM,5,5,0.4798,2.3992,11,0.4701,7,0.4799,7,0.9501,0.3495,0.36,-1.5311,2.4689,0.0000,546.69,SUCCESS
2025-12-24T19:30:23.161607+00:00,btc-updown-15m-1766605500,TRADE,DOWN,ACCUM,5,5,0.4801,2.4006,11,0.4701,12,0.4800,11,0.9502,0.5483,0.08,0.0683,1.0683,0.0000,544.29,SUCCESS
2025-12-24T19:30:29.217776+00:00,btc-updown-15m-1766605500,TRADE,UP,ACCUM,4,4,0.4702,1.8807,15,0.4702,12,0.4800,12,0.9502,0.5981,0.20,-0.8124,2.1876,0.0000,542.41,SUCCESS
2025-12-24T19:30:29.217956+00:00,btc-updown-15m-1766605500,TRADE,DOWN,ACCUM,4,4,0.4801,1.9204,15,0.4702,16,0.4800,15,0.9502,0.7472,0.06,0.2672,1.2672,0.0000,540.49,SUCCESS
2025-12-24T19:30:41.324112+00:00,btc-updown-15m-1766605500,TRADE,DOWN,ACCUM,4,4,0.4802,1.9207,15,0.4702,20,0.4801,15,0.9502,0.7468,0.25,-1.6535,3.3465,0.0000,538.57,SUCCESS
2025-12-24T19:30:53.470090+00:00,btc-updown-15m-1766605500,TRADE,DOWN,ACCUM,4,4,0.4800,1.9201,15,0.4702,24,0.4801,15,0.9502,0.7469,0.38,-3.5736,5.4264,0.0000,536.65,SUCCESS
2025-12-24T19:31:15.366141+00:00,btc-updown-15m-1766605500,TRADE,UP,ACCUM,4,4,0.4702,1.8808,19,0.4702,24,0.4801,19,0.9502,0.9458,0.21,-1.4545,3.5455,0.0000,534.77,SUCCESS
2025-12-24T19:31:26.200050+00:00,btc-updown-15m-1766605500,TRADE,DOWN,ACCUM,3,3,0.4798,1.4394,19,0.4702,27,0.4800,19,0.9502,0.9463,0.30,-2.8939,5.1061,0.0000,533.33,SUCCESS
2025-12-24T19:31:31.807113+00:00,btc-updown-15m-1766605500,TRADE,UP,ACCUM,4,4,0.4701,1.8802,23,0.4701,27,0.4800,23,0.9502,1.1460,0.15,-0.7741,3.2259,0.0000,531.45,SUCCESS
2025-12-24T19:31:37.211528+00:00,btc-updown-15m-1766605500,TRADE,UP,ACCUM,3,3,0.4700,1.4100,26,0.4701,27,0.4800,26,0.9502,1.2959,0.04,0.8159,1.8159,0.0000,530.04,SUCCESS
2025-12-24T19:31:42.749320+00:00,btc-updown-15m-1766605500,TRADE,DOWN,ACCUM,3,3,0.4802,1.4406,26,0.4701,30,0.4800,26,0.9502,1.2955,0.13,-0.6247,3.3753,0.0000,528.60,SUCCESS
2025-12-24T19:31:48.274218+00:00,btc-updown-15m-1766605500,TRADE,UP,ACCUM,3,3,0.4701,1.4104,29,0.4701,30,0.4800,29,0.9502,1.4450,0.03,0.9649,1.9649,0.0000,527.19,SUCCESS
2025-12-24T19:31:48.275448+00:00,btc-updown-15m-1766605500,TRADE,DOWN,ACCUM,3,3,0.4802,1.4406,29,0.4701,33,0.4801,29,0.9502,1.4446,0.12,-0.4757,3.5243,0.0000,525.74,SUCCESS
2025-12-24T19:31:53.928781+00:00,btc-updown-15m-1766605500,TRADE,UP,ACCUM,3,2,0.4702,0.9404,31,0.4701,33,0.4801,31,0.9502,1.5440,0.06,0.5839,2.5839,0.0000,524.80,SUCCESS
2025-12-24T19:31:53.929273+00:00,btc-updown-15m-1766605500,TRADE,DOWN,ACCUM,3,3,0.4802,1.4407,31,0.4701,36,0.4801,31,0.9502,1.5436,0.14,-0.8567,4.1433,0.0000,523.36,SUCCESS
2025-12-24T19:31:59.428410+00:00,btc-updown-15m-1766605500,TRADE,UP,ACCUM,3,3,0.4700,1.4100,34,0.4701,36,0.4801,34,0.9502,1.6934,0.06,0.7333,2.7333,0.0000,521.95,SUCCESS
2025-12-24T19:32:05.030170+00:00,btc-updown-15m-1766605500,TRADE,UP,ACCUM,3,3,0.4700,1.4101,37,0.4701,36,0.4801,36,0.9502,1.7933,0.03,1.3232,2.3232,0.0000,520.54,SUCCESS
2025-12-24T19:32:05.030684+00:00,btc-updown-15m-1766605500,TRADE,DOWN,ACCUM,3,3,0.4800,1.4400,37,0.4701,39,0.4801,37,0.9502,1.8433,0.05,0.8831,2.8831,0.0000,519.10,SUCCESS
2025-12-24T19:32:10.431426+00:00,btc-updown-15m-1766605500,TRADE,DOWN,ACCUM,3,3,0.4800,1.4401,37,0.4701,42,0.4801,37,0.9502,1.8434,0.12,-0.5570,4.4430,0.0000,517.66,SUCCESS
2025-12-24T19:32:15.963653+00:00,btc-updown-15m-1766605500,TRADE,DOWN,ACCUM,3,3,0.4800,1.4400,37,0.4701,45,0.4801,37,0.9502,1.8435,0.18,-1.9970,6.0030,0.0000,516.22,SUCCESS
2025-12-24T19:32:32.524598+00:00,btc-updown-15m-1766605500,TRADE,UP,ACCUM,3,3,0.4702,1.4105,40,0.4701,45,0.4801,40,0.9502,1.9928,0.11,-0.4075,4.5925,0.0000,514.81,SUCCESS
2025-12-24T19:32:38.014505+00:00,btc-updown-15m-1766605500,TRADE,UP,ACCUM,3,3,0.4701,1.4104,43,0.4701,45,0.4801,43,0.9502,2.1423,0.04,1.1821,3.1821,0.0000,513.40,SUCCESS
2025-12-24T19:32:49.452709+00:00,btc-updown-15m-1766605500,TRADE,UP,ACCUM,3,3,0.4701,1.4104,46,0.4701,45,0.4801,45,0.9502,2.2419,0.02,1.7718,2.7718,0.0000,511.99,SUCCESS
2025-12-24T19:32:49.454113+00:00,btc-updown-15m-1766605500,TRADE,DOWN,ACCUM,3,3,0.4802,1.4406,46,0.4701,48,0.4801,46,0.9502,2.2913,0.04,1.3311,3.3311,0.0000,510.55,SUCCESS
2025-12-24T19:33:05.916050+00:00,btc-updown-15m-1766605500,TRADE,DOWN,ACCUM,3,3,0.4802,1.4405,46,0.4701,51,0.4801,46,0.9502,2.2910,0.10,-0.1094,4.8906,0.0000,509.11,SUCCESS
2025-12-24T19:33:11.316217+00:00,btc-updown-15m-1766605500,TRADE,UP,ACCUM,3,3,0.4702,1.4106,49,0.4701,51,0.4801,49,0.9502,2.4402,0.04,1.4801,3.4801,0.0000,507.70,SUCCESS
2025-12-24T19:33:16.729137+00:00,btc-updown-15m-1766605500,TRADE,UP,ACCUM,3,3,0.4701,1.4104,52,0.4701,51,0.4801,51,0.9502,2.5398,0.02,2.0696,3.0696,0.0000,506.29,SUCCESS
2025-12-24T19:33:16.730666+00:00,btc-updown-15m-1766605500,TRADE,DOWN,ACCUM,3,3,0.4801,1.4403,52,0.4701,54,0.4801,52,0.9502,2.5895,0.04,1.6293,3.6293,0.0000,504.85,SUCCESS
2025-12-24T19:33:22.526500+00:00,btc-updown-15m-1766605500,TRADE,UP,ACCUM,3,3,0.4700,1.4101,55,0.4701,54,0.4801,54,0.9502,2.6893,0.02,2.2192,3.2192,0.0000,503.44,SUCCESS
2025-12-24T19:33:22.526979+00:00,btc-updown-15m-1766605500,TRADE,DOWN,ACCUM,3,3,0.4801,1.4404,55,0.4701,57,0.4801,55,0.9502,2.7389,0.04,1.7788,3.7788,0.0000,502.00,SUCCESS
2025-12-24T19:33:33.536858+00:00,btc-updown-15m-1766605500,TRADE,UP,ACCUM,3,3,0.4702,1.4105,58,0.4701,57,0.4801,57,0.9502,2.8384,0.02,2.3683,3.3683,0.0000,500.59,SUCCESS
2025-12-24T19:33:33.538485+00:00,btc-updown-15m-1766605500,TRADE,DOWN,ACCUM,3,3,0.4802,1.4405,58,0.4701,60,0.4801,58,0.9502,2.8879,0.03,1.9277,3.9277,0.0000,499.15,SUCCESS
2025-12-24T19:33:44.438432+00:00,btc-updown-15m-1766605500,TRADE,UP,ACCUM,3,3,0.4701,1.4102,61,0.4701,60,0.4801,60,0.9502,2.9877,0.02,2.5175,3.5175,0.0000,497.74,SUCCESS
2025-12-24T19:45:01.238283+00:00,btc-updown-15m-1766605500,RESOLUTION,UP,BINANCE_FALLBACK_SHARED,121,121,1.0000,57.4825,61,0.4701,60,0.4801,60,0.9502,2.9877,0.02,0.0000,0.0000,3.5175,558.74,RESOLVED
2025-12-24T19:45:10.267719+00:00,btc-updown-15m-1766606400,TRADE,UP,ACCUM,6,6,0.4701,2.8209,6,0.4701,0,0.0000,0,0.0000,0.0000,1.00,-2.8209,3.1791,0.0000,555.92,SUCCESS
2025-12-24T19:45:10.268443+00:00,btc-updown-15m-1766606400,TRADE,DOWN,ACCUM,6,6,0.4798,2.8787,6,0.4701,6,0.4798,6,0.9499,0.3005,0.00,0.3005,0.3005,0.0000,553.04,SUCCESS
2025-12-24T19:45:32.271947+00:00,btc-updown-15m-1766606400,TRADE,DOWN,ACCUM,5,5,0.4802,2.4009,6,0.4701,11,0.4800,6,0.9501,0.2994,0.45,-2.1005,2.8995,0.0000,550.64,SUCCESS
2025-12-24T19:45:37.794637+00:00,btc-updown-15m-1766606400,TRADE,UP,ACCUM,5,3,0.4701,1.4102,9,0.4701,11,0.4800,9,0.9501,0.4493,0.18,-0.5106,1.4894,0.0000,549.23,SUCCESS
2025-12-24T19:45:37.795346+00:00,btc-updown-15m-1766606400,TRADE,DOWN,ACCUM,4,2,0.4801,0.9602,9,0.4701,13,0.4800,9,0.9501,0.4491,0.31,-1.4708,2.5292,0.0000,548.27,SUCCESS
2025-12-24T19:45:43.184096+00:00,btc-updown-15m-1766606400,TRADE,DOWN,ACCUM,4,4,0.4802,1.9207,9,0.4701,17,0.4800,9,0.9501,0.4487,0.47,-3.3916,4.6084,0.0000,546.35,SUCCESS
2025-12-24T19:46:48.834572+00:00,btc-updown-15m-1766606400,TRADE,UP,ACCUM,5,5,0.4700,2.3499,14,0.4701,17,0.4800,14,0.9501,0.6986,0.18,-0.7415,2.2585,0.0000,544.00,SUCCESS
2025-12-24T19:47:05.283377+00:00,btc-updown-15m-1766606400,TRADE,DOWN,ACCUM,4,4,0.4800,1.9200,14,0.4701,21,0.4800,14,0.9501,0.6987,0.33,-2.6615,4.3385,0.0000,542.08,SUCCESS
2025-12-24T19:47:10.687709+00:00,btc-updown-15m-1766606400,TRADE,DOWN,ACCUM,3,3,0.4800,1.4401,14,0.4701,24,0.4800,14,0.9501,0.6986,0.42,-4.1016,5.8984,0.0000,540.64,SUCCESS
2025-12-24T19:47:16.189512+00:00,btc-updown-15m-1766606400,TRADE,UP,ACCUM,4,4,0.4700,1.8801,18,0.4701,24,0.4800,18,0.9501,0.8985,0.25,-1.9817,4.0183,0.0000,538.76,SUCCESS
2025-12-24T19:47:21.720387+00:00,btc-updown-15m-1766606400,TRADE,UP,ACCUM,4,4,0.4702,1.8807,22,0.4701,24,0.4800,22,0.9501,1.0977,0.08,0.1376,2.1376,0.0000,536.88,SUCCESS
2025-12-24T19:47:21.721079+00:00,btc-updown-15m-1766606400,TRADE,DOWN,ACCUM,3,3,0.4802,1.4405,22,0.4701,27,0.4800,22,0.9501,1.0973,0.19,-1.3029,3.6971,0.0000,535.44,SUCCESS
2025-12-24T19:47:27.216925+00:00,btc-updown-15m-1766606400,TRADE,DOWN,ACCUM,3,1,0.4799,0.4799,22,0.4701,28,0.4800,22,0.9501,1.0975,0.21,-1.7828,4.2172,0.0000,534.96,SUCCESS
2025-12-24T19:47:32.781690+00:00,btc-updown-15m-1766606400,TRADE,UP,ACCUM,3,3,0.4701,1.4103,25,0.4701,28,0.4800,25,0.9501,1.2470,0.11,-0.1931,2.8069,0.0000,533.54,SUCCESS
2025-12-24T19:47:32.782308+00:00,btc-updown-15m-1766606400,TRADE,DOWN,ACCUM,3,3,0.4801,1.4403,25,0.4701,31,0.4800,25,0.9501,1.2468,0.19,-1.6334,4.3666,0.0000,532.10,SUCCESS
2025-12-24T19:47:38.324530+00:00,btc-updown-15m-1766606400,TRADE,DOWN,ACCUM,3,3,0.4802,1.4405,25,0.4701,34,0.4801,25,0.9501,1.2466,0.26,-3.0739,5.9261,0.0000,530.66,SUCCESS
2025-12-24T19:47:49.373524+00:00,btc-updown-15m-1766606400,TRADE,UP,ACCUM,3,1,0.4601,0.4601,26,0.4697,34,0.4801,26,0.9498,1.3065,0.24,-2.5340,5.4660,0.0000,530.20,SUCCESS
2025-12-24T19:47:54.753177+00:00,btc-updown-15m-1766606400,TRADE,UP,ACCUM,3,3,0.4601,1.3804,29,0.4687,34,0.4801,29,0.9488,1.4859,0.15,-0.9144,4.0856,0.0000,528.82,SUCCESS
2025-12-24T19:48:00.160424+00:00,btc-updown-15m-1766606400,TRADE,DOWN,ACCUM,3,3,0.4800,1.4400,29,0.4687,37,0.4801,29,0.9488,1.4860,0.22,-2.3544,5.6456,0.0000,527.38,SUCCESS
2025-12-24T19:48:11.162752+00:00,btc-updown-15m-1766606400,TRADE,UP,ACCUM,3,3,0.4701,1.4102,32,0.4688,37,0.4801,32,0.9489,1.6356,0.14,-0.7646,4.2354,0.0000,525.97,SUCCESS
2025-12-24T19:48:22.194930+00:00,btc-updown-15m-1766606400,TRADE,UP,ACCUM,3,3,0.4601,1.3803,35,0.4681,37,0.4801,35,0.9481,1.8152,0.05,0.8551,2.8551,0.0000,524.59,SUCCESS
2025-12-24T19:48:27.773390+00:00,btc-updown-15m-1766606400,TRADE,DOWN,ACCUM,3,3,0.4901,1.4703,35,0.4681,40,0.4808,35,0.9489,1.7888,0.12,-0.6153,4.3847,0.0000,523.12,SUCCESS
2025-12-24T19:48:33.294496+00:00,btc-updown-15m-1766606400,TRADE,UP,ACCUM,3,3,0.4602,1.3805,38,0.4675,40,0.4808,38,0.9483,1.9658,0.05,1.0042,3.0042,0.0000,521.74,SUCCESS
2025-12-24T19:48:33.295975+00:00,btc-updown-15m-1766606400,TRADE,DOWN,ACCUM,3,3,0.4900,1.4701,38,0.4675,43,0.4814,38,0.9489,1.9413,0.12,-0.4659,4.5341,0.0000,520.27,SUCCESS
2025-12-24T19:48:38.785157+00:00,btc-updown-15m-1766606400,TRADE,UP,ACCUM,3,3,0.4600,1.3800,41,0.4669,43,0.4814,41,0.9484,2.1169,0.05,1.1540,3.1540,0.0000,518.89,SUCCESS
2025-12-24T19:48:38.785799+00:00,btc-updown-15m-1766606400,TRADE,DOWN,ACCUM,3,3,0.4900,1.4701,41,0.4669,46,0.4820,41,0.9489,2.0940,0.11,-0.3161,4.6839,0.0000,517.42,SUCCESS
2025-12-24T19:48:44.188069+00:00,btc-updown-15m-1766606400,TRADE,UP,ACCUM,3,3,0.4602,1.3805,44,0.4665,46,0.4820,44,0.9485,2.2674,0.04,1.3034,3.3034,0.0000,516.04,SUCCESS
2025-12-24T19:48:49.593699+00:00,btc-updown-15m-1766606400,TRADE,UP,ACCUM,3,3,0.4601,1.3803,47,0.4661,46,0.4820,46,0.9481,2.3892,0.02,1.9231,2.9231,0.0000,514.66,SUCCESS
2025-12-24T19:48:55.015466+00:00,btc-updown-15m-1766606400,TRADE,DOWN,ACCUM,3,3,0.4900,1.4701,47,0.4661,49,0.4825,47,0.9486,2.4181,0.04,1.4531,3.4531,0.0000,513.19,SUCCESS
2025-12-24T19:49:06.124698+00:00,btc-updown-15m-1766606400,TRADE,UP,ACCUM,3,1,0.4601,0.4601,48,0.4659,49,0.4825,48,0.9484,2.4755,0.02,1.9930,2.9930,0.0000,512.73,SUCCESS
2025-12-24T19:49:11.735222+00:00,btc-updown-15m-1766606400,TRADE,DOWN,ACCUM,3,3,0.4901,1.4703,48,0.4659,52,0.4829,48,0.9489,2.4544,0.08,0.5226,4.5226,0.0000,511.26,SUCCESS
2025-12-24T19:49:17.142471+00:00,btc-updown-15m-1766606400,TRADE,DOWN,ACCUM,3,3,0.4900,1.4701,48,0.4659,55,0.4833,48,0.9493,2.4358,0.13,-0.9475,6.0525,0.0000,509.79,SUCCESS
2025-12-24T19:49:22.533698+00:00,btc-updown-15m-1766606400,TRADE,DOWN,ACCUM,3,3,0.4902,1.4706,48,0.4659,58,0.4837,48,0.9496,2.4187,0.17,-2.4181,7.5819,0.0000,508.32,SUCCESS
2025-12-24T19:49:33.514876+00:00,btc-updown-15m-1766606400,TRADE,UP,ACCUM,3,3,0.4602,1.3805,51,0.4656,58,0.4837,51,0.9493,2.5872,0.12,-0.7986,6.2014,0.0000,506.94,SUCCESS
2025-12-24T19:49:39.145569+00:00,btc-updown-15m-1766606400,TRADE,UP,ACCUM,3,3,0.4601,1.3804,54,0.4653,58,0.4837,54,0.9490,2.7557,0.07,0.8210,4.8210,0.0000,505.56,SUCCESS
2025-12-24T19:49:39.145991+00:00,btc-updown-15m-1766606400,TRADE,DOWN,ACCUM,3,3,0.4902,1.4707,54,0.4653,61,0.4840,54,0.9493,2.7383,0.11,-0.6497,6.3503,0.0000,504.09,SUCCESS
2025-12-24T19:49:44.752423+00:00,btc-updown-15m-1766606400,TRADE,UP,ACCUM,3,3,0.4601,1.3803,57,0.4650,61,0.4840,57,0.9490,2.9060,0.07,0.9700,4.9700,0.0000,502.71,SUCCESS
2025-12-24T19:49:55.965932+00:00,btc-updown-15m-1766606400,TRADE,UP,ACCUM,3,3,0.4601,1.3803,60,0.4648,61,0.4840,60,0.9488,3.0737,0.02,2.5897,3.5897,0.0000,501.33,SUCCESS
2025-12-24T20:00:04.820171+00:00,btc-updown-15m-1766606400,RESOLUTION,UP,BINANCE_FALLBACK_SHARED,121,121,1.0000,57.4103,60,0.4648,61,0.4840,60,0.9488,3.0737,0.02,0.0000,0.0000,2.5897,561.33,RESOLVED
2025-12-24T20:00:18.267938+00:00,btc-updown-15m-1766607300,TRADE,UP,ACCUM,6,6,0.4602,2.7614,6,0.4602,0,0.0000,0,0.0000,0.0000,1.00,-2.7614,3.2386,0.0000,558.57,SUCCESS
2025-12-24T20:00:40.108801+00:00,btc-updown-15m-1766607300,TRADE,DOWN,ACCUM,6,6,0.4901,2.9404,6,0.4602,6,0.4901,6,0.9503,0.2982,0.00,0.2982,0.2982,0.0000,555.63,SUCCESS
2025-12-24T20:00:45.527900+00:00,btc-updown-15m-1766607300,TRADE,UP,ACCUM,5,5,0.4602,2.3008,11,0.4602,6,0.4901,6,0.9503,0.2984,0.45,-2.0026,2.9974,0.0000,553.33,SUCCESS
2025-12-24T20:00:45.528307+00:00,btc-updown-15m-1766607300,TRADE,DOWN,ACCUM,5,5,0.4900,2.4502,11,0.4602,11,0.4901,11,0.9503,0.5472,0.00,0.5472,0.5472,0.0000,550.87,SUCCESS
2025-12-24T20:00:51.126558+00:00,btc-updown-15m-1766607300,TRADE,UP,ACCUM,4,4,0.4601,1.8405,15,0.4602,11,0.4901,11,0.9502,0.5474,0.27,-1.2933,2.7067,0.0000,549.03,SUCCESS
2025-12-24T20:00:51.127017+00:00,btc-updown-15m-1766607300,TRADE,DOWN,ACCUM,4,4,0.4902,1.9607,15,0.4602,15,0.4901,15,0.9503,0.7461,0.00,0.7461,0.7461,0.0000,547.07,SUCCESS
2025-12-24T20:00:56.839589+00:00,btc-updown-15m-1766607300,TRADE,UP,ACCUM,4,4,0.4601,1.8403,19,0.4602,15,0.4901,15,0.9502,0.7464,0.21,-1.0943,2.9057,0.0000,545.23,SUCCESS
2025-12-24T20:01:02.348260+00:00,btc-updown-15m-1766607300,TRADE,DOWN,ACCUM,4,4,0.4901,1.9606,19,0.4602,19,0.4901,19,0.9503,0.9452,0.00,0.9452,0.9452,0.0000,543.27,SUCCESS
2025-12-24T20:01:13.252168+00:00,btc-updown-15m-1766607300,TRADE,DOWN,ACCUM,4,4,0.4902,1.9609,19,0.4602,23,0.4901,19,0.9503,0.9447,0.17,-1.0157,2.9843,0.0000,541.31,SUCCESS
2025-12-24T20:01:18.641710+00:00,btc-updown-15m-1766607300,TRADE,UP,ACCUM,4,4,0.4602,1.8407,23,0.4602,23,0.4901,23,0.9503,1.1436,0.00,1.1436,1.1436,0.0000,539.47,SUCCESS
2025-12-24T20:01:24.049503+00:00,btc-updown-15m-1766607300,TRADE,UP,ACCUM,3,3,0.4601,1.3804,26,0.4602,23,0.4901,23,0.9503,1.1436,0.12,-0.2369,2.7631,0.0000,538.09,SUCCESS
2025-12-24T20:01:24.051128+00:00,btc-updown-15m-1766607300,TRADE,DOWN,ACCUM,3,3,0.4902,1.4705,26,0.4602,26,0.4901,26,0.9503,1.2926,0.00,1.2926,1.2926,0.0000,536.62,SUCCESS
2025-12-24T20:01:29.663741+00:00,btc-updown-15m-1766607300,TRADE,UP,ACCUM,3,3,0.4598,1.3795,29,0.4601,26,0.4901,26,0.9502,1.2935,0.10,-0.0869,2.9131,0.0000,535.24,SUCCESS
2025-12-24T20:01:29.664120+00:00,btc-updown-15m-1766607300,TRADE,DOWN,ACCUM,3,3,0.4901,1.4702,29,0.4601,29,0.4901,29,0.9502,1.4429,0.00,1.4429,1.4429,0.0000,533.77,SUCCESS
2025-12-24T20:01:35.168932+00:00,btc-updown-15m-1766607300,TRADE,UP,ACCUM,3,3,0.4601,1.3802,32,0.4601,29,0.4901,29,0.9502,1.4432,0.09,0.0628,3.0628,0.0000,532.39,SUCCESS
2025-12-24T20:01:35.170262+00:00,btc-updown-15m-1766607300,TRADE,DOWN,ACCUM,3,3,0.4902,1.4706,32,0.4601,32,0.4901,32,0.9502,1.5922,0.00,1.5922,1.5922,0.0000,530.92,SUCCESS
2025-12-24T20:01:40.682432+00:00,btc-updown-15m-1766607300,TRADE,UP,ACCUM,3,3,0.4602,1.3806,35,0.4601,32,0.4901,32,0.9503,1.5920,0.09,0.2116,3.2116,0.0000,529.54,SUCCESS
2025-12-24T20:01:46.192933+00:00,btc-updown-15m-1766607300,TRADE,UP,ACCUM,3,3,0.4601,1.3802,38,0.4601,32,0.4901,32,0.9502,1.5921,0.16,-1.1686,4.8314,0.0000,528.16,SUCCESS
2025-12-24T20:01:46.193359+00:00,btc-updown-15m-1766607300,TRADE,DOWN,ACCUM,3,3,0.4901,1.4704,38,0.4601,35,0.4901,35,0.9502,1.7413,0.08,0.3610,3.3610,0.0000,526.69,SUCCESS
2025-12-24T20:02:07.980254+00:00,btc-updown-15m-1766607300,TRADE,DOWN,ACCUM,3,3,0.4902,1.4706,38,0.4601,38,0.4901,38,0.9503,1.8904,0.00,1.8904,1.8904,0.0000,525.22,SUCCESS
2025-12-24T20:02:13.396821+00:00,btc-updown-15m-1766607300,TRADE,DOWN,ACCUM,3,3,0.4901,1.4703,38,0.4601,41,0.4901,38,0.9502,1.8905,0.07,0.4201,3.4201,0.0000,523.75,SUCCESS
2025-12-24T20:02:24.713532+00:00,btc-updown-15m-1766607300,TRADE,UP,ACCUM,3,3,0.4600,1.3800,41,0.4601,41,0.4901,41,0.9502,2.0401,0.00,2.0401,2.0401,0.0000,522.37,SUCCESS
2025-12-24T20:02:24.714641+00:00,btc-updown-15m-1766607300,TRADE,DOWN,ACCUM,3,3,0.4898,1.4693,41,0.4601,44,0.4901,41,0.9502,2.0411,0.07,0.5708,3.5708,0.0000,520.90,SUCCESS
2025-12-24T20:02:30.113279+00:00,btc-updown-15m-1766607300,TRADE,UP,ACCUM,3,3,0.4702,1.4106,44,0.4608,44,0.4901,44,0.9509,2.1602,0.00,2.1602,2.1602,0.0000,519.49,SUCCESS
2025-12-24T20:02:35.491962+00:00,btc-updown-15m-1766607300,TRADE,UP,ACCUM,3,2,0.4601,0.9201,46,0.4608,44,0.4901,44,0.9509,2.1616,0.04,1.2401,3.2401,0.0000,518.57,SUCCESS
2025-12-24T20:02:46.497005+00:00,btc-updown-15m-1766607300,TRADE,DOWN,ACCUM,3,3,0.4902,1.4707,46,0.4608,47,0.4901,46,0.9509,2.2595,0.02,1.7694,2.7694,0.0000,517.10,SUCCESS
2025-12-24T20:02:57.618680+00:00,btc-updown-15m-1766607300,TRADE,DOWN,ACCUM,3,3,0.4802,1.4405,46,0.4608,50,0.4895,46,0.9503,2.2869,0.08,0.3288,4.3288,0.0000,515.66,SUCCESS
2025-12-24T20:03:08.607117+00:00,btc-updown-15m-1766607300,TRADE,UP,ACCUM,3,3,0.4701,1.4103,49,0.4613,50,0.4895,49,0.9509,2.4080,0.02,1.9185,2.9185,0.0000,514.25,SUCCESS
2025-12-24T20:03:14.165750+00:00,btc-updown-15m-1766607300,TRADE,UP,ACCUM,3,3,0.4602,1.3807,52,0.4613,50,0.4895,50,0.9508,2.4604,0.04,1.5378,3.5378,0.0000,512.87,SUCCESS
2025-12-24T20:03:14.166366+00:00,btc-updown-15m-1766607300,TRADE,DOWN,ACCUM,3,3,0.4902,1.4706,52,0.4613,53,0.4896,52,0.9508,2.5567,0.02,2.0672,3.0672,0.0000,511.39,SUCCESS
2025-12-24T20:03:19.669850+00:00,btc-updown-15m-1766607300,TRADE,UP,ACCUM,3,3,0.4601,1.3804,55,0.4612,53,0.4896,53,0.9508,2.6092,0.04,1.6867,3.6867,0.0000,510.01,SUCCESS
2025-12-24T20:03:25.175942+00:00,btc-updown-15m-1766607300,TRADE,DOWN,ACCUM,3,3,0.4902,1.4706,55,0.4612,56,0.4896,55,0.9508,2.7057,0.02,2.2161,3.2161,0.0000,508.54,SUCCESS
2025-12-24T20:03:30.873740+00:00,btc-updown-15m-1766607300,TRADE,UP,ACCUM,3,3,0.4601,1.3802,58,0.4612,56,0.4896,56,0.9507,2.7582,0.03,1.8359,3.8359,0.0000,507.16,SUCCESS
2025-12-24T20:03:30.874186+00:00,btc-updown-15m-1766607300,TRADE,DOWN,ACCUM,3,3,0.4902,1.4706,58,0.4612,59,0.4896,58,0.9508,2.8549,0.02,2.3653,3.3653,0.0000,505.69,SUCCESS
2025-12-24T20:03:36.273903+00:00,btc-updown-15m-1766607300,TRADE,DOWN,ACCUM,3,3,0.4900,1.4700,58,0.4612,62,0.4896,58,0.9508,2.8539,0.06,0.8953,4.8953,0.0000,504.22,SUCCESS
2025-12-24T20:03:58.344254+00:00,btc-updown-15m-1766607300,TRADE,UP,ACCUM,3,3,0.4602,1.3806,61,0.4611,62,0.4896,61,0.9507,3.0044,0.02,2.5147,3.5147,0.0000,502.84,SUCCESS
2025-12-24T20:15:05.232657+00:00,btc-updown-15m-1766607300,RESOLUTION,UP,BINANCE_FALLBACK_SHARED,123,123,1.0000,58.4853,61,0.4611,62,0.4896,61,0.9507,3.0044,0.02,0.0000,0.0000,2.5147,563.84,RESOLVED
2025-12-24T20:15:13.679579+00:00,btc-updown-15m-1766608200,TRADE,DOWN,ACCUM,6,6,0.4801,2.8805,0,0.0000,6,0.4801,0,0.0000,0.0000,1.00,-2.8805,3.1195,0.0000,560.96,SUCCESS
2025-12-24T20:15:30.158804+00:00,btc-updown-15m-1766608200,TRADE,UP,ACCUM,6,6,0.4700,2.8200,6,0.4700,6,0.4801,6,0.9501,0.2995,0.00,0.2995,0.2995,0.0000,558.14,SUCCESS
2025-12-24T20:15:35.660895+00:00,btc-updown-15m-1766608200,TRADE,UP,ACCUM,5,5,0.4702,2.3511,11,0.4701,6,0.4801,6,0.9502,0.2989,0.45,-2.0517,2.9483,0.0000,555.79,SUCCESS
2025-12-24T20:15:41.064395+00:00,btc-updown-15m-1766608200,TRADE,DOWN,ACCUM,5,5,0.4802,2.4009,11,0.4701,11,0.4801,11,0.9502,0.5474,0.00,0.5474,0.5474,0.0000,553.39,SUCCESS
2025-12-24T20:15:46.668048+00:00,btc-updown-15m-1766608200,TRADE,DOWN,ACCUM,4,4,0.4802,1.9207,11,0.4701,15,0.4801,11,0.9502,0.5473,0.27,-1.3733,2.6267,0.0000,551.47,SUCCESS
2025-12-24T20:15:57.566734+00:00,btc-updown-15m-1766608200,TRADE,UP,ACCUM,4,4,0.4702,1.8807,15,0.4701,15,0.4801,15,0.9503,0.7460,0.00,0.7460,0.7460,0.0000,549.59,SUCCESS
2025-12-24T20:15:57.567946+00:00,btc-updown-15m-1766608200,TRADE,DOWN,ACCUM,4,4,0.4800,1.9200,15,0.4701,19,0.4801,15,0.9502,0.7465,0.21,-1.1740,2.8260,0.0000,547.67,SUCCESS
2025-12-24T20:16:03.154086+00:00,btc-updown-15m-1766608200,TRADE,UP,ACCUM,4,4,0.4699,1.8796,19,0.4701,19,0.4801,19,0.9502,0.9464,0.00,0.9464,0.9464,0.0000,545.79,SUCCESS
2025-12-24T20:16:03.155975+00:00,btc-updown-15m-1766608200,TRADE,DOWN,ACCUM,4,2,0.4800,0.9601,19,0.4701,21,0.4801,19,0.9502,0.9466,0.10,-0.0136,1.9864,0.0000,544.83,SUCCESS
2025-12-24T20:16:08.578176+00:00,btc-updown-15m-1766608200,TRADE,DOWN,ACCUM,3,1,0.4801,0.4801,19,0.4701,22,0.4801,19,0.9502,0.9466,0.14,-0.4937,2.5063,0.0000,544.35,SUCCESS
2025-12-24T20:16:24.991983+00:00,btc-updown-15m-1766608200,TRADE,DOWN,ACCUM,3,3,0.4801,1.4402,19,0.4701,25,0.4801,19,0.9502,0.9467,0.24,-1.9339,4.0661,0.0000,542.91,SUCCESS
2025-12-24T20:16:30.405929+00:00,btc-updown-15m-1766608200,TRADE,UP,ACCUM,4,4,0.4702,1.8809,23,0.4701,25,0.4801,23,0.9502,1.1454,0.08,0.1852,2.1852,0.0000,541.03,SUCCESS
2025-12-24T20:16:35.905874+00:00,btc-updown-15m-1766608200,TRADE,UP,ACCUM,3,3,0.4601,1.3804,26,0.4689,25,0.4801,25,0.9490,1.2738,0.04,0.8048,1.8048,0.0000,539.65,SUCCESS
2025-12-24T20:16:35.906756+00:00,btc-updown-15m-1766608200,TRADE,DOWN,ACCUM,3,3,0.4902,1.4705,26,0.4689,28,0.4812,26,0.9501,1.2966,0.07,0.3343,2.3343,0.0000,538.18,SUCCESS
2025-12-24T20:16:41.437529+00:00,btc-updown-15m-1766608200,TRADE,DOWN,ACCUM,3,3,0.4898,1.4693,26,0.4689,31,0.4820,26,0.9510,1.2750,0.16,-1.1350,3.8650,0.0000,536.71,SUCCESS
2025-12-24T20:16:47.082747+00:00,btc-updown-15m-1766608200,TRADE,DOWN,ACCUM,3,3,0.4902,1.4706,26,0.4689,34,0.4827,26,0.9517,1.2562,0.24,-2.6057,5.3943,0.0000,535.24,SUCCESS
2025-12-24T20:17:09.020633+00:00,btc-updown-15m-1766608200,TRADE,UP,ACCUM,3,3,0.4601,1.3803,29,0.4680,34,0.4827,29,0.9508,1.4277,0.15,-0.9860,4.0140,0.0000,533.86,SUCCESS
2025-12-24T20:17:19.937109+00:00,btc-updown-15m-1766608200,TRADE,UP,ACCUM,3,3,0.4602,1.3806,32,0.4673,34,0.4827,32,0.9500,1.5989,0.06,0.6334,2.6334,0.0000,532.48,SUCCESS
2025-12-24T20:17:25.328715+00:00,btc-updown-15m-1766608200,TRADE,UP,ACCUM,3,3,0.4600,1.3800,35,0.4667,34,0.4827,34,0.9494,1.7200,0.03,1.2534,2.2534,0.0000,531.10,SUCCESS
2025-12-24T20:17:36.202523+00:00,btc-updown-15m-1766608200,TRADE,DOWN,ACCUM,3,3,0.4901,1.4702,35,0.4667,37,0.4833,35,0.9500,1.7498,0.05,0.7832,2.7832,0.0000,529.63,SUCCESS
2025-12-24T20:17:41.735227+00:00,btc-updown-15m-1766608200,TRADE,DOWN,ACCUM,3,3,0.4901,1.4703,35,0.4667,40,0.4838,35,0.9505,1.7321,0.12,-0.6871,4.3129,0.0000,528.16,SUCCESS
2025-12-24T20:17:58.109466+00:00,btc-updown-15m-1766608200,TRADE,DOWN,ACCUM,3,3,0.4900,1.4701,35,0.4667,43,0.4843,35,0.9509,1.7170,0.19,-2.1572,5.8428,0.0000,526.69,SUCCESS
2025-12-24T20:18:19.998316+00:00,btc-updown-15m-1766608200,TRADE,DOWN,ACCUM,2,2,0.5000,1.0000,35,0.4667,45,0.4850,35,0.9516,1.6925,0.22,-3.1572,6.8428,0.0000,525.69,SUCCESS
2025-12-24T20:18:41.731569+00:00,btc-updown-15m-1766608200,TRADE,UP,ACCUM,3,3,0.4500,1.3501,38,0.4654,45,0.4850,38,0.9503,1.8875,0.16,-1.5073,5.4927,0.0000,524.34,SUCCESS
2025-12-24T20:18:47.111527+00:00,btc-updown-15m-1766608200,TRADE,DOWN,ACCUM,2,2,0.5002,1.0003,38,0.4654,47,0.4856,38,0.9510,1.8629,0.19,-2.5076,6.4924,0.0000,523.33,SUCCESS
2025-12-24T20:18:52.511068+00:00,btc-updown-15m-1766608200,TRADE,UP,ACCUM,3,3,0.4501,1.3504,41,0.4642,47,0.4856,41,0.9499,2.0557,0.13,-0.8580,5.1420,0.0000,521.98,SUCCESS
2025-12-24T20:18:58.056605+00:00,btc-updown-15m-1766608200,TRADE,DOWN,ACCUM,3,3,0.4902,1.4706,41,0.4642,50,0.4859,41,0.9501,2.0444,0.18,-2.3286,6.6714,0.0000,520.51,SUCCESS
2025-12-24T20:19:14.350353+00:00,btc-updown-15m-1766608200,TRADE,UP,ACCUM,3,3,0.4602,1.3807,44,0.4640,50,0.4859,44,0.9499,2.2061,0.12,-0.7093,5.2907,0.0000,519.13,SUCCESS
2025-12-24T20:19:25.467890+00:00,btc-updown-15m-1766608200,TRADE,UP,ACCUM,3,3,0.4601,1.3804,47,0.4637,50,0.4859,47,0.9496,2.3680,0.06,0.9104,3.9104,0.0000,517.75,SUCCESS
2025-12-24T20:19:25.468432+00:00,btc-updown-15m-1766608200,TRADE,DOWN,ACCUM,3,3,0.4901,1.4702,47,0.4637,53,0.4861,47,0.9499,2.3569,0.11,-0.5598,5.4402,0.0000,516.28,SUCCESS
2025-12-24T20:19:30.970479+00:00,btc-updown-15m-1766608200,TRADE,UP,ACCUM,3,3,0.4601,1.3803,50,0.4635,53,0.4861,50,0.9496,2.5183,0.06,1.0599,4.0599,0.0000,514.90,SUCCESS
2025-12-24T20:19:30.971006+00:00,btc-updown-15m-1766608200,TRADE,DOWN,ACCUM,3,3,0.4901,1.4702,50,0.4635,56,0.4863,50,0.9498,2.5077,0.11,-0.4103,5.5897,0.0000,513.43,SUCCESS
2025-12-24T20:19:36.494981+00:00,btc-updown-15m-1766608200,TRADE,UP,ACCUM,3,3,0.4602,1.3806,53,0.4633,56,0.4863,53,0.9497,2.6680,0.05,1.2090,4.2090,0.0000,512.05,SUCCESS
2025-12-24T20:19:36.495618+00:00,btc-updown-15m-1766608200,TRADE,DOWN,ACCUM,3,3,0.4900,1.4700,53,0.4633,59,0.4865,53,0.9498,2.6582,0.10,-0.2610,5.7390,0.0000,510.58,SUCCESS
2025-12-24T20:19:42.006319+00:00,btc-updown-15m-1766608200,TRADE,UP,ACCUM,3,3,0.4601,1.3802,56,0.4631,59,0.4865,56,0.9497,2.8184,0.05,1.3588,4.3588,0.0000,509.20,SUCCESS
2025-12-24T20:19:47.402067+00:00,btc-updown-15m-1766608200,TRADE,DOWN,ACCUM,3,3,0.4902,1.4705,56,0.4631,62,0.4867,56,0.9498,2.8085,0.10,-0.1117,5.8883,0.0000,507.73,SUCCESS
2025-12-24T20:20:04.102761+00:00,btc-updown-15m-1766608200,TRADE,UP,ACCUM,3,3,0.4702,1.4106,59,0.4635,62,0.4867,59,0.9502,2.9378,0.05,1.4777,4.4777,0.0000,506.32,SUCCESS
2025-12-24T20:20:31.531447+00:00,btc-updown-15m-1766608200,TRADE,UP,ACCUM,3,3,0.4702,1.4105,62,0.4638,62,0.4867,62,0.9505,3.0672,0.00,3.0672,3.0672,0.0000,504.91,SUCCESS
2025-12-24T20:30:03.387005+00:00,btc-updown-15m-1766608200,RESOLUTION,UP,BINANCE_FALLBACK_SHARED,124,124,1.0000,58.9328,62,0.4638,62,0.4867,62,0.9505,3.0672,0.00,0.0000,0.0000,3.0672,566.91,RESOLVED
2025-12-24T20:30:12.064553+00:00,btc-updown-15m-1766609100,TRADE,UP,ACCUM,6,6,0.4702,2.8210,6,0.4702,0,0.0000,0,0.0000,0.0000,1.00,-2.8210,3.1790,0.0000,564.09,SUCCESS
2025-12-24T20:30:12.064889+00:00,btc-updown-15m-1766609100,TRADE,DOWN,ACCUM,6,6,0.4802,2.8810,6,0.4702,6,0.4802,6,0.9503,0.2980,0.00,0.2980,0.2980,0.0000,561.21,SUCCESS
2025-12-24T20:30:23.145476+00:00,btc-updown-15m-1766609100,TRADE,UP,ACCUM,5,5,0.4702,2.3510,11,0.4702,6,0.4802,6,0.9504,0.2979,0.45,-2.0531,2.9469,0.0000,558.86,SUCCESS
2025-12-24T20:30:23.146045+00:00,btc-updown-15m-1766609100,TRADE,DOWN,ACCUM,5,5,0.4801,2.4003,11,0.4702,11,0.4801,11,0.9503,0.5466,0.00,0.5466,0.5466,0.0000,556.46,SUCCESS
2025-12-24T20:30:28.656008+00:00,btc-updown-15m-1766609100,TRADE,UP,ACCUM,4,4,0.4700,1.8801,15,0.4701,11,0.4801,11,0.9503,0.5471,0.27,-1.3335,2.6665,0.0000,554.58,SUCCESS
2025-12-24T20:30:34.158996+00:00,btc-updown-15m-1766609100,TRADE,UP,ACCUM,4,1,0.4700,0.4700,16,0.4701,11,0.4801,11,0.9503,0.5471,0.31,-1.8036,3.1964,0.0000,554.11,SUCCESS
2025-12-24T20:30:39.653040+00:00,btc-updown-15m-1766609100,TRADE,DOWN,ACCUM,4,4,0.4802,1.9209,16,0.4701,15,0.4801,15,0.9503,0.7457,0.06,0.2756,1.2756,0.0000,552.19,SUCCESS
2025-12-24T20:30:45.148422+00:00,btc-updown-15m-1766609100,TRADE,DOWN,ACCUM,4,4,0.4902,1.9609,16,0.4701,19,0.4823,16,0.9524,0.7615,0.16,-0.6853,2.3147,0.0000,550.22,SUCCESS
2025-12-24T20:30:56.045322+00:00,btc-updown-15m-1766609100,TRADE,UP,ACCUM,4,4,0.4601,1.8402,20,0.4681,19,0.4823,19,0.9504,0.9426,0.05,0.4745,1.4745,0.0000,548.38,SUCCESS
2025-12-24T20:31:01.534896+00:00,btc-updown-15m-1766609100,TRADE,UP,ACCUM,4,4,0.4601,1.8402,24,0.4668,19,0.4823,19,0.9490,0.9682,0.21,-1.3657,3.6343,0.0000,546.54,SUCCESS
2025-12-24T20:31:07.036375+00:00,btc-updown-15m-1766609100,TRADE,UP,ACCUM,3,3,0.4601,1.3803,27,0.4660,19,0.4823,19,0.9483,0.9823,0.30,-2.7460,5.2540,0.0000,545.16,SUCCESS
2025-12-24T20:31:28.932992+00:00,btc-updown-15m-1766609100,TRADE,DOWN,ACCUM,4,4,0.4902,1.9609,27,0.4660,23,0.4836,23,0.9497,1.1572,0.15,-0.7069,3.2931,0.0000,543.20,SUCCESS
2025-12-24T20:31:34.499441+00:00,btc-updown-15m-1766609100,TRADE,UP,ACCUM,3,3,0.4601,1.3802,30,0.4654,23,0.4836,23,0.9491,1.1710,0.23,-2.0871,4.9129,0.0000,541.82,SUCCESS
2025-12-24T20:31:39.927225+00:00,btc-updown-15m-1766609100,TRADE,UP,ACCUM,3,3,0.4602,1.3806,33,0.4650,23,0.4836,23,0.9486,1.1819,0.30,-3.4677,6.5323,0.0000,540.44,SUCCESS
2025-12-24T20:31:45.424176+00:00,btc-updown-15m-1766609100,TRADE,DOWN,ACCUM,3,3,0.4900,1.4700,33,0.4650,26,0.4844,26,0.9493,1.3170,0.21,-1.9377,5.0623,0.0000,538.97,SUCCESS
2025-12-24T20:31:50.832822+00:00,btc-updown-15m-1766609100,TRADE,UP,ACCUM,3,3,0.4601,1.3803,36,0.4646,26,0.4844,26,0.9489,1.3276,0.28,-3.3180,6.6820,0.0000,537.59,SUCCESS
2025-12-24T20:31:50.833368+00:00,btc-updown-15m-1766609100,TRADE,DOWN,ACCUM,3,3,0.4901,1.4704,36,0.4646,29,0.4850,29,0.9495,1.4635,0.19,-1.7884,5.2116,0.0000,536.12,SUCCESS
2025-12-24T20:31:56.448454+00:00,btc-updown-15m-1766609100,TRADE,UP,ACCUM,3,3,0.4602,1.3806,39,0.4642,29,0.4850,29,0.9492,1.4732,0.26,-3.1690,6.8310,0.0000,534.74,SUCCESS
2025-12-24T20:32:01.951777+00:00,btc-updown-15m-1766609100,TRADE,DOWN,ACCUM,3,3,0.4902,1.4706,39,0.4642,32,0.4855,32,0.9497,1.6099,0.18,-1.6396,5.3604,0.0000,533.27,SUCCESS
2025-12-24T20:32:07.461048+00:00,btc-updown-15m-1766609100,TRADE,DOWN,ACCUM,2,2,0.5001,1.0002,39,0.4642,34,0.4863,34,0.9506,1.6812,0.13,-0.6399,4.3601,0.0000,532.27,SUCCESS
2025-12-24T20:32:12.862366+00:00,btc-updown-15m-1766609100,TRADE,UP,ACCUM,3,1,0.4501,0.4501,40,0.4639,34,0.4863,34,0.9502,1.6932,0.15,-1.0900,4.9100,0.0000,531.82,SUCCESS
2025-12-24T20:32:18.356391+00:00,btc-updown-15m-1766609100,TRADE,UP,ACCUM,3,3,0.4602,1.3807,43,0.4636,34,0.4863,34,0.9499,1.7019,0.21,-2.4706,6.5294,0.0000,530.44,SUCCESS
2025-12-24T20:32:18.357464+00:00,btc-updown-15m-1766609100,TRADE,DOWN,ACCUM,3,3,0.4900,1.4700,43,0.4636,37,0.4866,37,0.9502,1.8410,0.14,-0.9407,5.0593,0.0000,528.97,SUCCESS
2025-12-24T20:32:34.656548+00:00,btc-updown-15m-1766609100,TRADE,UP,ACCUM,3,3,0.4701,1.4104,46,0.4640,37,0.4866,37,0.9507,1.8253,0.20,-2.3510,6.6490,0.0000,527.56,SUCCESS
2025-12-24T20:32:40.261029+00:00,btc-updown-15m-1766609100,TRADE,DOWN,ACCUM,3,3,0.4801,1.4403,46,0.4640,40,0.4861,40,0.9502,1.9929,0.13,-0.7913,5.2087,0.0000,526.12,SUCCESS
2025-12-24T20:32:45.758356+00:00,btc-updown-15m-1766609100,TRADE,UP,ACCUM,3,3,0.4602,1.3805,49,0.4638,40,0.4861,40,0.9499,2.0024,0.18,-2.1718,6.8282,0.0000,524.74,SUCCESS
2025-12-24T20:32:51.163887+00:00,btc-updown-15m-1766609100,TRADE,DOWN,ACCUM,3,3,0.4901,1.4704,49,0.4638,43,0.4864,43,0.9502,2.1406,0.12,-0.6422,5.3578,0.0000,523.27,SUCCESS
2025-12-24T20:32:56.658935+00:00,btc-updown-15m-1766609100,TRADE,UP,ACCUM,3,3,0.4600,1.3801,52,0.4636,43,0.4864,43,0.9500,2.1500,0.17,-2.0223,6.9777,0.0000,521.89,SUCCESS
2025-12-24T20:32:56.659569+00:00,btc-updown-15m-1766609100,TRADE,DOWN,ACCUM,3,3,0.4901,1.4703,52,0.4636,46,0.4867,46,0.9502,2.2889,0.12,-0.4926,5.5074,0.0000,520.42,SUCCESS
2025-12-24T20:33:02.165591+00:00,btc-updown-15m-1766609100,TRADE,DOWN,ACCUM,3,3,0.4901,1.4704,52,0.4636,49,0.4869,49,0.9505,2.4277,0.06,1.0370,4.0370,0.0000,518.95,SUCCESS
2025-12-24T20:33:07.704086+00:00,btc-updown-15m-1766609100,TRADE,UP,ACCUM,3,3,0.4601,1.3804,55,0.4634,49,0.4869,49,0.9503,2.4370,0.11,-0.3434,5.6566,0.0000,517.57,SUCCESS
2025-12-24T20:33:13.137947+00:00,btc-updown-15m-1766609100,TRADE,UP,ACCUM,3,3,0.4600,1.3800,58,0.4632,49,0.4869,49,0.9501,2.4456,0.16,-1.7234,7.2766,0.0000,516.19,SUCCESS
2025-12-24T20:33:18.770511+00:00,btc-updown-15m-1766609100,TRADE,DOWN,ACCUM,3,3,0.4901,1.4703,58,0.4632,52,0.4871,52,0.9503,2.5856,0.10,-0.1937,5.8063,0.0000,514.72,SUCCESS
2025-12-24T20:33:24.162411+00:00,btc-updown-15m-1766609100,TRADE,DOWN,ACCUM,3,3,0.4901,1.4703,58,0.4632,55,0.4872,55,0.9504,2.7256,0.05,1.3360,4.3360,0.0000,513.25,SUCCESS
2025-12-24T20:33:29.670127+00:00,btc-updown-15m-1766609100,TRADE,UP,ACCUM,3,3,0.4502,1.3506,61,0.4626,55,0.4872,55,0.9498,2.7608,0.10,-0.0147,5.9853,0.0000,511.89,SUCCESS
2025-12-24T20:33:29.671105+00:00,btc-updown-15m-1766609100,TRADE,DOWN,ACCUM,2,2,0.5002,1.0004,61,0.4626,57,0.4877,57,0.9503,2.8352,0.07,0.9849,4.9849,0.0000,510.89,SUCCESS
2025-12-24T20:33:40.688620+00:00,btc-updown-15m-1766609100,TRADE,DOWN,ACCUM,2,1,0.5000,0.5000,61,0.4626,58,0.4879,58,0.9505,2.8726,0.05,1.4849,4.4849,0.0000,510.39,SUCCESS
2025-12-24T20:33:46.081729+00:00,btc-updown-15m-1766609100,TRADE,DOWN,ACCUM,2,2,0.5001,1.0003,61,0.4626,60,0.4883,60,0.9509,2.9472,0.02,2.4846,3.4846,0.0000,509.39,SUCCESS
2025-12-24T20:45:02.730245+00:00,btc-updown-15m-1766609100,RESOLUTION,UP,BINANCE_FALLBACK_SHARED,121,121,1.0000,57.5154,61,0.4626,60,0.4883,60,0.9509,2.9472,0.02,0.0000,0.0000,3.4846,570.39,RESOLVED
2025-12-24T20:45:11.180279+00:00,btc-updown-15m-1766610000,TRADE,UP,ACCUM,6,6,0.4602,2.7612,6,0.4602,0,0.0000,0,0.0000,0.0000,1.00,-2.7612,3.2388,0.0000,567.63,SUCCESS
2025-12-24T20:45:27.699226+00:00,btc-updown-15m-1766610000,TRADE,DOWN,ACCUM,6,6,0.4902,2.9410,6,0.4602,6,0.4902,6,0.9504,0.2978,0.00,0.2978,0.2978,0.0000,564.69,SUCCESS
2025-12-24T20:45:33.227620+00:00,btc-updown-15m-1766610000,TRADE,DOWN,ACCUM,5,3,0.4900,1.4700,6,0.4602,9,0.4901,6,0.9503,0.2981,0.33,-1.1722,1.8278,0.0000,563.22,SUCCESS
2025-12-24T20:45:38.799621+00:00,btc-updown-15m-1766610000,TRADE,UP,ACCUM,5,5,0.4502,2.2510,11,0.4557,9,0.4901,9,0.9458,0.4881,0.18,-0.4232,1.5768,0.0000,560.97,SUCCESS
2025-12-24T20:45:44.439582+00:00,btc-updown-15m-1766610000,TRADE,UP,ACCUM,4,4,0.4601,1.8406,15,0.4569,9,0.4901,9,0.9470,0.4773,0.40,-2.2638,3.7362,0.0000,559.13,SUCCESS
2025-12-24T20:45:50.032651+00:00,btc-updown-15m-1766610000,TRADE,UP,ACCUM,4,4,0.4601,1.8406,19,0.4575,9,0.4901,9,0.9477,0.4711,0.53,-4.1044,5.8956,0.0000,557.29,SUCCESS
2025-12-24T20:45:50.033278+00:00,btc-updown-15m-1766610000,TRADE,DOWN,ACCUM,5,3,0.4901,1.4702,19,0.4575,12,0.4901,12,0.9476,0.6283,0.37,-2.5746,4.4254,0.0000,555.82,SUCCESS
2025-12-24T20:45:55.525633+00:00,btc-updown-15m-1766610000,TRADE,DOWN,ACCUM,4,4,0.4902,1.9608,19,0.4575,16,0.4901,16,0.9477,0.8372,0.16,-0.5354,2.4646,0.0000,553.86,SUCCESS
2025-12-24T20:46:06.741163+00:00,btc-updown-15m-1766610000,TRADE,DOWN,ACCUM,4,4,0.4901,1.9605,19,0.4575,20,0.4901,19,0.9477,0.9942,0.05,0.5041,1.5041,0.0000,551.90,SUCCESS
2025-12-24T20:46:12.142207+00:00,btc-updown-15m-1766610000,TRADE,DOWN,ACCUM,4,4,0.4902,1.9608,19,0.4575,24,0.4901,19,0.9477,0.9940,0.21,-1.4567,3.5433,0.0000,549.94,SUCCESS
2025-12-24T20:46:17.648087+00:00,btc-updown-15m-1766610000,TRADE,UP,ACCUM,4,4,0.4598,1.8392,23,0.4579,24,0.4901,23,0.9481,1.1942,0.04,0.7040,1.7040,0.0000,548.10,SUCCESS
2025-12-24T20:46:17.649329+00:00,btc-updown-15m-1766610000,TRADE,DOWN,ACCUM,3,3,0.4901,1.4703,23,0.4579,27,0.4901,23,0.9481,1.1943,0.15,-0.7663,3.2337,0.0000,546.63,SUCCESS
2025-12-24T20:46:23.062837+00:00,btc-updown-15m-1766610000,TRADE,UP,ACCUM,3,3,0.4601,1.3803,26,0.4582,27,0.4901,26,0.9483,1.3436,0.04,0.8534,1.8534,0.0000,545.25,SUCCESS
2025-12-24T20:46:23.063240+00:00,btc-updown-15m-1766610000,TRADE,DOWN,ACCUM,3,3,0.4902,1.4705,26,0.4582,30,0.4901,26,0.9483,1.3434,0.13,-0.6171,3.3829,0.0000,543.78,SUCCESS
2025-12-24T20:46:28.464494+00:00,btc-updown-15m-1766610000,TRADE,UP,ACCUM,3,3,0.4601,1.3804,29,0.4584,30,0.4901,29,0.9485,1.4926,0.03,1.0025,2.0025,0.0000,542.40,SUCCESS
2025-12-24T20:46:33.862699+00:00,btc-updown-15m-1766610000,TRADE,UP,ACCUM,3,3,0.4601,1.3803,32,0.4586,30,0.4901,30,0.9487,1.5392,0.06,0.6221,2.6221,0.0000,541.02,SUCCESS
2025-12-24T20:46:33.863546+00:00,btc-updown-15m-1766610000,TRADE,DOWN,ACCUM,3,3,0.4902,1.4706,32,0.4586,33,0.4901,32,0.9487,1.6416,0.03,1.1515,2.1515,0.0000,539.55,SUCCESS
2025-12-24T20:46:39.359594+00:00,btc-updown-15m-1766610000,TRADE,UP,ACCUM,3,3,0.4702,1.4106,35,0.4596,33,0.4901,33,0.9497,1.6600,0.06,0.7409,2.7409,0.0000,538.14,SUCCESS
2025-12-24T20:46:39.360015+00:00,btc-updown-15m-1766610000,TRADE,DOWN,ACCUM,3,3,0.4801,1.4403,35,0.4596,36,0.4893,35,0.9489,1.7899,0.03,1.3006,2.3006,0.0000,536.69,SUCCESS
2025-12-24T20:46:44.858738+00:00,btc-updown-15m-1766610000,TRADE,DOWN,ACCUM,3,3,0.4801,1.4404,35,0.4596,39,0.4886,35,0.9482,1.8146,0.10,-0.1398,3.8602,0.0000,535.25,SUCCESS
2025-12-24T20:46:50.244799+00:00,btc-updown-15m-1766610000,TRADE,DOWN,ACCUM,3,3,0.4800,1.4400,35,0.4596,42,0.4880,35,0.9475,1.8361,0.17,-1.5798,5.4202,0.0000,533.81,SUCCESS
2025-12-24T20:47:01.311329+00:00,btc-updown-15m-1766610000,TRADE,UP,ACCUM,3,3,0.4701,1.4102,38,0.4604,42,0.4880,38,0.9484,1.9619,0.10,0.0099,4.0099,0.0000,532.40,SUCCESS
2025-12-24T20:47:01.312064+00:00,btc-updown-15m-1766610000,TRADE,DOWN,ACCUM,3,3,0.4801,1.4404,38,0.4604,45,0.4875,38,0.9478,1.9818,0.16,-1.4305,5.5695,0.0000,530.96,SUCCESS
2025-12-24T20:47:12.301826+00:00,btc-updown-15m-1766610000,TRADE,DOWN,ACCUM,3,3,0.4801,1.4404,38,0.4604,48,0.4870,38,0.9474,1.9992,0.21,-2.8709,7.1291,0.0000,529.52,SUCCESS
2025-12-24T20:47:23.248434+00:00,btc-updown-15m-1766610000,TRADE,UP,ACCUM,3,3,0.4700,1.4101,41,0.4611,48,0.4870,41,0.9481,2.1280,0.15,-1.2810,5.7190,0.0000,528.11,SUCCESS
2025-12-24T20:47:28.747945+00:00,btc-updown-15m-1766610000,TRADE,DOWN,ACCUM,3,3,0.4801,1.4402,41,0.4611,51,0.4866,41,0.9477,2.1448,0.20,-2.7212,7.2788,0.0000,526.67,SUCCESS
2025-12-24T20:48:12.579317+00:00,btc-updown-15m-1766610000,TRADE,UP,ACCUM,3,3,0.4701,1.4104,44,0.4617,51,0.4866,44,0.9483,2.2746,0.14,-1.1316,5.8684,0.0000,525.26,SUCCESS
2025-12-24T20:48:18.088049+00:00,btc-updown-15m-1766610000,TRADE,UP,ACCUM,3,3,0.4700,1.4101,47,0.4622,51,0.4866,47,0.9488,2.4048,0.08,0.4584,4.4584,0.0000,523.85,SUCCESS
2025-12-24T20:48:40.367641+00:00,btc-updown-15m-1766610000,TRADE,DOWN,ACCUM,3,1,0.4801,0.4801,47,0.4622,52,0.4865,47,0.9487,2.4107,0.10,-0.0217,4.9783,0.0000,523.37,SUCCESS
2025-12-24T20:48:45.872143+00:00,btc-updown-15m-1766610000,TRADE,UP,ACCUM,3,3,0.4702,1.4106,50,0.4627,52,0.4865,50,0.9492,2.5406,0.04,1.5677,3.5677,0.0000,521.96,SUCCESS
2025-12-24T20:48:51.371184+00:00,btc-updown-15m-1766610000,TRADE,UP,ACCUM,3,3,0.4702,1.4106,53,0.4631,52,0.4865,52,0.9496,2.6202,0.02,2.1571,3.1571,0.0000,520.55,SUCCESS
2025-12-24T20:48:51.371800+00:00,btc-updown-15m-1766610000,TRADE,DOWN,ACCUM,3,3,0.4800,1.4401,53,0.4631,55,0.4861,53,0.9493,2.6892,0.04,1.7170,3.7170,0.0000,519.11,SUCCESS
2025-12-24T20:48:56.856010+00:00,btc-updown-15m-1766610000,TRADE,DOWN,ACCUM,3,3,0.4802,1.4407,53,0.4631,58,0.4858,53,0.9490,2.7054,0.09,0.2763,5.2763,0.0000,517.67,SUCCESS
2025-12-24T20:49:02.493519+00:00,btc-updown-15m-1766610000,TRADE,UP,ACCUM,3,3,0.4700,1.4101,56,0.4635,58,0.4858,56,0.9493,2.8378,0.03,1.8662,3.8662,0.0000,516.26,SUCCESS
2025-12-24T20:49:13.531464+00:00,btc-updown-15m-1766610000,TRADE,UP,ACCUM,3,3,0.4702,1.4105,59,0.4638,58,0.4858,58,0.9497,2.9195,0.02,2.4557,3.4557,0.0000,514.85,SUCCESS
2025-12-24T20:49:13.532953+00:00,btc-updown-15m-1766610000,TRADE,DOWN,ACCUM,3,3,0.4802,1.4405,59,0.4638,61,0.4855,59,0.9494,2.9863,0.03,2.0152,4.0152,0.0000,513.41,SUCCESS
2025-12-24T20:49:30.014861+00:00,btc-updown-15m-1766610000,TRADE,UP,ACCUM,3,2,0.4701,0.9401,61,0.4641,61,0.4855,61,0.9496,3.0751,0.00,3.0751,3.0751,0.0000,512.47,SUCCESS
2025-12-24T21:00:05.407677+00:00,btc-updown-15m-1766610000,RESOLUTION,DOWN,BINANCE_FALLBACK_SHARED,122,122,1.0000,57.9249,61,0.4641,61,0.4855,61,0.9496,3.0751,0.00,0.0000,0.0000,3.0751,573.47,RESOLVED
2025-12-24T21:00:14.496354+00:00,btc-updown-15m-1766610900,TRADE,DOWN,ACCUM,6,6,0.4702,2.8212,0,0.0000,6,0.4702,0,0.0000,0.0000,1.00,-2.8212,3.1788,0.0000,570.65,SUCCESS
2025-12-24T21:00:20.305497+00:00,btc-updown-15m-1766610900,TRADE,UP,ACCUM,6,6,0.4801,2.8805,6,0.4801,6,0.4702,6,0.9503,0.2983,0.00,0.2983,0.2983,0.0000,567.77,SUCCESS
2025-12-24T21:00:26.083908+00:00,btc-updown-15m-1766610900,TRADE,UP,ACCUM,5,5,0.4801,2.4003,11,0.4801,6,0.4702,6,0.9503,0.2984,0.45,-2.1019,2.8981,0.0000,565.37,SUCCESS
2025-12-24T21:00:26.084214+00:00,btc-updown-15m-1766610900,TRADE,DOWN,ACCUM,5,5,0.4701,2.3506,11,0.4801,11,0.4702,11,0.9502,0.5474,0.00,0.5474,0.5474,0.0000,563.02,SUCCESS
2025-12-24T21:00:38.180863+00:00,btc-updown-15m-1766610900,TRADE,DOWN,ACCUM,4,4,0.4702,1.8809,11,0.4801,15,0.4702,11,0.9503,0.5472,0.27,-1.3335,2.6665,0.0000,561.14,SUCCESS
2025-12-24T21:00:44.081921+00:00,btc-updown-15m-1766610900,TRADE,UP,ACCUM,4,4,0.4801,1.9202,15,0.4801,15,0.4702,15,0.9502,0.7463,0.00,0.7463,0.7463,0.0000,559.22,SUCCESS
2025-12-24T21:00:44.082331+00:00,btc-updown-15m-1766610900,TRADE,DOWN,ACCUM,4,4,0.4702,1.8806,15,0.4801,19,0.4702,15,0.9502,0.7464,0.21,-1.1343,2.8657,0.0000,557.33,SUCCESS
2025-12-24T21:00:55.317043+00:00,btc-updown-15m-1766610900,TRADE,UP,ACCUM,4,4,0.4801,1.9204,19,0.4801,19,0.4702,19,0.9502,0.9453,0.00,0.9453,0.9453,0.0000,555.41,SUCCESS
2025-12-24T21:00:55.318599+00:00,btc-updown-15m-1766610900,TRADE,DOWN,ACCUM,4,4,0.4700,1.8801,19,0.4801,23,0.4701,19,0.9502,0.9458,0.17,-0.9347,3.0653,0.0000,553.53,SUCCESS
2025-12-24T21:01:00.943332+00:00,btc-updown-15m-1766610900,TRADE,UP,ACCUM,4,4,0.4801,1.9204,23,0.4801,23,0.4701,23,0.9502,1.1449,0.00,1.1449,1.1449,0.0000,551.61,SUCCESS
2025-12-24T21:01:00.943720+00:00,btc-updown-15m-1766610900,TRADE,DOWN,ACCUM,3,3,0.4700,1.4100,23,0.4801,26,0.4701,23,0.9502,1.1452,0.12,-0.2652,2.7348,0.0000,550.20,SUCCESS
2025-12-24T21:01:06.446372+00:00,btc-updown-15m-1766610900,TRADE,DOWN,ACCUM,3,3,0.4700,1.4101,23,0.4801,29,0.4701,23,0.9502,1.1455,0.21,-1.6753,4.3247,0.0000,548.79,SUCCESS
2025-12-24T21:01:11.829968+00:00,btc-updown-15m-1766610900,TRADE,UP,ACCUM,3,3,0.4800,1.4400,26,0.4801,29,0.4701,26,0.9502,1.2951,0.10,-0.1153,2.8847,0.0000,547.35,SUCCESS
2025-12-24T21:01:11.830296+00:00,btc-updown-15m-1766610900,TRADE,DOWN,ACCUM,3,3,0.4701,1.4102,26,0.4801,32,0.4701,26,0.9502,1.2952,0.19,-1.5255,4.4745,0.0000,545.94,SUCCESS
2025-12-24T21:01:22.981361+00:00,btc-updown-15m-1766610900,TRADE,UP,ACCUM,3,3,0.4801,1.4402,29,0.4801,32,0.4701,29,0.9502,1.4446,0.09,0.0343,3.0343,0.0000,544.50,SUCCESS
2025-12-24T21:01:28.357202+00:00,btc-updown-15m-1766610900,TRADE,UP,ACCUM,3,2,0.4801,0.9602,31,0.4801,32,0.4701,31,0.9502,1.5442,0.03,1.0741,2.0741,0.0000,543.54,SUCCESS
2025-12-24T21:01:28.357740+00:00,btc-updown-15m-1766610900,TRADE,DOWN,ACCUM,3,3,0.4701,1.4104,31,0.4801,35,0.4701,31,0.9502,1.5442,0.11,-0.3363,3.6637,0.0000,542.13,SUCCESS
2025-12-24T21:01:44.946010+00:00,btc-updown-15m-1766610900,TRADE,UP,ACCUM,3,3,0.4801,1.4402,34,0.4801,35,0.4701,34,0.9502,1.6936,0.03,1.2235,2.2235,0.0000,540.69,SUCCESS
2025-12-24T21:01:55.852677+00:00,btc-updown-15m-1766610900,TRADE,UP,ACCUM,3,3,0.4801,1.4403,37,0.4801,35,0.4701,35,0.9502,1.7434,0.05,0.7832,2.7832,0.0000,539.25,SUCCESS
2025-12-24T21:02:01.355903+00:00,btc-updown-15m-1766610900,TRADE,UP,ACCUM,3,3,0.4802,1.4405,40,0.4801,35,0.4701,35,0.9502,1.7431,0.12,-0.6573,4.3427,0.0000,537.81,SUCCESS
2025-12-24T21:02:06.834991+00:00,btc-updown-15m-1766610900,TRADE,UP,ACCUM,3,3,0.4801,1.4403,43,0.4801,35,0.4701,35,0.9502,1.7431,0.19,-2.0976,5.9024,0.0000,536.37,SUCCESS
2025-12-24T21:02:17.958957+00:00,btc-updown-15m-1766610900,TRADE,DOWN,ACCUM,3,3,0.4701,1.4104,43,0.4801,38,0.4701,38,0.9502,1.8925,0.12,-0.5079,4.4921,0.0000,534.96,SUCCESS
2025-12-24T21:02:29.010867+00:00,btc-updown-15m-1766610900,TRADE,DOWN,ACCUM,3,3,0.4702,1.4105,43,0.4801,41,0.4701,41,0.9502,2.0417,0.05,1.0815,3.0815,0.0000,533.55,SUCCESS
2025-12-24T21:02:40.387380+00:00,btc-updown-15m-1766610900,TRADE,UP,ACCUM,3,3,0.4802,1.4406,46,0.4801,41,0.4701,41,0.9502,2.0414,0.11,-0.3591,4.6409,0.0000,532.11,SUCCESS
2025-12-24T21:02:45.919464+00:00,btc-updown-15m-1766610900,TRADE,UP,ACCUM,3,3,0.4800,1.4401,49,0.4801,41,0.4701,41,0.9502,2.0415,0.16,-1.7992,6.2008,0.0000,530.67,SUCCESS
2025-12-24T21:02:45.920027+00:00,btc-updown-15m-1766610900,TRADE,DOWN,ACCUM,3,3,0.4702,1.4106,49,0.4801,44,0.4701,44,0.9502,2.1906,0.10,-0.2098,4.7902,0.0000,529.26,SUCCESS
2025-12-24T21:02:51.442890+00:00,btc-updown-15m-1766610900,TRADE,UP,ACCUM,3,3,0.4802,1.4405,52,0.4801,44,0.4701,44,0.9502,2.1904,0.15,-1.6503,6.3497,0.0000,527.82,SUCCESS
2025-12-24T21:02:56.935577+00:00,btc-updown-15m-1766610900,TRADE,DOWN,ACCUM,3,3,0.4701,1.4102,52,0.4801,47,0.4701,47,0.9502,2.3399,0.10,-0.0606,4.9394,0.0000,526.41,SUCCESS
2025-12-24T21:03:02.615633+00:00,btc-updown-15m-1766610900,TRADE,UP,ACCUM,3,1,0.4801,0.4801,53,0.4801,47,0.4701,47,0.9502,2.3398,0.11,-0.5407,5.4593,0.0000,525.93,SUCCESS
2025-12-24T21:03:02.616839+00:00,btc-updown-15m-1766610900,TRADE,DOWN,ACCUM,3,3,0.4702,1.4106,53,0.4801,50,0.4701,50,0.9502,2.4890,0.06,1.0487,4.0487,0.0000,524.52,SUCCESS
2025-12-24T21:03:08.115316+00:00,btc-updown-15m-1766610900,TRADE,UP,ACCUM,3,3,0.4800,1.4401,56,0.4801,50,0.4701,50,0.9502,2.4891,0.11,-0.3915,5.6085,0.0000,523.08,SUCCESS
2025-12-24T21:03:08.115848+00:00,btc-updown-15m-1766610900,TRADE,DOWN,ACCUM,3,3,0.4701,1.4104,56,0.4801,53,0.4701,53,0.9502,2.6384,0.05,1.1981,4.1981,0.0000,521.67,SUCCESS
2025-12-24T21:03:13.509968+00:00,btc-updown-15m-1766610900,TRADE,UP,ACCUM,3,3,0.4802,1.4405,59,0.4801,53,0.4701,53,0.9502,2.6382,0.10,-0.2424,5.7576,0.0000,520.23,SUCCESS
2025-12-24T21:03:18.988763+00:00,btc-updown-15m-1766610900,TRADE,DOWN,ACCUM,3,3,0.4701,1.4103,59,0.4801,56,0.4701,56,0.9502,2.7876,0.05,1.3473,4.3473,0.0000,518.82,SUCCESS
2025-12-24T21:03:24.391019+00:00,btc-updown-15m-1766610900,TRADE,UP,ACCUM,3,3,0.4802,1.4405,62,0.4801,56,0.4701,56,0.9502,2.7874,0.10,-0.0931,5.9069,0.0000,517.38,SUCCESS
2025-12-24T21:03:46.365232+00:00,btc-updown-15m-1766610900,TRADE,DOWN,ACCUM,3,3,0.4701,1.4103,62,0.4801,59,0.4701,59,0.9502,2.9369,0.05,1.4966,4.4966,0.0000,515.97,SUCCESS
2025-12-24T21:03:51.758053+00:00,btc-updown-15m-1766610900,TRADE,DOWN,ACCUM,3,3,0.4701,1.4104,62,0.4801,62,0.4701,62,0.9502,3.0862,0.00,3.0862,3.0862,0.0000,514.56,SUCCESS
2025-12-24T21:15:08.070952+00:00,btc-updown-15m-1766610900,RESOLUTION,UP,BINANCE_FALLBACK_SHARED,124,124,1.0000,58.9138,62,0.4801,62,0.4701,62,0.9502,3.0862,0.00,0.0000,0.0000,3.0862,576.56,RESOLVED
2025-12-24T21:15:16.359839+00:00,btc-updown-15m-1766611800,TRADE,DOWN,ACCUM,6,6,0.4901,2.9407,0,0.0000,6,0.4901,0,0.0000,0.0000,1.00,-2.9407,3.0593,0.0000,573.61,SUCCESS
2025-12-24T21:15:21.761368+00:00,btc-updown-15m-1766611800,TRADE,UP,ACCUM,6,6,0.4600,2.7601,6,0.4600,6,0.4901,6,0.9501,0.2992,0.00,0.2992,0.2992,0.0000,570.85,SUCCESS
2025-12-24T21:15:27.280025+00:00,btc-updown-15m-1766611800,TRADE,UP,ACCUM,5,5,0.4602,2.3011,11,0.4601,6,0.4901,6,0.9502,0.2986,0.45,-2.0019,2.9981,0.0000,568.55,SUCCESS
2025-12-24T21:15:27.280569+00:00,btc-updown-15m-1766611800,TRADE,DOWN,ACCUM,5,3,0.4902,1.4707,11,0.4601,9,0.4902,9,0.9503,0.4476,0.18,-0.4726,1.5274,0.0000,567.08,SUCCESS
2025-12-24T21:15:32.684042+00:00,btc-updown-15m-1766611800,TRADE,DOWN,ACCUM,5,5,0.4901,2.4505,11,0.4601,14,0.4901,11,0.9503,0.5472,0.21,-0.9232,2.0768,0.0000,564.63,SUCCESS
2025-12-24T21:15:43.512677+00:00,btc-updown-15m-1766611800,TRADE,DOWN,ACCUM,4,4,0.4901,1.9603,11,0.4601,18,0.4901,11,0.9502,0.5474,0.39,-2.8835,4.1165,0.0000,562.67,SUCCESS
2025-12-24T21:15:48.911530+00:00,btc-updown-15m-1766611800,TRADE,UP,ACCUM,4,4,0.4601,1.8404,15,0.4601,18,0.4901,15,0.9502,0.7465,0.17,-0.7239,2.2761,0.0000,560.83,SUCCESS
2025-12-24T21:15:54.303220+00:00,btc-updown-15m-1766611800,TRADE,UP,ACCUM,4,4,0.4601,1.8405,19,0.4601,18,0.4901,18,0.9502,0.8957,0.05,0.4356,1.4356,0.0000,558.99,SUCCESS
2025-12-24T21:15:59.721013+00:00,btc-updown-15m-1766611800,TRADE,DOWN,ACCUM,4,4,0.4902,1.9608,19,0.4601,22,0.4901,19,0.9503,0.9452,0.14,-0.5253,2.4747,0.0000,557.03,SUCCESS
2025-12-24T21:16:05.227908+00:00,btc-updown-15m-1766611800,TRADE,UP,ACCUM,4,1,0.4600,0.4600,20,0.4601,22,0.4901,20,0.9503,0.9950,0.09,0.0147,2.0147,0.0000,556.57,SUCCESS
2025-12-24T21:16:10.616766+00:00,btc-updown-15m-1766611800,TRADE,UP,ACCUM,4,4,0.4601,1.8403,24,0.4601,22,0.4901,22,0.9502,1.0947,0.08,0.1745,2.1745,0.0000,554.73,SUCCESS
2025-12-24T21:16:10.617328+00:00,btc-updown-15m-1766611800,TRADE,DOWN,ACCUM,3,3,0.4901,1.4702,24,0.4601,25,0.4901,24,0.9502,1.1944,0.04,0.7043,1.7043,0.0000,553.26,SUCCESS
2025-12-24T21:16:16.010632+00:00,btc-updown-15m-1766611800,TRADE,UP,ACCUM,3,3,0.4602,1.3806,27,0.4601,25,0.4901,25,0.9502,1.2439,0.07,0.3237,2.3237,0.0000,551.88,SUCCESS
2025-12-24T21:16:16.012145+00:00,btc-updown-15m-1766611800,TRADE,DOWN,ACCUM,3,3,0.4901,1.4704,27,0.4601,28,0.4901,27,0.9502,1.3434,0.04,0.8533,1.8533,0.0000,550.41,SUCCESS
2025-12-24T21:16:21.418577+00:00,btc-updown-15m-1766611800,TRADE,UP,ACCUM,3,3,0.4601,1.3803,30,0.4601,28,0.4901,28,0.9502,1.3932,0.07,0.4729,2.4729,0.0000,549.03,SUCCESS
2025-12-24T21:16:26.818980+00:00,btc-updown-15m-1766611800,TRADE,UP,ACCUM,3,3,0.4601,1.3804,33,0.4601,28,0.4901,28,0.9502,1.3931,0.15,-0.9074,4.0926,0.0000,547.65,SUCCESS
2025-12-24T21:16:32.215276+00:00,btc-updown-15m-1766611800,TRADE,UP,ACCUM,3,3,0.4600,1.3800,36,0.4601,28,0.4901,28,0.9502,1.3934,0.22,-2.2874,5.7126,0.0000,546.27,SUCCESS
2025-12-24T21:16:32.215924+00:00,btc-updown-15m-1766611800,TRADE,DOWN,ACCUM,3,3,0.4902,1.4705,36,0.4601,31,0.4901,31,0.9502,1.5426,0.14,-0.7579,4.2421,0.0000,544.80,SUCCESS
2025-12-24T21:16:37.625528+00:00,btc-updown-15m-1766611800,TRADE,DOWN,ACCUM,3,3,0.4901,1.4702,36,0.4601,34,0.4901,34,0.9502,1.6921,0.06,0.7719,2.7719,0.0000,543.33,SUCCESS
2025-12-24T21:16:43.036932+00:00,btc-updown-15m-1766611800,TRADE,UP,ACCUM,3,1,0.4602,0.4602,37,0.4601,34,0.4901,34,0.9502,1.6920,0.08,0.3117,3.3117,0.0000,542.87,SUCCESS
2025-12-24T21:16:48.446211+00:00,btc-updown-15m-1766611800,TRADE,UP,ACCUM,3,3,0.4601,1.3804,40,0.4601,34,0.4901,34,0.9502,1.6919,0.15,-1.0687,4.9313,0.0000,541.49,SUCCESS
2025-12-24T21:16:59.233606+00:00,btc-updown-15m-1766611800,TRADE,DOWN,ACCUM,3,3,0.4901,1.4704,40,0.4601,37,0.4901,37,0.9502,1.8412,0.07,0.4609,3.4609,0.0000,540.02,SUCCESS
2025-12-24T21:17:10.254145+00:00,btc-updown-15m-1766611800,TRADE,DOWN,ACCUM,3,3,0.4902,1.4706,40,0.4601,40,0.4901,40,0.9502,1.9903,0.00,1.9903,1.9903,0.0000,538.55,SUCCESS
2025-12-24T21:17:15.669889+00:00,btc-updown-15m-1766611800,TRADE,DOWN,ACCUM,3,3,0.4901,1.4703,40,0.4601,43,0.4901,40,0.9502,1.9903,0.07,0.5199,3.5199,0.0000,537.08,SUCCESS
2025-12-24T21:17:21.095407+00:00,btc-updown-15m-1766611800,TRADE,DOWN,ACCUM,3,3,0.4900,1.4701,40,0.4601,46,0.4901,40,0.9502,1.9906,0.13,-0.9502,5.0498,0.0000,535.61,SUCCESS
2025-12-24T21:17:26.530886+00:00,btc-updown-15m-1766611800,TRADE,DOWN,ACCUM,3,3,0.4901,1.4703,40,0.4601,49,0.4901,40,0.9502,1.9906,0.18,-2.4205,6.5795,0.0000,534.14,SUCCESS
2025-12-24T21:17:32.103817+00:00,btc-updown-15m-1766611800,TRADE,UP,ACCUM,3,3,0.4600,1.3801,43,0.4601,49,0.4901,43,0.9502,2.1401,0.12,-0.8006,5.1994,0.0000,532.75,SUCCESS
2025-12-24T21:17:37.610815+00:00,btc-updown-15m-1766611800,TRADE,UP,ACCUM,3,3,0.4601,1.3802,46,0.4601,49,0.4901,46,0.9502,2.2895,0.06,0.8192,3.8192,0.0000,531.37,SUCCESS
2025-12-24T21:17:37.611908+00:00,btc-updown-15m-1766611800,TRADE,DOWN,ACCUM,3,3,0.4902,1.4705,46,0.4601,52,0.4901,46,0.9502,2.2895,0.12,-0.6513,5.3487,0.0000,529.90,SUCCESS
2025-12-24T21:17:42.999590+00:00,btc-updown-15m-1766611800,TRADE,UP,ACCUM,3,3,0.4601,1.3802,49,0.4601,52,0.4901,49,0.9502,2.4389,0.06,0.9685,3.9685,0.0000,528.52,SUCCESS
2025-12-24T21:17:48.385171+00:00,btc-updown-15m-1766611800,TRADE,DOWN,ACCUM,3,3,0.4900,1.4701,49,0.4601,55,0.4901,49,0.9502,2.4391,0.11,-0.5016,5.4984,0.0000,527.05,SUCCESS
2025-12-24T21:17:59.180327+00:00,btc-updown-15m-1766611800,TRADE,DOWN,ACCUM,3,1,0.4902,0.4902,49,0.4601,56,0.4901,49,0.9502,2.4390,0.12,-0.9918,6.0082,0.0000,526.56,SUCCESS
2025-12-24T21:18:04.592006+00:00,btc-updown-15m-1766611800,TRADE,UP,ACCUM,3,3,0.4602,1.3806,52,0.4601,56,0.4901,52,0.9502,2.5880,0.07,0.6275,4.6275,0.0000,525.18,SUCCESS
2025-12-24T21:18:09.978024+00:00,btc-updown-15m-1766611800,TRADE,DOWN,ACCUM,3,3,0.4902,1.4707,52,0.4601,59,0.4901,52,0.9502,2.5878,0.12,-0.8431,6.1569,0.0000,523.71,SUCCESS
2025-12-24T21:18:15.358629+00:00,btc-updown-15m-1766611800,TRADE,DOWN,ACCUM,3,3,0.4802,1.4405,52,0.4601,62,0.4896,52,0.9498,2.6128,0.16,-2.2836,7.7164,0.0000,522.27,SUCCESS
2025-12-24T21:18:31.886172+00:00,btc-updown-15m-1766611800,TRADE,UP,ACCUM,3,3,0.4700,1.4101,55,0.4606,62,0.4896,55,0.9503,2.7338,0.11,-0.6937,6.3063,0.0000,520.86,SUCCESS
2025-12-24T21:18:37.285391+00:00,btc-updown-15m-1766611800,TRADE,UP,ACCUM,3,3,0.4702,1.4105,58,0.4611,62,0.4896,58,0.9508,2.8544,0.06,0.8958,4.8958,0.0000,519.45,SUCCESS
2025-12-24T21:18:59.025208+00:00,btc-updown-15m-1766611800,TRADE,UP,ACCUM,3,3,0.4702,1.4105,61,0.4616,62,0.4896,61,0.9512,2.9749,0.02,2.4853,3.4853,0.0000,518.04,SUCCESS
2025-12-24T21:30:01.728678+00:00,btc-updown-15m-1766611800,RESOLUTION,UP,BINANCE_FALLBACK_SHARED,123,123,1.0000,58.5147,61,0.4616,62,0.4896,61,0.9512,2.9749,0.02,0.0000,0.0000,2.4853,579.04,RESOLVED
2025-12-24T21:30:09.757654+00:00,btc-updown-15m-1766612700,TRADE,DOWN,ACCUM,6,6,0.4802,2.8809,0,0.0000,6,0.4802,0,0.0000,0.0000,1.00,-2.8809,3.1191,0.0000,576.16,SUCCESS
2025-12-24T21:30:15.164748+00:00,btc-updown-15m-1766612700,TRADE,UP,ACCUM,6,6,0.4701,2.8209,6,0.4701,6,0.4802,6,0.9503,0.2982,0.00,0.2982,0.2982,0.0000,573.34,SUCCESS
2025-12-24T21:30:20.565330+00:00,btc-updown-15m-1766612700,TRADE,UP,ACCUM,5,5,0.4701,2.3504,11,0.4701,6,0.4802,6,0.9503,0.2984,0.45,-2.0522,2.9478,0.0000,570.99,SUCCESS
2025-12-24T21:30:25.970537+00:00,btc-updown-15m-1766612700,TRADE,UP,ACCUM,4,4,0.4701,1.8804,15,0.4701,6,0.4802,6,0.9503,0.2984,0.60,-3.9326,5.0674,0.0000,569.11,SUCCESS
2025-12-24T21:30:36.744187+00:00,btc-updown-15m-1766612700,TRADE,DOWN,ACCUM,5,5,0.4802,2.4010,15,0.4701,11,0.4802,11,0.9503,0.5469,0.27,-1.3336,2.6664,0.0000,566.71,SUCCESS
2025-12-24T21:31:03.755908+00:00,btc-updown-15m-1766612700,TRADE,DOWN,ACCUM,4,4,0.4800,1.9201,15,0.4701,15,0.4801,15,0.9502,0.7463,0.00,0.7463,0.7463,0.0000,564.79,SUCCESS
2025-12-24T21:31:19.945662+00:00,btc-updown-15m-1766612700,TRADE,DOWN,ACCUM,4,4,0.4901,1.9605,15,0.4701,19,0.4822,15,0.9523,0.7148,0.21,-1.2142,2.7858,0.0000,562.83,SUCCESS
2025-12-24T21:31:25.338521+00:00,btc-updown-15m-1766612700,TRADE,UP,ACCUM,4,4,0.4600,1.8400,19,0.4680,19,0.4822,19,0.9502,0.9458,0.00,0.9458,0.9458,0.0000,560.99,SUCCESS
2025-12-24T21:31:25.339160+00:00,btc-updown-15m-1766612700,TRADE,DOWN,ACCUM,4,4,0.4901,1.9606,19,0.4680,23,0.4836,19,0.9516,0.9197,0.17,-1.0148,2.9852,0.0000,559.03,SUCCESS
2025-12-24T21:31:30.747938+00:00,btc-updown-15m-1766612700,TRADE,UP,ACCUM,4,1,0.4602,0.4602,20,0.4676,23,0.4836,20,0.9512,0.9759,0.13,-0.4750,2.5250,0.0000,558.57,SUCCESS
2025-12-24T21:31:30.749329+00:00,btc-updown-15m-1766612700,TRADE,DOWN,ACCUM,3,3,0.4902,1.4706,20,0.4676,26,0.4844,20,0.9520,0.9607,0.23,-1.9456,4.0544,0.0000,557.10,SUCCESS
2025-12-24T21:31:36.379918+00:00,btc-updown-15m-1766612700,TRADE,DOWN,ACCUM,3,3,0.4901,1.4702,20,0.4676,29,0.4850,20,0.9526,0.9489,0.31,-3.4157,5.5843,0.0000,555.63,SUCCESS
2025-12-24T21:31:41.775064+00:00,btc-updown-15m-1766612700,TRADE,UP,ACCUM,4,4,0.4600,1.8399,24,0.4663,29,0.4850,24,0.9513,1.1691,0.17,-1.2557,3.7443,0.0000,553.79,SUCCESS
2025-12-24T21:31:52.695910+00:00,btc-updown-15m-1766612700,TRADE,UP,ACCUM,3,3,0.4600,1.3801,27,0.4656,29,0.4850,27,0.9506,1.3342,0.07,0.3643,2.3643,0.0000,552.41,SUCCESS
2025-12-24T21:31:58.119521+00:00,btc-updown-15m-1766612700,TRADE,UP,ACCUM,3,3,0.4602,1.3807,30,0.4651,29,0.4850,29,0.9500,1.4487,0.03,0.9836,1.9836,0.0000,551.02,SUCCESS
2025-12-24T21:32:03.517408+00:00,btc-updown-15m-1766612700,TRADE,DOWN,ACCUM,3,3,0.4900,1.4701,30,0.4651,32,0.4854,30,0.9505,1.4844,0.06,0.5135,2.5135,0.0000,549.55,SUCCESS
2025-12-24T21:32:09.031217+00:00,btc-updown-15m-1766612700,TRADE,DOWN,ACCUM,3,3,0.4900,1.4701,30,0.4651,35,0.4858,30,0.9509,1.4726,0.14,-0.9566,4.0434,0.0000,548.08,SUCCESS
2025-12-24T21:32:20.097152+00:00,btc-updown-15m-1766612700,TRADE,UP,ACCUM,3,3,0.4600,1.3801,33,0.4646,35,0.4858,33,0.9505,1.6350,0.06,0.6634,2.6634,0.0000,546.70,SUCCESS
2025-12-24T21:32:20.098657+00:00,btc-updown-15m-1766612700,TRADE,DOWN,ACCUM,3,3,0.4902,1.4707,33,0.4646,38,0.4862,33,0.9508,1.6236,0.13,-0.8073,4.1927,0.0000,545.23,SUCCESS
2025-12-24T21:32:25.533723+00:00,btc-updown-15m-1766612700,TRADE,UP,ACCUM,3,3,0.4601,1.3802,36,0.4642,38,0.4862,36,0.9504,1.7849,0.05,0.8125,2.8125,0.0000,543.85,SUCCESS
2025-12-24T21:32:31.022941+00:00,btc-updown-15m-1766612700,TRADE,UP,ACCUM,3,3,0.4600,1.3801,39,0.4639,38,0.4862,38,0.9501,1.8963,0.03,1.4324,2.4324,0.0000,542.47,SUCCESS
2025-12-24T21:32:31.023640+00:00,btc-updown-15m-1766612700,TRADE,DOWN,ACCUM,3,3,0.4900,1.4701,39,0.4639,41,0.4865,39,0.9504,1.9352,0.05,0.9623,2.9623,0.0000,541.00,SUCCESS
2025-12-24T21:32:36.411469+00:00,btc-updown-15m-1766612700,TRADE,DOWN,ACCUM,3,3,0.4901,1.4704,39,0.4639,44,0.4867,39,0.9506,1.9255,0.11,-0.5081,4.4919,0.0000,539.53,SUCCESS
2025-12-24T21:32:41.815679+00:00,btc-updown-15m-1766612700,TRADE,DOWN,ACCUM,3,3,0.4900,1.4701,39,0.4639,47,0.4869,39,0.9508,1.9172,0.17,-1.9782,6.0218,0.0000,538.06,SUCCESS
2025-12-24T21:32:47.221086+00:00,btc-updown-15m-1766612700,TRADE,UP,ACCUM,3,3,0.4601,1.3803,42,0.4636,47,0.4869,42,0.9506,2.0761,0.11,-0.3585,4.6415,0.0000,536.68,SUCCESS
2025-12-24T21:32:52.626624+00:00,btc-updown-15m-1766612700,TRADE,DOWN,ACCUM,3,3,0.4900,1.4701,42,0.4636,50,0.4871,42,0.9508,2.0683,0.16,-1.8286,6.1714,0.0000,535.21,SUCCESS
2025-12-24T21:32:58.178939+00:00,btc-updown-15m-1766612700,TRADE,UP,ACCUM,3,3,0.4602,1.3805,45,0.4634,50,0.4871,45,0.9505,2.2265,0.10,-0.2091,4.7909,0.0000,533.83,SUCCESS
2025-12-24T21:33:03.557694+00:00,btc-updown-15m-1766612700,TRADE,UP,ACCUM,3,2,0.4601,0.9203,47,0.4633,50,0.4871,47,0.9504,2.3320,0.06,0.8706,3.8706,0.0000,532.91,SUCCESS
2025-12-24T21:33:08.966338+00:00,btc-updown-15m-1766612700,TRADE,DOWN,ACCUM,3,2,0.4902,0.9804,47,0.4633,52,0.4872,47,0.9505,2.3264,0.10,-0.1098,4.8902,0.0000,531.93,SUCCESS
2025-12-24T21:33:14.370084+00:00,btc-updown-15m-1766612700,TRADE,UP,ACCUM,3,3,0.4598,1.3794,50,0.4631,52,0.4872,50,0.9503,2.4853,0.04,1.5108,3.5108,0.0000,530.55,SUCCESS
2025-12-24T21:33:14.370716+00:00,btc-updown-15m-1766612700,TRADE,DOWN,ACCUM,3,3,0.4900,1.4701,50,0.4631,55,0.4874,50,0.9504,2.4776,0.09,0.0407,5.0407,0.0000,529.08,SUCCESS
2025-12-24T21:33:19.767421+00:00,btc-updown-15m-1766612700,TRADE,UP,ACCUM,3,3,0.4601,1.3803,53,0.4629,55,0.4874,53,0.9503,2.6352,0.04,1.6604,3.6604,0.0000,527.70,SUCCESS
2025-12-24T21:33:25.152142+00:00,btc-updown-15m-1766612700,TRADE,UP,ACCUM,3,3,0.4601,1.3803,56,0.4627,55,0.4874,55,0.9501,2.7428,0.02,2.2801,3.2801,0.0000,526.32,SUCCESS
2025-12-24T21:33:25.152646+00:00,btc-updown-15m-1766612700,TRADE,DOWN,ACCUM,3,3,0.4902,1.4705,56,0.4627,58,0.4875,56,0.9503,2.7847,0.03,1.8096,3.8096,0.0000,524.85,SUCCESS
2025-12-24T21:33:30.543712+00:00,btc-updown-15m-1766612700,TRADE,DOWN,ACCUM,3,3,0.4901,1.4702,56,0.4627,61,0.4877,56,0.9504,2.7777,0.08,0.3394,5.3394,0.0000,523.38,SUCCESS
2025-12-24T21:33:57.520613+00:00,btc-updown-15m-1766612700,TRADE,UP,ACCUM,3,3,0.4600,1.3801,59,0.4626,61,0.4877,59,0.9503,2.9346,0.03,1.9593,3.9593,0.0000,522.00,SUCCESS
2025-12-24T21:34:02.905564+00:00,btc-updown-15m-1766612700,TRADE,UP,ACCUM,3,3,0.4602,1.3806,62,0.4625,61,0.4877,61,0.9501,3.0412,0.02,2.5787,3.5787,0.0000,520.62,SUCCESS
2025-12-24T21:45:03.287012+00:00,btc-updown-15m-1766612700,RESOLUTION,UP,BINANCE_FALLBACK_SHARED,123,123,1.0000,58.4213,62,0.4625,61,0.4877,61,0.9501,3.0412,0.02,0.0000,0.0000,3.5787,582.62,RESOLVED
2025-12-24T21:45:11.011403+00:00,btc-updown-15m-1766613600,TRADE,DOWN,ACCUM,6,6,0.4901,2.9404,0,0.0000,6,0.4901,0,0.0000,0.0000,1.00,-2.9404,3.0596,0.0000,579.68,SUCCESS
2025-12-24T21:45:16.522418+00:00,btc-updown-15m-1766613600,TRADE,UP,ACCUM,6,6,0.4602,2.7613,6,0.4602,6,0.4901,6,0.9503,0.2984,0.00,0.2984,0.2984,0.0000,576.92,SUCCESS
2025-12-24T21:45:22.045410+00:00,btc-updown-15m-1766613600,TRADE,DOWN,ACCUM,5,2,0.4901,0.9803,6,0.4602,8,0.4901,6,0.9503,0.2983,0.25,-0.6819,1.3181,0.0000,575.94,SUCCESS
2025-12-24T21:45:38.350864+00:00,btc-updown-15m-1766613600,TRADE,DOWN,ACCUM,5,5,0.4901,2.4503,6,0.4602,13,0.4901,6,0.9503,0.2983,0.54,-3.1321,3.8679,0.0000,573.49,SUCCESS
2025-12-24T21:45:43.756342+00:00,btc-updown-15m-1766613600,TRADE,UP,ACCUM,5,5,0.4601,2.3006,11,0.4602,13,0.4901,11,0.9502,0.5474,0.15,-0.4327,1.5673,0.0000,571.19,SUCCESS
2025-12-24T21:45:49.262783+00:00,btc-updown-15m-1766613600,TRADE,UP,ACCUM,4,4,0.4601,1.8404,15,0.4602,13,0.4901,13,0.9502,0.6472,0.13,-0.2731,1.7269,0.0000,569.35,SUCCESS
2025-12-24T21:45:49.264759+00:00,btc-updown-15m-1766613600,TRADE,DOWN,ACCUM,4,4,0.4902,1.9607,15,0.4602,17,0.4901,15,0.9502,0.7464,0.12,-0.2338,1.7662,0.0000,567.39,SUCCESS
2025-12-24T21:45:54.643823+00:00,btc-updown-15m-1766613600,TRADE,DOWN,ACCUM,4,4,0.4900,1.9600,15,0.4602,21,0.4901,15,0.9502,0.7466,0.29,-2.1938,3.8062,0.0000,565.43,SUCCESS
2025-12-24T21:46:00.035405+00:00,btc-updown-15m-1766613600,TRADE,UP,ACCUM,4,4,0.4600,1.8402,19,0.4601,21,0.4901,19,0.9502,0.9461,0.10,-0.0340,1.9660,0.0000,563.59,SUCCESS
2025-12-24T21:46:10.927670+00:00,btc-updown-15m-1766613600,TRADE,UP,ACCUM,4,4,0.4600,1.8401,23,0.4601,21,0.4901,21,0.9502,1.0461,0.09,0.1259,2.1259,0.0000,561.75,SUCCESS
2025-12-24T21:46:16.430179+00:00,btc-updown-15m-1766613600,TRADE,UP,ACCUM,3,3,0.4601,1.3804,26,0.4601,21,0.4901,21,0.9502,1.0460,0.19,-1.2546,3.7454,0.0000,560.36,SUCCESS
2025-12-24T21:46:16.430553+00:00,btc-updown-15m-1766613600,TRADE,DOWN,ACCUM,3,3,0.4901,1.4702,26,0.4601,24,0.4901,24,0.9502,1.1955,0.08,0.2752,2.2752,0.0000,558.89,SUCCESS
2025-12-24T21:46:32.644370+00:00,btc-updown-15m-1766613600,TRADE,DOWN,ACCUM,3,3,0.4902,1.4706,26,0.4601,27,0.4901,26,0.9502,1.2947,0.04,0.8046,1.8046,0.0000,557.42,SUCCESS
2025-12-24T21:46:38.214767+00:00,btc-updown-15m-1766613600,TRADE,DOWN,ACCUM,3,3,0.4900,1.4699,26,0.4601,30,0.4901,26,0.9502,1.2950,0.13,-0.6653,3.3347,0.0000,555.95,SUCCESS
2025-12-24T21:46:43.614710+00:00,btc-updown-15m-1766613600,TRADE,DOWN,ACCUM,3,3,0.4898,1.4693,26,0.4601,33,0.4900,26,0.9502,1.2958,0.21,-2.1346,4.8654,0.0000,554.48,SUCCESS
2025-12-24T21:46:49.120413+00:00,btc-updown-15m-1766613600,TRADE,UP,ACCUM,3,3,0.4601,1.3804,29,0.4601,33,0.4900,29,0.9502,1.4452,0.12,-0.5150,3.4850,0.0000,553.10,SUCCESS
2025-12-24T21:46:49.121050+00:00,btc-updown-15m-1766613600,TRADE,DOWN,ACCUM,3,1,0.4902,0.4902,29,0.4601,34,0.4901,29,0.9502,1.4451,0.15,-1.0052,3.9948,0.0000,552.61,SUCCESS
2025-12-24T21:46:54.552486+00:00,btc-updown-15m-1766613600,TRADE,UP,ACCUM,3,3,0.4702,1.4106,32,0.4611,34,0.4901,32,0.9511,1.5643,0.06,0.5842,2.5842,0.0000,551.20,SUCCESS
2025-12-24T21:47:10.749318+00:00,btc-updown-15m-1766613600,TRADE,DOWN,ACCUM,3,3,0.4798,1.4395,32,0.4611,37,0.4892,32,0.9503,1.5908,0.14,-0.8553,4.1447,0.0000,549.76,SUCCESS
2025-12-24T21:47:16.257745+00:00,btc-updown-15m-1766613600,TRADE,UP,ACCUM,3,3,0.4702,1.4106,35,0.4618,37,0.4892,35,0.9511,1.7126,0.05,0.7341,2.7341,0.0000,548.35,SUCCESS
2025-12-24T21:47:21.649123+00:00,btc-updown-15m-1766613600,TRADE,DOWN,ACCUM,3,3,0.4802,1.4405,35,0.4618,40,0.4885,35,0.9504,1.7363,0.12,-0.7064,4.2936,0.0000,546.91,SUCCESS
2025-12-24T21:47:27.046545+00:00,btc-updown-15m-1766613600,TRADE,DOWN,ACCUM,3,3,0.4802,1.4407,35,0.4618,43,0.4880,35,0.9498,1.7567,0.19,-2.1470,5.8530,0.0000,545.47,SUCCESS
2025-12-24T21:48:16.131005+00:00,btc-updown-15m-1766613600,TRADE,UP,ACCUM,3,3,0.4702,1.4105,38,0.4625,43,0.4880,38,0.9505,1.8823,0.12,-0.5575,4.4425,0.0000,544.06,SUCCESS
2025-12-24T21:48:21.555481+00:00,btc-updown-15m-1766613600,TRADE,DOWN,ACCUM,3,3,0.4800,1.4400,38,0.4625,46,0.4874,38,0.9499,1.9020,0.17,-1.9976,6.0024,0.0000,542.62,SUCCESS
2025-12-24T21:48:32.474716+00:00,btc-updown-15m-1766613600,TRADE,UP,ACCUM,3,3,0.4701,1.4103,41,0.4631,46,0.4874,41,0.9505,2.0294,0.11,-0.4078,4.5922,0.0000,541.21,SUCCESS
2025-12-24T21:48:43.276392+00:00,btc-updown-15m-1766613600,TRADE,UP,ACCUM,3,3,0.4701,1.4104,44,0.4635,46,0.4874,44,0.9510,2.1567,0.04,1.1818,3.1818,0.0000,539.80,SUCCESS
2025-12-24T21:48:43.276839+00:00,btc-updown-15m-1766613600,TRADE,DOWN,ACCUM,3,3,0.4802,1.4407,44,0.4635,49,0.4870,44,0.9505,2.1761,0.10,-0.2589,4.7411,0.0000,538.36,SUCCESS
2025-12-24T21:48:54.121342+00:00,btc-updown-15m-1766613600,TRADE,DOWN,ACCUM,3,3,0.4801,1.4404,44,0.4635,52,0.4866,44,0.9501,2.1935,0.15,-1.6993,6.3007,0.0000,536.92,SUCCESS
2025-12-24T21:49:04.928218+00:00,btc-updown-15m-1766613600,TRADE,UP,ACCUM,3,3,0.4701,1.4104,47,0.4640,52,0.4866,47,0.9506,2.3233,0.10,-0.1097,4.8903,0.0000,535.51,SUCCESS
2025-12-24T21:49:10.320716+00:00,btc-updown-15m-1766613600,TRADE,DOWN,ACCUM,3,3,0.4800,1.4400,47,0.4640,55,0.4862,47,0.9502,2.3402,0.15,-1.5498,6.4502,0.0000,534.07,SUCCESS
2025-12-24T21:49:15.738146+00:00,btc-updown-15m-1766613600,TRADE,UP,ACCUM,3,3,0.4701,1.4103,50,0.4643,55,0.4862,50,0.9506,2.4711,0.09,0.0399,5.0399,0.0000,532.66,SUCCESS
2025-12-24T21:49:48.141315+00:00,btc-updown-15m-1766613600,TRADE,UP,ACCUM,3,3,0.4701,1.4102,53,0.4647,55,0.4862,53,0.9509,2.6022,0.04,1.6297,3.6297,0.0000,531.25,SUCCESS
2025-12-24T21:49:58.934238+00:00,btc-updown-15m-1766613600,TRADE,UP,ACCUM,3,1,0.4702,0.4702,54,0.4648,55,0.4862,54,0.9510,2.6457,0.02,2.1595,3.1595,0.0000,530.78,SUCCESS
2025-12-24T21:49:58.935699+00:00,btc-updown-15m-1766613600,TRADE,DOWN,ACCUM,3,3,0.4801,1.4403,54,0.4648,58,0.4859,54,0.9507,2.6629,0.07,0.7192,4.7192,0.0000,529.34,SUCCESS
2025-12-24T21:50:04.352578+00:00,btc-updown-15m-1766613600,TRADE,DOWN,ACCUM,3,3,0.4901,1.4703,54,0.4648,61,0.4861,54,0.9509,2.6518,0.11,-0.7511,6.2489,0.0000,527.87,SUCCESS
2025-12-24T21:50:09.743979+00:00,btc-updown-15m-1766613600,TRADE,UP,ACCUM,3,3,0.4800,1.4401,57,0.4656,61,0.4861,57,0.9517,2.7534,0.07,0.8088,4.8088,0.0000,526.43,SUCCESS
2025-12-24T21:50:15.122356+00:00,btc-updown-15m-1766613600,TRADE,UP,ACCUM,3,3,0.4801,1.4403,60,0.4663,61,0.4861,60,0.9524,2.8547,0.02,2.3685,3.3685,0.0000,524.99,SUCCESS
2025-12-24T22:00:03.051931+00:00,btc-updown-15m-1766613600,RESOLUTION,DOWN,BINANCE_FALLBACK_SHARED,121,121,1.0000,57.6315,60,0.4663,61,0.4861,60,0.9524,2.8547,0.02,0.0000,0.0000,3.3685,585.99,RESOLVED
2025-12-24T22:00:22.963799+00:00,btc-updown-15m-1766614500,TRADE,UP,ACCUM,6,6,0.4802,2.8810,6,0.4802,0,0.0000,0,0.0000,0.0000,1.00,-2.8810,3.1190,0.0000,583.11,SUCCESS
2025-12-24T22:00:28.910283+00:00,btc-updown-15m-1766614500,TRADE,DOWN,ACCUM,6,6,0.4701,2.8204,6,0.4802,6,0.4701,6,0.9502,0.2986,0.00,0.2986,0.2986,0.0000,580.29,SUCCESS
2025-12-24T22:00:34.815256+00:00,btc-updown-15m-1766614500,TRADE,DOWN,ACCUM,5,5,0.4701,2.3504,6,0.4802,11,0.4701,6,0.9502,0.2986,0.45,-2.0518,2.9482,0.0000,577.94,SUCCESS
2025-12-24T22:00:40.218835+00:00,btc-updown-15m-1766614500,TRADE,UP,ACCUM,5,5,0.4702,2.3508,11,0.4756,11,0.4701,11,0.9457,0.5975,0.00,0.5975,0.5975,0.0000,575.59,SUCCESS
2025-12-24T22:00:45.702705+00:00,btc-updown-15m-1766614500,TRADE,UP,ACCUM,4,4,0.4701,1.8805,15,0.4742,11,0.4701,11,0.9442,0.6136,0.27,-1.2830,2.7170,0.0000,573.71,SUCCESS
2025-12-24T22:00:51.218208+00:00,btc-updown-15m-1766614500,TRADE,DOWN,ACCUM,4,4,0.4800,1.9201,15,0.4742,15,0.4727,15,0.9469,0.7969,0.00,0.7969,0.7969,0.0000,571.78,SUCCESS
2025-12-24T22:00:56.614073+00:00,btc-updown-15m-1766614500,TRADE,DOWN,ACCUM,4,4,0.4802,1.9207,15,0.4742,19,0.4743,15,0.9484,0.7733,0.21,-1.1239,2.8761,0.0000,569.86,SUCCESS
2025-12-24T22:01:07.435078+00:00,btc-updown-15m-1766614500,TRADE,DOWN,ACCUM,4,4,0.4802,1.9208,15,0.4742,23,0.4753,15,0.9495,0.7579,0.35,-3.0446,4.9554,0.0000,567.94,SUCCESS
2025-12-24T22:01:12.843447+00:00,btc-updown-15m-1766614500,TRADE,UP,ACCUM,4,4,0.4701,1.8803,19,0.4733,23,0.4753,19,0.9486,0.9763,0.17,-0.9249,3.0751,0.0000,566.06,SUCCESS
2025-12-24T22:01:18.358496+00:00,btc-updown-15m-1766614500,TRADE,UP,ACCUM,4,4,0.4702,1.8807,23,0.4728,23,0.4753,23,0.9481,1.1943,0.00,1.1943,1.1943,0.0000,564.18,SUCCESS
2025-12-24T22:01:34.560221+00:00,btc-updown-15m-1766614500,TRADE,UP,ACCUM,3,3,0.4702,1.4106,26,0.4725,23,0.4753,23,0.9478,1.2011,0.12,-0.2163,2.7837,0.0000,562.77,SUCCESS
2025-12-24T22:01:50.826907+00:00,btc-updown-15m-1766614500,TRADE,UP,ACCUM,3,3,0.4701,1.4103,29,0.4722,23,0.4753,23,0.9475,1.2067,0.21,-1.6266,4.3734,0.0000,561.36,SUCCESS
2025-12-24T22:01:50.828463+00:00,btc-updown-15m-1766614500,TRADE,DOWN,ACCUM,3,3,0.4802,1.4407,29,0.4722,26,0.4759,26,0.9481,1.3494,0.10,-0.0673,2.9327,0.0000,559.92,SUCCESS
2025-12-24T22:01:56.219075+00:00,btc-updown-15m-1766614500,TRADE,UP,ACCUM,3,3,0.4702,1.4106,32,0.4720,26,0.4759,26,0.9479,1.3543,0.19,-1.4779,4.5221,0.0000,558.51,SUCCESS
2025-12-24T22:02:12.500868+00:00,btc-updown-15m-1766614500,TRADE,DOWN,ACCUM,3,3,0.4802,1.4405,32,0.4720,29,0.4763,29,0.9484,1.4978,0.09,0.0817,3.0817,0.0000,557.07,SUCCESS
2025-12-24T22:02:17.914938+00:00,btc-updown-15m-1766614500,TRADE,DOWN,ACCUM,3,3,0.4800,1.4400,32,0.4720,32,0.4767,32,0.9487,1.6417,0.00,1.6417,1.6417,0.0000,555.63,SUCCESS
2025-12-24T22:02:23.314236+00:00,btc-updown-15m-1766614500,TRADE,UP,ACCUM,3,3,0.4701,1.4103,35,0.4719,32,0.4767,32,0.9485,1.6470,0.09,0.2314,3.2314,0.0000,554.22,SUCCESS
2025-12-24T22:02:23.314567+00:00,btc-updown-15m-1766614500,TRADE,DOWN,ACCUM,3,3,0.4801,1.4404,35,0.4719,35,0.4770,35,0.9488,1.7911,0.00,1.7911,1.7911,0.0000,552.78,SUCCESS
2025-12-24T22:02:28.713975+00:00,btc-updown-15m-1766614500,TRADE,UP,ACCUM,3,3,0.4701,1.4103,38,0.4717,35,0.4770,35,0.9487,1.7959,0.08,0.3807,3.3807,0.0000,551.37,SUCCESS
2025-12-24T22:02:28.714667+00:00,btc-updown-15m-1766614500,TRADE,DOWN,ACCUM,3,3,0.4801,1.4404,38,0.4717,38,0.4772,38,0.9489,1.9404,0.00,1.9404,1.9404,0.0000,549.93,SUCCESS
2025-12-24T22:02:34.113746+00:00,btc-updown-15m-1766614500,TRADE,UP,ACCUM,3,3,0.4700,1.4100,41,0.4716,38,0.4772,38,0.9488,1.9451,0.07,0.5303,3.5303,0.0000,548.52,SUCCESS
2025-12-24T22:02:34.114942+00:00,btc-updown-15m-1766614500,TRADE,DOWN,ACCUM,3,3,0.4802,1.4406,41,0.4716,41,0.4774,41,0.9490,2.0898,0.00,2.0898,2.0898,0.0000,547.08,SUCCESS
2025-12-24T22:02:39.507578+00:00,btc-updown-15m-1766614500,TRADE,DOWN,ACCUM,3,3,0.4802,1.4405,41,0.4716,44,0.4776,41,0.9492,2.0821,0.07,0.6493,3.6493,0.0000,545.64,SUCCESS
2025-12-24T22:02:50.293934+00:00,btc-updown-15m-1766614500,TRADE,UP,ACCUM,3,3,0.4602,1.3805,44,0.4708,44,0.4776,44,0.9484,2.2688,0.00,2.2688,2.2688,0.0000,544.26,SUCCESS
2025-12-24T22:02:55.792652+00:00,btc-updown-15m-1766614500,TRADE,DOWN,ACCUM,3,3,0.4901,1.4704,44,0.4708,47,0.4784,44,0.9492,2.2336,0.06,0.7984,3.7984,0.0000,542.79,SUCCESS
2025-12-24T22:03:06.589675+00:00,btc-updown-15m-1766614500,TRADE,UP,ACCUM,3,3,0.4601,1.3804,47,0.4701,47,0.4784,47,0.9486,2.4179,0.00,2.4179,2.4179,0.0000,541.41,SUCCESS
2025-12-24T22:03:11.993172+00:00,btc-updown-15m-1766614500,TRADE,UP,ACCUM,3,2,0.4702,0.9404,49,0.4701,47,0.4784,47,0.9486,2.4178,0.04,1.4776,3.4776,0.0000,540.47,SUCCESS
2025-12-24T22:03:28.315521+00:00,btc-updown-15m-1766614500,TRADE,UP,ACCUM,3,3,0.4601,1.3803,52,0.4696,47,0.4784,47,0.9480,2.4450,0.10,0.0972,5.0972,0.0000,539.09,SUCCESS
2025-12-24T22:03:28.317006+00:00,btc-updown-15m-1766614500,TRADE,DOWN,ACCUM,3,3,0.4801,1.4403,52,0.4696,50,0.4785,50,0.9481,2.5960,0.04,1.6569,3.6569,0.0000,537.64,SUCCESS
2025-12-24T22:03:33.747937+00:00,btc-updown-15m-1766614500,TRADE,UP,ACCUM,3,3,0.4602,1.3806,55,0.4690,50,0.4785,50,0.9476,2.6216,0.09,0.2763,5.2763,0.0000,536.26,SUCCESS
2025-12-24T22:03:39.135105+00:00,btc-updown-15m-1766614500,TRADE,UP,ACCUM,3,3,0.4601,1.3802,58,0.4686,50,0.4785,50,0.9471,2.6448,0.14,-1.1039,6.8961,0.0000,534.88,SUCCESS
2025-12-24T22:03:50.029743+00:00,btc-updown-15m-1766614500,TRADE,UP,ACCUM,3,3,0.4600,1.3800,61,0.4682,50,0.4785,50,0.9467,2.6659,0.18,-2.4838,8.5162,0.0000,533.50,SUCCESS
2025-12-24T22:03:55.539109+00:00,btc-updown-15m-1766614500,TRADE,DOWN,ACCUM,3,3,0.4801,1.4402,61,0.4682,53,0.4786,53,0.9468,2.8213,0.13,-0.9240,7.0760,0.0000,532.06,SUCCESS
2025-12-24T22:04:00.934172+00:00,btc-updown-15m-1766614500,TRADE,DOWN,ACCUM,3,3,0.4802,1.4407,61,0.4682,56,0.4787,56,0.9469,2.9761,0.08,0.6353,5.6353,0.0000,530.62,SUCCESS
2025-12-24T22:04:11.933657+00:00,btc-updown-15m-1766614500,TRADE,DOWN,ACCUM,3,3,0.4801,1.4404,61,0.4682,59,0.4788,59,0.9469,3.1312,0.03,2.1949,4.1949,0.0000,529.18,SUCCESS
2025-12-24T22:04:28.128743+00:00,btc-updown-15m-1766614500,TRADE,DOWN,ACCUM,3,3,0.4798,1.4395,61,0.4682,62,0.4788,61,0.9470,3.2342,0.02,2.7554,3.7554,0.0000,527.74,SUCCESS
2025-12-24T22:15:04.676622+00:00,btc-updown-15m-1766614500,RESOLUTION,UP,BINANCE_FALLBACK_SHARED,123,123,1.0000,58.2446,61,0.4682,62,0.4788,61,0.9470,3.2342,0.02,0.0000,0.0000,2.7554,588.74,RESOLVED
2025-12-24T22:15:12.638969+00:00,btc-updown-15m-1766615400,TRADE,UP,ACCUM,6,6,0.4601,2.7608,6,0.4601,0,0.0000,0,0.0000,0.0000,1.00,-2.7608,3.2392,0.0000,585.98,SUCCESS
2025-12-24T22:15:18.034563+00:00,btc-updown-15m-1766615400,TRADE,DOWN,ACCUM,6,6,0.4901,2.9403,6,0.4601,6,0.4901,6,0.9502,0.2989,0.00,0.2989,0.2989,0.0000,583.04,SUCCESS
2025-12-24T22:15:23.551680+00:00,btc-updown-15m-1766615400,TRADE,UP,ACCUM,5,5,0.4600,2.3002,11,0.4601,6,0.4901,6,0.9501,0.2991,0.45,-2.0013,2.9987,0.0000,580.74,SUCCESS
2025-12-24T22:15:23.552472+00:00,btc-updown-15m-1766615400,TRADE,DOWN,ACCUM,5,5,0.4900,2.4502,11,0.4601,11,0.4900,11,0.9501,0.5485,0.00,0.5485,0.5485,0.0000,578.29,SUCCESS
2025-12-24T22:15:29.038525+00:00,btc-updown-15m-1766615400,TRADE,DOWN,ACCUM,4,3,0.4901,1.4704,11,0.4601,14,0.4901,11,0.9502,0.5483,0.21,-0.9219,2.0781,0.0000,576.82,SUCCESS
2025-12-24T22:15:34.461200+00:00,btc-updown-15m-1766615400,TRADE,DOWN,ACCUM,4,4,0.4900,1.9601,11,0.4601,18,0.4901,11,0.9501,0.5484,0.39,-2.8820,4.1180,0.0000,574.86,SUCCESS
2025-12-24T22:15:45.248564+00:00,btc-updown-15m-1766615400,TRADE,UP,ACCUM,4,4,0.4602,1.8407,15,0.4601,18,0.4901,15,0.9502,0.7475,0.17,-0.7227,2.2773,0.0000,573.02,SUCCESS
2025-12-24T22:15:50.936800+00:00,btc-updown-15m-1766615400,TRADE,UP,ACCUM,4,4,0.4601,1.8403,19,0.4601,18,0.4901,18,0.9502,0.8971,0.05,0.4370,1.4370,0.0000,571.18,SUCCESS
2025-12-24T22:15:50.937542+00:00,btc-updown-15m-1766615400,TRADE,DOWN,ACCUM,4,4,0.4901,1.9602,19,0.4601,22,0.4901,19,0.9502,0.9470,0.14,-0.5232,2.4768,0.0000,569.22,SUCCESS
2025-12-24T22:15:56.324659+00:00,btc-updown-15m-1766615400,TRADE,UP,ACCUM,4,3,0.4600,1.3800,22,0.4601,22,0.4901,22,0.9501,1.0968,0.00,1.0968,1.0968,0.0000,567.84,SUCCESS
2025-12-24T22:16:01.730773+00:00,btc-updown-15m-1766615400,TRADE,UP,ACCUM,3,3,0.4601,1.3804,25,0.4601,22,0.4901,22,0.9501,1.0967,0.12,-0.2836,2.7164,0.0000,566.46,SUCCESS
2025-12-24T22:16:01.732269+00:00,btc-updown-15m-1766615400,TRADE,DOWN,ACCUM,3,3,0.4902,1.4706,25,0.4601,25,0.4901,25,0.9502,1.2458,0.00,1.2458,1.2458,0.0000,564.99,SUCCESS
2025-12-24T22:16:07.133827+00:00,btc-updown-15m-1766615400,TRADE,DOWN,ACCUM,3,3,0.4901,1.4702,25,0.4601,28,0.4901,25,0.9502,1.2458,0.11,-0.2244,2.7756,0.0000,563.52,SUCCESS
2025-12-24T22:16:23.701194+00:00,btc-updown-15m-1766615400,TRADE,DOWN,ACCUM,3,3,0.4900,1.4701,25,0.4601,31,0.4901,25,0.9502,1.2459,0.19,-1.6945,4.3055,0.0000,562.05,SUCCESS
2025-12-24T22:16:34.484443+00:00,btc-updown-15m-1766615400,TRADE,UP,ACCUM,3,3,0.4601,1.3804,28,0.4601,31,0.4901,28,0.9502,1.3953,0.10,-0.0749,2.9251,0.0000,560.67,SUCCESS
2025-12-24T22:16:34.486049+00:00,btc-updown-15m-1766615400,TRADE,DOWN,ACCUM,3,3,0.4900,1.4701,28,0.4601,34,0.4901,28,0.9502,1.3955,0.18,-1.5449,4.4551,0.0000,559.20,SUCCESS
2025-12-24T22:16:39.884605+00:00,btc-updown-15m-1766615400,TRADE,DOWN,ACCUM,3,3,0.4900,1.4701,28,0.4601,37,0.4901,28,0.9502,1.3956,0.24,-3.0150,5.9850,0.0000,557.73,SUCCESS
2025-12-24T22:16:45.281034+00:00,btc-updown-15m-1766615400,TRADE,UP,ACCUM,3,3,0.4601,1.3802,31,0.4601,37,0.4901,31,0.9502,1.5452,0.16,-1.3952,4.6048,0.0000,556.35,SUCCESS
2025-12-24T22:16:50.664389+00:00,btc-updown-15m-1766615400,TRADE,UP,ACCUM,3,3,0.4602,1.3806,34,0.4601,37,0.4901,34,0.9502,1.6943,0.08,0.2241,3.2241,0.0000,554.97,SUCCESS
2025-12-24T22:16:56.051975+00:00,btc-updown-15m-1766615400,TRADE,DOWN,ACCUM,3,3,0.4901,1.4704,34,0.4601,40,0.4901,34,0.9502,1.6942,0.15,-1.2463,4.7537,0.0000,553.50,SUCCESS
2025-12-24T22:17:01.471046+00:00,btc-updown-15m-1766615400,TRADE,UP,ACCUM,3,3,0.4601,1.3802,37,0.4601,40,0.4901,37,0.9502,1.8437,0.07,0.3735,3.3735,0.0000,552.12,SUCCESS
2025-12-24T22:17:06.851149+00:00,btc-updown-15m-1766615400,TRADE,UP,ACCUM,3,3,0.4602,1.3807,40,0.4601,40,0.4901,40,0.9502,1.9929,0.00,1.9929,1.9929,0.0000,550.74,SUCCESS
2025-12-24T22:17:12.239946+00:00,btc-updown-15m-1766615400,TRADE,UP,ACCUM,3,3,0.4602,1.3806,43,0.4601,40,0.4901,40,0.9502,1.9926,0.07,0.6122,3.6122,0.0000,549.36,SUCCESS
2025-12-24T22:17:23.037077+00:00,btc-updown-15m-1766615400,TRADE,DOWN,ACCUM,3,3,0.4901,1.4703,43,0.4601,43,0.4901,43,0.9502,2.1419,0.00,2.1419,2.1419,0.0000,547.89,SUCCESS
2025-12-24T22:17:44.686956+00:00,btc-updown-15m-1766615400,TRADE,UP,ACCUM,3,3,0.4601,1.3803,46,0.4601,43,0.4901,43,0.9502,2.1420,0.07,0.7616,3.7616,0.0000,546.51,SUCCESS
2025-12-24T22:17:50.120476+00:00,btc-updown-15m-1766615400,TRADE,DOWN,ACCUM,3,3,0.4900,1.4701,46,0.4601,46,0.4901,46,0.9502,2.2916,0.00,2.2916,2.2916,0.0000,545.03,SUCCESS
2025-12-24T22:17:55.653525+00:00,btc-updown-15m-1766615400,TRADE,DOWN,ACCUM,3,3,0.4902,1.4707,46,0.4601,49,0.4901,46,0.9502,2.2911,0.06,0.8209,3.8209,0.0000,543.56,SUCCESS
2025-12-24T22:18:01.166274+00:00,btc-updown-15m-1766615400,TRADE,UP,ACCUM,3,3,0.4600,1.3801,49,0.4601,49,0.4901,49,0.9502,2.4407,0.00,2.4407,2.4407,0.0000,542.18,SUCCESS
2025-12-24T22:18:06.576591+00:00,btc-updown-15m-1766615400,TRADE,UP,ACCUM,3,3,0.4601,1.3804,52,0.4601,49,0.4901,49,0.9502,2.4406,0.06,1.0603,4.0603,0.0000,540.80,SUCCESS
2025-12-24T22:18:06.577237+00:00,btc-updown-15m-1766615400,TRADE,DOWN,ACCUM,3,3,0.4902,1.4706,52,0.4601,52,0.4901,52,0.9502,2.5897,0.00,2.5897,2.5897,0.0000,539.33,SUCCESS
2025-12-24T22:18:17.695923+00:00,btc-updown-15m-1766615400,TRADE,DOWN,ACCUM,3,3,0.4901,1.4702,52,0.4601,55,0.4901,52,0.9502,2.5898,0.05,1.1195,4.1195,0.0000,537.86,SUCCESS
2025-12-24T22:18:28.498883+00:00,btc-updown-15m-1766615400,TRADE,UP,ACCUM,3,3,0.4601,1.3802,55,0.4601,55,0.4901,55,0.9502,2.7394,0.00,2.7394,2.7394,0.0000,536.48,SUCCESS
2025-12-24T22:18:28.499511+00:00,btc-updown-15m-1766615400,TRADE,DOWN,ACCUM,3,3,0.4900,1.4701,55,0.4601,58,0.4901,55,0.9502,2.7395,0.05,1.2692,4.2692,0.0000,535.01,SUCCESS
2025-12-24T22:18:33.893996+00:00,btc-updown-15m-1766615400,TRADE,DOWN,ACCUM,3,3,0.4901,1.4702,55,0.4601,61,0.4901,55,0.9502,2.7395,0.10,-0.2010,5.7990,0.0000,533.54,SUCCESS
2025-12-24T22:18:39.330797+00:00,btc-updown-15m-1766615400,TRADE,UP,ACCUM,3,3,0.4600,1.3801,58,0.4601,61,0.4901,58,0.9502,2.8892,0.05,1.4190,4.4190,0.0000,532.16,SUCCESS
2025-12-24T22:18:44.754490+00:00,btc-updown-15m-1766615400,TRADE,UP,ACCUM,3,3,0.4601,1.3804,61,0.4601,61,0.4901,61,0.9502,3.0385,0.00,3.0385,3.0385,0.0000,530.78,SUCCESS
2025-12-24T22:30:04.905359+00:00,btc-updown-15m-1766615400,RESOLUTION,DOWN,BINANCE_FALLBACK_SHARED,122,122,1.0000,57.9615,61,0.4601,61,0.4901,61,0.9502,3.0385,0.00,0.0000,0.0000,3.0385,591.78,RESOLVED
2025-12-24T22:30:18.328896+00:00,btc-updown-15m-1766616300,TRADE,DOWN,ACCUM,6,6,0.4902,2.9413,0,0.0000,6,0.4902,0,0.0000,0.0000,1.00,-2.9413,3.0587,0.0000,588.84,SUCCESS
2025-12-24T22:30:23.873178+00:00,btc-updown-15m-1766616300,TRADE,UP,ACCUM,6,6,0.4601,2.7604,6,0.4601,6,0.4902,6,0.9503,0.2983,0.00,0.2983,0.2983,0.0000,586.08,SUCCESS
2025-12-24T22:30:29.264561+00:00,btc-updown-15m-1766616300,TRADE,DOWN,ACCUM,5,5,0.4901,2.4506,6,0.4601,11,0.4902,6,0.9502,0.2986,0.45,-2.1523,2.8477,0.0000,583.63,SUCCESS
2025-12-24T22:30:34.717360+00:00,btc-updown-15m-1766616300,TRADE,DOWN,ACCUM,4,4,0.4901,1.9603,6,0.4601,15,0.4901,6,0.9502,0.2987,0.60,-4.1126,4.8874,0.0000,581.67,SUCCESS
2025-12-24T22:30:45.490297+00:00,btc-updown-15m-1766616300,TRADE,UP,ACCUM,5,5,0.4602,2.3010,11,0.4601,15,0.4901,11,0.9503,0.5470,0.27,-1.4136,2.5864,0.0000,579.37,SUCCESS
2025-12-24T22:30:56.306143+00:00,btc-updown-15m-1766616300,TRADE,UP,ACCUM,4,4,0.4602,1.8408,15,0.4601,15,0.4901,15,0.9503,0.7456,0.00,0.7456,0.7456,0.0000,577.53,SUCCESS
2025-12-24T22:31:01.707835+00:00,btc-updown-15m-1766616300,TRADE,UP,ACCUM,4,4,0.4601,1.8403,19,0.4601,15,0.4901,15,0.9503,0.7458,0.21,-1.0947,2.9053,0.0000,575.69,SUCCESS
2025-12-24T22:31:01.708391+00:00,btc-updown-15m-1766616300,TRADE,DOWN,ACCUM,4,4,0.4901,1.9605,19,0.4601,19,0.4901,19,0.9503,0.9448,0.00,0.9448,0.9448,0.0000,573.73,SUCCESS
2025-12-24T22:31:07.113465+00:00,btc-updown-15m-1766616300,TRADE,UP,ACCUM,4,4,0.4601,1.8402,23,0.4601,19,0.4901,19,0.9503,0.9451,0.17,-0.8954,3.1046,0.0000,571.89,SUCCESS
2025-12-24T22:31:12.517658+00:00,btc-updown-15m-1766616300,TRADE,UP,ACCUM,3,3,0.4602,1.3806,26,0.4601,19,0.4901,19,0.9503,0.9449,0.27,-2.2760,4.7240,0.0000,570.51,SUCCESS
2025-12-24T22:31:17.915145+00:00,btc-updown-15m-1766616300,TRADE,DOWN,ACCUM,4,4,0.4902,1.9607,26,0.4601,23,0.4901,23,0.9503,1.1437,0.12,-0.2367,2.7633,0.0000,568.55,SUCCESS
2025-12-24T22:31:23.368360+00:00,btc-updown-15m-1766616300,TRADE,DOWN,ACCUM,3,2,0.4901,0.9802,26,0.4601,25,0.4901,25,0.9503,1.2433,0.04,0.7831,1.7831,0.0000,567.57,SUCCESS
2025-12-24T22:31:34.172799+00:00,btc-updown-15m-1766616300,TRADE,DOWN,ACCUM,3,3,0.4902,1.4705,26,0.4601,28,0.4901,26,0.9503,1.2929,0.07,0.3126,2.3126,0.0000,566.09,SUCCESS
2025-12-24T22:31:39.563210+00:00,btc-updown-15m-1766616300,TRADE,DOWN,ACCUM,3,3,0.4901,1.4704,26,0.4601,31,0.4901,26,0.9503,1.2929,0.16,-1.1578,3.8422,0.0000,564.62,SUCCESS
2025-12-24T22:31:44.970573+00:00,btc-updown-15m-1766616300,TRADE,DOWN,ACCUM,3,3,0.4901,1.4702,26,0.4601,34,0.4901,26,0.9503,1.2931,0.24,-2.6280,5.3720,0.0000,563.15,SUCCESS
2025-12-24T22:31:55.805945+00:00,btc-updown-15m-1766616300,TRADE,UP,ACCUM,3,3,0.4601,1.3804,29,0.4601,34,0.4901,29,0.9503,1.4423,0.15,-1.0084,3.9916,0.0000,561.77,SUCCESS
2025-12-24T22:32:01.252966+00:00,btc-updown-15m-1766616300,TRADE,UP,ACCUM,3,3,0.4602,1.3805,32,0.4601,34,0.4901,32,0.9503,1.5913,0.06,0.6111,2.6111,0.0000,560.39,SUCCESS
2025-12-24T22:32:06.629439+00:00,btc-updown-15m-1766616300,TRADE,UP,ACCUM,3,3,0.4601,1.3803,35,0.4601,34,0.4901,34,0.9503,1.6909,0.03,1.2307,2.2307,0.0000,559.01,SUCCESS
2025-12-24T22:32:12.015900+00:00,btc-updown-15m-1766616300,TRADE,DOWN,ACCUM,3,3,0.4902,1.4705,35,0.4601,37,0.4901,35,0.9503,1.7405,0.05,0.7603,2.7603,0.0000,557.54,SUCCESS
2025-12-24T22:32:17.460952+00:00,btc-updown-15m-1766616300,TRADE,UP,ACCUM,3,3,0.4601,1.3802,38,0.4601,37,0.4901,37,0.9503,1.8402,0.03,1.3800,2.3800,0.0000,556.16,SUCCESS
2025-12-24T22:32:17.462198+00:00,btc-updown-15m-1766616300,TRADE,DOWN,ACCUM,3,3,0.4902,1.4705,38,0.4601,40,0.4901,38,0.9503,1.8898,0.05,0.9096,2.9096,0.0000,554.69,SUCCESS
2025-12-24T22:32:22.858653+00:00,btc-updown-15m-1766616300,TRADE,DOWN,ACCUM,3,3,0.4900,1.4701,38,0.4601,43,0.4901,38,0.9503,1.8901,0.12,-0.5605,4.4395,0.0000,553.22,SUCCESS
2025-12-24T22:32:28.303467+00:00,btc-updown-15m-1766616300,TRADE,DOWN,ACCUM,3,3,0.4902,1.4706,38,0.4601,46,0.4901,38,0.9503,1.8900,0.17,-2.0311,5.9689,0.0000,551.75,SUCCESS
2025-12-24T22:32:33.702867+00:00,btc-updown-15m-1766616300,TRADE,UP,ACCUM,3,3,0.4599,1.3798,41,0.4601,46,0.4901,41,0.9502,2.0398,0.11,-0.4108,4.5892,0.0000,550.37,SUCCESS
2025-12-24T22:32:39.139795+00:00,btc-updown-15m-1766616300,TRADE,DOWN,ACCUM,3,3,0.4901,1.4704,41,0.4601,49,0.4901,41,0.9502,2.0399,0.16,-1.8812,6.1188,0.0000,548.90,SUCCESS
2025-12-24T22:33:06.403082+00:00,btc-updown-15m-1766616300,TRADE,UP,ACCUM,3,3,0.4602,1.3806,44,0.4601,49,0.4901,44,0.9503,2.1889,0.10,-0.2618,4.7382,0.0000,547.52,SUCCESS
2025-12-24T22:33:11.815343+00:00,btc-updown-15m-1766616300,TRADE,DOWN,ACCUM,3,3,0.4901,1.4702,44,0.4601,52,0.4901,44,0.9502,2.1890,0.15,-1.7320,6.2680,0.0000,546.05,SUCCESS
2025-12-24T22:33:28.100181+00:00,btc-updown-15m-1766616300,TRADE,UP,ACCUM,3,3,0.4602,1.3805,47,0.4601,52,0.4901,47,0.9503,2.3381,0.10,-0.1125,4.8875,0.0000,544.67,SUCCESS
2025-12-24T22:33:33.599519+00:00,btc-updown-15m-1766616300,TRADE,UP,ACCUM,3,3,0.4600,1.3801,50,0.4601,52,0.4901,50,0.9502,2.4876,0.04,1.5074,3.5074,0.0000,543.29,SUCCESS
2025-12-24T22:33:38.984217+00:00,btc-updown-15m-1766616300,TRADE,UP,ACCUM,3,3,0.4600,1.3801,53,0.4601,52,0.4901,52,0.9502,2.5874,0.02,2.1273,3.1273,0.0000,541.91,SUCCESS
2025-12-24T22:33:38.985333+00:00,btc-updown-15m-1766616300,TRADE,DOWN,ACCUM,3,2,0.4902,0.9804,53,0.4601,54,0.4901,53,0.9502,2.6371,0.02,2.1469,3.1469,0.0000,540.93,SUCCESS
2025-12-24T22:33:44.404265+00:00,btc-updown-15m-1766616300,TRADE,UP,ACCUM,3,3,0.4601,1.3803,56,0.4601,54,0.4901,54,0.9502,2.6868,0.04,1.7666,3.7666,0.0000,539.55,SUCCESS
2025-12-24T22:33:44.404731+00:00,btc-updown-15m-1766616300,TRADE,DOWN,ACCUM,3,3,0.4900,1.4701,56,0.4601,57,0.4901,56,0.9502,2.7866,0.02,2.2965,3.2965,0.0000,538.08,SUCCESS
2025-12-24T22:33:49.792755+00:00,btc-updown-15m-1766616300,TRADE,UP,ACCUM,3,3,0.4602,1.3806,59,0.4601,57,0.4901,57,0.9502,2.8361,0.03,1.9159,3.9159,0.0000,536.70,SUCCESS
2025-12-24T22:33:55.213006+00:00,btc-updown-15m-1766616300,TRADE,UP,ACCUM,3,3,0.4600,1.3801,62,0.4601,57,0.4901,57,0.9502,2.8363,0.08,0.5358,5.5358,0.0000,535.32,SUCCESS
2025-12-24T22:34:00.687118+00:00,btc-updown-15m-1766616300,TRADE,DOWN,ACCUM,3,3,0.4902,1.4705,62,0.4601,60,0.4901,60,0.9502,2.9855,0.03,2.0653,4.0653,0.0000,533.85,SUCCESS
2025-12-24T22:45:03.052924+00:00,btc-updown-15m-1766616300,RESOLUTION,UP,BINANCE_FALLBACK_SHARED,122,122,1.0000,57.9347,62,0.4601,60,0.4901,60,0.9502,2.9855,0.03,0.0000,0.0000,4.0653,595.85,RESOLVED
2025-12-24T22:45:10.857510+00:00,btc-updown-15m-1766617200,TRADE,UP,ACCUM,6,3,0.4602,1.3806,3,0.4602,0,0.0000,0,0.0000,0.0000,1.00,-1.3806,1.6194,0.0000,594.47,SUCCESS
2025-12-24T22:45:16.258076+00:00,btc-updown-15m-1766617200,TRADE,UP,ACCUM,5,5,0.4601,2.3003,8,0.4601,0,0.0000,0,0.0000,0.0000,1.00,-3.6810,4.3190,0.0000,592.17,SUCCESS
2025-12-24T22:45:27.173680+00:00,btc-updown-15m-1766617200,TRADE,DOWN,ACCUM,6,6,0.4898,2.9387,8,0.4601,6,0.4898,6,0.9499,0.3006,0.25,-0.6196,1.3804,0.0000,589.23,SUCCESS
2025-12-24T22:45:32.674348+00:00,btc-updown-15m-1766617200,TRADE,UP,ACCUM,5,5,0.4600,2.3002,13,0.4601,6,0.4898,6,0.9499,0.3008,0.54,-2.9198,4.0802,0.0000,586.93,SUCCESS
2025-12-24T22:45:32.675041+00:00,btc-updown-15m-1766617200,TRADE,DOWN,ACCUM,5,5,0.4902,2.4510,13,0.4601,11,0.4900,11,0.9501,0.5493,0.15,-0.3708,1.6292,0.0000,584.48,SUCCESS
2025-12-24T22:45:38.086031+00:00,btc-updown-15m-1766617200,TRADE,UP,ACCUM,4,4,0.4601,1.8403,17,0.4601,11,0.4900,11,0.9501,0.5494,0.35,-2.2111,3.7889,0.0000,582.64,SUCCESS
2025-12-24T22:45:43.483817+00:00,btc-updown-15m-1766617200,TRADE,DOWN,ACCUM,4,4,0.4901,1.9603,17,0.4601,15,0.4900,15,0.9501,0.7487,0.12,-0.1714,1.8286,0.0000,580.68,SUCCESS
2025-12-24T22:45:48.889711+00:00,btc-updown-15m-1766617200,TRADE,UP,ACCUM,4,4,0.4599,1.8394,21,0.4600,15,0.4900,15,0.9500,0.7494,0.29,-2.0109,3.9891,0.0000,578.84,SUCCESS
2025-12-24T22:45:54.295869+00:00,btc-updown-15m-1766617200,TRADE,DOWN,ACCUM,4,4,0.4902,1.9608,21,0.4600,19,0.4900,19,0.9501,0.9484,0.10,0.0283,2.0283,0.0000,576.88,SUCCESS
2025-12-24T22:45:59.688437+00:00,btc-updown-15m-1766617200,TRADE,UP,ACCUM,3,3,0.4601,1.3802,24,0.4600,19,0.4900,19,0.9501,0.9483,0.21,-1.3519,3.6481,0.0000,575.50,SUCCESS
2025-12-24T22:45:59.689102+00:00,btc-updown-15m-1766617200,TRADE,DOWN,ACCUM,4,4,0.4901,1.9605,24,0.4600,23,0.4901,23,0.9501,1.1476,0.04,0.6876,1.6876,0.0000,573.53,SUCCESS
2025-12-24T22:46:05.072573+00:00,btc-updown-15m-1766617200,TRADE,UP,ACCUM,3,2,0.4599,0.9198,26,0.4600,23,0.4901,23,0.9501,1.1479,0.12,-0.2322,2.7678,0.0000,572.62,SUCCESS
2025-12-24T22:46:05.073025+00:00,btc-updown-15m-1766617200,TRADE,DOWN,ACCUM,3,3,0.4902,1.4706,26,0.4600,26,0.4901,26,0.9501,1.2972,0.00,1.2972,1.2972,0.0000,571.14,SUCCESS
2025-12-24T22:46:10.471038+00:00,btc-updown-15m-1766617200,TRADE,UP,ACCUM,3,3,0.4602,1.3807,29,0.4601,26,0.4901,26,0.9501,1.2967,0.10,-0.0834,2.9166,0.0000,569.76,SUCCESS
2025-12-24T22:46:15.991048+00:00,btc-updown-15m-1766617200,TRADE,UP,ACCUM,3,3,0.4602,1.3805,32,0.4601,26,0.4901,26,0.9501,1.2965,0.19,-1.4639,4.5361,0.0000,568.38,SUCCESS
2025-12-24T22:46:15.992197+00:00,btc-updown-15m-1766617200,TRADE,DOWN,ACCUM,3,3,0.4900,1.4700,32,0.4601,29,0.4901,29,0.9501,1.4462,0.09,0.0661,3.0661,0.0000,566.91,SUCCESS
2025-12-24T22:46:21.395455+00:00,btc-updown-15m-1766617200,TRADE,UP,ACCUM,3,3,0.4601,1.3802,35,0.4601,29,0.4901,29,0.9501,1.4463,0.17,-1.3141,4.6859,0.0000,565.53,SUCCESS
2025-12-24T22:46:26.901324+00:00,btc-updown-15m-1766617200,TRADE,UP,ACCUM,3,3,0.4601,1.3804,38,0.4601,29,0.4901,29,0.9501,1.4461,0.24,-2.6945,6.3055,0.0000,564.15,SUCCESS
2025-12-24T22:46:32.321741+00:00,btc-updown-15m-1766617200,TRADE,DOWN,ACCUM,3,3,0.4902,1.4705,38,0.4601,32,0.4901,32,0.9501,1.5954,0.16,-1.1650,4.8350,0.0000,562.68,SUCCESS
2025-12-24T22:46:37.717857+00:00,btc-updown-15m-1766617200,TRADE,UP,ACCUM,3,3,0.4598,1.3795,41,0.4600,32,0.4901,32,0.9501,1.5960,0.22,-2.5445,6.4555,0.0000,561.30,SUCCESS
2025-12-24T22:46:37.718542+00:00,btc-updown-15m-1766617200,TRADE,DOWN,ACCUM,3,3,0.4901,1.4702,41,0.4600,35,0.4901,35,0.9501,1.7456,0.15,-1.0147,4.9853,0.0000,559.83,SUCCESS
2025-12-24T22:46:43.126929+00:00,btc-updown-15m-1766617200,TRADE,UP,ACCUM,3,3,0.4601,1.3803,44,0.4601,35,0.4901,35,0.9501,1.7455,0.20,-2.3950,6.6050,0.0000,558.45,SUCCESS
2025-12-24T22:46:43.128348+00:00,btc-updown-15m-1766617200,TRADE,DOWN,ACCUM,3,3,0.4902,1.4706,44,0.4601,38,0.4901,38,0.9501,1.8948,0.14,-0.8656,5.1344,0.0000,556.98,SUCCESS
2025-12-24T22:46:53.911735+00:00,btc-updown-15m-1766617200,TRADE,UP,ACCUM,3,3,0.4600,1.3801,47,0.4601,38,0.4901,38,0.9501,1.8948,0.19,-2.2457,6.7543,0.0000,555.60,SUCCESS
2025-12-24T22:46:53.912810+00:00,btc-updown-15m-1766617200,TRADE,DOWN,ACCUM,3,3,0.4900,1.4701,47,0.4601,41,0.4901,41,0.9501,2.0445,0.13,-0.7158,5.2842,0.0000,554.13,SUCCESS
2025-12-24T22:46:59.292839+00:00,btc-updown-15m-1766617200,TRADE,UP,ACCUM,3,3,0.4602,1.3805,50,0.4601,41,0.4901,41,0.9501,2.0443,0.18,-2.0962,6.9038,0.0000,552.75,SUCCESS
2025-12-24T22:47:04.716320+00:00,btc-updown-15m-1766617200,TRADE,DOWN,ACCUM,3,3,0.4899,1.4698,50,0.4601,44,0.4901,44,0.9501,2.1943,0.12,-0.5661,5.4339,0.0000,551.28,SUCCESS
2025-12-24T22:47:10.210928+00:00,btc-updown-15m-1766617200,TRADE,DOWN,ACCUM,3,3,0.4901,1.4703,50,0.4601,47,0.4901,47,0.9501,2.3439,0.06,0.9637,3.9637,0.0000,549.81,SUCCESS
2025-12-24T22:47:15.595894+00:00,btc-updown-15m-1766617200,TRADE,DOWN,ACCUM,3,1,0.4902,0.4902,50,0.4601,48,0.4901,48,0.9501,2.3936,0.04,1.4735,3.4735,0.0000,549.32,SUCCESS
2025-12-24T22:47:21.120481+00:00,btc-updown-15m-1766617200,TRADE,UP,ACCUM,3,3,0.4598,1.3794,53,0.4600,48,0.4901,48,0.9501,2.3943,0.09,0.0941,5.0941,0.0000,547.94,SUCCESS
2025-12-24T22:47:21.121085+00:00,btc-updown-15m-1766617200,TRADE,DOWN,ACCUM,3,3,0.4900,1.4701,53,0.4600,51,0.4901,51,0.9501,2.5441,0.04,1.6240,3.6240,0.0000,546.47,SUCCESS
2025-12-24T22:47:26.447374+00:00,btc-updown-15m-1766617200,TRADE,DOWN,ACCUM,3,3,0.4901,1.4703,53,0.4600,54,0.4901,53,0.9501,2.6437,0.02,2.1537,3.1537,0.0000,545.00,SUCCESS
2025-12-24T22:47:31.949018+00:00,btc-updown-15m-1766617200,TRADE,UP,ACCUM,3,3,0.4602,1.3805,56,0.4600,54,0.4901,54,0.9501,2.6933,0.04,1.7732,3.7732,0.0000,543.62,SUCCESS
2025-12-24T22:47:37.375837+00:00,btc-updown-15m-1766617200,TRADE,UP,ACCUM,3,3,0.4601,1.3802,59,0.4601,54,0.4901,54,0.9501,2.6932,0.08,0.3929,5.3929,0.0000,542.24,SUCCESS
2025-12-24T22:47:42.763963+00:00,btc-updown-15m-1766617200,TRADE,UP,ACCUM,3,3,0.4601,1.3804,62,0.4601,54,0.4901,54,0.9501,2.6930,0.13,-0.9875,7.0125,0.0000,540.86,SUCCESS
2025-12-24T22:47:48.161777+00:00,btc-updown-15m-1766617200,TRADE,DOWN,ACCUM,3,3,0.4901,1.4704,62,0.4601,57,0.4901,57,0.9501,2.8424,0.08,0.5422,5.5422,0.0000,539.39,SUCCESS
2025-12-24T22:47:53.541832+00:00,btc-updown-15m-1766617200,TRADE,DOWN,ACCUM,3,3,0.4900,1.4701,62,0.4601,60,0.4901,60,0.9501,2.9921,0.03,2.0720,4.0720,0.0000,537.92,SUCCESS
2025-12-24T23:00:02.633694+00:00,btc-updown-15m-1766617200,RESOLUTION,UP,BINANCE_FALLBACK_SHARED,122,122,1.0000,57.9280,62,0.4601,60,0.4901,60,0.9501,2.9921,0.03,0.0000,0.0000,4.0720,599.92,RESOLVED
2025-12-24T23:00:11.223596+00:00,btc-updown-15m-1766618100,TRADE,UP,ACCUM,6,6,0.4602,2.7613,6,0.4602,0,0.0000,0,0.0000,0.0000,1.00,-2.7613,3.2387,0.0000,597.16,SUCCESS
2025-12-24T23:00:16.628456+00:00,btc-updown-15m-1766618100,TRADE,DOWN,ACCUM,6,6,0.4901,2.9408,6,0.4602,6,0.4901,6,0.9504,0.2979,0.00,0.2979,0.2979,0.0000,594.22,SUCCESS
2025-12-24T23:00:22.038251+00:00,btc-updown-15m-1766618100,TRADE,UP,ACCUM,5,3,0.4602,1.3806,9,0.4602,6,0.4901,6,0.9503,0.2979,0.33,-1.0827,1.9173,0.0000,592.84,SUCCESS
2025-12-24T23:00:38.314799+00:00,btc-updown-15m-1766618100,TRADE,UP,ACCUM,5,5,0.4602,2.3009,14,0.4602,6,0.4901,6,0.9503,0.2980,0.57,-3.3836,4.6164,0.0000,590.54,SUCCESS
2025-12-24T23:00:43.717458+00:00,btc-updown-15m-1766618100,TRADE,DOWN,ACCUM,5,5,0.4902,2.4512,14,0.4602,11,0.4902,11,0.9504,0.5458,0.21,-0.8348,2.1652,0.0000,588.08,SUCCESS
2025-12-24T23:00:54.524093+00:00,btc-updown-15m-1766618100,TRADE,DOWN,ACCUM,4,4,0.4900,1.9601,14,0.4602,15,0.4901,14,0.9503,0.6952,0.07,0.2051,1.2051,0.0000,586.12,SUCCESS
2025-12-24T23:01:00.083151+00:00,btc-updown-15m-1766618100,TRADE,UP,ACCUM,4,4,0.4602,1.8407,18,0.4602,15,0.4901,15,0.9503,0.7450,0.17,-0.6356,2.3644,0.0000,584.28,SUCCESS
2025-12-24T23:01:00.083373+00:00,btc-updown-15m-1766618100,TRADE,DOWN,ACCUM,4,4,0.4901,1.9602,18,0.4602,19,0.4901,18,0.9503,0.8943,0.05,0.4041,1.4041,0.0000,582.32,SUCCESS
2025-12-24T23:01:05.455208+00:00,btc-updown-15m-1766618100,TRADE,UP,ACCUM,4,4,0.4600,1.8400,22,0.4602,19,0.4901,19,0.9503,0.9446,0.14,-0.4359,2.5641,0.0000,580.48,SUCCESS
2025-12-24T23:01:05.455838+00:00,btc-updown-15m-1766618100,TRADE,DOWN,ACCUM,4,4,0.4902,1.9609,22,0.4602,23,0.4901,22,0.9503,1.0934,0.04,0.6032,1.6032,0.0000,578.52,SUCCESS
2025-12-24T23:01:10.907772+00:00,btc-updown-15m-1766618100,TRADE,DOWN,ACCUM,3,3,0.4902,1.4706,22,0.4602,26,0.4901,22,0.9503,1.0933,0.15,-0.8673,3.1327,0.0000,577.05,SUCCESS
2025-12-24T23:01:16.423848+00:00,btc-updown-15m-1766618100,TRADE,DOWN,ACCUM,3,3,0.4900,1.4701,22,0.4602,29,0.4901,22,0.9503,1.0935,0.24,-2.3374,4.6626,0.0000,575.58,SUCCESS
2025-12-24T23:01:32.697777+00:00,btc-updown-15m-1766618100,TRADE,UP,ACCUM,3,3,0.4598,1.3795,25,0.4601,29,0.4901,25,0.9503,1.2436,0.14,-0.7170,3.2830,0.0000,574.20,SUCCESS
2025-12-24T23:01:32.698268+00:00,btc-updown-15m-1766618100,TRADE,DOWN,ACCUM,3,3,0.4900,1.4701,25,0.4601,32,0.4901,25,0.9502,1.2438,0.22,-2.1871,4.8129,0.0000,572.73,SUCCESS
2025-12-24T23:01:43.557118+00:00,btc-updown-15m-1766618100,TRADE,UP,ACCUM,3,1,0.4700,0.4700,26,0.4605,32,0.4901,26,0.9506,1.2837,0.19,-1.6571,4.3429,0.0000,572.26,SUCCESS
2025-12-24T23:01:43.558604+00:00,btc-updown-15m-1766618100,TRADE,DOWN,ACCUM,3,3,0.4802,1.4405,26,0.4605,35,0.4893,26,0.9498,1.3059,0.26,-3.0976,5.9024,0.0000,570.82,SUCCESS
2025-12-24T23:01:54.358822+00:00,btc-updown-15m-1766618100,TRADE,UP,ACCUM,3,3,0.4701,1.4104,29,0.4615,35,0.4893,29,0.9508,1.4277,0.17,-1.5080,4.4920,0.0000,569.41,SUCCESS
2025-12-24T23:01:59.765977+00:00,btc-updown-15m-1766618100,TRADE,UP,ACCUM,3,3,0.4702,1.4105,32,0.4623,35,0.4893,32,0.9516,1.5493,0.09,0.0815,3.0815,0.0000,568.00,SUCCESS
2025-12-24T23:01:59.766660+00:00,btc-updown-15m-1766618100,TRADE,DOWN,ACCUM,3,3,0.4801,1.4403,32,0.4623,38,0.4885,32,0.9509,1.5725,0.16,-1.3588,4.6412,0.0000,566.56,SUCCESS
2025-12-24T23:02:05.150998+00:00,btc-updown-15m-1766618100,TRADE,DOWN,ACCUM,3,3,0.4800,1.4401,32,0.4623,41,0.4879,32,0.9502,1.5925,0.22,-2.7988,6.2012,0.0000,565.12,SUCCESS
2025-12-24T23:02:10.574815+00:00,btc-updown-15m-1766618100,TRADE,UP,ACCUM,3,3,0.4702,1.4106,35,0.4630,41,0.4879,35,0.9509,1.7182,0.15,-1.2094,4.7906,0.0000,563.71,SUCCESS
2025-12-24T23:02:15.953117+00:00,btc-updown-15m-1766618100,TRADE,DOWN,ACCUM,3,3,0.4801,1.4402,35,0.4630,44,0.4874,35,0.9504,1.7369,0.20,-2.6496,6.3504,0.0000,562.27,SUCCESS
2025-12-24T23:02:21.372177+00:00,btc-updown-15m-1766618100,TRADE,UP,ACCUM,3,3,0.4702,1.4106,38,0.4636,44,0.4874,38,0.9509,1.8642,0.14,-1.0602,4.9398,0.0000,560.86,SUCCESS
2025-12-24T23:02:26.930062+00:00,btc-updown-15m-1766618100,TRADE,UP,ACCUM,3,3,0.4602,1.3806,41,0.4633,44,0.4874,41,0.9507,2.0214,0.07,0.5592,3.5592,0.0000,559.48,SUCCESS
2025-12-24T23:02:32.541376+00:00,btc-updown-15m-1766618100,TRADE,UP,ACCUM,3,3,0.4701,1.4103,44,0.4638,44,0.4874,44,0.9512,2.1489,0.00,2.1489,2.1489,0.0000,558.07,SUCCESS
2025-12-24T23:02:37.930761+00:00,btc-updown-15m-1766618100,TRADE,DOWN,ACCUM,3,3,0.4802,1.4405,44,0.4638,47,0.4869,44,0.9507,2.1692,0.06,0.7084,3.7084,0.0000,556.63,SUCCESS
2025-12-24T23:02:59.734567+00:00,btc-updown-15m-1766618100,TRADE,DOWN,ACCUM,3,3,0.4802,1.4406,44,0.4638,50,0.4865,44,0.9503,2.1870,0.12,-0.7322,5.2678,0.0000,555.19,SUCCESS
2025-12-24T23:03:10.535489+00:00,btc-updown-15m-1766618100,TRADE,UP,ACCUM,3,3,0.4702,1.4106,47,0.4642,50,0.4865,47,0.9507,2.3168,0.06,0.8573,3.8573,0.0000,553.78,SUCCESS
2025-12-24T23:03:21.458577+00:00,btc-updown-15m-1766618100,TRADE,DOWN,ACCUM,3,1,0.4801,0.4801,47,0.4642,51,0.4864,47,0.9506,2.3228,0.08,0.3772,4.3772,0.0000,553.30,SUCCESS
2025-12-24T23:03:26.867802+00:00,btc-updown-15m-1766618100,TRADE,UP,ACCUM,3,3,0.4701,1.4102,50,0.4645,51,0.4864,50,0.9509,2.4533,0.02,1.9669,2.9669,0.0000,551.89,SUCCESS
2025-12-24T23:03:26.868334+00:00,btc-updown-15m-1766618100,TRADE,DOWN,ACCUM,3,1,0.4801,0.4801,50,0.4645,52,0.4863,50,0.9508,2.4594,0.04,1.4868,3.4868,0.0000,551.41,SUCCESS
2025-12-24T23:03:32.273768+00:00,btc-updown-15m-1766618100,TRADE,UP,ACCUM,3,3,0.4702,1.4106,53,0.4649,52,0.4863,52,0.9511,2.5410,0.02,2.0762,3.0762,0.0000,550.00,SUCCESS
2025-12-24T23:03:43.078005+00:00,btc-updown-15m-1766618100,TRADE,UP,ACCUM,3,3,0.4700,1.4101,56,0.4651,52,0.4863,52,0.9514,2.5266,0.07,0.6661,4.6661,0.0000,548.59,SUCCESS
2025-12-24T23:03:53.894211+00:00,btc-updown-15m-1766618100,TRADE,DOWN,ACCUM,3,3,0.4800,1.4401,56,0.4651,55,0.4859,55,0.9511,2.6911,0.02,2.2260,3.2260,0.0000,547.15,SUCCESS
2025-12-24T23:03:59.277917+00:00,btc-updown-15m-1766618100,TRADE,UP,ACCUM,3,3,0.4702,1.4105,59,0.4654,55,0.4859,55,0.9513,2.6771,0.07,0.8155,4.8155,0.0000,545.73,SUCCESS
2025-12-24T23:04:04.805673+00:00,btc-updown-15m-1766618100,TRADE,UP,ACCUM,3,3,0.4700,1.4101,62,0.4656,55,0.4859,55,0.9516,2.6647,0.11,-0.5947,6.4053,0.0000,544.32,SUCCESS
2025-12-24T23:04:10.204319+00:00,btc-updown-15m-1766618100,TRADE,DOWN,ACCUM,3,3,0.4800,1.4400,62,0.4656,58,0.4856,58,0.9512,2.8278,0.06,0.9653,4.9653,0.0000,542.88,SUCCESS
2025-12-24T23:04:31.907299+00:00,btc-updown-15m-1766618100,TRADE,DOWN,ACCUM,3,1,0.4800,0.4800,62,0.4656,59,0.4855,59,0.9512,2.8821,0.05,1.4853,4.4853,0.0000,542.40,SUCCESS
2025-12-24T23:04:42.684515+00:00,btc-updown-15m-1766618100,TRADE,DOWN,ACCUM,3,3,0.4801,1.4404,62,0.4656,62,0.4853,62,0.9509,3.0449,0.00,3.0449,3.0449,0.0000,540.96,SUCCESS
2025-12-24T23:15:00.315512+00:00,btc-updown-15m-1766618100,RESOLUTION,DOWN,BINANCE_FALLBACK_SHARED,124,124,1.0000,58.9551,62,0.4656,62,0.4853,62,0.9509,3.0449,0.00,0.0000,0.0000,3.0449,602.96,RESOLVED
2025-12-24T23:15:08.972347+00:00,btc-updown-15m-1766619000,TRADE,UP,ACCUM,6,6,0.4800,2.8800,6,0.4800,0,0.0000,0,0.0000,0.0000,1.00,-2.8800,3.1200,0.0000,600.08,SUCCESS
2025-12-24T23:15:08.972689+00:00,btc-updown-15m-1766619000,TRADE,DOWN,ACCUM,6,6,0.4698,2.8187,6,0.4800,6,0.4698,6,0.9498,0.3013,0.00,0.3013,0.3013,0.0000,597.27,SUCCESS
2025-12-24T23:15:19.956914+00:00,btc-updown-15m-1766619000,TRADE,UP,ACCUM,5,5,0.4799,2.3996,11,0.4800,6,0.4698,6,0.9498,0.3015,0.45,-2.0983,2.9017,0.0000,594.87,SUCCESS
2025-12-24T23:15:19.957611+00:00,btc-updown-15m-1766619000,TRADE,DOWN,ACCUM,5,5,0.4702,2.3511,11,0.4800,11,0.4700,11,0.9499,0.5506,0.00,0.5506,0.5506,0.0000,592.51,SUCCESS
2025-12-24T23:15:25.356540+00:00,btc-updown-15m-1766619000,TRADE,UP,ACCUM,4,2,0.4801,0.9601,13,0.4800,11,0.4700,11,0.9500,0.5504,0.15,-0.4095,1.5905,0.0000,591.55,SUCCESS
2025-12-24T23:15:30.869958+00:00,btc-updown-15m-1766619000,TRADE,UP,ACCUM,4,4,0.4802,1.9209,17,0.4800,11,0.4700,11,0.9500,0.5498,0.35,-2.3305,3.6695,0.0000,589.63,SUCCESS
2025-12-24T23:15:30.870555+00:00,btc-updown-15m-1766619000,TRADE,DOWN,ACCUM,4,4,0.4700,1.8801,17,0.4800,15,0.4700,15,0.9500,0.7495,0.12,-0.2105,1.7895,0.0000,587.75,SUCCESS
2025-12-24T23:15:36.260934+00:00,btc-updown-15m-1766619000,TRADE,UP,ACCUM,4,4,0.4802,1.9209,21,0.4801,15,0.4700,15,0.9501,0.7490,0.29,-2.1314,3.8686,0.0000,585.83,SUCCESS
2025-12-24T23:15:47.050190+00:00,btc-updown-15m-1766619000,TRADE,DOWN,ACCUM,4,4,0.4701,1.8806,21,0.4801,19,0.4700,19,0.9501,0.9482,0.10,-0.0120,1.9880,0.0000,583.95,SUCCESS
2025-12-24T23:15:52.456799+00:00,btc-updown-15m-1766619000,TRADE,UP,ACCUM,3,3,0.4802,1.4406,24,0.4801,19,0.4700,19,0.9501,0.9479,0.21,-1.4526,3.5474,0.0000,582.51,SUCCESS
2025-12-24T23:16:03.269787+00:00,btc-updown-15m-1766619000,TRADE,DOWN,ACCUM,4,4,0.4702,1.8809,24,0.4801,23,0.4701,23,0.9501,1.1466,0.04,0.6665,1.6665,0.0000,580.63,SUCCESS
2025-12-24T23:16:14.061944+00:00,btc-updown-15m-1766619000,TRADE,UP,ACCUM,3,3,0.4801,1.4403,27,0.4801,23,0.4701,23,0.9502,1.1465,0.15,-0.7738,3.2262,0.0000,579.19,SUCCESS
2025-12-24T23:16:19.441261+00:00,btc-updown-15m-1766619000,TRADE,UP,ACCUM,3,3,0.4800,1.4401,30,0.4801,23,0.4701,23,0.9501,1.1466,0.23,-2.2139,4.7861,0.0000,577.75,SUCCESS
2025-12-24T23:16:19.442148+00:00,btc-updown-15m-1766619000,TRADE,DOWN,ACCUM,3,3,0.4700,1.4100,30,0.4801,26,0.4701,26,0.9501,1.2964,0.13,-0.6240,3.3760,0.0000,576.34,SUCCESS
2025-12-24T23:16:24.826499+00:00,btc-updown-15m-1766619000,TRADE,UP,ACCUM,3,3,0.4801,1.4404,33,0.4801,26,0.4701,26,0.9501,1.2963,0.21,-2.0643,4.9357,0.0000,574.90,SUCCESS
2025-12-24T23:16:24.827045+00:00,btc-updown-15m-1766619000,TRADE,DOWN,ACCUM,3,3,0.4702,1.4105,33,0.4801,29,0.4701,29,0.9502,1.4455,0.12,-0.4748,3.5252,0.0000,573.49,SUCCESS
2025-12-24T23:16:30.481124+00:00,btc-updown-15m-1766619000,TRADE,UP,ACCUM,3,3,0.4801,1.4404,36,0.4801,29,0.4701,29,0.9502,1.4454,0.19,-1.9152,5.0848,0.0000,572.05,SUCCESS
2025-12-24T23:16:35.872253+00:00,btc-updown-15m-1766619000,TRADE,UP,ACCUM,3,3,0.4800,1.4401,39,0.4801,29,0.4701,29,0.9502,1.4456,0.26,-3.3553,6.6447,0.0000,570.61,SUCCESS
2025-12-24T23:16:35.872852+00:00,btc-updown-15m-1766619000,TRADE,DOWN,ACCUM,3,3,0.4701,1.4103,39,0.4801,32,0.4701,32,0.9502,1.5950,0.18,-1.7656,5.2344,0.0000,569.20,SUCCESS
2025-12-24T23:16:41.259383+00:00,btc-updown-15m-1766619000,TRADE,DOWN,ACCUM,3,3,0.4702,1.4106,39,0.4801,35,0.4701,35,0.9502,1.7442,0.10,-0.1762,3.8238,0.0000,567.79,SUCCESS
2025-12-24T23:16:46.759460+00:00,btc-updown-15m-1766619000,TRADE,UP,ACCUM,3,3,0.4800,1.4401,42,0.4801,35,0.4701,35,0.9502,1.7443,0.17,-1.6163,5.3837,0.0000,566.35,SUCCESS
2025-12-24T23:16:46.760725+00:00,btc-updown-15m-1766619000,TRADE,DOWN,ACCUM,3,3,0.4702,1.4105,42,0.4801,38,0.4701,38,0.9502,1.8936,0.10,-0.0267,3.9733,0.0000,564.94,SUCCESS
2025-12-24T23:16:52.159828+00:00,btc-updown-15m-1766619000,TRADE,UP,ACCUM,3,1,0.4799,0.4799,43,0.4801,38,0.4701,38,0.9502,1.8937,0.12,-0.5066,4.4934,0.0000,564.46,SUCCESS
2025-12-24T23:17:03.013191+00:00,btc-updown-15m-1766619000,TRADE,UP,ACCUM,3,3,0.4802,1.4406,46,0.4801,38,0.4701,38,0.9502,1.8935,0.17,-1.9472,6.0528,0.0000,563.02,SUCCESS
2025-12-24T23:17:08.415373+00:00,btc-updown-15m-1766619000,TRADE,DOWN,ACCUM,3,1,0.4701,0.4701,46,0.4801,39,0.4701,39,0.9502,1.9433,0.15,-1.4173,5.5827,0.0000,562.55,SUCCESS
2025-12-24T23:17:13.912037+00:00,btc-updown-15m-1766619000,TRADE,UP,ACCUM,3,1,0.4800,0.4800,47,0.4801,39,0.4701,39,0.9502,1.9433,0.17,-1.8973,6.1027,0.0000,562.07,SUCCESS
2025-12-24T23:17:19.324378+00:00,btc-updown-15m-1766619000,TRADE,DOWN,ACCUM,3,3,0.4701,1.4103,47,0.4801,42,0.4701,42,0.9502,2.0927,0.11,-0.3077,4.6923,0.0000,560.66,SUCCESS
2025-12-24T23:17:24.725843+00:00,btc-updown-15m-1766619000,TRADE,UP,ACCUM,3,3,0.4801,1.4403,50,0.4801,42,0.4701,42,0.9502,2.0927,0.16,-1.7480,6.2520,0.0000,559.22,SUCCESS
2025-12-24T23:17:24.726530+00:00,btc-updown-15m-1766619000,TRADE,DOWN,ACCUM,3,3,0.4702,1.4105,50,0.4801,45,0.4701,45,0.9502,2.2419,0.10,-0.1585,4.8415,0.0000,557.81,SUCCESS
2025-12-24T23:17:30.110388+00:00,btc-updown-15m-1766619000,TRADE,UP,ACCUM,3,3,0.4802,1.4405,53,0.4801,45,0.4701,45,0.9502,2.2417,0.15,-1.5990,6.4010,0.0000,556.37,SUCCESS
2025-12-24T23:17:57.222944+00:00,btc-updown-15m-1766619000,TRADE,DOWN,ACCUM,3,3,0.4702,1.4105,53,0.4801,48,0.4701,48,0.9502,2.3909,0.09,-0.0095,4.9905,0.0000,554.95,SUCCESS
2025-12-24T23:18:02.614670+00:00,btc-updown-15m-1766619000,TRADE,UP,ACCUM,3,3,0.4802,1.4406,56,0.4801,48,0.4701,48,0.9502,2.3907,0.14,-1.4501,6.5499,0.0000,553.51,SUCCESS
2025-12-24T23:18:02.615241+00:00,btc-updown-15m-1766619000,TRADE,DOWN,ACCUM,3,3,0.4701,1.4103,56,0.4801,51,0.4701,51,0.9502,2.5401,0.09,0.1396,5.1396,0.0000,552.10,SUCCESS
2025-12-24T23:18:08.008908+00:00,btc-updown-15m-1766619000,TRADE,UP,ACCUM,3,3,0.4801,1.4402,59,0.4801,51,0.4701,51,0.9502,2.5402,0.14,-1.3006,6.6994,0.0000,550.66,SUCCESS
2025-12-24T23:18:13.469014+00:00,btc-updown-15m-1766619000,TRADE,UP,ACCUM,3,1,0.4901,0.4901,60,0.4803,51,0.4701,51,0.9504,2.5317,0.15,-1.7907,7.2093,0.0000,550.17,SUCCESS
2025-12-24T23:18:18.972026+00:00,btc-updown-15m-1766619000,TRADE,DOWN,ACCUM,3,3,0.4601,1.3803,60,0.4803,54,0.4695,54,0.9498,2.7106,0.10,-0.1710,5.8290,0.0000,548.79,SUCCESS
2025-12-24T23:18:29.768261+00:00,btc-updown-15m-1766619000,TRADE,DOWN,ACCUM,3,3,0.4601,1.3803,60,0.4803,57,0.4690,57,0.9493,2.8895,0.05,1.4487,4.4487,0.0000,547.41,SUCCESS
2025-12-24T23:18:35.170262+00:00,btc-updown-15m-1766619000,TRADE,DOWN,ACCUM,3,3,0.4601,1.3804,60,0.4803,60,0.4686,60,0.9489,3.0683,0.00,3.0683,3.0683,0.0000,546.03,SUCCESS
2025-12-24T23:30:03.246146+00:00,btc-updown-15m-1766619000,RESOLUTION,DOWN,BINANCE_FALLBACK_SHARED,120,120,1.0000,56.9317,60,0.4803,60,0.4686,60,0.9489,3.0683,0.00,0.0000,0.0000,3.0683,606.03,RESOLVED
2025-12-24T23:30:11.640928+00:00,btc-updown-15m-1766619900,TRADE,UP,ACCUM,6,6,0.4901,2.9406,6,0.4901,0,0.0000,0,0.0000,0.0000,1.00,-2.9406,3.0594,0.0000,603.09,SUCCESS
2025-12-24T23:30:17.144455+00:00,btc-updown-15m-1766619900,TRADE,DOWN,ACCUM,6,6,0.4601,2.7608,6,0.4901,6,0.4601,6,0.9502,0.2986,0.00,0.2986,0.2986,0.0000,600.33,SUCCESS
2025-12-24T23:30:22.552270+00:00,btc-updown-15m-1766619900,TRADE,UP,ACCUM,5,4,0.4900,1.9601,10,0.4901,6,0.4601,6,0.9502,0.2988,0.40,-1.6615,2.3385,0.0000,598.37,SUCCESS
2025-12-24T23:30:27.946713+00:00,btc-updown-15m-1766619900,TRADE,UP,ACCUM,5,5,0.4900,2.4500,15,0.4900,6,0.4601,6,0.9502,0.2989,0.60,-4.1115,4.8885,0.0000,595.92,SUCCESS
2025-12-24T23:30:38.855672+00:00,btc-updown-15m-1766619900,TRADE,DOWN,ACCUM,5,2,0.4601,0.9202,15,0.4900,8,0.4601,8,0.9502,0.3987,0.47,-3.0317,3.9683,0.0000,595.00,SUCCESS
2025-12-24T23:30:44.273112+00:00,btc-updown-15m-1766619900,TRADE,DOWN,ACCUM,5,5,0.4602,2.3010,15,0.4900,13,0.4601,13,0.9502,0.6475,0.13,-0.3326,1.6674,0.0000,592.70,SUCCESS
2025-12-24T23:30:49.676611+00:00,btc-updown-15m-1766619900,TRADE,DOWN,ACCUM,4,4,0.4601,1.8405,15,0.4900,17,0.4601,15,0.9502,0.7471,0.12,-0.1732,1.8268,0.0000,590.86,SUCCESS
2025-12-24T23:31:00.510170+00:00,btc-updown-15m-1766619900,TRADE,DOWN,ACCUM,4,2,0.4600,0.9201,15,0.4900,19,0.4601,15,0.9502,0.7473,0.21,-1.0933,2.9067,0.0000,589.94,SUCCESS
2025-12-24T23:31:05.938674+00:00,btc-updown-15m-1766619900,TRADE,UP,ACCUM,4,4,0.4899,1.9597,19,0.4900,19,0.4601,19,0.9502,0.9471,0.00,0.9471,0.9471,0.0000,587.98,SUCCESS
2025-12-24T23:31:05.939631+00:00,btc-updown-15m-1766619900,TRADE,DOWN,ACCUM,4,4,0.4600,1.8401,19,0.4900,23,0.4601,19,0.9501,0.9474,0.17,-0.8930,3.1070,0.0000,586.14,SUCCESS
2025-12-24T23:31:16.749462+00:00,btc-updown-15m-1766619900,TRADE,UP,ACCUM,4,4,0.4901,1.9606,23,0.4900,23,0.4601,23,0.9502,1.1464,0.00,1.1464,1.1464,0.0000,584.18,SUCCESS
2025-12-24T23:31:27.643048+00:00,btc-updown-15m-1766619900,TRADE,UP,ACCUM,3,3,0.4901,1.4704,26,0.4901,23,0.4601,23,0.9502,1.1461,0.12,-0.3240,2.6760,0.0000,582.71,SUCCESS
2025-12-24T23:31:27.643519+00:00,btc-updown-15m-1766619900,TRADE,DOWN,ACCUM,3,3,0.4598,1.3795,26,0.4901,26,0.4601,26,0.9501,1.2965,0.00,1.2965,1.2965,0.0000,581.33,SUCCESS
2025-12-24T23:31:38.424751+00:00,btc-updown-15m-1766619900,TRADE,DOWN,ACCUM,3,3,0.4601,1.3804,26,0.4901,29,0.4601,26,0.9501,1.2963,0.10,-0.0839,2.9161,0.0000,579.95,SUCCESS
2025-12-24T23:31:43.857624+00:00,btc-updown-15m-1766619900,TRADE,UP,ACCUM,3,3,0.4898,1.4694,29,0.4900,29,0.4601,29,0.9501,1.4467,0.00,1.4467,1.4467,0.0000,578.48,SUCCESS
2025-12-24T23:31:43.859120+00:00,btc-updown-15m-1766619900,TRADE,DOWN,ACCUM,3,3,0.4601,1.3802,29,0.4900,32,0.4601,29,0.9501,1.4468,0.09,0.0665,3.0665,0.0000,577.10,SUCCESS
2025-12-24T23:31:54.788528+00:00,btc-updown-15m-1766619900,TRADE,DOWN,ACCUM,3,3,0.4598,1.3793,29,0.4900,35,0.4601,29,0.9501,1.4476,0.17,-1.3128,4.6872,0.0000,575.72,SUCCESS
2025-12-24T23:32:00.279073+00:00,btc-updown-15m-1766619900,TRADE,UP,ACCUM,3,3,0.4901,1.4704,32,0.4900,35,0.4601,32,0.9501,1.5970,0.09,0.2168,3.2168,0.0000,574.25,SUCCESS
2025-12-24T23:32:00.279504+00:00,btc-updown-15m-1766619900,TRADE,DOWN,ACCUM,3,3,0.4602,1.3806,32,0.4900,38,0.4601,32,0.9501,1.5966,0.16,-1.1638,4.8362,0.0000,572.87,SUCCESS
2025-12-24T23:32:05.789192+00:00,btc-updown-15m-1766619900,TRADE,DOWN,ACCUM,3,3,0.4601,1.3804,32,0.4900,41,0.4601,32,0.9501,1.5965,0.22,-2.5442,6.4558,0.0000,571.49,SUCCESS
2025-12-24T23:32:16.593535+00:00,btc-updown-15m-1766619900,TRADE,UP,ACCUM,3,3,0.4900,1.4700,35,0.4900,41,0.4601,35,0.9501,1.7462,0.15,-1.0142,4.9858,0.0000,570.02,SUCCESS
2025-12-24T23:32:22.002460+00:00,btc-updown-15m-1766619900,TRADE,UP,ACCUM,3,3,0.4900,1.4701,38,0.4900,41,0.4601,38,0.9501,1.8959,0.07,0.5156,3.5156,0.0000,568.55,SUCCESS
2025-12-24T23:32:22.003050+00:00,btc-updown-15m-1766619900,TRADE,DOWN,ACCUM,3,3,0.4601,1.3802,38,0.4900,44,0.4601,38,0.9501,1.8959,0.14,-0.8646,5.1354,0.0000,567.17,SUCCESS
2025-12-24T23:32:27.400946+00:00,btc-updown-15m-1766619900,TRADE,DOWN,ACCUM,3,3,0.4600,1.3801,38,0.4900,47,0.4601,38,0.9501,1.8960,0.19,-2.2447,6.7553,0.0000,565.79,SUCCESS
2025-12-24T23:32:38.216421+00:00,btc-updown-15m-1766619900,TRADE,UP,ACCUM,3,3,0.4902,1.4706,41,0.4900,47,0.4601,41,0.9501,2.0451,0.13,-0.7153,5.2847,0.0000,564.32,SUCCESS
2025-12-24T23:32:43.688632+00:00,btc-updown-15m-1766619900,TRADE,DOWN,ACCUM,3,3,0.4600,1.3800,41,0.4900,50,0.4601,41,0.9501,2.0453,0.18,-2.0953,6.9047,0.0000,562.94,SUCCESS
2025-12-24T23:32:49.076763+00:00,btc-updown-15m-1766619900,TRADE,UP,ACCUM,3,1,0.4901,0.4901,42,0.4900,50,0.4601,42,0.9501,2.0951,0.16,-1.5854,6.4146,0.0000,562.45,SUCCESS
2025-12-24T23:32:54.613698+00:00,btc-updown-15m-1766619900,TRADE,UP,ACCUM,3,3,0.4898,1.4694,45,0.4900,50,0.4601,45,0.9501,2.2455,0.10,-0.0549,4.9451,0.0000,560.98,SUCCESS
2025-12-24T23:33:00.014709+00:00,btc-updown-15m-1766619900,TRADE,UP,ACCUM,3,3,0.4901,1.4704,48,0.4900,50,0.4601,48,0.9501,2.3948,0.04,1.4747,3.4747,0.0000,559.51,SUCCESS
2025-12-24T23:33:10.814412+00:00,btc-updown-15m-1766619900,TRADE,UP,ACCUM,3,3,0.4902,1.4706,51,0.4901,50,0.4601,50,0.9501,2.4941,0.02,2.0041,3.0041,0.0000,558.04,SUCCESS
2025-12-24T23:33:10.815074+00:00,btc-updown-15m-1766619900,TRADE,DOWN,ACCUM,3,3,0.4600,1.3801,51,0.4901,53,0.4601,51,0.9501,2.5441,0.04,1.6240,3.6240,0.0000,556.66,SUCCESS
2025-12-24T23:33:16.213365+00:00,btc-updown-15m-1766619900,TRADE,DOWN,ACCUM,3,1,0.4601,0.4601,51,0.4901,54,0.4601,51,0.9501,2.5440,0.06,1.1638,4.1638,0.0000,556.20,SUCCESS
2025-12-24T23:33:27.021867+00:00,btc-updown-15m-1766619900,TRADE,DOWN,ACCUM,3,3,0.4601,1.3804,51,0.4901,57,0.4601,51,0.9501,2.5438,0.11,-0.2166,5.7834,0.0000,554.82,SUCCESS
2025-12-24T23:33:32.419462+00:00,btc-updown-15m-1766619900,TRADE,DOWN,ACCUM,3,3,0.4599,1.3797,51,0.4901,60,0.4601,51,0.9501,2.5443,0.15,-1.5963,7.4037,0.0000,553.44,SUCCESS
2025-12-24T23:33:37.806543+00:00,btc-updown-15m-1766619900,TRADE,UP,ACCUM,3,3,0.4902,1.4707,54,0.4901,60,0.4601,54,0.9501,2.6934,0.10,-0.0670,5.9330,0.0000,551.97,SUCCESS
2025-12-24T23:33:43.216567+00:00,btc-updown-15m-1766619900,TRADE,UP,ACCUM,3,3,0.4899,1.4698,57,0.4901,60,0.4601,57,0.9501,2.8434,0.05,1.4632,4.4632,0.0000,550.50,SUCCESS
2025-12-24T23:33:48.626190+00:00,btc-updown-15m-1766619900,TRADE,UP,ACCUM,3,3,0.4901,1.4704,60,0.4901,60,0.4601,60,0.9501,2.9929,0.00,2.9929,2.9929,0.0000,549.03,SUCCESS
2025-12-24T23:45:01.491561+00:00,btc-updown-15m-1766619900,RESOLUTION,UP,BINANCE_FALLBACK_SHARED,120,120,1.0000,57.0071,60,0.4901,60,0.4601,60,0.9501,2.9929,0.00,0.0000,0.0000,2.9929,609.03,RESOLVED
2025-12-24T23:45:10.121984+00:00,btc-updown-15m-1766620800,TRADE,DOWN,ACCUM,6,6,0.4701,2.8203,0,0.0000,6,0.4701,0,0.0000,0.0000,1.00,-2.8203,3.1797,0.0000,606.20,SUCCESS
2025-12-24T23:45:15.661263+00:00,btc-updown-15m-1766620800,TRADE,UP,ACCUM,6,6,0.4802,2.8814,6,0.4802,6,0.4701,6,0.9503,0.2983,0.00,0.2983,0.2983,0.0000,603.32,SUCCESS
2025-12-24T23:45:21.086957+00:00,btc-updown-15m-1766620800,TRADE,DOWN,ACCUM,5,5,0.4702,2.3511,6,0.4802,11,0.4701,6,0.9504,0.2978,0.45,-2.0528,2.9472,0.0000,600.97,SUCCESS
2025-12-24T23:45:31.884866+00:00,btc-updown-15m-1766620800,TRADE,UP,ACCUM,5,5,0.4801,2.4005,11,0.4802,11,0.4701,11,0.9503,0.5467,0.00,0.5467,0.5467,0.0000,598.57,SUCCESS
2025-12-24T23:45:42.684360+00:00,btc-updown-15m-1766620800,TRADE,UP,ACCUM,4,4,0.4801,1.9202,15,0.4801,11,0.4701,11,0.9503,0.5470,0.27,-1.3735,2.6265,0.0000,596.65,SUCCESS
2025-12-24T23:45:42.685472+00:00,btc-updown-15m-1766620800,TRADE,DOWN,ACCUM,4,4,0.4698,1.8791,15,0.4801,15,0.4700,15,0.9502,0.7474,0.00,0.7474,0.7474,0.0000,594.77,SUCCESS
2025-12-24T23:45:48.174422+00:00,btc-updown-15m-1766620800,TRADE,UP,ACCUM,4,4,0.4801,1.9205,19,0.4801,15,0.4700,15,0.9502,0.7474,0.21,-1.1731,2.8269,0.0000,592.85,SUCCESS
2025-12-24T23:45:53.689962+00:00,btc-updown-15m-1766620800,TRADE,UP,ACCUM,4,4,0.4801,1.9202,23,0.4801,15,0.4700,15,0.9502,0.7477,0.35,-3.0933,4.9067,0.0000,590.93,SUCCESS
2025-12-24T23:46:04.463574+00:00,btc-updown-15m-1766620800,TRADE,DOWN,ACCUM,4,3,0.4702,1.4105,23,0.4801,18,0.4701,18,0.9502,0.8967,0.22,-1.5039,3.4961,0.0000,589.52,SUCCESS
2025-12-24T23:46:09.864527+00:00,btc-updown-15m-1766620800,TRADE,UP,ACCUM,3,2,0.4802,0.9605,25,0.4801,18,0.4701,18,0.9502,0.8966,0.28,-2.4644,4.5356,0.0000,588.56,SUCCESS
2025-12-24T23:46:09.865177+00:00,btc-updown-15m-1766620800,TRADE,DOWN,ACCUM,4,4,0.4700,1.8801,25,0.4801,22,0.4701,22,0.9502,1.0959,0.12,-0.3445,2.6555,0.0000,586.68,SUCCESS
2025-12-24T23:46:15.248244+00:00,btc-updown-15m-1766620800,TRADE,UP,ACCUM,3,3,0.4802,1.4405,28,0.4801,22,0.4701,22,0.9502,1.0959,0.21,-1.7850,4.2150,0.0000,585.24,SUCCESS
2025-12-24T23:46:15.248920+00:00,btc-updown-15m-1766620800,TRADE,DOWN,ACCUM,3,3,0.4701,1.4103,28,0.4801,25,0.4701,25,0.9502,1.2452,0.11,-0.1952,2.8048,0.0000,583.83,SUCCESS
2025-12-24T23:46:20.668520+00:00,btc-updown-15m-1766620800,TRADE,UP,ACCUM,3,3,0.4801,1.4403,31,0.4801,25,0.4701,25,0.9502,1.2453,0.19,-1.6355,4.3645,0.0000,582.39,SUCCESS
2025-12-24T23:46:26.070434+00:00,btc-updown-15m-1766620800,TRADE,DOWN,ACCUM,3,3,0.4701,1.4104,31,0.4801,28,0.4701,28,0.9502,1.3945,0.10,-0.0459,2.9541,0.0000,580.98,SUCCESS
2025-12-24T23:46:31.522700+00:00,btc-updown-15m-1766620800,TRADE,DOWN,ACCUM,3,3,0.4700,1.4101,31,0.4801,31,0.4701,31,0.9502,1.5440,0.00,1.5440,1.5440,0.0000,579.57,SUCCESS
2025-12-24T23:46:36.930888+00:00,btc-updown-15m-1766620800,TRADE,UP,ACCUM,3,3,0.4802,1.4406,34,0.4801,31,0.4701,31,0.9502,1.5438,0.09,0.1034,3.1034,0.0000,578.13,SUCCESS
2025-12-24T23:46:42.318661+00:00,btc-updown-15m-1766620800,TRADE,DOWN,ACCUM,3,3,0.4702,1.4107,34,0.4801,34,0.4701,34,0.9502,1.6927,0.00,1.6927,1.6927,0.0000,576.72,SUCCESS
2025-12-24T23:46:47.773900+00:00,btc-updown-15m-1766620800,TRADE,DOWN,ACCUM,3,3,0.4700,1.4101,34,0.4801,37,0.4701,34,0.9502,1.6928,0.08,0.2826,3.2826,0.0000,575.31,SUCCESS
2025-12-24T23:46:58.578244+00:00,btc-updown-15m-1766620800,TRADE,DOWN,ACCUM,3,3,0.4700,1.4101,34,0.4801,40,0.4701,34,0.9502,1.6929,0.15,-1.1275,4.8725,0.0000,573.90,SUCCESS
2025-12-24T23:47:04.098232+00:00,btc-updown-15m-1766620800,TRADE,UP,ACCUM,3,3,0.4801,1.4402,37,0.4801,40,0.4701,37,0.9502,1.8425,0.07,0.4323,3.4323,0.0000,572.46,SUCCESS
2025-12-24T23:47:09.497351+00:00,btc-updown-15m-1766620800,TRADE,UP,ACCUM,3,3,0.4800,1.4401,40,0.4801,40,0.4701,40,0.9502,1.9922,0.00,1.9922,1.9922,0.0000,571.02,SUCCESS
2025-12-24T23:47:14.894355+00:00,btc-updown-15m-1766620800,TRADE,DOWN,ACCUM,3,2,0.4702,0.9405,40,0.4801,42,0.4701,40,0.9502,1.9919,0.05,1.0517,3.0517,0.0000,570.08,SUCCESS
2025-12-24T23:47:20.330684+00:00,btc-updown-15m-1766620800,TRADE,UP,ACCUM,3,3,0.4802,1.4405,43,0.4801,42,0.4701,42,0.9502,2.0913,0.02,1.6112,2.6112,0.0000,568.64,SUCCESS
2025-12-24T23:47:25.716630+00:00,btc-updown-15m-1766620800,TRADE,UP,ACCUM,3,2,0.4802,0.9604,45,0.4801,42,0.4701,42,0.9502,2.0912,0.07,0.6508,3.6508,0.0000,567.68,SUCCESS
2025-12-24T23:47:31.092694+00:00,btc-updown-15m-1766620800,TRADE,UP,ACCUM,3,3,0.4801,1.4402,48,0.4801,42,0.4701,42,0.9502,2.0914,0.12,-0.7894,5.2106,0.0000,566.24,SUCCESS
2025-12-24T23:47:36.507772+00:00,btc-updown-15m-1766620800,TRADE,UP,ACCUM,3,3,0.4801,1.4403,51,0.4801,42,0.4701,42,0.9502,2.0914,0.18,-2.2297,6.7703,0.0000,564.80,SUCCESS
2025-12-24T23:47:41.918528+00:00,btc-updown-15m-1766620800,TRADE,DOWN,ACCUM,3,3,0.4701,1.4103,51,0.4801,45,0.4701,45,0.9502,2.2407,0.12,-0.6400,5.3600,0.0000,563.39,SUCCESS
2025-12-24T23:47:47.445930+00:00,btc-updown-15m-1766620800,TRADE,UP,ACCUM,3,3,0.4801,1.4403,54,0.4801,45,0.4701,45,0.9502,2.2408,0.17,-2.0804,6.9196,0.0000,561.94,SUCCESS
2025-12-24T23:47:47.446602+00:00,btc-updown-15m-1766620800,TRADE,DOWN,ACCUM,3,3,0.4701,1.4102,54,0.4801,48,0.4701,48,0.9502,2.3902,0.11,-0.4905,5.5095,0.0000,560.53,SUCCESS
2025-12-24T23:47:53.038937+00:00,btc-updown-15m-1766620800,TRADE,UP,ACCUM,3,3,0.4800,1.4401,57,0.4801,48,0.4701,48,0.9502,2.3905,0.16,-1.9306,7.0694,0.0000,559.09,SUCCESS
2025-12-24T23:48:14.799520+00:00,btc-updown-15m-1766620800,TRADE,DOWN,ACCUM,3,3,0.4702,1.4105,57,0.4801,51,0.4701,51,0.9502,2.5396,0.11,-0.3411,5.6589,0.0000,557.68,SUCCESS
2025-12-24T23:48:20.278183+00:00,btc-updown-15m-1766620800,TRADE,UP,ACCUM,3,3,0.4800,1.4400,60,0.4801,51,0.4701,51,0.9502,2.5399,0.15,-1.7811,7.2189,0.0000,556.24,SUCCESS
2025-12-24T23:48:31.312472+00:00,btc-updown-15m-1766620800,TRADE,DOWN,ACCUM,3,3,0.4601,1.3803,60,0.4801,54,0.4695,54,0.9496,2.7193,0.10,-0.1614,5.8386,0.0000,554.86,SUCCESS
2025-12-24T23:48:36.728916+00:00,btc-updown-15m-1766620800,TRADE,DOWN,ACCUM,3,3,0.4602,1.3806,60,0.4801,57,0.4690,57,0.9492,2.8983,0.05,1.4580,4.4580,0.0000,553.48,SUCCESS
2025-12-24T23:48:47.678689+00:00,btc-updown-15m-1766620800,TRADE,DOWN,ACCUM,3,3,0.4598,1.3794,60,0.4801,60,0.4686,60,0.9487,3.0786,0.00,3.0786,3.0786,0.0000,552.10,SUCCESS
2025-12-25T00:00:05.702262+00:00,btc-updown-15m-1766620800,RESOLUTION,UP,BINANCE_FALLBACK_SHARED,120,120,1.0000,56.9214,60,0.4801,60,0.4686,60,0.9487,3.0786,0.00,0.0000,0.0000,3.0786,612.10,RESOLVED
2025-12-25T00:00:19.081180+00:00,btc-updown-15m-1766621700,TRADE,DOWN,ACCUM,6,6,0.4702,2.8212,0,0.0000,6,0.4702,0,0.0000,0.0000,1.00,-2.8212,3.1788,0.0000,609.28,SUCCESS
2025-12-25T00:00:30.097692+00:00,btc-updown-15m-1766621700,TRADE,UP,ACCUM,6,6,0.4799,2.8796,6,0.4799,6,0.4702,6,0.9501,0.2993,0.00,0.2993,0.2993,0.0000,606.40,SUCCESS
2025-12-25T00:00:40.945816+00:00,btc-updown-15m-1766621700,TRADE,UP,ACCUM,5,5,0.4801,2.4006,11,0.4800,6,0.4702,6,0.9502,0.2987,0.45,-2.1014,2.8986,0.0000,604.00,SUCCESS
2025-12-25T00:00:46.356240+00:00,btc-updown-15m-1766621700,TRADE,DOWN,ACCUM,5,5,0.4701,2.3506,11,0.4800,11,0.4702,11,0.9502,0.5480,0.00,0.5480,0.5480,0.0000,601.65,SUCCESS
2025-12-25T00:00:57.322568+00:00,btc-updown-15m-1766621700,TRADE,DOWN,ACCUM,4,4,0.4701,1.8805,11,0.4800,15,0.4702,11,0.9502,0.5481,0.27,-1.3325,2.6675,0.0000,599.77,SUCCESS
2025-12-25T00:01:08.222378+00:00,btc-updown-15m-1766621700,TRADE,UP,ACCUM,4,4,0.4802,1.9208,15,0.4801,15,0.4702,15,0.9502,0.7467,0.00,0.7467,0.7467,0.0000,597.85,SUCCESS
2025-12-25T00:01:19.096299+00:00,btc-updown-15m-1766621700,TRADE,UP,ACCUM,4,4,0.4801,1.9205,19,0.4801,15,0.4702,15,0.9502,0.7465,0.21,-1.1738,2.8262,0.0000,595.93,SUCCESS
2025-12-25T00:01:29.916078+00:00,btc-updown-15m-1766621700,TRADE,UP,ACCUM,4,4,0.4901,1.9603,23,0.4818,15,0.4702,15,0.9520,0.7204,0.35,-3.1341,4.8659,0.0000,593.97,SUCCESS
2025-12-25T00:01:35.307791+00:00,btc-updown-15m-1766621700,TRADE,DOWN,ACCUM,4,4,0.4598,1.8391,23,0.4818,19,0.4680,19,0.9498,0.9540,0.17,-0.9732,3.0268,0.0000,592.13,SUCCESS
2025-12-25T00:01:46.112548+00:00,btc-updown-15m-1766621700,TRADE,UP,ACCUM,3,3,0.4901,1.4703,26,0.4828,19,0.4680,19,0.9507,0.9359,0.27,-2.4435,4.5565,0.0000,590.66,SUCCESS
2025-12-25T00:01:51.742822+00:00,btc-updown-15m-1766621700,TRADE,UP,ACCUM,3,3,0.4902,1.4706,29,0.4835,19,0.4680,19,0.9515,0.9213,0.34,-3.9141,6.0859,0.0000,589.19,SUCCESS
2025-12-25T00:02:13.426999+00:00,btc-updown-15m-1766621700,TRADE,DOWN,ACCUM,4,4,0.4601,1.8402,29,0.4835,23,0.4666,23,0.9501,1.1469,0.21,-1.7544,4.2456,0.0000,587.35,SUCCESS
2025-12-25T00:02:24.248374+00:00,btc-updown-15m-1766621700,TRADE,DOWN,ACCUM,3,3,0.4600,1.3800,29,0.4835,26,0.4658,26,0.9494,1.3163,0.10,-0.1344,2.8656,0.0000,585.97,SUCCESS
2025-12-25T00:02:29.634350+00:00,btc-updown-15m-1766621700,TRADE,UP,ACCUM,3,3,0.4901,1.4702,32,0.4842,26,0.4658,26,0.9500,1.3003,0.19,-1.6046,4.3954,0.0000,584.50,SUCCESS
2025-12-25T00:02:35.042265+00:00,btc-updown-15m-1766621700,TRADE,UP,ACCUM,3,3,0.4900,1.4701,35,0.4847,26,0.4658,26,0.9505,1.2873,0.26,-3.0746,5.9254,0.0000,583.03,SUCCESS
2025-12-25T00:02:40.436353+00:00,btc-updown-15m-1766621700,TRADE,DOWN,ACCUM,3,3,0.4600,1.3801,35,0.4847,29,0.4652,29,0.9499,1.4532,0.17,-1.4547,4.5453,0.0000,581.65,SUCCESS
2025-12-25T00:02:45.843384+00:00,btc-updown-15m-1766621700,TRADE,UP,ACCUM,3,1,0.4902,0.4902,36,0.4848,29,0.4652,29,0.9500,1.4487,0.19,-1.9450,5.0550,0.0000,581.16,SUCCESS
2025-12-25T00:02:45.844826+00:00,btc-updown-15m-1766621700,TRADE,DOWN,ACCUM,3,3,0.4600,1.3801,36,0.4848,32,0.4647,32,0.9496,1.6142,0.11,-0.3251,3.6749,0.0000,579.78,SUCCESS
2025-12-25T00:02:51.258942+00:00,btc-updown-15m-1766621700,TRADE,DOWN,ACCUM,3,3,0.4601,1.3804,36,0.4848,35,0.4643,35,0.9492,1.7793,0.03,1.2945,2.2945,0.0000,578.40,SUCCESS
2025-12-25T00:03:02.060809+00:00,btc-updown-15m-1766621700,TRADE,UP,ACCUM,3,3,0.4901,1.4702,39,0.4852,35,0.4643,35,0.9496,1.7652,0.10,-0.1757,3.8243,0.0000,576.93,SUCCESS
2025-12-25T00:03:07.531937+00:00,btc-updown-15m-1766621700,TRADE,UP,ACCUM,3,3,0.4900,1.4701,42,0.4856,35,0.4643,35,0.9499,1.7532,0.17,-1.6457,5.3543,0.0000,575.46,SUCCESS
2025-12-25T00:03:12.916353+00:00,btc-updown-15m-1766621700,TRADE,DOWN,ACCUM,3,3,0.4601,1.3802,42,0.4856,38,0.4640,38,0.9496,1.9163,0.10,-0.0259,3.9741,0.0000,574.08,SUCCESS
2025-12-25T00:03:29.216382+00:00,btc-updown-15m-1766621700,TRADE,DOWN,ACCUM,3,3,0.4600,1.3800,42,0.4856,41,0.4637,41,0.9493,2.0796,0.02,1.5941,2.5941,0.0000,572.70,SUCCESS
2025-12-25T00:03:40.374859+00:00,btc-updown-15m-1766621700,TRADE,UP,ACCUM,3,3,0.4901,1.4702,45,0.4859,41,0.4637,41,0.9496,2.0673,0.09,0.1238,4.1238,0.0000,571.23,SUCCESS
2025-12-25T00:03:45.805706+00:00,btc-updown-15m-1766621700,TRADE,DOWN,ACCUM,3,3,0.4600,1.3801,45,0.4859,44,0.4635,44,0.9493,2.2296,0.02,1.7437,2.7437,0.0000,569.85,SUCCESS
2025-12-25T00:03:51.200004+00:00,btc-updown-15m-1766621700,TRADE,DOWN,ACCUM,3,3,0.4600,1.3800,45,0.4859,47,0.4632,45,0.9491,2.2902,0.04,1.3637,3.3637,0.0000,568.47,SUCCESS
2025-12-25T00:04:01.987788+00:00,btc-updown-15m-1766621700,TRADE,UP,ACCUM,3,3,0.4901,1.4704,48,0.4861,47,0.4632,47,0.9494,2.3795,0.02,1.8933,2.8933,0.0000,567.00,SUCCESS
2025-12-25T00:04:07.402655+00:00,btc-updown-15m-1766621700,TRADE,UP,ACCUM,3,3,0.4901,1.4704,51,0.4864,47,0.4632,47,0.9496,2.3684,0.08,0.4229,4.4229,0.0000,565.53,SUCCESS
2025-12-25T00:04:12.792751+00:00,btc-updown-15m-1766621700,TRADE,UP,ACCUM,3,3,0.4900,1.4701,54,0.4866,47,0.4632,47,0.9498,2.3588,0.13,-1.0472,5.9528,0.0000,564.06,SUCCESS
2025-12-25T00:04:18.178024+00:00,btc-updown-15m-1766621700,TRADE,DOWN,ACCUM,3,3,0.4601,1.3804,54,0.4866,50,0.4631,50,0.9496,2.5187,0.07,0.5724,4.5724,0.0000,562.68,SUCCESS
2025-12-25T00:04:23.585593+00:00,btc-updown-15m-1766621700,TRADE,UP,ACCUM,3,3,0.4902,1.4706,57,0.4868,50,0.4631,50,0.9498,2.5092,0.12,-0.8982,6.1018,0.0000,561.21,SUCCESS
2025-12-25T00:04:23.586232+00:00,btc-updown-15m-1766621700,TRADE,DOWN,ACCUM,3,3,0.4600,1.3800,57,0.4868,53,0.4629,53,0.9496,2.6689,0.07,0.7218,4.7218,0.0000,559.83,SUCCESS
2025-12-25T00:04:34.393277+00:00,btc-updown-15m-1766621700,TRADE,UP,ACCUM,3,3,0.4902,1.4707,60,0.4869,53,0.4629,53,0.9498,2.6597,0.12,-0.7488,6.2512,0.0000,558.36,SUCCESS
2025-12-25T00:04:50.698142+00:00,btc-updown-15m-1766621700,TRADE,DOWN,ACCUM,3,3,0.4601,1.3802,60,0.4869,56,0.4627,56,0.9497,2.8187,0.07,0.8710,4.8710,0.0000,556.97,SUCCESS
2025-12-25T00:05:01.481438+00:00,btc-updown-15m-1766621700,TRADE,DOWN,ACCUM,3,3,0.4701,1.4104,60,0.4869,59,0.4631,59,0.9500,2.9475,0.02,2.4606,3.4606,0.0000,555.56,SUCCESS
2025-12-25T00:05:06.904625+00:00,btc-updown-15m-1766621700,TRADE,DOWN,ACCUM,3,3,0.4699,1.4096,60,0.4869,62,0.4634,60,0.9504,2.9778,0.03,2.0509,4.0509,0.0000,554.15,SUCCESS
2025-12-25T00:15:01.765269+00:00,btc-updown-15m-1766621700,RESOLUTION,DOWN,BINANCE_FALLBACK_SHARED,122,122,1.0000,57.9491,60,0.4869,62,0.4634,60,0.9504,2.9778,0.03,0.0000,0.0000,4.0509,616.15,RESOLVED
2025-12-25T00:15:10.087023+00:00,btc-updown-15m-1766622600,TRADE,DOWN,ACCUM,6,6,0.4702,2.8212,0,0.0000,6,0.4702,0,0.0000,0.0000,1.00,-2.8212,3.1788,0.0000,613.33,SUCCESS
2025-12-25T00:15:15.485622+00:00,btc-updown-15m-1766622600,TRADE,UP,ACCUM,6,6,0.4800,2.8801,6,0.4800,6,0.4702,6,0.9502,0.2988,0.00,0.2988,0.2988,0.0000,610.45,SUCCESS
2025-12-25T00:15:20.893967+00:00,btc-updown-15m-1766622600,TRADE,UP,ACCUM,5,1,0.4800,0.4800,7,0.4800,6,0.4702,6,0.9502,0.2988,0.14,-0.1812,0.8188,0.0000,609.97,SUCCESS
2025-12-25T00:15:26.303025+00:00,btc-updown-15m-1766622600,TRADE,UP,ACCUM,5,5,0.4801,2.4004,12,0.4800,6,0.4702,6,0.9502,0.2986,0.50,-2.5816,3.4184,0.0000,607.57,SUCCESS
2025-12-25T00:15:31.699970+00:00,btc-updown-15m-1766622600,TRADE,UP,ACCUM,4,4,0.4801,1.9203,16,0.4800,6,0.4702,6,0.9502,0.2986,0.62,-4.5019,5.4981,0.0000,605.65,SUCCESS
2025-12-25T00:15:31.700317+00:00,btc-updown-15m-1766622600,TRADE,DOWN,ACCUM,5,5,0.4701,2.3507,16,0.4800,11,0.4702,11,0.9502,0.5476,0.31,-1.8526,3.1474,0.0000,603.30,SUCCESS
2025-12-25T00:15:42.537942+00:00,btc-updown-15m-1766622600,TRADE,DOWN,ACCUM,4,4,0.4698,1.8792,16,0.4800,15,0.4701,15,0.9501,0.7483,0.06,0.2682,1.2682,0.0000,601.42,SUCCESS
2025-12-25T00:15:58.853300+00:00,btc-updown-15m-1766622600,TRADE,UP,ACCUM,4,4,0.4801,1.9203,20,0.4801,15,0.4701,15,0.9501,0.7482,0.25,-1.6521,3.3479,0.0000,599.50,SUCCESS
2025-12-25T00:15:58.854428+00:00,btc-updown-15m-1766622600,TRADE,DOWN,ACCUM,4,4,0.4701,1.8804,20,0.4801,19,0.4701,19,0.9501,0.9476,0.05,0.4675,1.4675,0.0000,597.62,SUCCESS
2025-12-25T00:16:20.593986+00:00,btc-updown-15m-1766622600,TRADE,DOWN,ACCUM,4,4,0.4700,1.8801,20,0.4801,23,0.4701,20,0.9501,0.9976,0.13,-0.4126,2.5874,0.0000,595.74,SUCCESS
2025-12-25T00:16:25.986178+00:00,btc-updown-15m-1766622600,TRADE,UP,ACCUM,4,4,0.4801,1.9204,24,0.4801,23,0.4701,23,0.9501,1.1471,0.04,0.6670,1.6670,0.0000,593.82,SUCCESS
2025-12-25T00:16:25.986714+00:00,btc-updown-15m-1766622600,TRADE,DOWN,ACCUM,3,3,0.4701,1.4102,24,0.4801,26,0.4701,24,0.9501,1.1970,0.08,0.2569,2.2569,0.0000,592.41,SUCCESS
2025-12-25T00:16:36.890038+00:00,btc-updown-15m-1766622600,TRADE,DOWN,ACCUM,3,3,0.4701,1.4103,24,0.4801,29,0.4701,24,0.9501,1.1970,0.17,-1.1534,3.8466,0.0000,591.00,SUCCESS
2025-12-25T00:16:42.278123+00:00,btc-updown-15m-1766622600,TRADE,UP,ACCUM,3,3,0.4801,1.4403,27,0.4801,29,0.4701,27,0.9501,1.3464,0.07,0.4063,2.4063,0.0000,589.56,SUCCESS
2025-12-25T00:16:47.726642+00:00,btc-updown-15m-1766622600,TRADE,DOWN,ACCUM,3,1,0.4699,0.4699,27,0.4801,30,0.4701,27,0.9501,1.3466,0.10,-0.0636,2.9364,0.0000,589.09,SUCCESS
2025-12-25T00:16:58.507961+00:00,btc-updown-15m-1766622600,TRADE,UP,ACCUM,3,3,0.4800,1.4400,30,0.4801,30,0.4701,30,0.9501,1.4964,0.00,1.4964,1.4964,0.0000,587.65,SUCCESS
2025-12-25T00:16:58.509159+00:00,btc-updown-15m-1766622600,TRADE,DOWN,ACCUM,3,3,0.4702,1.4106,30,0.4801,33,0.4701,30,0.9501,1.4960,0.09,0.0857,3.0857,0.0000,586.24,SUCCESS
2025-12-25T00:17:03.912586+00:00,btc-updown-15m-1766622600,TRADE,UP,ACCUM,3,1,0.4801,0.4801,31,0.4801,33,0.4701,31,0.9501,1.5457,0.06,0.6056,2.6056,0.0000,585.76,SUCCESS
2025-12-25T00:17:03.913406+00:00,btc-updown-15m-1766622600,TRADE,DOWN,ACCUM,3,3,0.4702,1.4106,31,0.4801,36,0.4701,31,0.9501,1.5454,0.14,-0.8050,4.1950,0.0000,584.35,SUCCESS
2025-12-25T00:17:14.821751+00:00,btc-updown-15m-1766622600,TRADE,UP,ACCUM,3,2,0.4801,0.9603,33,0.4801,36,0.4701,33,0.9502,1.6450,0.08,0.2347,3.2347,0.0000,583.39,SUCCESS
2025-12-25T00:17:14.822972+00:00,btc-updown-15m-1766622600,TRADE,DOWN,ACCUM,3,3,0.4702,1.4105,33,0.4801,39,0.4701,33,0.9502,1.6448,0.15,-1.1758,4.8242,0.0000,581.98,SUCCESS
2025-12-25T00:17:20.218106+00:00,btc-updown-15m-1766622600,TRADE,UP,ACCUM,3,3,0.4800,1.4400,36,0.4801,39,0.4701,36,0.9502,1.7945,0.08,0.3842,3.3842,0.0000,580.54,SUCCESS
2025-12-25T00:17:25.600548+00:00,btc-updown-15m-1766622600,TRADE,UP,ACCUM,3,3,0.4801,1.4402,39,0.4801,39,0.4701,39,0.9502,1.9440,0.00,1.9440,1.9440,0.0000,579.10,SUCCESS
2025-12-25T00:17:25.601269+00:00,btc-updown-15m-1766622600,TRADE,DOWN,ACCUM,3,3,0.4701,1.4104,39,0.4801,42,0.4701,39,0.9502,1.9439,0.07,0.5336,3.5336,0.0000,577.69,SUCCESS
2025-12-25T00:17:36.424764+00:00,btc-updown-15m-1766622600,TRADE,UP,ACCUM,3,3,0.4801,1.4404,42,0.4801,42,0.4701,42,0.9502,2.0932,0.00,2.0932,2.0932,0.0000,576.25,SUCCESS
2025-12-25T00:17:36.426355+00:00,btc-updown-15m-1766622600,TRADE,DOWN,ACCUM,3,1,0.4701,0.4701,42,0.4801,43,0.4701,42,0.9502,2.0932,0.02,1.6231,2.6231,0.0000,575.78,SUCCESS
2025-12-25T00:17:41.826382+00:00,btc-updown-15m-1766622600,TRADE,UP,ACCUM,3,3,0.4800,1.4400,45,0.4801,43,0.4701,43,0.9502,2.1432,0.04,1.1831,3.1831,0.0000,574.34,SUCCESS
2025-12-25T00:17:47.217534+00:00,btc-updown-15m-1766622600,TRADE,DOWN,ACCUM,3,3,0.4702,1.4106,45,0.4801,46,0.4701,45,0.9502,2.2425,0.02,1.7724,2.7724,0.0000,572.93,SUCCESS
2025-12-25T00:17:52.620198+00:00,btc-updown-15m-1766622600,TRADE,UP,ACCUM,3,3,0.4800,1.4400,48,0.4801,46,0.4701,46,0.9502,2.2926,0.04,1.3324,3.3324,0.0000,571.49,SUCCESS
2025-12-25T00:17:58.014278+00:00,btc-updown-15m-1766622600,TRADE,UP,ACCUM,3,2,0.4800,0.9600,50,0.4801,46,0.4701,46,0.9502,2.2926,0.08,0.3724,4.3724,0.0000,570.53,SUCCESS
2025-12-25T00:17:58.015747+00:00,btc-updown-15m-1766622600,TRADE,DOWN,ACCUM,3,3,0.4700,1.4101,50,0.4801,49,0.4701,49,0.9502,2.4424,0.02,1.9623,2.9623,0.0000,569.12,SUCCESS
2025-12-25T00:18:03.429729+00:00,btc-updown-15m-1766622600,TRADE,UP,ACCUM,3,3,0.4802,1.4405,53,0.4801,49,0.4701,49,0.9502,2.4421,0.08,0.5218,4.5218,0.0000,567.68,SUCCESS
2025-12-25T00:18:03.430310+00:00,btc-updown-15m-1766622600,TRADE,DOWN,ACCUM,3,3,0.4702,1.4105,53,0.4801,52,0.4701,52,0.9502,2.5914,0.02,2.1113,3.1113,0.0000,566.27,SUCCESS
2025-12-25T00:18:08.837884+00:00,btc-updown-15m-1766622600,TRADE,UP,ACCUM,3,1,0.4801,0.4801,54,0.4801,52,0.4701,52,0.9502,2.5913,0.04,1.6312,3.6312,0.0000,565.79,SUCCESS
2025-12-25T00:18:08.838399+00:00,btc-updown-15m-1766622600,TRADE,DOWN,ACCUM,3,3,0.4701,1.4103,54,0.4801,55,0.4701,54,0.9502,2.6910,0.02,2.2209,3.2209,0.0000,564.38,SUCCESS
2025-12-25T00:18:14.239465+00:00,btc-updown-15m-1766622600,TRADE,UP,ACCUM,3,3,0.4802,1.4407,57,0.4801,55,0.4701,55,0.9502,2.7403,0.04,1.7802,3.7802,0.0000,562.94,SUCCESS
2025-12-25T00:18:19.624168+00:00,btc-updown-15m-1766622600,TRADE,UP,ACCUM,3,3,0.4801,1.4402,60,0.4801,55,0.4701,55,0.9502,2.7404,0.08,0.3400,5.3400,0.0000,561.49,SUCCESS
2025-12-25T00:18:25.027506+00:00,btc-updown-15m-1766622600,TRADE,DOWN,ACCUM,3,3,0.4702,1.4106,60,0.4801,58,0.4701,58,0.9502,2.8896,0.03,1.9295,3.9295,0.0000,560.08,SUCCESS
2025-12-25T00:18:30.400957+00:00,btc-updown-15m-1766622600,TRADE,DOWN,ACCUM,3,3,0.4700,1.4101,60,0.4801,61,0.4701,60,0.9502,2.9895,0.02,2.5194,3.5194,0.0000,558.67,SUCCESS
2025-12-25T00:30:02.509927+00:00,btc-updown-15m-1766622600,RESOLUTION,DOWN,BINANCE_FALLBACK_SHARED,121,121,1.0000,57.4806,60,0.4801,61,0.4701,60,0.9502,2.9895,0.02,0.0000,0.0000,3.5194,619.67,RESOLVED
2025-12-25T00:30:10.820564+00:00,btc-updown-15m-1766623500,TRADE,DOWN,ACCUM,6,6,0.4701,2.8209,0,0.0000,6,0.4701,0,0.0000,0.0000,1.00,-2.8209,3.1791,0.0000,616.85,SUCCESS
2025-12-25T00:30:32.826159+00:00,btc-updown-15m-1766623500,TRADE,UP,ACCUM,6,6,0.4801,2.8807,6,0.4801,6,0.4701,6,0.9503,0.2985,0.00,0.2985,0.2985,0.0000,613.97,SUCCESS
2025-12-25T00:30:38.227013+00:00,btc-updown-15m-1766623500,TRADE,DOWN,ACCUM,5,5,0.4700,2.3500,6,0.4801,11,0.4701,6,0.9502,0.2989,0.45,-2.0515,2.9485,0.0000,611.62,SUCCESS
2025-12-25T00:30:43.640472+00:00,btc-updown-15m-1766623500,TRADE,UP,ACCUM,5,5,0.4801,2.4006,11,0.4801,11,0.4701,11,0.9502,0.5478,0.00,0.5478,0.5478,0.0000,609.22,SUCCESS
2025-12-25T00:31:16.203036+00:00,btc-updown-15m-1766623500,TRADE,UP,ACCUM,4,1,0.4802,0.4802,12,0.4801,11,0.4701,11,0.9502,0.5477,0.08,0.0676,1.0676,0.0000,608.74,SUCCESS
2025-12-25T00:31:16.204289+00:00,btc-updown-15m-1766623500,TRADE,DOWN,ACCUM,4,4,0.4700,1.8800,12,0.4801,15,0.4701,12,0.9502,0.5978,0.20,-0.8124,2.1876,0.0000,606.86,SUCCESS
2025-12-25T00:31:21.837997+00:00,btc-updown-15m-1766623500,TRADE,UP,ACCUM,4,4,0.4802,1.9208,16,0.4801,15,0.4701,15,0.9502,0.7470,0.06,0.2668,1.2668,0.0000,604.94,SUCCESS
2025-12-25T00:31:21.838289+00:00,btc-updown-15m-1766623500,TRADE,DOWN,ACCUM,4,4,0.4702,1.8809,16,0.4801,19,0.4701,16,0.9502,0.7962,0.16,-0.6141,2.3859,0.0000,603.06,SUCCESS
2025-12-25T00:31:27.349926+00:00,btc-updown-15m-1766623500,TRADE,UP,ACCUM,4,4,0.4800,1.9202,20,0.4801,19,0.4701,19,0.9502,0.9459,0.05,0.4658,1.4658,0.0000,601.14,SUCCESS
2025-12-25T00:31:32.764293+00:00,btc-updown-15m-1766623500,TRADE,DOWN,ACCUM,4,4,0.4701,1.8805,20,0.4801,23,0.4701,20,0.9502,0.9955,0.13,-0.4148,2.5852,0.0000,599.26,SUCCESS
2025-12-25T00:31:38.149656+00:00,btc-updown-15m-1766623500,TRADE,UP,ACCUM,4,4,0.4801,1.9206,24,0.4801,23,0.4701,23,0.9502,1.1448,0.04,0.6646,1.6646,0.0000,597.34,SUCCESS
2025-12-25T00:31:54.680613+00:00,btc-updown-15m-1766623500,TRADE,UP,ACCUM,3,3,0.4801,1.4403,27,0.4801,23,0.4701,23,0.9502,1.1449,0.15,-0.7756,3.2244,0.0000,595.90,SUCCESS
2025-12-25T00:31:54.681797+00:00,btc-updown-15m-1766623500,TRADE,DOWN,ACCUM,3,2,0.4702,0.9403,27,0.4801,25,0.4701,25,0.9502,1.2443,0.07,0.2841,2.2841,0.0000,594.96,SUCCESS
2025-12-25T00:32:00.174408+00:00,btc-updown-15m-1766623500,TRADE,UP,ACCUM,3,3,0.4801,1.4404,30,0.4801,25,0.4701,25,0.9502,1.2443,0.17,-1.1564,3.8436,0.0000,593.52,SUCCESS
2025-12-25T00:32:05.576750+00:00,btc-updown-15m-1766623500,TRADE,DOWN,ACCUM,3,2,0.4700,0.9400,30,0.4801,27,0.4701,27,0.9502,1.3440,0.10,-0.0964,2.9036,0.0000,592.58,SUCCESS
2025-12-25T00:32:10.988926+00:00,btc-updown-15m-1766623500,TRADE,UP,ACCUM,3,3,0.4802,1.4406,33,0.4801,27,0.4701,27,0.9502,1.3438,0.18,-1.5370,4.4630,0.0000,591.14,SUCCESS
2025-12-25T00:32:10.989534+00:00,btc-updown-15m-1766623500,TRADE,DOWN,ACCUM,3,3,0.4701,1.4102,33,0.4801,30,0.4701,30,0.9502,1.4932,0.09,0.0528,3.0528,0.0000,589.73,SUCCESS
2025-12-25T00:32:16.507807+00:00,btc-updown-15m-1766623500,TRADE,DOWN,ACCUM,3,3,0.4699,1.4096,33,0.4801,33,0.4701,33,0.9502,1.6432,0.00,1.6432,1.6432,0.0000,588.32,SUCCESS
2025-12-25T00:32:27.416832+00:00,btc-updown-15m-1766623500,TRADE,UP,ACCUM,3,3,0.4801,1.4403,36,0.4801,33,0.4701,33,0.9502,1.6434,0.08,0.2030,3.2030,0.0000,586.88,SUCCESS
2025-12-25T00:32:32.976037+00:00,btc-updown-15m-1766623500,TRADE,UP,ACCUM,3,3,0.4802,1.4405,39,0.4801,33,0.4701,33,0.9502,1.6432,0.15,-1.2375,4.7625,0.0000,585.44,SUCCESS
2025-12-25T00:32:38.382774+00:00,btc-updown-15m-1766623500,TRADE,UP,ACCUM,3,3,0.4802,1.4406,42,0.4801,33,0.4701,33,0.9502,1.6431,0.21,-2.6782,6.3218,0.0000,584.00,SUCCESS
2025-12-25T00:32:49.176091+00:00,btc-updown-15m-1766623500,TRADE,DOWN,ACCUM,3,3,0.4700,1.4100,42,0.4801,36,0.4701,36,0.9502,1.7926,0.14,-1.0882,4.9118,0.0000,582.59,SUCCESS
2025-12-25T00:32:59.982493+00:00,btc-updown-15m-1766623500,TRADE,UP,ACCUM,3,3,0.4800,1.4400,45,0.4801,36,0.4701,36,0.9502,1.7930,0.20,-2.5282,6.4718,0.0000,581.15,SUCCESS
2025-12-25T00:33:16.386046+00:00,btc-updown-15m-1766623500,TRADE,DOWN,ACCUM,3,2,0.4700,0.9400,45,0.4801,38,0.4701,38,0.9502,1.8927,0.16,-1.4682,5.5318,0.0000,580.21,SUCCESS
2025-12-25T00:33:21.796938+00:00,btc-updown-15m-1766623500,TRADE,UP,ACCUM,3,3,0.4802,1.4406,48,0.4801,38,0.4701,38,0.9502,1.8925,0.21,-2.9088,7.0912,0.0000,578.77,SUCCESS
2025-12-25T00:33:49.276436+00:00,btc-updown-15m-1766623500,TRADE,DOWN,ACCUM,3,3,0.4701,1.4103,48,0.4801,41,0.4701,41,0.9502,2.0418,0.15,-1.3191,5.6809,0.0000,577.36,SUCCESS
2025-12-25T00:33:54.694021+00:00,btc-updown-15m-1766623500,TRADE,DOWN,ACCUM,3,3,0.4700,1.4100,48,0.4801,44,0.4701,44,0.9502,2.1914,0.08,0.2708,4.2708,0.0000,575.95,SUCCESS
2025-12-25T00:34:05.526314+00:00,btc-updown-15m-1766623500,TRADE,UP,ACCUM,3,3,0.4801,1.4404,51,0.4801,44,0.4701,44,0.9502,2.1913,0.14,-1.1696,5.8304,0.0000,574.50,SUCCESS
2025-12-25T00:34:10.921735+00:00,btc-updown-15m-1766623500,TRADE,UP,ACCUM,3,3,0.4801,1.4404,54,0.4801,44,0.4701,44,0.9502,2.1913,0.19,-2.6100,7.3900,0.0000,573.06,SUCCESS
2025-12-25T00:34:32.752348+00:00,btc-updown-15m-1766623500,TRADE,DOWN,ACCUM,3,3,0.4702,1.4107,54,0.4801,47,0.4701,47,0.9502,2.3402,0.13,-1.0207,5.9793,0.0000,571.65,SUCCESS
2025-12-25T00:34:38.412218+00:00,btc-updown-15m-1766623500,TRADE,UP,ACCUM,3,3,0.4801,1.4403,57,0.4801,47,0.4701,47,0.9502,2.3403,0.18,-2.4610,7.5390,0.0000,570.21,SUCCESS
2025-12-25T00:34:43.817105+00:00,btc-updown-15m-1766623500,TRADE,DOWN,ACCUM,3,3,0.4701,1.4103,57,0.4801,50,0.4701,50,0.9502,2.4896,0.12,-0.8713,6.1287,0.0000,568.80,SUCCESS
2025-12-25T00:34:54.747241+00:00,btc-updown-15m-1766623500,TRADE,UP,ACCUM,3,3,0.4801,1.4403,60,0.4801,50,0.4701,50,0.9502,2.4897,0.17,-2.3116,7.6884,0.0000,567.36,SUCCESS
2025-12-25T00:35:00.152957+00:00,btc-updown-15m-1766623500,TRADE,DOWN,ACCUM,3,3,0.4802,1.4406,60,0.4801,53,0.4706,53,0.9508,2.6088,0.12,-0.7521,6.2479,0.0000,565.92,SUCCESS
2025-12-25T00:35:05.579066+00:00,btc-updown-15m-1766623500,TRADE,DOWN,ACCUM,3,3,0.4801,1.4404,60,0.4801,56,0.4712,56,0.9513,2.7280,0.07,0.8075,4.8075,0.0000,564.48,SUCCESS
2025-12-25T00:35:11.279801+00:00,btc-updown-15m-1766623500,TRADE,DOWN,ACCUM,3,3,0.4802,1.4407,60,0.4801,59,0.4716,59,0.9517,2.8469,0.02,2.3668,3.3668,0.0000,563.04,SUCCESS
2025-12-25T00:35:16.656452+00:00,btc-updown-15m-1766623500,TRADE,DOWN,ACCUM,3,3,0.4801,1.4402,60,0.4801,62,0.4720,60,0.9522,2.8706,0.03,1.9266,3.9266,0.0000,561.60,SUCCESS
2025-12-25T00:45:00.684727+00:00,btc-updown-15m-1766623500,RESOLUTION,DOWN,BINANCE_FALLBACK_SHARED,122,122,1.0000,58.0734,60,0.4801,62,0.4720,60,0.9522,2.8706,0.03,0.0000,0.0000,3.9266,623.60,RESOLVED
2025-12-25T00:45:10.051678+00:00,btc-updown-15m-1766624400,TRADE,UP,ACCUM,6,3,0.4800,1.4401,3,0.4800,0,0.0000,0,0.0000,0.0000,1.00,-1.4401,1.5599,0.0000,622.16,SUCCESS
2025-12-25T00:45:15.467526+00:00,btc-updown-15m-1766624400,TRADE,UP,ACCUM,5,5,0.4802,2.4008,8,0.4801,0,0.0000,0,0.0000,0.0000,1.00,-3.8409,4.1591,0.0000,619.76,SUCCESS
2025-12-25T00:45:47.911025+00:00,btc-updown-15m-1766624400,TRADE,DOWN,ACCUM,6,6,0.4701,2.8207,8,0.4801,6,0.4701,6,0.9502,0.2986,0.25,-0.6616,1.3384,0.0000,616.94,SUCCESS
2025-12-25T00:45:53.374967+00:00,btc-updown-15m-1766624400,TRADE,UP,ACCUM,5,5,0.4802,2.4009,13,0.4801,6,0.4701,6,0.9503,0.2984,0.54,-3.0625,3.9375,0.0000,614.54,SUCCESS
2025-12-25T00:45:58.769765+00:00,btc-updown-15m-1766624400,TRADE,DOWN,ACCUM,5,2,0.4701,0.9403,13,0.4801,8,0.4701,8,0.9503,0.3979,0.38,-2.0028,2.9972,0.0000,613.60,SUCCESS
2025-12-25T00:46:09.614064+00:00,btc-updown-15m-1766624400,TRADE,UP,ACCUM,4,4,0.4801,1.9204,17,0.4801,8,0.4701,8,0.9502,0.3980,0.53,-3.9231,5.0769,0.0000,611.68,SUCCESS
2025-12-25T00:46:09.614407+00:00,btc-updown-15m-1766624400,TRADE,DOWN,ACCUM,5,5,0.4701,2.3506,17,0.4801,13,0.4701,13,0.9502,0.6468,0.24,-1.2737,2.7263,0.0000,609.33,SUCCESS
2025-12-25T00:46:15.021026+00:00,btc-updown-15m-1766624400,TRADE,UP,ACCUM,4,4,0.4800,1.9201,21,0.4801,13,0.4701,13,0.9502,0.6470,0.38,-3.1939,4.8061,0.0000,607.41,SUCCESS
2025-12-25T00:46:25.829041+00:00,btc-updown-15m-1766624400,TRADE,DOWN,ACCUM,4,4,0.4700,1.8802,21,0.4801,17,0.4701,17,0.9502,0.8464,0.19,-1.0740,2.9260,0.0000,605.53,SUCCESS
2025-12-25T00:46:31.287237+00:00,btc-updown-15m-1766624400,TRADE,UP,ACCUM,3,3,0.4802,1.4406,24,0.4801,17,0.4701,17,0.9502,0.8462,0.29,-2.5147,4.4853,0.0000,604.09,SUCCESS
2025-12-25T00:46:31.287937+00:00,btc-updown-15m-1766624400,TRADE,DOWN,ACCUM,4,4,0.4700,1.8801,24,0.4801,21,0.4701,21,0.9502,1.0456,0.12,-0.3948,2.6052,0.0000,602.21,SUCCESS
2025-12-25T00:46:36.728901+00:00,btc-updown-15m-1766624400,TRADE,UP,ACCUM,3,2,0.4801,0.9602,26,0.4801,21,0.4701,21,0.9502,1.0456,0.19,-1.3550,3.6450,0.0000,601.25,SUCCESS
2025-12-25T00:46:36.730425+00:00,btc-updown-15m-1766624400,TRADE,DOWN,ACCUM,3,3,0.4702,1.4106,26,0.4801,24,0.4701,24,0.9502,1.1947,0.08,0.2344,2.2344,0.0000,599.84,SUCCESS
2025-12-25T00:46:42.120143+00:00,btc-updown-15m-1766624400,TRADE,UP,ACCUM,3,3,0.4800,1.4401,29,0.4801,24,0.4701,24,0.9502,1.1949,0.17,-1.2057,3.7943,0.0000,598.40,SUCCESS
2025-12-25T00:46:42.120668+00:00,btc-updown-15m-1766624400,TRADE,DOWN,ACCUM,3,3,0.4702,1.4106,29,0.4801,27,0.4701,27,0.9502,1.3439,0.07,0.3836,2.3836,0.0000,596.98,SUCCESS
2025-12-25T00:46:47.532752+00:00,btc-updown-15m-1766624400,TRADE,UP,ACCUM,3,3,0.4802,1.4405,32,0.4801,27,0.4701,27,0.9502,1.3437,0.16,-1.0569,3.9431,0.0000,595.54,SUCCESS
2025-12-25T00:46:47.534337+00:00,btc-updown-15m-1766624400,TRADE,DOWN,ACCUM,3,3,0.4700,1.4101,32,0.4801,30,0.4701,30,0.9502,1.4933,0.06,0.5331,2.5331,0.0000,594.13,SUCCESS
2025-12-25T00:46:52.937379+00:00,btc-updown-15m-1766624400,TRADE,DOWN,ACCUM,3,3,0.4702,1.4105,32,0.4801,33,0.4701,32,0.9502,1.5927,0.03,1.1226,2.1226,0.0000,592.72,SUCCESS
2025-12-25T00:47:09.185894+00:00,btc-updown-15m-1766624400,TRADE,UP,ACCUM,3,3,0.4802,1.4405,35,0.4801,33,0.4701,33,0.9502,1.6423,0.06,0.6821,2.6821,0.0000,591.28,SUCCESS
2025-12-25T00:47:09.187231+00:00,btc-updown-15m-1766624400,TRADE,DOWN,ACCUM,3,3,0.4702,1.4107,35,0.4801,36,0.4701,35,0.9502,1.7415,0.03,1.2714,2.2714,0.0000,589.87,SUCCESS
2025-12-25T00:47:25.432490+00:00,btc-updown-15m-1766624400,TRADE,UP,ACCUM,3,3,0.4802,1.4407,38,0.4801,36,0.4701,36,0.9503,1.7910,0.05,0.8307,2.8307,0.0000,588.43,SUCCESS
2025-12-25T00:47:36.223902+00:00,btc-updown-15m-1766624400,TRADE,UP,ACCUM,3,3,0.4802,1.4405,41,0.4801,36,0.4701,36,0.9503,1.7909,0.12,-0.6098,4.3902,0.0000,586.99,SUCCESS
2025-12-25T00:47:36.225379+00:00,btc-updown-15m-1766624400,TRADE,DOWN,ACCUM,3,3,0.4699,1.4098,41,0.4801,39,0.4701,39,0.9502,1.9407,0.05,0.9804,2.9804,0.0000,585.58,SUCCESS
2025-12-25T00:47:41.655060+00:00,btc-updown-15m-1766624400,TRADE,DOWN,ACCUM,3,3,0.4700,1.4100,41,0.4801,42,0.4701,41,0.9502,2.0405,0.02,1.5704,2.5704,0.0000,584.17,SUCCESS
2025-12-25T00:47:47.064065+00:00,btc-updown-15m-1766624400,TRADE,UP,ACCUM,3,3,0.4800,1.4400,44,0.4801,42,0.4701,42,0.9502,2.0907,0.05,1.1304,3.1304,0.0000,582.73,SUCCESS
2025-12-25T00:47:52.452573+00:00,btc-updown-15m-1766624400,TRADE,UP,ACCUM,3,3,0.4802,1.4407,47,0.4801,42,0.4701,42,0.9502,2.0904,0.11,-0.3103,4.6897,0.0000,581.29,SUCCESS
2025-12-25T00:47:52.452792+00:00,btc-updown-15m-1766624400,TRADE,DOWN,ACCUM,3,3,0.4702,1.4106,47,0.4801,45,0.4701,45,0.9502,2.2394,0.04,1.2791,3.2791,0.0000,579.88,SUCCESS
2025-12-25T00:47:57.885837+00:00,btc-updown-15m-1766624400,TRADE,UP,ACCUM,3,3,0.4801,1.4402,50,0.4801,45,0.4701,45,0.9502,2.2396,0.10,-0.1611,4.8389,0.0000,578.44,SUCCESS
2025-12-25T00:48:03.277247+00:00,btc-updown-15m-1766624400,TRADE,UP,ACCUM,3,2,0.4800,0.9600,52,0.4801,45,0.4701,45,0.9502,2.2398,0.13,-1.1211,5.8789,0.0000,577.48,SUCCESS
2025-12-25T00:48:08.699011+00:00,btc-updown-15m-1766624400,TRADE,DOWN,ACCUM,3,3,0.4702,1.4106,52,0.4801,48,0.4701,48,0.9502,2.3888,0.08,0.4683,4.4683,0.0000,576.07,SUCCESS
2025-12-25T00:48:19.602427+00:00,btc-updown-15m-1766624400,TRADE,DOWN,ACCUM,3,3,0.4701,1.4102,52,0.4801,51,0.4701,51,0.9502,2.5382,0.02,2.0581,3.0581,0.0000,574.66,SUCCESS
2025-12-25T00:48:24.993940+00:00,btc-updown-15m-1766624400,TRADE,UP,ACCUM,3,3,0.4801,1.4404,55,0.4801,51,0.4701,51,0.9502,2.5382,0.07,0.6177,4.6177,0.0000,573.22,SUCCESS
2025-12-25T00:48:30.413304+00:00,btc-updown-15m-1766624400,TRADE,UP,ACCUM,3,3,0.4801,1.4402,58,0.4801,51,0.4701,51,0.9502,2.5384,0.12,-0.8225,6.1775,0.0000,571.78,SUCCESS
2025-12-25T00:48:30.414466+00:00,btc-updown-15m-1766624400,TRADE,DOWN,ACCUM,3,2,0.4700,0.9401,58,0.4801,53,0.4701,53,0.9502,2.6381,0.09,0.2374,5.2374,0.0000,570.84,SUCCESS
2025-12-25T00:48:41.245271+00:00,btc-updown-15m-1766624400,TRADE,UP,ACCUM,3,3,0.4801,1.4403,61,0.4801,53,0.4701,53,0.9502,2.6381,0.13,-1.2028,6.7972,0.0000,569.40,SUCCESS
2025-12-25T00:49:08.335890+00:00,btc-updown-15m-1766624400,TRADE,DOWN,ACCUM,3,3,0.4700,1.4100,61,0.4801,56,0.4701,56,0.9502,2.7877,0.08,0.3871,5.3871,0.0000,567.99,SUCCESS
2025-12-25T00:49:24.583174+00:00,btc-updown-15m-1766624400,TRADE,DOWN,ACCUM,3,3,0.4701,1.4103,61,0.4801,59,0.4701,59,0.9502,2.9371,0.03,1.9768,3.9768,0.0000,566.58,SUCCESS
2025-12-25T00:49:29.995987+00:00,btc-updown-15m-1766624400,TRADE,DOWN,ACCUM,3,3,0.4701,1.4104,61,0.4801,62,0.4701,61,0.9502,3.0365,0.02,2.5664,3.5664,0.0000,565.17,SUCCESS
2025-12-25T01:00:01.368855+00:00,btc-updown-15m-1766624400,RESOLUTION,UP,BINANCE_FALLBACK_SHARED,123,123,1.0000,58.4336,61,0.4801,62,0.4701,61,0.9502,3.0365,0.02,0.0000,0.0000,2.5664,626.17,RESOLVED
2025-12-25T01:00:09.598942+00:00,btc-updown-15m-1766625300,TRADE,UP,ACCUM,6,6,0.4802,2.8810,6,0.4802,0,0.0000,0,0.0000,0.0000,1.00,-2.8810,3.1190,0.0000,623.29,SUCCESS
2025-12-25T01:00:09.599660+00:00,btc-updown-15m-1766625300,TRADE,DOWN,ACCUM,6,6,0.4701,2.8206,6,0.4802,6,0.4701,6,0.9503,0.2983,0.00,0.2983,0.2983,0.0000,620.47,SUCCESS
2025-12-25T01:00:15.015724+00:00,btc-updown-15m-1766625300,TRADE,DOWN,ACCUM,5,5,0.4700,2.3500,6,0.4802,11,0.4701,6,0.9502,0.2986,0.45,-2.0517,2.9483,0.0000,618.12,SUCCESS
2025-12-25T01:00:20.397167+00:00,btc-updown-15m-1766625300,TRADE,DOWN,ACCUM,4,4,0.4701,1.8803,6,0.4802,15,0.4701,6,0.9502,0.2986,0.60,-3.9320,5.0680,0.0000,616.24,SUCCESS
2025-12-25T01:00:25.796447+00:00,btc-updown-15m-1766625300,TRADE,UP,ACCUM,5,5,0.4800,2.4001,11,0.4801,15,0.4701,11,0.9502,0.5482,0.27,-1.3321,2.6679,0.0000,613.84,SUCCESS
2025-12-25T01:00:31.641152+00:00,btc-updown-15m-1766625300,TRADE,DOWN,ACCUM,4,4,0.4700,1.8801,11,0.4801,19,0.4701,11,0.9502,0.5483,0.42,-3.2122,4.7878,0.0000,611.96,SUCCESS
2025-12-25T01:00:47.981834+00:00,btc-updown-15m-1766625300,TRADE,UP,ACCUM,4,4,0.4800,1.9201,15,0.4801,19,0.4701,15,0.9501,0.7480,0.21,-1.1323,2.8677,0.0000,610.03,SUCCESS
2025-12-25T01:00:53.407718+00:00,btc-updown-15m-1766625300,TRADE,UP,ACCUM,4,4,0.4802,1.9206,19,0.4801,19,0.4701,19,0.9502,0.9471,0.00,0.9471,0.9471,0.0000,608.11,SUCCESS
2025-12-25T01:00:58.805792+00:00,btc-updown-15m-1766625300,TRADE,UP,ACCUM,4,4,0.4802,1.9210,23,0.4801,19,0.4701,19,0.9502,0.9466,0.17,-0.9738,3.0262,0.0000,606.19,SUCCESS
2025-12-25T01:00:58.806436+00:00,btc-updown-15m-1766625300,TRADE,DOWN,ACCUM,4,4,0.4702,1.8808,23,0.4801,23,0.4701,23,0.9502,1.1454,0.00,1.1454,1.1454,0.0000,604.31,SUCCESS
2025-12-25T01:01:04.325937+00:00,btc-updown-15m-1766625300,TRADE,UP,ACCUM,3,3,0.4802,1.4407,26,0.4801,23,0.4701,23,0.9502,1.1451,0.12,-0.2953,2.7047,0.0000,602.87,SUCCESS
2025-12-25T01:01:04.326508+00:00,btc-updown-15m-1766625300,TRADE,DOWN,ACCUM,3,3,0.4701,1.4104,26,0.4801,26,0.4701,26,0.9502,1.2943,0.00,1.2943,1.2943,0.0000,601.46,SUCCESS
2025-12-25T01:01:09.731515+00:00,btc-updown-15m-1766625300,TRADE,UP,ACCUM,3,2,0.4802,0.9605,28,0.4801,26,0.4701,26,0.9502,1.2941,0.07,0.3339,2.3339,0.0000,600.50,SUCCESS
2025-12-25T01:01:15.138010+00:00,btc-updown-15m-1766625300,TRADE,UP,ACCUM,3,3,0.4801,1.4403,31,0.4801,26,0.4701,26,0.9502,1.2943,0.16,-1.1064,3.8936,0.0000,599.06,SUCCESS
2025-12-25T01:01:20.548701+00:00,btc-updown-15m-1766625300,TRADE,UP,ACCUM,3,1,0.4800,0.4800,32,0.4801,26,0.4701,26,0.9502,1.2943,0.19,-1.5864,4.4136,0.0000,598.58,SUCCESS
2025-12-25T01:01:26.116827+00:00,btc-updown-15m-1766625300,TRADE,UP,ACCUM,3,3,0.4801,1.4403,35,0.4801,26,0.4701,26,0.9502,1.2944,0.26,-3.0267,5.9733,0.0000,597.14,SUCCESS
2025-12-25T01:01:37.178163+00:00,btc-updown-15m-1766625300,TRADE,DOWN,ACCUM,3,3,0.4700,1.4101,35,0.4801,29,0.4701,29,0.9502,1.4440,0.17,-1.4368,4.5632,0.0000,595.73,SUCCESS
2025-12-25T01:01:42.577476+00:00,btc-updown-15m-1766625300,TRADE,UP,ACCUM,3,3,0.4801,1.4404,38,0.4801,29,0.4701,29,0.9502,1.4440,0.24,-2.8772,6.1228,0.0000,594.29,SUCCESS
2025-12-25T01:01:48.129564+00:00,btc-updown-15m-1766625300,TRADE,DOWN,ACCUM,3,2,0.4700,0.9401,38,0.4801,31,0.4701,31,0.9502,1.5436,0.18,-1.8173,5.1827,0.0000,593.35,SUCCESS
2025-12-25T01:01:53.627467+00:00,btc-updown-15m-1766625300,TRADE,UP,ACCUM,3,3,0.4800,1.4400,41,0.4801,31,0.4701,31,0.9502,1.5439,0.24,-3.2573,6.7427,0.0000,591.91,SUCCESS
2025-12-25T01:01:53.628257+00:00,btc-updown-15m-1766625300,TRADE,DOWN,ACCUM,3,3,0.4702,1.4105,41,0.4801,34,0.4701,34,0.9502,1.6931,0.17,-1.6678,5.3322,0.0000,590.50,SUCCESS
2025-12-25T01:01:59.027106+00:00,btc-updown-15m-1766625300,TRADE,UP,ACCUM,3,3,0.4802,1.4406,44,0.4801,34,0.4701,34,0.9502,1.6929,0.23,-3.1083,6.8917,0.0000,589.06,SUCCESS
2025-12-25T01:01:59.028548+00:00,btc-updown-15m-1766625300,TRADE,DOWN,ACCUM,3,3,0.4702,1.4105,44,0.4801,37,0.4701,37,0.9502,1.8421,0.16,-1.5188,5.4812,0.0000,587.65,SUCCESS
2025-12-25T01:02:04.425064+00:00,btc-updown-15m-1766625300,TRADE,DOWN,ACCUM,3,3,0.4702,1.4106,44,0.4801,40,0.4701,40,0.9502,1.9911,0.09,0.0706,4.0706,0.0000,586.24,SUCCESS
2025-12-25T01:02:15.341247+00:00,btc-updown-15m-1766625300,TRADE,DOWN,ACCUM,3,3,0.4701,1.4104,44,0.4801,43,0.4701,43,0.9502,2.1403,0.02,1.6602,2.6602,0.0000,584.83,SUCCESS
2025-12-25T01:02:20.751125+00:00,btc-updown-15m-1766625300,TRADE,DOWN,ACCUM,3,3,0.4698,1.4095,44,0.4801,46,0.4701,44,0.9502,2.1908,0.04,1.2507,3.2507,0.0000,583.42,SUCCESS
2025-12-25T01:02:26.135159+00:00,btc-updown-15m-1766625300,TRADE,UP,ACCUM,3,3,0.4802,1.4405,47,0.4801,46,0.4701,46,0.9502,2.2903,0.02,1.8101,2.8101,0.0000,581.98,SUCCESS
2025-12-25T01:02:31.541753+00:00,btc-updown-15m-1766625300,TRADE,UP,ACCUM,3,3,0.4802,1.4406,50,0.4801,46,0.4701,46,0.9502,2.2901,0.08,0.3696,4.3696,0.0000,580.54,SUCCESS
2025-12-25T01:02:31.542318+00:00,btc-updown-15m-1766625300,TRADE,DOWN,ACCUM,3,3,0.4700,1.4101,50,0.4801,49,0.4701,49,0.9502,2.4396,0.02,1.9594,2.9594,0.0000,579.13,SUCCESS
2025-12-25T01:02:42.428779+00:00,btc-updown-15m-1766625300,TRADE,UP,ACCUM,3,3,0.4801,1.4402,53,0.4801,49,0.4701,49,0.9502,2.4397,0.08,0.5192,4.5192,0.0000,577.69,SUCCESS
2025-12-25T01:02:47.931261+00:00,btc-updown-15m-1766625300,TRADE,UP,ACCUM,3,3,0.4800,1.4400,56,0.4801,49,0.4701,49,0.9502,2.4401,0.12,-0.9208,6.0792,0.0000,576.25,SUCCESS
2025-12-25T01:02:58.960046+00:00,btc-updown-15m-1766625300,TRADE,UP,ACCUM,3,3,0.4801,1.4402,59,0.4801,49,0.4701,49,0.9502,2.4402,0.17,-2.3610,7.6390,0.0000,574.81,SUCCESS
2025-12-25T01:03:20.701509+00:00,btc-updown-15m-1766625300,TRADE,DOWN,ACCUM,3,3,0.4702,1.4107,59,0.4801,52,0.4701,52,0.9502,2.5892,0.12,-0.7716,6.2284,0.0000,573.40,SUCCESS
2025-12-25T01:03:26.224018+00:00,btc-updown-15m-1766625300,TRADE,UP,ACCUM,3,3,0.4801,1.4404,62,0.4801,52,0.4701,52,0.9502,2.5892,0.16,-2.2120,7.7880,0.0000,571.96,SUCCESS
2025-12-25T01:03:31.635861+00:00,btc-updown-15m-1766625300,TRADE,DOWN,ACCUM,3,3,0.4700,1.4101,62,0.4801,55,0.4701,55,0.9502,2.7387,0.11,-0.6221,6.3779,0.0000,570.55,SUCCESS
2025-12-25T01:03:42.482440+00:00,btc-updown-15m-1766625300,TRADE,DOWN,ACCUM,3,3,0.4701,1.4104,62,0.4801,58,0.4701,58,0.9502,2.8879,0.06,0.9675,4.9675,0.0000,569.13,SUCCESS
2025-12-25T01:03:47.882425+00:00,btc-updown-15m-1766625300,TRADE,DOWN,ACCUM,3,3,0.4702,1.4107,62,0.4801,61,0.4701,61,0.9502,3.0369,0.02,2.5568,3.5568,0.0000,567.72,SUCCESS
2025-12-25T01:15:04.253102+00:00,btc-updown-15m-1766625300,RESOLUTION,UP,BINANCE_FALLBACK_SHARED,123,123,1.0000,58.4432,62,0.4801,61,0.4701,61,0.9502,3.0369,0.02,0.0000,0.0000,3.5568,629.72,RESOLVED
2025-12-25T01:15:17.576547+00:00,btc-updown-15m-1766626200,TRADE,UP,ACCUM,6,6,0.4802,2.8811,6,0.4802,0,0.0000,0,0.0000,0.0000,1.00,-2.8811,3.1189,0.0000,626.84,SUCCESS
2025-12-25T01:15:28.397226+00:00,btc-updown-15m-1766626200,TRADE,DOWN,ACCUM,6,6,0.4702,2.8212,6,0.4802,6,0.4702,6,0.9504,0.2977,0.00,0.2977,0.2977,0.0000,624.02,SUCCESS
2025-12-25T01:15:33.804208+00:00,btc-updown-15m-1766626200,TRADE,UP,ACCUM,5,5,0.4802,2.4009,11,0.4802,6,0.4702,6,0.9504,0.2977,0.45,-2.1032,2.8968,0.0000,621.62,SUCCESS
2025-12-25T01:15:33.804795+00:00,btc-updown-15m-1766626200,TRADE,DOWN,ACCUM,5,5,0.4701,2.3504,11,0.4802,11,0.4701,11,0.9503,0.5464,0.00,0.5464,0.5464,0.0000,619.27,SUCCESS
2025-12-25T01:15:39.214261+00:00,btc-updown-15m-1766626200,TRADE,UP,ACCUM,4,4,0.4801,1.9202,15,0.4801,11,0.4701,11,0.9503,0.5468,0.27,-1.3738,2.6262,0.0000,617.35,SUCCESS
2025-12-25T01:15:39.214953+00:00,btc-updown-15m-1766626200,TRADE,DOWN,ACCUM,4,4,0.4700,1.8800,15,0.4801,15,0.4701,15,0.9503,0.7462,0.00,0.7462,0.7462,0.0000,615.47,SUCCESS
2025-12-25T01:15:50.156860+00:00,btc-updown-15m-1766626200,TRADE,UP,ACCUM,4,4,0.4802,1.9209,19,0.4802,15,0.4701,15,0.9503,0.7460,0.21,-1.1747,2.8253,0.0000,613.55,SUCCESS
2025-12-25T01:15:50.157614+00:00,btc-updown-15m-1766626200,TRADE,DOWN,ACCUM,4,2,0.4701,0.9403,19,0.4802,17,0.4701,17,0.9503,0.8454,0.11,-0.1149,1.8851,0.0000,612.61,SUCCESS
2025-12-25T01:15:55.586574+00:00,btc-updown-15m-1766626200,TRADE,UP,ACCUM,4,4,0.4800,1.9200,23,0.4801,17,0.4701,17,0.9502,0.8459,0.26,-2.0349,3.9651,0.0000,610.69,SUCCESS
2025-12-25T01:15:55.587059+00:00,btc-updown-15m-1766626200,TRADE,DOWN,ACCUM,4,4,0.4701,1.8803,23,0.4801,21,0.4701,21,0.9502,1.0451,0.09,0.0848,2.0848,0.0000,608.81,SUCCESS
2025-12-25T01:16:06.656197+00:00,btc-updown-15m-1766626200,TRADE,UP,ACCUM,3,3,0.4801,1.4403,26,0.4801,21,0.4701,21,0.9502,1.0451,0.19,-1.3556,3.6444,0.0000,607.37,SUCCESS
2025-12-25T01:16:06.657301+00:00,btc-updown-15m-1766626200,TRADE,DOWN,ACCUM,3,3,0.4700,1.4101,26,0.4801,24,0.4701,24,0.9502,1.1946,0.08,0.2344,2.2344,0.0000,605.96,SUCCESS
2025-12-25T01:16:12.068527+00:00,btc-updown-15m-1766626200,TRADE,DOWN,ACCUM,3,3,0.4701,1.4104,26,0.4801,27,0.4701,26,0.9502,1.2941,0.04,0.8240,1.8240,0.0000,604.55,SUCCESS
2025-12-25T01:16:17.497930+00:00,btc-updown-15m-1766626200,TRADE,UP,ACCUM,3,3,0.4800,1.4401,29,0.4801,27,0.4701,27,0.9502,1.3441,0.07,0.3839,2.3839,0.0000,603.11,SUCCESS
2025-12-25T01:16:17.498437+00:00,btc-updown-15m-1766626200,TRADE,DOWN,ACCUM,3,3,0.4701,1.4103,29,0.4801,30,0.4701,29,0.9502,1.4437,0.03,0.9736,1.9736,0.0000,601.70,SUCCESS
2025-12-25T01:16:22.923639+00:00,btc-updown-15m-1766626200,TRADE,DOWN,ACCUM,3,3,0.4699,1.4097,29,0.4801,33,0.4701,29,0.9502,1.4442,0.12,-0.4362,3.5638,0.0000,600.29,SUCCESS
2025-12-25T01:16:28.332283+00:00,btc-updown-15m-1766626200,TRADE,UP,ACCUM,3,3,0.4802,1.4405,32,0.4801,33,0.4701,32,0.9502,1.5934,0.03,1.1234,2.1234,0.0000,598.85,SUCCESS
2025-12-25T01:16:33.727580+00:00,btc-updown-15m-1766626200,TRADE,DOWN,ACCUM,3,3,0.4701,1.4104,32,0.4801,36,0.4701,32,0.9502,1.5933,0.11,-0.2870,3.7130,0.0000,597.44,SUCCESS
2025-12-25T01:16:39.135463+00:00,btc-updown-15m-1766626200,TRADE,UP,ACCUM,3,3,0.4800,1.4401,35,0.4801,36,0.4701,35,0.9502,1.7430,0.03,1.2729,2.2729,0.0000,596.00,SUCCESS
2025-12-25T01:16:44.539470+00:00,btc-updown-15m-1766626200,TRADE,UP,ACCUM,3,3,0.4800,1.4400,38,0.4801,36,0.4701,36,0.9502,1.7931,0.05,0.8329,2.8329,0.0000,594.56,SUCCESS
2025-12-25T01:16:44.540314+00:00,btc-updown-15m-1766626200,TRADE,DOWN,ACCUM,3,3,0.4701,1.4102,38,0.4801,39,0.4701,38,0.9502,1.8928,0.03,1.4227,2.4227,0.0000,593.15,SUCCESS
2025-12-25T01:16:50.074974+00:00,btc-updown-15m-1766626200,TRADE,DOWN,ACCUM,3,3,0.4698,1.4094,38,0.4801,42,0.4701,38,0.9502,1.8935,0.10,0.0133,4.0133,0.0000,591.74,SUCCESS
2025-12-25T01:17:06.395489+00:00,btc-updown-15m-1766626200,TRADE,DOWN,ACCUM,3,3,0.4801,1.4403,38,0.4801,45,0.4707,38,0.9508,1.8681,0.16,-1.4270,5.5730,0.0000,590.30,SUCCESS
2025-12-25T01:17:11.795911+00:00,btc-updown-15m-1766626200,TRADE,UP,ACCUM,3,3,0.4702,1.4106,41,0.4794,45,0.4707,41,0.9501,2.0453,0.09,0.1624,4.1624,0.0000,588.89,SUCCESS
2025-12-25T01:17:11.796517+00:00,btc-updown-15m-1766626200,TRADE,DOWN,ACCUM,3,3,0.4802,1.4405,41,0.4794,48,0.4713,41,0.9507,2.0212,0.15,-1.2781,5.7219,0.0000,587.45,SUCCESS
2025-12-25T01:17:17.190732+00:00,btc-updown-15m-1766626200,TRADE,UP,ACCUM,3,3,0.4801,1.4403,44,0.4794,48,0.4713,44,0.9508,2.1669,0.08,0.2816,4.2816,0.0000,586.01,SUCCESS
2025-12-25T01:17:22.589509+00:00,btc-updown-15m-1766626200,TRADE,UP,ACCUM,3,3,0.4702,1.4105,47,0.4788,48,0.4713,47,0.9502,2.3424,0.02,1.8711,2.8711,0.0000,584.60,SUCCESS
2025-12-25T01:17:22.590021+00:00,btc-updown-15m-1766626200,TRADE,DOWN,ACCUM,3,3,0.4800,1.4399,47,0.4788,51,0.4718,47,0.9507,2.3185,0.08,0.4312,4.4312,0.0000,583.16,SUCCESS
2025-12-25T01:17:38.985620+00:00,btc-updown-15m-1766626200,TRADE,DOWN,ACCUM,3,3,0.4802,1.4407,47,0.4788,54,0.4723,47,0.9511,2.2966,0.13,-1.0094,5.9906,0.0000,581.71,SUCCESS
2025-12-25T01:17:44.487551+00:00,btc-updown-15m-1766626200,TRADE,DOWN,ACCUM,3,3,0.4800,1.4401,47,0.4788,57,0.4727,47,0.9515,2.2775,0.18,-2.4495,7.5505,0.0000,580.27,SUCCESS
2025-12-25T01:17:49.902449+00:00,btc-updown-15m-1766626200,TRADE,UP,ACCUM,3,3,0.4700,1.4101,50,0.4783,57,0.4727,50,0.9510,2.4492,0.12,-0.8597,6.1403,0.0000,578.86,SUCCESS
2025-12-25T01:17:55.304392+00:00,btc-updown-15m-1766626200,TRADE,UP,ACCUM,3,3,0.4700,1.4099,53,0.4778,57,0.4727,53,0.9505,2.6212,0.07,0.7304,4.7304,0.0000,577.45,SUCCESS
2025-12-25T01:17:55.304967+00:00,btc-updown-15m-1766626200,TRADE,DOWN,ACCUM,3,3,0.4802,1.4407,53,0.4778,60,0.4731,53,0.9509,2.6013,0.12,-0.7103,6.2897,0.0000,576.01,SUCCESS
2025-12-25T01:18:00.700053+00:00,btc-updown-15m-1766626200,TRADE,UP,ACCUM,3,3,0.4700,1.4100,56,0.4774,60,0.4731,56,0.9505,2.7720,0.07,0.8797,4.8797,0.0000,574.60,SUCCESS
2025-12-25T01:18:38.780910+00:00,btc-updown-15m-1766626200,TRADE,UP,ACCUM,3,3,0.4702,1.4105,59,0.4771,60,0.4731,59,0.9501,2.9423,0.02,2.4692,3.4692,0.0000,573.19,SUCCESS
2025-12-25T01:18:44.160983+00:00,btc-updown-15m-1766626200,TRADE,UP,ACCUM,3,3,0.4701,1.4103,62,0.4767,60,0.4731,60,0.9498,3.0123,0.03,2.0589,4.0589,0.0000,571.78,SUCCESS
2025-12-25T01:30:01.504346+00:00,btc-updown-15m-1766626200,RESOLUTION,UP,BINANCE_FALLBACK_SHARED,122,122,1.0000,57.9411,62,0.4767,60,0.4731,60,0.9498,3.0123,0.03,0.0000,0.0000,4.0589,633.78,RESOLVED
2025-12-25T01:30:09.887776+00:00,btc-updown-15m-1766627100,TRADE,UP,ACCUM,6,6,0.4701,2.8207,6,0.4701,0,0.0000,0,0.0000,0.0000,1.00,-2.8207,3.1793,0.0000,630.96,SUCCESS
2025-12-25T01:30:09.888150+00:00,btc-updown-15m-1766627100,TRADE,DOWN,ACCUM,6,6,0.4802,2.8814,6,0.4701,6,0.4802,6,0.9504,0.2979,0.00,0.2979,0.2979,0.0000,628.08,SUCCESS
2025-12-25T01:30:15.295608+00:00,btc-updown-15m-1766627100,TRADE,DOWN,ACCUM,5,5,0.4801,2.4004,6,0.4701,11,0.4802,6,0.9503,0.2983,0.45,-2.1026,2.8974,0.0000,625.68,SUCCESS
2025-12-25T01:30:20.680700+00:00,btc-updown-15m-1766627100,TRADE,UP,ACCUM,5,5,0.4702,2.3511,11,0.4702,11,0.4802,11,0.9503,0.5464,0.00,0.5464,0.5464,0.0000,623.33,SUCCESS
2025-12-25T01:30:26.185362+00:00,btc-updown-15m-1766627100,TRADE,DOWN,ACCUM,4,4,0.4802,1.9208,11,0.4702,15,0.4802,11,0.9503,0.5463,0.27,-1.3744,2.6256,0.0000,621.41,SUCCESS
2025-12-25T01:30:31.698956+00:00,btc-updown-15m-1766627100,TRADE,UP,ACCUM,4,4,0.4702,1.8809,15,0.4702,15,0.4802,15,0.9504,0.7446,0.00,0.7446,0.7446,0.0000,619.53,SUCCESS
2025-12-25T01:30:37.099634+00:00,btc-updown-15m-1766627100,TRADE,DOWN,ACCUM,4,4,0.4802,1.9207,15,0.4702,19,0.4802,15,0.9504,0.7446,0.21,-1.1761,2.8239,0.0000,617.61,SUCCESS
2025-12-25T01:30:48.003586+00:00,btc-updown-15m-1766627100,TRADE,UP,ACCUM,4,4,0.4701,1.8803,19,0.4702,19,0.4802,19,0.9503,0.9436,0.00,0.9436,0.9436,0.0000,615.73,SUCCESS
2025-12-25T01:30:53.407894+00:00,btc-updown-15m-1766627100,TRADE,UP,ACCUM,4,4,0.4701,1.8802,23,0.4701,19,0.4802,19,0.9503,0.9439,0.17,-0.9366,3.0634,0.0000,613.85,SUCCESS
2025-12-25T01:30:58.921374+00:00,btc-updown-15m-1766627100,TRADE,UP,ACCUM,3,3,0.4702,1.4107,26,0.4702,19,0.4802,19,0.9503,0.9438,0.27,-2.3473,4.6527,0.0000,612.44,SUCCESS
2025-12-25T01:30:58.922946+00:00,btc-updown-15m-1766627100,TRADE,DOWN,ACCUM,4,4,0.4801,1.9206,26,0.4702,23,0.4802,23,0.9503,1.1426,0.12,-0.2679,2.7321,0.0000,610.51,SUCCESS
2025-12-25T01:31:04.419964+00:00,btc-updown-15m-1766627100,TRADE,DOWN,ACCUM,3,3,0.4800,1.4401,26,0.4702,26,0.4802,26,0.9503,1.2920,0.00,1.2920,1.2920,0.0000,609.07,SUCCESS
2025-12-25T01:31:09.814913+00:00,btc-updown-15m-1766627100,TRADE,DOWN,ACCUM,3,3,0.4801,1.4402,26,0.4702,29,0.4801,26,0.9503,1.2923,0.10,-0.1481,2.8519,0.0000,607.63,SUCCESS
2025-12-25T01:31:20.656869+00:00,btc-updown-15m-1766627100,TRADE,DOWN,ACCUM,3,3,0.4798,1.4394,26,0.4702,32,0.4801,26,0.9503,1.2932,0.19,-1.5875,4.4125,0.0000,606.20,SUCCESS
2025-12-25T01:31:26.161999+00:00,btc-updown-15m-1766627100,TRADE,DOWN,ACCUM,3,2,0.4801,0.9602,26,0.4702,34,0.4801,26,0.9503,1.2932,0.24,-2.5477,5.4523,0.0000,605.24,SUCCESS
2025-12-25T01:31:36.950988+00:00,btc-updown-15m-1766627100,TRADE,UP,ACCUM,3,3,0.4702,1.4106,29,0.4702,34,0.4801,29,0.9503,1.4422,0.15,-0.9583,4.0417,0.0000,603.82,SUCCESS
2025-12-25T01:31:53.155409+00:00,btc-updown-15m-1766627100,TRADE,UP,ACCUM,3,3,0.4700,1.4100,32,0.4701,34,0.4801,32,0.9503,1.5919,0.06,0.6317,2.6317,0.0000,602.41,SUCCESS
2025-12-25T01:31:53.156872+00:00,btc-updown-15m-1766627100,TRADE,DOWN,ACCUM,3,3,0.4801,1.4403,32,0.4701,37,0.4801,32,0.9503,1.5920,0.14,-0.8086,4.1914,0.0000,600.97,SUCCESS
2025-12-25T01:32:09.809156+00:00,btc-updown-15m-1766627100,TRADE,DOWN,ACCUM,3,3,0.4801,1.4402,32,0.4701,40,0.4801,32,0.9502,1.5921,0.20,-2.2488,5.7512,0.0000,599.53,SUCCESS
2025-12-25T01:32:26.140737+00:00,btc-updown-15m-1766627100,TRADE,UP,ACCUM,3,3,0.4701,1.4102,35,0.4701,40,0.4801,35,0.9502,1.7416,0.12,-0.6589,4.3411,0.0000,598.12,SUCCESS
2025-12-25T01:32:31.547120+00:00,btc-updown-15m-1766627100,TRADE,DOWN,ACCUM,3,3,0.4801,1.4403,35,0.4701,43,0.4801,35,0.9502,1.7416,0.19,-2.0992,5.9008,0.0000,596.68,SUCCESS
2025-12-25T01:32:53.196110+00:00,btc-updown-15m-1766627100,TRADE,UP,ACCUM,3,3,0.4701,1.4102,38,0.4701,43,0.4801,38,0.9502,1.8911,0.12,-0.5094,4.4906,0.0000,595.27,SUCCESS
2025-12-25T01:32:58.596316+00:00,btc-updown-15m-1766627100,TRADE,UP,ACCUM,3,3,0.4702,1.4106,41,0.4701,43,0.4801,41,0.9502,2.0402,0.05,1.0800,3.0800,0.0000,593.86,SUCCESS
2025-12-25T01:32:58.596708+00:00,btc-updown-15m-1766627100,TRADE,DOWN,ACCUM,3,3,0.4802,1.4407,41,0.4701,46,0.4801,41,0.9502,2.0399,0.11,-0.3607,4.6393,0.0000,592.42,SUCCESS
2025-12-25T01:33:04.004964+00:00,btc-updown-15m-1766627100,TRADE,UP,ACCUM,3,3,0.4700,1.4101,44,0.4701,46,0.4801,44,0.9502,2.1894,0.04,1.2292,3.2292,0.0000,591.01,SUCCESS
2025-12-25T01:33:04.006101+00:00,btc-updown-15m-1766627100,TRADE,DOWN,ACCUM,3,3,0.4801,1.4402,44,0.4701,49,0.4801,44,0.9502,2.1895,0.10,-0.2110,4.7890,0.0000,589.57,SUCCESS
2025-12-25T01:33:09.407248+00:00,btc-updown-15m-1766627100,TRADE,UP,ACCUM,3,3,0.4700,1.4101,47,0.4701,49,0.4801,47,0.9502,2.3391,0.04,1.3789,3.3789,0.0000,588.16,SUCCESS
2025-12-25T01:33:09.407603+00:00,btc-updown-15m-1766627100,TRADE,DOWN,ACCUM,3,3,0.4802,1.4405,47,0.4701,52,0.4801,47,0.9502,2.3390,0.10,-0.0616,4.9384,0.0000,586.72,SUCCESS
2025-12-25T01:33:14.812642+00:00,btc-updown-15m-1766627100,TRADE,UP,ACCUM,3,3,0.4702,1.4105,50,0.4701,52,0.4801,50,0.9502,2.4881,0.04,1.5279,3.5279,0.0000,585.31,SUCCESS
2025-12-25T01:33:20.224468+00:00,btc-updown-15m-1766627100,TRADE,UP,ACCUM,3,3,0.4699,1.4097,53,0.4701,52,0.4801,52,0.9502,2.5883,0.02,2.1182,3.1182,0.0000,583.90,SUCCESS
2025-12-25T01:33:20.225022+00:00,btc-updown-15m-1766627100,TRADE,DOWN,ACCUM,3,3,0.4801,1.4403,53,0.4701,55,0.4801,53,0.9502,2.6381,0.04,1.6779,3.6779,0.0000,582.46,SUCCESS
2025-12-25T01:33:25.623521+00:00,btc-updown-15m-1766627100,TRADE,DOWN,ACCUM,3,3,0.4798,1.4395,53,0.4701,58,0.4801,53,0.9502,2.6389,0.09,0.2384,5.2384,0.0000,581.02,SUCCESS
2025-12-25T01:33:31.137290+00:00,btc-updown-15m-1766627100,TRADE,DOWN,ACCUM,3,3,0.4801,1.4403,53,0.4701,61,0.4801,53,0.9502,2.6388,0.13,-1.2020,6.7980,0.0000,579.58,SUCCESS
2025-12-25T01:33:47.631737+00:00,btc-updown-15m-1766627100,TRADE,UP,ACCUM,3,3,0.4701,1.4102,56,0.4701,61,0.4801,56,0.9502,2.7883,0.08,0.3878,5.3878,0.0000,578.17,SUCCESS
2025-12-25T01:33:58.855730+00:00,btc-updown-15m-1766627100,TRADE,UP,ACCUM,3,3,0.4701,1.4103,59,0.4701,61,0.4801,59,0.9502,2.9377,0.03,1.9775,3.9775,0.0000,576.76,SUCCESS
2025-12-25T01:34:04.251493+00:00,btc-updown-15m-1766627100,TRADE,UP,ACCUM,3,3,0.4700,1.4100,62,0.4701,61,0.4801,61,0.9502,3.0376,0.02,2.5675,3.5675,0.0000,575.35,SUCCESS
2025-12-25T01:45:01.847992+00:00,btc-updown-15m-1766627100,RESOLUTION,UP,BINANCE_FALLBACK_SHARED,123,123,1.0000,58.4325,62,0.4701,61,0.4801,61,0.9502,3.0376,0.02,0.0000,0.0000,3.5675,637.35,RESOLVED
2025-12-25T01:45:10.278038+00:00,btc-updown-15m-1766628000,TRADE,UP,ACCUM,6,6,0.4702,2.8209,6,0.4702,0,0.0000,0,0.0000,0.0000,1.00,-2.8209,3.1791,0.0000,634.53,SUCCESS
2025-12-25T01:45:10.279092+00:00,btc-updown-15m-1766628000,TRADE,DOWN,ACCUM,6,6,0.4800,2.8800,6,0.4702,6,0.4800,6,0.9502,0.2990,0.00,0.2990,0.2990,0.0000,631.65,SUCCESS
2025-12-25T01:45:15.871081+00:00,btc-updown-15m-1766628000,TRADE,DOWN,ACCUM,5,5,0.4801,2.4007,6,0.4702,11,0.4801,6,0.9502,0.2986,0.45,-2.1017,2.8983,0.0000,629.25,SUCCESS
2025-12-25T01:45:21.295620+00:00,btc-updown-15m-1766628000,TRADE,DOWN,ACCUM,4,4,0.4800,1.9201,6,0.4702,15,0.4801,6,0.9502,0.2987,0.60,-4.0217,4.9783,0.0000,627.33,SUCCESS
2025-12-25T01:45:32.101694+00:00,btc-updown-15m-1766628000,TRADE,UP,ACCUM,5,5,0.4702,2.3510,11,0.4702,15,0.4801,11,0.9502,0.5475,0.27,-1.3727,2.6273,0.0000,624.98,SUCCESS
2025-12-25T01:45:37.495668+00:00,btc-updown-15m-1766628000,TRADE,UP,ACCUM,4,4,0.4701,1.8806,15,0.4702,15,0.4801,15,0.9502,0.7467,0.00,0.7467,0.7467,0.0000,623.10,SUCCESS
2025-12-25T01:45:43.025351+00:00,btc-updown-15m-1766628000,TRADE,DOWN,ACCUM,4,4,0.4801,1.9204,15,0.4702,19,0.4801,15,0.9502,0.7465,0.21,-1.1737,2.8263,0.0000,621.18,SUCCESS
2025-12-25T01:45:48.526615+00:00,btc-updown-15m-1766628000,TRADE,DOWN,ACCUM,4,1,0.4802,0.4802,15,0.4702,20,0.4801,15,0.9502,0.7464,0.25,-1.6540,3.3460,0.0000,620.70,SUCCESS
2025-12-25T01:45:59.460828+00:00,btc-updown-15m-1766628000,TRADE,DOWN,ACCUM,4,4,0.4802,1.9207,15,0.4702,24,0.4801,15,0.9503,0.7461,0.38,-3.5747,5.4253,0.0000,618.78,SUCCESS
2025-12-25T01:46:10.427371+00:00,btc-updown-15m-1766628000,TRADE,UP,ACCUM,4,4,0.4701,1.8805,19,0.4702,24,0.4801,19,0.9502,0.9453,0.21,-1.4552,3.5448,0.0000,616.90,SUCCESS
2025-12-25T01:46:15.826106+00:00,btc-updown-15m-1766628000,TRADE,UP,ACCUM,4,4,0.4700,1.8801,23,0.4701,24,0.4801,23,0.9502,1.1448,0.04,0.6647,1.6647,0.0000,615.02,SUCCESS
2025-12-25T01:46:15.826633+00:00,btc-updown-15m-1766628000,TRADE,DOWN,ACCUM,3,3,0.4800,1.4400,23,0.4701,27,0.4801,23,0.9502,1.1450,0.15,-0.7753,3.2247,0.0000,613.58,SUCCESS
2025-12-25T01:46:21.235840+00:00,btc-updown-15m-1766628000,TRADE,DOWN,ACCUM,3,3,0.4801,1.4404,23,0.4701,30,0.4801,23,0.9502,1.1449,0.23,-2.2157,4.7843,0.0000,612.13,SUCCESS
2025-12-25T01:46:26.741472+00:00,btc-updown-15m-1766628000,TRADE,DOWN,ACCUM,3,3,0.4800,1.4400,23,0.4701,33,0.4801,23,0.9502,1.1451,0.30,-3.6557,6.3443,0.0000,610.69,SUCCESS
2025-12-25T01:47:10.276280+00:00,btc-updown-15m-1766628000,TRADE,UP,ACCUM,3,3,0.4700,1.4101,26,0.4701,33,0.4801,26,0.9502,1.2947,0.21,-2.0658,4.9342,0.0000,609.28,SUCCESS
2025-12-25T01:47:21.058283+00:00,btc-updown-15m-1766628000,TRADE,UP,ACCUM,3,3,0.4701,1.4103,29,0.4701,33,0.4801,29,0.9502,1.4442,0.12,-0.4761,3.5239,0.0000,607.87,SUCCESS
2025-12-25T01:47:26.473240+00:00,btc-updown-15m-1766628000,TRADE,DOWN,ACCUM,3,3,0.4801,1.4402,29,0.4701,36,0.4801,29,0.9502,1.4442,0.19,-1.9163,5.0837,0.0000,606.43,SUCCESS
2025-12-25T01:47:31.874832+00:00,btc-updown-15m-1766628000,TRADE,UP,ACCUM,3,3,0.4702,1.4105,32,0.4701,36,0.4801,32,0.9502,1.5935,0.11,-0.3269,3.6731,0.0000,605.02,SUCCESS
2025-12-25T01:47:37.278408+00:00,btc-updown-15m-1766628000,TRADE,DOWN,ACCUM,3,2,0.4801,0.9603,32,0.4701,38,0.4801,32,0.9502,1.5933,0.16,-1.2871,4.7129,0.0000,604.06,SUCCESS
2025-12-25T01:47:42.687593+00:00,btc-updown-15m-1766628000,TRADE,UP,ACCUM,3,2,0.4702,0.9404,34,0.4701,38,0.4801,34,0.9502,1.6928,0.11,-0.2276,3.7724,0.0000,603.12,SUCCESS
2025-12-25T01:47:48.090385+00:00,btc-updown-15m-1766628000,TRADE,UP,ACCUM,3,3,0.4702,1.4106,37,0.4701,38,0.4801,37,0.9502,1.8420,0.03,1.3619,2.3619,0.0000,601.71,SUCCESS
2025-12-25T01:47:48.091862+00:00,btc-updown-15m-1766628000,TRADE,DOWN,ACCUM,3,3,0.4800,1.4401,37,0.4701,41,0.4801,37,0.9502,1.8421,0.10,-0.0782,3.9218,0.0000,600.27,SUCCESS
2025-12-25T01:47:53.482021+00:00,btc-updown-15m-1766628000,TRADE,DOWN,ACCUM,3,3,0.4802,1.4406,37,0.4701,44,0.4801,37,0.9502,1.8418,0.16,-1.5188,5.4812,0.0000,598.83,SUCCESS
2025-12-25T01:48:04.272493+00:00,btc-updown-15m-1766628000,TRADE,DOWN,ACCUM,3,1,0.4800,0.4800,37,0.4701,45,0.4801,37,0.9502,1.8419,0.18,-1.9988,6.0012,0.0000,598.35,SUCCESS
2025-12-25T01:48:15.416542+00:00,btc-updown-15m-1766628000,TRADE,UP,ACCUM,3,3,0.4702,1.4106,40,0.4701,45,0.4801,40,0.9502,1.9910,0.11,-0.4094,4.5906,0.0000,596.94,SUCCESS
2025-12-25T01:48:20.839711+00:00,btc-updown-15m-1766628000,TRADE,DOWN,ACCUM,3,3,0.4802,1.4405,40,0.4701,48,0.4801,40,0.9502,1.9908,0.17,-1.8499,6.1501,0.0000,595.50,SUCCESS
2025-12-25T01:48:26.285453+00:00,btc-updown-15m-1766628000,TRADE,UP,ACCUM,3,3,0.4701,1.4103,43,0.4701,48,0.4801,43,0.9502,2.1403,0.10,-0.2602,4.7398,0.0000,594.09,SUCCESS
2025-12-25T01:48:31.706701+00:00,btc-updown-15m-1766628000,TRADE,DOWN,ACCUM,3,3,0.4801,1.4404,43,0.4701,51,0.4801,43,0.9502,2.1401,0.16,-1.7006,6.2994,0.0000,592.65,SUCCESS
2025-12-25T01:48:48.109526+00:00,btc-updown-15m-1766628000,TRADE,UP,ACCUM,3,3,0.4701,1.4103,46,0.4701,51,0.4801,46,0.9502,2.2896,0.10,-0.1109,4.8891,0.0000,591.24,SUCCESS
2025-12-25T01:48:53.508342+00:00,btc-updown-15m-1766628000,TRADE,UP,ACCUM,3,3,0.4700,1.4101,49,0.4701,51,0.4801,49,0.9502,2.4392,0.04,1.4790,3.4790,0.0000,589.83,SUCCESS
2025-12-25T01:48:58.911836+00:00,btc-updown-15m-1766628000,TRADE,UP,ACCUM,3,3,0.4699,1.4098,52,0.4701,51,0.4801,51,0.9502,2.5393,0.02,2.0692,3.0692,0.0000,588.42,SUCCESS
2025-12-25T01:49:04.303610+00:00,btc-updown-15m-1766628000,TRADE,UP,ACCUM,3,1,0.4701,0.4701,53,0.4701,51,0.4801,51,0.9502,2.5394,0.04,1.5991,3.5991,0.0000,587.95,SUCCESS
2025-12-25T01:49:09.787366+00:00,btc-updown-15m-1766628000,TRADE,DOWN,ACCUM,3,3,0.4801,1.4403,53,0.4701,54,0.4801,53,0.9502,2.6390,0.02,2.1589,3.1589,0.0000,586.51,SUCCESS
2025-12-25T01:49:15.188709+00:00,btc-updown-15m-1766628000,TRADE,UP,ACCUM,3,3,0.4701,1.4104,56,0.4701,54,0.4801,54,0.9502,2.6888,0.04,1.7485,3.7485,0.0000,585.10,SUCCESS
2025-12-25T01:49:26.024011+00:00,btc-updown-15m-1766628000,TRADE,UP,ACCUM,3,3,0.4701,1.4103,59,0.4701,54,0.4801,54,0.9502,2.6888,0.08,0.3382,5.3382,0.0000,583.69,SUCCESS
2025-12-25T01:49:26.024902+00:00,btc-updown-15m-1766628000,TRADE,DOWN,ACCUM,3,1,0.4801,0.4801,59,0.4701,55,0.4801,55,0.9502,2.7385,0.07,0.8581,4.8581,0.0000,583.21,SUCCESS
2025-12-25T01:49:31.420966+00:00,btc-updown-15m-1766628000,TRADE,DOWN,ACCUM,3,3,0.4801,1.4403,59,0.4701,58,0.4801,58,0.9502,2.8879,0.02,2.4178,3.4178,0.0000,581.77,SUCCESS
2025-12-25T01:49:36.864732+00:00,btc-updown-15m-1766628000,TRADE,UP,ACCUM,3,3,0.4701,1.4102,62,0.4701,58,0.4801,58,0.9502,2.8881,0.06,1.0076,5.0076,0.0000,580.36,SUCCESS
2025-12-25T01:49:36.865968+00:00,btc-updown-15m-1766628000,TRADE,DOWN,ACCUM,3,3,0.4801,1.4403,62,0.4701,61,0.4801,61,0.9502,3.0374,0.02,2.5673,3.5673,0.0000,578.92,SUCCESS
2025-12-25T02:00:02.830542+00:00,btc-updown-15m-1766628000,RESOLUTION,DOWN,BINANCE_FALLBACK_SHARED,123,123,1.0000,58.4327,62,0.4701,61,0.4801,61,0.9502,3.0374,0.02,0.0000,0.0000,2.5673,639.92,RESOLVED
2025-12-25T02:00:10.854957+00:00,btc-updown-15m-1766628900,TRADE,DOWN,ACCUM,6,6,0.4801,2.8807,0,0.0000,6,0.4801,0,0.0000,0.0000,1.00,-2.8807,3.1193,0.0000,637.04,SUCCESS
2025-12-25T02:00:27.327032+00:00,btc-updown-15m-1766628900,TRADE,UP,ACCUM,6,6,0.4702,2.8211,6,0.4702,6,0.4801,6,0.9503,0.2982,0.00,0.2982,0.2982,0.0000,634.22,SUCCESS
2025-12-25T02:00:32.790996+00:00,btc-updown-15m-1766628900,TRADE,UP,ACCUM,5,5,0.4700,2.3502,11,0.4701,6,0.4801,6,0.9502,0.2986,0.45,-2.0519,2.9481,0.0000,631.87,SUCCESS
2025-12-25T02:00:32.791727+00:00,btc-updown-15m-1766628900,TRADE,DOWN,ACCUM,5,3,0.4801,1.4402,11,0.4701,9,0.4801,9,0.9502,0.4481,0.18,-0.4921,1.5079,0.0000,630.43,SUCCESS
2025-12-25T02:00:38.208161+00:00,btc-updown-15m-1766628900,TRADE,UP,ACCUM,4,4,0.4701,1.8805,15,0.4701,9,0.4801,9,0.9502,0.4480,0.40,-2.3727,3.6273,0.0000,628.54,SUCCESS
2025-12-25T02:00:38.208347+00:00,btc-updown-15m-1766628900,TRADE,DOWN,ACCUM,5,5,0.4802,2.4010,15,0.4701,14,0.4801,14,0.9503,0.6964,0.07,0.2263,1.2263,0.0000,626.14,SUCCESS
2025-12-25T02:00:43.752962+00:00,btc-updown-15m-1766628900,TRADE,UP,ACCUM,4,1,0.4701,0.4701,16,0.4701,14,0.4801,14,0.9503,0.6964,0.12,-0.2438,1.7562,0.0000,625.67,SUCCESS
2025-12-25T02:00:43.753470+00:00,btc-updown-15m-1766628900,TRADE,DOWN,ACCUM,4,4,0.4801,1.9203,16,0.4701,18,0.4801,16,0.9502,0.7962,0.11,-0.1641,1.8359,0.0000,623.75,SUCCESS
2025-12-25T02:00:54.585790+00:00,btc-updown-15m-1766628900,TRADE,UP,ACCUM,4,4,0.4701,1.8802,20,0.4701,18,0.4801,18,0.9502,0.8959,0.10,-0.0443,1.9557,0.0000,621.87,SUCCESS
2025-12-25T02:01:00.020181+00:00,btc-updown-15m-1766628900,TRADE,UP,ACCUM,4,4,0.4700,1.8798,24,0.4701,18,0.4801,18,0.9502,0.8964,0.25,-1.9241,4.0759,0.0000,619.99,SUCCESS
2025-12-25T02:01:00.020549+00:00,btc-updown-15m-1766628900,TRADE,DOWN,ACCUM,4,4,0.4802,1.9207,24,0.4701,22,0.4801,22,0.9502,1.0954,0.08,0.1552,2.1552,0.0000,618.07,SUCCESS
2025-12-25T02:01:05.453854+00:00,btc-updown-15m-1766628900,TRADE,UP,ACCUM,3,3,0.4702,1.4106,27,0.4701,22,0.4801,22,0.9502,1.0951,0.19,-1.2554,3.7446,0.0000,616.66,SUCCESS
2025-12-25T02:01:10.911622+00:00,btc-updown-15m-1766628900,TRADE,DOWN,ACCUM,3,3,0.4801,1.4402,27,0.4701,25,0.4801,25,0.9502,1.2446,0.07,0.3044,2.3044,0.0000,615.22,SUCCESS
2025-12-25T02:01:22.045095+00:00,btc-updown-15m-1766628900,TRADE,DOWN,ACCUM,3,3,0.4801,1.4402,27,0.4701,28,0.4801,27,0.9502,1.3443,0.04,0.8642,1.8642,0.0000,613.78,SUCCESS
2025-12-25T02:01:32.880031+00:00,btc-updown-15m-1766628900,TRADE,DOWN,ACCUM,3,3,0.4801,1.4404,27,0.4701,31,0.4801,27,0.9502,1.3442,0.13,-0.5763,3.4237,0.0000,612.34,SUCCESS
2025-12-25T02:01:38.432685+00:00,btc-updown-15m-1766628900,TRADE,UP,ACCUM,3,3,0.4701,1.4104,30,0.4701,31,0.4801,30,0.9502,1.4935,0.03,1.0134,2.0134,0.0000,610.93,SUCCESS
2025-12-25T02:01:38.433337+00:00,btc-updown-15m-1766628900,TRADE,DOWN,ACCUM,3,3,0.4802,1.4406,30,0.4701,34,0.4801,30,0.9502,1.4933,0.12,-0.4272,3.5728,0.0000,609.49,SUCCESS
2025-12-25T02:01:49.278676+00:00,btc-updown-15m-1766628900,TRADE,UP,ACCUM,3,3,0.4701,1.4102,33,0.4701,34,0.4801,33,0.9502,1.6427,0.03,1.1626,2.1626,0.0000,608.08,SUCCESS
2025-12-25T02:01:49.280030+00:00,btc-updown-15m-1766628900,TRADE,DOWN,ACCUM,3,3,0.4802,1.4405,33,0.4701,37,0.4801,33,0.9502,1.6426,0.11,-0.2779,3.7221,0.0000,606.64,SUCCESS
2025-12-25T02:02:00.141137+00:00,btc-updown-15m-1766628900,TRADE,DOWN,ACCUM,3,2,0.4800,0.9601,33,0.4701,39,0.4801,33,0.9502,1.6427,0.15,-1.2380,4.7620,0.0000,605.68,SUCCESS
2025-12-25T02:02:10.945180+00:00,btc-updown-15m-1766628900,TRADE,UP,ACCUM,3,3,0.4702,1.4106,36,0.4701,39,0.4801,36,0.9502,1.7918,0.08,0.3514,3.3514,0.0000,604.27,SUCCESS
2025-12-25T02:02:10.946416+00:00,btc-updown-15m-1766628900,TRADE,DOWN,ACCUM,3,3,0.4801,1.4403,36,0.4701,42,0.4801,36,0.9502,1.7919,0.14,-1.0889,4.9111,0.0000,602.83,SUCCESS
2025-12-25T02:02:21.755941+00:00,btc-updown-15m-1766628900,TRADE,UP,ACCUM,3,3,0.4802,1.4405,39,0.4709,42,0.4801,39,0.9510,1.9110,0.07,0.4706,3.4706,0.0000,601.39,SUCCESS
2025-12-25T02:02:27.158262+00:00,btc-updown-15m-1766628900,TRADE,DOWN,ACCUM,3,3,0.4702,1.4106,39,0.4709,45,0.4795,39,0.9503,1.9368,0.13,-0.9400,5.0600,0.0000,599.98,SUCCESS
2025-12-25T02:02:38.011506+00:00,btc-updown-15m-1766628900,TRADE,UP,ACCUM,3,3,0.4802,1.4406,42,0.4715,45,0.4795,42,0.9510,2.0578,0.07,0.6194,3.6194,0.0000,598.54,SUCCESS
2025-12-25T02:02:43.516550+00:00,btc-updown-15m-1766628900,TRADE,UP,ACCUM,3,1,0.4802,0.4802,43,0.4717,45,0.4795,43,0.9512,2.0982,0.04,1.1392,3.1392,0.0000,598.06,SUCCESS
2025-12-25T02:02:48.916427+00:00,btc-updown-15m-1766628900,TRADE,UP,ACCUM,3,3,0.4802,1.4407,46,0.4723,45,0.4795,45,0.9518,2.1709,0.02,1.6986,2.6986,0.0000,596.62,SUCCESS
2025-12-25T02:02:48.917538+00:00,btc-updown-15m-1766628900,TRADE,DOWN,ACCUM,3,3,0.4702,1.4107,46,0.4723,48,0.4789,46,0.9512,2.2457,0.04,1.2879,3.2879,0.0000,595.21,SUCCESS
2025-12-25T02:02:54.330172+00:00,btc-updown-15m-1766628900,TRADE,UP,ACCUM,3,1,0.4801,0.4801,47,0.4725,48,0.4789,47,0.9513,2.2867,0.02,1.8078,2.8078,0.0000,594.73,SUCCESS
2025-12-25T02:03:10.655149+00:00,btc-updown-15m-1766628900,TRADE,UP,ACCUM,3,3,0.4802,1.4405,50,0.4729,48,0.4789,48,0.9518,2.3131,0.04,1.3673,3.3673,0.0000,593.28,SUCCESS
2025-12-25T02:03:16.070375+00:00,btc-updown-15m-1766628900,TRADE,UP,ACCUM,3,3,0.4801,1.4404,53,0.4733,48,0.4789,48,0.9522,2.2936,0.09,-0.0731,4.9269,0.0000,591.84,SUCCESS
2025-12-25T02:03:21.642242+00:00,btc-updown-15m-1766628900,TRADE,DOWN,ACCUM,3,3,0.4701,1.4104,53,0.4733,51,0.4784,51,0.9517,2.4631,0.04,1.5165,3.5165,0.0000,590.43,SUCCESS
2025-12-25T02:03:27.070099+00:00,btc-updown-15m-1766628900,TRADE,DOWN,ACCUM,3,3,0.4700,1.4100,53,0.4733,54,0.4779,53,0.9512,2.5844,0.02,2.1065,3.1065,0.0000,589.02,SUCCESS
2025-12-25T02:03:32.469464+00:00,btc-updown-15m-1766628900,TRADE,DOWN,ACCUM,3,3,0.4701,1.4103,53,0.4733,57,0.4775,53,0.9508,2.6061,0.07,0.6961,4.6961,0.0000,587.61,SUCCESS
2025-12-25T02:03:37.874227+00:00,btc-updown-15m-1766628900,TRADE,UP,ACCUM,3,3,0.4802,1.4406,56,0.4737,57,0.4775,56,0.9512,2.7330,0.02,2.2555,3.2555,0.0000,586.17,SUCCESS
2025-12-25T02:03:37.874780+00:00,btc-updown-15m-1766628900,TRADE,DOWN,ACCUM,3,3,0.4702,1.4106,56,0.4737,60,0.4771,56,0.9508,2.7535,0.07,0.8449,4.8449,0.0000,584.76,SUCCESS
2025-12-25T02:03:43.270852+00:00,btc-updown-15m-1766628900,TRADE,UP,ACCUM,3,3,0.4801,1.4404,59,0.4740,60,0.4771,59,0.9512,2.8817,0.02,2.4045,3.4045,0.0000,583.32,SUCCESS
2025-12-25T02:03:59.495029+00:00,btc-updown-15m-1766628900,TRADE,UP,ACCUM,3,3,0.4802,1.4406,62,0.4743,60,0.4771,60,0.9515,2.9126,0.03,1.9639,3.9639,0.0000,581.88,SUCCESS
2025-12-25T02:15:02.920106+00:00,btc-updown-15m-1766628900,RESOLUTION,UP,BINANCE_FALLBACK_SHARED,122,122,1.0000,58.0361,62,0.4743,60,0.4771,60,0.9515,2.9126,0.03,0.0000,0.0000,3.9639,643.88,RESOLVED
2025-12-25T02:15:11.378060+00:00,btc-updown-15m-1766629800,TRADE,UP,ACCUM,6,2,0.4702,0.9404,2,0.4702,0,0.0000,0,0.0000,0.0000,1.00,-0.9404,1.0596,0.0000,642.94,SUCCESS
2025-12-25T02:15:11.378777+00:00,btc-updown-15m-1766629800,TRADE,DOWN,ACCUM,6,6,0.4802,2.8811,2,0.4702,6,0.4802,2,0.9504,0.0992,0.67,-1.8215,2.1785,0.0000,640.06,SUCCESS
2025-12-25T02:15:16.780186+00:00,btc-updown-15m-1766629800,TRADE,UP,ACCUM,5,5,0.4701,2.3504,7,0.4701,6,0.4802,6,0.9503,0.2982,0.14,-0.1719,0.8281,0.0000,637.71,SUCCESS
2025-12-25T02:15:16.780791+00:00,btc-updown-15m-1766629800,TRADE,DOWN,ACCUM,5,5,0.4802,2.4010,7,0.4701,11,0.4802,7,0.9503,0.3479,0.36,-1.5729,2.4271,0.0000,635.31,SUCCESS
2025-12-25T02:15:22.214619+00:00,btc-updown-15m-1766629800,TRADE,UP,ACCUM,5,5,0.4700,2.3501,12,0.4701,11,0.4802,11,0.9503,0.5471,0.08,0.0770,1.0770,0.0000,632.96,SUCCESS
2025-12-25T02:15:22.215139+00:00,btc-updown-15m-1766629800,TRADE,DOWN,ACCUM,4,3,0.4800,1.4400,12,0.4701,14,0.4802,12,0.9502,0.5973,0.14,-0.3630,1.6370,0.0000,631.52,SUCCESS
2025-12-25T02:15:33.027760+00:00,btc-updown-15m-1766629800,TRADE,DOWN,ACCUM,4,4,0.4802,1.9206,12,0.4701,18,0.4802,12,0.9502,0.5973,0.33,-2.2836,3.7164,0.0000,629.60,SUCCESS
2025-12-25T02:15:38.549605+00:00,btc-updown-15m-1766629800,TRADE,UP,ACCUM,4,4,0.4701,1.8806,16,0.4701,18,0.4802,16,0.9502,0.7961,0.11,-0.1642,1.8358,0.0000,627.72,SUCCESS
2025-12-25T02:15:43.971276+00:00,btc-updown-15m-1766629800,TRADE,UP,ACCUM,4,4,0.4702,1.8806,20,0.4701,18,0.4802,18,0.9503,0.8953,0.10,-0.0449,1.9551,0.0000,625.84,SUCCESS
2025-12-25T02:15:43.972158+00:00,btc-updown-15m-1766629800,TRADE,DOWN,ACCUM,4,4,0.4799,1.9196,20,0.4701,22,0.4801,20,0.9502,0.9957,0.09,0.0355,2.0355,0.0000,623.92,SUCCESS
2025-12-25T02:15:54.911317+00:00,btc-updown-15m-1766629800,TRADE,UP,ACCUM,4,4,0.4701,1.8804,24,0.4701,22,0.4801,22,0.9502,1.0953,0.08,0.1551,2.1551,0.0000,622.04,SUCCESS
2025-12-25T02:16:00.417412+00:00,btc-updown-15m-1766629800,TRADE,UP,ACCUM,3,3,0.4700,1.4100,27,0.4701,22,0.4801,22,0.9502,1.0956,0.19,-1.2549,3.7451,0.0000,620.63,SUCCESS
2025-12-25T02:16:00.417970+00:00,btc-updown-15m-1766629800,TRADE,DOWN,ACCUM,3,3,0.4802,1.4405,27,0.4701,25,0.4801,25,0.9502,1.2448,0.07,0.3046,2.3046,0.0000,619.19,SUCCESS
2025-12-25T02:16:05.821899+00:00,btc-updown-15m-1766629800,TRADE,UP,ACCUM,3,2,0.4702,0.9404,29,0.4701,25,0.4801,25,0.9502,1.2445,0.14,-0.6359,3.3641,0.0000,618.25,SUCCESS
2025-12-25T02:16:11.225658+00:00,btc-updown-15m-1766629800,TRADE,UP,ACCUM,3,3,0.4702,1.4107,32,0.4701,25,0.4801,25,0.9502,1.2442,0.22,-2.0466,4.9534,0.0000,616.84,SUCCESS
2025-12-25T02:16:11.226214+00:00,btc-updown-15m-1766629800,TRADE,DOWN,ACCUM,3,3,0.4802,1.4405,32,0.4701,28,0.4801,28,0.9502,1.3934,0.12,-0.4871,3.5129,0.0000,615.39,SUCCESS
2025-12-25T02:16:22.121943+00:00,btc-updown-15m-1766629800,TRADE,UP,ACCUM,3,1,0.4701,0.4701,33,0.4701,28,0.4801,28,0.9502,1.3934,0.15,-0.9572,4.0428,0.0000,614.92,SUCCESS
2025-12-25T02:16:27.555729+00:00,btc-updown-15m-1766629800,TRADE,UP,ACCUM,3,1,0.4702,0.4702,34,0.4701,28,0.4801,28,0.9502,1.3933,0.18,-1.4274,4.5726,0.0000,614.45,SUCCESS
2025-12-25T02:16:38.376047+00:00,btc-updown-15m-1766629800,TRADE,UP,ACCUM,3,3,0.4700,1.4101,37,0.4701,28,0.4801,28,0.9502,1.3935,0.24,-2.8375,6.1625,0.0000,613.04,SUCCESS
2025-12-25T02:16:38.376779+00:00,btc-updown-15m-1766629800,TRADE,DOWN,ACCUM,3,3,0.4800,1.4401,37,0.4701,31,0.4801,31,0.9502,1.5431,0.16,-1.2775,4.7225,0.0000,611.60,SUCCESS
2025-12-25T02:16:49.230547+00:00,btc-updown-15m-1766629800,TRADE,UP,ACCUM,3,3,0.4701,1.4102,40,0.4701,31,0.4801,31,0.9502,1.5432,0.23,-2.6878,6.3122,0.0000,610.19,SUCCESS
2025-12-25T02:16:49.232281+00:00,btc-updown-15m-1766629800,TRADE,DOWN,ACCUM,3,3,0.4801,1.4403,40,0.4701,34,0.4801,34,0.9502,1.6926,0.15,-1.1281,4.8719,0.0000,608.75,SUCCESS
2025-12-25T02:16:54.636804+00:00,btc-updown-15m-1766629800,TRADE,UP,ACCUM,3,3,0.4700,1.4101,43,0.4701,34,0.4801,34,0.9502,1.6928,0.21,-2.5381,6.4619,0.0000,607.34,SUCCESS
2025-12-25T02:16:54.637527+00:00,btc-updown-15m-1766629800,TRADE,DOWN,ACCUM,3,3,0.4802,1.4406,43,0.4701,37,0.4801,37,0.9502,1.8419,0.14,-0.9787,5.0213,0.0000,605.90,SUCCESS
2025-12-25T02:17:00.117320+00:00,btc-updown-15m-1766629800,TRADE,UP,ACCUM,3,3,0.4702,1.4105,46,0.4701,37,0.4801,37,0.9502,1.8417,0.20,-2.3892,6.6108,0.0000,604.49,SUCCESS
2025-12-25T02:17:22.009525+00:00,btc-updown-15m-1766629800,TRADE,DOWN,ACCUM,3,3,0.4801,1.4402,46,0.4701,40,0.4801,40,0.9502,1.9912,0.13,-0.8294,5.1706,0.0000,603.05,SUCCESS
2025-12-25T02:17:27.400032+00:00,btc-updown-15m-1766629800,TRADE,UP,ACCUM,3,3,0.4701,1.4102,49,0.4701,40,0.4801,40,0.9502,1.9914,0.18,-2.2396,6.7604,0.0000,601.64,SUCCESS
2025-12-25T02:17:38.199462+00:00,btc-updown-15m-1766629800,TRADE,DOWN,ACCUM,3,1,0.4800,0.4800,49,0.4701,41,0.4801,41,0.9502,2.0412,0.16,-1.7196,6.2804,0.0000,601.16,SUCCESS
2025-12-25T02:17:49.133885+00:00,btc-updown-15m-1766629800,TRADE,DOWN,ACCUM,3,3,0.4800,1.4401,49,0.4701,44,0.4801,44,0.9502,2.1909,0.10,-0.1597,4.8403,0.0000,599.72,SUCCESS
2025-12-25T02:18:10.868751+00:00,btc-updown-15m-1766629800,TRADE,DOWN,ACCUM,3,3,0.4802,1.4407,49,0.4701,47,0.4801,47,0.9502,2.3398,0.04,1.3996,3.3996,0.0000,598.28,SUCCESS
2025-12-25T02:18:16.441780+00:00,btc-updown-15m-1766629800,TRADE,UP,ACCUM,3,3,0.4702,1.4105,52,0.4701,47,0.4801,47,0.9502,2.3397,0.10,-0.0109,4.9891,0.0000,596.87,SUCCESS
2025-12-25T02:18:21.838972+00:00,btc-updown-15m-1766629800,TRADE,UP,ACCUM,3,3,0.4700,1.4101,55,0.4701,47,0.4801,47,0.9502,2.3398,0.15,-1.4210,6.5790,0.0000,595.46,SUCCESS
2025-12-25T02:18:21.840302+00:00,btc-updown-15m-1766629800,TRADE,DOWN,ACCUM,3,3,0.4802,1.4405,55,0.4701,50,0.4801,50,0.9502,2.4890,0.09,0.1385,5.1385,0.0000,594.02,SUCCESS
2025-12-25T02:18:32.629109+00:00,btc-updown-15m-1766629800,TRADE,UP,ACCUM,3,3,0.4701,1.4102,58,0.4701,50,0.4801,50,0.9502,2.4890,0.14,-1.2718,6.7282,0.0000,592.61,SUCCESS
2025-12-25T02:18:38.061635+00:00,btc-updown-15m-1766629800,TRADE,DOWN,ACCUM,3,3,0.4801,1.4403,58,0.4701,53,0.4801,53,0.9502,2.6385,0.09,0.2880,5.2880,0.0000,591.17,SUCCESS
2025-12-25T02:18:43.474722+00:00,btc-updown-15m-1766629800,TRADE,UP,ACCUM,3,3,0.4700,1.4101,61,0.4701,53,0.4801,53,0.9502,2.6386,0.13,-1.1222,6.8778,0.0000,589.76,SUCCESS
2025-12-25T02:18:54.288921+00:00,btc-updown-15m-1766629800,TRADE,DOWN,ACCUM,3,3,0.4801,1.4403,61,0.4701,56,0.4801,56,0.9502,2.7880,0.08,0.4375,5.4375,0.0000,588.32,SUCCESS
2025-12-25T02:19:05.100730+00:00,btc-updown-15m-1766629800,TRADE,DOWN,ACCUM,3,3,0.4801,1.4404,61,0.4701,59,0.4801,59,0.9502,2.9373,0.03,1.9971,3.9971,0.0000,586.88,SUCCESS
2025-12-25T02:19:16.136557+00:00,btc-updown-15m-1766629800,TRADE,DOWN,ACCUM,3,3,0.4802,1.4407,61,0.4701,62,0.4801,61,0.9502,3.0365,0.02,2.5564,3.5564,0.0000,585.44,SUCCESS
2025-12-25T02:30:02.913734+00:00,btc-updown-15m-1766629800,RESOLUTION,DOWN,BINANCE_FALLBACK_SHARED,123,123,1.0000,58.4436,61,0.4701,62,0.4801,61,0.9502,3.0365,0.02,0.0000,0.0000,3.5564,647.44,RESOLVED
2025-12-25T02:30:10.862367+00:00,btc-updown-15m-1766630700,TRADE,DOWN,ACCUM,6,6,0.4800,2.8800,0,0.0000,6,0.4800,0,0.0000,0.0000,1.00,-2.8800,3.1200,0.0000,644.56,SUCCESS
2025-12-25T02:30:16.263661+00:00,btc-updown-15m-1766630700,TRADE,UP,ACCUM,6,5,0.4702,2.3511,5,0.4702,6,0.4800,5,0.9502,0.2489,0.17,-0.2311,0.7689,0.0000,642.21,SUCCESS
2025-12-25T02:30:21.680212+00:00,btc-updown-15m-1766630700,TRADE,UP,ACCUM,5,5,0.4701,2.3506,10,0.4702,6,0.4800,6,0.9502,0.2990,0.40,-1.5817,2.4183,0.0000,639.86,SUCCESS
2025-12-25T02:30:27.070637+00:00,btc-updown-15m-1766630700,TRADE,DOWN,ACCUM,5,5,0.4801,2.4007,10,0.4702,11,0.4801,10,0.9502,0.4976,0.09,0.0175,1.0175,0.0000,637.46,SUCCESS
2025-12-25T02:30:32.589144+00:00,btc-updown-15m-1766630700,TRADE,DOWN,ACCUM,4,4,0.4802,1.9206,10,0.4702,15,0.4801,10,0.9503,0.4974,0.33,-1.9031,3.0969,0.0000,635.53,SUCCESS
2025-12-25T02:30:38.022987+00:00,btc-updown-15m-1766630700,TRADE,UP,ACCUM,5,5,0.4701,2.3505,15,0.4701,15,0.4801,15,0.9502,0.7464,0.00,0.7464,0.7464,0.0000,633.18,SUCCESS
2025-12-25T02:30:48.854330+00:00,btc-updown-15m-1766630700,TRADE,UP,ACCUM,4,3,0.4702,1.4105,18,0.4701,15,0.4801,15,0.9502,0.7464,0.17,-0.6641,2.3359,0.0000,631.77,SUCCESS
2025-12-25T02:30:54.247320+00:00,btc-updown-15m-1766630700,TRADE,DOWN,ACCUM,4,4,0.4801,1.9204,18,0.4701,19,0.4801,18,0.9502,0.8957,0.05,0.4156,1.4156,0.0000,629.85,SUCCESS
2025-12-25T02:31:05.050594+00:00,btc-updown-15m-1766630700,TRADE,UP,ACCUM,4,4,0.4701,1.8803,22,0.4701,19,0.4801,19,0.9502,0.9457,0.14,-0.4647,2.5353,0.0000,627.97,SUCCESS
2025-12-25T02:31:10.440885+00:00,btc-updown-15m-1766630700,TRADE,UP,ACCUM,3,3,0.4701,1.4103,25,0.4701,19,0.4801,19,0.9502,0.9458,0.24,-1.8750,4.1250,0.0000,626.56,SUCCESS
2025-12-25T02:31:15.852523+00:00,btc-updown-15m-1766630700,TRADE,UP,ACCUM,3,3,0.4702,1.4106,28,0.4701,19,0.4801,19,0.9502,0.9456,0.32,-3.2857,5.7143,0.0000,625.15,SUCCESS
2025-12-25T02:31:15.853612+00:00,btc-updown-15m-1766630700,TRADE,DOWN,ACCUM,4,4,0.4800,1.9202,28,0.4701,23,0.4801,23,0.9502,1.1448,0.18,-1.2059,3.7941,0.0000,623.23,SUCCESS
2025-12-25T02:31:21.347791+00:00,btc-updown-15m-1766630700,TRADE,UP,ACCUM,3,3,0.4702,1.4106,31,0.4701,23,0.4801,23,0.9502,1.1447,0.26,-2.6164,5.3836,0.0000,621.82,SUCCESS
2025-12-25T02:31:21.348456+00:00,btc-updown-15m-1766630700,TRADE,DOWN,ACCUM,3,3,0.4802,1.4407,31,0.4701,26,0.4801,26,0.9502,1.2936,0.16,-1.0571,3.9429,0.0000,620.38,SUCCESS
2025-12-25T02:31:26.739819+00:00,btc-updown-15m-1766630700,TRADE,DOWN,ACCUM,3,3,0.4802,1.4405,31,0.4701,29,0.4801,29,0.9503,1.4427,0.06,0.5024,2.5024,0.0000,618.94,SUCCESS
2025-12-25T02:31:32.141745+00:00,btc-updown-15m-1766630700,TRADE,UP,ACCUM,3,3,0.4702,1.4106,34,0.4701,29,0.4801,29,0.9503,1.4426,0.15,-0.9082,4.0918,0.0000,617.53,SUCCESS
2025-12-25T02:31:37.530211+00:00,btc-updown-15m-1766630700,TRADE,DOWN,ACCUM,3,3,0.4800,1.4400,34,0.4701,32,0.4801,32,0.9502,1.5921,0.06,0.6518,2.6518,0.0000,616.09,SUCCESS
2025-12-25T02:31:43.047238+00:00,btc-updown-15m-1766630700,TRADE,UP,ACCUM,3,3,0.4702,1.4105,37,0.4702,32,0.4801,32,0.9502,1.5921,0.14,-0.7586,4.2414,0.0000,614.68,SUCCESS
2025-12-25T02:31:43.047969+00:00,btc-updown-15m-1766630700,TRADE,DOWN,ACCUM,3,3,0.4800,1.4399,37,0.4702,35,0.4801,35,0.9502,1.7417,0.05,0.8014,2.8014,0.0000,613.24,SUCCESS
2025-12-25T02:31:48.448630+00:00,btc-updown-15m-1766630700,TRADE,UP,ACCUM,3,3,0.4701,1.4103,40,0.4701,35,0.4801,35,0.9502,1.7419,0.12,-0.6089,4.3911,0.0000,611.83,SUCCESS
2025-12-25T02:31:48.449881+00:00,btc-updown-15m-1766630700,TRADE,DOWN,ACCUM,3,3,0.4801,1.4404,40,0.4701,38,0.4801,38,0.9502,1.8910,0.05,0.9507,2.9507,0.0000,610.39,SUCCESS
2025-12-25T02:31:53.986905+00:00,btc-updown-15m-1766630700,TRADE,DOWN,ACCUM,3,3,0.4802,1.4407,40,0.4701,41,0.4801,40,0.9502,1.9902,0.02,1.5101,2.5101,0.0000,608.95,SUCCESS
2025-12-25T02:31:59.395026+00:00,btc-updown-15m-1766630700,TRADE,UP,ACCUM,3,3,0.4701,1.4103,43,0.4701,41,0.4801,41,0.9502,2.0401,0.05,1.0998,3.0998,0.0000,607.54,SUCCESS
2025-12-25T02:32:10.418890+00:00,btc-updown-15m-1766630700,TRADE,UP,ACCUM,3,3,0.4700,1.4101,46,0.4701,41,0.4801,41,0.9502,2.0404,0.11,-0.3103,4.6897,0.0000,606.13,SUCCESS
2025-12-25T02:32:15.823972+00:00,btc-updown-15m-1766630700,TRADE,UP,ACCUM,3,3,0.4702,1.4106,49,0.4701,41,0.4801,41,0.9502,2.0403,0.16,-1.7208,6.2792,0.0000,604.72,SUCCESS
2025-12-25T02:32:15.824183+00:00,btc-updown-15m-1766630700,TRADE,DOWN,ACCUM,3,3,0.4802,1.4406,49,0.4701,44,0.4801,44,0.9502,2.1892,0.10,-0.1614,4.8386,0.0000,603.28,SUCCESS
2025-12-25T02:32:21.222460+00:00,btc-updown-15m-1766630700,TRADE,DOWN,ACCUM,3,3,0.4801,1.4402,49,0.4701,47,0.4801,47,0.9502,2.3386,0.04,1.3983,3.3983,0.0000,601.84,SUCCESS
2025-12-25T02:32:26.630147+00:00,btc-updown-15m-1766630700,TRADE,UP,ACCUM,3,3,0.4700,1.4100,52,0.4701,47,0.4801,47,0.9502,2.3389,0.10,-0.0117,4.9883,0.0000,600.43,SUCCESS
2025-12-25T02:32:37.517770+00:00,btc-updown-15m-1766630700,TRADE,UP,ACCUM,3,3,0.4700,1.4100,55,0.4701,47,0.4801,47,0.9502,2.3393,0.15,-1.4217,6.5783,0.0000,599.02,SUCCESS
2025-12-25T02:32:42.921860+00:00,btc-updown-15m-1766630700,TRADE,UP,ACCUM,3,3,0.4702,1.4105,58,0.4701,47,0.4801,47,0.9502,2.3392,0.19,-2.8322,8.1678,0.0000,597.61,SUCCESS
2025-12-25T02:32:42.922193+00:00,btc-updown-15m-1766630700,TRADE,DOWN,ACCUM,3,3,0.4801,1.4402,58,0.4701,50,0.4801,50,0.9502,2.4886,0.14,-1.2724,6.7276,0.0000,596.17,SUCCESS
2025-12-25T02:32:53.757202+00:00,btc-updown-15m-1766630700,TRADE,DOWN,ACCUM,3,3,0.4802,1.4406,58,0.4701,53,0.4801,53,0.9502,2.6376,0.09,0.2870,5.2870,0.0000,594.73,SUCCESS
2025-12-25T02:32:59.183957+00:00,btc-updown-15m-1766630700,TRADE,UP,ACCUM,3,3,0.4701,1.4104,61,0.4701,53,0.4801,53,0.9502,2.6376,0.13,-1.1234,6.8766,0.0000,593.31,SUCCESS
2025-12-25T02:32:59.184645+00:00,btc-updown-15m-1766630700,TRADE,DOWN,ACCUM,3,3,0.4801,1.4403,61,0.4701,56,0.4801,56,0.9502,2.7870,0.08,0.4363,5.4363,0.0000,591.87,SUCCESS
2025-12-25T02:33:09.974545+00:00,btc-updown-15m-1766630700,TRADE,DOWN,ACCUM,3,3,0.4800,1.4400,61,0.4701,59,0.4801,59,0.9502,2.9366,0.03,1.9963,3.9963,0.0000,590.43,SUCCESS
2025-12-25T02:33:15.383354+00:00,btc-updown-15m-1766630700,TRADE,DOWN,ACCUM,3,3,0.4798,1.4395,61,0.4701,62,0.4801,61,0.9502,3.0369,0.02,2.5568,3.5568,0.0000,588.99,SUCCESS
2025-12-25T02:45:02.120321+00:00,btc-updown-15m-1766630700,RESOLUTION,UP,BINANCE_FALLBACK_SHARED,123,123,1.0000,58.4432,61,0.4701,62,0.4801,61,0.9502,3.0369,0.02,0.0000,0.0000,2.5568,649.99,RESOLVED
2025-12-25T02:45:10.533587+00:00,btc-updown-15m-1766631600,TRADE,UP,ACCUM,6,6,0.4700,2.8201,6,0.4700,0,0.0000,0,0.0000,0.0000,1.00,-2.8201,3.1799,0.0000,647.17,SUCCESS
2025-12-25T02:45:10.534056+00:00,btc-updown-15m-1766631600,TRADE,DOWN,ACCUM,6,6,0.4802,2.8811,6,0.4700,6,0.4802,6,0.9502,0.2988,0.00,0.2988,0.2988,0.0000,644.29,SUCCESS
2025-12-25T02:45:21.307256+00:00,btc-updown-15m-1766631600,TRADE,UP,ACCUM,5,4,0.4700,1.8800,10,0.4700,6,0.4802,6,0.9502,0.2988,0.40,-1.5812,2.4188,0.0000,642.41,SUCCESS
2025-12-25T02:45:26.726367+00:00,btc-updown-15m-1766631600,TRADE,DOWN,ACCUM,5,5,0.4802,2.4009,10,0.4700,11,0.4802,10,0.9502,0.4981,0.09,0.0179,1.0179,0.0000,640.01,SUCCESS
2025-12-25T02:45:32.145933+00:00,btc-updown-15m-1766631600,TRADE,UP,ACCUM,5,5,0.4701,2.3505,15,0.4700,11,0.4802,11,0.9502,0.5476,0.27,-1.3326,2.6674,0.0000,637.66,SUCCESS
2025-12-25T02:45:37.576194+00:00,btc-updown-15m-1766631600,TRADE,DOWN,ACCUM,4,4,0.4902,1.9609,15,0.4700,15,0.4829,15,0.9529,0.7065,0.00,0.7065,0.7065,0.0000,635.70,SUCCESS
2025-12-25T02:45:48.380362+00:00,btc-updown-15m-1766631600,TRADE,UP,ACCUM,4,4,0.4600,1.8401,19,0.4679,15,0.4829,15,0.9508,0.7381,0.21,-1.1337,2.8663,0.0000,633.86,SUCCESS
2025-12-25T02:46:10.100774+00:00,btc-updown-15m-1766631600,TRADE,UP,ACCUM,4,4,0.4600,1.8402,23,0.4666,15,0.4829,15,0.9494,0.7587,0.35,-2.9738,5.0262,0.0000,632.02,SUCCESS
2025-12-25T02:46:10.101348+00:00,btc-updown-15m-1766631600,TRADE,DOWN,ACCUM,4,4,0.4900,1.9601,23,0.4666,19,0.4844,19,0.9509,0.9323,0.17,-0.9340,3.0660,0.0000,630.06,SUCCESS
2025-12-25T02:46:15.517240+00:00,btc-updown-15m-1766631600,TRADE,DOWN,ACCUM,4,4,0.4901,1.9604,23,0.4666,23,0.4854,23,0.9519,1.1056,0.00,1.1056,1.1056,0.0000,628.10,SUCCESS
2025-12-25T02:46:21.000474+00:00,btc-updown-15m-1766631600,TRADE,UP,ACCUM,3,3,0.4602,1.3806,26,0.4658,23,0.4854,23,0.9512,1.1225,0.12,-0.2750,2.7250,0.0000,626.72,SUCCESS
2025-12-25T02:46:21.001248+00:00,btc-updown-15m-1766631600,TRADE,DOWN,ACCUM,3,3,0.4902,1.4705,26,0.4658,26,0.4859,26,0.9518,1.2545,0.00,1.2545,1.2545,0.0000,625.25,SUCCESS
2025-12-25T02:46:26.513834+00:00,btc-updown-15m-1766631600,TRADE,UP,ACCUM,3,3,0.4601,1.3803,29,0.4652,26,0.4859,26,0.9512,1.2698,0.10,-0.1259,2.8741,0.0000,623.87,SUCCESS
2025-12-25T02:46:31.921152+00:00,btc-updown-15m-1766631600,TRADE,UP,ACCUM,3,3,0.4601,1.3803,32,0.4648,26,0.4859,26,0.9507,1.2823,0.19,-1.5062,4.4938,0.0000,622.49,SUCCESS
2025-12-25T02:46:37.336258+00:00,btc-updown-15m-1766631600,TRADE,UP,ACCUM,3,3,0.4602,1.3806,35,0.4644,26,0.4859,26,0.9503,1.2925,0.26,-2.8867,6.1133,0.0000,621.11,SUCCESS
2025-12-25T02:46:48.352989+00:00,btc-updown-15m-1766631600,TRADE,DOWN,ACCUM,3,3,0.4901,1.4703,35,0.4644,29,0.4864,29,0.9507,1.4291,0.17,-1.3571,4.6429,0.0000,619.64,SUCCESS
2025-12-25T02:46:53.744653+00:00,btc-updown-15m-1766631600,TRADE,UP,ACCUM,3,3,0.4602,1.3805,38,0.4640,29,0.4864,29,0.9504,1.4387,0.24,-2.7375,6.2625,0.0000,618.26,SUCCESS
2025-12-25T02:47:15.535821+00:00,btc-updown-15m-1766631600,TRADE,DOWN,ACCUM,3,3,0.4901,1.4704,38,0.4640,32,0.4867,32,0.9507,1.5762,0.16,-1.2080,4.7920,0.0000,616.79,SUCCESS
2025-12-25T02:47:21.070596+00:00,btc-updown-15m-1766631600,TRADE,UP,ACCUM,3,3,0.4601,1.3802,41,0.4637,32,0.4867,32,0.9505,1.5855,0.22,-2.5881,6.4119,0.0000,615.41,SUCCESS
2025-12-25T02:47:21.071087+00:00,btc-updown-15m-1766631600,TRADE,DOWN,ACCUM,3,3,0.4899,1.4696,41,0.4637,35,0.4870,35,0.9507,1.7247,0.15,-1.0578,4.9422,0.0000,613.94,SUCCESS
2025-12-25T02:47:26.474232+00:00,btc-updown-15m-1766631600,TRADE,UP,ACCUM,3,3,0.4600,1.3799,44,0.4635,35,0.4870,35,0.9505,1.7337,0.20,-2.4377,6.5623,0.0000,612.56,SUCCESS
2025-12-25T02:47:26.475612+00:00,btc-updown-15m-1766631600,TRADE,DOWN,ACCUM,3,3,0.4902,1.4707,44,0.4635,38,0.4872,38,0.9507,1.8725,0.14,-0.9084,5.0916,0.0000,611.09,SUCCESS
2025-12-25T02:47:37.490008+00:00,btc-updown-15m-1766631600,TRADE,UP,ACCUM,3,3,0.4602,1.3805,47,0.4633,38,0.4872,38,0.9505,1.8805,0.19,-2.2889,6.7111,0.0000,609.71,SUCCESS
2025-12-25T02:47:42.901333+00:00,btc-updown-15m-1766631600,TRADE,DOWN,ACCUM,3,3,0.4900,1.4701,47,0.4633,41,0.4874,41,0.9507,2.0206,0.13,-0.7591,5.2409,0.0000,608.24,SUCCESS
2025-12-25T02:47:48.311235+00:00,btc-updown-15m-1766631600,TRADE,DOWN,ACCUM,3,3,0.4901,1.4703,47,0.4633,44,0.4876,44,0.9509,2.1604,0.06,0.7706,3.7706,0.0000,606.77,SUCCESS
2025-12-25T02:47:53.727717+00:00,btc-updown-15m-1766631600,TRADE,UP,ACCUM,3,3,0.4602,1.3806,50,0.4631,44,0.4876,44,0.9507,2.1686,0.12,-0.6100,5.3900,0.0000,605.38,SUCCESS
2025-12-25T02:47:53.728689+00:00,btc-updown-15m-1766631600,TRADE,DOWN,ACCUM,3,3,0.4900,1.4701,50,0.4631,47,0.4878,47,0.9509,2.3092,0.06,0.9199,3.9199,0.0000,603.91,SUCCESS
2025-12-25T02:47:59.142641+00:00,btc-updown-15m-1766631600,TRADE,UP,ACCUM,3,3,0.4600,1.3801,53,0.4629,47,0.4878,47,0.9507,2.3173,0.11,-0.4602,5.5398,0.0000,602.53,SUCCESS
2025-12-25T02:47:59.144133+00:00,btc-updown-15m-1766631600,TRADE,DOWN,ACCUM,3,3,0.4901,1.4704,53,0.4629,50,0.4879,50,0.9508,2.4581,0.06,1.0694,4.0694,0.0000,601.06,SUCCESS
2025-12-25T02:48:04.528146+00:00,btc-updown-15m-1766631600,TRADE,UP,ACCUM,3,3,0.4600,1.3801,56,0.4628,50,0.4879,50,0.9507,2.4658,0.11,-0.3108,5.6892,0.0000,599.68,SUCCESS
2025-12-25T02:48:04.528489+00:00,btc-updown-15m-1766631600,TRADE,DOWN,ACCUM,3,3,0.4901,1.4702,56,0.4628,53,0.4880,53,0.9508,2.6073,0.05,1.2190,4.2190,0.0000,598.21,SUCCESS
2025-12-25T02:48:09.933445+00:00,btc-updown-15m-1766631600,TRADE,UP,ACCUM,3,3,0.4600,1.3801,59,0.4626,53,0.4880,53,0.9507,2.6146,0.10,-0.1611,5.8389,0.0000,596.83,SUCCESS
2025-12-25T02:48:15.346199+00:00,btc-updown-15m-1766631600,TRADE,DOWN,ACCUM,3,2,0.4900,0.9801,59,0.4626,55,0.4881,55,0.9507,2.7093,0.07,0.8588,4.8588,0.0000,595.85,SUCCESS
2025-12-25T02:48:20.759335+00:00,btc-updown-15m-1766631600,TRADE,UP,ACCUM,3,3,0.4602,1.3806,62,0.4625,55,0.4881,55,0.9506,2.7158,0.11,-0.5217,6.4783,0.0000,594.47,SUCCESS
2025-12-25T02:48:26.166717+00:00,btc-updown-15m-1766631600,TRADE,DOWN,ACCUM,3,3,0.4901,1.4702,62,0.4625,58,0.4882,58,0.9507,2.8581,0.06,1.0081,5.0081,0.0000,593.00,SUCCESS
2025-12-25T02:48:31.576026+00:00,btc-updown-15m-1766631600,TRADE,DOWN,ACCUM,3,3,0.4902,1.4705,62,0.4625,61,0.4883,61,0.9508,3.0000,0.02,2.5375,3.5375,0.0000,591.53,SUCCESS
2025-12-25T03:00:02.129627+00:00,btc-updown-15m-1766631600,RESOLUTION,DOWN,BINANCE_FALLBACK_SHARED,123,123,1.0000,58.4625,62,0.4625,61,0.4883,61,0.9508,3.0000,0.02,0.0000,0.0000,2.5375,652.53,RESOLVED
2025-12-25T03:15:12.009512+00:00,btc-updown-15m-1766632500,TRADE,UP,ACCUM,2,2,0.5252,1.0504,2,0.5252,0,0.0000,0,0.0000,0.0000,1.00,-1.0504,0.9496,0.0000,98.95,SUCCESS
2025-12-25T03:15:12.010247+00:00,btc-updown-15m-1766632500,TRADE,DOWN,ACCUM,3,3,0.4751,1.4253,2,0.5252,3,0.4751,2,1.0003,-0.0006,0.33,-0.4757,0.5243,0.0000,97.52,SUCCESS
2025-12-25T03:15:12.308467+00:00,btc-updown-15m-1766632500,RESOLUTION,UP,BINANCE_FALLBACK_SHARED,5,5,1.0000,2.4757,2,0.5252,3,0.4751,2,1.0003,-0.0006,0.33,0.0000,0.0000,-0.4757,99.52,RESOLVED
2025-12-25T03:15:27.076030+00:00,btc-updown-15m-1766633400,TRADE,DOWN,ACCUM,3,3,0.4601,1.3802,0,0.0000,3,0.4601,0,0.0000,0.0000,1.00,-1.3802,1.6198,0.0000,98.14,SUCCESS
2025-12-25T03:15:32.937093+00:00,btc-updown-15m-1766633400,TRADE,DOWN,ACCUM,3,3,0.4801,1.4402,0,0.0000,6,0.4701,0,0.0000,0.0000,1.00,-2.8204,3.1796,0.0000,96.70,SUCCESS
2025-12-25T03:15:38.836405+00:00,btc-updown-15m-1766633400,TRADE,UP,ACCUM,3,3,0.4701,1.4103,3,0.4701,6,0.4701,3,0.9402,0.1795,0.50,-1.2306,1.7694,0.0000,95.29,SUCCESS
2025-12-25T03:15:44.698917+00:00,btc-updown-15m-1766633400,TRADE,UP,ACCUM,3,3,0.4700,1.4099,6,0.4700,6,0.4701,6,0.9401,0.3594,0.00,0.3594,0.3594,0.0000,93.88,SUCCESS
2025-12-25T03:15:50.121010+00:00,btc-updown-15m-1766633400,TRADE,UP,ACCUM,3,3,0.4701,1.4104,9,0.4701,6,0.4701,6,0.9401,0.3592,0.33,-1.0510,1.9490,0.0000,92.47,SUCCESS
2025-12-25T03:15:50.121646+00:00,btc-updown-15m-1766633400,TRADE,DOWN,ACCUM,3,3,0.4801,1.4404,9,0.4701,9,0.4734,9,0.9435,0.5086,0.00,0.5086,0.5086,0.0000,91.03,SUCCESS
2025-12-25T03:15:55.544135+00:00,btc-updown-15m-1766633400,TRADE,DOWN,ACCUM,3,3,0.4801,1.4404,9,0.4701,12,0.4751,9,0.9452,0.4935,0.25,-0.9318,2.0682,0.0000,89.59,SUCCESS
2025-12-25T03:16:11.723065+00:00,btc-updown-15m-1766633400,TRADE,DOWN,ACCUM,3,3,0.4800,1.4401,9,0.4701,15,0.4761,9,0.9462,0.4846,0.40,-2.3719,3.6281,0.0000,88.15,SUCCESS
2025-12-25T03:16:17.120980+00:00,btc-updown-15m-1766633400,TRADE,UP,ACCUM,3,3,0.4701,1.4102,12,0.4701,15,0.4761,12,0.9462,0.6461,0.20,-0.7821,2.2179,0.0000,86.74,SUCCESS
2025-12-25T03:16:22.552528+00:00,btc-updown-15m-1766633400,TRADE,UP,ACCUM,3,3,0.4701,1.4102,15,0.4701,15,0.4761,15,0.9462,0.8077,0.00,0.8077,0.8077,0.0000,85.33,SUCCESS
2025-12-25T03:30:02.200542+00:00,btc-updown-15m-1766633400,RESOLUTION,DOWN,BINANCE_FALLBACK_SHARED,30,30,1.0000,14.1923,15,0.4701,15,0.4761,15,0.9462,0.8077,0.00,0.0000,0.0000,0.8077,100.33,RESOLVED
2025-12-25T03:30:10.885759+00:00,btc-updown-15m-1766634300,TRADE,DOWN,ACCUM,3,3,0.4802,1.4405,0,0.0000,3,0.4802,0,0.0000,0.0000,1.00,-1.4405,1.5595,0.0000,98.89,SUCCESS
2025-12-25T03:30:16.314854+00:00,btc-updown-15m-1766634300,TRADE,UP,ACCUM,3,3,0.4701,1.4102,3,0.4701,3,0.4802,3,0.9502,0.1493,0.00,0.1493,0.1493,0.0000,97.48,SUCCESS
2025-12-25T03:30:16.315817+00:00,btc-updown-15m-1766634300,TRADE,DOWN,ACCUM,3,3,0.4801,1.4402,3,0.4701,6,0.4801,3,0.9502,0.1495,0.50,-1.2909,1.7091,0.0000,96.04,SUCCESS
2025-12-25T03:30:21.766332+00:00,btc-updown-15m-1766634300,TRADE,DOWN,ACCUM,3,3,0.4802,1.4406,3,0.4701,9,0.4801,3,0.9502,0.1494,0.67,-2.7314,3.2686,0.0000,94.60,SUCCESS
2025-12-25T03:30:27.182001+00:00,btc-updown-15m-1766634300,TRADE,UP,ACCUM,3,3,0.4701,1.4102,6,0.4701,9,0.4801,6,0.9502,0.2988,0.33,-1.1416,1.8584,0.0000,93.19,SUCCESS
2025-12-25T03:30:32.598216+00:00,btc-updown-15m-1766634300,TRADE,UP,ACCUM,3,3,0.4701,1.4103,9,0.4701,9,0.4801,9,0.9502,0.4481,0.00,0.4481,0.4481,0.0000,91.78,SUCCESS
2025-12-25T03:30:43.434775+00:00,btc-updown-15m-1766634300,TRADE,DOWN,ACCUM,3,3,0.4701,1.4104,9,0.4701,12,0.4776,9,0.9477,0.4706,0.25,-0.9623,2.0377,0.0000,90.37,SUCCESS
2025-12-25T03:30:54.298026+00:00,btc-updown-15m-1766634300,TRADE,UP,ACCUM,3,3,0.4801,1.4403,12,0.4726,12,0.4776,12,0.9502,0.5974,0.00,0.5974,0.5974,0.0000,88.93,SUCCESS
2025-12-25T03:30:59.711411+00:00,btc-updown-15m-1766634300,TRADE,UP,ACCUM,3,3,0.4800,1.4400,15,0.4741,12,0.4776,12,0.9517,0.5796,0.20,-0.8426,2.1574,0.0000,87.49,SUCCESS
2025-12-25T03:30:59.711975+00:00,btc-updown-15m-1766634300,TRADE,DOWN,ACCUM,3,3,0.4700,1.4100,15,0.4741,15,0.4761,15,0.9502,0.7473,0.00,0.7473,0.7473,0.0000,86.08,SUCCESS
2025-12-25T03:45:03.770243+00:00,btc-updown-15m-1766634300,RESOLUTION,DOWN,BINANCE_FALLBACK_SHARED,30,30,1.0000,14.2527,15,0.4741,15,0.4761,15,0.9502,0.7473,0.00,0.0000,0.0000,0.7473,101.08,RESOLVED
2025-12-25T03:45:11.962388+00:00,btc-updown-15m-1766635200,TRADE,UP,ACCUM,3,3,0.4802,1.4406,3,0.4802,0,0.0000,0,0.0000,0.0000,1.00,-1.4406,1.5594,0.0000,99.64,SUCCESS
2025-12-25T03:45:17.388019+00:00,btc-updown-15m-1766635200,TRADE,UP,ACCUM,3,3,0.4801,1.4403,6,0.4802,0,0.0000,0,0.0000,0.0000,1.00,-2.8809,3.1191,0.0000,98.20,SUCCESS
2025-12-25T03:45:22.952219+00:00,btc-updown-15m-1766635200,TRADE,UP,ACCUM,3,3,0.4800,1.4400,9,0.4801,0,0.0000,0,0.0000,0.0000,1.00,-4.3209,4.6791,0.0000,96.76,SUCCESS
2025-12-25T03:45:28.382679+00:00,btc-updown-15m-1766635200,TRADE,DOWN,ACCUM,3,3,0.4701,1.4103,9,0.4801,3,0.4701,3,0.9502,0.1494,0.67,-2.7312,3.2688,0.0000,95.35,SUCCESS
2025-12-25T03:45:33.768385+00:00,btc-updown-15m-1766635200,TRADE,UP,ACCUM,3,3,0.4802,1.4405,12,0.4801,3,0.4701,3,0.9502,0.1494,0.75,-4.1717,4.8283,0.0000,93.91,SUCCESS
2025-12-25T03:45:33.768854+00:00,btc-updown-15m-1766635200,TRADE,DOWN,ACCUM,3,3,0.4700,1.4101,12,0.4801,6,0.4701,6,0.9502,0.2989,0.50,-2.5819,3.4181,0.0000,92.50,SUCCESS
2025-12-25T03:45:39.196417+00:00,btc-updown-15m-1766635200,TRADE,UP,ACCUM,3,3,0.4801,1.4403,15,0.4801,6,0.4701,6,0.9502,0.2989,0.60,-4.0221,4.9779,0.0000,91.06,SUCCESS
2025-12-25T03:46:00.955308+00:00,btc-updown-15m-1766635200,TRADE,DOWN,ACCUM,3,3,0.4701,1.4104,15,0.4801,9,0.4701,9,0.9502,0.4481,0.40,-2.4326,3.5674,0.0000,89.65,SUCCESS
2025-12-25T03:46:06.366203+00:00,btc-updown-15m-1766635200,TRADE,DOWN,ACCUM,3,3,0.4702,1.4107,15,0.4801,12,0.4701,12,0.9502,0.5971,0.20,-0.8433,2.1567,0.0000,88.24,SUCCESS
2025-12-25T03:46:11.775451+00:00,btc-updown-15m-1766635200,TRADE,DOWN,ACCUM,3,3,0.4702,1.4105,15,0.4801,15,0.4701,15,0.9503,0.7462,0.00,0.7462,0.7462,0.0000,86.83,SUCCESS
2025-12-25T04:00:00.757475+00:00,btc-updown-15m-1766635200,RESOLUTION,UP,BINANCE_FALLBACK_SHARED,30,30,1.0000,14.2538,15,0.4801,15,0.4701,15,0.9503,0.7462,0.00,0.0000,0.0000,0.7462,101.83,RESOLVED
2025-12-25T04:00:25.690560+00:00,btc-updown-15m-1766636100,TRADE,DOWN,ACCUM,3,3,0.4700,1.4100,0,0.0000,3,0.4700,0,0.0000,0.0000,1.00,-1.4100,1.5900,0.0000,100.42,SUCCESS
2025-12-25T04:00:31.283770+00:00,btc-updown-15m-1766636100,TRADE,DOWN,ACCUM,3,3,0.4702,1.4105,0,0.0000,6,0.4701,0,0.0000,0.0000,1.00,-2.8206,3.1794,0.0000,99.01,SUCCESS
2025-12-25T04:00:36.670486+00:00,btc-updown-15m-1766636100,TRADE,UP,ACCUM,3,3,0.4700,1.4101,3,0.4700,6,0.4701,3,0.9401,0.1797,0.50,-1.2306,1.7694,0.0000,97.59,SUCCESS
2025-12-25T04:00:42.086422+00:00,btc-updown-15m-1766636100,TRADE,UP,ACCUM,3,3,0.4702,1.4106,6,0.4701,6,0.4701,6,0.9402,0.3588,0.00,0.3588,0.3588,0.0000,96.18,SUCCESS
2025-12-25T04:00:47.500349+00:00,btc-updown-15m-1766636100,TRADE,UP,ACCUM,3,2,0.4700,0.9401,8,0.4701,6,0.4701,6,0.9402,0.3589,0.25,-0.5813,1.4187,0.0000,95.24,SUCCESS
2025-12-25T04:00:58.390648+00:00,btc-updown-15m-1766636100,TRADE,DOWN,ACCUM,3,3,0.4802,1.4407,8,0.4701,9,0.4735,8,0.9436,0.4515,0.11,-0.0220,0.9780,0.0000,93.80,SUCCESS
2025-12-25T04:01:03.789882+00:00,btc-updown-15m-1766636100,TRADE,UP,ACCUM,3,3,0.4700,1.4101,11,0.4701,9,0.4735,9,0.9435,0.5081,0.18,-0.4321,1.5679,0.0000,92.39,SUCCESS
2025-12-25T04:01:03.790478+00:00,btc-updown-15m-1766636100,TRADE,DOWN,ACCUM,3,3,0.4802,1.4405,11,0.4701,12,0.4751,11,0.9452,0.6026,0.08,0.1274,1.1274,0.0000,90.95,SUCCESS
2025-12-25T04:01:09.292277+00:00,btc-updown-15m-1766636100,TRADE,UP,ACCUM,3,3,0.4700,1.4101,14,0.4701,12,0.4751,12,0.9452,0.6575,0.14,-0.2827,1.7173,0.0000,89.54,SUCCESS
2025-12-25T04:01:25.492467+00:00,btc-updown-15m-1766636100,TRADE,DOWN,ACCUM,3,3,0.4802,1.4407,14,0.4701,15,0.4762,14,0.9462,0.7528,0.07,0.2766,1.2766,0.0000,88.10,SUCCESS
2025-12-25T04:15:04.107874+00:00,btc-updown-15m-1766636100,RESOLUTION,DOWN,BINANCE_FALLBACK_SHARED,29,29,1.0000,13.7234,14,0.4701,15,0.4762,14,0.9462,0.7528,0.07,0.0000,0.0000,1.2766,103.10,RESOLVED
2025-12-25T04:15:12.264700+00:00,btc-updown-15m-1766637000,TRADE,UP,ACCUM,3,3,0.4801,1.4403,3,0.4801,0,0.0000,0,0.0000,0.0000,1.00,-1.4403,1.5597,0.0000,101.66,SUCCESS
2025-12-25T04:15:12.265373+00:00,btc-updown-15m-1766637000,TRADE,DOWN,ACCUM,3,3,0.4700,1.4100,3,0.4801,3,0.4700,3,0.9501,0.1497,0.00,0.1497,0.1497,0.0000,100.25,SUCCESS
2025-12-25T04:15:17.680113+00:00,btc-updown-15m-1766637000,TRADE,UP,ACCUM,3,3,0.4801,1.4402,6,0.4801,3,0.4700,3,0.9501,0.1497,0.50,-1.2905,1.7095,0.0000,98.81,SUCCESS
2025-12-25T04:15:23.335124+00:00,btc-updown-15m-1766637000,TRADE,UP,ACCUM,3,3,0.4801,1.4403,9,0.4801,3,0.4700,3,0.9501,0.1497,0.67,-2.7309,3.2691,0.0000,97.37,SUCCESS
2025-12-25T04:15:28.832334+00:00,btc-updown-15m-1766637000,TRADE,UP,ACCUM,3,3,0.4800,1.4400,12,0.4801,3,0.4700,3,0.9501,0.1498,0.75,-4.1709,4.8291,0.0000,95.93,SUCCESS
2025-12-25T04:15:45.039121+00:00,btc-updown-15m-1766637000,TRADE,DOWN,ACCUM,3,3,0.4701,1.4104,12,0.4801,6,0.4701,6,0.9501,0.2992,0.50,-2.5812,3.4188,0.0000,94.52,SUCCESS
2025-12-25T04:15:50.445126+00:00,btc-updown-15m-1766637000,TRADE,UP,ACCUM,3,3,0.4802,1.4406,15,0.4801,6,0.4701,6,0.9502,0.2991,0.60,-4.0218,4.9782,0.0000,93.08,SUCCESS
2025-12-25T04:16:06.749970+00:00,btc-updown-15m-1766637000,TRADE,DOWN,ACCUM,3,3,0.4702,1.4105,15,0.4801,9,0.4701,9,0.9502,0.4483,0.40,-2.4323,3.5677,0.0000,91.67,SUCCESS
2025-12-25T04:16:12.258045+00:00,btc-updown-15m-1766637000,TRADE,DOWN,ACCUM,3,3,0.4699,1.4098,15,0.4801,12,0.4701,12,0.9501,0.5983,0.20,-0.8420,2.1580,0.0000,90.26,SUCCESS
2025-12-25T04:16:28.559415+00:00,btc-updown-15m-1766637000,TRADE,DOWN,ACCUM,3,3,0.4701,1.4102,15,0.4801,15,0.4701,15,0.9501,0.7478,0.00,0.7478,0.7478,0.0000,88.85,SUCCESS
2025-12-25T04:30:01.703497+00:00,btc-updown-15m-1766637000,RESOLUTION,DOWN,BINANCE_FALLBACK_SHARED,30,30,1.0000,14.2522,15,0.4801,15,0.4701,15,0.9501,0.7478,0.00,0.0000,0.0000,0.7478,103.85,RESOLVED
2025-12-25T04:30:09.451990+00:00,btc-updown-15m-1766637900,TRADE,UP,ACCUM,3,3,0.4801,1.4404,3,0.4801,0,0.0000,0,0.0000,0.0000,1.00,-1.4404,1.5596,0.0000,102.41,SUCCESS
2025-12-25T04:30:09.452770+00:00,btc-updown-15m-1766637900,TRADE,DOWN,ACCUM,3,1,0.4702,0.4702,3,0.4801,1,0.4702,1,0.9503,0.0497,0.67,-0.9106,1.0894,0.0000,101.94,SUCCESS
2025-12-25T04:30:14.874263+00:00,btc-updown-15m-1766637900,TRADE,UP,ACCUM,3,3,0.4801,1.4404,6,0.4801,1,0.4702,1,0.9503,0.0497,0.83,-2.3509,2.6491,0.0000,100.50,SUCCESS
2025-12-25T04:30:14.874719+00:00,btc-updown-15m-1766637900,TRADE,DOWN,ACCUM,3,3,0.4700,1.4101,6,0.4801,4,0.4701,4,0.9502,0.1992,0.33,-0.7611,1.2389,0.0000,99.09,SUCCESS
2025-12-25T04:30:20.283089+00:00,btc-updown-15m-1766637900,TRADE,UP,ACCUM,3,3,0.4800,1.4401,9,0.4801,4,0.4701,4,0.9502,0.1993,0.56,-2.2012,2.7988,0.0000,97.65,SUCCESS
2025-12-25T04:30:31.286469+00:00,btc-updown-15m-1766637900,TRADE,DOWN,ACCUM,3,3,0.4701,1.4104,9,0.4801,7,0.4701,7,0.9502,0.3486,0.22,-0.6116,1.3884,0.0000,96.24,SUCCESS
2025-12-25T04:30:47.502058+00:00,btc-updown-15m-1766637900,TRADE,UP,ACCUM,3,3,0.4802,1.4407,12,0.4801,7,0.4701,7,0.9502,0.3484,0.42,-2.0523,2.9477,0.0000,94.80,SUCCESS
2025-12-25T04:30:47.503603+00:00,btc-updown-15m-1766637900,TRADE,DOWN,ACCUM,3,3,0.4702,1.4105,12,0.4801,10,0.4701,10,0.9503,0.4975,0.17,-0.4628,1.5372,0.0000,93.39,SUCCESS
2025-12-25T04:30:52.915067+00:00,btc-updown-15m-1766637900,TRADE,UP,ACCUM,3,3,0.4801,1.4402,15,0.4801,10,0.4701,10,0.9502,0.4977,0.33,-1.9029,3.0971,0.0000,91.95,SUCCESS
2025-12-25T04:30:58.523773+00:00,btc-updown-15m-1766637900,TRADE,DOWN,ACCUM,3,3,0.4701,1.4103,15,0.4801,13,0.4701,13,0.9502,0.6470,0.13,-0.3133,1.6867,0.0000,90.54,SUCCESS
2025-12-25T04:32:19.972919+00:00,btc-updown-15m-1766637900,TRADE,DOWN,ACCUM,3,3,0.4701,1.4103,15,0.4801,16,0.4701,15,0.9502,0.7465,0.06,0.2764,1.2764,0.0000,89.13,SUCCESS
2025-12-25T04:45:00.476319+00:00,btc-updown-15m-1766637900,RESOLUTION,UP,BINANCE_FALLBACK_SHARED,31,31,1.0000,14.7236,15,0.4801,16,0.4701,15,0.9502,0.7465,0.06,0.0000,0.0000,0.2764,104.13,RESOLVED
2025-12-25T04:45:14.198881+00:00,btc-updown-15m-1766638800,TRADE,UP,ACCUM,3,3,0.4701,1.4103,3,0.4701,0,0.0000,0,0.0000,0.0000,1.00,-1.4103,1.5897,0.0000,102.72,SUCCESS
2025-12-25T04:45:14.199539+00:00,btc-updown-15m-1766638800,TRADE,DOWN,ACCUM,3,3,0.4801,1.4403,3,0.4701,3,0.4801,3,0.9502,0.1494,0.00,0.1494,0.1494,0.0000,101.28,SUCCESS
2025-12-25T04:45:19.605745+00:00,btc-updown-15m-1766638800,TRADE,DOWN,ACCUM,3,3,0.4801,1.4404,3,0.4701,6,0.4801,3,0.9502,0.1493,0.50,-1.2910,1.7090,0.0000,99.84,SUCCESS
2025-12-25T04:45:25.013664+00:00,btc-updown-15m-1766638800,TRADE,DOWN,ACCUM,3,3,0.4801,1.4402,3,0.4701,9,0.4801,3,0.9502,0.1494,0.67,-2.7312,3.2688,0.0000,98.40,SUCCESS
2025-12-25T04:45:30.434072+00:00,btc-updown-15m-1766638800,TRADE,UP,ACCUM,3,2,0.4701,0.9402,5,0.4701,9,0.4801,5,0.9502,0.2489,0.44,-1.6715,2.3285,0.0000,97.45,SUCCESS
2025-12-25T04:45:46.684385+00:00,btc-updown-15m-1766638800,TRADE,DOWN,ACCUM,3,3,0.4801,1.4404,5,0.4701,12,0.4801,5,0.9502,0.2489,0.58,-3.1119,3.8881,0.0000,96.01,SUCCESS
2025-12-25T04:45:52.085377+00:00,btc-updown-15m-1766638800,TRADE,UP,ACCUM,3,3,0.4702,1.4106,8,0.4701,12,0.4801,8,0.9503,0.3980,0.33,-1.5225,2.4775,0.0000,94.60,SUCCESS
2025-12-25T04:45:52.086062+00:00,btc-updown-15m-1766638800,TRADE,DOWN,ACCUM,3,3,0.4800,1.4401,8,0.4701,15,0.4801,8,0.9502,0.3981,0.47,-2.9625,4.0375,0.0000,93.16,SUCCESS
2025-12-25T04:45:57.487486+00:00,btc-updown-15m-1766638800,TRADE,UP,ACCUM,3,3,0.4702,1.4106,11,0.4702,15,0.4801,11,0.9503,0.5472,0.27,-1.3732,2.6268,0.0000,91.75,SUCCESS
2025-12-25T04:46:02.914158+00:00,btc-updown-15m-1766638800,TRADE,UP,ACCUM,3,1,0.4702,0.4702,12,0.4702,15,0.4801,12,0.9503,0.5969,0.20,-0.8434,2.1566,0.0000,91.28,SUCCESS
2025-12-25T04:46:08.364490+00:00,btc-updown-15m-1766638800,TRADE,UP,ACCUM,3,3,0.4700,1.4101,15,0.4701,15,0.4801,15,0.9502,0.7465,0.00,0.7465,0.7465,0.0000,89.87,SUCCESS
2025-12-25T05:00:02.495529+00:00,btc-updown-15m-1766638800,RESOLUTION,DOWN,BINANCE_FALLBACK_SHARED,30,30,1.0000,14.2535,15,0.4701,15,0.4801,15,0.9502,0.7465,0.00,0.0000,0.0000,0.7465,104.87,RESOLVED
2025-12-25T05:00:10.930677+00:00,btc-updown-15m-1766639700,TRADE,UP,ACCUM,3,3,0.4801,1.4403,3,0.4801,0,0.0000,0,0.0000,0.0000,1.00,-1.4403,1.5597,0.0000,103.43,SUCCESS
2025-12-25T05:00:10.931248+00:00,btc-updown-15m-1766639700,TRADE,DOWN,ACCUM,3,3,0.4701,1.4102,3,0.4801,3,0.4701,3,0.9502,0.1494,0.00,0.1494,0.1494,0.0000,102.02,SUCCESS
2025-12-25T05:00:21.784856+00:00,btc-updown-15m-1766639700,TRADE,DOWN,ACCUM,3,3,0.4700,1.4101,3,0.4801,6,0.4701,3,0.9502,0.1495,0.50,-1.2607,1.7393,0.0000,100.61,SUCCESS
2025-12-25T05:00:27.205074+00:00,btc-updown-15m-1766639700,TRADE,UP,ACCUM,3,3,0.4801,1.4403,6,0.4801,6,0.4701,6,0.9502,0.2990,0.00,0.2990,0.2990,0.0000,99.17,SUCCESS
2025-12-25T05:00:32.633338+00:00,btc-updown-15m-1766639700,TRADE,DOWN,ACCUM,3,3,0.4701,1.4103,6,0.4801,9,0.4701,6,0.9502,0.2990,0.33,-1.1112,1.8888,0.0000,97.76,SUCCESS
2025-12-25T05:00:38.064308+00:00,btc-updown-15m-1766639700,TRADE,UP,ACCUM,3,3,0.4801,1.4403,9,0.4801,9,0.4701,9,0.9502,0.4484,0.00,0.4484,0.4484,0.0000,96.32,SUCCESS
2025-12-25T05:00:54.257572+00:00,btc-updown-15m-1766639700,TRADE,UP,ACCUM,3,3,0.4801,1.4403,12,0.4801,9,0.4701,9,0.9502,0.4485,0.25,-0.9918,2.0082,0.0000,94.88,SUCCESS
2025-12-25T05:01:10.459618+00:00,btc-updown-15m-1766639700,TRADE,UP,ACCUM,3,3,0.4802,1.4406,15,0.4801,9,0.4701,9,0.9502,0.4483,0.40,-2.4324,3.5676,0.0000,93.44,SUCCESS
2025-12-25T05:01:32.040959+00:00,btc-updown-15m-1766639700,TRADE,DOWN,ACCUM,3,3,0.4700,1.4101,15,0.4801,12,0.4701,12,0.9502,0.5979,0.20,-0.8425,2.1575,0.0000,92.03,SUCCESS
2025-12-25T05:01:48.246837+00:00,btc-updown-15m-1766639700,TRADE,DOWN,ACCUM,3,3,0.4700,1.4100,15,0.4801,15,0.4700,15,0.9502,0.7475,0.00,0.7475,0.7475,0.0000,90.62,SUCCESS
2025-12-25T05:15:01.364739+00:00,btc-updown-15m-1766639700,RESOLUTION,DOWN,BINANCE_FALLBACK_SHARED,30,30,1.0000,14.2525,15,0.4801,15,0.4700,15,0.9502,0.7475,0.00,0.0000,0.0000,0.7475,105.62,RESOLVED
2025-12-25T05:15:21.234853+00:00,btc-updown-15m-1766640600,TRADE,UP,ACCUM,3,3,0.4802,1.4406,3,0.4802,0,0.0000,0,0.0000,0.0000,1.00,-1.4406,1.5594,0.0000,104.18,SUCCESS
2025-12-25T05:15:32.177768+00:00,btc-updown-15m-1766640600,TRADE,UP,ACCUM,3,3,0.4802,1.4405,6,0.4802,0,0.0000,0,0.0000,0.0000,1.00,-2.8811,3.1189,0.0000,102.74,SUCCESS
2025-12-25T05:15:43.007337+00:00,btc-updown-15m-1766640600,TRADE,UP,ACCUM,3,3,0.4801,1.4402,9,0.4801,0,0.0000,0,0.0000,0.0000,1.00,-4.3212,4.6788,0.0000,101.30,SUCCESS
2025-12-25T05:15:48.413429+00:00,btc-updown-15m-1766640600,TRADE,DOWN,ACCUM,3,3,0.4602,1.3806,9,0.4801,3,0.4602,3,0.9403,0.1790,0.67,-2.7018,3.2982,0.0000,99.92,SUCCESS
2025-12-25T05:15:53.813001+00:00,btc-updown-15m-1766640600,TRADE,UP,ACCUM,3,1,0.4901,0.4901,10,0.4811,3,0.4602,3,0.9413,0.1760,0.70,-3.1919,3.8081,0.0000,99.43,SUCCESS
2025-12-25T05:15:59.219989+00:00,btc-updown-15m-1766640600,TRADE,DOWN,ACCUM,3,3,0.4600,1.3801,10,0.4811,6,0.4601,6,0.9412,0.3525,0.40,-1.5720,2.4280,0.0000,98.05,SUCCESS
2025-12-25T05:16:10.128473+00:00,btc-updown-15m-1766640600,TRADE,UP,ACCUM,3,3,0.4901,1.4702,13,0.4832,6,0.4601,6,0.9433,0.3402,0.54,-3.0421,3.9579,0.0000,96.58,SUCCESS
2025-12-25T05:16:15.566015+00:00,btc-updown-15m-1766640600,TRADE,UP,ACCUM,3,3,0.4801,1.4403,16,0.4826,6,0.4601,6,0.9427,0.3436,0.62,-4.4825,5.5175,0.0000,95.14,SUCCESS
2025-12-25T05:16:26.687650+00:00,btc-updown-15m-1766640600,TRADE,DOWN,ACCUM,3,3,0.4700,1.4101,16,0.4826,9,0.4634,9,0.9460,0.4857,0.44,-2.8925,4.1075,0.0000,93.73,SUCCESS
2025-12-25T05:16:48.697463+00:00,btc-updown-15m-1766640600,TRADE,DOWN,ACCUM,3,3,0.4702,1.4105,16,0.4826,12,0.4651,12,0.9477,0.6274,0.25,-1.3030,2.6970,0.0000,92.32,SUCCESS
2025-12-25T05:17:05.058640+00:00,btc-updown-15m-1766640600,TRADE,DOWN,ACCUM,3,3,0.4701,1.4104,16,0.4826,15,0.4661,15,0.9487,0.7692,0.06,0.2866,1.2866,0.0000,90.91,SUCCESS
2025-12-25T05:30:01.513791+00:00,btc-updown-15m-1766640600,RESOLUTION,UP,BINANCE_FALLBACK_SHARED,31,31,1.0000,14.7134,16,0.4826,15,0.4661,15,0.9487,0.7692,0.06,0.0000,0.0000,1.2866,106.91,RESOLVED
2025-12-25T05:30:10.502407+00:00,btc-updown-15m-1766641500,TRADE,UP,ACCUM,3,1,0.4802,0.4802,1,0.4802,0,0.0000,0,0.0000,0.0000,1.00,-0.4802,0.5198,0.0000,106.43,SUCCESS
2025-12-25T05:30:10.502953+00:00,btc-updown-15m-1766641500,TRADE,DOWN,ACCUM,3,3,0.4701,1.4103,1,0.4802,3,0.4701,1,0.9503,0.0497,0.67,-0.8905,1.1095,0.0000,105.02,SUCCESS
2025-12-25T05:30:15.923473+00:00,btc-updown-15m-1766641500,TRADE,DOWN,ACCUM,3,3,0.4702,1.4106,1,0.4802,6,0.4701,1,0.9504,0.0496,0.83,-2.3011,2.6989,0.0000,103.61,SUCCESS
2025-12-25T05:30:21.323593+00:00,btc-updown-15m-1766641500,TRADE,DOWN,ACCUM,3,3,0.4700,1.4100,1,0.4802,9,0.4701,1,0.9503,0.0497,0.89,-3.7111,4.2889,0.0000,102.20,SUCCESS
2025-12-25T05:30:37.636859+00:00,btc-updown-15m-1766641500,TRADE,UP,ACCUM,3,3,0.4801,1.4402,4,0.4801,9,0.4701,4,0.9502,0.1991,0.56,-2.1514,2.8486,0.0000,100.76,SUCCESS
2025-12-25T05:30:43.142250+00:00,btc-updown-15m-1766641500,TRADE,UP,ACCUM,3,3,0.4801,1.4403,7,0.4801,9,0.4701,7,0.9502,0.3486,0.22,-0.5916,1.4084,0.0000,99.32,SUCCESS
2025-12-25T05:30:48.532767+00:00,btc-updown-15m-1766641500,TRADE,DOWN,ACCUM,3,3,0.4702,1.4106,7,0.4801,12,0.4701,7,0.9502,0.3484,0.42,-2.0022,2.9978,0.0000,97.90,SUCCESS
2025-12-25T05:30:53.927844+00:00,btc-updown-15m-1766641500,TRADE,DOWN,ACCUM,3,3,0.4700,1.4101,7,0.4801,15,0.4701,7,0.9502,0.3485,0.53,-3.4123,4.5877,0.0000,96.49,SUCCESS
2025-12-25T05:30:59.330241+00:00,btc-updown-15m-1766641500,TRADE,UP,ACCUM,3,3,0.4800,1.4401,10,0.4801,15,0.4701,10,0.9502,0.4981,0.33,-1.8524,3.1476,0.0000,95.05,SUCCESS
2025-12-25T05:31:04.770744+00:00,btc-updown-15m-1766641500,TRADE,UP,ACCUM,3,3,0.4802,1.4406,13,0.4801,15,0.4701,13,0.9502,0.6471,0.13,-0.2931,1.7069,0.0000,93.61,SUCCESS
2025-12-25T05:31:15.715030+00:00,btc-updown-15m-1766641500,TRADE,UP,ACCUM,3,3,0.4802,1.4407,16,0.4801,15,0.4701,15,0.9502,0.7464,0.06,0.2663,1.2663,0.0000,92.17,SUCCESS
2025-12-25T05:45:04.879329+00:00,btc-updown-15m-1766641500,RESOLUTION,UP,BINANCE_FALLBACK_SHARED,31,31,1.0000,14.7337,16,0.4801,15,0.4701,15,0.9502,0.7464,0.06,0.0000,0.0000,1.2663,108.17,RESOLVED
2025-12-25T05:45:12.798376+00:00,btc-updown-15m-1766642400,TRADE,UP,ACCUM,3,2,0.4602,0.9203,2,0.4602,0,0.0000,0,0.0000,0.0000,1.00,-0.9203,1.0797,0.0000,107.25,SUCCESS
2025-12-25T05:45:12.799021+00:00,btc-updown-15m-1766642400,TRADE,DOWN,ACCUM,3,3,0.4899,1.4697,2,0.4602,3,0.4899,2,0.9501,0.0999,0.33,-0.3900,0.6100,0.0000,105.78,SUCCESS
2025-12-25T05:45:23.634944+00:00,btc-updown-15m-1766642400,TRADE,UP,ACCUM,3,3,0.4601,1.3804,5,0.4601,3,0.4899,3,0.9500,0.1499,0.40,-0.7704,1.2296,0.0000,104.40,SUCCESS
2025-12-25T05:45:23.635548+00:00,btc-updown-15m-1766642400,TRADE,DOWN,ACCUM,3,3,0.4901,1.4703,5,0.4601,6,0.4900,5,0.9501,0.2494,0.17,-0.2406,0.7594,0.0000,102.93,SUCCESS
2025-12-25T05:45:34.473603+00:00,btc-updown-15m-1766642400,TRADE,UP,ACCUM,3,3,0.4602,1.3807,8,0.4602,6,0.4900,6,0.9502,0.2990,0.25,-0.6213,1.3787,0.0000,101.55,SUCCESS
2025-12-25T05:45:34.474211+00:00,btc-updown-15m-1766642400,TRADE,DOWN,ACCUM,3,3,0.4901,1.4703,8,0.4602,9,0.4900,8,0.9502,0.3985,0.11,-0.0916,0.9084,0.0000,100.08,SUCCESS
2025-12-25T05:45:50.758819+00:00,btc-updown-15m-1766642400,TRADE,DOWN,ACCUM,3,3,0.4901,1.4704,8,0.4602,12,0.4901,8,0.9502,0.3982,0.33,-1.5620,2.4380,0.0000,98.61,SUCCESS
2025-12-25T05:45:56.202395+00:00,btc-updown-15m-1766642400,TRADE,UP,ACCUM,3,2,0.4600,0.9200,10,0.4601,12,0.4901,10,0.9502,0.4981,0.17,-0.4820,1.5180,0.0000,97.69,SUCCESS
2025-12-25T05:45:56.203339+00:00,btc-updown-15m-1766642400,TRADE,DOWN,ACCUM,3,3,0.4900,1.4701,10,0.4601,15,0.4901,10,0.9502,0.4981,0.33,-1.9521,3.0479,0.0000,96.22,SUCCESS
2025-12-25T05:46:07.024731+00:00,btc-updown-15m-1766642400,TRADE,UP,ACCUM,3,3,0.4601,1.3804,13,0.4601,15,0.4901,13,0.9502,0.6476,0.13,-0.3325,1.6675,0.0000,94.84,SUCCESS
2025-12-25T05:46:17.839627+00:00,btc-updown-15m-1766642400,TRADE,UP,ACCUM,3,1,0.4600,0.4600,14,0.4601,15,0.4901,14,0.9502,0.6976,0.07,0.2075,1.2075,0.0000,94.38,SUCCESS
2025-12-25T06:00:01.797374+00:00,btc-updown-15m-1766642400,RESOLUTION,DOWN,BINANCE_FALLBACK_SHARED,29,29,1.0000,13.7925,14,0.4601,15,0.4901,14,0.9502,0.6976,0.07,0.0000,0.0000,1.2075,109.38,RESOLVED
2025-12-25T06:00:10.204869+00:00,btc-updown-15m-1766643300,TRADE,UP,ACCUM,3,3,0.4601,1.3803,3,0.4601,0,0.0000,0,0.0000,0.0000,1.00,-1.3803,1.6197,0.0000,108.00,SUCCESS
2025-12-25T06:00:21.053051+00:00,btc-updown-15m-1766643300,TRADE,DOWN,ACCUM,3,3,0.4802,1.4405,3,0.4601,3,0.4802,3,0.9403,0.1792,0.00,0.1792,0.1792,0.0000,106.56,SUCCESS
2025-12-25T06:00:26.442349+00:00,btc-updown-15m-1766643300,TRADE,UP,ACCUM,3,1,0.4701,0.4701,4,0.4626,3,0.4802,3,0.9428,0.1717,0.25,-0.2909,0.7091,0.0000,106.09,SUCCESS
2025-12-25T06:00:26.443379+00:00,btc-updown-15m-1766643300,TRADE,DOWN,ACCUM,3,3,0.4802,1.4406,4,0.4626,6,0.4802,4,0.9428,0.2289,0.33,-0.7315,1.2685,0.0000,104.65,SUCCESS
2025-12-25T06:00:31.971322+00:00,btc-updown-15m-1766643300,TRADE,DOWN,ACCUM,3,3,0.4800,1.4400,4,0.4626,9,0.4801,4,0.9427,0.2291,0.56,-2.1715,2.8285,0.0000,103.21,SUCCESS
2025-12-25T06:00:37.375138+00:00,btc-updown-15m-1766643300,TRADE,DOWN,ACCUM,3,3,0.4801,1.4404,4,0.4626,12,0.4801,4,0.9427,0.2291,0.67,-3.6119,4.3881,0.0000,101.77,SUCCESS
2025-12-25T06:00:43.085796+00:00,btc-updown-15m-1766643300,TRADE,UP,ACCUM,3,3,0.4701,1.4102,7,0.4658,12,0.4801,7,0.9459,0.3785,0.42,-2.0221,2.9779,0.0000,100.36,SUCCESS
2025-12-25T06:00:48.520157+00:00,btc-updown-15m-1766643300,TRADE,UP,ACCUM,3,3,0.4702,1.4106,10,0.4671,12,0.4801,10,0.9473,0.5275,0.17,-0.4328,1.5672,0.0000,98.95,SUCCESS
2025-12-25T06:00:53.945011+00:00,btc-updown-15m-1766643300,TRADE,UP,ACCUM,3,3,0.4701,1.4104,13,0.4678,12,0.4801,12,0.9479,0.6247,0.08,0.1569,1.1569,0.0000,97.54,SUCCESS
2025-12-25T06:00:53.945468+00:00,btc-updown-15m-1766643300,TRADE,DOWN,ACCUM,3,3,0.4801,1.4403,13,0.4678,15,0.4801,13,0.9479,0.6768,0.13,-0.2835,1.7165,0.0000,96.10,SUCCESS
2025-12-25T06:01:04.735820+00:00,btc-updown-15m-1766643300,TRADE,UP,ACCUM,3,3,0.4701,1.4102,16,0.4682,15,0.4801,15,0.9484,0.7746,0.06,0.3063,1.3063,0.0000,94.69,SUCCESS
2025-12-25T06:15:03.357034+00:00,btc-updown-15m-1766643300,RESOLUTION,DOWN,BINANCE_FALLBACK_SHARED,31,31,1.0000,14.6937,16,0.4682,15,0.4801,15,0.9484,0.7746,0.06,0.0000,0.0000,0.3063,109.69,RESOLVED
2025-12-25T06:15:16.947626+00:00,btc-updown-15m-1766644200,TRADE,UP,ACCUM,3,3,0.4702,1.4106,3,0.4702,0,0.0000,0,0.0000,0.0000,1.00,-1.4106,1.5894,0.0000,108.28,SUCCESS
2025-12-25T06:15:27.815474+00:00,btc-updown-15m-1766644200,TRADE,DOWN,ACCUM,3,3,0.4801,1.4404,3,0.4702,3,0.4801,3,0.9503,0.1490,0.00,0.1490,0.1490,0.0000,106.84,SUCCESS
2025-12-25T06:15:33.237013+00:00,btc-updown-15m-1766644200,TRADE,DOWN,ACCUM,3,3,0.4802,1.4406,3,0.4702,6,0.4802,3,0.9504,0.1489,0.50,-1.2916,1.7084,0.0000,105.40,SUCCESS
2025-12-25T06:15:38.649667+00:00,btc-updown-15m-1766644200,TRADE,DOWN,ACCUM,3,3,0.4801,1.4403,3,0.4702,9,0.4801,3,0.9504,0.1489,0.67,-2.7319,3.2681,0.0000,103.96,SUCCESS
2025-12-25T06:15:44.180029+00:00,btc-updown-15m-1766644200,TRADE,UP,ACCUM,3,3,0.4702,1.4106,6,0.4702,9,0.4801,6,0.9503,0.2979,0.33,-1.1425,1.8575,0.0000,102.54,SUCCESS
2025-12-25T06:15:44.180474+00:00,btc-updown-15m-1766644200,TRADE,DOWN,ACCUM,3,3,0.4801,1.4403,6,0.4702,12,0.4801,6,0.9503,0.2980,0.50,-2.5828,3.4172,0.0000,101.10,SUCCESS
2025-12-25T06:15:49.624527+00:00,btc-updown-15m-1766644200,TRADE,UP,ACCUM,3,3,0.4701,1.4102,9,0.4702,12,0.4801,9,0.9503,0.4474,0.25,-0.9930,2.0070,0.0000,99.69,SUCCESS
2025-12-25T06:15:49.626309+00:00,btc-updown-15m-1766644200,TRADE,DOWN,ACCUM,3,3,0.4802,1.4407,9,0.4702,15,0.4802,9,0.9503,0.4472,0.40,-2.4337,3.5663,0.0000,98.25,SUCCESS
2025-12-25T06:16:06.140640+00:00,btc-updown-15m-1766644200,TRADE,UP,ACCUM,3,3,0.4700,1.4101,12,0.4701,15,0.4802,12,0.9503,0.5967,0.20,-0.8438,2.1562,0.0000,96.84,SUCCESS
2025-12-25T06:16:17.128001+00:00,btc-updown-15m-1766644200,TRADE,UP,ACCUM,3,3,0.4701,1.4103,15,0.4701,15,0.4802,15,0.9503,0.7459,0.00,0.7459,0.7459,0.0000,95.43,SUCCESS
2025-12-25T06:30:04.910470+00:00,btc-updown-15m-1766644200,RESOLUTION,UP,BINANCE_FALLBACK_SHARED,30,30,1.0000,14.2541,15,0.4701,15,0.4802,15,0.9503,0.7459,0.00,0.0000,0.0000,0.7459,110.43,RESOLVED
2025-12-25T06:35:47.935643+00:00,btc-updown-15m-1766644200,TRADE,UP,ACCUM,2,2,0.9054,1.8108,2,0.9054,0,0.0000,0,0.0000,0.0000,1.00,-1.8108,0.1892,0.0000,98.19,SUCCESS
2025-12-25T06:35:48.229675+00:00,btc-updown-15m-1766644200,RESOLUTION,UP,BINANCE_FALLBACK_SHARED,2,2,1.0000,1.8108,2,0.9054,0,0.0000,0,0.0000,0.0000,1.00,0.0000,0.0000,0.1892,100.19,RESOLVED
2025-12-25T06:36:02.123803+00:00,btc-updown-15m-1766645100,TRADE,UP,ACCUM,3,3,0.4602,1.3806,3,0.4602,0,0.0000,0,0.0000,0.0000,1.00,-1.3806,1.6194,0.0000,98.81,SUCCESS
2025-12-25T06:36:13.095553+00:00,btc-updown-15m-1766645100,TRADE,UP,ACCUM,3,3,0.4600,1.3801,6,0.4601,0,0.0000,0,0.0000,0.0000,1.00,-2.7607,3.2393,0.0000,97.43,SUCCESS
2025-12-25T06:36:13.096536+00:00,btc-updown-15m-1766645100,TRADE,DOWN,ACCUM,2,2,0.5101,1.0201,6,0.4601,2,0.5101,2,0.9702,0.0596,0.67,-1.7808,2.2192,0.0000,96.41,SUCCESS
2025-12-25T06:36:18.483592+00:00,btc-updown-15m-1766645100,TRADE,UP,ACCUM,3,3,0.4502,1.3505,9,0.4568,2,0.5101,2,0.9669,0.0663,0.78,-3.1313,3.8687,0.0000,95.06,SUCCESS
2025-12-25T06:36:23.914978+00:00,btc-updown-15m-1766645100,TRADE,UP,ACCUM,3,3,0.4501,1.3502,12,0.4551,2,0.5101,2,0.9652,0.0697,0.83,-4.4815,5.5185,0.0000,93.71,SUCCESS
2025-12-25T06:36:23.915374+00:00,btc-updown-15m-1766645100,TRADE,DOWN,ACCUM,2,2,0.5200,1.0401,12,0.4551,4,0.5151,4,0.9702,0.1193,0.67,-3.5216,4.4784,0.0000,92.67,SUCCESS
2025-12-25T06:36:35.040613+00:00,btc-updown-15m-1766645100,TRADE,DOWN,ACCUM,2,2,0.5201,1.0402,12,0.4551,6,0.5167,6,0.9719,0.1689,0.50,-2.5618,3.4382,0.0000,91.63,SUCCESS
2025-12-25T06:36:40.460969+00:00,btc-updown-15m-1766645100,TRADE,UP,ACCUM,3,2,0.4501,0.9002,14,0.4544,6,0.5167,6,0.9711,0.1732,0.57,-3.4620,4.5380,0.0000,90.73,SUCCESS
2025-12-25T06:36:45.842863+00:00,btc-updown-15m-1766645100,TRADE,DOWN,ACCUM,2,2,0.5201,1.0401,14,0.4544,8,0.5176,8,0.9720,0.2242,0.43,-2.5022,3.4978,0.0000,89.69,SUCCESS
2025-12-25T06:36:51.236336+00:00,btc-updown-15m-1766645100,TRADE,DOWN,ACCUM,2,2,0.5202,1.0405,14,0.4544,10,0.5181,10,0.9725,0.2749,0.29,-1.5427,2.4573,0.0000,88.65,SUCCESS
2025-12-25T06:36:56.636341+00:00,btc-updown-15m-1766645100,TRADE,DOWN,ACCUM,2,2,0.5200,1.0400,14,0.4544,12,0.5184,12,0.9728,0.3261,0.14,-0.5827,1.4173,0.0000,87.61,SUCCESS
2025-12-25T06:37:02.054506+00:00,btc-updown-15m-1766645100,TRADE,DOWN,ACCUM,2,2,0.5202,1.0405,14,0.4544,14,0.5187,14,0.9731,0.3769,0.00,0.3769,0.3769,0.0000,86.57,SUCCESS
2025-12-25T06:45:01.171880+00:00,btc-updown-15m-1766645100,RESOLUTION,UP,BINANCE_FALLBACK_SHARED,28,28,1.0000,13.6231,14,0.4544,14,0.5187,14,0.9731,0.3769,0.00,0.0000,0.0000,0.3769,100.57,RESOLVED
2025-12-25T06:50:29.200223+00:00,btc-updown-15m-1766645100,TRADE,UP,ACCUM,2,2,0.8053,1.6106,2,0.8053,0,0.0000,0,0.0000,0.0000,1.00,-1.6106,0.3894,0.0000,98.39,SUCCESS
2025-12-25T06:50:29.201476+00:00,btc-updown-15m-1766645100,TRADE,DOWN,ACCUM,6,6,0.1951,1.1706,2,0.8053,6,0.1951,2,1.0004,-0.0008,0.67,-0.7811,3.2189,0.0000,97.22,SUCCESS
2025-12-25T06:50:29.462227+00:00,btc-updown-15m-1766645100,RESOLUTION,UP,BINANCE_FALLBACK_SHARED,8,8,1.0000,2.7811,2,0.8053,6,0.1951,2,1.0004,-0.0008,0.67,0.0000,0.0000,-0.7811,99.22,RESOLVED
2025-12-25T06:50:37.177440+00:00,btc-updown-15m-1766646000,TRADE,DOWN,ACCUM,2,1,0.5101,0.5101,0,0.0000,1,0.5101,0,0.0000,0.0000,1.00,-0.5101,0.4899,0.0000,98.71,SUCCESS
2025-12-25T06:50:42.579240+00:00,btc-updown-15m-1766646000,TRADE,UP,ACCUM,3,3,0.4602,1.3807,3,0.4602,1,0.5101,1,0.9703,0.0297,0.67,-0.8907,1.1093,0.0000,97.33,SUCCESS
2025-12-25T06:50:42.579657+00:00,btc-updown-15m-1766646000,TRADE,DOWN,ACCUM,2,2,0.5101,1.0202,3,0.4602,3,0.5101,3,0.9703,0.0891,0.00,0.0891,0.0891,0.0000,96.31,SUCCESS
2025-12-25T06:50:53.366717+00:00,btc-updown-15m-1766646000,TRADE,UP,ACCUM,3,3,0.4600,1.3801,6,0.4601,3,0.5101,3,0.9702,0.0893,0.50,-1.2911,1.7089,0.0000,94.93,SUCCESS
2025-12-25T06:50:58.767551+00:00,btc-updown-15m-1766646000,TRADE,UP,ACCUM,3,3,0.4598,1.3794,9,0.4600,3,0.5101,3,0.9701,0.0897,0.67,-2.6704,3.3296,0.0000,93.55,SUCCESS
2025-12-25T06:50:58.767730+00:00,btc-updown-15m-1766646000,TRADE,DOWN,ACCUM,2,2,0.5098,1.0196,9,0.4600,5,0.5100,5,0.9700,0.1500,0.44,-1.6900,2.3100,0.0000,92.53,SUCCESS
2025-12-25T06:51:04.203671+00:00,btc-updown-15m-1766646000,TRADE,UP,ACCUM,3,3,0.4599,1.3798,12,0.4600,5,0.5100,5,0.9700,0.1501,0.58,-3.0698,3.9302,0.0000,91.15,SUCCESS
2025-12-25T06:51:04.204059+00:00,btc-updown-15m-1766646000,TRADE,DOWN,ACCUM,2,2,0.5102,1.0204,12,0.4600,7,0.5100,7,0.9700,0.2097,0.42,-2.0902,2.9098,0.0000,90.13,SUCCESS
2025-12-25T06:51:09.622389+00:00,btc-updown-15m-1766646000,TRADE,UP,ACCUM,3,3,0.4601,1.3803,15,0.4600,7,0.5100,7,0.9701,0.2096,0.53,-3.4705,4.5295,0.0000,88.75,SUCCESS
2025-12-25T06:51:09.622945+00:00,btc-updown-15m-1766646000,TRADE,DOWN,ACCUM,2,2,0.5100,1.0201,15,0.4600,9,0.5100,9,0.9701,0.2695,0.40,-2.4906,3.5094,0.0000,87.73,SUCCESS
2025-12-25T06:51:15.068839+00:00,btc-updown-15m-1766646000,TRADE,DOWN,ACCUM,2,2,0.5100,1.0201,15,0.4600,11,0.5100,11,0.9701,0.3294,0.27,-1.5106,2.4894,0.0000,86.71,SUCCESS
2025-12-25T06:51:25.886057+00:00,btc-updown-15m-1766646000,TRADE,DOWN,ACCUM,2,2,0.5201,1.0402,15,0.4600,13,0.5116,13,0.9716,0.3691,0.13,-0.5509,1.4491,0.0000,85.67,SUCCESS
2025-12-25T06:51:31.324073+00:00,btc-updown-15m-1766646000,TRADE,DOWN,ACCUM,2,2,0.5203,1.0405,15,0.4600,15,0.5127,15,0.9728,0.4086,0.00,0.4086,0.4086,0.0000,84.63,SUCCESS
2025-12-25T07:00:02.191097+00:00,btc-updown-15m-1766646000,RESOLUTION,UP,BINANCE_FALLBACK_SHARED,30,30,1.0000,14.5914,15,0.4600,15,0.5127,15,0.9728,0.4086,0.00,0.0000,0.0000,0.4086,99.63,RESOLVED
2025-12-25T07:00:10.490309+00:00,btc-updown-15m-1766646900,TRADE,UP,ACCUM,3,3,0.4602,1.3805,3,0.4602,0,0.0000,0,0.0000,0.0000,1.00,-1.3805,1.6195,0.0000,98.25,SUCCESS
2025-12-25T07:00:26.829358+00:00,btc-updown-15m-1766646900,TRADE,UP,ACCUM,3,3,0.4600,1.3800,6,0.4601,0,0.0000,0,0.0000,0.0000,1.00,-2.7605,3.2395,0.0000,96.87,SUCCESS
2025-12-25T07:00:26.830946+00:00,btc-updown-15m-1766646900,TRADE,DOWN,ACCUM,3,3,0.4902,1.4706,6,0.4601,3,0.4902,3,0.9503,0.1491,0.50,-1.2311,1.7689,0.0000,95.40,SUCCESS
2025-12-25T07:00:32.212539+00:00,btc-updown-15m-1766646900,TRADE,UP,ACCUM,3,3,0.4601,1.3802,9,0.4601,3,0.4902,3,0.9503,0.1491,0.67,-2.6113,3.3887,0.0000,94.02,SUCCESS
2025-12-25T07:00:37.622954+00:00,btc-updown-15m-1766646900,TRADE,UP,ACCUM,3,3,0.4601,1.3802,12,0.4601,3,0.4902,3,0.9503,0.1491,0.75,-3.9915,5.0085,0.0000,92.64,SUCCESS
2025-12-25T07:00:37.623781+00:00,btc-updown-15m-1766646900,TRADE,DOWN,ACCUM,3,2,0.4900,0.9799,12,0.4601,5,0.4901,5,0.9502,0.2491,0.58,-2.9715,4.0285,0.0000,91.66,SUCCESS
2025-12-25T07:00:48.451239+00:00,btc-updown-15m-1766646900,TRADE,UP,ACCUM,3,3,0.4601,1.3803,15,0.4601,5,0.4901,5,0.9502,0.2491,0.67,-4.3517,5.6483,0.0000,90.28,SUCCESS
2025-12-25T07:00:53.878191+00:00,btc-updown-15m-1766646900,TRADE,DOWN,ACCUM,3,3,0.4902,1.4706,15,0.4601,8,0.4901,8,0.9502,0.3982,0.47,-2.8223,4.1777,0.0000,88.81,SUCCESS
2025-12-25T07:01:10.089234+00:00,btc-updown-15m-1766646900,TRADE,DOWN,ACCUM,3,3,0.4901,1.4702,15,0.4601,11,0.4901,11,0.9502,0.5478,0.27,-1.2925,2.7075,0.0000,87.33,SUCCESS
2025-12-25T07:01:31.875927+00:00,btc-updown-15m-1766646900,TRADE,DOWN,ACCUM,3,3,0.4901,1.4702,15,0.4601,14,0.4901,14,0.9502,0.6974,0.07,0.2373,1.2373,0.0000,85.86,SUCCESS
2025-12-25T07:15:04.437980+00:00,btc-updown-15m-1766646900,RESOLUTION,DOWN,BINANCE_FALLBACK_SHARED,29,29,1.0000,13.7627,15,0.4601,14,0.4901,14,0.9502,0.6974,0.07,0.0000,0.0000,0.2373,99.86,RESOLVED
2025-12-25T07:15:12.415286+00:00,btc-updown-15m-1766647800,TRADE,UP,ACCUM,3,3,0.4701,1.4104,3,0.4701,0,0.0000,0,0.0000,0.0000,1.00,-1.4104,1.5896,0.0000,98.45,SUCCESS
2025-12-25T07:15:17.826266+00:00,btc-updown-15m-1766647800,TRADE,UP,ACCUM,3,3,0.4700,1.4100,6,0.4701,0,0.0000,0,0.0000,0.0000,1.00,-2.8205,3.1795,0.0000,97.04,SUCCESS
2025-12-25T07:15:23.217495+00:00,btc-updown-15m-1766647800,TRADE,UP,ACCUM,3,3,0.4702,1.4105,9,0.4701,0,0.0000,0,0.0000,0.0000,1.00,-4.2309,4.7691,0.0000,95.63,SUCCESS
2025-12-25T07:15:28.832392+00:00,btc-updown-15m-1766647800,TRADE,DOWN,ACCUM,3,3,0.4800,1.4401,9,0.4701,3,0.4800,3,0.9501,0.1496,0.67,-2.6710,3.3290,0.0000,94.19,SUCCESS
2025-12-25T07:15:50.448528+00:00,btc-updown-15m-1766647800,TRADE,DOWN,ACCUM,3,3,0.4800,1.4400,9,0.4701,6,0.4800,6,0.9501,0.2993,0.33,-1.1110,1.8890,0.0000,92.75,SUCCESS
2025-12-25T07:15:55.840981+00:00,btc-updown-15m-1766647800,TRADE,UP,ACCUM,3,3,0.4701,1.4103,12,0.4701,6,0.4800,6,0.9501,0.2993,0.50,-2.5213,3.4787,0.0000,91.34,SUCCESS
2025-12-25T07:16:01.257396+00:00,btc-updown-15m-1766647800,TRADE,UP,ACCUM,3,3,0.4700,1.4101,15,0.4701,6,0.4800,6,0.9501,0.2994,0.60,-3.9314,5.0686,0.0000,89.93,SUCCESS
2025-12-25T07:16:12.056646+00:00,btc-updown-15m-1766647800,TRADE,DOWN,ACCUM,3,3,0.4802,1.4406,15,0.4701,9,0.4801,9,0.9502,0.4485,0.40,-2.3720,3.6280,0.0000,88.49,SUCCESS
2025-12-25T07:16:17.452354+00:00,btc-updown-15m-1766647800,TRADE,DOWN,ACCUM,3,3,0.4798,1.4395,15,0.4701,12,0.4800,12,0.9501,0.5988,0.20,-0.8115,2.1885,0.0000,87.05,SUCCESS
2025-12-25T07:16:28.264725+00:00,btc-updown-15m-1766647800,TRADE,DOWN,ACCUM,3,1,0.4801,0.4801,15,0.4701,13,0.4800,13,0.9501,0.6485,0.13,-0.2916,1.7084,0.0000,86.57,SUCCESS
2025-12-25T07:16:39.048861+00:00,btc-updown-15m-1766647800,TRADE,DOWN,ACCUM,3,3,0.4801,1.4402,15,0.4701,16,0.4800,15,0.9501,0.7482,0.06,0.2681,1.2681,0.0000,85.13,SUCCESS
2025-12-25T07:30:01.760502+00:00,btc-updown-15m-1766647800,RESOLUTION,DOWN,BINANCE_FALLBACK_SHARED,31,31,1.0000,14.7319,15,0.4701,16,0.4800,15,0.9501,0.7482,0.06,0.0000,0.0000,1.2681,101.13,RESOLVED
2025-12-25T07:30:15.504574+00:00,btc-updown-15m-1766648700,TRADE,UP,ACCUM,3,3,0.4702,1.4107,3,0.4702,0,0.0000,0,0.0000,0.0000,1.00,-1.4107,1.5893,0.0000,99.72,SUCCESS
2025-12-25T07:30:15.505014+00:00,btc-updown-15m-1766648700,TRADE,DOWN,ACCUM,3,1,0.4801,0.4801,3,0.4702,1,0.4801,1,0.9503,0.0497,0.67,-0.8908,1.1092,0.0000,99.24,SUCCESS
2025-12-25T07:30:20.955392+00:00,btc-updown-15m-1766648700,TRADE,DOWN,ACCUM,3,3,0.4801,1.4402,3,0.4702,4,0.4801,3,0.9503,0.1491,0.25,-0.3310,0.6690,0.0000,97.80,SUCCESS
2025-12-25T07:30:26.392714+00:00,btc-updown-15m-1766648700,TRADE,UP,ACCUM,3,3,0.4701,1.4102,6,0.4701,4,0.4801,4,0.9502,0.1991,0.33,-0.7412,1.2588,0.0000,96.39,SUCCESS
2025-12-25T07:30:37.340832+00:00,btc-updown-15m-1766648700,TRADE,UP,ACCUM,3,3,0.4702,1.4105,9,0.4701,4,0.4801,4,0.9502,0.1991,0.56,-2.1517,2.8483,0.0000,94.98,SUCCESS
2025-12-25T07:30:37.341111+00:00,btc-updown-15m-1766648700,TRADE,DOWN,ACCUM,3,3,0.4801,1.4403,9,0.4701,7,0.4801,7,0.9502,0.3484,0.22,-0.5919,1.4081,0.0000,93.54,SUCCESS
2025-12-25T07:30:42.764521+00:00,btc-updown-15m-1766648700,TRADE,DOWN,ACCUM,3,3,0.4800,1.4400,9,0.4701,10,0.4801,9,0.9502,0.4481,0.10,-0.0320,0.9680,0.0000,92.10,SUCCESS
2025-12-25T07:30:48.179742+00:00,btc-updown-15m-1766648700,TRADE,UP,ACCUM,3,3,0.4702,1.4106,12,0.4702,10,0.4801,10,0.9502,0.4978,0.17,-0.4425,1.5575,0.0000,90.69,SUCCESS
2025-12-25T07:30:53.592578+00:00,btc-updown-15m-1766648700,TRADE,UP,ACCUM,3,3,0.4701,1.4104,15,0.4701,10,0.4801,10,0.9502,0.4979,0.33,-1.8529,3.1471,0.0000,89.28,SUCCESS
2025-12-25T07:30:59.011351+00:00,btc-updown-15m-1766648700,TRADE,DOWN,ACCUM,3,3,0.4801,1.4403,15,0.4701,13,0.4801,13,0.9502,0.6471,0.13,-0.2932,1.7068,0.0000,87.84,SUCCESS
2025-12-25T07:31:09.868997+00:00,btc-updown-15m-1766648700,TRADE,DOWN,ACCUM,3,3,0.4802,1.4405,15,0.4701,16,0.4801,15,0.9502,0.7464,0.06,0.2663,1.2663,0.0000,86.40,SUCCESS
