timestamp,market_slug,event_type,trade_side,trade_mode,size_requested,size_filled,price,cost,pos_up_size,pos_up_avg_price,pos_down_size,pos_down_avg_price,pos_hedged_pairs,pos_pair_cost,pos_locked_profit,pos_imbalance,pnl_min,pnl_max,pnl_realized,balance_after,status
2025-12-24T15:15:19.358346+00:00,btc-updown-15m-1766589300,TRADE,UP,DIR_AVERAGE_DOWN,4,4,0.5550896394875385,2.220358557950154,4.0,0.5550896394875385,0.0,0.0,0,0,0.0,4.0,0,0,0,97.77964144204985,SUCCESS,BULLISH,average_down,0,86917.09,86994.7,-0.08921233132593202,2686.09095157767
2025-12-24T15:15:20.171980+00:00,btc-updown-15m-1766589300,RESOLUTION,DOWN,BINANCE_FALLBACK_SHARED,4,4,1.0000,2.2204,4,0.5551,0,0.0000,0,0.0000,0.0000,1.00,0.0000,0.0000,-2.2204,97.78,RESOLVED
2025-12-24T15:15:45.696805+00:00,btc-updown-15m-1766590200,TRADE,UP,DIR_AVERAGE_DOWN,4,4,0.4901098423163995,1.960439369265598,4.0,0.4901098423163995,0.0,0.0,0,0,0.0,4.0,0,0,0,95.81920207278425,SUCCESS,BULLISH,average_down,0,86917.43,86904.93,0.014383533822534579,1.2545233034450418
2025-12-24T15:15:56.581229+00:00,btc-updown-15m-1766590200,TRADE,UP,DIR_ACCUMULATE,4,4,0.49016073491427703,1.9606429396571081,8.0,0.4901352886153383,0.0,0.0,0,0,0.0,8.0,0,0,0,93.85855913312714,SUCCESS,BULLISH,accumulate,0,86902.07,86904.93,-0.003290952538579837,0.2992821141904896
2025-12-24T15:16:13.766944+00:00,btc-updown-15m-1766590200,TRADE,DOWN,DIR_REBALANCE,5,5,0.46000015557541707,2.3000007778770852,8.0,0.4901352886153383,5.0,0.46000015557541707,5,0.9501354441907554,0.24932277904622324,3.0,0,0,0,91.55855835525006,SUCCESS,BULLISH,rebalance,0,86893.37,86904.93,-0.0133018920790773,1.2391887318912116
2025-12-24T15:16:24.956253+00:00,btc-updown-15m-1766590200,TRADE,UP,DIR_ACCUMULATE,4,4,0.4901816752404227,1.9607267009616909,12.0,0.49015075082369974,5.0,0.46000015557541707,5,0.9501509063991168,0.24924546800441594,7.0,0,0,0,89.59783165428837,SUCCESS,BULLISH,accumulate,0,86939.16,86904.93,0.03938786901964075,3.682206076516254
2025-12-24T15:16:30.398484+00:00,btc-updown-15m-1766590200,TRADE,DOWN,DIR_REBALANCE,5,5,0.46021860514958585,2.3010930257479294,12.0,0.49015075082369974,10.0,0.46010938036250143,10,0.9502601311862011,0.4973986881379888,2.0,0,0,0,87.29673862854044,SUCCESS,BULLISH,rebalance,0,86949.7,86904.93,0.05151606473879454,4.793854240405142
2025-12-24T15:16:47.248024+00:00,btc-updown-15m-1766590200,TRADE,UP,DIR_AVERAGE_DOWN,3,3,0.4902378284236903,1.4707134852710708,15.0,0.4901681663436978,10.0,0.46010938036250143,10,0.9502775467061992,0.4972245329380076,5.0,0,0,0,85.82602514326936,SUCCESS,BULLISH,average_down,0,86928.54,86904.93,0.027167618684003986,2.402521904597957
2025-12-24T15:21:44.563854+00:00,btc-updown-15m-1766590200,TRADE,DOWN,DIR_ACCUMULATE,5,5,0.4601534693696601,2.3007673468483008,15.0,0.4901681663436978,15.0,0.460124076698221,15,0.9502922430419187,0.7456163543712191,0.0,0,0,0,83.52525779642106,SUCCESS,BEARISH,accumulate,1,86758.02,86904.93,-0.16904679630947167,12.831008021579317
2025-12-24T15:30:01.236145+00:00,btc-updown-15m-1766590200,RESOLUTION,DOWN,BINANCE_FALLBACK_SHARED,30,30,1.0000,14.2544,15,0.4902,15,0.4601,15,0.9503,0.7456,0.00,0.0000,0.0000,0.7456,98.53,RESOLVED
2025-12-24T15:30:15.743022+00:00,btc-updown-15m-1766591100,TRADE,DOWN,DIR_AVERAGE_DOWN,4,4,0.47016729724395123,1.880669188975805,0.0,0.0,4.0,0.47016729724395123,0,0,0.0,4.0,0,0,0,96.64458860744526,SUCCESS,BEARISH,average_down,1,86885.38,86858.19,0.03130389891845815,2.45184045881589
2025-12-24T15:30:38.058348+00:00,btc-updown-15m-1766591100,TRADE,DOWN,DIR_ACCUMULATE,4,4,0.4700732494155732,1.8802929976622929,0.0,0.0,8.0,0.47012027332976225,0,0,0.0,8.0,0,0,0,94.76429560978296,SUCCESS,BEARISH,accumulate,1,86924.25,86858.19,0.07605500413950333,7.226755994103926
2025-12-24T15:30:43.551676+00:00,btc-updown-15m-1766591100,TRADE,UP,DIR_REBALANCE,5,5,0.480094990853948,2.40047495426974,5.0,0.480094990853948,8.0,0.47012027332976225,5,0.9502152641837103,0.24892367908144863,3.0,0,0,0,92.36382065551322,SUCCESS,BEARISH,rebalance,1,86948.64,86858.19,0.10413525771144562,11.248222805976987
2025-12-24T15:31:06.278685+00:00,btc-updown-15m-1766591100,TRADE,DOWN,DIR_ACCUMULATE,7,7,0.46011030648214196,3.2207721453749936,5.0,0.480094990853948,15.0,0.46544895546753945,5,0.9455439463214874,0.2722802683925629,10.0,0,0,0,89.14304851013823,SUCCESS,BEARISH,accumulate,1,86895.32,86858.19,0.04274783989858027,4.01231249378889
2025-12-24T15:31:17.133996+00:00,btc-updown-15m-1766591100,TRADE,UP,DIR_REBALANCE,5,5,0.49016893345487433,2.450844667274372,10.0,0.48513196215441123,15.0,0.46544895546753945,10,0.9505809176219506,0.4941908237804937,5.0,0,0,0,86.69220384286386,SUCCESS,BEARISH,rebalance,1,86892.93,86858.19,0.03999622833493386,3.9730403417262012
2025-12-24T15:32:48.291230+00:00,btc-updown-15m-1766591100,TRADE,UP,DIR_ACCUMULATE,4,4,0.48020196570545165,1.9208078628218066,14.0,0.4837233917404228,15.0,0.46544895546753945,14,0.9491723472079623,0.711587139088528,1.0,0,0,0,84.77139598004206,SUCCESS,BULLISH,accumulate,2,86998.57,86858.19,0.1616197620512293,11.12433909298194
2025-12-24T15:40:01.059854+00:00,btc-updown-15m-1766591100,TRADE,UP,DIR_EMERGENCY,2,2,0.5202012545787748,1.0404025091575495,16.0,0.4882831245952168,15.0,0.46544895546753945,15,0.9537320800627562,0.6940187990586566,1.0,0,0,0,83.73099347088451,SUCCESS,BULLISH,emergency,2,86900.01,86858.19,0.04814744585397466,5.381545337175554
2025-12-24T15:45:03.531096+00:00,btc-updown-15m-1766591100,RESOLUTION,UP,BINANCE_FALLBACK_SHARED,31,31,1.0000,14.7943,16,0.4883,15,0.4654,15,0.9537,0.6940,0.06,0.0000,0.0000,1.2057,99.73,RESOLVED
2025-12-24T15:45:18.458519+00:00,btc-updown-15m-1766592000,TRADE,UP,DIR_AVERAGE_DOWN,4,4,0.4702331445073169,1.8809325780292676,4.0,0.4702331445073169,0.0,0.0,0,0,0.0,4.0,0,0,0,97.85006089285524,SUCCESS,BULLISH,average_down,2,87100.65,87053.92,0.05367937480586277,3.736670000957381
2025-12-24T15:45:35.713530+00:00,btc-updown-15m-1766592000,TRADE,UP,DIR_ACCUMULATE,4,4,0.47010882865697246,1.8804353146278898,8.0,0.4701709865821447,0.0,0.0,0,0,0.0,8.0,0,0,0,95.96962557822735,SUCCESS,BULLISH,accumulate,2,87092.01,87053.92,0.04375449146919117,3.0493266467677556
2025-12-24T15:45:41.134810+00:00,btc-updown-15m-1766592000,TRADE,DOWN,DIR_REBALANCE,5,5,0.48011699536349955,2.400584976817498,8.0,0.4701709865821447,5.0,0.48011699536349955,5,0.9502879819456442,0.24856009027177883,3.0,0,0,0,93.56904060140985,SUCCESS,BULLISH,rebalance,2,87092.0,87053.92,0.043743004335705674,3.072123815434822
2025-12-24T15:45:57.343694+00:00,btc-updown-15m-1766592000,TRADE,UP,DIR_ACCUMULATE,4,3,0.4700845551272553,1.4102536653817659,11.0,0.4701474143671749,5.0,0.48011699536349955,5,0.9502644097306745,0.2486779513466275,6.0,0,0,0,92.1587869360281,SUCCESS,BULLISH,accumulate,2,87129.8,87053.92,0.08716436893365016,6.262713986025014
2025-12-24T15:46:02.903535+00:00,btc-updown-15m-1766592000,TRADE,DOWN,DIR_REBALANCE,5,5,0.49023643989659066,2.4511821994829535,11.0,0.4701474143671749,10.0,0.4851767176300451,10,0.95532413199722,0.44675868002780006,1.0,0,0,0,89.70760473654514,SUCCESS,BULLISH,rebalance,2,87078.69,87053.92,0.028453629658496796,2.5029023864002853
2025-12-24T15:46:21.738107+00:00,btc-updown-15m-1766592000,TRADE,UP,DIR_AVERAGE_DOWN,4,4,0.46008970963643947,1.8403588385457579,15.0,0.4674653597723121,10.0,0.4851767176300451,10,0.9526420774023572,0.4735792259764282,5.0,0,0,0,87.86724589799938,SUCCESS,BULLISH,average_down,2,87117.49,87053.92,0.07302370760559317,6.068208450799803
2025-12-24T15:55:02.592423+00:00,btc-updown-15m-1766592000,TRADE,DOWN,DIR_EMERGENCY,5,5,0.5102356445840653,2.551178222920327,15.0,0.4674653597723121,15.0,0.4935296932813852,15,0.9609950530536973,0.5850742041945411,0.0,0,0,0,85.31606767507905,SUCCESS,BULLISH,emergency,2,86992.98,87053.92,-0.07000259149731837,6.374989005970712
2025-12-24T16:00:02.957473+00:00,btc-updown-15m-1766592000,RESOLUTION,DOWN,BINANCE_FALLBACK_SHARED,30,30,1.0000,14.4149,15,0.4675,15,0.4935,15,0.9610,0.5851,0.00,0.0000,0.0000,0.5851,100.32,RESOLVED
2025-12-24T16:01:08.196645+00:00,btc-updown-15m-1766592900,TRADE,UP,DIR_AVERAGE_DOWN,4,4,0.4802287939446651,1.9209151757786604,4.0,0.4802287939446651,0.0,0.0,0,0,0.0,4.0,0,0,0,98.3951524993004,SUCCESS,BULLISH,average_down,2,87016.09,87049.99,-0.038943140602323706,3.3146414436626426
2025-12-24T16:01:13.805467+00:00,btc-updown-15m-1766592900,TRADE,UP,DIR_ACCUMULATE,4,4,0.4801452658888716,1.9205810635554863,8.0,0.4801870299167683,0.0,0.0,0,0,0.0,8.0,0,0,0,96.4745714357449,SUCCESS,BULLISH,accumulate,2,87018.51,87049.99,-0.03616312879531689,3.0873829925471163
2025-12-24T16:01:24.957616+00:00,btc-updown-15m-1766592900,TRADE,DOWN,DIR_REBALANCE,5,5,0.4700549277272731,2.3502746386363653,8.0,0.4801870299167683,5.0,0.4700549277272731,5,0.9502419576440414,0.248790211779793,3.0,0,0,0,94.12429679710854,SUCCESS,BULLISH,rebalance,2,87050.0,87049.99,1.1487652089059757e-05,0.0009719231914564137
2025-12-24T16:01:30.578441+00:00,btc-updown-15m-1766592900,TRADE,UP,DIR_ACCUMULATE,4,4,0.4801146883009543,1.920458753203817,12.0,0.48016291604483036,5.0,0.4700549277272731,5,0.9502178437721034,0.24891078113948306,7.0,0,0,0,92.20383804390472,SUCCESS,BULLISH,accumulate,2,87090.85,87049.99,0.046938546460488485,3.918590718324919
2025-12-24T16:01:52.387511+00:00,btc-updown-15m-1766592900,TRADE,DOWN,DIR_REBALANCE,5,5,0.47007487369693995,2.3503743684846996,12.0,0.48016291604483036,10.0,0.4700649007121065,10,0.9502278167569369,0.49772183243063095,2.0,0,0,0,89.85346367542003,SUCCESS,BULLISH,rebalance,2,87128.45,87049.99,0.09013211833797091,8.438883029564696
2025-12-24T16:01:58.123715+00:00,btc-updown-15m-1766592900,TRADE,UP,DIR_AVERAGE_DOWN,3,3,0.48015139785980143,1.4404541935794044,15.0,0.48016061240782454,10.0,0.4700649007121065,10,0.9502255131199311,0.49774486880068913,5.0,0,0,0,88.41300948184063,SUCCESS,BULLISH,average_down,2,87107.14,87049.99,0.06565193172336282,6.032832019222322
2025-12-24T16:10:01.945261+00:00,btc-updown-15m-1766592900,TRADE,DOWN,DIR_EMERGENCY,5,5,0.5198521674257951,2.5992608371289756,15.0,0.48016061240782454,15.0,0.486660656283336,15,0.9668212686911606,0.49768096963259123,0.0,0,0,0,85.81374864471165,SUCCESS,BULLISH,emergency,2,87109.86,87049.99,0.06877657309322534,6.571898268099113
2025-12-24T16:15:03.769284+00:00,btc-updown-15m-1766592900,RESOLUTION,UP,BINANCE_FALLBACK_SHARED,30,30,1.0000,14.5023,15,0.4802,15,0.4867,15,0.9668,0.4977,0.00,0.0000,0.0000,0.4977,100.81,RESOLVED
2025-12-24T16:15:31.337278+00:00,btc-updown-15m-1766593800,TRADE,UP,DIR_AVERAGE_DOWN,4,4,0.4701267327810381,1.8805069311241525,4.0,0.4701267327810381,0.0,0.0,0,0,0.0,4.0,0,0,0,98.9332417135875,SUCCESS,BULLISH,average_down,2,87140.0,87125.13,0.017067406384352415,1.524958464567469
2025-12-24T16:15:37.427893+00:00,btc-updown-15m-1766593800,TRADE,UP,DIR_ACCUMULATE,4,4,0.4700924799065315,1.880369919626126,8.0,0.47010960634378485,0.0,0.0,0,0,0.0,8.0,0,0,0,97.05287179396139,SUCCESS,BULLISH,accumulate,2,87126.17,87125.13,0.0011936854498737588,0.10409604685511377
2025-12-24T16:15:54.223465+00:00,btc-updown-15m-1766593800,TRADE,DOWN,DIR_REBALANCE,5,5,0.4802054760537599,2.4010273802687996,8.0,0.47010960634378485,5.0,0.4802054760537599,5,0.9503150823975448,0.24842458801227596,3.0,0,0,0,94.65184441369259,SUCCESS,BULLISH,rebalance,2,87086.86,87125.13,-0.043925329006687365,4.046867716509743
2025-12-24T16:15:59.889874+00:00,btc-updown-15m-1766593800,TRADE,UP,DIR_ACCUMULATE,4,4,0.47014292644905303,1.8805717057962121,12.0,0.47012071304554093,5.0,0.4802054760537599,5,0.9503261890993009,0.24836905450349556,7.0,0,0,0,92.77127270789637,SUCCESS,BULLISH,accumulate,2,87060.0,87125.13,-0.07475455129880972,7.299964004042837
2025-12-24T16:16:10.871840+00:00,btc-updown-15m-1766593800,TRADE,DOWN,DIR_REBALANCE,5,5,0.4801372926671422,2.400686463335711,12.0,0.47012071304554093,10.0,0.48017138436045104,10,0.950292097405992,0.49707902594008035,2.0,0,0,0,90.37058624456066,SUCCESS,BULLISH,rebalance,2,87058.72,87125.13,-0.07622370262173897,7.020873163626877
2025-12-24T16:16:27.962946+00:00,btc-updown-15m-1766593800,TRADE,UP,DIR_AVERAGE_DOWN,3,3,0.47015448266536775,1.4104634479961033,15.0,0.4701274669695063,10.0,0.48017138436045104,10,0.9502988513299573,0.49701148670042716,5.0,0,0,0,88.96012279656455,SUCCESS,BULLISH,average_down,2,87070.35,87125.13,-0.06287508552354393,5.284203455307108
2025-12-24T16:25:04.029766+00:00,btc-updown-15m-1766593800,TRADE,DOWN,DIR_EMERGENCY,5,5,0.5001716074805379,2.5008580374026894,15.0,0.4701274669695063,15.0,0.48683812540048,15,0.9569655923699862,0.6455161144502064,0.0,0,0,0,86.45926475916185,SUCCESS,BULLISH,emergency,2,87010.2,87125.13,-0.13191371995658147,11.089308062065019
2025-12-24T16:30:00.766730+00:00,btc-updown-15m-1766593800,RESOLUTION,DOWN,BINANCE_FALLBACK_SHARED,30,30,1.0000,14.3545,15,0.4701,15,0.4868,15,0.9570,0.6455,0.00,0.0000,0.0000,0.6455,101.46,RESOLVED
2025-12-24T16:30:15.188177+00:00,btc-updown-15m-1766594700,TRADE,UP,DIR_AVERAGE_DOWN,4,4,0.480121702114145,1.92048680845658,4.0,0.480121702114145,0.0,0.0,0,0,0.0,4.0,0,0,0,99.53877795070528,SUCCESS,BULLISH,average_down,2,87011.0,86970.0,0.0471426928826032,5.135312707784005
2025-12-24T16:30:26.137168+00:00,btc-updown-15m-1766594700,TRADE,UP,DIR_ACCUMULATE,4,1,0.4799598927196541,0.4799598927196541,5.0,0.4800893402352468,0.0,0.0,0,0,0.0,5.0,0,0,0,99.05881805798563,SUCCESS,BULLISH,accumulate,2,87007.66,86970.0,0.04330228814534149,4.3649595270636965
2025-12-24T16:30:31.934600+00:00,btc-updown-15m-1766594700,TRADE,UP,DIR_ACCUMULATE,4,4,0.48018085437036706,1.9207234174814682,9.0,0.4801300131841892,0.0,0.0,0,0,0.0,9.0,0,0,0,97.13809464050416,SUCCESS,BULLISH,accumulate,2,87018.04,86970.0,0.05523743819707209,5.2847024870639805
2025-12-24T16:30:43.094257+00:00,btc-updown-15m-1766594700,TRADE,DOWN,DIR_REBALANCE,5,5,0.47001921375380673,2.3500960687690338,9.0,0.4801300131841892,5.0,0.47001921375380673,5,0.9501492269379959,0.2492538653100207,4.0,0,0,0,94.78799857173513,SUCCESS,BULLISH,rebalance,2,87018.47,86970.0,0.05573186156145932,5.205294551780836
2025-12-24T16:30:48.603514+00:00,btc-updown-15m-1766594700,TRADE,UP,DIR_ACCUMULATE,4,2,0.4801838745105854,0.9603677490211708,11.0,0.4801398061526249,5.0,0.47001921375380673,5,0.9501590199064316,0.24920490046784205,6.0,0,0,0,93.82763082271396,SUCCESS,BULLISH,accumulate,2,87028.66,86970.0,0.06744854547545531,6.110257175035579
2025-12-24T16:30:59.688899+00:00,btc-updown-15m-1766594700,TRADE,DOWN,DIR_REBALANCE,5,5,0.4700284283050796,2.350142141525398,11.0,0.4801398061526249,10.0,0.4700238210294431,10,0.950163627182068,0.4983637281793196,1.0,0,0,0,91.47748868118856,SUCCESS,BULLISH,rebalance,2,87028.67,86970.0,0.06746004369322554,6.111529827219125
2025-12-24T16:31:05.212184+00:00,btc-updown-15m-1766594700,TRADE,UP,DIR_AVERAGE_DOWN,4,4,0.4801477464423665,1.920590985769466,15.0,0.48014192356322266,10.0,0.4700238210294431,10,0.9501657445926658,0.49834255407334216,5.0,0,0,0,89.5568976954191,SUCCESS,BULLISH,average_down,2,87036.38,86970.0,0.07632516959871755,7.032179027558231
2025-12-24T16:40:10.986929+00:00,btc-updown-15m-1766594700,TRADE,DOWN,DIR_EMERGENCY,5,5,0.5100066352293107,2.5500331761465533,15.0,0.48014192356322266,15.0,0.4833514257627323,15,0.963493349325955,0.5475997601106752,0.0,0,0,0,87.00686451927254,SUCCESS,BULLISH,emergency,2,87375.52,86970.0,0.46627572726227906,47.66602950369581
2025-12-24T16:45:02.705957+00:00,btc-updown-15m-1766594700,RESOLUTION,UP,BINANCE_FALLBACK_SHARED,30,30,1.0000,14.4524,15,0.4801,15,0.4834,15,0.9635,0.5476,0.00,0.0000,0.0000,0.5476,102.01,RESOLVED
2025-12-24T16:45:11.183914+00:00,btc-updown-15m-1766595600,TRADE,UP,DIR_AVERAGE_DOWN,4,4,0.4702203905256387,1.8808815621025547,4.0,0.4702203905256387,0.0,0.0,0,0,0.0,4.0,0,0,0,100.12598295716998,SUCCESS,BULLISH,average_down,2,87465.0,87510.98,-0.05254197816090726,3.7754102609516416
2025-12-24T16:45:38.681651+00:00,btc-updown-15m-1766595600,TRADE,UP,DIR_ACCUMULATE,4,4,0.47023424936556024,1.880936997462241,8.0,0.47022731994559946,0.0,0.0,0,0,0.0,8.0,0,0,0,98.24504595970774,SUCCESS,BULLISH,accumulate,2,87477.79,87510.98,-0.03792666931624161,2.993306118603499
2025-12-24T16:45:44.354067+00:00,btc-updown-15m-1766595600,TRADE,DOWN,DIR_REBALANCE,5,5,0.4801834911646637,2.4009174558233184,8.0,0.47022731994559946,5.0,0.4801834911646637,5,0.9504108111102632,0.24794594444868423,3.0,0,0,0,95.84412850388442,SUCCESS,BULLISH,rebalance,2,87477.78,87510.98,-0.03793809645372168,2.9941919271106636
2025-12-24T16:45:49.866145+00:00,btc-updown-15m-1766595600,TRADE,UP,DIR_ACCUMULATE,4,4,0.4701295931557817,1.8805183726231267,12.0,0.47019474434899355,5.0,0.4801834911646637,5,0.9503782355136572,0.24810882243171406,7.0,0,0,0,93.96361013126129,SUCCESS,BULLISH,accumulate,2,87466.41,87510.98,-0.05093075177536857,3.8349987170591744
2025-12-24T16:45:55.261149+00:00,btc-updown-15m-1766595600,TRADE,DOWN,DIR_REBALANCE,5,5,0.49003422423372567,2.450171121168628,12.0,0.47019474434899355,10.0,0.48510885769919465,10,0.9553036020481882,0.44696397951811795,2.0,0,0,0,91.51343901009267,SUCCESS,BULLISH,rebalance,2,87412.03,87510.98,-0.11307152542457768,6.86446698672348
2025-12-24T16:46:00.682459+00:00,btc-updown-15m-1766595600,TRADE,UP,DIR_AVERAGE_DOWN,3,3,0.4602108629639211,1.3806325888917632,15.0,0.46819796807197905,10.0,0.48510885769919465,10,0.9533068257711736,0.4669317422882635,5.0,0,0,0,90.13280642120091,SUCCESS,BULLISH,average_down,2,87412.03,87510.98,-0.11307152542457768,7.3687886853248505
2025-12-24T16:55:11.067021+00:00,btc-updown-15m-1766595600,TRADE,DOWN,DIR_EMERGENCY,5,5,0.5102205309753489,2.5511026548767446,15.0,0.46819796807197905,15.0,0.4934794154579128,15,0.9616773835298918,0.5748392470516223,0.0,0,0,0,87.58170376632417,SUCCESS,BULLISH,emergency,2,87234.36,87510.98,-0.3160974771394348,15.75826189899035
2025-12-24T17:00:01.646981+00:00,btc-updown-15m-1766595600,RESOLUTION,DOWN,BINANCE_FALLBACK_SHARED,30,30,1.0000,14.4252,15,0.4682,15,0.4935,15,0.9617,0.5748,0.00,0.0000,0.0000,0.5748,102.58,RESOLVED
2025-12-24T17:00:10.895098+00:00,btc-updown-15m-1766596500,TRADE,UP,DIR_AVERAGE_DOWN,4,4,0.4700998933930215,1.880399573572086,4.0,0.4700998933930215,0.0,0.0,0,0,0.0,4.0,0,0,0,100.70130419275208,SUCCESS,BULLISH,average_down,2,87321.28,87283.23,0.043593712102545826,3.6549341086863403
2025-12-24T17:00:27.840795+00:00,btc-updown-15m-1766596500,TRADE,UP,DIR_ACCUMULATE,4,4,0.4700288967039388,1.8801155868157553,8.0,0.4700643950484802,0.0,0.0,0,0,0.0,8.0,0,0,0,98.82118860593631,SUCCESS,BULLISH,accumulate,2,87315.31,87283.23,0.0367539102299511,3.0267876370186557
2025-12-24T17:00:38.862970+00:00,btc-updown-15m-1766596500,TRADE,DOWN,DIR_REBALANCE,5,5,0.4801169949705926,2.400584974852963,8.0,0.4700643950484802,5.0,0.4801169949705926,5,0.9501813900190728,0.2490930499046362,3.0,0,0,0,96.42060363108335,SUCCESS,BULLISH,rebalance,2,87296.74,87283.23,0.015478345611189359,1.1891956464312
2025-12-24T17:00:50.060627+00:00,btc-updown-15m-1766596500,TRADE,UP,DIR_ACCUMULATE,4,4,0.4701226225363479,1.8804904901453916,12.0,0.4700838042111028,5.0,0.4801169949705926,5,0.9502007991816954,0.2489960040915229,7.0,0,0,0,94.54011314093796,SUCCESS,BULLISH,accumulate,2,87300.34,87283.23,0.019602849252944216,1.434789184626127
2025-12-24T17:01:01.331082+00:00,btc-updown-15m-1766596500,TRADE,DOWN,DIR_REBALANCE,5,5,0.48023606623206455,2.401180331160323,12.0,0.4700838042111028,10.0,0.48017653060132853,10,0.9502603348124313,0.4973966518756867,2.0,0,0,0,92.13893280977764,SUCCESS,BULLISH,rebalance,2,87300.34,87283.23,0.019602849252944216,1.4369279715416794
2025-12-24T17:01:28.999469+00:00,btc-updown-15m-1766596500,TRADE,UP,DIR_AVERAGE_DOWN,3,3,0.47011147781126533,1.410334433433796,15.0,0.4700893389311353,10.0,0.48017653060132853,10,0.9502658695324638,0.49734130467536164,5.0,0,0,0,90.72859837634385,SUCCESS,BULLISH,average_down,2,87313.77,87283.23,0.034989539227647914,3.8417997675718563
2025-12-24T17:10:04.351633+00:00,btc-updown-15m-1766596500,TRADE,DOWN,DIR_EMERGENCY,5,5,0.5100570149520911,2.5502850747604553,15.0,0.4700893389311353,15.0,0.4901366920515827,15,0.960226030982718,0.5966095352592304,0.0,0,0,0,88.1783133015834,SUCCESS,BULLISH,emergency,2,87313.39,87283.23,0.03455417495434518,3.7800677622504204
2025-12-24T17:15:05.175588+00:00,btc-updown-15m-1766596500,RESOLUTION,UP,BINANCE_FALLBACK_SHARED,30,30,1.0000,14.4034,15,0.4701,15,0.4901,15,0.9602,0.5966,0.00,0.0000,0.0000,0.5966,103.18,RESOLVED
2025-12-24T17:15:41.342603+00:00,btc-updown-15m-1766597400,TRADE,UP,DIR_AVERAGE_DOWN,4,4,0.47009446578396547,1.8803778631358619,4.0,0.47009446578396547,0.0,0.0,0,0,0.0,4.0,0,0,0,101.29793543844754,SUCCESS,BULLISH,average_down,2,87354.9,87339.13,0.018056053455065925,1.8021077298460955
2025-12-24T17:15:46.998525+00:00,btc-updown-15m-1766597400,TRADE,UP,DIR_ACCUMULATE,4,4,0.4702161046667175,1.88086441866687,8.0,0.47015528522534145,0.0,0.0,0,0,0.0,8.0,0,0,0,99.41707101978066,SUCCESS,BULLISH,accumulate,2,87358.86,87339.13,0.022590103656855667,2.2283590991990936
2025-12-24T17:16:03.785802+00:00,btc-updown-15m-1766597400,TRADE,DOWN,DIR_REBALANCE,5,5,0.48007021654587967,2.400351082729398,8.0,0.47015528522534145,5.0,0.4800702165458796,5,0.9502255017712211,0.24887249114389443,3.0,0,0,0,97.01671993705126,SUCCESS,BULLISH,rebalance,2,87378.34,87339.13,0.044893966770669515,4.766424474202472
2025-12-24T17:16:20.181166+00:00,btc-updown-15m-1766597400,TRADE,UP,DIR_ACCUMULATE,4,4,0.4700616619262568,1.8802466477050273,12.0,0.4701240774589799,5.0,0.4800702165458796,5,0.9501942940048596,0.24902852997570224,7.0,0,0,0,95.13647328934624,SUCCESS,BULLISH,accumulate,2,87369.12,87339.13,0.03433741554328591,4.4899206492334685
2025-12-24T17:16:26.015822+00:00,btc-updown-15m-1766597400,TRADE,DOWN,DIR_REBALANCE,5,5,0.48001130059460334,2.4000565029730168,12.0,0.4701240774589799,10.0,0.4800407585702414,10,0.9501648360292213,0.49835163970778695,2.0,0,0,0,92.73641678637323,SUCCESS,BULLISH,rebalance,2,87369.13,87339.13,0.03434886516501824,5.0041733868936875
2025-12-24T17:16:31.535760+00:00,btc-updown-15m-1766597400,TRADE,UP,DIR_AVERAGE_DOWN,3,3,0.4702187202591287,1.410656160777386,15.0,0.4701430060190096,10.0,0.4800407585702414,10,0.950183764589251,0.49816235410748977,5.0,0,0,0,91.32576062559583,SUCCESS,BULLISH,average_down,2,87366.1,87339.13,0.030879629783352732,4.560597003672696
2025-12-24T17:25:03.648730+00:00,btc-updown-15m-1766597400,TRADE,DOWN,DIR_EMERGENCY,5,5,0.5201861824940819,2.6009309124704094,15.0,0.4701430060190096,15.0,0.49342256654485495,15,0.9635655725638645,0.5465164115420318,0.0,0,0,0,88.72482971312543,SUCCESS,BULLISH,emergency,2,87402.53,87339.13,0.07259060171539856,7.082399462728841
2025-12-24T17:30:04.922766+00:00,btc-updown-15m-1766597400,RESOLUTION,UP,BINANCE_FALLBACK_SHARED,30,30,1.0000,14.4535,15,0.4701,15,0.4934,15,0.9636,0.5465,0.00,0.0000,0.0000,0.5465,103.72,RESOLVED
2025-12-24T17:30:13.737685+00:00,btc-updown-15m-1766598300,TRADE,UP,DIR_AVERAGE_DOWN,4,2,0.47015979359788845,0.9403195871957769,2.0,0.47015979359788845,0.0,0.0,0,0,0.0,2.0,0,0,0,102.78451012592966,SUCCESS,BULLISH,average_down,2,87485.99,87461.34,0.028183881015324864,4.717489106613255
2025-12-24T17:40:01.066504+00:00,btc-updown-15m-1766598300,TRADE,DOWN,DIR_EMERGENCY,2,1,0.5302557632346258,0.5302557632346258,2.0,0.47015979359788845,1.0,0.5302557632346258,1,1.0004155568325142,-0.0004155568325141523,1.0,0,0,0,102.25425436269504,SUCCESS,BULLISH,emergency,2,87478.56,87461.34,0.01968869902976694,2.9914050897375213
2025-12-24T17:40:06.551686+00:00,btc-updown-15m-1766598300,TRADE,DOWN,DIR_EMERGENCY,2,2,0.5300189219596517,1.0600378439193034,2.0,0.47015979359788845,3.0,0.5300978690513097,2,1.0002576626491981,-0.0005153252983962631,1.0,0,0,0,101.19421651877573,SUCCESS,BULLISH,emergency,2,87478.56,87461.34,0.01968869902976694,3.1367457527271085
2025-12-24T17:40:12.015038+00:00,btc-updown-15m-1766598300,TRADE,UP,DIR_EMERGENCY,3,3,0.47020274387493427,1.4106082316248028,5.0,0.47018556376411597,3.0,0.5300978690513097,3,1.0002834328154258,-0.0008502984462772645,2.0,0,0,0,99.78360828715093,SUCCESS,BULLISH,emergency,2,87497.75,87461.34,0.041629821816134414,6.002267293187302
2025-12-24T17:40:17.643007+00:00,btc-updown-15m-1766598300,TRADE,DOWN,DIR_EMERGENCY,2,2,0.5302165476275463,1.0604330952550927,5.0,0.47018556376411597,5.0,0.5301453404818044,5,1.0003309042459203,-0.0016545212296015244,0.0,0,0,0,98.72317519189583,SUCCESS,BULLISH,emergency,2,87497.75,87461.34,0.041629821816134414,6.2156140017741475
2025-12-24T17:40:23.345784+00:00,btc-updown-15m-1766598300,TRADE,UP,DIR_AVERAGE_DOWN,8,8,0.47021345600952374,3.76170764807619,13.0,0.4702027282228284,5.0,0.5301453404818044,5,1.0003480687046329,-0.0017403435231644337,8.0,0,0,0,94.96146754381964,SUCCESS,BULLISH,average_down,2,87480.0,87461.34,0.021335140760481708,2.640558153548378
2025-12-24T17:40:28.948395+00:00,btc-updown-15m-1766598300,TRADE,DOWN,DIR_EMERGENCY,8,8,0.5401820265999983,4.321456212799986,13.0,0.4702027282228284,13.0,0.5363217627083853,13,1.0065244909312137,-0.08481838210577752,0.0,0,0,0,90.64001133101965,SUCCESS,BULLISH,emergency,2,87478.58,87461.34,0.01971156627603149,2.7250069745546623
2025-12-24T17:40:34.540936+00:00,btc-updown-15m-1766598300,TRADE,UP,DIR_AVERAGE_DOWN,3,3,0.46503704338422674,1.3951111301526802,16.0,0.46923416231559056,13.0,0.5363217627083853,13,1.0055559250239758,-0.0722270253116859,3.0,0,0,0,89.24490020086697,SUCCESS,BULLISH,average_down,2,87478.56,87461.34,0.01968869902976694,2.721461917636124
2025-12-24T17:45:02.114878+00:00,btc-updown-15m-1766598300,RESOLUTION,DOWN,BINANCE_FALLBACK_SHARED,29,29,1.0000,14.4799,16,0.4692,13,0.5363,13,1.0056,-0.0722,0.19,0.0000,0.0000,-1.4799,102.24,RESOLVED
2025-12-24T17:45:16.513658+00:00,btc-updown-15m-1766599200,TRADE,UP,DIR_AVERAGE_DOWN,4,4,0.47013382662323405,1.8805353064929362,4.0,0.47013382662323405,0.0,0.0,0,0,0.0,4.0,0,0,0,100.36436489437403,SUCCESS,BULLISH,average_down,2,87383.3,87404.66,-0.024438056277549254,2.24017393656162
2025-12-24T17:45:32.687842+00:00,btc-updown-15m-1766599200,TRADE,UP,DIR_ACCUMULATE,4,3,0.4701798364570623,1.410539509371187,7.0,0.47015354512344615,0.0,0.0,0,0,0.0,7.0,0,0,0,98.95382538500284,SUCCESS,BULLISH,accumulate,2,87382.2,87404.66,-0.025696570411699333,2.1230458618168297
2025-12-24T17:45:43.858971+00:00,btc-updown-15m-1766599200,TRADE,DOWN,DIR_REBALANCE,5,5,0.47013518590468045,2.350675929523402,7.0,0.47015354512344615,5.0,0.4701351859046804,5,0.9402887310281265,0.29855634485936755,2.0,0,0,0,96.60314945547944,SUCCESS,BULLISH,rebalance,2,87378.37,87404.66,-0.030078487806037058,2.6971212881998454
2025-12-24T17:45:49.483364+00:00,btc-updown-15m-1766599200,TRADE,UP,DIR_AVERAGE_DOWN,4,4,0.47021868449706694,1.8808747379882678,11.0,0.4701772321683992,5.0,0.4701351859046804,5,0.9403124180730795,0.29843790963460237,6.0,0,0,0,94.72227471749117,SUCCESS,BULLISH,average_down,2,87378.37,87404.66,-0.030078487806037058,2.6971168590853183
2025-12-24T17:46:00.544665+00:00,btc-updown-15m-1766599200,TRADE,DOWN,DIR_REBALANCE,5,5,0.4700412212358389,2.3502061061791943,11.0,0.4701772321683992,10.0,0.47008820357025966,10,0.9402654357386588,0.5973456426134116,1.0,0,0,0,92.37206861131197,SUCCESS,BULLISH,rebalance,2,87378.36,87404.66,-0.030089928843614187,3.2521557356914133
2025-12-24T17:46:22.677544+00:00,btc-updown-15m-1766599200,TRADE,UP,DIR_AVERAGE_DOWN,4,4,0.47007722021910353,1.8803088808764141,15.0,0.47015056231525365,10.0,0.47008820357025966,10,0.9402387658855134,0.5976123411448664,5.0,0,0,0,90.49175973043556,SUCCESS,BULLISH,average_down,2,87446.82,87404.66,0.04823541445044634,5.30745626250445
2025-12-24T17:55:02.805434+00:00,btc-updown-15m-1766599200,TRADE,DOWN,DIR_EMERGENCY,5,5,0.5001325582841563,2.5006627914207815,15.0,0.47015056231525365,15.0,0.48010298847489186,15,0.9502535507901455,0.7461967381478174,0.0,0,0,0,87.99109693901478,SUCCESS,BULLISH,emergency,2,87334.0,87404.66,-0.08084237156234403,10.019661243172557
2025-12-24T18:00:05.406577+00:00,btc-updown-15m-1766599200,RESOLUTION,DOWN,BINANCE_FALLBACK_SHARED,30,30,1.0000,14.2538,15,0.4702,15,0.4801,15,0.9503,0.7462,0.00,0.0000,0.0000,0.7462,102.99,RESOLVED
2025-12-24T18:00:24.425150+00:00,btc-updown-15m-1766600100,TRADE,UP,DIR_AVERAGE_DOWN,4,4,0.48023853799811134,1.9209541519924453,4.0,0.48023853799811134,0.0,0.0,0,0,0.0,4.0,0,0,0,101.07014278702233,SUCCESS,BULLISH,average_down,2,87351.47,87322.77,0.03286657076956799,1.5835765682130702
2025-12-24T18:00:35.442382+00:00,btc-updown-15m-1766600100,TRADE,UP,DIR_ACCUMULATE,4,4,0.48003688644712894,1.9201475457885158,8.0,0.48013771222262014,0.0,0.0,0,0,0.0,8.0,0,0,0,99.14999524123382,SUCCESS,BULLISH,accumulate,2,87344.1,87322.77,0.024426618624216506,1.7254026500887245
2025-12-24T18:00:40.958894+00:00,btc-updown-15m-1766600100,TRADE,DOWN,DIR_REBALANCE,5,5,0.4700509462324375,2.3502547311621873,8.0,0.48013771222262014,5.0,0.4700509462324375,5,0.9501886584550576,0.2490567077247119,3.0,0,0,0,96.79974051007164,SUCCESS,BULLISH,rebalance,2,87344.11,87322.77,0.024438070391029174,1.7517033198537362
2025-12-24T18:00:51.867198+00:00,btc-updown-15m-1766600100,TRADE,UP,DIR_ACCUMULATE,4,4,0.4800978866548264,1.9203915466193056,12.0,0.48012443703335556,5.0,0.4700509462324375,5,0.9501753832657931,0.24912308367103453,7.0,0,0,0,94.87934896345234,SUCCESS,BULLISH,accumulate,2,87338.41,87322.77,0.017910563304392904,1.2773950587456486
2025-12-24T18:01:08.278929+00:00,btc-updown-15m-1766600100,TRADE,DOWN,DIR_REBALANCE,5,5,0.45985553218253006,2.2992776609126504,12.0,0.48012443703335556,10.0,0.4649532392074837,10,0.9450776762408393,0.5492232375916073,2.0,0,0,0,92.5800713025397,SUCCESS,BULLISH,rebalance,2,87314.99,87322.77,-0.00890947458492079,0.7423091101833297
2025-12-24T18:01:24.848408+00:00,btc-updown-15m-1766600100,TRADE,UP,DIR_AVERAGE_DOWN,3,3,0.4798595455822367,1.43957863674671,15.0,0.4800714587431318,10.0,0.4649532392074837,10,0.9450246979506155,0.549753020493845,5.0,0,0,0,91.14049266579298,SUCCESS,BULLISH,average_down,2,87324.38,87322.77,0.0018437344578058873,0.20456672786667723
2025-12-24T18:10:09.458439+00:00,btc-updown-15m-1766600100,TRADE,DOWN,DIR_EMERGENCY,5,5,0.4902050881789591,2.4510254408947953,15.0,0.4800714587431318,15.0,0.47337052219797554,15,0.9534419809411073,0.6983702858833901,0.0,0,0,0,88.68946722489818,SUCCESS,BULLISH,emergency,2,87326.3,87322.77,0.0040424736869877536,0.48446633231289
2025-12-24T18:15:04.147493+00:00,btc-updown-15m-1766600100,RESOLUTION,UP,BINANCE_FALLBACK_SHARED,30,30,1.0000,14.3016,15,0.4801,15,0.4734,15,0.9534,0.6984,0.00,0.0000,0.0000,0.6984,103.69,RESOLVED
2025-12-24T18:15:12.576048+00:00,btc-updown-15m-1766601000,TRADE,UP,DIR_AVERAGE_DOWN,4,4,0.48001431356253244,1.9200572542501297,4.0,0.48001431356253244,0.0,0.0,0,0,0.0,4.0,0,0,0,101.76940997064806,SUCCESS,BULLISH,average_down,2,87346.78,87357.1,-0.011813578976416324,1.3840179971670354
2025-12-24T18:15:23.530357+00:00,btc-updown-15m-1766601000,TRADE,UP,DIR_ACCUMULATE,4,4,0.4801739837390198,1.9206959349560793,8.0,0.48009414865077615,0.0,0.0,0,0,0.0,8.0,0,0,0,99.84871403569197,SUCCESS,BULLISH,accumulate,2,87378.35,87357.1,0.02432544120626715,2.4565217231302574
2025-12-24T18:15:29.055730+00:00,btc-updown-15m-1766601000,TRADE,DOWN,DIR_REBALANCE,5,5,0.4700583184638112,2.350291592319056,8.0,0.48009414865077615,5.0,0.4700583184638112,5,0.9501524671145873,0.2492376644270633,3.0,0,0,0,97.49842244337292,SUCCESS,BULLISH,rebalance,2,87372.23,87357.1,0.017319714138850882,1.7279839928373817
2025-12-24T18:15:34.473112+00:00,btc-updown-15m-1766601000,TRADE,UP,DIR_ACCUMULATE,4,4,0.48017469323964224,1.920698772958569,12.0,0.48012099684706483,5.0,0.4700583184638112,5,0.950179315310876,0.2491034234456202,7.0,0,0,0,95.57772367041434,SUCCESS,BULLISH,accumulate,2,87365.14,87357.1,0.009203602225799159,0.8903017522168636
2025-12-24T18:15:39.991172+00:00,btc-updown-15m-1766601000,TRADE,DOWN,DIR_REBALANCE,5,5,0.47011612568442385,2.350580628422119,12.0,0.48012099684706483,10.0,0.4700872220741175,10,0.9502082189211823,0.49791781078817654,2.0,0,0,0,93.22714304199222,SUCCESS,BULLISH,rebalance,2,87351.47,87357.1,-0.006444811011359873,0.5892260893097518
2025-12-24T18:15:45.531488+00:00,btc-updown-15m-1766601000,TRADE,UP,DIR_AVERAGE_DOWN,3,1,0.480101752451426,0.480101752451426,13.0,0.4801195165089388,10.0,0.4700872220741175,10,0.9502067385830564,0.49793261416943624,3.0,0,0,0,92.74704128954079,SUCCESS,BULLISH,average_down,2,87351.46,87357.1,-0.006456258277803885,0.6264251022951107
2025-12-24T18:15:56.323181+00:00,btc-updown-15m-1766601000,TRADE,UP,DIR_ACCUMULATE,3,3,0.4702251827865614,1.4106755483596842,16.0,0.478264328935993,10.0,0.4700872220741175,10,0.9483515510101106,0.5164844898988941,6.0,0,0,0,91.33636574118111,SUCCESS,BULLISH,accumulate,2,87413.3,87357.1,0.06433363744904202,4.267163627915136
2025-12-24T18:16:07.265223+00:00,btc-updown-15m-1766601000,TRADE,DOWN,DIR_REBALANCE,5,5,0.48021672222609674,2.401083611130484,16.0,0.478264328935993,15.0,0.4734637221247773,15,0.9517280510607703,0.7240792340884455,1.0,0,0,0,88.93528213005062,SUCCESS,BULLISH,rebalance,2,87493.96,87357.1,0.1566672886348111,1.988349383199631
2025-12-24T18:30:02.909160+00:00,btc-updown-15m-1766601000,RESOLUTION,UP,BINANCE_FALLBACK_SHARED,31,31,1.0000,14.7542,16,0.4783,15,0.4735,15,0.9517,0.7241,0.06,0.0000,0.0000,1.2458,104.94,RESOLVED
2025-12-24T18:30:16.606423+00:00,btc-updown-15m-1766601900,TRADE,UP,DIR_AVERAGE_DOWN,4,4,0.4701967079857063,1.8807868319428251,4.0,0.4701967079857063,0.0,0.0,0,0,0.0,4.0,0,0,0,103.0544952981078,SUCCESS,BULLISH,average_down,2,87413.71,87413.71,0.0,0.0
2025-12-24T18:30:33.174669+00:00,btc-updown-15m-1766601900,TRADE,UP,DIR_ACCUMULATE,4,2,0.47006079864326183,0.9401215972865237,6.0,0.4701514048715581,0.0,0.0,0,0,0.0,6.0,0,0,0,102.11437370082128,SUCCESS,BULLISH,accumulate,2,87413.71,87413.71,0.0,0.0
2025-12-24T18:30:38.602269+00:00,btc-updown-15m-1766601900,TRADE,DOWN,DIR_REBALANCE,5,5,0.48004636075085994,2.4002318037543,6.0,0.4701514048715581,5.0,0.48004636075085994,5,0.9501977656224181,0.24901117188790955,1.0,0,0,0,99.71414189706698,SUCCESS,BULLISH,rebalance,2,87431.66,87413.71,0.020534536287267854,5.136630111962633
2025-12-24T18:30:55.099938+00:00,btc-updown-15m-1766601900,TRADE,UP,DIR_AVERAGE_DOWN,4,2,0.4602281935632547,0.9204563871265093,8.0,0.46767060204448224,5.0,0.48004636075085994,5,0.9477169627953421,0.2614151860232894,3.0,0,0,0,98.79368550994047,SUCCESS,BULLISH,average_down,2,87395.28,87413.71,-0.021083649235351713,2.673347758683973
2025-12-24T18:31:06.109895+00:00,btc-updown-15m-1766601900,TRADE,UP,DIR_ACCUMULATE,4,4,0.46011798338465537,1.8404719335386215,12.0,0.46515306249120664,5.0,0.48004636075085994,5,0.9451994232420666,0.27400288378966686,7.0,0,0,0,96.95321357640185,SUCCESS,BULLISH,accumulate,2,87395.28,87413.71,-0.021083649235351713,2.673178122303053
2025-12-24T18:31:17.140895+00:00,btc-updown-15m-1766601900,TRADE,DOWN,DIR_REBALANCE,5,5,0.4801193256159638,2.400596628079819,12.0,0.46515306249120664,10.0,0.4800828431834119,10,0.9452359056746185,0.5476409432538154,2.0,0,0,0,94.55261694832203,SUCCESS,BULLISH,rebalance,2,87401.31,87413.71,-0.014185417825200108,1.6441369077278911
2025-12-24T18:31:44.323591+00:00,btc-updown-15m-1766601900,TRADE,UP,DIR_AVERAGE_DOWN,3,3,0.47020377797848806,1.4106113339354642,15.0,0.466163205588663,10.0,0.4800828431834119,10,0.9462460487720749,0.5375395122792515,5.0,0,0,0,93.14200561438656,SUCCESS,BULLISH,average_down,2,87401.31,87413.71,-0.014185417825200108,2.6725392013515803
2025-12-24T18:40:05.110254+00:00,btc-updown-15m-1766601900,TRADE,DOWN,DIR_EMERGENCY,5,5,0.5202452676014033,2.6012263380070166,15.0,0.466163205588663,15.0,0.49347031798940905,15,0.959633523578072,0.6054971463289205,0.0,0,0,0,90.54077927637954,SUCCESS,BULLISH,emergency,2,87457.89,87413.71,0.05054127092877422,6.565468028833797
2025-12-24T18:45:05.348133+00:00,btc-updown-15m-1766601900,RESOLUTION,UP,BINANCE_FALLBACK_SHARED,30,30,1.0000,14.3945,15,0.4662,15,0.4935,15,0.9596,0.6055,0.00,0.0000,0.0000,0.6055,105.54,RESOLVED
2025-12-24T18:45:13.601853+00:00,btc-updown-15m-1766602800,TRADE,UP,DIR_AVERAGE_DOWN,4,4,0.47018362433197486,1.8807344973278994,4.0,0.47018362433197486,0.0,0.0,0,0,0.0,4.0,0,0,0,103.66004477905165,SUCCESS,BULLISH,average_down,2,87443.76,87454.13,-0.011857644687574956,1.6660036677128145
2025-12-24T18:45:24.777287+00:00,btc-updown-15m-1766602800,TRADE,UP,DIR_ACCUMULATE,4,4,0.4702177688687224,1.8808710754748896,8.0,0.47020069660034863,0.0,0.0,0,0,0.0,8.0,0,0,0,101.77917370357676,SUCCESS,BULLISH,accumulate,2,87452.44,87454.13,-0.0019324416125371417,0.23495407497869383
2025-12-24T18:45:35.767228+00:00,btc-updown-15m-1766602800,TRADE,DOWN,DIR_REBALANCE,5,5,0.48010637380623256,2.4005318690311626,8.0,0.47020069660034863,5.0,0.4801063738062325,5,0.9503070704065811,0.24846464796709433,3.0,0,0,0,99.37864183454559,SUCCESS,BULLISH,rebalance,2,87462.81,87454.13,0.009925203075021174,1.2464184507005
2025-12-24T18:45:52.273912+00:00,btc-updown-15m-1766602800,TRADE,UP,DIR_ACCUMULATE,4,4,0.47000951774671085,1.8800380709868434,12.0,0.4701369703158027,5.0,0.4801063738062325,5,0.9502433441220353,0.2487832793898237,7.0,0,0,0,97.49860376355875,SUCCESS,BULLISH,accumulate,2,87462.81,87454.13,0.009925203075021174,1.3101881168351293
2025-12-24T18:45:57.782703+00:00,btc-updown-15m-1766602800,TRADE,DOWN,DIR_REBALANCE,5,5,0.4802083284557136,2.401041642278568,12.0,0.4701369703158027,10.0,0.480157351130973,10,0.9502943214467757,0.49705678553224275,2.0,0,0,0,95.09756212128018,SUCCESS,BULLISH,rebalance,2,87462.81,87454.13,0.009925203075021174,1.310186355770128
2025-12-24T18:46:08.686751+00:00,btc-updown-15m-1766602800,TRADE,UP,DIR_AVERAGE_DOWN,3,3,0.4602000241431383,1.380600072429415,15.0,0.4681495810812698,10.0,0.480157351130973,10,0.9483069322122428,0.5169306778775717,5.0,0,0,0,93.71696204885076,SUCCESS,BULLISH,average_down,2,87468.8,87454.13,0.016774507962057657,2.7132017919706586
2025-12-24T18:55:03.372147+00:00,btc-updown-15m-1766602800,TRADE,DOWN,DIR_EMERGENCY,5,5,0.5200957635263235,2.6004788176316174,15.0,0.4681495810812698,15.0,0.4934701552627565,15,0.9616197363440263,0.5757039548396053,0.0,0,0,0,91.11648323121915,SUCCESS,BULLISH,emergency,2,87485.43,87454.13,0.03579019081201581,11.916997408138483
2025-12-24T19:00:04.296628+00:00,btc-updown-15m-1766602800,RESOLUTION,UP,BINANCE_FALLBACK_SHARED,30,30,1.0000,14.4243,15,0.4681,15,0.4935,15,0.9616,0.5757,0.00,0.0000,0.0000,0.5757,106.12,RESOLVED
2025-12-24T19:00:12.646266+00:00,btc-updown-15m-1766603700,TRADE,UP,DIR_AVERAGE_DOWN,4,2,0.47019988173214766,0.9403997634642953,2.0,0.47019988173214766,0.0,0.0,0,0,0.0,2.0,0,0,0,105.17608346775485,SUCCESS,BULLISH,average_down,2,87470.65,87470.65,0.0,0.0
2025-12-24T19:10:03.691304+00:00,btc-updown-15m-1766603700,TRADE,DOWN,DIR_EMERGENCY,2,2,0.5202453129263468,1.0404906258526936,2.0,0.47019988173214766,2.0,0.5202453129263468,2,0.9904451946584945,0.01910961068301109,0.0,0,0,0,104.13559284190215,SUCCESS,BULLISH,emergency,2,87469.84,87470.65,-0.0009260249009212482,0.2781862711209421
2025-12-24T19:10:09.407421+00:00,btc-updown-15m-1766603700,TRADE,UP,DIR_AVERAGE_DOWN,8,8,0.48512395065374525,3.880991605229962,10.0,0.4821391368694258,2.0,0.5202453129263468,2,1.0023844497957726,-0.004768899591545139,8.0,0,0,0,100.25460123667219,SUCCESS,BULLISH,average_down,2,87473.49,87470.65,0.0032468033563384517,0.8276560812701358
2025-12-24T19:10:16.061078+00:00,btc-updown-15m-1766603700,TRADE,DOWN,DIR_EMERGENCY,8,8,0.5201868752100967,4.161495001680773,10.0,0.4821391368694258,10.0,0.5201985627533466,10,1.0023376996227724,-0.023376996227724156,0.0,0,0,0,96.09310623499141,SUCCESS,BULLISH,emergency,2,87473.5,87470.65,0.0032582357625167086,0.8307793351404624
2025-12-24T19:10:21.740949+00:00,btc-updown-15m-1766603700,TRADE,UP,DIR_AVERAGE_DOWN,5,5,0.4851039059526174,2.4255195297630867,15.0,0.4831273932304896,10.0,0.5201985627533466,10,1.0033259559838363,-0.03325955983836337,5.0,0,0,0,93.66758670522832,SUCCESS,BULLISH,average_down,2,87473.49,87470.65,0.0032468033563384517,0.8279150176543155
2025-12-24T19:10:27.353311+00:00,btc-updown-15m-1766603700,TRADE,DOWN,DIR_EMERGENCY,5,5,0.5200813404575266,2.600406702287633,15.0,0.4831273932304896,15.0,0.5201594886547399,15,1.0032868818852294,-0.049303228278441136,0.0,0,0,0,91.06718000294069,SUCCESS,BULLISH,emergency,2,87473.5,87470.65,0.0032582357625167086,0.8309301795945596
2025-12-24T19:15:00.733870+00:00,btc-updown-15m-1766603700,RESOLUTION,DOWN,BINANCE_FALLBACK_SHARED,30,30,1.0000,15.0493,15,0.4831,15,0.5202,15,1.0033,-0.0493,0.00,0.0000,0.0000,-0.0493,106.07,RESOLVED
2025-12-24T19:15:31.022434+00:00,btc-updown-15m-1766604600,TRADE,UP,DIR_AVERAGE_DOWN,4,4,0.4898626879559388,1.9594507518237552,4.0,0.4898626879559388,0.0,0.0,0,0,0.0,4.0,0,0,0,104.10772925111694,SUCCESS,BULLISH,average_down,2,87411.14,87407.62,0.004027108849324664,0.8106930603844187
2025-12-24T19:15:36.562524+00:00,btc-updown-15m-1766604600,TRADE,UP,DIR_ACCUMULATE,4,4,0.49018622906079135,1.9607449162431654,8.0,0.49002445850836507,0.0,0.0,0,0,0.0,8.0,0,0,0,102.14698433487376,SUCCESS,BULLISH,accumulate,2,87411.13,87407.62,0.004015668199190543,0.8083834035425457
2025-12-24T19:15:47.486897+00:00,btc-updown-15m-1766604600,TRADE,DOWN,DIR_REBALANCE,5,5,0.46003251508928095,2.3001625754464046,8.0,0.49002445850836507,5.0,0.4600325150892809,5,0.950056973597646,0.2497151320117702,3.0,0,0,0,99.84682175942736,SUCCESS,BULLISH,rebalance,2,87411.13,87407.62,0.004015668199190543,0.8084035818611384
2025-12-24T19:16:15.138160+00:00,btc-updown-15m-1766604600,TRADE,UP,DIR_ACCUMULATE,4,1,0.4902338423712759,0.4902338423712759,9.0,0.4900477233820218,5.0,0.4600325150892809,5,0.9500802384713027,0.2495988076434863,4.0,0,0,0,99.35658791705607,SUCCESS,BULLISH,accumulate,2,87411.14,87407.62,0.004027108849324664,0.9384728741574045
2025-12-24T19:16:20.674522+00:00,btc-updown-15m-1766604600,TRADE,UP,DIR_ACCUMULATE,4,3,0.4901769114889888,1.4705307344669665,12.0,0.4900800204087636,5.0,0.4600325150892809,5,0.9501125354980444,0.2494373225097779,7.0,0,0,0,97.88605718258911,SUCCESS,BULLISH,accumulate,2,87411.14,87407.62,0.004027108849324664,0.9384811266815384
2025-12-24T19:16:26.099655+00:00,btc-updown-15m-1766604600,TRADE,DOWN,DIR_REBALANCE,5,5,0.4600069895495988,2.300034947747994,12.0,0.4900800204087636,10.0,0.46001975231943987,10,0.9500997727282035,0.4990022727179655,2.0,0,0,0,95.58602223484112,SUCCESS,BULLISH,rebalance,2,87417.54,87407.62,0.011349124938990736,2.8734955105086715
2025-12-24T19:16:31.609701+00:00,btc-updown-15m-1766604600,TRADE,UP,DIR_AVERAGE_DOWN,3,3,0.4902074644056709,1.4706223932170128,15.0,0.49010550920814505,10.0,0.46001975231943987,10,0.9501252615275849,0.4987473847241508,5.0,0,0,0,94.11539984162411,SUCCESS,BULLISH,average_down,2,87417.54,87407.62,0.011349124938990736,4.275118914419443
2025-12-24T19:25:07.618112+00:00,btc-updown-15m-1766604600,TRADE,DOWN,DIR_EMERGENCY,5,5,0.5001404660373016,2.500702330186508,15.0,0.49010550920814505,15.0,0.4733933235587271,15,0.9634988327668721,0.5475175084969186,0.0,0,0,0,91.6146975114376,SUCCESS,BULLISH,emergency,2,87416.63,87407.62,0.010308025776253046,1.374643902260995
2025-12-24T19:30:00.832327+00:00,btc-updown-15m-1766604600,RESOLUTION,UP,BINANCE_FALLBACK_SHARED,30,30,1.0000,14.4525,15,0.4901,15,0.4734,15,0.9635,0.5475,0.00,0.0000,0.0000,0.5475,106.61,RESOLVED
2025-12-24T19:30:26.437491+00:00,btc-updown-15m-1766605500,TRADE,UP,DIR_AVERAGE_DOWN,4,3,0.4700103243463387,1.4100309730390161,3.0,0.4700103243463387,0.0,0.0,0,0,0.0,3.0,0,0,0,105.20466653839858,SUCCESS,BULLISH,average_down,2,87478.58,87491.03,-0.014230030209950766,1.6104375809498939
2025-12-24T19:31:00.040521+00:00,btc-updown-15m-1766605500,TRADE,UP,DIR_ACCUMULATE,4,4,0.4701834307141386,1.8807337228565544,7.0,0.4701092422707958,0.0,0.0,0,0,0.0,7.0,0,0,0,103.32393281554204,SUCCESS,BULLISH,accumulate,2,87473.52,87491.03,-0.02001348023905395,5.295021293263668
2025-12-24T19:31:06.032189+00:00,btc-updown-15m-1766605500,TRADE,DOWN,DIR_REBALANCE,5,5,0.48013736121082345,2.400686806054117,7.0,0.4701092422707958,5.0,0.4801373612108234,5,0.9502466034816193,0.24876698259190366,2.0,0,0,0,100.92324600948793,SUCCESS,BULLISH,rebalance,2,87473.51,87491.03,-0.020024909982205116,5.3046876639776706
2025-12-24T19:31:11.627384+00:00,btc-updown-15m-1766605500,TRADE,UP,DIR_AVERAGE_DOWN,4,4,0.4702058015751794,1.8808232063007175,11.0,0.4701443547451171,5.0,0.4801373612108234,5,0.9502817159559405,0.24859142022029768,6.0,0,0,0,99.04242280318721,SUCCESS,BULLISH,average_down,2,87473.51,87491.03,-0.020024909982205116,5.305538868675237
2025-12-24T19:31:17.307223+00:00,btc-updown-15m-1766605500,TRADE,DOWN,DIR_REBALANCE,5,5,0.4802097856055483,2.401048928027741,11.0,0.4701443547451171,10.0,0.48017357340818584,10,0.950317928153303,0.4968207184669704,1.0,0,0,0,96.64137387515947,SUCCESS,BULLISH,rebalance,2,87473.51,87491.03,-0.020024909982205116,5.314886234745493
2025-12-24T19:31:28.433519+00:00,btc-updown-15m-1766605500,TRADE,UP,DIR_AVERAGE_DOWN,4,4,0.47000188138833765,1.8800075255533506,15.0,0.47010636184997595,10.0,0.48017357340818584,10,0.9502799352581618,0.4972006474183821,5.0,0,0,0,94.76136634960612,SUCCESS,BULLISH,average_down,2,87471.9,87491.03,-0.021865098627830367,4.6182167193006105
2025-12-24T19:40:00.543174+00:00,btc-updown-15m-1766605500,TRADE,DOWN,DIR_EMERGENCY,5,5,0.510224526200474,2.55112263100237,15.0,0.47010636184997595,15.0,0.49019055767228187,15,0.9602969195222578,0.5955462071661327,0.0,0,0,0,92.21024371860375,SUCCESS,BULLISH,emergency,2,87490.82,87491.03,-0.00024002460594171873,0.0728171593295438
2025-12-24T19:45:03.108297+00:00,btc-updown-15m-1766605500,RESOLUTION,UP,BINANCE_FALLBACK_SHARED,30,30,1.0000,14.4045,15,0.4701,15,0.4902,15,0.9603,0.5955,0.00,0.0000,0.0000,0.5955,107.21,RESOLVED
2025-12-24T19:45:11.270902+00:00,btc-updown-15m-1766606400,TRADE,UP,DIR_AVERAGE_DOWN,4,4,0.47014348017010776,1.880573920680431,4.0,0.47014348017010776,0.0,0.0,0,0,0.0,4.0,0,0,0,105.32966979792332,SUCCESS,BULLISH,average_down,2,87502.0,87509.85,-0.008970418758580685,2.0068106540554975
2025-12-24T19:45:38.530141+00:00,btc-updown-15m-1766606400,TRADE,UP,DIR_ACCUMULATE,4,2,0.47018184398836815,0.9403636879767363,6.0,0.4701562681095279,0.0,0.0,0,0,0.0,6.0,0,0,0,104.38930610994657,SUCCESS,BULLISH,accumulate,2,87501.1,87509.85,-0.009998874412423286,2.404047951527866
2025-12-24T19:45:49.752386+00:00,btc-updown-15m-1766606400,TRADE,DOWN,DIR_REBALANCE,5,5,0.48021663240316514,2.4010831620158255,6.0,0.4701562681095279,5.0,0.4802166324031651,5,0.950372900512693,0.24813549743653518,1.0,0,0,0,101.98822294793075,SUCCESS,BULLISH,rebalance,2,87501.1,87509.85,-0.009998874412423286,2.4034365629691727
2025-12-24T19:46:06.170145+00:00,btc-updown-15m-1766606400,TRADE,UP,DIR_AVERAGE_DOWN,4,3,0.4701300316964581,1.4103900950893744,9.0,0.47014752263850457,5.0,0.4802166324031651,5,0.9503641550416697,0.24817922479165144,4.0,0,0,0,100.57783285284138,SUCCESS,BULLISH,average_down,2,87501.11,87509.85,-0.009987447127386504,2.400512848911874
2025-12-24T19:46:11.579737+00:00,btc-updown-15m-1766606400,TRADE,UP,DIR_ACCUMULATE,4,1,0.4700284714980892,0.4700284714980892,10.0,0.4701356175244631,5.0,0.4802166324031651,5,0.9503522499276282,0.24823875036185883,5.0,0,0,0,100.1078043813433,SUCCESS,BULLISH,accumulate,2,87501.11,87509.85,-0.009987447127386504,4.3987175942974295
2025-12-24T19:46:17.088908+00:00,btc-updown-15m-1766606400,TRADE,UP,DIR_ACCUMULATE,4,4,0.47023021495907075,1.880920859836283,14.0,0.4701626453629224,5.0,0.4802166324031651,5,0.9503792777660875,0.24810361116956225,9.0,0,0,0,98.22688352150702,SUCCESS,BULLISH,accumulate,2,87501.1,87509.85,-0.009998874412423286,4.40385954446439
2025-12-24T19:46:22.495602+00:00,btc-updown-15m-1766606400,TRADE,DOWN,DIR_REBALANCE,5,5,0.48021846303841387,2.401092315192069,14.0,0.4701626453629224,10.0,0.48021754772078945,10,0.9503801930837119,0.4961980691628809,4.0,0,0,0,95.82579120631495,SUCCESS,BULLISH,rebalance,2,87501.11,87509.85,-0.009987447127386504,4.3976555939182
2025-12-24T19:46:38.693713+00:00,btc-updown-15m-1766606400,TRADE,UP,DIR_ACCUMULATE,3,3,0.47022450803875143,1.4106735241162542,17.0,0.4701735623057158,10.0,0.48021754772078945,10,0.9503911100265052,0.49608889973494774,7.0,0,0,0,94.4151176821987,SUCCESS,BULLISH,accumulate,2,87501.1,87509.85,-0.009998874412423286,149.76501710898003
2025-12-24T19:46:49.688061+00:00,btc-updown-15m-1766606400,TRADE,DOWN,DIR_REBALANCE,5,5,0.48014986768587176,2.4007493384293586,17.0,0.4701735623057158,15.0,0.4801949877091502,15,0.950368550014866,0.7444717497770104,2.0,0,0,0,92.01436834376933,SUCCESS,BULLISH,rebalance,2,87501.1,87509.85,-0.009998874412423286,145.45737471139395
2025-12-24T20:00:01.592578+00:00,btc-updown-15m-1766606400,RESOLUTION,UP,BINANCE_FALLBACK_SHARED,32,32,1.0000,15.1959,17,0.4702,15,0.4802,15,0.9504,0.7445,0.12,0.0000,0.0000,1.8041,109.01,RESOLVED
2025-12-24T20:00:10.237371+00:00,btc-updown-15m-1766607300,TRADE,UP,DIR_AVERAGE_DOWN,8,8,0.46020644709375585,3.681651576750047,8.0,0.46020644709375585,0.0,0.0,0,0,0.0,8.0,0,0,0,105.33271676701929,SUCCESS,BULLISH,average_down,2,87566.06,87566.06,0.0,0.0
2025-12-24T20:00:15.882404+00:00,btc-updown-15m-1766607300,TRADE,DOWN,DIR_REBALANCE,5,5,0.4900269770398328,2.450134885199164,8.0,0.46020644709375585,5.0,0.4900269770398328,5,0.9502334241335886,0.2488328793320571,3.0,0,0,0,102.88258188182013,SUCCESS,BULLISH,rebalance,2,87572.2,87566.06,0.00701184911140163,2.610495019764044
2025-12-24T20:00:43.319238+00:00,btc-updown-15m-1766607300,TRADE,UP,DIR_ACCUMULATE,7,7,0.46007240726172205,3.2205068508320545,15.0,0.4601438951721401,5.0,0.4900269770398328,5,0.9501708722119728,0.24914563894013586,10.0,0,0,0,99.66207503098808,SUCCESS,BULLISH,accumulate,2,87572.2,87566.06,0.00701184911140163,2.6100527531275834
2025-12-24T20:00:48.838651+00:00,btc-updown-15m-1766607300,TRADE,DOWN,DIR_REBALANCE,5,3,0.4901876424855372,1.4705629274566117,15.0,0.4601438951721401,8.0,0.49008722658197196,8,0.9502311217541121,0.3981510259671035,7.0,0,0,0,98.19151210353147,SUCCESS,BULLISH,rebalance,2,87572.19,87566.06,0.007000429161714775,2.605225359865322
2025-12-24T20:00:54.250804+00:00,btc-updown-15m-1766607300,TRADE,DOWN,DIR_REBALANCE,5,2,0.4900522783874931,0.9801045567749862,15.0,0.4601438951721401,10.0,0.49008023694307623,10,0.9502241321152163,0.4977586788478372,5.0,0,0,0,97.21140754675648,SUCCESS,BULLISH,rebalance,2,87572.2,87566.06,0.00701184911140163,2.6074024174117563
2025-12-24T20:10:04.114221+00:00,btc-updown-15m-1766607300,TRADE,DOWN,DIR_EMERGENCY,5,5,0.5301287394667118,2.650643697333559,15.0,0.4601438951721401,15.0,0.503429737784288,15,0.9635736329564282,0.5463955056535774,0.0,0,0,0,94.56076384942291,SUCCESS,BULLISH,emergency,2,87595.72,87566.06,0.03387157078896035,10.500213860468836
2025-12-24T20:15:05.124073+00:00,btc-updown-15m-1766607300,RESOLUTION,UP,BINANCE_FALLBACK_SHARED,30,30,1.0000,14.4536,15,0.4601,15,0.5034,15,0.9636,0.5464,0.00,0.0000,0.0000,0.5464,109.56,RESOLVED
2025-12-24T20:15:14.720885+00:00,btc-updown-15m-1766608200,TRADE,UP,DIR_AVERAGE_DOWN,4,4,0.47014495574024134,1.8805798229609654,4.0,0.47014495574024134,0.0,0.0,0,0,0.0,4.0,0,0,0,107.68018402646194,SUCCESS,BULLISH,average_down,2,87613.14,87613.14,0.0,0.0
2025-12-24T20:15:25.912259+00:00,btc-updown-15m-1766608200,TRADE,UP,DIR_ACCUMULATE,4,4,0.4701566133027236,1.8806264532108945,8.0,0.4701507845214825,0.0,0.0,0,0,0.0,8.0,0,0,0,105.79955757325105,SUCCESS,BULLISH,accumulate,2,87613.14,87613.14,0.0,0.0
2025-12-24T20:15:31.519875+00:00,btc-updown-15m-1766608200,TRADE,DOWN,DIR_REBALANCE,5,1,0.48014060307952483,0.48014060307952483,8.0,0.4701507845214825,1.0,0.48014060307952483,1,0.9502913876010073,0.04970861239899271,7.0,0,0,0,105.31941697017153,SUCCESS,BULLISH,rebalance,2,87613.13,87613.14,-1.1413813036219579e-05,0.1503454434319877
2025-12-24T20:15:36.934914+00:00,btc-updown-15m-1766608200,TRADE,DOWN,DIR_REBALANCE,5,5,0.4801087548047056,2.400543774023528,8.0,0.4701507845214825,6.0,0.4801140628505088,6,0.9502648473719912,0.29841091576805256,2.0,0,0,0,102.918873196148,SUCCESS,BULLISH,rebalance,2,87613.14,87613.14,0.0,0.0
2025-12-24T20:15:48.197619+00:00,btc-updown-15m-1766608200,TRADE,UP,DIR_AVERAGE_DOWN,4,4,0.47016502389517933,1.8806600955807173,12.0,0.47015553097938145,6.0,0.4801140628505088,6,0.9502695938298902,0.2983824370206589,6.0,0,0,0,101.03821310056728,SUCCESS,BULLISH,average_down,2,87613.13,87613.14,-1.1413813036219579e-05,0.1345000475417151
2025-12-24T20:15:53.628173+00:00,btc-updown-15m-1766608200,TRADE,DOWN,DIR_REBALANCE,5,5,0.48008003145563294,2.4004001572781646,12.0,0.47015553097938145,11.0,0.4800985940346561,11,0.9502541250140375,0.5472046248455875,1.0,0,0,0,98.6378129432891,SUCCESS,BULLISH,rebalance,2,87613.13,87613.14,-1.1413813036219579e-05,0.13574549930315535
2025-12-24T20:15:59.020238+00:00,btc-updown-15m-1766608200,TRADE,UP,DIR_AVERAGE_DOWN,3,3,0.4702141514593269,1.4106424543779807,15.0,0.47016725507537055,11.0,0.4800985940346561,11,0.9502658491100267,0.5470756597897068,4.0,0,0,0,97.22717048891113,SUCCESS,BULLISH,average_down,2,87613.13,87613.14,-1.1413813036219579e-05,0.13705937737631407
2025-12-24T20:25:04.034980+00:00,btc-updown-15m-1766608200,TRADE,DOWN,DIR_EMERGENCY,4,4,0.5300884111503709,2.1203536446014835,15.0,0.47016725507537055,15.0,0.4934292119321801,15,0.9635964670075506,0.5460529948867404,0.0,0,0,0,95.10681684430965,SUCCESS,BULLISH,emergency,2,87631.94,87613.14,0.021457968519337293,14.718258209794708
2025-12-24T20:30:02.734836+00:00,btc-updown-15m-1766608200,RESOLUTION,UP,BINANCE_FALLBACK_SHARED,30,30,1.0000,14.4539,15,0.4702,15,0.4934,15,0.9636,0.5461,0.00,0.0000,0.0000,0.5461,110.11,RESOLVED
2025-12-24T20:30:22.286283+00:00,btc-updown-15m-1766609100,TRADE,UP,DIR_AVERAGE_DOWN,4,4,0.47021059504103674,1.880842380164147,4.0,0.47021059504103674,0.0,0.0,0,0,0.0,4.0,0,0,0,108.2259744641455,SUCCESS,BULLISH,average_down,2,87619.91,87619.91,0.0,0.0
2025-12-24T20:30:38.587844+00:00,btc-updown-15m-1766609100,TRADE,UP,DIR_ACCUMULATE,4,4,0.470075661511433,1.880302646045732,8.0,0.47014312827623483,0.0,0.0,0,0,0.0,8.0,0,0,0,106.34567181809976,SUCCESS,BULLISH,accumulate,2,87625.9,87619.91,0.006836345757477594,1.756949297667101
2025-12-24T20:30:55.191162+00:00,btc-updown-15m-1766609100,TRADE,DOWN,DIR_REBALANCE,5,5,0.4900227706012633,2.4501138530063167,8.0,0.47014312827623483,5.0,0.4900227706012633,5,0.9601658988774981,0.19917050561250926,3.0,0,0,0,103.89555796509345,SUCCESS,BULLISH,rebalance,2,87625.9,87619.91,0.006836345757477594,1.7559904876586667
2025-12-24T20:31:06.091656+00:00,btc-updown-15m-1766609100,TRADE,UP,DIR_ACCUMULATE,7,7,0.46016146466288,3.22113025264016,15.0,0.4654850185900026,5.0,0.4900227706012633,5,0.9555077891912659,0.22246105404367056,10.0,0,0,0,100.67442771245328,SUCCESS,BULLISH,accumulate,2,87631.93,87619.91,0.013718343239555397,2.9539397112928505
2025-12-24T20:31:17.126816+00:00,btc-updown-15m-1766609100,TRADE,DOWN,DIR_REBALANCE,5,5,0.49022384888202986,2.4511192444101493,15.0,0.4654850185900026,10.0,0.49012330974164653,10,0.9556083283316491,0.44391671668350896,5.0,0,0,0,98.22330846804313,SUCCESS,BULLISH,rebalance,2,87631.92,87619.91,0.013706930308413648,2.9520330920915603
2025-12-24T20:40:02.533414+00:00,btc-updown-15m-1766609100,TRADE,DOWN,DIR_EMERGENCY,5,5,0.5302565950104406,2.651282975052203,15.0,0.4654850185900026,15.0,0.5035010714979112,15,0.9689860900879138,0.46520864868129286,0.0,0,0,0,95.57202549299093,SUCCESS,BULLISH,emergency,2,87647.93,87619.91,0.03197903307591793,16.8677196971664
2025-12-24T20:45:02.612326+00:00,btc-updown-15m-1766609100,RESOLUTION,UP,BINANCE_FALLBACK_SHARED,30,30,1.0000,14.5348,15,0.4655,15,0.5035,15,0.9690,0.4652,0.00,0.0000,0.0000,0.4652,110.57,RESOLVED
2025-12-24T20:45:16.188351+00:00,btc-updown-15m-1766610000,TRADE,UP,DIR_AVERAGE_DOWN,8,8,0.46007872707243125,3.68062981657945,8.0,0.46007872707243125,0.0,0.0,0,0,0.0,8.0,0,0,0,106.89139567641148,SUCCESS,BULLISH,average_down,2,87634.33,87642.47,-0.009287734588036391,1.5840176985934438
2025-12-24T20:45:32.703595+00:00,btc-updown-15m-1766610000,TRADE,DOWN,DIR_REBALANCE,5,5,0.49020426026776615,2.4510213013388307,8.0,0.46007872707243125,5.0,0.49020426026776615,5,0.9502829873401974,0.24858506329901275,3.0,0,0,0,104.44037437507265,SUCCESS,BULLISH,rebalance,2,87639.72,87642.47,-0.0031377481716341406,0.48547147151654446
2025-12-24T20:45:54.919512+00:00,btc-updown-15m-1766610000,TRADE,UP,DIR_ACCUMULATE,7,7,0.4600878382497047,3.2206148677479325,15.0,0.4600829789551588,5.0,0.49020426026776615,5,0.9502872392229249,0.24856380388537547,10.0,0,0,0,101.21975950732472,SUCCESS,BULLISH,accumulate,2,87634.34,87642.47,-0.009276324594690973,1.2768626978527875
2025-12-24T20:46:00.429480+00:00,btc-updown-15m-1766610000,TRADE,DOWN,DIR_REBALANCE,5,5,0.4900638577755515,2.4503192888777576,15.0,0.4600829789551588,10.0,0.4901340590216588,10,0.9502170379768176,0.4978296202318244,5.0,0,0,0,98.76944021844696,SUCCESS,BULLISH,rebalance,2,87634.33,87642.47,-0.009287734588036391,1.2784301637905775
2025-12-24T20:55:03.936063+00:00,btc-updown-15m-1766610000,TRADE,DOWN,DIR_EMERGENCY,5,5,0.49010975137552304,2.450548756877615,15.0,0.4600829789551588,15.0,0.4901259564729469,15,0.9502089354281057,0.7468659685784146,0.0,0,0,0,96.31889146156935,SUCCESS,BULLISH,emergency,2,87545.05,87642.47,-0.11115615522930636,45.13440065129529
2025-12-24T21:00:05.402762+00:00,btc-updown-15m-1766610000,RESOLUTION,DOWN,BINANCE_FALLBACK_SHARED,30,30,1.0000,14.2531,15,0.4601,15,0.4901,15,0.9502,0.7469,0.00,0.0000,0.0000,0.7469,111.32,RESOLVED
2025-12-24T21:00:14.493947+00:00,btc-updown-15m-1766610900,TRADE,UP,DIR_AVERAGE_DOWN,4,4,0.4801057447237057,1.9204229788948228,4.0,0.4801057447237057,0.0,0.0,0,0,0.0,4.0,0,0,0,109.39846848267453,SUCCESS,BULLISH,average_down,2,87578.35,87556.2,0.02529803714643707,6.39609856758985
2025-12-24T21:00:26.077804+00:00,btc-updown-15m-1766610900,TRADE,UP,DIR_ACCUMULATE,4,1,0.4801834395732026,0.4801834395732026,5.0,0.48012128369360507,0.0,0.0,0,0,0.0,5.0,0,0,0,108.91828504310133,SUCCESS,BULLISH,accumulate,2,87578.34,87556.2,0.02528661591069441,6.398830182310774
2025-12-24T21:00:43.675570+00:00,btc-updown-15m-1766610900,TRADE,UP,DIR_ACCUMULATE,4,4,0.48022281527635713,1.9208912611054285,9.0,0.4801664088414949,0.0,0.0,0,0,0.0,9.0,0,0,0,106.99739378199591,SUCCESS,BULLISH,accumulate,2,87586.67,87556.2,0.034800505275470114,7.787970384619265
2025-12-24T21:00:49.198487+00:00,btc-updown-15m-1766610900,TRADE,DOWN,DIR_REBALANCE,5,5,0.4701884849234028,2.3509424246170143,9.0,0.4801664088414949,5.0,0.47018848492340287,5,0.9503548937648978,0.24822553117551105,4.0,0,0,0,104.6464513573789,SUCCESS,BULLISH,rebalance,2,87608.05,87556.2,0.05921910727053689,10.944079371083554
2025-12-24T21:01:00.214098+00:00,btc-updown-15m-1766610900,TRADE,UP,DIR_ACCUMULATE,4,4,0.4800596463273169,1.9202385853092676,13.0,0.48013355883713243,5.0,0.47018848492340287,5,0.9503220437605353,0.24838978119732347,8.0,0,0,0,102.72621277206963,SUCCESS,BULLISH,accumulate,2,87608.06,87556.2,0.05923052850626293,10.947861013252227
2025-12-24T21:01:11.126580+00:00,btc-updown-15m-1766610900,TRADE,DOWN,DIR_REBALANCE,5,5,0.4701621917034283,2.3508109585171417,13.0,0.48013355883713243,10.0,0.47017533831341557,10,0.950308897150548,0.49691102849451996,3.0,0,0,0,100.37540181355249,SUCCESS,BULLISH,rebalance,2,87631.66,87556.2,0.08618464483383975,7.880552048890253
2025-12-24T21:01:16.528216+00:00,btc-updown-15m-1766610900,TRADE,UP,DIR_ACCUMULATE,3,3,0.4801228321119417,1.440368496335825,16.0,0.48013154757615917,10.0,0.47017533831341557,10,0.9503068858895747,0.4969311411042532,6.0,0,0,0,98.93503331721666,SUCCESS,BULLISH,accumulate,2,87631.67,87556.2,0.0861960660695658,7.882811163961956
2025-12-24T21:01:21.914207+00:00,btc-updown-15m-1766610900,TRADE,DOWN,DIR_REBALANCE,5,5,0.4700117247269152,2.350058623634576,16.0,0.48013154757615917,15.0,0.47012080045124877,15,0.9502523480274079,0.7462147795888818,1.0,0,0,0,96.58497469358208,SUCCESS,BULLISH,rebalance,2,87631.67,87556.2,0.0861960660695658,7.8815071463566095
2025-12-24T21:15:01.244908+00:00,btc-updown-15m-1766610900,RESOLUTION,UP,BINANCE_FALLBACK_SHARED,31,31,1.0000,14.7339,16,0.4801,15,0.4701,15,0.9503,0.7462,0.06,0.0000,0.0000,1.2661,112.58,RESOLVED
2025-12-24T21:15:14.309738+00:00,btc-updown-15m-1766611800,TRADE,UP,DIR_AVERAGE_DOWN,8,8,0.4601865802157226,3.681492641725781,8.0,0.4601865802157226,0.0,0.0,0,0,0.0,8.0,0,0,0,108.9034820518563,SUCCESS,BULLISH,average_down,2,87648.55,87648.56,-1.1409200555903384e-05,0.12083701274465879
2025-12-24T21:15:35.874921+00:00,btc-updown-15m-1766611800,TRADE,DOWN,DIR_REBALANCE,5,5,0.4899946803975849,2.4499734019879247,8.0,0.4601865802157226,5.0,0.4899946803975849,5,0.9501812606133075,0.24909369693346228,3.0,0,0,0,106.45350864986838,SUCCESS,BULLISH,rebalance,2,87648.56,87648.56,0.0,0.0
2025-12-24T21:15:52.098756+00:00,btc-updown-15m-1766611800,TRADE,UP,DIR_ACCUMULATE,7,3,0.46005161870285594,1.3801548561085677,11.0,0.46014977253039535,5.0,0.4899946803975849,5,0.9501444529279803,0.24927773536009834,6.0,0,0,0,105.07335379375982,SUCCESS,BULLISH,accumulate,2,87648.56,87648.56,0.0,0.0
2025-12-24T21:15:57.516792+00:00,btc-updown-15m-1766611800,TRADE,DOWN,DIR_REBALANCE,5,5,0.490001891937197,2.450009459685985,11.0,0.46014977253039535,10.0,0.48999828616739094,10,0.9501480586977863,0.4985194130221371,1.0,0,0,0,102.62334433407383,SUCCESS,BULLISH,rebalance,2,87648.55,87648.56,-1.1409200555903384e-05,0.12361573436960403
2025-12-24T21:16:08.404530+00:00,btc-updown-15m-1766611800,TRADE,UP,DIR_AVERAGE_DOWN,4,4,0.4601808022152163,1.8407232088608652,15.0,0.4601580471130143,10.0,0.48999828616739094,10,0.9501563332804053,0.49843666719594726,5.0,0,0,0,100.78262112521297,SUCCESS,BULLISH,average_down,2,87648.55,87648.56,-1.1409200555903384e-05,0.13196304806347225
2025-12-24T21:25:02.741618+00:00,btc-updown-15m-1766611800,TRADE,DOWN,DIR_EMERGENCY,5,5,0.5101437315067754,2.550718657533877,15.0,0.4601580471130143,15.0,0.4967134346138524,15,0.9568714817268666,0.6469277740970003,0.0,0,0,0,98.23190246767909,SUCCESS,BULLISH,emergency,2,87635.97,87648.56,-0.014364183507403323,183.08512785272242
2025-12-24T21:30:04.831041+00:00,btc-updown-15m-1766611800,RESOLUTION,UP,BINANCE_FALLBACK_SHARED,30,30,1.0000,14.3531,15,0.4602,15,0.4967,15,0.9569,0.6469,0.00,0.0000,0.0000,0.6469,113.23,RESOLVED
2025-12-24T21:30:12.887058+00:00,btc-updown-15m-1766612700,TRADE,UP,DIR_AVERAGE_DOWN,4,4,0.47003522904063755,1.8801409161625502,4.0,0.47003522904063755,0.0,0.0,0,0,0.0,4.0,0,0,0,111.35176155151655,SUCCESS,BULLISH,average_down,2,87720.43,87720.43,0.0,0.0
2025-12-24T21:30:18.292592+00:00,btc-updown-15m-1766612700,TRADE,UP,DIR_ACCUMULATE,4,4,0.4701810517118391,1.8807242068473564,8.0,0.4701081403762383,0.0,0.0,0,0,0.0,8.0,0,0,0,109.47103734466918,SUCCESS,BULLISH,accumulate,2,87720.42,87720.43,-1.139985291312561e-05,0.15020845439951017
2025-12-24T21:30:23.806619+00:00,btc-updown-15m-1766612700,TRADE,DOWN,DIR_REBALANCE,5,5,0.4802083522896122,2.401041761448061,8.0,0.4701081403762383,5.0,0.4802083522896122,5,0.9503164926658505,0.2484175366707475,3.0,0,0,0,107.06999558322113,SUCCESS,BULLISH,rebalance,2,87720.42,87720.43,-1.139985291312561e-05,0.14530615811872347
2025-12-24T21:30:29.221184+00:00,btc-updown-15m-1766612700,TRADE,UP,DIR_ACCUMULATE,4,4,0.4702063852225542,1.8808255408902168,12.0,0.4701408886583436,5.0,0.4802083522896122,5,0.9503492409479557,0.2482537952602215,7.0,0,0,0,105.18917004233091,SUCCESS,BULLISH,accumulate,2,87720.42,87720.43,-1.139985291312561e-05,0.14681586446503903
2025-12-24T21:30:34.723228+00:00,btc-updown-15m-1766612700,TRADE,DOWN,DIR_REBALANCE,5,3,0.4800552276652696,1.4401656829958087,12.0,0.4701408886583436,8.0,0.4801509305554837,8,0.9502918192138272,0.3976654462893823,4.0,0,0,0,103.7490043593351,SUCCESS,BULLISH,rebalance,2,87720.42,87720.43,-1.139985291312561e-05,0.14846754947121113
2025-12-24T21:30:40.125972+00:00,btc-updown-15m-1766612700,TRADE,UP,DIR_ACCUMULATE,3,3,0.4700266294344854,1.4100798883034562,15.0,0.47011803681357195,8.0,0.4801509305554837,8,0.9502689673690556,0.3978482610475549,7.0,0,0,0,102.33892447103165,SUCCESS,BULLISH,accumulate,2,87720.43,87720.43,0.0,0.0
2025-12-24T21:30:50.974890+00:00,btc-updown-15m-1766612700,TRADE,DOWN,DIR_REBALANCE,5,5,0.48017603470892456,2.400880173544623,15.0,0.47011803681357195,13.0,0.48016058599911476,13,0.9502786228126867,0.6463779034350727,2.0,0,0,0,99.93804429748702,SUCCESS,BULLISH,rebalance,2,87720.43,87720.43,0.0,0.0
2025-12-24T21:40:05.383646+00:00,btc-updown-15m-1766612700,TRADE,DOWN,DIR_EMERGENCY,2,2,0.5402403511141086,1.0804807022282172,15.0,0.47011803681357195,15.0,0.4881712213477806,15,0.9582892581613526,0.6256611275797114,0.0,0,0,0,98.85756359525881,SUCCESS,BULLISH,emergency,2,87762.16,87720.43,0.047571586231406386,7.677610814687986
2025-12-24T21:45:01.692916+00:00,btc-updown-15m-1766612700,RESOLUTION,UP,BINANCE_FALLBACK_SHARED,30,30,1.0000,14.3743,15,0.4701,15,0.4882,15,0.9583,0.6257,0.00,0.0000,0.0000,0.6257,113.86,RESOLVED
2025-12-24T21:45:15.576327+00:00,btc-updown-15m-1766613600,TRADE,UP,DIR_AVERAGE_DOWN,8,8,0.46009521078793614,3.680761686303489,8.0,0.46009521078793614,0.0,0.0,0,0,0.0,8.0,0,0,0,110.17680190895533,SUCCESS,BULLISH,average_down,2,87756.04,87771.28,-0.017363310641026586,4.940238200167
2025-12-24T21:45:21.141650+00:00,btc-updown-15m-1766613600,TRADE,DOWN,DIR_REBALANCE,5,5,0.4902382131601068,2.451191065800534,8.0,0.46009521078793614,5.0,0.4902382131601068,5,0.950333423948043,0.24833288025978506,3.0,0,0,0,107.7256108431548,SUCCESS,BULLISH,rebalance,2,87749.7,87771.28,-0.024586630159662417,6.050502881340717
2025-12-24T21:45:32.047804+00:00,btc-updown-15m-1766613600,TRADE,UP,DIR_ACCUMULATE,7,7,0.4600617601453358,3.2204323210173507,15.0,0.46007960048805596,5.0,0.4902382131601068,5,0.9503178136481627,0.2484109317591865,10.0,0,0,0,104.50517852213744,SUCCESS,BULLISH,accumulate,2,87742.74,87771.28,-0.03251633108232396,7.1160509309516655
2025-12-24T21:45:42.873123+00:00,btc-updown-15m-1766613600,TRADE,DOWN,DIR_REBALANCE,5,1,0.49024487880739265,0.49024487880739265,15.0,0.46007960048805596,6.0,0.49023932410132115,6,0.9503189245893771,0.29808645246373766,9.0,0,0,0,104.01493364333005,SUCCESS,BULLISH,rebalance,2,87733.3,87771.28,-0.043271557621121545,8.347666471073756
2025-12-24T21:45:48.268567+00:00,btc-updown-15m-1766613600,TRADE,DOWN,DIR_REBALANCE,5,5,0.49007701901740514,2.4503850950870256,15.0,0.46007960048805596,11.0,0.4901655490631775,11,0.9502451495512334,0.5473033549364326,4.0,0,0,0,101.56454854824302,SUCCESS,BULLISH,rebalance,2,87703.33,87771.28,-0.07741712323210632,10.376244352083274
2025-12-24T21:55:02.105134+00:00,btc-updown-15m-1766613600,TRADE,DOWN,DIR_EMERGENCY,4,4,0.5102005884311414,2.0408023537245654,15.0,0.46007960048805596,15.0,0.49550822622796786,15,0.9555878267160238,0.6661825992596426,0.0,0,0,0,99.52374619451845,SUCCESS,BULLISH,emergency,2,87693.46,87771.28,-0.08866225945433681,1210.8375643590314
2025-12-24T22:00:01.343629+00:00,btc-updown-15m-1766613600,RESOLUTION,DOWN,BINANCE_FALLBACK_SHARED,30,30,1.0000,14.3338,15,0.4601,15,0.4955,15,0.9556,0.6662,0.00,0.0000,0.0000,0.6662,114.52,RESOLVED
2025-12-24T22:00:36.895541+00:00,btc-updown-15m-1766614500,TRADE,UP,DIR_AVERAGE_DOWN,4,4,0.48018446566245643,1.9207378626498257,4.0,0.48018446566245643,0.0,0.0,0,0,0.0,4.0,0,0,0,112.60300833186862,SUCCESS,BULLISH,average_down,2,87696.33,87696.33,0.0,0.0
2025-12-24T22:00:47.699570+00:00,btc-updown-15m-1766614500,TRADE,UP,DIR_ACCUMULATE,4,4,0.47002861246610844,1.8801144498644338,8.0,0.47510653906428246,0.0,0.0,0,0,0.0,8.0,0,0,0,110.72289388200419,SUCCESS,BULLISH,accumulate,2,87696.33,87696.33,0.0,0.0
2025-12-24T22:01:03.889389+00:00,btc-updown-15m-1766614500,TRADE,DOWN,DIR_REBALANCE,5,5,0.48015731054016475,2.400786552700824,8.0,0.47510653906428246,5.0,0.48015731054016475,5,0.9552638496044472,0.22368075197776394,3.0,0,0,0,108.32210732930336,SUCCESS,BULLISH,rebalance,2,87696.33,87696.33,0.0,0.0
2025-12-24T22:01:14.695428+00:00,btc-updown-15m-1766614500,TRADE,UP,DIR_ACCUMULATE,4,4,0.4700820969126017,1.8803283876504069,12.0,0.47343172501372227,5.0,0.48015731054016475,5,0.953589035553887,0.23205482223056517,7.0,0,0,0,106.44177894165296,SUCCESS,BULLISH,accumulate,2,87696.34,87696.33,1.1402985729005206e-05,0.11596920749789455
2025-12-24T22:01:30.969403+00:00,btc-updown-15m-1766614500,TRADE,DOWN,DIR_REBALANCE,5,5,0.48021571151902565,2.4010785575951283,12.0,0.47343172501372227,10.0,0.4801865110295952,10,0.9536182360433174,0.46381763956682587,2.0,0,0,0,104.04070038405783,SUCCESS,BULLISH,rebalance,2,87696.33,87696.33,0.0,0.0
2025-12-24T22:01:41.768951+00:00,btc-updown-15m-1766614500,TRADE,UP,DIR_AVERAGE_DOWN,3,3,0.4700758828455621,1.4102276485366865,15.0,0.47276055658009025,10.0,0.4801865110295952,10,0.9529470676096854,0.47052932390314606,5.0,0,0,0,102.63047273552114,SUCCESS,BULLISH,average_down,2,87696.33,87696.33,0.0,0.0
2025-12-24T22:10:01.417986+00:00,btc-updown-15m-1766614500,TRADE,DOWN,DIR_EMERGENCY,5,5,0.49007237553869387,2.4503618776934695,15.0,0.47276055658009025,15.0,0.4834817991992948,15,0.9562423557793851,0.6563646633092235,0.0,0,0,0,100.18011085782767,SUCCESS,BULLISH,emergency,2,87840.49,87696.33,0.16438544235545946,13.692466974722187
2025-12-24T22:15:04.126786+00:00,btc-updown-15m-1766614500,RESOLUTION,UP,BINANCE_FALLBACK_SHARED,30,30,1.0000,14.3436,15,0.4728,15,0.4835,15,0.9562,0.6564,0.00,0.0000,0.0000,0.6564,115.18,RESOLVED
2025-12-24T22:15:17.611906+00:00,btc-updown-15m-1766615400,TRADE,UP,DIR_AVERAGE_DOWN,8,8,0.4601621060635631,3.681296848508505,8.0,0.4601621060635631,0.0,0.0,0,0,0.0,8.0,0,0,0,111.49881400931916,SUCCESS,BULLISH,average_down,2,87828.17,87809.96,0.020737966399246566,3.425662572856325
2025-12-24T22:15:23.123009+00:00,btc-updown-15m-1766615400,TRADE,DOWN,DIR_REBALANCE,5,5,0.4902347498904164,2.451173749452082,8.0,0.4601621060635631,5.0,0.4902347498904164,5,0.9503968559539795,0.24801572023010254,3.0,0,0,0,109.04764025986708,SUCCESS,BULLISH,rebalance,2,87828.16,87809.96,0.020726578169489075,3.423755456005438
2025-12-24T22:15:34.028780+00:00,btc-updown-15m-1766615400,TRADE,UP,DIR_ACCUMULATE,7,7,0.4601168080761105,3.2208176565327733,15.0,0.46014096700275187,5.0,0.4902347498904164,5,0.9503757168931682,0.24812141553415878,10.0,0,0,0,105.8268226033343,SUCCESS,BULLISH,accumulate,2,87854.01,87809.96,0.05016515210801639,6.246223142948242
2025-12-24T22:15:44.835223+00:00,btc-updown-15m-1766615400,TRADE,DOWN,DIR_REBALANCE,5,5,0.4902376289552709,2.4511881447763546,15.0,0.46014096700275187,10.0,0.49023618942284364,10,0.9503771564255955,0.49622843574404496,5.0,0,0,0,103.37563445855795,SUCCESS,BULLISH,rebalance,2,87854.01,87809.96,0.05016515210801639,6.251873518643292
2025-12-24T22:25:00.865833+00:00,btc-updown-15m-1766615400,TRADE,DOWN,DIR_EMERGENCY,5,5,0.5200695334780767,2.6003476673903836,15.0,0.46014096700275187,15.0,0.5001806374412546,15,0.9603216044440065,0.5951759333399026,0.0,0,0,0,100.77528679116757,SUCCESS,BULLISH,emergency,2,87773.91,87809.96,-0.041054568297267086,5.5826319318959765
2025-12-24T22:30:02.208107+00:00,btc-updown-15m-1766615400,RESOLUTION,DOWN,BINANCE_FALLBACK_SHARED,30,30,1.0000,14.4048,15,0.4601,15,0.5002,15,0.9603,0.5952,0.00,0.0000,0.0000,0.5952,115.78,RESOLVED
2025-12-24T22:30:21.284676+00:00,btc-updown-15m-1766616300,TRADE,UP,DIR_AVERAGE_DOWN,8,8,0.4600770428610582,3.6806163428884657,8.0,0.4600770428610582,0.0,0.0,0,0,0.0,8.0,0,0,0,112.0946704482791,SUCCESS,BULLISH,average_down,2,87799.43,87786.28,0.014979561726495507,1.0661139740739136
2025-12-24T22:30:26.702164+00:00,btc-updown-15m-1766616300,TRADE,DOWN,DIR_REBALANCE,5,5,0.4902418531443631,2.4512092657218156,8.0,0.4600770428610582,5.0,0.49024185314436314,5,0.9503188960054214,0.24840551997289295,3.0,0,0,0,109.64346118255729,SUCCESS,BULLISH,rebalance,2,87809.97,87786.28,0.026985993711092813,1.8752617302585273
2025-12-24T22:30:32.138005+00:00,btc-updown-15m-1766616300,TRADE,UP,DIR_ACCUMULATE,7,7,0.46007670477923496,3.2205369334546448,15.0,0.46007688508954075,5.0,0.49024185314436314,5,0.9503187382339039,0.24840630883048054,10.0,0,0,0,106.42292424910265,SUCCESS,BULLISH,accumulate,2,87811.72,87786.28,0.02897947150739538,2.007066911233095
2025-12-24T22:30:37.552053+00:00,btc-updown-15m-1766616300,TRADE,DOWN,DIR_REBALANCE,5,5,0.4899841820720678,2.4499209103603388,15.0,0.46007688508954075,10.0,0.49011301760821546,10,0.9501899026977563,0.4981009730224373,5.0,0,0,0,103.97300333874232,SUCCESS,BULLISH,rebalance,2,87813.99,87786.28,0.031565296991746775,2.180398619008977
2025-12-24T22:40:04.208611+00:00,btc-updown-15m-1766616300,TRADE,DOWN,DIR_EMERGENCY,5,5,0.5401737200868799,2.7008686004344,15.0,0.46007688508954075,15.0,0.506799918434437,15,0.9668768035239776,0.4968479471403353,0.0,0,0,0,101.27213473830791,SUCCESS,BULLISH,emergency,2,87986.84,87786.28,0.22846394675796453,25.981616000420967
2025-12-24T22:45:01.827713+00:00,btc-updown-15m-1766616300,RESOLUTION,UP,BINANCE_FALLBACK_SHARED,30,30,1.0000,14.5032,15,0.4601,15,0.5068,15,0.9669,0.4968,0.00,0.0000,0.0000,0.4968,116.27,RESOLVED
2025-12-24T22:45:21.188881+00:00,btc-updown-15m-1766617200,TRADE,UP,DIR_AVERAGE_DOWN,8,8,0.46014902533635643,3.6811922026908515,8.0,0.46014902533635643,0.0,0.0,0,0,0.0,8.0,0,0,0,112.59094253561706,SUCCESS,BULLISH,average_down,2,88000.0,87984.13,0.0180373437800605,2.046046258653454
2025-12-24T22:45:26.749433+00:00,btc-updown-15m-1766617200,TRADE,DOWN,DIR_REBALANCE,5,5,0.49016193689531207,2.4508096844765603,8.0,0.46014902533635643,5.0,0.49016193689531207,5,0.9503109622316686,0.24844518884165723,3.0,0,0,0,110.14013285114049,SUCCESS,BULLISH,rebalance,2,88000.0,87984.13,0.0180373437800605,2.0460460655524093
2025-12-24T22:45:37.555437+00:00,btc-updown-15m-1766617200,TRADE,UP,DIR_ACCUMULATE,7,7,0.4601311278948019,3.220917895263613,15.0,0.4601406731969643,5.0,0.49016193689531207,5,0.9503026100922763,0.24848694953861827,10.0,0,0,0,106.91921495587688,SUCCESS,BULLISH,accumulate,2,87999.99,87984.13,0.01802597809400466,2.0447668196052993
2025-12-24T22:45:59.284349+00:00,btc-updown-15m-1766617200,TRADE,DOWN,DIR_REBALANCE,5,5,0.4901004087273799,2.4505020436368996,15.0,0.4601406731969643,10.0,0.490131172811346,10,0.9502718460083103,0.4972815399168973,5.0,0,0,0,104.46871291223998,SUCCESS,BULLISH,rebalance,2,87979.73,87984.13,-0.005000901867198927,0.5770384672390505
2025-12-24T22:55:05.309641+00:00,btc-updown-15m-1766617200,TRADE,DOWN,DIR_EMERGENCY,5,5,0.5400286075651686,2.7001430378258426,15.0,0.4601406731969643,15.0,0.5067636510626202,15,0.9669043242595845,0.49643513610623247,0.0,0,0,0,101.76856987441414,SUCCESS,BULLISH,emergency,2,88000.0,87984.13,0.0180373437800605,221.67791431035593
2025-12-24T23:00:01.549305+00:00,btc-updown-15m-1766617200,RESOLUTION,UP,BINANCE_FALLBACK_SHARED,30,30,1.0000,14.5036,15,0.4601,15,0.5068,15,0.9669,0.4964,0.00,0.0000,0.0000,0.4964,116.77,RESOLVED
2025-12-24T23:00:10.080556+00:00,btc-updown-15m-1766618100,TRADE,UP,DIR_AVERAGE_DOWN,8,8,0.4601376819591123,3.6811014556728985,8.0,0.4601376819591123,0.0,0.0,0,0,0.0,8.0,0,0,0,113.08746841874124,SUCCESS,BULLISH,average_down,2,88023.56,88009.81,0.015623258361766718,1.2754207992571682
2025-12-24T23:00:15.493610+00:00,btc-updown-15m-1766618100,TRADE,DOWN,DIR_REBALANCE,5,5,0.4901423646920891,2.4507118234604457,8.0,0.4601376819591123,5.0,0.49014236469208916,5,0.9502800466512015,0.24859976674399265,3.0,0,0,0,110.63675659528079,SUCCESS,BULLISH,rebalance,2,87998.38,88009.81,-0.012987188587264324,1.0838203084884586
2025-12-24T23:00:20.906838+00:00,btc-updown-15m-1766618100,TRADE,UP,DIR_ACCUMULATE,7,7,0.4601637113491895,3.2211459794443265,15.0,0.460149829007815,5.0,0.49014236469208916,5,0.9502921936999041,0.2485390315004793,10.0,0,0,0,107.41561061583646,SUCCESS,BULLISH,accumulate,2,87998.38,88009.81,-0.012987188587264324,1.148368414137824
2025-12-24T23:00:26.327329+00:00,btc-updown-15m-1766618100,TRADE,DOWN,DIR_REBALANCE,5,5,0.4902251664533279,2.45112583226664,15.0,0.460149829007815,10.0,0.49018376557270854,10,0.9503335945805236,0.4966640541947642,5.0,0,0,0,104.96448478356982,SUCCESS,BULLISH,rebalance,2,87998.38,88009.81,-0.012987188587264324,1.1533649614382235
2025-12-24T23:10:01.375067+00:00,btc-updown-15m-1766618100,TRADE,DOWN,DIR_EMERGENCY,5,5,0.4802249792398692,2.401124896199346,15.0,0.460149829007815,15.0,0.48686417012842875,15,0.9470139991362437,0.794790012956344,0.0,0,0,0,102.56335988737047,SUCCESS,BULLISH,emergency,2,87817.74,88009.81,-0.21823703516686654,23.348334483225152
2025-12-24T23:15:02.709964+00:00,btc-updown-15m-1766618100,RESOLUTION,DOWN,BINANCE_FALLBACK_SHARED,30,30,1.0000,14.2052,15,0.4601,15,0.4869,15,0.9470,0.7948,0.00,0.0000,0.0000,0.7948,117.56,RESOLVED
2025-12-24T23:15:16.201628+00:00,btc-updown-15m-1766619000,TRADE,UP,DIR_AVERAGE_DOWN,4,4,0.4801413908543818,1.9205655634175272,4.0,0.4801413908543818,0.0,0.0,0,0,0.0,4.0,0,0,0,115.64279432395294,SUCCESS,BULLISH,average_down,2,87810.34,87826.19,-0.018047008529011473,3.370589172342353
2025-12-24T23:15:26.988135+00:00,btc-updown-15m-1766619000,TRADE,UP,DIR_ACCUMULATE,4,4,0.4801364528496816,1.9205458113987264,8.0,0.48013892185203166,0.0,0.0,0,0,0.0,8.0,0,0,0,113.72224851255422,SUCCESS,BULLISH,accumulate,2,87811.21,87826.19,-0.017056415631824546,3.152845617511783
2025-12-24T23:15:32.555130+00:00,btc-updown-15m-1766619000,TRADE,DOWN,DIR_REBALANCE,5,5,0.4701809975652028,2.350904987826014,8.0,0.48013892185203166,5.0,0.4701809975652028,5,0.9503199194172345,0.2484004029138276,3.0,0,0,0,111.3713435247282,SUCCESS,BULLISH,rebalance,2,87811.21,87826.19,-0.017056415631824546,3.1515426642388644
2025-12-24T23:15:43.452164+00:00,btc-updown-15m-1766619000,TRADE,UP,DIR_ACCUMULATE,4,4,0.4801979902567352,1.9207919610269408,12.0,0.4801586113202662,5.0,0.4701809975652028,5,0.950339608885469,0.2483019555726551,7.0,0,0,0,109.45055156370127,SUCCESS,BULLISH,accumulate,2,87786.06,87826.19,-0.04569252064788949,2.6913635186827265
2025-12-24T23:15:54.367215+00:00,btc-updown-15m-1766619000,TRADE,DOWN,DIR_REBALANCE,5,5,0.4700363416780658,2.350181708390329,12.0,0.4801586113202662,10.0,0.47010866962163433,10,0.9502672809419006,0.49732719058099395,2.0,0,0,0,107.10036985531094,SUCCESS,BULLISH,rebalance,2,87799.89,87826.19,-0.029945509420370973,1.7348397496597623
2025-12-24T23:15:59.793313+00:00,btc-updown-15m-1766619000,TRADE,UP,DIR_AVERAGE_DOWN,3,3,0.48021536818254595,1.4406461045476378,15.0,0.48016996269272216,10.0,0.47010866962163433,10,0.9502786323143565,0.497213676856435,5.0,0,0,0,105.6597237507633,SUCCESS,BULLISH,average_down,2,87796.89,87826.19,-0.03336134699683877,1.8965748806374445
2025-12-24T23:25:03.015097+00:00,btc-updown-15m-1766619000,TRADE,DOWN,DIR_EMERGENCY,5,5,0.4702291526211845,2.3511457631059223,15.0,0.48016996269272216,15.0,0.4701488306214844,15,0.9503187933142065,0.7452181002869018,0.0,0,0,0,103.30857798765739,SUCCESS,BULLISH,emergency,2,87632.3,87826.19,-0.22076558256711284,10.334852161518496
2025-12-24T23:30:05.085719+00:00,btc-updown-15m-1766619000,RESOLUTION,DOWN,BINANCE_FALLBACK_SHARED,30,30,1.0000,14.2548,15,0.4802,15,0.4701,15,0.9503,0.7452,0.00,0.0000,0.0000,0.7452,118.31,RESOLVED
2025-12-24T23:30:18.739482+00:00,btc-updown-15m-1766619900,TRADE,UP,DIR_AVERAGE_DOWN,4,4,0.4900395076686127,1.9601580306744508,4.0,0.4900395076686127,0.0,0.0,0,0,0.0,4.0,0,0,0,116.34841995698294,SUCCESS,BULLISH,average_down,2,87599.15,87599.14,1.141563717949892e-05,0.13334600498338753
2025-12-24T23:30:24.148614+00:00,btc-updown-15m-1766619900,TRADE,UP,DIR_ACCUMULATE,4,4,0.49014036630491076,1.960561465219643,8.0,0.49008993698676173,0.0,0.0,0,0,0.0,8.0,0,0,0,114.3878584917633,SUCCESS,BULLISH,accumulate,2,87599.14,87599.14,0.0,0.0
2025-12-24T23:30:35.045748+00:00,btc-updown-15m-1766619900,TRADE,DOWN,DIR_REBALANCE,5,5,0.4600233930855254,2.3001169654276272,8.0,0.49008993698676173,5.0,0.4600233930855254,5,0.9501133300722872,0.24943334963856423,3.0,0,0,0,112.08774152633566,SUCCESS,BULLISH,rebalance,2,87599.14,87599.14,0.0,0.0
2025-12-24T23:30:45.993661+00:00,btc-updown-15m-1766619900,TRADE,UP,DIR_ACCUMULATE,4,4,0.4901606012025865,1.960642404810346,12.0,0.49011349172537,5.0,0.4600233930855254,5,0.9501368848108954,0.2493155759455229,7.0,0,0,0,110.12709912152532,SUCCESS,BULLISH,accumulate,2,87639.99,87599.14,0.04663287790268925,6.570038700261072
2025-12-24T23:30:51.400107+00:00,btc-updown-15m-1766619900,TRADE,DOWN,DIR_REBALANCE,5,5,0.46015191647013476,2.3007595823506737,12.0,0.49011349172537,10.0,0.46008765477783004,10,0.9502011465032001,0.4979885349679991,2.0,0,0,0,107.82633953917464,SUCCESS,BULLISH,rebalance,2,87649.24,87599.14,0.057192342299257536,7.245934565281769
2025-12-24T23:31:07.790613+00:00,btc-updown-15m-1766619900,TRADE,UP,DIR_AVERAGE_DOWN,3,3,0.4901606620276916,1.4704819860830747,15.0,0.49012292578583433,10.0,0.46008765477783004,10,0.9502105805636644,0.49789419436335636,5.0,0,0,0,106.35585755309157,SUCCESS,BULLISH,average_down,2,87632.14,87599.14,0.03767160271208142,4.024949429552387
2025-12-24T23:40:04.935511+00:00,btc-updown-15m-1766619900,TRADE,DOWN,DIR_EMERGENCY,5,5,0.49002856275945234,2.4501428137972616,15.0,0.49012292578583433,15.0,0.4700679574383708,15,0.9601908832242052,0.5971367516369219,0.0,0,0,0,103.90571473929431,SUCCESS,BULLISH,emergency,2,87685.72,87599.14,0.09883658675188106,27.443624939000223
2025-12-24T23:45:01.468945+00:00,btc-updown-15m-1766619900,RESOLUTION,UP,BINANCE_FALLBACK_SHARED,30,30,1.0000,14.4029,15,0.4901,15,0.4701,15,0.9602,0.5971,0.00,0.0000,0.0000,0.5971,118.91,RESOLVED
2025-12-24T23:45:25.937018+00:00,btc-updown-15m-1766620800,TRADE,UP,DIR_AVERAGE_DOWN,4,4,0.4800028112185681,1.9200112448742723,4.0,0.4800028112185681,0.0,0.0,0,0,0.0,4.0,0,0,0,116.98570349442004,SUCCESS,BULLISH,average_down,2,87652.3,87649.53,0.0031603135806935584,1.5138976105473538
2025-12-24T23:45:31.457799+00:00,btc-updown-15m-1766620800,TRADE,UP,DIR_ACCUMULATE,4,4,0.4800799610497824,1.9203198441991296,8.0,0.48004138613417524,0.0,0.0,0,0,0.0,8.0,0,0,0,115.06538365022091,SUCCESS,BULLISH,accumulate,2,87652.3,87649.53,0.0031603135806935584,1.5145199003839505
2025-12-24T23:45:47.669181+00:00,btc-updown-15m-1766620800,TRADE,DOWN,DIR_REBALANCE,5,5,0.4701911172362466,2.3509555861812332,8.0,0.48004138613417524,5.0,0.4701911172362466,5,0.9502325033704219,0.24883748314789067,3.0,0,0,0,112.71442806403968,SUCCESS,BULLISH,rebalance,2,87677.51,87649.53,0.03192258988724289,5.561636085137599
2025-12-24T23:45:53.064889+00:00,btc-updown-15m-1766620800,TRADE,UP,DIR_ACCUMULATE,4,4,0.480061220839864,1.920244883359456,12.0,0.48004799770273815,5.0,0.4701911172362466,5,0.9502391149389848,0.24880442530507585,7.0,0,0,0,110.79418318068022,SUCCESS,BULLISH,accumulate,2,87677.51,87649.53,0.03192258988724289,5.5614515352895095
2025-12-24T23:46:14.713053+00:00,btc-updown-15m-1766620800,TRADE,DOWN,DIR_REBALANCE,5,5,0.4700093976423337,2.3500469882116684,12.0,0.48004799770273815,10.0,0.4701002574392902,10,0.9501482551420284,0.49851744857971614,2.0,0,0,0,108.44413619246855,SUCCESS,BULLISH,rebalance,2,87680.99,87649.53,0.035892947743138386,2.641008018982147
2025-12-24T23:46:20.216210+00:00,btc-updown-15m-1766620800,TRADE,UP,DIR_AVERAGE_DOWN,3,3,0.48016214617049463,1.440486438511484,15.0,0.4800708273962895,10.0,0.4701002574392902,10,0.9501710848355797,0.4982891516442034,5.0,0,0,0,107.00364975395706,SUCCESS,BULLISH,average_down,2,87680.98,87649.53,0.035881538668829246,2.6534748334396587
2025-12-24T23:55:01.519636+00:00,btc-updown-15m-1766620800,TRADE,DOWN,DIR_EMERGENCY,5,5,0.5102028099471785,2.551014049735892,15.0,0.4800708273962895,15.0,0.4834677749419196,15,0.9635386023382091,0.5469209649268636,0.0,0,0,0,104.45263570422117,SUCCESS,BULLISH,emergency,2,87695.39,87649.53,0.052322014732994665,12.005325190883543
2025-12-25T00:00:05.554644+00:00,btc-updown-15m-1766620800,RESOLUTION,UP,BINANCE_FALLBACK_SHARED,30,30,1.0000,14.4531,15,0.4801,15,0.4835,15,0.9635,0.5469,0.00,0.0000,0.0000,0.5469,119.45,RESOLVED
2025-12-25T00:00:19.666181+00:00,btc-updown-15m-1766621700,TRADE,UP,DIR_AVERAGE_DOWN,4,4,0.4801916893175794,1.9207667572703175,4.0,0.4801916893175794,0.0,0.0,0,0,0.0,4.0,0,0,0,117.53186894695085,SUCCESS,BULLISH,average_down,2,87669.44,87669.45,-1.1406481955528764e-05,0.11524010753859669
2025-12-25T00:00:25.089981+00:00,btc-updown-15m-1766621700,TRADE,UP,DIR_ACCUMULATE,4,2,0.48000140659344936,0.9600028131868987,6.0,0.48012826174286943,0.0,0.0,0,0,0.0,6.0,0,0,0,116.57186613376395,SUCCESS,BULLISH,accumulate,2,87669.44,87669.45,-1.1406481955528764e-05,0.11021477468102113
2025-12-25T00:00:41.338505+00:00,btc-updown-15m-1766621700,TRADE,DOWN,DIR_REBALANCE,5,5,0.4701122091694324,2.350561045847162,6.0,0.48012826174286943,5.0,0.4701122091694324,5,0.9502404709123018,0.24879764543849103,1.0,0,0,0,114.22130508791679,SUCCESS,BULLISH,rebalance,2,87659.48,87669.45,-0.01137226251562108,2.578753743181906
2025-12-25T00:00:46.744485+00:00,btc-updown-15m-1766621700,TRADE,UP,DIR_AVERAGE_DOWN,4,4,0.48007619965188475,1.920304798607539,10.0,0.48010743690647556,5.0,0.4701122091694324,5,0.950219646075908,0.24890176962045985,5.0,0,0,0,112.30100028930926,SUCCESS,BULLISH,average_down,2,87656.26,87669.45,-0.01504514970722678,3.2190802145156807
2025-12-25T00:00:52.324210+00:00,btc-updown-15m-1766621700,TRADE,UP,DIR_ACCUMULATE,4,4,0.48013868558138173,1.920554742325527,14.0,0.48011636509930583,5.0,0.4701122091694324,5,0.9502285742687382,0.24885712865630905,9.0,0,0,0,110.38044554698374,SUCCESS,BULLISH,accumulate,2,87646.6,87669.45,-0.026063811282027286,4.885626834855156
2025-12-25T00:01:14.068303+00:00,btc-updown-15m-1766621700,TRADE,DOWN,DIR_REBALANCE,5,5,0.4702111986378612,2.351055993189306,14.0,0.48011636509930583,10.0,0.4701617039036468,10,0.9502780690029526,0.4972193099704736,4.0,0,0,0,108.02938955379443,SUCCESS,BULLISH,rebalance,2,87615.9,87669.45,-0.06108171090385866,8.596357352205963
2025-12-25T00:01:35.873749+00:00,btc-updown-15m-1766621700,TRADE,UP,DIR_ACCUMULATE,3,3,0.49023640827367093,1.4707092248210127,17.0,0.4819022550712526,10.0,0.4701617039036468,10,0.9520639589748994,0.4793604102510063,7.0,0,0,0,106.55868032897342,SUCCESS,BULLISH,accumulate,2,87562.01,87669.45,-0.12255124219440448,13.755729823472326
2025-12-25T00:01:41.280776+00:00,btc-updown-15m-1766621700,TRADE,DOWN,DIR_REBALANCE,5,5,0.4601294070073319,2.3006470350366595,17.0,0.4819022550712526,15.0,0.4668176049382085,15,0.9487198600094611,0.769202099858084,2.0,0,0,0,104.25803329393676,SUCCESS,BULLISH,rebalance,2,87579.28,87669.45,-0.10285224784688195,10.98057573713634
2025-12-25T00:15:02.666391+00:00,btc-updown-15m-1766621700,RESOLUTION,DOWN,BINANCE_FALLBACK_SHARED,32,32,1.0000,15.1946,17,0.4819,15,0.4668,15,0.9487,0.7692,0.12,0.0000,0.0000,-0.1946,119.26,RESOLVED
2025-12-25T00:15:33.631674+00:00,btc-updown-15m-1766622600,TRADE,UP,DIR_AVERAGE_DOWN,4,4,0.48005625203699726,1.920225008147989,4.0,0.48005625203699726,0.0,0.0,0,0,0.0,4.0,0,0,0,117.33780828578877,SUCCESS,BULLISH,average_down,2,87683.15,87659.49,0.026990802707144358,1.4737181878614072
2025-12-25T00:15:44.479112+00:00,btc-updown-15m-1766622600,TRADE,UP,DIR_ACCUMULATE,4,4,0.4800763016666564,1.9203052066666255,8.0,0.4800662768518268,0.0,0.0,0,0,0.0,8.0,0,0,0,115.41750307912214,SUCCESS,BULLISH,accumulate,2,87683.16,87659.49,0.027002210485137724,1.9468006182941382
2025-12-25T00:16:00.688517+00:00,btc-updown-15m-1766622600,TRADE,DOWN,DIR_REBALANCE,5,5,0.4700799808359854,2.350399904179927,8.0,0.4800662768518268,5.0,0.47007998083598534,5,0.9501462576878121,0.24926871156093933,3.0,0,0,0,113.06710317494222,SUCCESS,BULLISH,rebalance,2,87699.59,87659.49,0.045745189710767506,3.39421827426291
2025-12-25T00:16:06.082135+00:00,btc-updown-15m-1766622600,TRADE,UP,DIR_ACCUMULATE,4,4,0.48022654473549803,1.9209061789419921,12.0,0.4801196994797172,5.0,0.47007998083598534,5,0.9501996803157026,0.24900159842148717,7.0,0,0,0,111.14619699600023,SUCCESS,BULLISH,accumulate,2,87707.54,87659.49,0.05481437320704051,5.032499313944887
2025-12-25T00:16:33.309296+00:00,btc-updown-15m-1766622600,TRADE,DOWN,DIR_REBALANCE,5,5,0.4700956425466309,2.3504782127331545,12.0,0.4801196994797172,10.0,0.47008781169130814,10,0.9502075111710253,0.4979248882897469,2.0,0,0,0,108.79571878326708,SUCCESS,BULLISH,rebalance,2,87717.68,87659.49,0.0663818600815357,6.304265329456676
2025-12-25T00:16:38.710704+00:00,btc-updown-15m-1766622600,TRADE,UP,DIR_AVERAGE_DOWN,3,3,0.4800156689998978,1.4400470069996933,15.0,0.48009889338375333,10.0,0.47008781169130814,10,0.9501867050750614,0.4981329492493858,5.0,0,0,0,107.35567177626739,SUCCESS,BULLISH,average_down,2,87717.69,87659.49,0.06639326785952905,6.305569566379063
2025-12-25T00:25:05.075427+00:00,btc-updown-15m-1766622600,TRADE,DOWN,DIR_EMERGENCY,5,5,0.5001050054897909,2.5005250274489543,15.0,0.48009889338375333,15.0,0.4800935429574691,15,0.9601924363412224,0.5971134548816637,0.0,0,0,0,104.85514674881843,SUCCESS,BULLISH,emergency,2,87688.73,87659.49,0.03335634282151389,6.246412297428204
2025-12-25T00:30:01.816061+00:00,btc-updown-15m-1766622600,RESOLUTION,DOWN,BINANCE_FALLBACK_SHARED,30,30,1.0000,14.4029,15,0.4801,15,0.4801,15,0.9602,0.5971,0.00,0.0000,0.0000,0.5971,119.86,RESOLVED
2025-12-25T00:30:20.876590+00:00,btc-updown-15m-1766623500,TRADE,UP,DIR_AVERAGE_DOWN,4,4,0.4801118669902323,1.9204474679609291,4.0,0.4801118669902323,0.0,0.0,0,0,0.0,4.0,0,0,0,117.9346992808575,SUCCESS,BULLISH,average_down,2,87606.85,87626.61,-0.022550227607794897,4.068595043235529
2025-12-25T00:30:37.129671+00:00,btc-updown-15m-1766623500,TRADE,UP,DIR_ACCUMULATE,4,1,0.4801775433590276,0.4801775433590276,5.0,0.48012500226399135,0.0,0.0,0,0,0.0,5.0,0,0,0,117.45452173749847,SUCCESS,BULLISH,accumulate,2,87602.24,87626.61,-0.0278111865790487,3.6088533403920224
2025-12-25T00:30:48.117059+00:00,btc-updown-15m-1766623500,TRADE,UP,DIR_ACCUMULATE,4,4,0.4800075348172236,1.9200301392688943,9.0,0.48007279450987234,0.0,0.0,0,0,0.0,9.0,0,0,0,115.53449159822958,SUCCESS,BULLISH,accumulate,2,87602.24,87626.61,-0.0278111865790487,3.609056575517328
2025-12-25T00:31:09.982160+00:00,btc-updown-15m-1766623500,TRADE,DOWN,DIR_REBALANCE,5,5,0.4699916065490405,2.3499580327452025,9.0,0.48007279450987234,5.0,0.4699916065490405,5,0.9500644010589128,0.24967799470543617,4.0,0,0,0,113.18453356548437,SUCCESS,BULLISH,rebalance,2,87602.25,87626.61,-0.027799774520548704,4.258658013181776
2025-12-25T00:31:15.394865+00:00,btc-updown-15m-1766623500,TRADE,UP,DIR_ACCUMULATE,4,4,0.4801095991737412,1.9204383966949647,13.0,0.480084119021832,5.0,0.4699916065490405,5,0.9500757255708725,0.2496213721456375,8.0,0,0,0,111.26409516878941,SUCCESS,BULLISH,accumulate,2,87617.28,87626.61,-0.010647450586073963,1.2929121423617602
2025-12-25T00:31:20.925566+00:00,btc-updown-15m-1766623500,TRADE,DOWN,DIR_REBALANCE,5,5,0.47012568402418553,2.3506284201209278,13.0,0.480084119021832,10.0,0.470058645286613,10,0.950142764308445,0.4985723569155498,3.0,0,0,0,108.91346674866848,SUCCESS,BULLISH,rebalance,2,87636.0,87626.61,0.01071592293710714,1.2796853309151606
2025-12-25T00:31:26.337064+00:00,btc-updown-15m-1766623500,TRADE,UP,DIR_ACCUMULATE,3,3,0.4800794802839832,1.4402384408519495,16.0,0.48008324925848533,10.0,0.470058645286613,10,0.9501418945450983,0.4985810545490166,6.0,0,0,0,107.47322830781653,SUCCESS,BULLISH,accumulate,2,87639.99,87626.61,0.015269334280995986,1.9333353056825449
2025-12-25T00:31:31.752762+00:00,btc-updown-15m-1766623500,TRADE,DOWN,DIR_REBALANCE,5,3,0.4700067896180973,1.4100203688542918,16.0,0.48008324925848533,13.0,0.4700466785938786,13,0.9501299278523639,0.6483109379192687,3.0,0,0,0,106.06320793896224,SUCCESS,BULLISH,rebalance,2,87639.99,87626.61,0.015269334280995986,2.0565036125539873
2025-12-25T00:45:04.086444+00:00,btc-updown-15m-1766623500,RESOLUTION,DOWN,BINANCE_FALLBACK_SHARED,29,29,1.0000,13.7919,16,0.4801,13,0.4700,13,0.9501,0.6483,0.19,0.0000,0.0000,-0.7919,119.06,RESOLVED
2025-12-25T00:45:33.980248+00:00,btc-updown-15m-1766624400,TRADE,UP,DIR_AVERAGE_DOWN,4,4,0.48007406558886523,1.920296262355461,4.0,0.48007406558886523,0.0,0.0,0,0,0.0,4.0,0,0,0,117.14291167660677,SUCCESS,BULLISH,average_down,2,87591.08,87548.48,0.0486587545551971,7.794168479505935
2025-12-25T00:45:44.839082+00:00,btc-updown-15m-1766624400,TRADE,UP,DIR_ACCUMULATE,4,4,0.4800367922753109,1.9201471691012435,8.0,0.4800554289320881,0.0,0.0,0,0,0.0,8.0,0,0,0,115.22276450750553,SUCCESS,BULLISH,accumulate,2,87591.08,87548.48,0.0486587545551971,7.794752517948276
2025-12-25T00:46:01.159937+00:00,btc-updown-15m-1766624400,TRADE,DOWN,DIR_REBALANCE,5,5,0.4702083111643724,2.351041555821862,8.0,0.4800554289320881,5.0,0.47020831116437234,5,0.9502637400964604,0.2486812995176979,3.0,0,0,0,112.87172295168367,SUCCESS,BULLISH,rebalance,2,87591.98,87548.48,0.049686756411990246,9.177571971314176
2025-12-25T00:46:12.008495+00:00,btc-updown-15m-1766624400,TRADE,UP,DIR_ACCUMULATE,4,4,0.48007069655291623,1.920282786211665,12.0,0.4800605181390308,5.0,0.47020831116437234,5,0.9502688293034032,0.24865585348298413,7.0,0,0,0,110.95144016547201,SUCCESS,BULLISH,accumulate,2,87591.99,87548.48,0.04969817865485422,82.75714487712239
2025-12-25T00:46:39.167842+00:00,btc-updown-15m-1766624400,TRADE,DOWN,DIR_REBALANCE,5,5,0.47014155440016225,2.350707772000811,12.0,0.4800605181390308,10.0,0.47017493278226735,10,0.9502354509212981,0.4976454907870187,2.0,0,0,0,108.60073239347119,SUCCESS,BULLISH,rebalance,2,87643.63,87548.48,0.10868264074945533,15.960303219682585
2025-12-25T00:46:44.555902+00:00,btc-updown-15m-1766624400,TRADE,UP,DIR_AVERAGE_DOWN,3,3,0.4800946083990924,1.4402838251972772,15.0,0.48006733619104314,10.0,0.47017493278226735,10,0.9502422689733105,0.49757731026689456,5.0,0,0,0,107.1604485682739,SUCCESS,BULLISH,average_down,2,87649.87,87548.48,0.11581012028992327,16.35999265531694
2025-12-25T00:55:04.767148+00:00,btc-updown-15m-1766624400,TRADE,DOWN,DIR_EMERGENCY,5,5,0.49000562619742816,2.450028130987141,15.0,0.48006733619104314,15.0,0.4767851639206543,15,0.9568525001116974,0.6472124983245386,0.0,0,0,0,104.71042043728677,SUCCESS,BULLISH,emergency,2,87576.99,87548.48,0.03256481437485758,402.5096348866928
2025-12-25T01:00:01.295361+00:00,btc-updown-15m-1766624400,RESOLUTION,UP,BINANCE_FALLBACK_SHARED,30,30,1.0000,14.3528,15,0.4801,15,0.4768,15,0.9569,0.6472,0.00,0.0000,0.0000,0.6472,119.71,RESOLVED
2025-12-25T01:00:10.051388+00:00,btc-updown-15m-1766625300,TRADE,UP,DIR_AVERAGE_DOWN,4,4,0.4801016713351632,1.9204066853406527,4.0,0.4801016713351632,0.0,0.0,0,0,0.0,4.0,0,0,0,117.79001375194612,SUCCESS,BULLISH,average_down,2,87568.36,87568.37,-1.141964843557247e-05,0.0027426774741546654
2025-12-25T01:00:15.469476+00:00,btc-updown-15m-1766625300,TRADE,UP,DIR_ACCUMULATE,4,4,0.4800290596051204,1.9201162384204815,8.0,0.4800653654701418,0.0,0.0,0,0,0.0,8.0,0,0,0,115.86989751352564,SUCCESS,BULLISH,accumulate,2,87568.35,87568.37,-2.283929687114494e-05,0.005466155557984197
2025-12-25T01:00:32.093688+00:00,btc-updown-15m-1766625300,TRADE,DOWN,DIR_REBALANCE,5,5,0.4701585079623888,2.350792539811944,8.0,0.4800653654701418,5.0,0.4701585079623888,5,0.9502238734325306,0.24888063283734718,3.0,0,0,0,113.5191049737137,SUCCESS,BULLISH,rebalance,2,87568.35,87568.37,-2.283929687114494e-05,0.005467069184314256
2025-12-25T01:00:43.006651+00:00,btc-updown-15m-1766625300,TRADE,UP,DIR_ACCUMULATE,4,4,0.48023216756672166,1.9209286702668866,12.0,0.48012096616900174,5.0,0.4701585079623888,5,0.9502794741313905,0.24860262934304767,7.0,0,0,0,111.5981763034468,SUCCESS,BULLISH,accumulate,2,87568.35,87568.37,-2.283929687114494e-05,0.26933401281700653
2025-12-25T01:01:04.731857+00:00,btc-updown-15m-1766625300,TRADE,DOWN,DIR_REBALANCE,5,5,0.46999767602464554,2.3499883801232277,12.0,0.48012096616900174,10.0,0.47007809199351713,10,0.9501990581625188,0.49800941837481183,2.0,0,0,0,109.24818792332358,SUCCESS,BULLISH,rebalance,2,87568.36,87568.37,-1.141964843557247e-05,0.13227676239758163
2025-12-25T01:01:15.648623+00:00,btc-updown-15m-1766625300,TRADE,UP,DIR_AVERAGE_DOWN,3,3,0.4801079211252519,1.4403237633757557,15.0,0.48011835716025175,10.0,0.47007809199351713,10,0.9501964491537689,0.49803550846231115,5.0,0,0,0,107.80786415994783,SUCCESS,BULLISH,average_down,2,87586.78,87568.37,0.0210235727809065,5.738680083489965
2025-12-25T01:10:04.804650+00:00,btc-updown-15m-1766625300,TRADE,DOWN,DIR_EMERGENCY,5,5,0.5100339301177824,2.550169650588912,15.0,0.48011835716025175,15.0,0.48339670470160556,15,0.9635150618618573,0.5472740720721403,0.0,0,0,0,105.25769450935891,SUCCESS,BULLISH,emergency,2,87616.0,87568.37,0.054391785527131156,37.65552862240005
2025-12-25T01:15:01.748955+00:00,btc-updown-15m-1766625300,RESOLUTION,UP,BINANCE_FALLBACK_SHARED,30,30,1.0000,14.4527,15,0.4801,15,0.4834,15,0.9635,0.5473,0.00,0.0000,0.0000,0.5473,120.26,RESOLVED
2025-12-25T01:15:20.699940+00:00,btc-updown-15m-1766626200,TRADE,UP,DIR_AVERAGE_DOWN,4,4,0.4800466595941632,1.9201866383766528,4.0,0.4800466595941632,0.0,0.0,0,0,0.0,4.0,0,0,0,118.33750787098226,SUCCESS,BULLISH,average_down,2,87659.48,87660.0,-0.00059320100388327,0.09002134705825489
2025-12-25T01:15:26.101122+00:00,btc-updown-15m-1766626200,TRADE,UP,DIR_ACCUMULATE,4,4,0.48011488772231703,1.9204595508892681,8.0,0.4800807736582401,0.0,0.0,0,0,0.0,8.0,0,0,0,116.417048320093,SUCCESS,BULLISH,accumulate,2,87659.49,87660.0,-0.0005817932922595954,0.08828995086238023
2025-12-25T01:15:31.513961+00:00,btc-updown-15m-1766626200,TRADE,DOWN,DIR_REBALANCE,5,5,0.4699776585814996,2.349888292907498,8.0,0.4800807736582401,5.0,0.46997765858149954,5,0.9500584322397396,0.24970783880130187,3.0,0,0,0,114.06716002718551,SUCCESS,BULLISH,rebalance,2,87659.49,87660.0,-0.0005817932922595954,0.08828974986139525
2025-12-25T01:15:47.769210+00:00,btc-updown-15m-1766626200,TRADE,UP,DIR_ACCUMULATE,4,4,0.4801368948709768,1.9205475794839073,12.0,0.4800994807291523,5.0,0.46997765858149954,5,0.9500771393106519,0.24961430344674074,7.0,0,0,0,112.1466124477016,SUCCESS,BULLISH,accumulate,2,87666.13,87660.0,0.006992927218805221,0.9033114812744829
2025-12-25T01:16:03.979706+00:00,btc-updown-15m-1766626200,TRADE,DOWN,DIR_REBALANCE,5,5,0.4700079359999182,2.350039679999591,12.0,0.4800994807291523,10.0,0.46999279729070886,10,0.9500922780198612,0.4990772198013882,2.0,0,0,0,109.796572767702,SUCCESS,BULLISH,rebalance,2,87656.8,87660.0,-0.0036504677161728147,0.4910201373777921
2025-12-25T01:16:09.412423+00:00,btc-updown-15m-1766626200,TRADE,UP,DIR_AVERAGE_DOWN,3,3,0.4801138393699196,1.4403415181097587,15.0,0.48010235245730576,10.0,0.46999279729070886,10,0.9500951497480146,0.49904850251985433,5.0,0,0,0,108.35623124959224,SUCCESS,BULLISH,average_down,2,87656.81,87660.0,-0.003639060004565741,0.5274837958163867
2025-12-25T01:25:04.308759+00:00,btc-updown-15m-1766626200,TRADE,DOWN,DIR_EMERGENCY,5,5,0.530208831939306,2.65104415969653,15.0,0.48010235245730576,15.0,0.4900648088402413,15,0.9701671612975471,0.4474925805367935,0.0,0,0,0,105.70518708989572,SUCCESS,BULLISH,emergency,2,87690.09,87660.0,0.034325804243664736,6.73585485357084
2025-12-25T01:30:05.445831+00:00,btc-updown-15m-1766626200,RESOLUTION,UP,BINANCE_FALLBACK_SHARED,30,30,1.0000,14.5525,15,0.4801,15,0.4901,15,0.9702,0.4475,0.00,0.0000,0.0000,0.4475,120.71,RESOLVED
2025-12-25T01:30:34.704279+00:00,btc-updown-15m-1766627100,TRADE,UP,DIR_AVERAGE_DOWN,4,4,0.47016519569707477,1.880660782788299,4.0,0.47016519569707477,0.0,0.0,0,0,0.0,4.0,0,0,0,118.82452630710742,SUCCESS,BULLISH,average_down,2,87730.13,87705.95,0.027569395234881517,5.313858354582739
2025-12-25T01:30:45.606542+00:00,btc-updown-15m-1766627100,TRADE,UP,DIR_ACCUMULATE,4,4,0.47009547442796357,1.8803818977118543,8.0,0.47013033506251917,0.0,0.0,0,0,0.0,8.0,0,0,0,116.94414440939556,SUCCESS,BULLISH,accumulate,2,87730.14,87705.95,0.027580796969877565,5.309307474934019
2025-12-25T01:31:01.933585+00:00,btc-updown-15m-1766627100,TRADE,DOWN,DIR_REBALANCE,5,5,0.48003252528855334,2.400162626442767,8.0,0.47013033506251917,5.0,0.4800325252885534,5,0.9501628603510726,0.2491856982446372,3.0,0,0,0,114.5439817829528,SUCCESS,BULLISH,rebalance,2,87718.1,87705.95,0.013853108027458491,2.0454928171658113
2025-12-25T01:31:13.087311+00:00,btc-updown-15m-1766627100,TRADE,UP,DIR_ACCUMULATE,4,4,0.4701872873112041,1.8807491492448165,12.0,0.4701493191454142,5.0,0.4800325252885534,5,0.9501818444339676,0.2490907778301621,7.0,0,0,0,112.66323263370798,SUCCESS,BULLISH,accumulate,2,87718.1,87705.95,0.013853108027458491,3.3043749168625416
2025-12-25T01:31:23.883129+00:00,btc-updown-15m-1766627100,TRADE,DOWN,DIR_REBALANCE,5,5,0.4798553177452895,2.3992765887264476,12.0,0.4701493191454142,10.0,0.47994392151692145,10,0.9500932406623357,0.4990675933766431,2.0,0,0,0,110.26395604498153,SUCCESS,BULLISH,rebalance,2,87718.09,87705.95,0.013841706292445858,3.299134626158218
2025-12-25T01:31:50.948810+00:00,btc-updown-15m-1766627100,TRADE,UP,DIR_AVERAGE_DOWN,3,3,0.4700523163815288,1.4101569491445862,15.0,0.47012991859263714,10.0,0.47994392151692145,10,0.9500738401095585,0.4992615989044147,5.0,0,0,0,108.85379909583693,SUCCESS,BULLISH,average_down,2,87682.94,87705.95,-0.026235392239631134,5.056032232745271
2025-12-25T01:40:04.833997+00:00,btc-updown-15m-1766627100,TRADE,DOWN,DIR_EMERGENCY,5,5,0.5101582932820596,2.550791466410298,15.0,0.47012991859263714,15.0,0.4900153787719675,15,0.9601452973646046,0.5978205395309305,0.0,0,0,0,106.30300762942663,SUCCESS,BULLISH,emergency,2,87631.52,87705.95,-0.08486311361999159,13.208338739134657
2025-12-25T01:45:01.271129+00:00,btc-updown-15m-1766627100,RESOLUTION,UP,BINANCE_FALLBACK_SHARED,30,30,1.0000,14.4022,15,0.4701,15,0.4900,15,0.9601,0.5978,0.00,0.0000,0.0000,0.5978,121.30,RESOLVED
2025-12-25T01:45:15.297793+00:00,btc-updown-15m-1766628000,TRADE,UP,DIR_AVERAGE_DOWN,4,4,0.4700156789643483,1.8800627158573933,4.0,0.4700156789643483,0.0,0.0,0,0,0.0,4.0,0,0,0,119.42294491356924,SUCCESS,BULLISH,average_down,2,87738.97,87738.97,0.0,0.0
2025-12-25T01:45:26.118697+00:00,btc-updown-15m-1766628000,TRADE,UP,DIR_ACCUMULATE,4,4,0.47000456305564253,1.8800182522225701,8.0,0.4700101210099954,0.0,0.0,0,0,0.0,8.0,0,0,0,117.54292666134667,SUCCESS,BULLISH,accumulate,2,87715.76,87738.97,-0.026453467598270646,4.296603276787227
2025-12-25T01:45:31.554121+00:00,btc-updown-15m-1766628000,TRADE,DOWN,DIR_REBALANCE,5,2,0.48008649657639607,0.9601729931527921,8.0,0.4700101210099954,2.0,0.48008649657639607,2,0.9500966175863914,0.09980676482721718,6.0,0,0,0,116.58275366819387,SUCCESS,BULLISH,rebalance,2,87715.76,87738.97,-0.026453467598270646,4.296366422887171
2025-12-25T01:45:42.508160+00:00,btc-updown-15m-1766628000,TRADE,DOWN,DIR_REBALANCE,5,5,0.4800258470222982,2.400129235111491,8.0,0.4700101210099954,7.0,0.48004317546632613,7,0.9500532964763215,0.3496269246657493,1.0,0,0,0,114.18262443308238,SUCCESS,BULLISH,rebalance,2,87715.76,87738.97,-0.026453467598270646,4.873535456250096
2025-12-25T01:45:47.904038+00:00,btc-updown-15m-1766628000,TRADE,UP,DIR_AVERAGE_DOWN,4,4,0.4701163621713276,1.8804654486853103,12.0,0.4700455347304395,7.0,0.48004317546632613,7,0.9500887101967657,0.34937902862264036,5.0,0,0,0,112.30215898439707,SUCCESS,BULLISH,average_down,2,87715.76,87738.97,-0.026453467598270646,4.8678974785158555
2025-12-25T01:45:53.307565+00:00,btc-updown-15m-1766628000,TRADE,UP,DIR_ACCUMULATE,3,3,0.46977383029549696,1.4093214908864908,15.0,0.46999119384345095,7.0,0.48004317546632613,7,0.950034369309777,0.3497594148315608,8.0,0,0,0,110.89283749351057,SUCCESS,BULLISH,accumulate,2,87715.77,87738.97,-0.026442070154228035,4.865903133032109
2025-12-25T01:45:58.711302+00:00,btc-updown-15m-1766628000,TRADE,DOWN,DIR_REBALANCE,5,5,0.48010015618931334,2.4005007809465666,15.0,0.46999119384345095,12.0,0.4800669174342375,12,0.9500581112776885,0.5993026646677384,3.0,0,0,0,108.492336712564,SUCCESS,BULLISH,rebalance,2,87715.77,87738.97,-0.026442070154228035,4.865635519118048
2025-12-25T01:55:10.221404+00:00,btc-updown-15m-1766628000,TRADE,DOWN,DIR_EMERGENCY,3,3,0.5202466061826558,1.5607398185479675,15.0,0.46999119384345095,15.0,0.48810285518392116,15,0.9580940490273722,0.6285892645894176,0.0,0,0,0,106.93159689401602,SUCCESS,BULLISH,emergency,2,87681.15,87738.97,-0.0659000213930104,8.814448123026338
2025-12-25T02:00:01.812564+00:00,btc-updown-15m-1766628000,RESOLUTION,DOWN,BINANCE_FALLBACK_SHARED,30,30,1.0000,14.3714,15,0.4700,15,0.4881,15,0.9581,0.6286,0.00,0.0000,0.0000,0.6286,121.93,RESOLVED
2025-12-25T02:00:21.351335+00:00,btc-updown-15m-1766628900,TRADE,UP,DIR_AVERAGE_DOWN,4,4,0.4700410264920011,1.8801641059680043,4.0,0.4700410264920011,0.0,0.0,0,0,0.0,4.0,0,0,0,120.05143278804802,SUCCESS,BULLISH,average_down,2,87700.0,87699.99,1.1402509846080153e-05,0.0029089492975277248
2025-12-25T02:00:26.763780+00:00,btc-updown-15m-1766628900,TRADE,UP,DIR_ACCUMULATE,4,4,0.47001222427947226,1.880048897117889,8.0,0.4700266253857367,0.0,0.0,0,0,0.0,8.0,0,0,0,118.17138389093013,SUCCESS,BULLISH,accumulate,2,87700.0,87699.99,1.1402509846080153e-05,0.0029079094216262094
2025-12-25T02:00:32.382334+00:00,btc-updown-15m-1766628900,TRADE,DOWN,DIR_REBALANCE,5,5,0.48004235996958766,2.400211799847938,8.0,0.4700266253857367,5.0,0.48004235996958766,5,0.9500689853553244,0.2496550732233782,3.0,0,0,0,115.77117209108219,SUCCESS,BULLISH,rebalance,2,87700.0,87699.99,1.1402509846080153e-05,0.0029076106683277986
2025-12-25T02:00:43.327968+00:00,btc-updown-15m-1766628900,TRADE,UP,DIR_ACCUMULATE,4,4,0.4702004339908265,1.880801735963306,12.0,0.47008456158743334,5.0,0.48004235996958766,5,0.9501269215570209,0.2493653922148953,7.0,0,0,0,113.89037035511889,SUCCESS,BULLISH,accumulate,2,87683.2,87699.99,-0.01914481404160724,3.588276088184009
2025-12-25T02:00:48.739484+00:00,btc-updown-15m-1766628900,TRADE,DOWN,DIR_REBALANCE,5,5,0.4799887776665612,2.399943888332806,12.0,0.47008456158743334,10.0,0.48001556881807445,10,0.9501001304055078,0.4989986959449222,2.0,0,0,0,111.49042646678609,SUCCESS,BULLISH,rebalance,2,87683.16,87699.99,-0.019190424081008156,3.5956834452863444
2025-12-25T02:00:59.614680+00:00,btc-updown-15m-1766628900,TRADE,UP,DIR_AVERAGE_DOWN,3,3,0.4702334979324149,1.4107004937972447,15.0,0.4701143488564296,10.0,0.48001556881807445,10,0.950129917674504,0.49870082325495946,5.0,0,0,0,110.07972597298884,SUCCESS,BULLISH,average_down,2,87680.14,87699.99,-0.02263398205633298,5.263729910675649
2025-12-25T02:10:03.353585+00:00,btc-updown-15m-1766628900,TRADE,DOWN,DIR_EMERGENCY,5,1,0.49018301442177115,0.49018301442177115,15.0,0.4701143488564296,11.0,0.48093988205477417,11,0.9510542309112038,0.5384034599767584,4.0,0,0,0,109.58954295856707,SUCCESS,BULLISH,emergency,2,87632.72,87699.99,-0.07670468377476904,14.521974761466748
2025-12-25T02:10:08.788010+00:00,btc-updown-15m-1766628900,TRADE,DOWN,DIR_EMERGENCY,4,4,0.4900181440290207,1.9600725761160829,15.0,0.4701143488564296,15.0,0.4833607519145733,15,0.953475100771003,0.6978734884349558,0.0,0,0,0,107.62947038245099,SUCCESS,BULLISH,emergency,2,87632.72,87699.99,-0.07670468377476904,18.78457229062305
2025-12-25T02:15:05.277835+00:00,btc-updown-15m-1766628900,RESOLUTION,UP,BINANCE_FALLBACK_SHARED,30,30,1.0000,14.3021,15,0.4701,15,0.4834,15,0.9535,0.6979,0.00,0.0000,0.0000,0.6979,122.63,RESOLVED
2025-12-25T02:15:18.518740+00:00,btc-updown-15m-1766629800,TRADE,UP,DIR_AVERAGE_DOWN,4,4,0.4700607607276699,1.8802430429106796,4.0,0.4700607607276699,0.0,0.0,0,0,0.0,4.0,0,0,0,120.74922733954031,SUCCESS,BULLISH,average_down,2,87739.27,87746.27,-0.007977547079779004,1.3404506212098215
2025-12-25T02:15:24.034570+00:00,btc-updown-15m-1766629800,TRADE,UP,DIR_ACCUMULATE,4,4,0.470088348415575,1.8803533936623,8.0,0.47007455457162245,0.0,0.0,0,0,0.0,8.0,0,0,0,118.86887394587801,SUCCESS,BULLISH,accumulate,2,87739.26,87746.27,-0.007988943575617873,1.3423606203828635
2025-12-25T02:15:34.947169+00:00,btc-updown-15m-1766629800,TRADE,DOWN,DIR_REBALANCE,5,5,0.48004907330167246,2.4002453665083623,8.0,0.47007455457162245,5.0,0.48004907330167246,5,0.950123627873295,0.2493818606335252,3.0,0,0,0,116.46862857936965,SUCCESS,BULLISH,rebalance,2,87739.27,87746.27,-0.007977547079779004,1.3404575360799604
2025-12-25T02:15:45.786722+00:00,btc-updown-15m-1766629800,TRADE,UP,DIR_ACCUMULATE,4,2,0.47003254738046907,0.9400650947609381,10.0,0.47006615313339173,5.0,0.48004907330167246,5,0.9501152264350642,0.24942386782467907,5.0,0,0,0,115.52856348460871,SUCCESS,BULLISH,accumulate,2,87739.26,87746.27,-0.007988943575617873,1.7994807009467633
2025-12-25T02:16:12.902655+00:00,btc-updown-15m-1766629800,TRADE,UP,DIR_ACCUMULATE,4,2,0.4701962175909102,0.9403924351818204,12.0,0.47008783054297815,5.0,0.48004907330167246,5,0.9501369038446505,0.24931548077674726,7.0,0,0,0,114.58817104942689,SUCCESS,BULLISH,accumulate,2,87739.26,87746.27,-0.007988943575617873,81.30018638166406
2025-12-25T02:16:18.482717+00:00,btc-updown-15m-1766629800,TRADE,DOWN,DIR_REBALANCE,5,5,0.48011612278931204,2.40058061394656,12.0,0.47008783054297815,10.0,0.48008259804549225,10,0.9501704285884705,0.4982957141152955,2.0,0,0,0,112.18759043548033,SUCCESS,BULLISH,rebalance,2,87739.26,87746.27,-0.007988943575617873,81.34896053659527
2025-12-25T02:16:23.889114+00:00,btc-updown-15m-1766629800,TRADE,UP,DIR_AVERAGE_DOWN,3,3,0.47011508496684445,1.4103452549005333,15.0,0.4700932814277514,10.0,0.48008259804549225,10,0.9501758794732437,0.4982412052675633,5.0,0,0,0,110.7772451805798,SUCCESS,BULLISH,average_down,2,87730.15,87746.27,-0.018371151275159495,4.913228977798934
2025-12-25T02:25:01.094805+00:00,btc-updown-15m-1766629800,TRADE,DOWN,DIR_EMERGENCY,5,5,0.5200153487078291,2.6000767435391454,15.0,0.4700932814277514,15.0,0.49339351493293787,15,0.9634867963606892,0.5476980545896615,0.0,0,0,0,108.17716843704065,SUCCESS,BULLISH,emergency,2,87713.76,87746.27,-0.03705000793766996,477.7194257895458
2025-12-25T02:30:03.890941+00:00,btc-updown-15m-1766629800,RESOLUTION,DOWN,BINANCE_FALLBACK_SHARED,30,30,1.0000,14.4523,15,0.4701,15,0.4934,15,0.9635,0.5477,0.00,0.0000,0.0000,0.5477,123.18,RESOLVED
2025-12-25T02:30:28.051185+00:00,btc-updown-15m-1766630700,TRADE,UP,DIR_AVERAGE_DOWN,4,4,0.47004408014484966,1.8801763205793987,4.0,0.47004408014484966,0.0,0.0,0,0,0.0,4.0,0,0,0,121.29699211646125,SUCCESS,BULLISH,average_down,2,87733.22,87733.22,0.0,0.0
2025-12-25T02:30:33.447975+00:00,btc-updown-15m-1766630700,TRADE,UP,DIR_ACCUMULATE,4,4,0.47006856560135474,1.880274262405419,8.0,0.4700563228731022,0.0,0.0,0,0,0.0,8.0,0,0,0,119.41671785405583,SUCCESS,BULLISH,accumulate,2,87733.21,87733.22,-1.1398191009929089e-05,0.15207475765356349
2025-12-25T02:30:38.953720+00:00,btc-updown-15m-1766630700,TRADE,DOWN,DIR_REBALANCE,5,5,0.4802281387112575,2.401140693556288,8.0,0.4700563228731022,5.0,0.4802281387112576,5,0.9502844615843598,0.24857769207820124,3.0,0,0,0,117.01557716049955,SUCCESS,BULLISH,rebalance,2,87733.22,87733.22,0.0,0.0
2025-12-25T02:30:50.003996+00:00,btc-updown-15m-1766630700,TRADE,UP,DIR_ACCUMULATE,4,4,0.4700648191644275,1.88025927665771,12.0,0.4700591549702106,5.0,0.4802281387112576,5,0.9502872936814681,0.24856353159265931,7.0,0,0,0,115.13531788384184,SUCCESS,BULLISH,accumulate,2,87733.21,87733.22,-1.1398191009929089e-05,0.1370248686832423
2025-12-25T02:30:55.506474+00:00,btc-updown-15m-1766630700,TRADE,DOWN,DIR_REBALANCE,5,5,0.48014890702490487,2.4007445351245242,12.0,0.4700591549702106,10.0,0.48018852286808117,10,0.9502476778382918,0.4975232216170822,2.0,0,0,0,112.7345733487173,SUCCESS,BULLISH,rebalance,2,87733.21,87733.22,-1.1398191009929089e-05,0.13330268496066877
2025-12-25T02:31:06.403557+00:00,btc-updown-15m-1766630700,TRADE,UP,DIR_AVERAGE_DOWN,3,3,0.4700331555333175,1.4100994665999524,15.0,0.47005395508283193,10.0,0.48018852286808117,10,0.9502424779509131,0.497575220490869,5.0,0,0,0,111.32447388211735,SUCCESS,BULLISH,average_down,2,87739.37,87733.22,0.007009887474772019,2.611671246963982
2025-12-25T02:40:04.560098+00:00,btc-updown-15m-1766630700,TRADE,DOWN,DIR_EMERGENCY,5,5,0.5200180410688244,2.600090205344122,15.0,0.47005395508283193,15.0,0.49346502893499555,15,0.9635189840178275,0.5472152397325869,0.0,0,0,0,108.72438367677323,SUCCESS,BULLISH,emergency,2,87789.78,87733.22,0.06446816838592914,768.0378987839151
2025-12-25T02:45:01.564436+00:00,btc-updown-15m-1766630700,RESOLUTION,UP,BINANCE_FALLBACK_SHARED,30,30,1.0000,14.4528,15,0.4701,15,0.4935,15,0.9635,0.5472,0.00,0.0000,0.0000,0.5472,123.72,RESOLVED
2025-12-25T02:45:10.535093+00:00,btc-updown-15m-1766631600,TRADE,UP,DIR_AVERAGE_DOWN,4,4,0.4701688881225135,1.880675552490054,4.0,0.4701688881225135,0.0,0.0,0,0,0.0,4.0,0,0,0,121.84370812428317,SUCCESS,BULLISH,average_down,2,87903.58,87903.58,0.0,0.0
2025-12-25T02:45:27.160558+00:00,btc-updown-15m-1766631600,TRADE,UP,DIR_ACCUMULATE,4,4,0.4701875598898081,1.8807502395592324,8.0,0.4701782240061608,0.0,0.0,0,0,0.0,8.0,0,0,0,119.96295788472393,SUCCESS,BULLISH,accumulate,2,87908.19,87903.58,0.005244382538231756,0.6070130593142644
2025-12-25T02:45:38.192519+00:00,btc-updown-15m-1766631600,TRADE,DOWN,DIR_REBALANCE,5,5,0.49007818949729687,2.4503909474864844,8.0,0.4701782240061608,5.0,0.49007818949729687,5,0.9602564135034577,0.19871793248271152,3.0,0,0,0,117.51256693723745,SUCCESS,BULLISH,rebalance,2,87908.19,87903.58,0.005244382538231756,0.6237467032220886
2025-12-25T02:45:48.990205+00:00,btc-updown-15m-1766631600,TRADE,UP,DIR_ACCUMULATE,7,7,0.460132540658877,3.220927784612139,15.0,0.46549023844409504,5.0,0.49007818949729687,5,0.9555684279413919,0.22215786029304074,10.0,0,0,0,114.29163915262531,SUCCESS,BULLISH,accumulate,2,87886.99,87903.58,-0.018872951477057597,2.0750282040195067
2025-12-25T02:45:54.399456+00:00,btc-updown-15m-1766631600,TRADE,DOWN,DIR_REBALANCE,5,5,0.4901635145850368,2.450817572925184,15.0,0.46549023844409504,10.0,0.4901208520411668,10,0.9556110904852618,0.44388909514738173,5.0,0,0,0,111.84082157970012,SUCCESS,BULLISH,rebalance,2,87879.51,87903.58,-0.027382274988125607,2.861533807951259
2025-12-25T02:55:04.633048+00:00,btc-updown-15m-1766631600,TRADE,DOWN,DIR_EMERGENCY,5,5,0.5400422726824525,2.7002113634122624,15.0,0.46549023844409504,15.0,0.506761325588262,15,0.972251564032357,0.4162265395146447,0.0,0,0,0,109.14061021628785,SUCCESS,BULLISH,emergency,2,87892.66,87903.58,-0.012422702238063858,1.7067104279010685
2025-12-25T03:00:01.878432+00:00,btc-updown-15m-1766631600,RESOLUTION,DOWN,BINANCE_FALLBACK_SHARED,30,30,1.0000,14.5838,15,0.4655,15,0.5068,15,0.9723,0.4162,0.00,0.0000,0.0000,0.4162,124.14,RESOLVED
2025-12-25T03:15:11.236082+00:00,btc-updown-15m-1766632500,TRADE,UP,DIR_AVERAGE_DOWN,4,4,0.5251273728258087,2.1005094913032347,4.0,0.5251273728258087,0.0,0.0,0,0,0.0,4.0,0,0,0,97.89949050869677,SUCCESS,BULLISH,average_down,0,87847.62,87847.63,-1.1383346379763718e-05,0.4264014106481501
2025-12-25T03:15:12.278035+00:00,btc-updown-15m-1766632500,RESOLUTION,UP,BINANCE_FALLBACK_SHARED,4,4,1.0000,2.1005,4,0.5251,0,0.0000,0,0.0000,0.0000,1.00,0.0000,0.0000,1.8995,101.90,RESOLVED
2025-12-25T03:15:20.415299+00:00,btc-updown-15m-1766633400,TRADE,UP,DIR_AVERAGE_DOWN,4,4,0.4902149724706871,1.9608598898827485,4.0,0.4902149724706871,0.0,0.0,0,0,0.0,4.0,0,0,0,99.93863061881402,SUCCESS,BULLISH,average_down,0,87847.63,87847.63,0.0,0.0
2025-12-25T03:15:25.816346+00:00,btc-updown-15m-1766633400,TRADE,UP,DIR_ACCUMULATE,4,2,0.4901875897488637,0.9803751794977273,6.0,0.49020584489674596,0.0,0.0,0,0,0.0,6.0,0,0,0,98.95825543931629,SUCCESS,BULLISH,accumulate,0,87847.63,87847.63,0.0,0.0
2025-12-25T03:15:31.249862+00:00,btc-updown-15m-1766633400,TRADE,DOWN,DIR_REBALANCE,5,5,0.4801877977420642,2.400938988710321,6.0,0.49020584489674596,5.0,0.4801877977420642,5,0.9703936426388102,0.14803178680594886,1.0,0,0,0,96.55731645060597,SUCCESS,BULLISH,rebalance,0,87847.62,87847.63,-1.1383346379763718e-05,0.16353648844122795
2025-12-25T03:15:36.679825+00:00,btc-updown-15m-1766633400,TRADE,UP,DIR_AVERAGE_DOWN,4,4,0.47002606927914614,1.8801042771165846,10.0,0.48213393464970605,5.0,0.4801877977420642,5,0.9623217323917703,0.18839133804114838,5.0,0,0,0,94.67721217348938,SUCCESS,BULLISH,average_down,0,87847.62,87847.63,-1.1383346379763718e-05,0.15936876585262244
2025-12-25T03:15:47.544880+00:00,btc-updown-15m-1766633400,TRADE,UP,DIR_ACCUMULATE,4,4,0.4698270873274186,1.8793083493096745,14.0,0.47861769255762393,5.0,0.4801877977420642,5,0.9588054902996881,0.20597254850155955,9.0,0,0,0,92.79790382417971,SUCCESS,BULLISH,accumulate,0,87847.62,87847.63,-1.1383346379763718e-05,0.14540955634532174
2025-12-25T03:15:53.005792+00:00,btc-updown-15m-1766633400,TRADE,DOWN,DIR_REBALANCE,5,5,0.4800383622404888,2.400191811202444,14.0,0.47861769255762393,10.0,0.4801130799912765,10,0.9587307725489005,0.4126922745109951,4.0,0,0,0,90.39771201297727,SUCCESS,BULLISH,rebalance,0,87847.63,87847.63,0.0,0.0
2025-12-25T03:16:09.256593+00:00,btc-updown-15m-1766633400,TRADE,UP,DIR_ACCUMULATE,3,3,0.4701168885468509,1.4103506656405527,17.0,0.4771175506733698,10.0,0.4801130799912765,10,0.9572306306646463,0.4276936933535369,7.0,0,0,0,88.98736134733672,SUCCESS,BULLISH,accumulate,0,87847.62,87847.63,-1.1383346379763718e-05,0.12015388877619328
2025-12-25T03:16:14.656093+00:00,btc-updown-15m-1766633400,TRADE,DOWN,DIR_REBALANCE,5,5,0.48023516344325795,2.4011758172162896,17.0,0.4771175506733698,15.0,0.4801537744752703,15,0.9572713251486401,0.6409301227703984,2.0,0,0,0,86.58618553012043,SUCCESS,BULLISH,rebalance,0,87847.62,87847.63,-1.1383346379763718e-05,0.11451966000601628
2025-12-25T03:30:05.107263+00:00,btc-updown-15m-1766633400,RESOLUTION,DOWN,BINANCE_FALLBACK_SHARED,32,32,1.0000,15.3133,17,0.4771,15,0.4802,15,0.9573,0.6409,0.12,0.0000,0.0000,-0.3133,101.59,RESOLVED
2025-12-25T03:30:13.134257+00:00,btc-updown-15m-1766634300,TRADE,UP,DIR_AVERAGE_DOWN,4,4,0.4701382518628308,1.8805530074513233,4.0,0.4701382518628308,0.0,0.0,0,0,0.0,4.0,0,0,0,99.7056325226691,SUCCESS,BULLISH,average_down,0,87816.55,87841.97,-0.02893833095956096,7.4306072348812195
2025-12-25T03:30:40.494095+00:00,btc-updown-15m-1766634300,TRADE,UP,DIR_ACCUMULATE,4,4,0.47003252155101954,1.8801300862040782,8.0,0.4700853867069252,0.0,0.0,0,0,0.0,8.0,0,0,0,97.82550243646503,SUCCESS,BULLISH,accumulate,0,87816.55,87841.97,-0.02893833095956096,7.4267359239757225
2025-12-25T03:30:45.911472+00:00,btc-updown-15m-1766634300,TRADE,DOWN,DIR_REBALANCE,5,5,0.4700763776661082,2.350381888330541,8.0,0.4700853867069252,5.0,0.4700763776661082,5,0.9401617643730333,0.2991911781348333,3.0,0,0,0,95.47512054813448,SUCCESS,BULLISH,rebalance,0,87816.55,87841.97,-0.02893833095956096,7.421108373345416
2025-12-25T03:31:07.616649+00:00,btc-updown-15m-1766634300,TRADE,UP,DIR_ACCUMULATE,4,4,0.4800538010351169,1.9202152041404676,12.0,0.47340819148298907,5.0,0.4700763776661082,5,0.9434845691490973,0.2825771542545136,7.0,0,0,0,93.55490534399402,SUCCESS,BULLISH,accumulate,0,87816.55,87841.97,-0.02893833095956096,10.001233773690265
2025-12-25T03:31:23.912017+00:00,btc-updown-15m-1766634300,TRADE,DOWN,DIR_REBALANCE,5,5,0.4701157296176635,2.3505786480883177,12.0,0.47340819148298907,10.0,0.4700960536418859,10,0.943504245124875,0.5649575487512504,2.0,0,0,0,91.2043266959057,SUCCESS,BULLISH,rebalance,0,87816.55,87841.97,-0.02893833095956096,332.7713876150352
2025-12-25T03:31:40.171252+00:00,btc-updown-15m-1766634300,TRADE,UP,DIR_AVERAGE_DOWN,3,3,0.48019258791822556,1.4405777637546766,15.0,0.4747650707700364,10.0,0.4700960536418859,10,0.9448611244119223,0.5513887558807773,5.0,0,0,0,89.76374893215103,SUCCESS,BULLISH,average_down,0,87810.68,87841.97,-0.03562078582710309,16.906906546206464
2025-12-25T03:40:01.750538+00:00,btc-updown-15m-1766634300,TRADE,DOWN,DIR_EMERGENCY,5,5,0.47018318719501256,2.350915935975063,15.0,0.4747650707700364,15.0,0.47012509815959475,15,0.9448901689296312,0.8266474660555323,0.0,0,0,0,87.41283299617596,SUCCESS,BULLISH,emergency,0,87783.94,87841.97,-0.06606181532586171,33.15632361696979
2025-12-25T03:45:03.758238+00:00,btc-updown-15m-1766634300,RESOLUTION,DOWN,BINANCE_FALLBACK_SHARED,30,30,1.0000,14.1734,15,0.4748,15,0.4701,15,0.9449,0.8266,0.00,0.0000,0.0000,0.8266,102.41,RESOLVED
2025-12-25T03:45:12.509622+00:00,btc-updown-15m-1766635200,TRADE,UP,DIR_AVERAGE_DOWN,4,4,0.48017644464943765,1.9207057785977506,4.0,0.48017644464943765,0.0,0.0,0,0,0.0,4.0,0,0,0,100.49212721757821,SUCCESS,BULLISH,average_down,0,87808.93,87808.93,0.0,0.0
2025-12-25T03:45:18.124812+00:00,btc-updown-15m-1766635200,TRADE,UP,DIR_ACCUMULATE,4,4,0.48021769254972385,1.9208707701988954,8.0,0.4801970685995808,0.0,0.0,0,0,0.0,8.0,0,0,0,98.57125644737933,SUCCESS,BULLISH,accumulate,0,87797.16,87808.93,-0.013404103660059999,4.329484316842509
2025-12-25T03:45:23.540426+00:00,btc-updown-15m-1766635200,TRADE,DOWN,DIR_REBALANCE,5,5,0.47004123857657165,2.350206192882858,8.0,0.4801970685995808,5.0,0.47004123857657165,5,0.9502383071761524,0.24880846411923785,3.0,0,0,0,96.22105025449648,SUCCESS,BULLISH,rebalance,0,87787.87,87808.93,-0.023983893209947635,5.553181363871253
2025-12-25T03:45:28.942015+00:00,btc-updown-15m-1766635200,TRADE,UP,DIR_ACCUMULATE,4,4,0.48015939954826065,1.9206375981930426,12.0,0.48018451224914077,5.0,0.47004123857657165,5,0.9502257508257124,0.24887124587143816,7.0,0,0,0,94.30041265630344,SUCCESS,BULLISH,accumulate,0,87787.86,87808.93,-0.023995281573289225,5.552691621520383
2025-12-25T03:45:39.748733+00:00,btc-updown-15m-1766635200,TRADE,DOWN,DIR_REBALANCE,5,2,0.4702142403984703,0.9404284807969406,12.0,0.48018451224914077,7.0,0.4700906676685427,7,0.9502751799176834,0.3480737405762162,5.0,0,0,0,93.3599841755065,SUCCESS,BULLISH,rebalance,0,87787.87,87808.93,-0.023983893209947635,5.551268441624733
2025-12-25T03:45:56.004844+00:00,btc-updown-15m-1766635200,TRADE,UP,DIR_ACCUMULATE,3,3,0.48005307725244,1.44015923175732,15.0,0.48015822524980056,7.0,0.4700906676685427,7,0.9502488929183432,0.3482577495715973,8.0,0,0,0,91.91982494374918,SUCCESS,BULLISH,accumulate,0,87787.86,87808.93,-0.023995281573289225,5.555332018912265
2025-12-25T03:46:01.419540+00:00,btc-updown-15m-1766635200,TRADE,DOWN,DIR_REBALANCE,5,5,0.47017577537093136,2.3508788768546567,15.0,0.48015822524980056,12.0,0.4701261292112046,12,0.9502843544610051,0.5965877464679386,3.0,0,0,0,89.56894606689453,SUCCESS,BULLISH,rebalance,0,87787.86,87808.93,-0.023995281573289225,5.555782900718826
2025-12-25T03:55:00.990161+00:00,btc-updown-15m-1766635200,TRADE,DOWN,DIR_EMERGENCY,3,3,0.5101303023248016,1.5303909069744048,15.0,0.48015822524980056,15.0,0.478126963833924,15,0.9582851890837245,0.6257221637441324,0.0,0,0,0,88.03855515992012,SUCCESS,BULLISH,emergency,0,87849.59,87808.93,0.04630508537116156,18.275451825624362
2025-12-25T04:00:03.408677+00:00,btc-updown-15m-1766635200,RESOLUTION,UP,BINANCE_FALLBACK_SHARED,30,30,1.0000,14.3743,15,0.4802,15,0.4781,15,0.9583,0.6257,0.00,0.0000,0.0000,0.6257,103.04,RESOLVED
2025-12-25T04:00:22.471814+00:00,btc-updown-15m-1766636100,TRADE,UP,DIR_AVERAGE_DOWN,4,4,0.4800851474424454,1.9203405897697816,4.0,0.4800851474424454,0.0,0.0,0,0,0.0,4.0,0,0,0,101.11821457015034,SUCCESS,BULLISH,average_down,0,87822.0,87840.42,-0.020969845089536518,4.798854997824917
2025-12-25T04:00:27.902525+00:00,btc-updown-15m-1766636100,TRADE,UP,DIR_ACCUMULATE,4,4,0.4799889342577524,1.9199557370310096,8.0,0.4800370408500989,0.0,0.0,0,0,0.0,8.0,0,0,0,99.19825883311934,SUCCESS,BULLISH,accumulate,0,87822.0,87840.42,-0.020969845089536518,4.798234490124231
2025-12-25T04:00:38.832464+00:00,btc-updown-15m-1766636100,TRADE,DOWN,DIR_REBALANCE,5,5,0.48017638380606115,2.4008819190303057,8.0,0.4800370408500989,5.0,0.48017638380606115,5,0.96021342465616,0.1989328767192,3.0,0,0,0,96.79737691408903,SUCCESS,BULLISH,rebalance,0,87840.14,87840.42,-0.0003187598602088149,0.045686821380208714
2025-12-25T04:01:00.549230+00:00,btc-updown-15m-1766636100,TRADE,UP,DIR_ACCUMULATE,4,4,0.47020134286441106,1.8808053714576443,12.0,0.4767584748548696,5.0,0.48017638380606115,5,0.9569348586609308,0.21532570669534623,7.0,0,0,0,94.91657154263139,SUCCESS,BULLISH,accumulate,0,87840.15,87840.42,-0.000307375579492988,0.044055083510234606
2025-12-25T04:01:05.947149+00:00,btc-updown-15m-1766636100,TRADE,DOWN,DIR_REBALANCE,5,5,0.4801907493872661,2.4009537469363305,12.0,0.4767584748548696,10.0,0.4801835665966636,10,0.9569420414515333,0.43057958548466724,2.0,0,0,0,92.51561779569506,SUCCESS,BULLISH,rebalance,0,87840.14,87840.42,-0.0003187598602088149,0.045791953559328843
2025-12-25T04:01:11.590679+00:00,btc-updown-15m-1766636100,TRADE,UP,DIR_AVERAGE_DOWN,3,3,0.4702263150444216,1.4106789451332649,15.0,0.47545204289278,10.0,0.4801835665966636,10,0.9556356094894436,0.44364390510556406,5.0,0,0,0,91.1049388505618,SUCCESS,BULLISH,average_down,0,87840.15,87840.42,-0.000307375579492988,0.04674285374689488
2025-12-25T04:03:05.796537+00:00,btc-updown-15m-1766636100,TRADE,DOWN,DIR_ACCUMULATE,4,4,0.47012794066872915,1.8805117626749166,15.0,0.47545204289278,14.0,0.47731053061725376,14,0.9527625735100338,0.6613239708595269,1.0,0,0,0,89.22442708788688,SUCCESS,BEARISH,accumulate,1,87783.41,87840.42,-0.06490178439492293,13.064818061748813
2025-12-25T04:10:04.516938+00:00,btc-updown-15m-1766636100,TRADE,DOWN,DIR_EMERGENCY,3,3,0.48012257806794856,1.4403677342038457,15.0,0.47545204289278,17.0,0.47780677428502344,15,0.9532588171778034,0.7011177423329495,2.0,0,0,0,87.78405935368303,SUCCESS,BEARISH,emergency,1,87750.05,87840.42,-0.10287974488281744,31.333357948211507
2025-12-25T04:15:00.547218+00:00,btc-updown-15m-1766636100,RESOLUTION,DOWN,BINANCE_FALLBACK_SHARED,32,32,1.0000,15.2545,15,0.4755,17,0.4778,15,0.9533,0.7011,0.12,0.0000,0.0000,1.7455,104.78,RESOLVED
2025-12-25T04:15:25.119166+00:00,btc-updown-15m-1766637000,TRADE,DOWN,DIR_AVERAGE_DOWN,4,4,0.470208437970343,1.880833751881372,0.0,0.0,4.0,0.470208437970343,0,0,0.0,4.0,0,0,0,102.90322560180167,SUCCESS,BEARISH,average_down,1,87799.29,87783.4,0.018101372241220343,2.1814479051248563
2025-12-25T04:15:36.135308+00:00,btc-updown-15m-1766637000,TRADE,DOWN,DIR_ACCUMULATE,4,4,0.47000519025790394,1.8800207610316158,0.0,0.0,8.0,0.4701068141141235,0,0,0.0,8.0,0,0,0,101.02320484077005,SUCCESS,BEARISH,accumulate,1,87799.29,87783.4,0.018101372241220343,2.181759781293871
2025-12-25T04:15:41.770580+00:00,btc-updown-15m-1766637000,TRADE,UP,DIR_REBALANCE,5,5,0.4801243999777035,2.4006219998885174,5.0,0.4801243999777035,8.0,0.4701068141141235,5,0.950231214091827,0.2488439295408651,3.0,0,0,0,98.62258284088153,SUCCESS,BEARISH,rebalance,1,87799.29,87783.4,0.018101372241220343,2.181679527461106
2025-12-25T04:15:47.184487+00:00,btc-updown-15m-1766637000,TRADE,DOWN,DIR_ACCUMULATE,4,4,0.4700028808351495,1.880011523340598,5.0,0.4801243999777035,12.0,0.4700721696877988,5,0.9501965696655024,0.24901715167248817,7.0,0,0,0,96.74257131754094,SUCCESS,BEARISH,accumulate,1,87799.29,87783.4,0.018101372241220343,2.6215108506892877
2025-12-25T04:15:52.579368+00:00,btc-updown-15m-1766637000,TRADE,UP,DIR_REBALANCE,5,5,0.47980684875801144,2.3990342437900574,10.0,0.4799656243678575,12.0,0.4700721696877988,10,0.9500377940556564,0.4996220594434364,2.0,0,0,0,94.34353707375088,SUCCESS,BEARISH,rebalance,1,87799.29,87783.4,0.018101372241220343,2.6214394100929894
2025-12-25T04:15:58.087326+00:00,btc-updown-15m-1766637000,TRADE,DOWN,DIR_AVERAGE_DOWN,3,3,0.47014576436657063,1.410437293099712,10.0,0.4799656243678575,15.0,0.47008688862355313,10,0.9500525129914106,0.4994748700858942,5.0,0,0,0,92.93309978065116,SUCCESS,BEARISH,average_down,1,87799.29,87783.4,0.018101372241220343,2.7116025898311458
2025-12-25T04:25:01.910832+00:00,btc-updown-15m-1766637000,TRADE,UP,DIR_EMERGENCY,5,5,0.5102030740742762,2.551015370371381,15.0,0.49004477426999704,15.0,0.47008688862355313,15,0.9601316628935501,0.5980250565967482,0.0,0,0,0,90.38208441027979,SUCCESS,BEARISH,emergency,1,87807.99,87783.4,0.02801212985599904,6.775030672796159
2025-12-25T04:30:00.412011+00:00,btc-updown-15m-1766637000,RESOLUTION,DOWN,BINANCE_FALLBACK_SHARED,30,30,1.0000,14.4020,15,0.4900,15,0.4701,15,0.9601,0.5980,0.00,0.0000,0.0000,0.5980,105.38,RESOLVED
2025-12-25T04:30:19.868508+00:00,btc-updown-15m-1766637900,TRADE,DOWN,DIR_AVERAGE_DOWN,4,4,0.4700115215080224,1.8800460860320896,0.0,0.0,4.0,0.4700115215080224,0,0,0.0,4.0,0,0,0,103.50203832424769,SUCCESS,BEARISH,average_down,1,87773.39,87749.7,0.026997243295421327,4.741022314701394
2025-12-25T04:30:36.152283+00:00,btc-updown-15m-1766637900,TRADE,DOWN,DIR_ACCUMULATE,4,4,0.4701258135250711,1.8805032541002844,0.0,0.0,8.0,0.47006866751654675,0,0,0.0,8.0,0,0,0,101.6215350701474,SUCCESS,BEARISH,accumulate,1,87773.38,87749.7,0.02698584724507043,4.744663420078581
2025-12-25T04:30:41.549397+00:00,btc-updown-15m-1766637900,TRADE,UP,DIR_REBALANCE,5,5,0.48016574057521716,2.400828702876086,5.0,0.4801657405752172,8.0,0.47006866751654675,5,0.950234408091764,0.2488279595411802,3.0,0,0,0,99.22070636727132,SUCCESS,BEARISH,rebalance,1,87773.39,87749.7,0.026997243295421327,4.746536277378885
2025-12-25T04:30:46.964899+00:00,btc-updown-15m-1766637900,TRADE,DOWN,DIR_ACCUMULATE,4,4,0.470197305319912,1.880789221279648,5.0,0.4801657405752172,12.0,0.47011154678433514,5,0.9502772873595524,0.24861356320223793,7.0,0,0,0,97.33991714599168,SUCCESS,BEARISH,accumulate,1,87773.39,87749.7,0.026997243295421327,4.747211026156156
2025-12-25T04:30:52.359833+00:00,btc-updown-15m-1766637900,TRADE,UP,DIR_REBALANCE,5,5,0.48007452180370624,2.400372609018531,10.0,0.48012013118946173,12.0,0.47011154678433514,10,0.9502316779737969,0.4976832202620307,2.0,0,0,0,94.93954453697314,SUCCESS,BEARISH,rebalance,1,87773.39,87749.7,0.026997243295421327,4.7630979071694375
2025-12-25T04:31:03.178169+00:00,btc-updown-15m-1766637900,TRADE,DOWN,DIR_AVERAGE_DOWN,3,3,0.4700299532524693,1.410089859757408,10.0,0.48012013118946173,15.0,0.47009522807796195,10,0.9502153592674236,0.4978464073257638,5.0,0,0,0,93.52945467721574,SUCCESS,BEARISH,average_down,1,87773.39,87749.7,0.026997243295421327,11.09607330480974
2025-12-25T04:40:01.218667+00:00,btc-updown-15m-1766637900,TRADE,UP,DIR_EMERGENCY,5,5,0.5100218145523936,2.550109072761968,15.0,0.4900873589771057,15.0,0.47009522807796195,15,0.9601825870550676,0.5972611941739853,0.0,0,0,0,90.97934560445377,SUCCESS,BEARISH,emergency,1,87782.19,87749.7,0.03702576760946789,10.592390076221854
2025-12-25T04:45:00.461043+00:00,btc-updown-15m-1766637900,RESOLUTION,UP,BINANCE_FALLBACK_SHARED,30,30,1.0000,14.4027,15,0.4901,15,0.4701,15,0.9602,0.5973,0.00,0.0000,0.0000,0.5973,105.98,RESOLVED
2025-12-25T04:45:14.735549+00:00,btc-updown-15m-1766638800,TRADE,DOWN,DIR_AVERAGE_DOWN,4,4,0.48013206652343743,1.9205282660937497,0.0,0.0,4.0,0.48013206652343743,0,0,0.0,4.0,0,0,0,104.05881733836002,SUCCESS,BEARISH,average_down,1,87800.0,87783.1,0.019251997252311866,5.336108088963441
2025-12-25T04:45:20.149850+00:00,btc-updown-15m-1766638800,TRADE,DOWN,DIR_ACCUMULATE,4,4,0.4800512682562903,1.9202050730251612,0.0,0.0,8.0,0.48009166738986386,0,0,0.0,8.0,0,0,0,102.13861226533486,SUCCESS,BEARISH,accumulate,1,87800.0,87783.1,0.019251997252311866,5.33933000030027
2025-12-25T04:45:30.962534+00:00,btc-updown-15m-1766638800,TRADE,UP,DIR_REBALANCE,5,5,0.470001321885114,2.35000660942557,5.0,0.470001321885114,8.0,0.48009166738986386,5,0.9500929892749779,0.24953505362511064,3.0,0,0,0,99.7886056559093,SUCCESS,BEARISH,rebalance,1,87799.99,87783.1,0.019240605537967352,5.336792914420867
2025-12-25T04:45:36.366466+00:00,btc-updown-15m-1766638800,TRADE,DOWN,DIR_ACCUMULATE,4,4,0.4801586267880962,1.9206345071523847,5.0,0.470001321885114,12.0,0.4801139871892746,5,0.9501153090743886,0.24942345462805715,7.0,0,0,0,97.86797114875691,SUCCESS,BEARISH,accumulate,1,87800.0,87783.1,0.019251997252311866,5.340988532007088
2025-12-25T04:45:41.783822+00:00,btc-updown-15m-1766638800,TRADE,UP,DIR_REBALANCE,5,4,0.4700493828856967,1.8801975315427868,9.0,0.4700226823298174,12.0,0.4801139871892746,9,0.950136669519092,0.4487699743281717,3.0,0,0,0,95.98777361721412,SUCCESS,BEARISH,rebalance,1,87799.99,87783.1,0.019240605537967352,5.3369457449577
2025-12-25T04:45:52.621903+00:00,btc-updown-15m-1766638800,TRADE,DOWN,DIR_ACCUMULATE,3,3,0.48008009511306654,1.4402402853391996,9.0,0.4700226823298174,15.0,0.480107208774033,9,0.9501298911038505,0.4488309800653456,6.0,0,0,0,94.54753333187492,SUCCESS,BEARISH,accumulate,1,87799.99,87783.1,0.019240605537967352,5.337539913593052
2025-12-25T04:46:03.448124+00:00,btc-updown-15m-1766638800,TRADE,UP,DIR_REBALANCE,5,5,0.4700905708849491,2.3504528544247454,14.0,0.47004692824236444,15.0,0.480107208774033,14,0.9501541370163975,0.6978420817704349,1.0,0,0,0,92.19708047745017,SUCCESS,BEARISH,rebalance,1,87800.0,87783.1,0.019251997252311866,190.78114636702384
2025-12-25T04:55:02.370940+00:00,btc-updown-15m-1766638800,TRADE,UP,DIR_EMERGENCY,3,2,0.49022669667274027,0.9804533933454805,16.0,0.47256939929616143,15.0,0.480107208774033,15,0.9526766080701945,0.7098508789470825,1.0,0,0,0,91.21662708410469,SUCCESS,BEARISH,emergency,1,87821.74,87783.1,0.04401758425027074,393.9675836628022
2025-12-25T05:00:03.920591+00:00,btc-updown-15m-1766638800,RESOLUTION,DOWN,BINANCE_FALLBACK_SHARED,31,31,1.0000,14.7627,16,0.4726,15,0.4801,15,0.9527,0.7099,0.06,0.0000,0.0000,0.2373,106.22,RESOLVED
2025-12-25T05:00:33.919916+00:00,btc-updown-15m-1766639700,TRADE,DOWN,DIR_AVERAGE_DOWN,4,3,0.470008506833693,1.410025520501079,0.0,0.0,3.0,0.470008506833693,0,0,0.0,3.0,0,0,0,104.8066015636036,SUCCESS,BEARISH,average_down,1,87773.33,87773.33,0.0,0.0
2025-12-25T05:00:39.339846+00:00,btc-updown-15m-1766639700,TRADE,DOWN,DIR_ACCUMULATE,4,4,0.47007784578246103,1.8803113831298441,0.0,0.0,7.0,0.4700481290901318,0,0,0.0,7.0,0,0,0,102.92629018047376,SUCCESS,BEARISH,accumulate,1,87764.41,87773.33,-0.010162540261373532,3.539008367674274
2025-12-25T05:00:44.738705+00:00,btc-updown-15m-1766639700,TRADE,UP,DIR_REBALANCE,5,5,0.4800553235581631,2.4002766177908157,5.0,0.48005532355816316,7.0,0.4700481290901318,5,0.950103452648295,0.24948273675852506,2.0,0,0,0,100.52601356268295,SUCCESS,BEARISH,rebalance,1,87762.46,87773.33,-0.012384171820751638,4.143378941230124
2025-12-25T05:00:55.570394+00:00,btc-updown-15m-1766639700,TRADE,DOWN,DIR_AVERAGE_DOWN,4,4,0.47018517629768747,1.8807407051907499,5.0,0.48005532355816316,11.0,0.47009796443833385,5,0.950153287996497,0.24923356001751495,6.0,0,0,0,98.6452728574922,SUCCESS,BEARISH,average_down,1,87762.47,87773.33,-0.012372778838401802,4.15665529428914
2025-12-25T05:01:11.811013+00:00,btc-updown-15m-1766639700,TRADE,UP,DIR_REBALANCE,5,5,0.4800819070725165,2.4004095353625825,10.0,0.48006861531533984,11.0,0.47009796443833385,10,0.9501665797536737,0.4983342024632631,1.0,0,0,0,96.24486332212962,SUCCESS,BEARISH,rebalance,1,87762.47,87773.33,-0.012372778838401802,5.694552456656412
2025-12-25T05:01:17.235714+00:00,btc-updown-15m-1766639700,TRADE,DOWN,DIR_AVERAGE_DOWN,4,4,0.47010107761590414,1.8804043104636166,10.0,0.48006861531533984,15.0,0.47009879461901927,10,0.9501674099343591,0.4983259006564089,5.0,0,0,0,94.364459011666,SUCCESS,BEARISH,average_down,1,87762.47,87773.33,-0.012372778838401802,5.6929802853353815
2025-12-25T05:10:04.804453+00:00,btc-updown-15m-1766639700,TRADE,UP,DIR_EMERGENCY,5,5,0.5300093855849354,2.6500469279246768,15.0,0.49671553873853835,15.0,0.47009879461901927,15,0.9668143333575576,0.4977849996366357,0.0,0,0,0,91.71441208374132,SUCCESS,BEARISH,emergency,1,87666.47,87773.33,-0.12174540945410249,9.112962742057173
2025-12-25T05:15:01.372507+00:00,btc-updown-15m-1766639700,RESOLUTION,DOWN,BINANCE_FALLBACK_SHARED,30,30,1.0000,14.5022,15,0.4967,15,0.4701,15,0.9668,0.4978,0.00,0.0000,0.0000,0.4978,106.71,RESOLVED
2025-12-25T05:15:20.273773+00:00,btc-updown-15m-1766640600,TRADE,DOWN,DIR_AVERAGE_DOWN,4,4,0.470112905414151,1.880451621656604,0.0,0.0,4.0,0.470112905414151,0,0,0.0,4.0,0,0,0,104.83396046208472,SUCCESS,BEARISH,average_down,1,87670.17,87670.18,-1.140638697760323e-05,0.10705199612379539
2025-12-25T05:15:25.661100+00:00,btc-updown-15m-1766640600,TRADE,DOWN,DIR_ACCUMULATE,4,4,0.4700688870527378,1.8802755482109512,0.0,0.0,8.0,0.4700908962334444,0,0,0.0,8.0,0,0,0,102.95368491387377,SUCCESS,BEARISH,accumulate,1,87670.17,87670.18,-1.140638697760323e-05,0.10764539459736662
2025-12-25T05:15:47.532060+00:00,btc-updown-15m-1766640600,TRADE,UP,DIR_REBALANCE,5,5,0.4900966641991604,2.450483320995802,5.0,0.4900966641991604,8.0,0.4700908962334444,5,0.9601875604326049,0.19906219783697554,3.0,0,0,0,100.50320159287797,SUCCESS,BEARISH,rebalance,1,87670.18,87670.18,0.0,0.0
2025-12-25T05:15:52.928659+00:00,btc-updown-15m-1766640600,TRADE,DOWN,DIR_ACCUMULATE,7,4,0.4601832296014834,1.8407329184059336,5.0,0.4900966641991604,12.0,0.46678834068945746,5,0.9568850048886179,0.2155749755569103,7.0,0,0,0,98.66246867447204,SUCCESS,BEARISH,accumulate,1,87670.17,87670.18,-1.140638697760323e-05,0.09839616213677355
2025-12-25T05:15:58.358405+00:00,btc-updown-15m-1766640600,TRADE,UP,DIR_REBALANCE,5,5,0.49006045652067964,2.450302282603398,10.0,0.49007856035992,12.0,0.46678834068945746,10,0.9568669010493774,0.4313309895062256,2.0,0,0,0,96.21216639186864,SUCCESS,BEARISH,rebalance,1,87670.17,87670.18,-1.140638697760323e-05,0.09653554373486414
2025-12-25T05:16:03.769877+00:00,btc-updown-15m-1766640600,TRADE,DOWN,DIR_AVERAGE_DOWN,3,3,0.46005491638391277,1.3801647491517384,10.0,0.49007856035992,15.0,0.4654416558283485,10,0.9555202161882685,0.44479783811731455,5.0,0,0,0,94.8320016427169,SUCCESS,BEARISH,average_down,1,87670.18,87670.18,0.0,0.0
2025-12-25T05:22:05.427819+00:00,btc-updown-15m-1766640600,TRADE,UP,DIR_ACCUMULATE,4,4,0.4902337372932881,1.9609349491731525,14.0,0.4901228966265966,15.0,0.4654416558283485,14,0.9555645524549451,0.6220962656307687,1.0,0,0,0,92.87106669354375,SUCCESS,BULLISH,accumulate,2,87725.75,87670.18,0.0633852924677547,8.5945360525794
2025-12-25T05:25:04.637069+00:00,btc-updown-15m-1766640600,TRADE,UP,DIR_EMERGENCY,2,2,0.5301065898413846,1.0602131796827692,16.0,0.4951208582784451,15.0,0.4654416558283485,15,0.9605625141067936,0.5915622883980959,1.0,0,0,0,91.81085351386099,SUCCESS,BULLISH,emergency,2,87682.24,87670.18,0.013756102702209835,2.931458140875228
2025-12-25T05:30:01.468777+00:00,btc-updown-15m-1766640600,RESOLUTION,UP,BINANCE_FALLBACK_SHARED,31,31,1.0000,14.9036,16,0.4951,15,0.4654,15,0.9606,0.5916,0.06,0.0000,0.0000,1.0964,107.81,RESOLVED
2025-12-25T05:30:15.496784+00:00,btc-updown-15m-1766641500,TRADE,UP,DIR_AVERAGE_DOWN,4,4,0.4801838608525863,1.9207354434103452,4.0,0.4801838608525863,0.0,0.0,0,0,0.0,4.0,0,0,0,105.89011807045064,SUCCESS,BULLISH,average_down,2,87729.63,87711.79,0.020339340925559793,5.35619854570667
2025-12-25T05:30:20.902384+00:00,btc-updown-15m-1766641500,TRADE,UP,DIR_ACCUMULATE,4,4,0.48010566071958277,1.920422642878331,8.0,0.48014476078608453,0.0,0.0,0,0,0.0,8.0,0,0,0,103.9696954275723,SUCCESS,BULLISH,accumulate,2,87729.62,87711.79,0.020327939949694045,5.3527679089631
2025-12-25T05:30:58.868612+00:00,btc-updown-15m-1766641500,TRADE,DOWN,DIR_REBALANCE,5,5,0.47022751774286864,2.351137588714343,8.0,0.48014476078608453,5.0,0.47022751774286864,5,0.9503722785289532,0.24813860735523385,3.0,0,0,0,101.61855783885797,SUCCESS,BULLISH,rebalance,2,87734.01,87711.79,0.025332968350094284,6.365389951117588
2025-12-25T05:31:26.103064+00:00,btc-updown-15m-1766641500,TRADE,UP,DIR_ACCUMULATE,4,4,0.4801184988116573,1.9204739952466292,12.0,0.48013600679460877,5.0,0.47022751774286864,5,0.9503635245374774,0.24818237731261295,7.0,0,0,0,99.69808384361134,SUCCESS,BULLISH,accumulate,2,87734.0,87711.79,0.02532156737424513,19.93746051743671
2025-12-25T05:31:42.315192+00:00,btc-updown-15m-1766641500,TRADE,DOWN,DIR_REBALANCE,5,5,0.47023340652359064,2.351167032617953,12.0,0.48013600679460877,10.0,0.47023046213322955,10,0.9503664689278384,0.4963353107216162,2.0,0,0,0,97.34691681099339,SUCCESS,BULLISH,rebalance,2,87734.0,87711.79,0.02532156737424513,19.981253893066384
2025-12-25T05:31:47.820957+00:00,btc-updown-15m-1766641500,TRADE,UP,DIR_AVERAGE_DOWN,3,3,0.48020250428583205,1.4406075128574962,15.0,0.4801493062928534,10.0,0.47023046213322955,10,0.950379768426083,0.4962023157391704,5.0,0,0,0,95.9063092981359,SUCCESS,BULLISH,average_down,2,87734.0,87711.79,0.02532156737424513,19.97562485352789
2025-12-25T05:40:02.982165+00:00,btc-updown-15m-1766641500,TRADE,DOWN,DIR_EMERGENCY,5,5,0.5101361963125466,2.550680981562733,15.0,0.4801493062928534,15.0,0.48353237352633527,15,0.9636816798191887,0.544774802712169,0.0,0,0,0,93.35562831657316,SUCCESS,BULLISH,emergency,2,87737.0,87711.79,0.028741860130783333,7.493993514663903
2025-12-25T05:45:01.651364+00:00,btc-updown-15m-1766641500,RESOLUTION,UP,BINANCE_FALLBACK_SHARED,30,30,1.0000,14.4552,15,0.4801,15,0.4835,15,0.9637,0.5448,0.00,0.0000,0.0000,0.5448,108.36,RESOLVED
2025-12-25T05:45:15.771375+00:00,btc-updown-15m-1766642400,TRADE,UP,DIR_AVERAGE_DOWN,8,8,0.4600191971347051,3.680153577077641,8.0,0.4600191971347051,0.0,0.0,0,0,0.0,8.0,0,0,0,104.67547473949551,SUCCESS,BULLISH,average_down,2,87760.05,87760.05,0.0,0.0
2025-12-25T05:45:21.223950+00:00,btc-updown-15m-1766642400,TRADE,DOWN,DIR_REBALANCE,5,5,0.49010853873868043,2.4505426936934023,8.0,0.4600191971347051,5.0,0.49010853873868043,5,0.9501277358733855,0.24936132063307248,3.0,0,0,0,102.2249320458021,SUCCESS,BULLISH,rebalance,2,87760.04,87760.05,-1.1394706371877894e-05,0.1151729506309939
2025-12-25T05:45:26.656257+00:00,btc-updown-15m-1766642400,TRADE,UP,DIR_ACCUMULATE,7,7,0.46001206785608606,3.2200844749926025,15.0,0.4600158701380162,5.0,0.49010853873868043,5,0.9501244088766967,0.24937795561651654,10.0,0,0,0,99.0048475708095,SUCCESS,BULLISH,accumulate,2,87760.04,87760.05,-1.1394706371877894e-05,0.11672700588834263
2025-12-25T05:45:32.049974+00:00,btc-updown-15m-1766642400,TRADE,DOWN,DIR_REBALANCE,5,1,0.4901075285787747,0.4901075285787747,15.0,0.4600158701380162,6.0,0.49010837037869615,6,0.9501242405167123,0.29925455689972624,9.0,0,0,0,98.51474004223073,SUCCESS,BULLISH,rebalance,2,87760.04,87760.05,-1.1394706371877894e-05,0.1129369963632475
2025-12-25T05:45:42.868275+00:00,btc-updown-15m-1766642400,TRADE,DOWN,DIR_REBALANCE,5,5,0.4902041270877204,2.451020635438602,15.0,0.4600158701380162,11.0,0.4901518961555253,11,0.9501677662935415,0.5481545707710436,4.0,0,0,0,96.06371940679213,SUCCESS,BULLISH,rebalance,2,87760.04,87760.05,-1.1394706371877894e-05,0.11152212566332906
2025-12-25T05:55:05.181203+00:00,btc-updown-15m-1766642400,TRADE,DOWN,DIR_EMERGENCY,4,4,0.5200216572749143,2.0800866290996574,15.0,0.4600158701380162,15.0,0.49811716578736237,15,0.9581330359253786,0.6280044611193214,0.0,0,0,0,93.98363277769248,SUCCESS,BULLISH,emergency,2,87771.01,87760.05,0.012488598171937973,4.736411239721443
2025-12-25T06:00:03.430216+00:00,btc-updown-15m-1766642400,RESOLUTION,DOWN,BINANCE_FALLBACK_SHARED,30,30,1.0000,14.3720,15,0.4600,15,0.4981,15,0.9581,0.6280,0.00,0.0000,0.0000,0.6280,108.98,RESOLVED
2025-12-25T06:00:22.019049+00:00,btc-updown-15m-1766643300,TRADE,UP,DIR_AVERAGE_DOWN,4,4,0.47021258816386885,1.8808503526554754,4.0,0.47021258816386885,0.0,0.0,0,0,0.0,4.0,0,0,0,107.102782425037,SUCCESS,BULLISH,average_down,2,87750.56,87750.55,1.1395939962497455e-05,0.13443816036444137
2025-12-25T06:00:38.246818+00:00,btc-updown-15m-1766643300,TRADE,UP,DIR_ACCUMULATE,4,4,0.4701072872410796,1.8804291489643183,8.0,0.4701599377024742,0.0,0.0,0,0,0.0,8.0,0,0,0,105.22235327607268,SUCCESS,BULLISH,accumulate,2,87750.56,87750.55,1.1395939962497455e-05,0.12465612749672712
2025-12-25T06:00:54.631211+00:00,btc-updown-15m-1766643300,TRADE,DOWN,DIR_REBALANCE,5,5,0.48013226293314243,2.400661314665712,8.0,0.4701599377024742,5.0,0.48013226293314243,5,0.9502922006356167,0.2485389968219165,3.0,0,0,0,102.82169196140697,SUCCESS,BULLISH,rebalance,2,87750.55,87750.55,0.0,0.0
2025-12-25T06:01:11.005836+00:00,btc-updown-15m-1766643300,TRADE,UP,DIR_ACCUMULATE,4,4,0.46983208407189736,1.8793283362875894,12.0,0.4700506531589486,5.0,0.48013226293314243,5,0.950182916092091,0.24908541953954477,7.0,0,0,0,100.94236362511938,SUCCESS,BULLISH,accumulate,2,87750.56,87750.55,1.1395939962497455e-05,0.11015919771744725
2025-12-25T06:01:43.484176+00:00,btc-updown-15m-1766643300,TRADE,DOWN,DIR_REBALANCE,5,5,0.48014571779721515,2.400728588986076,12.0,0.4700506531589486,10.0,0.4801389903651788,10,0.9501896435241275,0.4981035647587251,2.0,0,0,0,98.54163503613331,SUCCESS,BULLISH,rebalance,2,87750.55,87750.55,0.0,0.0
2025-12-25T06:01:54.431321+00:00,btc-updown-15m-1766643300,TRADE,UP,DIR_AVERAGE_DOWN,3,3,0.4701759186661532,1.4105277559984597,15.0,0.4700757062603895,10.0,0.4801389903651788,10,0.9502146966255683,0.49785303374431655,5.0,0,0,0,97.13110728013486,SUCCESS,BULLISH,average_down,2,87750.55,87750.55,0.0,0.0
2025-12-25T06:10:05.805282+00:00,btc-updown-15m-1766643300,TRADE,DOWN,DIR_EMERGENCY,5,5,0.49018988025043236,2.4509494012521618,15.0,0.4700757062603895,15.0,0.48348928699359667,15,0.9535649932539862,0.6965251011902063,0.0,0,0,0,94.6801578788827,SUCCESS,BULLISH,emergency,2,87705.07,87750.55,-0.051828734976585245,491.8543152481638
2025-12-25T06:15:03.332730+00:00,btc-updown-15m-1766643300,RESOLUTION,DOWN,BINANCE_FALLBACK_SHARED,30,30,1.0000,14.3035,15,0.4701,15,0.4835,15,0.9536,0.6965,0.00,0.0000,0.0000,0.6965,109.68,RESOLVED
2025-12-25T06:15:11.946304+00:00,btc-updown-15m-1766644200,TRADE,UP,DIR_AVERAGE_DOWN,4,4,0.48007303531872136,1.9202921412748855,4.0,0.48007303531872136,0.0,0.0,0,0,0.0,4.0,0,0,0,107.75986573760781,SUCCESS,BULLISH,average_down,2,87728.9,87706.99,0.024980905170715512,5.2792704278969795
2025-12-25T06:15:17.348184+00:00,btc-updown-15m-1766644200,TRADE,UP,DIR_ACCUMULATE,4,4,0.47018664941286403,1.8807465976514561,8.0,0.4751298423657927,0.0,0.0,0,0,0.0,8.0,0,0,0,105.87911913995636,SUCCESS,BULLISH,accumulate,2,87738.74,87706.99,0.03620007937793784,6.751942027321097
2025-12-25T06:15:44.598202+00:00,btc-updown-15m-1766644200,TRADE,DOWN,DIR_REBALANCE,5,5,0.48010584019987707,2.4005292009993853,8.0,0.4751298423657927,5.0,0.48010584019987707,5,0.9552356825656698,0.2238215871716509,3.0,0,0,0,103.47858993895697,SUCCESS,BULLISH,rebalance,2,87728.86,87706.99,0.024935298771506516,3.864528526081486
2025-12-25T06:15:50.021682+00:00,btc-updown-15m-1766644200,TRADE,UP,DIR_ACCUMULATE,4,4,0.47007779344849887,1.8803111737939955,12.0,0.4734458260600281,5.0,0.48010584019987707,5,0.9535516662599052,0.23224166870047414,7.0,0,0,0,101.59827876516297,SUCCESS,BULLISH,accumulate,2,87728.85,87706.99,0.024923897171708412,3.9362529689181907
2025-12-25T06:15:55.538966+00:00,btc-updown-15m-1766644200,TRADE,DOWN,DIR_REBALANCE,5,5,0.4800404438980389,2.4002022194901946,12.0,0.4734458260600281,10.0,0.480073142048958,10,0.9535189681089862,0.46481031891013824,2.0,0,0,0,99.19807654567278,SUCCESS,BULLISH,rebalance,2,87728.86,87706.99,0.024935298771506516,3.9381534653276318
2025-12-25T06:16:17.583831+00:00,btc-updown-15m-1766644200,TRADE,UP,DIR_AVERAGE_DOWN,3,1,0.47009826567356255,0.47009826567356255,13.0,0.4731883214149154,10.0,0.480073142048958,10,0.9532614634638734,0.46738536536126585,3.0,0,0,0,98.72797827999922,SUCCESS,BULLISH,average_down,2,87730.15,87706.99,0.02640610514622488,7.204595094068723
2025-12-25T06:16:34.032409+00:00,btc-updown-15m-1766644200,TRADE,UP,DIR_ACCUMULATE,3,3,0.4702260994463676,1.4106782983391029,16.0,0.47263290479581266,10.0,0.480073142048958,10,0.9527060468447707,0.4729395315522933,6.0,0,0,0,97.31729998166011,SUCCESS,BULLISH,accumulate,2,87730.16,87706.99,0.026417506746039574,26.71214857934821
2025-12-25T06:16:39.620326+00:00,btc-updown-15m-1766644200,TRADE,DOWN,DIR_REBALANCE,5,5,0.480101395236411,2.4005069761820548,16.0,0.47263290479581266,15.0,0.48008255977810893,15,0.9527154645739215,0.709268031391177,1.0,0,0,0,94.91679300547806,SUCCESS,BULLISH,rebalance,2,87730.15,87706.99,0.02640610514622488,26.715933913335462
2025-12-25T06:30:02.921202+00:00,btc-updown-15m-1766644200,RESOLUTION,UP,BINANCE_FALLBACK_SHARED,31,31,1.0000,14.7634,16,0.4726,15,0.4801,15,0.9527,0.7093,0.06,0.0000,0.0000,1.2366,110.92,RESOLVED
2025-12-25T06:35:41.792022+00:00,btc-updown-15m-1766644200,TRADE,UP,DIR_AVERAGE_DOWN,4,4,0.8303060105194079,3.3212240420776316,4.0,0.8303060105194079,0.0,0.0,0,0,0.0,4.0,0,0,0,96.67877595792237,SUCCESS,BULLISH,average_down,0,87791.93,87706.99,0.09684518873579834,32.323573839711656
2025-12-25T06:35:42.066072+00:00,btc-updown-15m-1766644200,RESOLUTION,UP,BINANCE_FALLBACK_SHARED,4,4,1.0000,3.3212,4,0.8303,0,0.0000,0,0.0000,0.0000,1.00,0.0000,0.0000,0.6788,100.68,RESOLVED
2025-12-25T06:35:50.091172+00:00,btc-updown-15m-1766645100,TRADE,UP,DIR_AVERAGE_DOWN,8,8,0.46017722277437856,3.6814177821950285,8.0,0.46017722277437856,0.0,0.0,0,0,0.0,8.0,0,0,0,96.99735817572734,SUCCESS,BULLISH,average_down,0,87811.28,87754.47,0.06473744300432521,8.260706564466519
2025-12-25T06:36:01.026559+00:00,btc-updown-15m-1766645100,TRADE,DOWN,DIR_REBALANCE,5,5,0.510088855971442,2.55044427985721,8.0,0.46017722277437856,5.0,0.510088855971442,5,0.9702660787458206,0.14866960627089698,3.0,0,0,0,94.44691389587013,SUCCESS,BULLISH,rebalance,0,87811.29,87754.47,0.06474883843523006,8.258357897777843
2025-12-25T06:36:06.456902+00:00,btc-updown-15m-1766645100,TRADE,UP,DIR_ACCUMULATE,7,7,0.4598323565519827,3.218826495863879,15.0,0.4600162852039272,5.0,0.510088855971442,5,0.9701051411753692,0.14947429412315416,10.0,0,0,0,91.22808740000625,SUCCESS,BULLISH,accumulate,0,87801.96,87754.47,0.05411690139545625,6.375249408271544
2025-12-25T06:36:17.430778+00:00,btc-updown-15m-1766645100,TRADE,DOWN,DIR_REBALANCE,5,5,0.520145976275833,2.600729881379165,15.0,0.4600162852039272,10.0,0.5151174161236375,10,0.9751337013275647,0.24866298672435283,5.0,0,0,0,88.62735751862708,SUCCESS,BULLISH,rebalance,0,87801.95,87754.47,0.054105505964534825,6.373247345553846
2025-12-25T06:40:02.226867+00:00,btc-updown-15m-1766645100,TRADE,DOWN,DIR_EMERGENCY,5,5,0.5302031058435616,2.651015529217808,15.0,0.4600162852039272,15.0,0.5201459793636122,15,0.9801622645675394,0.29756603148690886,0.0,0,0,0,85.97634198940928,SUCCESS,BULLISH,emergency,0,87771.85,87754.47,0.019805258922998063,179.85579881880224
2025-12-25T06:45:04.121798+00:00,btc-updown-15m-1766645100,RESOLUTION,UP,BINANCE_FALLBACK_SHARED,30,30,1.0000,14.7024,15,0.4600,15,0.5201,15,0.9802,0.2976,0.00,0.0000,0.0000,0.2976,100.98,RESOLVED
