timestamp,market_slug,event_type,trade_side,trade_mode,size_requested,size_filled,price,cost,pos_up_size,pos_up_avg_price,pos_down_size,pos_down_avg_price,pos_hedged_pairs,pos_pair_cost,pos_locked_profit,pos_imbalance,pnl_min,pnl_max,pnl_realized,balance_after,status
2026-01-06T00:00:04.646678+00:00,btc-updown-15m-1767656700,RESOLUTION,DOWN,BINANCE_FALLBACK_SHARED,29,29,1.0000,13.4700,15,0.4933,14,0.4336,14,0.9269,1.0233,0.07,0.0000,0.0000,0.5300,174.26,RESOLVED
2026-01-06T00:00:23.584260+00:00,btc-updown-15m-1767657600,TRADE,UP,ACCUM,5,5,0.6000,3.0000,5,0.6000,0,0.0000,0,0.0000,0.0000,1.00,-3.0000,2.0000,0.0000,171.26,SUCCESS
2026-01-06T00:00:57.250449+00:00,btc-updown-15m-1767657600,TRADE,DOWN,ACCUM,5,5,0.4100,2.0500,5,0.6000,5,0.4100,5,1.0100,-0.0500,0.00,-0.0500,-0.0500,0.0000,169.21,SUCCESS
2026-01-06T00:01:08.333708+00:00,btc-updown-15m-1767657600,TRADE,DOWN,ACCUM,5,5,0.4500,2.2500,5,0.6000,10,0.4300,5,1.0300,-0.1500,0.50,-2.3000,2.7000,0.0000,166.96,SUCCESS
2026-01-06T00:01:24.845074+00:00,btc-updown-15m-1767657600,TRADE,UP,ACCUM,5,5,0.6000,3.0000,10,0.6000,10,0.4300,10,1.0300,-0.3000,0.00,-0.3000,-0.3000,0.0000,163.96,SUCCESS
2026-01-06T00:01:30.423117+00:00,btc-updown-15m-1767657600,TRADE,UP,ACCUM,5,5,0.6400,3.2000,15,0.6133,10,0.4300,10,1.0433,-0.4333,0.33,-3.5000,1.5000,0.0000,160.76,SUCCESS
2026-01-06T00:02:47.995919+00:00,btc-updown-15m-1767657600,TRADE,DOWN,ACCUM,5,5,0.2200,1.1000,15,0.6133,15,0.3600,15,0.9733,0.4000,0.00,0.4000,0.4000,0.0000,159.66,SUCCESS
2026-01-06T00:15:03.790218+00:00,btc-updown-15m-1767657600,RESOLUTION,DOWN,BINANCE_FALLBACK_SHARED,30,30,1.0000,14.6000,15,0.6133,15,0.3600,15,0.9733,0.4000,0.00,0.0000,0.0000,0.4000,174.66,RESOLVED
2026-01-06T00:15:17.555094+00:00,btc-updown-15m-1767658500,TRADE,DOWN,ACCUM,5,5,0.4300,2.1500,0,0.0000,5,0.4300,0,0.0000,0.0000,1.00,-2.1500,2.8500,0.0000,172.51,SUCCESS
2026-01-06T00:15:50.758487+00:00,btc-updown-15m-1767658500,TRADE,UP,ACCUM,5,5,0.5000,2.5000,5,0.5000,5,0.4300,5,0.9300,0.3500,0.00,0.3500,0.3500,0.0000,170.01,SUCCESS
2026-01-06T00:16:07.505561+00:00,btc-updown-15m-1767658500,TRADE,UP,ACCUM,5,5,0.5100,2.5500,10,0.5050,5,0.4300,5,0.9350,0.3250,0.50,-2.2000,2.8000,0.0000,167.46,SUCCESS
2026-01-06T00:16:29.677757+00:00,btc-updown-15m-1767658500,TRADE,DOWN,ACCUM,5,5,0.4300,2.1500,10,0.5050,10,0.4300,10,0.9350,0.6500,0.00,0.6500,0.6500,0.0000,165.31,SUCCESS
2026-01-06T00:16:35.229803+00:00,btc-updown-15m-1767658500,TRADE,UP,ACCUM,5,2,0.5300,1.0600,12,0.5092,10,0.4300,10,0.9392,0.6083,0.17,-0.4100,1.5900,0.0000,164.25,SUCCESS
2026-01-06T00:16:46.267878+00:00,btc-updown-15m-1767658500,TRADE,DOWN,ACCUM,5,5,0.3300,1.6500,12,0.5092,15,0.3967,12,0.9058,1.1300,0.20,-0.0600,2.9400,0.0000,162.60,SUCCESS
2026-01-06T00:30:05.697967+00:00,btc-updown-15m-1767658500,RESOLUTION,UP,BINANCE_FALLBACK_SHARED,27,27,1.0000,12.0600,12,0.5092,15,0.3967,12,0.9058,1.1300,0.20,0.0000,0.0000,-0.0600,174.60,RESOLVED
2026-01-06T00:30:19.431841+00:00,btc-updown-15m-1767659400,TRADE,DOWN,ACCUM,5,5,0.5297,2.6487,0,0.0000,5,0.5297,0,0.0000,0.0000,1.00,-2.6487,2.3513,0.0000,171.95,SUCCESS
2026-01-06T00:30:19.437690+00:00,btc-updown-15m-1767659400,TRADE,UP,ACCUM,5,5,0.3900,1.9500,5,0.3900,5,0.5297,5,0.9197,0.4013,0.00,0.4013,0.4013,0.0000,170.00,SUCCESS
2026-01-06T00:30:24.984587+00:00,btc-updown-15m-1767659400,TRADE,DOWN,ACCUM,5,5,0.5600,2.8000,5,0.3900,10,0.5449,5,0.9349,0.3256,0.50,-2.3987,2.6013,0.0000,167.20,SUCCESS
2026-01-06T00:30:52.503694+00:00,btc-updown-15m-1767659400,TRADE,UP,ACCUM,5,5,0.3000,1.5000,10,0.3450,10,0.5449,10,0.8899,1.1013,0.00,1.1013,1.1013,0.0000,165.70,SUCCESS
2026-01-06T00:30:58.074327+00:00,btc-updown-15m-1767659400,TRADE,DOWN,ACCUM,5,5,0.6500,3.2500,10,0.3450,15,0.5799,10,0.9249,0.7508,0.33,-2.1487,2.8513,0.0000,162.45,SUCCESS
2026-01-06T00:31:09.260007+00:00,btc-updown-15m-1767659400,TRADE,UP,ACCUM,5,5,0.2400,1.2000,15,0.3100,15,0.5799,15,0.8899,1.6513,0.00,1.6513,1.6513,0.0000,161.25,SUCCESS
2026-01-06T00:45:05.073964+00:00,btc-updown-15m-1767659400,RESOLUTION,DOWN,BINANCE_FALLBACK_SHARED,30,30,1.0000,13.3487,15,0.3100,15,0.5799,15,0.8899,1.6513,0.00,0.0000,0.0000,1.6513,176.25,RESOLVED
2026-01-06T00:45:24.041483+00:00,btc-updown-15m-1767660300,TRADE,UP,ACCUM,5,5,0.4100,2.0500,5,0.4100,0,0.0000,0,0.0000,0.0000,1.00,-2.0500,2.9500,0.0000,174.20,SUCCESS
2026-01-06T00:45:46.312577+00:00,btc-updown-15m-1767660300,TRADE,DOWN,ACCUM,5,5,0.5200,2.6000,5,0.4100,5,0.5200,5,0.9300,0.3500,0.00,0.3500,0.3500,0.0000,171.60,SUCCESS
2026-01-06T00:46:02.839100+00:00,btc-updown-15m-1767660300,TRADE,DOWN,ACCUM,5,5,0.5200,2.6000,5,0.4100,10,0.5200,5,0.9300,0.3500,0.50,-2.2500,2.7500,0.0000,169.00,SUCCESS
2026-01-06T00:46:08.350759+00:00,btc-updown-15m-1767660300,TRADE,UP,ACCUM,5,5,0.4100,2.0500,10,0.4100,10,0.5200,10,0.9300,0.7000,0.00,0.7000,0.7000,0.0000,166.95,SUCCESS
2026-01-06T00:46:13.868992+00:00,btc-updown-15m-1767660300,TRADE,DOWN,ACCUM,5,5,0.5200,2.6000,10,0.4100,15,0.5200,10,0.9300,0.7000,0.33,-1.9000,3.1000,0.0000,164.35,SUCCESS
2026-01-06T00:46:13.876040+00:00,btc-updown-15m-1767660300,TRADE,UP,ACCUM,5,5,0.4100,2.0500,15,0.4100,15,0.5200,15,0.9300,1.0500,0.00,1.0500,1.0500,0.0000,162.30,SUCCESS
2026-01-06T01:00:04.852691+00:00,btc-updown-15m-1767660300,RESOLUTION,UP,BINANCE_FALLBACK_SHARED,30,30,1.0000,13.9500,15,0.4100,15,0.5200,15,0.9300,1.0500,0.00,0.0000,0.0000,1.0500,177.30,RESOLVED
2026-01-06T01:00:18.500271+00:00,btc-updown-15m-1767661200,TRADE,UP,ACCUM,5,5,0.3800,1.9000,5,0.3800,0,0.0000,0,0.0000,0.0000,1.00,-1.9000,3.1000,0.0000,175.40,SUCCESS
2026-01-06T01:00:23.990000+00:00,btc-updown-15m-1767661200,TRADE,DOWN,ACCUM,5,5,0.5500,2.7500,5,0.3800,5,0.5500,5,0.9300,0.3500,0.00,0.3500,0.3500,0.0000,172.65,SUCCESS
2026-01-06T01:00:34.993873+00:00,btc-updown-15m-1767661200,TRADE,DOWN,ACCUM,5,3,0.5500,1.6500,5,0.3800,8,0.5500,5,0.9300,0.3500,0.38,-1.3000,1.7000,0.0000,171.00,SUCCESS
2026-01-06T01:00:35.002135+00:00,btc-updown-15m-1767661200,TRADE,UP,ACCUM,5,5,0.3799,1.8995,10,0.3800,8,0.5500,8,0.9300,0.5604,0.20,-0.1995,1.8005,0.0000,169.10,SUCCESS
2026-01-06T01:00:40.497536+00:00,btc-updown-15m-1767661200,TRADE,DOWN,ACCUM,5,5,0.5500,2.7500,10,0.3800,13,0.5500,10,0.9300,0.7005,0.23,-0.9495,2.0505,0.0000,166.35,SUCCESS
2026-01-06T01:01:02.526168+00:00,btc-updown-15m-1767661200,TRADE,UP,ACCUM,5,5,0.3800,1.9000,15,0.3800,13,0.5500,13,0.9300,0.9104,0.13,0.1505,2.1505,0.0000,164.45,SUCCESS
2026-01-06T01:15:02.299918+00:00,btc-updown-15m-1767661200,RESOLUTION,UP,BINANCE_FALLBACK_SHARED,28,28,1.0000,12.8495,15,0.3800,13,0.5500,13,0.9300,0.9104,0.13,0.0000,0.0000,2.1505,179.45,RESOLVED
2026-01-06T01:15:15.535091+00:00,btc-updown-15m-1767662100,TRADE,DOWN,ACCUM,5,5,0.3900,1.9500,0,0.0000,5,0.3900,0,0.0000,0.0000,1.00,-1.9500,3.0500,0.0000,177.50,SUCCESS
2026-01-06T01:15:21.142481+00:00,btc-updown-15m-1767662100,TRADE,UP,ACCUM,5,5,0.5300,2.6500,5,0.5300,5,0.3900,5,0.9200,0.4000,0.00,0.4000,0.4000,0.0000,174.85,SUCCESS
2026-01-06T01:15:26.635081+00:00,btc-updown-15m-1767662100,TRADE,UP,ACCUM,5,5,0.5300,2.6500,10,0.5300,5,0.3900,5,0.9200,0.4000,0.50,-2.2500,2.7500,0.0000,172.20,SUCCESS
2026-01-06T01:15:59.647135+00:00,btc-updown-15m-1767662100,TRADE,DOWN,ACCUM,5,5,0.4100,2.0500,10,0.5300,10,0.4000,10,0.9300,0.7000,0.00,0.7000,0.7000,0.0000,170.15,SUCCESS
2026-01-06T01:16:10.684458+00:00,btc-updown-15m-1767662100,TRADE,UP,ACCUM,5,5,0.4800,2.4000,15,0.5133,10,0.4000,10,0.9133,0.8667,0.33,-1.7000,3.3000,0.0000,167.75,SUCCESS
2026-01-06T01:16:27.226748+00:00,btc-updown-15m-1767662100,TRADE,DOWN,ACCUM,5,5,0.5000,2.5000,15,0.5133,15,0.4333,15,0.9467,0.8000,0.00,0.8000,0.8000,0.0000,165.25,SUCCESS
2026-01-06T01:30:03.133929+00:00,btc-updown-15m-1767662100,RESOLUTION,UP,BINANCE_FALLBACK_SHARED,30,30,1.0000,14.2000,15,0.5133,15,0.4333,15,0.9467,0.8000,0.00,0.0000,0.0000,0.8000,180.25,RESOLVED
2026-01-06T01:30:16.596517+00:00,btc-updown-15m-1767663000,TRADE,DOWN,ACCUM,5,5,0.5700,2.8500,0,0.0000,5,0.5700,0,0.0000,0.0000,1.00,-2.8500,2.1500,0.0000,177.40,SUCCESS
2026-01-06T01:30:16.604510+00:00,btc-updown-15m-1767663000,TRADE,UP,ACCUM,5,5,0.3600,1.8000,5,0.3600,5,0.5700,5,0.9300,0.3500,0.00,0.3500,0.3500,0.0000,175.60,SUCCESS
2026-01-06T01:30:27.605315+00:00,btc-updown-15m-1767663000,TRADE,DOWN,ACCUM,5,5,0.6000,3.0000,5,0.3600,10,0.5850,5,0.9450,0.2750,0.50,-2.6500,2.3500,0.0000,172.60,SUCCESS
2026-01-06T01:30:27.611811+00:00,btc-updown-15m-1767663000,TRADE,UP,ACCUM,5,5,0.3300,1.6500,10,0.3450,10,0.5850,10,0.9300,0.7000,0.00,0.7000,0.7000,0.0000,170.95,SUCCESS
2026-01-06T01:30:33.125802+00:00,btc-updown-15m-1767663000,TRADE,UP,ACCUM,5,5,0.3800,1.9000,15,0.3567,10,0.5850,10,0.9417,0.5833,0.33,-1.2000,3.8000,0.0000,169.05,SUCCESS
2026-01-06T01:30:44.138474+00:00,btc-updown-15m-1767663000,TRADE,DOWN,ACCUM,5,5,0.5400,2.7000,15,0.3567,15,0.5700,15,0.9267,1.1000,0.00,1.1000,1.1000,0.0000,166.35,SUCCESS
2026-01-06T01:45:04.994536+00:00,btc-updown-15m-1767663000,RESOLUTION,DOWN,BINANCE_FALLBACK_SHARED,30,30,1.0000,13.9000,15,0.3567,15,0.5700,15,0.9267,1.1000,0.00,0.0000,0.0000,1.1000,181.35,RESOLVED
2026-01-06T01:45:23.915551+00:00,btc-updown-15m-1767663900,TRADE,DOWN,ACCUM,5,5,0.4700,2.3500,0,0.0000,5,0.4700,0,0.0000,0.0000,1.00,-2.3500,2.6500,0.0000,179.00,SUCCESS
2026-01-06T01:45:23.923252+00:00,btc-updown-15m-1767663900,TRADE,UP,ACCUM,5,5,0.4600,2.3000,5,0.4600,5,0.4700,5,0.9300,0.3500,0.00,0.3500,0.3500,0.0000,176.70,SUCCESS
2026-01-06T01:45:29.591906+00:00,btc-updown-15m-1767663900,TRADE,UP,ACCUM,5,5,0.4600,2.3000,10,0.4600,5,0.4700,5,0.9300,0.3500,0.50,-1.9500,3.0500,0.0000,174.40,SUCCESS
2026-01-06T01:45:35.183478+00:00,btc-updown-15m-1767663900,TRADE,DOWN,ACCUM,5,5,0.4400,2.2000,10,0.4600,10,0.4550,10,0.9150,0.8500,0.00,0.8500,0.8500,0.0000,172.20,SUCCESS
2026-01-06T01:45:40.769368+00:00,btc-updown-15m-1767663900,TRADE,UP,ACCUM,5,5,0.5100,2.5500,15,0.4767,10,0.4550,10,0.9317,0.6833,0.33,-1.7000,3.3000,0.0000,169.65,SUCCESS
2026-01-06T01:45:40.777532+00:00,btc-updown-15m-1767663900,TRADE,DOWN,ACCUM,5,5,0.4300,2.1500,15,0.4767,15,0.4467,15,0.9233,1.1500,0.00,1.1500,1.1500,0.0000,167.50,SUCCESS
2026-01-06T02:00:01.664519+00:00,btc-updown-15m-1767663900,RESOLUTION,DOWN,BINANCE_FALLBACK_SHARED,30,30,1.0000,13.8500,15,0.4767,15,0.4467,15,0.9233,1.1500,0.00,0.0000,0.0000,1.1500,182.50,RESOLVED
2026-01-06T02:00:14.904015+00:00,btc-updown-15m-1767664800,TRADE,DOWN,ACCUM,5,5,0.4800,2.4000,0,0.0000,5,0.4800,0,0.0000,0.0000,1.00,-2.4000,2.6000,0.0000,180.10,SUCCESS
2026-01-06T02:00:14.909962+00:00,btc-updown-15m-1767664800,TRADE,UP,ACCUM,5,5,0.4500,2.2500,5,0.4500,5,0.4800,5,0.9300,0.3500,0.00,0.3500,0.3500,0.0000,177.85,SUCCESS
2026-01-06T02:00:20.396776+00:00,btc-updown-15m-1767664800,TRADE,UP,ACCUM,5,5,0.4299,2.1496,10,0.4400,5,0.4800,5,0.9200,0.4002,0.50,-1.7996,3.2004,0.0000,175.70,SUCCESS
2026-01-06T02:00:25.899124+00:00,btc-updown-15m-1767664800,TRADE,DOWN,ACCUM,5,5,0.4900,2.4500,10,0.4400,10,0.4850,10,0.9250,0.7504,0.00,0.7504,0.7504,0.0000,173.25,SUCCESS
2026-01-06T02:00:31.397024+00:00,btc-updown-15m-1767664800,TRADE,UP,ACCUM,5,5,0.4500,2.2500,15,0.4433,10,0.4850,10,0.9283,0.7169,0.33,-1.4996,3.5004,0.0000,171.00,SUCCESS
2026-01-06T02:00:53.391407+00:00,btc-updown-15m-1767664800,TRADE,DOWN,ACCUM,5,5,0.5100,2.5500,15,0.4433,15,0.4933,15,0.9366,0.9504,0.00,0.9504,0.9504,0.0000,168.45,SUCCESS
2026-01-06T02:15:04.222244+00:00,btc-updown-15m-1767664800,RESOLUTION,DOWN,BINANCE_FALLBACK_SHARED,30,30,1.0000,14.0496,15,0.4433,15,0.4933,15,0.9366,0.9504,0.00,0.0000,0.0000,0.9504,183.45,RESOLVED
2026-01-06T02:15:19.535123+00:00,btc-updown-15m-1767665700,TRADE,DOWN,ACCUM,5,5,0.4700,2.3500,0,0.0000,5,0.4700,0,0.0000,0.0000,1.00,-2.3500,2.6500,0.0000,181.10,SUCCESS
2026-01-06T02:15:25.046186+00:00,btc-updown-15m-1767665700,TRADE,UP,ACCUM,5,1,0.4300,0.4300,1,0.4300,5,0.4700,1,0.9000,0.1000,0.80,-1.7800,2.2200,0.0000,180.67,SUCCESS
2026-01-06T02:15:36.059144+00:00,btc-updown-15m-1767665700,TRADE,UP,ACCUM,5,1,0.3900,0.3900,2,0.4100,5,0.4700,2,0.8800,0.2400,0.60,-1.1700,1.8300,0.0000,180.28,SUCCESS
2026-01-06T02:15:41.575281+00:00,btc-updown-15m-1767665700,TRADE,DOWN,ACCUM,5,5,0.5300,2.6500,2,0.4100,10,0.5000,2,0.9100,0.1800,0.80,-3.8200,4.1800,0.0000,177.63,SUCCESS
2026-01-06T02:15:58.090122+00:00,btc-updown-15m-1767665700,TRADE,UP,ACCUM,8,8,0.4200,3.3600,10,0.4180,10,0.5000,10,0.9180,0.8200,0.00,0.8200,0.8200,0.0000,174.27,SUCCESS
2026-01-06T02:16:03.580629+00:00,btc-updown-15m-1767665700,TRADE,DOWN,ACCUM,5,5,0.5000,2.5000,10,0.4180,15,0.5000,10,0.9180,0.8200,0.33,-1.6800,3.3200,0.0000,171.77,SUCCESS
2026-01-06T02:16:03.587761+00:00,btc-updown-15m-1767665700,TRADE,UP,ACCUM,5,5,0.4300,2.1500,15,0.4220,15,0.5000,15,0.9220,1.1700,0.00,1.1700,1.1700,0.0000,169.62,SUCCESS
2026-01-06T02:30:04.478872+00:00,btc-updown-15m-1767665700,RESOLUTION,DOWN,BINANCE_FALLBACK_SHARED,30,30,1.0000,13.8300,15,0.4220,15,0.5000,15,0.9220,1.1700,0.00,0.0000,0.0000,1.1700,184.62,RESOLVED
2026-01-06T02:30:17.283360+00:00,btc-updown-15m-1767666600,TRADE,DOWN,ACCUM,5,3,0.4300,1.2900,0,0.0000,3,0.4300,0,0.0000,0.0000,1.00,-1.2900,1.7100,0.0000,183.33,SUCCESS
2026-01-06T02:30:28.249668+00:00,btc-updown-15m-1767666600,TRADE,UP,ACCUM,5,5,0.4800,2.4000,5,0.4800,3,0.4300,3,0.9100,0.2700,0.40,-0.6900,1.3100,0.0000,180.93,SUCCESS
2026-01-06T02:30:44.699693+00:00,btc-updown-15m-1767666600,TRADE,UP,ACCUM,5,5,0.4800,2.4000,10,0.4800,3,0.4300,3,0.9100,0.2700,0.70,-3.0900,3.9100,0.0000,178.53,SUCCESS
2026-01-06T02:30:55.664735+00:00,btc-updown-15m-1767666600,TRADE,DOWN,ACCUM,7,2,0.3900,0.7800,10,0.4800,5,0.4140,5,0.8940,0.5300,0.50,-1.8700,3.1300,0.0000,177.75,SUCCESS
2026-01-06T02:31:01.196125+00:00,btc-updown-15m-1767666600,TRADE,DOWN,ACCUM,5,5,0.4400,2.2000,10,0.4800,10,0.4270,10,0.9070,0.9300,0.00,0.9300,0.9300,0.0000,175.55,SUCCESS
2026-01-06T02:31:06.684106+00:00,btc-updown-15m-1767666600,TRADE,DOWN,ACCUM,5,5,0.5400,2.7000,10,0.4800,15,0.4647,10,0.9447,0.5533,0.33,-1.7700,3.2300,0.0000,172.85,SUCCESS
2026-01-06T02:31:06.691554+00:00,btc-updown-15m-1767666600,TRADE,UP,ACCUM,5,4,0.3900,1.5600,14,0.4543,15,0.4647,14,0.9190,1.1347,0.07,0.6700,1.6700,0.0000,171.29,SUCCESS
2026-01-06T02:45:05.181675+00:00,btc-updown-15m-1767666600,RESOLUTION,DOWN,BINANCE_FALLBACK_SHARED,29,29,1.0000,13.3300,14,0.4543,15,0.4647,14,0.9190,1.1347,0.07,0.0000,0.0000,1.6700,186.29,RESOLVED
2026-01-06T02:45:23.527142+00:00,btc-updown-15m-1767667500,TRADE,DOWN,ACCUM,5,5,0.4300,2.1500,0,0.0000,5,0.4300,0,0.0000,0.0000,1.00,-2.1500,2.8500,0.0000,184.14,SUCCESS
2026-01-06T02:46:07.763009+00:00,btc-updown-15m-1767667500,TRADE,UP,ACCUM,5,5,0.4700,2.3500,5,0.4700,5,0.4300,5,0.9000,0.5000,0.00,0.5000,0.5000,0.0000,181.79,SUCCESS
2026-01-06T02:46:18.955671+00:00,btc-updown-15m-1767667500,TRADE,DOWN,ACCUM,5,5,0.4500,2.2500,5,0.4700,10,0.4400,5,0.9100,0.4500,0.50,-1.7500,3.2500,0.0000,179.54,SUCCESS
2026-01-06T02:46:24.464222+00:00,btc-updown-15m-1767667500,TRADE,UP,ACCUM,5,5,0.4700,2.3500,10,0.4700,10,0.4400,10,0.9100,0.9000,0.00,0.9000,0.9000,0.0000,177.19,SUCCESS
2026-01-06T02:46:29.957736+00:00,btc-updown-15m-1767667500,TRADE,UP,ACCUM,5,5,0.4800,2.4000,15,0.4733,10,0.4400,10,0.9133,0.8667,0.33,-1.5000,3.5000,0.0000,174.79,SUCCESS
2026-01-06T02:46:29.965259+00:00,btc-updown-15m-1767667500,TRADE,DOWN,ACCUM,5,5,0.4500,2.2500,15,0.4733,15,0.4433,15,0.9167,1.2500,0.00,1.2500,1.2500,0.0000,172.54,SUCCESS
2026-01-06T03:00:00.638433+00:00,btc-updown-15m-1767667500,RESOLUTION,UP,BINANCE_FALLBACK_SHARED,30,30,1.0000,13.7500,15,0.4733,15,0.4433,15,0.9167,1.2500,0.00,0.0000,0.0000,1.2500,187.54,RESOLVED
2026-01-06T03:00:13.611993+00:00,btc-updown-15m-1767668400,TRADE,DOWN,ACCUM,5,5,0.4300,2.1500,0,0.0000,5,0.4300,0,0.0000,0.0000,1.00,-2.1500,2.8500,0.0000,185.39,SUCCESS
2026-01-06T03:00:19.136888+00:00,btc-updown-15m-1767668400,TRADE,UP,ACCUM,5,5,0.4900,2.4500,5,0.4900,5,0.4300,5,0.9200,0.4000,0.00,0.4000,0.4000,0.0000,182.94,SUCCESS
2026-01-06T03:00:30.134666+00:00,btc-updown-15m-1767668400,TRADE,DOWN,ACCUM,5,1,0.4200,0.4200,5,0.4900,6,0.4283,5,0.9183,0.4083,0.17,-0.0200,0.9800,0.0000,182.52,SUCCESS
2026-01-06T03:00:35.627947+00:00,btc-updown-15m-1767668400,TRADE,DOWN,ACCUM,5,5,0.4300,2.1500,5,0.4900,11,0.4291,5,0.9191,0.4045,0.55,-2.1700,3.8300,0.0000,180.37,SUCCESS
2026-01-06T03:00:46.621207+00:00,btc-updown-15m-1767668400,TRADE,UP,ACCUM,6,6,0.5300,3.1800,11,0.5118,11,0.4291,11,0.9409,0.6500,0.00,0.6500,0.6500,0.0000,177.19,SUCCESS
2026-01-06T03:15:04.599018+00:00,btc-updown-15m-1767668400,RESOLUTION,UP,BINANCE_FALLBACK_SHARED,22,22,1.0000,10.3500,11,0.5118,11,0.4291,11,0.9409,0.6500,0.00,0.0000,0.0000,0.6500,188.19,RESOLVED
2026-01-06T03:15:29.052166+00:00,btc-updown-15m-1767669300,TRADE,UP,ACCUM,5,5,0.4600,2.3000,5,0.4600,0,0.0000,0,0.0000,0.0000,1.00,-2.3000,2.7000,0.0000,185.89,SUCCESS
2026-01-06T03:15:45.521924+00:00,btc-updown-15m-1767669300,TRADE,DOWN,ACCUM,5,5,0.3700,1.8500,5,0.4600,5,0.3700,5,0.8300,0.8500,0.00,0.8500,0.8500,0.0000,184.04,SUCCESS
2026-01-06T03:15:51.034999+00:00,btc-updown-15m-1767669300,TRADE,UP,ACCUM,5,5,0.6100,3.0500,10,0.5350,5,0.3700,5,0.9050,0.4750,0.50,-2.2000,2.8000,0.0000,180.99,SUCCESS
2026-01-06T03:15:51.044414+00:00,btc-updown-15m-1767669300,TRADE,DOWN,ACCUM,5,5,0.3100,1.5500,10,0.5350,10,0.3400,10,0.8750,1.2500,0.00,1.2500,1.2500,0.0000,179.44,SUCCESS
2026-01-06T03:15:56.545168+00:00,btc-updown-15m-1767669300,TRADE,UP,ACCUM,5,5,0.6400,3.2000,15,0.5700,10,0.3400,10,0.9100,0.9000,0.33,-1.9500,3.0500,0.0000,176.24,SUCCESS
2026-01-06T03:15:56.552546+00:00,btc-updown-15m-1767669300,TRADE,DOWN,ACCUM,5,5,0.2800,1.4000,15,0.5700,15,0.3200,15,0.8900,1.6500,0.00,1.6500,1.6500,0.0000,174.84,SUCCESS
2026-01-06T03:30:02.358070+00:00,btc-updown-15m-1767669300,RESOLUTION,UP,BINANCE_FALLBACK_SHARED,30,30,1.0000,13.3500,15,0.5700,15,0.3200,15,0.8900,1.6500,0.00,0.0000,0.0000,1.6500,189.84,RESOLVED
2026-01-06T03:30:15.569632+00:00,btc-updown-15m-1767670200,TRADE,DOWN,ACCUM,5,2,0.4300,0.8600,0,0.0000,2,0.4300,0,0.0000,0.0000,1.00,-0.8600,1.1400,0.0000,188.98,SUCCESS
2026-01-06T03:30:26.566082+00:00,btc-updown-15m-1767670200,TRADE,UP,ACCUM,5,5,0.4700,2.3500,5,0.4700,2,0.4300,2,0.9000,0.2000,0.60,-1.2100,1.7900,0.0000,186.63,SUCCESS
2026-01-06T03:30:32.177193+00:00,btc-updown-15m-1767670200,TRADE,UP,ACCUM,5,5,0.5100,2.5500,10,0.4900,2,0.4300,2,0.9200,0.1600,0.80,-3.7600,4.2400,0.0000,184.08,SUCCESS
2026-01-06T03:30:43.262913+00:00,btc-updown-15m-1767670200,TRADE,DOWN,ACCUM,8,3,0.4400,1.3200,10,0.4900,5,0.4360,5,0.9260,0.3700,0.50,-2.0800,2.9200,0.0000,182.76,SUCCESS
2026-01-06T03:30:54.273667+00:00,btc-updown-15m-1767670200,TRADE,DOWN,ACCUM,5,5,0.5100,2.5500,10,0.4900,10,0.4730,10,0.9630,0.3700,0.00,0.3700,0.3700,0.0000,180.21,SUCCESS
2026-01-06T03:31:05.369262+00:00,btc-updown-15m-1767670200,TRADE,DOWN,ACCUM,5,5,0.5200,2.6000,10,0.4900,15,0.4887,10,0.9787,0.2133,0.33,-2.2300,2.7700,0.0000,177.61,SUCCESS
2026-01-06T03:31:05.375750+00:00,btc-updown-15m-1767670200,TRADE,UP,ACCUM,5,5,0.4100,2.0500,15,0.4633,15,0.4887,15,0.9520,0.7200,0.00,0.7200,0.7200,0.0000,175.56,SUCCESS
2026-01-06T03:45:01.292937+00:00,btc-updown-15m-1767670200,RESOLUTION,DOWN,BINANCE_FALLBACK_SHARED,30,30,1.0000,14.2800,15,0.4633,15,0.4887,15,0.9520,0.7200,0.00,0.0000,0.0000,0.7200,190.56,RESOLVED
2026-01-06T03:45:14.472484+00:00,btc-updown-15m-1767671100,TRADE,DOWN,ACCUM,5,5,0.4400,2.2000,0,0.0000,5,0.4400,0,0.0000,0.0000,1.00,-2.2000,2.8000,0.0000,188.36,SUCCESS
2026-01-06T03:45:20.002142+00:00,btc-updown-15m-1767671100,TRADE,UP,ACCUM,5,4,0.5400,2.1600,4,0.5400,5,0.4400,4,0.9800,0.0800,0.20,-0.3600,0.6400,0.0000,186.20,SUCCESS
2026-01-06T03:45:25.605656+00:00,btc-updown-15m-1767671100,TRADE,DOWN,ACCUM,5,5,0.3300,1.6500,4,0.5400,10,0.3850,4,0.9250,0.3000,0.60,-2.0100,3.9900,0.0000,184.55,SUCCESS
2026-01-06T03:45:31.091979+00:00,btc-updown-15m-1767671100,TRADE,UP,ACCUM,6,6,0.6100,3.6600,10,0.5820,10,0.3850,10,0.9670,0.3300,0.00,0.3300,0.3300,0.0000,180.89,SUCCESS
2026-01-06T03:45:42.131083+00:00,btc-updown-15m-1767671100,TRADE,UP,ACCUM,5,5,0.6700,3.3500,15,0.6113,10,0.3850,10,0.9963,0.0367,0.33,-3.0200,1.9800,0.0000,177.54,SUCCESS
2026-01-06T03:45:42.137525+00:00,btc-updown-15m-1767671100,TRADE,DOWN,ACCUM,5,5,0.2800,1.4000,15,0.6113,15,0.3500,15,0.9613,0.5800,0.00,0.5800,0.5800,0.0000,176.14,SUCCESS
2026-01-06T04:00:02.940014+00:00,btc-updown-15m-1767671100,RESOLUTION,DOWN,BINANCE_FALLBACK_SHARED,30,30,1.0000,14.4200,15,0.6113,15,0.3500,15,0.9613,0.5800,0.00,0.0000,0.0000,0.5800,191.14,RESOLVED
2026-01-06T04:00:15.927599+00:00,btc-updown-15m-1767672000,TRADE,DOWN,ACCUM,5,5,0.5000,2.5000,0,0.0000,5,0.5000,0,0.0000,0.0000,1.00,-2.5000,2.5000,0.0000,188.64,SUCCESS
2026-01-06T04:00:15.934586+00:00,btc-updown-15m-1767672000,TRADE,UP,ACCUM,5,5,0.4300,2.1500,5,0.4300,5,0.5000,5,0.9300,0.3500,0.00,0.3500,0.3500,0.0000,186.49,SUCCESS
2026-01-06T04:00:21.426935+00:00,btc-updown-15m-1767672000,TRADE,DOWN,ACCUM,5,5,0.5100,2.5500,5,0.4300,10,0.5050,5,0.9350,0.3250,0.50,-2.2000,2.8000,0.0000,183.94,SUCCESS
2026-01-06T04:00:32.547306+00:00,btc-updown-15m-1767672000,TRADE,UP,ACCUM,5,5,0.4200,2.1000,10,0.4250,10,0.5050,10,0.9300,0.7000,0.00,0.7000,0.7000,0.0000,181.84,SUCCESS
2026-01-06T04:00:38.298067+00:00,btc-updown-15m-1767672000,TRADE,DOWN,ACCUM,5,5,0.5200,2.6000,10,0.4250,15,0.5100,10,0.9350,0.6500,0.33,-1.9000,3.1000,0.0000,179.24,SUCCESS
2026-01-06T04:00:38.306110+00:00,btc-updown-15m-1767672000,TRADE,UP,ACCUM,5,5,0.4100,2.0500,15,0.4200,15,0.5100,15,0.9300,1.0500,0.00,1.0500,1.0500,0.0000,177.19,SUCCESS
2026-01-06T04:15:04.160286+00:00,btc-updown-15m-1767672000,RESOLUTION,UP,BINANCE_FALLBACK_SHARED,30,30,1.0000,13.9500,15,0.4200,15,0.5100,15,0.9300,1.0500,0.00,0.0000,0.0000,1.0500,192.19,RESOLVED
2026-01-06T04:15:17.346968+00:00,btc-updown-15m-1767672900,TRADE,UP,ACCUM,5,5,0.5300,2.6500,5,0.5300,0,0.0000,0,0.0000,0.0000,1.00,-2.6500,2.3500,0.0000,189.54,SUCCESS
2026-01-06T04:15:17.352546+00:00,btc-updown-15m-1767672900,TRADE,DOWN,ACCUM,5,5,0.3900,1.9500,5,0.5300,5,0.3900,5,0.9200,0.4000,0.00,0.4000,0.4000,0.0000,187.59,SUCCESS
2026-01-06T04:15:22.857599+00:00,btc-updown-15m-1767672900,TRADE,DOWN,ACCUM,5,5,0.3900,1.9500,5,0.5300,10,0.3900,5,0.9200,0.4000,0.50,-1.5500,3.4500,0.0000,185.64,SUCCESS
2026-01-06T04:15:33.846904+00:00,btc-updown-15m-1767672900,TRADE,UP,ACCUM,5,5,0.5400,2.7000,10,0.5350,10,0.3900,10,0.9250,0.7500,0.00,0.7500,0.7500,0.0000,182.94,SUCCESS
2026-01-06T04:16:01.538388+00:00,btc-updown-15m-1767672900,TRADE,UP,ACCUM,5,5,0.5400,2.7000,15,0.5367,10,0.3900,10,0.9267,0.7333,0.33,-1.9500,3.0500,0.0000,180.24,SUCCESS
2026-01-06T04:16:01.545894+00:00,btc-updown-15m-1767672900,TRADE,DOWN,ACCUM,5,5,0.3900,1.9500,15,0.5367,15,0.3900,15,0.9267,1.1000,0.00,1.1000,1.1000,0.0000,178.29,SUCCESS
2026-01-06T04:30:02.355852+00:00,btc-updown-15m-1767672900,RESOLUTION,DOWN,BINANCE_FALLBACK_SHARED,30,30,1.0000,13.9000,15,0.5367,15,0.3900,15,0.9267,1.1000,0.00,0.0000,0.0000,1.1000,193.29,RESOLVED
2026-01-06T09:45:20.495434+00:00,btc-updown-15m-1767692700,TRADE,UP,ACCUM,5,5,0.3300,1.6500,5,0.3300,0,0.0000,0,0.0000,0.0000,1.00,-1.6500,3.3500,0.0000,168.35,SUCCESS
2026-01-06T09:45:37.037703+00:00,btc-updown-15m-1767692700,TRADE,DOWN,ACCUM,5,5,0.6000,3.0000,5,0.3300,5,0.6000,5,0.9300,0.3500,0.00,0.3500,0.3500,0.0000,165.35,SUCCESS
2026-01-06T09:45:42.612272+00:00,btc-updown-15m-1767692700,TRADE,UP,ACCUM,5,5,0.4300,2.1500,10,0.3800,5,0.6000,5,0.9800,0.1000,0.50,-1.8000,3.2000,0.0000,163.20,SUCCESS
2026-01-06T09:45:48.104878+00:00,btc-updown-15m-1767692700,TRADE,DOWN,ACCUM,5,5,0.4798,2.3991,10,0.3800,10,0.5399,10,0.9199,0.8009,0.00,0.8009,0.8009,0.0000,160.80,SUCCESS
2026-01-06T09:46:04.684589+00:00,btc-updown-15m-1767692700,TRADE,UP,ACCUM,5,5,0.4200,2.1000,15,0.3933,10,0.5399,10,0.9332,0.6675,0.33,-1.2991,3.7009,0.0000,158.70,SUCCESS
2026-01-06T09:46:26.844362+00:00,btc-updown-15m-1767692700,TRADE,DOWN,ACCUM,5,5,0.5100,2.5500,15,0.3933,15,0.5299,15,0.9233,1.1509,0.00,1.1509,1.1509,0.0000,156.15,SUCCESS
2026-01-06T10:00:02.619078+00:00,btc-updown-15m-1767692700,RESOLUTION,UP,BINANCE_FALLBACK_SHARED,30,30,1.0000,13.8491,15,0.3933,15,0.5299,15,0.9233,1.1509,0.00,0.0000,0.0000,1.1509,171.15,RESOLVED
2026-01-06T10:00:22.108039+00:00,btc-updown-15m-1767693600,TRADE,UP,ACCUM,5,5,0.4900,2.4500,5,0.4900,0,0.0000,0,0.0000,0.0000,1.00,-2.4500,2.5500,0.0000,168.70,SUCCESS
2026-01-06T10:00:38.764412+00:00,btc-updown-15m-1767693600,TRADE,DOWN,ACCUM,5,5,0.4100,2.0500,5,0.4900,5,0.4100,5,0.9000,0.5000,0.00,0.5000,0.5000,0.0000,166.65,SUCCESS
2026-01-06T10:00:49.770275+00:00,btc-updown-15m-1767693600,TRADE,UP,ACCUM,5,5,0.5100,2.5500,10,0.5000,5,0.4100,5,0.9100,0.4500,0.50,-2.0500,2.9500,0.0000,164.10,SUCCESS
2026-01-06T10:00:49.776768+00:00,btc-updown-15m-1767693600,TRADE,DOWN,ACCUM,5,5,0.4200,2.1000,10,0.5000,10,0.4150,10,0.9150,0.8500,0.00,0.8500,0.8500,0.0000,162.00,SUCCESS
2026-01-06T10:01:00.954301+00:00,btc-updown-15m-1767693600,TRADE,UP,ACCUM,5,5,0.4600,2.3000,15,0.4867,10,0.4150,10,0.9017,0.9833,0.33,-1.4500,3.5500,0.0000,159.70,SUCCESS
2026-01-06T10:01:12.006407+00:00,btc-updown-15m-1767693600,TRADE,DOWN,ACCUM,5,4,0.5000,2.0000,15,0.4867,14,0.4393,14,0.9260,1.0367,0.07,0.5500,1.5500,0.0000,157.70,SUCCESS
2026-01-06T10:15:05.587397+00:00,btc-updown-15m-1767693600,RESOLUTION,UP,BINANCE_FALLBACK_SHARED,29,29,1.0000,13.4500,15,0.4867,14,0.4393,14,0.9260,1.0367,0.07,0.0000,0.0000,1.5500,172.70,RESOLVED
2026-01-06T12:35:32.685387+00:00,btc-updown-15m-1767702600,TRADE,DOWN,ACCUM,5,5,0.6600,3.3000,0,0.0000,5,0.6600,0,0.0000,0.0000,1.00,-3.3000,1.7000,0.0000,166.70,SUCCESS
2026-01-06T12:35:38.219639+00:00,btc-updown-15m-1767702600,TRADE,UP,ACCUM,5,3,0.2899,0.8697,3,0.2899,5,0.6600,3,0.9499,0.1503,0.40,-1.1697,0.8303,0.0000,165.83,SUCCESS
2026-01-06T12:37:29.100155+00:00,btc-updown-15m-1767702600,TRADE,UP,ACCUM,5,5,0.2000,1.0000,8,0.2337,5,0.6600,5,0.8937,0.5315,0.38,-0.1697,2.8303,0.0000,164.83,SUCCESS
2026-01-06T12:38:44.002405+00:00,btc-updown-15m-1767702600,TRADE,DOWN,ACCUM,10,10,0.8200,8.2000,0,0.0000,10,0.8200,0,0.0000,0.0000,1.00,-8.2000,1.8000,0.0000,161.80,SUCCESS
2026-01-06T12:38:44.010328+00:00,btc-updown-15m-1767702600,TRADE,UP,ACCUM,10,10,0.1200,1.2000,10,0.1200,10,0.8200,10,0.9400,0.6000,0.00,0.6000,0.6000,0.0000,160.60,SUCCESS
2026-01-06T12:45:38.409059+00:00,btc-updown-15m-1767703500,TRADE,UP,ACCUM,5,5,0.5100,2.5500,5,0.5100,0,0.0000,0,0.0000,0.0000,1.00,-2.5500,2.4500,0.0000,167.45,SUCCESS
2026-01-06T12:45:38.416631+00:00,btc-updown-15m-1767703500,TRADE,DOWN,ACCUM,5,5,0.4200,2.1000,5,0.5100,5,0.4200,5,0.9300,0.3500,0.00,0.3500,0.3500,0.0000,165.35,SUCCESS
2026-01-06T12:46:28.305971+00:00,btc-updown-15m-1767703500,TRADE,UP,ACCUM,5,5,0.4400,2.2000,10,0.4750,5,0.4200,5,0.8950,0.5250,0.50,-1.8500,3.1500,0.0000,163.15,SUCCESS
2026-01-06T12:46:33.896879+00:00,btc-updown-15m-1767703500,TRADE,DOWN,ACCUM,5,5,0.4600,2.3000,10,0.4750,10,0.4400,10,0.9150,0.8500,0.00,0.8500,0.8500,0.0000,160.85,SUCCESS
2026-01-06T12:46:39.416596+00:00,btc-updown-15m-1767703500,TRADE,DOWN,ACCUM,5,5,0.4500,2.2500,10,0.4750,15,0.4433,10,0.9183,0.8167,0.33,-1.4000,3.6000,0.0000,158.60,SUCCESS
2026-01-06T12:46:50.548468+00:00,btc-updown-15m-1767703500,TRADE,UP,ACCUM,5,5,0.4700,2.3500,15,0.4733,15,0.4433,15,0.9167,1.2500,0.00,1.2500,1.2500,0.0000,156.25,SUCCESS
2026-01-06T13:00:25.438676+00:00,btc-updown-15m-1767704400,TRADE,DOWN,ACCUM,5,5,0.5800,2.9000,0,0.0000,5,0.5800,0,0.0000,0.0000,1.00,-2.9000,2.1000,0.0000,167.10,SUCCESS
2026-01-06T13:00:31.051369+00:00,btc-updown-15m-1767704400,TRADE,UP,ACCUM,5,5,0.3500,1.7500,5,0.3500,5,0.5800,5,0.9300,0.3500,0.00,0.3500,0.3500,0.0000,165.35,SUCCESS
2026-01-06T13:00:42.218495+00:00,btc-updown-15m-1767704400,TRADE,DOWN,ACCUM,5,5,0.5300,2.6500,5,0.3500,10,0.5550,5,0.9050,0.4750,0.50,-2.3000,2.7000,0.0000,162.70,SUCCESS
2026-01-06T13:00:53.424305+00:00,btc-updown-15m-1767704400,TRADE,UP,ACCUM,5,5,0.3700,1.8500,10,0.3600,10,0.5550,10,0.9150,0.8500,0.00,0.8500,0.8500,0.0000,160.85,SUCCESS
2026-01-06T13:01:15.846214+00:00,btc-updown-15m-1767704400,TRADE,UP,ACCUM,5,5,0.4800,2.4000,15,0.4000,10,0.5550,10,0.9550,0.4500,0.33,-1.5500,3.4500,0.0000,158.45,SUCCESS
2026-01-06T13:01:21.473137+00:00,btc-updown-15m-1767704400,TRADE,DOWN,ACCUM,5,5,0.5800,2.9000,15,0.4000,15,0.5633,15,0.9633,0.5500,0.00,0.5500,0.5500,0.0000,155.55,SUCCESS
2026-01-06T13:15:03.442821+00:00,btc-updown-15m-1767704400,RESOLUTION,DOWN,BINANCE_FALLBACK_SHARED,30,30,1.0000,14.4500,15,0.4000,15,0.5633,15,0.9633,0.5500,0.00,0.0000,0.0000,0.5500,170.55,RESOLVED
2026-01-06T13:45:22.180637+00:00,btc-updown-15m-1767707100,TRADE,DOWN,ACCUM,5,0,0.4800,0.0000,0,0.0000,0,0.0000,0,0.0000,0.0000,0.00,0.0000,0.0000,0.0000,170.00,SUCCESS
2026-01-06T13:45:22.184828+00:00,btc-updown-15m-1767707100,TRADE,UP,ACCUM,5,0,0.4500,0.0000,0,0.0000,0,0.0000,0,0.0000,0.0000,0.00,0.0000,0.0000,0.0000,170.00,SUCCESS
2026-01-06T13:45:33.280434+00:00,btc-updown-15m-1767707100,TRADE,DOWN,ACCUM,5,0,0.4700,0.0000,0,0.0000,0,0.0000,0,0.0000,0.0000,0.00,0.0000,0.0000,0.0000,170.00,SUCCESS
2026-01-06T13:45:33.283261+00:00,btc-updown-15m-1767707100,TRADE,UP,ACCUM,5,0,0.4600,0.0000,0,0.0000,0,0.0000,0,0.0000,0.0000,0.00,0.0000,0.0000,0.0000,170.00,SUCCESS
2026-01-06T13:45:44.563851+00:00,btc-updown-15m-1767707100,TRADE,DOWN,ACCUM,5,0,0.4900,0.0000,0,0.0000,0,0.0000,0,0.0000,0.0000,0.00,0.0000,0.0000,0.0000,170.00,SUCCESS
2026-01-06T13:45:44.567012+00:00,btc-updown-15m-1767707100,TRADE,UP,ACCUM,5,0,0.4200,0.0000,0,0.0000,0,0.0000,0,0.0000,0.0000,0.00,0.0000,0.0000,0.0000,170.00,SUCCESS
2026-01-06T13:45:55.784480+00:00,btc-updown-15m-1767707100,TRADE,DOWN,ACCUM,5,0,0.4900,0.0000,0,0.0000,0,0.0000,0,0.0000,0.0000,0.00,0.0000,0.0000,0.0000,170.00,SUCCESS
2026-01-06T13:45:55.788801+00:00,btc-updown-15m-1767707100,TRADE,UP,ACCUM,5,0,0.4400,0.0000,0,0.0000,0,0.0000,0,0.0000,0.0000,0.00,0.0000,0.0000,0.0000,170.00,SUCCESS
2026-01-06T13:46:06.925760+00:00,btc-updown-15m-1767707100,TRADE,DOWN,ACCUM,5,0,0.4900,0.0000,0,0.0000,0,0.0000,0,0.0000,0.0000,0.00,0.0000,0.0000,0.0000,170.00,SUCCESS
2026-01-06T13:46:06.929110+00:00,btc-updown-15m-1767707100,TRADE,UP,ACCUM,5,0,0.4400,0.0000,0,0.0000,0,0.0000,0,0.0000,0.0000,0.00,0.0000,0.0000,0.0000,170.00,SUCCESS
2026-01-06T13:46:18.044367+00:00,btc-updown-15m-1767707100,TRADE,DOWN,ACCUM,5,0,0.5100,0.0000,0,0.0000,0,0.0000,0,0.0000,0.0000,0.00,0.0000,0.0000,0.0000,170.00,SUCCESS
2026-01-06T13:46:18.048083+00:00,btc-updown-15m-1767707100,TRADE,UP,ACCUM,5,0,0.4200,0.0000,0,0.0000,0,0.0000,0,0.0000,0.0000,0.00,0.0000,0.0000,0.0000,170.00,SUCCESS
2026-01-06T13:46:29.136575+00:00,btc-updown-15m-1767707100,TRADE,DOWN,ACCUM,5,0,0.5600,0.0000,0,0.0000,0,0.0000,0,0.0000,0.0000,0.00,0.0000,0.0000,0.0000,170.00,SUCCESS
2026-01-06T13:46:29.140780+00:00,btc-updown-15m-1767707100,TRADE,UP,ACCUM,5,0,0.3800,0.0000,0,0.0000,0,0.0000,0,0.0000,0.0000,0.00,0.0000,0.0000,0.0000,170.00,SUCCESS
2026-01-06T13:46:45.794069+00:00,btc-updown-15m-1767707100,TRADE,DOWN,ACCUM,5,0,0.6200,0.0000,0,0.0000,0,0.0000,0,0.0000,0.0000,0.00,0.0000,0.0000,0.0000,170.00,SUCCESS
2026-01-06T13:46:45.799394+00:00,btc-updown-15m-1767707100,TRADE,UP,ACCUM,5,0,0.3100,0.0000,0,0.0000,0,0.0000,0,0.0000,0.0000,0.00,0.0000,0.0000,0.0000,170.00,SUCCESS
2026-01-06T13:47:02.682144+00:00,btc-updown-15m-1767707100,TRADE,DOWN,ACCUM,5,0,0.6400,0.0000,0,0.0000,0,0.0000,0,0.0000,0.0000,0.00,0.0000,0.0000,0.0000,170.00,SUCCESS
2026-01-06T13:47:02.687618+00:00,btc-updown-15m-1767707100,TRADE,UP,ACCUM,5,0,0.2900,0.0000,0,0.0000,0,0.0000,0,0.0000,0.0000,0.00,0.0000,0.0000,0.0000,170.00,SUCCESS
2026-01-06T13:47:14.045032+00:00,btc-updown-15m-1767707100,TRADE,DOWN,ACCUM,5,0,0.5500,0.0000,0,0.0000,0,0.0000,0,0.0000,0.0000,0.00,0.0000,0.0000,0.0000,170.00,SUCCESS
2026-01-06T13:47:14.048216+00:00,btc-updown-15m-1767707100,TRADE,UP,ACCUM,5,0,0.3800,0.0000,0,0.0000,0,0.0000,0,0.0000,0.0000,0.00,0.0000,0.0000,0.0000,170.00,SUCCESS
2026-01-06T13:47:25.317911+00:00,btc-updown-15m-1767707100,TRADE,DOWN,ACCUM,5,0,0.5200,0.0000,0,0.0000,0,0.0000,0,0.0000,0.0000,0.00,0.0000,0.0000,0.0000,170.00,SUCCESS
2026-01-06T13:47:25.321361+00:00,btc-updown-15m-1767707100,TRADE,UP,ACCUM,5,0,0.4100,0.0000,0,0.0000,0,0.0000,0,0.0000,0.0000,0.00,0.0000,0.0000,0.0000,170.00,SUCCESS
2026-01-06T13:47:36.654470+00:00,btc-updown-15m-1767707100,TRADE,DOWN,ACCUM,5,0,0.5300,0.0000,0,0.0000,0,0.0000,0,0.0000,0.0000,0.00,0.0000,0.0000,0.0000,170.00,SUCCESS
2026-01-06T13:47:36.658775+00:00,btc-updown-15m-1767707100,TRADE,UP,ACCUM,5,0,0.4100,0.0000,0,0.0000,0,0.0000,0,0.0000,0.0000,0.00,0.0000,0.0000,0.0000,170.00,SUCCESS
2026-01-06T13:47:47.850520+00:00,btc-updown-15m-1767707100,TRADE,DOWN,ACCUM,5,0,0.5400,0.0000,0,0.0000,0,0.0000,0,0.0000,0.0000,0.00,0.0000,0.0000,0.0000,170.00,SUCCESS
2026-01-06T13:47:47.853228+00:00,btc-updown-15m-1767707100,TRADE,UP,ACCUM,5,0,0.3800,0.0000,0,0.0000,0,0.0000,0,0.0000,0.0000,0.00,0.0000,0.0000,0.0000,170.00,SUCCESS
2026-01-06T13:47:59.149177+00:00,btc-updown-15m-1767707100,TRADE,DOWN,ACCUM,5,0,0.5500,0.0000,0,0.0000,0,0.0000,0,0.0000,0.0000,0.00,0.0000,0.0000,0.0000,170.00,SUCCESS
2026-01-06T13:47:59.152010+00:00,btc-updown-15m-1767707100,TRADE,UP,ACCUM,5,0,0.3800,0.0000,0,0.0000,0,0.0000,0,0.0000,0.0000,0.00,0.0000,0.0000,0.0000,170.00,SUCCESS
2026-01-06T13:48:10.680845+00:00,btc-updown-15m-1767707100,TRADE,DOWN,ACCUM,5,0,0.5400,0.0000,0,0.0000,0,0.0000,0,0.0000,0.0000,0.00,0.0000,0.0000,0.0000,170.00,SUCCESS
2026-01-06T13:48:10.685542+00:00,btc-updown-15m-1767707100,TRADE,UP,ACCUM,5,0,0.3900,0.0000,0,0.0000,0,0.0000,0,0.0000,0.0000,0.00,0.0000,0.0000,0.0000,170.00,SUCCESS
2026-01-06T13:48:22.182859+00:00,btc-updown-15m-1767707100,TRADE,DOWN,ACCUM,5,0,0.6100,0.0000,0,0.0000,0,0.0000,0,0.0000,0.0000,0.00,0.0000,0.0000,0.0000,170.00,SUCCESS
2026-01-06T13:48:22.188179+00:00,btc-updown-15m-1767707100,TRADE,UP,ACCUM,5,0,0.3200,0.0000,0,0.0000,0,0.0000,0,0.0000,0.0000,0.00,0.0000,0.0000,0.0000,170.00,SUCCESS
2026-01-06T13:48:33.283494+00:00,btc-updown-15m-1767707100,TRADE,DOWN,ACCUM,5,0,0.6200,0.0000,0,0.0000,0,0.0000,0,0.0000,0.0000,0.00,0.0000,0.0000,0.0000,170.00,SUCCESS
2026-01-06T13:48:33.288497+00:00,btc-updown-15m-1767707100,TRADE,UP,ACCUM,5,0,0.3100,0.0000,0,0.0000,0,0.0000,0,0.0000,0.0000,0.00,0.0000,0.0000,0.0000,170.00,SUCCESS
2026-01-06T13:48:44.576593+00:00,btc-updown-15m-1767707100,TRADE,DOWN,ACCUM,5,0,0.6200,0.0000,0,0.0000,0,0.0000,0,0.0000,0.0000,0.00,0.0000,0.0000,0.0000,170.00,SUCCESS
2026-01-06T13:48:44.581538+00:00,btc-updown-15m-1767707100,TRADE,UP,ACCUM,5,0,0.3100,0.0000,0,0.0000,0,0.0000,0,0.0000,0.0000,0.00,0.0000,0.0000,0.0000,170.00,SUCCESS
2026-01-06T13:48:55.592038+00:00,btc-updown-15m-1767707100,TRADE,DOWN,ACCUM,5,0,0.5900,0.0000,0,0.0000,0,0.0000,0,0.0000,0.0000,0.00,0.0000,0.0000,0.0000,170.00,SUCCESS
2026-01-06T13:48:55.596894+00:00,btc-updown-15m-1767707100,TRADE,UP,ACCUM,5,0,0.3400,0.0000,0,0.0000,0,0.0000,0,0.0000,0.0000,0.00,0.0000,0.0000,0.0000,170.00,SUCCESS
2026-01-06T13:49:06.811161+00:00,btc-updown-15m-1767707100,TRADE,DOWN,ACCUM,5,0,0.6000,0.0000,0,0.0000,0,0.0000,0,0.0000,0.0000,0.00,0.0000,0.0000,0.0000,170.00,SUCCESS
2026-01-06T13:49:06.814266+00:00,btc-updown-15m-1767707100,TRADE,UP,ACCUM,5,0,0.3200,0.0000,0,0.0000,0,0.0000,0,0.0000,0.0000,0.00,0.0000,0.0000,0.0000,170.00,SUCCESS
2026-01-06T13:49:18.221952+00:00,btc-updown-15m-1767707100,TRADE,DOWN,ACCUM,5,0,0.5800,0.0000,0,0.0000,0,0.0000,0,0.0000,0.0000,0.00,0.0000,0.0000,0.0000,170.00,SUCCESS
2026-01-06T13:49:18.227077+00:00,btc-updown-15m-1767707100,TRADE,UP,ACCUM,5,0,0.3500,0.0000,0,0.0000,0,0.0000,0,0.0000,0.0000,0.00,0.0000,0.0000,0.0000,170.00,SUCCESS
2026-01-06T13:49:29.477273+00:00,btc-updown-15m-1767707100,TRADE,DOWN,ACCUM,5,0,0.5900,0.0000,0,0.0000,0,0.0000,0,0.0000,0.0000,0.00,0.0000,0.0000,0.0000,170.00,SUCCESS
2026-01-06T13:49:29.479953+00:00,btc-updown-15m-1767707100,TRADE,UP,ACCUM,5,0,0.3400,0.0000,0,0.0000,0,0.0000,0,0.0000,0.0000,0.00,0.0000,0.0000,0.0000,170.00,SUCCESS
2026-01-06T13:49:40.677923+00:00,btc-updown-15m-1767707100,TRADE,DOWN,ACCUM,5,0,0.5700,0.0000,0,0.0000,0,0.0000,0,0.0000,0.0000,0.00,0.0000,0.0000,0.0000,170.00,SUCCESS
2026-01-06T13:49:40.680497+00:00,btc-updown-15m-1767707100,TRADE,UP,ACCUM,5,0,0.3600,0.0000,0,0.0000,0,0.0000,0,0.0000,0.0000,0.00,0.0000,0.0000,0.0000,170.00,SUCCESS
2026-01-06T13:49:51.882339+00:00,btc-updown-15m-1767707100,TRADE,DOWN,ACCUM,5,0,0.5200,0.0000,0,0.0000,0,0.0000,0,0.0000,0.0000,0.00,0.0000,0.0000,0.0000,170.00,SUCCESS
2026-01-06T13:49:51.887725+00:00,btc-updown-15m-1767707100,TRADE,UP,ACCUM,5,0,0.3800,0.0000,0,0.0000,0,0.0000,0,0.0000,0.0000,0.00,0.0000,0.0000,0.0000,170.00,SUCCESS
2026-01-06T13:50:03.013425+00:00,btc-updown-15m-1767707100,TRADE,DOWN,ACCUM,5,0,0.5200,0.0000,0,0.0000,0,0.0000,0,0.0000,0.0000,0.00,0.0000,0.0000,0.0000,170.00,SUCCESS
2026-01-06T13:50:03.016787+00:00,btc-updown-15m-1767707100,TRADE,UP,ACCUM,5,0,0.4300,0.0000,0,0.0000,0,0.0000,0,0.0000,0.0000,0.00,0.0000,0.0000,0.0000,170.00,SUCCESS
2026-01-06T13:50:14.333307+00:00,btc-updown-15m-1767707100,TRADE,DOWN,ACCUM,5,0,0.5100,0.0000,0,0.0000,0,0.0000,0,0.0000,0.0000,0.00,0.0000,0.0000,0.0000,170.00,SUCCESS
2026-01-06T13:50:14.336149+00:00,btc-updown-15m-1767707100,TRADE,UP,ACCUM,5,0,0.4400,0.0000,0,0.0000,0,0.0000,0,0.0000,0.0000,0.00,0.0000,0.0000,0.0000,170.00,SUCCESS
2026-01-06T13:50:25.830895+00:00,btc-updown-15m-1767707100,TRADE,DOWN,ACCUM,5,0,0.5600,0.0000,0,0.0000,0,0.0000,0,0.0000,0.0000,0.00,0.0000,0.0000,0.0000,170.00,SUCCESS
2026-01-06T13:50:25.834479+00:00,btc-updown-15m-1767707100,TRADE,UP,ACCUM,5,0,0.3900,0.0000,0,0.0000,0,0.0000,0,0.0000,0.0000,0.00,0.0000,0.0000,0.0000,170.00,SUCCESS
2026-01-06T13:50:37.195971+00:00,btc-updown-15m-1767707100,TRADE,DOWN,ACCUM,5,0,0.6200,0.0000,0,0.0000,0,0.0000,0,0.0000,0.0000,0.00,0.0000,0.0000,0.0000,170.00,SUCCESS
2026-01-06T13:50:37.200393+00:00,btc-updown-15m-1767707100,TRADE,UP,ACCUM,5,0,0.3300,0.0000,0,0.0000,0,0.0000,0,0.0000,0.0000,0.00,0.0000,0.0000,0.0000,170.00,SUCCESS
2026-01-06T13:50:48.574257+00:00,btc-updown-15m-1767707100,TRADE,DOWN,ACCUM,5,0,0.6200,0.0000,0,0.0000,0,0.0000,0,0.0000,0.0000,0.00,0.0000,0.0000,0.0000,170.00,SUCCESS
2026-01-06T13:50:48.578960+00:00,btc-updown-15m-1767707100,TRADE,UP,ACCUM,5,0,0.3300,0.0000,0,0.0000,0,0.0000,0,0.0000,0.0000,0.00,0.0000,0.0000,0.0000,170.00,SUCCESS
2026-01-06T13:50:59.905160+00:00,btc-updown-15m-1767707100,TRADE,DOWN,ACCUM,5,0,0.5200,0.0000,0,0.0000,0,0.0000,0,0.0000,0.0000,0.00,0.0000,0.0000,0.0000,170.00,SUCCESS
2026-01-06T13:50:59.909620+00:00,btc-updown-15m-1767707100,TRADE,UP,ACCUM,5,0,0.4200,0.0000,0,0.0000,0,0.0000,0,0.0000,0.0000,0.00,0.0000,0.0000,0.0000,170.00,SUCCESS
2026-01-06T13:51:11.059469+00:00,btc-updown-15m-1767707100,TRADE,DOWN,ACCUM,5,0,0.6700,0.0000,0,0.0000,0,0.0000,0,0.0000,0.0000,0.00,0.0000,0.0000,0.0000,170.00,SUCCESS
2026-01-06T13:51:11.062547+00:00,btc-updown-15m-1767707100,TRADE,UP,ACCUM,5,0,0.2800,0.0000,0,0.0000,0,0.0000,0,0.0000,0.0000,0.00,0.0000,0.0000,0.0000,170.00,SUCCESS
2026-01-06T13:51:22.297461+00:00,btc-updown-15m-1767707100,TRADE,DOWN,ACCUM,5,0,0.6100,0.0000,0,0.0000,0,0.0000,0,0.0000,0.0000,0.00,0.0000,0.0000,0.0000,170.00,SUCCESS
2026-01-06T13:51:22.301623+00:00,btc-updown-15m-1767707100,TRADE,UP,ACCUM,5,0,0.3300,0.0000,0,0.0000,0,0.0000,0,0.0000,0.0000,0.00,0.0000,0.0000,0.0000,170.00,SUCCESS
2026-01-06T13:51:39.390756+00:00,btc-updown-15m-1767707100,TRADE,DOWN,ACCUM,5,0,0.7300,0.0000,0,0.0000,0,0.0000,0,0.0000,0.0000,0.00,0.0000,0.0000,0.0000,170.00,SUCCESS
2026-01-06T13:51:39.396816+00:00,btc-updown-15m-1767707100,TRADE,UP,ACCUM,5,0,0.2200,0.0000,0,0.0000,0,0.0000,0,0.0000,0.0000,0.00,0.0000,0.0000,0.0000,170.00,SUCCESS
2026-01-06T13:51:50.498507+00:00,btc-updown-15m-1767707100,TRADE,DOWN,ACCUM,5,0,0.7600,0.0000,0,0.0000,0,0.0000,0,0.0000,0.0000,0.00,0.0000,0.0000,0.0000,170.00,SUCCESS
2026-01-06T13:51:50.500877+00:00,btc-updown-15m-1767707100,TRADE,UP,ACCUM,6,0,0.1900,0.0000,0,0.0000,0,0.0000,0,0.0000,0.0000,0.00,0.0000,0.0000,0.0000,170.00,SUCCESS
2026-01-06T13:52:01.620246+00:00,btc-updown-15m-1767707100,TRADE,DOWN,ACCUM,5,0,0.7000,0.0000,0,0.0000,0,0.0000,0,0.0000,0.0000,0.00,0.0000,0.0000,0.0000,170.00,SUCCESS
2026-01-06T13:52:01.622395+00:00,btc-updown-15m-1767707100,TRADE,UP,ACCUM,5,0,0.2500,0.0000,0,0.0000,0,0.0000,0,0.0000,0.0000,0.00,0.0000,0.0000,0.0000,170.00,SUCCESS
2026-01-06T13:52:12.781882+00:00,btc-updown-15m-1767707100,TRADE,DOWN,ACCUM,5,0,0.6600,0.0000,0,0.0000,0,0.0000,0,0.0000,0.0000,0.00,0.0000,0.0000,0.0000,170.00,SUCCESS
2026-01-06T13:52:12.787390+00:00,btc-updown-15m-1767707100,TRADE,UP,ACCUM,5,0,0.2900,0.0000,0,0.0000,0,0.0000,0,0.0000,0.0000,0.00,0.0000,0.0000,0.0000,170.00,SUCCESS
2026-01-06T13:52:24.162014+00:00,btc-updown-15m-1767707100,TRADE,DOWN,ACCUM,5,0,0.6800,0.0000,0,0.0000,0,0.0000,0,0.0000,0.0000,0.00,0.0000,0.0000,0.0000,170.00,SUCCESS
2026-01-06T13:52:24.165436+00:00,btc-updown-15m-1767707100,TRADE,UP,ACCUM,5,0,0.2600,0.0000,0,0.0000,0,0.0000,0,0.0000,0.0000,0.00,0.0000,0.0000,0.0000,170.00,SUCCESS
2026-01-06T13:52:35.450015+00:00,btc-updown-15m-1767707100,TRADE,DOWN,ACCUM,10,0,0.6700,0.0000,0,0.0000,0,0.0000,0,0.0000,0.0000,0.00,0.0000,0.0000,0.0000,170.00,SUCCESS
2026-01-06T13:52:35.455266+00:00,btc-updown-15m-1767707100,TRADE,UP,ACCUM,10,0,0.2700,0.0000,0,0.0000,0,0.0000,0,0.0000,0.0000,0.00,0.0000,0.0000,0.0000,170.00,SUCCESS
2026-01-06T13:52:46.789536+00:00,btc-updown-15m-1767707100,TRADE,DOWN,ACCUM,10,0,0.6900,0.0000,0,0.0000,0,0.0000,0,0.0000,0.0000,0.00,0.0000,0.0000,0.0000,170.00,SUCCESS
2026-01-06T13:52:46.794894+00:00,btc-updown-15m-1767707100,TRADE,UP,ACCUM,10,0,0.2600,0.0000,0,0.0000,0,0.0000,0,0.0000,0.0000,0.00,0.0000,0.0000,0.0000,170.00,SUCCESS
2026-01-06T13:52:58.206620+00:00,btc-updown-15m-1767707100,TRADE,DOWN,ACCUM,10,0,0.6900,0.0000,0,0.0000,0,0.0000,0,0.0000,0.0000,0.00,0.0000,0.0000,0.0000,170.00,SUCCESS
2026-01-06T13:52:58.212784+00:00,btc-updown-15m-1767707100,TRADE,UP,ACCUM,10,0,0.2600,0.0000,0,0.0000,0,0.0000,0,0.0000,0.0000,0.00,0.0000,0.0000,0.0000,170.00,SUCCESS
2026-01-06T13:53:09.353881+00:00,btc-updown-15m-1767707100,TRADE,DOWN,ACCUM,10,0,0.6600,0.0000,0,0.0000,0,0.0000,0,0.0000,0.0000,0.00,0.0000,0.0000,0.0000,170.00,SUCCESS
2026-01-06T13:53:09.359559+00:00,btc-updown-15m-1767707100,TRADE,UP,ACCUM,10,0,0.2900,0.0000,0,0.0000,0,0.0000,0,0.0000,0.0000,0.00,0.0000,0.0000,0.0000,170.00,SUCCESS
2026-01-06T13:53:20.735787+00:00,btc-updown-15m-1767707100,TRADE,DOWN,ACCUM,10,0,0.7600,0.0000,0,0.0000,0,0.0000,0,0.0000,0.0000,0.00,0.0000,0.0000,0.0000,170.00,SUCCESS
2026-01-06T13:53:20.739690+00:00,btc-updown-15m-1767707100,TRADE,UP,ACCUM,10,0,0.1900,0.0000,0,0.0000,0,0.0000,0,0.0000,0.0000,0.00,0.0000,0.0000,0.0000,170.00,SUCCESS
2026-01-06T13:53:32.089912+00:00,btc-updown-15m-1767707100,TRADE,DOWN,ACCUM,10,0,0.6100,0.0000,0,0.0000,0,0.0000,0,0.0000,0.0000,0.00,0.0000,0.0000,0.0000,170.00,SUCCESS
2026-01-06T13:53:32.094451+00:00,btc-updown-15m-1767707100,TRADE,UP,ACCUM,10,0,0.3300,0.0000,0,0.0000,0,0.0000,0,0.0000,0.0000,0.00,0.0000,0.0000,0.0000,170.00,SUCCESS
2026-01-06T13:53:43.370922+00:00,btc-updown-15m-1767707100,TRADE,DOWN,ACCUM,10,0,0.7100,0.0000,0,0.0000,0,0.0000,0,0.0000,0.0000,0.00,0.0000,0.0000,0.0000,170.00,SUCCESS
2026-01-06T13:53:43.373742+00:00,btc-updown-15m-1767707100,TRADE,UP,ACCUM,10,0,0.2400,0.0000,0,0.0000,0,0.0000,0,0.0000,0.0000,0.00,0.0000,0.0000,0.0000,170.00,SUCCESS
2026-01-06T13:53:54.721295+00:00,btc-updown-15m-1767707100,TRADE,DOWN,ACCUM,10,0,0.7400,0.0000,0,0.0000,0,0.0000,0,0.0000,0.0000,0.00,0.0000,0.0000,0.0000,170.00,SUCCESS
2026-01-06T13:53:54.727386+00:00,btc-updown-15m-1767707100,TRADE,UP,ACCUM,10,0,0.2100,0.0000,0,0.0000,0,0.0000,0,0.0000,0.0000,0.00,0.0000,0.0000,0.0000,170.00,SUCCESS
2026-01-06T13:54:05.909905+00:00,btc-updown-15m-1767707100,TRADE,DOWN,ACCUM,10,0,0.6800,0.0000,0,0.0000,0,0.0000,0,0.0000,0.0000,0.00,0.0000,0.0000,0.0000,170.00,SUCCESS
2026-01-06T13:54:05.915492+00:00,btc-updown-15m-1767707100,TRADE,UP,ACCUM,10,0,0.2700,0.0000,0,0.0000,0,0.0000,0,0.0000,0.0000,0.00,0.0000,0.0000,0.0000,170.00,SUCCESS
2026-01-06T13:54:17.184476+00:00,btc-updown-15m-1767707100,TRADE,DOWN,ACCUM,10,0,0.6300,0.0000,0,0.0000,0,0.0000,0,0.0000,0.0000,0.00,0.0000,0.0000,0.0000,170.00,SUCCESS
2026-01-06T13:54:17.187792+00:00,btc-updown-15m-1767707100,TRADE,UP,ACCUM,10,0,0.3200,0.0000,0,0.0000,0,0.0000,0,0.0000,0.0000,0.00,0.0000,0.0000,0.0000,170.00,SUCCESS
2026-01-06T13:54:28.269762+00:00,btc-updown-15m-1767707100,TRADE,DOWN,ACCUM,10,0,0.6000,0.0000,0,0.0000,0,0.0000,0,0.0000,0.0000,0.00,0.0000,0.0000,0.0000,170.00,SUCCESS
2026-01-06T13:54:28.274584+00:00,btc-updown-15m-1767707100,TRADE,UP,ACCUM,10,0,0.3500,0.0000,0,0.0000,0,0.0000,0,0.0000,0.0000,0.00,0.0000,0.0000,0.0000,170.00,SUCCESS
2026-01-06T13:54:39.523617+00:00,btc-updown-15m-1767707100,TRADE,DOWN,ACCUM,10,0,0.5400,0.0000,0,0.0000,0,0.0000,0,0.0000,0.0000,0.00,0.0000,0.0000,0.0000,170.00,SUCCESS
2026-01-06T13:54:39.528583+00:00,btc-updown-15m-1767707100,TRADE,UP,ACCUM,10,0,0.4100,0.0000,0,0.0000,0,0.0000,0,0.0000,0.0000,0.00,0.0000,0.0000,0.0000,170.00,SUCCESS
2026-01-06T13:54:50.668159+00:00,btc-updown-15m-1767707100,TRADE,DOWN,ACCUM,10,0,0.5600,0.0000,0,0.0000,0,0.0000,0,0.0000,0.0000,0.00,0.0000,0.0000,0.0000,170.00,SUCCESS
2026-01-06T13:54:50.671732+00:00,btc-updown-15m-1767707100,TRADE,UP,ACCUM,10,0,0.3800,0.0000,0,0.0000,0,0.0000,0,0.0000,0.0000,0.00,0.0000,0.0000,0.0000,170.00,SUCCESS
2026-01-06T13:56:04.094797+00:00,btc-updown-15m-1767707100,TRADE,DOWN,ACCUM,10,0,0.5100,0.0000,0,0.0000,0,0.0000,0,0.0000,0.0000,0.00,0.0000,0.0000,0.0000,170.00,SUCCESS
2026-01-06T13:56:04.098546+00:00,btc-updown-15m-1767707100,TRADE,UP,ACCUM,10,0,0.4500,0.0000,0,0.0000,0,0.0000,0,0.0000,0.0000,0.00,0.0000,0.0000,0.0000,170.00,SUCCESS
2026-01-06T13:56:15.171150+00:00,btc-updown-15m-1767707100,TRADE,UP,ACCUM,10,0,0.5700,0.0000,0,0.0000,0,0.0000,0,0.0000,0.0000,0.00,0.0000,0.0000,0.0000,170.00,SUCCESS
2026-01-06T13:56:15.175203+00:00,btc-updown-15m-1767707100,TRADE,DOWN,ACCUM,10,0,0.4100,0.0000,0,0.0000,0,0.0000,0,0.0000,0.0000,0.00,0.0000,0.0000,0.0000,170.00,SUCCESS
2026-01-06T13:56:37.757587+00:00,btc-updown-15m-1767707100,TRADE,UP,ACCUM,10,0,0.5100,0.0000,0,0.0000,0,0.0000,0,0.0000,0.0000,0.00,0.0000,0.0000,0.0000,170.00,SUCCESS
2026-01-06T13:56:37.764107+00:00,btc-updown-15m-1767707100,TRADE,DOWN,ACCUM,10,0,0.4600,0.0000,0,0.0000,0,0.0000,0,0.0000,0.0000,0.00,0.0000,0.0000,0.0000,170.00,SUCCESS
2026-01-06T13:56:49.221569+00:00,btc-updown-15m-1767707100,TRADE,UP,ACCUM,10,0,0.5500,0.0000,0,0.0000,0,0.0000,0,0.0000,0.0000,0.00,0.0000,0.0000,0.0000,170.00,SUCCESS
2026-01-06T13:56:49.225437+00:00,btc-updown-15m-1767707100,TRADE,DOWN,ACCUM,10,0,0.4200,0.0000,0,0.0000,0,0.0000,0,0.0000,0.0000,0.00,0.0000,0.0000,0.0000,170.00,SUCCESS
2026-01-06T13:57:00.673146+00:00,btc-updown-15m-1767707100,TRADE,UP,ACCUM,10,0,0.6400,0.0000,0,0.0000,0,0.0000,0,0.0000,0.0000,0.00,0.0000,0.0000,0.0000,170.00,SUCCESS
2026-01-06T13:57:00.678643+00:00,btc-updown-15m-1767707100,TRADE,DOWN,ACCUM,10,0,0.3200,0.0000,0,0.0000,0,0.0000,0,0.0000,0.0000,0.00,0.0000,0.0000,0.0000,170.00,SUCCESS
2026-01-06T13:57:17.829315+00:00,btc-updown-15m-1767707100,TRADE,UP,ACCUM,10,0,0.6700,0.0000,0,0.0000,0,0.0000,0,0.0000,0.0000,0.00,0.0000,0.0000,0.0000,170.00,SUCCESS
2026-01-06T13:57:17.835925+00:00,btc-updown-15m-1767707100,TRADE,DOWN,ACCUM,10,0,0.2800,0.0000,0,0.0000,0,0.0000,0,0.0000,0.0000,0.00,0.0000,0.0000,0.0000,170.00,SUCCESS
2026-01-06T13:57:46.290056+00:00,btc-updown-15m-1767707100,TRADE,UP,ACCUM,10,0,0.7500,0.0000,0,0.0000,0,0.0000,0,0.0000,0.0000,0.00,0.0000,0.0000,0.0000,170.00,SUCCESS
2026-01-06T13:57:46.292803+00:00,btc-updown-15m-1767707100,TRADE,DOWN,ACCUM,10,0,0.2100,0.0000,0,0.0000,0,0.0000,0,0.0000,0.0000,0.00,0.0000,0.0000,0.0000,170.00,SUCCESS
2026-01-06T14:00:13.059203+00:00,btc-updown-15m-1767708000,TRADE,UP,ACCUM,5,0,0.5400,0.0000,0,0.0000,0,0.0000,0,0.0000,0.0000,0.00,0.0000,0.0000,0.0000,170.00,SUCCESS
2026-01-06T14:00:13.064081+00:00,btc-updown-15m-1767708000,TRADE,DOWN,ACCUM,5,0,0.4000,0.0000,0,0.0000,0,0.0000,0,0.0000,0.0000,0.00,0.0000,0.0000,0.0000,170.00,SUCCESS
2026-01-06T14:01:03.274980+00:00,btc-updown-15m-1767708000,TRADE,UP,ACCUM,5,0,0.6100,0.0000,0,0.0000,0,0.0000,0,0.0000,0.0000,0.00,0.0000,0.0000,0.0000,170.00,SUCCESS
2026-01-06T14:01:03.280478+00:00,btc-updown-15m-1767708000,TRADE,DOWN,ACCUM,5,0,0.3000,0.0000,0,0.0000,0,0.0000,0,0.0000,0.0000,0.00,0.0000,0.0000,0.0000,170.00,SUCCESS
2026-01-06T14:01:14.337763+00:00,btc-updown-15m-1767708000,TRADE,UP,ACCUM,5,0,0.5400,0.0000,0,0.0000,0,0.0000,0,0.0000,0.0000,0.00,0.0000,0.0000,0.0000,170.00,SUCCESS
2026-01-06T14:01:14.344078+00:00,btc-updown-15m-1767708000,TRADE,DOWN,ACCUM,5,0,0.3900,0.0000,0,0.0000,0,0.0000,0,0.0000,0.0000,0.00,0.0000,0.0000,0.0000,170.00,SUCCESS
2026-01-06T14:01:25.886923+00:00,btc-updown-15m-1767708000,TRADE,UP,ACCUM,5,0,0.5600,0.0000,0,0.0000,0,0.0000,0,0.0000,0.0000,0.00,0.0000,0.0000,0.0000,170.00,SUCCESS
2026-01-06T14:01:25.894653+00:00,btc-updown-15m-1767708000,TRADE,DOWN,ACCUM,5,0,0.3700,0.0000,0,0.0000,0,0.0000,0,0.0000,0.0000,0.00,0.0000,0.0000,0.0000,170.00,SUCCESS
2026-01-06T14:01:37.187180+00:00,btc-updown-15m-1767708000,TRADE,UP,ACCUM,5,0,0.6500,0.0000,0,0.0000,0,0.0000,0,0.0000,0.0000,0.00,0.0000,0.0000,0.0000,170.00,SUCCESS
2026-01-06T14:01:37.191353+00:00,btc-updown-15m-1767708000,TRADE,DOWN,ACCUM,5,0,0.2800,0.0000,0,0.0000,0,0.0000,0,0.0000,0.0000,0.00,0.0000,0.0000,0.0000,170.00,SUCCESS
2026-01-06T14:01:48.363237+00:00,btc-updown-15m-1767708000,TRADE,UP,ACCUM,5,0,0.6500,0.0000,0,0.0000,0,0.0000,0,0.0000,0.0000,0.00,0.0000,0.0000,0.0000,170.00,SUCCESS
2026-01-06T14:01:48.367628+00:00,btc-updown-15m-1767708000,TRADE,DOWN,ACCUM,5,0,0.2700,0.0000,0,0.0000,0,0.0000,0,0.0000,0.0000,0.00,0.0000,0.0000,0.0000,170.00,SUCCESS
2026-01-06T14:01:59.636433+00:00,btc-updown-15m-1767708000,TRADE,UP,ACCUM,5,0,0.6100,0.0000,0,0.0000,0,0.0000,0,0.0000,0.0000,0.00,0.0000,0.0000,0.0000,170.00,SUCCESS
2026-01-06T14:01:59.642171+00:00,btc-updown-15m-1767708000,TRADE,DOWN,ACCUM,5,0,0.2600,0.0000,0,0.0000,0,0.0000,0,0.0000,0.0000,0.00,0.0000,0.0000,0.0000,170.00,SUCCESS
2026-01-06T14:02:10.990781+00:00,btc-updown-15m-1767708000,TRADE,UP,ACCUM,5,0,0.6300,0.0000,0,0.0000,0,0.0000,0,0.0000,0.0000,0.00,0.0000,0.0000,0.0000,170.00,SUCCESS
2026-01-06T14:02:10.995149+00:00,btc-updown-15m-1767708000,TRADE,DOWN,ACCUM,5,0,0.3000,0.0000,0,0.0000,0,0.0000,0,0.0000,0.0000,0.00,0.0000,0.0000,0.0000,170.00,SUCCESS
2026-01-06T14:02:22.338404+00:00,btc-updown-15m-1767708000,TRADE,UP,ACCUM,5,0,0.5100,0.0000,0,0.0000,0,0.0000,0,0.0000,0.0000,0.00,0.0000,0.0000,0.0000,170.00,SUCCESS
2026-01-06T14:02:22.342106+00:00,btc-updown-15m-1767708000,TRADE,DOWN,ACCUM,5,0,0.4200,0.0000,0,0.0000,0,0.0000,0,0.0000,0.0000,0.00,0.0000,0.0000,0.0000,170.00,SUCCESS
2026-01-06T14:02:39.305069+00:00,btc-updown-15m-1767708000,TRADE,UP,ACCUM,5,0,0.5100,0.0000,0,0.0000,0,0.0000,0,0.0000,0.0000,0.00,0.0000,0.0000,0.0000,170.00,SUCCESS
2026-01-06T14:02:39.308891+00:00,btc-updown-15m-1767708000,TRADE,DOWN,ACCUM,5,0,0.4200,0.0000,0,0.0000,0,0.0000,0,0.0000,0.0000,0.00,0.0000,0.0000,0.0000,170.00,SUCCESS
2026-01-06T14:02:50.725430+00:00,btc-updown-15m-1767708000,TRADE,UP,ACCUM,5,0,0.5100,0.0000,0,0.0000,0,0.0000,0,0.0000,0.0000,0.00,0.0000,0.0000,0.0000,170.00,SUCCESS
2026-01-06T14:02:50.729101+00:00,btc-updown-15m-1767708000,TRADE,DOWN,ACCUM,5,0,0.4200,0.0000,0,0.0000,0,0.0000,0,0.0000,0.0000,0.00,0.0000,0.0000,0.0000,170.00,SUCCESS
2026-01-06T14:03:02.130596+00:00,btc-updown-15m-1767708000,TRADE,UP,ACCUM,5,0,0.5000,0.0000,0,0.0000,0,0.0000,0,0.0000,0.0000,0.00,0.0000,0.0000,0.0000,170.00,SUCCESS
2026-01-06T14:03:02.134607+00:00,btc-updown-15m-1767708000,TRADE,DOWN,ACCUM,5,0,0.4300,0.0000,0,0.0000,0,0.0000,0,0.0000,0.0000,0.00,0.0000,0.0000,0.0000,170.00,SUCCESS
2026-01-06T14:03:13.552306+00:00,btc-updown-15m-1767708000,TRADE,UP,ACCUM,5,0,0.5300,0.0000,0,0.0000,0,0.0000,0,0.0000,0.0000,0.00,0.0000,0.0000,0.0000,170.00,SUCCESS
2026-01-06T14:03:13.554970+00:00,btc-updown-15m-1767708000,TRADE,DOWN,ACCUM,5,0,0.4000,0.0000,0,0.0000,0,0.0000,0,0.0000,0.0000,0.00,0.0000,0.0000,0.0000,170.00,SUCCESS
2026-01-06T14:03:24.941372+00:00,btc-updown-15m-1767708000,TRADE,UP,ACCUM,5,0,0.5100,0.0000,0,0.0000,0,0.0000,0,0.0000,0.0000,0.00,0.0000,0.0000,0.0000,170.00,SUCCESS
2026-01-06T14:03:24.945105+00:00,btc-updown-15m-1767708000,TRADE,DOWN,ACCUM,5,0,0.4200,0.0000,0,0.0000,0,0.0000,0,0.0000,0.0000,0.00,0.0000,0.0000,0.0000,170.00,SUCCESS
2026-01-06T14:03:36.055271+00:00,btc-updown-15m-1767708000,TRADE,UP,ACCUM,5,0,0.6300,0.0000,0,0.0000,0,0.0000,0,0.0000,0.0000,0.00,0.0000,0.0000,0.0000,170.00,SUCCESS
2026-01-06T14:03:36.059213+00:00,btc-updown-15m-1767708000,TRADE,DOWN,ACCUM,5,0,0.3000,0.0000,0,0.0000,0,0.0000,0,0.0000,0.0000,0.00,0.0000,0.0000,0.0000,170.00,SUCCESS
2026-01-06T14:03:47.470346+00:00,btc-updown-15m-1767708000,TRADE,UP,ACCUM,5,0,0.6600,0.0000,0,0.0000,0,0.0000,0,0.0000,0.0000,0.00,0.0000,0.0000,0.0000,170.00,SUCCESS
2026-01-06T14:03:47.475213+00:00,btc-updown-15m-1767708000,TRADE,DOWN,ACCUM,5,0,0.2600,0.0000,0,0.0000,0,0.0000,0,0.0000,0.0000,0.00,0.0000,0.0000,0.0000,170.00,SUCCESS
2026-01-06T14:03:58.710086+00:00,btc-updown-15m-1767708000,TRADE,UP,ACCUM,5,0,0.6500,0.0000,0,0.0000,0,0.0000,0,0.0000,0.0000,0.00,0.0000,0.0000,0.0000,170.00,SUCCESS
2026-01-06T14:03:58.715358+00:00,btc-updown-15m-1767708000,TRADE,DOWN,ACCUM,5,0,0.2700,0.0000,0,0.0000,0,0.0000,0,0.0000,0.0000,0.00,0.0000,0.0000,0.0000,170.00,SUCCESS
2026-01-06T14:04:10.098543+00:00,btc-updown-15m-1767708000,TRADE,UP,ACCUM,5,0,0.7000,0.0000,0,0.0000,0,0.0000,0,0.0000,0.0000,0.00,0.0000,0.0000,0.0000,170.00,SUCCESS
2026-01-06T14:04:10.102045+00:00,btc-updown-15m-1767708000,TRADE,DOWN,ACCUM,5,0,0.2200,0.0000,0,0.0000,0,0.0000,0,0.0000,0.0000,0.00,0.0000,0.0000,0.0000,170.00,SUCCESS
2026-01-06T14:04:21.216165+00:00,btc-updown-15m-1767708000,TRADE,UP,ACCUM,5,0,0.7400,0.0000,0,0.0000,0,0.0000,0,0.0000,0.0000,0.00,0.0000,0.0000,0.0000,170.00,SUCCESS
2026-01-06T14:04:21.220788+00:00,btc-updown-15m-1767708000,TRADE,DOWN,ACCUM,6,0,0.1900,0.0000,0,0.0000,0,0.0000,0,0.0000,0.0000,0.00,0.0000,0.0000,0.0000,170.00,SUCCESS
2026-01-06T14:04:32.466373+00:00,btc-updown-15m-1767708000,TRADE,UP,ACCUM,5,0,0.7600,0.0000,0,0.0000,0,0.0000,0,0.0000,0.0000,0.00,0.0000,0.0000,0.0000,170.00,SUCCESS
2026-01-06T14:04:32.470289+00:00,btc-updown-15m-1767708000,TRADE,DOWN,ACCUM,6,0,0.1700,0.0000,0,0.0000,0,0.0000,0,0.0000,0.0000,0.00,0.0000,0.0000,0.0000,170.00,SUCCESS
2026-01-06T14:04:49.477079+00:00,btc-updown-15m-1767708000,TRADE,UP,ACCUM,5,0,0.7800,0.0000,0,0.0000,0,0.0000,0,0.0000,0.0000,0.00,0.0000,0.0000,0.0000,170.00,SUCCESS
2026-01-06T14:04:49.480184+00:00,btc-updown-15m-1767708000,TRADE,DOWN,ACCUM,8,0,0.1400,0.0000,0,0.0000,0,0.0000,0,0.0000,0.0000,0.00,0.0000,0.0000,0.0000,170.00,SUCCESS
2026-01-06T14:05:00.607130+00:00,btc-updown-15m-1767708000,TRADE,UP,ACCUM,5,0,0.7900,0.0000,0,0.0000,0,0.0000,0,0.0000,0.0000,0.00,0.0000,0.0000,0.0000,170.00,SUCCESS
2026-01-06T14:05:00.612337+00:00,btc-updown-15m-1767708000,TRADE,DOWN,ACCUM,7,0,0.1500,0.0000,0,0.0000,0,0.0000,0,0.0000,0.0000,0.00,0.0000,0.0000,0.0000,170.00,SUCCESS
2026-01-06T14:05:11.883576+00:00,btc-updown-15m-1767708000,TRADE,UP,ACCUM,5,0,0.7900,0.0000,0,0.0000,0,0.0000,0,0.0000,0.0000,0.00,0.0000,0.0000,0.0000,170.00,SUCCESS
2026-01-06T14:05:11.885999+00:00,btc-updown-15m-1767708000,TRADE,DOWN,ACCUM,7,0,0.1600,0.0000,0,0.0000,0,0.0000,0,0.0000,0.0000,0.00,0.0000,0.0000,0.0000,170.00,SUCCESS
2026-01-06T14:05:34.525997+00:00,btc-updown-15m-1767708000,TRADE,UP,ACCUM,5,0,0.7900,0.0000,0,0.0000,0,0.0000,0,0.0000,0.0000,0.00,0.0000,0.0000,0.0000,170.00,SUCCESS
2026-01-06T14:05:34.531406+00:00,btc-updown-15m-1767708000,TRADE,DOWN,ACCUM,7,0,0.1600,0.0000,0,0.0000,0,0.0000,0,0.0000,0.0000,0.00,0.0000,0.0000,0.0000,170.00,SUCCESS
2026-01-06T14:05:45.832547+00:00,btc-updown-15m-1767708000,TRADE,UP,ACCUM,5,0,0.7200,0.0000,0,0.0000,0,0.0000,0,0.0000,0.0000,0.00,0.0000,0.0000,0.0000,170.00,SUCCESS
2026-01-06T14:05:45.835392+00:00,btc-updown-15m-1767708000,TRADE,DOWN,ACCUM,5,0,0.2200,0.0000,0,0.0000,0,0.0000,0,0.0000,0.0000,0.00,0.0000,0.0000,0.0000,170.00,SUCCESS
2026-01-06T14:06:02.816817+00:00,btc-updown-15m-1767708000,TRADE,UP,ACCUM,5,0,0.7900,0.0000,0,0.0000,0,0.0000,0,0.0000,0.0000,0.00,0.0000,0.0000,0.0000,170.00,SUCCESS
2026-01-06T14:06:02.821288+00:00,btc-updown-15m-1767708000,TRADE,DOWN,ACCUM,7,0,0.1500,0.0000,0,0.0000,0,0.0000,0,0.0000,0.0000,0.00,0.0000,0.0000,0.0000,170.00,SUCCESS
2026-01-06T14:06:14.011584+00:00,btc-updown-15m-1767708000,TRADE,UP,ACCUM,5,0,0.8000,0.0000,0,0.0000,0,0.0000,0,0.0000,0.0000,0.00,0.0000,0.0000,0.0000,170.00,SUCCESS
2026-01-06T14:06:14.015326+00:00,btc-updown-15m-1767708000,TRADE,DOWN,ACCUM,8,0,0.1400,0.0000,0,0.0000,0,0.0000,0,0.0000,0.0000,0.00,0.0000,0.0000,0.0000,170.00,SUCCESS
2026-01-06T14:06:25.014413+00:00,btc-updown-15m-1767708000,TRADE,UP,ACCUM,5,0,0.8100,0.0000,0,0.0000,0,0.0000,0,0.0000,0.0000,0.00,0.0000,0.0000,0.0000,170.00,SUCCESS
2026-01-06T14:06:25.019366+00:00,btc-updown-15m-1767708000,TRADE,DOWN,ACCUM,8,0,0.1400,0.0000,0,0.0000,0,0.0000,0,0.0000,0.0000,0.00,0.0000,0.0000,0.0000,170.00,SUCCESS
2026-01-06T14:06:36.235748+00:00,btc-updown-15m-1767708000,TRADE,UP,ACCUM,5,0,0.8400,0.0000,0,0.0000,0,0.0000,0,0.0000,0.0000,0.00,0.0000,0.0000,0.0000,170.00,SUCCESS
2026-01-06T14:06:47.533816+00:00,btc-updown-15m-1767708000,TRADE,UP,ACCUM,5,0,0.8500,0.0000,0,0.0000,0,0.0000,0,0.0000,0.0000,0.00,0.0000,0.0000,0.0000,170.00,SUCCESS
2026-01-06T14:06:58.977567+00:00,btc-updown-15m-1767708000,TRADE,UP,ACCUM,5,0,0.8800,0.0000,0,0.0000,0,0.0000,0,0.0000,0.0000,0.00,0.0000,0.0000,0.0000,170.00,SUCCESS
2026-01-06T14:07:15.962279+00:00,btc-updown-15m-1767708000,TRADE,UP,ACCUM,5,0,0.9100,0.0000,0,0.0000,0,0.0000,0,0.0000,0.0000,0.00,0.0000,0.0000,0.0000,170.00,SUCCESS
2026-01-06T14:07:27.286703+00:00,btc-updown-15m-1767708000,TRADE,UP,ACCUM,5,0,0.9300,0.0000,0,0.0000,0,0.0000,0,0.0000,0.0000,0.00,0.0000,0.0000,0.0000,170.00,SUCCESS
2026-01-06T14:07:38.798739+00:00,btc-updown-15m-1767708000,TRADE,UP,ACCUM,10,0,0.9400,0.0000,0,0.0000,0,0.0000,0,0.0000,0.0000,0.00,0.0000,0.0000,0.0000,170.00,SUCCESS
2026-01-06T14:08:29.702484+00:00,btc-updown-15m-1767708000,TRADE,UP,ACCUM,10,0,0.9400,0.0000,0,0.0000,0,0.0000,0,0.0000,0.0000,0.00,0.0000,0.0000,0.0000,170.00,SUCCESS
2026-01-06T14:08:41.072407+00:00,btc-updown-15m-1767708000,TRADE,UP,ACCUM,10,0,0.9300,0.0000,0,0.0000,0,0.0000,0,0.0000,0.0000,0.00,0.0000,0.0000,0.0000,170.00,SUCCESS
2026-01-06T14:15:12.416097+00:00,btc-updown-15m-1767708900,TRADE,UP,ACCUM,5,0,0.5000,0.0000,0,0.0000,0,0.0000,0,0.0000,0.0000,0.00,0.0000,0.0000,0.0000,170.00,SUCCESS
2026-01-06T14:15:12.421545+00:00,btc-updown-15m-1767708900,TRADE,DOWN,ACCUM,5,0,0.4300,0.0000,0,0.0000,0,0.0000,0,0.0000,0.0000,0.00,0.0000,0.0000,0.0000,170.00,SUCCESS
2026-01-06T14:15:23.690940+00:00,btc-updown-15m-1767708900,TRADE,UP,ACCUM,5,0,0.5300,0.0000,0,0.0000,0,0.0000,0,0.0000,0.0000,0.00,0.0000,0.0000,0.0000,170.00,SUCCESS
2026-01-06T14:15:23.694009+00:00,btc-updown-15m-1767708900,TRADE,DOWN,ACCUM,5,0,0.4000,0.0000,0,0.0000,0,0.0000,0,0.0000,0.0000,0.00,0.0000,0.0000,0.0000,170.00,SUCCESS
2026-01-06T14:15:35.275939+00:00,btc-updown-15m-1767708900,TRADE,UP,ACCUM,5,0,0.5600,0.0000,0,0.0000,0,0.0000,0,0.0000,0.0000,0.00,0.0000,0.0000,0.0000,170.00,SUCCESS
2026-01-06T14:15:35.280424+00:00,btc-updown-15m-1767708900,TRADE,DOWN,ACCUM,5,0,0.3700,0.0000,0,0.0000,0,0.0000,0,0.0000,0.0000,0.00,0.0000,0.0000,0.0000,170.00,SUCCESS
2026-01-06T14:15:46.354137+00:00,btc-updown-15m-1767708900,TRADE,UP,ACCUM,5,0,0.5700,0.0000,0,0.0000,0,0.0000,0,0.0000,0.0000,0.00,0.0000,0.0000,0.0000,170.00,SUCCESS
2026-01-06T14:15:46.357512+00:00,btc-updown-15m-1767708900,TRADE,DOWN,ACCUM,5,0,0.3600,0.0000,0,0.0000,0,0.0000,0,0.0000,0.0000,0.00,0.0000,0.0000,0.0000,170.00,SUCCESS
2026-01-06T14:15:57.710943+00:00,btc-updown-15m-1767708900,TRADE,UP,ACCUM,5,0,0.5800,0.0000,0,0.0000,0,0.0000,0,0.0000,0.0000,0.00,0.0000,0.0000,0.0000,170.00,SUCCESS
2026-01-06T14:15:57.714236+00:00,btc-updown-15m-1767708900,TRADE,DOWN,ACCUM,5,0,0.3600,0.0000,0,0.0000,0,0.0000,0,0.0000,0.0000,0.00,0.0000,0.0000,0.0000,170.00,SUCCESS
2026-01-06T14:16:09.096239+00:00,btc-updown-15m-1767708900,TRADE,UP,ACCUM,5,0,0.5900,0.0000,0,0.0000,0,0.0000,0,0.0000,0.0000,0.00,0.0000,0.0000,0.0000,170.00,SUCCESS
2026-01-06T14:16:09.100665+00:00,btc-updown-15m-1767708900,TRADE,DOWN,ACCUM,5,0,0.3400,0.0000,0,0.0000,0,0.0000,0,0.0000,0.0000,0.00,0.0000,0.0000,0.0000,170.00,SUCCESS
2026-01-06T14:16:20.361727+00:00,btc-updown-15m-1767708900,TRADE,UP,ACCUM,5,0,0.5400,0.0000,0,0.0000,0,0.0000,0,0.0000,0.0000,0.00,0.0000,0.0000,0.0000,170.00,SUCCESS
2026-01-06T14:16:20.364923+00:00,btc-updown-15m-1767708900,TRADE,DOWN,ACCUM,5,0,0.3900,0.0000,0,0.0000,0,0.0000,0,0.0000,0.0000,0.00,0.0000,0.0000,0.0000,170.00,SUCCESS
2026-01-06T14:16:37.451636+00:00,btc-updown-15m-1767708900,TRADE,UP,ACCUM,5,0,0.5600,0.0000,0,0.0000,0,0.0000,0,0.0000,0.0000,0.00,0.0000,0.0000,0.0000,170.00,SUCCESS
2026-01-06T14:16:37.456170+00:00,btc-updown-15m-1767708900,TRADE,DOWN,ACCUM,5,0,0.3700,0.0000,0,0.0000,0,0.0000,0,0.0000,0.0000,0.00,0.0000,0.0000,0.0000,170.00,SUCCESS
2026-01-06T14:16:48.807044+00:00,btc-updown-15m-1767708900,TRADE,UP,ACCUM,5,0,0.5900,0.0000,0,0.0000,0,0.0000,0,0.0000,0.0000,0.00,0.0000,0.0000,0.0000,170.00,SUCCESS
2026-01-06T14:16:48.812283+00:00,btc-updown-15m-1767708900,TRADE,DOWN,ACCUM,5,0,0.3400,0.0000,0,0.0000,0,0.0000,0,0.0000,0.0000,0.00,0.0000,0.0000,0.0000,170.00,SUCCESS
2026-01-06T14:17:00.172254+00:00,btc-updown-15m-1767708900,TRADE,UP,ACCUM,5,0,0.4800,0.0000,0,0.0000,0,0.0000,0,0.0000,0.0000,0.00,0.0000,0.0000,0.0000,170.00,SUCCESS
2026-01-06T14:17:00.177789+00:00,btc-updown-15m-1767708900,TRADE,DOWN,ACCUM,5,0,0.4700,0.0000,0,0.0000,0,0.0000,0,0.0000,0.0000,0.00,0.0000,0.0000,0.0000,170.00,SUCCESS
2026-01-06T14:17:11.653564+00:00,btc-updown-15m-1767708900,TRADE,UP,ACCUM,5,0,0.5300,0.0000,0,0.0000,0,0.0000,0,0.0000,0.0000,0.00,0.0000,0.0000,0.0000,170.00,SUCCESS
2026-01-06T14:17:11.675955+00:00,btc-updown-15m-1767708900,TRADE,DOWN,ACCUM,5,0,0.4000,0.0000,0,0.0000,0,0.0000,0,0.0000,0.0000,0.00,0.0000,0.0000,0.0000,170.00,SUCCESS
2026-01-06T14:17:22.718257+00:00,btc-updown-15m-1767708900,TRADE,UP,ACCUM,5,0,0.5400,0.0000,0,0.0000,0,0.0000,0,0.0000,0.0000,0.00,0.0000,0.0000,0.0000,170.00,SUCCESS
2026-01-06T14:17:22.723036+00:00,btc-updown-15m-1767708900,TRADE,DOWN,ACCUM,5,0,0.3900,0.0000,0,0.0000,0,0.0000,0,0.0000,0.0000,0.00,0.0000,0.0000,0.0000,170.00,SUCCESS
2026-01-06T14:17:34.040992+00:00,btc-updown-15m-1767708900,TRADE,UP,ACCUM,5,0,0.5300,0.0000,0,0.0000,0,0.0000,0,0.0000,0.0000,0.00,0.0000,0.0000,0.0000,170.00,SUCCESS
2026-01-06T14:17:34.044809+00:00,btc-updown-15m-1767708900,TRADE,DOWN,ACCUM,5,0,0.4000,0.0000,0,0.0000,0,0.0000,0,0.0000,0.0000,0.00,0.0000,0.0000,0.0000,170.00,SUCCESS
2026-01-06T14:17:45.274794+00:00,btc-updown-15m-1767708900,TRADE,UP,ACCUM,5,0,0.5300,0.0000,0,0.0000,0,0.0000,0,0.0000,0.0000,0.00,0.0000,0.0000,0.0000,170.00,SUCCESS
2026-01-06T14:17:45.281238+00:00,btc-updown-15m-1767708900,TRADE,DOWN,ACCUM,5,0,0.4000,0.0000,0,0.0000,0,0.0000,0,0.0000,0.0000,0.00,0.0000,0.0000,0.0000,170.00,SUCCESS
2026-01-06T14:17:56.495189+00:00,btc-updown-15m-1767708900,TRADE,UP,ACCUM,5,0,0.5300,0.0000,0,0.0000,0,0.0000,0,0.0000,0.0000,0.00,0.0000,0.0000,0.0000,170.00,SUCCESS
2026-01-06T14:17:56.497957+00:00,btc-updown-15m-1767708900,TRADE,DOWN,ACCUM,5,0,0.4000,0.0000,0,0.0000,0,0.0000,0,0.0000,0.0000,0.00,0.0000,0.0000,0.0000,170.00,SUCCESS
2026-01-06T14:18:07.877084+00:00,btc-updown-15m-1767708900,TRADE,UP,ACCUM,5,0,0.4900,0.0000,0,0.0000,0,0.0000,0,0.0000,0.0000,0.00,0.0000,0.0000,0.0000,170.00,SUCCESS
2026-01-06T14:18:07.880923+00:00,btc-updown-15m-1767708900,TRADE,DOWN,ACCUM,5,0,0.4400,0.0000,0,0.0000,0,0.0000,0,0.0000,0.0000,0.00,0.0000,0.0000,0.0000,170.00,SUCCESS
2026-01-06T14:18:19.121239+00:00,btc-updown-15m-1767708900,TRADE,DOWN,ACCUM,5,0,0.5000,0.0000,0,0.0000,0,0.0000,0,0.0000,0.0000,0.00,0.0000,0.0000,0.0000,170.00,SUCCESS
2026-01-06T14:18:19.125757+00:00,btc-updown-15m-1767708900,TRADE,UP,ACCUM,5,0,0.4300,0.0000,0,0.0000,0,0.0000,0,0.0000,0.0000,0.00,0.0000,0.0000,0.0000,170.00,SUCCESS
2026-01-06T14:18:30.516714+00:00,btc-updown-15m-1767708900,TRADE,DOWN,ACCUM,5,0,0.5200,0.0000,0,0.0000,0,0.0000,0,0.0000,0.0000,0.00,0.0000,0.0000,0.0000,170.00,SUCCESS
2026-01-06T14:18:30.520693+00:00,btc-updown-15m-1767708900,TRADE,UP,ACCUM,5,0,0.4100,0.0000,0,0.0000,0,0.0000,0,0.0000,0.0000,0.00,0.0000,0.0000,0.0000,170.00,SUCCESS
2026-01-06T14:18:41.799026+00:00,btc-updown-15m-1767708900,TRADE,DOWN,ACCUM,5,0,0.5400,0.0000,0,0.0000,0,0.0000,0,0.0000,0.0000,0.00,0.0000,0.0000,0.0000,170.00,SUCCESS
2026-01-06T14:18:41.803091+00:00,btc-updown-15m-1767708900,TRADE,UP,ACCUM,5,0,0.3800,0.0000,0,0.0000,0,0.0000,0,0.0000,0.0000,0.00,0.0000,0.0000,0.0000,170.00,SUCCESS
2026-01-06T14:18:53.060748+00:00,btc-updown-15m-1767708900,TRADE,DOWN,ACCUM,5,0,0.5800,0.0000,0,0.0000,0,0.0000,0,0.0000,0.0000,0.00,0.0000,0.0000,0.0000,170.00,SUCCESS
2026-01-06T14:18:53.063722+00:00,btc-updown-15m-1767708900,TRADE,UP,ACCUM,5,0,0.3600,0.0000,0,0.0000,0,0.0000,0,0.0000,0.0000,0.00,0.0000,0.0000,0.0000,170.00,SUCCESS
2026-01-06T14:19:04.434133+00:00,btc-updown-15m-1767708900,TRADE,DOWN,ACCUM,5,0,0.4800,0.0000,0,0.0000,0,0.0000,0,0.0000,0.0000,0.00,0.0000,0.0000,0.0000,170.00,SUCCESS
2026-01-06T14:19:04.438347+00:00,btc-updown-15m-1767708900,TRADE,UP,ACCUM,5,0,0.4500,0.0000,0,0.0000,0,0.0000,0,0.0000,0.0000,0.00,0.0000,0.0000,0.0000,170.00,SUCCESS
2026-01-06T14:19:15.739864+00:00,btc-updown-15m-1767708900,TRADE,UP,ACCUM,5,0,0.5100,0.0000,0,0.0000,0,0.0000,0,0.0000,0.0000,0.00,0.0000,0.0000,0.0000,170.00,SUCCESS
2026-01-06T14:19:15.744441+00:00,btc-updown-15m-1767708900,TRADE,DOWN,ACCUM,5,0,0.4200,0.0000,0,0.0000,0,0.0000,0,0.0000,0.0000,0.00,0.0000,0.0000,0.0000,170.00,SUCCESS
2026-01-06T14:19:27.064428+00:00,btc-updown-15m-1767708900,TRADE,UP,ACCUM,5,0,0.5500,0.0000,0,0.0000,0,0.0000,0,0.0000,0.0000,0.00,0.0000,0.0000,0.0000,170.00,SUCCESS
2026-01-06T14:19:27.068065+00:00,btc-updown-15m-1767708900,TRADE,DOWN,ACCUM,5,0,0.3800,0.0000,0,0.0000,0,0.0000,0,0.0000,0.0000,0.00,0.0000,0.0000,0.0000,170.00,SUCCESS
2026-01-06T14:19:38.439315+00:00,btc-updown-15m-1767708900,TRADE,UP,ACCUM,5,0,0.5600,0.0000,0,0.0000,0,0.0000,0,0.0000,0.0000,0.00,0.0000,0.0000,0.0000,170.00,SUCCESS
2026-01-06T14:19:38.443419+00:00,btc-updown-15m-1767708900,TRADE,DOWN,ACCUM,5,0,0.3700,0.0000,0,0.0000,0,0.0000,0,0.0000,0.0000,0.00,0.0000,0.0000,0.0000,170.00,SUCCESS
2026-01-06T14:19:49.889920+00:00,btc-updown-15m-1767708900,TRADE,UP,ACCUM,5,0,0.5600,0.0000,0,0.0000,0,0.0000,0,0.0000,0.0000,0.00,0.0000,0.0000,0.0000,170.00,SUCCESS
2026-01-06T14:19:49.893961+00:00,btc-updown-15m-1767708900,TRADE,DOWN,ACCUM,5,0,0.3700,0.0000,0,0.0000,0,0.0000,0,0.0000,0.0000,0.00,0.0000,0.0000,0.0000,170.00,SUCCESS
2026-01-06T14:20:01.381109+00:00,btc-updown-15m-1767708900,TRADE,UP,ACCUM,5,0,0.5700,0.0000,0,0.0000,0,0.0000,0,0.0000,0.0000,0.00,0.0000,0.0000,0.0000,170.00,SUCCESS
2026-01-06T14:20:01.384085+00:00,btc-updown-15m-1767708900,TRADE,DOWN,ACCUM,5,0,0.3700,0.0000,0,0.0000,0,0.0000,0,0.0000,0.0000,0.00,0.0000,0.0000,0.0000,170.00,SUCCESS
2026-01-06T14:20:12.622952+00:00,btc-updown-15m-1767708900,TRADE,UP,ACCUM,5,0,0.5000,0.0000,0,0.0000,0,0.0000,0,0.0000,0.0000,0.00,0.0000,0.0000,0.0000,170.00,SUCCESS
2026-01-06T14:20:12.627067+00:00,btc-updown-15m-1767708900,TRADE,DOWN,ACCUM,5,0,0.4500,0.0000,0,0.0000,0,0.0000,0,0.0000,0.0000,0.00,0.0000,0.0000,0.0000,170.00,SUCCESS
2026-01-06T14:20:23.924700+00:00,btc-updown-15m-1767708900,TRADE,UP,ACCUM,5,0,0.5800,0.0000,0,0.0000,0,0.0000,0,0.0000,0.0000,0.00,0.0000,0.0000,0.0000,170.00,SUCCESS
2026-01-06T14:20:23.927601+00:00,btc-updown-15m-1767708900,TRADE,DOWN,ACCUM,5,0,0.3600,0.0000,0,0.0000,0,0.0000,0,0.0000,0.0000,0.00,0.0000,0.0000,0.0000,170.00,SUCCESS
2026-01-06T14:20:35.050826+00:00,btc-updown-15m-1767708900,TRADE,UP,ACCUM,5,0,0.6500,0.0000,0,0.0000,0,0.0000,0,0.0000,0.0000,0.00,0.0000,0.0000,0.0000,170.00,SUCCESS
2026-01-06T14:20:35.054563+00:00,btc-updown-15m-1767708900,TRADE,DOWN,ACCUM,5,0,0.3000,0.0000,0,0.0000,0,0.0000,0,0.0000,0.0000,0.00,0.0000,0.0000,0.0000,170.00,SUCCESS
2026-01-06T14:20:46.359750+00:00,btc-updown-15m-1767708900,TRADE,UP,ACCUM,5,0,0.7000,0.0000,0,0.0000,0,0.0000,0,0.0000,0.0000,0.00,0.0000,0.0000,0.0000,170.00,SUCCESS
2026-01-06T14:20:46.363574+00:00,btc-updown-15m-1767708900,TRADE,DOWN,ACCUM,5,0,0.2500,0.0000,0,0.0000,0,0.0000,0,0.0000,0.0000,0.00,0.0000,0.0000,0.0000,170.00,SUCCESS
2026-01-06T14:20:57.596572+00:00,btc-updown-15m-1767708900,TRADE,UP,ACCUM,5,0,0.8100,0.0000,0,0.0000,0,0.0000,0,0.0000,0.0000,0.00,0.0000,0.0000,0.0000,170.00,SUCCESS
2026-01-06T14:20:57.599953+00:00,btc-updown-15m-1767708900,TRADE,DOWN,ACCUM,8,0,0.1400,0.0000,0,0.0000,0,0.0000,0,0.0000,0.0000,0.00,0.0000,0.0000,0.0000,170.00,SUCCESS
2026-01-06T14:21:08.901247+00:00,btc-updown-15m-1767708900,TRADE,UP,ACCUM,5,0,0.8700,0.0000,0,0.0000,0,0.0000,0,0.0000,0.0000,0.00,0.0000,0.0000,0.0000,170.00,SUCCESS
2026-01-06T14:21:20.078766+00:00,btc-updown-15m-1767708900,TRADE,UP,ACCUM,5,0,0.8500,0.0000,0,0.0000,0,0.0000,0,0.0000,0.0000,0.00,0.0000,0.0000,0.0000,170.00,SUCCESS
2026-01-06T14:21:31.440335+00:00,btc-updown-15m-1767708900,TRADE,UP,ACCUM,5,0,0.8900,0.0000,0,0.0000,0,0.0000,0,0.0000,0.0000,0.00,0.0000,0.0000,0.0000,170.00,SUCCESS
2026-01-06T14:21:42.656078+00:00,btc-updown-15m-1767708900,TRADE,UP,ACCUM,5,0,0.8900,0.0000,0,0.0000,0,0.0000,0,0.0000,0.0000,0.00,0.0000,0.0000,0.0000,170.00,SUCCESS
2026-01-06T14:22:05.166596+00:00,btc-updown-15m-1767708900,TRADE,UP,ACCUM,5,0,0.8900,0.0000,0,0.0000,0,0.0000,0,0.0000,0.0000,0.00,0.0000,0.0000,0.0000,170.00,SUCCESS
2026-01-06T14:22:16.402456+00:00,btc-updown-15m-1767708900,TRADE,UP,ACCUM,5,0,0.8900,0.0000,0,0.0000,0,0.0000,0,0.0000,0.0000,0.00,0.0000,0.0000,0.0000,170.00,SUCCESS
2026-01-06T14:22:27.617025+00:00,btc-updown-15m-1767708900,TRADE,UP,ACCUM,5,0,0.8900,0.0000,0,0.0000,0,0.0000,0,0.0000,0.0000,0.00,0.0000,0.0000,0.0000,170.00,SUCCESS
2026-01-06T14:22:38.879650+00:00,btc-updown-15m-1767708900,TRADE,UP,ACCUM,10,0,0.8700,0.0000,0,0.0000,0,0.0000,0,0.0000,0.0000,0.00,0.0000,0.0000,0.0000,170.00,SUCCESS
2026-01-06T14:22:38.882754+00:00,btc-updown-15m-1767708900,TRADE,DOWN,ACCUM,13,0,0.0800,0.0000,0,0.0000,0,0.0000,0,0.0000,0.0000,0.00,0.0000,0.0000,0.0000,170.00,SUCCESS
2026-01-06T14:22:56.108647+00:00,btc-updown-15m-1767708900,TRADE,UP,ACCUM,10,0,0.9100,0.0000,0,0.0000,0,0.0000,0,0.0000,0.0000,0.00,0.0000,0.0000,0.0000,170.00,SUCCESS
2026-01-06T14:23:18.580080+00:00,btc-updown-15m-1767708900,TRADE,UP,ACCUM,10,0,0.9200,0.0000,0,0.0000,0,0.0000,0,0.0000,0.0000,0.00,0.0000,0.0000,0.0000,170.00,SUCCESS
2026-01-06T14:23:30.156036+00:00,btc-updown-15m-1767708900,TRADE,UP,ACCUM,10,0,0.9300,0.0000,0,0.0000,0,0.0000,0,0.0000,0.0000,0.00,0.0000,0.0000,0.0000,170.00,SUCCESS
2026-01-06T14:23:41.518739+00:00,btc-updown-15m-1767708900,TRADE,UP,ACCUM,10,0,0.9400,0.0000,0,0.0000,0,0.0000,0,0.0000,0.0000,0.00,0.0000,0.0000,0.0000,170.00,SUCCESS
2026-01-06T14:24:09.976425+00:00,btc-updown-15m-1767708900,TRADE,UP,ACCUM,10,0,0.9400,0.0000,0,0.0000,0,0.0000,0,0.0000,0.0000,0.00,0.0000,0.0000,0.0000,170.00,SUCCESS
2026-01-06T14:24:21.304926+00:00,btc-updown-15m-1767708900,TRADE,UP,ACCUM,10,0,0.9400,0.0000,0,0.0000,0,0.0000,0,0.0000,0.0000,0.00,0.0000,0.0000,0.0000,170.00,SUCCESS
2026-01-06T14:24:49.975602+00:00,btc-updown-15m-1767708900,TRADE,UP,ACCUM,10,0,0.9300,0.0000,0,0.0000,0,0.0000,0,0.0000,0.0000,0.00,0.0000,0.0000,0.0000,170.00,SUCCESS
2026-01-06T14:30:13.832895+00:00,btc-updown-15m-1767709800,TRADE,DOWN,ACCUM,5,0,0.5700,0.0000,0,0.0000,0,0.0000,0,0.0000,0.0000,0.00,0.0000,0.0000,0.0000,170.00,SUCCESS
2026-01-06T14:30:13.837619+00:00,btc-updown-15m-1767709800,TRADE,UP,ACCUM,5,0,0.3600,0.0000,0,0.0000,0,0.0000,0,0.0000,0.0000,0.00,0.0000,0.0000,0.0000,170.00,SUCCESS
2026-01-06T14:30:36.692746+00:00,btc-updown-15m-1767709800,TRADE,DOWN,ACCUM,5,0,0.5400,0.0000,0,0.0000,0,0.0000,0,0.0000,0.0000,0.00,0.0000,0.0000,0.0000,170.00,SUCCESS
2026-01-06T14:30:36.698035+00:00,btc-updown-15m-1767709800,TRADE,UP,ACCUM,5,0,0.3900,0.0000,0,0.0000,0,0.0000,0,0.0000,0.0000,0.00,0.0000,0.0000,0.0000,170.00,SUCCESS
2026-01-06T14:30:47.836793+00:00,btc-updown-15m-1767709800,TRADE,DOWN,ACCUM,5,0,0.5800,0.0000,0,0.0000,0,0.0000,0,0.0000,0.0000,0.00,0.0000,0.0000,0.0000,170.00,SUCCESS
2026-01-06T14:30:47.839332+00:00,btc-updown-15m-1767709800,TRADE,UP,ACCUM,5,0,0.3500,0.0000,0,0.0000,0,0.0000,0,0.0000,0.0000,0.00,0.0000,0.0000,0.0000,170.00,SUCCESS
2026-01-06T14:31:04.723098+00:00,btc-updown-15m-1767709800,TRADE,DOWN,ACCUM,5,0,0.6200,0.0000,0,0.0000,0,0.0000,0,0.0000,0.0000,0.00,0.0000,0.0000,0.0000,170.00,SUCCESS
2026-01-06T14:31:04.727196+00:00,btc-updown-15m-1767709800,TRADE,UP,ACCUM,5,0,0.3000,0.0000,0,0.0000,0,0.0000,0,0.0000,0.0000,0.00,0.0000,0.0000,0.0000,170.00,SUCCESS
2026-01-06T14:31:16.134011+00:00,btc-updown-15m-1767709800,TRADE,DOWN,ACCUM,5,0,0.6400,0.0000,0,0.0000,0,0.0000,0,0.0000,0.0000,0.00,0.0000,0.0000,0.0000,170.00,SUCCESS
2026-01-06T14:31:16.137548+00:00,btc-updown-15m-1767709800,TRADE,UP,ACCUM,5,0,0.2900,0.0000,0,0.0000,0,0.0000,0,0.0000,0.0000,0.00,0.0000,0.0000,0.0000,170.00,SUCCESS
2026-01-06T14:31:27.192496+00:00,btc-updown-15m-1767709800,TRADE,DOWN,ACCUM,5,0,0.6600,0.0000,0,0.0000,0,0.0000,0,0.0000,0.0000,0.00,0.0000,0.0000,0.0000,170.00,SUCCESS
2026-01-06T14:31:27.196895+00:00,btc-updown-15m-1767709800,TRADE,UP,ACCUM,5,0,0.2700,0.0000,0,0.0000,0,0.0000,0,0.0000,0.0000,0.00,0.0000,0.0000,0.0000,170.00,SUCCESS
2026-01-06T14:31:38.372956+00:00,btc-updown-15m-1767709800,TRADE,DOWN,ACCUM,5,0,0.6900,0.0000,0,0.0000,0,0.0000,0,0.0000,0.0000,0.00,0.0000,0.0000,0.0000,170.00,SUCCESS
2026-01-06T14:31:38.376311+00:00,btc-updown-15m-1767709800,TRADE,UP,ACCUM,5,0,0.2400,0.0000,0,0.0000,0,0.0000,0,0.0000,0.0000,0.00,0.0000,0.0000,0.0000,170.00,SUCCESS
2026-01-06T14:31:49.629167+00:00,btc-updown-15m-1767709800,TRADE,DOWN,ACCUM,5,0,0.6200,0.0000,0,0.0000,0,0.0000,0,0.0000,0.0000,0.00,0.0000,0.0000,0.0000,170.00,SUCCESS
2026-01-06T14:31:49.631783+00:00,btc-updown-15m-1767709800,TRADE,UP,ACCUM,5,0,0.3200,0.0000,0,0.0000,0,0.0000,0,0.0000,0.0000,0.00,0.0000,0.0000,0.0000,170.00,SUCCESS
2026-01-06T14:32:00.986103+00:00,btc-updown-15m-1767709800,TRADE,DOWN,ACCUM,5,0,0.6600,0.0000,0,0.0000,0,0.0000,0,0.0000,0.0000,0.00,0.0000,0.0000,0.0000,170.00,SUCCESS
2026-01-06T14:32:00.988751+00:00,btc-updown-15m-1767709800,TRADE,UP,ACCUM,5,0,0.2600,0.0000,0,0.0000,0,0.0000,0,0.0000,0.0000,0.00,0.0000,0.0000,0.0000,170.00,SUCCESS
2026-01-06T14:32:12.561285+00:00,btc-updown-15m-1767709800,TRADE,DOWN,ACCUM,5,0,0.7700,0.0000,0,0.0000,0,0.0000,0,0.0000,0.0000,0.00,0.0000,0.0000,0.0000,170.00,SUCCESS
2026-01-06T14:32:12.565574+00:00,btc-updown-15m-1767709800,TRADE,UP,ACCUM,7,0,0.1600,0.0000,0,0.0000,0,0.0000,0,0.0000,0.0000,0.00,0.0000,0.0000,0.0000,170.00,SUCCESS
2026-01-06T14:32:23.795798+00:00,btc-updown-15m-1767709800,TRADE,DOWN,ACCUM,5,0,0.7600,0.0000,0,0.0000,0,0.0000,0,0.0000,0.0000,0.00,0.0000,0.0000,0.0000,170.00,SUCCESS
2026-01-06T14:32:23.800770+00:00,btc-updown-15m-1767709800,TRADE,UP,ACCUM,6,0,0.1700,0.0000,0,0.0000,0,0.0000,0,0.0000,0.0000,0.00,0.0000,0.0000,0.0000,170.00,SUCCESS
2026-01-06T14:32:34.923467+00:00,btc-updown-15m-1767709800,TRADE,DOWN,ACCUM,5,0,0.7300,0.0000,0,0.0000,0,0.0000,0,0.0000,0.0000,0.00,0.0000,0.0000,0.0000,170.00,SUCCESS
2026-01-06T14:32:34.927921+00:00,btc-updown-15m-1767709800,TRADE,UP,ACCUM,5,0,0.2000,0.0000,0,0.0000,0,0.0000,0,0.0000,0.0000,0.00,0.0000,0.0000,0.0000,170.00,SUCCESS
2026-01-06T14:32:46.003480+00:00,btc-updown-15m-1767709800,TRADE,DOWN,ACCUM,5,0,0.7300,0.0000,0,0.0000,0,0.0000,0,0.0000,0.0000,0.00,0.0000,0.0000,0.0000,170.00,SUCCESS
2026-01-06T14:32:46.008330+00:00,btc-updown-15m-1767709800,TRADE,UP,ACCUM,5,0,0.2000,0.0000,0,0.0000,0,0.0000,0,0.0000,0.0000,0.00,0.0000,0.0000,0.0000,170.00,SUCCESS
2026-01-06T14:33:02.990320+00:00,btc-updown-15m-1767709800,TRADE,DOWN,ACCUM,5,0,0.7600,0.0000,0,0.0000,0,0.0000,0,0.0000,0.0000,0.00,0.0000,0.0000,0.0000,170.00,SUCCESS
2026-01-06T14:33:02.995791+00:00,btc-updown-15m-1767709800,TRADE,UP,ACCUM,7,0,0.1600,0.0000,0,0.0000,0,0.0000,0,0.0000,0.0000,0.00,0.0000,0.0000,0.0000,170.00,SUCCESS
2026-01-06T14:33:14.033730+00:00,btc-updown-15m-1767709800,TRADE,DOWN,ACCUM,5,0,0.7100,0.0000,0,0.0000,0,0.0000,0,0.0000,0.0000,0.00,0.0000,0.0000,0.0000,170.00,SUCCESS
2026-01-06T14:33:14.037264+00:00,btc-updown-15m-1767709800,TRADE,UP,ACCUM,5,0,0.2300,0.0000,0,0.0000,0,0.0000,0,0.0000,0.0000,0.00,0.0000,0.0000,0.0000,170.00,SUCCESS
2026-01-06T14:33:25.181857+00:00,btc-updown-15m-1767709800,TRADE,DOWN,ACCUM,5,0,0.7500,0.0000,0,0.0000,0,0.0000,0,0.0000,0.0000,0.00,0.0000,0.0000,0.0000,170.00,SUCCESS
2026-01-06T14:33:25.186506+00:00,btc-updown-15m-1767709800,TRADE,UP,ACCUM,6,0,0.1800,0.0000,0,0.0000,0,0.0000,0,0.0000,0.0000,0.00,0.0000,0.0000,0.0000,170.00,SUCCESS
2026-01-06T14:33:36.550812+00:00,btc-updown-15m-1767709800,TRADE,DOWN,ACCUM,5,0,0.7700,0.0000,0,0.0000,0,0.0000,0,0.0000,0.0000,0.00,0.0000,0.0000,0.0000,170.00,SUCCESS
2026-01-06T14:33:36.553749+00:00,btc-updown-15m-1767709800,TRADE,UP,ACCUM,7,0,0.1600,0.0000,0,0.0000,0,0.0000,0,0.0000,0.0000,0.00,0.0000,0.0000,0.0000,170.00,SUCCESS
2026-01-06T14:33:48.029782+00:00,btc-updown-15m-1767709800,TRADE,DOWN,ACCUM,5,0,0.7400,0.0000,0,0.0000,0,0.0000,0,0.0000,0.0000,0.00,0.0000,0.0000,0.0000,170.00,SUCCESS
2026-01-06T14:33:48.033455+00:00,btc-updown-15m-1767709800,TRADE,UP,ACCUM,6,0,0.1900,0.0000,0,0.0000,0,0.0000,0,0.0000,0.0000,0.00,0.0000,0.0000,0.0000,170.00,SUCCESS
2026-01-06T14:33:59.480694+00:00,btc-updown-15m-1767709800,TRADE,DOWN,ACCUM,5,0,0.7200,0.0000,0,0.0000,0,0.0000,0,0.0000,0.0000,0.00,0.0000,0.0000,0.0000,170.00,SUCCESS
2026-01-06T14:33:59.484882+00:00,btc-updown-15m-1767709800,TRADE,UP,ACCUM,5,0,0.2000,0.0000,0,0.0000,0,0.0000,0,0.0000,0.0000,0.00,0.0000,0.0000,0.0000,170.00,SUCCESS
2026-01-06T14:34:11.013830+00:00,btc-updown-15m-1767709800,TRADE,DOWN,ACCUM,5,0,0.6700,0.0000,0,0.0000,0,0.0000,0,0.0000,0.0000,0.00,0.0000,0.0000,0.0000,170.00,SUCCESS
2026-01-06T14:34:11.017686+00:00,btc-updown-15m-1767709800,TRADE,UP,ACCUM,5,0,0.2500,0.0000,0,0.0000,0,0.0000,0,0.0000,0.0000,0.00,0.0000,0.0000,0.0000,170.00,SUCCESS
2026-01-06T14:34:22.358621+00:00,btc-updown-15m-1767709800,TRADE,DOWN,ACCUM,5,0,0.7400,0.0000,0,0.0000,0,0.0000,0,0.0000,0.0000,0.00,0.0000,0.0000,0.0000,170.00,SUCCESS
2026-01-06T14:34:22.361510+00:00,btc-updown-15m-1767709800,TRADE,UP,ACCUM,5,0,0.2000,0.0000,0,0.0000,0,0.0000,0,0.0000,0.0000,0.00,0.0000,0.0000,0.0000,170.00,SUCCESS
2026-01-06T14:34:33.739770+00:00,btc-updown-15m-1767709800,TRADE,DOWN,ACCUM,5,0,0.8000,0.0000,0,0.0000,0,0.0000,0,0.0000,0.0000,0.00,0.0000,0.0000,0.0000,170.00,SUCCESS
2026-01-06T14:34:33.743306+00:00,btc-updown-15m-1767709800,TRADE,UP,ACCUM,8,0,0.1300,0.0000,0,0.0000,0,0.0000,0,0.0000,0.0000,0.00,0.0000,0.0000,0.0000,170.00,SUCCESS
2026-01-06T14:34:45.097053+00:00,btc-updown-15m-1767709800,TRADE,DOWN,ACCUM,5,0,0.7800,0.0000,0,0.0000,0,0.0000,0,0.0000,0.0000,0.00,0.0000,0.0000,0.0000,170.00,SUCCESS
2026-01-06T14:34:45.101089+00:00,btc-updown-15m-1767709800,TRADE,UP,ACCUM,7,0,0.1500,0.0000,0,0.0000,0,0.0000,0,0.0000,0.0000,0.00,0.0000,0.0000,0.0000,170.00,SUCCESS
2026-01-06T14:34:56.251246+00:00,btc-updown-15m-1767709800,TRADE,DOWN,ACCUM,5,0,0.7900,0.0000,0,0.0000,0,0.0000,0,0.0000,0.0000,0.00,0.0000,0.0000,0.0000,170.00,SUCCESS
2026-01-06T14:34:56.255100+00:00,btc-updown-15m-1767709800,TRADE,UP,ACCUM,8,0,0.1400,0.0000,0,0.0000,0,0.0000,0,0.0000,0.0000,0.00,0.0000,0.0000,0.0000,170.00,SUCCESS
2026-01-06T14:35:07.582365+00:00,btc-updown-15m-1767709800,TRADE,DOWN,ACCUM,5,0,0.7500,0.0000,0,0.0000,0,0.0000,0,0.0000,0.0000,0.00,0.0000,0.0000,0.0000,170.00,SUCCESS
2026-01-06T14:35:07.585986+00:00,btc-updown-15m-1767709800,TRADE,UP,ACCUM,5,0,0.2000,0.0000,0,0.0000,0,0.0000,0,0.0000,0.0000,0.00,0.0000,0.0000,0.0000,170.00,SUCCESS
2026-01-06T14:35:24.136945+00:00,btc-updown-15m-1767709800,TRADE,DOWN,ACCUM,5,0,0.8000,0.0000,0,0.0000,0,0.0000,0,0.0000,0.0000,0.00,0.0000,0.0000,0.0000,170.00,SUCCESS
2026-01-06T14:35:24.139826+00:00,btc-updown-15m-1767709800,TRADE,UP,ACCUM,7,0,0.1500,0.0000,0,0.0000,0,0.0000,0,0.0000,0.0000,0.00,0.0000,0.0000,0.0000,170.00,SUCCESS
2026-01-06T14:35:35.685658+00:00,btc-updown-15m-1767709800,TRADE,DOWN,ACCUM,5,0,0.7600,0.0000,0,0.0000,0,0.0000,0,0.0000,0.0000,0.00,0.0000,0.0000,0.0000,170.00,SUCCESS
2026-01-06T14:35:35.689943+00:00,btc-updown-15m-1767709800,TRADE,UP,ACCUM,6,0,0.1700,0.0000,0,0.0000,0,0.0000,0,0.0000,0.0000,0.00,0.0000,0.0000,0.0000,170.00,SUCCESS
2026-01-06T14:35:47.151805+00:00,btc-updown-15m-1767709800,TRADE,DOWN,ACCUM,5,0,0.7200,0.0000,0,0.0000,0,0.0000,0,0.0000,0.0000,0.00,0.0000,0.0000,0.0000,170.00,SUCCESS
2026-01-06T14:35:47.155605+00:00,btc-updown-15m-1767709800,TRADE,UP,ACCUM,5,0,0.2300,0.0000,0,0.0000,0,0.0000,0,0.0000,0.0000,0.00,0.0000,0.0000,0.0000,170.00,SUCCESS
2026-01-06T14:35:58.463611+00:00,btc-updown-15m-1767709800,TRADE,DOWN,ACCUM,5,0,0.7100,0.0000,0,0.0000,0,0.0000,0,0.0000,0.0000,0.00,0.0000,0.0000,0.0000,170.00,SUCCESS
2026-01-06T14:35:58.466296+00:00,btc-updown-15m-1767709800,TRADE,UP,ACCUM,5,0,0.2400,0.0000,0,0.0000,0,0.0000,0,0.0000,0.0000,0.00,0.0000,0.0000,0.0000,170.00,SUCCESS
2026-01-06T14:36:10.016707+00:00,btc-updown-15m-1767709800,TRADE,DOWN,ACCUM,5,0,0.7400,0.0000,0,0.0000,0,0.0000,0,0.0000,0.0000,0.00,0.0000,0.0000,0.0000,170.00,SUCCESS
2026-01-06T14:36:10.021175+00:00,btc-updown-15m-1767709800,TRADE,UP,ACCUM,5,0,0.2000,0.0000,0,0.0000,0,0.0000,0,0.0000,0.0000,0.00,0.0000,0.0000,0.0000,170.00,SUCCESS
2026-01-06T14:36:21.353971+00:00,btc-updown-15m-1767709800,TRADE,DOWN,ACCUM,5,0,0.6800,0.0000,0,0.0000,0,0.0000,0,0.0000,0.0000,0.00,0.0000,0.0000,0.0000,170.00,SUCCESS
2026-01-06T14:36:21.356764+00:00,btc-updown-15m-1767709800,TRADE,UP,ACCUM,5,0,0.2700,0.0000,0,0.0000,0,0.0000,0,0.0000,0.0000,0.00,0.0000,0.0000,0.0000,170.00,SUCCESS
2026-01-06T14:36:32.597452+00:00,btc-updown-15m-1767709800,TRADE,DOWN,ACCUM,5,0,0.7200,0.0000,0,0.0000,0,0.0000,0,0.0000,0.0000,0.00,0.0000,0.0000,0.0000,170.00,SUCCESS
2026-01-06T14:36:32.601857+00:00,btc-updown-15m-1767709800,TRADE,UP,ACCUM,5,0,0.2300,0.0000,0,0.0000,0,0.0000,0,0.0000,0.0000,0.00,0.0000,0.0000,0.0000,170.00,SUCCESS
2026-01-06T14:36:49.512540+00:00,btc-updown-15m-1767709800,TRADE,DOWN,ACCUM,5,0,0.7400,0.0000,0,0.0000,0,0.0000,0,0.0000,0.0000,0.00,0.0000,0.0000,0.0000,170.00,SUCCESS
2026-01-06T14:36:49.517236+00:00,btc-updown-15m-1767709800,TRADE,UP,ACCUM,5,0,0.2100,0.0000,0,0.0000,0,0.0000,0,0.0000,0.0000,0.00,0.0000,0.0000,0.0000,170.00,SUCCESS
2026-01-06T14:37:00.999771+00:00,btc-updown-15m-1767709800,TRADE,DOWN,ACCUM,5,0,0.7400,0.0000,0,0.0000,0,0.0000,0,0.0000,0.0000,0.00,0.0000,0.0000,0.0000,170.00,SUCCESS
2026-01-06T14:37:01.003925+00:00,btc-updown-15m-1767709800,TRADE,UP,ACCUM,5,0,0.2100,0.0000,0,0.0000,0,0.0000,0,0.0000,0.0000,0.00,0.0000,0.0000,0.0000,170.00,SUCCESS
2026-01-06T14:37:23.212257+00:00,btc-updown-15m-1767709800,TRADE,DOWN,ACCUM,5,0,0.8500,0.0000,0,0.0000,0,0.0000,0,0.0000,0.0000,0.00,0.0000,0.0000,0.0000,170.00,SUCCESS
2026-01-06T14:37:34.445799+00:00,btc-updown-15m-1767709800,TRADE,DOWN,ACCUM,10,0,0.8400,0.0000,0,0.0000,0,0.0000,0,0.0000,0.0000,0.00,0.0000,0.0000,0.0000,170.00,SUCCESS
2026-01-06T14:37:34.450309+00:00,btc-updown-15m-1767709800,TRADE,UP,ACCUM,10,0,0.1100,0.0000,0,0.0000,0,0.0000,0,0.0000,0.0000,0.00,0.0000,0.0000,0.0000,170.00,SUCCESS
2026-01-06T14:37:45.692639+00:00,btc-updown-15m-1767709800,TRADE,DOWN,ACCUM,10,0,0.8200,0.0000,0,0.0000,0,0.0000,0,0.0000,0.0000,0.00,0.0000,0.0000,0.0000,170.00,SUCCESS
2026-01-06T14:37:45.697494+00:00,btc-updown-15m-1767709800,TRADE,UP,ACCUM,10,0,0.1300,0.0000,0,0.0000,0,0.0000,0,0.0000,0.0000,0.00,0.0000,0.0000,0.0000,170.00,SUCCESS
2026-01-06T14:37:57.152912+00:00,btc-updown-15m-1767709800,TRADE,DOWN,ACCUM,10,0,0.8700,0.0000,0,0.0000,0,0.0000,0,0.0000,0.0000,0.00,0.0000,0.0000,0.0000,170.00,SUCCESS
2026-01-06T14:37:57.156583+00:00,btc-updown-15m-1767709800,TRADE,UP,ACCUM,13,0,0.0800,0.0000,0,0.0000,0,0.0000,0,0.0000,0.0000,0.00,0.0000,0.0000,0.0000,170.00,SUCCESS
2026-01-06T14:38:08.381644+00:00,btc-updown-15m-1767709800,TRADE,DOWN,ACCUM,10,0,0.8400,0.0000,0,0.0000,0,0.0000,0,0.0000,0.0000,0.00,0.0000,0.0000,0.0000,170.00,SUCCESS
2026-01-06T14:38:24.244598+00:00,btc-updown-15m-1767709800,TRADE,DOWN,ACCUM,10,0,0.8100,0.0000,0,0.0000,0,0.0000,0,0.0000,0.0000,0.00,0.0000,0.0000,0.0000,170.00,SUCCESS
2026-01-06T14:38:24.249420+00:00,btc-updown-15m-1767709800,TRADE,UP,ACCUM,10,0,0.1400,0.0000,0,0.0000,0,0.0000,0,0.0000,0.0000,0.00,0.0000,0.0000,0.0000,170.00,SUCCESS
2026-01-06T14:38:35.600946+00:00,btc-updown-15m-1767709800,TRADE,DOWN,ACCUM,10,0,0.8400,0.0000,0,0.0000,0,0.0000,0,0.0000,0.0000,0.00,0.0000,0.0000,0.0000,170.00,SUCCESS
2026-01-06T14:38:35.605703+00:00,btc-updown-15m-1767709800,TRADE,UP,ACCUM,10,0,0.1100,0.0000,0,0.0000,0,0.0000,0,0.0000,0.0000,0.00,0.0000,0.0000,0.0000,170.00,SUCCESS
2026-01-06T14:38:47.166138+00:00,btc-updown-15m-1767709800,TRADE,DOWN,ACCUM,10,0,0.8300,0.0000,0,0.0000,0,0.0000,0,0.0000,0.0000,0.00,0.0000,0.0000,0.0000,170.00,SUCCESS
2026-01-06T14:38:47.170369+00:00,btc-updown-15m-1767709800,TRADE,UP,ACCUM,10,0,0.1200,0.0000,0,0.0000,0,0.0000,0,0.0000,0.0000,0.00,0.0000,0.0000,0.0000,170.00,SUCCESS
2026-01-06T14:38:58.552652+00:00,btc-updown-15m-1767709800,TRADE,DOWN,ACCUM,10,0,0.7200,0.0000,0,0.0000,0,0.0000,0,0.0000,0.0000,0.00,0.0000,0.0000,0.0000,170.00,SUCCESS
2026-01-06T14:38:58.556438+00:00,btc-updown-15m-1767709800,TRADE,UP,ACCUM,10,0,0.2200,0.0000,0,0.0000,0,0.0000,0,0.0000,0.0000,0.00,0.0000,0.0000,0.0000,170.00,SUCCESS
2026-01-06T14:39:10.018149+00:00,btc-updown-15m-1767709800,TRADE,DOWN,ACCUM,10,0,0.7100,0.0000,0,0.0000,0,0.0000,0,0.0000,0.0000,0.00,0.0000,0.0000,0.0000,170.00,SUCCESS
2026-01-06T14:39:10.020808+00:00,btc-updown-15m-1767709800,TRADE,UP,ACCUM,10,0,0.2400,0.0000,0,0.0000,0,0.0000,0,0.0000,0.0000,0.00,0.0000,0.0000,0.0000,170.00,SUCCESS
2026-01-06T14:39:21.321348+00:00,btc-updown-15m-1767709800,TRADE,DOWN,ACCUM,10,0,0.6700,0.0000,0,0.0000,0,0.0000,0,0.0000,0.0000,0.00,0.0000,0.0000,0.0000,170.00,SUCCESS
2026-01-06T14:39:21.325842+00:00,btc-updown-15m-1767709800,TRADE,UP,ACCUM,10,0,0.2800,0.0000,0,0.0000,0,0.0000,0,0.0000,0.0000,0.00,0.0000,0.0000,0.0000,170.00,SUCCESS
2026-01-06T14:39:32.598553+00:00,btc-updown-15m-1767709800,TRADE,DOWN,ACCUM,10,0,0.6900,0.0000,0,0.0000,0,0.0000,0,0.0000,0.0000,0.00,0.0000,0.0000,0.0000,170.00,SUCCESS
2026-01-06T14:39:32.602019+00:00,btc-updown-15m-1767709800,TRADE,UP,ACCUM,10,0,0.2400,0.0000,0,0.0000,0,0.0000,0,0.0000,0.0000,0.00,0.0000,0.0000,0.0000,170.00,SUCCESS
2026-01-06T14:39:44.031663+00:00,btc-updown-15m-1767709800,TRADE,DOWN,ACCUM,10,0,0.5400,0.0000,0,0.0000,0,0.0000,0,0.0000,0.0000,0.00,0.0000,0.0000,0.0000,170.00,SUCCESS
2026-01-06T14:39:44.035200+00:00,btc-updown-15m-1767709800,TRADE,UP,ACCUM,10,0,0.4100,0.0000,0,0.0000,0,0.0000,0,0.0000,0.0000,0.00,0.0000,0.0000,0.0000,170.00,SUCCESS
2026-01-06T14:39:55.511213+00:00,btc-updown-15m-1767709800,TRADE,DOWN,ACCUM,10,0,0.6400,0.0000,0,0.0000,0,0.0000,0,0.0000,0.0000,0.00,0.0000,0.0000,0.0000,170.00,SUCCESS
2026-01-06T14:39:55.572461+00:00,btc-updown-15m-1767709800,TRADE,UP,ACCUM,10,0,0.3100,0.0000,0,0.0000,0,0.0000,0,0.0000,0.0000,0.00,0.0000,0.0000,0.0000,170.00,SUCCESS
2026-01-06T14:40:07.017358+00:00,btc-updown-15m-1767709800,TRADE,DOWN,ACCUM,10,0,0.5600,0.0000,0,0.0000,0,0.0000,0,0.0000,0.0000,0.00,0.0000,0.0000,0.0000,170.00,SUCCESS
2026-01-06T14:40:07.023404+00:00,btc-updown-15m-1767709800,TRADE,UP,ACCUM,10,0,0.4100,0.0000,0,0.0000,0,0.0000,0,0.0000,0.0000,0.00,0.0000,0.0000,0.0000,170.00,SUCCESS
2026-01-06T14:40:18.788203+00:00,btc-updown-15m-1767709800,TRADE,DOWN,ACCUM,10,0,0.5000,0.0000,0,0.0000,0,0.0000,0,0.0000,0.0000,0.00,0.0000,0.0000,0.0000,170.00,SUCCESS
2026-01-06T14:40:18.793736+00:00,btc-updown-15m-1767709800,TRADE,UP,ACCUM,10,0,0.4700,0.0000,0,0.0000,0,0.0000,0,0.0000,0.0000,0.00,0.0000,0.0000,0.0000,170.00,SUCCESS
2026-01-06T14:40:30.815457+00:00,btc-updown-15m-1767709800,TRADE,UP,ACCUM,10,0,0.4900,0.0000,0,0.0000,0,0.0000,0,0.0000,0.0000,0.00,0.0000,0.0000,0.0000,170.00,SUCCESS
2026-01-06T14:40:30.822533+00:00,btc-updown-15m-1767709800,TRADE,DOWN,ACCUM,10,0,0.4900,0.0000,0,0.0000,0,0.0000,0,0.0000,0.0000,0.00,0.0000,0.0000,0.0000,170.00,SUCCESS
2026-01-06T14:40:59.108862+00:00,btc-updown-15m-1767709800,TRADE,DOWN,ACCUM,10,0,0.7900,0.0000,0,0.0000,0,0.0000,0,0.0000,0.0000,0.00,0.0000,0.0000,0.0000,170.00,SUCCESS
2026-01-06T14:40:59.113813+00:00,btc-updown-15m-1767709800,TRADE,UP,ACCUM,10,0,0.1700,0.0000,0,0.0000,0,0.0000,0,0.0000,0.0000,0.00,0.0000,0.0000,0.0000,170.00,SUCCESS
2026-01-06T14:42:07.189786+00:00,btc-updown-15m-1767709800,TRADE,DOWN,ACCUM,10,0,0.8100,0.0000,0,0.0000,0,0.0000,0,0.0000,0.0000,0.00,0.0000,0.0000,0.0000,170.00,SUCCESS
2026-01-06T14:42:07.193605+00:00,btc-updown-15m-1767709800,TRADE,UP,ACCUM,10,0,0.1300,0.0000,0,0.0000,0,0.0000,0,0.0000,0.0000,0.00,0.0000,0.0000,0.0000,170.00,SUCCESS
2026-01-06T14:42:41.693444+00:00,btc-updown-15m-1767709800,TRADE,DOWN,ACCUM,10,0,0.7100,0.0000,0,0.0000,0,0.0000,0,0.0000,0.0000,0.00,0.0000,0.0000,0.0000,170.00,SUCCESS
2026-01-06T14:42:41.706988+00:00,btc-updown-15m-1767709800,TRADE,UP,ACCUM,10,0,0.2300,0.0000,0,0.0000,0,0.0000,0,0.0000,0.0000,0.00,0.0000,0.0000,0.0000,170.00,SUCCESS
2026-01-06T14:45:10.979967+00:00,btc-updown-15m-1767710700,TRADE,DOWN,ACCUM,5,0,0.5600,0.0000,0,0.0000,0,0.0000,0,0.0000,0.0000,0.00,0.0000,0.0000,0.0000,170.00,SUCCESS
2026-01-06T14:45:10.983058+00:00,btc-updown-15m-1767710700,TRADE,UP,ACCUM,5,0,0.3700,0.0000,0,0.0000,0,0.0000,0,0.0000,0.0000,0.00,0.0000,0.0000,0.0000,170.00,SUCCESS
2026-01-06T14:45:22.303851+00:00,btc-updown-15m-1767710700,TRADE,DOWN,ACCUM,5,0,0.4700,0.0000,0,0.0000,0,0.0000,0,0.0000,0.0000,0.00,0.0000,0.0000,0.0000,170.00,SUCCESS
2026-01-06T14:45:22.308310+00:00,btc-updown-15m-1767710700,TRADE,UP,ACCUM,5,0,0.4600,0.0000,0,0.0000,0,0.0000,0,0.0000,0.0000,0.00,0.0000,0.0000,0.0000,170.00,SUCCESS
2026-01-06T14:45:33.474267+00:00,btc-updown-15m-1767710700,TRADE,UP,ACCUM,5,0,0.4800,0.0000,0,0.0000,0,0.0000,0,0.0000,0.0000,0.00,0.0000,0.0000,0.0000,170.00,SUCCESS
2026-01-06T14:45:33.477863+00:00,btc-updown-15m-1767710700,TRADE,DOWN,ACCUM,5,0,0.4700,0.0000,0,0.0000,0,0.0000,0,0.0000,0.0000,0.00,0.0000,0.0000,0.0000,170.00,SUCCESS
2026-01-06T14:45:44.584658+00:00,btc-updown-15m-1767710700,TRADE,DOWN,ACCUM,5,0,0.5000,0.0000,0,0.0000,0,0.0000,0,0.0000,0.0000,0.00,0.0000,0.0000,0.0000,170.00,SUCCESS
2026-01-06T14:45:44.586665+00:00,btc-updown-15m-1767710700,TRADE,UP,ACCUM,5,0,0.4300,0.0000,0,0.0000,0,0.0000,0,0.0000,0.0000,0.00,0.0000,0.0000,0.0000,170.00,SUCCESS
2026-01-06T14:45:56.076310+00:00,btc-updown-15m-1767710700,TRADE,DOWN,ACCUM,5,0,0.5200,0.0000,0,0.0000,0,0.0000,0,0.0000,0.0000,0.00,0.0000,0.0000,0.0000,170.00,SUCCESS
2026-01-06T14:45:56.080298+00:00,btc-updown-15m-1767710700,TRADE,UP,ACCUM,5,0,0.4000,0.0000,0,0.0000,0,0.0000,0,0.0000,0.0000,0.00,0.0000,0.0000,0.0000,170.00,SUCCESS
2026-01-06T14:46:07.553311+00:00,btc-updown-15m-1767710700,TRADE,UP,ACCUM,5,0,0.4900,0.0000,0,0.0000,0,0.0000,0,0.0000,0.0000,0.00,0.0000,0.0000,0.0000,170.00,SUCCESS
2026-01-06T14:46:07.555833+00:00,btc-updown-15m-1767710700,TRADE,DOWN,ACCUM,5,0,0.4400,0.0000,0,0.0000,0,0.0000,0,0.0000,0.0000,0.00,0.0000,0.0000,0.0000,170.00,SUCCESS
2026-01-06T14:46:18.927199+00:00,btc-updown-15m-1767710700,TRADE,DOWN,ACCUM,5,0,0.5100,0.0000,0,0.0000,0,0.0000,0,0.0000,0.0000,0.00,0.0000,0.0000,0.0000,170.00,SUCCESS
2026-01-06T14:46:18.931418+00:00,btc-updown-15m-1767710700,TRADE,UP,ACCUM,5,0,0.4200,0.0000,0,0.0000,0,0.0000,0,0.0000,0.0000,0.00,0.0000,0.0000,0.0000,170.00,SUCCESS
2026-01-06T14:46:30.047578+00:00,btc-updown-15m-1767710700,TRADE,DOWN,ACCUM,5,0,0.5300,0.0000,0,0.0000,0,0.0000,0,0.0000,0.0000,0.00,0.0000,0.0000,0.0000,170.00,SUCCESS
2026-01-06T14:46:30.052846+00:00,btc-updown-15m-1767710700,TRADE,UP,ACCUM,5,0,0.4000,0.0000,0,0.0000,0,0.0000,0,0.0000,0.0000,0.00,0.0000,0.0000,0.0000,170.00,SUCCESS
2026-01-06T14:46:41.377031+00:00,btc-updown-15m-1767710700,TRADE,DOWN,ACCUM,5,0,0.5300,0.0000,0,0.0000,0,0.0000,0,0.0000,0.0000,0.00,0.0000,0.0000,0.0000,170.00,SUCCESS
2026-01-06T14:46:41.380847+00:00,btc-updown-15m-1767710700,TRADE,UP,ACCUM,5,0,0.4000,0.0000,0,0.0000,0,0.0000,0,0.0000,0.0000,0.00,0.0000,0.0000,0.0000,170.00,SUCCESS
2026-01-06T14:46:52.560567+00:00,btc-updown-15m-1767710700,TRADE,UP,ACCUM,5,0,0.5100,0.0000,0,0.0000,0,0.0000,0,0.0000,0.0000,0.00,0.0000,0.0000,0.0000,170.00,SUCCESS
2026-01-06T14:46:52.564058+00:00,btc-updown-15m-1767710700,TRADE,DOWN,ACCUM,5,0,0.4100,0.0000,0,0.0000,0,0.0000,0,0.0000,0.0000,0.00,0.0000,0.0000,0.0000,170.00,SUCCESS
2026-01-06T14:47:03.857505+00:00,btc-updown-15m-1767710700,TRADE,UP,ACCUM,5,0,0.4800,0.0000,0,0.0000,0,0.0000,0,0.0000,0.0000,0.00,0.0000,0.0000,0.0000,170.00,SUCCESS
2026-01-06T14:47:03.861142+00:00,btc-updown-15m-1767710700,TRADE,DOWN,ACCUM,5,0,0.4500,0.0000,0,0.0000,0,0.0000,0,0.0000,0.0000,0.00,0.0000,0.0000,0.0000,170.00,SUCCESS
2026-01-06T14:47:15.183890+00:00,btc-updown-15m-1767710700,TRADE,DOWN,ACCUM,5,0,0.5600,0.0000,0,0.0000,0,0.0000,0,0.0000,0.0000,0.00,0.0000,0.0000,0.0000,170.00,SUCCESS
2026-01-06T14:47:15.187580+00:00,btc-updown-15m-1767710700,TRADE,UP,ACCUM,5,0,0.3700,0.0000,0,0.0000,0,0.0000,0,0.0000,0.0000,0.00,0.0000,0.0000,0.0000,170.00,SUCCESS
2026-01-06T14:47:26.526418+00:00,btc-updown-15m-1767710700,TRADE,DOWN,ACCUM,5,0,0.6200,0.0000,0,0.0000,0,0.0000,0,0.0000,0.0000,0.00,0.0000,0.0000,0.0000,170.00,SUCCESS
2026-01-06T14:47:26.530205+00:00,btc-updown-15m-1767710700,TRADE,UP,ACCUM,5,0,0.3100,0.0000,0,0.0000,0,0.0000,0,0.0000,0.0000,0.00,0.0000,0.0000,0.0000,170.00,SUCCESS
2026-01-06T14:47:37.619909+00:00,btc-updown-15m-1767710700,TRADE,DOWN,ACCUM,5,0,0.6500,0.0000,0,0.0000,0,0.0000,0,0.0000,0.0000,0.00,0.0000,0.0000,0.0000,170.00,SUCCESS
2026-01-06T14:47:37.623982+00:00,btc-updown-15m-1767710700,TRADE,UP,ACCUM,5,0,0.2800,0.0000,0,0.0000,0,0.0000,0,0.0000,0.0000,0.00,0.0000,0.0000,0.0000,170.00,SUCCESS
2026-01-06T14:47:48.721127+00:00,btc-updown-15m-1767710700,TRADE,DOWN,ACCUM,5,0,0.7000,0.0000,0,0.0000,0,0.0000,0,0.0000,0.0000,0.00,0.0000,0.0000,0.0000,170.00,SUCCESS
2026-01-06T14:47:48.725515+00:00,btc-updown-15m-1767710700,TRADE,UP,ACCUM,5,0,0.2300,0.0000,0,0.0000,0,0.0000,0,0.0000,0.0000,0.00,0.0000,0.0000,0.0000,170.00,SUCCESS
2026-01-06T14:47:59.805839+00:00,btc-updown-15m-1767710700,TRADE,DOWN,ACCUM,5,0,0.7500,0.0000,0,0.0000,0,0.0000,0,0.0000,0.0000,0.00,0.0000,0.0000,0.0000,170.00,SUCCESS
2026-01-06T14:47:59.807985+00:00,btc-updown-15m-1767710700,TRADE,UP,ACCUM,6,0,0.1800,0.0000,0,0.0000,0,0.0000,0,0.0000,0.0000,0.00,0.0000,0.0000,0.0000,170.00,SUCCESS
2026-01-06T14:48:11.173749+00:00,btc-updown-15m-1767710700,TRADE,DOWN,ACCUM,5,0,0.7800,0.0000,0,0.0000,0,0.0000,0,0.0000,0.0000,0.00,0.0000,0.0000,0.0000,170.00,SUCCESS
2026-01-06T14:48:11.178140+00:00,btc-updown-15m-1767710700,TRADE,UP,ACCUM,8,0,0.1400,0.0000,0,0.0000,0,0.0000,0,0.0000,0.0000,0.00,0.0000,0.0000,0.0000,170.00,SUCCESS
2026-01-06T14:48:22.415217+00:00,btc-updown-15m-1767710700,TRADE,DOWN,ACCUM,5,0,0.8000,0.0000,0,0.0000,0,0.0000,0,0.0000,0.0000,0.00,0.0000,0.0000,0.0000,170.00,SUCCESS
2026-01-06T14:48:22.419288+00:00,btc-updown-15m-1767710700,TRADE,UP,ACCUM,8,0,0.1300,0.0000,0,0.0000,0,0.0000,0,0.0000,0.0000,0.00,0.0000,0.0000,0.0000,170.00,SUCCESS
2026-01-06T14:48:33.806722+00:00,btc-updown-15m-1767710700,TRADE,DOWN,ACCUM,5,0,0.8100,0.0000,0,0.0000,0,0.0000,0,0.0000,0.0000,0.00,0.0000,0.0000,0.0000,170.00,SUCCESS
2026-01-06T14:48:45.103563+00:00,btc-updown-15m-1767710700,TRADE,DOWN,ACCUM,5,0,0.8000,0.0000,0,0.0000,0,0.0000,0,0.0000,0.0000,0.00,0.0000,0.0000,0.0000,170.00,SUCCESS
2026-01-06T14:48:45.108657+00:00,btc-updown-15m-1767710700,TRADE,UP,ACCUM,8,0,0.1300,0.0000,0,0.0000,0,0.0000,0,0.0000,0.0000,0.00,0.0000,0.0000,0.0000,170.00,SUCCESS
2026-01-06T14:48:56.342665+00:00,btc-updown-15m-1767710700,TRADE,DOWN,ACCUM,5,0,0.8100,0.0000,0,0.0000,0,0.0000,0,0.0000,0.0000,0.00,0.0000,0.0000,0.0000,170.00,SUCCESS
2026-01-06T14:49:07.759382+00:00,btc-updown-15m-1767710700,TRADE,DOWN,ACCUM,5,0,0.8600,0.0000,0,0.0000,0,0.0000,0,0.0000,0.0000,0.00,0.0000,0.0000,0.0000,170.00,SUCCESS
2026-01-06T14:49:19.073810+00:00,btc-updown-15m-1767710700,TRADE,DOWN,ACCUM,5,0,0.8500,0.0000,0,0.0000,0,0.0000,0,0.0000,0.0000,0.00,0.0000,0.0000,0.0000,170.00,SUCCESS
2026-01-06T14:49:30.340694+00:00,btc-updown-15m-1767710700,TRADE,DOWN,ACCUM,5,0,0.8500,0.0000,0,0.0000,0,0.0000,0,0.0000,0.0000,0.00,0.0000,0.0000,0.0000,170.00,SUCCESS
2026-01-06T14:49:36.019785+00:00,btc-updown-15m-1767710700,TRADE,UP,ACCUM,7,0,0.1500,0.0000,0,0.0000,0,0.0000,0,0.0000,0.0000,0.00,0.0000,0.0000,0.0000,170.00,SUCCESS
2026-01-06T14:49:41.786219+00:00,btc-updown-15m-1767710700,TRADE,DOWN,ACCUM,5,0,0.7800,0.0000,0,0.0000,0,0.0000,0,0.0000,0.0000,0.00,0.0000,0.0000,0.0000,170.00,SUCCESS
2026-01-06T14:49:47.233228+00:00,btc-updown-15m-1767710700,TRADE,UP,ACCUM,7,0,0.1500,0.0000,0,0.0000,0,0.0000,0,0.0000,0.0000,0.00,0.0000,0.0000,0.0000,170.00,SUCCESS
2026-01-06T14:49:52.720067+00:00,btc-updown-15m-1767710700,TRADE,DOWN,ACCUM,5,0,0.7500,0.0000,0,0.0000,0,0.0000,0,0.0000,0.0000,0.00,0.0000,0.0000,0.0000,170.00,SUCCESS
2026-01-06T14:49:58.412300+00:00,btc-updown-15m-1767710700,TRADE,UP,ACCUM,6,0,0.1900,0.0000,0,0.0000,0,0.0000,0,0.0000,0.0000,0.00,0.0000,0.0000,0.0000,170.00,SUCCESS
2026-01-06T14:50:04.148905+00:00,btc-updown-15m-1767710700,TRADE,DOWN,ACCUM,5,0,0.7200,0.0000,0,0.0000,0,0.0000,0,0.0000,0.0000,0.00,0.0000,0.0000,0.0000,170.00,SUCCESS
2026-01-06T14:50:09.931382+00:00,btc-updown-15m-1767710700,TRADE,UP,ACCUM,5,0,0.2500,0.0000,0,0.0000,0,0.0000,0,0.0000,0.0000,0.00,0.0000,0.0000,0.0000,170.00,SUCCESS
2026-01-06T14:50:21.528034+00:00,btc-updown-15m-1767710700,TRADE,DOWN,ACCUM,5,0,0.7100,0.0000,0,0.0000,0,0.0000,0,0.0000,0.0000,0.00,0.0000,0.0000,0.0000,170.00,SUCCESS
2026-01-06T14:50:21.531640+00:00,btc-updown-15m-1767710700,TRADE,UP,ACCUM,5,0,0.2300,0.0000,0,0.0000,0,0.0000,0,0.0000,0.0000,0.00,0.0000,0.0000,0.0000,170.00,SUCCESS
2026-01-06T14:50:38.879760+00:00,btc-updown-15m-1767710700,TRADE,DOWN,ACCUM,5,0,0.6400,0.0000,0,0.0000,0,0.0000,0,0.0000,0.0000,0.00,0.0000,0.0000,0.0000,170.00,SUCCESS
2026-01-06T14:50:38.884065+00:00,btc-updown-15m-1767710700,TRADE,UP,ACCUM,5,0,0.3000,0.0000,0,0.0000,0,0.0000,0,0.0000,0.0000,0.00,0.0000,0.0000,0.0000,170.00,SUCCESS
2026-01-06T14:50:50.244333+00:00,btc-updown-15m-1767710700,TRADE,DOWN,ACCUM,5,0,0.5400,0.0000,0,0.0000,0,0.0000,0,0.0000,0.0000,0.00,0.0000,0.0000,0.0000,170.00,SUCCESS
2026-01-06T14:50:50.247248+00:00,btc-updown-15m-1767710700,TRADE,UP,ACCUM,5,0,0.4100,0.0000,0,0.0000,0,0.0000,0,0.0000,0.0000,0.00,0.0000,0.0000,0.0000,170.00,SUCCESS
2026-01-06T14:51:01.588712+00:00,btc-updown-15m-1767710700,TRADE,UP,ACCUM,5,0,0.4700,0.0000,0,0.0000,0,0.0000,0,0.0000,0.0000,0.00,0.0000,0.0000,0.0000,170.00,SUCCESS
2026-01-06T14:51:01.591997+00:00,btc-updown-15m-1767710700,TRADE,DOWN,ACCUM,5,0,0.4700,0.0000,0,0.0000,0,0.0000,0,0.0000,0.0000,0.00,0.0000,0.0000,0.0000,170.00,SUCCESS
2026-01-06T14:51:19.548520+00:00,btc-updown-15m-1767710700,TRADE,DOWN,ACCUM,5,0,0.5700,0.0000,0,0.0000,0,0.0000,0,0.0000,0.0000,0.00,0.0000,0.0000,0.0000,170.00,SUCCESS
2026-01-06T14:51:19.551820+00:00,btc-updown-15m-1767710700,TRADE,UP,ACCUM,5,0,0.3800,0.0000,0,0.0000,0,0.0000,0,0.0000,0.0000,0.00,0.0000,0.0000,0.0000,170.00,SUCCESS
2026-01-06T14:51:31.119724+00:00,btc-updown-15m-1767710700,TRADE,DOWN,ACCUM,5,0,0.5500,0.0000,0,0.0000,0,0.0000,0,0.0000,0.0000,0.00,0.0000,0.0000,0.0000,170.00,SUCCESS
2026-01-06T14:51:31.123428+00:00,btc-updown-15m-1767710700,TRADE,UP,ACCUM,5,0,0.3900,0.0000,0,0.0000,0,0.0000,0,0.0000,0.0000,0.00,0.0000,0.0000,0.0000,170.00,SUCCESS
2026-01-06T14:51:47.980182+00:00,btc-updown-15m-1767710700,TRADE,DOWN,ACCUM,5,0,0.5300,0.0000,0,0.0000,0,0.0000,0,0.0000,0.0000,0.00,0.0000,0.0000,0.0000,170.00,SUCCESS
2026-01-06T14:51:47.984968+00:00,btc-updown-15m-1767710700,TRADE,UP,ACCUM,5,0,0.4200,0.0000,0,0.0000,0,0.0000,0,0.0000,0.0000,0.00,0.0000,0.0000,0.0000,170.00,SUCCESS
2026-01-06T14:51:59.339978+00:00,btc-updown-15m-1767710700,TRADE,DOWN,ACCUM,5,0,0.6800,0.0000,0,0.0000,0,0.0000,0,0.0000,0.0000,0.00,0.0000,0.0000,0.0000,170.00,SUCCESS
2026-01-06T14:51:59.344870+00:00,btc-updown-15m-1767710700,TRADE,UP,ACCUM,5,0,0.2600,0.0000,0,0.0000,0,0.0000,0,0.0000,0.0000,0.00,0.0000,0.0000,0.0000,170.00,SUCCESS
2026-01-06T14:52:16.356081+00:00,btc-updown-15m-1767710700,TRADE,DOWN,ACCUM,5,0,0.7400,0.0000,0,0.0000,0,0.0000,0,0.0000,0.0000,0.00,0.0000,0.0000,0.0000,170.00,SUCCESS
2026-01-06T14:52:16.360143+00:00,btc-updown-15m-1767710700,TRADE,UP,ACCUM,5,0,0.2100,0.0000,0,0.0000,0,0.0000,0,0.0000,0.0000,0.00,0.0000,0.0000,0.0000,170.00,SUCCESS
2026-01-06T14:52:27.823244+00:00,btc-updown-15m-1767710700,TRADE,DOWN,ACCUM,5,0,0.8200,0.0000,0,0.0000,0,0.0000,0,0.0000,0.0000,0.00,0.0000,0.0000,0.0000,170.00,SUCCESS
2026-01-06T14:52:27.826076+00:00,btc-updown-15m-1767710700,TRADE,UP,ACCUM,8,0,0.1300,0.0000,0,0.0000,0,0.0000,0,0.0000,0.0000,0.00,0.0000,0.0000,0.0000,170.00,SUCCESS
2026-01-06T14:52:39.071804+00:00,btc-updown-15m-1767710700,TRADE,DOWN,ACCUM,10,0,0.8600,0.0000,0,0.0000,0,0.0000,0,0.0000,0.0000,0.00,0.0000,0.0000,0.0000,170.00,SUCCESS
2026-01-06T14:52:39.075806+00:00,btc-updown-15m-1767710700,TRADE,UP,ACCUM,13,0,0.0800,0.0000,0,0.0000,0,0.0000,0,0.0000,0.0000,0.00,0.0000,0.0000,0.0000,170.00,SUCCESS
2026-01-06T14:52:50.532139+00:00,btc-updown-15m-1767710700,TRADE,DOWN,ACCUM,10,0,0.8900,0.0000,0,0.0000,0,0.0000,0,0.0000,0.0000,0.00,0.0000,0.0000,0.0000,170.00,SUCCESS
2026-01-06T14:53:12.952975+00:00,btc-updown-15m-1767710700,TRADE,DOWN,ACCUM,10,0,0.9100,0.0000,0,0.0000,0,0.0000,0,0.0000,0.0000,0.00,0.0000,0.0000,0.0000,170.00,SUCCESS
2026-01-06T14:53:24.274305+00:00,btc-updown-15m-1767710700,TRADE,DOWN,ACCUM,10,0,0.9100,0.0000,0,0.0000,0,0.0000,0,0.0000,0.0000,0.00,0.0000,0.0000,0.0000,170.00,SUCCESS
2026-01-06T14:53:35.617511+00:00,btc-updown-15m-1767710700,TRADE,DOWN,ACCUM,10,0,0.9100,0.0000,0,0.0000,0,0.0000,0,0.0000,0.0000,0.00,0.0000,0.0000,0.0000,170.00,SUCCESS
2026-01-06T14:53:53.453997+00:00,btc-updown-15m-1767710700,TRADE,DOWN,ACCUM,10,0,0.9200,0.0000,0,0.0000,0,0.0000,0,0.0000,0.0000,0.00,0.0000,0.0000,0.0000,170.00,SUCCESS
2026-01-06T14:54:10.532860+00:00,btc-updown-15m-1767710700,TRADE,DOWN,ACCUM,10,0,0.9000,0.0000,0,0.0000,0,0.0000,0,0.0000,0.0000,0.00,0.0000,0.0000,0.0000,170.00,SUCCESS
2026-01-06T14:54:21.649513+00:00,btc-updown-15m-1767710700,TRADE,DOWN,ACCUM,10,0,0.8800,0.0000,0,0.0000,0,0.0000,0,0.0000,0.0000,0.00,0.0000,0.0000,0.0000,170.00,SUCCESS
2026-01-06T14:54:33.233890+00:00,btc-updown-15m-1767710700,TRADE,DOWN,ACCUM,10,0,0.9100,0.0000,0,0.0000,0,0.0000,0,0.0000,0.0000,0.00,0.0000,0.0000,0.0000,170.00,SUCCESS
2026-01-06T14:54:44.765716+00:00,btc-updown-15m-1767710700,TRADE,DOWN,ACCUM,10,0,0.9300,0.0000,0,0.0000,0,0.0000,0,0.0000,0.0000,0.00,0.0000,0.0000,0.0000,170.00,SUCCESS
2026-01-06T14:54:56.431705+00:00,btc-updown-15m-1767710700,TRADE,DOWN,ACCUM,10,0,0.9200,0.0000,0,0.0000,0,0.0000,0,0.0000,0.0000,0.00,0.0000,0.0000,0.0000,170.00,SUCCESS
2026-01-06T14:55:13.655293+00:00,btc-updown-15m-1767710700,TRADE,DOWN,ACCUM,10,0,0.9300,0.0000,0,0.0000,0,0.0000,0,0.0000,0.0000,0.00,0.0000,0.0000,0.0000,170.00,SUCCESS
2026-01-06T15:00:18.634930+00:00,btc-updown-15m-1767711600,TRADE,DOWN,ACCUM,5,0,0.5100,0.0000,0,0.0000,0,0.0000,0,0.0000,0.0000,0.00,0.0000,0.0000,0.0000,170.00,SUCCESS
2026-01-06T15:00:18.639840+00:00,btc-updown-15m-1767711600,TRADE,UP,ACCUM,5,0,0.4200,0.0000,0,0.0000,0,0.0000,0,0.0000,0.0000,0.00,0.0000,0.0000,0.0000,170.00,SUCCESS
2026-01-06T15:00:29.850194+00:00,btc-updown-15m-1767711600,TRADE,DOWN,ACCUM,5,0,0.5600,0.0000,0,0.0000,0,0.0000,0,0.0000,0.0000,0.00,0.0000,0.0000,0.0000,170.00,SUCCESS
2026-01-06T15:00:29.854111+00:00,btc-updown-15m-1767711600,TRADE,UP,ACCUM,5,0,0.3700,0.0000,0,0.0000,0,0.0000,0,0.0000,0.0000,0.00,0.0000,0.0000,0.0000,170.00,SUCCESS
2026-01-06T15:00:41.258381+00:00,btc-updown-15m-1767711600,TRADE,DOWN,ACCUM,5,0,0.5100,0.0000,0,0.0000,0,0.0000,0,0.0000,0.0000,0.00,0.0000,0.0000,0.0000,170.00,SUCCESS
2026-01-06T15:00:41.261570+00:00,btc-updown-15m-1767711600,TRADE,UP,ACCUM,5,0,0.4200,0.0000,0,0.0000,0,0.0000,0,0.0000,0.0000,0.00,0.0000,0.0000,0.0000,170.00,SUCCESS
2026-01-06T15:00:53.626629+00:00,btc-updown-15m-1767711600,TRADE,UP,ACCUM,5,0,0.4800,0.0000,0,0.0000,0,0.0000,0,0.0000,0.0000,0.00,0.0000,0.0000,0.0000,170.00,SUCCESS
2026-01-06T15:00:53.631740+00:00,btc-updown-15m-1767711600,TRADE,DOWN,ACCUM,5,0,0.4500,0.0000,0,0.0000,0,0.0000,0,0.0000,0.0000,0.00,0.0000,0.0000,0.0000,170.00,SUCCESS
2026-01-06T15:01:04.975381+00:00,btc-updown-15m-1767711600,TRADE,UP,ACCUM,5,0,0.4700,0.0000,0,0.0000,0,0.0000,0,0.0000,0.0000,0.00,0.0000,0.0000,0.0000,170.00,SUCCESS
2026-01-06T15:01:04.982509+00:00,btc-updown-15m-1767711600,TRADE,DOWN,ACCUM,5,0,0.4400,0.0000,0,0.0000,0,0.0000,0,0.0000,0.0000,0.00,0.0000,0.0000,0.0000,170.00,SUCCESS
2026-01-06T15:01:22.312948+00:00,btc-updown-15m-1767711600,TRADE,DOWN,ACCUM,5,0,0.4700,0.0000,0,0.0000,0,0.0000,0,0.0000,0.0000,0.00,0.0000,0.0000,0.0000,170.00,SUCCESS
2026-01-06T15:01:22.319396+00:00,btc-updown-15m-1767711600,TRADE,UP,ACCUM,5,0,0.4600,0.0000,0,0.0000,0,0.0000,0,0.0000,0.0000,0.00,0.0000,0.0000,0.0000,170.00,SUCCESS
2026-01-06T15:01:33.982312+00:00,btc-updown-15m-1767711600,TRADE,DOWN,ACCUM,5,0,0.5000,0.0000,0,0.0000,0,0.0000,0,0.0000,0.0000,0.00,0.0000,0.0000,0.0000,170.00,SUCCESS
2026-01-06T15:01:33.987225+00:00,btc-updown-15m-1767711600,TRADE,UP,ACCUM,5,0,0.4400,0.0000,0,0.0000,0,0.0000,0,0.0000,0.0000,0.00,0.0000,0.0000,0.0000,170.00,SUCCESS
2026-01-06T15:01:46.347796+00:00,btc-updown-15m-1767711600,TRADE,DOWN,ACCUM,5,0,0.5900,0.0000,0,0.0000,0,0.0000,0,0.0000,0.0000,0.00,0.0000,0.0000,0.0000,170.00,SUCCESS
2026-01-06T15:01:46.352108+00:00,btc-updown-15m-1767711600,TRADE,UP,ACCUM,5,0,0.3400,0.0000,0,0.0000,0,0.0000,0,0.0000,0.0000,0.00,0.0000,0.0000,0.0000,170.00,SUCCESS
2026-01-06T15:01:58.052213+00:00,btc-updown-15m-1767711600,TRADE,DOWN,ACCUM,5,0,0.5700,0.0000,0,0.0000,0,0.0000,0,0.0000,0.0000,0.00,0.0000,0.0000,0.0000,170.00,SUCCESS
2026-01-06T15:01:58.054329+00:00,btc-updown-15m-1767711600,TRADE,UP,ACCUM,5,0,0.3600,0.0000,0,0.0000,0,0.0000,0,0.0000,0.0000,0.00,0.0000,0.0000,0.0000,170.00,SUCCESS
2026-01-06T15:02:09.624576+00:00,btc-updown-15m-1767711600,TRADE,DOWN,ACCUM,5,0,0.5400,0.0000,0,0.0000,0,0.0000,0,0.0000,0.0000,0.00,0.0000,0.0000,0.0000,170.00,SUCCESS
2026-01-06T15:02:09.628901+00:00,btc-updown-15m-1767711600,TRADE,UP,ACCUM,5,0,0.3900,0.0000,0,0.0000,0,0.0000,0,0.0000,0.0000,0.00,0.0000,0.0000,0.0000,170.00,SUCCESS
2026-01-06T15:02:21.229770+00:00,btc-updown-15m-1767711600,TRADE,DOWN,ACCUM,5,0,0.5800,0.0000,0,0.0000,0,0.0000,0,0.0000,0.0000,0.00,0.0000,0.0000,0.0000,170.00,SUCCESS
2026-01-06T15:02:21.234403+00:00,btc-updown-15m-1767711600,TRADE,UP,ACCUM,5,0,0.3500,0.0000,0,0.0000,0,0.0000,0,0.0000,0.0000,0.00,0.0000,0.0000,0.0000,170.00,SUCCESS
2026-01-06T15:02:32.696357+00:00,btc-updown-15m-1767711600,TRADE,DOWN,ACCUM,5,0,0.5800,0.0000,0,0.0000,0,0.0000,0,0.0000,0.0000,0.00,0.0000,0.0000,0.0000,170.00,SUCCESS
2026-01-06T15:02:32.701269+00:00,btc-updown-15m-1767711600,TRADE,UP,ACCUM,5,0,0.3600,0.0000,0,0.0000,0,0.0000,0,0.0000,0.0000,0.00,0.0000,0.0000,0.0000,170.00,SUCCESS
2026-01-06T15:02:44.393349+00:00,btc-updown-15m-1767711600,TRADE,DOWN,ACCUM,5,0,0.6300,0.0000,0,0.0000,0,0.0000,0,0.0000,0.0000,0.00,0.0000,0.0000,0.0000,170.00,SUCCESS
2026-01-06T15:02:44.397721+00:00,btc-updown-15m-1767711600,TRADE,UP,ACCUM,5,0,0.3000,0.0000,0,0.0000,0,0.0000,0,0.0000,0.0000,0.00,0.0000,0.0000,0.0000,170.00,SUCCESS
2026-01-06T15:02:55.750743+00:00,btc-updown-15m-1767711600,TRADE,DOWN,ACCUM,5,0,0.5900,0.0000,0,0.0000,0,0.0000,0,0.0000,0.0000,0.00,0.0000,0.0000,0.0000,170.00,SUCCESS
2026-01-06T15:02:55.752819+00:00,btc-updown-15m-1767711600,TRADE,UP,ACCUM,5,0,0.3400,0.0000,0,0.0000,0,0.0000,0,0.0000,0.0000,0.00,0.0000,0.0000,0.0000,170.00,SUCCESS
2026-01-06T15:03:07.164776+00:00,btc-updown-15m-1767711600,TRADE,DOWN,ACCUM,5,0,0.5700,0.0000,0,0.0000,0,0.0000,0,0.0000,0.0000,0.00,0.0000,0.0000,0.0000,170.00,SUCCESS
2026-01-06T15:03:07.169050+00:00,btc-updown-15m-1767711600,TRADE,UP,ACCUM,5,0,0.3600,0.0000,0,0.0000,0,0.0000,0,0.0000,0.0000,0.00,0.0000,0.0000,0.0000,170.00,SUCCESS
2026-01-06T15:03:18.521338+00:00,btc-updown-15m-1767711600,TRADE,DOWN,ACCUM,5,0,0.5400,0.0000,0,0.0000,0,0.0000,0,0.0000,0.0000,0.00,0.0000,0.0000,0.0000,170.00,SUCCESS
2026-01-06T15:03:18.524234+00:00,btc-updown-15m-1767711600,TRADE,UP,ACCUM,5,0,0.3900,0.0000,0,0.0000,0,0.0000,0,0.0000,0.0000,0.00,0.0000,0.0000,0.0000,170.00,SUCCESS
2026-01-06T15:03:29.870038+00:00,btc-updown-15m-1767711600,TRADE,DOWN,ACCUM,5,0,0.5300,0.0000,0,0.0000,0,0.0000,0,0.0000,0.0000,0.00,0.0000,0.0000,0.0000,170.00,SUCCESS
2026-01-06T15:03:29.872908+00:00,btc-updown-15m-1767711600,TRADE,UP,ACCUM,5,0,0.4000,0.0000,0,0.0000,0,0.0000,0,0.0000,0.0000,0.00,0.0000,0.0000,0.0000,170.00,SUCCESS
2026-01-06T15:03:47.249974+00:00,btc-updown-15m-1767711600,TRADE,DOWN,ACCUM,5,0,0.5100,0.0000,0,0.0000,0,0.0000,0,0.0000,0.0000,0.00,0.0000,0.0000,0.0000,170.00,SUCCESS
2026-01-06T15:03:47.255522+00:00,btc-updown-15m-1767711600,TRADE,UP,ACCUM,5,0,0.4200,0.0000,0,0.0000,0,0.0000,0,0.0000,0.0000,0.00,0.0000,0.0000,0.0000,170.00,SUCCESS
2026-01-06T15:03:58.587936+00:00,btc-updown-15m-1767711600,TRADE,UP,ACCUM,5,0,0.4800,0.0000,0,0.0000,0,0.0000,0,0.0000,0.0000,0.00,0.0000,0.0000,0.0000,170.00,SUCCESS
2026-01-06T15:03:58.591017+00:00,btc-updown-15m-1767711600,TRADE,DOWN,ACCUM,5,0,0.4500,0.0000,0,0.0000,0,0.0000,0,0.0000,0.0000,0.00,0.0000,0.0000,0.0000,170.00,SUCCESS
2026-01-06T15:04:09.975992+00:00,btc-updown-15m-1767711600,TRADE,DOWN,ACCUM,5,0,0.4700,0.0000,0,0.0000,0,0.0000,0,0.0000,0.0000,0.00,0.0000,0.0000,0.0000,170.00,SUCCESS
2026-01-06T15:04:09.980940+00:00,btc-updown-15m-1767711600,TRADE,UP,ACCUM,5,0,0.4500,0.0000,0,0.0000,0,0.0000,0,0.0000,0.0000,0.00,0.0000,0.0000,0.0000,170.00,SUCCESS
2026-01-06T15:04:21.359652+00:00,btc-updown-15m-1767711600,TRADE,UP,ACCUM,5,0,0.4700,0.0000,0,0.0000,0,0.0000,0,0.0000,0.0000,0.00,0.0000,0.0000,0.0000,170.00,SUCCESS
2026-01-06T15:04:21.363933+00:00,btc-updown-15m-1767711600,TRADE,DOWN,ACCUM,5,0,0.4600,0.0000,0,0.0000,0,0.0000,0,0.0000,0.0000,0.00,0.0000,0.0000,0.0000,170.00,SUCCESS
2026-01-06T15:04:33.010994+00:00,btc-updown-15m-1767711600,TRADE,DOWN,ACCUM,5,0,0.5400,0.0000,0,0.0000,0,0.0000,0,0.0000,0.0000,0.00,0.0000,0.0000,0.0000,170.00,SUCCESS
2026-01-06T15:04:33.014169+00:00,btc-updown-15m-1767711600,TRADE,UP,ACCUM,5,0,0.3900,0.0000,0,0.0000,0,0.0000,0,0.0000,0.0000,0.00,0.0000,0.0000,0.0000,170.00,SUCCESS
2026-01-06T15:04:44.520368+00:00,btc-updown-15m-1767711600,TRADE,DOWN,ACCUM,5,0,0.5600,0.0000,0,0.0000,0,0.0000,0,0.0000,0.0000,0.00,0.0000,0.0000,0.0000,170.00,SUCCESS
2026-01-06T15:04:44.524127+00:00,btc-updown-15m-1767711600,TRADE,UP,ACCUM,5,0,0.3700,0.0000,0,0.0000,0,0.0000,0,0.0000,0.0000,0.00,0.0000,0.0000,0.0000,170.00,SUCCESS
2026-01-06T15:04:55.874292+00:00,btc-updown-15m-1767711600,TRADE,DOWN,ACCUM,5,0,0.5800,0.0000,0,0.0000,0,0.0000,0,0.0000,0.0000,0.00,0.0000,0.0000,0.0000,170.00,SUCCESS
2026-01-06T15:04:55.876670+00:00,btc-updown-15m-1767711600,TRADE,UP,ACCUM,5,0,0.3500,0.0000,0,0.0000,0,0.0000,0,0.0000,0.0000,0.00,0.0000,0.0000,0.0000,170.00,SUCCESS
2026-01-06T15:05:07.314400+00:00,btc-updown-15m-1767711600,TRADE,DOWN,ACCUM,5,0,0.5000,0.0000,0,0.0000,0,0.0000,0,0.0000,0.0000,0.00,0.0000,0.0000,0.0000,170.00,SUCCESS
2026-01-06T15:05:07.318693+00:00,btc-updown-15m-1767711600,TRADE,UP,ACCUM,5,0,0.4500,0.0000,0,0.0000,0,0.0000,0,0.0000,0.0000,0.00,0.0000,0.0000,0.0000,170.00,SUCCESS
2026-01-06T15:05:18.655197+00:00,btc-updown-15m-1767711600,TRADE,DOWN,ACCUM,5,0,0.4900,0.0000,0,0.0000,0,0.0000,0,0.0000,0.0000,0.00,0.0000,0.0000,0.0000,170.00,SUCCESS
2026-01-06T15:05:18.660130+00:00,btc-updown-15m-1767711600,TRADE,UP,ACCUM,5,0,0.4600,0.0000,0,0.0000,0,0.0000,0,0.0000,0.0000,0.00,0.0000,0.0000,0.0000,170.00,SUCCESS
2026-01-06T15:05:36.022350+00:00,btc-updown-15m-1767711600,TRADE,DOWN,ACCUM,5,0,0.5700,0.0000,0,0.0000,0,0.0000,0,0.0000,0.0000,0.00,0.0000,0.0000,0.0000,170.00,SUCCESS
2026-01-06T15:05:36.027489+00:00,btc-updown-15m-1767711600,TRADE,UP,ACCUM,5,0,0.3700,0.0000,0,0.0000,0,0.0000,0,0.0000,0.0000,0.00,0.0000,0.0000,0.0000,170.00,SUCCESS
2026-01-06T15:05:47.523291+00:00,btc-updown-15m-1767711600,TRADE,DOWN,ACCUM,5,0,0.6100,0.0000,0,0.0000,0,0.0000,0,0.0000,0.0000,0.00,0.0000,0.0000,0.0000,170.00,SUCCESS
2026-01-06T15:05:47.527659+00:00,btc-updown-15m-1767711600,TRADE,UP,ACCUM,5,0,0.3300,0.0000,0,0.0000,0,0.0000,0,0.0000,0.0000,0.00,0.0000,0.0000,0.0000,170.00,SUCCESS
2026-01-06T15:05:59.201289+00:00,btc-updown-15m-1767711600,TRADE,DOWN,ACCUM,5,0,0.6500,0.0000,0,0.0000,0,0.0000,0,0.0000,0.0000,0.00,0.0000,0.0000,0.0000,170.00,SUCCESS
2026-01-06T15:05:59.206167+00:00,btc-updown-15m-1767711600,TRADE,UP,ACCUM,5,0,0.2900,0.0000,0,0.0000,0,0.0000,0,0.0000,0.0000,0.00,0.0000,0.0000,0.0000,170.00,SUCCESS
2026-01-06T15:06:10.724070+00:00,btc-updown-15m-1767711600,TRADE,DOWN,ACCUM,5,0,0.6700,0.0000,0,0.0000,0,0.0000,0,0.0000,0.0000,0.00,0.0000,0.0000,0.0000,170.00,SUCCESS
2026-01-06T15:06:10.726949+00:00,btc-updown-15m-1767711600,TRADE,UP,ACCUM,5,0,0.2800,0.0000,0,0.0000,0,0.0000,0,0.0000,0.0000,0.00,0.0000,0.0000,0.0000,170.00,SUCCESS
2026-01-06T15:06:28.011966+00:00,btc-updown-15m-1767711600,TRADE,UP,ACCUM,5,0,0.4700,0.0000,0,0.0000,0,0.0000,0,0.0000,0.0000,0.00,0.0000,0.0000,0.0000,170.00,SUCCESS
2026-01-06T15:06:28.013952+00:00,btc-updown-15m-1767711600,TRADE,DOWN,ACCUM,5,0,0.4700,0.0000,0,0.0000,0,0.0000,0,0.0000,0.0000,0.00,0.0000,0.0000,0.0000,170.00,SUCCESS
2026-01-06T15:06:39.308472+00:00,btc-updown-15m-1767711600,TRADE,UP,ACCUM,5,0,0.5200,0.0000,0,0.0000,0,0.0000,0,0.0000,0.0000,0.00,0.0000,0.0000,0.0000,170.00,SUCCESS
2026-01-06T15:06:39.312929+00:00,btc-updown-15m-1767711600,TRADE,DOWN,ACCUM,5,0,0.4300,0.0000,0,0.0000,0,0.0000,0,0.0000,0.0000,0.00,0.0000,0.0000,0.0000,170.00,SUCCESS
2026-01-06T15:06:50.931253+00:00,btc-updown-15m-1767711600,TRADE,UP,ACCUM,5,0,0.5900,0.0000,0,0.0000,0,0.0000,0,0.0000,0.0000,0.00,0.0000,0.0000,0.0000,170.00,SUCCESS
2026-01-06T15:06:50.935537+00:00,btc-updown-15m-1767711600,TRADE,DOWN,ACCUM,5,0,0.3600,0.0000,0,0.0000,0,0.0000,0,0.0000,0.0000,0.00,0.0000,0.0000,0.0000,170.00,SUCCESS
2026-01-06T15:07:02.106265+00:00,btc-updown-15m-1767711600,TRADE,UP,ACCUM,5,0,0.5900,0.0000,0,0.0000,0,0.0000,0,0.0000,0.0000,0.00,0.0000,0.0000,0.0000,170.00,SUCCESS
2026-01-06T15:07:02.109160+00:00,btc-updown-15m-1767711600,TRADE,DOWN,ACCUM,5,0,0.3600,0.0000,0,0.0000,0,0.0000,0,0.0000,0.0000,0.00,0.0000,0.0000,0.0000,170.00,SUCCESS
2026-01-06T15:07:13.361489+00:00,btc-updown-15m-1767711600,TRADE,UP,ACCUM,5,0,0.5900,0.0000,0,0.0000,0,0.0000,0,0.0000,0.0000,0.00,0.0000,0.0000,0.0000,170.00,SUCCESS
2026-01-06T15:07:13.365254+00:00,btc-updown-15m-1767711600,TRADE,DOWN,ACCUM,5,0,0.3600,0.0000,0,0.0000,0,0.0000,0,0.0000,0.0000,0.00,0.0000,0.0000,0.0000,170.00,SUCCESS
2026-01-06T15:07:24.773611+00:00,btc-updown-15m-1767711600,TRADE,UP,ACCUM,5,0,0.6700,0.0000,0,0.0000,0,0.0000,0,0.0000,0.0000,0.00,0.0000,0.0000,0.0000,170.00,SUCCESS
2026-01-06T15:07:24.776650+00:00,btc-updown-15m-1767711600,TRADE,DOWN,ACCUM,5,0,0.2700,0.0000,0,0.0000,0,0.0000,0,0.0000,0.0000,0.00,0.0000,0.0000,0.0000,170.00,SUCCESS
2026-01-06T15:07:36.262756+00:00,btc-updown-15m-1767711600,TRADE,UP,ACCUM,10,0,0.5600,0.0000,0,0.0000,0,0.0000,0,0.0000,0.0000,0.00,0.0000,0.0000,0.0000,170.00,SUCCESS
2026-01-06T15:07:36.265482+00:00,btc-updown-15m-1767711600,TRADE,DOWN,ACCUM,10,0,0.3900,0.0000,0,0.0000,0,0.0000,0,0.0000,0.0000,0.00,0.0000,0.0000,0.0000,170.00,SUCCESS
2026-01-06T15:07:53.721733+00:00,btc-updown-15m-1767711600,TRADE,DOWN,ACCUM,10,0,0.4900,0.0000,0,0.0000,0,0.0000,0,0.0000,0.0000,0.00,0.0000,0.0000,0.0000,170.00,SUCCESS
2026-01-06T15:07:53.725581+00:00,btc-updown-15m-1767711600,TRADE,UP,ACCUM,10,0,0.4600,0.0000,0,0.0000,0,0.0000,0,0.0000,0.0000,0.00,0.0000,0.0000,0.0000,170.00,SUCCESS
2026-01-06T15:08:05.248904+00:00,btc-updown-15m-1767711600,TRADE,UP,ACCUM,10,0,0.5700,0.0000,0,0.0000,0,0.0000,0,0.0000,0.0000,0.00,0.0000,0.0000,0.0000,170.00,SUCCESS
2026-01-06T15:08:05.252646+00:00,btc-updown-15m-1767711600,TRADE,DOWN,ACCUM,10,0,0.3800,0.0000,0,0.0000,0,0.0000,0,0.0000,0.0000,0.00,0.0000,0.0000,0.0000,170.00,SUCCESS
2026-01-06T15:08:16.644473+00:00,btc-updown-15m-1767711600,TRADE,UP,ACCUM,10,0,0.6500,0.0000,0,0.0000,0,0.0000,0,0.0000,0.0000,0.00,0.0000,0.0000,0.0000,170.00,SUCCESS
2026-01-06T15:08:16.650578+00:00,btc-updown-15m-1767711600,TRADE,DOWN,ACCUM,10,0,0.3000,0.0000,0,0.0000,0,0.0000,0,0.0000,0.0000,0.00,0.0000,0.0000,0.0000,170.00,SUCCESS
2026-01-06T15:08:28.027776+00:00,btc-updown-15m-1767711600,TRADE,UP,ACCUM,10,0,0.6800,0.0000,0,0.0000,0,0.0000,0,0.0000,0.0000,0.00,0.0000,0.0000,0.0000,170.00,SUCCESS
2026-01-06T15:08:28.031430+00:00,btc-updown-15m-1767711600,TRADE,DOWN,ACCUM,10,0,0.2700,0.0000,0,0.0000,0,0.0000,0,0.0000,0.0000,0.00,0.0000,0.0000,0.0000,170.00,SUCCESS
2026-01-06T15:08:56.466041+00:00,btc-updown-15m-1767711600,TRADE,DOWN,ACCUM,10,0,0.5600,0.0000,0,0.0000,0,0.0000,0,0.0000,0.0000,0.00,0.0000,0.0000,0.0000,170.00,SUCCESS
2026-01-06T15:08:56.469661+00:00,btc-updown-15m-1767711600,TRADE,UP,ACCUM,10,0,0.3900,0.0000,0,0.0000,0,0.0000,0,0.0000,0.0000,0.00,0.0000,0.0000,0.0000,170.00,SUCCESS
2026-01-06T15:09:07.937403+00:00,btc-updown-15m-1767711600,TRADE,DOWN,ACCUM,10,0,0.6200,0.0000,0,0.0000,0,0.0000,0,0.0000,0.0000,0.00,0.0000,0.0000,0.0000,170.00,SUCCESS
2026-01-06T15:09:07.941982+00:00,btc-updown-15m-1767711600,TRADE,UP,ACCUM,10,0,0.3300,0.0000,0,0.0000,0,0.0000,0,0.0000,0.0000,0.00,0.0000,0.0000,0.0000,170.00,SUCCESS
2026-01-06T15:09:19.606851+00:00,btc-updown-15m-1767711600,TRADE,DOWN,ACCUM,10,0,0.6000,0.0000,0,0.0000,0,0.0000,0,0.0000,0.0000,0.00,0.0000,0.0000,0.0000,170.00,SUCCESS
2026-01-06T15:09:19.609877+00:00,btc-updown-15m-1767711600,TRADE,UP,ACCUM,10,0,0.3400,0.0000,0,0.0000,0,0.0000,0,0.0000,0.0000,0.00,0.0000,0.0000,0.0000,170.00,SUCCESS
2026-01-06T15:09:31.109117+00:00,btc-updown-15m-1767711600,TRADE,DOWN,ACCUM,10,0,0.5300,0.0000,0,0.0000,0,0.0000,0,0.0000,0.0000,0.00,0.0000,0.0000,0.0000,170.00,SUCCESS
2026-01-06T15:09:31.113456+00:00,btc-updown-15m-1767711600,TRADE,UP,ACCUM,10,0,0.4200,0.0000,0,0.0000,0,0.0000,0,0.0000,0.0000,0.00,0.0000,0.0000,0.0000,170.00,SUCCESS
2026-01-06T15:09:42.467701+00:00,btc-updown-15m-1767711600,TRADE,UP,ACCUM,10,0,0.5500,0.0000,0,0.0000,0,0.0000,0,0.0000,0.0000,0.00,0.0000,0.0000,0.0000,170.00,SUCCESS
2026-01-06T15:09:42.472108+00:00,btc-updown-15m-1767711600,TRADE,DOWN,ACCUM,10,0,0.4000,0.0000,0,0.0000,0,0.0000,0,0.0000,0.0000,0.00,0.0000,0.0000,0.0000,170.00,SUCCESS
2026-01-06T15:09:54.880052+00:00,btc-updown-15m-1767711600,TRADE,UP,ACCUM,10,0,0.6200,0.0000,0,0.0000,0,0.0000,0,0.0000,0.0000,0.00,0.0000,0.0000,0.0000,170.00,SUCCESS
2026-01-06T15:09:54.884343+00:00,btc-updown-15m-1767711600,TRADE,DOWN,ACCUM,10,0,0.3200,0.0000,0,0.0000,0,0.0000,0,0.0000,0.0000,0.00,0.0000,0.0000,0.0000,170.00,SUCCESS
2026-01-06T15:10:06.354793+00:00,btc-updown-15m-1767711600,TRADE,UP,ACCUM,10,0,0.7300,0.0000,0,0.0000,0,0.0000,0,0.0000,0.0000,0.00,0.0000,0.0000,0.0000,170.00,SUCCESS
2026-01-06T15:10:06.359173+00:00,btc-updown-15m-1767711600,TRADE,DOWN,ACCUM,10,0,0.2300,0.0000,0,0.0000,0,0.0000,0,0.0000,0.0000,0.00,0.0000,0.0000,0.0000,170.00,SUCCESS
2026-01-06T15:10:17.806476+00:00,btc-updown-15m-1767711600,TRADE,UP,ACCUM,10,0,0.7700,0.0000,0,0.0000,0,0.0000,0,0.0000,0.0000,0.00,0.0000,0.0000,0.0000,170.00,SUCCESS
2026-01-06T15:10:17.811024+00:00,btc-updown-15m-1767711600,TRADE,DOWN,ACCUM,10,0,0.1800,0.0000,0,0.0000,0,0.0000,0,0.0000,0.0000,0.00,0.0000,0.0000,0.0000,170.00,SUCCESS
2026-01-06T15:10:29.255884+00:00,btc-updown-15m-1767711600,TRADE,UP,ACCUM,10,0,0.4700,0.0000,0,0.0000,0,0.0000,0,0.0000,0.0000,0.00,0.0000,0.0000,0.0000,170.00,SUCCESS
2026-01-06T15:10:29.260801+00:00,btc-updown-15m-1767711600,TRADE,DOWN,ACCUM,10,0,0.4700,0.0000,0,0.0000,0,0.0000,0,0.0000,0.0000,0.00,0.0000,0.0000,0.0000,170.00,SUCCESS
2026-01-06T15:10:40.700597+00:00,btc-updown-15m-1767711600,TRADE,UP,ACCUM,10,0,0.5200,0.0000,0,0.0000,0,0.0000,0,0.0000,0.0000,0.00,0.0000,0.0000,0.0000,170.00,SUCCESS
2026-01-06T15:10:40.705473+00:00,btc-updown-15m-1767711600,TRADE,DOWN,ACCUM,10,0,0.4500,0.0000,0,0.0000,0,0.0000,0,0.0000,0.0000,0.00,0.0000,0.0000,0.0000,170.00,SUCCESS
2026-01-06T15:11:22.220348+00:00,btc-updown-15m-1767711600,TRADE,DOWN,ACCUM,10,0,0.7100,0.0000,0,0.0000,0,0.0000,0,0.0000,0.0000,0.00,0.0000,0.0000,0.0000,170.00,SUCCESS
2026-01-06T15:11:22.225022+00:00,btc-updown-15m-1767711600,TRADE,UP,ACCUM,10,0,0.2400,0.0000,0,0.0000,0,0.0000,0,0.0000,0.0000,0.00,0.0000,0.0000,0.0000,170.00,SUCCESS
2026-01-06T15:13:52.776533+00:00,btc-updown-15m-1767711600,TRADE,UP,ACCUM,15,0,0.5600,0.0000,0,0.0000,0,0.0000,0,0.0000,0.0000,0.00,0.0000,0.0000,0.0000,170.00,SUCCESS
2026-01-06T15:13:52.781701+00:00,btc-updown-15m-1767711600,TRADE,DOWN,ACCUM,15,0,0.4200,0.0000,0,0.0000,0,0.0000,0,0.0000,0.0000,0.00,0.0000,0.0000,0.0000,170.00,SUCCESS
2026-01-06T15:15:48.601992+00:00,btc-updown-15m-1767712500,TRADE,UP,ACCUM,5,0,0.5600,0.0000,0,0.0000,0,0.0000,0,0.0000,0.0000,0.00,0.0000,0.0000,0.0000,170.00,SUCCESS
2026-01-06T15:15:48.606168+00:00,btc-updown-15m-1767712500,TRADE,DOWN,ACCUM,5,0,0.3700,0.0000,0,0.0000,0,0.0000,0,0.0000,0.0000,0.00,0.0000,0.0000,0.0000,170.00,SUCCESS
2026-01-06T15:16:00.057491+00:00,btc-updown-15m-1767712500,TRADE,UP,ACCUM,5,0,0.6400,0.0000,0,0.0000,0,0.0000,0,0.0000,0.0000,0.00,0.0000,0.0000,0.0000,170.00,SUCCESS
2026-01-06T15:16:00.060994+00:00,btc-updown-15m-1767712500,TRADE,DOWN,ACCUM,5,0,0.2800,0.0000,0,0.0000,0,0.0000,0,0.0000,0.0000,0.00,0.0000,0.0000,0.0000,170.00,SUCCESS
2026-01-06T15:16:11.724853+00:00,btc-updown-15m-1767712500,TRADE,UP,ACCUM,5,0,0.7000,0.0000,0,0.0000,0,0.0000,0,0.0000,0.0000,0.00,0.0000,0.0000,0.0000,170.00,SUCCESS
2026-01-06T15:16:11.727465+00:00,btc-updown-15m-1767712500,TRADE,DOWN,ACCUM,5,0,0.2300,0.0000,0,0.0000,0,0.0000,0,0.0000,0.0000,0.00,0.0000,0.0000,0.0000,170.00,SUCCESS
2026-01-06T15:16:23.138637+00:00,btc-updown-15m-1767712500,TRADE,UP,ACCUM,5,0,0.7200,0.0000,0,0.0000,0,0.0000,0,0.0000,0.0000,0.00,0.0000,0.0000,0.0000,170.00,SUCCESS
2026-01-06T15:16:23.142711+00:00,btc-updown-15m-1767712500,TRADE,DOWN,ACCUM,5,0,0.2100,0.0000,0,0.0000,0,0.0000,0,0.0000,0.0000,0.00,0.0000,0.0000,0.0000,170.00,SUCCESS
2026-01-06T15:16:34.570841+00:00,btc-updown-15m-1767712500,TRADE,UP,ACCUM,5,0,0.7000,0.0000,0,0.0000,0,0.0000,0,0.0000,0.0000,0.00,0.0000,0.0000,0.0000,170.00,SUCCESS
2026-01-06T15:16:34.575410+00:00,btc-updown-15m-1767712500,TRADE,DOWN,ACCUM,5,0,0.2400,0.0000,0,0.0000,0,0.0000,0,0.0000,0.0000,0.00,0.0000,0.0000,0.0000,170.00,SUCCESS
2026-01-06T15:16:46.189699+00:00,btc-updown-15m-1767712500,TRADE,UP,ACCUM,5,0,0.6900,0.0000,0,0.0000,0,0.0000,0,0.0000,0.0000,0.00,0.0000,0.0000,0.0000,170.00,SUCCESS
2026-01-06T15:16:46.195420+00:00,btc-updown-15m-1767712500,TRADE,DOWN,ACCUM,5,0,0.2400,0.0000,0,0.0000,0,0.0000,0,0.0000,0.0000,0.00,0.0000,0.0000,0.0000,170.00,SUCCESS
2026-01-06T15:16:57.720609+00:00,btc-updown-15m-1767712500,TRADE,UP,ACCUM,5,0,0.7500,0.0000,0,0.0000,0,0.0000,0,0.0000,0.0000,0.00,0.0000,0.0000,0.0000,170.00,SUCCESS
2026-01-06T15:16:57.723626+00:00,btc-updown-15m-1767712500,TRADE,DOWN,ACCUM,6,0,0.1800,0.0000,0,0.0000,0,0.0000,0,0.0000,0.0000,0.00,0.0000,0.0000,0.0000,170.00,SUCCESS
2026-01-06T15:17:09.082455+00:00,btc-updown-15m-1767712500,TRADE,UP,ACCUM,5,0,0.7600,0.0000,0,0.0000,0,0.0000,0,0.0000,0.0000,0.00,0.0000,0.0000,0.0000,170.00,SUCCESS
2026-01-06T15:17:09.085845+00:00,btc-updown-15m-1767712500,TRADE,DOWN,ACCUM,6,0,0.1800,0.0000,0,0.0000,0,0.0000,0,0.0000,0.0000,0.00,0.0000,0.0000,0.0000,170.00,SUCCESS
2026-01-06T15:17:20.231430+00:00,btc-updown-15m-1767712500,TRADE,UP,ACCUM,5,0,0.7100,0.0000,0,0.0000,0,0.0000,0,0.0000,0.0000,0.00,0.0000,0.0000,0.0000,170.00,SUCCESS
2026-01-06T15:17:20.234535+00:00,btc-updown-15m-1767712500,TRADE,DOWN,ACCUM,5,0,0.2200,0.0000,0,0.0000,0,0.0000,0,0.0000,0.0000,0.00,0.0000,0.0000,0.0000,170.00,SUCCESS
2026-01-06T15:17:32.198847+00:00,btc-updown-15m-1767712500,TRADE,UP,ACCUM,5,0,0.7100,0.0000,0,0.0000,0,0.0000,0,0.0000,0.0000,0.00,0.0000,0.0000,0.0000,170.00,SUCCESS
2026-01-06T15:17:32.203446+00:00,btc-updown-15m-1767712500,TRADE,DOWN,ACCUM,5,0,0.2200,0.0000,0,0.0000,0,0.0000,0,0.0000,0.0000,0.00,0.0000,0.0000,0.0000,170.00,SUCCESS
2026-01-06T15:17:43.834140+00:00,btc-updown-15m-1767712500,TRADE,UP,ACCUM,5,0,0.6900,0.0000,0,0.0000,0,0.0000,0,0.0000,0.0000,0.00,0.0000,0.0000,0.0000,170.00,SUCCESS
2026-01-06T15:17:43.836916+00:00,btc-updown-15m-1767712500,TRADE,DOWN,ACCUM,5,0,0.2300,0.0000,0,0.0000,0,0.0000,0,0.0000,0.0000,0.00,0.0000,0.0000,0.0000,170.00,SUCCESS
2026-01-06T15:17:55.427012+00:00,btc-updown-15m-1767712500,TRADE,UP,ACCUM,5,0,0.7500,0.0000,0,0.0000,0,0.0000,0,0.0000,0.0000,0.00,0.0000,0.0000,0.0000,170.00,SUCCESS
2026-01-06T15:17:55.431392+00:00,btc-updown-15m-1767712500,TRADE,DOWN,ACCUM,6,0,0.1800,0.0000,0,0.0000,0,0.0000,0,0.0000,0.0000,0.00,0.0000,0.0000,0.0000,170.00,SUCCESS
2026-01-06T15:18:06.853885+00:00,btc-updown-15m-1767712500,TRADE,UP,ACCUM,5,0,0.7900,0.0000,0,0.0000,0,0.0000,0,0.0000,0.0000,0.00,0.0000,0.0000,0.0000,170.00,SUCCESS
2026-01-06T15:18:06.858074+00:00,btc-updown-15m-1767712500,TRADE,DOWN,ACCUM,8,0,0.1400,0.0000,0,0.0000,0,0.0000,0,0.0000,0.0000,0.00,0.0000,0.0000,0.0000,170.00,SUCCESS
2026-01-06T15:18:19.263375+00:00,btc-updown-15m-1767712500,TRADE,UP,ACCUM,5,0,0.8000,0.0000,0,0.0000,0,0.0000,0,0.0000,0.0000,0.00,0.0000,0.0000,0.0000,170.00,SUCCESS
2026-01-06T15:18:19.267411+00:00,btc-updown-15m-1767712500,TRADE,DOWN,ACCUM,8,0,0.1300,0.0000,0,0.0000,0,0.0000,0,0.0000,0.0000,0.00,0.0000,0.0000,0.0000,170.00,SUCCESS
2026-01-06T15:18:30.665820+00:00,btc-updown-15m-1767712500,TRADE,UP,ACCUM,5,0,0.7900,0.0000,0,0.0000,0,0.0000,0,0.0000,0.0000,0.00,0.0000,0.0000,0.0000,170.00,SUCCESS
2026-01-06T15:18:30.669099+00:00,btc-updown-15m-1767712500,TRADE,DOWN,ACCUM,8,0,0.1400,0.0000,0,0.0000,0,0.0000,0,0.0000,0.0000,0.00,0.0000,0.0000,0.0000,170.00,SUCCESS
2026-01-06T15:18:42.131480+00:00,btc-updown-15m-1767712500,TRADE,UP,ACCUM,5,0,0.8000,0.0000,0,0.0000,0,0.0000,0,0.0000,0.0000,0.00,0.0000,0.0000,0.0000,170.00,SUCCESS
2026-01-06T15:18:42.135959+00:00,btc-updown-15m-1767712500,TRADE,DOWN,ACCUM,8,0,0.1300,0.0000,0,0.0000,0,0.0000,0,0.0000,0.0000,0.00,0.0000,0.0000,0.0000,170.00,SUCCESS
2026-01-06T15:18:53.627196+00:00,btc-updown-15m-1767712500,TRADE,UP,ACCUM,5,0,0.8100,0.0000,0,0.0000,0,0.0000,0,0.0000,0.0000,0.00,0.0000,0.0000,0.0000,170.00,SUCCESS
2026-01-06T15:19:04.935179+00:00,btc-updown-15m-1767712500,TRADE,UP,ACCUM,5,0,0.8300,0.0000,0,0.0000,0,0.0000,0,0.0000,0.0000,0.00,0.0000,0.0000,0.0000,170.00,SUCCESS
2026-01-06T15:19:17.399006+00:00,btc-updown-15m-1767712500,TRADE,UP,ACCUM,5,0,0.8300,0.0000,0,0.0000,0,0.0000,0,0.0000,0.0000,0.00,0.0000,0.0000,0.0000,170.00,SUCCESS
2026-01-06T15:19:28.651350+00:00,btc-updown-15m-1767712500,TRADE,UP,ACCUM,5,0,0.8200,0.0000,0,0.0000,0,0.0000,0,0.0000,0.0000,0.00,0.0000,0.0000,0.0000,170.00,SUCCESS
2026-01-06T15:19:41.036954+00:00,btc-updown-15m-1767712500,TRADE,UP,ACCUM,5,0,0.8200,0.0000,0,0.0000,0,0.0000,0,0.0000,0.0000,0.00,0.0000,0.0000,0.0000,170.00,SUCCESS
2026-01-06T15:19:52.584478+00:00,btc-updown-15m-1767712500,TRADE,UP,ACCUM,5,0,0.8200,0.0000,0,0.0000,0,0.0000,0,0.0000,0.0000,0.00,0.0000,0.0000,0.0000,170.00,SUCCESS
2026-01-06T15:20:04.005119+00:00,btc-updown-15m-1767712500,TRADE,UP,ACCUM,5,0,0.8500,0.0000,0,0.0000,0,0.0000,0,0.0000,0.0000,0.00,0.0000,0.0000,0.0000,170.00,SUCCESS
2026-01-06T15:20:15.447536+00:00,btc-updown-15m-1767712500,TRADE,UP,ACCUM,5,0,0.8800,0.0000,0,0.0000,0,0.0000,0,0.0000,0.0000,0.00,0.0000,0.0000,0.0000,170.00,SUCCESS
2026-01-06T15:20:27.054618+00:00,btc-updown-15m-1767712500,TRADE,UP,ACCUM,5,0,0.8600,0.0000,0,0.0000,0,0.0000,0,0.0000,0.0000,0.00,0.0000,0.0000,0.0000,170.00,SUCCESS
2026-01-06T15:20:39.476281+00:00,btc-updown-15m-1767712500,TRADE,UP,ACCUM,5,0,0.8600,0.0000,0,0.0000,0,0.0000,0,0.0000,0.0000,0.00,0.0000,0.0000,0.0000,170.00,SUCCESS
2026-01-06T15:21:02.352078+00:00,btc-updown-15m-1767712500,TRADE,UP,ACCUM,5,0,0.7700,0.0000,0,0.0000,0,0.0000,0,0.0000,0.0000,0.00,0.0000,0.0000,0.0000,170.00,SUCCESS
2026-01-06T15:21:02.356549+00:00,btc-updown-15m-1767712500,TRADE,DOWN,ACCUM,6,0,0.1700,0.0000,0,0.0000,0,0.0000,0,0.0000,0.0000,0.00,0.0000,0.0000,0.0000,170.00,SUCCESS
2026-01-06T15:21:13.644920+00:00,btc-updown-15m-1767712500,TRADE,UP,ACCUM,5,0,0.7200,0.0000,0,0.0000,0,0.0000,0,0.0000,0.0000,0.00,0.0000,0.0000,0.0000,170.00,SUCCESS
2026-01-06T15:21:13.649628+00:00,btc-updown-15m-1767712500,TRADE,DOWN,ACCUM,5,0,0.2200,0.0000,0,0.0000,0,0.0000,0,0.0000,0.0000,0.00,0.0000,0.0000,0.0000,170.00,SUCCESS
2026-01-06T15:21:25.097192+00:00,btc-updown-15m-1767712500,TRADE,UP,ACCUM,5,0,0.8200,0.0000,0,0.0000,0,0.0000,0,0.0000,0.0000,0.00,0.0000,0.0000,0.0000,170.00,SUCCESS
2026-01-06T15:21:25.100870+00:00,btc-updown-15m-1767712500,TRADE,DOWN,ACCUM,8,0,0.1300,0.0000,0,0.0000,0,0.0000,0,0.0000,0.0000,0.00,0.0000,0.0000,0.0000,170.00,SUCCESS
2026-01-06T15:21:37.836597+00:00,btc-updown-15m-1767712500,TRADE,UP,ACCUM,5,0,0.8300,0.0000,0,0.0000,0,0.0000,0,0.0000,0.0000,0.00,0.0000,0.0000,0.0000,170.00,SUCCESS
2026-01-06T15:21:49.250372+00:00,btc-updown-15m-1767712500,TRADE,UP,ACCUM,5,0,0.8400,0.0000,0,0.0000,0,0.0000,0,0.0000,0.0000,0.00,0.0000,0.0000,0.0000,170.00,SUCCESS
2026-01-06T15:22:00.731324+00:00,btc-updown-15m-1767712500,TRADE,UP,ACCUM,5,0,0.8700,0.0000,0,0.0000,0,0.0000,0,0.0000,0.0000,0.00,0.0000,0.0000,0.0000,170.00,SUCCESS
2026-01-06T15:22:18.876234+00:00,btc-updown-15m-1767712500,TRADE,UP,ACCUM,5,0,0.9100,0.0000,0,0.0000,0,0.0000,0,0.0000,0.0000,0.00,0.0000,0.0000,0.0000,170.00,SUCCESS
2026-01-06T15:22:30.120077+00:00,btc-updown-15m-1767712500,TRADE,UP,ACCUM,10,0,0.9100,0.0000,0,0.0000,0,0.0000,0,0.0000,0.0000,0.00,0.0000,0.0000,0.0000,170.00,SUCCESS
2026-01-06T15:22:41.654419+00:00,btc-updown-15m-1767712500,TRADE,UP,ACCUM,10,0,0.9300,0.0000,0,0.0000,0,0.0000,0,0.0000,0.0000,0.00,0.0000,0.0000,0.0000,170.00,SUCCESS
2026-01-06T15:22:52.921997+00:00,btc-updown-15m-1767712500,TRADE,UP,ACCUM,10,0,0.9400,0.0000,0,0.0000,0,0.0000,0,0.0000,0.0000,0.00,0.0000,0.0000,0.0000,170.00,SUCCESS
2026-01-06T15:30:14.149109+00:00,btc-updown-15m-1767713400,TRADE,UP,ACCUM,5,0,0.5000,0.0000,0,0.0000,0,0.0000,0,0.0000,0.0000,0.00,0.0000,0.0000,0.0000,170.00,SUCCESS
2026-01-06T15:30:14.152125+00:00,btc-updown-15m-1767713400,TRADE,DOWN,ACCUM,5,0,0.4200,0.0000,0,0.0000,0,0.0000,0,0.0000,0.0000,0.00,0.0000,0.0000,0.0000,170.00,SUCCESS
2026-01-06T15:30:25.575598+00:00,btc-updown-15m-1767713400,TRADE,UP,ACCUM,5,0,0.5100,0.0000,0,0.0000,0,0.0000,0,0.0000,0.0000,0.00,0.0000,0.0000,0.0000,170.00,SUCCESS
2026-01-06T15:30:25.577663+00:00,btc-updown-15m-1767713400,TRADE,DOWN,ACCUM,5,0,0.4200,0.0000,0,0.0000,0,0.0000,0,0.0000,0.0000,0.00,0.0000,0.0000,0.0000,170.00,SUCCESS
2026-01-06T15:30:37.047826+00:00,btc-updown-15m-1767713400,TRADE,UP,ACCUM,5,0,0.4800,0.0000,0,0.0000,0,0.0000,0,0.0000,0.0000,0.00,0.0000,0.0000,0.0000,170.00,SUCCESS
2026-01-06T15:30:37.051175+00:00,btc-updown-15m-1767713400,TRADE,DOWN,ACCUM,5,0,0.4500,0.0000,0,0.0000,0,0.0000,0,0.0000,0.0000,0.00,0.0000,0.0000,0.0000,170.00,SUCCESS
2026-01-06T15:30:48.415168+00:00,btc-updown-15m-1767713400,TRADE,DOWN,ACCUM,5,0,0.4700,0.0000,0,0.0000,0,0.0000,0,0.0000,0.0000,0.00,0.0000,0.0000,0.0000,170.00,SUCCESS
2026-01-06T15:30:48.417422+00:00,btc-updown-15m-1767713400,TRADE,UP,ACCUM,5,0,0.4600,0.0000,0,0.0000,0,0.0000,0,0.0000,0.0000,0.00,0.0000,0.0000,0.0000,170.00,SUCCESS
2026-01-06T15:31:00.616666+00:00,btc-updown-15m-1767713400,TRADE,DOWN,ACCUM,5,0,0.5200,0.0000,0,0.0000,0,0.0000,0,0.0000,0.0000,0.00,0.0000,0.0000,0.0000,170.00,SUCCESS
2026-01-06T15:31:00.621063+00:00,btc-updown-15m-1767713400,TRADE,UP,ACCUM,5,0,0.4100,0.0000,0,0.0000,0,0.0000,0,0.0000,0.0000,0.00,0.0000,0.0000,0.0000,170.00,SUCCESS
2026-01-06T15:31:11.911884+00:00,btc-updown-15m-1767713400,TRADE,DOWN,ACCUM,5,0,0.4800,0.0000,0,0.0000,0,0.0000,0,0.0000,0.0000,0.00,0.0000,0.0000,0.0000,170.00,SUCCESS
2026-01-06T15:31:11.916888+00:00,btc-updown-15m-1767713400,TRADE,UP,ACCUM,5,0,0.4500,0.0000,0,0.0000,0,0.0000,0,0.0000,0.0000,0.00,0.0000,0.0000,0.0000,170.00,SUCCESS
2026-01-06T15:31:23.405354+00:00,btc-updown-15m-1767713400,TRADE,DOWN,ACCUM,5,0,0.4800,0.0000,0,0.0000,0,0.0000,0,0.0000,0.0000,0.00,0.0000,0.0000,0.0000,170.00,SUCCESS
2026-01-06T15:31:23.407803+00:00,btc-updown-15m-1767713400,TRADE,UP,ACCUM,5,0,0.4500,0.0000,0,0.0000,0,0.0000,0,0.0000,0.0000,0.00,0.0000,0.0000,0.0000,170.00,SUCCESS
2026-01-06T15:31:34.950988+00:00,btc-updown-15m-1767713400,TRADE,DOWN,ACCUM,5,0,0.4800,0.0000,0,0.0000,0,0.0000,0,0.0000,0.0000,0.00,0.0000,0.0000,0.0000,170.00,SUCCESS
2026-01-06T15:31:34.954057+00:00,btc-updown-15m-1767713400,TRADE,UP,ACCUM,5,0,0.4600,0.0000,0,0.0000,0,0.0000,0,0.0000,0.0000,0.00,0.0000,0.0000,0.0000,170.00,SUCCESS
2026-01-06T15:31:47.748554+00:00,btc-updown-15m-1767713400,TRADE,DOWN,ACCUM,5,0,0.5700,0.0000,0,0.0000,0,0.0000,0,0.0000,0.0000,0.00,0.0000,0.0000,0.0000,170.00,SUCCESS
2026-01-06T15:31:47.753429+00:00,btc-updown-15m-1767713400,TRADE,UP,ACCUM,5,0,0.3600,0.0000,0,0.0000,0,0.0000,0,0.0000,0.0000,0.00,0.0000,0.0000,0.0000,170.00,SUCCESS
2026-01-06T15:31:59.287225+00:00,btc-updown-15m-1767713400,TRADE,DOWN,ACCUM,5,0,0.6200,0.0000,0,0.0000,0,0.0000,0,0.0000,0.0000,0.00,0.0000,0.0000,0.0000,170.00,SUCCESS
2026-01-06T15:31:59.290731+00:00,btc-updown-15m-1767713400,TRADE,UP,ACCUM,5,0,0.3100,0.0000,0,0.0000,0,0.0000,0,0.0000,0.0000,0.00,0.0000,0.0000,0.0000,170.00,SUCCESS
2026-01-06T15:32:11.058762+00:00,btc-updown-15m-1767713400,TRADE,DOWN,ACCUM,5,0,0.6300,0.0000,0,0.0000,0,0.0000,0,0.0000,0.0000,0.00,0.0000,0.0000,0.0000,170.00,SUCCESS
2026-01-06T15:32:11.061114+00:00,btc-updown-15m-1767713400,TRADE,UP,ACCUM,5,0,0.3000,0.0000,0,0.0000,0,0.0000,0,0.0000,0.0000,0.00,0.0000,0.0000,0.0000,170.00,SUCCESS
2026-01-06T15:32:23.647996+00:00,btc-updown-15m-1767713400,TRADE,DOWN,ACCUM,5,0,0.6300,0.0000,0,0.0000,0,0.0000,0,0.0000,0.0000,0.00,0.0000,0.0000,0.0000,170.00,SUCCESS
2026-01-06T15:32:23.653777+00:00,btc-updown-15m-1767713400,TRADE,UP,ACCUM,5,0,0.2800,0.0000,0,0.0000,0,0.0000,0,0.0000,0.0000,0.00,0.0000,0.0000,0.0000,170.00,SUCCESS
2026-01-06T15:32:35.063885+00:00,btc-updown-15m-1767713400,TRADE,DOWN,ACCUM,5,0,0.7100,0.0000,0,0.0000,0,0.0000,0,0.0000,0.0000,0.00,0.0000,0.0000,0.0000,170.00,SUCCESS
2026-01-06T15:32:35.067872+00:00,btc-updown-15m-1767713400,TRADE,UP,ACCUM,5,0,0.2200,0.0000,0,0.0000,0,0.0000,0,0.0000,0.0000,0.00,0.0000,0.0000,0.0000,170.00,SUCCESS
2026-01-06T15:32:46.601360+00:00,btc-updown-15m-1767713400,TRADE,DOWN,ACCUM,5,0,0.7300,0.0000,0,0.0000,0,0.0000,0,0.0000,0.0000,0.00,0.0000,0.0000,0.0000,170.00,SUCCESS
2026-01-06T15:32:46.606065+00:00,btc-updown-15m-1767713400,TRADE,UP,ACCUM,5,0,0.2000,0.0000,0,0.0000,0,0.0000,0,0.0000,0.0000,0.00,0.0000,0.0000,0.0000,170.00,SUCCESS
2026-01-06T15:32:58.070330+00:00,btc-updown-15m-1767713400,TRADE,DOWN,ACCUM,5,0,0.6900,0.0000,0,0.0000,0,0.0000,0,0.0000,0.0000,0.00,0.0000,0.0000,0.0000,170.00,SUCCESS
2026-01-06T15:32:58.073105+00:00,btc-updown-15m-1767713400,TRADE,UP,ACCUM,5,0,0.2300,0.0000,0,0.0000,0,0.0000,0,0.0000,0.0000,0.00,0.0000,0.0000,0.0000,170.00,SUCCESS
2026-01-06T15:33:09.606993+00:00,btc-updown-15m-1767713400,TRADE,DOWN,ACCUM,5,0,0.6900,0.0000,0,0.0000,0,0.0000,0,0.0000,0.0000,0.00,0.0000,0.0000,0.0000,170.00,SUCCESS
2026-01-06T15:33:09.609622+00:00,btc-updown-15m-1767713400,TRADE,UP,ACCUM,5,0,0.2400,0.0000,0,0.0000,0,0.0000,0,0.0000,0.0000,0.00,0.0000,0.0000,0.0000,170.00,SUCCESS
2026-01-06T15:33:22.332930+00:00,btc-updown-15m-1767713400,TRADE,DOWN,ACCUM,5,0,0.7100,0.0000,0,0.0000,0,0.0000,0,0.0000,0.0000,0.00,0.0000,0.0000,0.0000,170.00,SUCCESS
2026-01-06T15:33:22.340573+00:00,btc-updown-15m-1767713400,TRADE,UP,ACCUM,5,0,0.2200,0.0000,0,0.0000,0,0.0000,0,0.0000,0.0000,0.00,0.0000,0.0000,0.0000,170.00,SUCCESS
2026-01-06T15:54:36.501848+00:00,btc-updown-15m-1767714300,TRADE,DOWN,ACCUM,10,10,0.4700,4.7000,0,0.0000,10,0.4700,0,0.0000,0.0000,1.00,-4.7000,5.3000,0.0000,165.30,SUCCESS
2026-01-06T15:54:42.335254+00:00,btc-updown-15m-1767714300,TRADE,UP,ACCUM,10,10,0.5800,5.8000,10,0.5800,10,0.4700,10,1.0500,-0.5000,0.00,-0.5000,-0.5000,0.0000,159.50,SUCCESS
2026-01-06T16:16:07.617859+00:00,btc-updown-15m-1767716100,TRADE,DOWN,ACCUM,5,5,0.4100,2.0500,0,0.0000,5,0.4100,0,0.0000,0.0000,1.00,-2.0500,2.9500,0.0000,167.95,SUCCESS
2026-01-06T16:16:25.569349+00:00,btc-updown-15m-1767716100,TRADE,UP,ACCUM,5,5,0.5300,2.6500,5,0.5300,5,0.4100,5,0.9400,0.3000,0.00,0.3000,0.3000,0.0000,165.30,SUCCESS
2026-01-06T16:16:31.210351+00:00,btc-updown-15m-1767716100,TRADE,UP,ACCUM,5,5,0.4900,2.4500,10,0.5100,5,0.4100,5,0.9200,0.4000,0.50,-2.1500,2.8500,0.0000,162.85,SUCCESS
2026-01-06T16:16:31.216595+00:00,btc-updown-15m-1767716100,TRADE,DOWN,ACCUM,5,5,0.4400,2.2000,10,0.5100,10,0.4250,10,0.9350,0.6500,0.00,0.6500,0.6500,0.0000,160.65,SUCCESS
2026-01-06T16:16:36.980168+00:00,btc-updown-15m-1767716100,TRADE,UP,ACCUM,5,5,0.4900,2.4500,15,0.5033,10,0.4250,10,0.9283,0.7167,0.33,-1.8000,3.2000,0.0000,158.20,SUCCESS
2026-01-06T16:16:36.986263+00:00,btc-updown-15m-1767716100,TRADE,DOWN,ACCUM,5,5,0.4500,2.2500,15,0.5033,15,0.4333,15,0.9367,0.9500,0.00,0.9500,0.9500,0.0000,155.95,SUCCESS
2026-01-06T16:30:03.642029+00:00,btc-updown-15m-1767716100,RESOLUTION,DOWN,BINANCE_FALLBACK_SHARED,30,30,1.0000,14.0500,15,0.5033,15,0.4333,15,0.9367,0.9500,0.00,0.0000,0.0000,0.9500,170.95,RESOLVED
2026-01-06T16:30:28.677457+00:00,btc-updown-15m-1767718800,TRADE,DOWN,ACCUM,5,5,0.4600,2.3000,0,0.0000,5,0.4600,0,0.0000,0.0000,1.00,-2.3000,2.7000,0.0000,168.65,SUCCESS
2026-01-06T16:30:39.854252+00:00,btc-updown-15m-1767718800,TRADE,UP,ACCUM,5,5,0.4500,2.2500,5,0.4500,5,0.4600,5,0.9100,0.4500,0.00,0.4500,0.4500,0.0000,166.40,SUCCESS
2026-01-06T16:33:05.590208+00:00,btc-updown-15m-1767718800,TRADE,UP,ACCUM,5,5,0.4700,2.3500,10,0.4600,5,0.4600,5,0.9200,0.4000,0.50,-1.9000,3.1000,0.0000,164.05,SUCCESS
2026-01-06T16:33:11.138235+00:00,btc-updown-15m-1767718800,TRADE,DOWN,ACCUM,5,5,0.4600,2.3000,10,0.4600,10,0.4600,10,0.9200,0.8000,0.00,0.8000,0.8000,0.0000,161.75,SUCCESS
2026-01-06T16:33:27.912318+00:00,btc-updown-15m-1767718800,TRADE,UP,ACCUM,5,5,0.4700,2.3500,15,0.4633,10,0.4600,10,0.9233,0.7667,0.33,-1.5500,3.4500,0.0000,159.40,SUCCESS
2026-01-06T16:33:27.919175+00:00,btc-updown-15m-1767718800,TRADE,DOWN,ACCUM,5,5,0.4600,2.3000,15,0.4633,15,0.4600,15,0.9233,1.1500,0.00,1.1500,1.1500,0.0000,157.10,SUCCESS
2026-01-06T17:15:02.898767+00:00,btc-updown-15m-1767718800,RESOLUTION,DOWN,BINANCE_FALLBACK_SHARED,30,30,1.0000,13.8500,15,0.4633,15,0.4600,15,0.9233,1.1500,0.00,0.0000,0.0000,1.1500,172.10,RESOLVED
2026-01-06T17:15:25.782121+00:00,btc-updown-15m-1767719700,TRADE,DOWN,ACCUM,5,5,0.4100,2.0500,0,0.0000,5,0.4100,0,0.0000,0.0000,1.00,-2.0500,2.9500,0.0000,170.05,SUCCESS
2026-01-06T17:15:31.235104+00:00,btc-updown-15m-1767719700,TRADE,UP,ACCUM,5,3,0.5100,1.5300,3,0.5100,5,0.4100,3,0.9200,0.2400,0.40,-0.5800,1.4200,0.0000,168.52,SUCCESS
2026-01-06T17:15:42.341670+00:00,btc-updown-15m-1767719700,TRADE,UP,ACCUM,5,5,0.4700,2.3500,8,0.4850,5,0.4100,5,0.8950,0.5250,0.38,-0.9300,2.0700,0.0000,166.17,SUCCESS
2026-01-06T17:15:42.344973+00:00,btc-updown-15m-1767719700,TRADE,DOWN,ACCUM,5,5,0.4600,2.3000,8,0.4850,10,0.4350,8,0.9200,0.6400,0.20,-0.2300,1.7700,0.0000,163.87,SUCCESS
2026-01-06T17:15:47.787682+00:00,btc-updown-15m-1767719700,TRADE,UP,ACCUM,5,5,0.4600,2.3000,13,0.4754,10,0.4350,10,0.9104,0.8962,0.23,-0.5300,2.4700,0.0000,161.57,SUCCESS
2026-01-06T17:30:39.867328+00:00,btc-updown-15m-1767720600,TRADE,DOWN,ACCUM,5,5,0.3900,1.9500,0,0.0000,5,0.3900,0,0.0000,0.0000,1.00,-1.9500,3.0500,0.0000,168.05,SUCCESS
2026-01-06T17:30:50.943148+00:00,btc-updown-15m-1767720600,TRADE,UP,ACCUM,5,5,0.4500,2.2500,5,0.4500,5,0.3900,5,0.8400,0.8000,0.00,0.8000,0.8000,0.0000,165.80,SUCCESS
2026-01-06T17:32:08.292193+00:00,btc-updown-15m-1767720600,TRADE,UP,ACCUM,5,5,0.4300,2.1500,10,0.4400,5,0.3900,5,0.8300,0.8500,0.50,-1.3500,3.6500,0.0000,163.65,SUCCESS
2026-01-06T17:32:19.447930+00:00,btc-updown-15m-1767720600,TRADE,DOWN,ACCUM,5,5,0.4600,2.3000,10,0.4400,10,0.4250,10,0.8650,1.3500,0.00,1.3500,1.3500,0.0000,161.35,SUCCESS
2026-01-06T17:32:25.098071+00:00,btc-updown-15m-1767720600,TRADE,UP,ACCUM,5,5,0.4800,2.4000,15,0.4533,10,0.4250,10,0.8783,1.2167,0.33,-1.0500,3.9500,0.0000,158.95,SUCCESS
2026-01-06T17:32:30.566232+00:00,btc-updown-15m-1767720600,TRADE,DOWN,ACCUM,5,5,0.4900,2.4500,15,0.4533,15,0.4467,15,0.9000,1.5000,0.00,1.5000,1.5000,0.0000,156.50,SUCCESS
2026-01-06T17:45:01.358866+00:00,btc-updown-15m-1767720600,RESOLUTION,DOWN,BINANCE_FALLBACK_SHARED,30,30,1.0000,13.5000,15,0.4533,15,0.4467,15,0.9000,1.5000,0.00,0.0000,0.0000,1.5000,171.50,RESOLVED
2026-01-06T17:45:50.096990+00:00,btc-updown-15m-1767721500,TRADE,DOWN,ACCUM,5,5,0.4400,2.2000,0,0.0000,5,0.4400,0,0.0000,0.0000,1.00,-2.2000,2.8000,0.0000,169.30,SUCCESS
2026-01-06T17:45:55.535450+00:00,btc-updown-15m-1767721500,TRADE,UP,ACCUM,5,5,0.4800,2.4000,5,0.4800,5,0.4400,5,0.9200,0.4000,0.00,0.4000,0.4000,0.0000,166.90,SUCCESS
2026-01-06T17:46:17.549143+00:00,btc-updown-15m-1767721500,TRADE,UP,ACCUM,5,5,0.5100,2.5500,10,0.4950,5,0.4400,5,0.9350,0.3250,0.50,-2.1500,2.8500,0.0000,164.35,SUCCESS
2026-01-06T17:46:17.556678+00:00,btc-updown-15m-1767721500,TRADE,DOWN,ACCUM,5,5,0.4100,2.0500,10,0.4950,10,0.4250,10,0.9200,0.8000,0.00,0.8000,0.8000,0.0000,162.30,SUCCESS
2026-01-06T17:46:34.162631+00:00,btc-updown-15m-1767721500,TRADE,UP,ACCUM,5,5,0.5000,2.5000,15,0.4967,10,0.4250,10,0.9217,0.7833,0.33,-1.7000,3.3000,0.0000,159.80,SUCCESS
2026-01-06T17:47:02.012650+00:00,btc-updown-15m-1767721500,TRADE,DOWN,ACCUM,5,5,0.5000,2.5000,15,0.4967,15,0.4500,15,0.9467,0.8000,0.00,0.8000,0.8000,0.0000,157.30,SUCCESS
2026-01-06T18:00:02.913869+00:00,btc-updown-15m-1767721500,RESOLUTION,DOWN,BINANCE_FALLBACK_SHARED,30,30,1.0000,14.2000,15,0.4967,15,0.4500,15,0.9467,0.8000,0.00,0.0000,0.0000,0.8000,172.30,RESOLVED
2026-01-06T18:01:07.323384+00:00,btc-updown-15m-1767722400,TRADE,DOWN,ACCUM,5,2,0.6100,1.2200,0,0.0000,2,0.6100,0,0.0000,0.0000,1.00,-1.2200,0.7800,0.0000,171.08,SUCCESS
2026-01-06T18:01:18.493959+00:00,btc-updown-15m-1767722400,TRADE,UP,ACCUM,5,4,0.3400,1.3600,4,0.3400,2,0.6100,2,0.9500,0.1000,0.50,-0.5800,1.4200,0.0000,169.72,SUCCESS
2026-01-06T18:01:23.987287+00:00,btc-updown-15m-1767722400,TRADE,DOWN,ACCUM,5,5,0.5000,2.5000,4,0.3400,7,0.5314,4,0.8714,0.5143,0.43,-1.0800,1.9200,0.0000,167.22,SUCCESS
2026-01-06T18:01:40.654803+00:00,btc-updown-15m-1767722400,TRADE,DOWN,ACCUM,5,5,0.3600,1.8000,4,0.3400,12,0.4600,4,0.8000,0.8000,0.67,-2.8800,5.1200,0.0000,165.42,SUCCESS
2026-01-06T18:01:57.332544+00:00,btc-updown-15m-1767722400,TRADE,UP,ACCUM,8,8,0.5600,4.4800,12,0.4867,12,0.4600,12,0.9467,0.6400,0.00,0.6400,0.6400,0.0000,160.94,SUCCESS
2026-01-06T18:15:05.056097+00:00,btc-updown-15m-1767722400,RESOLUTION,UP,BINANCE_FALLBACK_SHARED,24,24,1.0000,11.3600,12,0.4867,12,0.4600,12,0.9467,0.6400,0.00,0.0000,0.0000,0.6400,172.94,RESOLVED
2026-01-06T18:15:24.943846+00:00,btc-updown-15m-1767723300,TRADE,UP,ACCUM,5,5,0.5700,2.8500,5,0.5700,0,0.0000,0,0.0000,0.0000,1.00,-2.8500,2.1500,0.0000,170.09,SUCCESS
2026-01-06T18:15:30.469098+00:00,btc-updown-15m-1767723300,TRADE,DOWN,ACCUM,5,5,0.3600,1.8000,5,0.5700,5,0.3600,5,0.9300,0.3500,0.00,0.3500,0.3500,0.0000,168.29,SUCCESS
2026-01-06T18:15:41.640141+00:00,btc-updown-15m-1767723300,TRADE,DOWN,ACCUM,5,5,0.4100,2.0500,5,0.5700,10,0.3850,5,0.9550,0.2250,0.50,-1.7000,3.3000,0.0000,166.24,SUCCESS
2026-01-06T18:16:03.541277+00:00,btc-updown-15m-1767723300,TRADE,UP,ACCUM,5,5,0.5000,2.5000,10,0.5350,10,0.3850,10,0.9200,0.8000,0.00,0.8000,0.8000,0.0000,163.74,SUCCESS
2026-01-06T18:16:09.122846+00:00,btc-updown-15m-1767723300,TRADE,UP,ACCUM,5,5,0.5200,2.6000,15,0.5300,10,0.3850,10,0.9150,0.8500,0.33,-1.8000,3.2000,0.0000,161.14,SUCCESS
2026-01-06T18:16:47.737440+00:00,btc-updown-15m-1767723300,TRADE,DOWN,ACCUM,5,5,0.3500,1.7500,15,0.5300,15,0.3733,15,0.9033,1.4500,0.00,1.4500,1.4500,0.0000,159.39,SUCCESS
2026-01-06T18:30:01.137954+00:00,btc-updown-15m-1767723300,RESOLUTION,UP,BINANCE_FALLBACK_SHARED,30,30,1.0000,13.5500,15,0.5300,15,0.3733,15,0.9033,1.4500,0.00,0.0000,0.0000,1.4500,174.39,RESOLVED
2026-01-06T18:30:22.139107+00:00,btc-updown-15m-1767724200,TRADE,DOWN,ACCUM,5,2,0.4900,0.9800,0,0.0000,2,0.4900,0,0.0000,0.0000,1.00,-0.9800,1.0200,0.0000,173.41,SUCCESS
2026-01-06T18:30:22.144934+00:00,btc-updown-15m-1767724200,TRADE,UP,ACCUM,5,5,0.4400,2.2000,5,0.4400,2,0.4900,2,0.9300,0.1400,0.60,-1.1800,1.8200,0.0000,171.21,SUCCESS
2026-01-06T18:30:27.687637+00:00,btc-updown-15m-1767724200,TRADE,UP,ACCUM,5,5,0.4300,2.1500,10,0.4350,2,0.4900,2,0.9250,0.1500,0.80,-3.3300,4.6700,0.0000,169.06,SUCCESS
2026-01-06T18:30:38.829991+00:00,btc-updown-15m-1767724200,TRADE,DOWN,ACCUM,8,8,0.4700,3.7600,10,0.4350,10,0.4740,10,0.9090,0.9100,0.00,0.9100,0.9100,0.0000,165.30,SUCCESS
2026-01-06T18:30:49.995457+00:00,btc-updown-15m-1767724200,TRADE,UP,ACCUM,5,5,0.4300,2.1500,15,0.4333,10,0.4740,10,0.9073,0.9267,0.33,-1.2400,3.7600,0.0000,163.15,SUCCESS
2026-01-06T18:30:55.545032+00:00,btc-updown-15m-1767724200,TRADE,DOWN,ACCUM,5,5,0.4800,2.4000,15,0.4333,15,0.4760,15,0.9093,1.3600,0.00,1.3600,1.3600,0.0000,160.75,SUCCESS
2026-01-06T18:45:00.685602+00:00,btc-updown-15m-1767724200,RESOLUTION,DOWN,BINANCE_FALLBACK_SHARED,30,30,1.0000,13.6400,15,0.4333,15,0.4760,15,0.9093,1.3600,0.00,0.0000,0.0000,1.3600,175.75,RESOLVED
2026-01-06T18:45:21.786247+00:00,btc-updown-15m-1767725100,TRADE,UP,ACCUM,5,5,0.5600,2.8000,5,0.5600,0,0.0000,0,0.0000,0.0000,1.00,-2.8000,2.2000,0.0000,172.95,SUCCESS
2026-01-06T18:45:21.789067+00:00,btc-updown-15m-1767725100,TRADE,DOWN,ACCUM,5,5,0.3700,1.8500,5,0.5600,5,0.3700,5,0.9300,0.3500,0.00,0.3500,0.3500,0.0000,171.10,SUCCESS
2026-01-06T18:46:05.988499+00:00,btc-updown-15m-1767725100,TRADE,UP,ACCUM,5,5,0.5000,2.5000,10,0.5300,5,0.3700,5,0.9000,0.5000,0.50,-2.1500,2.8500,0.0000,168.60,SUCCESS
2026-01-06T18:46:17.101549+00:00,btc-updown-15m-1767725100,TRADE,DOWN,ACCUM,5,5,0.3400,1.7000,10,0.5300,10,0.3550,10,0.8850,1.1500,0.00,1.1500,1.1500,0.0000,166.90,SUCCESS
2026-01-06T19:00:01.466931+00:00,btc-updown-15m-1767725100,RESOLUTION,UP,BINANCE_FALLBACK_SHARED,20,20,1.0000,8.8500,10,0.5300,10,0.3550,10,0.8850,1.1500,0.00,0.0000,0.0000,1.1500,176.90,RESOLVED
2026-01-06T19:00:28.794192+00:00,btc-updown-15m-1767726000,TRADE,UP,ACCUM,5,5,0.4300,2.1500,5,0.4300,0,0.0000,0,0.0000,0.0000,1.00,-2.1500,2.8500,0.0000,174.75,SUCCESS
2026-01-06T19:00:34.412015+00:00,btc-updown-15m-1767726000,TRADE,DOWN,ACCUM,5,1,0.4898,0.4898,5,0.4300,1,0.4898,1,0.9198,0.0802,0.80,-1.6398,2.3602,0.0000,174.26,SUCCESS
2026-01-06T19:00:50.831244+00:00,btc-updown-15m-1767726000,TRADE,DOWN,ACCUM,5,5,0.5400,2.7000,5,0.4300,6,0.5316,5,0.9616,0.1918,0.17,-0.3398,0.6602,0.0000,171.56,SUCCESS
2026-01-06T19:01:12.900463+00:00,btc-updown-15m-1767726000,TRADE,DOWN,ACCUM,5,5,0.5100,2.5500,5,0.4300,11,0.5218,5,0.9518,0.2410,0.55,-2.8898,3.1102,0.0000,169.01,SUCCESS
2026-01-06T19:01:12.904422+00:00,btc-updown-15m-1767726000,TRADE,UP,ACCUM,5,5,0.4200,2.1000,10,0.4250,11,0.5218,10,0.9468,0.5320,0.09,0.0102,1.0102,0.0000,166.91,SUCCESS
2026-01-06T19:04:21.405230+00:00,btc-updown-15m-1767726000,TRADE,UP,ACCUM,5,4,0.4300,1.7200,14,0.4264,11,0.5218,11,0.9482,0.5695,0.21,-0.7098,2.2902,0.0000,165.19,SUCCESS
2026-01-06T19:15:02.383838+00:00,btc-updown-15m-1767726000,RESOLUTION,UP,BINANCE_FALLBACK_SHARED,25,25,1.0000,11.7098,14,0.4264,11,0.5218,11,0.9482,0.5695,0.21,0.0000,0.0000,2.2902,179.19,RESOLVED
2026-01-06T19:15:23.692738+00:00,btc-updown-15m-1767726900,TRADE,DOWN,ACCUM,5,5,0.4700,2.3500,0,0.0000,5,0.4700,0,0.0000,0.0000,1.00,-2.3500,2.6500,0.0000,176.84,SUCCESS
2026-01-06T19:15:29.206369+00:00,btc-updown-15m-1767726900,TRADE,UP,ACCUM,5,5,0.4300,2.1500,5,0.4300,5,0.4700,5,0.9000,0.5000,0.00,0.5000,0.5000,0.0000,174.69,SUCCESS
2026-01-06T19:15:34.739114+00:00,btc-updown-15m-1767726900,TRADE,UP,ACCUM,5,5,0.4500,2.2500,10,0.4400,5,0.4700,5,0.9100,0.4500,0.50,-1.7500,3.2500,0.0000,172.44,SUCCESS
2026-01-06T19:15:40.387671+00:00,btc-updown-15m-1767726900,TRADE,DOWN,ACCUM,5,5,0.4600,2.3000,10,0.4400,10,0.4650,10,0.9050,0.9500,0.00,0.9500,0.9500,0.0000,170.14,SUCCESS
2026-01-06T19:15:46.008946+00:00,btc-updown-15m-1767726900,TRADE,UP,ACCUM,5,5,0.4800,2.4000,15,0.4533,10,0.4650,10,0.9183,0.8167,0.33,-1.4500,3.5500,0.0000,167.74,SUCCESS
2026-01-06T19:15:46.015852+00:00,btc-updown-15m-1767726900,TRADE,DOWN,ACCUM,5,3,0.4500,1.3500,15,0.4533,13,0.4615,13,0.9149,1.1067,0.13,0.2000,2.2000,0.0000,166.39,SUCCESS
2026-01-06T19:30:05.921067+00:00,btc-updown-15m-1767726900,RESOLUTION,UP,BINANCE_FALLBACK_SHARED,28,28,1.0000,12.8000,15,0.4533,13,0.4615,13,0.9149,1.1067,0.13,0.0000,0.0000,2.2000,181.39,RESOLVED
2026-01-06T19:30:26.683725+00:00,btc-updown-15m-1767727800,TRADE,DOWN,ACCUM,5,5,0.5000,2.5000,0,0.0000,5,0.5000,0,0.0000,0.0000,1.00,-2.5000,2.5000,0.0000,178.89,SUCCESS
2026-01-06T19:30:43.181183+00:00,btc-updown-15m-1767727800,TRADE,UP,ACCUM,5,5,0.4200,2.1000,5,0.4200,5,0.5000,5,0.9200,0.4000,0.00,0.4000,0.4000,0.0000,176.79,SUCCESS
2026-01-06T19:30:48.657828+00:00,btc-updown-15m-1767727800,TRADE,DOWN,ACCUM,5,5,0.5100,2.5500,5,0.4200,10,0.5050,5,0.9250,0.3750,0.50,-2.1500,2.8500,0.0000,174.24,SUCCESS
2026-01-06T19:30:48.664834+00:00,btc-updown-15m-1767727800,TRADE,UP,ACCUM,5,5,0.4198,2.0992,10,0.4199,10,0.5050,10,0.9249,0.7508,0.00,0.7508,0.7508,0.0000,172.14,SUCCESS
2026-01-06T19:31:05.203483+00:00,btc-updown-15m-1767727800,TRADE,DOWN,ACCUM,5,5,0.5100,2.5500,10,0.4199,15,0.5067,10,0.9266,0.7342,0.33,-1.7992,3.2008,0.0000,169.59,SUCCESS
2026-01-06T19:31:16.194038+00:00,btc-updown-15m-1767727800,TRADE,UP,ACCUM,5,5,0.4400,2.2000,15,0.4266,15,0.5067,15,0.9333,1.0008,0.00,1.0008,1.0008,0.0000,167.39,SUCCESS
2026-01-06T19:45:01.941300+00:00,btc-updown-15m-1767727800,RESOLUTION,DOWN,BINANCE_FALLBACK_SHARED,30,30,1.0000,13.9992,15,0.4266,15,0.5067,15,0.9333,1.0008,0.00,0.0000,0.0000,1.0008,182.39,RESOLVED
2026-01-06T19:45:21.989612+00:00,btc-updown-15m-1767728700,TRADE,UP,ACCUM,5,5,0.5497,2.7487,5,0.5497,0,0.0000,0,0.0000,0.0000,1.00,-2.7487,2.2513,0.0000,179.64,SUCCESS
2026-01-06T19:45:27.515605+00:00,btc-updown-15m-1767728700,TRADE,DOWN,ACCUM,5,5,0.3800,1.9000,5,0.5497,5,0.3800,5,0.9297,0.3513,0.00,0.3513,0.3513,0.0000,177.74,SUCCESS
2026-01-06T19:50:37.085351+00:00,btc-updown-15m-1767728700,TRADE,DOWN,ACCUM,5,5,0.4800,2.4000,5,0.5497,10,0.4300,5,0.9797,0.1013,0.50,-2.0487,2.9513,0.0000,175.34,SUCCESS
2026-01-06T19:50:37.093677+00:00,btc-updown-15m-1767728700,TRADE,UP,ACCUM,5,5,0.4700,2.3500,10,0.5099,10,0.4300,10,0.9399,0.6013,0.00,0.6013,0.6013,0.0000,172.99,SUCCESS
2026-01-06T19:50:42.530324+00:00,btc-updown-15m-1767728700,TRADE,DOWN,ACCUM,5,5,0.5100,2.5500,10,0.5099,15,0.4567,10,0.9665,0.3346,0.33,-1.9487,3.0513,0.0000,170.44,SUCCESS
2026-01-06T19:50:42.532971+00:00,btc-updown-15m-1767728700,TRADE,UP,ACCUM,5,5,0.4400,2.2000,15,0.4866,15,0.4567,15,0.9432,0.8513,0.00,0.8513,0.8513,0.0000,168.24,SUCCESS
2026-01-06T20:00:01.679901+00:00,btc-updown-15m-1767728700,RESOLUTION,DOWN,BINANCE_FALLBACK_SHARED,30,30,1.0000,14.1487,15,0.4866,15,0.4567,15,0.9432,0.8513,0.00,0.0000,0.0000,0.8513,183.24,RESOLVED
2026-01-06T20:00:25.708465+00:00,btc-updown-15m-1767729600,TRADE,DOWN,ACCUM,5,5,0.3500,1.7500,0,0.0000,5,0.3500,0,0.0000,0.0000,1.00,-1.7500,3.2500,0.0000,181.49,SUCCESS
2026-01-06T20:00:31.308930+00:00,btc-updown-15m-1767729600,TRADE,UP,ACCUM,5,5,0.6600,3.3000,5,0.6600,5,0.3500,5,1.0100,-0.0500,0.00,-0.0500,-0.0500,0.0000,178.19,SUCCESS
2026-01-06T20:15:01.078523+00:00,btc-updown-15m-1767729600,RESOLUTION,UP,BINANCE_FALLBACK_SHARED,10,10,1.0000,5.0500,5,0.6600,5,0.3500,5,1.0100,-0.0500,0.00,0.0000,0.0000,-0.0500,183.19,RESOLVED
2026-01-06T20:15:22.035087+00:00,btc-updown-15m-1767730500,TRADE,UP,ACCUM,5,5,0.4200,2.1000,5,0.4200,0,0.0000,0,0.0000,0.0000,1.00,-2.1000,2.9000,0.0000,181.09,SUCCESS
2026-01-06T20:15:27.498017+00:00,btc-updown-15m-1767730500,TRADE,DOWN,ACCUM,5,5,0.5400,2.7000,5,0.4200,5,0.5400,5,0.9600,0.2000,0.00,0.2000,0.2000,0.0000,178.39,SUCCESS
2026-01-06T20:16:11.534933+00:00,btc-updown-15m-1767730500,TRADE,DOWN,ACCUM,5,5,0.4500,2.2500,5,0.4200,10,0.4950,5,0.9150,0.4250,0.50,-2.0500,2.9500,0.0000,176.14,SUCCESS
2026-01-06T20:16:17.056149+00:00,btc-updown-15m-1767730500,TRADE,UP,ACCUM,5,5,0.5000,2.5000,10,0.4600,10,0.4950,10,0.9550,0.4500,0.00,0.4500,0.4500,0.0000,173.64,SUCCESS
2026-01-06T20:30:05.267039+00:00,btc-updown-15m-1767730500,RESOLUTION,UP,BINANCE_FALLBACK_SHARED,20,20,1.0000,9.5500,10,0.4600,10,0.4950,10,0.9550,0.4500,0.00,0.0000,0.0000,0.4500,183.64,RESOLVED
2026-01-06T20:30:24.771661+00:00,btc-updown-15m-1767731400,TRADE,DOWN,ACCUM,5,5,0.4100,2.0500,0,0.0000,5,0.4100,0,0.0000,0.0000,1.00,-2.0500,2.9500,0.0000,181.59,SUCCESS
2026-01-06T20:30:30.281761+00:00,btc-updown-15m-1767731400,TRADE,UP,ACCUM,5,5,0.4500,2.2500,5,0.4500,5,0.4100,5,0.8600,0.7000,0.00,0.7000,0.7000,0.0000,179.34,SUCCESS
2026-01-06T20:30:35.743268+00:00,btc-updown-15m-1767731400,TRADE,DOWN,ACCUM,5,5,0.5100,2.5500,5,0.4500,10,0.4600,5,0.9100,0.4500,0.50,-1.8500,3.1500,0.0000,176.79,SUCCESS
2026-01-06T20:31:20.190188+00:00,btc-updown-15m-1767731400,TRADE,UP,ACCUM,5,5,0.5100,2.5500,10,0.4800,10,0.4600,10,0.9400,0.6000,0.00,0.6000,0.6000,0.0000,174.24,SUCCESS
2026-01-06T20:31:25.787218+00:00,btc-updown-15m-1767731400,TRADE,UP,ACCUM,5,5,0.5100,2.5500,15,0.4900,10,0.4600,10,0.9500,0.5000,0.33,-1.9500,3.0500,0.0000,171.69,SUCCESS
2026-01-06T20:31:25.794140+00:00,btc-updown-15m-1767731400,TRADE,DOWN,ACCUM,5,5,0.4200,2.1000,15,0.4900,15,0.4467,15,0.9367,0.9500,0.00,0.9500,0.9500,0.0000,169.59,SUCCESS
2026-01-06T20:45:01.547172+00:00,btc-updown-15m-1767731400,RESOLUTION,UP,BINANCE_FALLBACK_SHARED,30,30,1.0000,14.0500,15,0.4900,15,0.4467,15,0.9367,0.9500,0.00,0.0000,0.0000,0.9500,184.59,RESOLVED
2026-01-06T20:45:32.542605+00:00,btc-updown-15m-1767732300,TRADE,DOWN,ACCUM,5,5,0.4800,2.4000,0,0.0000,5,0.4800,0,0.0000,0.0000,1.00,-2.4000,2.6000,0.0000,182.19,SUCCESS
2026-01-06T20:45:32.549951+00:00,btc-updown-15m-1767732300,TRADE,UP,ACCUM,5,5,0.4500,2.2500,5,0.4500,5,0.4800,5,0.9300,0.3500,0.00,0.3500,0.3500,0.0000,179.94,SUCCESS
2026-01-06T20:45:49.011691+00:00,btc-updown-15m-1767732300,TRADE,DOWN,ACCUM,5,5,0.4800,2.4000,5,0.4500,10,0.4800,5,0.9300,0.3500,0.50,-2.0500,2.9500,0.0000,177.54,SUCCESS
2026-01-06T20:45:54.461600+00:00,btc-updown-15m-1767732300,TRADE,UP,ACCUM,5,5,0.4400,2.2000,10,0.4450,10,0.4800,10,0.9250,0.7500,0.00,0.7500,0.7500,0.0000,175.34,SUCCESS
2026-01-06T20:45:59.930392+00:00,btc-updown-15m-1767732300,TRADE,DOWN,ACCUM,5,5,0.4800,2.4000,10,0.4450,15,0.4800,10,0.9250,0.7500,0.33,-1.6500,3.3500,0.0000,172.94,SUCCESS
2026-01-06T20:46:05.411453+00:00,btc-updown-15m-1767732300,TRADE,UP,ACCUM,5,5,0.4200,2.1000,15,0.4367,15,0.4800,15,0.9167,1.2500,0.00,1.2500,1.2500,0.0000,170.84,SUCCESS
2026-01-06T21:00:02.182588+00:00,btc-updown-15m-1767732300,RESOLUTION,DOWN,BINANCE_FALLBACK_SHARED,30,30,1.0000,13.7500,15,0.4367,15,0.4800,15,0.9167,1.2500,0.00,0.0000,0.0000,1.2500,185.84,RESOLVED
2026-01-06T21:00:22.702325+00:00,btc-updown-15m-1767733200,TRADE,UP,ACCUM,5,2,0.5300,1.0600,2,0.5300,0,0.0000,0,0.0000,0.0000,1.00,-1.0600,0.9400,0.0000,184.78,SUCCESS
2026-01-06T21:00:22.709817+00:00,btc-updown-15m-1767733200,TRADE,DOWN,ACCUM,5,5,0.4100,2.0500,2,0.5300,5,0.4100,2,0.9400,0.1200,0.60,-1.1100,1.8900,0.0000,182.73,SUCCESS
2026-01-06T21:00:28.246798+00:00,btc-updown-15m-1767733200,TRADE,UP,ACCUM,5,5,0.5200,2.6000,7,0.5229,5,0.4100,5,0.9329,0.3357,0.29,-0.7100,1.2900,0.0000,180.13,SUCCESS
2026-01-06T21:00:28.254794+00:00,btc-updown-15m-1767733200,TRADE,DOWN,ACCUM,5,5,0.4000,2.0000,7,0.5229,10,0.4050,7,0.9279,0.5050,0.30,-0.7100,2.2900,0.0000,178.13,SUCCESS
2026-01-06T21:00:39.276505+00:00,btc-updown-15m-1767733200,TRADE,UP,ACCUM,5,5,0.5200,2.6000,12,0.5217,10,0.4050,10,0.9267,0.7334,0.17,-0.3100,1.6900,0.0000,175.53,SUCCESS
2026-01-06T21:00:55.911309+00:00,btc-updown-15m-1767733200,TRADE,DOWN,ACCUM,5,5,0.5100,2.5500,12,0.5217,15,0.4400,12,0.9617,0.4600,0.20,-0.8600,2.1400,0.0000,172.98,SUCCESS
2026-01-06T21:15:00.694137+00:00,btc-updown-15m-1767733200,RESOLUTION,UP,BINANCE_FALLBACK_SHARED,27,27,1.0000,12.8600,12,0.5217,15,0.4400,12,0.9617,0.4600,0.20,0.0000,0.0000,-0.8600,184.98,RESOLVED
2026-01-06T21:15:21.416418+00:00,btc-updown-15m-1767734100,TRADE,UP,ACCUM,5,5,0.5500,2.7500,5,0.5500,0,0.0000,0,0.0000,0.0000,1.00,-2.7500,2.2500,0.0000,182.23,SUCCESS
2026-01-06T21:15:32.381609+00:00,btc-updown-15m-1767734100,TRADE,DOWN,ACCUM,5,5,0.3100,1.5500,5,0.5500,5,0.3100,5,0.8600,0.7000,0.00,0.7000,0.7000,0.0000,180.68,SUCCESS
2026-01-06T21:30:04.525434+00:00,btc-updown-15m-1767734100,RESOLUTION,UP,BINANCE_FALLBACK_SHARED,10,10,1.0000,4.3000,5,0.5500,5,0.3100,5,0.8600,0.7000,0.00,0.0000,0.0000,0.7000,185.68,RESOLVED
2026-01-06T21:30:32.310566+00:00,btc-updown-15m-1767735000,TRADE,UP,ACCUM,5,5,0.4800,2.4000,5,0.4800,0,0.0000,0,0.0000,0.0000,1.00,-2.4000,2.6000,0.0000,183.28,SUCCESS
2026-01-06T21:30:32.316223+00:00,btc-updown-15m-1767735000,TRADE,DOWN,ACCUM,5,5,0.4400,2.2000,5,0.4800,5,0.4400,5,0.9200,0.4000,0.00,0.4000,0.4000,0.0000,181.08,SUCCESS
2026-01-06T21:30:37.865648+00:00,btc-updown-15m-1767735000,TRADE,DOWN,ACCUM,5,5,0.4500,2.2500,5,0.4800,10,0.4450,5,0.9250,0.3750,0.50,-1.8500,3.1500,0.0000,178.83,SUCCESS
2026-01-06T21:30:43.387223+00:00,btc-updown-15m-1767735000,TRADE,UP,ACCUM,5,5,0.4600,2.3000,10,0.4700,10,0.4450,10,0.9150,0.8500,0.00,0.8500,0.8500,0.0000,176.53,SUCCESS
2026-01-06T21:30:59.971550+00:00,btc-updown-15m-1767735000,TRADE,UP,ACCUM,5,5,0.4300,2.1500,15,0.4567,10,0.4450,10,0.9017,0.9833,0.33,-1.3000,3.7000,0.0000,174.38,SUCCESS
2026-01-06T21:31:11.025449+00:00,btc-updown-15m-1767735000,TRADE,DOWN,ACCUM,5,5,0.4600,2.3000,15,0.4567,15,0.4500,15,0.9067,1.4000,0.00,1.4000,1.4000,0.0000,172.08,SUCCESS
2026-01-06T21:45:00.378608+00:00,btc-updown-15m-1767735000,RESOLUTION,UP,BINANCE_FALLBACK_SHARED,30,30,1.0000,13.6000,15,0.4567,15,0.4500,15,0.9067,1.4000,0.00,0.0000,0.0000,1.4000,187.08,RESOLVED
2026-01-06T21:45:37.637123+00:00,btc-updown-15m-1767735900,TRADE,DOWN,ACCUM,5,5,0.5100,2.5500,0,0.0000,5,0.5100,0,0.0000,0.0000,1.00,-2.5500,2.4500,0.0000,184.53,SUCCESS
2026-01-06T21:45:43.121801+00:00,btc-updown-15m-1767735900,TRADE,UP,ACCUM,5,5,0.4300,2.1500,5,0.4300,5,0.5100,5,0.9400,0.3000,0.00,0.3000,0.3000,0.0000,182.38,SUCCESS
2026-01-06T21:45:48.818176+00:00,btc-updown-15m-1767735900,TRADE,UP,ACCUM,5,5,0.4300,2.1500,10,0.4300,5,0.5100,5,0.9400,0.3000,0.50,-1.8500,3.1500,0.0000,180.23,SUCCESS
2026-01-06T21:46:21.661850+00:00,btc-updown-15m-1767735900,TRADE,DOWN,ACCUM,5,5,0.5800,2.9000,10,0.4300,10,0.5450,10,0.9750,0.2500,0.00,0.2500,0.2500,0.0000,177.33,SUCCESS
2026-01-06T22:00:02.197709+00:00,btc-updown-15m-1767735900,RESOLUTION,DOWN,BINANCE_FALLBACK_SHARED,20,20,1.0000,9.7500,10,0.4300,10,0.5450,10,0.9750,0.2500,0.00,0.0000,0.0000,0.2500,187.33,RESOLVED
2026-01-06T22:00:33.820209+00:00,btc-updown-15m-1767736800,TRADE,UP,ACCUM,5,3,0.5900,1.7700,3,0.5900,0,0.0000,0,0.0000,0.0000,1.00,-1.7700,1.2300,0.0000,185.56,SUCCESS
2026-01-06T22:00:33.826377+00:00,btc-updown-15m-1767736800,TRADE,DOWN,ACCUM,5,5,0.3400,1.7000,3,0.5900,5,0.3400,3,0.9300,0.2100,0.40,-0.4700,1.5300,0.0000,183.86,SUCCESS
2026-01-06T22:00:44.801813+00:00,btc-updown-15m-1767736800,TRADE,UP,ACCUM,5,5,0.5700,2.8500,8,0.5775,5,0.3400,5,0.9175,0.4125,0.38,-1.3200,1.6800,0.0000,181.01,SUCCESS
2026-01-06T22:07:38.810326+00:00,btc-updown-15m-1767736800,TRADE,DOWN,ACCUM,10,10,0.4000,4.0000,8,0.5775,15,0.3800,8,0.9575,0.3400,0.47,-2.3200,4.6800,0.0000,177.01,SUCCESS
2026-01-06T22:07:44.226192+00:00,btc-updown-15m-1767736800,TRADE,UP,ACCUM,5,5,0.5200,2.6000,13,0.5554,15,0.3800,13,0.9354,0.8400,0.13,0.0800,2.0800,0.0000,174.41,SUCCESS
2026-01-06T22:15:03.096715+00:00,btc-updown-15m-1767736800,RESOLUTION,DOWN,BINANCE_FALLBACK_SHARED,28,28,1.0000,12.9200,13,0.5554,15,0.3800,13,0.9354,0.8400,0.13,0.0000,0.0000,2.0800,189.41,RESOLVED
2026-01-06T22:16:02.935421+00:00,btc-updown-15m-1767737700,TRADE,UP,ACCUM,5,5,0.6100,3.0500,5,0.6100,0,0.0000,0,0.0000,0.0000,1.00,-3.0500,1.9500,0.0000,186.36,SUCCESS
2026-01-06T22:16:13.815279+00:00,btc-updown-15m-1767737700,TRADE,DOWN,ACCUM,5,5,0.3000,1.5000,5,0.6100,5,0.3000,5,0.9100,0.4500,0.00,0.4500,0.4500,0.0000,184.86,SUCCESS
2026-01-06T22:16:35.693944+00:00,btc-updown-15m-1767737700,TRADE,UP,ACCUM,5,5,0.5600,2.8000,10,0.5850,5,0.3000,5,0.8850,0.5750,0.50,-2.3500,2.6500,0.0000,182.06,SUCCESS
2026-01-06T22:16:35.698895+00:00,btc-updown-15m-1767737700,TRADE,DOWN,ACCUM,5,5,0.3700,1.8500,10,0.5850,10,0.3350,10,0.9200,0.8000,0.00,0.8000,0.8000,0.0000,180.21,SUCCESS
2026-01-06T22:16:41.170591+00:00,btc-updown-15m-1767737700,TRADE,DOWN,ACCUM,5,5,0.4400,2.2000,10,0.5850,15,0.3700,10,0.9550,0.4500,0.33,-1.4000,3.6000,0.0000,178.01,SUCCESS
2026-01-06T22:17:03.112580+00:00,btc-updown-15m-1767737700,TRADE,UP,ACCUM,5,5,0.4200,2.1000,15,0.5300,15,0.3700,15,0.9000,1.5000,0.00,1.5000,1.5000,0.0000,175.91,SUCCESS
2026-01-06T22:30:05.359217+00:00,btc-updown-15m-1767737700,RESOLUTION,UP,BINANCE_FALLBACK_SHARED,30,30,1.0000,13.5000,15,0.5300,15,0.3700,15,0.9000,1.5000,0.00,0.0000,0.0000,1.5000,190.91,RESOLVED
2026-01-06T22:30:41.726927+00:00,btc-updown-15m-1767738600,TRADE,DOWN,ACCUM,5,5,0.5200,2.6000,0,0.0000,5,0.5200,0,0.0000,0.0000,1.00,-2.6000,2.4000,0.0000,188.31,SUCCESS
2026-01-06T22:31:14.797082+00:00,btc-updown-15m-1767738600,TRADE,UP,ACCUM,5,5,0.3600,1.8000,5,0.3600,5,0.5200,5,0.8800,0.6000,0.00,0.6000,0.6000,0.0000,186.51,SUCCESS
2026-01-06T22:45:05.156945+00:00,btc-updown-15m-1767738600,RESOLUTION,DOWN,BINANCE_FALLBACK_SHARED,10,10,1.0000,4.4000,5,0.3600,5,0.5200,5,0.8800,0.6000,0.00,0.0000,0.0000,0.6000,191.51,RESOLVED
2026-01-06T22:45:30.057509+00:00,btc-updown-15m-1767739500,TRADE,UP,ACCUM,5,5,0.5197,2.5987,5,0.5197,0,0.0000,0,0.0000,0.0000,1.00,-2.5987,2.4013,0.0000,188.91,SUCCESS
2026-01-06T22:45:30.065909+00:00,btc-updown-15m-1767739500,TRADE,DOWN,ACCUM,5,5,0.4100,2.0500,5,0.5197,5,0.4100,5,0.9297,0.3513,0.00,0.3513,0.3513,0.0000,186.86,SUCCESS
2026-01-06T22:45:35.521777+00:00,btc-updown-15m-1767739500,TRADE,DOWN,ACCUM,5,5,0.3800,1.9000,5,0.5197,10,0.3950,5,0.9147,0.4263,0.50,-1.5487,3.4513,0.0000,184.96,SUCCESS
2026-01-06T22:45:46.500725+00:00,btc-updown-15m-1767739500,TRADE,UP,ACCUM,5,5,0.5400,2.7000,10,0.5299,10,0.3950,10,0.9249,0.7513,0.00,0.7513,0.7513,0.0000,182.26,SUCCESS
2026-01-06T23:00:01.944888+00:00,btc-updown-15m-1767739500,RESOLUTION,UP,BINANCE_FALLBACK_SHARED,20,20,1.0000,9.2487,10,0.5299,10,0.3950,10,0.9249,0.7513,0.00,0.0000,0.0000,0.7513,192.26,RESOLVED
2026-01-06T23:00:21.785658+00:00,btc-updown-15m-1767740400,TRADE,UP,ACCUM,5,5,0.5600,2.8000,5,0.5600,0,0.0000,0,0.0000,0.0000,1.00,-2.8000,2.2000,0.0000,189.46,SUCCESS
2026-01-06T23:00:32.763824+00:00,btc-updown-15m-1767740400,TRADE,DOWN,ACCUM,5,5,0.3600,1.8000,5,0.5600,5,0.3600,5,0.9200,0.4000,0.00,0.4000,0.4000,0.0000,187.66,SUCCESS
2026-01-06T23:01:44.394928+00:00,btc-updown-15m-1767740400,TRADE,UP,ACCUM,5,5,0.4400,2.2000,10,0.5000,5,0.3600,5,0.8600,0.7000,0.50,-1.8000,3.2000,0.0000,185.46,SUCCESS
2026-01-06T23:02:28.618595+00:00,btc-updown-15m-1767740400,TRADE,DOWN,ACCUM,5,5,0.3600,1.8000,10,0.5000,10,0.3600,10,0.8600,1.4000,0.00,1.4000,1.4000,0.0000,183.66,SUCCESS
2026-01-06T23:15:05.316998+00:00,btc-updown-15m-1767740400,RESOLUTION,UP,BINANCE_FALLBACK_SHARED,20,20,1.0000,8.6000,10,0.5000,10,0.3600,10,0.8600,1.4000,0.00,0.0000,0.0000,1.4000,193.66,RESOLVED
2026-01-06T23:15:36.121555+00:00,btc-updown-15m-1767741300,TRADE,UP,ACCUM,5,5,0.6000,3.0000,5,0.6000,0,0.0000,0,0.0000,0.0000,1.00,-3.0000,2.0000,0.0000,190.66,SUCCESS
2026-01-06T23:15:41.574465+00:00,btc-updown-15m-1767741300,TRADE,DOWN,ACCUM,5,5,0.3200,1.6000,5,0.6000,5,0.3200,5,0.9200,0.4000,0.00,0.4000,0.4000,0.0000,189.06,SUCCESS
2026-01-06T23:16:25.767716+00:00,btc-updown-15m-1767741300,TRADE,DOWN,ACCUM,5,5,0.3800,1.9000,5,0.6000,10,0.3500,5,0.9500,0.2500,0.50,-1.5000,3.5000,0.0000,187.16,SUCCESS
2026-01-06T23:17:04.308042+00:00,btc-updown-15m-1767741300,TRADE,UP,ACCUM,5,5,0.4800,2.4000,10,0.5400,10,0.3500,10,0.8900,1.1000,0.00,1.1000,1.1000,0.0000,184.76,SUCCESS
2026-01-06T23:17:09.799186+00:00,btc-updown-15m-1767741300,TRADE,UP,ACCUM,5,5,0.4500,2.2500,15,0.5100,10,0.3500,10,0.8600,1.4000,0.33,-1.1500,3.8500,0.0000,182.51,SUCCESS
2026-01-06T23:17:20.942823+00:00,btc-updown-15m-1767741300,TRADE,DOWN,ACCUM,5,2,0.5800,1.1600,15,0.5100,12,0.3883,12,0.8983,1.2200,0.20,-0.3100,2.6900,0.0000,181.35,SUCCESS
2026-01-06T23:30:02.464557+00:00,btc-updown-15m-1767741300,RESOLUTION,UP,BINANCE_FALLBACK_SHARED,27,27,1.0000,12.3100,15,0.5100,12,0.3883,12,0.8983,1.2200,0.20,0.0000,0.0000,2.6900,196.35,RESOLVED
2026-01-06T23:30:22.447519+00:00,btc-updown-15m-1767742200,TRADE,DOWN,ACCUM,5,5,0.5000,2.5000,0,0.0000,5,0.5000,0,0.0000,0.0000,1.00,-2.5000,2.5000,0.0000,193.85,SUCCESS
2026-01-06T23:30:38.845973+00:00,btc-updown-15m-1767742200,TRADE,UP,ACCUM,5,5,0.4400,2.2000,5,0.4400,5,0.5000,5,0.9400,0.3000,0.00,0.3000,0.3000,0.0000,191.65,SUCCESS
2026-01-06T23:30:55.386454+00:00,btc-updown-15m-1767742200,TRADE,UP,ACCUM,5,5,0.4400,2.2000,10,0.4400,5,0.5000,5,0.9400,0.3000,0.50,-1.9000,3.1000,0.0000,189.45,SUCCESS
2026-01-06T23:31:00.823556+00:00,btc-updown-15m-1767742200,TRADE,DOWN,ACCUM,5,5,0.4900,2.4500,10,0.4400,10,0.4950,10,0.9350,0.6500,0.00,0.6500,0.6500,0.0000,187.00,SUCCESS
2026-01-06T23:32:01.147111+00:00,btc-updown-15m-1767742200,TRADE,DOWN,ACCUM,5,5,0.4400,2.2000,10,0.4400,15,0.4767,10,0.9167,0.8333,0.33,-1.5500,3.4500,0.0000,184.80,SUCCESS
2026-01-06T23:32:06.635277+00:00,btc-updown-15m-1767742200,TRADE,UP,ACCUM,5,5,0.5100,2.5500,15,0.4633,15,0.4767,15,0.9400,0.9000,0.00,0.9000,0.9000,0.0000,182.25,SUCCESS
2026-01-06T23:45:02.783643+00:00,btc-updown-15m-1767742200,RESOLUTION,UP,BINANCE_FALLBACK_SHARED,30,30,1.0000,14.1000,15,0.4633,15,0.4767,15,0.9400,0.9000,0.00,0.0000,0.0000,0.9000,197.25,RESOLVED
2026-01-06T23:45:34.176578+00:00,btc-updown-15m-1767743100,TRADE,DOWN,ACCUM,5,5,0.4898,2.4489,0,0.0000,5,0.4898,0,0.0000,0.0000,1.00,-2.4489,2.5511,0.0000,194.80,SUCCESS
2026-01-06T23:45:34.184823+00:00,btc-updown-15m-1767743100,TRADE,UP,ACCUM,5,3,0.4400,1.3200,3,0.4400,5,0.4898,3,0.9298,0.2106,0.40,-0.7689,1.2311,0.0000,193.48,SUCCESS
2026-01-06T23:45:39.697941+00:00,btc-updown-15m-1767743100,TRADE,DOWN,ACCUM,5,5,0.4800,2.4000,3,0.4400,10,0.4849,3,0.9249,0.2253,0.70,-3.1689,3.8311,0.0000,191.08,SUCCESS
2026-01-06T23:45:50.811219+00:00,btc-updown-15m-1767743100,TRADE,UP,ACCUM,7,7,0.4000,2.8000,10,0.4120,10,0.4849,10,0.8969,1.0311,0.00,1.0311,1.0311,0.0000,188.28,SUCCESS
2026-01-06T23:45:56.329754+00:00,btc-updown-15m-1767743100,TRADE,DOWN,ACCUM,5,5,0.4700,2.3500,10,0.4120,15,0.4799,10,0.8919,1.0807,0.33,-1.3189,3.6811,0.0000,185.93,SUCCESS
2026-01-06T23:45:56.337036+00:00,btc-updown-15m-1767743100,TRADE,UP,ACCUM,5,5,0.4500,2.2500,15,0.4247,15,0.4799,15,0.9046,1.4311,0.00,1.4311,1.4311,0.0000,183.68,SUCCESS
