timestamp,market_slug,event_type,trade_side,trade_mode,size_requested,size_filled,price,cost,pos_up_size,pos_up_avg_price,pos_down_size,pos_down_avg_price,pos_hedged_pairs,pos_pair_cost,pos_locked_profit,pos_imbalance,pnl_min,pnl_max,pnl_realized,balance_after,status
2025-12-24T15:15:18.931350+00:00,btc-updown-15m-1766589300,TRADE,UP,ACCUM,2,2,0.5551,1.1102,2,0.5551,0,0.0000,0,0.0000,0.0000,1.00,-1.1102,0.8898,0.0000,98.89,SUCCESS
2025-12-24T15:15:20.171520+00:00,btc-updown-15m-1766589300,RESOLUTION,DOWN,BINANCE_FALLBACK_SHARED,2,2,1.0000,1.1102,2,0.5551,0,0.0000,0,0.0000,0.0000,1.00,0.0000,0.0000,-1.1102,98.89,RESOLVED
2025-12-24T15:20:00.543658+00:00,btc-updown-15m-1766590200,TRADE,UP,ACCUM,2,2,0.5002,1.0004,2,0.5002,0,0.0000,0,0.0000,0.0000,1.00,-1.0004,0.9996,0.0000,97.89,SUCCESS
2025-12-24T15:20:05.948742+00:00,btc-updown-15m-1766590200,TRADE,DOWN,ACCUM,3,3,0.4700,1.4100,2,0.5002,3,0.4700,2,0.9702,0.0596,0.33,-0.4104,0.5896,0.0000,96.48,SUCCESS
2025-12-24T15:20:11.586127+00:00,btc-updown-15m-1766590200,TRADE,UP,ACCUM,2,2,0.5002,1.0004,4,0.5002,3,0.4700,3,0.9702,0.0894,0.25,-0.4108,0.5892,0.0000,95.48,SUCCESS
2025-12-24T15:20:22.769606+00:00,btc-updown-15m-1766590200,TRADE,DOWN,ACCUM,3,3,0.4700,1.4100,4,0.5002,6,0.4700,4,0.9702,0.1191,0.33,-0.8209,1.1791,0.0000,94.07,SUCCESS
2025-12-24T15:20:28.196838+00:00,btc-updown-15m-1766590200,TRADE,UP,ACCUM,2,2,0.5002,1.0004,6,0.5002,6,0.4700,6,0.9702,0.1787,0.00,0.1787,0.1787,0.0000,93.07,SUCCESS
2025-12-24T15:20:33.763227+00:00,btc-updown-15m-1766590200,TRADE,UP,ACCUM,2,2,0.5002,1.0005,8,0.5002,6,0.4700,6,0.9702,0.1787,0.25,-0.8218,1.1782,0.0000,92.07,SUCCESS
2025-12-24T15:20:39.216504+00:00,btc-updown-15m-1766590200,TRADE,DOWN,ACCUM,3,3,0.4700,1.4101,8,0.5002,9,0.4700,8,0.9702,0.2381,0.11,-0.2319,0.7681,0.0000,90.66,SUCCESS
2025-12-24T15:20:50.446949+00:00,btc-updown-15m-1766590200,TRADE,UP,ACCUM,2,2,0.5000,1.0000,10,0.5002,9,0.4700,9,0.9702,0.2682,0.10,-0.2319,0.7681,0.0000,89.66,SUCCESS
2025-12-24T15:20:55.863610+00:00,btc-updown-15m-1766590200,TRADE,DOWN,ACCUM,3,3,0.4701,1.4102,10,0.5002,12,0.4700,10,0.9702,0.2979,0.17,-0.6422,1.3578,0.0000,88.25,SUCCESS
2025-12-24T15:21:01.340355+00:00,btc-updown-15m-1766590200,TRADE,UP,ACCUM,2,2,0.5001,1.0003,12,0.5002,12,0.4700,12,0.9702,0.3576,0.00,0.3576,0.3576,0.0000,87.25,SUCCESS
2025-12-24T15:21:12.589490+00:00,btc-updown-15m-1766590200,TRADE,UP,ACCUM,2,2,0.5002,1.0003,14,0.5002,12,0.4700,12,0.9702,0.3576,0.14,-0.6427,1.3573,0.0000,86.25,SUCCESS
2025-12-24T15:21:18.204658+00:00,btc-updown-15m-1766590200,TRADE,DOWN,ACCUM,3,3,0.4702,1.4106,14,0.5002,15,0.4701,14,0.9702,0.4167,0.07,-0.0534,0.9466,0.0000,84.84,SUCCESS
2025-12-24T15:21:23.807808+00:00,btc-updown-15m-1766590200,TRADE,UP,ACCUM,2,1,0.5001,0.5001,15,0.5002,15,0.4701,15,0.9702,0.4465,0.00,0.4465,0.4465,0.0000,84.34,SUCCESS
2025-12-24T15:30:04.525914+00:00,btc-updown-15m-1766590200,RESOLUTION,DOWN,BINANCE_FALLBACK_SHARED,30,30,1.0000,14.5535,15,0.5002,15,0.4701,15,0.9702,0.4465,0.00,0.0000,0.0000,0.4465,99.34,RESOLVED
2025-12-24T15:37:01.982349+00:00,btc-updown-15m-1766591100,TRADE,UP,ACCUM,2,2,0.5002,1.0004,2,0.5002,0,0.0000,0,0.0000,0.0000,1.00,-1.0004,0.9996,0.0000,98.34,SUCCESS
2025-12-24T15:37:07.376430+00:00,btc-updown-15m-1766591100,TRADE,DOWN,ACCUM,3,3,0.4700,1.4101,2,0.5002,3,0.4700,2,0.9702,0.0596,0.33,-0.4104,0.5896,0.0000,96.93,SUCCESS
2025-12-24T15:37:13.156782+00:00,btc-updown-15m-1766591100,TRADE,UP,ACCUM,2,2,0.4999,0.9999,4,0.5001,3,0.4700,3,0.9701,0.0897,0.25,-0.4103,0.5897,0.0000,95.93,SUCCESS
2025-12-24T15:37:18.741312+00:00,btc-updown-15m-1766591100,TRADE,DOWN,ACCUM,3,3,0.4701,1.4104,4,0.5001,6,0.4701,4,0.9701,0.1195,0.33,-0.8207,1.1793,0.0000,94.52,SUCCESS
2025-12-24T15:37:25.350561+00:00,btc-updown-15m-1766591100,TRADE,UP,ACCUM,2,2,0.5002,1.0004,6,0.5001,6,0.4701,6,0.9702,0.1789,0.00,0.1789,0.1789,0.0000,93.52,SUCCESS
2025-12-24T15:37:37.552866+00:00,btc-updown-15m-1766591100,TRADE,UP,ACCUM,2,2,0.5000,1.0001,8,0.5001,6,0.4701,6,0.9702,0.1790,0.25,-0.8211,1.1789,0.0000,92.52,SUCCESS
2025-12-24T15:37:43.120338+00:00,btc-updown-15m-1766591100,TRADE,DOWN,ACCUM,3,3,0.4701,1.4102,8,0.5001,9,0.4701,8,0.9702,0.2387,0.11,-0.2313,0.7687,0.0000,91.11,SUCCESS
2025-12-24T15:37:48.526801+00:00,btc-updown-15m-1766591100,TRADE,UP,ACCUM,2,2,0.5001,1.0003,10,0.5001,9,0.4701,9,0.9702,0.2685,0.10,-0.2316,0.7684,0.0000,90.10,SUCCESS
2025-12-24T15:37:54.019227+00:00,btc-updown-15m-1766591100,TRADE,DOWN,ACCUM,3,3,0.4702,1.4107,10,0.5001,12,0.4701,10,0.9702,0.2979,0.17,-0.6423,1.3577,0.0000,88.69,SUCCESS
2025-12-24T15:38:05.228071+00:00,btc-updown-15m-1766591100,TRADE,UP,ACCUM,2,1,0.5002,0.5002,11,0.5001,12,0.4701,11,0.9702,0.3276,0.08,-0.1425,0.8575,0.0000,88.19,SUCCESS
2025-12-24T15:38:10.817331+00:00,btc-updown-15m-1766591100,TRADE,UP,ACCUM,2,2,0.5002,1.0003,13,0.5001,12,0.4701,12,0.9702,0.3573,0.08,-0.1428,0.8572,0.0000,87.19,SUCCESS
2025-12-24T15:38:16.237359+00:00,btc-updown-15m-1766591100,TRADE,DOWN,ACCUM,3,3,0.4702,1.4107,13,0.5001,15,0.4701,13,0.9703,0.3867,0.13,-0.5535,1.4465,0.0000,85.78,SUCCESS
2025-12-24T15:38:27.050197+00:00,btc-updown-15m-1766591100,TRADE,UP,ACCUM,2,2,0.5001,1.0001,15,0.5001,15,0.4701,15,0.9702,0.4463,0.00,0.4463,0.4463,0.0000,84.78,SUCCESS
2025-12-24T15:45:03.730285+00:00,btc-updown-15m-1766591100,RESOLUTION,UP,BINANCE_FALLBACK_SHARED,30,30,1.0000,14.5537,15,0.5001,15,0.4701,15,0.9702,0.4463,0.00,0.0000,0.0000,0.4463,99.78,RESOLVED
2025-12-24T15:50:05.484499+00:00,btc-updown-15m-1766592000,TRADE,DOWN,ACCUM,2,2,0.5000,1.0001,0,0.0000,2,0.5000,0,0.0000,0.0000,1.00,-1.0001,0.9999,0.0000,98.78,SUCCESS
2025-12-24T15:50:11.067047+00:00,btc-updown-15m-1766592000,TRADE,UP,ACCUM,3,3,0.4701,1.4103,3,0.4701,2,0.5000,2,0.9701,0.0597,0.33,-0.4104,0.5896,0.0000,97.37,SUCCESS
2025-12-24T15:50:16.455641+00:00,btc-updown-15m-1766592000,TRADE,DOWN,ACCUM,2,2,0.5001,1.0001,3,0.4701,4,0.5000,3,0.9701,0.0896,0.25,-0.4105,0.5895,0.0000,96.37,SUCCESS
2025-12-24T15:50:21.842813+00:00,btc-updown-15m-1766592000,TRADE,UP,ACCUM,3,3,0.4700,1.4100,6,0.4701,4,0.5000,4,0.9701,0.1196,0.33,-0.8205,1.1795,0.0000,94.96,SUCCESS
2025-12-24T15:50:32.734681+00:00,btc-updown-15m-1766592000,TRADE,DOWN,ACCUM,2,2,0.4998,0.9996,6,0.4701,6,0.5000,6,0.9700,0.1799,0.00,0.1799,0.1799,0.0000,93.96,SUCCESS
2025-12-24T15:50:38.135454+00:00,btc-updown-15m-1766592000,TRADE,DOWN,ACCUM,2,2,0.5002,1.0004,6,0.4701,8,0.5000,6,0.9701,0.1796,0.25,-0.8204,1.1796,0.0000,92.96,SUCCESS
2025-12-24T15:50:43.720872+00:00,btc-updown-15m-1766592000,TRADE,UP,ACCUM,3,3,0.4702,1.4107,9,0.4701,8,0.5000,8,0.9701,0.2390,0.11,-0.2311,0.7689,0.0000,91.55,SUCCESS
2025-12-24T15:50:54.524576+00:00,btc-updown-15m-1766592000,TRADE,DOWN,ACCUM,2,2,0.5001,1.0003,9,0.4701,10,0.5000,9,0.9701,0.2687,0.10,-0.2314,0.7686,0.0000,90.55,SUCCESS
2025-12-24T15:51:00.131543+00:00,btc-updown-15m-1766592000,TRADE,UP,ACCUM,3,3,0.4701,1.4104,12,0.4701,10,0.5000,10,0.9702,0.2984,0.17,-0.6418,1.3582,0.0000,89.14,SUCCESS
2025-12-24T15:51:05.539106+00:00,btc-updown-15m-1766592000,TRADE,DOWN,ACCUM,2,2,0.5001,1.0001,12,0.4701,12,0.5000,12,0.9702,0.3581,0.00,0.3581,0.3581,0.0000,88.14,SUCCESS
2025-12-24T15:51:10.939955+00:00,btc-updown-15m-1766592000,TRADE,DOWN,ACCUM,2,2,0.5002,1.0004,12,0.4701,14,0.5001,12,0.9702,0.3578,0.14,-0.6423,1.3577,0.0000,87.14,SUCCESS
2025-12-24T15:51:27.753855+00:00,btc-updown-15m-1766592000,TRADE,UP,ACCUM,3,3,0.4702,1.4106,15,0.4701,14,0.5001,14,0.9702,0.4172,0.07,-0.0529,0.9471,0.0000,85.73,SUCCESS
2025-12-24T15:51:33.210211+00:00,btc-updown-15m-1766592000,TRADE,DOWN,ACCUM,2,2,0.5001,1.0001,15,0.4701,16,0.5001,15,0.9702,0.4470,0.06,-0.0531,0.9469,0.0000,84.73,SUCCESS
2025-12-24T16:00:02.969635+00:00,btc-updown-15m-1766592000,RESOLUTION,DOWN,BINANCE_FALLBACK_SHARED,31,31,1.0000,15.0531,15,0.4701,16,0.5001,15,0.9702,0.4470,0.06,0.0000,0.0000,0.9469,100.73,RESOLVED
2025-12-24T16:09:39.174842+00:00,btc-updown-15m-1766592900,TRADE,DOWN,ACCUM,2,2,0.4999,0.9999,0,0.0000,2,0.4999,0,0.0000,0.0000,1.00,-0.9999,1.0001,0.0000,99.73,SUCCESS
2025-12-24T16:09:44.771465+00:00,btc-updown-15m-1766592900,TRADE,UP,ACCUM,3,3,0.4700,1.4101,3,0.4700,2,0.4999,2,0.9700,0.0600,0.33,-0.4100,0.5900,0.0000,98.32,SUCCESS
2025-12-24T16:09:55.755371+00:00,btc-updown-15m-1766592900,TRADE,DOWN,ACCUM,2,2,0.5000,1.0001,3,0.4700,4,0.5000,3,0.9700,0.0899,0.25,-0.4101,0.5899,0.0000,97.32,SUCCESS
2025-12-24T16:10:01.170605+00:00,btc-updown-15m-1766592900,TRADE,UP,ACCUM,3,3,0.4851,1.4552,6,0.4775,4,0.5000,4,0.9775,0.0898,0.33,-0.8653,1.1347,0.0000,95.86,SUCCESS
2025-12-24T16:10:06.875911+00:00,btc-updown-15m-1766592900,TRADE,DOWN,ACCUM,2,1,0.5151,0.5151,6,0.4775,5,0.5030,5,0.9806,0.0972,0.17,-0.3804,0.6196,0.0000,95.35,SUCCESS
2025-12-24T16:10:12.461971+00:00,btc-updown-15m-1766592900,TRADE,DOWN,ACCUM,2,2,0.5052,1.0105,6,0.4775,7,0.5037,6,0.9812,0.1128,0.14,-0.3909,0.6091,0.0000,94.34,SUCCESS
2025-12-24T16:10:18.001583+00:00,btc-updown-15m-1766592900,TRADE,UP,ACCUM,3,3,0.4952,1.4856,9,0.4834,7,0.5037,7,0.9871,0.0904,0.22,-0.8765,1.1235,0.0000,92.85,SUCCESS
2025-12-24T16:10:23.407945+00:00,btc-updown-15m-1766592900,TRADE,DOWN,ACCUM,2,2,0.5051,1.0101,9,0.4834,9,0.5040,9,0.9874,0.1134,0.00,0.1134,0.1134,0.0000,91.84,SUCCESS
2025-12-24T16:10:29.027495+00:00,btc-updown-15m-1766592900,TRADE,DOWN,ACCUM,2,2,0.5051,1.0101,9,0.4834,11,0.5042,9,0.9876,0.1116,0.18,-0.8967,1.1033,0.0000,90.83,SUCCESS
2025-12-24T16:10:34.813836+00:00,btc-updown-15m-1766592900,TRADE,UP,ACCUM,3,3,0.4950,1.4851,12,0.4863,11,0.5042,11,0.9905,0.1045,0.08,-0.3818,0.6182,0.0000,89.35,SUCCESS
2025-12-24T16:10:40.225748+00:00,btc-updown-15m-1766592900,TRADE,DOWN,ACCUM,2,2,0.5050,1.0100,12,0.4863,13,0.5043,12,0.9906,0.1125,0.08,-0.3918,0.6082,0.0000,88.34,SUCCESS
2025-12-24T16:10:46.008165+00:00,btc-updown-15m-1766592900,TRADE,UP,ACCUM,3,3,0.4948,1.4843,15,0.4880,13,0.5043,13,0.9923,0.0999,0.13,-0.8762,1.1238,0.0000,86.85,SUCCESS
2025-12-24T16:10:51.401652+00:00,btc-updown-15m-1766592900,TRADE,DOWN,ACCUM,2,2,0.5051,1.0103,15,0.4880,15,0.5044,15,0.9924,0.1136,0.00,0.1136,0.1136,0.0000,85.84,SUCCESS
2025-12-24T16:15:03.858244+00:00,btc-updown-15m-1766592900,RESOLUTION,UP,BINANCE_FALLBACK_SHARED,30,30,1.0000,14.8864,15,0.4880,15,0.5044,15,0.9924,0.1136,0.00,0.0000,0.0000,0.1136,100.84,RESOLVED
2025-12-24T16:20:02.306294+00:00,btc-updown-15m-1766593800,TRADE,DOWN,ACCUM,2,2,0.5002,1.0003,0,0.0000,2,0.5002,0,0.0000,0.0000,1.00,-1.0003,0.9997,0.0000,99.84,SUCCESS
2025-12-24T16:20:07.929410+00:00,btc-updown-15m-1766593800,TRADE,UP,ACCUM,3,3,0.4702,1.4107,3,0.4702,2,0.5002,2,0.9704,0.0592,0.33,-0.4110,0.5890,0.0000,98.43,SUCCESS
2025-12-24T16:20:13.481518+00:00,btc-updown-15m-1766593800,TRADE,DOWN,ACCUM,2,2,0.5001,1.0002,3,0.4702,4,0.5001,3,0.9704,0.0889,0.25,-0.4112,0.5888,0.0000,97.43,SUCCESS
2025-12-24T16:20:19.002971+00:00,btc-updown-15m-1766593800,TRADE,UP,ACCUM,3,3,0.4701,1.4104,6,0.4702,4,0.5001,4,0.9703,0.1187,0.33,-0.8217,1.1783,0.0000,96.02,SUCCESS
2025-12-24T16:20:24.542225+00:00,btc-updown-15m-1766593800,TRADE,DOWN,ACCUM,2,2,0.5000,1.0000,6,0.4702,6,0.5001,6,0.9703,0.1783,0.00,0.1783,0.1783,0.0000,95.02,SUCCESS
2025-12-24T16:21:09.123809+00:00,btc-updown-15m-1766593800,TRADE,DOWN,ACCUM,2,2,0.5002,1.0004,6,0.4702,8,0.5001,6,0.9703,0.1782,0.25,-0.8221,1.1779,0.0000,94.02,SUCCESS
2025-12-24T16:21:14.522413+00:00,btc-updown-15m-1766593800,TRADE,UP,ACCUM,3,3,0.4701,1.4102,9,0.4701,8,0.5001,8,0.9703,0.2379,0.11,-0.2323,0.7677,0.0000,92.61,SUCCESS
2025-12-24T16:21:20.090878+00:00,btc-updown-15m-1766593800,TRADE,DOWN,ACCUM,3,3,0.4902,1.4707,9,0.4701,11,0.4974,9,0.9676,0.2919,0.18,-0.7029,1.2971,0.0000,91.14,SUCCESS
2025-12-24T16:21:25.637986+00:00,btc-updown-15m-1766593800,TRADE,UP,ACCUM,3,3,0.4801,1.4402,12,0.4726,11,0.4974,11,0.9700,0.3295,0.08,-0.1432,0.8568,0.0000,89.70,SUCCESS
2025-12-24T16:21:47.540485+00:00,btc-updown-15m-1766593800,TRADE,DOWN,ACCUM,3,2,0.4901,0.9802,12,0.4726,13,0.4963,12,0.9689,0.3729,0.08,-0.1234,0.8766,0.0000,88.72,SUCCESS
2025-12-24T16:21:53.064849+00:00,btc-updown-15m-1766593800,TRADE,UP,ACCUM,3,3,0.4801,1.4403,15,0.4741,13,0.4963,13,0.9704,0.3846,0.13,-0.5637,1.4363,0.0000,87.28,SUCCESS
2025-12-24T16:21:59.084491+00:00,btc-updown-15m-1766593800,TRADE,DOWN,ACCUM,3,3,0.4902,1.4705,15,0.4741,16,0.4951,15,0.9693,0.4610,0.06,-0.0342,0.9658,0.0000,85.81,SUCCESS
2025-12-24T16:30:00.623866+00:00,btc-updown-15m-1766593800,RESOLUTION,DOWN,BINANCE_FALLBACK_SHARED,31,31,1.0000,15.0342,15,0.4741,16,0.4951,15,0.9693,0.4610,0.06,0.0000,0.0000,0.9658,101.81,RESOLVED
2025-12-24T16:40:04.294064+00:00,btc-updown-15m-1766594700,TRADE,DOWN,ACCUM,2,2,0.5051,1.0103,0,0.0000,2,0.5051,0,0.0000,0.0000,1.00,-1.0103,0.9897,0.0000,100.80,SUCCESS
2025-12-24T16:40:09.820741+00:00,btc-updown-15m-1766594700,TRADE,UP,ACCUM,3,3,0.4952,1.4856,3,0.4952,2,0.5051,2,1.0003,-0.0007,0.33,-0.4958,0.5042,0.0000,99.31,SUCCESS
2025-12-24T16:45:01.164591+00:00,btc-updown-15m-1766594700,RESOLUTION,UP,BINANCE_FALLBACK_SHARED,5,5,1.0000,2.4958,3,0.4952,2,0.5051,2,1.0003,-0.0007,0.33,0.0000,0.0000,0.5042,102.31,RESOLVED
2025-12-24T16:50:03.599529+00:00,btc-updown-15m-1766595600,TRADE,DOWN,ACCUM,2,2,0.5002,1.0004,0,0.0000,2,0.5002,0,0.0000,0.0000,1.00,-1.0004,0.9996,0.0000,101.31,SUCCESS
2025-12-24T16:50:14.545533+00:00,btc-updown-15m-1766595600,TRADE,UP,ACCUM,3,3,0.4700,1.4101,3,0.4700,2,0.5002,2,0.9702,0.0595,0.33,-0.4105,0.5895,0.0000,99.90,SUCCESS
2025-12-24T16:50:20.149144+00:00,btc-updown-15m-1766595600,TRADE,DOWN,ACCUM,2,2,0.5002,1.0005,3,0.4700,4,0.5002,3,0.9702,0.0893,0.25,-0.4109,0.5891,0.0000,98.90,SUCCESS
2025-12-24T16:50:25.647749+00:00,btc-updown-15m-1766595600,TRADE,UP,ACCUM,3,3,0.4701,1.4104,6,0.4701,4,0.5002,4,0.9703,0.1188,0.33,-0.8213,1.1787,0.0000,97.49,SUCCESS
2025-12-24T16:50:31.092128+00:00,btc-updown-15m-1766595600,TRADE,DOWN,ACCUM,2,2,0.5002,1.0005,6,0.4701,6,0.5002,6,0.9703,0.1782,0.00,0.1782,0.1782,0.0000,96.49,SUCCESS
2025-12-24T16:50:36.613939+00:00,btc-updown-15m-1766595600,TRADE,DOWN,ACCUM,2,2,0.5001,1.0002,6,0.4701,8,0.5002,6,0.9703,0.1784,0.25,-0.8220,1.1780,0.0000,95.49,SUCCESS
2025-12-24T16:50:47.773616+00:00,btc-updown-15m-1766595600,TRADE,UP,ACCUM,3,3,0.4702,1.4105,9,0.4701,8,0.5002,8,0.9703,0.2376,0.11,-0.2325,0.7675,0.0000,94.08,SUCCESS
2025-12-24T16:50:58.953089+00:00,btc-updown-15m-1766595600,TRADE,DOWN,ACCUM,2,2,0.5000,1.0001,9,0.4701,10,0.5002,9,0.9703,0.2676,0.10,-0.2326,0.7674,0.0000,93.08,SUCCESS
2025-12-24T16:51:09.888310+00:00,btc-updown-15m-1766595600,TRADE,UP,ACCUM,3,3,0.4702,1.4106,12,0.4701,10,0.5002,10,0.9703,0.2971,0.17,-0.6432,1.3568,0.0000,91.67,SUCCESS
2025-12-24T16:51:21.052202+00:00,btc-updown-15m-1766595600,TRADE,DOWN,ACCUM,2,2,0.5000,1.0001,12,0.4701,12,0.5001,12,0.9703,0.3567,0.00,0.3567,0.3567,0.0000,90.67,SUCCESS
2025-12-24T16:51:26.563764+00:00,btc-updown-15m-1766595600,TRADE,DOWN,ACCUM,2,2,0.5002,1.0004,12,0.4701,14,0.5002,12,0.9703,0.3566,0.14,-0.6437,1.3563,0.0000,89.67,SUCCESS
2025-12-24T16:51:32.259759+00:00,btc-updown-15m-1766595600,TRADE,UP,ACCUM,3,3,0.4702,1.4106,15,0.4701,14,0.5002,14,0.9703,0.4158,0.07,-0.0543,0.9457,0.0000,88.26,SUCCESS
2025-12-24T16:51:37.837211+00:00,btc-updown-15m-1766595600,TRADE,DOWN,ACCUM,2,1,0.5001,0.5001,15,0.4701,15,0.5002,15,0.9703,0.4456,0.00,0.4456,0.4456,0.0000,87.76,SUCCESS
2025-12-24T17:00:00.408458+00:00,btc-updown-15m-1766595600,RESOLUTION,DOWN,BINANCE_FALLBACK_SHARED,30,30,1.0000,14.5544,15,0.4701,15,0.5002,15,0.9703,0.4456,0.00,0.0000,0.0000,0.4456,102.76,RESOLVED
2025-12-24T17:05:58.922231+00:00,btc-updown-15m-1766596500,TRADE,DOWN,ACCUM,2,1,0.5002,0.5002,0,0.0000,1,0.5002,0,0.0000,0.0000,1.00,-0.5002,0.4998,0.0000,102.26,SUCCESS
2025-12-24T17:06:04.426482+00:00,btc-updown-15m-1766596500,TRADE,UP,ACCUM,3,3,0.4701,1.4104,3,0.4701,1,0.5002,1,0.9703,0.0297,0.67,-0.9105,1.0895,0.0000,100.85,SUCCESS
2025-12-24T17:06:10.091389+00:00,btc-updown-15m-1766596500,TRADE,DOWN,ACCUM,2,2,0.5001,1.0002,3,0.4701,3,0.5001,3,0.9702,0.0893,0.00,0.0893,0.0893,0.0000,99.85,SUCCESS
2025-12-24T17:06:15.652972+00:00,btc-updown-15m-1766596500,TRADE,DOWN,ACCUM,2,2,0.5000,1.0001,3,0.4701,5,0.5001,3,0.9702,0.0894,0.40,-0.9108,1.0892,0.0000,98.85,SUCCESS
2025-12-24T17:06:21.266040+00:00,btc-updown-15m-1766596500,TRADE,UP,ACCUM,3,3,0.4701,1.4103,6,0.4701,5,0.5001,5,0.9702,0.1491,0.17,-0.3211,0.6789,0.0000,97.44,SUCCESS
2025-12-24T17:06:26.878367+00:00,btc-updown-15m-1766596500,TRADE,DOWN,ACCUM,2,2,0.5001,1.0002,6,0.4701,7,0.5001,6,0.9702,0.1788,0.14,-0.3212,0.6788,0.0000,96.44,SUCCESS
2025-12-24T17:06:37.929896+00:00,btc-updown-15m-1766596500,TRADE,UP,ACCUM,3,3,0.4700,1.4100,9,0.4701,7,0.5001,7,0.9702,0.2089,0.22,-0.7313,1.2687,0.0000,95.03,SUCCESS
2025-12-24T17:06:43.541886+00:00,btc-updown-15m-1766596500,TRADE,DOWN,ACCUM,2,2,0.5001,1.0001,9,0.4701,9,0.5001,9,0.9702,0.2686,0.00,0.2686,0.2686,0.0000,94.03,SUCCESS
2025-12-24T17:06:48.969936+00:00,btc-updown-15m-1766596500,TRADE,DOWN,ACCUM,2,2,0.5002,1.0004,9,0.4701,11,0.5001,9,0.9702,0.2684,0.18,-0.7318,1.2682,0.0000,93.03,SUCCESS
2025-12-24T17:07:00.044179+00:00,btc-updown-15m-1766596500,TRADE,UP,ACCUM,3,3,0.4702,1.4106,12,0.4701,11,0.5001,11,0.9702,0.3278,0.08,-0.1423,0.8577,0.0000,91.62,SUCCESS
2025-12-24T17:07:05.790247+00:00,btc-updown-15m-1766596500,TRADE,DOWN,ACCUM,2,1,0.5001,0.5001,12,0.4701,12,0.5001,12,0.9702,0.3576,0.00,0.3576,0.3576,0.0000,91.12,SUCCESS
2025-12-24T17:07:16.854148+00:00,btc-updown-15m-1766596500,TRADE,DOWN,ACCUM,2,2,0.5002,1.0004,12,0.4701,14,0.5001,12,0.9702,0.3574,0.14,-0.6429,1.3571,0.0000,90.12,SUCCESS
2025-12-24T17:07:22.410543+00:00,btc-updown-15m-1766596500,TRADE,UP,ACCUM,3,3,0.4701,1.4102,15,0.4701,14,0.5001,14,0.9702,0.4170,0.07,-0.0531,0.9469,0.0000,88.71,SUCCESS
2025-12-24T17:07:33.311545+00:00,btc-updown-15m-1766596500,TRADE,DOWN,ACCUM,2,2,0.5001,1.0002,15,0.4701,16,0.5001,15,0.9702,0.4469,0.06,-0.0532,0.9468,0.0000,87.71,SUCCESS
2025-12-24T17:15:05.105320+00:00,btc-updown-15m-1766596500,RESOLUTION,UP,BINANCE_FALLBACK_SHARED,31,31,1.0000,15.0532,15,0.4701,16,0.5001,15,0.9702,0.4469,0.06,0.0000,0.0000,-0.0532,102.71,RESOLVED
2025-12-24T17:20:06.642932+00:00,btc-updown-15m-1766597400,TRADE,DOWN,ACCUM,2,2,0.5001,1.0002,0,0.0000,2,0.5001,0,0.0000,0.0000,1.00,-1.0002,0.9998,0.0000,101.71,SUCCESS
2025-12-24T17:20:12.231089+00:00,btc-updown-15m-1766597400,TRADE,UP,ACCUM,3,3,0.4702,1.4106,3,0.4702,2,0.5001,2,0.9703,0.0594,0.33,-0.4108,0.5892,0.0000,100.29,SUCCESS
2025-12-24T17:20:23.469586+00:00,btc-updown-15m-1766597400,TRADE,DOWN,ACCUM,2,2,0.5002,1.0004,3,0.4702,4,0.5001,3,0.9704,0.0889,0.25,-0.4112,0.5888,0.0000,99.29,SUCCESS
2025-12-24T17:20:28.914917+00:00,btc-updown-15m-1766597400,TRADE,UP,ACCUM,3,3,0.4702,1.4105,6,0.4702,4,0.5001,4,0.9703,0.1187,0.33,-0.8217,1.1783,0.0000,97.88,SUCCESS
2025-12-24T17:20:34.541258+00:00,btc-updown-15m-1766597400,TRADE,DOWN,ACCUM,2,2,0.5001,1.0002,6,0.4702,6,0.5001,6,0.9703,0.1781,0.00,0.1781,0.1781,0.0000,96.88,SUCCESS
2025-12-24T17:20:40.060492+00:00,btc-updown-15m-1766597400,TRADE,DOWN,ACCUM,2,2,0.5000,0.9999,6,0.4702,8,0.5001,6,0.9703,0.1784,0.25,-0.8218,1.1782,0.0000,95.88,SUCCESS
2025-12-24T17:20:45.551176+00:00,btc-updown-15m-1766597400,TRADE,UP,ACCUM,3,3,0.4701,1.4102,9,0.4701,8,0.5001,8,0.9702,0.2382,0.11,-0.2320,0.7680,0.0000,94.47,SUCCESS
2025-12-24T17:20:50.956228+00:00,btc-updown-15m-1766597400,TRADE,DOWN,ACCUM,2,2,0.5000,1.0001,9,0.4701,10,0.5001,9,0.9702,0.2680,0.10,-0.2320,0.7680,0.0000,93.47,SUCCESS
2025-12-24T17:21:01.898246+00:00,btc-updown-15m-1766597400,TRADE,UP,ACCUM,3,3,0.4702,1.4105,12,0.4701,10,0.5001,10,0.9702,0.2977,0.17,-0.6426,1.3574,0.0000,92.06,SUCCESS
2025-12-24T17:21:07.559264+00:00,btc-updown-15m-1766597400,TRADE,DOWN,ACCUM,2,2,0.5000,1.0001,12,0.4701,12,0.5001,12,0.9702,0.3574,0.00,0.3574,0.3574,0.0000,91.06,SUCCESS
2025-12-24T17:21:13.153800+00:00,btc-updown-15m-1766597400,TRADE,DOWN,ACCUM,2,2,0.5000,1.0001,12,0.4701,14,0.5001,12,0.9702,0.3574,0.14,-0.6427,1.3573,0.0000,90.06,SUCCESS
2025-12-24T17:21:18.693750+00:00,btc-updown-15m-1766597400,TRADE,UP,ACCUM,3,3,0.4601,1.3804,15,0.4681,14,0.5001,14,0.9682,0.4450,0.07,-0.0232,0.9768,0.0000,88.68,SUCCESS
2025-12-24T17:21:24.108996+00:00,btc-updown-15m-1766597400,TRADE,DOWN,ACCUM,2,2,0.5100,1.0200,15,0.4681,16,0.5013,15,0.9695,0.4581,0.06,-0.0432,0.9568,0.0000,87.66,SUCCESS
2025-12-24T17:30:00.394577+00:00,btc-updown-15m-1766597400,RESOLUTION,UP,BINANCE_FALLBACK_SHARED,31,31,1.0000,15.0432,15,0.4681,16,0.5013,15,0.9695,0.4581,0.06,0.0000,0.0000,-0.0432,102.66,RESOLVED
2025-12-24T17:31:48.973048+00:00,btc-updown-15m-1766598300,TRADE,DOWN,ACCUM,2,2,0.5001,1.0001,0,0.0000,2,0.5001,0,0.0000,0.0000,1.00,-1.0001,0.9999,0.0000,101.66,SUCCESS
2025-12-24T17:31:54.349718+00:00,btc-updown-15m-1766598300,TRADE,UP,ACCUM,3,3,0.4500,1.3501,3,0.4500,2,0.5001,2,0.9501,0.0998,0.33,-0.3503,0.6497,0.0000,100.31,SUCCESS
2025-12-24T17:32:38.815073+00:00,btc-updown-15m-1766598300,TRADE,DOWN,ACCUM,3,3,0.4900,1.4701,3,0.4500,5,0.4940,3,0.9441,0.1677,0.40,-0.8204,1.1796,0.0000,98.84,SUCCESS
2025-12-24T17:32:49.878685+00:00,btc-updown-15m-1766598300,TRADE,UP,ACCUM,3,3,0.4501,1.3504,6,0.4501,5,0.4940,5,0.9441,0.2793,0.17,-0.1707,0.8293,0.0000,97.49,SUCCESS
2025-12-24T17:32:55.411000+00:00,btc-updown-15m-1766598300,TRADE,DOWN,ACCUM,3,3,0.4901,1.4704,6,0.4501,8,0.4926,6,0.9427,0.3440,0.25,-0.6411,1.3589,0.0000,96.02,SUCCESS
2025-12-24T17:33:17.414781+00:00,btc-updown-15m-1766598300,TRADE,UP,ACCUM,3,3,0.4601,1.3804,9,0.4534,8,0.4926,8,0.9460,0.4319,0.11,-0.0215,0.9785,0.0000,94.64,SUCCESS
2025-12-24T17:33:28.354975+00:00,btc-updown-15m-1766598300,TRADE,DOWN,ACCUM,3,3,0.4900,1.4700,9,0.4534,11,0.4919,9,0.9453,0.4922,0.18,-0.4916,1.5084,0.0000,93.17,SUCCESS
2025-12-24T17:33:39.285945+00:00,btc-updown-15m-1766598300,TRADE,UP,ACCUM,3,3,0.4601,1.3803,12,0.4551,11,0.4919,11,0.9470,0.5833,0.08,0.1281,1.1281,0.0000,91.79,SUCCESS
2025-12-24T17:33:55.948353+00:00,btc-updown-15m-1766598300,TRADE,DOWN,ACCUM,3,3,0.4900,1.4700,12,0.4551,14,0.4915,12,0.9466,0.6410,0.14,-0.3419,1.6581,0.0000,90.32,SUCCESS
2025-12-24T17:34:28.946622+00:00,btc-updown-15m-1766598300,TRADE,UP,ACCUM,3,3,0.4500,1.3500,15,0.4541,14,0.4915,14,0.9456,0.7622,0.07,0.3081,1.3081,0.0000,88.97,SUCCESS
2025-12-24T17:34:34.345032+00:00,btc-updown-15m-1766598300,TRADE,DOWN,ACCUM,3,3,0.4901,1.4702,15,0.4541,17,0.4912,15,0.9453,0.8203,0.12,-0.1622,1.8378,0.0000,87.50,SUCCESS
2025-12-24T17:45:04.524864+00:00,btc-updown-15m-1766598300,RESOLUTION,DOWN,BINANCE_FALLBACK_SHARED,32,32,1.0000,15.1622,15,0.4541,17,0.4912,15,0.9453,0.8203,0.12,0.0000,0.0000,1.8378,104.50,RESOLVED
2025-12-24T17:51:33.329328+00:00,btc-updown-15m-1766599200,TRADE,UP,ACCUM,2,2,0.5001,1.0003,2,0.5001,0,0.0000,0,0.0000,0.0000,1.00,-1.0003,0.9997,0.0000,103.50,SUCCESS
2025-12-24T17:51:38.870695+00:00,btc-updown-15m-1766599200,TRADE,DOWN,ACCUM,3,3,0.4702,1.4105,2,0.5001,3,0.4702,2,0.9703,0.0594,0.33,-0.4107,0.5893,0.0000,102.09,SUCCESS
2025-12-24T17:51:44.457241+00:00,btc-updown-15m-1766599200,TRADE,UP,ACCUM,3,3,0.4901,1.4703,5,0.4941,3,0.4702,3,0.9643,0.1072,0.40,-0.8810,1.1190,0.0000,100.62,SUCCESS
2025-12-24T17:51:55.670934+00:00,btc-updown-15m-1766599200,TRADE,DOWN,ACCUM,3,3,0.4802,1.4406,5,0.4941,6,0.4752,5,0.9693,0.1536,0.17,-0.3216,0.6784,0.0000,99.18,SUCCESS
2025-12-24T17:52:06.617125+00:00,btc-updown-15m-1766599200,TRADE,UP,ACCUM,3,3,0.4900,1.4700,8,0.4926,6,0.4752,6,0.9677,0.1935,0.25,-0.7916,1.2084,0.0000,97.71,SUCCESS
2025-12-24T17:52:12.121954+00:00,btc-updown-15m-1766599200,TRADE,DOWN,ACCUM,3,3,0.4802,1.4405,8,0.4926,9,0.4768,8,0.9694,0.2447,0.11,-0.2321,0.7679,0.0000,96.27,SUCCESS
2025-12-24T17:52:17.657362+00:00,btc-updown-15m-1766599200,TRADE,UP,ACCUM,3,3,0.4902,1.4706,11,0.4919,9,0.4768,9,0.9688,0.2812,0.18,-0.7027,1.2973,0.0000,94.80,SUCCESS
2025-12-24T17:52:23.082000+00:00,btc-updown-15m-1766599200,TRADE,DOWN,ACCUM,3,3,0.4802,1.4406,11,0.4919,12,0.4777,11,0.9696,0.3344,0.08,-0.1433,0.8567,0.0000,93.36,SUCCESS
2025-12-24T17:52:34.143084+00:00,btc-updown-15m-1766599200,TRADE,UP,ACCUM,3,3,0.4900,1.4701,14,0.4915,12,0.4777,12,0.9692,0.3697,0.14,-0.6134,1.3866,0.0000,91.89,SUCCESS
2025-12-24T17:52:39.734109+00:00,btc-updown-15m-1766599200,TRADE,DOWN,ACCUM,3,3,0.4801,1.4404,14,0.4915,15,0.4782,14,0.9697,0.4244,0.07,-0.0538,0.9462,0.0000,90.45,SUCCESS
2025-12-24T17:52:45.145836+00:00,btc-updown-15m-1766599200,TRADE,UP,ACCUM,3,3,0.4902,1.4705,17,0.4913,15,0.4782,15,0.9694,0.4583,0.12,-0.5243,1.4757,0.0000,88.98,SUCCESS
2025-12-24T18:00:02.956381+00:00,btc-updown-15m-1766599200,RESOLUTION,DOWN,BINANCE_FALLBACK_SHARED,32,32,1.0000,15.5243,17,0.4913,15,0.4782,15,0.9694,0.4583,0.12,0.0000,0.0000,-0.5243,103.98,RESOLVED
2025-12-24T18:03:40.826895+00:00,btc-updown-15m-1766600100,TRADE,UP,ACCUM,2,2,0.4999,0.9999,2,0.4999,0,0.0000,0,0.0000,0.0000,1.00,-0.9999,1.0001,0.0000,102.98,SUCCESS
2025-12-24T18:03:46.235770+00:00,btc-updown-15m-1766600100,TRADE,DOWN,ACCUM,3,1,0.4501,0.4501,2,0.4999,1,0.4501,1,0.9500,0.0500,0.50,-0.4500,0.5500,0.0000,102.53,SUCCESS
2025-12-24T18:04:08.077706+00:00,btc-updown-15m-1766600100,TRADE,DOWN,ACCUM,3,3,0.4500,1.3501,2,0.4999,4,0.4500,2,0.9500,0.1001,0.50,-0.8000,1.2000,0.0000,101.18,SUCCESS
2025-12-24T18:04:18.984941+00:00,btc-updown-15m-1766600100,TRADE,UP,ACCUM,2,2,0.5002,1.0005,4,0.5001,4,0.4500,4,0.9501,0.1995,0.00,0.1995,0.1995,0.0000,100.18,SUCCESS
2025-12-24T18:05:02.946644+00:00,btc-updown-15m-1766600100,TRADE,UP,ACCUM,2,2,0.5001,1.0001,6,0.5001,4,0.4500,4,0.9501,0.1995,0.33,-0.8006,1.1994,0.0000,99.18,SUCCESS
2025-12-24T18:05:08.341400+00:00,btc-updown-15m-1766600100,TRADE,DOWN,ACCUM,3,3,0.4702,1.4105,6,0.5001,7,0.4587,6,0.9587,0.2475,0.14,-0.2111,0.7889,0.0000,97.76,SUCCESS
2025-12-24T18:05:13.849129+00:00,btc-updown-15m-1766600100,TRADE,UP,ACCUM,2,2,0.5000,1.0001,8,0.5001,7,0.4587,7,0.9587,0.2889,0.12,-0.2112,0.7888,0.0000,96.76,SUCCESS
2025-12-24T18:05:19.351643+00:00,btc-updown-15m-1766600100,TRADE,DOWN,ACCUM,3,3,0.4701,1.4103,8,0.5001,10,0.4621,8,0.9622,0.3027,0.20,-0.6215,1.3785,0.0000,95.35,SUCCESS
2025-12-24T18:05:30.336438+00:00,btc-updown-15m-1766600100,TRADE,UP,ACCUM,2,2,0.5002,1.0004,10,0.5001,10,0.4621,10,0.9622,0.3780,0.00,0.3780,0.3780,0.0000,94.35,SUCCESS
2025-12-24T18:05:35.828579+00:00,btc-updown-15m-1766600100,TRADE,UP,ACCUM,2,2,0.5002,1.0004,12,0.5001,10,0.4621,10,0.9622,0.3779,0.17,-0.6224,1.3776,0.0000,93.35,SUCCESS
2025-12-24T18:05:41.374035+00:00,btc-updown-15m-1766600100,TRADE,DOWN,ACCUM,3,3,0.4702,1.4105,12,0.5001,13,0.4640,12,0.9641,0.4311,0.08,-0.0329,0.9671,0.0000,91.94,SUCCESS
2025-12-24T18:05:52.362345+00:00,btc-updown-15m-1766600100,TRADE,UP,ACCUM,2,1,0.5002,0.5002,13,0.5001,13,0.4640,13,0.9641,0.4669,0.00,0.4669,0.4669,0.0000,91.44,SUCCESS
2025-12-24T18:05:57.882917+00:00,btc-updown-15m-1766600100,TRADE,UP,ACCUM,2,2,0.5001,1.0002,15,0.5001,13,0.4640,13,0.9641,0.4669,0.13,-0.5334,1.4666,0.0000,90.44,SUCCESS
2025-12-24T18:06:03.396278+00:00,btc-updown-15m-1766600100,TRADE,DOWN,ACCUM,3,2,0.4700,0.9400,15,0.5001,15,0.4648,15,0.9649,0.5266,0.00,0.5266,0.5266,0.0000,89.50,SUCCESS
2025-12-24T18:15:04.901665+00:00,btc-updown-15m-1766600100,RESOLUTION,UP,BINANCE_FALLBACK_SHARED,30,30,1.0000,14.4734,15,0.5001,15,0.4648,15,0.9649,0.5266,0.00,0.0000,0.0000,0.5266,104.50,RESOLVED
2025-12-24T18:23:01.154843+00:00,btc-updown-15m-1766601000,TRADE,DOWN,ACCUM,2,2,0.5001,1.0002,0,0.0000,2,0.5001,0,0.0000,0.0000,1.00,-1.0002,0.9998,0.0000,103.50,SUCCESS
2025-12-24T18:23:23.144370+00:00,btc-updown-15m-1766601000,TRADE,UP,ACCUM,3,3,0.4700,1.4101,3,0.4700,2,0.5001,2,0.9701,0.0598,0.33,-0.4103,0.5897,0.0000,102.09,SUCCESS
2025-12-24T18:23:34.070650+00:00,btc-updown-15m-1766601000,TRADE,DOWN,ACCUM,2,2,0.5002,1.0004,3,0.4700,4,0.5002,3,0.9702,0.0895,0.25,-0.4107,0.5893,0.0000,101.09,SUCCESS
2025-12-24T18:23:45.108250+00:00,btc-updown-15m-1766601000,TRADE,UP,ACCUM,3,3,0.4700,1.4101,6,0.4700,4,0.5002,4,0.9702,0.1193,0.33,-0.8208,1.1792,0.0000,99.68,SUCCESS
2025-12-24T18:23:50.536677+00:00,btc-updown-15m-1766601000,TRADE,DOWN,ACCUM,2,2,0.5000,1.0000,6,0.4700,6,0.5001,6,0.9701,0.1792,0.00,0.1792,0.1792,0.0000,98.68,SUCCESS
2025-12-24T18:23:55.961166+00:00,btc-updown-15m-1766601000,TRADE,DOWN,ACCUM,2,2,0.5000,1.0000,6,0.4700,8,0.5001,6,0.9701,0.1794,0.25,-0.8208,1.1792,0.0000,97.68,SUCCESS
2025-12-24T18:24:01.470905+00:00,btc-updown-15m-1766601000,TRADE,UP,ACCUM,3,1,0.4698,0.4698,7,0.4700,8,0.5001,7,0.9701,0.2095,0.12,-0.2906,0.7094,0.0000,97.21,SUCCESS
2025-12-24T18:24:23.331816+00:00,btc-updown-15m-1766601000,TRADE,UP,ACCUM,3,3,0.4700,1.4100,10,0.4700,8,0.5001,8,0.9701,0.2394,0.20,-0.7007,1.2993,0.0000,95.80,SUCCESS
2025-12-24T18:24:28.989051+00:00,btc-updown-15m-1766601000,TRADE,DOWN,ACCUM,2,2,0.4998,0.9996,10,0.4700,10,0.5000,10,0.9700,0.2997,0.00,0.2997,0.2997,0.0000,94.80,SUCCESS
2025-12-24T18:24:34.490127+00:00,btc-updown-15m-1766601000,TRADE,DOWN,ACCUM,2,1,0.5002,0.5002,10,0.4700,11,0.5000,10,0.9700,0.2996,0.09,-0.2004,0.7996,0.0000,94.30,SUCCESS
2025-12-24T18:24:39.987899+00:00,btc-updown-15m-1766601000,TRADE,UP,ACCUM,3,3,0.4701,1.4104,13,0.4700,11,0.5000,11,0.9701,0.3292,0.15,-0.6109,1.3891,0.0000,92.89,SUCCESS
2025-12-24T18:24:45.485697+00:00,btc-updown-15m-1766601000,TRADE,DOWN,ACCUM,2,2,0.5000,1.0001,13,0.4700,13,0.5000,13,0.9701,0.3890,0.00,0.3890,0.3890,0.0000,91.89,SUCCESS
2025-12-24T18:24:50.905385+00:00,btc-updown-15m-1766601000,TRADE,DOWN,ACCUM,2,2,0.5001,1.0002,13,0.4700,15,0.5000,13,0.9701,0.3890,0.13,-0.6111,1.3889,0.0000,90.89,SUCCESS
2025-12-24T18:25:01.806004+00:00,btc-updown-15m-1766601000,TRADE,UP,ACCUM,3,3,0.4852,1.4557,16,0.4729,15,0.5000,15,0.9729,0.4061,0.06,-0.0668,0.9332,0.0000,89.44,SUCCESS
2025-12-24T18:30:05.260786+00:00,btc-updown-15m-1766601000,RESOLUTION,UP,BINANCE_FALLBACK_SHARED,31,31,1.0000,15.0668,16,0.4729,15,0.5000,15,0.9729,0.4061,0.06,0.0000,0.0000,0.9332,105.44,RESOLVED
2025-12-24T18:36:39.155494+00:00,btc-updown-15m-1766601900,TRADE,DOWN,ACCUM,2,2,0.5000,1.0001,0,0.0000,2,0.5000,0,0.0000,0.0000,1.00,-1.0001,0.9999,0.0000,104.44,SUCCESS
2025-12-24T18:36:50.076648+00:00,btc-updown-15m-1766601900,TRADE,UP,ACCUM,3,3,0.4701,1.4102,3,0.4701,2,0.5000,2,0.9701,0.0598,0.33,-0.4103,0.5897,0.0000,103.03,SUCCESS
2025-12-24T18:37:01.105405+00:00,btc-updown-15m-1766601900,TRADE,DOWN,ACCUM,2,2,0.5002,1.0003,3,0.4701,4,0.5001,3,0.9702,0.0895,0.25,-0.4106,0.5894,0.0000,102.03,SUCCESS
2025-12-24T18:37:12.167335+00:00,btc-updown-15m-1766601900,TRADE,UP,ACCUM,3,3,0.4701,1.4103,6,0.4701,4,0.5001,4,0.9702,0.1193,0.33,-0.8209,1.1791,0.0000,100.61,SUCCESS
2025-12-24T18:37:17.670199+00:00,btc-updown-15m-1766601900,TRADE,DOWN,ACCUM,2,2,0.5001,1.0001,6,0.4701,6,0.5001,6,0.9702,0.1790,0.00,0.1790,0.1790,0.0000,99.61,SUCCESS
2025-12-24T18:37:28.689799+00:00,btc-updown-15m-1766601900,TRADE,DOWN,ACCUM,2,1,0.5001,0.5001,6,0.4701,7,0.5001,6,0.9702,0.1790,0.14,-0.3211,0.6789,0.0000,99.11,SUCCESS
2025-12-24T18:37:34.309258+00:00,btc-updown-15m-1766601900,TRADE,UP,ACCUM,3,3,0.4702,1.4105,9,0.4701,7,0.5001,7,0.9702,0.2086,0.22,-0.7316,1.2684,0.0000,97.70,SUCCESS
2025-12-24T18:37:39.707243+00:00,btc-updown-15m-1766601900,TRADE,DOWN,ACCUM,2,2,0.5002,1.0003,9,0.4701,9,0.5001,9,0.9702,0.2681,0.00,0.2681,0.2681,0.0000,96.70,SUCCESS
2025-12-24T18:37:45.197691+00:00,btc-updown-15m-1766601900,TRADE,DOWN,ACCUM,2,2,0.5002,1.0003,9,0.4701,11,0.5001,9,0.9702,0.2680,0.18,-0.7323,1.2677,0.0000,95.70,SUCCESS
2025-12-24T18:37:50.714139+00:00,btc-updown-15m-1766601900,TRADE,UP,ACCUM,3,3,0.4699,1.4096,12,0.4701,11,0.5001,11,0.9702,0.3282,0.08,-0.1419,0.8581,0.0000,94.29,SUCCESS
2025-12-24T18:37:56.236956+00:00,btc-updown-15m-1766601900,TRADE,DOWN,ACCUM,2,2,0.4999,0.9998,12,0.4701,13,0.5001,12,0.9701,0.3584,0.08,-0.1417,0.8583,0.0000,93.29,SUCCESS
2025-12-24T18:38:01.737363+00:00,btc-updown-15m-1766601900,TRADE,UP,ACCUM,3,3,0.4700,1.4100,15,0.4700,13,0.5001,13,0.9701,0.3884,0.13,-0.5517,1.4483,0.0000,91.88,SUCCESS
2025-12-24T18:38:07.131081+00:00,btc-updown-15m-1766601900,TRADE,DOWN,ACCUM,2,2,0.5001,1.0001,15,0.4700,15,0.5001,15,0.9701,0.4482,0.00,0.4482,0.4482,0.0000,90.88,SUCCESS
2025-12-24T18:45:03.428871+00:00,btc-updown-15m-1766601900,RESOLUTION,UP,BINANCE_FALLBACK_SHARED,30,30,1.0000,14.5518,15,0.4700,15,0.5001,15,0.9701,0.4482,0.00,0.0000,0.0000,0.4482,105.88,RESOLVED
2025-12-24T18:50:03.761550+00:00,btc-updown-15m-1766602800,TRADE,DOWN,ACCUM,2,2,0.5001,1.0003,0,0.0000,2,0.5001,0,0.0000,0.0000,1.00,-1.0003,0.9997,0.0000,104.88,SUCCESS
2025-12-24T18:50:14.665482+00:00,btc-updown-15m-1766602800,TRADE,UP,ACCUM,3,3,0.4702,1.4106,3,0.4702,2,0.5001,2,0.9703,0.0593,0.33,-0.4109,0.5891,0.0000,103.47,SUCCESS
2025-12-24T18:50:20.063905+00:00,btc-updown-15m-1766602800,TRADE,DOWN,ACCUM,2,2,0.5002,1.0005,3,0.4702,4,0.5002,3,0.9704,0.0888,0.25,-0.4114,0.5886,0.0000,102.47,SUCCESS
2025-12-24T18:50:25.451378+00:00,btc-updown-15m-1766602800,TRADE,UP,ACCUM,3,3,0.4702,1.4106,6,0.4702,4,0.5002,4,0.9704,0.1185,0.33,-0.8220,1.1780,0.0000,101.06,SUCCESS
2025-12-24T18:50:30.944821+00:00,btc-updown-15m-1766602800,TRADE,DOWN,ACCUM,2,2,0.5002,1.0003,6,0.4702,6,0.5002,6,0.9704,0.1777,0.00,0.1777,0.1777,0.0000,100.06,SUCCESS
2025-12-24T18:50:36.543156+00:00,btc-updown-15m-1766602800,TRADE,DOWN,ACCUM,2,2,0.5002,1.0005,6,0.4702,8,0.5002,6,0.9704,0.1776,0.25,-0.8227,1.1773,0.0000,99.06,SUCCESS
2025-12-24T18:50:42.045716+00:00,btc-updown-15m-1766602800,TRADE,UP,ACCUM,3,3,0.4702,1.4106,9,0.4702,8,0.5002,8,0.9704,0.2369,0.11,-0.2334,0.7666,0.0000,97.65,SUCCESS
2025-12-24T18:50:47.632612+00:00,btc-updown-15m-1766602800,TRADE,DOWN,ACCUM,2,1,0.5002,0.5002,9,0.4702,9,0.5002,9,0.9704,0.2665,0.00,0.2665,0.2665,0.0000,97.15,SUCCESS
2025-12-24T18:50:53.146471+00:00,btc-updown-15m-1766602800,TRADE,DOWN,ACCUM,2,2,0.5002,1.0004,9,0.4702,11,0.5002,9,0.9704,0.2665,0.18,-0.7339,1.2661,0.0000,96.15,SUCCESS
2025-12-24T18:50:58.558412+00:00,btc-updown-15m-1766602800,TRADE,UP,ACCUM,3,3,0.4701,1.4103,12,0.4702,11,0.5002,11,0.9704,0.3259,0.08,-0.1442,0.8558,0.0000,94.74,SUCCESS
2025-12-24T18:51:04.158335+00:00,btc-updown-15m-1766602800,TRADE,DOWN,ACCUM,2,2,0.5001,1.0003,12,0.4702,13,0.5002,12,0.9704,0.3557,0.08,-0.1445,0.8555,0.0000,93.74,SUCCESS
2025-12-24T18:51:09.761379+00:00,btc-updown-15m-1766602800,TRADE,UP,ACCUM,3,3,0.4701,1.4104,15,0.4702,13,0.5002,13,0.9703,0.3855,0.13,-0.5549,1.4451,0.0000,92.33,SUCCESS
2025-12-24T18:51:15.262048+00:00,btc-updown-15m-1766602800,TRADE,DOWN,ACCUM,2,2,0.5001,1.0002,15,0.4702,15,0.5002,15,0.9703,0.4449,0.00,0.4449,0.4449,0.0000,91.33,SUCCESS
2025-12-24T19:00:00.527703+00:00,btc-updown-15m-1766602800,RESOLUTION,UP,BINANCE_FALLBACK_SHARED,30,30,1.0000,14.5551,15,0.4702,15,0.5002,15,0.9703,0.4449,0.00,0.0000,0.0000,0.4449,106.33,RESOLVED
2025-12-24T19:05:05.191211+00:00,btc-updown-15m-1766603700,TRADE,DOWN,ACCUM,2,2,0.5001,1.0003,0,0.0000,2,0.5001,0,0.0000,0.0000,1.00,-1.0003,0.9997,0.0000,105.33,SUCCESS
2025-12-24T19:05:10.698925+00:00,btc-updown-15m-1766603700,TRADE,UP,ACCUM,3,3,0.4700,1.4101,3,0.4700,2,0.5001,2,0.9702,0.0597,0.33,-0.4103,0.5897,0.0000,103.92,SUCCESS
2025-12-24T19:05:16.110616+00:00,btc-updown-15m-1766603700,TRADE,DOWN,ACCUM,2,2,0.5002,1.0005,3,0.4700,4,0.5002,3,0.9702,0.0894,0.25,-0.4108,0.5892,0.0000,102.92,SUCCESS
2025-12-24T19:05:21.631164+00:00,btc-updown-15m-1766603700,TRADE,UP,ACCUM,3,3,0.4701,1.4103,6,0.4701,4,0.5002,4,0.9702,0.1190,0.33,-0.8211,1.1789,0.0000,101.51,SUCCESS
2025-12-24T19:05:32.593505+00:00,btc-updown-15m-1766603700,TRADE,DOWN,ACCUM,2,2,0.5001,1.0002,6,0.4701,6,0.5002,6,0.9702,0.1786,0.00,0.1786,0.1786,0.0000,100.51,SUCCESS
2025-12-24T19:05:38.014918+00:00,btc-updown-15m-1766603700,TRADE,DOWN,ACCUM,2,2,0.5002,1.0005,6,0.4701,8,0.5002,6,0.9702,0.1785,0.25,-0.8218,1.1782,0.0000,99.51,SUCCESS
2025-12-24T19:05:43.511343+00:00,btc-updown-15m-1766603700,TRADE,UP,ACCUM,3,3,0.4702,1.4105,9,0.4701,8,0.5002,8,0.9703,0.2378,0.11,-0.2323,0.7677,0.0000,98.10,SUCCESS
2025-12-24T19:05:49.128244+00:00,btc-updown-15m-1766603700,TRADE,DOWN,ACCUM,2,2,0.5002,1.0003,9,0.4701,10,0.5002,9,0.9703,0.2675,0.10,-0.2327,0.7673,0.0000,97.10,SUCCESS
2025-12-24T19:05:54.525199+00:00,btc-updown-15m-1766603700,TRADE,UP,ACCUM,3,3,0.4700,1.4101,12,0.4701,10,0.5002,10,0.9703,0.2974,0.17,-0.6428,1.3572,0.0000,95.69,SUCCESS
2025-12-24T19:06:00.007586+00:00,btc-updown-15m-1766603700,TRADE,DOWN,ACCUM,2,2,0.5002,1.0004,12,0.4701,12,0.5002,12,0.9703,0.3568,0.00,0.3568,0.3568,0.0000,94.69,SUCCESS
2025-12-24T19:06:05.412352+00:00,btc-updown-15m-1766603700,TRADE,DOWN,ACCUM,2,2,0.4998,0.9997,12,0.4701,14,0.5001,12,0.9702,0.3574,0.14,-0.6428,1.3572,0.0000,93.69,SUCCESS
2025-12-24T19:06:10.817237+00:00,btc-updown-15m-1766603700,TRADE,UP,ACCUM,3,3,0.4698,1.4093,15,0.4700,14,0.5001,14,0.9702,0.4179,0.07,-0.0521,0.9479,0.0000,92.28,SUCCESS
2025-12-24T19:06:16.318636+00:00,btc-updown-15m-1766603700,TRADE,DOWN,ACCUM,2,2,0.4998,0.9996,15,0.4700,16,0.5001,15,0.9701,0.4484,0.06,-0.0517,0.9483,0.0000,91.28,SUCCESS
2025-12-24T19:15:01.813748+00:00,btc-updown-15m-1766603700,RESOLUTION,DOWN,BINANCE_FALLBACK_SHARED,31,31,1.0000,15.0517,15,0.4700,16,0.5001,15,0.9701,0.4484,0.06,0.0000,0.0000,0.9483,107.28,RESOLVED
2025-12-24T19:25:02.807255+00:00,btc-updown-15m-1766604600,TRADE,UP,ACCUM,2,2,0.5051,1.0102,2,0.5051,0,0.0000,0,0.0000,0.0000,1.00,-1.0102,0.9898,0.0000,106.27,SUCCESS
2025-12-24T19:25:08.646044+00:00,btc-updown-15m-1766604600,TRADE,DOWN,ACCUM,3,1,0.4950,0.4950,2,0.5051,1,0.4950,1,1.0001,-0.0001,0.50,-0.5052,0.4948,0.0000,105.77,SUCCESS
2025-12-24T19:30:02.216109+00:00,btc-updown-15m-1766604600,RESOLUTION,UP,BINANCE_FALLBACK_SHARED,3,3,1.0000,1.5052,2,0.5051,1,0.4950,1,1.0001,-0.0001,0.50,0.0000,0.0000,0.4948,107.77,RESOLVED
2025-12-24T19:40:04.509918+00:00,btc-updown-15m-1766605500,TRADE,DOWN,ACCUM,2,2,0.5052,1.0104,0,0.0000,2,0.5052,0,0.0000,0.0000,1.00,-1.0104,0.9896,0.0000,106.76,SUCCESS
2025-12-24T19:40:09.956278+00:00,btc-updown-15m-1766605500,TRADE,UP,ACCUM,3,3,0.4951,1.4852,3,0.4951,2,0.5052,2,1.0002,-0.0005,0.33,-0.4956,0.5044,0.0000,105.28,SUCCESS
2025-12-24T19:45:01.233853+00:00,btc-updown-15m-1766605500,RESOLUTION,UP,BINANCE_FALLBACK_SHARED,5,5,1.0000,2.4956,3,0.4951,2,0.5052,2,1.0002,-0.0005,0.33,0.0000,0.0000,0.5044,108.28,RESOLVED
2025-12-24T19:50:00.548749+00:00,btc-updown-15m-1766606400,TRADE,DOWN,ACCUM,2,2,0.5002,1.0005,0,0.0000,2,0.5002,0,0.0000,0.0000,1.00,-1.0005,0.9995,0.0000,107.28,SUCCESS
2025-12-24T19:50:06.175064+00:00,btc-updown-15m-1766606400,TRADE,UP,ACCUM,3,3,0.4701,1.4102,3,0.4701,2,0.5002,2,0.9703,0.0594,0.33,-0.4107,0.5893,0.0000,105.87,SUCCESS
2025-12-24T19:50:11.677593+00:00,btc-updown-15m-1766606400,TRADE,DOWN,ACCUM,2,2,0.5000,1.0001,3,0.4701,4,0.5001,3,0.9702,0.0894,0.25,-0.4108,0.5892,0.0000,104.87,SUCCESS
2025-12-24T19:50:17.252123+00:00,btc-updown-15m-1766606400,TRADE,UP,ACCUM,3,3,0.4701,1.4104,6,0.4701,4,0.5001,4,0.9702,0.1190,0.33,-0.8212,1.1788,0.0000,103.46,SUCCESS
2025-12-24T19:50:22.654331+00:00,btc-updown-15m-1766606400,TRADE,DOWN,ACCUM,2,2,0.5000,1.0001,6,0.4701,6,0.5001,6,0.9702,0.1788,0.00,0.1788,0.1788,0.0000,102.46,SUCCESS
2025-12-24T19:50:28.164844+00:00,btc-updown-15m-1766606400,TRADE,DOWN,ACCUM,2,2,0.5002,1.0004,6,0.4701,8,0.5001,6,0.9702,0.1787,0.25,-0.8216,1.1784,0.0000,101.45,SUCCESS
2025-12-24T19:50:33.768952+00:00,btc-updown-15m-1766606400,TRADE,UP,ACCUM,3,3,0.4702,1.4105,9,0.4701,8,0.5001,8,0.9702,0.2380,0.11,-0.2321,0.7679,0.0000,100.04,SUCCESS
2025-12-24T19:50:39.276592+00:00,btc-updown-15m-1766606400,TRADE,DOWN,ACCUM,2,2,0.5002,1.0003,9,0.4701,10,0.5001,9,0.9703,0.2677,0.10,-0.2324,0.7676,0.0000,99.04,SUCCESS
2025-12-24T19:50:44.666125+00:00,btc-updown-15m-1766606400,TRADE,UP,ACCUM,3,3,0.4702,1.4105,12,0.4701,10,0.5001,10,0.9703,0.2974,0.17,-0.6429,1.3571,0.0000,97.63,SUCCESS
2025-12-24T19:50:50.315450+00:00,btc-updown-15m-1766606400,TRADE,DOWN,ACCUM,2,2,0.5000,1.0000,12,0.4701,12,0.5001,12,0.9702,0.3571,0.00,0.3571,0.3571,0.0000,96.63,SUCCESS
2025-12-24T19:50:55.816349+00:00,btc-updown-15m-1766606400,TRADE,DOWN,ACCUM,2,2,0.5002,1.0003,12,0.4701,14,0.5001,12,0.9702,0.3570,0.14,-0.6432,1.3568,0.0000,95.63,SUCCESS
2025-12-24T19:51:01.229860+00:00,btc-updown-15m-1766606400,TRADE,UP,ACCUM,3,3,0.4701,1.4102,15,0.4701,14,0.5001,14,0.9702,0.4167,0.07,-0.0534,0.9466,0.0000,94.22,SUCCESS
2025-12-24T19:51:06.645644+00:00,btc-updown-15m-1766606400,TRADE,DOWN,ACCUM,2,2,0.5002,1.0005,15,0.4701,16,0.5001,15,0.9702,0.4463,0.06,-0.0539,0.9461,0.0000,93.22,SUCCESS
2025-12-24T20:00:01.496118+00:00,btc-updown-15m-1766606400,RESOLUTION,UP,BINANCE_FALLBACK_SHARED,31,31,1.0000,15.0539,15,0.4701,16,0.5001,15,0.9702,0.4463,0.06,0.0000,0.0000,-0.0539,108.22,RESOLVED
2025-12-24T20:05:07.929868+00:00,btc-updown-15m-1766607300,TRADE,DOWN,ACCUM,2,2,0.5001,1.0002,0,0.0000,2,0.5001,0,0.0000,0.0000,1.00,-1.0002,0.9998,0.0000,107.22,SUCCESS
2025-12-24T20:05:40.922210+00:00,btc-updown-15m-1766607300,TRADE,UP,ACCUM,3,3,0.4702,1.4105,3,0.4702,2,0.5001,2,0.9702,0.0595,0.33,-0.4107,0.5893,0.0000,105.81,SUCCESS
2025-12-24T20:05:46.518357+00:00,btc-updown-15m-1766607300,TRADE,DOWN,ACCUM,2,2,0.5001,1.0001,3,0.4702,4,0.5001,3,0.9702,0.0893,0.25,-0.4108,0.5892,0.0000,104.81,SUCCESS
2025-12-24T20:05:52.127381+00:00,btc-updown-15m-1766607300,TRADE,UP,ACCUM,3,3,0.4701,1.4103,6,0.4701,4,0.5001,4,0.9702,0.1192,0.33,-0.8211,1.1789,0.0000,103.40,SUCCESS
2025-12-24T20:05:57.534507+00:00,btc-updown-15m-1766607300,TRADE,DOWN,ACCUM,2,2,0.5002,1.0004,6,0.4701,6,0.5001,6,0.9702,0.1785,0.00,0.1785,0.1785,0.0000,102.40,SUCCESS
2025-12-24T20:06:03.045816+00:00,btc-updown-15m-1766607300,TRADE,DOWN,ACCUM,2,2,0.5000,1.0000,6,0.4701,8,0.5001,6,0.9702,0.1787,0.25,-0.8215,1.1785,0.0000,101.40,SUCCESS
2025-12-24T20:06:19.376221+00:00,btc-updown-15m-1766607300,TRADE,UP,ACCUM,3,3,0.4699,1.4098,9,0.4701,8,0.5001,8,0.9702,0.2387,0.11,-0.2313,0.7687,0.0000,99.99,SUCCESS
2025-12-24T20:06:24.764611+00:00,btc-updown-15m-1766607300,TRADE,DOWN,ACCUM,2,2,0.5001,1.0002,9,0.4701,10,0.5001,9,0.9702,0.2686,0.10,-0.2315,0.7685,0.0000,98.99,SUCCESS
2025-12-24T20:06:41.280994+00:00,btc-updown-15m-1766607300,TRADE,UP,ACCUM,3,3,0.4701,1.4102,12,0.4701,10,0.5001,10,0.9702,0.2984,0.17,-0.6417,1.3583,0.0000,97.58,SUCCESS
2025-12-24T20:06:46.781833+00:00,btc-updown-15m-1766607300,TRADE,DOWN,ACCUM,2,2,0.5001,1.0002,12,0.4701,12,0.5001,12,0.9702,0.3581,0.00,0.3581,0.3581,0.0000,96.58,SUCCESS
2025-12-24T20:06:52.383497+00:00,btc-updown-15m-1766607300,TRADE,DOWN,ACCUM,2,2,0.5002,1.0004,12,0.4701,14,0.5001,12,0.9702,0.3579,0.14,-0.6423,1.3577,0.0000,95.58,SUCCESS
2025-12-24T20:06:57.878437+00:00,btc-updown-15m-1766607300,TRADE,UP,ACCUM,3,3,0.4702,1.4106,15,0.4701,14,0.5001,14,0.9702,0.4171,0.07,-0.0529,0.9471,0.0000,94.17,SUCCESS
2025-12-24T20:07:03.548789+00:00,btc-updown-15m-1766607300,TRADE,DOWN,ACCUM,2,2,0.5001,1.0002,15,0.4701,16,0.5001,15,0.9702,0.4469,0.06,-0.0532,0.9468,0.0000,93.17,SUCCESS
2025-12-24T20:15:05.134904+00:00,btc-updown-15m-1766607300,RESOLUTION,UP,BINANCE_FALLBACK_SHARED,31,31,1.0000,15.0532,15,0.4701,16,0.5001,15,0.9702,0.4469,0.06,0.0000,0.0000,-0.0532,108.17,RESOLVED
2025-12-24T20:18:26.774977+00:00,btc-updown-15m-1766608200,TRADE,DOWN,ACCUM,2,1,0.4999,0.4999,0,0.0000,1,0.4999,0,0.0000,0.0000,1.00,-0.4999,0.5001,0.0000,107.67,SUCCESS
2025-12-24T20:18:32.295459+00:00,btc-updown-15m-1766608200,TRADE,UP,ACCUM,3,3,0.4502,1.3505,3,0.4502,1,0.4999,1,0.9501,0.0499,0.67,-0.8504,1.1496,0.0000,106.32,SUCCESS
2025-12-24T20:18:43.443837+00:00,btc-updown-15m-1766608200,TRADE,DOWN,ACCUM,2,2,0.5002,1.0005,3,0.4502,3,0.5001,3,0.9503,0.1492,0.00,0.1492,0.1492,0.0000,105.32,SUCCESS
2025-12-24T20:20:00.520750+00:00,btc-updown-15m-1766608200,TRADE,DOWN,ACCUM,2,2,0.5002,1.0003,3,0.4502,5,0.5001,3,0.9503,0.1491,0.40,-0.8512,1.1488,0.0000,104.32,SUCCESS
2025-12-24T20:20:16.935263+00:00,btc-updown-15m-1766608200,TRADE,UP,ACCUM,3,3,0.4702,1.4105,6,0.4602,5,0.5001,5,0.9603,0.1985,0.17,-0.2617,0.7383,0.0000,102.91,SUCCESS
2025-12-24T20:20:22.378028+00:00,btc-updown-15m-1766608200,TRADE,DOWN,ACCUM,2,2,0.5002,1.0005,6,0.4602,7,0.5002,6,0.9603,0.2380,0.14,-0.2622,0.7378,0.0000,101.91,SUCCESS
2025-12-24T20:20:27.776207+00:00,btc-updown-15m-1766608200,TRADE,UP,ACCUM,3,3,0.4701,1.4103,9,0.4635,7,0.5002,7,0.9637,0.2544,0.22,-0.6725,1.3275,0.0000,100.50,SUCCESS
2025-12-24T20:20:38.676193+00:00,btc-updown-15m-1766608200,TRADE,DOWN,ACCUM,2,2,0.5002,1.0005,9,0.4635,9,0.5002,9,0.9637,0.3270,0.00,0.3270,0.3270,0.0000,99.50,SUCCESS
2025-12-24T20:20:49.699891+00:00,btc-updown-15m-1766608200,TRADE,DOWN,ACCUM,2,2,0.5001,1.0001,9,0.4635,11,0.5002,9,0.9636,0.3272,0.18,-0.6731,1.3269,0.0000,98.50,SUCCESS
2025-12-24T20:20:55.313607+00:00,btc-updown-15m-1766608200,TRADE,UP,ACCUM,3,3,0.4702,1.4107,12,0.4652,11,0.5002,11,0.9653,0.3814,0.08,-0.0838,0.9162,0.0000,97.09,SUCCESS
2025-12-24T20:21:06.228707+00:00,btc-updown-15m-1766608200,TRADE,DOWN,ACCUM,2,2,0.5002,1.0004,12,0.4652,13,0.5002,12,0.9653,0.4159,0.08,-0.0842,0.9158,0.0000,96.09,SUCCESS
2025-12-24T20:21:11.728488+00:00,btc-updown-15m-1766608200,TRADE,UP,ACCUM,3,3,0.4700,1.4100,15,0.4661,13,0.5002,13,0.9663,0.4381,0.13,-0.4942,1.5058,0.0000,94.68,SUCCESS
2025-12-24T20:21:17.226105+00:00,btc-updown-15m-1766608200,TRADE,DOWN,ACCUM,2,2,0.5002,1.0003,15,0.4661,15,0.5002,15,0.9663,0.5055,0.00,0.5055,0.5055,0.0000,93.67,SUCCESS
2025-12-24T20:30:03.159239+00:00,btc-updown-15m-1766608200,RESOLUTION,UP,BINANCE_FALLBACK_SHARED,30,30,1.0000,14.4945,15,0.4661,15,0.5002,15,0.9663,0.5055,0.00,0.0000,0.0000,0.5055,108.67,RESOLVED
2025-12-24T20:32:08.284021+00:00,btc-updown-15m-1766609100,TRADE,DOWN,ACCUM,2,2,0.5002,1.0005,0,0.0000,2,0.5002,0,0.0000,0.0000,1.00,-1.0005,0.9995,0.0000,107.67,SUCCESS
2025-12-24T20:32:13.789311+00:00,btc-updown-15m-1766609100,TRADE,UP,ACCUM,3,3,0.4501,1.3502,3,0.4501,2,0.5002,2,0.9503,0.0994,0.33,-0.3506,0.6494,0.0000,106.32,SUCCESS
2025-12-24T20:32:41.220319+00:00,btc-updown-15m-1766609100,TRADE,DOWN,ACCUM,3,3,0.4800,1.4401,3,0.4501,5,0.4881,3,0.9382,0.1855,0.40,-0.7907,1.2093,0.0000,104.88,SUCCESS
2025-12-24T20:32:46.623913+00:00,btc-updown-15m-1766609100,TRADE,UP,ACCUM,3,3,0.4600,1.3801,6,0.4550,5,0.4881,5,0.9431,0.2843,0.17,-0.1708,0.8292,0.0000,103.50,SUCCESS
2025-12-24T20:32:52.122061+00:00,btc-updown-15m-1766609100,TRADE,DOWN,ACCUM,3,3,0.4901,1.4703,6,0.4550,8,0.4889,6,0.9439,0.3366,0.25,-0.6411,1.3589,0.0000,102.03,SUCCESS
2025-12-24T20:33:14.016910+00:00,btc-updown-15m-1766609100,TRADE,UP,ACCUM,3,3,0.4600,1.3799,9,0.4567,8,0.4889,8,0.9455,0.4356,0.11,-0.0210,0.9790,0.0000,100.65,SUCCESS
2025-12-24T20:33:24.872158+00:00,btc-updown-15m-1766609100,TRADE,DOWN,ACCUM,3,3,0.4901,1.4702,9,0.4567,11,0.4892,9,0.9459,0.4871,0.18,-0.4912,1.5088,0.0000,99.18,SUCCESS
2025-12-24T20:33:35.669193+00:00,btc-updown-15m-1766609100,TRADE,UP,ACCUM,3,3,0.4502,1.3505,12,0.4551,11,0.4892,11,0.9442,0.6133,0.08,0.1582,1.1582,0.0000,97.83,SUCCESS
2025-12-24T20:33:41.073559+00:00,btc-updown-15m-1766609100,TRADE,DOWN,ACCUM,2,2,0.5001,1.0002,12,0.4551,13,0.4909,12,0.9459,0.6489,0.08,0.1580,1.1580,0.0000,96.83,SUCCESS
2025-12-24T20:33:46.482678+00:00,btc-updown-15m-1766609100,TRADE,UP,ACCUM,3,3,0.4501,1.3503,15,0.4541,13,0.4909,13,0.9449,0.7159,0.13,-0.1922,1.8078,0.0000,95.48,SUCCESS
2025-12-24T20:33:51.980237+00:00,btc-updown-15m-1766609100,TRADE,DOWN,ACCUM,2,1,0.5000,0.5000,15,0.4541,14,0.4915,14,0.9456,0.7618,0.07,0.3077,1.3077,0.0000,94.98,SUCCESS
2025-12-24T20:33:57.431931+00:00,btc-updown-15m-1766609100,TRADE,DOWN,ACCUM,2,2,0.5002,1.0003,15,0.4541,16,0.4926,15,0.9467,0.8000,0.06,0.3074,1.3074,0.0000,93.98,SUCCESS
2025-12-24T20:45:00.420824+00:00,btc-updown-15m-1766609100,RESOLUTION,UP,BINANCE_FALLBACK_SHARED,31,31,1.0000,14.6926,15,0.4541,16,0.4926,15,0.9467,0.8000,0.06,0.0000,0.0000,0.3074,108.98,RESOLVED
2025-12-24T20:54:08.518130+00:00,btc-updown-15m-1766610000,TRADE,UP,ACCUM,2,2,0.5001,1.0002,2,0.5001,0,0.0000,0,0.0000,0.0000,1.00,-1.0002,0.9998,0.0000,107.98,SUCCESS
2025-12-24T20:54:14.035162+00:00,btc-updown-15m-1766610000,TRADE,DOWN,ACCUM,3,3,0.4702,1.4107,2,0.5001,3,0.4702,2,0.9703,0.0594,0.33,-0.4109,0.5891,0.0000,106.57,SUCCESS
2025-12-24T20:54:19.441235+00:00,btc-updown-15m-1766610000,TRADE,UP,ACCUM,2,2,0.5000,1.0001,4,0.5001,3,0.4702,3,0.9703,0.0891,0.25,-0.4109,0.5891,0.0000,105.57,SUCCESS
2025-12-24T20:54:24.891461+00:00,btc-updown-15m-1766610000,TRADE,DOWN,ACCUM,3,3,0.4701,1.4104,4,0.5001,6,0.4702,4,0.9702,0.1191,0.33,-0.8213,1.1787,0.0000,104.16,SUCCESS
2025-12-24T20:54:41.393018+00:00,btc-updown-15m-1766610000,TRADE,UP,ACCUM,2,2,0.5002,1.0004,6,0.5001,6,0.4702,6,0.9703,0.1783,0.00,0.1783,0.1783,0.0000,103.16,SUCCESS
2025-12-24T20:54:46.796395+00:00,btc-updown-15m-1766610000,TRADE,UP,ACCUM,2,1,0.5002,0.5002,7,0.5001,6,0.4702,6,0.9703,0.1782,0.14,-0.3219,0.6781,0.0000,102.66,SUCCESS
2025-12-24T20:54:57.922346+00:00,btc-updown-15m-1766610000,TRADE,DOWN,ACCUM,3,3,0.4701,1.4102,7,0.5001,9,0.4701,7,0.9703,0.2082,0.22,-0.7321,1.2679,0.0000,101.25,SUCCESS
2025-12-24T20:55:03.324467+00:00,btc-updown-15m-1766610000,TRADE,UP,ACCUM,2,1,0.5150,0.5150,8,0.5020,9,0.4701,8,0.9721,0.2230,0.11,-0.2471,0.7529,0.0000,100.74,SUCCESS
2025-12-24T20:55:08.832792+00:00,btc-updown-15m-1766610000,TRADE,UP,ACCUM,2,2,0.5052,1.0104,10,0.5026,9,0.4701,9,0.9728,0.2451,0.10,-0.2575,0.7425,0.0000,99.72,SUCCESS
2025-12-24T20:55:14.248435+00:00,btc-updown-15m-1766610000,TRADE,DOWN,ACCUM,3,3,0.4951,1.4854,10,0.5026,12,0.4764,10,0.9790,0.2099,0.17,-0.7429,1.2571,0.0000,98.24,SUCCESS
2025-12-24T20:55:19.805071+00:00,btc-updown-15m-1766610000,TRADE,UP,ACCUM,2,2,0.5151,1.0302,12,0.5047,12,0.4764,12,0.9811,0.2270,0.00,0.2270,0.2270,0.0000,97.21,SUCCESS
2025-12-24T20:55:25.206960+00:00,btc-updown-15m-1766610000,TRADE,UP,ACCUM,2,1,0.5002,0.5002,13,0.5044,12,0.4764,12,0.9807,0.2311,0.08,-0.2732,0.7268,0.0000,96.71,SUCCESS
2025-12-24T20:55:25.207504+00:00,btc-updown-15m-1766610000,TRADE,DOWN,ACCUM,2,2,0.5002,1.0004,13,0.5044,14,0.4798,13,0.9841,0.2061,0.07,-0.2736,0.7264,0.0000,95.71,SUCCESS
2025-12-24T20:55:30.707029+00:00,btc-updown-15m-1766610000,TRADE,UP,ACCUM,3,3,0.4951,1.4852,16,0.5026,14,0.4798,14,0.9824,0.2464,0.12,-0.7588,1.2412,0.0000,94.22,SUCCESS
2025-12-24T20:55:36.220255+00:00,btc-updown-15m-1766610000,TRADE,DOWN,ACCUM,2,2,0.5052,1.0103,16,0.5026,16,0.4830,16,0.9856,0.2309,0.00,0.2309,0.2309,0.0000,93.21,SUCCESS
2025-12-24T21:00:05.013464+00:00,btc-updown-15m-1766610000,RESOLUTION,DOWN,BINANCE_FALLBACK_SHARED,32,32,1.0000,15.7691,16,0.5026,16,0.4830,16,0.9856,0.2309,0.00,0.0000,0.0000,0.2309,109.21,RESOLVED
2025-12-24T21:10:04.180524+00:00,btc-updown-15m-1766610900,TRADE,UP,ACCUM,2,2,0.5101,1.0201,2,0.5101,0,0.0000,0,0.0000,0.0000,1.00,-1.0201,0.9799,0.0000,108.19,SUCCESS
2025-12-24T21:10:09.574000+00:00,btc-updown-15m-1766610900,TRADE,DOWN,ACCUM,3,3,0.4902,1.4705,2,0.5101,3,0.4902,2,1.0002,-0.0005,0.33,-0.4906,0.5094,0.0000,106.72,SUCCESS
2025-12-24T21:13:52.570053+00:00,btc-updown-15m-1766610900,TRADE,UP,ACCUM,3,3,0.4901,1.4702,5,0.4981,3,0.4902,3,0.9882,0.0353,0.40,-0.9608,1.0392,0.0000,105.25,SUCCESS
2025-12-24T21:13:57.996888+00:00,btc-updown-15m-1766610900,TRADE,DOWN,ACCUM,2,2,0.5051,1.0102,5,0.4981,5,0.4961,5,0.9942,0.0290,0.00,0.0290,0.0290,0.0000,104.24,SUCCESS
2025-12-24T21:15:10.651357+00:00,btc-updown-15m-1766610900,RESOLUTION,UP,BINANCE_FALLBACK_SHARED,10,10,1.0000,4.9710,5,0.4981,5,0.4961,5,0.9942,0.0290,0.00,0.0000,0.0000,0.0290,109.24,RESOLVED
2025-12-24T21:21:16.451676+00:00,btc-updown-15m-1766611800,TRADE,DOWN,ACCUM,2,2,0.5002,1.0004,0,0.0000,2,0.5002,0,0.0000,0.0000,1.00,-1.0004,0.9996,0.0000,108.24,SUCCESS
2025-12-24T21:21:21.844349+00:00,btc-updown-15m-1766611800,TRADE,UP,ACCUM,3,3,0.4702,1.4107,3,0.4702,2,0.5002,2,0.9704,0.0591,0.33,-0.4111,0.5889,0.0000,106.83,SUCCESS
2025-12-24T21:21:27.250903+00:00,btc-updown-15m-1766611800,TRADE,DOWN,ACCUM,3,3,0.4900,1.4701,3,0.4702,5,0.4941,3,0.9643,0.1070,0.40,-0.8812,1.1188,0.0000,105.36,SUCCESS
2025-12-24T21:21:32.647168+00:00,btc-updown-15m-1766611800,TRADE,UP,ACCUM,3,3,0.4701,1.4104,6,0.4702,5,0.4941,5,0.9643,0.1785,0.17,-0.2916,0.7084,0.0000,103.95,SUCCESS
2025-12-24T21:21:48.848459+00:00,btc-updown-15m-1766611800,TRADE,DOWN,ACCUM,3,3,0.4902,1.4705,6,0.4702,8,0.4926,6,0.9628,0.2231,0.25,-0.7622,1.2378,0.0000,102.48,SUCCESS
2025-12-24T21:22:05.068758+00:00,btc-updown-15m-1766611800,TRADE,UP,ACCUM,3,3,0.4702,1.4106,9,0.4702,8,0.4926,8,0.9628,0.2974,0.11,-0.1728,0.8272,0.0000,101.07,SUCCESS
2025-12-24T21:22:15.858526+00:00,btc-updown-15m-1766611800,TRADE,DOWN,ACCUM,2,1,0.5001,0.5001,9,0.4702,9,0.4935,9,0.9637,0.3271,0.00,0.3271,0.3271,0.0000,100.57,SUCCESS
2025-12-24T21:22:21.386552+00:00,btc-updown-15m-1766611800,TRADE,DOWN,ACCUM,2,2,0.5001,1.0002,9,0.4702,11,0.4947,9,0.9649,0.3162,0.18,-0.6731,1.3269,0.0000,99.57,SUCCESS
2025-12-24T21:22:32.184165+00:00,btc-updown-15m-1766611800,TRADE,UP,ACCUM,3,3,0.4701,1.4104,12,0.4702,11,0.4947,11,0.9648,0.3867,0.08,-0.0835,0.9165,0.0000,98.16,SUCCESS
2025-12-24T21:22:37.615473+00:00,btc-updown-15m-1766611800,TRADE,DOWN,ACCUM,2,2,0.5002,1.0003,12,0.4702,13,0.4955,12,0.9657,0.4117,0.08,-0.0838,0.9162,0.0000,97.16,SUCCESS
2025-12-24T21:22:43.010945+00:00,btc-updown-15m-1766611800,TRADE,UP,ACCUM,3,3,0.4702,1.4105,15,0.4702,13,0.4955,13,0.9657,0.4460,0.13,-0.4943,1.5057,0.0000,95.75,SUCCESS
2025-12-24T21:22:59.331699+00:00,btc-updown-15m-1766611800,TRADE,DOWN,ACCUM,2,2,0.5001,1.0003,15,0.4702,15,0.4961,15,0.9663,0.5054,0.00,0.5054,0.5054,0.0000,94.75,SUCCESS
2025-12-24T21:30:03.913925+00:00,btc-updown-15m-1766611800,RESOLUTION,UP,BINANCE_FALLBACK_SHARED,30,30,1.0000,14.4946,15,0.4702,15,0.4961,15,0.9663,0.5054,0.00,0.0000,0.0000,0.5054,109.75,RESOLVED
2025-12-24T21:35:05.266983+00:00,btc-updown-15m-1766612700,TRADE,DOWN,ACCUM,2,2,0.5000,1.0000,0,0.0000,2,0.5000,0,0.0000,0.0000,1.00,-1.0000,1.0000,0.0000,108.75,SUCCESS
2025-12-24T21:35:10.676311+00:00,btc-updown-15m-1766612700,TRADE,UP,ACCUM,3,3,0.4700,1.4101,3,0.4700,2,0.5000,2,0.9700,0.0599,0.33,-0.4101,0.5899,0.0000,107.34,SUCCESS
2025-12-24T21:35:16.083902+00:00,btc-updown-15m-1766612700,TRADE,DOWN,ACCUM,2,2,0.5000,1.0001,3,0.4700,4,0.5000,3,0.9700,0.0899,0.25,-0.4102,0.5898,0.0000,106.34,SUCCESS
2025-12-24T21:35:21.471965+00:00,btc-updown-15m-1766612700,TRADE,UP,ACCUM,3,3,0.4701,1.4103,6,0.4701,4,0.5000,4,0.9701,0.1196,0.33,-0.8205,1.1795,0.0000,104.93,SUCCESS
2025-12-24T21:35:26.864289+00:00,btc-updown-15m-1766612700,TRADE,DOWN,ACCUM,2,2,0.5001,1.0001,6,0.4701,6,0.5000,6,0.9701,0.1794,0.00,0.1794,0.1794,0.0000,103.93,SUCCESS
2025-12-24T21:35:32.267246+00:00,btc-updown-15m-1766612700,TRADE,DOWN,ACCUM,2,2,0.5001,1.0002,6,0.4701,8,0.5001,6,0.9701,0.1792,0.25,-0.8209,1.1791,0.0000,102.93,SUCCESS
2025-12-24T21:35:37.661393+00:00,btc-updown-15m-1766612700,TRADE,UP,ACCUM,3,3,0.4701,1.4104,9,0.4701,8,0.5001,8,0.9702,0.2388,0.11,-0.2313,0.7687,0.0000,101.52,SUCCESS
2025-12-24T21:35:43.163986+00:00,btc-updown-15m-1766612700,TRADE,DOWN,ACCUM,2,2,0.5000,1.0001,9,0.4701,10,0.5000,9,0.9701,0.2687,0.10,-0.2314,0.7686,0.0000,100.52,SUCCESS
2025-12-24T21:35:48.561907+00:00,btc-updown-15m-1766612700,TRADE,UP,ACCUM,3,3,0.4702,1.4105,12,0.4701,10,0.5000,10,0.9702,0.2984,0.17,-0.6418,1.3582,0.0000,99.11,SUCCESS
2025-12-24T21:35:53.967759+00:00,btc-updown-15m-1766612700,TRADE,DOWN,ACCUM,2,2,0.5000,1.0001,12,0.4701,12,0.5000,12,0.9702,0.3581,0.00,0.3581,0.3581,0.0000,98.11,SUCCESS
2025-12-24T21:36:10.187413+00:00,btc-updown-15m-1766612700,TRADE,DOWN,ACCUM,2,2,0.5001,1.0002,12,0.4701,14,0.5001,12,0.9702,0.3580,0.14,-0.6421,1.3579,0.0000,97.11,SUCCESS
2025-12-24T21:36:15.579291+00:00,btc-updown-15m-1766612700,TRADE,UP,ACCUM,3,2,0.4702,0.9404,14,0.4701,14,0.5001,14,0.9702,0.4174,0.00,0.4174,0.4174,0.0000,96.16,SUCCESS
2025-12-24T21:36:31.788812+00:00,btc-updown-15m-1766612700,TRADE,DOWN,ACCUM,2,2,0.5001,1.0002,14,0.4701,16,0.5001,14,0.9702,0.4174,0.12,-0.5827,1.4173,0.0000,95.16,SUCCESS
2025-12-24T21:36:42.678840+00:00,btc-updown-15m-1766612700,TRADE,UP,ACCUM,3,3,0.4702,1.4107,17,0.4701,16,0.5001,16,0.9702,0.4768,0.06,0.0066,1.0066,0.0000,93.75,SUCCESS
2025-12-24T21:45:03.303142+00:00,btc-updown-15m-1766612700,RESOLUTION,UP,BINANCE_FALLBACK_SHARED,33,33,1.0000,15.9934,17,0.4701,16,0.5001,16,0.9702,0.4768,0.06,0.0000,0.0000,1.0066,110.75,RESOLVED
2025-12-24T21:55:04.372179+00:00,btc-updown-15m-1766613600,TRADE,DOWN,ACCUM,2,2,0.5050,1.0099,0,0.0000,2,0.5050,0,0.0000,0.0000,1.00,-1.0099,0.9901,0.0000,109.74,SUCCESS
2025-12-24T21:55:09.864885+00:00,btc-updown-15m-1766613600,TRADE,UP,ACCUM,3,3,0.4951,1.4853,3,0.4951,2,0.5050,2,1.0001,-0.0001,0.33,-0.4952,0.5048,0.0000,108.26,SUCCESS
2025-12-24T22:00:03.068005+00:00,btc-updown-15m-1766613600,RESOLUTION,DOWN,BINANCE_FALLBACK_SHARED,5,5,1.0000,2.4952,3,0.4951,2,0.5050,2,1.0001,-0.0001,0.33,0.0000,0.0000,-0.4952,110.26,RESOLVED
2025-12-24T22:07:44.058358+00:00,btc-updown-15m-1766614500,TRADE,UP,ACCUM,2,2,0.5001,1.0002,2,0.5001,0,0.0000,0,0.0000,0.0000,1.00,-1.0002,0.9998,0.0000,109.26,SUCCESS
2025-12-24T22:07:54.865723+00:00,btc-updown-15m-1766614500,TRADE,DOWN,ACCUM,3,3,0.4699,1.4096,2,0.5001,3,0.4699,2,0.9700,0.0601,0.33,-0.4098,0.5902,0.0000,107.85,SUCCESS
2025-12-24T22:08:05.761367+00:00,btc-updown-15m-1766614500,TRADE,UP,ACCUM,3,3,0.4902,1.4706,5,0.4942,3,0.4699,3,0.9640,0.1079,0.40,-0.8804,1.1196,0.0000,106.38,SUCCESS
2025-12-24T22:08:11.263436+00:00,btc-updown-15m-1766614500,TRADE,DOWN,ACCUM,3,3,0.4700,1.4101,5,0.4942,6,0.4699,5,0.9641,0.1795,0.17,-0.2905,0.7095,0.0000,104.97,SUCCESS
2025-12-24T22:08:22.183754+00:00,btc-updown-15m-1766614500,TRADE,UP,ACCUM,3,3,0.4801,1.4402,8,0.4889,6,0.4699,6,0.9588,0.2471,0.25,-0.7306,1.2694,0.0000,103.53,SUCCESS
2025-12-24T22:08:33.095043+00:00,btc-updown-15m-1766614500,TRADE,DOWN,ACCUM,3,3,0.4702,1.4105,8,0.4889,9,0.4700,8,0.9589,0.3288,0.11,-0.1412,0.8588,0.0000,102.12,SUCCESS
2025-12-24T22:08:38.496686+00:00,btc-updown-15m-1766614500,TRADE,UP,ACCUM,2,2,0.5000,1.0000,10,0.4911,9,0.4700,9,0.9611,0.3499,0.10,-0.1412,0.8588,0.0000,101.12,SUCCESS
2025-12-24T22:08:43.918123+00:00,btc-updown-15m-1766614500,TRADE,DOWN,ACCUM,3,3,0.4702,1.4106,10,0.4911,12,0.4701,10,0.9612,0.3884,0.17,-0.5518,1.4482,0.0000,99.71,SUCCESS
2025-12-24T22:08:49.324737+00:00,btc-updown-15m-1766614500,TRADE,UP,ACCUM,2,2,0.5002,1.0003,12,0.4926,12,0.4701,12,0.9627,0.4479,0.00,0.4479,0.4479,0.0000,98.71,SUCCESS
2025-12-24T22:09:00.328032+00:00,btc-updown-15m-1766614500,TRADE,UP,ACCUM,2,1,0.5001,0.5001,13,0.4932,12,0.4701,12,0.9633,0.4410,0.08,-0.0522,0.9478,0.0000,98.21,SUCCESS
2025-12-24T22:09:05.787487+00:00,btc-updown-15m-1766614500,TRADE,DOWN,ACCUM,3,3,0.4902,1.4707,13,0.4932,15,0.4741,13,0.9673,0.4253,0.13,-0.5229,1.4771,0.0000,96.74,SUCCESS
2025-12-24T22:09:11.208416+00:00,btc-updown-15m-1766614500,TRADE,UP,ACCUM,3,3,0.4901,1.4704,16,0.4926,15,0.4741,15,0.9667,0.4993,0.06,0.0066,1.0066,0.0000,95.27,SUCCESS
2025-12-24T22:15:00.717279+00:00,btc-updown-15m-1766614500,RESOLUTION,UP,BINANCE_FALLBACK_SHARED,31,31,1.0000,14.9934,16,0.4926,15,0.4741,15,0.9667,0.4993,0.06,0.0000,0.0000,1.0066,111.27,RESOLVED
2025-12-24T22:20:02.501015+00:00,btc-updown-15m-1766615400,TRADE,DOWN,ACCUM,2,2,0.5001,1.0001,0,0.0000,2,0.5001,0,0.0000,0.0000,1.00,-1.0001,0.9999,0.0000,110.27,SUCCESS
2025-12-24T22:20:07.899308+00:00,btc-updown-15m-1766615400,TRADE,UP,ACCUM,3,1,0.4702,0.4702,1,0.4702,2,0.5001,1,0.9702,0.0298,0.50,-0.4703,0.5297,0.0000,109.80,SUCCESS
2025-12-24T22:20:18.687006+00:00,btc-updown-15m-1766615400,TRADE,UP,ACCUM,3,3,0.4700,1.4101,4,0.4701,2,0.5001,2,0.9701,0.0598,0.50,-0.8803,1.1197,0.0000,108.39,SUCCESS
2025-12-24T22:20:24.189373+00:00,btc-updown-15m-1766615400,TRADE,DOWN,ACCUM,2,2,0.5001,1.0003,4,0.4701,4,0.5001,4,0.9702,0.1194,0.00,0.1194,0.1194,0.0000,107.38,SUCCESS
2025-12-24T22:20:29.686025+00:00,btc-updown-15m-1766615400,TRADE,DOWN,ACCUM,2,1,0.5001,0.5001,4,0.4701,5,0.5001,4,0.9701,0.1194,0.20,-0.3807,0.6193,0.0000,106.88,SUCCESS
2025-12-24T22:20:35.080873+00:00,btc-updown-15m-1766615400,TRADE,UP,ACCUM,3,3,0.4701,1.4104,7,0.4701,5,0.5001,5,0.9702,0.1491,0.29,-0.7911,1.2089,0.0000,105.47,SUCCESS
2025-12-24T22:20:40.607521+00:00,btc-updown-15m-1766615400,TRADE,DOWN,ACCUM,2,2,0.5001,1.0003,7,0.4701,7,0.5001,7,0.9702,0.2086,0.00,0.2086,0.2086,0.0000,104.47,SUCCESS
2025-12-24T22:20:46.014372+00:00,btc-updown-15m-1766615400,TRADE,DOWN,ACCUM,2,2,0.5000,1.0000,7,0.4701,9,0.5001,7,0.9702,0.2088,0.22,-0.7914,1.2086,0.0000,103.47,SUCCESS
2025-12-24T22:20:57.044826+00:00,btc-updown-15m-1766615400,TRADE,UP,ACCUM,3,3,0.4701,1.4102,10,0.4701,9,0.5001,9,0.9702,0.2685,0.10,-0.2016,0.7984,0.0000,102.06,SUCCESS
2025-12-24T22:21:02.449701+00:00,btc-updown-15m-1766615400,TRADE,DOWN,ACCUM,2,2,0.5002,1.0004,10,0.4701,11,0.5001,10,0.9702,0.2982,0.09,-0.2019,0.7981,0.0000,101.06,SUCCESS
2025-12-24T22:21:07.870743+00:00,btc-updown-15m-1766615400,TRADE,UP,ACCUM,3,3,0.4700,1.4100,13,0.4701,11,0.5001,11,0.9702,0.3281,0.15,-0.6120,1.3880,0.0000,99.65,SUCCESS
2025-12-24T22:21:13.256736+00:00,btc-updown-15m-1766615400,TRADE,DOWN,ACCUM,2,2,0.5000,1.0001,13,0.4701,13,0.5001,13,0.9702,0.3880,0.00,0.3880,0.3880,0.0000,98.65,SUCCESS
2025-12-24T22:21:18.670301+00:00,btc-updown-15m-1766615400,TRADE,DOWN,ACCUM,2,2,0.5002,1.0005,13,0.4701,15,0.5001,13,0.9702,0.3877,0.13,-0.6125,1.3875,0.0000,97.65,SUCCESS
2025-12-24T22:21:24.053498+00:00,btc-updown-15m-1766615400,TRADE,UP,ACCUM,3,3,0.4702,1.4106,16,0.4701,15,0.5001,15,0.9702,0.4470,0.06,-0.0231,0.9769,0.0000,96.24,SUCCESS
2025-12-24T22:30:03.558965+00:00,btc-updown-15m-1766615400,RESOLUTION,DOWN,BINANCE_FALLBACK_SHARED,31,31,1.0000,15.0231,16,0.4701,15,0.5001,15,0.9702,0.4470,0.06,0.0000,0.0000,-0.0231,111.24,RESOLVED
2025-12-24T22:34:36.450968+00:00,btc-updown-15m-1766616300,TRADE,DOWN,ACCUM,2,2,0.5101,1.0202,0,0.0000,2,0.5101,0,0.0000,0.0000,1.00,-1.0202,0.9798,0.0000,110.22,SUCCESS
2025-12-24T22:34:47.245287+00:00,btc-updown-15m-1766616300,TRADE,UP,ACCUM,3,3,0.4402,1.3205,3,0.4402,2,0.5101,2,0.9503,0.0994,0.33,-0.3407,0.6593,0.0000,108.90,SUCCESS
2025-12-24T22:34:52.743359+00:00,btc-updown-15m-1766616300,TRADE,DOWN,ACCUM,2,2,0.5102,1.0204,3,0.4402,4,0.5102,3,0.9503,0.1490,0.25,-0.3612,0.6388,0.0000,107.88,SUCCESS
2025-12-24T22:34:58.428969+00:00,btc-updown-15m-1766616300,TRADE,UP,ACCUM,3,3,0.4401,1.3203,6,0.4401,4,0.5102,4,0.9503,0.1988,0.33,-0.6815,1.3185,0.0000,106.56,SUCCESS
2025-12-24T22:35:03.943612+00:00,btc-updown-15m-1766616300,TRADE,DOWN,ACCUM,2,2,0.5202,1.0404,6,0.4401,6,0.5135,6,0.9537,0.2781,0.00,0.2781,0.2781,0.0000,105.52,SUCCESS
2025-12-24T22:35:09.333860+00:00,btc-updown-15m-1766616300,TRADE,DOWN,ACCUM,2,2,0.5201,1.0401,6,0.4401,8,0.5152,6,0.9553,0.2683,0.25,-0.7620,1.2380,0.0000,104.48,SUCCESS
2025-12-24T22:35:14.737591+00:00,btc-updown-15m-1766616300,TRADE,UP,ACCUM,3,3,0.4499,1.3498,9,0.4434,8,0.5152,8,0.9586,0.3316,0.11,-0.1118,0.8882,0.0000,103.13,SUCCESS
2025-12-24T22:35:25.501680+00:00,btc-updown-15m-1766616300,TRADE,DOWN,ACCUM,2,1,0.5202,0.5202,9,0.4434,9,0.5157,9,0.9591,0.3679,0.00,0.3679,0.3679,0.0000,102.61,SUCCESS
2025-12-24T22:35:30.986019+00:00,btc-updown-15m-1766616300,TRADE,DOWN,ACCUM,2,2,0.5201,1.0401,9,0.4434,11,0.5165,9,0.9599,0.3608,0.18,-0.6722,1.3278,0.0000,101.57,SUCCESS
2025-12-24T22:35:36.390446+00:00,btc-updown-15m-1766616300,TRADE,UP,ACCUM,3,1,0.4502,0.4502,10,0.4441,11,0.5165,10,0.9606,0.3941,0.09,-0.1224,0.8776,0.0000,101.12,SUCCESS
2025-12-24T22:35:47.351949+00:00,btc-updown-15m-1766616300,TRADE,UP,ACCUM,3,3,0.4501,1.3502,13,0.4455,11,0.5165,11,0.9620,0.4183,0.15,-0.4726,1.5274,0.0000,99.77,SUCCESS
2025-12-24T22:35:52.767263+00:00,btc-updown-15m-1766616300,TRADE,DOWN,ACCUM,2,2,0.5201,1.0401,13,0.4455,13,0.5171,13,0.9625,0.4873,0.00,0.4873,0.4873,0.0000,98.73,SUCCESS
2025-12-24T22:36:03.672766+00:00,btc-updown-15m-1766616300,TRADE,DOWN,ACCUM,2,2,0.5099,1.0198,13,0.4455,15,0.5161,13,0.9616,0.4997,0.13,-0.5325,1.4675,0.0000,97.71,SUCCESS
2025-12-24T22:36:09.060787+00:00,btc-updown-15m-1766616300,TRADE,UP,ACCUM,3,3,0.4500,1.3501,16,0.4463,15,0.5161,15,0.9624,0.5637,0.06,0.1174,1.1174,0.0000,96.36,SUCCESS
2025-12-24T22:45:00.643429+00:00,btc-updown-15m-1766616300,RESOLUTION,UP,BINANCE_FALLBACK_SHARED,31,31,1.0000,14.8826,16,0.4463,15,0.5161,15,0.9624,0.5637,0.06,0.0000,0.0000,1.1174,112.36,RESOLVED
2025-12-24T22:50:02.080081+00:00,btc-updown-15m-1766617200,TRADE,DOWN,ACCUM,2,2,0.5001,1.0003,0,0.0000,2,0.5001,0,0.0000,0.0000,1.00,-1.0003,0.9997,0.0000,111.36,SUCCESS
2025-12-24T22:50:12.916171+00:00,btc-updown-15m-1766617200,TRADE,UP,ACCUM,3,3,0.4701,1.4104,3,0.4701,2,0.5001,2,0.9703,0.0595,0.33,-0.4107,0.5893,0.0000,109.95,SUCCESS
2025-12-24T22:50:18.363963+00:00,btc-updown-15m-1766617200,TRADE,DOWN,ACCUM,2,2,0.5001,1.0002,3,0.4701,4,0.5001,3,0.9703,0.0892,0.25,-0.4109,0.5891,0.0000,108.95,SUCCESS
2025-12-24T22:50:23.761705+00:00,btc-updown-15m-1766617200,TRADE,UP,ACCUM,3,3,0.4701,1.4102,6,0.4701,4,0.5001,4,0.9702,0.1191,0.33,-0.8211,1.1789,0.0000,107.54,SUCCESS
2025-12-24T22:50:34.702353+00:00,btc-updown-15m-1766617200,TRADE,DOWN,ACCUM,2,2,0.4999,0.9999,6,0.4701,6,0.5001,6,0.9702,0.1790,0.00,0.1790,0.1790,0.0000,106.54,SUCCESS
2025-12-24T22:50:40.260583+00:00,btc-updown-15m-1766617200,TRADE,DOWN,ACCUM,2,2,0.4998,0.9996,6,0.4701,8,0.5000,6,0.9701,0.1794,0.25,-0.8206,1.1794,0.0000,105.54,SUCCESS
2025-12-24T22:50:45.640478+00:00,btc-updown-15m-1766617200,TRADE,UP,ACCUM,3,3,0.4701,1.4104,9,0.4701,8,0.5000,8,0.9701,0.2391,0.11,-0.2310,0.7690,0.0000,104.13,SUCCESS
2025-12-24T22:50:51.067567+00:00,btc-updown-15m-1766617200,TRADE,DOWN,ACCUM,2,2,0.5001,1.0002,9,0.4701,10,0.5000,9,0.9701,0.2688,0.10,-0.2312,0.7688,0.0000,103.13,SUCCESS
2025-12-24T22:50:56.473403+00:00,btc-updown-15m-1766617200,TRADE,UP,ACCUM,3,3,0.4700,1.4101,12,0.4701,10,0.5000,10,0.9701,0.2988,0.17,-0.6414,1.3586,0.0000,101.72,SUCCESS
2025-12-24T22:51:01.885180+00:00,btc-updown-15m-1766617200,TRADE,DOWN,ACCUM,2,2,0.5001,1.0002,12,0.4701,12,0.5000,12,0.9701,0.3584,0.00,0.3584,0.3584,0.0000,100.72,SUCCESS
2025-12-24T22:51:07.273749+00:00,btc-updown-15m-1766617200,TRADE,DOWN,ACCUM,2,2,0.5002,1.0004,12,0.4701,14,0.5001,12,0.9702,0.3581,0.14,-0.6420,1.3580,0.0000,99.72,SUCCESS
2025-12-24T22:51:12.684352+00:00,btc-updown-15m-1766617200,TRADE,UP,ACCUM,3,3,0.4702,1.4105,15,0.4701,14,0.5001,14,0.9702,0.4176,0.07,-0.0525,0.9475,0.0000,98.31,SUCCESS
2025-12-24T22:51:18.110958+00:00,btc-updown-15m-1766617200,TRADE,DOWN,ACCUM,2,2,0.5000,1.0001,15,0.4701,16,0.5001,15,0.9702,0.4475,0.06,-0.0526,0.9474,0.0000,97.31,SUCCESS
2025-12-24T23:00:02.630421+00:00,btc-updown-15m-1766617200,RESOLUTION,UP,BINANCE_FALLBACK_SHARED,31,31,1.0000,15.0526,15,0.4701,16,0.5001,15,0.9702,0.4475,0.06,0.0000,0.0000,-0.0526,112.31,RESOLVED
2025-12-24T23:08:46.323257+00:00,btc-updown-15m-1766618100,TRADE,UP,ACCUM,2,2,0.5002,1.0004,2,0.5002,0,0.0000,0,0.0000,0.0000,1.00,-1.0004,0.9996,0.0000,111.31,SUCCESS
2025-12-24T23:08:51.723286+00:00,btc-updown-15m-1766618100,TRADE,DOWN,ACCUM,3,3,0.4802,1.4407,2,0.5002,3,0.4802,2,0.9804,0.0391,0.33,-0.4411,0.5589,0.0000,109.87,SUCCESS
2025-12-24T23:08:57.155933+00:00,btc-updown-15m-1766618100,TRADE,UP,ACCUM,3,3,0.4901,1.4702,5,0.4941,3,0.4802,3,0.9743,0.0770,0.40,-0.9113,1.0887,0.0000,108.40,SUCCESS
2025-12-24T23:09:02.564592+00:00,btc-updown-15m-1766618100,TRADE,DOWN,ACCUM,3,3,0.4798,1.4394,5,0.4941,6,0.4800,5,0.9741,0.1293,0.17,-0.3507,0.6493,0.0000,106.96,SUCCESS
2025-12-24T23:09:13.583141+00:00,btc-updown-15m-1766618100,TRADE,UP,ACCUM,2,2,0.5002,1.0005,7,0.4959,6,0.4800,6,0.9759,0.1447,0.14,-0.3512,0.6488,0.0000,105.96,SUCCESS
2025-12-24T23:09:18.981794+00:00,btc-updown-15m-1766618100,TRADE,DOWN,ACCUM,3,3,0.4699,1.4098,7,0.4959,9,0.4767,7,0.9725,0.1923,0.22,-0.7610,1.2390,0.0000,104.55,SUCCESS
2025-12-24T23:09:24.360190+00:00,btc-updown-15m-1766618100,TRADE,UP,ACCUM,2,2,0.5001,1.0002,9,0.4968,9,0.4767,9,0.9735,0.2389,0.00,0.2389,0.2389,0.0000,103.55,SUCCESS
2025-12-24T23:09:29.791906+00:00,btc-updown-15m-1766618100,TRADE,UP,ACCUM,2,2,0.5001,1.0001,11,0.4974,9,0.4767,9,0.9741,0.2335,0.18,-0.7613,1.2387,0.0000,102.55,SUCCESS
2025-12-24T23:09:35.184918+00:00,btc-updown-15m-1766618100,TRADE,DOWN,ACCUM,3,3,0.4699,1.4098,11,0.4974,12,0.4750,11,0.9724,0.3039,0.08,-0.1711,0.8289,0.0000,101.14,SUCCESS
2025-12-24T23:09:45.977850+00:00,btc-updown-15m-1766618100,TRADE,UP,ACCUM,2,2,0.5102,1.0203,13,0.4994,12,0.4750,12,0.9743,0.3079,0.08,-0.1914,0.8086,0.0000,100.12,SUCCESS
2025-12-24T23:09:51.373703+00:00,btc-updown-15m-1766618100,TRADE,DOWN,ACCUM,3,3,0.4601,1.3802,13,0.4994,15,0.4720,13,0.9714,0.3723,0.13,-0.5717,1.4283,0.0000,98.74,SUCCESS
2025-12-24T23:09:56.800806+00:00,btc-updown-15m-1766618100,TRADE,UP,ACCUM,2,2,0.5102,1.0203,15,0.5008,15,0.4720,15,0.9728,0.4080,0.00,0.4080,0.4080,0.0000,97.72,SUCCESS
2025-12-24T23:15:04.084402+00:00,btc-updown-15m-1766618100,RESOLUTION,DOWN,BINANCE_FALLBACK_SHARED,30,30,1.0000,14.5920,15,0.5008,15,0.4720,15,0.9728,0.4080,0.00,0.0000,0.0000,0.4080,112.72,RESOLVED
2025-12-24T23:21:37.579537+00:00,btc-updown-15m-1766619000,TRADE,UP,ACCUM,2,2,0.5101,1.0203,2,0.5101,0,0.0000,0,0.0000,0.0000,1.00,-1.0203,0.9797,0.0000,111.70,SUCCESS
2025-12-24T23:21:42.989527+00:00,btc-updown-15m-1766619000,TRADE,DOWN,ACCUM,3,3,0.4600,1.3801,2,0.5101,3,0.4600,2,0.9702,0.0596,0.33,-0.4004,0.5996,0.0000,110.31,SUCCESS
2025-12-24T23:21:48.480078+00:00,btc-updown-15m-1766619000,TRADE,UP,ACCUM,2,2,0.5100,1.0200,4,0.5101,3,0.4600,3,0.9701,0.0896,0.25,-0.4205,0.5795,0.0000,109.29,SUCCESS
2025-12-24T23:22:04.794112+00:00,btc-updown-15m-1766619000,TRADE,DOWN,ACCUM,3,3,0.4601,1.3804,4,0.5101,6,0.4601,4,0.9702,0.1193,0.33,-0.8009,1.1991,0.0000,107.91,SUCCESS
2025-12-24T23:22:15.702308+00:00,btc-updown-15m-1766619000,TRADE,UP,ACCUM,2,2,0.5100,1.0201,6,0.5101,6,0.4601,6,0.9702,0.1790,0.00,0.1790,0.1790,0.0000,106.89,SUCCESS
2025-12-24T23:22:21.199616+00:00,btc-updown-15m-1766619000,TRADE,UP,ACCUM,2,2,0.5098,1.0196,8,0.5100,6,0.4601,6,0.9701,0.1794,0.25,-0.8406,1.1594,0.0000,105.87,SUCCESS
2025-12-24T23:22:31.979968+00:00,btc-updown-15m-1766619000,TRADE,DOWN,ACCUM,3,3,0.4601,1.3802,8,0.5100,9,0.4601,8,0.9701,0.2393,0.11,-0.2208,0.7792,0.0000,104.49,SUCCESS
2025-12-24T23:22:37.378762+00:00,btc-updown-15m-1766619000,TRADE,UP,ACCUM,2,2,0.5100,1.0200,10,0.5100,9,0.4601,9,0.9701,0.2691,0.10,-0.2409,0.7591,0.0000,103.47,SUCCESS
2025-12-24T23:22:48.163513+00:00,btc-updown-15m-1766619000,TRADE,DOWN,ACCUM,3,3,0.4601,1.3803,10,0.5100,12,0.4601,10,0.9701,0.2990,0.17,-0.6212,1.3788,0.0000,102.09,SUCCESS
2025-12-24T23:22:59.022553+00:00,btc-updown-15m-1766619000,TRADE,UP,ACCUM,2,1,0.5102,0.5102,11,0.5100,12,0.4601,11,0.9701,0.3287,0.08,-0.1314,0.8686,0.0000,101.58,SUCCESS
2025-12-24T23:23:09.843583+00:00,btc-updown-15m-1766619000,TRADE,UP,ACCUM,2,2,0.5102,1.0203,13,0.5100,12,0.4601,12,0.9701,0.3583,0.08,-0.1517,0.8483,0.0000,100.56,SUCCESS
2025-12-24T23:23:15.247079+00:00,btc-updown-15m-1766619000,TRADE,DOWN,ACCUM,3,3,0.4598,1.3795,13,0.5100,15,0.4600,13,0.9701,0.3889,0.13,-0.5312,1.4688,0.0000,99.18,SUCCESS
2025-12-24T23:23:20.643663+00:00,btc-updown-15m-1766619000,TRADE,UP,ACCUM,2,2,0.5100,1.0201,15,0.5100,15,0.4600,15,0.9701,0.4487,0.00,0.4487,0.4487,0.0000,98.16,SUCCESS
2025-12-24T23:30:04.141814+00:00,btc-updown-15m-1766619000,RESOLUTION,DOWN,BINANCE_FALLBACK_SHARED,30,30,1.0000,14.5513,15,0.5100,15,0.4600,15,0.9701,0.4487,0.00,0.0000,0.0000,0.4487,113.16,RESOLVED
2025-12-24T23:35:05.795013+00:00,btc-updown-15m-1766619900,TRADE,UP,ACCUM,2,1,0.5001,0.5001,1,0.5001,0,0.0000,0,0.0000,0.0000,1.00,-0.5001,0.4999,0.0000,112.66,SUCCESS
2025-12-24T23:35:11.196363+00:00,btc-updown-15m-1766619900,TRADE,DOWN,ACCUM,3,3,0.4700,1.4100,1,0.5001,3,0.4700,1,0.9701,0.0299,0.67,-0.9101,1.0899,0.0000,111.25,SUCCESS
2025-12-24T23:35:16.596213+00:00,btc-updown-15m-1766619900,TRADE,UP,ACCUM,2,2,0.5002,1.0003,3,0.5001,3,0.4700,3,0.9702,0.0895,0.00,0.0895,0.0895,0.0000,110.25,SUCCESS
2025-12-24T23:35:22.000417+00:00,btc-updown-15m-1766619900,TRADE,UP,ACCUM,2,1,0.5001,0.5001,4,0.5001,3,0.4700,3,0.9701,0.0896,0.25,-0.4106,0.5894,0.0000,109.75,SUCCESS
2025-12-24T23:35:27.454553+00:00,btc-updown-15m-1766619900,TRADE,DOWN,ACCUM,3,3,0.4700,1.4100,4,0.5001,6,0.4700,4,0.9701,0.1194,0.33,-0.8206,1.1794,0.0000,108.34,SUCCESS
2025-12-24T23:35:32.846910+00:00,btc-updown-15m-1766619900,TRADE,UP,ACCUM,2,2,0.4999,0.9997,6,0.5000,6,0.4700,6,0.9701,0.1797,0.00,0.1797,0.1797,0.0000,107.34,SUCCESS
2025-12-24T23:35:43.750610+00:00,btc-updown-15m-1766619900,TRADE,UP,ACCUM,2,1,0.5001,0.5001,7,0.5000,6,0.4700,6,0.9701,0.1797,0.14,-0.3204,0.6796,0.0000,106.84,SUCCESS
2025-12-24T23:35:49.129900+00:00,btc-updown-15m-1766619900,TRADE,DOWN,ACCUM,3,3,0.4701,1.4104,7,0.5000,9,0.4701,7,0.9701,0.2093,0.22,-0.7308,1.2692,0.0000,105.43,SUCCESS
2025-12-24T23:35:54.532169+00:00,btc-updown-15m-1766619900,TRADE,UP,ACCUM,3,3,0.4902,1.4706,10,0.4971,9,0.4701,9,0.9671,0.2957,0.10,-0.2014,0.7986,0.0000,103.96,SUCCESS
2025-12-24T23:36:05.443529+00:00,btc-updown-15m-1766619900,TRADE,DOWN,ACCUM,3,3,0.4800,1.4401,10,0.4971,12,0.4725,10,0.9696,0.3036,0.17,-0.6415,1.3585,0.0000,102.52,SUCCESS
2025-12-24T23:36:10.856295+00:00,btc-updown-15m-1766619900,TRADE,UP,ACCUM,3,2,0.4902,0.9804,12,0.4959,12,0.4725,12,0.9685,0.3781,0.00,0.3781,0.3781,0.0000,101.54,SUCCESS
2025-12-24T23:40:03.265820+00:00,btc-updown-15m-1766619900,TRADE,UP,ACCUM,2,2,0.5152,1.0303,14,0.4987,12,0.4725,12,0.9712,0.3451,0.14,-0.6523,1.3477,0.0000,100.51,SUCCESS
2025-12-24T23:40:08.677911+00:00,btc-updown-15m-1766619900,TRADE,DOWN,ACCUM,3,3,0.4851,1.4552,14,0.4987,15,0.4751,14,0.9737,0.3676,0.07,-0.1075,0.8925,0.0000,99.06,SUCCESS
2025-12-24T23:40:14.090243+00:00,btc-updown-15m-1766619900,TRADE,UP,ACCUM,2,2,0.5151,1.0302,16,0.5007,15,0.4751,15,0.9758,0.3631,0.06,-0.1376,0.8624,0.0000,98.03,SUCCESS
2025-12-24T23:45:01.721495+00:00,btc-updown-15m-1766619900,RESOLUTION,UP,BINANCE_FALLBACK_SHARED,31,31,1.0000,15.1376,16,0.5007,15,0.4751,15,0.9758,0.3631,0.06,0.0000,0.0000,0.8624,114.03,RESOLVED
2025-12-24T23:55:02.451513+00:00,btc-updown-15m-1766620800,TRADE,DOWN,ACCUM,2,2,0.5050,1.0100,0,0.0000,2,0.5050,0,0.0000,0.0000,1.00,-1.0100,0.9900,0.0000,113.02,SUCCESS
2025-12-24T23:55:07.859504+00:00,btc-updown-15m-1766620800,TRADE,UP,ACCUM,3,3,0.4852,1.4555,3,0.4852,2,0.5050,2,0.9902,0.0196,0.33,-0.4655,0.5345,0.0000,111.56,SUCCESS
2025-12-24T23:55:13.243931+00:00,btc-updown-15m-1766620800,TRADE,DOWN,ACCUM,2,2,0.5151,1.0301,3,0.4852,4,0.5100,3,0.9952,0.0144,0.25,-0.4957,0.5043,0.0000,110.53,SUCCESS
2025-12-25T00:00:00.969546+00:00,btc-updown-15m-1766620800,RESOLUTION,UP,BINANCE_FALLBACK_SHARED,7,7,1.0000,3.4957,3,0.4852,4,0.5100,3,0.9952,0.0144,0.25,0.0000,0.0000,-0.4957,113.53,RESOLVED
2025-12-25T00:05:03.038747+00:00,btc-updown-15m-1766621700,TRADE,UP,ACCUM,2,2,0.5000,1.0000,2,0.5000,0,0.0000,0,0.0000,0.0000,1.00,-1.0000,1.0000,0.0000,112.53,SUCCESS
2025-12-25T00:05:13.855682+00:00,btc-updown-15m-1766621700,TRADE,DOWN,ACCUM,3,3,0.4701,1.4104,2,0.5000,3,0.4701,2,0.9701,0.0597,0.33,-0.4104,0.5896,0.0000,111.12,SUCCESS
2025-12-25T00:05:19.242348+00:00,btc-updown-15m-1766621700,TRADE,UP,ACCUM,2,2,0.5002,1.0003,4,0.5001,3,0.4701,3,0.9702,0.0894,0.25,-0.4107,0.5893,0.0000,110.12,SUCCESS
2025-12-25T00:05:24.645559+00:00,btc-updown-15m-1766621700,TRADE,DOWN,ACCUM,3,3,0.4699,1.4096,4,0.5001,6,0.4700,4,0.9701,0.1197,0.33,-0.8203,1.1797,0.0000,108.71,SUCCESS
2025-12-25T00:05:40.963620+00:00,btc-updown-15m-1766621700,TRADE,UP,ACCUM,2,2,0.5000,1.0001,6,0.5001,6,0.4700,6,0.9701,0.1796,0.00,0.1796,0.1796,0.0000,107.71,SUCCESS
2025-12-25T00:05:46.355566+00:00,btc-updown-15m-1766621700,TRADE,UP,ACCUM,2,2,0.5001,1.0003,8,0.5001,6,0.4700,6,0.9701,0.1795,0.25,-0.8207,1.1793,0.0000,106.71,SUCCESS
2025-12-25T00:05:51.739680+00:00,btc-updown-15m-1766621700,TRADE,DOWN,ACCUM,3,3,0.4700,1.4101,8,0.5001,9,0.4700,8,0.9701,0.2393,0.11,-0.2307,0.7693,0.0000,105.30,SUCCESS
2025-12-25T00:05:57.147708+00:00,btc-updown-15m-1766621700,TRADE,UP,ACCUM,2,2,0.5002,1.0004,10,0.5001,9,0.4700,9,0.9701,0.2690,0.10,-0.2311,0.7689,0.0000,104.30,SUCCESS
2025-12-25T00:06:02.571309+00:00,btc-updown-15m-1766621700,TRADE,DOWN,ACCUM,3,3,0.4701,1.4102,10,0.5001,12,0.4700,10,0.9701,0.2987,0.17,-0.6413,1.3587,0.0000,102.89,SUCCESS
2025-12-25T00:06:07.979044+00:00,btc-updown-15m-1766621700,TRADE,UP,ACCUM,2,2,0.5001,1.0002,12,0.5001,12,0.4700,12,0.9701,0.3585,0.00,0.3585,0.3585,0.0000,101.89,SUCCESS
2025-12-25T00:10:01.624392+00:00,btc-updown-15m-1766621700,TRADE,DOWN,ACCUM,2,2,0.5052,1.0105,12,0.5001,14,0.4750,12,0.9752,0.2982,0.14,-0.6519,1.3481,0.0000,100.88,SUCCESS
2025-12-25T00:10:07.036524+00:00,btc-updown-15m-1766621700,TRADE,UP,ACCUM,3,3,0.4950,1.4851,15,0.4991,14,0.4750,14,0.9741,0.3621,0.07,-0.1370,0.8630,0.0000,99.39,SUCCESS
2025-12-25T00:10:12.462210+00:00,btc-updown-15m-1766621700,TRADE,DOWN,ACCUM,2,2,0.5151,1.0301,15,0.4991,16,0.4801,15,0.9791,0.3129,0.06,-0.1672,0.8328,0.0000,98.36,SUCCESS
2025-12-25T00:15:04.656563+00:00,btc-updown-15m-1766621700,RESOLUTION,UP,BINANCE_FALLBACK_SHARED,31,31,1.0000,15.1672,15,0.4991,16,0.4801,15,0.9791,0.3129,0.06,0.0000,0.0000,-0.1672,113.36,RESOLVED
2025-12-25T00:20:06.140250+00:00,btc-updown-15m-1766622600,TRADE,DOWN,ACCUM,2,2,0.5002,1.0004,0,0.0000,2,0.5002,0,0.0000,0.0000,1.00,-1.0004,0.9996,0.0000,112.36,SUCCESS
2025-12-25T00:20:11.534405+00:00,btc-updown-15m-1766622600,TRADE,UP,ACCUM,3,3,0.4701,1.4103,3,0.4701,2,0.5002,2,0.9703,0.0594,0.33,-0.4107,0.5893,0.0000,110.95,SUCCESS
2025-12-25T00:20:16.944429+00:00,btc-updown-15m-1766622600,TRADE,DOWN,ACCUM,2,2,0.5001,1.0003,3,0.4701,4,0.5002,3,0.9703,0.0892,0.25,-0.4110,0.5890,0.0000,109.95,SUCCESS
2025-12-25T00:20:22.437022+00:00,btc-updown-15m-1766622600,TRADE,UP,ACCUM,3,3,0.4701,1.4104,6,0.4701,4,0.5002,4,0.9703,0.1189,0.33,-0.8213,1.1787,0.0000,108.54,SUCCESS
2025-12-25T00:20:27.868111+00:00,btc-updown-15m-1766622600,TRADE,DOWN,ACCUM,2,2,0.5000,1.0001,6,0.4701,6,0.5001,6,0.9702,0.1786,0.00,0.1786,0.1786,0.0000,107.54,SUCCESS
2025-12-25T00:20:33.248229+00:00,btc-updown-15m-1766622600,TRADE,DOWN,ACCUM,2,2,0.5001,1.0003,6,0.4701,8,0.5001,6,0.9702,0.1786,0.25,-0.8217,1.1783,0.0000,106.54,SUCCESS
2025-12-25T00:20:38.627962+00:00,btc-updown-15m-1766622600,TRADE,UP,ACCUM,3,3,0.4700,1.4101,9,0.4701,8,0.5001,8,0.9702,0.2383,0.11,-0.2317,0.7683,0.0000,105.13,SUCCESS
2025-12-25T00:20:49.522704+00:00,btc-updown-15m-1766622600,TRADE,DOWN,ACCUM,2,2,0.5001,1.0003,9,0.4701,10,0.5001,9,0.9702,0.2681,0.10,-0.2320,0.7680,0.0000,104.13,SUCCESS
2025-12-25T00:20:54.943140+00:00,btc-updown-15m-1766622600,TRADE,UP,ACCUM,3,3,0.4700,1.4101,12,0.4701,10,0.5001,10,0.9702,0.2980,0.17,-0.6421,1.3579,0.0000,102.72,SUCCESS
2025-12-25T00:21:05.724831+00:00,btc-updown-15m-1766622600,TRADE,DOWN,ACCUM,2,2,0.5001,1.0002,12,0.4701,12,0.5001,12,0.9702,0.3577,0.00,0.3577,0.3577,0.0000,101.72,SUCCESS
2025-12-25T00:21:11.140520+00:00,btc-updown-15m-1766622600,TRADE,DOWN,ACCUM,2,2,0.5000,1.0000,12,0.4701,14,0.5001,12,0.9702,0.3579,0.14,-0.6423,1.3577,0.0000,100.72,SUCCESS
2025-12-25T00:21:21.941990+00:00,btc-updown-15m-1766622600,TRADE,UP,ACCUM,3,3,0.4700,1.4100,15,0.4701,14,0.5001,14,0.9702,0.4177,0.07,-0.0524,0.9476,0.0000,99.31,SUCCESS
2025-12-25T00:21:27.332411+00:00,btc-updown-15m-1766622600,TRADE,DOWN,ACCUM,2,2,0.5002,1.0005,15,0.4701,16,0.5001,15,0.9702,0.4473,0.06,-0.0528,0.9472,0.0000,98.31,SUCCESS
2025-12-25T00:30:02.527343+00:00,btc-updown-15m-1766622600,RESOLUTION,DOWN,BINANCE_FALLBACK_SHARED,31,31,1.0000,15.0528,15,0.4701,16,0.5001,15,0.9702,0.4473,0.06,0.0000,0.0000,0.9472,114.31,RESOLVED
2025-12-25T00:36:10.188616+00:00,btc-updown-15m-1766623500,TRADE,UP,ACCUM,2,1,0.5002,0.5002,1,0.5002,0,0.0000,0,0.0000,0.0000,1.00,-0.5002,0.4998,0.0000,113.81,SUCCESS
2025-12-25T00:36:15.569172+00:00,btc-updown-15m-1766623500,TRADE,DOWN,ACCUM,3,3,0.4702,1.4106,1,0.5002,3,0.4702,1,0.9704,0.0296,0.67,-0.9108,1.0892,0.0000,112.40,SUCCESS
2025-12-25T00:36:20.952589+00:00,btc-updown-15m-1766623500,TRADE,UP,ACCUM,2,1,0.5002,0.5002,2,0.5002,3,0.4702,2,0.9704,0.0592,0.33,-0.4110,0.5890,0.0000,111.90,SUCCESS
2025-12-25T00:36:26.370491+00:00,btc-updown-15m-1766623500,TRADE,UP,ACCUM,2,1,0.5001,0.5001,3,0.5002,3,0.4702,3,0.9704,0.0889,0.00,0.0889,0.0889,0.0000,111.40,SUCCESS
2025-12-25T00:36:31.774577+00:00,btc-updown-15m-1766623500,TRADE,UP,ACCUM,2,2,0.5000,1.0001,5,0.5001,3,0.4702,3,0.9703,0.0890,0.40,-0.9112,1.0888,0.0000,110.40,SUCCESS
2025-12-25T00:36:37.179024+00:00,btc-updown-15m-1766623500,TRADE,DOWN,ACCUM,3,3,0.4702,1.4107,5,0.5001,6,0.4702,5,0.9703,0.1483,0.17,-0.3219,0.6781,0.0000,108.99,SUCCESS
2025-12-25T00:36:42.561016+00:00,btc-updown-15m-1766623500,TRADE,UP,ACCUM,2,2,0.5001,1.0002,7,0.5001,6,0.4702,6,0.9703,0.1780,0.14,-0.3221,0.6779,0.0000,107.99,SUCCESS
2025-12-25T00:36:47.957086+00:00,btc-updown-15m-1766623500,TRADE,DOWN,ACCUM,3,3,0.4702,1.4105,7,0.5001,9,0.4702,7,0.9703,0.2077,0.22,-0.7327,1.2673,0.0000,106.58,SUCCESS
2025-12-25T00:36:53.358930+00:00,btc-updown-15m-1766623500,TRADE,UP,ACCUM,2,2,0.5002,1.0005,9,0.5001,9,0.4702,9,0.9704,0.2668,0.00,0.2668,0.2668,0.0000,105.58,SUCCESS
2025-12-25T00:36:58.739932+00:00,btc-updown-15m-1766623500,TRADE,UP,ACCUM,2,2,0.5001,1.0001,11,0.5001,9,0.4702,9,0.9703,0.2670,0.18,-0.7333,1.2667,0.0000,104.58,SUCCESS
2025-12-25T00:37:09.641690+00:00,btc-updown-15m-1766623500,TRADE,DOWN,ACCUM,3,3,0.4701,1.4103,11,0.5001,12,0.4702,11,0.9703,0.3266,0.08,-0.1436,0.8564,0.0000,103.17,SUCCESS
2025-12-25T00:37:15.040963+00:00,btc-updown-15m-1766623500,TRADE,UP,ACCUM,2,2,0.5001,1.0002,13,0.5001,12,0.4702,12,0.9703,0.3564,0.08,-0.1437,0.8563,0.0000,102.17,SUCCESS
2025-12-25T00:37:25.834541+00:00,btc-updown-15m-1766623500,TRADE,DOWN,ACCUM,3,3,0.4701,1.4102,13,0.5001,15,0.4702,13,0.9703,0.3864,0.13,-0.5539,1.4461,0.0000,100.76,SUCCESS
2025-12-25T00:37:31.243185+00:00,btc-updown-15m-1766623500,TRADE,UP,ACCUM,2,2,0.5002,1.0004,15,0.5001,15,0.4702,15,0.9703,0.4457,0.00,0.4457,0.4457,0.0000,99.76,SUCCESS
2025-12-25T00:45:03.855091+00:00,btc-updown-15m-1766623500,RESOLUTION,DOWN,BINANCE_FALLBACK_SHARED,30,30,1.0000,14.5543,15,0.5001,15,0.4702,15,0.9703,0.4457,0.00,0.0000,0.0000,0.4457,114.76,RESOLVED
2025-12-25T00:51:20.063323+00:00,btc-updown-15m-1766624400,TRADE,UP,ACCUM,2,2,0.5001,1.0002,2,0.5001,0,0.0000,0,0.0000,0.0000,1.00,-1.0002,0.9998,0.0000,113.76,SUCCESS
2025-12-25T00:51:25.440914+00:00,btc-updown-15m-1766624400,TRADE,DOWN,ACCUM,3,3,0.4699,1.4098,2,0.5001,3,0.4699,2,0.9700,0.0600,0.33,-0.4100,0.5900,0.0000,112.35,SUCCESS
2025-12-25T00:51:30.843413+00:00,btc-updown-15m-1766624400,TRADE,UP,ACCUM,2,2,0.5001,1.0001,4,0.5001,3,0.4699,3,0.9700,0.0900,0.25,-0.4101,0.5899,0.0000,111.35,SUCCESS
2025-12-25T00:51:36.240843+00:00,btc-updown-15m-1766624400,TRADE,DOWN,ACCUM,3,3,0.4700,1.4101,4,0.5001,6,0.4700,4,0.9701,0.1198,0.33,-0.8202,1.1798,0.0000,109.94,SUCCESS
2025-12-25T00:51:52.428510+00:00,btc-updown-15m-1766624400,TRADE,UP,ACCUM,2,2,0.5001,1.0003,6,0.5001,6,0.4700,6,0.9701,0.1796,0.00,0.1796,0.1796,0.0000,108.94,SUCCESS
2025-12-25T00:52:03.368156+00:00,btc-updown-15m-1766624400,TRADE,UP,ACCUM,2,2,0.5002,1.0003,8,0.5001,6,0.4700,6,0.9701,0.1795,0.25,-0.8208,1.1792,0.0000,107.94,SUCCESS
2025-12-25T00:52:14.248111+00:00,btc-updown-15m-1766624400,TRADE,DOWN,ACCUM,3,3,0.4701,1.4102,8,0.5001,9,0.4700,8,0.9701,0.2391,0.11,-0.2309,0.7691,0.0000,106.53,SUCCESS
2025-12-25T00:52:19.645012+00:00,btc-updown-15m-1766624400,TRADE,UP,ACCUM,2,2,0.5001,1.0002,10,0.5001,9,0.4700,9,0.9701,0.2690,0.10,-0.2312,0.7688,0.0000,105.53,SUCCESS
2025-12-25T00:52:25.053653+00:00,btc-updown-15m-1766624400,TRADE,DOWN,ACCUM,3,3,0.4701,1.4104,10,0.5001,12,0.4700,10,0.9701,0.2985,0.17,-0.6416,1.3584,0.0000,104.11,SUCCESS
2025-12-25T00:52:30.466752+00:00,btc-updown-15m-1766624400,TRADE,UP,ACCUM,2,2,0.5000,1.0000,12,0.5001,12,0.4700,12,0.9701,0.3584,0.00,0.3584,0.3584,0.0000,103.11,SUCCESS
2025-12-25T00:52:41.286472+00:00,btc-updown-15m-1766624400,TRADE,UP,ACCUM,2,2,0.5002,1.0004,14,0.5001,12,0.4700,12,0.9701,0.3582,0.14,-0.6420,1.3580,0.0000,102.11,SUCCESS
2025-12-25T00:52:57.518124+00:00,btc-updown-15m-1766624400,TRADE,DOWN,ACCUM,3,3,0.4700,1.4101,14,0.5001,15,0.4700,14,0.9701,0.4179,0.07,-0.0521,0.9479,0.0000,100.70,SUCCESS
2025-12-25T00:53:02.896760+00:00,btc-updown-15m-1766624400,TRADE,UP,ACCUM,3,3,0.4902,1.4706,17,0.4984,15,0.4700,15,0.9684,0.4740,0.12,-0.5227,1.4773,0.0000,99.23,SUCCESS
2025-12-25T01:00:02.905149+00:00,btc-updown-15m-1766624400,RESOLUTION,UP,BINANCE_FALLBACK_SHARED,32,32,1.0000,15.5227,17,0.4984,15,0.4700,15,0.9684,0.4740,0.12,0.0000,0.0000,1.4773,116.23,RESOLVED
2025-12-25T01:05:48.878812+00:00,btc-updown-15m-1766625300,TRADE,UP,ACCUM,2,2,0.5000,1.0000,2,0.5000,0,0.0000,0,0.0000,0.0000,1.00,-1.0000,1.0000,0.0000,115.23,SUCCESS
2025-12-25T01:06:05.259463+00:00,btc-updown-15m-1766625300,TRADE,DOWN,ACCUM,3,3,0.4701,1.4104,2,0.5000,3,0.4701,2,0.9701,0.0597,0.33,-0.4104,0.5896,0.0000,113.82,SUCCESS
2025-12-25T01:06:10.647094+00:00,btc-updown-15m-1766625300,TRADE,UP,ACCUM,3,3,0.4901,1.4704,5,0.4941,3,0.4701,3,0.9642,0.1074,0.40,-0.8808,1.1192,0.0000,112.35,SUCCESS
2025-12-25T01:06:21.449819+00:00,btc-updown-15m-1766625300,TRADE,DOWN,ACCUM,3,3,0.4801,1.4402,5,0.4941,6,0.4751,5,0.9692,0.1541,0.17,-0.3210,0.6790,0.0000,110.91,SUCCESS
2025-12-25T01:06:26.846740+00:00,btc-updown-15m-1766625300,TRADE,UP,ACCUM,3,3,0.4900,1.4701,8,0.4926,6,0.4751,6,0.9677,0.1940,0.25,-0.7911,1.2089,0.0000,109.44,SUCCESS
2025-12-25T01:06:37.667158+00:00,btc-updown-15m-1766625300,TRADE,DOWN,ACCUM,3,3,0.4801,1.4402,8,0.4926,9,0.4768,8,0.9693,0.2455,0.11,-0.2313,0.7687,0.0000,108.00,SUCCESS
2025-12-25T01:06:43.080326+00:00,btc-updown-15m-1766625300,TRADE,UP,ACCUM,3,3,0.4902,1.4706,11,0.4919,9,0.4768,9,0.9687,0.2819,0.18,-0.7019,1.2981,0.0000,106.53,SUCCESS
2025-12-25T01:06:48.485272+00:00,btc-updown-15m-1766625300,TRADE,DOWN,ACCUM,3,3,0.4802,1.4407,11,0.4919,12,0.4776,11,0.9695,0.3350,0.08,-0.1426,0.8574,0.0000,105.09,SUCCESS
2025-12-25T01:06:53.980141+00:00,btc-updown-15m-1766625300,TRADE,UP,ACCUM,3,3,0.4901,1.4702,14,0.4915,12,0.4776,12,0.9691,0.3702,0.14,-0.6128,1.3872,0.0000,103.62,SUCCESS
2025-12-25T01:06:59.375651+00:00,btc-updown-15m-1766625300,TRADE,DOWN,ACCUM,3,3,0.4802,1.4406,14,0.4915,15,0.4781,14,0.9697,0.4247,0.07,-0.0534,0.9466,0.0000,102.18,SUCCESS
2025-12-25T01:07:04.785296+00:00,btc-updown-15m-1766625300,TRADE,UP,ACCUM,3,3,0.4898,1.4695,17,0.4912,15,0.4781,15,0.9694,0.4595,0.12,-0.5230,1.4770,0.0000,100.71,SUCCESS
2025-12-25T01:15:04.696717+00:00,btc-updown-15m-1766625300,RESOLUTION,UP,BINANCE_FALLBACK_SHARED,32,32,1.0000,15.5230,17,0.4912,15,0.4781,15,0.9694,0.4595,0.12,0.0000,0.0000,1.4770,117.71,RESOLVED
2025-12-25T01:21:05.907195+00:00,btc-updown-15m-1766626200,TRADE,DOWN,ACCUM,2,2,0.5001,1.0002,0,0.0000,2,0.5001,0,0.0000,0.0000,1.00,-1.0002,0.9998,0.0000,116.71,SUCCESS
2025-12-25T01:21:11.397358+00:00,btc-updown-15m-1766626200,TRADE,UP,ACCUM,3,3,0.4701,1.4103,3,0.4701,2,0.5001,2,0.9702,0.0596,0.33,-0.4105,0.5895,0.0000,115.30,SUCCESS
2025-12-25T01:21:16.772079+00:00,btc-updown-15m-1766626200,TRADE,DOWN,ACCUM,2,2,0.5002,1.0004,3,0.4701,4,0.5001,3,0.9702,0.0893,0.25,-0.4109,0.5891,0.0000,114.30,SUCCESS
2025-12-25T01:21:38.628822+00:00,btc-updown-15m-1766626200,TRADE,UP,ACCUM,3,3,0.4601,1.3804,6,0.4651,4,0.5001,4,0.9653,0.1389,0.33,-0.7913,1.2087,0.0000,112.92,SUCCESS
2025-12-25T01:21:44.035108+00:00,btc-updown-15m-1766626200,TRADE,DOWN,ACCUM,2,2,0.5103,1.0205,6,0.4651,6,0.5035,6,0.9686,0.1882,0.00,0.1882,0.1882,0.0000,111.90,SUCCESS
2025-12-25T01:21:49.529228+00:00,btc-updown-15m-1766626200,TRADE,DOWN,ACCUM,2,2,0.5100,1.0201,6,0.4651,8,0.5051,6,0.9703,0.1784,0.25,-0.8319,1.1681,0.0000,110.88,SUCCESS
2025-12-25T01:21:55.030109+00:00,btc-updown-15m-1766626200,TRADE,UP,ACCUM,3,3,0.4600,1.3801,9,0.4634,8,0.5051,8,0.9686,0.2514,0.11,-0.2120,0.7880,0.0000,109.50,SUCCESS
2025-12-25T01:22:00.415427+00:00,btc-updown-15m-1766626200,TRADE,DOWN,ACCUM,2,2,0.5100,1.0200,9,0.4634,10,0.5061,9,0.9695,0.2741,0.10,-0.2320,0.7680,0.0000,108.48,SUCCESS
2025-12-25T01:22:16.737154+00:00,btc-updown-15m-1766626200,TRADE,UP,ACCUM,3,3,0.4601,1.3803,12,0.4626,10,0.5061,10,0.9687,0.3129,0.17,-0.6123,1.3877,0.0000,107.10,SUCCESS
2025-12-25T01:22:22.163030+00:00,btc-updown-15m-1766626200,TRADE,DOWN,ACCUM,2,2,0.5101,1.0202,12,0.4626,12,0.5068,12,0.9694,0.3675,0.00,0.3675,0.3675,0.0000,106.08,SUCCESS
2025-12-25T01:22:33.058150+00:00,btc-updown-15m-1766626200,TRADE,DOWN,ACCUM,2,2,0.5101,1.0201,12,0.4626,14,0.5073,12,0.9698,0.3618,0.14,-0.6527,1.3473,0.0000,105.06,SUCCESS
2025-12-25T01:22:38.471579+00:00,btc-updown-15m-1766626200,TRADE,UP,ACCUM,3,3,0.4601,1.3802,15,0.4621,14,0.5073,14,0.9693,0.4292,0.07,-0.0329,0.9671,0.0000,103.68,SUCCESS
2025-12-25T01:22:43.895021+00:00,btc-updown-15m-1766626200,TRADE,DOWN,ACCUM,2,1,0.5102,0.5102,15,0.4621,15,0.5074,15,0.9695,0.4569,0.00,0.4569,0.4569,0.0000,103.17,SUCCESS
2025-12-25T01:30:01.084322+00:00,btc-updown-15m-1766626200,RESOLUTION,UP,BINANCE_FALLBACK_SHARED,30,30,1.0000,14.5431,15,0.4621,15,0.5074,15,0.9695,0.4569,0.00,0.0000,0.0000,0.4569,118.17,RESOLVED
2025-12-25T01:39:41.256390+00:00,btc-updown-15m-1766627100,TRADE,DOWN,ACCUM,2,2,0.5000,1.0000,0,0.0000,2,0.5000,0,0.0000,0.0000,1.00,-1.0000,1.0000,0.0000,117.17,SUCCESS
2025-12-25T01:39:46.658748+00:00,btc-updown-15m-1766627100,TRADE,UP,ACCUM,3,3,0.4701,1.4103,3,0.4701,2,0.5000,2,0.9701,0.0598,0.33,-0.4103,0.5897,0.0000,115.76,SUCCESS
2025-12-25T01:39:52.073218+00:00,btc-updown-15m-1766627100,TRADE,DOWN,ACCUM,2,2,0.5002,1.0004,3,0.4701,4,0.5001,3,0.9702,0.0894,0.25,-0.4107,0.5893,0.0000,114.76,SUCCESS
2025-12-25T01:39:57.592848+00:00,btc-updown-15m-1766627100,TRADE,UP,ACCUM,3,3,0.4700,1.4100,6,0.4700,4,0.5001,4,0.9702,0.1194,0.33,-0.8207,1.1793,0.0000,113.35,SUCCESS
2025-12-25T01:40:02.995992+00:00,btc-updown-15m-1766627100,TRADE,DOWN,ACCUM,2,2,0.5151,1.0301,6,0.4700,6,0.5051,6,0.9751,0.1491,0.00,0.1491,0.1491,0.0000,112.32,SUCCESS
2025-12-25T01:40:08.502554+00:00,btc-updown-15m-1766627100,TRADE,UP,ACCUM,2,2,0.5051,1.0103,8,0.4788,6,0.5051,6,0.9839,0.0965,0.25,-0.8612,1.1388,0.0000,111.31,SUCCESS
2025-12-25T01:40:13.918883+00:00,btc-updown-15m-1766627100,TRADE,DOWN,ACCUM,2,2,0.5050,1.0100,8,0.4788,8,0.5051,8,0.9839,0.1288,0.00,0.1288,0.1288,0.0000,110.30,SUCCESS
2025-12-25T01:40:19.328857+00:00,btc-updown-15m-1766627100,TRADE,UP,ACCUM,2,2,0.5051,1.0102,10,0.4841,8,0.5051,8,0.9892,0.0867,0.20,-0.8814,1.1186,0.0000,109.29,SUCCESS
2025-12-25T01:40:24.735380+00:00,btc-updown-15m-1766627100,TRADE,DOWN,ACCUM,3,3,0.4950,1.4851,10,0.4841,11,0.5023,10,0.9864,0.1358,0.09,-0.3665,0.6335,0.0000,107.80,SUCCESS
2025-12-25T01:40:30.120196+00:00,btc-updown-15m-1766627100,TRADE,UP,ACCUM,2,2,0.5052,1.0103,12,0.4876,11,0.5023,11,0.9899,0.1107,0.08,-0.3769,0.6231,0.0000,106.79,SUCCESS
2025-12-25T01:40:35.522287+00:00,btc-updown-15m-1766627100,TRADE,DOWN,ACCUM,3,3,0.4951,1.4853,12,0.4876,14,0.5008,12,0.9884,0.1394,0.14,-0.8622,1.1378,0.0000,105.31,SUCCESS
2025-12-25T01:40:41.005059+00:00,btc-updown-15m-1766627100,TRADE,UP,ACCUM,2,2,0.5051,1.0102,14,0.4901,14,0.5008,14,0.9909,0.1277,0.00,0.1277,0.1277,0.0000,104.30,SUCCESS
2025-12-25T01:40:46.509110+00:00,btc-updown-15m-1766627100,TRADE,UP,ACCUM,2,2,0.5050,1.0100,16,0.4920,14,0.5008,14,0.9927,0.1015,0.12,-0.8824,1.1176,0.0000,103.29,SUCCESS
2025-12-25T01:40:51.930274+00:00,btc-updown-15m-1766627100,TRADE,DOWN,ACCUM,3,3,0.4951,1.4853,16,0.4920,17,0.4998,16,0.9917,0.1321,0.06,-0.3677,0.6323,0.0000,101.80,SUCCESS
2025-12-25T01:45:01.302139+00:00,btc-updown-15m-1766627100,RESOLUTION,UP,BINANCE_FALLBACK_SHARED,33,33,1.0000,16.3677,16,0.4920,17,0.4998,16,0.9917,0.1321,0.06,0.0000,0.0000,-0.3677,117.80,RESOLVED
2025-12-25T01:50:45.816159+00:00,btc-updown-15m-1766628000,TRADE,DOWN,ACCUM,2,2,0.5002,1.0005,0,0.0000,2,0.5002,0,0.0000,0.0000,1.00,-1.0005,0.9995,0.0000,116.80,SUCCESS
2025-12-25T01:50:51.210420+00:00,btc-updown-15m-1766628000,TRADE,UP,ACCUM,3,2,0.4702,0.9405,2,0.4702,2,0.5002,2,0.9705,0.0591,0.00,0.0591,0.0591,0.0000,115.86,SUCCESS
2025-12-25T01:50:56.591291+00:00,btc-updown-15m-1766628000,TRADE,DOWN,ACCUM,2,2,0.5001,1.0002,2,0.4702,4,0.5002,2,0.9704,0.0592,0.50,-0.9412,1.0588,0.0000,114.86,SUCCESS
2025-12-25T01:51:07.617198+00:00,btc-updown-15m-1766628000,TRADE,UP,ACCUM,3,1,0.4702,0.4702,3,0.4702,4,0.5002,3,0.9704,0.0888,0.25,-0.4114,0.5886,0.0000,114.39,SUCCESS
2025-12-25T01:51:13.021309+00:00,btc-updown-15m-1766628000,TRADE,UP,ACCUM,3,3,0.4701,1.4104,6,0.4702,4,0.5002,4,0.9704,0.1186,0.33,-0.8218,1.1782,0.0000,112.98,SUCCESS
2025-12-25T01:51:18.425815+00:00,btc-updown-15m-1766628000,TRADE,DOWN,ACCUM,2,2,0.5001,1.0002,6,0.4702,6,0.5002,6,0.9703,0.1780,0.00,0.1780,0.1780,0.0000,111.98,SUCCESS
2025-12-25T01:51:29.368439+00:00,btc-updown-15m-1766628000,TRADE,DOWN,ACCUM,2,1,0.5001,0.5001,6,0.4702,7,0.5001,6,0.9703,0.1781,0.14,-0.3221,0.6779,0.0000,111.48,SUCCESS
2025-12-25T01:51:34.766114+00:00,btc-updown-15m-1766628000,TRADE,UP,ACCUM,3,3,0.4702,1.4106,9,0.4702,7,0.5001,7,0.9703,0.2077,0.22,-0.7327,1.2673,0.0000,110.07,SUCCESS
2025-12-25T01:51:40.384151+00:00,btc-updown-15m-1766628000,TRADE,DOWN,ACCUM,2,2,0.5002,1.0004,9,0.4702,9,0.5002,9,0.9703,0.2670,0.00,0.2670,0.2670,0.0000,109.07,SUCCESS
2025-12-25T01:51:45.882572+00:00,btc-updown-15m-1766628000,TRADE,DOWN,ACCUM,2,2,0.5001,1.0002,9,0.4702,11,0.5001,9,0.9703,0.2670,0.18,-0.7333,1.2667,0.0000,108.07,SUCCESS
2025-12-25T01:51:51.296109+00:00,btc-updown-15m-1766628000,TRADE,UP,ACCUM,3,3,0.4702,1.4106,12,0.4702,11,0.5001,11,0.9703,0.3264,0.08,-0.1438,0.8562,0.0000,106.66,SUCCESS
2025-12-25T01:52:12.937359+00:00,btc-updown-15m-1766628000,TRADE,DOWN,ACCUM,2,2,0.5000,1.0000,12,0.4702,13,0.5001,12,0.9703,0.3563,0.08,-0.1439,0.8561,0.0000,105.66,SUCCESS
2025-12-25T01:52:18.359679+00:00,btc-updown-15m-1766628000,TRADE,UP,ACCUM,3,3,0.4699,1.4098,15,0.4701,13,0.5001,13,0.9703,0.3867,0.13,-0.5536,1.4464,0.0000,104.25,SUCCESS
2025-12-25T01:52:23.763904+00:00,btc-updown-15m-1766628000,TRADE,DOWN,ACCUM,2,2,0.5000,1.0001,15,0.4701,15,0.5001,15,0.9702,0.4463,0.00,0.4463,0.4463,0.0000,103.25,SUCCESS
2025-12-25T02:00:02.389657+00:00,btc-updown-15m-1766628000,RESOLUTION,DOWN,BINANCE_FALLBACK_SHARED,30,30,1.0000,14.5537,15,0.4701,15,0.5001,15,0.9702,0.4463,0.00,0.0000,0.0000,0.4463,118.25,RESOLVED
2025-12-25T02:07:21.761180+00:00,btc-updown-15m-1766628900,TRADE,UP,ACCUM,2,2,0.5002,1.0003,2,0.5002,0,0.0000,0,0.0000,0.0000,1.00,-1.0003,0.9997,0.0000,117.25,SUCCESS
2025-12-25T02:07:27.175965+00:00,btc-updown-15m-1766628900,TRADE,DOWN,ACCUM,3,3,0.4700,1.4099,2,0.5002,3,0.4700,2,0.9701,0.0598,0.33,-0.4102,0.5898,0.0000,115.84,SUCCESS
2025-12-25T02:07:32.571341+00:00,btc-updown-15m-1766628900,TRADE,UP,ACCUM,2,2,0.5001,1.0002,4,0.5001,3,0.4700,3,0.9701,0.0897,0.25,-0.4104,0.5896,0.0000,114.84,SUCCESS
2025-12-25T02:07:37.971633+00:00,btc-updown-15m-1766628900,TRADE,DOWN,ACCUM,3,3,0.4700,1.4100,4,0.5001,6,0.4700,4,0.9701,0.1196,0.33,-0.8204,1.1796,0.0000,113.43,SUCCESS
2025-12-25T02:07:43.370926+00:00,btc-updown-15m-1766628900,TRADE,UP,ACCUM,2,2,0.5002,1.0004,6,0.5002,6,0.4700,6,0.9701,0.1792,0.00,0.1792,0.1792,0.0000,112.43,SUCCESS
2025-12-25T02:07:48.865793+00:00,btc-updown-15m-1766628900,TRADE,UP,ACCUM,2,2,0.5002,1.0004,8,0.5002,6,0.4700,6,0.9701,0.1791,0.25,-0.8212,1.1788,0.0000,111.43,SUCCESS
2025-12-25T02:07:54.306459+00:00,btc-updown-15m-1766628900,TRADE,DOWN,ACCUM,3,3,0.4701,1.4104,8,0.5002,9,0.4700,8,0.9702,0.2384,0.11,-0.2316,0.7684,0.0000,110.01,SUCCESS
2025-12-25T02:08:05.223853+00:00,btc-updown-15m-1766628900,TRADE,UP,ACCUM,2,2,0.5002,1.0005,10,0.5002,9,0.4700,9,0.9702,0.2681,0.10,-0.2321,0.7679,0.0000,109.01,SUCCESS
2025-12-25T02:08:10.630725+00:00,btc-updown-15m-1766628900,TRADE,DOWN,ACCUM,3,3,0.4702,1.4106,10,0.5002,12,0.4701,10,0.9703,0.2974,0.17,-0.6427,1.3573,0.0000,107.60,SUCCESS
2025-12-25T02:08:16.013763+00:00,btc-updown-15m-1766628900,TRADE,UP,ACCUM,2,2,0.5001,1.0002,12,0.5002,12,0.4701,12,0.9702,0.3571,0.00,0.3571,0.3571,0.0000,106.60,SUCCESS
2025-12-25T02:10:04.869948+00:00,btc-updown-15m-1766628900,TRADE,UP,ACCUM,2,2,0.5151,1.0302,14,0.5023,12,0.4701,12,0.9724,0.3315,0.14,-0.6730,1.3270,0.0000,105.57,SUCCESS
2025-12-25T02:10:10.275701+00:00,btc-updown-15m-1766628900,TRADE,DOWN,ACCUM,3,3,0.4849,1.4548,14,0.5023,15,0.4730,14,0.9753,0.3452,0.07,-0.1278,0.8722,0.0000,104.12,SUCCESS
2025-12-25T02:10:15.658655+00:00,btc-updown-15m-1766628900,TRADE,UP,ACCUM,2,2,0.5150,1.0300,16,0.5039,15,0.4730,15,0.9769,0.3461,0.06,-0.1578,0.8422,0.0000,103.09,SUCCESS
2025-12-25T02:15:03.012092+00:00,btc-updown-15m-1766628900,RESOLUTION,UP,BINANCE_FALLBACK_SHARED,31,31,1.0000,15.1578,16,0.5039,15,0.4730,15,0.9769,0.3461,0.06,0.0000,0.0000,0.8422,119.09,RESOLVED
2025-12-25T02:21:05.377128+00:00,btc-updown-15m-1766629800,TRADE,DOWN,ACCUM,2,2,0.5001,1.0002,0,0.0000,2,0.5001,0,0.0000,0.0000,1.00,-1.0002,0.9998,0.0000,118.09,SUCCESS
2025-12-25T02:21:16.196199+00:00,btc-updown-15m-1766629800,TRADE,UP,ACCUM,3,3,0.4702,1.4107,3,0.4702,2,0.5001,2,0.9703,0.0593,0.33,-0.4109,0.5891,0.0000,116.68,SUCCESS
2025-12-25T02:21:21.599575+00:00,btc-updown-15m-1766629800,TRADE,DOWN,ACCUM,2,2,0.5002,1.0004,3,0.4702,4,0.5002,3,0.9704,0.0888,0.25,-0.4114,0.5886,0.0000,115.68,SUCCESS
2025-12-25T02:21:26.996593+00:00,btc-updown-15m-1766629800,TRADE,UP,ACCUM,3,3,0.4700,1.4100,6,0.4701,4,0.5002,4,0.9703,0.1189,0.33,-0.8214,1.1786,0.0000,114.27,SUCCESS
2025-12-25T02:21:37.849127+00:00,btc-updown-15m-1766629800,TRADE,DOWN,ACCUM,2,2,0.4998,0.9996,6,0.4701,6,0.5000,6,0.9702,0.1790,0.00,0.1790,0.1790,0.0000,113.27,SUCCESS
2025-12-25T02:21:43.256893+00:00,btc-updown-15m-1766629800,TRADE,DOWN,ACCUM,2,2,0.5001,1.0002,6,0.4701,8,0.5001,6,0.9702,0.1789,0.25,-0.8212,1.1788,0.0000,112.27,SUCCESS
2025-12-25T02:21:48.656983+00:00,btc-updown-15m-1766629800,TRADE,UP,ACCUM,3,1,0.4702,0.4702,7,0.4701,8,0.5001,7,0.9702,0.2087,0.12,-0.2914,0.7086,0.0000,111.80,SUCCESS
2025-12-25T02:21:54.081492+00:00,btc-updown-15m-1766629800,TRADE,UP,ACCUM,3,3,0.4700,1.4101,10,0.4701,8,0.5001,8,0.9702,0.2388,0.20,-0.7014,1.2986,0.0000,110.39,SUCCESS
2025-12-25T02:21:59.489024+00:00,btc-updown-15m-1766629800,TRADE,DOWN,ACCUM,2,2,0.5001,1.0003,10,0.4701,10,0.5001,10,0.9702,0.2983,0.00,0.2983,0.2983,0.0000,109.39,SUCCESS
2025-12-25T02:22:04.930499+00:00,btc-updown-15m-1766629800,TRADE,DOWN,ACCUM,2,2,0.5002,1.0004,10,0.4701,12,0.5001,10,0.9702,0.2981,0.17,-0.7021,1.2979,0.0000,108.39,SUCCESS
2025-12-25T02:22:21.114014+00:00,btc-updown-15m-1766629800,TRADE,UP,ACCUM,3,3,0.4700,1.4101,13,0.4701,12,0.5001,12,0.9702,0.3579,0.08,-0.1122,0.8878,0.0000,106.98,SUCCESS
2025-12-25T02:22:26.614730+00:00,btc-updown-15m-1766629800,TRADE,DOWN,ACCUM,2,2,0.5002,1.0005,13,0.4701,14,0.5001,13,0.9702,0.3875,0.07,-0.1126,0.8874,0.0000,105.98,SUCCESS
2025-12-25T02:22:32.006403+00:00,btc-updown-15m-1766629800,TRADE,UP,ACCUM,3,3,0.4702,1.4107,16,0.4701,14,0.5001,14,0.9702,0.4169,0.12,-0.5233,1.4767,0.0000,104.57,SUCCESS
2025-12-25T02:22:37.430630+00:00,btc-updown-15m-1766629800,TRADE,DOWN,ACCUM,2,2,0.5001,1.0002,16,0.4701,16,0.5001,16,0.9702,0.4765,0.00,0.4765,0.4765,0.0000,103.57,SUCCESS
2025-12-25T02:30:01.902827+00:00,btc-updown-15m-1766629800,RESOLUTION,DOWN,BINANCE_FALLBACK_SHARED,32,32,1.0000,15.5235,16,0.4701,16,0.5001,16,0.9702,0.4765,0.00,0.0000,0.0000,0.4765,119.57,RESOLVED
2025-12-25T02:37:19.551926+00:00,btc-updown-15m-1766630700,TRADE,DOWN,ACCUM,2,2,0.5001,1.0003,0,0.0000,2,0.5001,0,0.0000,0.0000,1.00,-1.0003,0.9997,0.0000,118.56,SUCCESS
2025-12-25T02:37:24.975677+00:00,btc-updown-15m-1766630700,TRADE,UP,ACCUM,3,3,0.4702,1.4106,3,0.4702,2,0.5001,2,0.9703,0.0593,0.33,-0.4109,0.5891,0.0000,117.15,SUCCESS
2025-12-25T02:37:35.780138+00:00,btc-updown-15m-1766630700,TRADE,DOWN,ACCUM,2,2,0.5001,1.0001,3,0.4702,4,0.5001,3,0.9703,0.0891,0.25,-0.4110,0.5890,0.0000,116.15,SUCCESS
2025-12-25T02:37:41.179041+00:00,btc-updown-15m-1766630700,TRADE,UP,ACCUM,3,3,0.4699,1.4097,6,0.4700,4,0.5001,4,0.9701,0.1194,0.33,-0.8207,1.1793,0.0000,114.74,SUCCESS
2025-12-25T02:37:46.573771+00:00,btc-updown-15m-1766630700,TRADE,DOWN,ACCUM,2,2,0.5002,1.0005,6,0.4700,6,0.5001,6,0.9702,0.1788,0.00,0.1788,0.1788,0.0000,113.74,SUCCESS
2025-12-25T02:37:51.960487+00:00,btc-updown-15m-1766630700,TRADE,DOWN,ACCUM,2,2,0.5002,1.0004,6,0.4700,8,0.5002,6,0.9702,0.1787,0.25,-0.8216,1.1784,0.0000,112.74,SUCCESS
2025-12-25T02:38:02.812851+00:00,btc-updown-15m-1766630700,TRADE,UP,ACCUM,3,3,0.4700,1.4101,9,0.4700,8,0.5002,8,0.9702,0.2384,0.11,-0.2317,0.7683,0.0000,111.33,SUCCESS
2025-12-25T02:38:08.241698+00:00,btc-updown-15m-1766630700,TRADE,DOWN,ACCUM,2,1,0.5001,0.5001,9,0.4700,9,0.5002,9,0.9702,0.2682,0.00,0.2682,0.2682,0.0000,110.83,SUCCESS
2025-12-25T02:38:24.675801+00:00,btc-updown-15m-1766630700,TRADE,DOWN,ACCUM,2,2,0.5002,1.0005,9,0.4700,11,0.5002,9,0.9702,0.2681,0.18,-0.7323,1.2677,0.0000,109.83,SUCCESS
2025-12-25T02:38:30.196034+00:00,btc-updown-15m-1766630700,TRADE,UP,ACCUM,3,3,0.4701,1.4104,12,0.4701,11,0.5002,11,0.9702,0.3274,0.08,-0.1427,0.8573,0.0000,108.42,SUCCESS
2025-12-25T02:38:35.686895+00:00,btc-updown-15m-1766630700,TRADE,DOWN,ACCUM,2,2,0.5002,1.0004,12,0.4701,13,0.5002,12,0.9702,0.3570,0.08,-0.1431,0.8569,0.0000,107.42,SUCCESS
2025-12-25T02:38:41.076085+00:00,btc-updown-15m-1766630700,TRADE,UP,ACCUM,3,3,0.4701,1.4102,15,0.4701,13,0.5002,13,0.9702,0.3868,0.13,-0.5534,1.4466,0.0000,106.01,SUCCESS
2025-12-25T02:38:51.878988+00:00,btc-updown-15m-1766630700,TRADE,DOWN,ACCUM,2,2,0.5001,1.0001,15,0.4701,15,0.5002,15,0.9702,0.4465,0.00,0.4465,0.4465,0.0000,105.01,SUCCESS
2025-12-25T02:45:01.562713+00:00,btc-updown-15m-1766630700,RESOLUTION,UP,BINANCE_FALLBACK_SHARED,30,30,1.0000,14.5535,15,0.4701,15,0.5002,15,0.9702,0.4465,0.00,0.0000,0.0000,0.4465,120.01,RESOLVED
2025-12-25T02:50:03.178998+00:00,btc-updown-15m-1766631600,TRADE,DOWN,ACCUM,2,2,0.5002,1.0004,0,0.0000,2,0.5002,0,0.0000,0.0000,1.00,-1.0004,0.9996,0.0000,119.01,SUCCESS
2025-12-25T02:50:08.705183+00:00,btc-updown-15m-1766631600,TRADE,UP,ACCUM,3,3,0.4700,1.4101,3,0.4700,2,0.5002,2,0.9702,0.0595,0.33,-0.4105,0.5895,0.0000,117.60,SUCCESS
2025-12-25T02:50:19.680630+00:00,btc-updown-15m-1766631600,TRADE,DOWN,ACCUM,2,1,0.4999,0.4999,3,0.4700,3,0.5001,3,0.9701,0.0896,0.00,0.0896,0.0896,0.0000,117.10,SUCCESS
2025-12-25T02:50:25.258885+00:00,btc-updown-15m-1766631600,TRADE,DOWN,ACCUM,2,2,0.5000,1.0001,3,0.4700,5,0.5001,3,0.9701,0.0897,0.40,-0.9105,1.0895,0.0000,116.10,SUCCESS
2025-12-25T02:50:30.687258+00:00,btc-updown-15m-1766631600,TRADE,UP,ACCUM,3,3,0.4699,1.4098,6,0.4700,5,0.5001,5,0.9701,0.1497,0.17,-0.3203,0.6797,0.0000,114.69,SUCCESS
2025-12-25T02:50:47.026925+00:00,btc-updown-15m-1766631600,TRADE,DOWN,ACCUM,2,2,0.5002,1.0005,6,0.4700,7,0.5001,6,0.9701,0.1793,0.14,-0.3208,0.6792,0.0000,113.69,SUCCESS
2025-12-25T02:50:52.456416+00:00,btc-updown-15m-1766631600,TRADE,UP,ACCUM,3,3,0.4700,1.4101,9,0.4700,7,0.5001,7,0.9701,0.2091,0.22,-0.7309,1.2691,0.0000,112.28,SUCCESS
2025-12-25T02:51:03.301624+00:00,btc-updown-15m-1766631600,TRADE,DOWN,ACCUM,2,2,0.5102,1.0204,9,0.4700,9,0.5024,9,0.9724,0.2486,0.00,0.2486,0.2486,0.0000,111.26,SUCCESS
2025-12-25T02:51:08.724428+00:00,btc-updown-15m-1766631600,TRADE,DOWN,ACCUM,2,2,0.5101,1.0201,9,0.4700,11,0.5038,9,0.9738,0.2360,0.18,-0.7715,1.2285,0.0000,110.24,SUCCESS
2025-12-25T02:51:14.115073+00:00,btc-updown-15m-1766631600,TRADE,UP,ACCUM,3,3,0.4600,1.3801,12,0.4675,11,0.5038,11,0.9713,0.3159,0.08,-0.1516,0.8484,0.0000,108.86,SUCCESS
2025-12-25T02:51:19.601679+00:00,btc-updown-15m-1766631600,TRADE,DOWN,ACCUM,2,2,0.5102,1.0204,12,0.4675,13,0.5048,12,0.9723,0.3328,0.08,-0.1720,0.8280,0.0000,107.84,SUCCESS
2025-12-25T02:51:25.006181+00:00,btc-updown-15m-1766631600,TRADE,UP,ACCUM,3,3,0.4602,1.3805,15,0.4660,13,0.5048,13,0.9708,0.3796,0.13,-0.5525,1.4475,0.0000,106.46,SUCCESS
2025-12-25T02:51:35.883488+00:00,btc-updown-15m-1766631600,TRADE,DOWN,ACCUM,2,2,0.5101,1.0201,15,0.4660,15,0.5055,15,0.9715,0.4274,0.00,0.4274,0.4274,0.0000,105.44,SUCCESS
2025-12-25T03:00:00.631624+00:00,btc-updown-15m-1766631600,RESOLUTION,DOWN,BINANCE_FALLBACK_SHARED,30,30,1.0000,14.5726,15,0.4660,15,0.5055,15,0.9715,0.4274,0.00,0.0000,0.0000,0.4274,120.44,RESOLVED
2025-12-25T03:15:12.006329+00:00,btc-updown-15m-1766632500,TRADE,UP,ACCUM,2,2,0.5250,1.0501,2,0.5250,0,0.0000,0,0.0000,0.0000,1.00,-1.0501,0.9499,0.0000,98.95,SUCCESS
2025-12-25T03:15:12.395714+00:00,btc-updown-15m-1766632500,RESOLUTION,UP,BINANCE_FALLBACK_SHARED,2,2,1.0000,1.0501,2,0.5250,0,0.0000,0,0.0000,0.0000,1.00,0.0000,0.0000,0.9499,100.95,RESOLVED
2025-12-25T03:21:16.429147+00:00,btc-updown-15m-1766633400,TRADE,DOWN,ACCUM,2,2,0.5000,1.0000,0,0.0000,2,0.5000,0,0.0000,0.0000,1.00,-1.0000,1.0000,0.0000,99.95,SUCCESS
2025-12-25T03:21:21.824528+00:00,btc-updown-15m-1766633400,TRADE,UP,ACCUM,3,3,0.4801,1.4403,3,0.4801,2,0.5000,2,0.9801,0.0398,0.33,-0.4403,0.5597,0.0000,98.51,SUCCESS
2025-12-25T03:21:32.646343+00:00,btc-updown-15m-1766633400,TRADE,DOWN,ACCUM,3,3,0.4901,1.4703,3,0.4801,5,0.4941,3,0.9742,0.0775,0.40,-0.9106,1.0894,0.0000,97.04,SUCCESS
2025-12-25T03:21:38.065448+00:00,btc-updown-15m-1766633400,TRADE,UP,ACCUM,3,3,0.4801,1.4404,6,0.4801,5,0.4941,5,0.9742,0.1291,0.17,-0.3510,0.6490,0.0000,95.60,SUCCESS
2025-12-25T03:21:48.948723+00:00,btc-updown-15m-1766633400,TRADE,DOWN,ACCUM,3,3,0.4902,1.4706,6,0.4801,8,0.4926,6,0.9727,0.1636,0.25,-0.8216,1.1784,0.0000,94.13,SUCCESS
2025-12-25T03:21:54.409492+00:00,btc-updown-15m-1766633400,TRADE,UP,ACCUM,3,3,0.4801,1.4403,9,0.4801,8,0.4926,8,0.9727,0.2182,0.11,-0.2619,0.7381,0.0000,92.69,SUCCESS
2025-12-25T03:21:59.826917+00:00,btc-updown-15m-1766633400,TRADE,DOWN,ACCUM,3,3,0.4902,1.4707,9,0.4801,11,0.4920,9,0.9721,0.2513,0.18,-0.7326,1.2674,0.0000,91.22,SUCCESS
2025-12-25T03:22:10.630374+00:00,btc-updown-15m-1766633400,TRADE,UP,ACCUM,3,3,0.4801,1.4404,12,0.4801,11,0.4920,11,0.9721,0.3071,0.08,-0.1731,0.8269,0.0000,89.78,SUCCESS
2025-12-25T03:22:16.050284+00:00,btc-updown-15m-1766633400,TRADE,DOWN,ACCUM,3,3,0.4900,1.4701,12,0.4801,14,0.4915,12,0.9717,0.3399,0.14,-0.6432,1.3568,0.0000,88.31,SUCCESS
2025-12-25T03:22:26.889490+00:00,btc-updown-15m-1766633400,TRADE,UP,ACCUM,3,3,0.4801,1.4404,15,0.4801,14,0.4915,14,0.9717,0.3965,0.07,-0.0836,0.9164,0.0000,86.87,SUCCESS
2025-12-25T03:22:32.308468+00:00,btc-updown-15m-1766633400,TRADE,DOWN,ACCUM,3,3,0.4902,1.4707,15,0.4801,17,0.4913,15,0.9714,0.4284,0.12,-0.5543,1.4457,0.0000,85.40,SUCCESS
2025-12-25T03:30:02.626639+00:00,btc-updown-15m-1766633400,RESOLUTION,DOWN,BINANCE_FALLBACK_SHARED,32,32,1.0000,15.5543,15,0.4801,17,0.4913,15,0.9714,0.4284,0.12,0.0000,0.0000,1.4457,102.40,RESOLVED
2025-12-25T03:35:14.846903+00:00,btc-updown-15m-1766634300,TRADE,UP,ACCUM,2,2,0.5001,1.0002,2,0.5001,0,0.0000,0,0.0000,0.0000,1.00,-1.0002,0.9998,0.0000,101.40,SUCCESS
2025-12-25T03:35:25.675989+00:00,btc-updown-15m-1766634300,TRADE,DOWN,ACCUM,3,3,0.4701,1.4102,2,0.5001,3,0.4701,2,0.9702,0.0596,0.33,-0.4104,0.5896,0.0000,99.99,SUCCESS
2025-12-25T03:35:31.084767+00:00,btc-updown-15m-1766634300,TRADE,UP,ACCUM,2,2,0.5000,1.0000,4,0.5001,3,0.4701,3,0.9701,0.0896,0.25,-0.4105,0.5895,0.0000,98.99,SUCCESS
2025-12-25T03:35:41.987001+00:00,btc-updown-15m-1766634300,TRADE,DOWN,ACCUM,3,3,0.4701,1.4103,4,0.5001,6,0.4701,4,0.9701,0.1194,0.33,-0.8207,1.1793,0.0000,97.57,SUCCESS
2025-12-25T03:35:47.383525+00:00,btc-updown-15m-1766634300,TRADE,UP,ACCUM,2,2,0.5002,1.0004,6,0.5001,6,0.4701,6,0.9702,0.1789,0.00,0.1789,0.1789,0.0000,96.57,SUCCESS
2025-12-25T03:35:52.783716+00:00,btc-updown-15m-1766634300,TRADE,UP,ACCUM,2,2,0.5002,1.0004,8,0.5001,6,0.4701,6,0.9702,0.1788,0.25,-0.8214,1.1786,0.0000,95.57,SUCCESS
2025-12-25T03:35:58.162004+00:00,btc-updown-15m-1766634300,TRADE,DOWN,ACCUM,3,3,0.4701,1.4104,8,0.5001,9,0.4701,8,0.9702,0.2383,0.11,-0.2318,0.7682,0.0000,94.16,SUCCESS
2025-12-25T03:36:19.736328+00:00,btc-updown-15m-1766634300,TRADE,UP,ACCUM,3,3,0.4798,1.4394,11,0.4946,9,0.4701,9,0.9647,0.3180,0.18,-0.6712,1.3288,0.0000,92.72,SUCCESS
2025-12-25T03:36:25.141506+00:00,btc-updown-15m-1766634300,TRADE,DOWN,ACCUM,3,3,0.4900,1.4701,11,0.4946,12,0.4751,11,0.9697,0.3338,0.08,-0.1412,0.8588,0.0000,91.25,SUCCESS
2025-12-25T03:36:30.538069+00:00,btc-updown-15m-1766634300,TRADE,UP,ACCUM,3,3,0.4802,1.4406,14,0.4915,12,0.4751,12,0.9666,0.4012,0.14,-0.5818,1.4182,0.0000,89.81,SUCCESS
2025-12-25T03:36:46.842822+00:00,btc-updown-15m-1766634300,TRADE,DOWN,ACCUM,3,2,0.4902,0.9804,14,0.4915,14,0.4772,14,0.9687,0.4378,0.00,0.4378,0.4378,0.0000,88.83,SUCCESS
2025-12-25T03:36:57.623931+00:00,btc-updown-15m-1766634300,TRADE,UP,ACCUM,2,2,0.4999,0.9997,16,0.4925,14,0.4772,14,0.9698,0.4232,0.12,-0.5619,1.4381,0.0000,87.83,SUCCESS
2025-12-25T03:37:08.540524+00:00,btc-updown-15m-1766634300,TRADE,DOWN,ACCUM,3,3,0.4699,1.4098,16,0.4925,17,0.4759,16,0.9685,0.5042,0.06,0.0283,1.0283,0.0000,86.42,SUCCESS
2025-12-25T03:45:03.847310+00:00,btc-updown-15m-1766634300,RESOLUTION,DOWN,BINANCE_FALLBACK_SHARED,33,33,1.0000,15.9717,16,0.4925,17,0.4759,16,0.9685,0.5042,0.06,0.0000,0.0000,1.0283,103.42,RESOLVED
2025-12-25T03:50:00.531073+00:00,btc-updown-15m-1766635200,TRADE,UP,ACCUM,2,2,0.5001,1.0001,2,0.5001,0,0.0000,0,0.0000,0.0000,1.00,-1.0001,0.9999,0.0000,102.42,SUCCESS
2025-12-25T03:50:06.048494+00:00,btc-updown-15m-1766635200,TRADE,DOWN,ACCUM,3,3,0.4700,1.4100,2,0.5001,3,0.4700,2,0.9701,0.0599,0.33,-0.4101,0.5899,0.0000,101.01,SUCCESS
2025-12-25T03:50:22.400457+00:00,btc-updown-15m-1766635200,TRADE,UP,ACCUM,2,2,0.5001,1.0002,4,0.5001,3,0.4700,3,0.9701,0.0897,0.25,-0.4103,0.5897,0.0000,100.01,SUCCESS
2025-12-25T03:50:33.226719+00:00,btc-updown-15m-1766635200,TRADE,DOWN,ACCUM,3,3,0.4701,1.4102,4,0.5001,6,0.4700,4,0.9701,0.1196,0.33,-0.8205,1.1795,0.0000,98.60,SUCCESS
2025-12-25T03:50:38.632953+00:00,btc-updown-15m-1766635200,TRADE,UP,ACCUM,2,2,0.5001,1.0003,6,0.5001,6,0.4700,6,0.9701,0.1792,0.00,0.1792,0.1792,0.0000,97.60,SUCCESS
2025-12-25T03:50:44.017166+00:00,btc-updown-15m-1766635200,TRADE,UP,ACCUM,2,1,0.5000,0.5000,7,0.5001,6,0.4700,6,0.9701,0.1793,0.14,-0.3208,0.6792,0.0000,97.10,SUCCESS
2025-12-25T03:50:49.413475+00:00,btc-updown-15m-1766635200,TRADE,DOWN,ACCUM,3,3,0.4700,1.4101,7,0.5001,9,0.4700,7,0.9701,0.2092,0.22,-0.7309,1.2691,0.0000,95.69,SUCCESS
2025-12-25T03:50:55.014371+00:00,btc-updown-15m-1766635200,TRADE,UP,ACCUM,2,2,0.5001,1.0001,9,0.5001,9,0.4700,9,0.9701,0.2690,0.00,0.2690,0.2690,0.0000,94.69,SUCCESS
2025-12-25T03:51:00.447349+00:00,btc-updown-15m-1766635200,TRADE,UP,ACCUM,2,2,0.5000,1.0001,11,0.5001,9,0.4700,9,0.9701,0.2691,0.18,-0.7311,1.2689,0.0000,93.69,SUCCESS
2025-12-25T03:51:05.841910+00:00,btc-updown-15m-1766635200,TRADE,DOWN,ACCUM,3,3,0.4701,1.4102,11,0.5001,12,0.4700,11,0.9701,0.3288,0.08,-0.1413,0.8587,0.0000,92.28,SUCCESS
2025-12-25T03:51:16.669629+00:00,btc-updown-15m-1766635200,TRADE,UP,ACCUM,2,2,0.5001,1.0002,13,0.5001,12,0.4700,12,0.9701,0.3586,0.08,-0.1415,0.8585,0.0000,91.28,SUCCESS
2025-12-25T03:51:22.172955+00:00,btc-updown-15m-1766635200,TRADE,DOWN,ACCUM,3,3,0.4701,1.4103,13,0.5001,15,0.4701,13,0.9701,0.3883,0.13,-0.5518,1.4482,0.0000,89.87,SUCCESS
2025-12-25T03:51:27.562723+00:00,btc-updown-15m-1766635200,TRADE,UP,ACCUM,2,2,0.5002,1.0003,15,0.5001,15,0.4701,15,0.9701,0.4479,0.00,0.4479,0.4479,0.0000,88.87,SUCCESS
2025-12-25T04:00:02.427006+00:00,btc-updown-15m-1766635200,RESOLUTION,UP,BINANCE_FALLBACK_SHARED,30,30,1.0000,14.5521,15,0.5001,15,0.4701,15,0.9701,0.4479,0.00,0.0000,0.0000,0.4479,103.87,RESOLVED
2025-12-25T04:08:03.991872+00:00,btc-updown-15m-1766636100,TRADE,UP,ACCUM,2,2,0.5001,1.0002,2,0.5001,0,0.0000,0,0.0000,0.0000,1.00,-1.0002,0.9998,0.0000,102.87,SUCCESS
2025-12-25T04:08:09.415901+00:00,btc-updown-15m-1766636100,TRADE,DOWN,ACCUM,3,1,0.4702,0.4702,2,0.5001,1,0.4702,1,0.9703,0.0297,0.50,-0.4704,0.5296,0.0000,102.40,SUCCESS
2025-12-25T04:08:14.831625+00:00,btc-updown-15m-1766636100,TRADE,DOWN,ACCUM,3,3,0.4702,1.4105,2,0.5001,4,0.4702,2,0.9703,0.0594,0.50,-0.8809,1.1191,0.0000,100.99,SUCCESS
2025-12-25T04:08:20.233686+00:00,btc-updown-15m-1766636100,TRADE,UP,ACCUM,3,3,0.4902,1.4705,5,0.4941,4,0.4702,4,0.9643,0.1427,0.20,-0.3514,0.6486,0.0000,99.52,SUCCESS
2025-12-25T04:08:25.668927+00:00,btc-updown-15m-1766636100,TRADE,DOWN,ACCUM,3,3,0.4801,1.4402,5,0.4941,7,0.4744,5,0.9686,0.1572,0.29,-0.7916,1.2084,0.0000,98.08,SUCCESS
2025-12-25T04:08:31.076857+00:00,btc-updown-15m-1766636100,TRADE,UP,ACCUM,3,3,0.4900,1.4701,8,0.4926,7,0.4744,7,0.9670,0.2309,0.12,-0.2617,0.7383,0.0000,96.61,SUCCESS
2025-12-25T04:08:41.890728+00:00,btc-updown-15m-1766636100,TRADE,DOWN,ACCUM,3,3,0.4801,1.4403,8,0.4926,10,0.4761,8,0.9687,0.2502,0.20,-0.7021,1.2979,0.0000,95.17,SUCCESS
2025-12-25T04:08:58.078066+00:00,btc-updown-15m-1766636100,TRADE,UP,ACCUM,3,3,0.4902,1.4707,11,0.4920,10,0.4761,10,0.9681,0.3192,0.09,-0.1728,0.8272,0.0000,93.70,SUCCESS
2025-12-25T04:09:03.520521+00:00,btc-updown-15m-1766636100,TRADE,DOWN,ACCUM,3,2,0.4802,0.9604,11,0.4920,12,0.4768,11,0.9688,0.3436,0.08,-0.1332,0.8668,0.0000,92.74,SUCCESS
2025-12-25T04:09:19.814974+00:00,btc-updown-15m-1766636100,TRADE,UP,ACCUM,3,3,0.4901,1.4703,14,0.4916,12,0.4768,12,0.9684,0.3796,0.14,-0.6035,1.3965,0.0000,91.27,SUCCESS
2025-12-25T04:09:25.240517+00:00,btc-updown-15m-1766636100,TRADE,DOWN,ACCUM,3,3,0.4800,1.4401,14,0.4916,15,0.4774,14,0.9690,0.4338,0.07,-0.0436,0.9564,0.0000,89.83,SUCCESS
2025-12-25T04:09:30.643800+00:00,btc-updown-15m-1766636100,TRADE,UP,ACCUM,3,3,0.4901,1.4703,17,0.4913,15,0.4774,15,0.9688,0.4687,0.12,-0.5140,1.4860,0.0000,88.36,SUCCESS
2025-12-25T04:15:04.127514+00:00,btc-updown-15m-1766636100,RESOLUTION,DOWN,BINANCE_FALLBACK_SHARED,32,32,1.0000,15.5140,17,0.4913,15,0.4774,15,0.9688,0.4687,0.12,0.0000,0.0000,-0.5140,103.36,RESOLVED
2025-12-25T04:25:03.069489+00:00,btc-updown-15m-1766637000,TRADE,UP,ACCUM,2,1,0.5051,0.5051,1,0.5051,0,0.0000,0,0.0000,0.0000,1.00,-0.5051,0.4949,0.0000,102.85,SUCCESS
2025-12-25T04:25:08.464017+00:00,btc-updown-15m-1766637000,TRADE,DOWN,ACCUM,3,3,0.4951,1.4854,1,0.5051,3,0.4951,1,1.0003,-0.0003,0.67,-0.9905,1.0095,0.0000,101.37,SUCCESS
2025-12-25T04:30:01.677303+00:00,btc-updown-15m-1766637000,RESOLUTION,DOWN,BINANCE_FALLBACK_SHARED,4,4,1.0000,1.9905,1,0.5051,3,0.4951,1,1.0003,-0.0003,0.67,0.0000,0.0000,1.0095,104.37,RESOLVED
2025-12-25T04:40:02.684246+00:00,btc-updown-15m-1766637900,TRADE,UP,ACCUM,2,2,0.5051,1.0102,2,0.5051,0,0.0000,0,0.0000,0.0000,1.00,-1.0102,0.9898,0.0000,103.36,SUCCESS
2025-12-25T04:40:08.185410+00:00,btc-updown-15m-1766637900,TRADE,DOWN,ACCUM,3,3,0.4950,1.4851,2,0.5051,3,0.4950,2,1.0001,-0.0002,0.33,-0.4953,0.5047,0.0000,101.87,SUCCESS
2025-12-25T04:45:02.105342+00:00,btc-updown-15m-1766637900,RESOLUTION,UP,BINANCE_FALLBACK_SHARED,5,5,1.0000,2.4953,2,0.5051,3,0.4950,2,1.0001,-0.0002,0.33,0.0000,0.0000,-0.4953,103.87,RESOLVED
2025-12-25T04:52:19.585491+00:00,btc-updown-15m-1766638800,TRADE,DOWN,ACCUM,2,2,0.5002,1.0005,0,0.0000,2,0.5002,0,0.0000,0.0000,1.00,-1.0005,0.9995,0.0000,102.87,SUCCESS
2025-12-25T04:52:25.018495+00:00,btc-updown-15m-1766638800,TRADE,UP,ACCUM,3,3,0.4701,1.4102,3,0.4701,2,0.5002,2,0.9703,0.0594,0.33,-0.4107,0.5893,0.0000,101.46,SUCCESS
2025-12-25T04:52:30.434657+00:00,btc-updown-15m-1766638800,TRADE,DOWN,ACCUM,2,2,0.5102,1.0205,3,0.4701,4,0.5052,3,0.9753,0.0741,0.25,-0.4311,0.5689,0.0000,100.44,SUCCESS
2025-12-25T04:52:35.885130+00:00,btc-updown-15m-1766638800,TRADE,UP,ACCUM,3,3,0.4602,1.3805,6,0.4651,4,0.5052,4,0.9704,0.1186,0.33,-0.8117,1.1883,0.0000,99.06,SUCCESS
2025-12-25T04:52:46.827438+00:00,btc-updown-15m-1766638800,TRADE,DOWN,ACCUM,2,2,0.5002,1.0004,6,0.4651,6,0.5036,6,0.9687,0.1879,0.00,0.1879,0.1879,0.0000,98.06,SUCCESS
2025-12-25T04:52:52.253448+00:00,btc-updown-15m-1766638800,TRADE,DOWN,ACCUM,2,1,0.5002,0.5002,6,0.4651,7,0.5031,6,0.9682,0.1907,0.14,-0.3124,0.6876,0.0000,97.56,SUCCESS
2025-12-25T04:52:57.683504+00:00,btc-updown-15m-1766638800,TRADE,UP,ACCUM,3,3,0.4701,1.4103,9,0.4668,7,0.5031,7,0.9699,0.2109,0.22,-0.7227,1.2773,0.0000,96.15,SUCCESS
2025-12-25T04:53:03.090066+00:00,btc-updown-15m-1766638800,TRADE,DOWN,ACCUM,2,2,0.5001,1.0001,9,0.4668,9,0.5024,9,0.9692,0.2772,0.00,0.2772,0.2772,0.0000,95.15,SUCCESS
2025-12-25T04:53:13.975401+00:00,btc-updown-15m-1766638800,TRADE,DOWN,ACCUM,2,2,0.5000,1.0001,9,0.4668,11,0.5020,9,0.9688,0.2811,0.18,-0.7229,1.2771,0.0000,94.15,SUCCESS
2025-12-25T04:53:24.789361+00:00,btc-updown-15m-1766638800,TRADE,UP,ACCUM,3,3,0.4700,1.4100,12,0.4676,11,0.5020,11,0.9696,0.3347,0.08,-0.1329,0.8671,0.0000,92.74,SUCCESS
2025-12-25T04:53:35.653211+00:00,btc-updown-15m-1766638800,TRADE,DOWN,ACCUM,2,2,0.5002,1.0004,12,0.4676,13,0.5017,12,0.9693,0.3684,0.08,-0.1333,0.8667,0.0000,91.74,SUCCESS
2025-12-25T04:53:46.454315+00:00,btc-updown-15m-1766638800,TRADE,UP,ACCUM,3,3,0.4701,1.4102,15,0.4681,13,0.5017,13,0.9698,0.3927,0.13,-0.5435,1.4565,0.0000,90.33,SUCCESS
2025-12-25T04:54:02.673467+00:00,btc-updown-15m-1766638800,TRADE,DOWN,ACCUM,2,2,0.5000,1.0000,15,0.4681,15,0.5015,15,0.9696,0.4565,0.00,0.4565,0.4565,0.0000,89.33,SUCCESS
2025-12-25T05:00:05.268292+00:00,btc-updown-15m-1766638800,RESOLUTION,DOWN,BINANCE_FALLBACK_SHARED,30,30,1.0000,14.5435,15,0.4681,15,0.5015,15,0.9696,0.4565,0.00,0.0000,0.0000,0.4565,104.33,RESOLVED
2025-12-25T05:05:05.738102+00:00,btc-updown-15m-1766639700,TRADE,UP,ACCUM,2,2,0.5000,1.0001,2,0.5000,0,0.0000,0,0.0000,0.0000,1.00,-1.0001,0.9999,0.0000,103.33,SUCCESS
2025-12-25T05:05:27.383423+00:00,btc-updown-15m-1766639700,TRADE,DOWN,ACCUM,3,3,0.4800,1.4400,2,0.5000,3,0.4800,2,0.9801,0.0399,0.33,-0.4401,0.5599,0.0000,101.89,SUCCESS
2025-12-25T05:05:32.831394+00:00,btc-updown-15m-1766639700,TRADE,UP,ACCUM,3,3,0.4901,1.4704,5,0.4941,3,0.4800,3,0.9741,0.0777,0.40,-0.9105,1.0895,0.0000,100.42,SUCCESS
2025-12-25T05:05:38.238695+00:00,btc-updown-15m-1766639700,TRADE,DOWN,ACCUM,3,3,0.4802,1.4406,5,0.4941,6,0.4801,5,0.9742,0.1290,0.17,-0.3511,0.6489,0.0000,98.98,SUCCESS
2025-12-25T05:05:43.829656+00:00,btc-updown-15m-1766639700,TRADE,UP,ACCUM,3,1,0.4902,0.4902,6,0.4934,6,0.4801,6,0.9736,0.1587,0.00,0.1587,0.1587,0.0000,98.49,SUCCESS
2025-12-25T05:06:05.420296+00:00,btc-updown-15m-1766639700,TRADE,UP,ACCUM,2,2,0.5002,1.0005,8,0.4951,6,0.4801,6,0.9753,0.1485,0.25,-0.8418,1.1582,0.0000,97.49,SUCCESS
2025-12-25T05:06:10.899770+00:00,btc-updown-15m-1766639700,TRADE,DOWN,ACCUM,3,3,0.4702,1.4105,8,0.4951,9,0.4768,8,0.9719,0.2244,0.11,-0.2524,0.7476,0.0000,96.08,SUCCESS
2025-12-25T05:06:21.773953+00:00,btc-updown-15m-1766639700,TRADE,UP,ACCUM,2,2,0.5001,1.0002,10,0.4961,9,0.4768,9,0.9729,0.2436,0.10,-0.2526,0.7474,0.0000,95.08,SUCCESS
2025-12-25T05:06:27.167541+00:00,btc-updown-15m-1766639700,TRADE,DOWN,ACCUM,3,3,0.4701,1.4103,10,0.4961,12,0.4751,10,0.9713,0.2874,0.17,-0.6628,1.3372,0.0000,93.67,SUCCESS
2025-12-25T05:06:32.571705+00:00,btc-updown-15m-1766639700,TRADE,UP,ACCUM,2,2,0.5002,1.0003,12,0.4968,12,0.4751,12,0.9719,0.3368,0.00,0.3368,0.3368,0.0000,92.67,SUCCESS
2025-12-25T05:06:43.363623+00:00,btc-updown-15m-1766639700,TRADE,UP,ACCUM,2,2,0.5002,1.0005,14,0.4973,12,0.4751,12,0.9724,0.3310,0.14,-0.6636,1.3364,0.0000,91.66,SUCCESS
2025-12-25T05:06:59.667581+00:00,btc-updown-15m-1766639700,TRADE,DOWN,ACCUM,3,1,0.4702,0.4702,14,0.4973,13,0.4747,13,0.9720,0.3635,0.07,-0.1338,0.8662,0.0000,91.19,SUCCESS
2025-12-25T05:07:05.069490+00:00,btc-updown-15m-1766639700,TRADE,DOWN,ACCUM,3,3,0.4702,1.4107,14,0.4973,16,0.4739,14,0.9712,0.4033,0.12,-0.5445,1.4555,0.0000,89.78,SUCCESS
2025-12-25T05:07:15.904494+00:00,btc-updown-15m-1766639700,TRADE,UP,ACCUM,2,2,0.5002,1.0003,16,0.4977,16,0.4739,16,0.9715,0.4552,0.00,0.4552,0.4552,0.0000,88.78,SUCCESS
2025-12-25T05:15:01.368710+00:00,btc-updown-15m-1766639700,RESOLUTION,DOWN,BINANCE_FALLBACK_SHARED,32,32,1.0000,15.5448,16,0.4977,16,0.4739,16,0.9715,0.4552,0.00,0.0000,0.0000,0.4552,104.78,RESOLVED
2025-12-25T05:21:14.018080+00:00,btc-updown-15m-1766640600,TRADE,UP,ACCUM,2,2,0.5001,1.0003,2,0.5001,0,0.0000,0,0.0000,0.0000,1.00,-1.0003,0.9997,0.0000,103.78,SUCCESS
2025-12-25T05:21:19.451821+00:00,btc-updown-15m-1766640600,TRADE,DOWN,ACCUM,3,3,0.4701,1.4104,2,0.5001,3,0.4701,2,0.9703,0.0595,0.33,-0.4106,0.5894,0.0000,102.37,SUCCESS
2025-12-25T05:21:30.302219+00:00,btc-updown-15m-1766640600,TRADE,UP,ACCUM,3,3,0.4902,1.4705,5,0.4942,3,0.4701,3,0.9643,0.1071,0.40,-0.8812,1.1188,0.0000,100.90,SUCCESS
2025-12-25T05:21:35.703173+00:00,btc-updown-15m-1766640600,TRADE,DOWN,ACCUM,3,2,0.4798,0.9595,5,0.4942,5,0.4740,5,0.9681,0.1593,0.00,0.1593,0.1593,0.0000,99.94,SUCCESS
2025-12-25T05:25:01.556460+00:00,btc-updown-15m-1766640600,TRADE,UP,ACCUM,2,2,0.5151,1.0302,7,0.5001,5,0.4740,5,0.9741,0.1294,0.29,-0.8709,1.1291,0.0000,98.91,SUCCESS
2025-12-25T05:25:06.954168+00:00,btc-updown-15m-1766640600,TRADE,DOWN,ACCUM,3,3,0.4652,1.3957,7,0.5001,8,0.4707,7,0.9708,0.2042,0.12,-0.2665,0.7335,0.0000,97.52,SUCCESS
2025-12-25T05:25:12.362352+00:00,btc-updown-15m-1766640600,TRADE,UP,ACCUM,2,2,0.5352,1.0704,9,0.5079,8,0.4707,8,0.9786,0.1710,0.11,-0.3369,0.6631,0.0000,96.45,SUCCESS
2025-12-25T05:25:17.780467+00:00,btc-updown-15m-1766640600,TRADE,DOWN,ACCUM,3,2,0.4651,0.9302,9,0.5079,10,0.4696,9,0.9775,0.2025,0.10,-0.2671,0.7329,0.0000,95.52,SUCCESS
2025-12-25T05:25:23.181629+00:00,btc-updown-15m-1766640600,TRADE,UP,ACCUM,2,2,0.5352,1.0704,11,0.5129,10,0.4696,10,0.9825,0.1754,0.09,-0.3375,0.6625,0.0000,94.45,SUCCESS
2025-12-25T05:25:28.593086+00:00,btc-updown-15m-1766640600,TRADE,DOWN,ACCUM,3,3,0.4651,1.3952,11,0.5129,13,0.4685,11,0.9814,0.2044,0.15,-0.7327,1.2673,0.0000,93.05,SUCCESS
2025-12-25T05:25:33.989468+00:00,btc-updown-15m-1766640600,TRADE,UP,ACCUM,2,2,0.5353,1.0705,13,0.5163,13,0.4685,13,0.9849,0.1968,0.00,0.1968,0.1968,0.0000,91.98,SUCCESS
2025-12-25T05:25:39.411576+00:00,btc-updown-15m-1766640600,TRADE,UP,ACCUM,2,2,0.5352,1.0703,15,0.5188,13,0.4685,13,0.9874,0.1642,0.13,-0.8735,1.1265,0.0000,90.91,SUCCESS
2025-12-25T05:25:55.744288+00:00,btc-updown-15m-1766640600,TRADE,DOWN,ACCUM,3,3,0.4749,1.4247,15,0.5188,16,0.4697,15,0.9886,0.1715,0.06,-0.2982,0.7018,0.0000,89.49,SUCCESS
2025-12-25T05:30:03.728695+00:00,btc-updown-15m-1766640600,RESOLUTION,UP,BINANCE_FALLBACK_SHARED,31,31,1.0000,15.2982,15,0.5188,16,0.4697,15,0.9886,0.1715,0.06,0.0000,0.0000,-0.2982,104.49,RESOLVED
2025-12-25T05:40:03.763585+00:00,btc-updown-15m-1766641500,TRADE,DOWN,ACCUM,2,2,0.5051,1.0102,0,0.0000,2,0.5051,0,0.0000,0.0000,1.00,-1.0102,0.9898,0.0000,103.48,SUCCESS
2025-12-25T05:40:09.161244+00:00,btc-updown-15m-1766641500,TRADE,UP,ACCUM,2,2,0.5001,1.0003,2,0.5001,2,0.5051,2,1.0052,-0.0104,0.00,-0.0104,-0.0104,0.0000,102.48,SUCCESS
2025-12-25T05:45:03.353766+00:00,btc-updown-15m-1766641500,RESOLUTION,UP,BINANCE_FALLBACK_SHARED,4,4,1.0000,2.0104,2,0.5001,2,0.5051,2,1.0052,-0.0104,0.00,0.0000,0.0000,-0.0104,104.48,RESOLVED
2025-12-25T05:50:05.170936+00:00,btc-updown-15m-1766642400,TRADE,DOWN,ACCUM,2,2,0.5002,1.0005,0,0.0000,2,0.5002,0,0.0000,0.0000,1.00,-1.0005,0.9995,0.0000,103.47,SUCCESS
2025-12-25T05:50:10.570784+00:00,btc-updown-15m-1766642400,TRADE,UP,ACCUM,3,3,0.4700,1.4100,3,0.4700,2,0.5002,2,0.9703,0.0595,0.33,-0.4105,0.5895,0.0000,102.06,SUCCESS
2025-12-25T05:50:15.962337+00:00,btc-updown-15m-1766642400,TRADE,DOWN,ACCUM,2,2,0.5002,1.0003,3,0.4700,4,0.5002,3,0.9702,0.0894,0.25,-0.4108,0.5892,0.0000,101.06,SUCCESS
2025-12-25T05:50:21.480923+00:00,btc-updown-15m-1766642400,TRADE,UP,ACCUM,3,3,0.4700,1.4101,6,0.4700,4,0.5002,4,0.9702,0.1191,0.33,-0.8210,1.1790,0.0000,99.65,SUCCESS
2025-12-25T05:50:26.883705+00:00,btc-updown-15m-1766642400,TRADE,DOWN,ACCUM,2,1,0.5002,0.5002,6,0.4700,5,0.5002,5,0.9702,0.1488,0.17,-0.3212,0.6788,0.0000,99.15,SUCCESS
2025-12-25T05:50:32.335384+00:00,btc-updown-15m-1766642400,TRADE,DOWN,ACCUM,2,2,0.5000,1.0001,6,0.4700,7,0.5002,6,0.9702,0.1789,0.14,-0.3213,0.6787,0.0000,98.15,SUCCESS
2025-12-25T05:50:37.762156+00:00,btc-updown-15m-1766642400,TRADE,UP,ACCUM,3,3,0.4700,1.4101,9,0.4700,7,0.5002,7,0.9702,0.2087,0.22,-0.7314,1.2686,0.0000,96.74,SUCCESS
2025-12-25T05:50:43.204904+00:00,btc-updown-15m-1766642400,TRADE,DOWN,ACCUM,2,2,0.5001,1.0002,9,0.4700,9,0.5001,9,0.9702,0.2685,0.00,0.2685,0.2685,0.0000,95.74,SUCCESS
2025-12-25T05:50:54.060043+00:00,btc-updown-15m-1766642400,TRADE,DOWN,ACCUM,2,2,0.5002,1.0005,9,0.4700,11,0.5002,9,0.9702,0.2683,0.18,-0.7320,1.2680,0.0000,94.74,SUCCESS
2025-12-25T05:50:59.457148+00:00,btc-updown-15m-1766642400,TRADE,UP,ACCUM,3,3,0.4702,1.4105,12,0.4701,11,0.5002,11,0.9702,0.3275,0.08,-0.1425,0.8575,0.0000,93.33,SUCCESS
2025-12-25T05:51:04.869332+00:00,btc-updown-15m-1766642400,TRADE,DOWN,ACCUM,2,2,0.4998,0.9995,12,0.4701,13,0.5001,12,0.9702,0.3581,0.08,-0.1420,0.8580,0.0000,92.33,SUCCESS
2025-12-25T05:51:10.286386+00:00,btc-updown-15m-1766642400,TRADE,UP,ACCUM,3,3,0.4702,1.4105,15,0.4701,13,0.5001,13,0.9702,0.3876,0.13,-0.5525,1.4475,0.0000,90.92,SUCCESS
2025-12-25T05:51:15.696036+00:00,btc-updown-15m-1766642400,TRADE,DOWN,ACCUM,2,2,0.5002,1.0004,15,0.4701,15,0.5001,15,0.9702,0.4470,0.00,0.4470,0.4470,0.0000,89.92,SUCCESS
2025-12-25T06:00:00.601004+00:00,btc-updown-15m-1766642400,RESOLUTION,DOWN,BINANCE_FALLBACK_SHARED,30,30,1.0000,14.5530,15,0.4701,15,0.5001,15,0.9702,0.4470,0.00,0.0000,0.0000,0.4470,104.92,RESOLVED
2025-12-25T06:06:57.281341+00:00,btc-updown-15m-1766643300,TRADE,UP,ACCUM,2,2,0.5001,1.0002,2,0.5001,0,0.0000,0,0.0000,0.0000,1.00,-1.0002,0.9998,0.0000,103.92,SUCCESS
2025-12-25T06:07:02.676795+00:00,btc-updown-15m-1766643300,TRADE,DOWN,ACCUM,3,3,0.4701,1.4104,2,0.5001,3,0.4701,2,0.9702,0.0595,0.33,-0.4106,0.5894,0.0000,102.51,SUCCESS
2025-12-25T06:07:08.106335+00:00,btc-updown-15m-1766643300,TRADE,UP,ACCUM,2,2,0.5002,1.0004,4,0.5001,3,0.4701,3,0.9703,0.0892,0.25,-0.4110,0.5890,0.0000,101.51,SUCCESS
2025-12-25T06:07:18.954171+00:00,btc-updown-15m-1766643300,TRADE,DOWN,ACCUM,3,3,0.4800,1.4400,4,0.5001,6,0.4751,4,0.9752,0.0991,0.33,-0.8510,1.1490,0.0000,100.07,SUCCESS
2025-12-25T06:07:29.787956+00:00,btc-updown-15m-1766643300,TRADE,UP,ACCUM,3,3,0.4902,1.4706,7,0.4959,6,0.4751,6,0.9710,0.1743,0.14,-0.3216,0.6784,0.0000,98.60,SUCCESS
2025-12-25T06:07:35.418940+00:00,btc-updown-15m-1766643300,TRADE,DOWN,ACCUM,3,3,0.4802,1.4407,7,0.4959,9,0.4768,7,0.9727,0.1913,0.22,-0.7623,1.2377,0.0000,97.16,SUCCESS
2025-12-25T06:07:51.737111+00:00,btc-updown-15m-1766643300,TRADE,UP,ACCUM,3,3,0.4901,1.4703,10,0.4941,9,0.4768,9,0.9709,0.2616,0.10,-0.2326,0.7674,0.0000,95.69,SUCCESS
2025-12-25T06:07:57.248354+00:00,btc-updown-15m-1766643300,TRADE,DOWN,ACCUM,3,3,0.4801,1.4403,10,0.4941,12,0.4776,10,0.9718,0.2824,0.17,-0.6729,1.3271,0.0000,94.25,SUCCESS
2025-12-25T06:08:02.651646+00:00,btc-updown-15m-1766643300,TRADE,UP,ACCUM,3,3,0.4900,1.4701,13,0.4932,12,0.4776,12,0.9708,0.3503,0.08,-0.1429,0.8571,0.0000,92.78,SUCCESS
2025-12-25T06:08:08.069074+00:00,btc-updown-15m-1766643300,TRADE,DOWN,ACCUM,3,3,0.4801,1.4404,13,0.4932,15,0.4781,13,0.9713,0.3729,0.13,-0.5833,1.4167,0.0000,91.34,SUCCESS
2025-12-25T06:08:13.515607+00:00,btc-updown-15m-1766643300,TRADE,UP,ACCUM,3,3,0.4901,1.4702,16,0.4926,15,0.4781,15,0.9707,0.4391,0.06,-0.0535,0.9465,0.0000,89.87,SUCCESS
2025-12-25T06:15:03.329823+00:00,btc-updown-15m-1766643300,RESOLUTION,DOWN,BINANCE_FALLBACK_SHARED,31,31,1.0000,15.0535,16,0.4926,15,0.4781,15,0.9707,0.4391,0.06,0.0000,0.0000,-0.0535,104.87,RESOLVED
2025-12-25T06:23:45.535501+00:00,btc-updown-15m-1766644200,TRADE,DOWN,ACCUM,2,1,0.5001,0.5001,0,0.0000,1,0.5001,0,0.0000,0.0000,1.00,-0.5001,0.4999,0.0000,104.37,SUCCESS
2025-12-25T06:23:51.050351+00:00,btc-updown-15m-1766644200,TRADE,UP,ACCUM,3,3,0.4702,1.4106,3,0.4702,1,0.5001,1,0.9703,0.0297,0.67,-0.9107,1.0893,0.0000,102.96,SUCCESS
2025-12-25T06:24:07.364594+00:00,btc-updown-15m-1766644200,TRADE,DOWN,ACCUM,2,2,0.5002,1.0004,3,0.4702,3,0.5002,3,0.9703,0.0890,0.00,0.0890,0.0890,0.0000,101.96,SUCCESS
2025-12-25T06:24:12.758277+00:00,btc-updown-15m-1766644200,TRADE,DOWN,ACCUM,2,2,0.5001,1.0001,3,0.4702,5,0.5001,3,0.9703,0.0891,0.40,-0.9112,1.0888,0.0000,100.96,SUCCESS
2025-12-25T06:24:23.661457+00:00,btc-updown-15m-1766644200,TRADE,UP,ACCUM,3,2,0.4701,0.9402,5,0.4701,5,0.5001,5,0.9703,0.1486,0.00,0.1486,0.1486,0.0000,100.02,SUCCESS
2025-12-25T06:24:29.116889+00:00,btc-updown-15m-1766644200,TRADE,DOWN,ACCUM,2,2,0.5002,1.0003,5,0.4701,7,0.5001,5,0.9703,0.1486,0.29,-0.8517,1.1483,0.0000,99.02,SUCCESS
2025-12-25T06:24:56.470395+00:00,btc-updown-15m-1766644200,TRADE,UP,ACCUM,3,3,0.4702,1.4105,8,0.4702,7,0.5001,7,0.9703,0.2080,0.12,-0.2622,0.7378,0.0000,97.61,SUCCESS
2025-12-25T06:25:01.872747+00:00,btc-updown-15m-1766644200,TRADE,DOWN,ACCUM,2,2,0.5151,1.0302,8,0.4702,9,0.5035,8,0.9736,0.2110,0.11,-0.2924,0.7076,0.0000,96.58,SUCCESS
2025-12-25T06:25:07.277240+00:00,btc-updown-15m-1766644200,TRADE,UP,ACCUM,3,3,0.4852,1.4557,11,0.4743,9,0.5035,9,0.9777,0.2004,0.18,-0.7481,1.2519,0.0000,95.12,SUCCESS
2025-12-25T06:25:12.686987+00:00,btc-updown-15m-1766644200,TRADE,DOWN,ACCUM,2,2,0.5252,1.0504,11,0.4743,11,0.5074,11,0.9817,0.2015,0.00,0.2015,0.2015,0.0000,94.07,SUCCESS
2025-12-25T06:25:18.105036+00:00,btc-updown-15m-1766644200,TRADE,DOWN,ACCUM,2,2,0.5251,1.0503,11,0.4743,13,0.5101,11,0.9844,0.1715,0.15,-0.8488,1.1512,0.0000,93.02,SUCCESS
2025-12-25T06:25:23.528564+00:00,btc-updown-15m-1766644200,TRADE,UP,ACCUM,3,1,0.4752,0.4752,12,0.4743,13,0.5101,12,0.9845,0.1862,0.08,-0.3240,0.6760,0.0000,92.54,SUCCESS
2025-12-25T06:25:28.933613+00:00,btc-updown-15m-1766644200,TRADE,UP,ACCUM,3,3,0.4750,1.4251,15,0.4745,13,0.5101,13,0.9846,0.1999,0.13,-0.7491,1.2509,0.0000,91.12,SUCCESS
2025-12-25T06:25:34.451055+00:00,btc-updown-15m-1766644200,TRADE,DOWN,ACCUM,2,2,0.5252,1.0503,15,0.4745,15,0.5121,15,0.9866,0.2006,0.00,0.2006,0.2006,0.0000,90.07,SUCCESS
2025-12-25T06:30:02.922904+00:00,btc-updown-15m-1766644200,RESOLUTION,UP,BINANCE_FALLBACK_SHARED,30,30,1.0000,14.7994,15,0.4745,15,0.5121,15,0.9866,0.2006,0.00,0.0000,0.0000,0.2006,105.07,RESOLVED
2025-12-25T06:35:46.540301+00:00,btc-updown-15m-1766644200,TRADE,UP,ACCUM,2,2,0.8852,1.7704,2,0.8852,0,0.0000,0,0.0000,0.0000,1.00,-1.7704,0.2296,0.0000,98.23,SUCCESS
2025-12-25T06:35:46.804622+00:00,btc-updown-15m-1766644200,RESOLUTION,UP,BINANCE_FALLBACK_SHARED,2,2,1.0000,1.7704,2,0.8852,0,0.0000,0,0.0000,0.0000,1.00,0.0000,0.0000,0.2296,100.23,RESOLVED
2025-12-25T06:35:56.120778+00:00,btc-updown-15m-1766645100,TRADE,DOWN,ACCUM,2,2,0.5101,1.0203,0,0.0000,2,0.5101,0,0.0000,0.0000,1.00,-1.0203,0.9797,0.0000,99.21,SUCCESS
2025-12-25T06:36:06.935921+00:00,btc-updown-15m-1766645100,TRADE,UP,ACCUM,3,3,0.4601,1.3802,3,0.4601,2,0.5101,2,0.9702,0.0596,0.33,-0.4005,0.5995,0.0000,97.83,SUCCESS
2025-12-25T06:36:17.965024+00:00,btc-updown-15m-1766645100,TRADE,DOWN,ACCUM,2,2,0.5202,1.0403,3,0.4601,4,0.5152,3,0.9752,0.0743,0.25,-0.4408,0.5592,0.0000,96.79,SUCCESS
2025-12-25T06:36:23.386421+00:00,btc-updown-15m-1766645100,TRADE,UP,ACCUM,3,3,0.4500,1.3501,6,0.4550,4,0.5152,4,0.9702,0.1192,0.33,-0.7909,1.2091,0.0000,95.44,SUCCESS
2025-12-25T06:36:28.844580+00:00,btc-updown-15m-1766645100,TRADE,DOWN,ACCUM,2,2,0.5200,1.0400,6,0.4550,6,0.5168,6,0.9718,0.1691,0.00,0.1691,0.1691,0.0000,94.40,SUCCESS
2025-12-25T06:36:34.271884+00:00,btc-updown-15m-1766645100,TRADE,DOWN,ACCUM,2,2,0.5202,1.0405,6,0.4550,8,0.5176,6,0.9727,0.1639,0.25,-0.8714,1.1286,0.0000,93.36,SUCCESS
2025-12-25T06:36:39.681363+00:00,btc-updown-15m-1766645100,TRADE,UP,ACCUM,3,3,0.4501,1.3502,9,0.4534,8,0.5176,8,0.9710,0.2318,0.11,-0.2216,0.7784,0.0000,92.01,SUCCESS
2025-12-25T06:36:45.190995+00:00,btc-updown-15m-1766645100,TRADE,DOWN,ACCUM,2,2,0.5201,1.0402,9,0.4534,10,0.5181,9,0.9715,0.2563,0.10,-0.2618,0.7382,0.0000,90.97,SUCCESS
2025-12-25T06:36:50.587875+00:00,btc-updown-15m-1766645100,TRADE,UP,ACCUM,3,3,0.4502,1.3507,12,0.4526,10,0.5181,10,0.9707,0.2927,0.17,-0.6125,1.3875,0.0000,89.62,SUCCESS
2025-12-25T06:37:06.967382+00:00,btc-updown-15m-1766645100,TRADE,DOWN,ACCUM,2,2,0.5201,1.0401,12,0.4526,12,0.5185,12,0.9711,0.3474,0.00,0.3474,0.3474,0.0000,88.58,SUCCESS
2025-12-25T06:37:12.391588+00:00,btc-updown-15m-1766645100,TRADE,DOWN,ACCUM,2,2,0.5201,1.0401,12,0.4526,14,0.5187,12,0.9713,0.3446,0.14,-0.6927,1.3073,0.0000,87.54,SUCCESS
2025-12-25T06:37:17.796283+00:00,btc-updown-15m-1766645100,TRADE,UP,ACCUM,3,3,0.4501,1.3504,15,0.4521,14,0.5187,14,0.9708,0.4090,0.07,-0.0431,0.9569,0.0000,86.19,SUCCESS
2025-12-25T06:37:23.334657+00:00,btc-updown-15m-1766645100,TRADE,DOWN,ACCUM,2,2,0.5199,1.0398,15,0.4521,16,0.5188,15,0.9709,0.4359,0.06,-0.0829,0.9171,0.0000,85.15,SUCCESS
2025-12-25T06:45:04.145673+00:00,btc-updown-15m-1766645100,RESOLUTION,UP,BINANCE_FALLBACK_SHARED,31,31,1.0000,15.0829,15,0.4521,16,0.5188,15,0.9709,0.4359,0.06,0.0000,0.0000,-0.0829,100.15,RESOLVED
2025-12-25T06:50:26.073973+00:00,btc-updown-15m-1766645100,TRADE,UP,ACCUM,2,2,0.8053,1.6107,2,0.8053,0,0.0000,0,0.0000,0.0000,1.00,-1.6107,0.3893,0.0000,98.39,SUCCESS
2025-12-25T06:50:26.333012+00:00,btc-updown-15m-1766645100,RESOLUTION,UP,BINANCE_FALLBACK_SHARED,2,2,1.0000,1.6107,2,0.8053,0,0.0000,0,0.0000,0.0000,1.00,0.0000,0.0000,0.3893,100.39,RESOLVED
2025-12-25T06:50:34.509735+00:00,btc-updown-15m-1766646000,TRADE,DOWN,ACCUM,2,2,0.5102,1.0204,0,0.0000,2,0.5102,0,0.0000,0.0000,1.00,-1.0204,0.9796,0.0000,99.37,SUCCESS
2025-12-25T06:50:39.922106+00:00,btc-updown-15m-1766646000,TRADE,UP,ACCUM,3,3,0.4601,1.3802,3,0.4601,2,0.5102,2,0.9702,0.0595,0.33,-0.4005,0.5995,0.0000,97.99,SUCCESS
2025-12-25T06:50:51.016629+00:00,btc-updown-15m-1766646000,TRADE,DOWN,ACCUM,2,2,0.5101,1.0202,3,0.4601,4,0.5102,3,0.9702,0.0894,0.25,-0.4208,0.5792,0.0000,96.97,SUCCESS
2025-12-25T06:50:56.434351+00:00,btc-updown-15m-1766646000,TRADE,UP,ACCUM,3,3,0.4602,1.3806,6,0.4601,4,0.5102,4,0.9703,0.1189,0.33,-0.8014,1.1986,0.0000,95.59,SUCCESS
2025-12-25T06:51:07.355444+00:00,btc-updown-15m-1766646000,TRADE,DOWN,ACCUM,2,2,0.5101,1.0202,6,0.4601,6,0.5101,6,0.9703,0.1785,0.00,0.1785,0.1785,0.0000,94.57,SUCCESS
2025-12-25T06:51:12.791749+00:00,btc-updown-15m-1766646000,TRADE,DOWN,ACCUM,2,2,0.5102,1.0205,6,0.4601,8,0.5102,6,0.9703,0.1783,0.25,-0.8420,1.1580,0.0000,93.55,SUCCESS
2025-12-25T06:51:18.291817+00:00,btc-updown-15m-1766646000,TRADE,UP,ACCUM,3,3,0.4602,1.3806,9,0.4602,8,0.5102,8,0.9703,0.2375,0.11,-0.2226,0.7774,0.0000,92.17,SUCCESS
2025-12-25T06:51:23.741395+00:00,btc-updown-15m-1766646000,TRADE,DOWN,ACCUM,2,2,0.5200,1.0401,9,0.4602,10,0.5121,9,0.9723,0.2494,0.10,-0.2627,0.7373,0.0000,91.13,SUCCESS
2025-12-25T06:51:29.154562+00:00,btc-updown-15m-1766646000,TRADE,UP,ACCUM,3,3,0.4501,1.3503,12,0.4576,10,0.5121,10,0.9698,0.3023,0.17,-0.6130,1.3870,0.0000,89.78,SUCCESS
2025-12-25T06:51:40.239903+00:00,btc-updown-15m-1766646000,TRADE,DOWN,ACCUM,2,2,0.5202,1.0404,12,0.4576,12,0.5135,12,0.9711,0.3465,0.00,0.3465,0.3465,0.0000,88.74,SUCCESS
2025-12-25T06:51:51.268186+00:00,btc-updown-15m-1766646000,TRADE,DOWN,ACCUM,2,2,0.5100,1.0201,12,0.4576,14,0.5130,12,0.9706,0.3524,0.14,-0.6735,1.3265,0.0000,87.72,SUCCESS
2025-12-25T06:51:56.731250+00:00,btc-updown-15m-1766646000,TRADE,UP,ACCUM,3,3,0.4601,1.3803,15,0.4581,14,0.5130,14,0.9711,0.4043,0.07,-0.0539,0.9461,0.0000,86.34,SUCCESS
2025-12-25T06:52:02.220701+00:00,btc-updown-15m-1766646000,TRADE,DOWN,ACCUM,2,2,0.5102,1.0204,15,0.4581,16,0.5126,15,0.9708,0.4383,0.06,-0.0743,0.9257,0.0000,85.32,SUCCESS
2025-12-25T07:00:02.646425+00:00,btc-updown-15m-1766646000,RESOLUTION,UP,BINANCE_FALLBACK_SHARED,31,31,1.0000,15.0743,15,0.4581,16,0.5126,15,0.9708,0.4383,0.06,0.0000,0.0000,-0.0743,100.32,RESOLVED
2025-12-25T07:06:08.956860+00:00,btc-updown-15m-1766646900,TRADE,DOWN,ACCUM,2,2,0.5001,1.0002,0,0.0000,2,0.5001,0,0.0000,0.0000,1.00,-1.0002,0.9998,0.0000,99.31,SUCCESS
2025-12-25T07:06:14.529262+00:00,btc-updown-15m-1766646900,TRADE,UP,ACCUM,3,3,0.4702,1.4106,3,0.4702,2,0.5001,2,0.9703,0.0594,0.33,-0.4108,0.5892,0.0000,97.90,SUCCESS
2025-12-25T07:06:25.555143+00:00,btc-updown-15m-1766646900,TRADE,DOWN,ACCUM,3,3,0.4901,1.4703,3,0.4702,5,0.4941,3,0.9643,0.1071,0.40,-0.8812,1.1188,0.0000,96.43,SUCCESS
2025-12-25T07:06:31.000820+00:00,btc-updown-15m-1766646900,TRADE,UP,ACCUM,3,3,0.4800,1.4401,6,0.4751,5,0.4941,5,0.9692,0.1538,0.17,-0.3213,0.6787,0.0000,94.99,SUCCESS
2025-12-25T07:06:36.569390+00:00,btc-updown-15m-1766646900,TRADE,DOWN,ACCUM,3,2,0.4902,0.9803,6,0.4751,7,0.4930,6,0.9681,0.1913,0.14,-0.3017,0.6983,0.0000,94.01,SUCCESS
2025-12-25T07:06:42.023968+00:00,btc-updown-15m-1766646900,TRADE,UP,ACCUM,3,3,0.4801,1.4404,9,0.4768,7,0.4930,7,0.9698,0.2115,0.22,-0.7421,1.2579,0.0000,92.57,SUCCESS
2025-12-25T07:06:47.473971+00:00,btc-updown-15m-1766646900,TRADE,DOWN,ACCUM,3,3,0.4902,1.4707,9,0.4768,10,0.4922,9,0.9690,0.2794,0.10,-0.2128,0.7872,0.0000,91.10,SUCCESS
2025-12-25T07:06:52.921977+00:00,btc-updown-15m-1766646900,TRADE,UP,ACCUM,3,2,0.4802,0.9604,11,0.4774,10,0.4922,10,0.9696,0.3042,0.09,-0.1732,0.8268,0.0000,90.14,SUCCESS
2025-12-25T07:06:58.490933+00:00,btc-updown-15m-1766646900,TRADE,DOWN,ACCUM,3,3,0.4900,1.4701,11,0.4774,13,0.4917,11,0.9691,0.3400,0.15,-0.6433,1.3567,0.0000,88.67,SUCCESS
2025-12-25T07:07:04.030380+00:00,btc-updown-15m-1766646900,TRADE,UP,ACCUM,3,3,0.4801,1.4404,14,0.4780,13,0.4917,13,0.9697,0.3943,0.07,-0.0837,0.9163,0.0000,87.23,SUCCESS
2025-12-25T07:07:15.192339+00:00,btc-updown-15m-1766646900,TRADE,DOWN,ACCUM,3,3,0.4902,1.4705,14,0.4780,16,0.4914,14,0.9694,0.4286,0.12,-0.5542,1.4458,0.0000,85.76,SUCCESS
2025-12-25T07:07:31.542234+00:00,btc-updown-15m-1766646900,TRADE,UP,ACCUM,3,3,0.4800,1.4401,17,0.4784,16,0.4914,16,0.9697,0.4840,0.06,0.0057,1.0057,0.0000,84.32,SUCCESS
2025-12-25T07:15:01.994820+00:00,btc-updown-15m-1766646900,RESOLUTION,DOWN,BINANCE_FALLBACK_SHARED,33,33,1.0000,15.9943,17,0.4784,16,0.4914,16,0.9697,0.4840,0.06,0.0000,0.0000,0.0057,100.32,RESOLVED
2025-12-25T07:20:01.010058+00:00,btc-updown-15m-1766647800,TRADE,DOWN,ACCUM,2,2,0.5001,1.0001,0,0.0000,2,0.5001,0,0.0000,0.0000,1.00,-1.0001,0.9999,0.0000,99.32,SUCCESS
2025-12-25T07:20:06.593279+00:00,btc-updown-15m-1766647800,TRADE,UP,ACCUM,3,3,0.4700,1.4101,3,0.4700,2,0.5001,2,0.9701,0.0598,0.33,-0.4102,0.5898,0.0000,97.91,SUCCESS
2025-12-25T07:20:12.165356+00:00,btc-updown-15m-1766647800,TRADE,DOWN,ACCUM,2,2,0.5000,1.0001,3,0.4700,4,0.5000,3,0.9701,0.0897,0.25,-0.4103,0.5897,0.0000,96.91,SUCCESS
2025-12-25T07:20:17.625812+00:00,btc-updown-15m-1766647800,TRADE,UP,ACCUM,3,3,0.4701,1.4104,6,0.4701,4,0.5000,4,0.9701,0.1194,0.33,-0.8208,1.1792,0.0000,95.50,SUCCESS
2025-12-25T07:20:23.264141+00:00,btc-updown-15m-1766647800,TRADE,DOWN,ACCUM,2,2,0.5000,1.0000,6,0.4701,6,0.5000,6,0.9701,0.1792,0.00,0.1792,0.1792,0.0000,94.50,SUCCESS
2025-12-25T07:20:28.735865+00:00,btc-updown-15m-1766647800,TRADE,DOWN,ACCUM,2,2,0.5000,1.0000,6,0.4701,8,0.5000,6,0.9701,0.1793,0.25,-0.8208,1.1792,0.0000,93.50,SUCCESS
2025-12-25T07:20:34.216791+00:00,btc-updown-15m-1766647800,TRADE,UP,ACCUM,3,1,0.4701,0.4701,7,0.4701,8,0.5000,7,0.9701,0.2091,0.12,-0.2909,0.7091,0.0000,93.03,SUCCESS
2025-12-25T07:20:45.155573+00:00,btc-updown-15m-1766647800,TRADE,UP,ACCUM,3,3,0.4701,1.4103,10,0.4701,8,0.5000,8,0.9701,0.2390,0.20,-0.7012,1.2988,0.0000,91.62,SUCCESS
2025-12-25T07:21:01.600715+00:00,btc-updown-15m-1766647800,TRADE,DOWN,ACCUM,3,3,0.4800,1.4401,10,0.4701,11,0.4946,10,0.9647,0.3532,0.09,-0.1413,0.8587,0.0000,90.18,SUCCESS
2025-12-25T07:21:07.177961+00:00,btc-updown-15m-1766647800,TRADE,UP,ACCUM,3,3,0.4802,1.4407,13,0.4724,11,0.4946,11,0.9670,0.3629,0.15,-0.5820,1.4180,0.0000,88.74,SUCCESS
2025-12-25T07:21:12.655057+00:00,btc-updown-15m-1766647800,TRADE,DOWN,ACCUM,3,3,0.4802,1.4406,13,0.4724,14,0.4915,13,0.9639,0.4689,0.07,-0.0226,0.9774,0.0000,87.30,SUCCESS
2025-12-25T07:21:18.131026+00:00,btc-updown-15m-1766647800,TRADE,UP,ACCUM,3,3,0.4802,1.4407,16,0.4739,14,0.4915,14,0.9654,0.4845,0.12,-0.4633,1.5367,0.0000,85.86,SUCCESS
2025-12-25T07:21:29.052445+00:00,btc-updown-15m-1766647800,TRADE,DOWN,ACCUM,3,1,0.4900,0.4900,16,0.4739,15,0.4914,15,0.9653,0.5206,0.06,0.0467,1.0467,0.0000,85.37,SUCCESS
2025-12-25T07:30:04.500167+00:00,btc-updown-15m-1766647800,RESOLUTION,DOWN,BINANCE_FALLBACK_SHARED,31,31,1.0000,14.9533,16,0.4739,15,0.4914,15,0.9653,0.5206,0.06,0.0000,0.0000,0.0467,100.37,RESOLVED
2025-12-25T07:35:02.912743+00:00,btc-updown-15m-1766648700,TRADE,UP,ACCUM,2,1,0.4999,0.4999,1,0.4999,0,0.0000,0,0.0000,0.0000,1.00,-0.4999,0.5001,0.0000,99.87,SUCCESS
2025-12-25T07:35:08.347533+00:00,btc-updown-15m-1766648700,TRADE,DOWN,ACCUM,3,2,0.4701,0.9402,1,0.4999,2,0.4701,1,0.9700,0.0300,0.50,-0.4400,0.5600,0.0000,98.93,SUCCESS
2025-12-25T07:35:13.905362+00:00,btc-updown-15m-1766648700,TRADE,UP,ACCUM,2,2,0.4999,0.9998,3,0.4999,2,0.4701,2,0.9700,0.0601,0.33,-0.4398,0.5602,0.0000,97.93,SUCCESS
2025-12-25T07:35:19.364570+00:00,btc-updown-15m-1766648700,TRADE,DOWN,ACCUM,3,3,0.4701,1.4103,3,0.4999,5,0.4701,3,0.9700,0.0901,0.40,-0.8501,1.1499,0.0000,96.52,SUCCESS
2025-12-25T07:35:35.926441+00:00,btc-updown-15m-1766648700,TRADE,UP,ACCUM,2,2,0.5001,1.0001,5,0.5000,5,0.4701,5,0.9700,0.1498,0.00,0.1498,0.1498,0.0000,95.52,SUCCESS
2025-12-25T07:35:41.405633+00:00,btc-updown-15m-1766648700,TRADE,UP,ACCUM,2,2,0.5001,1.0003,7,0.5000,5,0.4701,5,0.9701,0.1495,0.29,-0.8505,1.1495,0.0000,94.52,SUCCESS
2025-12-25T07:35:46.881294+00:00,btc-updown-15m-1766648700,TRADE,DOWN,ACCUM,3,3,0.4701,1.4104,7,0.5000,8,0.4701,7,0.9701,0.2092,0.12,-0.2609,0.7391,0.0000,93.11,SUCCESS
2025-12-25T07:35:52.328634+00:00,btc-updown-15m-1766648700,TRADE,UP,ACCUM,2,2,0.5001,1.0002,9,0.5000,8,0.4701,8,0.9701,0.2389,0.11,-0.2611,0.7389,0.0000,92.11,SUCCESS
2025-12-25T07:36:08.840032+00:00,btc-updown-15m-1766648700,TRADE,DOWN,ACCUM,3,3,0.4801,1.4403,9,0.5000,11,0.4728,9,0.9729,0.2443,0.18,-0.7014,1.2986,0.0000,90.67,SUCCESS
2025-12-25T07:36:14.352086+00:00,btc-updown-15m-1766648700,TRADE,UP,ACCUM,3,3,0.4901,1.4704,12,0.4976,11,0.4728,11,0.9704,0.3258,0.08,-0.1718,0.8282,0.0000,89.20,SUCCESS
2025-12-25T07:36:25.421738+00:00,btc-updown-15m-1766648700,TRADE,DOWN,ACCUM,3,3,0.4802,1.4407,12,0.4976,14,0.4744,12,0.9720,0.3364,0.14,-0.6124,1.3876,0.0000,87.75,SUCCESS
2025-12-25T07:36:30.911295+00:00,btc-updown-15m-1766648700,TRADE,UP,ACCUM,3,3,0.4902,1.4705,15,0.4961,14,0.4744,14,0.9705,0.4132,0.07,-0.0829,0.9171,0.0000,86.28,SUCCESS
2025-12-25T07:36:36.471572+00:00,btc-updown-15m-1766648700,TRADE,DOWN,ACCUM,3,3,0.4802,1.4406,15,0.4961,17,0.4754,15,0.9715,0.4274,0.12,-0.5235,1.4765,0.0000,84.84,SUCCESS
